seed,method,window_id,regime_id,n_samples,macro_f1,accuracy,precision,recall,tp,fp,fn,tn,cm_json,adaptation_cpu_sec,prediction_cpu_sec,is_retrain,is_reuse,is_refresh
44,Frozen,36,1,500,0.49341438703140833,0.974,0.5,0.487,487,13,13,-13,"[[487, 13, 0], [0, 0, 0], [0, 0, 0]]",0.0,0.006200974000023507,0,0,0
44,Frozen,37,1,500,0.13194444444444445,0.152,0.5,0.076,76,424,424,-424,"[[0, 0, 0], [424, 76, 0], [0, 0, 0]]",0.0,0.005725032999976065,0,0,0
44,Frozen,38,1,500,0.49849548645937813,0.994,0.5,0.497,497,3,3,-3,"[[497, 0, 3], [0, 0, 0], [0, 0, 0]]",0.0,0.006458505000011883,0,0,0
44,Frozen,39,1,500,0.0,0.0,0.0,0.0,0,500,500,-500,"[[0, 0, 0], [497, 0, 3], [0, 0, 0]]",0.0,0.005538093000041044,0,0,0
44,Frozen,40,1,500,0.0,0.0,0.0,0.0,0,500,500,-500,"[[0, 0, 0], [499, 0, 1], [0, 0, 0]]",0.0,0.005533183000011377,0,0,0
44,Frozen,41,1,500,0.059502125075895564,0.098,0.3333333333333333,0.03266666666666667,49,451,451,-451,"[[0, 0, 0], [0, 0, 0], [245, 206, 49]]",0.0,0.005676964000031148,0,0,0
44,Frozen,42,1,500,0.2149954832881662,0.476,0.3333333333333333,0.15866666666666665,238,262,262,-262,"[[238, 237, 25], [0, 0, 0], [0, 0, 0]]",0.0,0.005985524000038822,0,0,0
44,Frozen,43,1,500,0.1474558670820353,0.284,0.3333333333333333,0.09466666666666666,142,358,358,-358,"[[142, 147, 211], [0, 0, 0], [0, 0, 0]]",0.0,0.005652803000032236,0,0,0
44,Frozen,44,1,500,0.24895572263993315,0.596,0.3333333333333333,0.19866666666666666,298,202,202,-202,"[[298, 22, 180], [0, 0, 0], [0, 0, 0]]",0.0,0.005381241999998565,0,0,0
44,Frozen,45,1,500,0.2870159453302961,0.756,0.3333333333333333,0.252,378,122,122,-122,"[[378, 64, 58], [0, 0, 0], [0, 0, 0]]",0.0,0.0056549629999835815,0,0,0
44,Frozen,46,1,500,0.3157894736842105,0.9,0.3333333333333333,0.3,450,50,50,-50,"[[450, 1, 49], [0, 0, 0], [0, 0, 0]]",0.0,0.005531383000004553,0,0,0
44,Frozen,47,1,500,0.4979919678714859,0.992,0.5,0.496,496,4,4,-4,"[[496, 0, 4], [0, 0, 0], [0, 0, 0]]",0.0,0.005378871999994317,0,0,0
44,Frozen,48,1,500,0.3172606568832984,0.908,0.3333333333333333,0.3026666666666667,454,46,46,-46,"[[454, 12, 34], [0, 0, 0], [0, 0, 0]]",0.0,0.005528053000034561,0,0,0
44,Frozen,49,1,500,0.22864651773981604,0.522,0.3333333333333333,0.17400000000000002,261,239,239,-239,"[[261, 17, 222], [0, 0, 0], [0, 0, 0]]",0.0,0.005468793000034111,0,0,0
44,Frozen,50,1,500,0.27588901914810476,0.706,0.3333333333333333,0.2353333333333333,353,147,147,-147,"[[353, 88, 59], [0, 0, 0], [0, 0, 0]]",0.0,0.005638662999956523,0,0,0
44,Frozen,51,1,500,0.32088520055325037,0.928,0.3333333333333333,0.30933333333333335,464,36,36,-36,"[[464, 1, 35], [0, 0, 0], [0, 0, 0]]",0.0,0.005442263000020375,0,0,0
44,Frozen,52,1,500,0.49849548645937813,0.994,0.5,0.497,497,3,3,-3,"[[497, 0, 3], [0, 0, 0], [0, 0, 0]]",0.0,0.007484586999964904,0,0,0
44,Frozen,53,1,500,0.2586699306405549,0.634,0.3333333333333333,0.21133333333333335,317,183,183,-183,"[[317, 97, 86], [0, 0, 0], [0, 0, 0]]",0.0,0.005539342999952623,0,0,0
44,Frozen,54,1,500,0.3109213802917111,0.874,0.3333333333333333,0.29133333333333333,437,63,63,-63,"[[437, 26, 37], [0, 0, 0], [0, 0, 0]]",0.0,0.005397232999996504,0,0,0
44,Frozen,55,1,500,0.4994994994994995,0.998,0.5,0.499,499,1,1,-1,"[[499, 0, 1], [0, 0, 0], [0, 0, 0]]",0.0,0.005430751999995209,0,0,0
44,Frozen,56,1,500,0.4994994994994995,0.998,0.5,0.499,499,1,1,-1,"[[499, 0, 1], [0, 0, 0], [0, 0, 0]]",0.0,0.0053203620000203955,0,0,0
44,Frozen,57,1,500,0.30977872947894364,0.868,0.3333333333333333,0.28933333333333333,434,66,66,-66,"[[434, 53, 13], [0, 0, 0], [0, 0, 0]]",0.0,0.005731072999992648,0,0,0
44,Frozen,58,1,500,0.1750245821042281,0.356,0.3333333333333333,0.11866666666666666,178,322,322,-322,"[[0, 0, 0], [94, 178, 228], [0, 0, 0]]",0.0,0.005542933000015182,0,0,0
44,Frozen,59,1,500,0.31016042780748665,0.87,0.3333333333333333,0.29,435,65,65,-65,"[[435, 21, 44], [0, 0, 0], [0, 0, 0]]",0.0,0.005654472999992777,0,0,0
44,Frozen,60,1,500,0.49899799599198397,0.996,0.5,0.498,498,2,2,-2,"[[498, 0, 2], [0, 0, 0], [0, 0, 0]]",0.0,0.005645722999986447,0,0,0
44,Frozen,61,1,500,0.3247863247863248,0.95,0.3333333333333333,0.31666666666666665,475,25,25,-25,"[[475, 19, 6], [0, 0, 0], [0, 0, 0]]",0.0,0.005561272999955236,0,0,0
44,Frozen,62,1,500,1.0,1.0,1.0,1.0,500,0,0,0,"[[500, 0, 0], [0, 0, 0], [0, 0, 0]]",0.0,0.005451383000036003,0,0,0
44,Frozen,63,1,500,0.33266533066132264,0.996,0.3333333333333333,0.332,498,2,2,-2,"[[498, 1, 1], [0, 0, 0], [0, 0, 0]]",0.0,0.005353213000034884,0,0,0
44,Frozen,64,1,500,0.4994994994994995,0.998,0.5,0.499,499,1,1,-1,"[[499, 1, 0], [0, 0, 0], [0, 0, 0]]",0.0,0.005346631999998408,0,0,0
44,Frozen,65,1,500,1.0,1.0,1.0,1.0,500,0,0,0,"[[500, 0, 0], [0, 0, 0], [0, 0, 0]]",0.0,0.005304522000017187,0,0,0
44,Frozen,66,1,500,0.33132126089872566,0.988,0.3333333333333333,0.3293333333333333,494,6,6,-6,"[[494, 4, 2], [0, 0, 0], [0, 0, 0]]",0.0,0.006266254999957255,0,0,0
44,Frozen,67,1,500,1.0,1.0,1.0,1.0,500,0,0,0,"[[500, 0, 0], [0, 0, 0], [0, 0, 0]]",0.0,0.00523249200000464,0,0,0
44,Frozen,68,1,500,1.0,1.0,1.0,1.0,500,0,0,0,"[[500, 0, 0], [0, 0, 0], [0, 0, 0]]",0.0,0.005291441999986546,0,0,0
44,Frozen,69,1,500,0.001996007984031936,0.002,0.5,0.001,1,499,499,-499,"[[0, 0, 0], [499, 1, 0], [0, 0, 0]]",0.0,0.005677093000031164,0,0,0
44,Frozen,70,3,500,0.015748031496062992,0.016,0.5,0.008,8,492,492,-492,"[[0, 0, 0], [492, 8, 0], [0, 0, 0]]",0.0,0.005824552999968091,0,0,0
44,Frozen,71,3,500,0.11504424778761062,0.13,0.5,0.065,65,435,435,-435,"[[0, 0, 0], [435, 65, 0], [0, 0, 0]]",0.0,0.005926164000015888,0,0,0
44,Frozen,72,3,500,0.20508744038155802,0.258,0.5,0.129,129,371,371,-371,"[[0, 0, 0], [371, 129, 0], [0, 0, 0]]",0.0,0.00575138300001754,0,0,0
44,Frozen,73,3,500,0.20382165605095542,0.256,0.5,0.128,128,372,372,-372,"[[0, 0, 0], [372, 128, 0], [0, 0, 0]]",0.0,0.00579319299998815,0,0,0
44,Frozen,74,3,500,0.0196078431372549,0.02,0.5,0.01,10,490,490,-490,"[[0, 0, 0], [490, 10, 0], [0, 0, 0]]",0.0,0.0057453430000009575,0,0,0
44,Frozen,75,3,500,0.0421455938697318,0.044,0.5,0.022,22,478,478,-478,"[[0, 0, 0], [478, 22, 0], [0, 0, 0]]",0.0,0.005530432000000474,0,0,0
44,Frozen,76,3,500,0.005964214711729622,0.006,0.5,0.003,3,497,497,-497,"[[0, 0, 0], [497, 3, 0], [0, 0, 0]]",0.0,0.005488282999976946,0,0,0
44,Frozen,77,3,500,0.08592321755027423,0.094,0.5,0.047,47,453,453,-453,"[[0, 0, 0], [453, 47, 0], [0, 0, 0]]",0.0,0.00560651300003201,0,0,0
44,Frozen,78,3,500,0.011857707509881422,0.012,0.5,0.006,6,494,494,-494,"[[0, 0, 0], [494, 6, 0], [0, 0, 0]]",0.0,0.00539076299997987,0,0,0
44,Frozen,79,3,500,0.0,0.0,0.0,0.0,0,500,500,-500,"[[0, 0, 0], [0, 0, 0], [470, 30, 0]]",0.0,0.005542633000004571,0,0,0
44,Frozen,80,3,500,0.20634920634920634,0.26,0.5,0.13,130,370,370,-370,"[[0, 0, 0], [370, 130, 0], [0, 0, 0]]",0.0,0.0056142029999932674,0,0,0
44,Frozen,81,3,500,0.038461538461538464,0.04,0.5,0.02,20,480,480,-480,"[[0, 0, 0], [480, 20, 0], [0, 0, 0]]",0.0,0.005647353000028943,0,0,0
44,Frozen,82,3,500,0.005291005291005291,0.008,0.3333333333333333,0.0026666666666666666,4,496,496,-496,"[[0, 0, 0], [0, 0, 0], [338, 158, 4]]",0.0,0.00553679199998669,0,0,0
44,Frozen,83,1,500,0.272655634357762,0.692,0.3333333333333333,0.23066666666666666,346,154,154,-154,"[[346, 130, 24], [0, 0, 0], [0, 0, 0]]",0.0,0.005537021999998615,0,0,0
44,Frozen,84,1,500,0.316894018887723,0.906,0.3333333333333333,0.302,453,47,47,-47,"[[453, 4, 43], [0, 0, 0], [0, 0, 0]]",0.0,0.005473482000013519,0,0,0
44,Frozen,85,1,500,0.12021857923497269,0.22,0.3333333333333333,0.07333333333333333,110,390,390,-390,"[[0, 0, 0], [0, 0, 0], [360, 30, 110]]",0.0,0.005493483000009292,0,0,0
44,Frozen,86,1,500,0.06498194945848375,0.108,0.3333333333333333,0.036,54,446,446,-446,"[[0, 0, 0], [321, 54, 125], [0, 0, 0]]",0.0,0.005764094000028308,0,0,0
44,Frozen,87,1,500,0.427262313860252,0.746,0.5,0.373,373,127,127,-127,"[[373, 127, 0], [0, 0, 0], [0, 0, 0]]",0.0,0.005739303999973799,0,0,0
44,Frozen,88,1,500,1.0,1.0,1.0,1.0,500,0,0,0,"[[500, 0, 0], [0, 0, 0], [0, 0, 0]]",0.0,0.005541433000018969,0,0,0
44,Frozen,89,1,500,0.3135593220338983,0.888,0.3333333333333333,0.296,444,56,56,-56,"[[444, 33, 23], [0, 0, 0], [0, 0, 0]]",0.0,0.0056377729999894655,0,0,0
44,Frozen,90,1,500,0.49031600407747195,0.962,0.5,0.481,481,19,19,-19,"[[481, 0, 19], [0, 0, 0], [0, 0, 0]]",0.0,0.005406413000002885,0,0,0
44,Frozen,91,1,500,0.32160110420979987,0.932,0.3333333333333333,0.3106666666666667,466,34,34,-34,"[[466, 2, 32], [0, 0, 0], [0, 0, 0]]",0.0,0.006136013999991974,0,0,0
44,Frozen,92,1,500,0.0,0.0,0.0,0.0,0,500,500,-500,"[[0, 0, 0], [0, 0, 0], [497, 3, 0]]",0.0,0.0055329229999756535,0,0,0
44,Frozen,93,1,500,0.43820224719101125,0.78,0.5,0.39,390,110,110,-110,"[[390, 110, 0], [0, 0, 0], [0, 0, 0]]",0.0,0.00570963299998084,0,0,0
44,Frozen,94,1,500,0.4407158836689038,0.788,0.5,0.394,394,106,106,-106,"[[394, 106, 0], [0, 0, 0], [0, 0, 0]]",0.0,0.005536312000003818,0,0,0
44,Frozen,95,1,500,0.0,0.0,0.0,0.0,0,500,500,-500,"[[0, 0, 0], [0, 0, 0], [185, 315, 0]]",0.0,0.0054307920000269405,0,0,0
44,Frozen,96,1,500,0.0,0.0,0.0,0.0,0,500,500,-500,"[[0, 0, 0], [0, 0, 0], [461, 39, 0]]",0.0,0.005621773000029862,0,0,0
44,Frozen,97,1,500,0.26253687315634217,0.356,0.5,0.178,178,322,322,-322,"[[0, 0, 0], [322, 178, 0], [0, 0, 0]]",0.0,0.0056454730000154996,0,0,0
44,Frozen,98,1,500,0.2897727272727273,0.408,0.5,0.204,204,296,296,-296,"[[0, 0, 0], [296, 204, 0], [0, 0, 0]]",0.0,0.005663453000011032,0,0,0
44,Frozen,99,1,500,0.4731296101159115,0.898,0.5,0.449,449,51,51,-51,"[[449, 51, 0], [0, 0, 0], [0, 0, 0]]",0.0,0.005570862000013221,0,0,0
44,Frozen,100,1,500,0.4824016563146998,0.932,0.5,0.466,466,34,34,-34,"[[466, 34, 0], [0, 0, 0], [0, 0, 0]]",0.0,0.005774053000038748,0,0,0
44,Frozen,101,1,500,0.4797086368366285,0.922,0.5,0.461,461,39,39,-39,"[[461, 39, 0], [0, 0, 0], [0, 0, 0]]",0.0,0.005633382999974401,0,0,0
44,Frozen,102,1,500,0.49899799599198397,0.996,0.5,0.498,498,2,2,-2,"[[498, 2, 0], [0, 0, 0], [0, 0, 0]]",0.0,0.005615173000023788,0,0,0
44,Frozen,103,1,500,0.013806706114398421,0.014,0.5,0.007,7,493,493,-493,"[[0, 0, 0], [493, 7, 0], [0, 0, 0]]",0.0,0.005667864000031386,0,0,0
44,Frozen,104,1,500,0.009900990099009901,0.01,0.5,0.005,5,495,495,-495,"[[0, 0, 0], [495, 5, 0], [0, 0, 0]]",0.0,0.005762073000028067,0,0,0
44,Frozen,105,1,500,0.34980494148244473,0.538,0.5,0.269,269,231,231,-231,"[[0, 0, 0], [231, 269, 0], [0, 0, 0]]",0.0,0.005838674000017363,0,0,0
44,Frozen,106,1,500,0.0,0.0,0.0,0.0,0,500,500,-500,"[[0, 0, 0], [0, 0, 0], [227, 273, 0]]",0.0,0.006145764999985204,0,0,0
44,Frozen,107,1,500,0.3131868131868132,0.456,0.5,0.228,228,272,272,-272,"[[0, 0, 0], [272, 228, 0], [0, 0, 0]]",0.0,0.006120744000043032,0,0,0
44,Frozen,108,1,500,0.13644214162348878,0.158,0.5,0.079,79,421,421,-421,"[[79, 421, 0], [0, 0, 0], [0, 0, 0]]",0.0,0.006237554999984241,0,0,0
44,Frozen,109,2,500,0.21752738654147105,0.278,0.5,0.139,139,361,361,-361,"[[139, 361, 0], [0, 0, 0], [0, 0, 0]]",0.0,0.005988053999999465,0,0,0
44,Frozen,110,1,500,0.24012158054711247,0.316,0.5,0.158,158,342,342,-342,"[[0, 0, 0], [342, 158, 0], [0, 0, 0]]",0.0,0.005627193000009356,0,0,0
44,Frozen,111,1,500,0.0,0.0,0.0,0.0,0,500,500,-500,"[[0, 0, 0], [0, 0, 0], [78, 422, 0]]",0.0,0.006049302999997508,0,0,0
44,Frozen,112,1,500,0.3880048959608323,0.634,0.5,0.317,317,183,183,-183,"[[0, 0, 0], [183, 317, 0], [0, 0, 0]]",0.0,0.005728383000018766,0,0,0
44,Frozen,113,2,500,0.0,0.0,0.0,0.0,0,500,500,-500,"[[0, 0, 0], [0, 0, 0], [181, 319, 0]]",0.0,0.005691302999991876,0,0,0
44,Frozen,114,2,500,0.0,0.0,0.0,0.0,0,500,500,-500,"[[0, 0, 0], [0, 0, 0], [54, 446, 0]]",0.0,0.005461512000010771,0,0,0
44,Frozen,115,2,500,0.0,0.0,0.0,0.0,0,500,500,-500,"[[0, 0, 0], [0, 0, 0], [300, 200, 0]]",0.0,0.005636122999987947,0,0,0
44,Frozen,116,2,500,0.1166077738515901,0.132,0.5,0.066,66,434,434,-434,"[[66, 434, 0], [0, 0, 0], [0, 0, 0]]",0.0,0.005519562999950267,0,0,0
44,Frozen,117,1,500,0.027237354085603113,0.028,0.5,0.014,14,486,486,-486,"[[14, 486, 0], [0, 0, 0], [0, 0, 0]]",0.0,0.00536301300002151,0,0,0
44,Frozen,118,1,500,0.003976143141153081,0.006,0.3333333333333333,0.002,3,497,497,-497,"[[0, 0, 0], [0, 0, 0], [224, 273, 3]]",0.0,0.005470342999956301,0,0,0
44,Frozen,119,2,500,0.024405908798972382,0.038,0.3333333333333333,0.012666666666666666,19,481,481,-481,"[[0, 0, 0], [0, 0, 0], [407, 74, 19]]",0.0,0.006986355999970328,0,0,0
44,Frozen,120,2,500,0.4110718492343934,0.698,0.5,0.349,349,151,151,-151,"[[349, 151, 0], [0, 0, 0], [0, 0, 0]]",0.0,0.00750936700001148,0,0,0
44,Frozen,121,1,500,0.49443882709807885,0.978,0.5,0.489,489,11,11,-11,"[[489, 11, 0], [0, 0, 0], [0, 0, 0]]",0.0,0.0053994820000298205,0,0,0
44,Frozen,122,1,500,1.0,1.0,1.0,1.0,500,0,0,0,"[[500, 0, 0], [0, 0, 0], [0, 0, 0]]",0.0,0.005287581999994018,0,0,0
44,Frozen,123,1,500,0.49341438703140833,0.974,0.5,0.487,487,13,13,-13,"[[487, 13, 0], [0, 0, 0], [0, 0, 0]]",0.0,0.005274412000005668,0,0,0
44,Frozen,124,1,500,1.0,1.0,1.0,1.0,500,0,0,0,"[[500, 0, 0], [0, 0, 0], [0, 0, 0]]",0.0,0.005251622000002953,0,0,0
44,Frozen,125,1,500,0.3670886075949367,0.58,0.5,0.29,290,210,210,-210,"[[290, 210, 0], [0, 0, 0], [0, 0, 0]]",0.0,0.005544302999965112,0,0,0
44,Frozen,126,1,500,0.3686868686868687,0.584,0.5,0.292,292,208,208,-208,"[[292, 208, 0], [0, 0, 0], [0, 0, 0]]",0.0,0.005771163000019897,0,0,0
44,Frozen,127,1,500,0.46977730646871685,0.886,0.5,0.443,443,57,57,-57,"[[443, 57, 0], [0, 0, 0], [0, 0, 0]]",0.0,0.0056692129999760255,0,0,0
44,Frozen,128,1,500,0.47478991596638653,0.904,0.5,0.452,452,48,48,-48,"[[452, 48, 0], [0, 0, 0], [0, 0, 0]]",0.0,0.005553222999992613,0,0,0
44,Frozen,129,1,500,0.46977730646871685,0.886,0.5,0.443,443,57,57,-57,"[[443, 57, 0], [0, 0, 0], [0, 0, 0]]",0.0,0.005517422999957944,0,0,0
44,Frozen,130,1,500,0.2,0.25,0.5,0.125,125,375,375,-375,"[[0, 0, 0], [375, 125, 0], [0, 0, 0]]",0.0,0.0055497330000093825,0,0,0
44,Frozen,131,1,500,0.28658304827061953,0.754,0.3333333333333333,0.25133333333333335,377,123,123,-123,"[[0, 0, 0], [111, 377, 12], [0, 0, 0]]",0.0,0.005716804000030606,0,0,0
44,Frozen,132,1,500,0.32124352331606215,0.93,0.3333333333333333,0.31,465,35,35,-35,"[[0, 0, 0], [33, 465, 2], [0, 0, 0]]",0.0,0.005602222999982587,0,0,0
44,Frozen,133,1,500,0.2857142857142857,0.75,0.3333333333333333,0.25,375,125,125,-125,"[[0, 0, 0], [94, 375, 31], [0, 0, 0]]",0.0,0.005652973000053407,0,0,0
44,Frozen,134,1,500,0.026871401151631478,0.042,0.3333333333333333,0.014,21,479,479,-479,"[[0, 0, 0], [0, 0, 0], [104, 375, 21]]",0.0,0.00559140299998262,0,0,0
44,Frozen,135,1,500,0.16691654172913542,0.334,0.3333333333333333,0.11133333333333334,167,333,333,-333,"[[167, 329, 4], [0, 0, 0], [0, 0, 0]]",0.0,0.005703392999976131,0,0,0
44,Frozen,136,1,500,0.2887624466571835,0.406,0.5,0.203,203,297,297,-297,"[[0, 0, 0], [297, 203, 0], [0, 0, 0]]",0.0,0.005537111999956323,0,0,0
44,Frozen,137,1,500,0.437570303712036,0.778,0.5,0.389,389,111,111,-111,"[[389, 111, 0], [0, 0, 0], [0, 0, 0]]",0.0,0.005850784000017484,0,0,0
44,Frozen,138,1,500,0.0,0.0,0.0,0.0,0,500,500,-500,"[[0, 0, 0], [0, 0, 0], [436, 64, 0]]",0.0,0.005562763000000359,0,0,0
44,Frozen,139,1,500,0.0,0.0,0.0,0.0,0,500,500,-500,"[[0, 0, 0], [0, 0, 0], [263, 237, 0]]",0.0,0.005423292999978457,0,0,0
44,Frozen,140,1,500,0.3909866017052375,0.642,0.5,0.321,321,179,179,-179,"[[321, 179, 0], [0, 0, 0], [0, 0, 0]]",0.0,0.0055798129999971025,0,0,0
44,Frozen,141,1,500,0.30362116991643456,0.436,0.5,0.218,218,282,282,-282,"[[0, 0, 0], [282, 218, 0], [0, 0, 0]]",0.0,0.005603172999997241,0,0,0
44,Frozen,142,1,500,0.0,0.0,0.0,0.0,0,500,500,-500,"[[0, 0, 0], [0, 0, 0], [93, 407, 0]]",0.0,0.0055409430000281645,0,0,0
44,Frozen,143,1,500,0.31693989071038253,0.464,0.5,0.232,232,268,268,-268,"[[0, 0, 0], [268, 232, 0], [0, 0, 0]]",0.0,0.005472603000043819,0,0,0
44,Frozen,144,1,500,0.3564993564993565,0.554,0.5,0.277,277,223,223,-223,"[[0, 0, 0], [223, 277, 0], [0, 0, 0]]",0.0,0.005423462999999629,0,0,0
44,Frozen,145,1,500,0.39903846153846156,0.664,0.5,0.332,332,168,168,-168,"[[0, 0, 0], [168, 332, 0], [0, 0, 0]]",0.0,0.005559043000005204,0,0,0
44,Frozen,146,1,500,0.2138364779874214,0.272,0.5,0.136,136,364,364,-364,"[[136, 364, 0], [0, 0, 0], [0, 0, 0]]",0.0,0.005687183000020468,0,0,0
44,Frozen,147,1,500,0.4311717861205916,0.758,0.5,0.379,379,121,121,-121,"[[379, 121, 0], [0, 0, 0], [0, 0, 0]]",0.0,0.0055603520000317985,0,0,0
44,Frozen,148,1,500,0.23547400611620795,0.308,0.5,0.154,154,346,346,-346,"[[154, 346, 0], [0, 0, 0], [0, 0, 0]]",0.0,0.005670703000021149,0,0,0
44,Frozen,149,1,500,0.08424908424908426,0.092,0.5,0.046,46,454,454,-454,"[[0, 0, 0], [454, 46, 0], [0, 0, 0]]",0.0,0.0054876229999649695,0,0,0
44,Frozen,150,1,500,0.18357487922705315,0.38,0.3333333333333333,0.12666666666666668,190,310,310,-310,"[[190, 296, 14], [0, 0, 0], [0, 0, 0]]",0.0,0.005713473000014346,0,0,0
44,Frozen,151,1,500,0.15930999492643327,0.314,0.3333333333333333,0.10466666666666667,157,343,343,-343,"[[0, 0, 0], [0, 0, 0], [155, 188, 157]]",0.0,0.005595132999985708,0,0,0
44,Frozen,152,1,500,0.0,0.0,0.0,0.0,0,500,500,-500,"[[0, 0, 0], [0, 0, 0], [109, 391, 0]]",0.0,0.005522653000014088,0,0,0
44,Frozen,153,1,500,0.15698267074413863,0.308,0.3333333333333333,0.10266666666666667,154,346,346,-346,"[[0, 0, 0], [318, 154, 28], [0, 0, 0]]",0.0,0.005510582999988856,0,0,0
44,Frozen,154,1,500,0.45115257958287597,0.822,0.5,0.411,411,89,89,-89,"[[411, 89, 0], [0, 0, 0], [0, 0, 0]]",0.0,0.005559552999955031,0,0,0
44,Frozen,155,1,500,1.0,1.0,1.0,1.0,500,0,0,0,"[[500, 0, 0], [0, 0, 0], [0, 0, 0]]",0.0,0.005401642999970591,0,0,0
44,Frozen,156,1,500,0.4979919678714859,0.992,0.5,0.496,496,4,4,-4,"[[496, 4, 0], [0, 0, 0], [0, 0, 0]]",0.0,0.005760264000002735,0,0,0
44,Frozen,157,1,500,1.0,1.0,1.0,1.0,500,0,0,0,"[[500, 0, 0], [0, 0, 0], [0, 0, 0]]",0.0,0.005235721999952148,0,0,0
44,Frozen,158,1,500,1.0,1.0,1.0,1.0,500,0,0,0,"[[500, 0, 0], [0, 0, 0], [0, 0, 0]]",0.0,0.005255751999982294,0,0,0
44,Frozen,159,1,500,0.013071895424836602,0.02,0.3333333333333333,0.006666666666666667,10,490,490,-490,"[[0, 0, 0], [360, 10, 130], [0, 0, 0]]",0.0,0.005514562999962891,0,0,0
44,Frozen,160,3,500,0.04938271604938271,0.08,0.3333333333333333,0.02666666666666667,40,460,460,-460,"[[0, 0, 0], [429, 40, 31], [0, 0, 0]]",0.0,0.005588542999987567,0,0,0
44,Frozen,161,3,500,0.10738255033557047,0.192,0.3333333333333333,0.064,96,404,404,-404,"[[0, 0, 0], [392, 96, 12], [0, 0, 0]]",0.0,0.005560843000012028,0,0,0
44,Frozen,162,3,500,0.07142857142857142,0.12,0.3333333333333333,0.04,60,440,440,-440,"[[0, 0, 0], [333, 60, 107], [0, 0, 0]]",0.0,0.0055210230000284355,0,0,0
44,Frozen,163,3,500,0.16616616616616617,0.332,0.3333333333333333,0.11066666666666668,166,334,334,-334,"[[0, 0, 0], [329, 166, 5], [0, 0, 0]]",0.0,0.005447322999998505,0,0,0
44,Frozen,164,3,500,0.023166023166023165,0.036,0.3333333333333333,0.011999999999999999,18,482,482,-482,"[[0, 0, 0], [418, 18, 64], [0, 0, 0]]",0.0,0.0054948029999764,0,0,0
44,Frozen,165,3,500,0.036546943919344675,0.058,0.3333333333333333,0.019333333333333334,29,471,471,-471,"[[0, 0, 0], [435, 29, 36], [0, 0, 0]]",0.0,0.005705013000010695,0,0,0
44,Frozen,166,1,500,0.04361370716510903,0.07,0.3333333333333333,0.023333333333333334,35,465,465,-465,"[[0, 0, 0], [412, 35, 53], [0, 0, 0]]",0.0,0.005568702999994457,0,0,0
44,Frozen,167,1,500,0.014350945857795172,0.022,0.3333333333333333,0.007333333333333333,11,489,489,-489,"[[0, 0, 0], [455, 11, 34], [0, 0, 0]]",0.0,0.005335933000026216,0,0,0
44,Frozen,168,1,500,0.24040920716112532,0.564,0.3333333333333333,0.18799999999999997,282,218,218,-218,"[[282, 137, 81], [0, 0, 0], [0, 0, 0]]",0.0,0.005504662000021199,0,0,0
44,Frozen,169,1,500,0.12554112554112554,0.232,0.3333333333333333,0.07733333333333334,116,384,384,-384,"[[0, 0, 0], [314, 116, 70], [0, 0, 0]]",0.0,0.005579393000004984,0,0,0
44,Frozen,170,3,500,0.0389202762084118,0.062,0.3333333333333333,0.020666666666666667,31,469,469,-469,"[[0, 0, 0], [406, 31, 63], [0, 0, 0]]",0.0,0.005598482999971566,0,0,0
44,Frozen,171,3,500,0.17790811339198434,0.364,0.3333333333333333,0.12133333333333333,182,318,318,-318,"[[0, 0, 0], [246, 182, 72], [0, 0, 0]]",0.0,0.0054189420000057,0,0,0
44,Frozen,172,3,500,0.045934202358783364,0.074,0.3333333333333333,0.024666666666666667,37,463,463,-463,"[[0, 0, 0], [386, 37, 77], [0, 0, 0]]",0.0,0.005513822000011714,0,0,0
44,Frozen,173,1,500,0.04127579737335835,0.066,0.3333333333333333,0.022000000000000002,33,467,467,-467,"[[0, 0, 0], [386, 33, 81], [0, 0, 0]]",0.0,0.005459621999989395,0,0,0
44,Frozen,174,3,500,0.006600660066006601,0.01,0.3333333333333333,0.0033333333333333335,5,495,495,-495,"[[0, 0, 0], [492, 5, 3], [0, 0, 0]]",0.0,0.005392491999998583,0,0,0
44,Frozen,175,3,500,0.10073571024335032,0.178,0.3333333333333333,0.05933333333333333,89,411,411,-411,"[[0, 0, 0], [315, 89, 96], [0, 0, 0]]",0.0,0.005578003000039189,0,0,0
44,Frozen,176,1,500,0.2962962962962963,0.8,0.3333333333333333,0.26666666666666666,400,100,100,-100,"[[400, 57, 43], [0, 0, 0], [0, 0, 0]]",0.0,0.005607872999974006,0,0,0
44,Frozen,177,3,500,0.05728214503351615,0.094,0.3333333333333333,0.03133333333333333,47,453,453,-453,"[[0, 0, 0], [370, 47, 83], [0, 0, 0]]",0.0,0.005545272999995632,0,0,0
44,Frozen,178,1,500,0.25766871165644173,0.63,0.3333333333333333,0.21,315,185,185,-185,"[[315, 92, 93], [0, 0, 0], [0, 0, 0]]",0.0,0.005454113000041616,0,0,0
44,Frozen,179,3,500,0.2693682955899881,0.678,0.3333333333333333,0.226,339,161,161,-161,"[[339, 63, 98], [0, 0, 0], [0, 0, 0]]",0.0,0.005743542999994133,0,0,0
44,Frozen,180,1,500,0.08289550496205488,0.142,0.3333333333333333,0.04733333333333333,71,429,429,-429,"[[0, 0, 0], [333, 71, 96], [0, 0, 0]]",0.0,0.006084724000004371,0,0,0
44,Frozen,181,1,500,0.11387506909894969,0.206,0.3333333333333333,0.06866666666666667,103,397,397,-397,"[[0, 0, 0], [343, 103, 54], [0, 0, 0]]",0.0,0.007306826999979421,0,0,0
44,Event-Driven,36,1,500,0.49341438703140833,0.974,0.5,0.487,487,13,13,-13,"[[487, 13, 0], [0, 0, 0], [0, 0, 0]]",0.0,0.005577501999994183,0,0,0
44,Event-Driven,37,1,500,0.13194444444444445,0.152,0.5,0.076,76,424,424,-424,"[[0, 0, 0], [424, 76, 0], [0, 0, 0]]",0.0,0.00556930300001568,0,0,0
44,Event-Driven,38,1,500,0.49849548645937813,0.994,0.5,0.497,497,3,3,-3,"[[497, 0, 3], [0, 0, 0], [0, 0, 0]]",0.0,0.0052456219999612586,0,0,0
44,Event-Driven,39,1,500,0.0,0.0,0.0,0.0,0,500,500,-500,"[[0, 0, 0], [497, 0, 3], [0, 0, 0]]",0.0,0.005728692999980467,0,0,0
44,Event-Driven,40,1,500,0.0,0.0,0.0,0.0,0,500,500,-500,"[[0, 0, 0], [499, 0, 1], [0, 0, 0]]",0.0,0.005631053000001884,0,0,0
44,Event-Driven,41,1,500,0.059502125075895564,0.098,0.3333333333333333,0.03266666666666667,49,451,451,-451,"[[0, 0, 0], [0, 0, 0], [245, 206, 49]]",0.0,0.005555053000023236,0,0,0
44,Event-Driven,42,1,500,0.2149954832881662,0.476,0.3333333333333333,0.15866666666666665,238,262,262,-262,"[[238, 237, 25], [0, 0, 0], [0, 0, 0]]",0.0,0.005629563000013604,0,0,0
44,Event-Driven,43,1,500,0.1474558670820353,0.284,0.3333333333333333,0.09466666666666666,142,358,358,-358,"[[142, 147, 211], [0, 0, 0], [0, 0, 0]]",0.0,0.005331052999963504,0,0,0
44,Event-Driven,44,1,500,0.24895572263993315,0.596,0.3333333333333333,0.19866666666666666,298,202,202,-202,"[[298, 22, 180], [0, 0, 0], [0, 0, 0]]",0.0,0.006066284000041833,0,0,0
44,Event-Driven,45,1,500,0.2870159453302961,0.756,0.3333333333333333,0.252,378,122,122,-122,"[[378, 64, 58], [0, 0, 0], [0, 0, 0]]",0.0,0.005530042999964735,0,0,0
44,Event-Driven,46,1,500,0.3157894736842105,0.9,0.3333333333333333,0.3,450,50,50,-50,"[[450, 1, 49], [0, 0, 0], [0, 0, 0]]",0.0,0.005304132999981448,0,0,0
44,Event-Driven,47,1,500,0.4979919678714859,0.992,0.5,0.496,496,4,4,-4,"[[496, 0, 4], [0, 0, 0], [0, 0, 0]]",0.0,0.005208252000045377,0,0,0
44,Event-Driven,48,1,500,0.3172606568832984,0.908,0.3333333333333333,0.3026666666666667,454,46,46,-46,"[[454, 12, 34], [0, 0, 0], [0, 0, 0]]",0.0,0.0053645520000031865,0,0,0
44,Event-Driven,49,1,500,0.22864651773981604,0.522,0.3333333333333333,0.17400000000000002,261,239,239,-239,"[[261, 17, 222], [0, 0, 0], [0, 0, 0]]",0.0,0.005272312000045076,0,0,0
44,Event-Driven,50,1,500,0.27588901914810476,0.706,0.3333333333333333,0.2353333333333333,353,147,147,-147,"[[353, 88, 59], [0, 0, 0], [0, 0, 0]]",0.0,0.005557022000004963,0,0,0
44,Event-Driven,51,1,500,0.32088520055325037,0.928,0.3333333333333333,0.30933333333333335,464,36,36,-36,"[[464, 1, 35], [0, 0, 0], [0, 0, 0]]",0.0,0.0053065729999843825,0,0,0
44,Event-Driven,52,1,500,0.49849548645937813,0.994,0.5,0.497,497,3,3,-3,"[[497, 0, 3], [0, 0, 0], [0, 0, 0]]",0.0,0.005259052000042175,0,0,0
44,Event-Driven,53,1,500,0.2586699306405549,0.634,0.3333333333333333,0.21133333333333335,317,183,183,-183,"[[317, 97, 86], [0, 0, 0], [0, 0, 0]]",0.0,0.005160881999984213,0,0,0
44,Event-Driven,54,1,500,0.3109213802917111,0.874,0.3333333333333333,0.29133333333333333,437,63,63,-63,"[[437, 26, 37], [0, 0, 0], [0, 0, 0]]",0.0,0.005240962000016225,0,0,0
44,Event-Driven,55,1,500,0.4994994994994995,0.998,0.5,0.499,499,1,1,-1,"[[499, 0, 1], [0, 0, 0], [0, 0, 0]]",0.0,0.00526195300000154,0,0,0
44,Event-Driven,56,1,500,0.4994994994994995,0.998,0.5,0.499,499,1,1,-1,"[[499, 0, 1], [0, 0, 0], [0, 0, 0]]",0.0,0.005286351999984618,0,0,0
44,Event-Driven,57,1,500,0.30977872947894364,0.868,0.3333333333333333,0.28933333333333333,434,66,66,-66,"[[434, 53, 13], [0, 0, 0], [0, 0, 0]]",0.0,0.005419833000019025,0,0,0
44,Event-Driven,58,1,500,0.1750245821042281,0.356,0.3333333333333333,0.11866666666666666,178,322,322,-322,"[[0, 0, 0], [94, 178, 228], [0, 0, 0]]",0.0,0.00531687300002659,0,0,0
44,Event-Driven,59,1,500,0.31016042780748665,0.87,0.3333333333333333,0.29,435,65,65,-65,"[[435, 21, 44], [0, 0, 0], [0, 0, 0]]",0.0,0.005442043000016383,0,0,0
44,Event-Driven,60,1,500,0.49899799599198397,0.996,0.5,0.498,498,2,2,-2,"[[498, 0, 2], [0, 0, 0], [0, 0, 0]]",0.0,0.005481963000022461,0,0,0
44,Event-Driven,61,1,500,0.3247863247863248,0.95,0.3333333333333333,0.31666666666666665,475,25,25,-25,"[[475, 19, 6], [0, 0, 0], [0, 0, 0]]",0.0,0.0055305129999965175,0,0,0
44,Event-Driven,62,1,500,1.0,1.0,1.0,1.0,500,0,0,0,"[[500, 0, 0], [0, 0, 0], [0, 0, 0]]",0.0,0.005190751999975873,0,0,0
44,Event-Driven,63,1,500,0.33266533066132264,0.996,0.3333333333333333,0.332,498,2,2,-2,"[[498, 1, 1], [0, 0, 0], [0, 0, 0]]",0.0,0.005256593000012799,0,0,0
44,Event-Driven,64,1,500,0.4994994994994995,0.998,0.5,0.499,499,1,1,-1,"[[499, 1, 0], [0, 0, 0], [0, 0, 0]]",0.0,0.005225501999973403,0,0,0
44,Event-Driven,65,1,500,1.0,1.0,1.0,1.0,500,0,0,0,"[[500, 0, 0], [0, 0, 0], [0, 0, 0]]",0.0,0.005225552000013067,0,0,0
44,Event-Driven,66,1,500,0.33132126089872566,0.988,0.3333333333333333,0.3293333333333333,494,6,6,-6,"[[494, 4, 2], [0, 0, 0], [0, 0, 0]]",0.0,0.005197472000020298,0,0,0
44,Event-Driven,67,1,500,1.0,1.0,1.0,1.0,500,0,0,0,"[[500, 0, 0], [0, 0, 0], [0, 0, 0]]",0.0,0.005278753000027336,0,0,0
44,Event-Driven,68,1,500,1.0,1.0,1.0,1.0,500,0,0,0,"[[500, 0, 0], [0, 0, 0], [0, 0, 0]]",0.0,0.005343831999994109,0,0,0
44,Event-Driven,69,1,500,0.001996007984031936,0.002,0.5,0.001,1,499,499,-499,"[[0, 0, 0], [499, 1, 0], [0, 0, 0]]",0.11603681799999777,0.0055798129999971025,1,0,0
44,Event-Driven,70,3,500,0.48717948717948717,0.95,0.5,0.475,475,25,25,-25,"[[0, 0, 0], [25, 475, 0], [0, 0, 0]]",0.0,0.005428171999994902,0,0,0
44,Event-Driven,71,3,500,0.4954591321897074,0.982,0.5,0.491,491,9,9,-9,"[[0, 0, 0], [9, 491, 0], [0, 0, 0]]",0.0,0.005566342999998142,0,0,0
44,Event-Driven,72,3,500,0.494949494949495,0.98,0.5,0.49,490,10,10,-10,"[[0, 0, 0], [10, 490, 0], [0, 0, 0]]",0.0,0.0054459329999758666,0,0,0
44,Event-Driven,73,3,500,0.4954591321897074,0.982,0.5,0.491,491,9,9,-9,"[[0, 0, 0], [9, 491, 0], [0, 0, 0]]",0.0,0.005518862999963403,0,0,0
44,Event-Driven,74,3,500,1.0,1.0,1.0,1.0,500,0,0,0,"[[0, 0, 0], [0, 500, 0], [0, 0, 0]]",0.0,0.005679412999995748,0,0,0
44,Event-Driven,75,3,500,0.4786235662148071,0.918,0.5,0.459,459,41,41,-41,"[[0, 0, 0], [41, 459, 0], [0, 0, 0]]",0.0,0.005335522999985187,0,0,0
44,Event-Driven,76,3,500,0.4897959183673469,0.96,0.5,0.48,480,20,20,-20,"[[0, 0, 0], [20, 480, 0], [0, 0, 0]]",0.0,0.0075984479999533505,0,0,0
44,Event-Driven,77,3,500,0.4979919678714859,0.992,0.5,0.496,496,4,4,-4,"[[0, 0, 0], [4, 496, 0], [0, 0, 0]]",0.0,0.006085283999993862,0,0,0
44,Event-Driven,78,3,500,0.491869918699187,0.968,0.5,0.484,484,16,16,-16,"[[0, 0, 0], [16, 484, 0], [0, 0, 0]]",0.0,0.008446488999993562,0,0,0
44,Event-Driven,79,3,500,0.0,0.0,0.0,0.0,0,500,500,-500,"[[0, 0, 0], [0, 0, 0], [6, 494, 0]]",0.12404516700001977,0.008565729999986615,1,0,0
44,Event-Driven,80,3,500,0.0,0.0,0.0,0.0,0,500,500,-500,"[[0, 0, 0], [0, 0, 500], [0, 0, 0]]",0.0,0.005562242999985756,0,0,0
44,Event-Driven,81,3,500,0.0,0.0,0.0,0.0,0,500,500,-500,"[[0, 0, 0], [0, 0, 500], [0, 0, 0]]",0.0,0.0054691429999707,0,0,0
44,Event-Driven,82,3,500,0.3282571912013536,0.97,0.3333333333333333,0.3233333333333333,485,15,15,-15,"[[0, 0, 0], [0, 0, 0], [3, 12, 485]]",0.0,0.005457712999998421,0,0,0
44,Event-Driven,83,1,500,0.032953105196451206,0.052,0.3333333333333333,0.017333333333333333,26,474,474,-474,"[[26, 60, 414], [0, 0, 0], [0, 0, 0]]",0.0,0.005606162999981734,0,0,0
44,Event-Driven,84,1,500,0.026871401151631478,0.042,0.3333333333333333,0.014,21,479,479,-479,"[[21, 272, 207], [0, 0, 0], [0, 0, 0]]",0.0,0.00549844300002178,0,0,0
44,Event-Driven,85,1,500,0.2320730117340287,0.534,0.3333333333333333,0.17800000000000002,267,233,233,-233,"[[0, 0, 0], [0, 0, 0], [61, 172, 267]]",0.0,0.005321432000016557,0,0,0
44,Event-Driven,86,1,500,0.46977730646871685,0.886,0.5,0.443,443,57,57,-57,"[[0, 0, 0], [0, 443, 57], [0, 0, 0]]",0.0,0.005246342000020832,0,0,0
44,Event-Driven,87,1,500,0.010498687664041995,0.016,0.3333333333333333,0.005333333333333333,8,492,492,-492,"[[8, 153, 339], [0, 0, 0], [0, 0, 0]]",0.0,0.005368562999990445,0,0,0
44,Event-Driven,88,1,500,0.1870503597122302,0.39,0.3333333333333333,0.13,195,305,305,-305,"[[195, 200, 105], [0, 0, 0], [0, 0, 0]]",0.0,0.005275401999995211,0,0,0
44,Event-Driven,89,1,500,0.05279312461632904,0.086,0.3333333333333333,0.028666666666666663,43,457,457,-457,"[[43, 312, 145], [0, 0, 0], [0, 0, 0]]",0.0,0.005441281999992498,0,0,0
44,Event-Driven,90,1,500,0.0,0.0,0.0,0.0,0,500,500,-500,"[[0, 499, 1], [0, 0, 0], [0, 0, 0]]",0.0,0.005177021999998033,0,0,0
44,Event-Driven,91,1,500,0.0,0.0,0.0,0.0,0,500,500,-500,"[[0, 500, 0], [0, 0, 0], [0, 0, 0]]",0.0,0.00535968200000525,0,0,0
44,Event-Driven,92,1,500,0.1562021439509954,0.306,0.3333333333333333,0.102,153,347,347,-347,"[[0, 0, 0], [0, 0, 0], [31, 316, 153]]",0.0,0.005604242999993403,0,0,0
44,Event-Driven,93,1,500,0.009204470742932281,0.014,0.3333333333333333,0.004666666666666667,7,493,493,-493,"[[7, 219, 274], [0, 0, 0], [0, 0, 0]]",0.0,0.006263004999993882,0,0,0
44,Event-Driven,94,1,500,0.003976143141153081,0.006,0.3333333333333333,0.002,3,497,497,-497,"[[3, 241, 256], [0, 0, 0], [0, 0, 0]]",0.0,0.005686723999986043,0,0,0
44,Event-Driven,95,1,500,0.16390145801910508,0.326,0.3333333333333333,0.10866666666666668,163,337,337,-337,"[[0, 0, 0], [0, 0, 0], [77, 260, 163]]",0.0,0.006074743999988641,0,0,0
44,Event-Driven,96,1,500,0.2821991541714725,0.734,0.3333333333333333,0.24466666666666667,367,133,133,-133,"[[0, 0, 0], [0, 0, 0], [43, 90, 367]]",0.0,0.00586045400001467,0,0,0
44,Event-Driven,97,1,500,0.24419095901985635,0.578,0.3333333333333333,0.19266666666666665,289,211,211,-211,"[[0, 0, 0], [2, 289, 209], [0, 0, 0]]",0.0,0.0057494030000384555,0,0,0
44,Event-Driven,98,1,500,0.160081053698075,0.316,0.3333333333333333,0.10533333333333333,158,342,342,-342,"[[0, 0, 0], [11, 158, 331], [0, 0, 0]]",0.0,0.005789532999983749,0,0,0
44,Event-Driven,99,1,500,0.0389202762084118,0.062,0.3333333333333333,0.020666666666666667,31,469,469,-469,"[[31, 149, 320], [0, 0, 0], [0, 0, 0]]",0.0,0.005927864000000227,0,0,0
44,Event-Driven,100,1,500,0.0026560424966799467,0.004,0.3333333333333333,0.0013333333333333333,2,498,498,-498,"[[2, 452, 46], [0, 0, 0], [0, 0, 0]]",0.0,0.005664552999974148,0,0,0
44,Event-Driven,101,1,500,0.0026560424966799467,0.004,0.3333333333333333,0.0013333333333333333,2,498,498,-498,"[[2, 491, 7], [0, 0, 0], [0, 0, 0]]",0.0,0.005436552999981359,0,0,0
44,Event-Driven,102,1,500,0.03535353535353535,0.056,0.3333333333333333,0.018666666666666668,28,472,472,-472,"[[28, 357, 115], [0, 0, 0], [0, 0, 0]]",0.0,0.005308082999988528,0,0,0
44,Event-Driven,103,1,500,0.31280962491153574,0.884,0.3333333333333333,0.2946666666666667,442,58,58,-58,"[[0, 0, 0], [7, 442, 51], [0, 0, 0]]",0.0,0.00555996299999606,0,0,0
44,Event-Driven,104,1,500,0.1608497723823976,0.318,0.3333333333333333,0.106,159,341,341,-341,"[[0, 0, 0], [33, 159, 308], [0, 0, 0]]",0.0,0.005690662999995766,0,0,0
44,Event-Driven,105,1,500,0.1706349206349206,0.344,0.3333333333333333,0.11466666666666665,172,328,328,-328,"[[0, 0, 0], [27, 172, 301], [0, 0, 0]]",0.0,0.005852324000045428,0,0,0
44,Event-Driven,106,1,500,0.2087912087912088,0.456,0.3333333333333333,0.152,228,272,272,-272,"[[0, 0, 0], [0, 0, 0], [35, 237, 228]]",0.0,0.0055820219999986875,0,0,0
44,Event-Driven,107,1,500,0.172106824925816,0.348,0.3333333333333333,0.11599999999999999,174,326,326,-326,"[[0, 0, 0], [11, 174, 315], [0, 0, 0]]",0.0,0.005799382999953195,0,0,0
44,Event-Driven,108,1,500,0.013071895424836602,0.02,0.3333333333333333,0.006666666666666667,10,490,490,-490,"[[10, 276, 214], [0, 0, 0], [0, 0, 0]]",0.0,0.005730292999999165,0,0,0
44,Event-Driven,109,2,500,0.001330671989354624,0.002,0.3333333333333333,0.0006666666666666666,1,499,499,-499,"[[1, 147, 352], [0, 0, 0], [0, 0, 0]]",0.0,0.005646952999995847,0,0,0
44,Event-Driven,110,1,500,0.30116959064327486,0.824,0.3333333333333333,0.27466666666666667,412,88,88,-88,"[[0, 0, 0], [1, 412, 87], [0, 0, 0]]",0.0,0.0058920440000065355,0,0,0
44,Event-Driven,111,1,500,0.22979467016164265,0.526,0.3333333333333333,0.17533333333333334,263,237,237,-237,"[[0, 0, 0], [0, 0, 0], [14, 223, 263]]",0.0,0.0062375829999723464,0,0,0
44,Event-Driven,112,1,500,0.023166023166023165,0.036,0.3333333333333333,0.011999999999999999,18,482,482,-482,"[[0, 0, 0], [4, 18, 478], [0, 0, 0]]",0.0,0.005906574000050568,0,0,0
44,Event-Driven,113,2,500,0.4797086368366285,0.922,0.5,0.461,461,39,39,-39,"[[0, 0, 0], [0, 0, 0], [0, 39, 461]]",0.0,0.005914714000027743,0,0,0
44,Event-Driven,114,2,500,0.49849548645937813,0.994,0.5,0.497,497,3,3,-3,"[[0, 0, 0], [0, 0, 0], [0, 3, 497]]",0.0,0.005838222999955178,0,0,0
44,Event-Driven,115,2,500,1.0,1.0,1.0,1.0,500,0,0,0,"[[0, 0, 0], [0, 0, 0], [0, 0, 500]]",0.0,0.005714203000025009,0,0,0
44,Event-Driven,116,2,500,0.024405908798972382,0.038,0.3333333333333333,0.012666666666666666,19,481,481,-481,"[[19, 86, 395], [0, 0, 0], [0, 0, 0]]",0.0,0.005665883000006033,0,0,0
44,Event-Driven,117,1,500,0.26889419252187746,0.676,0.3333333333333333,0.22533333333333336,338,162,162,-162,"[[338, 111, 51], [0, 0, 0], [0, 0, 0]]",0.0,0.0057113029999982245,0,0,0
44,Event-Driven,118,1,500,0.17719040626529614,0.362,0.3333333333333333,0.12066666666666666,181,319,319,-319,"[[0, 0, 0], [0, 0, 0], [310, 9, 181]]",0.0,0.005514102999995885,0,0,0
44,Event-Driven,119,2,500,0.49341438703140833,0.974,0.5,0.487,487,13,13,-13,"[[0, 0, 0], [0, 0, 0], [0, 13, 487]]",0.0,0.005674183999985871,0,0,0
44,Event-Driven,120,2,500,0.024405908798972382,0.038,0.3333333333333333,0.012666666666666666,19,481,481,-481,"[[19, 174, 307], [0, 0, 0], [0, 0, 0]]",0.0,0.005655203000003439,0,0,0
44,Event-Driven,121,1,500,0.0280970625798212,0.044,0.3333333333333333,0.014666666666666666,22,478,478,-478,"[[22, 397, 81], [0, 0, 0], [0, 0, 0]]",0.0,0.005445613000006233,0,0,0
44,Event-Driven,122,1,500,0.0,0.0,0.0,0.0,0,500,500,-500,"[[0, 427, 73], [0, 0, 0], [0, 0, 0]]",0.0,0.00524001200000157,0,0,0
44,Event-Driven,123,1,500,0.0,0.0,0.0,0.0,0,500,500,-500,"[[0, 416, 84], [0, 0, 0], [0, 0, 0]]",0.0,0.005168742000023485,0,0,0
44,Event-Driven,124,1,500,0.0,0.0,0.0,0.0,0,500,500,-500,"[[0, 477, 23], [0, 0, 0], [0, 0, 0]]",0.0,0.005123452000020734,0,0,0
44,Event-Driven,125,1,500,0.001996007984031936,0.002,0.5,0.001,1,499,499,-499,"[[1, 499, 0], [0, 0, 0], [0, 0, 0]]",0.0,0.005185142000016185,0,0,0
44,Event-Driven,126,1,500,0.001996007984031936,0.002,0.5,0.001,1,499,499,-499,"[[1, 499, 0], [0, 0, 0], [0, 0, 0]]",0.0,0.005447102999994513,0,0,0
44,Event-Driven,127,1,500,0.023166023166023165,0.036,0.3333333333333333,0.011999999999999999,18,482,482,-482,"[[18, 476, 6], [0, 0, 0], [0, 0, 0]]",0.0,0.005432493000000704,0,0,0
44,Event-Driven,128,1,500,0.010498687664041995,0.016,0.3333333333333333,0.005333333333333333,8,492,492,-492,"[[8, 491, 1], [0, 0, 0], [0, 0, 0]]",0.0,0.005306101999963175,0,0,0
44,Event-Driven,129,1,500,0.011857707509881422,0.012,0.5,0.006,6,494,494,-494,"[[6, 494, 0], [0, 0, 0], [0, 0, 0]]",0.0,0.005409531999987394,0,0,0
44,Event-Driven,130,1,500,0.3226694186446509,0.938,0.3333333333333333,0.31266666666666665,469,31,31,-31,"[[0, 0, 0], [5, 469, 26], [0, 0, 0]]",0.0,0.005547782999997253,0,0,0
44,Event-Driven,131,1,500,0.2332032943216298,0.538,0.3333333333333333,0.17933333333333334,269,231,231,-231,"[[0, 0, 0], [16, 269, 215], [0, 0, 0]]",0.0,0.005650022999986959,0,0,0
44,Event-Driven,132,1,500,0.12641815235008105,0.234,0.3333333333333333,0.078,117,383,383,-383,"[[0, 0, 0], [18, 117, 365], [0, 0, 0]]",0.0,0.005681492999997317,0,0,0
44,Event-Driven,133,1,500,0.15384615384615385,0.3,0.3333333333333333,0.09999999999999999,150,350,350,-350,"[[0, 0, 0], [88, 150, 262], [0, 0, 0]]",0.0,0.005847222999989299,0,0,0
44,Event-Driven,134,1,500,0.3120567375886525,0.88,0.3333333333333333,0.29333333333333333,440,60,60,-60,"[[0, 0, 0], [0, 0, 0], [18, 42, 440]]",0.0,0.005677653000020655,0,0,0
44,Event-Driven,135,1,500,0.045934202358783364,0.074,0.3333333333333333,0.024666666666666667,37,463,463,-463,"[[37, 301, 162], [0, 0, 0], [0, 0, 0]]",0.0,0.005719752999993943,0,0,0
44,Event-Driven,136,1,500,0.33199464524765726,0.992,0.3333333333333333,0.33066666666666666,496,4,4,-4,"[[0, 0, 0], [2, 496, 2], [0, 0, 0]]",0.0,0.005340022000041245,0,0,0
44,Event-Driven,137,1,500,0.04938271604938271,0.08,0.3333333333333333,0.02666666666666667,40,460,460,-460,"[[40, 298, 162], [0, 0, 0], [0, 0, 0]]",0.0,0.0056952940000201124,0,0,0
44,Event-Driven,138,1,500,0.031746031746031744,0.05,0.3333333333333333,0.016666666666666666,25,475,475,-475,"[[0, 0, 0], [0, 0, 0], [13, 462, 25]]",0.0,0.0056335529999955725,0,0,0
44,Event-Driven,139,1,500,0.2698412698412698,0.68,0.3333333333333333,0.22666666666666668,340,160,160,-160,"[[0, 0, 0], [0, 0, 0], [6, 154, 340]]",0.0,0.006029803999979322,0,0,0
44,Event-Driven,140,1,500,0.0389202762084118,0.062,0.3333333333333333,0.020666666666666667,31,469,469,-469,"[[31, 126, 343], [0, 0, 0], [0, 0, 0]]",0.0,0.005855803999963882,0,0,0
44,Event-Driven,141,1,500,0.26506024096385544,0.66,0.3333333333333333,0.22,330,170,170,-170,"[[0, 0, 0], [44, 330, 126], [0, 0, 0]]",0.0,0.0057841729999950076,0,0,0
44,Event-Driven,142,1,500,0.3135593220338983,0.888,0.3333333333333333,0.296,444,56,56,-56,"[[0, 0, 0], [0, 0, 0], [6, 50, 444]]",0.0,0.005851133000021491,0,0,0
44,Event-Driven,143,1,500,0.24419095901985635,0.578,0.3333333333333333,0.19266666666666665,289,211,211,-211,"[[0, 0, 0], [4, 289, 207], [0, 0, 0]]",0.0,0.00562543299997742,0,0,0
44,Event-Driven,144,1,500,0.33422103861517977,0.502,0.5,0.251,251,249,249,-249,"[[0, 0, 0], [0, 251, 249], [0, 0, 0]]",0.0,0.005573842999979206,0,0,0
44,Event-Driven,145,1,500,0.2912912912912913,0.776,0.3333333333333333,0.25866666666666666,388,112,112,-112,"[[0, 0, 0], [4, 388, 108], [0, 0, 0]]",0.0,0.005587822999984837,0,0,0
44,Event-Driven,146,1,500,0.0026560424966799467,0.004,0.3333333333333333,0.0013333333333333333,2,498,498,-498,"[[2, 375, 123], [0, 0, 0], [0, 0, 0]]",0.0,0.005819963000021744,0,0,0
44,Event-Driven,147,1,500,0.005291005291005291,0.008,0.3333333333333333,0.0026666666666666666,4,496,496,-496,"[[4, 458, 38], [0, 0, 0], [0, 0, 0]]",0.0,0.005681793000007929,0,0,0
44,Event-Driven,148,1,500,0.003976143141153081,0.006,0.3333333333333333,0.002,3,497,497,-497,"[[3, 491, 6], [0, 0, 0], [0, 0, 0]]",0.0,0.005696273000012297,0,0,0
44,Event-Driven,149,1,500,0.31130063965884863,0.876,0.3333333333333333,0.292,438,62,62,-62,"[[0, 0, 0], [24, 438, 38], [0, 0, 0]]",0.0,0.005685213999981897,0,0,0
44,Event-Driven,150,1,500,0.0026560424966799467,0.004,0.3333333333333333,0.0013333333333333333,2,498,498,-498,"[[2, 233, 265], [0, 0, 0], [0, 0, 0]]",0.0,0.0057196529999714585,0,0,0
44,Event-Driven,151,1,500,0.1793372319688109,0.368,0.3333333333333333,0.12266666666666666,184,316,316,-316,"[[0, 0, 0], [0, 0, 0], [2, 314, 184]]",0.0,0.005565482000008615,0,0,0
44,Event-Driven,152,1,500,0.27218934911242604,0.69,0.3333333333333333,0.22999999999999998,345,155,155,-155,"[[0, 0, 0], [0, 0, 0], [7, 148, 345]]",0.0,0.005694933000029323,0,0,0
44,Event-Driven,153,1,500,0.09096142774899252,0.158,0.3333333333333333,0.05266666666666667,79,421,421,-421,"[[0, 0, 0], [36, 79, 385], [0, 0, 0]]",0.0,0.005597842999975455,0,0,0
44,Event-Driven,154,1,500,0.011787819253438114,0.018,0.3333333333333333,0.005999999999999999,9,491,491,-491,"[[9, 304, 187], [0, 0, 0], [0, 0, 0]]",0.0,0.005735643000036816,0,0,0
44,Event-Driven,155,1,500,0.2772585669781931,0.712,0.3333333333333333,0.2373333333333333,356,144,144,-144,"[[356, 129, 15], [0, 0, 0], [0, 0, 0]]",0.0,0.005628182999998899,0,0,0
44,Event-Driven,156,1,500,0.08796296296296297,0.152,0.3333333333333333,0.050666666666666665,76,424,424,-424,"[[76, 421, 3], [0, 0, 0], [0, 0, 0]]",0.0,0.005518661999985852,0,0,0
44,Event-Driven,157,1,500,0.0,0.0,0.0,0.0,0,500,500,-500,"[[0, 500, 0], [0, 0, 0], [0, 0, 0]]",0.0,0.0051416619999713475,0,0,0
44,Event-Driven,158,1,500,0.0,0.0,0.0,0.0,0,500,500,-500,"[[0, 500, 0], [0, 0, 0], [0, 0, 0]]",0.0,0.0051477819999945496,0,0,0
44,Event-Driven,159,1,500,0.27588901914810476,0.706,0.3333333333333333,0.2353333333333333,353,147,147,-147,"[[0, 0, 0], [60, 353, 87], [0, 0, 0]]",0.0,0.005509272999972836,0,0,0
44,Event-Driven,160,3,500,0.18146530810286268,0.374,0.3333333333333333,0.12466666666666666,187,313,313,-313,"[[0, 0, 0], [72, 187, 241], [0, 0, 0]]",0.0,0.005575173000011091,0,0,0
44,Event-Driven,161,3,500,0.21560667568786648,0.478,0.3333333333333333,0.15933333333333333,239,261,261,-261,"[[0, 0, 0], [10, 239, 251], [0, 0, 0]]",0.0,0.005674022999983208,0,0,0
44,Event-Driven,162,3,500,0.21438263229308005,0.474,0.3333333333333333,0.158,237,263,263,-263,"[[0, 0, 0], [45, 237, 218], [0, 0, 0]]",0.0,0.00567080299998679,0,0,0
44,Event-Driven,163,3,500,0.2371134020618557,0.552,0.3333333333333333,0.18400000000000002,276,224,224,-224,"[[0, 0, 0], [6, 276, 218], [0, 0, 0]]",0.0,0.0054080530000533145,0,0,0
44,Event-Driven,164,3,500,0.24419095901985635,0.578,0.3333333333333333,0.19266666666666665,289,211,211,-211,"[[0, 0, 0], [47, 289, 164], [0, 0, 0]]",0.0,0.005466732000002139,0,0,0
44,Event-Driven,165,3,500,0.2257495590828924,0.512,0.3333333333333333,0.17066666666666666,256,244,244,-244,"[[0, 0, 0], [65, 256, 179], [0, 0, 0]]",0.0,0.0055962429999567576,0,0,0
44,Event-Driven,166,1,500,0.2180349932705249,0.486,0.3333333333333333,0.162,243,257,257,-257,"[[0, 0, 0], [56, 243, 201], [0, 0, 0]]",0.0,0.005556823000006261,0,0,0
44,Event-Driven,167,1,500,0.2601626016260163,0.64,0.3333333333333333,0.21333333333333335,320,180,180,-180,"[[0, 0, 0], [31, 320, 149], [0, 0, 0]]",0.0,0.005600703000027352,0,0,0
44,Event-Driven,168,1,500,0.030534351145038167,0.048,0.3333333333333333,0.016,24,476,476,-476,"[[24, 251, 225], [0, 0, 0], [0, 0, 0]]",0.0,0.005657813000027545,0,0,0
44,Event-Driven,169,1,500,0.2257495590828924,0.512,0.3333333333333333,0.17066666666666666,256,244,244,-244,"[[0, 0, 0], [102, 256, 142], [0, 0, 0]]",0.0,0.005671432999974968,0,0,0
44,Event-Driven,170,3,500,0.16766467065868262,0.336,0.3333333333333333,0.112,168,332,332,-332,"[[0, 0, 0], [78, 168, 254], [0, 0, 0]]",0.0,0.00560449299996435,0,0,0
44,Event-Driven,171,3,500,0.2510390689941812,0.604,0.3333333333333333,0.20133333333333334,302,198,198,-198,"[[0, 0, 0], [96, 302, 102], [0, 0, 0]]",0.0,0.00555121299998973,0,0,0
44,Event-Driven,172,3,500,0.17137196631996035,0.346,0.3333333333333333,0.11533333333333333,173,327,327,-327,"[[0, 0, 0], [46, 173, 281], [0, 0, 0]]",0.0,0.005597463000015068,0,0,0
44,Event-Driven,173,1,500,0.19250829777145564,0.406,0.3333333333333333,0.13533333333333333,203,297,297,-297,"[[0, 0, 0], [54, 203, 243], [0, 0, 0]]",0.0,0.005705473000034544,0,0,0
44,Event-Driven,174,3,500,0.18357487922705315,0.38,0.3333333333333333,0.12666666666666668,190,310,310,-310,"[[0, 0, 0], [30, 190, 280], [0, 0, 0]]",0.0,0.005620072999988679,0,0,0
44,Event-Driven,175,3,500,0.19519094766619519,0.414,0.3333333333333333,0.13799999999999998,207,293,293,-293,"[[0, 0, 0], [38, 207, 255], [0, 0, 0]]",0.0,0.0056505229999856965,0,0,0
44,Event-Driven,176,1,500,0.04361370716510903,0.07,0.3333333333333333,0.023333333333333334,35,465,465,-465,"[[35, 127, 338], [0, 0, 0], [0, 0, 0]]",0.0,0.005552652999995189,0,0,0
44,Event-Driven,177,3,500,0.1750245821042281,0.356,0.3333333333333333,0.11866666666666666,178,322,322,-322,"[[0, 0, 0], [64, 178, 258], [0, 0, 0]]",0.0,0.005710853000039151,0,0,0
44,Event-Driven,178,1,500,0.11479028697571743,0.208,0.3333333333333333,0.06933333333333333,104,396,396,-396,"[[104, 193, 203], [0, 0, 0], [0, 0, 0]]",0.0,0.006110734000003504,0,0,0
44,Event-Driven,179,3,500,0.078777189888301,0.134,0.3333333333333333,0.04466666666666667,67,433,433,-433,"[[67, 193, 240], [0, 0, 0], [0, 0, 0]]",0.0,0.005694993000020077,0,0,0
44,Event-Driven,180,1,500,0.20816139385602936,0.454,0.3333333333333333,0.15133333333333335,227,273,273,-273,"[[0, 0, 0], [99, 227, 174], [0, 0, 0]]",0.0,0.005754963000015323,0,0,0
44,Event-Driven,181,1,500,0.2180349932705249,0.486,0.3333333333333333,0.162,243,257,257,-257,"[[0, 0, 0], [84, 243, 173], [0, 0, 0]]",0.0,0.005531572999984746,0,0,0
44,Full Retraining,36,1,500,0.49341438703140833,0.974,0.5,0.487,487,13,13,-13,"[[487, 13, 0], [0, 0, 0], [0, 0, 0]]",0.0,0.005688913000028606,0,0,0
44,Full Retraining,37,1,500,0.13194444444444445,0.152,0.5,0.076,76,424,424,-424,"[[0, 0, 0], [424, 76, 0], [0, 0, 0]]",0.0,0.005708023000011053,0,0,0
44,Full Retraining,38,1,500,0.49849548645937813,0.994,0.5,0.497,497,3,3,-3,"[[497, 0, 3], [0, 0, 0], [0, 0, 0]]",0.0,0.005496002999962002,0,0,0
44,Full Retraining,39,1,500,0.0,0.0,0.0,0.0,0,500,500,-500,"[[0, 0, 0], [497, 0, 3], [0, 0, 0]]",0.0,0.00547211299999617,0,0,0
44,Full Retraining,40,1,500,0.0,0.0,0.0,0.0,0,500,500,-500,"[[0, 0, 0], [499, 0, 1], [0, 0, 0]]",0.0,0.005552442000009705,0,0,0
44,Full Retraining,41,1,500,0.059502125075895564,0.098,0.3333333333333333,0.03266666666666667,49,451,451,-451,"[[0, 0, 0], [0, 0, 0], [245, 206, 49]]",0.0,0.005870803999982854,0,0,0
44,Full Retraining,42,1,500,0.2149954832881662,0.476,0.3333333333333333,0.15866666666666665,238,262,262,-262,"[[238, 237, 25], [0, 0, 0], [0, 0, 0]]",0.0,0.005676143000016509,0,0,0
44,Full Retraining,43,1,500,0.1474558670820353,0.284,0.3333333333333333,0.09466666666666666,142,358,358,-358,"[[142, 147, 211], [0, 0, 0], [0, 0, 0]]",0.0,0.00695942599998034,0,0,0
44,Full Retraining,44,1,500,0.24895572263993315,0.596,0.3333333333333333,0.19866666666666666,298,202,202,-202,"[[298, 22, 180], [0, 0, 0], [0, 0, 0]]",0.0,0.006118834000005791,0,0,0
44,Full Retraining,45,1,500,0.2870159453302961,0.756,0.3333333333333333,0.252,378,122,122,-122,"[[378, 64, 58], [0, 0, 0], [0, 0, 0]]",0.0,0.006068834000018342,0,0,0
44,Full Retraining,46,1,500,0.3157894736842105,0.9,0.3333333333333333,0.3,450,50,50,-50,"[[450, 1, 49], [0, 0, 0], [0, 0, 0]]",0.0,0.005523042999982408,0,0,0
44,Full Retraining,47,1,500,0.4979919678714859,0.992,0.5,0.496,496,4,4,-4,"[[496, 0, 4], [0, 0, 0], [0, 0, 0]]",0.0,0.005913034000002426,0,0,0
44,Full Retraining,48,1,500,0.3172606568832984,0.908,0.3333333333333333,0.3026666666666667,454,46,46,-46,"[[454, 12, 34], [0, 0, 0], [0, 0, 0]]",0.0,0.005565972999988844,0,0,0
44,Full Retraining,49,1,500,0.22864651773981604,0.522,0.3333333333333333,0.17400000000000002,261,239,239,-239,"[[261, 17, 222], [0, 0, 0], [0, 0, 0]]",0.0,0.005548262999980125,0,0,0
44,Full Retraining,50,1,500,0.27588901914810476,0.706,0.3333333333333333,0.2353333333333333,353,147,147,-147,"[[353, 88, 59], [0, 0, 0], [0, 0, 0]]",0.0,0.00570309299996552,0,0,0
44,Full Retraining,51,1,500,0.32088520055325037,0.928,0.3333333333333333,0.30933333333333335,464,36,36,-36,"[[464, 1, 35], [0, 0, 0], [0, 0, 0]]",0.0,0.005435292000015579,0,0,0
44,Full Retraining,52,1,500,0.49849548645937813,0.994,0.5,0.497,497,3,3,-3,"[[497, 0, 3], [0, 0, 0], [0, 0, 0]]",0.0,0.0053868030000217,0,0,0
44,Full Retraining,53,1,500,0.2586699306405549,0.634,0.3333333333333333,0.21133333333333335,317,183,183,-183,"[[317, 97, 86], [0, 0, 0], [0, 0, 0]]",0.0,0.005448252999997294,0,0,0
44,Full Retraining,54,1,500,0.3109213802917111,0.874,0.3333333333333333,0.29133333333333333,437,63,63,-63,"[[437, 26, 37], [0, 0, 0], [0, 0, 0]]",0.0,0.005638073000000077,0,0,0
44,Full Retraining,55,1,500,0.4994994994994995,0.998,0.5,0.499,499,1,1,-1,"[[499, 0, 1], [0, 0, 0], [0, 0, 0]]",0.0,0.005313863000026231,0,0,0
44,Full Retraining,56,1,500,0.4994994994994995,0.998,0.5,0.499,499,1,1,-1,"[[499, 0, 1], [0, 0, 0], [0, 0, 0]]",0.0,0.005303152000010414,0,0,0
44,Full Retraining,57,1,500,0.30977872947894364,0.868,0.3333333333333333,0.28933333333333333,434,66,66,-66,"[[434, 53, 13], [0, 0, 0], [0, 0, 0]]",0.0,0.005701833999978589,0,0,0
44,Full Retraining,58,1,500,0.1750245821042281,0.356,0.3333333333333333,0.11866666666666666,178,322,322,-322,"[[0, 0, 0], [94, 178, 228], [0, 0, 0]]",0.0,0.005541153000024224,0,0,0
44,Full Retraining,59,1,500,0.31016042780748665,0.87,0.3333333333333333,0.29,435,65,65,-65,"[[435, 21, 44], [0, 0, 0], [0, 0, 0]]",0.0,0.005622613000014098,0,0,0
44,Full Retraining,60,1,500,0.49899799599198397,0.996,0.5,0.498,498,2,2,-2,"[[498, 0, 2], [0, 0, 0], [0, 0, 0]]",0.0,0.005686453000009806,0,0,0
44,Full Retraining,61,1,500,0.3247863247863248,0.95,0.3333333333333333,0.31666666666666665,475,25,25,-25,"[[475, 19, 6], [0, 0, 0], [0, 0, 0]]",0.0,0.0056902729999706025,0,0,0
44,Full Retraining,62,1,500,1.0,1.0,1.0,1.0,500,0,0,0,"[[500, 0, 0], [0, 0, 0], [0, 0, 0]]",0.0,0.00549033300001156,0,0,0
44,Full Retraining,63,1,500,0.33266533066132264,0.996,0.3333333333333333,0.332,498,2,2,-2,"[[498, 1, 1], [0, 0, 0], [0, 0, 0]]",0.0,0.005447063000019625,0,0,0
44,Full Retraining,64,1,500,0.4994994994994995,0.998,0.5,0.499,499,1,1,-1,"[[499, 1, 0], [0, 0, 0], [0, 0, 0]]",0.0,0.0054507520000015575,0,0,0
44,Full Retraining,65,1,500,1.0,1.0,1.0,1.0,500,0,0,0,"[[500, 0, 0], [0, 0, 0], [0, 0, 0]]",0.0,0.005505552999977681,0,0,0
44,Full Retraining,66,1,500,0.33132126089872566,0.988,0.3333333333333333,0.3293333333333333,494,6,6,-6,"[[494, 4, 2], [0, 0, 0], [0, 0, 0]]",0.0,0.005549541999982921,0,0,0
44,Full Retraining,67,1,500,1.0,1.0,1.0,1.0,500,0,0,0,"[[500, 0, 0], [0, 0, 0], [0, 0, 0]]",0.0,0.005445941999994375,0,0,0
44,Full Retraining,68,1,500,1.0,1.0,1.0,1.0,500,0,0,0,"[[500, 0, 0], [0, 0, 0], [0, 0, 0]]",0.0,0.005388932000016666,0,0,0
44,Full Retraining,69,1,500,0.001996007984031936,0.002,0.5,0.001,1,499,499,-499,"[[0, 0, 0], [499, 1, 0], [0, 0, 0]]",0.0,0.005528993000041282,0,0,0
44,Full Retraining,70,3,500,0.4850669412976313,0.942,0.5,0.471,471,29,29,-29,"[[0, 0, 0], [29, 471, 0], [0, 0, 0]]",0.12707335400000375,0.005564622999997937,1,0,0
44,Full Retraining,71,3,500,0.486652977412731,0.948,0.5,0.474,474,26,26,-26,"[[0, 0, 0], [26, 474, 0], [0, 0, 0]]",0.0,0.0055780630000299425,0,0,0
44,Full Retraining,72,3,500,0.48717948717948717,0.95,0.5,0.475,475,25,25,-25,"[[0, 0, 0], [25, 475, 0], [0, 0, 0]]",0.0,0.005538933000025281,0,0,0
44,Full Retraining,73,3,500,0.48612538540596095,0.946,0.5,0.473,473,27,27,-27,"[[0, 0, 0], [27, 473, 0], [0, 0, 0]]",0.0,0.005636793000007856,0,0,0
44,Full Retraining,74,3,500,1.0,1.0,1.0,1.0,500,0,0,0,"[[0, 0, 0], [0, 500, 0], [0, 0, 0]]",0.0,0.0055629330000215305,0,0,0
44,Full Retraining,75,3,500,0.4714587737843552,0.892,0.5,0.446,446,54,54,-54,"[[0, 0, 0], [54, 446, 0], [0, 0, 0]]",0.0,0.005518431999973927,0,0,0
44,Full Retraining,76,3,500,0.48717948717948717,0.95,0.5,0.475,475,25,25,-25,"[[0, 0, 0], [25, 475, 0], [0, 0, 0]]",0.0,0.0054029430000355205,0,0,0
44,Full Retraining,77,3,500,0.49899799599198397,0.996,0.5,0.498,498,2,2,-2,"[[0, 0, 0], [2, 498, 0], [0, 0, 0]]",0.0,0.005926743999964401,0,0,0
44,Full Retraining,78,3,500,0.49849548645937813,0.994,0.5,0.497,497,3,3,-3,"[[0, 0, 0], [3, 497, 0], [0, 0, 0]]",0.0,0.005330232000005708,0,0,0
44,Full Retraining,79,3,500,0.0,0.0,0.0,0.0,0,500,500,-500,"[[0, 0, 0], [0, 0, 0], [7, 493, 0]]",0.0,0.00546275199997126,0,0,0
44,Full Retraining,80,3,500,0.49748743718592964,0.99,0.5,0.495,495,5,5,-5,"[[0, 0, 0], [5, 495, 0], [0, 0, 0]]",0.0,0.0054056719999948655,0,0,0
44,Full Retraining,81,3,500,0.4994994994994995,0.998,0.5,0.499,499,1,1,-1,"[[0, 0, 0], [1, 499, 0], [0, 0, 0]]",0.0,0.005450063000012051,0,0,0
44,Full Retraining,82,3,500,0.0,0.0,0.0,0.0,0,500,500,-500,"[[0, 0, 0], [0, 0, 0], [53, 447, 0]]",0.0,0.005579612999952133,0,0,0
44,Full Retraining,83,1,500,0.0,0.0,0.0,0.0,0,500,500,-500,"[[0, 0, 500], [0, 0, 0], [0, 0, 0]]",0.11938459599997486,0.005308351999985916,1,0,0
44,Full Retraining,84,1,500,0.0,0.0,0.0,0.0,0,500,500,-500,"[[0, 0, 500], [0, 0, 0], [0, 0, 0]]",0.0,0.005365702000005967,0,0,0
44,Full Retraining,85,1,500,1.0,1.0,1.0,1.0,500,0,0,0,"[[0, 0, 0], [0, 0, 0], [0, 0, 500]]",0.0,0.005236801999956242,0,0,0
44,Full Retraining,86,1,500,0.0,0.0,0.0,0.0,0,500,500,-500,"[[0, 0, 0], [0, 0, 500], [0, 0, 0]]",0.0,0.005227801999978965,0,0,0
44,Full Retraining,87,1,500,0.0,0.0,0.0,0.0,0,500,500,-500,"[[0, 0, 500], [0, 0, 0], [0, 0, 0]]",0.0,0.005241861999991215,0,0,0
44,Full Retraining,88,1,500,0.0,0.0,0.0,0.0,0,500,500,-500,"[[0, 0, 500], [0, 0, 0], [0, 0, 0]]",0.0,0.0055022020000023986,0,0,0
44,Full Retraining,89,1,500,0.0,0.0,0.0,0.0,0,500,500,-500,"[[0, 0, 500], [0, 0, 0], [0, 0, 0]]",0.0,0.005826484000010623,0,0,0
44,Full Retraining,90,1,500,0.0,0.0,0.0,0.0,0,500,500,-500,"[[0, 0, 500], [0, 0, 0], [0, 0, 0]]",0.0,0.005550072999994882,0,0,0
44,Full Retraining,91,1,500,0.0,0.0,0.0,0.0,0,500,500,-500,"[[0, 131, 369], [0, 0, 0], [0, 0, 0]]",0.0,0.005360932000030516,0,0,0
44,Full Retraining,92,1,500,0.011787819253438114,0.018,0.3333333333333333,0.005999999999999999,9,491,491,-491,"[[0, 0, 0], [0, 0, 0], [42, 449, 9]]",0.0,0.005442071999993914,0,0,0
44,Full Retraining,93,1,500,0.001330671989354624,0.002,0.3333333333333333,0.0006666666666666666,1,499,499,-499,"[[1, 475, 24], [0, 0, 0], [0, 0, 0]]",0.0,0.00551205299996127,0,0,0
44,Full Retraining,94,1,500,0.009900990099009901,0.01,0.5,0.005,5,495,495,-495,"[[5, 495, 0], [0, 0, 0], [0, 0, 0]]",0.0,0.005501522999963981,0,0,0
44,Full Retraining,95,1,500,0.007905138339920948,0.012,0.3333333333333333,0.004,6,494,494,-494,"[[0, 0, 0], [0, 0, 0], [49, 445, 6]]",0.0,0.005448773000011897,0,0,0
44,Full Retraining,96,1,500,0.05839416058394161,0.096,0.3333333333333333,0.032,48,452,452,-452,"[[0, 0, 0], [0, 0, 0], [103, 349, 48]]",0.0,0.005546492999997099,0,0,0
44,Full Retraining,97,1,500,0.3205261336102458,0.926,0.3333333333333333,0.3086666666666667,463,37,37,-37,"[[0, 0, 0], [4, 463, 33], [0, 0, 0]]",0.0,0.005708383000012418,0,0,0
44,Full Retraining,98,1,500,0.3275686673448627,0.966,0.3333333333333333,0.322,483,17,17,-17,"[[0, 0, 0], [3, 483, 14], [0, 0, 0]]",0.0,0.005749092999963068,0,0,0
44,Full Retraining,99,1,500,0.0280970625798212,0.044,0.3333333333333333,0.014666666666666666,22,478,478,-478,"[[22, 470, 8], [0, 0, 0], [0, 0, 0]]",0.0,0.005872732999989694,0,0,0
44,Full Retraining,100,1,500,0.001996007984031936,0.002,0.5,0.001,1,499,499,-499,"[[1, 499, 0], [0, 0, 0], [0, 0, 0]]",0.0,0.005742032999989988,0,0,0
44,Full Retraining,101,1,500,0.007936507936507936,0.008,0.5,0.004,4,496,496,-496,"[[4, 496, 0], [0, 0, 0], [0, 0, 0]]",0.0,0.005486453000003166,0,0,0
44,Full Retraining,102,1,500,0.14826334888543288,0.286,0.3333333333333333,0.09533333333333333,143,357,357,-357,"[[143, 240, 117], [0, 0, 0], [0, 0, 0]]",0.0,0.005542112000000543,0,0,0
44,Full Retraining,103,1,500,0.4850669412976313,0.942,0.5,0.471,471,29,29,-29,"[[0, 0, 0], [29, 471, 0], [0, 0, 0]]",0.0,0.005480563000048733,0,0,0
44,Full Retraining,104,1,500,0.29996332966629996,0.818,0.3333333333333333,0.27266666666666667,409,91,91,-91,"[[0, 0, 0], [63, 409, 28], [0, 0, 0]]",0.0,0.005498362999958317,0,0,0
44,Full Retraining,105,1,500,0.3323303243062521,0.994,0.3333333333333333,0.3313333333333333,497,3,3,-3,"[[0, 0, 0], [1, 497, 2], [0, 0, 0]]",0.0,0.0055250529999852915,0,0,0
44,Full Retraining,106,1,500,0.02192134107027724,0.034,0.3333333333333333,0.011333333333333334,17,483,483,-483,"[[0, 0, 0], [0, 0, 0], [1, 482, 17]]",0.0,0.005567311999982394,0,0,0
44,Full Retraining,107,1,500,0.32160110420979987,0.932,0.3333333333333333,0.3106666666666667,466,34,34,-34,"[[0, 0, 0], [1, 466, 33], [0, 0, 0]]",0.0,0.005595062999987022,0,0,0
44,Full Retraining,108,1,500,0.011787819253438114,0.018,0.3333333333333333,0.005999999999999999,9,491,491,-491,"[[9, 486, 5], [0, 0, 0], [0, 0, 0]]",0.0,0.005546552999987853,0,0,0
44,Full Retraining,109,2,500,0.425947187141217,0.742,0.5,0.371,371,129,129,-129,"[[371, 129, 0], [0, 0, 0], [0, 0, 0]]",0.13208846499998117,0.005614893000029042,1,0,0
44,Full Retraining,110,1,500,0.0,0.0,0.0,0.0,0,500,500,-500,"[[0, 0, 0], [500, 0, 0], [0, 0, 0]]",0.12356655499996805,0.005488313000000744,1,0,0
44,Full Retraining,111,1,500,0.0,0.0,0.0,0.0,0,500,500,-500,"[[0, 0, 0], [0, 0, 0], [500, 0, 0]]",0.0,0.005331782000041585,0,0,0
44,Full Retraining,112,1,500,0.0,0.0,0.0,0.0,0,500,500,-500,"[[0, 0, 0], [500, 0, 0], [0, 0, 0]]",0.0,0.0056416729999568815,0,0,0
44,Full Retraining,113,2,500,0.0,0.0,0.0,0.0,0,500,500,-500,"[[0, 0, 0], [0, 0, 0], [0, 500, 0]]",0.12092195899998615,0.0053328920000126345,1,0,0
44,Full Retraining,114,2,500,0.0,0.0,0.0,0.0,0,500,500,-500,"[[0, 0, 0], [0, 0, 0], [0, 500, 0]]",0.0,0.005213082000011582,0,0,0
44,Full Retraining,115,2,500,0.0,0.0,0.0,0.0,0,500,500,-500,"[[0, 0, 0], [0, 0, 0], [0, 500, 0]]",0.0,0.005193201999986741,0,0,0
44,Full Retraining,116,2,500,0.0,0.0,0.0,0.0,0,500,500,-500,"[[0, 427, 73], [0, 0, 0], [0, 0, 0]]",0.0,0.005221462000008614,0,0,0
44,Full Retraining,117,1,500,1.0,1.0,1.0,1.0,500,0,0,0,"[[500, 0, 0], [0, 0, 0], [0, 0, 0]]",0.11980630699997619,0.005325662000018383,1,0,0
44,Full Retraining,118,1,500,0.08088235294117647,0.088,0.5,0.044,44,456,456,-456,"[[0, 0, 0], [0, 0, 0], [456, 0, 44]]",0.0,0.005444473000011385,0,0,0
44,Full Retraining,119,2,500,0.31762652705061084,0.91,0.3333333333333333,0.30333333333333334,455,45,45,-45,"[[0, 0, 0], [0, 0, 0], [43, 2, 455]]",0.12210696199997528,0.005361961999994946,1,0,0
44,Full Retraining,120,2,500,0.11018363939899833,0.198,0.3333333333333333,0.066,99,401,401,-401,"[[99, 95, 306], [0, 0, 0], [0, 0, 0]]",0.0,0.005562213000018801,0,0,0
44,Full Retraining,121,1,500,1.0,1.0,1.0,1.0,500,0,0,0,"[[500, 0, 0], [0, 0, 0], [0, 0, 0]]",0.1291490589999853,0.005280161999962729,1,0,0
44,Full Retraining,122,1,500,1.0,1.0,1.0,1.0,500,0,0,0,"[[500, 0, 0], [0, 0, 0], [0, 0, 0]]",0.0,0.0060130139999614585,0,0,0
44,Full Retraining,123,1,500,1.0,1.0,1.0,1.0,500,0,0,0,"[[500, 0, 0], [0, 0, 0], [0, 0, 0]]",0.0,0.00616947399998935,0,0,0
44,Full Retraining,124,1,500,1.0,1.0,1.0,1.0,500,0,0,0,"[[500, 0, 0], [0, 0, 0], [0, 0, 0]]",0.0,0.005802492999976039,0,0,0
44,Full Retraining,125,1,500,0.4969818913480885,0.988,0.5,0.494,494,6,6,-6,"[[494, 6, 0], [0, 0, 0], [0, 0, 0]]",0.0,0.00538454300004787,0,0,0
44,Full Retraining,126,1,500,1.0,1.0,1.0,1.0,500,0,0,0,"[[500, 0, 0], [0, 0, 0], [0, 0, 0]]",0.0,0.005513841999970737,0,0,0
44,Full Retraining,127,1,500,1.0,1.0,1.0,1.0,500,0,0,0,"[[500, 0, 0], [0, 0, 0], [0, 0, 0]]",0.0,0.005562002999965898,0,0,0
44,Full Retraining,128,1,500,1.0,1.0,1.0,1.0,500,0,0,0,"[[500, 0, 0], [0, 0, 0], [0, 0, 0]]",0.0,0.005568021999977191,0,0,0
44,Full Retraining,129,1,500,1.0,1.0,1.0,1.0,500,0,0,0,"[[500, 0, 0], [0, 0, 0], [0, 0, 0]]",0.0,0.005423192000023391,0,0,0
44,Full Retraining,130,1,500,0.001996007984031936,0.002,0.5,0.001,1,499,499,-499,"[[0, 0, 0], [499, 1, 0], [0, 0, 0]]",0.0,0.005539462000001549,0,0,0
44,Full Retraining,131,1,500,0.0026560424966799467,0.004,0.3333333333333333,0.0013333333333333333,2,498,498,-498,"[[0, 0, 0], [373, 2, 125], [0, 0, 0]]",0.0,0.006541495000021769,0,0,0
44,Full Retraining,132,1,500,0.0,0.0,0.0,0.0,0,500,500,-500,"[[0, 0, 0], [143, 0, 357], [0, 0, 0]]",0.0,0.005534493000027396,0,0,0
44,Full Retraining,133,1,500,0.005291005291005291,0.008,0.3333333333333333,0.0026666666666666666,4,496,496,-496,"[[0, 0, 0], [355, 4, 141], [0, 0, 0]]",0.0,0.006087483999976939,0,0,0
44,Full Retraining,134,1,500,0.27125345986555954,0.686,0.3333333333333333,0.22866666666666668,343,157,157,-157,"[[0, 0, 0], [0, 0, 0], [154, 3, 343]]",0.0,0.005670592999990731,0,0,0
44,Full Retraining,135,1,500,0.3233779608650875,0.942,0.3333333333333333,0.314,471,29,29,-29,"[[471, 3, 26], [0, 0, 0], [0, 0, 0]]",0.0,0.005710192999970332,0,0,0
44,Full Retraining,136,1,500,0.015748031496062992,0.016,0.5,0.008,8,492,492,-492,"[[0, 0, 0], [492, 8, 0], [0, 0, 0]]",0.0,0.006076204000009966,0,0,0
44,Full Retraining,137,1,500,0.3172606568832984,0.908,0.3333333333333333,0.3026666666666667,454,46,46,-46,"[[454, 4, 42], [0, 0, 0], [0, 0, 0]]",0.0,0.006469535000007909,0,0,0
44,Full Retraining,138,1,500,0.0,0.0,0.0,0.0,0,500,500,-500,"[[0, 0, 0], [0, 0, 0], [500, 0, 0]]",0.0,0.006117764000009629,0,0,0
44,Full Retraining,139,1,500,0.0,0.0,0.0,0.0,0,500,500,-500,"[[0, 0, 0], [0, 0, 0], [500, 0, 0]]",0.0,0.005549692999977651,0,0,0
44,Full Retraining,140,1,500,1.0,1.0,1.0,1.0,500,0,0,0,"[[500, 0, 0], [0, 0, 0], [0, 0, 0]]",0.0,0.005520081999975446,0,0,0
44,Full Retraining,141,1,500,0.0,0.0,0.0,0.0,0,500,500,-500,"[[0, 0, 0], [500, 0, 0], [0, 0, 0]]",0.0,0.005609862999961024,0,0,0
44,Full Retraining,142,1,500,0.3016759776536313,0.432,0.5,0.216,216,284,284,-284,"[[0, 0, 0], [0, 0, 0], [284, 0, 216]]",0.0,0.005839252999976452,0,0,0
44,Full Retraining,143,1,500,0.0,0.0,0.0,0.0,0,500,500,-500,"[[0, 0, 0], [500, 0, 0], [0, 0, 0]]",0.0,0.005677063000007365,0,0,0
44,Full Retraining,144,1,500,0.0,0.0,0.0,0.0,0,500,500,-500,"[[0, 0, 0], [500, 0, 0], [0, 0, 0]]",0.0,0.005669592999993256,0,0,0
44,Full Retraining,145,1,500,0.0,0.0,0.0,0.0,0,500,500,-500,"[[0, 0, 0], [500, 0, 0], [0, 0, 0]]",0.0,0.005545402999985072,0,0,0
44,Full Retraining,146,1,500,1.0,1.0,1.0,1.0,500,0,0,0,"[[500, 0, 0], [0, 0, 0], [0, 0, 0]]",0.0,0.005629662999979246,0,0,0
44,Full Retraining,147,1,500,1.0,1.0,1.0,1.0,500,0,0,0,"[[500, 0, 0], [0, 0, 0], [0, 0, 0]]",0.0,0.005485923000037474,0,0,0
44,Full Retraining,148,1,500,1.0,1.0,1.0,1.0,500,0,0,0,"[[500, 0, 0], [0, 0, 0], [0, 0, 0]]",0.0,0.005658383000024969,0,0,0
44,Full Retraining,149,1,500,0.001996007984031936,0.002,0.5,0.001,1,499,499,-499,"[[0, 0, 0], [499, 1, 0], [0, 0, 0]]",0.0,0.005587122999997973,0,0,0
44,Full Retraining,150,1,500,0.4969818913480885,0.988,0.5,0.494,494,6,6,-6,"[[494, 0, 6], [0, 0, 0], [0, 0, 0]]",0.0,0.005712492999975893,0,0,0
44,Full Retraining,151,1,500,0.007936507936507936,0.008,0.5,0.004,4,496,496,-496,"[[0, 0, 0], [0, 0, 0], [496, 0, 4]]",0.0,0.00573226300002716,0,0,0
44,Full Retraining,152,1,500,0.16805324459234608,0.202,0.5,0.101,101,399,399,-399,"[[0, 0, 0], [0, 0, 0], [399, 0, 101]]",0.0,0.005504602999963026,0,0,0
44,Full Retraining,153,1,500,0.0,0.0,0.0,0.0,0,500,500,-500,"[[0, 0, 0], [464, 0, 36], [0, 0, 0]]",0.0,0.0056048030000397375,0,0,0
44,Full Retraining,154,1,500,0.4959677419354839,0.984,0.5,0.492,492,8,8,-8,"[[492, 0, 8], [0, 0, 0], [0, 0, 0]]",0.0,0.00584890400000404,0,0,0
44,Full Retraining,155,1,500,1.0,1.0,1.0,1.0,500,0,0,0,"[[500, 0, 0], [0, 0, 0], [0, 0, 0]]",0.0,0.005566952999970454,0,0,0
44,Full Retraining,156,1,500,0.49899799599198397,0.996,0.5,0.498,498,2,2,-2,"[[498, 0, 2], [0, 0, 0], [0, 0, 0]]",0.0,0.005448753000052875,0,0,0
44,Full Retraining,157,1,500,1.0,1.0,1.0,1.0,500,0,0,0,"[[500, 0, 0], [0, 0, 0], [0, 0, 0]]",0.0,0.00530730200000562,0,0,0
44,Full Retraining,158,1,500,1.0,1.0,1.0,1.0,500,0,0,0,"[[500, 0, 0], [0, 0, 0], [0, 0, 0]]",0.0,0.005135460999952102,0,0,0
44,Full Retraining,159,1,500,0.001330671989354624,0.002,0.3333333333333333,0.0006666666666666666,1,499,499,-499,"[[0, 0, 0], [440, 1, 59], [0, 0, 0]]",0.0,0.005555682000021989,0,0,0
44,Full Retraining,160,3,500,1.0,1.0,1.0,1.0,500,0,0,0,"[[0, 0, 0], [0, 500, 0], [0, 0, 0]]",0.10085351300000411,0.006828206000022874,1,0,0
44,Full Retraining,161,3,500,1.0,1.0,1.0,1.0,500,0,0,0,"[[0, 0, 0], [0, 500, 0], [0, 0, 0]]",0.0,0.005140842000002976,0,0,0
44,Full Retraining,162,3,500,1.0,1.0,1.0,1.0,500,0,0,0,"[[0, 0, 0], [0, 500, 0], [0, 0, 0]]",0.0,0.005116161999978885,0,0,0
44,Full Retraining,163,3,500,1.0,1.0,1.0,1.0,500,0,0,0,"[[0, 0, 0], [0, 500, 0], [0, 0, 0]]",0.0,0.005110202000025765,0,0,0
44,Full Retraining,164,3,500,1.0,1.0,1.0,1.0,500,0,0,0,"[[0, 0, 0], [0, 500, 0], [0, 0, 0]]",0.0,0.005076970999994046,0,0,0
44,Full Retraining,165,3,500,1.0,1.0,1.0,1.0,500,0,0,0,"[[0, 0, 0], [0, 500, 0], [0, 0, 0]]",0.0,0.005140091999976448,0,0,0
44,Full Retraining,166,1,500,1.0,1.0,1.0,1.0,500,0,0,0,"[[0, 0, 0], [0, 500, 0], [0, 0, 0]]",0.1165265980000072,0.005166712000004736,1,0,0
44,Full Retraining,167,1,500,1.0,1.0,1.0,1.0,500,0,0,0,"[[0, 0, 0], [0, 500, 0], [0, 0, 0]]",0.0,0.005133091000004697,0,0,0
44,Full Retraining,168,1,500,0.0,0.0,0.0,0.0,0,500,500,-500,"[[0, 500, 0], [0, 0, 0], [0, 0, 0]]",0.0,0.005101311999965219,0,0,0
44,Full Retraining,169,1,500,1.0,1.0,1.0,1.0,500,0,0,0,"[[0, 0, 0], [0, 500, 0], [0, 0, 0]]",0.0,0.005258681999976034,0,0,0
44,Full Retraining,170,3,500,0.2753623188405797,0.38,0.5,0.19,190,310,310,-310,"[[0, 0, 0], [310, 190, 0], [0, 0, 0]]",0.13257407499997953,0.005741564000004473,1,0,0
44,Full Retraining,171,3,500,0.33422103861517977,0.502,0.5,0.251,251,249,249,-249,"[[0, 0, 0], [249, 251, 0], [0, 0, 0]]",0.0,0.005826463000005333,0,0,0
44,Full Retraining,172,3,500,0.24812030075187969,0.33,0.5,0.165,165,335,335,-335,"[[0, 0, 0], [335, 165, 0], [0, 0, 0]]",0.0,0.005601082999987739,0,0,0
44,Full Retraining,173,1,500,1.0,1.0,1.0,1.0,500,0,0,0,"[[0, 0, 0], [0, 500, 0], [0, 0, 0]]",0.11762558099997023,0.005863653999995222,1,0,0
44,Full Retraining,174,3,500,0.49647532729103727,0.986,0.5,0.493,493,7,7,-7,"[[0, 0, 0], [7, 493, 0], [0, 0, 0]]",0.12793207600003598,0.005940613000007033,1,0,0
44,Full Retraining,175,3,500,1.0,1.0,1.0,1.0,500,0,0,0,"[[0, 0, 0], [0, 500, 0], [0, 0, 0]]",0.0,0.007445846999985406,0,0,0
44,Full Retraining,176,1,500,0.0,0.0,0.0,0.0,0,500,500,-500,"[[0, 500, 0], [0, 0, 0], [0, 0, 0]]",0.13118251299999883,0.00655475500002467,1,0,0
44,Full Retraining,177,3,500,0.3954050785973398,0.654,0.5,0.327,327,173,173,-173,"[[0, 0, 0], [173, 327, 0], [0, 0, 0]]",0.14193086700004187,0.005922293999958583,1,0,0
44,Full Retraining,178,1,500,0.2125984251968504,0.27,0.5,0.135,135,365,365,-365,"[[135, 365, 0], [0, 0, 0], [0, 0, 0]]",0.15139129799996454,0.007044125999982498,1,0,0
44,Full Retraining,179,3,500,0.3188010899182561,0.468,0.5,0.234,234,266,266,-266,"[[234, 266, 0], [0, 0, 0], [0, 0, 0]]",0.1372572170000126,0.005960712999979023,1,0,0
44,Full Retraining,180,1,500,0.0,0.0,0.0,0.0,0,500,500,-500,"[[0, 0, 0], [500, 0, 0], [0, 0, 0]]",0.12025510800003758,0.005097621999993862,1,0,0
44,Full Retraining,181,1,500,0.0,0.0,0.0,0.0,0,500,500,-500,"[[0, 0, 0], [500, 0, 0], [0, 0, 0]]",0.0,0.005131312000003163,0,0,0
44,ADWIN,36,1,500,0.49341438703140833,0.974,0.5,0.487,487,13,13,-13,"[[487, 13, 0], [0, 0, 0], [0, 0, 0]]",0.0,0.005674742999985938,0,0,0
44,ADWIN,37,1,500,0.13194444444444445,0.152,0.5,0.076,76,424,424,-424,"[[0, 0, 0], [424, 76, 0], [0, 0, 0]]",0.0,0.005667632999973193,0,0,0
44,ADWIN,38,1,500,0.49849548645937813,0.994,0.5,0.497,497,3,3,-3,"[[497, 0, 3], [0, 0, 0], [0, 0, 0]]",0.0,0.005291282000030151,0,0,0
44,ADWIN,39,1,500,0.0,0.0,0.0,0.0,0,500,500,-500,"[[0, 0, 0], [497, 0, 3], [0, 0, 0]]",0.0,0.005300772999987657,0,0,0
44,ADWIN,40,1,500,0.0,0.0,0.0,0.0,0,500,500,-500,"[[0, 0, 0], [499, 0, 1], [0, 0, 0]]",0.0,0.005271162000042295,0,0,0
44,ADWIN,41,1,500,0.059502125075895564,0.098,0.3333333333333333,0.03266666666666667,49,451,451,-451,"[[0, 0, 0], [0, 0, 0], [245, 206, 49]]",0.0,0.005724823999969431,0,0,0
44,ADWIN,42,1,500,0.2149954832881662,0.476,0.3333333333333333,0.15866666666666665,238,262,262,-262,"[[238, 237, 25], [0, 0, 0], [0, 0, 0]]",0.0,0.005373783000038657,0,0,0
44,ADWIN,43,1,500,0.1474558670820353,0.284,0.3333333333333333,0.09466666666666666,142,358,358,-358,"[[142, 147, 211], [0, 0, 0], [0, 0, 0]]",0.0,0.00604921399997238,0,0,0
44,ADWIN,44,1,500,0.24895572263993315,0.596,0.3333333333333333,0.19866666666666666,298,202,202,-202,"[[298, 22, 180], [0, 0, 0], [0, 0, 0]]",0.0,0.006067142999995667,0,0,0
44,ADWIN,45,1,500,0.2870159453302961,0.756,0.3333333333333333,0.252,378,122,122,-122,"[[378, 64, 58], [0, 0, 0], [0, 0, 0]]",0.0,0.0055600129999788805,0,0,0
44,ADWIN,46,1,500,0.3157894736842105,0.9,0.3333333333333333,0.3,450,50,50,-50,"[[450, 1, 49], [0, 0, 0], [0, 0, 0]]",0.0,0.005395632999977806,0,0,0
44,ADWIN,47,1,500,0.4979919678714859,0.992,0.5,0.496,496,4,4,-4,"[[496, 0, 4], [0, 0, 0], [0, 0, 0]]",0.0,0.005592303000014454,0,0,0
44,ADWIN,48,1,500,0.3172606568832984,0.908,0.3333333333333333,0.3026666666666667,454,46,46,-46,"[[454, 12, 34], [0, 0, 0], [0, 0, 0]]",0.0,0.0057003929999837055,0,0,0
44,ADWIN,49,1,500,0.22864651773981604,0.522,0.3333333333333333,0.17400000000000002,261,239,239,-239,"[[261, 17, 222], [0, 0, 0], [0, 0, 0]]",0.0,0.005510582999988856,0,0,0
44,ADWIN,50,1,500,0.27588901914810476,0.706,0.3333333333333333,0.2353333333333333,353,147,147,-147,"[[353, 88, 59], [0, 0, 0], [0, 0, 0]]",0.0,0.0056598529999973834,0,0,0
44,ADWIN,51,1,500,0.32088520055325037,0.928,0.3333333333333333,0.30933333333333335,464,36,36,-36,"[[464, 1, 35], [0, 0, 0], [0, 0, 0]]",0.0,0.005350141999997504,0,0,0
44,ADWIN,52,1,500,0.49849548645937813,0.994,0.5,0.497,497,3,3,-3,"[[497, 0, 3], [0, 0, 0], [0, 0, 0]]",0.0,0.005356292000044505,0,0,0
44,ADWIN,53,1,500,0.2586699306405549,0.634,0.3333333333333333,0.21133333333333335,317,183,183,-183,"[[317, 97, 86], [0, 0, 0], [0, 0, 0]]",0.0,0.005251111999996283,0,0,0
44,ADWIN,54,1,500,0.3109213802917111,0.874,0.3333333333333333,0.29133333333333333,437,63,63,-63,"[[437, 26, 37], [0, 0, 0], [0, 0, 0]]",0.0,0.005264742999997907,0,0,0
44,ADWIN,55,1,500,0.4994994994994995,0.998,0.5,0.499,499,1,1,-1,"[[499, 0, 1], [0, 0, 0], [0, 0, 0]]",0.0,0.006753005999996731,0,0,0
44,ADWIN,56,1,500,0.4994994994994995,0.998,0.5,0.499,499,1,1,-1,"[[499, 0, 1], [0, 0, 0], [0, 0, 0]]",0.0,0.0069152859999803695,0,0,0
44,ADWIN,57,1,500,0.30977872947894364,0.868,0.3333333333333333,0.28933333333333333,434,66,66,-66,"[[434, 53, 13], [0, 0, 0], [0, 0, 0]]",0.0,0.00547981200003278,0,0,0
44,ADWIN,58,1,500,0.1750245821042281,0.356,0.3333333333333333,0.11866666666666666,178,322,322,-322,"[[0, 0, 0], [94, 178, 228], [0, 0, 0]]",0.0,0.005335832000014307,0,0,0
44,ADWIN,59,1,500,0.31016042780748665,0.87,0.3333333333333333,0.29,435,65,65,-65,"[[435, 21, 44], [0, 0, 0], [0, 0, 0]]",0.0,0.0054099629999768695,0,0,0
44,ADWIN,60,1,500,0.49899799599198397,0.996,0.5,0.498,498,2,2,-2,"[[498, 0, 2], [0, 0, 0], [0, 0, 0]]",0.0,0.0053883229999769355,0,0,0
44,ADWIN,61,1,500,0.3247863247863248,0.95,0.3333333333333333,0.31666666666666665,475,25,25,-25,"[[475, 19, 6], [0, 0, 0], [0, 0, 0]]",0.0,0.0054826129999696605,0,0,0
44,ADWIN,62,1,500,1.0,1.0,1.0,1.0,500,0,0,0,"[[500, 0, 0], [0, 0, 0], [0, 0, 0]]",0.0,0.005478801999970528,0,0,0
44,ADWIN,63,1,500,0.33266533066132264,0.996,0.3333333333333333,0.332,498,2,2,-2,"[[498, 1, 1], [0, 0, 0], [0, 0, 0]]",0.0,0.005203362000031575,0,0,0
44,ADWIN,64,1,500,0.4994994994994995,0.998,0.5,0.499,499,1,1,-1,"[[499, 1, 0], [0, 0, 0], [0, 0, 0]]",0.0,0.005197371999997813,0,0,0
44,ADWIN,65,1,500,1.0,1.0,1.0,1.0,500,0,0,0,"[[500, 0, 0], [0, 0, 0], [0, 0, 0]]",0.0,0.005164322000041466,0,0,0
44,ADWIN,66,1,500,0.33132126089872566,0.988,0.3333333333333333,0.3293333333333333,494,6,6,-6,"[[494, 4, 2], [0, 0, 0], [0, 0, 0]]",0.0,0.005236641999999847,0,0,0
44,ADWIN,67,1,500,1.0,1.0,1.0,1.0,500,0,0,0,"[[500, 0, 0], [0, 0, 0], [0, 0, 0]]",0.0,0.005198771999971541,0,0,0
44,ADWIN,68,1,500,1.0,1.0,1.0,1.0,500,0,0,0,"[[500, 0, 0], [0, 0, 0], [0, 0, 0]]",0.0,0.00525551200001928,0,0,0
44,ADWIN,69,1,500,0.001996007984031936,0.002,0.5,0.001,1,499,499,-499,"[[0, 0, 0], [499, 1, 0], [0, 0, 0]]",0.0,0.005309002000046803,0,0,0
44,ADWIN,70,3,500,0.015748031496062992,0.016,0.5,0.008,8,492,492,-492,"[[0, 0, 0], [492, 8, 0], [0, 0, 0]]",0.0,0.005943194000053609,0,0,0
44,ADWIN,71,3,500,0.11504424778761062,0.13,0.5,0.065,65,435,435,-435,"[[0, 0, 0], [435, 65, 0], [0, 0, 0]]",0.0,0.005500662999963879,0,0,0
44,ADWIN,72,3,500,0.20508744038155802,0.258,0.5,0.129,129,371,371,-371,"[[0, 0, 0], [371, 129, 0], [0, 0, 0]]",0.0,0.005413752999970711,0,0,0
44,ADWIN,73,3,500,0.20382165605095542,0.256,0.5,0.128,128,372,372,-372,"[[0, 0, 0], [372, 128, 0], [0, 0, 0]]",0.0,0.005376522999995359,0,0,0
44,ADWIN,74,3,500,0.0196078431372549,0.02,0.5,0.01,10,490,490,-490,"[[0, 0, 0], [490, 10, 0], [0, 0, 0]]",0.0,0.005327892000025258,0,0,0
44,ADWIN,75,3,500,0.0421455938697318,0.044,0.5,0.022,22,478,478,-478,"[[0, 0, 0], [478, 22, 0], [0, 0, 0]]",0.0,0.0054296520000320925,0,0,0
44,ADWIN,76,3,500,0.005964214711729622,0.006,0.5,0.003,3,497,497,-497,"[[0, 0, 0], [497, 3, 0], [0, 0, 0]]",0.0,0.00550035199995591,0,0,0
44,ADWIN,77,3,500,0.08592321755027423,0.094,0.5,0.047,47,453,453,-453,"[[0, 0, 0], [453, 47, 0], [0, 0, 0]]",0.0,0.005335061999971913,0,0,0
44,ADWIN,78,3,500,0.011857707509881422,0.012,0.5,0.006,6,494,494,-494,"[[0, 0, 0], [494, 6, 0], [0, 0, 0]]",0.0,0.005221792999975605,0,0,0
44,ADWIN,79,3,500,0.0,0.0,0.0,0.0,0,500,500,-500,"[[0, 0, 0], [0, 0, 0], [470, 30, 0]]",0.0,0.00574666300002491,0,0,0
44,ADWIN,80,3,500,0.20634920634920634,0.26,0.5,0.13,130,370,370,-370,"[[0, 0, 0], [370, 130, 0], [0, 0, 0]]",0.0,0.007104416999993646,0,0,0
44,ADWIN,81,3,500,0.038461538461538464,0.04,0.5,0.02,20,480,480,-480,"[[0, 0, 0], [480, 20, 0], [0, 0, 0]]",0.0,0.005466893000004802,0,0,0
44,ADWIN,82,3,500,0.005291005291005291,0.008,0.3333333333333333,0.0026666666666666666,4,496,496,-496,"[[0, 0, 0], [0, 0, 0], [338, 158, 4]]",0.0,0.005513823000001139,0,0,0
44,ADWIN,83,1,500,0.272655634357762,0.692,0.3333333333333333,0.23066666666666666,346,154,154,-154,"[[346, 130, 24], [0, 0, 0], [0, 0, 0]]",0.0,0.005373763000022791,0,0,0
44,ADWIN,84,1,500,0.316894018887723,0.906,0.3333333333333333,0.302,453,47,47,-47,"[[453, 4, 43], [0, 0, 0], [0, 0, 0]]",0.0,0.0053617330000292895,0,0,0
44,ADWIN,85,1,500,0.12021857923497269,0.22,0.3333333333333333,0.07333333333333333,110,390,390,-390,"[[0, 0, 0], [0, 0, 0], [360, 30, 110]]",0.0,0.005282621999981529,0,0,0
44,ADWIN,86,1,500,0.06498194945848375,0.108,0.3333333333333333,0.036,54,446,446,-446,"[[0, 0, 0], [321, 54, 125], [0, 0, 0]]",0.0,0.005382352999959039,0,0,0
44,ADWIN,87,1,500,0.427262313860252,0.746,0.5,0.373,373,127,127,-127,"[[373, 127, 0], [0, 0, 0], [0, 0, 0]]",0.0,0.005536431999985325,0,0,0
44,ADWIN,88,1,500,1.0,1.0,1.0,1.0,500,0,0,0,"[[500, 0, 0], [0, 0, 0], [0, 0, 0]]",0.0,0.005332332000023143,0,0,0
44,ADWIN,89,1,500,0.3135593220338983,0.888,0.3333333333333333,0.296,444,56,56,-56,"[[444, 33, 23], [0, 0, 0], [0, 0, 0]]",0.0,0.0056126129999825025,0,0,0
44,ADWIN,90,1,500,0.49031600407747195,0.962,0.5,0.481,481,19,19,-19,"[[481, 0, 19], [0, 0, 0], [0, 0, 0]]",0.0,0.005306431999997585,0,0,0
44,ADWIN,91,1,500,0.32160110420979987,0.932,0.3333333333333333,0.3106666666666667,466,34,34,-34,"[[466, 2, 32], [0, 0, 0], [0, 0, 0]]",0.0,0.00531749200001741,0,0,0
44,ADWIN,92,1,500,0.0,0.0,0.0,0.0,0,500,500,-500,"[[0, 0, 0], [0, 0, 0], [497, 3, 0]]",0.0,0.005517033000046467,0,0,0
44,ADWIN,93,1,500,0.43820224719101125,0.78,0.5,0.39,390,110,110,-110,"[[390, 110, 0], [0, 0, 0], [0, 0, 0]]",0.0,0.005588242999976956,0,0,0
44,ADWIN,94,1,500,0.4407158836689038,0.788,0.5,0.394,394,106,106,-106,"[[394, 106, 0], [0, 0, 0], [0, 0, 0]]",0.0,0.0055358019999971475,0,0,0
44,ADWIN,95,1,500,0.0,0.0,0.0,0.0,0,500,500,-500,"[[0, 0, 0], [0, 0, 0], [185, 315, 0]]",0.0,0.005410382000036407,0,0,0
44,ADWIN,96,1,500,0.0,0.0,0.0,0.0,0,500,500,-500,"[[0, 0, 0], [0, 0, 0], [461, 39, 0]]",0.0,0.005461741999965852,0,0,0
44,ADWIN,97,1,500,0.26253687315634217,0.356,0.5,0.178,178,322,322,-322,"[[0, 0, 0], [322, 178, 0], [0, 0, 0]]",0.0,0.005655703000002177,0,0,0
44,ADWIN,98,1,500,0.2897727272727273,0.408,0.5,0.204,204,296,296,-296,"[[0, 0, 0], [296, 204, 0], [0, 0, 0]]",0.0,0.005552283000042735,0,0,0
44,ADWIN,99,1,500,0.4731296101159115,0.898,0.5,0.449,449,51,51,-51,"[[449, 51, 0], [0, 0, 0], [0, 0, 0]]",0.0,0.005728024000006826,0,0,0
44,ADWIN,100,1,500,0.4824016563146998,0.932,0.5,0.466,466,34,34,-34,"[[466, 34, 0], [0, 0, 0], [0, 0, 0]]",0.0,0.005709414000023116,0,0,0
44,ADWIN,101,1,500,0.4797086368366285,0.922,0.5,0.461,461,39,39,-39,"[[461, 39, 0], [0, 0, 0], [0, 0, 0]]",0.0,0.005598183000017798,0,0,0
44,ADWIN,102,1,500,0.49899799599198397,0.996,0.5,0.498,498,2,2,-2,"[[498, 2, 0], [0, 0, 0], [0, 0, 0]]",0.0,0.005363563000003069,0,0,0
44,ADWIN,103,1,500,0.013806706114398421,0.014,0.5,0.007,7,493,493,-493,"[[0, 0, 0], [493, 7, 0], [0, 0, 0]]",0.0,0.005471623000005366,0,0,0
44,ADWIN,104,1,500,0.009900990099009901,0.01,0.5,0.005,5,495,495,-495,"[[0, 0, 0], [495, 5, 0], [0, 0, 0]]",0.0,0.005490832000020873,0,0,0
44,ADWIN,105,1,500,0.34980494148244473,0.538,0.5,0.269,269,231,231,-231,"[[0, 0, 0], [231, 269, 0], [0, 0, 0]]",0.0,0.005329852000045321,0,0,0
44,ADWIN,106,1,500,0.0,0.0,0.0,0.0,0,500,500,-500,"[[0, 0, 0], [0, 0, 0], [227, 273, 0]]",0.0,0.005429731999981868,0,0,0
44,ADWIN,107,1,500,0.3131868131868132,0.456,0.5,0.228,228,272,272,-272,"[[0, 0, 0], [272, 228, 0], [0, 0, 0]]",0.0,0.00535871199997473,0,0,0
44,ADWIN,108,1,500,0.13644214162348878,0.158,0.5,0.079,79,421,421,-421,"[[79, 421, 0], [0, 0, 0], [0, 0, 0]]",0.0,0.005456342999991648,0,0,0
44,ADWIN,109,2,500,0.21752738654147105,0.278,0.5,0.139,139,361,361,-361,"[[139, 361, 0], [0, 0, 0], [0, 0, 0]]",0.0,0.0057268240000212245,0,0,0
44,ADWIN,110,1,500,0.24012158054711247,0.316,0.5,0.158,158,342,342,-342,"[[0, 0, 0], [342, 158, 0], [0, 0, 0]]",0.0,0.00548664299998336,0,0,0
44,ADWIN,111,1,500,0.0,0.0,0.0,0.0,0,500,500,-500,"[[0, 0, 0], [0, 0, 0], [78, 422, 0]]",0.0,0.005669242999999824,0,0,0
44,ADWIN,112,1,500,0.3880048959608323,0.634,0.5,0.317,317,183,183,-183,"[[0, 0, 0], [183, 317, 0], [0, 0, 0]]",0.0,0.005585442999972656,0,0,0
44,ADWIN,113,2,500,0.0,0.0,0.0,0.0,0,500,500,-500,"[[0, 0, 0], [0, 0, 0], [181, 319, 0]]",0.0,0.005588133000003381,0,0,0
44,ADWIN,114,2,500,0.0,0.0,0.0,0.0,0,500,500,-500,"[[0, 0, 0], [0, 0, 0], [54, 446, 0]]",0.0,0.005502462999970703,0,0,0
44,ADWIN,115,2,500,0.0,0.0,0.0,0.0,0,500,500,-500,"[[0, 0, 0], [0, 0, 0], [300, 200, 0]]",0.0,0.005439552000041203,0,0,0
44,ADWIN,116,2,500,0.1166077738515901,0.132,0.5,0.066,66,434,434,-434,"[[66, 434, 0], [0, 0, 0], [0, 0, 0]]",0.0,0.00599937399999817,0,0,0
44,ADWIN,117,1,500,0.027237354085603113,0.028,0.5,0.014,14,486,486,-486,"[[14, 486, 0], [0, 0, 0], [0, 0, 0]]",0.0,0.005494352000027902,0,0,0
44,ADWIN,118,1,500,0.003976143141153081,0.006,0.3333333333333333,0.002,3,497,497,-497,"[[0, 0, 0], [0, 0, 0], [224, 273, 3]]",0.0,0.00598466400003872,0,0,0
44,ADWIN,119,2,500,0.024405908798972382,0.038,0.3333333333333333,0.012666666666666666,19,481,481,-481,"[[0, 0, 0], [0, 0, 0], [407, 74, 19]]",0.0,0.005538882999985617,0,0,0
44,ADWIN,120,2,500,0.4110718492343934,0.698,0.5,0.349,349,151,151,-151,"[[349, 151, 0], [0, 0, 0], [0, 0, 0]]",0.0,0.005541882999978043,0,0,0
44,ADWIN,121,1,500,0.49443882709807885,0.978,0.5,0.489,489,11,11,-11,"[[489, 11, 0], [0, 0, 0], [0, 0, 0]]",0.0,0.00533774299998413,0,0,0
44,ADWIN,122,1,500,1.0,1.0,1.0,1.0,500,0,0,0,"[[500, 0, 0], [0, 0, 0], [0, 0, 0]]",0.0,0.005208241999980601,0,0,0
44,ADWIN,123,1,500,0.49341438703140833,0.974,0.5,0.487,487,13,13,-13,"[[487, 13, 0], [0, 0, 0], [0, 0, 0]]",0.0,0.005826573000035751,0,0,0
44,ADWIN,124,1,500,1.0,1.0,1.0,1.0,500,0,0,0,"[[500, 0, 0], [0, 0, 0], [0, 0, 0]]",0.0,0.005182922000017243,0,0,0
44,ADWIN,125,1,500,0.3670886075949367,0.58,0.5,0.29,290,210,210,-210,"[[290, 210, 0], [0, 0, 0], [0, 0, 0]]",0.0,0.005412332999981118,0,0,0
44,ADWIN,126,1,500,0.3686868686868687,0.584,0.5,0.292,292,208,208,-208,"[[292, 208, 0], [0, 0, 0], [0, 0, 0]]",0.0,0.005830923000019084,0,0,0
44,ADWIN,127,1,500,0.46977730646871685,0.886,0.5,0.443,443,57,57,-57,"[[443, 57, 0], [0, 0, 0], [0, 0, 0]]",0.0,0.005490043000008882,0,0,0
44,ADWIN,128,1,500,0.47478991596638653,0.904,0.5,0.452,452,48,48,-48,"[[452, 48, 0], [0, 0, 0], [0, 0, 0]]",0.0,0.005541913000001841,0,0,0
44,ADWIN,129,1,500,0.46977730646871685,0.886,0.5,0.443,443,57,57,-57,"[[443, 57, 0], [0, 0, 0], [0, 0, 0]]",0.0,0.005430361999970046,0,0,0
44,ADWIN,130,1,500,0.2,0.25,0.5,0.125,125,375,375,-375,"[[0, 0, 0], [375, 125, 0], [0, 0, 0]]",0.0,0.0054938330000027236,0,0,0
44,ADWIN,131,1,500,0.28658304827061953,0.754,0.3333333333333333,0.25133333333333335,377,123,123,-123,"[[0, 0, 0], [111, 377, 12], [0, 0, 0]]",0.0,0.005738464000046406,0,0,0
44,ADWIN,132,1,500,0.32124352331606215,0.93,0.3333333333333333,0.31,465,35,35,-35,"[[0, 0, 0], [33, 465, 2], [0, 0, 0]]",0.0,0.00547724300002983,0,0,0
44,ADWIN,133,1,500,0.2857142857142857,0.75,0.3333333333333333,0.25,375,125,125,-125,"[[0, 0, 0], [94, 375, 31], [0, 0, 0]]",0.0,0.00585021400002006,0,0,0
44,ADWIN,134,1,500,0.026871401151631478,0.042,0.3333333333333333,0.014,21,479,479,-479,"[[0, 0, 0], [0, 0, 0], [104, 375, 21]]",0.0,0.005557212999974581,0,0,0
44,ADWIN,135,1,500,0.16691654172913542,0.334,0.3333333333333333,0.11133333333333334,167,333,333,-333,"[[167, 329, 4], [0, 0, 0], [0, 0, 0]]",0.0,0.005859022999970875,0,0,0
44,ADWIN,136,1,500,0.2887624466571835,0.406,0.5,0.203,203,297,297,-297,"[[0, 0, 0], [297, 203, 0], [0, 0, 0]]",0.0,0.005571072999998705,0,0,0
44,ADWIN,137,1,500,0.437570303712036,0.778,0.5,0.389,389,111,111,-111,"[[389, 111, 0], [0, 0, 0], [0, 0, 0]]",0.0,0.006317543999955433,0,0,0
44,ADWIN,138,1,500,0.0,0.0,0.0,0.0,0,500,500,-500,"[[0, 0, 0], [0, 0, 0], [436, 64, 0]]",0.0,0.006395435000001726,0,0,0
44,ADWIN,139,1,500,0.0,0.0,0.0,0.0,0,500,500,-500,"[[0, 0, 0], [0, 0, 0], [263, 237, 0]]",0.0,0.005609612999990077,0,0,0
44,ADWIN,140,1,500,0.3909866017052375,0.642,0.5,0.321,321,179,179,-179,"[[321, 179, 0], [0, 0, 0], [0, 0, 0]]",0.0,0.005410902999983591,0,0,0
44,ADWIN,141,1,500,0.30362116991643456,0.436,0.5,0.218,218,282,282,-282,"[[0, 0, 0], [282, 218, 0], [0, 0, 0]]",0.0,0.005927193999980318,0,0,0
44,ADWIN,142,1,500,0.0,0.0,0.0,0.0,0,500,500,-500,"[[0, 0, 0], [0, 0, 0], [93, 407, 0]]",0.0,0.00559360300002254,0,0,0
44,ADWIN,143,1,500,0.31693989071038253,0.464,0.5,0.232,232,268,268,-268,"[[0, 0, 0], [268, 232, 0], [0, 0, 0]]",0.0,0.00559989300001007,0,0,0
44,ADWIN,144,1,500,0.3564993564993565,0.554,0.5,0.277,277,223,223,-223,"[[0, 0, 0], [223, 277, 0], [0, 0, 0]]",0.0,0.00530669299996589,0,0,0
44,ADWIN,145,1,500,0.39903846153846156,0.664,0.5,0.332,332,168,168,-168,"[[0, 0, 0], [168, 332, 0], [0, 0, 0]]",0.0,0.0059379539999895314,0,0,0
44,ADWIN,146,1,500,0.2138364779874214,0.272,0.5,0.136,136,364,364,-364,"[[136, 364, 0], [0, 0, 0], [0, 0, 0]]",0.0,0.005420861999994031,0,0,0
44,ADWIN,147,1,500,0.4311717861205916,0.758,0.5,0.379,379,121,121,-121,"[[379, 121, 0], [0, 0, 0], [0, 0, 0]]",0.0,0.005430703000001813,0,0,0
44,ADWIN,148,1,500,0.23547400611620795,0.308,0.5,0.154,154,346,346,-346,"[[154, 346, 0], [0, 0, 0], [0, 0, 0]]",0.0,0.005657232999965345,0,0,0
44,ADWIN,149,1,500,0.08424908424908426,0.092,0.5,0.046,46,454,454,-454,"[[0, 0, 0], [454, 46, 0], [0, 0, 0]]",0.0,0.005468371999995725,0,0,0
44,ADWIN,150,1,500,0.18357487922705315,0.38,0.3333333333333333,0.12666666666666668,190,310,310,-310,"[[190, 296, 14], [0, 0, 0], [0, 0, 0]]",0.0,0.005615853000051629,0,0,0
44,ADWIN,151,1,500,0.15930999492643327,0.314,0.3333333333333333,0.10466666666666667,157,343,343,-343,"[[0, 0, 0], [0, 0, 0], [155, 188, 157]]",0.0,0.0066871860000219385,0,0,0
44,ADWIN,152,1,500,0.0,0.0,0.0,0.0,0,500,500,-500,"[[0, 0, 0], [0, 0, 0], [109, 391, 0]]",0.0,0.008790579999981674,0,0,0
44,ADWIN,153,1,500,0.15698267074413863,0.308,0.3333333333333333,0.10266666666666667,154,346,346,-346,"[[0, 0, 0], [318, 154, 28], [0, 0, 0]]",0.0,0.00942287100002659,0,0,0
44,ADWIN,154,1,500,0.45115257958287597,0.822,0.5,0.411,411,89,89,-89,"[[411, 89, 0], [0, 0, 0], [0, 0, 0]]",0.0,0.005942813999979535,0,0,0
44,ADWIN,155,1,500,1.0,1.0,1.0,1.0,500,0,0,0,"[[500, 0, 0], [0, 0, 0], [0, 0, 0]]",0.0,0.005484751999972559,0,0,0
44,ADWIN,156,1,500,0.4979919678714859,0.992,0.5,0.496,496,4,4,-4,"[[496, 4, 0], [0, 0, 0], [0, 0, 0]]",0.0,0.005399622000027193,0,0,0
44,ADWIN,157,1,500,1.0,1.0,1.0,1.0,500,0,0,0,"[[500, 0, 0], [0, 0, 0], [0, 0, 0]]",0.0,0.005094812000038473,0,0,0
44,ADWIN,158,1,500,1.0,1.0,1.0,1.0,500,0,0,0,"[[500, 0, 0], [0, 0, 0], [0, 0, 0]]",0.0,0.005091601999993145,0,0,0
44,ADWIN,159,1,500,0.013071895424836602,0.02,0.3333333333333333,0.006666666666666667,10,490,490,-490,"[[0, 0, 0], [360, 10, 130], [0, 0, 0]]",0.0,0.0054089429999635286,0,0,0
44,ADWIN,160,3,500,0.04938271604938271,0.08,0.3333333333333333,0.02666666666666667,40,460,460,-460,"[[0, 0, 0], [429, 40, 31], [0, 0, 0]]",0.0,0.005468092999990404,0,0,0
44,ADWIN,161,3,500,0.10738255033557047,0.192,0.3333333333333333,0.064,96,404,404,-404,"[[0, 0, 0], [392, 96, 12], [0, 0, 0]]",0.0,0.0054466220000222165,0,0,0
44,ADWIN,162,3,500,0.07142857142857142,0.12,0.3333333333333333,0.04,60,440,440,-440,"[[0, 0, 0], [333, 60, 107], [0, 0, 0]]",0.0,0.005464772999971501,0,0,0
44,ADWIN,163,3,500,0.16616616616616617,0.332,0.3333333333333333,0.11066666666666668,166,334,334,-334,"[[0, 0, 0], [329, 166, 5], [0, 0, 0]]",0.0,0.005372281999996176,0,0,0
44,ADWIN,164,3,500,0.023166023166023165,0.036,0.3333333333333333,0.011999999999999999,18,482,482,-482,"[[0, 0, 0], [418, 18, 64], [0, 0, 0]]",0.0,0.0053171030000385144,0,0,0
44,ADWIN,165,3,500,0.036546943919344675,0.058,0.3333333333333333,0.019333333333333334,29,471,471,-471,"[[0, 0, 0], [435, 29, 36], [0, 0, 0]]",0.0,0.005489493000027323,0,0,0
44,ADWIN,166,1,500,0.04361370716510903,0.07,0.3333333333333333,0.023333333333333334,35,465,465,-465,"[[0, 0, 0], [412, 35, 53], [0, 0, 0]]",0.0,0.005525412999986656,0,0,0
44,ADWIN,167,1,500,0.014350945857795172,0.022,0.3333333333333333,0.007333333333333333,11,489,489,-489,"[[0, 0, 0], [455, 11, 34], [0, 0, 0]]",0.0,0.005379353000023457,0,0,0
44,ADWIN,168,1,500,0.24040920716112532,0.564,0.3333333333333333,0.18799999999999997,282,218,218,-218,"[[282, 137, 81], [0, 0, 0], [0, 0, 0]]",0.0,0.005494112999997469,0,0,0
44,ADWIN,169,1,500,0.12554112554112554,0.232,0.3333333333333333,0.07733333333333334,116,384,384,-384,"[[0, 0, 0], [314, 116, 70], [0, 0, 0]]",0.0,0.005530122999971354,0,0,0
44,ADWIN,170,3,500,0.0389202762084118,0.062,0.3333333333333333,0.020666666666666667,31,469,469,-469,"[[0, 0, 0], [406, 31, 63], [0, 0, 0]]",0.0,0.005661532999965857,0,0,0
44,ADWIN,171,3,500,0.17790811339198434,0.364,0.3333333333333333,0.12133333333333333,182,318,318,-318,"[[0, 0, 0], [246, 182, 72], [0, 0, 0]]",0.0,0.0055543919999649916,0,0,0
44,ADWIN,172,3,500,0.045934202358783364,0.074,0.3333333333333333,0.024666666666666667,37,463,463,-463,"[[0, 0, 0], [386, 37, 77], [0, 0, 0]]",0.0,0.005744393999975728,0,0,0
44,ADWIN,173,1,500,0.04127579737335835,0.066,0.3333333333333333,0.022000000000000002,33,467,467,-467,"[[0, 0, 0], [386, 33, 81], [0, 0, 0]]",0.0,0.005706223000004229,0,0,0
44,ADWIN,174,3,500,0.006600660066006601,0.01,0.3333333333333333,0.0033333333333333335,5,495,495,-495,"[[0, 0, 0], [492, 5, 3], [0, 0, 0]]",0.0,0.006138363999980356,0,0,0
44,ADWIN,175,3,500,0.10073571024335032,0.178,0.3333333333333333,0.05933333333333333,89,411,411,-411,"[[0, 0, 0], [315, 89, 96], [0, 0, 0]]",0.0,0.005678682999985085,0,0,0
44,ADWIN,176,1,500,0.2962962962962963,0.8,0.3333333333333333,0.26666666666666666,400,100,100,-100,"[[400, 57, 43], [0, 0, 0], [0, 0, 0]]",0.0,0.005407633000004353,0,0,0
44,ADWIN,177,3,500,0.05728214503351615,0.094,0.3333333333333333,0.03133333333333333,47,453,453,-453,"[[0, 0, 0], [370, 47, 83], [0, 0, 0]]",0.0,0.006049943999983043,0,0,0
44,ADWIN,178,1,500,0.25766871165644173,0.63,0.3333333333333333,0.21,315,185,185,-185,"[[315, 92, 93], [0, 0, 0], [0, 0, 0]]",0.0,0.00656356499996491,0,0,0
44,ADWIN,179,3,500,0.2693682955899881,0.678,0.3333333333333333,0.226,339,161,161,-161,"[[339, 63, 98], [0, 0, 0], [0, 0, 0]]",0.0,0.006164353999963623,0,0,0
44,ADWIN,180,1,500,0.08289550496205488,0.142,0.3333333333333333,0.04733333333333333,71,429,429,-429,"[[0, 0, 0], [333, 71, 96], [0, 0, 0]]",0.0,0.005653092999978071,0,0,0
44,ADWIN,181,1,500,0.11387506909894969,0.206,0.3333333333333333,0.06866666666666667,103,397,397,-397,"[[0, 0, 0], [343, 103, 54], [0, 0, 0]]",0.0,0.0058831439999949,0,0,0
44,EDD,36,1,500,0.49341438703140833,0.974,0.5,0.487,487,13,13,-13,"[[487, 13, 0], [0, 0, 0], [0, 0, 0]]",0.0,0.0058153929999775755,0,0,0
44,EDD,37,1,500,0.13194444444444445,0.152,0.5,0.076,76,424,424,-424,"[[0, 0, 0], [424, 76, 0], [0, 0, 0]]",0.0,0.005712023000000954,0,0,0
44,EDD,38,1,500,0.49849548645937813,0.994,0.5,0.497,497,3,3,-3,"[[497, 0, 3], [0, 0, 0], [0, 0, 0]]",0.0,0.005514722999976129,0,0,0
44,EDD,39,1,500,0.0,0.0,0.0,0.0,0,500,500,-500,"[[0, 0, 0], [497, 0, 3], [0, 0, 0]]",0.0,0.00553357300003654,0,0,0
44,EDD,40,1,500,0.0,0.0,0.0,0.0,0,500,500,-500,"[[0, 0, 0], [499, 0, 1], [0, 0, 0]]",0.0,0.005835912999998527,0,0,0
44,EDD,41,1,500,0.059502125075895564,0.098,0.3333333333333333,0.03266666666666667,49,451,451,-451,"[[0, 0, 0], [0, 0, 0], [245, 206, 49]]",0.0,0.005949744000020019,0,0,0
44,EDD,42,1,500,0.2149954832881662,0.476,0.3333333333333333,0.15866666666666665,238,262,262,-262,"[[238, 237, 25], [0, 0, 0], [0, 0, 0]]",0.0,0.005878802999973232,0,0,0
44,EDD,43,1,500,0.1474558670820353,0.284,0.3333333333333333,0.09466666666666666,142,358,358,-358,"[[142, 147, 211], [0, 0, 0], [0, 0, 0]]",0.0,0.005488101999958417,0,0,0
44,EDD,44,1,500,0.24895572263993315,0.596,0.3333333333333333,0.19866666666666666,298,202,202,-202,"[[298, 22, 180], [0, 0, 0], [0, 0, 0]]",0.0,0.005576673000007304,0,0,0
44,EDD,45,1,500,0.2870159453302961,0.756,0.3333333333333333,0.252,378,122,122,-122,"[[378, 64, 58], [0, 0, 0], [0, 0, 0]]",0.0,0.005659052999988035,0,0,0
44,EDD,46,1,500,0.3157894736842105,0.9,0.3333333333333333,0.3,450,50,50,-50,"[[450, 1, 49], [0, 0, 0], [0, 0, 0]]",0.0,0.006599036000011438,0,0,0
44,EDD,47,1,500,0.4979919678714859,0.992,0.5,0.496,496,4,4,-4,"[[496, 0, 4], [0, 0, 0], [0, 0, 0]]",0.0,0.005473723000022801,0,0,0
44,EDD,48,1,500,0.3172606568832984,0.908,0.3333333333333333,0.3026666666666667,454,46,46,-46,"[[454, 12, 34], [0, 0, 0], [0, 0, 0]]",0.0,0.00552988300000834,0,0,0
44,EDD,49,1,500,0.22864651773981604,0.522,0.3333333333333333,0.17400000000000002,261,239,239,-239,"[[261, 17, 222], [0, 0, 0], [0, 0, 0]]",0.0,0.005482202999985475,0,0,0
44,EDD,50,1,500,0.27588901914810476,0.706,0.3333333333333333,0.2353333333333333,353,147,147,-147,"[[353, 88, 59], [0, 0, 0], [0, 0, 0]]",0.0,0.005619233000004442,0,0,0
44,EDD,51,1,500,0.32088520055325037,0.928,0.3333333333333333,0.30933333333333335,464,36,36,-36,"[[464, 1, 35], [0, 0, 0], [0, 0, 0]]",0.0,0.00538666199997806,0,0,0
44,EDD,52,1,500,0.49849548645937813,0.994,0.5,0.497,497,3,3,-3,"[[497, 0, 3], [0, 0, 0], [0, 0, 0]]",0.0,0.005319842000005792,0,0,0
44,EDD,53,1,500,0.2586699306405549,0.634,0.3333333333333333,0.21133333333333335,317,183,183,-183,"[[317, 97, 86], [0, 0, 0], [0, 0, 0]]",0.0,0.005793612999980269,0,0,0
44,EDD,54,1,500,0.3109213802917111,0.874,0.3333333333333333,0.29133333333333333,437,63,63,-63,"[[437, 26, 37], [0, 0, 0], [0, 0, 0]]",0.0,0.005818612999973993,0,0,0
44,EDD,55,1,500,0.4994994994994995,0.998,0.5,0.499,499,1,1,-1,"[[499, 0, 1], [0, 0, 0], [0, 0, 0]]",0.0,0.005409223000015118,0,0,0
44,EDD,56,1,500,0.4994994994994995,0.998,0.5,0.499,499,1,1,-1,"[[499, 0, 1], [0, 0, 0], [0, 0, 0]]",0.0,0.005484722000005604,0,0,0
44,EDD,57,1,500,0.30977872947894364,0.868,0.3333333333333333,0.28933333333333333,434,66,66,-66,"[[434, 53, 13], [0, 0, 0], [0, 0, 0]]",0.0,0.005651353000018844,0,0,0
44,EDD,58,1,500,0.1750245821042281,0.356,0.3333333333333333,0.11866666666666666,178,322,322,-322,"[[0, 0, 0], [94, 178, 228], [0, 0, 0]]",0.0,0.005878343000006225,0,0,0
44,EDD,59,1,500,0.31016042780748665,0.87,0.3333333333333333,0.29,435,65,65,-65,"[[435, 21, 44], [0, 0, 0], [0, 0, 0]]",0.0,0.005775783000046886,0,0,0
44,EDD,60,1,500,0.49899799599198397,0.996,0.5,0.498,498,2,2,-2,"[[498, 0, 2], [0, 0, 0], [0, 0, 0]]",0.0,0.005714002999980039,0,0,0
44,EDD,61,1,500,0.3247863247863248,0.95,0.3333333333333333,0.31666666666666665,475,25,25,-25,"[[475, 19, 6], [0, 0, 0], [0, 0, 0]]",0.0,0.005680182999981298,0,0,0
44,EDD,62,1,500,1.0,1.0,1.0,1.0,500,0,0,0,"[[500, 0, 0], [0, 0, 0], [0, 0, 0]]",0.0,0.005456212000012783,0,0,0
44,EDD,63,1,500,0.33266533066132264,0.996,0.3333333333333333,0.332,498,2,2,-2,"[[498, 1, 1], [0, 0, 0], [0, 0, 0]]",0.0,0.0053551729999981035,0,0,0
44,EDD,64,1,500,0.4994994994994995,0.998,0.5,0.499,499,1,1,-1,"[[499, 1, 0], [0, 0, 0], [0, 0, 0]]",0.0,0.005404632000022502,0,0,0
44,EDD,65,1,500,1.0,1.0,1.0,1.0,500,0,0,0,"[[500, 0, 0], [0, 0, 0], [0, 0, 0]]",0.10866863100000046,0.005438792999996167,1,0,0
44,EDD,66,1,500,1.0,1.0,1.0,1.0,500,0,0,0,"[[500, 0, 0], [0, 0, 0], [0, 0, 0]]",0.0,0.0051262420000171005,0,0,0
44,EDD,67,1,500,1.0,1.0,1.0,1.0,500,0,0,0,"[[500, 0, 0], [0, 0, 0], [0, 0, 0]]",0.0,0.004964560999951573,0,0,0
44,EDD,68,1,500,1.0,1.0,1.0,1.0,500,0,0,0,"[[500, 0, 0], [0, 0, 0], [0, 0, 0]]",0.10423313000001144,0.004952982000020256,1,0,0
44,EDD,69,1,500,0.0,0.0,0.0,0.0,0,500,500,-500,"[[0, 0, 0], [500, 0, 0], [0, 0, 0]]",0.0,0.00523114199995689,0,0,0
44,EDD,70,3,500,0.001996007984031936,0.002,0.5,0.001,1,499,499,-499,"[[0, 0, 0], [499, 1, 0], [0, 0, 0]]",0.0,0.00555334299997412,0,0,0
44,EDD,71,3,500,0.08493310063990693,0.146,0.3333333333333333,0.048666666666666664,73,427,427,-427,"[[0, 0, 0], [424, 73, 3], [0, 0, 0]]",0.1287270880000051,0.00558290300000408,1,0,0
44,EDD,72,3,500,1.0,1.0,1.0,1.0,500,0,0,0,"[[0, 0, 0], [0, 500, 0], [0, 0, 0]]",0.0,0.005445661999999629,0,0,0
44,EDD,73,3,500,1.0,1.0,1.0,1.0,500,0,0,0,"[[0, 0, 0], [0, 500, 0], [0, 0, 0]]",0.0,0.005407451999985824,0,0,0
44,EDD,74,3,500,1.0,1.0,1.0,1.0,500,0,0,0,"[[0, 0, 0], [0, 500, 0], [0, 0, 0]]",0.12070292900000368,0.005419983000024331,1,0,0
44,EDD,75,3,500,1.0,1.0,1.0,1.0,500,0,0,0,"[[0, 0, 0], [0, 500, 0], [0, 0, 0]]",0.0,0.005375662000005832,0,0,0
44,EDD,76,3,500,1.0,1.0,1.0,1.0,500,0,0,0,"[[0, 0, 0], [0, 500, 0], [0, 0, 0]]",0.0,0.0053060220000133995,0,0,0
44,EDD,77,3,500,1.0,1.0,1.0,1.0,500,0,0,0,"[[0, 0, 0], [0, 500, 0], [0, 0, 0]]",0.11489357499999642,0.005231062000007114,1,0,0
44,EDD,78,3,500,1.0,1.0,1.0,1.0,500,0,0,0,"[[0, 0, 0], [0, 500, 0], [0, 0, 0]]",0.0,0.005576533000009931,0,0,0
44,EDD,79,3,500,0.0,0.0,0.0,0.0,0,500,500,-500,"[[0, 0, 0], [0, 0, 0], [0, 500, 0]]",0.0,0.005837484000039694,0,0,0
44,EDD,80,3,500,1.0,1.0,1.0,1.0,500,0,0,0,"[[0, 0, 0], [0, 500, 0], [0, 0, 0]]",0.1280656350000413,0.005477013000017905,1,0,0
44,EDD,81,3,500,0.3272233536999321,0.964,0.3333333333333333,0.3213333333333333,482,18,18,-18,"[[0, 0, 0], [8, 482, 10], [0, 0, 0]]",0.0,0.005826852999973653,0,0,0
44,EDD,82,3,500,0.07460035523978685,0.126,0.3333333333333333,0.042,63,437,437,-437,"[[0, 0, 0], [0, 0, 0], [21, 416, 63]]",0.0,0.005856792999964,0,0,0
44,EDD,83,1,500,0.030534351145038167,0.048,0.3333333333333333,0.016,24,476,476,-476,"[[24, 377, 99], [0, 0, 0], [0, 0, 0]]",0.13171475299998292,0.005853774000001977,1,0,0
44,EDD,84,1,500,1.0,1.0,1.0,1.0,500,0,0,0,"[[500, 0, 0], [0, 0, 0], [0, 0, 0]]",0.0,0.0056229529999995975,0,0,0
44,EDD,85,1,500,0.01768172888015717,0.018,0.5,0.009,9,491,491,-491,"[[0, 0, 0], [0, 0, 0], [491, 0, 9]]",0.0,0.005453971999997975,0,0,0
44,EDD,86,1,500,0.0,0.0,0.0,0.0,0,500,500,-500,"[[0, 0, 0], [500, 0, 0], [0, 0, 0]]",0.11036078500001167,0.006042384000011225,1,0,0
44,EDD,87,1,500,0.005291005291005291,0.008,0.3333333333333333,0.0026666666666666666,4,496,496,-496,"[[4, 395, 101], [0, 0, 0], [0, 0, 0]]",0.0,0.005761773000017456,0,0,0
44,EDD,88,1,500,0.010498687664041995,0.016,0.3333333333333333,0.005333333333333333,8,492,492,-492,"[[8, 331, 161], [0, 0, 0], [0, 0, 0]]",0.0,0.00567224299999225,0,0,0
44,EDD,89,1,500,0.0,0.0,0.0,0.0,0,500,500,-500,"[[0, 461, 39], [0, 0, 0], [0, 0, 0]]",0.11630414899997277,0.005704723999997441,1,0,0
44,EDD,90,1,500,1.0,1.0,1.0,1.0,500,0,0,0,"[[500, 0, 0], [0, 0, 0], [0, 0, 0]]",0.0,0.005348872000013216,0,0,0
44,EDD,91,1,500,0.49748743718592964,0.99,0.5,0.495,495,5,5,-5,"[[495, 5, 0], [0, 0, 0], [0, 0, 0]]",0.0,0.005367552999985037,0,0,0
44,EDD,92,1,500,0.0,0.0,0.0,0.0,0,500,500,-500,"[[0, 0, 0], [0, 0, 0], [448, 52, 0]]",0.12116359999998849,0.005555562999973063,1,0,0
44,EDD,93,1,500,0.0,0.0,0.0,0.0,0,500,500,-500,"[[0, 0, 500], [0, 0, 0], [0, 0, 0]]",0.0,0.005718593000040073,0,0,0
44,EDD,94,1,500,0.09420289855072464,0.104,0.5,0.052,52,448,448,-448,"[[52, 0, 448], [0, 0, 0], [0, 0, 0]]",0.0,0.005817763000038667,0,0,0
44,EDD,95,1,500,0.2531017369727047,0.612,0.3333333333333333,0.204,306,194,194,-194,"[[0, 0, 0], [0, 0, 0], [183, 11, 306]]",0.13054421100002855,0.005712023000000954,1,0,0
44,EDD,96,1,500,0.491353001017294,0.966,0.5,0.483,483,17,17,-17,"[[0, 0, 0], [0, 0, 0], [17, 0, 483]]",0.0,0.005969573999948352,0,0,0
44,EDD,97,1,500,0.0,0.0,0.0,0.0,0,500,500,-500,"[[0, 0, 0], [18, 0, 482], [0, 0, 0]]",0.0,0.005856653999956052,0,0,0
44,EDD,98,1,500,0.0,0.0,0.0,0.0,0,500,500,-500,"[[0, 0, 0], [0, 0, 500], [0, 0, 0]]",0.12804641599996103,0.005750544000022728,1,0,0
44,EDD,99,1,500,0.0,0.0,0.0,0.0,0,500,500,-500,"[[0, 500, 0], [0, 0, 0], [0, 0, 0]]",0.0,0.005765473000053589,0,0,0
44,EDD,100,1,500,0.0,0.0,0.0,0.0,0,500,500,-500,"[[0, 500, 0], [0, 0, 0], [0, 0, 0]]",0.0,0.005666313000006085,0,0,0
44,EDD,101,1,500,0.0,0.0,0.0,0.0,0,500,500,-500,"[[0, 500, 0], [0, 0, 0], [0, 0, 0]]",0.1394594920000145,0.005617482999980439,1,0,0
44,EDD,102,1,500,1.0,1.0,1.0,1.0,500,0,0,0,"[[500, 0, 0], [0, 0, 0], [0, 0, 0]]",0.0,0.005584763000001658,0,0,0
44,EDD,103,1,500,0.0,0.0,0.0,0.0,0,500,500,-500,"[[0, 0, 0], [500, 0, 0], [0, 0, 0]]",0.0,0.005868042999964018,0,0,0
44,EDD,104,1,500,0.0,0.0,0.0,0.0,0,500,500,-500,"[[0, 0, 0], [500, 0, 0], [0, 0, 0]]",0.1320107939999957,0.006019863999995323,1,0,0
44,EDD,105,1,500,1.0,1.0,1.0,1.0,500,0,0,0,"[[0, 0, 0], [0, 500, 0], [0, 0, 0]]",0.0,0.006066694000026018,0,0,0
44,EDD,106,1,500,0.0,0.0,0.0,0.0,0,500,500,-500,"[[0, 0, 0], [0, 0, 0], [0, 500, 0]]",0.0,0.005376973000011276,0,0,0
44,EDD,107,1,500,1.0,1.0,1.0,1.0,500,0,0,0,"[[0, 0, 0], [0, 500, 0], [0, 0, 0]]",0.1402478439999868,0.005353732999992644,1,0,0
44,EDD,108,1,500,0.0,0.0,0.0,0.0,0,500,500,-500,"[[0, 348, 152], [0, 0, 0], [0, 0, 0]]",0.0,0.006133374000000913,0,0,0
44,EDD,109,2,500,0.0,0.0,0.0,0.0,0,500,500,-500,"[[0, 487, 13], [0, 0, 0], [0, 0, 0]]",0.0,0.005897094000033576,0,0,0
44,EDD,110,1,500,0.4588744588744589,0.848,0.5,0.424,424,76,76,-76,"[[0, 0, 0], [0, 424, 76], [0, 0, 0]]",0.13318859800000382,0.00576350299996875,1,0,0
44,EDD,111,1,500,0.0,0.0,0.0,0.0,0,500,500,-500,"[[0, 0, 0], [0, 0, 0], [309, 191, 0]]",0.0,0.006094554000014796,0,0,0
44,EDD,112,1,500,0.2248062015503876,0.29,0.5,0.145,145,355,355,-355,"[[0, 0, 0], [355, 145, 0], [0, 0, 0]]",0.0,0.005676433000019188,0,0,0
44,EDD,113,2,500,0.0,0.0,0.0,0.0,0,500,500,-500,"[[0, 0, 0], [0, 0, 0], [427, 73, 0]]",0.15199461100002054,0.005914463999999953,1,0,0
44,EDD,114,2,500,0.423963133640553,0.736,0.5,0.368,368,132,132,-132,"[[0, 0, 0], [0, 0, 0], [0, 132, 368]]",0.0,0.009467691999986982,0,0,0
44,EDD,115,2,500,0.4669509594882729,0.876,0.5,0.438,438,62,62,-62,"[[0, 0, 0], [0, 0, 0], [0, 62, 438]]",0.0,0.006602885000006609,0,0,0
44,EDD,116,2,500,0.0,0.0,0.0,0.0,0,500,500,-500,"[[0, 400, 100], [0, 0, 0], [0, 0, 0]]",0.13684237499995788,0.005850363999968522,1,0,0
44,EDD,117,1,500,0.4994994994994995,0.998,0.5,0.499,499,1,1,-1,"[[499, 0, 1], [0, 0, 0], [0, 0, 0]]",0.0,0.006052663999980723,0,0,0
44,EDD,118,1,500,0.08088235294117647,0.088,0.5,0.044,44,456,456,-456,"[[0, 0, 0], [0, 0, 0], [456, 0, 44]]",0.0,0.005382863000022553,0,0,0
44,EDD,119,2,500,0.4337485843714609,0.766,0.5,0.383,383,117,117,-117,"[[0, 0, 0], [0, 0, 0], [117, 0, 383]]",0.13181093399998645,0.005613342999993165,1,0,0
44,EDD,120,2,500,0.023166023166023165,0.036,0.3333333333333333,0.011999999999999999,18,482,482,-482,"[[18, 71, 411], [0, 0, 0], [0, 0, 0]]",0.0,0.005839934000050562,0,0,0
44,EDD,121,1,500,0.12289287656334964,0.226,0.3333333333333333,0.07533333333333334,113,387,387,-387,"[[113, 54, 333], [0, 0, 0], [0, 0, 0]]",0.0,0.005403412999953616,0,0,0
44,EDD,122,1,500,0.0,0.0,0.0,0.0,0,500,500,-500,"[[0, 28, 472], [0, 0, 0], [0, 0, 0]]",0.11497350600001255,0.00581760399995801,1,0,0
44,EDD,123,1,500,1.0,1.0,1.0,1.0,500,0,0,0,"[[500, 0, 0], [0, 0, 0], [0, 0, 0]]",0.0,0.0056339930000035565,0,0,0
44,EDD,124,1,500,1.0,1.0,1.0,1.0,500,0,0,0,"[[500, 0, 0], [0, 0, 0], [0, 0, 0]]",0.0,0.005411671999979717,0,0,0
44,EDD,125,1,500,1.0,1.0,1.0,1.0,500,0,0,0,"[[500, 0, 0], [0, 0, 0], [0, 0, 0]]",0.11167422800002669,0.005430143000012322,1,0,0
44,EDD,126,1,500,1.0,1.0,1.0,1.0,500,0,0,0,"[[500, 0, 0], [0, 0, 0], [0, 0, 0]]",0.0,0.005806014000029336,0,0,0
44,EDD,127,1,500,0.3333333333333333,0.5,0.5,0.25,250,250,250,-250,"[[250, 250, 0], [0, 0, 0], [0, 0, 0]]",0.0,0.0053322619999676135,0,0,0
44,EDD,128,1,500,0.33598937583001326,0.506,0.5,0.253,253,247,247,-247,"[[253, 247, 0], [0, 0, 0], [0, 0, 0]]",0.11432925299999397,0.005376252000019122,1,0,0
44,EDD,129,1,500,0.48717948717948717,0.95,0.5,0.475,475,25,25,-25,"[[475, 25, 0], [0, 0, 0], [0, 0, 0]]",0.0,0.006087954000008722,0,0,0
44,EDD,130,1,500,0.0,0.0,0.0,0.0,0,500,500,-500,"[[0, 0, 0], [500, 0, 0], [0, 0, 0]]",0.0,0.005482282999992094,0,0,0
44,EDD,131,1,500,0.18497109826589594,0.384,0.3333333333333333,0.128,192,308,308,-308,"[[0, 0, 0], [205, 192, 103], [0, 0, 0]]",0.16558938299999681,0.005714973000010559,1,0,0
44,EDD,132,1,500,1.0,1.0,1.0,1.0,500,0,0,0,"[[0, 0, 0], [0, 500, 0], [0, 0, 0]]",0.0,0.006541216000016448,0,0,0
44,EDD,133,1,500,1.0,1.0,1.0,1.0,500,0,0,0,"[[0, 0, 0], [0, 500, 0], [0, 0, 0]]",0.0,0.005944242999987637,0,0,0
44,EDD,134,1,500,0.0,0.0,0.0,0.0,0,500,500,-500,"[[0, 0, 0], [0, 0, 0], [0, 500, 0]]",0.1438013119999937,0.00569233300001315,1,0,0
44,EDD,135,1,500,0.0,0.0,0.0,0.0,0,500,500,-500,"[[0, 290, 210], [0, 0, 0], [0, 0, 0]]",0.0,0.005943794000017988,0,0,0
44,EDD,136,1,500,0.4994994994994995,0.998,0.5,0.499,499,1,1,-1,"[[0, 0, 0], [0, 499, 1], [0, 0, 0]]",0.0,0.005436782000003859,0,0,0
44,EDD,137,1,500,0.0,0.0,0.0,0.0,0,500,500,-500,"[[0, 424, 76], [0, 0, 0], [0, 0, 0]]",0.13292735699997138,0.006247624000025098,1,0,0
44,EDD,138,1,500,0.0,0.0,0.0,0.0,0,500,500,-500,"[[0, 0, 0], [0, 0, 0], [458, 42, 0]]",0.0,0.006334604000016952,0,0,0
44,EDD,139,1,500,0.0,0.0,0.0,0.0,0,500,500,-500,"[[0, 0, 0], [0, 0, 0], [491, 9, 0]]",0.0,0.0057190429999991466,0,0,0
44,EDD,140,1,500,0.48612538540596095,0.946,0.5,0.473,473,27,27,-27,"[[473, 27, 0], [0, 0, 0], [0, 0, 0]]",0.12903422799996633,0.005538773000012043,1,0,0
44,EDD,141,1,500,0.001330671989354624,0.002,0.3333333333333333,0.0006666666666666666,1,499,499,-499,"[[0, 0, 0], [424, 1, 75], [0, 0, 0]]",0.0,0.005740344000003006,0,0,0
44,EDD,142,1,500,0.24895572263993315,0.596,0.3333333333333333,0.19866666666666666,298,202,202,-202,"[[0, 0, 0], [0, 0, 0], [197, 5, 298]]",0.0,0.005533471999967787,0,0,0
44,EDD,143,1,500,0.0,0.0,0.0,0.0,0,500,500,-500,"[[0, 0, 0], [10, 0, 490], [0, 0, 0]]",0.12079271900000776,0.00742398699998148,1,0,0
44,EDD,144,1,500,0.3150684931506849,0.46,0.5,0.23,230,270,270,-270,"[[0, 0, 0], [0, 230, 270], [0, 0, 0]]",0.0,0.0056536929999992935,0,0,0
44,EDD,145,1,500,0.3894993894993895,0.638,0.5,0.319,319,181,181,-181,"[[0, 0, 0], [0, 319, 181], [0, 0, 0]]",0.0,0.005537133000018457,0,0,0
44,EDD,146,1,500,0.0,0.0,0.0,0.0,0,500,500,-500,"[[0, 279, 221], [0, 0, 0], [0, 0, 0]]",0.13898562100001755,0.005477992999999515,1,0,0
44,EDD,147,1,500,0.3946731234866828,0.652,0.5,0.326,326,174,174,-174,"[[326, 174, 0], [0, 0, 0], [0, 0, 0]]",0.0,0.005737393000003976,0,0,0
44,EDD,148,1,500,0.3765586034912718,0.604,0.5,0.302,302,198,198,-198,"[[302, 198, 0], [0, 0, 0], [0, 0, 0]]",0.0,0.005606482999951368,0,0,0
44,EDD,149,1,500,0.2469879518072289,0.328,0.5,0.164,164,336,336,-336,"[[0, 0, 0], [336, 164, 0], [0, 0, 0]]",0.13994703299999856,0.005693512999982886,1,0,0
44,EDD,150,1,500,0.17763157894736842,0.216,0.5,0.108,108,392,392,-392,"[[108, 392, 0], [0, 0, 0], [0, 0, 0]]",0.0,0.005744962999983727,0,0,0
44,EDD,151,1,500,0.0,0.0,0.0,0.0,0,500,500,-500,"[[0, 0, 0], [0, 0, 0], [337, 163, 0]]",0.0,0.005564242999980706,0,0,0
44,EDD,152,1,500,0.0,0.0,0.0,0.0,0,500,500,-500,"[[0, 0, 0], [0, 0, 0], [184, 316, 0]]",0.12252303299999312,0.0054867729999728,1,0,0
44,EDD,153,1,500,0.0,0.0,0.0,0.0,0,500,500,-500,"[[0, 0, 0], [0, 0, 500], [0, 0, 0]]",0.0,0.005577743000003466,0,0,0
44,EDD,154,1,500,0.0,0.0,0.0,0.0,0,500,500,-500,"[[0, 1, 499], [0, 0, 0], [0, 0, 0]]",0.0,0.005681102999972154,0,0,0
44,EDD,155,1,500,0.0,0.0,0.0,0.0,0,500,500,-500,"[[0, 0, 500], [0, 0, 0], [0, 0, 0]]",0.15276990200004548,0.007687967999970624,1,0,0
44,EDD,156,1,500,1.0,1.0,1.0,1.0,500,0,0,0,"[[500, 0, 0], [0, 0, 0], [0, 0, 0]]",0.0,0.005698563000009926,0,0,0
44,EDD,157,1,500,1.0,1.0,1.0,1.0,500,0,0,0,"[[500, 0, 0], [0, 0, 0], [0, 0, 0]]",0.0,0.00500384099996154,0,0,0
44,EDD,158,1,500,1.0,1.0,1.0,1.0,500,0,0,0,"[[500, 0, 0], [0, 0, 0], [0, 0, 0]]",0.11493488500002513,0.005217082000058326,1,0,0
44,EDD,159,1,500,0.2088607594936709,0.264,0.5,0.132,132,368,368,-368,"[[0, 0, 0], [368, 132, 0], [0, 0, 0]]",0.0,0.00555347299996356,0,0,0
44,EDD,160,3,500,0.07248960190136661,0.122,0.3333333333333333,0.04066666666666666,61,439,439,-439,"[[0, 0, 0], [423, 61, 16], [0, 0, 0]]",0.0,0.005507932000000437,0,0,0
44,EDD,161,3,500,0.134185303514377,0.252,0.3333333333333333,0.084,126,374,374,-374,"[[0, 0, 0], [338, 126, 36], [0, 0, 0]]",0.12393780499996865,0.005466452000064237,1,0,0
44,EDD,162,3,500,1.0,1.0,1.0,1.0,500,0,0,0,"[[0, 0, 0], [0, 500, 0], [0, 0, 0]]",0.0,0.005885353999929066,0,0,0
44,EDD,163,3,500,1.0,1.0,1.0,1.0,500,0,0,0,"[[0, 0, 0], [0, 500, 0], [0, 0, 0]]",0.0,0.005823634000080347,0,0,0
44,EDD,164,3,500,1.0,1.0,1.0,1.0,500,0,0,0,"[[0, 0, 0], [0, 500, 0], [0, 0, 0]]",0.1445421040000383,0.005875922999962313,1,0,0
44,EDD,165,3,500,1.0,1.0,1.0,1.0,500,0,0,0,"[[0, 0, 0], [0, 500, 0], [0, 0, 0]]",0.0,0.005449032999990777,0,0,0
44,EDD,166,1,500,1.0,1.0,1.0,1.0,500,0,0,0,"[[0, 0, 0], [0, 500, 0], [0, 0, 0]]",0.0,0.005392893000021104,0,0,0
44,EDD,167,1,500,1.0,1.0,1.0,1.0,500,0,0,0,"[[0, 0, 0], [0, 500, 0], [0, 0, 0]]",0.12370931499992821,0.005543901999999434,1,0,0
44,EDD,168,1,500,0.0,0.0,0.0,0.0,0,500,500,-500,"[[0, 500, 0], [0, 0, 0], [0, 0, 0]]",0.0,0.0059612640000068495,0,0,0
44,EDD,169,1,500,1.0,1.0,1.0,1.0,500,0,0,0,"[[0, 0, 0], [0, 500, 0], [0, 0, 0]]",0.0,0.005593182999973578,0,0,0
44,EDD,170,3,500,1.0,1.0,1.0,1.0,500,0,0,0,"[[0, 0, 0], [0, 500, 0], [0, 0, 0]]",0.12501773899998625,0.00558005300001696,1,0,0
44,EDD,171,3,500,1.0,1.0,1.0,1.0,500,0,0,0,"[[0, 0, 0], [0, 500, 0], [0, 0, 0]]",0.0,0.005688663000000815,0,0,0
44,EDD,172,3,500,1.0,1.0,1.0,1.0,500,0,0,0,"[[0, 0, 0], [0, 500, 0], [0, 0, 0]]",0.0,0.005564562000017759,0,0,0
44,EDD,173,1,500,1.0,1.0,1.0,1.0,500,0,0,0,"[[0, 0, 0], [0, 500, 0], [0, 0, 0]]",0.1260177310000472,0.005641433000050711,1,0,0
44,EDD,174,3,500,1.0,1.0,1.0,1.0,500,0,0,0,"[[0, 0, 0], [0, 500, 0], [0, 0, 0]]",0.0,0.005531652000058784,0,0,0
44,EDD,175,3,500,1.0,1.0,1.0,1.0,500,0,0,0,"[[0, 0, 0], [0, 500, 0], [0, 0, 0]]",0.0,0.007099926000023515,0,0,0
44,EDD,176,1,500,0.0,0.0,0.0,0.0,0,500,500,-500,"[[0, 500, 0], [0, 0, 0], [0, 0, 0]]",0.14349977100005162,0.0057531830000243644,1,0,0
44,EDD,177,3,500,0.3946731234866828,0.652,0.5,0.326,326,174,174,-174,"[[0, 0, 0], [174, 326, 0], [0, 0, 0]]",0.0,0.006294584999977815,0,0,0
44,EDD,178,1,500,0.20562471184877826,0.446,0.3333333333333333,0.14866666666666667,223,277,277,-277,"[[223, 272, 5], [0, 0, 0], [0, 0, 0]]",0.0,0.006401234000009026,0,0,0
44,EDD,179,3,500,0.312242090784044,0.454,0.5,0.227,227,273,273,-273,"[[227, 273, 0], [0, 0, 0], [0, 0, 0]]",0.12591138100003718,0.006427024999993591,1,0,0
44,EDD,180,1,500,0.0,0.0,0.0,0.0,0,500,500,-500,"[[0, 0, 0], [500, 0, 0], [0, 0, 0]]",0.0,0.005707173000018884,0,0,0
44,EDD,181,1,500,0.0,0.0,0.0,0.0,0,500,500,-500,"[[0, 0, 0], [500, 0, 0], [0, 0, 0]]",0.0,0.0056244429999878776,0,0,0
44,Page-Hinkley,36,1,500,0.49341438703140833,0.974,0.5,0.487,487,13,13,-13,"[[487, 13, 0], [0, 0, 0], [0, 0, 0]]",0.0,0.006379533999961495,0,0,0
44,Page-Hinkley,37,1,500,0.13194444444444445,0.152,0.5,0.076,76,424,424,-424,"[[0, 0, 0], [424, 76, 0], [0, 0, 0]]",0.0,0.005746023000028799,0,0,0
44,Page-Hinkley,38,1,500,0.49849548645937813,0.994,0.5,0.497,497,3,3,-3,"[[497, 0, 3], [0, 0, 0], [0, 0, 0]]",0.0,0.00549273300009645,0,0,0
44,Page-Hinkley,39,1,500,0.0,0.0,0.0,0.0,0,500,500,-500,"[[0, 0, 0], [497, 0, 3], [0, 0, 0]]",0.0,0.005311121999966417,0,0,0
44,Page-Hinkley,40,1,500,0.0,0.0,0.0,0.0,0,500,500,-500,"[[0, 0, 0], [499, 0, 1], [0, 0, 0]]",0.0,0.005374522000010984,0,0,0
44,Page-Hinkley,41,1,500,0.059502125075895564,0.098,0.3333333333333333,0.03266666666666667,49,451,451,-451,"[[0, 0, 0], [0, 0, 0], [245, 206, 49]]",0.0,0.005593602999965697,0,0,0
44,Page-Hinkley,42,1,500,0.2149954832881662,0.476,0.3333333333333333,0.15866666666666665,238,262,262,-262,"[[238, 237, 25], [0, 0, 0], [0, 0, 0]]",0.0,0.0056227329999956055,0,0,0
44,Page-Hinkley,43,1,500,0.1474558670820353,0.284,0.3333333333333333,0.09466666666666666,142,358,358,-358,"[[142, 147, 211], [0, 0, 0], [0, 0, 0]]",0.0,0.006049943999983043,0,0,0
44,Page-Hinkley,44,1,500,0.24895572263993315,0.596,0.3333333333333333,0.19866666666666666,298,202,202,-202,"[[298, 22, 180], [0, 0, 0], [0, 0, 0]]",0.0,0.005593892999968375,0,0,0
44,Page-Hinkley,45,1,500,0.2870159453302961,0.756,0.3333333333333333,0.252,378,122,122,-122,"[[378, 64, 58], [0, 0, 0], [0, 0, 0]]",0.0,0.005630132999954185,0,0,0
44,Page-Hinkley,46,1,500,0.3157894736842105,0.9,0.3333333333333333,0.3,450,50,50,-50,"[[450, 1, 49], [0, 0, 0], [0, 0, 0]]",0.0,0.005558263000011721,0,0,0
44,Page-Hinkley,47,1,500,0.4979919678714859,0.992,0.5,0.496,496,4,4,-4,"[[496, 0, 4], [0, 0, 0], [0, 0, 0]]",0.0,0.0054056829999353795,0,0,0
44,Page-Hinkley,48,1,500,0.3172606568832984,0.908,0.3333333333333333,0.3026666666666667,454,46,46,-46,"[[454, 12, 34], [0, 0, 0], [0, 0, 0]]",0.0,0.005767593999962628,0,0,0
44,Page-Hinkley,49,1,500,0.22864651773981604,0.522,0.3333333333333333,0.17400000000000002,261,239,239,-239,"[[261, 17, 222], [0, 0, 0], [0, 0, 0]]",0.0,0.0058198030000085055,0,0,0
44,Page-Hinkley,50,1,500,0.27588901914810476,0.706,0.3333333333333333,0.2353333333333333,353,147,147,-147,"[[353, 88, 59], [0, 0, 0], [0, 0, 0]]",0.0,0.005720953000036388,0,0,0
44,Page-Hinkley,51,1,500,0.32088520055325037,0.928,0.3333333333333333,0.30933333333333335,464,36,36,-36,"[[464, 1, 35], [0, 0, 0], [0, 0, 0]]",0.0,0.005455853000057687,0,0,0
44,Page-Hinkley,52,1,500,0.49849548645937813,0.994,0.5,0.497,497,3,3,-3,"[[497, 0, 3], [0, 0, 0], [0, 0, 0]]",0.0,0.005417641999997613,0,0,0
44,Page-Hinkley,53,1,500,0.2586699306405549,0.634,0.3333333333333333,0.21133333333333335,317,183,183,-183,"[[317, 97, 86], [0, 0, 0], [0, 0, 0]]",0.0,0.0055903730000181895,0,0,0
44,Page-Hinkley,54,1,500,0.3109213802917111,0.874,0.3333333333333333,0.29133333333333333,437,63,63,-63,"[[437, 26, 37], [0, 0, 0], [0, 0, 0]]",0.0,0.005446732999985215,0,0,0
44,Page-Hinkley,55,1,500,0.4994994994994995,0.998,0.5,0.499,499,1,1,-1,"[[499, 0, 1], [0, 0, 0], [0, 0, 0]]",0.0,0.005526023000015812,0,0,0
44,Page-Hinkley,56,1,500,0.4994994994994995,0.998,0.5,0.499,499,1,1,-1,"[[499, 0, 1], [0, 0, 0], [0, 0, 0]]",0.0,0.005465591999950448,0,0,0
44,Page-Hinkley,57,1,500,0.30977872947894364,0.868,0.3333333333333333,0.28933333333333333,434,66,66,-66,"[[434, 53, 13], [0, 0, 0], [0, 0, 0]]",0.0,0.005725693000044885,0,0,0
44,Page-Hinkley,58,1,500,0.1750245821042281,0.356,0.3333333333333333,0.11866666666666666,178,322,322,-322,"[[0, 0, 0], [94, 178, 228], [0, 0, 0]]",0.0,0.0057320430000800116,0,0,0
44,Page-Hinkley,59,1,500,0.31016042780748665,0.87,0.3333333333333333,0.29,435,65,65,-65,"[[435, 21, 44], [0, 0, 0], [0, 0, 0]]",0.0,0.005602952999993249,0,0,0
44,Page-Hinkley,60,1,500,0.49899799599198397,0.996,0.5,0.498,498,2,2,-2,"[[498, 0, 2], [0, 0, 0], [0, 0, 0]]",0.0,0.007395936999955666,0,0,0
44,Page-Hinkley,61,1,500,0.3247863247863248,0.95,0.3333333333333333,0.31666666666666665,475,25,25,-25,"[[475, 19, 6], [0, 0, 0], [0, 0, 0]]",0.0,0.005736362999982703,0,0,0
44,Page-Hinkley,62,1,500,1.0,1.0,1.0,1.0,500,0,0,0,"[[500, 0, 0], [0, 0, 0], [0, 0, 0]]",0.0,0.005521043000044301,0,0,0
44,Page-Hinkley,63,1,500,0.33266533066132264,0.996,0.3333333333333333,0.332,498,2,2,-2,"[[498, 1, 1], [0, 0, 0], [0, 0, 0]]",0.0,0.0054610319999710555,0,0,0
44,Page-Hinkley,64,1,500,0.4994994994994995,0.998,0.5,0.499,499,1,1,-1,"[[499, 1, 0], [0, 0, 0], [0, 0, 0]]",0.0,0.005548413000042274,0,0,0
44,Page-Hinkley,65,1,500,1.0,1.0,1.0,1.0,500,0,0,0,"[[500, 0, 0], [0, 0, 0], [0, 0, 0]]",0.0,0.005461182999965786,0,0,0
44,Page-Hinkley,66,1,500,0.33132126089872566,0.988,0.3333333333333333,0.3293333333333333,494,6,6,-6,"[[494, 4, 2], [0, 0, 0], [0, 0, 0]]",0.0,0.0055807329999879585,0,0,0
44,Page-Hinkley,67,1,500,1.0,1.0,1.0,1.0,500,0,0,0,"[[500, 0, 0], [0, 0, 0], [0, 0, 0]]",0.0,0.005487083000048187,0,0,0
44,Page-Hinkley,68,1,500,1.0,1.0,1.0,1.0,500,0,0,0,"[[500, 0, 0], [0, 0, 0], [0, 0, 0]]",0.0,0.005372811999905025,0,0,0
44,Page-Hinkley,69,1,500,0.001996007984031936,0.002,0.5,0.001,1,499,499,-499,"[[0, 0, 0], [499, 1, 0], [0, 0, 0]]",0.0,0.00569071300003543,0,0,0
44,Page-Hinkley,70,3,500,0.015748031496062992,0.016,0.5,0.008,8,492,492,-492,"[[0, 0, 0], [492, 8, 0], [0, 0, 0]]",0.0,0.005884803999947508,0,0,0
44,Page-Hinkley,71,3,500,0.11504424778761062,0.13,0.5,0.065,65,435,435,-435,"[[0, 0, 0], [435, 65, 0], [0, 0, 0]]",0.0,0.005770133999931204,0,0,0
44,Page-Hinkley,72,3,500,0.20508744038155802,0.258,0.5,0.129,129,371,371,-371,"[[0, 0, 0], [371, 129, 0], [0, 0, 0]]",0.0,0.005612102999975832,0,0,0
44,Page-Hinkley,73,3,500,0.20382165605095542,0.256,0.5,0.128,128,372,372,-372,"[[0, 0, 0], [372, 128, 0], [0, 0, 0]]",0.0,0.00574431299992284,0,0,0
44,Page-Hinkley,74,3,500,0.0196078431372549,0.02,0.5,0.01,10,490,490,-490,"[[0, 0, 0], [490, 10, 0], [0, 0, 0]]",0.0,0.006181513999990784,0,0,0
44,Page-Hinkley,75,3,500,0.0421455938697318,0.044,0.5,0.022,22,478,478,-478,"[[0, 0, 0], [478, 22, 0], [0, 0, 0]]",0.0,0.005822933999979796,0,0,0
44,Page-Hinkley,76,3,500,0.005964214711729622,0.006,0.5,0.003,3,497,497,-497,"[[0, 0, 0], [497, 3, 0], [0, 0, 0]]",0.0,0.0057520139999951425,0,0,0
44,Page-Hinkley,77,3,500,0.08592321755027423,0.094,0.5,0.047,47,453,453,-453,"[[0, 0, 0], [453, 47, 0], [0, 0, 0]]",0.0,0.006080494000002545,0,0,0
44,Page-Hinkley,78,3,500,0.011857707509881422,0.012,0.5,0.006,6,494,494,-494,"[[0, 0, 0], [494, 6, 0], [0, 0, 0]]",0.0,0.0054745830000229034,0,0,0
44,Page-Hinkley,79,3,500,0.0,0.0,0.0,0.0,0,500,500,-500,"[[0, 0, 0], [0, 0, 0], [470, 30, 0]]",0.0,0.005669763000014427,0,0,0
44,Page-Hinkley,80,3,500,0.20634920634920634,0.26,0.5,0.13,130,370,370,-370,"[[0, 0, 0], [370, 130, 0], [0, 0, 0]]",0.0,0.0062231239999164245,0,0,0
44,Page-Hinkley,81,3,500,0.038461538461538464,0.04,0.5,0.02,20,480,480,-480,"[[0, 0, 0], [480, 20, 0], [0, 0, 0]]",0.0,0.007450796999933118,0,0,0
44,Page-Hinkley,82,3,500,0.005291005291005291,0.008,0.3333333333333333,0.0026666666666666666,4,496,496,-496,"[[0, 0, 0], [0, 0, 0], [338, 158, 4]]",0.0,0.005944034000094689,0,0,0
44,Page-Hinkley,83,1,500,0.272655634357762,0.692,0.3333333333333333,0.23066666666666666,346,154,154,-154,"[[346, 130, 24], [0, 0, 0], [0, 0, 0]]",0.0,0.005655393999973057,0,0,0
44,Page-Hinkley,84,1,500,0.316894018887723,0.906,0.3333333333333333,0.302,453,47,47,-47,"[[453, 4, 43], [0, 0, 0], [0, 0, 0]]",0.0,0.005712992999974631,0,0,0
44,Page-Hinkley,85,1,500,0.12021857923497269,0.22,0.3333333333333333,0.07333333333333333,110,390,390,-390,"[[0, 0, 0], [0, 0, 0], [360, 30, 110]]",0.0,0.005530942999939725,0,0,0
44,Page-Hinkley,86,1,500,0.06498194945848375,0.108,0.3333333333333333,0.036,54,446,446,-446,"[[0, 0, 0], [321, 54, 125], [0, 0, 0]]",0.0,0.005408442999964791,0,0,0
44,Page-Hinkley,87,1,500,0.427262313860252,0.746,0.5,0.373,373,127,127,-127,"[[373, 127, 0], [0, 0, 0], [0, 0, 0]]",0.0,0.0056507829999645764,0,0,0
44,Page-Hinkley,88,1,500,1.0,1.0,1.0,1.0,500,0,0,0,"[[500, 0, 0], [0, 0, 0], [0, 0, 0]]",0.0,0.005694502999972428,0,0,0
44,Page-Hinkley,89,1,500,0.3135593220338983,0.888,0.3333333333333333,0.296,444,56,56,-56,"[[444, 33, 23], [0, 0, 0], [0, 0, 0]]",0.0,0.0060702040000251145,0,0,0
44,Page-Hinkley,90,1,500,0.49031600407747195,0.962,0.5,0.481,481,19,19,-19,"[[481, 0, 19], [0, 0, 0], [0, 0, 0]]",0.0,0.005490033000000949,0,0,0
44,Page-Hinkley,91,1,500,0.32160110420979987,0.932,0.3333333333333333,0.3106666666666667,466,34,34,-34,"[[466, 2, 32], [0, 0, 0], [0, 0, 0]]",0.0,0.005513962999998512,0,0,0
44,Page-Hinkley,92,1,500,0.0,0.0,0.0,0.0,0,500,500,-500,"[[0, 0, 0], [0, 0, 0], [497, 3, 0]]",0.0,0.005672842999956629,0,0,0
44,Page-Hinkley,93,1,500,0.43820224719101125,0.78,0.5,0.39,390,110,110,-110,"[[390, 110, 0], [0, 0, 0], [0, 0, 0]]",0.0,0.005827763000070263,0,0,0
44,Page-Hinkley,94,1,500,0.4407158836689038,0.788,0.5,0.394,394,106,106,-106,"[[394, 106, 0], [0, 0, 0], [0, 0, 0]]",0.0,0.00572042400006012,0,0,0
44,Page-Hinkley,95,1,500,0.0,0.0,0.0,0.0,0,500,500,-500,"[[0, 0, 0], [0, 0, 0], [185, 315, 0]]",0.0,0.0054686419999825375,0,0,0
44,Page-Hinkley,96,1,500,0.0,0.0,0.0,0.0,0,500,500,-500,"[[0, 0, 0], [0, 0, 0], [461, 39, 0]]",0.0,0.005543723000073442,0,0,0
44,Page-Hinkley,97,1,500,0.26253687315634217,0.356,0.5,0.178,178,322,322,-322,"[[0, 0, 0], [322, 178, 0], [0, 0, 0]]",0.0,0.005579802999932326,0,0,0
44,Page-Hinkley,98,1,500,0.2897727272727273,0.408,0.5,0.204,204,296,296,-296,"[[0, 0, 0], [296, 204, 0], [0, 0, 0]]",0.0,0.005553593000058754,0,0,0
44,Page-Hinkley,99,1,500,0.4731296101159115,0.898,0.5,0.449,449,51,51,-51,"[[449, 51, 0], [0, 0, 0], [0, 0, 0]]",0.0,0.005673893000107455,0,0,0
44,Page-Hinkley,100,1,500,0.4824016563146998,0.932,0.5,0.466,466,34,34,-34,"[[466, 34, 0], [0, 0, 0], [0, 0, 0]]",0.0,0.005772783999987041,0,0,0
44,Page-Hinkley,101,1,500,0.4797086368366285,0.922,0.5,0.461,461,39,39,-39,"[[461, 39, 0], [0, 0, 0], [0, 0, 0]]",0.0,0.00585783300005005,0,0,0
44,Page-Hinkley,102,1,500,0.49899799599198397,0.996,0.5,0.498,498,2,2,-2,"[[498, 2, 0], [0, 0, 0], [0, 0, 0]]",0.0,0.005850783999903797,0,0,0
44,Page-Hinkley,103,1,500,0.013806706114398421,0.014,0.5,0.007,7,493,493,-493,"[[0, 0, 0], [493, 7, 0], [0, 0, 0]]",0.0,0.005942834000052244,0,0,0
44,Page-Hinkley,104,1,500,0.009900990099009901,0.01,0.5,0.005,5,495,495,-495,"[[0, 0, 0], [495, 5, 0], [0, 0, 0]]",0.0,0.0057560330000114845,0,0,0
44,Page-Hinkley,105,1,500,0.34980494148244473,0.538,0.5,0.269,269,231,231,-231,"[[0, 0, 0], [231, 269, 0], [0, 0, 0]]",0.0,0.005556482999963919,0,0,0
44,Page-Hinkley,106,1,500,0.0,0.0,0.0,0.0,0,500,500,-500,"[[0, 0, 0], [0, 0, 0], [227, 273, 0]]",0.0,0.005657342999938919,0,0,0
44,Page-Hinkley,107,1,500,0.3131868131868132,0.456,0.5,0.228,228,272,272,-272,"[[0, 0, 0], [272, 228, 0], [0, 0, 0]]",0.0,0.005569712999999865,0,0,0
44,Page-Hinkley,108,1,500,0.13644214162348878,0.158,0.5,0.079,79,421,421,-421,"[[79, 421, 0], [0, 0, 0], [0, 0, 0]]",0.0,0.005629403000057209,0,0,0
44,Page-Hinkley,109,2,500,0.21752738654147105,0.278,0.5,0.139,139,361,361,-361,"[[139, 361, 0], [0, 0, 0], [0, 0, 0]]",0.0,0.005830784000067979,0,0,0
44,Page-Hinkley,110,1,500,0.24012158054711247,0.316,0.5,0.158,158,342,342,-342,"[[0, 0, 0], [342, 158, 0], [0, 0, 0]]",0.0,0.006015884000021288,0,0,0
44,Page-Hinkley,111,1,500,0.0,0.0,0.0,0.0,0,500,500,-500,"[[0, 0, 0], [0, 0, 0], [78, 422, 0]]",0.0,0.005919213999959538,0,0,0
44,Page-Hinkley,112,1,500,0.3880048959608323,0.634,0.5,0.317,317,183,183,-183,"[[0, 0, 0], [183, 317, 0], [0, 0, 0]]",0.0,0.005850923000025432,0,0,0
44,Page-Hinkley,113,2,500,0.0,0.0,0.0,0.0,0,500,500,-500,"[[0, 0, 0], [0, 0, 0], [181, 319, 0]]",0.0,0.005813973999920563,0,0,0
44,Page-Hinkley,114,2,500,0.0,0.0,0.0,0.0,0,500,500,-500,"[[0, 0, 0], [0, 0, 0], [54, 446, 0]]",0.0,0.005705542999976387,0,0,0
44,Page-Hinkley,115,2,500,0.0,0.0,0.0,0.0,0,500,500,-500,"[[0, 0, 0], [0, 0, 0], [300, 200, 0]]",0.0,0.005684284000039952,0,0,0
44,Page-Hinkley,116,2,500,0.1166077738515901,0.132,0.5,0.066,66,434,434,-434,"[[66, 434, 0], [0, 0, 0], [0, 0, 0]]",0.0,0.005715602999998737,0,0,0
44,Page-Hinkley,117,1,500,0.027237354085603113,0.028,0.5,0.014,14,486,486,-486,"[[14, 486, 0], [0, 0, 0], [0, 0, 0]]",0.0,0.005654313000036382,0,0,0
44,Page-Hinkley,118,1,500,0.003976143141153081,0.006,0.3333333333333333,0.002,3,497,497,-497,"[[0, 0, 0], [0, 0, 0], [224, 273, 3]]",0.0,0.005554352999979528,0,0,0
44,Page-Hinkley,119,2,500,0.024405908798972382,0.038,0.3333333333333333,0.012666666666666666,19,481,481,-481,"[[0, 0, 0], [0, 0, 0], [407, 74, 19]]",0.0,0.00592689400002655,0,0,0
44,Page-Hinkley,120,2,500,0.4110718492343934,0.698,0.5,0.349,349,151,151,-151,"[[349, 151, 0], [0, 0, 0], [0, 0, 0]]",0.0,0.005977543999961199,0,0,0
44,Page-Hinkley,121,1,500,0.49443882709807885,0.978,0.5,0.489,489,11,11,-11,"[[489, 11, 0], [0, 0, 0], [0, 0, 0]]",0.0,0.005606793000083599,0,0,0
44,Page-Hinkley,122,1,500,1.0,1.0,1.0,1.0,500,0,0,0,"[[500, 0, 0], [0, 0, 0], [0, 0, 0]]",0.0,0.005294583000022612,0,0,0
44,Page-Hinkley,123,1,500,0.49341438703140833,0.974,0.5,0.487,487,13,13,-13,"[[487, 13, 0], [0, 0, 0], [0, 0, 0]]",0.0,0.005447312999990572,0,0,0
44,Page-Hinkley,124,1,500,1.0,1.0,1.0,1.0,500,0,0,0,"[[500, 0, 0], [0, 0, 0], [0, 0, 0]]",0.0,0.005348672000081933,0,0,0
44,Page-Hinkley,125,1,500,0.3670886075949367,0.58,0.5,0.29,290,210,210,-210,"[[290, 210, 0], [0, 0, 0], [0, 0, 0]]",0.0,0.0055738730000030046,0,0,0
44,Page-Hinkley,126,1,500,0.3686868686868687,0.584,0.5,0.292,292,208,208,-208,"[[292, 208, 0], [0, 0, 0], [0, 0, 0]]",0.0,0.005683273000045119,0,0,0
44,Page-Hinkley,127,1,500,0.46977730646871685,0.886,0.5,0.443,443,57,57,-57,"[[443, 57, 0], [0, 0, 0], [0, 0, 0]]",0.0,0.006287403999976959,0,0,0
44,Page-Hinkley,128,1,500,0.47478991596638653,0.904,0.5,0.452,452,48,48,-48,"[[452, 48, 0], [0, 0, 0], [0, 0, 0]]",0.0,0.005825544000003902,0,0,0
44,Page-Hinkley,129,1,500,0.46977730646871685,0.886,0.5,0.443,443,57,57,-57,"[[443, 57, 0], [0, 0, 0], [0, 0, 0]]",0.0,0.0068744259999675705,0,0,0
44,Page-Hinkley,130,1,500,0.2,0.25,0.5,0.125,125,375,375,-375,"[[0, 0, 0], [375, 125, 0], [0, 0, 0]]",0.0,0.007390316999931201,0,0,0
44,Page-Hinkley,131,1,500,0.28658304827061953,0.754,0.3333333333333333,0.25133333333333335,377,123,123,-123,"[[0, 0, 0], [111, 377, 12], [0, 0, 0]]",0.0,0.006073804000038763,0,0,0
44,Page-Hinkley,132,1,500,0.32124352331606215,0.93,0.3333333333333333,0.31,465,35,35,-35,"[[0, 0, 0], [33, 465, 2], [0, 0, 0]]",0.0,0.005825702999914029,0,0,0
44,Page-Hinkley,133,1,500,0.2857142857142857,0.75,0.3333333333333333,0.25,375,125,125,-125,"[[0, 0, 0], [94, 375, 31], [0, 0, 0]]",0.0,0.0060864339999398,0,0,0
44,Page-Hinkley,134,1,500,0.026871401151631478,0.042,0.3333333333333333,0.014,21,479,479,-479,"[[0, 0, 0], [0, 0, 0], [104, 375, 21]]",0.0,0.00682147600002736,0,0,0
44,Page-Hinkley,135,1,500,0.16691654172913542,0.334,0.3333333333333333,0.11133333333333334,167,333,333,-333,"[[167, 329, 4], [0, 0, 0], [0, 0, 0]]",0.0,0.005951223000010941,0,0,0
44,Page-Hinkley,136,1,500,0.2887624466571835,0.406,0.5,0.203,203,297,297,-297,"[[0, 0, 0], [297, 203, 0], [0, 0, 0]]",0.0,0.005842153000003236,0,0,0
44,Page-Hinkley,137,1,500,0.437570303712036,0.778,0.5,0.389,389,111,111,-111,"[[389, 111, 0], [0, 0, 0], [0, 0, 0]]",0.0,0.0061099040000272,0,0,0
44,Page-Hinkley,138,1,500,0.0,0.0,0.0,0.0,0,500,500,-500,"[[0, 0, 0], [0, 0, 0], [436, 64, 0]]",0.0,0.0058947329999909925,0,0,0
44,Page-Hinkley,139,1,500,0.0,0.0,0.0,0.0,0,500,500,-500,"[[0, 0, 0], [0, 0, 0], [263, 237, 0]]",0.0,0.005574862999992547,0,0,0
44,Page-Hinkley,140,1,500,0.3909866017052375,0.642,0.5,0.321,321,179,179,-179,"[[321, 179, 0], [0, 0, 0], [0, 0, 0]]",0.0,0.0056394829999817375,0,0,0
44,Page-Hinkley,141,1,500,0.30362116991643456,0.436,0.5,0.218,218,282,282,-282,"[[0, 0, 0], [282, 218, 0], [0, 0, 0]]",0.0,0.005806983999946169,0,0,0
44,Page-Hinkley,142,1,500,0.0,0.0,0.0,0.0,0,500,500,-500,"[[0, 0, 0], [0, 0, 0], [93, 407, 0]]",0.0,0.0057036830000924965,0,0,0
44,Page-Hinkley,143,1,500,0.31693989071038253,0.464,0.5,0.232,232,268,268,-268,"[[0, 0, 0], [268, 232, 0], [0, 0, 0]]",0.0,0.005597313000066606,0,0,0
44,Page-Hinkley,144,1,500,0.3564993564993565,0.554,0.5,0.277,277,223,223,-223,"[[0, 0, 0], [223, 277, 0], [0, 0, 0]]",0.0,0.005606463000049189,0,0,0
44,Page-Hinkley,145,1,500,0.39903846153846156,0.664,0.5,0.332,332,168,168,-168,"[[0, 0, 0], [168, 332, 0], [0, 0, 0]]",0.0,0.005668093999929624,0,0,0
44,Page-Hinkley,146,1,500,0.2138364779874214,0.272,0.5,0.136,136,364,364,-364,"[[136, 364, 0], [0, 0, 0], [0, 0, 0]]",0.0,0.005616343000042434,0,0,0
44,Page-Hinkley,147,1,500,0.4311717861205916,0.758,0.5,0.379,379,121,121,-121,"[[379, 121, 0], [0, 0, 0], [0, 0, 0]]",0.0,0.005769122999936371,0,0,0
44,Page-Hinkley,148,1,500,0.23547400611620795,0.308,0.5,0.154,154,346,346,-346,"[[154, 346, 0], [0, 0, 0], [0, 0, 0]]",0.0,0.006028683999943496,0,0,0
44,Page-Hinkley,149,1,500,0.08424908424908426,0.092,0.5,0.046,46,454,454,-454,"[[0, 0, 0], [454, 46, 0], [0, 0, 0]]",0.0,0.005800053000029948,0,0,0
44,Page-Hinkley,150,1,500,0.18357487922705315,0.38,0.3333333333333333,0.12666666666666668,190,310,310,-310,"[[190, 296, 14], [0, 0, 0], [0, 0, 0]]",0.0,0.005908613999963563,0,0,0
44,Page-Hinkley,151,1,500,0.15930999492643327,0.314,0.3333333333333333,0.10466666666666667,157,343,343,-343,"[[0, 0, 0], [0, 0, 0], [155, 188, 157]]",0.0,0.005741563000015049,0,0,0
44,Page-Hinkley,152,1,500,0.0,0.0,0.0,0.0,0,500,500,-500,"[[0, 0, 0], [0, 0, 0], [109, 391, 0]]",0.0,0.005680823000034252,0,0,0
44,Page-Hinkley,153,1,500,0.15698267074413863,0.308,0.3333333333333333,0.10266666666666667,154,346,346,-346,"[[0, 0, 0], [318, 154, 28], [0, 0, 0]]",0.0,0.005543893000094613,0,0,0
44,Page-Hinkley,154,1,500,0.45115257958287597,0.822,0.5,0.411,411,89,89,-89,"[[411, 89, 0], [0, 0, 0], [0, 0, 0]]",0.0,0.005691732999935084,0,0,0
44,Page-Hinkley,155,1,500,1.0,1.0,1.0,1.0,500,0,0,0,"[[500, 0, 0], [0, 0, 0], [0, 0, 0]]",0.0,0.005507441999952789,0,0,0
44,Page-Hinkley,156,1,500,0.4979919678714859,0.992,0.5,0.496,496,4,4,-4,"[[496, 4, 0], [0, 0, 0], [0, 0, 0]]",0.0,0.005690903999948205,0,0,0
44,Page-Hinkley,157,1,500,1.0,1.0,1.0,1.0,500,0,0,0,"[[500, 0, 0], [0, 0, 0], [0, 0, 0]]",0.0,0.005373891999965963,0,0,0
44,Page-Hinkley,158,1,500,1.0,1.0,1.0,1.0,500,0,0,0,"[[500, 0, 0], [0, 0, 0], [0, 0, 0]]",0.0,0.005868343000088316,0,0,0
44,Page-Hinkley,159,1,500,0.013071895424836602,0.02,0.3333333333333333,0.006666666666666667,10,490,490,-490,"[[0, 0, 0], [360, 10, 130], [0, 0, 0]]",0.0,0.005761573999961911,0,0,0
44,Page-Hinkley,160,3,500,0.04938271604938271,0.08,0.3333333333333333,0.02666666666666667,40,460,460,-460,"[[0, 0, 0], [429, 40, 31], [0, 0, 0]]",0.0,0.005707504000042718,0,0,0
44,Page-Hinkley,161,3,500,0.10738255033557047,0.192,0.3333333333333333,0.064,96,404,404,-404,"[[0, 0, 0], [392, 96, 12], [0, 0, 0]]",0.0,0.00577862299996923,0,0,0
44,Page-Hinkley,162,3,500,0.07142857142857142,0.12,0.3333333333333333,0.04,60,440,440,-440,"[[0, 0, 0], [333, 60, 107], [0, 0, 0]]",0.0,0.005670872999985477,0,0,0
44,Page-Hinkley,163,3,500,0.16616616616616617,0.332,0.3333333333333333,0.11066666666666668,166,334,334,-334,"[[0, 0, 0], [329, 166, 5], [0, 0, 0]]",0.0,0.005575173000011091,0,0,0
44,Page-Hinkley,164,3,500,0.023166023166023165,0.036,0.3333333333333333,0.011999999999999999,18,482,482,-482,"[[0, 0, 0], [418, 18, 64], [0, 0, 0]]",0.0,0.005626562999964335,0,0,0
44,Page-Hinkley,165,3,500,0.036546943919344675,0.058,0.3333333333333333,0.019333333333333334,29,471,471,-471,"[[0, 0, 0], [435, 29, 36], [0, 0, 0]]",0.0,0.005628013000091414,0,0,0
44,Page-Hinkley,166,1,500,0.04361370716510903,0.07,0.3333333333333333,0.023333333333333334,35,465,465,-465,"[[0, 0, 0], [412, 35, 53], [0, 0, 0]]",0.0,0.005576363000045603,0,0,0
44,Page-Hinkley,167,1,500,0.014350945857795172,0.022,0.3333333333333333,0.007333333333333333,11,489,489,-489,"[[0, 0, 0], [455, 11, 34], [0, 0, 0]]",0.0,0.005412502000012864,0,0,0
44,Page-Hinkley,168,1,500,0.24040920716112532,0.564,0.3333333333333333,0.18799999999999997,282,218,218,-218,"[[282, 137, 81], [0, 0, 0], [0, 0, 0]]",0.0,0.005495572000086213,0,0,0
44,Page-Hinkley,169,1,500,0.12554112554112554,0.232,0.3333333333333333,0.07733333333333334,116,384,384,-384,"[[0, 0, 0], [314, 116, 70], [0, 0, 0]]",0.0,0.005686444000048141,0,0,0
44,Page-Hinkley,170,3,500,0.0389202762084118,0.062,0.3333333333333333,0.020666666666666667,31,469,469,-469,"[[0, 0, 0], [406, 31, 63], [0, 0, 0]]",0.0,0.006395485000098233,0,0,0
44,Page-Hinkley,171,3,500,0.17790811339198434,0.364,0.3333333333333333,0.12133333333333333,182,318,318,-318,"[[0, 0, 0], [246, 182, 72], [0, 0, 0]]",0.0,0.005966223999962494,0,0,0
44,Page-Hinkley,172,3,500,0.045934202358783364,0.074,0.3333333333333333,0.024666666666666667,37,463,463,-463,"[[0, 0, 0], [386, 37, 77], [0, 0, 0]]",0.0,0.006446825000011813,0,0,0
44,Page-Hinkley,173,1,500,0.04127579737335835,0.066,0.3333333333333333,0.022000000000000002,33,467,467,-467,"[[0, 0, 0], [386, 33, 81], [0, 0, 0]]",0.0,0.0056293930000492765,0,0,0
44,Page-Hinkley,174,3,500,0.006600660066006601,0.01,0.3333333333333333,0.0033333333333333335,5,495,495,-495,"[[0, 0, 0], [492, 5, 3], [0, 0, 0]]",0.0,0.005738174000043728,0,0,0
44,Page-Hinkley,175,3,500,0.10073571024335032,0.178,0.3333333333333333,0.05933333333333333,89,411,411,-411,"[[0, 0, 0], [315, 89, 96], [0, 0, 0]]",0.0,0.0056791930001054425,0,0,0
44,Page-Hinkley,176,1,500,0.2962962962962963,0.8,0.3333333333333333,0.26666666666666666,400,100,100,-100,"[[400, 57, 43], [0, 0, 0], [0, 0, 0]]",0.0,0.005686003000050732,0,0,0
44,Page-Hinkley,177,3,500,0.05728214503351615,0.094,0.3333333333333333,0.03133333333333333,47,453,453,-453,"[[0, 0, 0], [370, 47, 83], [0, 0, 0]]",0.0,0.005836024000018369,0,0,0
44,Page-Hinkley,178,1,500,0.25766871165644173,0.63,0.3333333333333333,0.21,315,185,185,-185,"[[315, 92, 93], [0, 0, 0], [0, 0, 0]]",0.0,0.005929453000021567,0,0,0
44,Page-Hinkley,179,3,500,0.2693682955899881,0.678,0.3333333333333333,0.226,339,161,161,-161,"[[339, 63, 98], [0, 0, 0], [0, 0, 0]]",0.0,0.005770404000031704,0,0,0
44,Page-Hinkley,180,1,500,0.08289550496205488,0.142,0.3333333333333333,0.04733333333333333,71,429,429,-429,"[[0, 0, 0], [333, 71, 96], [0, 0, 0]]",0.0,0.005739793000088866,0,0,0
44,Page-Hinkley,181,1,500,0.11387506909894969,0.206,0.3333333333333333,0.06866666666666667,103,397,397,-397,"[[0, 0, 0], [343, 103, 54], [0, 0, 0]]",0.0,0.0056656830000747505,0,0,0
44,EDMA,36,1,500,0.49341438703140833,0.974,0.5,0.487,487,13,13,-13,"[[487, 13, 0], [0, 0, 0], [0, 0, 0]]",0.0,0.005759664000038356,0,0,0
44,EDMA,37,1,500,0.13194444444444445,0.152,0.5,0.076,76,424,424,-424,"[[0, 0, 0], [424, 76, 0], [0, 0, 0]]",0.0,0.005756054000016775,0,0,0
44,EDMA,38,1,500,0.49849548645937813,0.994,0.5,0.497,497,3,3,-3,"[[497, 0, 3], [0, 0, 0], [0, 0, 0]]",0.0,0.005540022999980465,0,0,0
44,EDMA,39,1,500,0.0,0.0,0.0,0.0,0,500,500,-500,"[[0, 0, 0], [497, 0, 3], [0, 0, 0]]",0.0,0.005363362000025518,0,0,0
44,EDMA,40,1,500,0.0,0.0,0.0,0.0,0,500,500,-500,"[[0, 0, 0], [499, 0, 1], [0, 0, 0]]",0.0,0.005438292999997429,0,0,0
44,EDMA,41,1,500,0.059502125075895564,0.098,0.3333333333333333,0.03266666666666667,49,451,451,-451,"[[0, 0, 0], [0, 0, 0], [245, 206, 49]]",0.0,0.00565856299999723,0,0,0
44,EDMA,42,1,500,0.2149954832881662,0.476,0.3333333333333333,0.15866666666666665,238,262,262,-262,"[[238, 237, 25], [0, 0, 0], [0, 0, 0]]",0.0,0.00562763300001734,0,0,0
44,EDMA,43,1,500,0.1474558670820353,0.284,0.3333333333333333,0.09466666666666666,142,358,358,-358,"[[142, 147, 211], [0, 0, 0], [0, 0, 0]]",0.0,0.005644533000008778,0,0,0
44,EDMA,44,1,500,0.24895572263993315,0.596,0.3333333333333333,0.19866666666666666,298,202,202,-202,"[[298, 22, 180], [0, 0, 0], [0, 0, 0]]",0.0,0.005761303999975098,0,0,0
44,EDMA,45,1,500,0.2870159453302961,0.756,0.3333333333333333,0.252,378,122,122,-122,"[[378, 64, 58], [0, 0, 0], [0, 0, 0]]",0.0,0.005778983000027438,0,0,0
44,EDMA,46,1,500,0.3157894736842105,0.9,0.3333333333333333,0.3,450,50,50,-50,"[[450, 1, 49], [0, 0, 0], [0, 0, 0]]",0.0,0.0057538539999768545,0,0,0
44,EDMA,47,1,500,0.4979919678714859,0.992,0.5,0.496,496,4,4,-4,"[[496, 0, 4], [0, 0, 0], [0, 0, 0]]",0.0,0.005462382000018806,0,0,0
44,EDMA,48,1,500,0.3172606568832984,0.908,0.3333333333333333,0.3026666666666667,454,46,46,-46,"[[454, 12, 34], [0, 0, 0], [0, 0, 0]]",0.0,0.005582172999993418,0,0,0
44,EDMA,49,1,500,0.22864651773981604,0.522,0.3333333333333333,0.17400000000000002,261,239,239,-239,"[[261, 17, 222], [0, 0, 0], [0, 0, 0]]",0.0,0.0055301630000030855,0,0,0
44,EDMA,50,1,500,0.27588901914810476,0.706,0.3333333333333333,0.2353333333333333,353,147,147,-147,"[[353, 88, 59], [0, 0, 0], [0, 0, 0]]",0.0,0.005862213000000338,0,0,0
44,EDMA,51,1,500,0.32088520055325037,0.928,0.3333333333333333,0.30933333333333335,464,36,36,-36,"[[464, 1, 35], [0, 0, 0], [0, 0, 0]]",0.0,0.005403953000040929,0,0,0
44,EDMA,52,1,500,0.49849548645937813,0.994,0.5,0.497,497,3,3,-3,"[[497, 0, 3], [0, 0, 0], [0, 0, 0]]",0.0,0.005463041999973939,0,0,0
44,EDMA,53,1,500,0.2586699306405549,0.634,0.3333333333333333,0.21133333333333335,317,183,183,-183,"[[317, 97, 86], [0, 0, 0], [0, 0, 0]]",0.0,0.005464072999984637,0,0,0
44,EDMA,54,1,500,0.3109213802917111,0.874,0.3333333333333333,0.29133333333333333,437,63,63,-63,"[[437, 26, 37], [0, 0, 0], [0, 0, 0]]",0.0,0.005348371999957635,0,0,0
44,EDMA,55,1,500,0.4994994994994995,0.998,0.5,0.499,499,1,1,-1,"[[499, 0, 1], [0, 0, 0], [0, 0, 0]]",0.0,0.005323692000047231,0,0,0
44,EDMA,56,1,500,0.4994994994994995,0.998,0.5,0.499,499,1,1,-1,"[[499, 0, 1], [0, 0, 0], [0, 0, 0]]",0.0,0.005345063000049777,0,0,0
44,EDMA,57,1,500,0.30977872947894364,0.868,0.3333333333333333,0.28933333333333333,434,66,66,-66,"[[434, 53, 13], [0, 0, 0], [0, 0, 0]]",0.0,0.00553227299997161,0,0,0
44,EDMA,58,1,500,0.1750245821042281,0.356,0.3333333333333333,0.11866666666666666,178,322,322,-322,"[[0, 0, 0], [94, 178, 228], [0, 0, 0]]",0.0,0.006395105000024159,0,0,0
44,EDMA,59,1,500,0.31016042780748665,0.87,0.3333333333333333,0.29,435,65,65,-65,"[[435, 21, 44], [0, 0, 0], [0, 0, 0]]",0.0,0.005851784000014959,0,0,0
44,EDMA,60,1,500,0.49899799599198397,0.996,0.5,0.498,498,2,2,-2,"[[498, 0, 2], [0, 0, 0], [0, 0, 0]]",0.0,0.0055924030000369385,0,0,0
44,EDMA,61,1,500,0.3247863247863248,0.95,0.3333333333333333,0.31666666666666665,475,25,25,-25,"[[475, 19, 6], [0, 0, 0], [0, 0, 0]]",0.0,0.005559622999953717,0,0,0
44,EDMA,62,1,500,1.0,1.0,1.0,1.0,500,0,0,0,"[[500, 0, 0], [0, 0, 0], [0, 0, 0]]",0.0,0.00550648299997647,0,0,0
44,EDMA,63,1,500,0.33266533066132264,0.996,0.3333333333333333,0.332,498,2,2,-2,"[[498, 1, 1], [0, 0, 0], [0, 0, 0]]",0.0,0.005381371999988005,0,0,0
44,EDMA,64,1,500,0.4994994994994995,0.998,0.5,0.499,499,1,1,-1,"[[499, 1, 0], [0, 0, 0], [0, 0, 0]]",0.0,0.005451712999956726,0,0,0
44,EDMA,65,1,500,1.0,1.0,1.0,1.0,500,0,0,0,"[[500, 0, 0], [0, 0, 0], [0, 0, 0]]",0.0,0.005461442000068928,0,0,0
44,EDMA,66,1,500,0.33132126089872566,0.988,0.3333333333333333,0.3293333333333333,494,6,6,-6,"[[494, 4, 2], [0, 0, 0], [0, 0, 0]]",0.0,0.005484023000008165,0,0,0
44,EDMA,67,1,500,1.0,1.0,1.0,1.0,500,0,0,0,"[[500, 0, 0], [0, 0, 0], [0, 0, 0]]",0.0,0.00545216300008633,0,0,0
44,EDMA,68,1,500,1.0,1.0,1.0,1.0,500,0,0,0,"[[500, 0, 0], [0, 0, 0], [0, 0, 0]]",0.0,0.005247852000024977,0,0,0
44,EDMA,69,1,500,0.001996007984031936,0.002,0.5,0.001,1,499,499,-499,"[[0, 0, 0], [499, 1, 0], [0, 0, 0]]",0.1160689480000201,0.005314752000003864,1,0,0
44,EDMA,70,3,500,0.4786235662148071,0.918,0.5,0.459,459,41,41,-41,"[[0, 0, 0], [41, 459, 0], [0, 0, 0]]",0.0,0.005526182999915363,0,0,0
44,EDMA,71,3,500,0.4786235662148071,0.918,0.5,0.459,459,41,41,-41,"[[0, 0, 0], [41, 459, 0], [0, 0, 0]]",0.0,0.0055611230000067735,0,0,0
44,EDMA,72,3,500,0.48559670781893005,0.944,0.5,0.472,472,28,28,-28,"[[0, 0, 0], [28, 472, 0], [0, 0, 0]]",0.0,0.005452983000054701,0,0,0
44,EDMA,73,3,500,0.4663820704375667,0.874,0.5,0.437,437,63,63,-63,"[[0, 0, 0], [63, 437, 0], [0, 0, 0]]",0.0,0.005590033000089534,0,0,0
44,EDMA,74,3,500,1.0,1.0,1.0,1.0,500,0,0,0,"[[0, 0, 0], [0, 500, 0], [0, 0, 0]]",0.0,0.005398292999984733,0,0,0
44,EDMA,75,3,500,0.4388327721661055,0.782,0.5,0.391,391,109,109,-109,"[[0, 0, 0], [109, 391, 0], [0, 0, 0]]",0.0,0.005422242999998161,0,0,0
44,EDMA,76,3,500,0.4571118349619978,0.842,0.5,0.421,421,79,79,-79,"[[0, 0, 0], [79, 421, 0], [0, 0, 0]]",0.0,0.00551001200005885,0,0,0
44,EDMA,77,3,500,0.48717948717948717,0.95,0.5,0.475,475,25,25,-25,"[[0, 0, 0], [25, 475, 0], [0, 0, 0]]",0.0,0.005318451999983154,0,0,0
44,EDMA,78,3,500,0.48770491803278687,0.952,0.5,0.476,476,24,24,-24,"[[0, 0, 0], [24, 476, 0], [0, 0, 0]]",0.0,0.00538894299995718,0,0,0
44,EDMA,79,3,500,0.0,0.0,0.0,0.0,0,500,500,-500,"[[0, 0, 0], [0, 0, 0], [64, 436, 0]]",0.11966399599998567,0.005338712000025225,1,0,0
44,EDMA,80,3,500,0.0,0.0,0.0,0.0,0,500,500,-500,"[[0, 0, 0], [0, 0, 500], [0, 0, 0]]",0.0,0.005854532999933326,0,0,0
44,EDMA,81,3,500,0.0,0.0,0.0,0.0,0,500,500,-500,"[[0, 0, 0], [0, 0, 500], [0, 0, 0]]",0.0,0.005854952999925445,0,0,0
44,EDMA,82,3,500,0.326877336051648,0.962,0.3333333333333333,0.32066666666666666,481,19,19,-19,"[[0, 0, 0], [0, 0, 0], [12, 7, 481]]",0.0,0.005660893999902328,0,0,0
44,EDMA,83,1,500,0.047087980173482036,0.076,0.3333333333333333,0.025333333333333333,38,462,462,-462,"[[38, 45, 417], [0, 0, 0], [0, 0, 0]]",0.0,0.006467375000056563,0,0,0
44,EDMA,84,1,500,0.10644257703081232,0.19,0.3333333333333333,0.06333333333333334,95,405,405,-405,"[[95, 209, 196], [0, 0, 0], [0, 0, 0]]",0.0,0.005648823000001357,0,0,0
44,EDMA,85,1,500,0.23821765209940016,0.556,0.3333333333333333,0.18533333333333335,278,222,222,-222,"[[0, 0, 0], [0, 0, 0], [50, 172, 278]]",0.0,0.00543949200005045,0,0,0
44,EDMA,86,1,500,0.3027656477438137,0.832,0.3333333333333333,0.2773333333333333,416,84,84,-84,"[[0, 0, 0], [6, 416, 78], [0, 0, 0]]",0.0,0.005373832000032053,0,0,0
44,EDMA,87,1,500,0.07036374478234943,0.118,0.3333333333333333,0.03933333333333333,59,441,441,-441,"[[59, 121, 320], [0, 0, 0], [0, 0, 0]]",0.0,0.0056390330000795075,0,0,0
44,EDMA,88,1,500,0.23876765083440307,0.558,0.3333333333333333,0.18600000000000003,279,221,221,-221,"[[279, 147, 74], [0, 0, 0], [0, 0, 0]]",0.0,0.0059852440000440765,0,0,0
44,EDMA,89,1,500,0.14664586583463338,0.282,0.3333333333333333,0.09399999999999999,141,359,359,-359,"[[141, 191, 168], [0, 0, 0], [0, 0, 0]]",0.0,0.005675983000060114,0,0,0
44,EDMA,90,1,500,0.001330671989354624,0.002,0.3333333333333333,0.0006666666666666666,1,499,499,-499,"[[1, 497, 2], [0, 0, 0], [0, 0, 0]]",0.0,0.005296532999977899,0,0,0
44,EDMA,91,1,500,0.0,0.0,0.0,0.0,0,500,500,-500,"[[0, 500, 0], [0, 0, 0], [0, 0, 0]]",0.0,0.00530530200001067,0,0,0
44,EDMA,92,1,500,0.14255765199161427,0.272,0.3333333333333333,0.09066666666666667,136,364,364,-364,"[[0, 0, 0], [0, 0, 0], [78, 286, 136]]",0.0,0.005743672999983573,0,0,0
44,EDMA,93,1,500,0.040100250626566414,0.064,0.3333333333333333,0.021333333333333333,32,468,468,-468,"[[32, 242, 226], [0, 0, 0], [0, 0, 0]]",0.0,0.00597214399999757,0,0,0
44,EDMA,94,1,500,0.02192134107027724,0.034,0.3333333333333333,0.011333333333333334,17,483,483,-483,"[[17, 262, 221], [0, 0, 0], [0, 0, 0]]",0.0,0.0058107230000814525,0,0,0
44,EDMA,95,1,500,0.1272923408845739,0.236,0.3333333333333333,0.07866666666666666,118,382,382,-382,"[[0, 0, 0], [0, 0, 0], [81, 301, 118]]",0.0,0.0056600930000740846,0,0,0
44,EDMA,96,1,500,0.26311541565778856,0.652,0.3333333333333333,0.21733333333333335,326,174,174,-174,"[[0, 0, 0], [0, 0, 0], [67, 107, 326]]",0.0,0.005873873000041385,0,0,0
44,EDMA,97,1,500,0.27497062279670975,0.702,0.3333333333333333,0.23399999999999999,351,149,149,-149,"[[0, 0, 0], [2, 351, 147], [0, 0, 0]]",0.0,0.005797334000021692,0,0,0
44,EDMA,98,1,500,0.23931623931623933,0.56,0.3333333333333333,0.18666666666666668,280,220,220,-220,"[[0, 0, 0], [8, 280, 212], [0, 0, 0]]",0.0,0.005598281999937171,0,0,0
44,EDMA,99,1,500,0.03773584905660377,0.06,0.3333333333333333,0.02,30,470,470,-470,"[[30, 255, 215], [0, 0, 0], [0, 0, 0]]",0.0,0.005749084000058247,0,0,0
44,EDMA,100,1,500,0.0,0.0,0.0,0.0,0,500,500,-500,"[[0, 481, 19], [0, 0, 0], [0, 0, 0]]",0.0,0.0056216530000483544,0,0,0
44,EDMA,101,1,500,0.011787819253438114,0.018,0.3333333333333333,0.005999999999999999,9,491,491,-491,"[[9, 488, 3], [0, 0, 0], [0, 0, 0]]",0.0,0.005517463000046519,0,0,0
44,EDMA,102,1,500,0.045934202358783364,0.074,0.3333333333333333,0.024666666666666667,37,463,463,-463,"[[37, 348, 115], [0, 0, 0], [0, 0, 0]]",0.0,0.005308861999992587,0,0,0
44,EDMA,103,1,500,0.3230240549828179,0.94,0.3333333333333333,0.3133333333333333,470,30,30,-30,"[[0, 0, 0], [4, 470, 26], [0, 0, 0]]",0.0,0.005524773000047389,0,0,0
44,EDMA,104,1,500,0.16314199395770393,0.324,0.3333333333333333,0.108,162,338,338,-338,"[[0, 0, 0], [31, 162, 307], [0, 0, 0]]",0.0,0.005671872999982952,0,0,0
44,EDMA,105,1,500,0.2510390689941812,0.604,0.3333333333333333,0.20133333333333334,302,198,198,-198,"[[0, 0, 0], [13, 302, 185], [0, 0, 0]]",0.0,0.005885353999929066,0,0,0
44,EDMA,106,1,500,0.16766467065868262,0.336,0.3333333333333333,0.112,168,332,332,-332,"[[0, 0, 0], [0, 0, 0], [12, 320, 168]]",0.0,0.005742273000009845,0,0,0
44,EDMA,107,1,500,0.2011173184357542,0.432,0.3333333333333333,0.144,216,284,284,-284,"[[0, 0, 0], [1, 216, 283], [0, 0, 0]]",0.0,0.0059024539999654735,0,0,0
44,EDMA,108,1,500,0.016894087069525665,0.026,0.3333333333333333,0.008666666666666666,13,487,487,-487,"[[13, 300, 187], [0, 0, 0], [0, 0, 0]]",0.0,0.005613493000055314,0,0,0
44,EDMA,109,2,500,0.0026560424966799467,0.004,0.3333333333333333,0.0013333333333333333,2,498,498,-498,"[[2, 145, 353], [0, 0, 0], [0, 0, 0]]",0.0,0.005732172999955765,0,0,0
44,EDMA,110,1,500,0.2983425414364641,0.81,0.3333333333333333,0.27,405,95,95,-95,"[[0, 0, 0], [4, 405, 91], [0, 0, 0]]",0.0,0.005630513000028259,0,0,0
44,EDMA,111,1,500,0.25565145910398684,0.622,0.3333333333333333,0.20733333333333334,311,189,189,-189,"[[0, 0, 0], [0, 0, 0], [2, 187, 311]]",0.0,0.005693013000040992,0,0,0
44,EDMA,112,1,500,0.015625,0.024,0.3333333333333333,0.008,12,488,488,-488,"[[0, 0, 0], [5, 12, 483], [0, 0, 0]]",0.0,0.005590912999991815,0,0,0
44,EDMA,113,2,500,0.4882292732855681,0.954,0.5,0.477,477,23,23,-23,"[[0, 0, 0], [0, 0, 0], [0, 23, 477]]",0.0,0.005726573000060853,0,0,0
44,EDMA,114,2,500,0.49748743718592964,0.99,0.5,0.495,495,5,5,-5,"[[0, 0, 0], [0, 0, 0], [0, 5, 495]]",0.0,0.0055714630000238685,0,0,0
44,EDMA,115,2,500,1.0,1.0,1.0,1.0,500,0,0,0,"[[0, 0, 0], [0, 0, 0], [0, 0, 500]]",0.0,0.0055733030000055805,0,0,0
44,EDMA,116,2,500,0.01941747572815534,0.03,0.3333333333333333,0.01,15,485,485,-485,"[[15, 104, 381], [0, 0, 0], [0, 0, 0]]",0.0,0.005683123999915551,0,0,0
44,EDMA,117,1,500,0.27588901914810476,0.706,0.3333333333333333,0.2353333333333333,353,147,147,-147,"[[353, 117, 30], [0, 0, 0], [0, 0, 0]]",0.0,0.005543923000004725,0,0,0
44,EDMA,118,1,500,0.17647058823529413,0.36,0.3333333333333333,0.12,180,320,320,-320,"[[0, 0, 0], [0, 0, 0], [309, 11, 180]]",0.0,0.005554743000061535,0,0,0
44,EDMA,119,2,500,0.32996632996632996,0.98,0.3333333333333333,0.32666666666666666,490,10,10,-10,"[[0, 0, 0], [0, 0, 0], [1, 9, 490]]",0.0,0.005785892999938369,0,0,0
44,EDMA,120,2,500,0.026871401151631478,0.042,0.3333333333333333,0.014,21,479,479,-479,"[[21, 161, 318], [0, 0, 0], [0, 0, 0]]",0.0,0.005792582999902152,0,0,0
44,EDMA,121,1,500,0.05616605616605617,0.092,0.3333333333333333,0.030666666666666665,46,454,454,-454,"[[46, 133, 321], [0, 0, 0], [0, 0, 0]]",0.0,0.005424053000069762,0,0,0
44,EDMA,122,1,500,0.001330671989354624,0.002,0.3333333333333333,0.0006666666666666666,1,499,499,-499,"[[1, 307, 192], [0, 0, 0], [0, 0, 0]]",0.0,0.005229162000091492,0,0,0
44,EDMA,123,1,500,0.0,0.0,0.0,0.0,0,500,500,-500,"[[0, 207, 293], [0, 0, 0], [0, 0, 0]]",0.0,0.005192822000026354,0,0,0
44,EDMA,124,1,500,0.0,0.0,0.0,0.0,0,500,500,-500,"[[0, 452, 48], [0, 0, 0], [0, 0, 0]]",0.0,0.005203572000027634,0,0,0
44,EDMA,125,1,500,0.011787819253438114,0.018,0.3333333333333333,0.005999999999999999,9,491,491,-491,"[[9, 490, 1], [0, 0, 0], [0, 0, 0]]",0.0,0.005263491999926373,0,0,0
44,EDMA,126,1,500,0.024405908798972382,0.038,0.3333333333333333,0.012666666666666666,19,481,481,-481,"[[19, 479, 2], [0, 0, 0], [0, 0, 0]]",0.0,0.005351383000061105,0,0,0
44,EDMA,127,1,500,0.030534351145038167,0.048,0.3333333333333333,0.016,24,476,476,-476,"[[24, 473, 3], [0, 0, 0], [0, 0, 0]]",0.0,0.00543021199996474,0,0,0
44,EDMA,128,1,500,0.009900990099009901,0.01,0.5,0.005,5,495,495,-495,"[[5, 495, 0], [0, 0, 0], [0, 0, 0]]",0.0,0.0053957129999844256,0,0,0
44,EDMA,129,1,500,0.016894087069525665,0.026,0.3333333333333333,0.008666666666666666,13,487,487,-487,"[[13, 484, 3], [0, 0, 0], [0, 0, 0]]",0.0,0.005331651999995302,0,0,0
44,EDMA,130,1,500,0.31167909123180687,0.878,0.3333333333333333,0.2926666666666667,439,61,61,-61,"[[0, 0, 0], [1, 439, 60], [0, 0, 0]]",0.0,0.006279854000013074,0,0,0
44,EDMA,131,1,500,0.2626262626262626,0.65,0.3333333333333333,0.21666666666666667,325,175,175,-175,"[[0, 0, 0], [10, 325, 165], [0, 0, 0]]",0.0,0.005933962999961295,0,0,0
44,EDMA,132,1,500,0.16541353383458646,0.33,0.3333333333333333,0.11,165,335,335,-335,"[[0, 0, 0], [10, 165, 325], [0, 0, 0]]",0.0,0.0057984929999292945,0,0,0
44,EDMA,133,1,500,0.16766467065868262,0.336,0.3333333333333333,0.112,168,332,332,-332,"[[0, 0, 0], [58, 168, 274], [0, 0, 0]]",0.0,0.005870803999982854,0,0,0
44,EDMA,134,1,500,0.31243358129649307,0.882,0.3333333333333333,0.294,441,59,59,-59,"[[0, 0, 0], [0, 0, 0], [9, 50, 441]]",0.0,0.005716643000027943,0,0,0
44,EDMA,135,1,500,0.03415559772296015,0.054,0.3333333333333333,0.018,27,473,473,-473,"[[27, 321, 152], [0, 0, 0], [0, 0, 0]]",0.0,0.005789872999912404,0,0,0
44,EDMA,136,1,500,0.4994994994994995,0.998,0.5,0.499,499,1,1,-1,"[[0, 0, 0], [0, 499, 1], [0, 0, 0]]",0.0,0.005462373000000298,0,0,0
44,EDMA,137,1,500,0.07142857142857142,0.12,0.3333333333333333,0.04,60,440,440,-440,"[[60, 297, 143], [0, 0, 0], [0, 0, 0]]",0.0,0.005710642999929405,0,0,0
44,EDMA,138,1,500,0.040100250626566414,0.064,0.3333333333333333,0.021333333333333333,32,468,468,-468,"[[0, 0, 0], [0, 0, 0], [27, 441, 32]]",0.0,0.005584483000006912,0,0,0
44,EDMA,139,1,500,0.1757486499754541,0.358,0.3333333333333333,0.11933333333333333,179,321,321,-321,"[[0, 0, 0], [0, 0, 0], [3, 318, 179]]",0.0,0.005886963999955697,0,0,0
44,EDMA,140,1,500,0.024405908798972382,0.038,0.3333333333333333,0.012666666666666666,19,481,481,-481,"[[19, 263, 218], [0, 0, 0], [0, 0, 0]]",0.0,0.005735103000006347,0,0,0
44,EDMA,141,1,500,0.2745098039215686,0.7,0.3333333333333333,0.2333333333333333,350,150,150,-150,"[[0, 0, 0], [41, 350, 109], [0, 0, 0]]",0.0,0.005623862999982521,0,0,0
44,EDMA,142,1,500,0.2962962962962963,0.8,0.3333333333333333,0.26666666666666666,400,100,100,-100,"[[0, 0, 0], [0, 0, 0], [11, 89, 400]]",0.0,0.005690042999958678,0,0,0
44,EDMA,143,1,500,0.29381058911260255,0.788,0.3333333333333333,0.26266666666666666,394,106,106,-106,"[[0, 0, 0], [2, 394, 104], [0, 0, 0]]",0.0,0.005679503999999724,0,0,0
44,EDMA,144,1,500,0.40119760479041916,0.67,0.5,0.335,335,165,165,-165,"[[0, 0, 0], [0, 335, 165], [0, 0, 0]]",0.0,0.005577353000035146,0,0,0
44,EDMA,145,1,500,0.45115257958287597,0.822,0.5,0.411,411,89,89,-89,"[[0, 0, 0], [0, 411, 89], [0, 0, 0]]",0.0,0.005651952999983223,0,0,0
44,EDMA,146,1,500,0.001330671989354624,0.002,0.3333333333333333,0.0006666666666666666,1,499,499,-499,"[[1, 370, 129], [0, 0, 0], [0, 0, 0]]",0.1351337619998958,0.005720134000057442,1,0,0
44,EDMA,147,1,500,0.40119760479041916,0.67,0.5,0.335,335,165,165,-165,"[[335, 165, 0], [0, 0, 0], [0, 0, 0]]",0.0,0.006110863999992944,0,0,0
44,EDMA,148,1,500,0.3702770780856423,0.588,0.5,0.294,294,206,206,-206,"[[294, 206, 0], [0, 0, 0], [0, 0, 0]]",0.0,0.006207983999956923,0,0,0
44,EDMA,149,1,500,0.2458521870286576,0.326,0.5,0.163,163,337,337,-337,"[[0, 0, 0], [337, 163, 0], [0, 0, 0]]",0.0,0.005539902000009533,0,0,0
44,EDMA,150,1,500,0.07063197026022305,0.076,0.5,0.038,38,462,462,-462,"[[38, 462, 0], [0, 0, 0], [0, 0, 0]]",0.0,0.005572062999931404,0,0,0
44,EDMA,151,1,500,0.0,0.0,0.0,0.0,0,500,500,-500,"[[0, 0, 0], [0, 0, 0], [160, 340, 0]]",0.0,0.0052737319999778265,0,0,0
44,EDMA,152,1,500,0.0,0.0,0.0,0.0,0,500,500,-500,"[[0, 0, 0], [0, 0, 0], [13, 487, 0]]",0.0,0.005784512999980507,0,0,0
44,EDMA,153,1,500,0.494949494949495,0.98,0.5,0.49,490,10,10,-10,"[[0, 0, 0], [10, 490, 0], [0, 0, 0]]",0.0,0.005620821999968939,0,0,0
44,EDMA,154,1,500,0.3261455525606469,0.484,0.5,0.242,242,258,258,-258,"[[242, 258, 0], [0, 0, 0], [0, 0, 0]]",0.0,0.0056538229999887335,0,0,0
44,EDMA,155,1,500,0.48078920041536866,0.926,0.5,0.463,463,37,37,-37,"[[463, 37, 0], [0, 0, 0], [0, 0, 0]]",0.0,0.005446792000043388,0,0,0
44,EDMA,156,1,500,0.4152046783625731,0.71,0.5,0.355,355,145,145,-145,"[[355, 145, 0], [0, 0, 0], [0, 0, 0]]",0.0,0.0054999220000127025,0,0,0
44,EDMA,157,1,500,1.0,1.0,1.0,1.0,500,0,0,0,"[[500, 0, 0], [0, 0, 0], [0, 0, 0]]",0.0,0.005359082000040871,0,0,0
44,EDMA,158,1,500,1.0,1.0,1.0,1.0,500,0,0,0,"[[500, 0, 0], [0, 0, 0], [0, 0, 0]]",0.0,0.0053133220000063375,0,0,0
44,EDMA,159,1,500,0.1554054054054054,0.184,0.5,0.092,92,408,408,-408,"[[0, 0, 0], [408, 92, 0], [0, 0, 0]]",0.0,0.00592060400003902,0,0,0
44,EDMA,160,3,500,0.04477611940298507,0.072,0.3333333333333333,0.023999999999999997,36,464,464,-464,"[[0, 0, 0], [449, 36, 15], [0, 0, 0]]",0.0,0.005820233000008557,0,0,0
44,EDMA,161,3,500,0.0929432013769363,0.162,0.3333333333333333,0.054,81,419,419,-419,"[[0, 0, 0], [396, 81, 23], [0, 0, 0]]",0.0,0.005541633000007096,0,0,0
44,EDMA,162,3,500,0.07981220657276995,0.136,0.3333333333333333,0.04533333333333334,68,432,432,-432,"[[0, 0, 0], [419, 68, 13], [0, 0, 0]]",0.0,0.00562881300004392,0,0,0
44,EDMA,163,3,500,0.33065595716198126,0.494,0.5,0.247,247,253,253,-253,"[[0, 0, 0], [253, 247, 0], [0, 0, 0]]",0.0,0.005461882000076912,0,0,0
44,EDMA,164,3,500,0.11504424778761062,0.13,0.5,0.065,65,435,435,-435,"[[0, 0, 0], [435, 65, 0], [0, 0, 0]]",0.0,0.00564876299995376,0,0,0
44,EDMA,165,3,500,0.0859465737514518,0.148,0.3333333333333333,0.04933333333333333,74,426,426,-426,"[[0, 0, 0], [425, 74, 1], [0, 0, 0]]",0.0,0.005566643000065596,0,0,0
44,EDMA,166,1,500,0.11203549639489739,0.202,0.3333333333333333,0.06733333333333334,101,399,399,-399,"[[0, 0, 0], [397, 101, 2], [0, 0, 0]]",0.0,0.005553273000032277,0,0,0
44,EDMA,167,1,500,0.08759124087591241,0.096,0.5,0.048,48,452,452,-452,"[[0, 0, 0], [452, 48, 0], [0, 0, 0]]",0.0,0.005393292000007932,0,0,0
44,EDMA,168,1,500,0.29086809470124014,0.774,0.3333333333333333,0.258,387,113,113,-113,"[[387, 111, 2], [0, 0, 0], [0, 0, 0]]",0.0,0.00551399300002231,0,0,0
44,EDMA,169,1,500,0.059502125075895564,0.098,0.3333333333333333,0.03266666666666667,49,451,451,-451,"[[0, 0, 0], [442, 49, 9], [0, 0, 0]]",0.0,0.005572282000002815,0,0,0
44,EDMA,170,3,500,0.07565011820330969,0.128,0.3333333333333333,0.042666666666666665,64,436,436,-436,"[[0, 0, 0], [427, 64, 9], [0, 0, 0]]",0.0,0.0056389030000900675,0,0,0
44,EDMA,171,3,500,0.05303030303030303,0.056,0.5,0.028,28,472,472,-472,"[[0, 0, 0], [472, 28, 0], [0, 0, 0]]",0.0,0.005497562999948968,0,0,0
44,EDMA,172,3,500,0.09195402298850575,0.16,0.3333333333333333,0.05333333333333334,80,420,420,-420,"[[0, 0, 0], [412, 80, 8], [0, 0, 0]]",0.0,0.005736183000067285,0,0,0
44,EDMA,173,1,500,0.1289198606271777,0.148,0.5,0.074,74,426,426,-426,"[[0, 0, 0], [426, 74, 0], [0, 0, 0]]",0.0,0.00566620300003251,0,0,0
44,EDMA,174,3,500,0.2113564668769716,0.268,0.5,0.134,134,366,366,-366,"[[0, 0, 0], [366, 134, 0], [0, 0, 0]]",0.0,0.00556799299999966,0,0,0
44,EDMA,175,3,500,0.09783845278725824,0.172,0.3333333333333333,0.057333333333333326,86,414,414,-414,"[[0, 0, 0], [411, 86, 3], [0, 0, 0]]",0.0,0.005723023000086869,0,0,0
44,EDMA,176,1,500,0.3109213802917111,0.874,0.3333333333333333,0.29133333333333333,437,63,63,-63,"[[437, 34, 29], [0, 0, 0], [0, 0, 0]]",0.0,0.005704293000007965,0,0,0
44,EDMA,177,3,500,0.04477611940298507,0.072,0.3333333333333333,0.023999999999999997,36,464,464,-464,"[[0, 0, 0], [439, 36, 25], [0, 0, 0]]",0.0,0.00577472299994497,0,0,0
44,EDMA,178,1,500,0.3047412233079985,0.842,0.3333333333333333,0.2806666666666667,421,79,79,-79,"[[421, 49, 30], [0, 0, 0], [0, 0, 0]]",0.0,0.006219804000011209,0,0,0
44,EDMA,179,3,500,0.31167909123180687,0.878,0.3333333333333333,0.2926666666666667,439,61,61,-61,"[[439, 36, 25], [0, 0, 0], [0, 0, 0]]",0.0,0.0055389130000094156,0,0,0
44,EDMA,180,1,500,0.11387506909894969,0.206,0.3333333333333333,0.06866666666666667,103,397,397,-397,"[[0, 0, 0], [390, 103, 7], [0, 0, 0]]",0.0,0.005686972999910722,0,0,0
44,EDMA,181,1,500,0.10644257703081232,0.19,0.3333333333333333,0.06333333333333334,95,405,405,-405,"[[0, 0, 0], [387, 95, 18], [0, 0, 0]]",0.0,0.005479603000026145,0,0,0
44,RAPT,36,1,500,0.49341438703140833,0.974,0.5,0.487,487,13,13,-13,"[[487, 13, 0], [0, 0, 0], [0, 0, 0]]",0.0,0.00568274299996574,0,0,0
44,RAPT,37,1,500,0.13194444444444445,0.152,0.5,0.076,76,424,424,-424,"[[0, 0, 0], [424, 76, 0], [0, 0, 0]]",0.0,0.00574373300003117,0,0,0
44,RAPT,38,1,500,0.49849548645937813,0.994,0.5,0.497,497,3,3,-3,"[[497, 0, 3], [0, 0, 0], [0, 0, 0]]",0.0,0.0055129630000010366,0,0,0
44,RAPT,39,1,500,0.0,0.0,0.0,0.0,0,500,500,-500,"[[0, 0, 0], [497, 0, 3], [0, 0, 0]]",0.0,0.005428422000022692,0,0,0
44,RAPT,40,1,500,0.0,0.0,0.0,0.0,0,500,500,-500,"[[0, 0, 0], [499, 0, 1], [0, 0, 0]]",0.0,0.005499132999943868,0,0,0
44,RAPT,41,1,500,0.059502125075895564,0.098,0.3333333333333333,0.03266666666666667,49,451,451,-451,"[[0, 0, 0], [0, 0, 0], [245, 206, 49]]",0.0,0.005658063000055336,0,0,0
44,RAPT,42,1,500,0.2149954832881662,0.476,0.3333333333333333,0.15866666666666665,238,262,262,-262,"[[238, 237, 25], [0, 0, 0], [0, 0, 0]]",0.0,0.0055943730000080905,0,0,0
44,RAPT,43,1,500,0.1474558670820353,0.284,0.3333333333333333,0.09466666666666666,142,358,358,-358,"[[142, 147, 211], [0, 0, 0], [0, 0, 0]]",0.0,0.005533662999937405,0,0,0
44,RAPT,44,1,500,0.24895572263993315,0.596,0.3333333333333333,0.19866666666666666,298,202,202,-202,"[[298, 22, 180], [0, 0, 0], [0, 0, 0]]",0.0,0.005553612999960933,0,0,0
44,RAPT,45,1,500,0.2870159453302961,0.756,0.3333333333333333,0.252,378,122,122,-122,"[[378, 64, 58], [0, 0, 0], [0, 0, 0]]",0.0,0.005590262999930928,0,0,0
44,RAPT,46,1,500,0.3157894736842105,0.9,0.3333333333333333,0.3,450,50,50,-50,"[[450, 1, 49], [0, 0, 0], [0, 0, 0]]",0.0,0.005513232999987849,0,0,0
44,RAPT,47,1,500,0.4979919678714859,0.992,0.5,0.496,496,4,4,-4,"[[496, 0, 4], [0, 0, 0], [0, 0, 0]]",0.0,0.005342671999983395,0,0,0
44,RAPT,48,1,500,0.3172606568832984,0.908,0.3333333333333333,0.3026666666666667,454,46,46,-46,"[[454, 12, 34], [0, 0, 0], [0, 0, 0]]",0.0,0.005496572000083688,0,0,0
44,RAPT,49,1,500,0.22864651773981604,0.522,0.3333333333333333,0.17400000000000002,261,239,239,-239,"[[261, 17, 222], [0, 0, 0], [0, 0, 0]]",0.0,0.005435833000092316,0,0,0
44,RAPT,50,1,500,0.27588901914810476,0.706,0.3333333333333333,0.2353333333333333,353,147,147,-147,"[[353, 88, 59], [0, 0, 0], [0, 0, 0]]",0.0,0.007455466999999771,0,0,0
44,RAPT,51,1,500,0.32088520055325037,0.928,0.3333333333333333,0.30933333333333335,464,36,36,-36,"[[464, 1, 35], [0, 0, 0], [0, 0, 0]]",0.0,0.005610412000010001,0,0,0
44,RAPT,52,1,500,0.49849548645937813,0.994,0.5,0.497,497,3,3,-3,"[[497, 0, 3], [0, 0, 0], [0, 0, 0]]",0.0,0.005389033000028576,0,0,0
44,RAPT,53,1,500,0.2586699306405549,0.634,0.3333333333333333,0.21133333333333335,317,183,183,-183,"[[317, 97, 86], [0, 0, 0], [0, 0, 0]]",0.0,0.005505653000000166,0,0,0
44,RAPT,54,1,500,0.3109213802917111,0.874,0.3333333333333333,0.29133333333333333,437,63,63,-63,"[[437, 26, 37], [0, 0, 0], [0, 0, 0]]",0.0,0.005538132999959089,0,0,0
44,RAPT,55,1,500,0.4994994994994995,0.998,0.5,0.499,499,1,1,-1,"[[499, 0, 1], [0, 0, 0], [0, 0, 0]]",0.0,0.005502772999989247,0,0,0
44,RAPT,56,1,500,0.4994994994994995,0.998,0.5,0.499,499,1,1,-1,"[[499, 0, 1], [0, 0, 0], [0, 0, 0]]",0.0,0.005334801999993033,0,0,0
44,RAPT,57,1,500,0.30977872947894364,0.868,0.3333333333333333,0.28933333333333333,434,66,66,-66,"[[434, 53, 13], [0, 0, 0], [0, 0, 0]]",0.0,0.005654932999959783,0,0,0
44,RAPT,58,1,500,0.1750245821042281,0.356,0.3333333333333333,0.11866666666666666,178,322,322,-322,"[[0, 0, 0], [94, 178, 228], [0, 0, 0]]",0.0,0.005527813000071546,0,0,0
44,RAPT,59,1,500,0.31016042780748665,0.87,0.3333333333333333,0.29,435,65,65,-65,"[[435, 21, 44], [0, 0, 0], [0, 0, 0]]",0.0,0.005673322999996344,0,0,0
44,RAPT,60,1,500,0.49899799599198397,0.996,0.5,0.498,498,2,2,-2,"[[498, 0, 2], [0, 0, 0], [0, 0, 0]]",0.0,0.00554433299998891,0,0,0
44,RAPT,61,1,500,0.3247863247863248,0.95,0.3333333333333333,0.31666666666666665,475,25,25,-25,"[[475, 19, 6], [0, 0, 0], [0, 0, 0]]",0.0,0.005592572999944423,0,0,0
44,RAPT,62,1,500,1.0,1.0,1.0,1.0,500,0,0,0,"[[500, 0, 0], [0, 0, 0], [0, 0, 0]]",0.0,0.005376662000003307,0,0,0
44,RAPT,63,1,500,0.33266533066132264,0.996,0.3333333333333333,0.332,498,2,2,-2,"[[498, 1, 1], [0, 0, 0], [0, 0, 0]]",0.0,0.005717922999906477,0,0,0
44,RAPT,64,1,500,0.4994994994994995,0.998,0.5,0.499,499,1,1,-1,"[[499, 1, 0], [0, 0, 0], [0, 0, 0]]",0.0,0.00544915199998286,0,0,0
44,RAPT,65,1,500,1.0,1.0,1.0,1.0,500,0,0,0,"[[500, 0, 0], [0, 0, 0], [0, 0, 0]]",0.0,0.005587553000054868,0,0,0
44,RAPT,66,1,500,0.33132126089872566,0.988,0.3333333333333333,0.3293333333333333,494,6,6,-6,"[[494, 4, 2], [0, 0, 0], [0, 0, 0]]",0.0,0.005400882999992973,0,0,0
44,RAPT,67,1,500,1.0,1.0,1.0,1.0,500,0,0,0,"[[500, 0, 0], [0, 0, 0], [0, 0, 0]]",0.0,0.005431723000015154,0,0,0
44,RAPT,68,1,500,1.0,1.0,1.0,1.0,500,0,0,0,"[[500, 0, 0], [0, 0, 0], [0, 0, 0]]",0.0,0.005675312999983362,0,0,0
44,RAPT,69,1,500,0.001996007984031936,0.002,0.5,0.001,1,499,499,-499,"[[0, 0, 0], [499, 1, 0], [0, 0, 0]]",0.0,0.005651703000012276,0,0,0
44,RAPT,70,3,500,0.4571118349619978,0.842,0.5,0.421,421,79,79,-79,"[[0, 0, 0], [79, 421, 0], [0, 0, 0]]",0.1068566159999591,0.005920504000073379,0,0,0
44,RAPT,71,3,500,0.2693682955899881,0.678,0.3333333333333333,0.226,339,161,161,-161,"[[0, 0, 0], [158, 339, 3], [0, 0, 0]]",0.0,0.005638772999986941,0,0,0
44,RAPT,72,3,500,0.3187195546276966,0.916,0.3333333333333333,0.30533333333333335,458,42,42,-42,"[[0, 0, 0], [40, 458, 2], [0, 0, 0]]",0.0,0.005538993000072878,0,0,0
44,RAPT,73,3,500,0.48770491803278687,0.952,0.5,0.476,476,24,24,-24,"[[0, 0, 0], [24, 476, 0], [0, 0, 0]]",0.0,0.005709502999934557,0,0,0
44,RAPT,74,3,500,0.4882292732855681,0.954,0.5,0.477,477,23,23,-23,"[[0, 0, 0], [23, 477, 0], [0, 0, 0]]",0.0,0.005593513000007988,0,0,0
44,RAPT,75,3,500,0.29255518144407033,0.782,0.3333333333333333,0.26066666666666666,391,109,109,-109,"[[0, 0, 0], [108, 391, 1], [0, 0, 0]]",0.0,0.0055901829999811525,0,0,0
44,RAPT,76,3,500,0.45652173913043476,0.84,0.5,0.42,420,80,80,-80,"[[0, 0, 0], [80, 420, 0], [0, 0, 0]]",0.0,0.005769653000015751,0,0,0
44,RAPT,77,3,500,0.4887525562372188,0.956,0.5,0.478,478,22,22,-22,"[[0, 0, 0], [22, 478, 0], [0, 0, 0]]",0.0,0.00612824399991041,0,0,0
44,RAPT,78,3,500,0.49647532729103727,0.986,0.5,0.493,493,7,7,-7,"[[0, 0, 0], [7, 493, 0], [0, 0, 0]]",0.0,0.0060460939999984475,0,0,0
44,RAPT,79,3,500,0.0,0.0,0.0,0.0,0,500,500,-500,"[[0, 0, 0], [0, 0, 0], [26, 474, 0]]",0.0,0.006552766000027077,0,0,0
44,RAPT,80,3,500,0.3051337671728127,0.844,0.3333333333333333,0.2813333333333333,422,78,78,-78,"[[0, 0, 0], [73, 422, 5], [0, 0, 0]]",0.0,0.0067804560000013225,0,0,0
44,RAPT,81,3,500,0.4658119658119658,0.872,0.5,0.436,436,64,64,-64,"[[0, 0, 0], [64, 436, 0], [0, 0, 0]]",0.0,0.005784174000041276,0,0,0
44,RAPT,82,3,500,0.003976143141153081,0.006,0.3333333333333333,0.002,3,497,497,-497,"[[0, 0, 0], [0, 0, 0], [83, 414, 3]]",0.0,0.006449705000022732,0,0,0
44,RAPT,83,1,500,0.2693682955899881,0.678,0.3333333333333333,0.226,339,161,161,-161,"[[339, 137, 24], [0, 0, 0], [0, 0, 0]]",0.005877023000039117,0.0065134349999880214,0,1,0
44,RAPT,84,1,500,0.32088520055325037,0.928,0.3333333333333333,0.30933333333333335,464,36,36,-36,"[[464, 2, 34], [0, 0, 0], [0, 0, 0]]",0.0,0.0065322149999929024,0,0,0
44,RAPT,85,1,500,0.16541353383458646,0.33,0.3333333333333333,0.11,165,335,335,-335,"[[0, 0, 0], [0, 0, 0], [276, 59, 165]]",0.0,0.008527799000034975,0,0,0
44,RAPT,86,1,500,0.06606606606606606,0.11,0.3333333333333333,0.03666666666666667,55,445,445,-445,"[[0, 0, 0], [406, 55, 39], [0, 0, 0]]",0.0,0.0057664429999704225,0,0,0
44,RAPT,87,1,500,0.408983451536643,0.692,0.5,0.346,346,154,154,-154,"[[346, 154, 0], [0, 0, 0], [0, 0, 0]]",0.0,0.0057190429999991466,0,0,0
44,RAPT,88,1,500,0.49899799599198397,0.996,0.5,0.498,498,2,2,-2,"[[498, 0, 2], [0, 0, 0], [0, 0, 0]]",0.0,0.005938912999909007,0,0,0
44,RAPT,89,1,500,0.30355846042120554,0.836,0.3333333333333333,0.2786666666666667,418,82,82,-82,"[[418, 43, 39], [0, 0, 0], [0, 0, 0]]",0.0,0.005834242999981143,0,0,0
44,RAPT,90,1,500,0.32860040567951315,0.972,0.3333333333333333,0.324,486,14,14,-14,"[[486, 1, 13], [0, 0, 0], [0, 0, 0]]",0.0,0.0056439830000272195,0,0,0
44,RAPT,91,1,500,0.3247863247863248,0.95,0.3333333333333333,0.31666666666666665,475,25,25,-25,"[[475, 5, 20], [0, 0, 0], [0, 0, 0]]",0.0,0.005670602999998664,0,0,0
44,RAPT,92,1,500,0.0,0.0,0.0,0.0,0,500,500,-500,"[[0, 0, 0], [0, 0, 0], [496, 4, 0]]",0.0,0.005652123000004394,0,0,0
44,RAPT,93,1,500,0.4311717861205916,0.758,0.5,0.379,379,121,121,-121,"[[379, 121, 0], [0, 0, 0], [0, 0, 0]]",0.0,0.005946374000018295,0,0,0
44,RAPT,94,1,500,0.44567627494456763,0.804,0.5,0.402,402,98,98,-98,"[[402, 98, 0], [0, 0, 0], [0, 0, 0]]",0.0,0.005914473999951042,0,0,0
44,RAPT,95,1,500,0.0,0.0,0.0,0.0,0,500,500,-500,"[[0, 0, 0], [0, 0, 0], [136, 364, 0]]",0.0,0.005635452999968038,0,0,0
44,RAPT,96,1,500,0.0,0.0,0.0,0.0,0,500,500,-500,"[[0, 0, 0], [0, 0, 0], [471, 29, 0]]",0.0,0.005713613000011719,0,0,0
44,RAPT,97,1,500,0.29775280898876405,0.424,0.5,0.212,212,288,288,-288,"[[0, 0, 0], [288, 212, 0], [0, 0, 0]]",0.0,0.005899982999949316,0,0,0
44,RAPT,98,1,500,0.24357034795763993,0.322,0.5,0.161,161,339,339,-339,"[[0, 0, 0], [339, 161, 0], [0, 0, 0]]",0.0,0.005749772999934066,0,0,0
44,RAPT,99,1,500,0.4753410283315845,0.906,0.5,0.453,453,47,47,-47,"[[453, 47, 0], [0, 0, 0], [0, 0, 0]]",0.0,0.005848443999980191,0,0,0
44,RAPT,100,1,500,0.4791666666666667,0.92,0.5,0.46,460,40,40,-40,"[[460, 40, 0], [0, 0, 0], [0, 0, 0]]",0.0,0.005883644000050481,0,0,0
44,RAPT,101,1,500,0.463519313304721,0.864,0.5,0.432,432,68,68,-68,"[[432, 68, 0], [0, 0, 0], [0, 0, 0]]",0.0,0.005736323000064658,0,0,0
44,RAPT,102,1,500,0.49647532729103727,0.986,0.5,0.493,493,7,7,-7,"[[493, 7, 0], [0, 0, 0], [0, 0, 0]]",0.0,0.005676262999941173,0,0,0
44,RAPT,103,1,500,0.011857707509881422,0.012,0.5,0.006,6,494,494,-494,"[[0, 0, 0], [494, 6, 0], [0, 0, 0]]",0.0,0.005800773000032677,0,0,0
44,RAPT,104,1,500,0.013806706114398421,0.014,0.5,0.007,7,493,493,-493,"[[0, 0, 0], [493, 7, 0], [0, 0, 0]]",0.0,0.006241934999934529,0,0,0
44,RAPT,105,1,500,0.22399291722000883,0.506,0.3333333333333333,0.16866666666666666,253,247,247,-247,"[[0, 0, 0], [246, 253, 1], [0, 0, 0]]",0.0,0.005724592999968081,0,0,0
44,RAPT,106,1,500,0.0,0.0,0.0,0.0,0,500,500,-500,"[[0, 0, 0], [0, 0, 0], [217, 283, 0]]",0.0,0.005574652999939644,0,0,0
44,RAPT,107,1,500,0.2753623188405797,0.38,0.5,0.19,190,310,310,-310,"[[0, 0, 0], [310, 190, 0], [0, 0, 0]]",0.0,0.005560132999903544,0,0,0
44,RAPT,108,1,500,0.06890130353817504,0.074,0.5,0.037,37,463,463,-463,"[[37, 463, 0], [0, 0, 0], [0, 0, 0]]",0.0,0.005570933000058176,0,0,0
44,RAPT,109,2,500,0.31280962491153574,0.884,0.3333333333333333,0.2946666666666667,442,58,58,-58,"[[442, 12, 46], [0, 0, 0], [0, 0, 0]]",0.09640186200010703,0.005425013000035506,0,0,0
44,RAPT,110,1,500,0.2389649923896499,0.314,0.5,0.157,157,343,343,-343,"[[0, 0, 0], [343, 157, 0], [0, 0, 0]]",0.004896770999948785,0.005784043999938149,0,1,0
44,RAPT,111,1,500,0.0,0.0,0.0,0.0,0,500,500,-500,"[[0, 0, 0], [0, 0, 0], [75, 425, 0]]",0.0,0.0058812639999814564,0,0,0
44,RAPT,112,1,500,0.39246658566221143,0.646,0.5,0.323,323,177,177,-177,"[[0, 0, 0], [177, 323, 0], [0, 0, 0]]",0.0,0.006589394999991782,0,0,0
44,RAPT,113,2,500,0.0,0.0,0.0,0.0,0,500,500,-500,"[[0, 0, 0], [0, 0, 0], [500, 0, 0]]",0.004808641000067837,0.005243522000000667,0,1,0
44,RAPT,114,2,500,0.0,0.0,0.0,0.0,0,500,500,-500,"[[0, 0, 0], [0, 0, 0], [500, 0, 0]]",0.0,0.005646123000019543,0,0,0
44,RAPT,115,2,500,0.0,0.0,0.0,0.0,0,500,500,-500,"[[0, 0, 0], [0, 0, 0], [500, 0, 0]]",0.0,0.005606132999901092,0,0,0
44,RAPT,116,2,500,1.0,1.0,1.0,1.0,500,0,0,0,"[[500, 0, 0], [0, 0, 0], [0, 0, 0]]",0.0,0.005679852999946888,0,0,0
44,RAPT,117,1,500,0.027237354085603113,0.028,0.5,0.014,14,486,486,-486,"[[14, 486, 0], [0, 0, 0], [0, 0, 0]]",0.004919190999999046,0.005339001999914217,0,1,0
44,RAPT,118,1,500,0.003976143141153081,0.006,0.3333333333333333,0.002,3,497,497,-497,"[[0, 0, 0], [0, 0, 0], [224, 273, 3]]",0.0,0.005480533000081778,0,0,0
44,RAPT,119,2,500,0.0026560424966799467,0.004,0.3333333333333333,0.0013333333333333333,2,498,498,-498,"[[0, 0, 0], [0, 0, 0], [413, 85, 2]]",0.004741280999951414,0.005431992000012542,0,1,0
44,RAPT,120,2,500,0.4487320837927233,0.814,0.5,0.407,407,93,93,-93,"[[407, 93, 0], [0, 0, 0], [0, 0, 0]]",0.0,0.005599592999942615,0,0,0
44,RAPT,121,1,500,0.49443882709807885,0.978,0.5,0.489,489,11,11,-11,"[[489, 11, 0], [0, 0, 0], [0, 0, 0]]",0.004973842000026707,0.00551671300001999,0,1,0
44,RAPT,122,1,500,1.0,1.0,1.0,1.0,500,0,0,0,"[[500, 0, 0], [0, 0, 0], [0, 0, 0]]",0.0,0.0054485919999933685,0,0,0
44,RAPT,123,1,500,0.49341438703140833,0.974,0.5,0.487,487,13,13,-13,"[[487, 13, 0], [0, 0, 0], [0, 0, 0]]",0.0,0.0052914320000354564,0,0,0
44,RAPT,124,1,500,1.0,1.0,1.0,1.0,500,0,0,0,"[[500, 0, 0], [0, 0, 0], [0, 0, 0]]",0.0,0.005367393000028642,0,0,0
44,RAPT,125,1,500,0.3670886075949367,0.58,0.5,0.29,290,210,210,-210,"[[290, 210, 0], [0, 0, 0], [0, 0, 0]]",0.0,0.005636573000060707,0,0,0
44,RAPT,126,1,500,0.3686868686868687,0.584,0.5,0.292,292,208,208,-208,"[[292, 208, 0], [0, 0, 0], [0, 0, 0]]",0.0,0.005721732999973028,0,0,0
44,RAPT,127,1,500,0.46977730646871685,0.886,0.5,0.443,443,57,57,-57,"[[443, 57, 0], [0, 0, 0], [0, 0, 0]]",0.0,0.00551092199998493,0,0,0
44,RAPT,128,1,500,0.47478991596638653,0.904,0.5,0.452,452,48,48,-48,"[[452, 48, 0], [0, 0, 0], [0, 0, 0]]",0.0,0.005576412999971581,0,0,0
44,RAPT,129,1,500,0.46977730646871685,0.886,0.5,0.443,443,57,57,-57,"[[443, 57, 0], [0, 0, 0], [0, 0, 0]]",0.0,0.0057371830000647606,0,0,0
44,RAPT,130,1,500,0.2,0.25,0.5,0.125,125,375,375,-375,"[[0, 0, 0], [375, 125, 0], [0, 0, 0]]",0.0,0.005839384000069003,0,0,0
44,RAPT,131,1,500,0.28658304827061953,0.754,0.3333333333333333,0.25133333333333335,377,123,123,-123,"[[0, 0, 0], [111, 377, 12], [0, 0, 0]]",0.0,0.0058591239999259415,0,0,0
44,RAPT,132,1,500,0.32124352331606215,0.93,0.3333333333333333,0.31,465,35,35,-35,"[[0, 0, 0], [33, 465, 2], [0, 0, 0]]",0.0,0.005782232999990811,0,0,0
44,RAPT,133,1,500,0.2857142857142857,0.75,0.3333333333333333,0.25,375,125,125,-125,"[[0, 0, 0], [94, 375, 31], [0, 0, 0]]",0.0,0.005685302999950181,0,0,0
44,RAPT,134,1,500,0.026871401151631478,0.042,0.3333333333333333,0.014,21,479,479,-479,"[[0, 0, 0], [0, 0, 0], [104, 375, 21]]",0.0,0.006022533999953339,0,0,0
44,RAPT,135,1,500,0.16691654172913542,0.334,0.3333333333333333,0.11133333333333334,167,333,333,-333,"[[167, 329, 4], [0, 0, 0], [0, 0, 0]]",0.0,0.005881003000013152,0,0,0
44,RAPT,136,1,500,0.2887624466571835,0.406,0.5,0.203,203,297,297,-297,"[[0, 0, 0], [297, 203, 0], [0, 0, 0]]",0.0,0.005675932999906763,0,0,0
44,RAPT,137,1,500,0.437570303712036,0.778,0.5,0.389,389,111,111,-111,"[[389, 111, 0], [0, 0, 0], [0, 0, 0]]",0.0,0.005712663000053908,0,0,0
44,RAPT,138,1,500,0.0,0.0,0.0,0.0,0,500,500,-500,"[[0, 0, 0], [0, 0, 0], [436, 64, 0]]",0.0,0.005654062999951748,0,0,0
44,RAPT,139,1,500,0.0,0.0,0.0,0.0,0,500,500,-500,"[[0, 0, 0], [0, 0, 0], [263, 237, 0]]",0.0,0.005614082999954917,0,0,0
44,RAPT,140,1,500,0.3909866017052375,0.642,0.5,0.321,321,179,179,-179,"[[321, 179, 0], [0, 0, 0], [0, 0, 0]]",0.0,0.005706344000032004,0,0,0
44,RAPT,141,1,500,0.30362116991643456,0.436,0.5,0.218,218,282,282,-282,"[[0, 0, 0], [282, 218, 0], [0, 0, 0]]",0.0,0.0059197640000547835,0,0,0
44,RAPT,142,1,500,0.0,0.0,0.0,0.0,0,500,500,-500,"[[0, 0, 0], [0, 0, 0], [93, 407, 0]]",0.0,0.005713923999906001,0,0,0
44,RAPT,143,1,500,0.31693989071038253,0.464,0.5,0.232,232,268,268,-268,"[[0, 0, 0], [268, 232, 0], [0, 0, 0]]",0.0,0.0056587729999364456,0,0,0
44,RAPT,144,1,500,0.3564993564993565,0.554,0.5,0.277,277,223,223,-223,"[[0, 0, 0], [223, 277, 0], [0, 0, 0]]",0.0,0.005578223000043181,0,0,0
44,RAPT,145,1,500,0.39903846153846156,0.664,0.5,0.332,332,168,168,-168,"[[0, 0, 0], [168, 332, 0], [0, 0, 0]]",0.0,0.005616472999918187,0,0,0
44,RAPT,146,1,500,0.2138364779874214,0.272,0.5,0.136,136,364,364,-364,"[[136, 364, 0], [0, 0, 0], [0, 0, 0]]",0.0,0.005658533000087118,0,0,0
44,RAPT,147,1,500,0.4311717861205916,0.758,0.5,0.379,379,121,121,-121,"[[379, 121, 0], [0, 0, 0], [0, 0, 0]]",0.0,0.006523785000013049,0,0,0
44,RAPT,148,1,500,0.23547400611620795,0.308,0.5,0.154,154,346,346,-346,"[[154, 346, 0], [0, 0, 0], [0, 0, 0]]",0.0,0.005888862999995581,0,0,0
44,RAPT,149,1,500,0.08424908424908426,0.092,0.5,0.046,46,454,454,-454,"[[0, 0, 0], [454, 46, 0], [0, 0, 0]]",0.0,0.005896783000025607,0,0,0
44,RAPT,150,1,500,0.18357487922705315,0.38,0.3333333333333333,0.12666666666666668,190,310,310,-310,"[[190, 296, 14], [0, 0, 0], [0, 0, 0]]",0.0,0.005984634000014921,0,0,0
44,RAPT,151,1,500,0.15930999492643327,0.314,0.3333333333333333,0.10466666666666667,157,343,343,-343,"[[0, 0, 0], [0, 0, 0], [155, 188, 157]]",0.0,0.005921792999970421,0,0,0
44,RAPT,152,1,500,0.0,0.0,0.0,0.0,0,500,500,-500,"[[0, 0, 0], [0, 0, 0], [109, 391, 0]]",0.0,0.006785315000001901,0,0,0
44,RAPT,153,1,500,0.15698267074413863,0.308,0.3333333333333333,0.10266666666666667,154,346,346,-346,"[[0, 0, 0], [318, 154, 28], [0, 0, 0]]",0.0,0.005890234000048622,0,0,0
44,RAPT,154,1,500,0.45115257958287597,0.822,0.5,0.411,411,89,89,-89,"[[411, 89, 0], [0, 0, 0], [0, 0, 0]]",0.0,0.005879713000012998,0,0,0
44,RAPT,155,1,500,1.0,1.0,1.0,1.0,500,0,0,0,"[[500, 0, 0], [0, 0, 0], [0, 0, 0]]",0.0,0.005571203000044989,0,0,0
44,RAPT,156,1,500,0.4979919678714859,0.992,0.5,0.496,496,4,4,-4,"[[496, 4, 0], [0, 0, 0], [0, 0, 0]]",0.0,0.005781663999982811,0,0,0
44,RAPT,157,1,500,1.0,1.0,1.0,1.0,500,0,0,0,"[[500, 0, 0], [0, 0, 0], [0, 0, 0]]",0.0,0.007149236000032033,0,0,0
44,RAPT,158,1,500,1.0,1.0,1.0,1.0,500,0,0,0,"[[500, 0, 0], [0, 0, 0], [0, 0, 0]]",0.0,0.006130664000011166,0,0,0
44,RAPT,159,1,500,0.013071895424836602,0.02,0.3333333333333333,0.006666666666666667,10,490,490,-490,"[[0, 0, 0], [360, 10, 130], [0, 0, 0]]",0.0,0.005746143000010306,0,0,0
44,RAPT,160,3,500,1.0,1.0,1.0,1.0,500,0,0,0,"[[0, 0, 0], [0, 500, 0], [0, 0, 0]]",0.004624589999934869,0.005091971999945599,0,1,0
44,RAPT,161,3,500,1.0,1.0,1.0,1.0,500,0,0,0,"[[0, 0, 0], [0, 500, 0], [0, 0, 0]]",0.0,0.0053502519999710785,0,0,0
44,RAPT,162,3,500,1.0,1.0,1.0,1.0,500,0,0,0,"[[0, 0, 0], [0, 500, 0], [0, 0, 0]]",0.0,0.0051980320000666325,0,0,0
44,RAPT,163,3,500,1.0,1.0,1.0,1.0,500,0,0,0,"[[0, 0, 0], [0, 500, 0], [0, 0, 0]]",0.0,0.005067601999940052,0,0,0
44,RAPT,164,3,500,1.0,1.0,1.0,1.0,500,0,0,0,"[[0, 0, 0], [0, 500, 0], [0, 0, 0]]",0.0,0.005091490999916459,0,0,0
44,RAPT,165,3,500,1.0,1.0,1.0,1.0,500,0,0,0,"[[0, 0, 0], [0, 500, 0], [0, 0, 0]]",0.0,0.005717953000043963,0,0,0
44,RAPT,166,1,500,0.04477611940298507,0.072,0.3333333333333333,0.023999999999999997,36,464,464,-464,"[[0, 0, 0], [401, 36, 63], [0, 0, 0]]",0.0072043559999883655,0.00860809000005247,0,1,0
44,RAPT,167,1,500,0.01941747572815534,0.03,0.3333333333333333,0.01,15,485,485,-485,"[[0, 0, 0], [437, 15, 48], [0, 0, 0]]",0.0,0.007352577000006022,0,0,0
44,RAPT,168,1,500,0.2274923144488362,0.518,0.3333333333333333,0.17266666666666666,259,241,241,-241,"[[259, 156, 85], [0, 0, 0], [0, 0, 0]]",0.0,0.006896035999943706,0,0,0
44,RAPT,169,1,500,0.134185303514377,0.252,0.3333333333333333,0.084,126,374,374,-374,"[[0, 0, 0], [257, 126, 117], [0, 0, 0]]",0.0,0.005672973000059756,0,0,0
44,RAPT,170,3,500,1.0,1.0,1.0,1.0,500,0,0,0,"[[0, 0, 0], [0, 500, 0], [0, 0, 0]]",0.0065969949999953315,0.0052000119999320304,0,1,0
44,RAPT,171,3,500,1.0,1.0,1.0,1.0,500,0,0,0,"[[0, 0, 0], [0, 500, 0], [0, 0, 0]]",0.0,0.005133232000048338,0,0,0
44,RAPT,172,3,500,1.0,1.0,1.0,1.0,500,0,0,0,"[[0, 0, 0], [0, 500, 0], [0, 0, 0]]",0.0,0.005270392000056745,0,0,0
44,RAPT,173,1,500,0.06280193236714976,0.104,0.3333333333333333,0.034666666666666665,52,448,448,-448,"[[0, 0, 0], [340, 52, 108], [0, 0, 0]]",0.006435814000042228,0.005414742999960254,0,1,0
44,RAPT,174,3,500,1.0,1.0,1.0,1.0,500,0,0,0,"[[0, 0, 0], [0, 500, 0], [0, 0, 0]]",0.00457571000004009,0.005053132000057303,0,1,0
44,RAPT,175,3,500,1.0,1.0,1.0,1.0,500,0,0,0,"[[0, 0, 0], [0, 500, 0], [0, 0, 0]]",0.0,0.00519199200005005,0,0,0
44,RAPT,176,1,500,0.290443942814146,0.772,0.3333333333333333,0.25733333333333336,386,114,114,-114,"[[386, 72, 42], [0, 0, 0], [0, 0, 0]]",0.004747681000026205,0.006788845999949444,0,1,0
44,RAPT,177,3,500,1.0,1.0,1.0,1.0,500,0,0,0,"[[0, 0, 0], [0, 500, 0], [0, 0, 0]]",0.004810550999991392,0.005126882000013211,0,1,0
44,RAPT,178,1,500,0.23263888888888887,0.536,0.3333333333333333,0.17866666666666667,268,232,232,-232,"[[268, 134, 98], [0, 0, 0], [0, 0, 0]]",0.006529244999910588,0.00576591300000473,0,1,0
44,RAPT,179,3,500,0.0,0.0,0.0,0.0,0,500,500,-500,"[[0, 499, 1], [0, 0, 0], [0, 0, 0]]",0.0046516099999962535,0.005047071999911168,0,1,0
44,RAPT,180,1,500,0.0617059891107078,0.102,0.3333333333333333,0.033999999999999996,51,449,449,-449,"[[0, 0, 0], [379, 51, 70], [0, 0, 0]]",0.004728150999994796,0.007763648000036483,0,1,0
44,RAPT,181,1,500,0.05279312461632904,0.086,0.3333333333333333,0.028666666666666663,43,457,457,-457,"[[0, 0, 0], [375, 43, 82], [0, 0, 0]]",0.0,0.005745853000007628,0,0,0
44,RAPT-Enhanced,36,1,500,0.49341438703140833,0.974,0.5,0.487,487,13,13,-13,"[[487, 13, 0], [0, 0, 0], [0, 0, 0]]",0.0,0.005710722999992868,0,0,0
44,RAPT-Enhanced,37,1,500,0.13194444444444445,0.152,0.5,0.076,76,424,424,-424,"[[0, 0, 0], [424, 76, 0], [0, 0, 0]]",0.0,0.005537322999998651,0,0,0
44,RAPT-Enhanced,38,1,500,0.49849548645937813,0.994,0.5,0.497,497,3,3,-3,"[[497, 0, 3], [0, 0, 0], [0, 0, 0]]",0.0,0.005285741999955462,0,0,0
44,RAPT-Enhanced,39,1,500,0.0,0.0,0.0,0.0,0,500,500,-500,"[[0, 0, 0], [497, 0, 3], [0, 0, 0]]",0.0,0.0052669920000880666,0,0,0
44,RAPT-Enhanced,40,1,500,0.0,0.0,0.0,0.0,0,500,500,-500,"[[0, 0, 0], [499, 0, 1], [0, 0, 0]]",0.0,0.005251993000001676,0,0,0
44,RAPT-Enhanced,41,1,500,0.059502125075895564,0.098,0.3333333333333333,0.03266666666666667,49,451,451,-451,"[[0, 0, 0], [0, 0, 0], [245, 206, 49]]",0.0,0.0054502130000173565,0,0,0
44,RAPT-Enhanced,42,1,500,0.2149954832881662,0.476,0.3333333333333333,0.15866666666666665,238,262,262,-262,"[[238, 237, 25], [0, 0, 0], [0, 0, 0]]",0.0,0.005427252000004046,0,0,0
44,RAPT-Enhanced,43,1,500,0.1474558670820353,0.284,0.3333333333333333,0.09466666666666666,142,358,358,-358,"[[142, 147, 211], [0, 0, 0], [0, 0, 0]]",0.0,0.005314843000064684,0,0,0
44,RAPT-Enhanced,44,1,500,0.24895572263993315,0.596,0.3333333333333333,0.19866666666666666,298,202,202,-202,"[[298, 22, 180], [0, 0, 0], [0, 0, 0]]",0.0,0.005642953000005946,0,0,0
44,RAPT-Enhanced,45,1,500,0.2870159453302961,0.756,0.3333333333333333,0.252,378,122,122,-122,"[[378, 64, 58], [0, 0, 0], [0, 0, 0]]",0.0,0.005643663000000743,0,0,0
44,RAPT-Enhanced,46,1,500,0.3157894736842105,0.9,0.3333333333333333,0.3,450,50,50,-50,"[[450, 1, 49], [0, 0, 0], [0, 0, 0]]",0.0,0.0055393630000253324,0,0,0
44,RAPT-Enhanced,47,1,500,0.4979919678714859,0.992,0.5,0.496,496,4,4,-4,"[[496, 0, 4], [0, 0, 0], [0, 0, 0]]",0.0,0.0052180220000082045,0,0,0
44,RAPT-Enhanced,48,1,500,0.3172606568832984,0.908,0.3333333333333333,0.3026666666666667,454,46,46,-46,"[[454, 12, 34], [0, 0, 0], [0, 0, 0]]",0.0,0.00530140199998641,0,0,0
44,RAPT-Enhanced,49,1,500,0.22864651773981604,0.522,0.3333333333333333,0.17400000000000002,261,239,239,-239,"[[261, 17, 222], [0, 0, 0], [0, 0, 0]]",0.0,0.005443483000021843,0,0,0
44,RAPT-Enhanced,50,1,500,0.27588901914810476,0.706,0.3333333333333333,0.2353333333333333,353,147,147,-147,"[[353, 88, 59], [0, 0, 0], [0, 0, 0]]",0.0,0.005436641999949643,0,0,0
44,RAPT-Enhanced,51,1,500,0.32088520055325037,0.928,0.3333333333333333,0.30933333333333335,464,36,36,-36,"[[464, 1, 35], [0, 0, 0], [0, 0, 0]]",0.0,0.005303831999981412,0,0,0
44,RAPT-Enhanced,52,1,500,0.49849548645937813,0.994,0.5,0.497,497,3,3,-3,"[[497, 0, 3], [0, 0, 0], [0, 0, 0]]",0.0,0.005179402000067057,0,0,0
44,RAPT-Enhanced,53,1,500,0.2586699306405549,0.634,0.3333333333333333,0.21133333333333335,317,183,183,-183,"[[317, 97, 86], [0, 0, 0], [0, 0, 0]]",0.0,0.005234591999965232,0,0,0
44,RAPT-Enhanced,54,1,500,0.3109213802917111,0.874,0.3333333333333333,0.29133333333333333,437,63,63,-63,"[[437, 26, 37], [0, 0, 0], [0, 0, 0]]",0.0,0.005401602999995703,0,0,0
44,RAPT-Enhanced,55,1,500,0.4994994994994995,0.998,0.5,0.499,499,1,1,-1,"[[499, 0, 1], [0, 0, 0], [0, 0, 0]]",0.0,0.0051859720000493326,0,0,0
44,RAPT-Enhanced,56,1,500,0.4994994994994995,0.998,0.5,0.499,499,1,1,-1,"[[499, 0, 1], [0, 0, 0], [0, 0, 0]]",0.0,0.0052770920000284605,0,0,0
44,RAPT-Enhanced,57,1,500,0.30977872947894364,0.868,0.3333333333333333,0.28933333333333333,434,66,66,-66,"[[434, 53, 13], [0, 0, 0], [0, 0, 0]]",0.0,0.005633433000070909,0,0,0
44,RAPT-Enhanced,58,1,500,0.1750245821042281,0.356,0.3333333333333333,0.11866666666666666,178,322,322,-322,"[[0, 0, 0], [94, 178, 228], [0, 0, 0]]",0.0,0.005605132999903617,0,0,0
44,RAPT-Enhanced,59,1,500,0.31016042780748665,0.87,0.3333333333333333,0.29,435,65,65,-65,"[[435, 21, 44], [0, 0, 0], [0, 0, 0]]",0.0,0.005695403999993687,0,0,0
44,RAPT-Enhanced,60,1,500,0.49899799599198397,0.996,0.5,0.498,498,2,2,-2,"[[498, 0, 2], [0, 0, 0], [0, 0, 0]]",0.0,0.0055041529999471095,0,0,0
44,RAPT-Enhanced,61,1,500,0.3247863247863248,0.95,0.3333333333333333,0.31666666666666665,475,25,25,-25,"[[475, 19, 6], [0, 0, 0], [0, 0, 0]]",0.0,0.005446352000035404,0,0,0
44,RAPT-Enhanced,62,1,500,1.0,1.0,1.0,1.0,500,0,0,0,"[[500, 0, 0], [0, 0, 0], [0, 0, 0]]",0.0,0.005268502000035369,0,0,0
44,RAPT-Enhanced,63,1,500,0.33266533066132264,0.996,0.3333333333333333,0.332,498,2,2,-2,"[[498, 1, 1], [0, 0, 0], [0, 0, 0]]",0.0,0.005223962000059146,0,0,0
44,RAPT-Enhanced,64,1,500,0.4994994994994995,0.998,0.5,0.499,499,1,1,-1,"[[499, 1, 0], [0, 0, 0], [0, 0, 0]]",0.0,0.0051984120000270195,0,0,0
44,RAPT-Enhanced,65,1,500,1.0,1.0,1.0,1.0,500,0,0,0,"[[500, 0, 0], [0, 0, 0], [0, 0, 0]]",0.0,0.005173531999957959,0,0,0
44,RAPT-Enhanced,66,1,500,0.33132126089872566,0.988,0.3333333333333333,0.3293333333333333,494,6,6,-6,"[[494, 4, 2], [0, 0, 0], [0, 0, 0]]",0.0,0.0051265220000686895,0,0,0
44,RAPT-Enhanced,67,1,500,1.0,1.0,1.0,1.0,500,0,0,0,"[[500, 0, 0], [0, 0, 0], [0, 0, 0]]",0.0,0.005217141999992236,0,0,0
44,RAPT-Enhanced,68,1,500,1.0,1.0,1.0,1.0,500,0,0,0,"[[500, 0, 0], [0, 0, 0], [0, 0, 0]]",0.0,0.005260012000007919,0,0,0
44,RAPT-Enhanced,69,1,500,0.001996007984031936,0.002,0.5,0.001,1,499,499,-499,"[[0, 0, 0], [499, 1, 0], [0, 0, 0]]",0.0,0.005969253999978719,0,0,0
44,RAPT-Enhanced,70,3,500,0.4758909853249476,0.908,0.5,0.454,454,46,46,-46,"[[0, 0, 0], [46, 454, 0], [0, 0, 0]]",0.12096158899998954,0.006839676000026884,0,0,0
44,RAPT-Enhanced,71,3,500,0.4908350305498982,0.964,0.5,0.482,482,18,18,-18,"[[0, 0, 0], [18, 482, 0], [0, 0, 0]]",0.0,0.00517311199996584,0,0,0
44,RAPT-Enhanced,72,3,500,0.49031600407747195,0.962,0.5,0.481,481,19,19,-19,"[[0, 0, 0], [19, 481, 0], [0, 0, 0]]",0.0,0.005271552000067459,0,0,0
44,RAPT-Enhanced,73,3,500,0.46865037194473963,0.882,0.5,0.441,441,59,59,-59,"[[0, 0, 0], [59, 441, 0], [0, 0, 0]]",0.0,0.0053717029999234,0,0,0
44,RAPT-Enhanced,74,3,500,1.0,1.0,1.0,1.0,500,0,0,0,"[[0, 0, 0], [0, 500, 0], [0, 0, 0]]",0.0,0.005252172000041355,0,0,0
44,RAPT-Enhanced,75,3,500,0.4731296101159115,0.898,0.5,0.449,449,51,51,-51,"[[0, 0, 0], [51, 449, 0], [0, 0, 0]]",0.0,0.005404063000014503,0,0,0
44,RAPT-Enhanced,76,3,500,0.477533960292581,0.914,0.5,0.457,457,43,43,-43,"[[0, 0, 0], [43, 457, 0], [0, 0, 0]]",0.0,0.005253012000025592,0,0,0
44,RAPT-Enhanced,77,3,500,0.4954591321897074,0.982,0.5,0.491,491,9,9,-9,"[[0, 0, 0], [9, 491, 0], [0, 0, 0]]",0.0,0.005182082000033006,0,0,0
44,RAPT-Enhanced,78,3,500,0.4979919678714859,0.992,0.5,0.496,496,4,4,-4,"[[0, 0, 0], [4, 496, 0], [0, 0, 0]]",0.0,0.005084221000061007,0,0,0
44,RAPT-Enhanced,79,3,500,0.0,0.0,0.0,0.0,0,500,500,-500,"[[0, 0, 0], [0, 0, 0], [25, 475, 0]]",0.0,0.005428333000054408,0,0,0
44,RAPT-Enhanced,80,3,500,0.4979919678714859,0.992,0.5,0.496,496,4,4,-4,"[[0, 0, 0], [4, 496, 0], [0, 0, 0]]",0.0,0.005431741999927908,0,0,0
44,RAPT-Enhanced,81,3,500,0.49443882709807885,0.978,0.5,0.489,489,11,11,-11,"[[0, 0, 0], [11, 489, 0], [0, 0, 0]]",0.0,0.005288273000019217,0,0,0
44,RAPT-Enhanced,82,3,500,0.0,0.0,0.0,0.0,0,500,500,-500,"[[0, 0, 0], [0, 0, 0], [99, 401, 0]]",0.0,0.005252771999948891,0,0,0
44,RAPT-Enhanced,83,1,500,0.2693682955899881,0.678,0.3333333333333333,0.226,339,161,161,-161,"[[339, 137, 24], [0, 0, 0], [0, 0, 0]]",0.004852930999959426,0.005587282999954368,0,1,0
44,RAPT-Enhanced,84,1,500,0.32088520055325037,0.928,0.3333333333333333,0.30933333333333335,464,36,36,-36,"[[464, 2, 34], [0, 0, 0], [0, 0, 0]]",0.0,0.005306472000029316,0,0,0
44,RAPT-Enhanced,85,1,500,0.16541353383458646,0.33,0.3333333333333333,0.11,165,335,335,-335,"[[0, 0, 0], [0, 0, 0], [276, 59, 165]]",0.0,0.00530750200005059,0,0,0
44,RAPT-Enhanced,86,1,500,0.06606606606606606,0.11,0.3333333333333333,0.03666666666666667,55,445,445,-445,"[[0, 0, 0], [406, 55, 39], [0, 0, 0]]",0.11246223900002406,0.005194242000015947,0,0,0
44,RAPT-Enhanced,87,1,500,0.001330671989354624,0.002,0.3333333333333333,0.0006666666666666666,1,499,499,-499,"[[1, 401, 98], [0, 0, 0], [0, 0, 0]]",0.0,0.005446432999974604,0,0,0
44,RAPT-Enhanced,88,1,500,0.005291005291005291,0.008,0.3333333333333333,0.0026666666666666666,4,496,496,-496,"[[4, 339, 157], [0, 0, 0], [0, 0, 0]]",0.0,0.005230993000054696,0,0,0
44,RAPT-Enhanced,89,1,500,0.0,0.0,0.0,0.0,0,500,500,-500,"[[0, 453, 47], [0, 0, 0], [0, 0, 0]]",0.11951667599998927,0.005278671999917606,0,0,0
44,RAPT-Enhanced,90,1,500,1.0,1.0,1.0,1.0,500,0,0,0,"[[500, 0, 0], [0, 0, 0], [0, 0, 0]]",0.0,0.005205701999898338,0,0,0
44,RAPT-Enhanced,91,1,500,1.0,1.0,1.0,1.0,500,0,0,0,"[[500, 0, 0], [0, 0, 0], [0, 0, 0]]",0.0,0.005101621999983763,0,0,0
44,RAPT-Enhanced,92,1,500,0.0,0.0,0.0,0.0,0,500,500,-500,"[[0, 0, 0], [0, 0, 0], [481, 19, 0]]",0.0,0.005355091999945216,0,0,0
44,RAPT-Enhanced,93,1,500,0.4019138755980861,0.672,0.5,0.336,336,164,164,-164,"[[336, 164, 0], [0, 0, 0], [0, 0, 0]]",0.0,0.005581273000075271,0,0,0
44,RAPT-Enhanced,94,1,500,0.35400516795865633,0.548,0.5,0.274,274,226,226,-226,"[[274, 226, 0], [0, 0, 0], [0, 0, 0]]",0.1355107130000306,0.005484453000008216,0,0,0
44,RAPT-Enhanced,95,1,500,0.0,0.0,0.0,0.0,0,500,500,-500,"[[0, 0, 0], [0, 0, 0], [500, 0, 0]]",0.0,0.005503673000021081,0,0,0
44,RAPT-Enhanced,96,1,500,0.0,0.0,0.0,0.0,0,500,500,-500,"[[0, 0, 0], [0, 0, 0], [500, 0, 0]]",0.0,0.005701752999925702,0,0,0
44,RAPT-Enhanced,97,1,500,0.0,0.0,0.0,0.0,0,500,500,-500,"[[0, 0, 0], [500, 0, 0], [0, 0, 0]]",0.13738566699998955,0.00563690299998143,0,0,0
44,RAPT-Enhanced,98,1,500,0.2366412213740458,0.31,0.5,0.155,155,345,345,-345,"[[0, 0, 0], [0, 155, 345], [0, 0, 0]]",0.0,0.005593583000063518,0,0,0
44,RAPT-Enhanced,99,1,500,0.0,0.0,0.0,0.0,0,500,500,-500,"[[0, 169, 331], [0, 0, 0], [0, 0, 0]]",0.0,0.005570412999986729,0,0,0
44,RAPT-Enhanced,100,1,500,0.0,0.0,0.0,0.0,0,500,500,-500,"[[0, 411, 89], [0, 0, 0], [0, 0, 0]]",0.12596753000002536,0.005556862999924306,0,0,0
44,RAPT-Enhanced,101,1,500,0.49899799599198397,0.996,0.5,0.498,498,2,2,-2,"[[498, 2, 0], [0, 0, 0], [0, 0, 0]]",0.0,0.0054355820000182575,0,0,0
44,RAPT-Enhanced,102,1,500,0.4994994994994995,0.998,0.5,0.499,499,1,1,-1,"[[499, 1, 0], [0, 0, 0], [0, 0, 0]]",0.0,0.005218353000032039,0,0,0
44,RAPT-Enhanced,103,1,500,0.0,0.0,0.0,0.0,0,500,500,-500,"[[0, 0, 0], [500, 0, 0], [0, 0, 0]]",0.0,0.005211712000004809,0,0,0
44,RAPT-Enhanced,104,1,500,0.0,0.0,0.0,0.0,0,500,500,-500,"[[0, 0, 0], [500, 0, 0], [0, 0, 0]]",0.1270798030000151,0.005177202000027137,0,0,0
44,RAPT-Enhanced,105,1,500,1.0,1.0,1.0,1.0,500,0,0,0,"[[0, 0, 0], [0, 500, 0], [0, 0, 0]]",0.0,0.005232632000002013,0,0,0
44,RAPT-Enhanced,106,1,500,0.0,0.0,0.0,0.0,0,500,500,-500,"[[0, 0, 0], [0, 0, 0], [0, 500, 0]]",0.0,0.005308232000061253,0,0,0
44,RAPT-Enhanced,107,1,500,1.0,1.0,1.0,1.0,500,0,0,0,"[[0, 0, 0], [0, 500, 0], [0, 0, 0]]",0.0,0.005135212000027423,0,0,0
44,RAPT-Enhanced,108,1,500,0.0,0.0,0.0,0.0,0,500,500,-500,"[[0, 500, 0], [0, 0, 0], [0, 0, 0]]",0.13185978500007423,0.005039881999891804,0,0,0
44,RAPT-Enhanced,109,2,500,0.45054945054945056,0.82,0.5,0.41,410,90,90,-90,"[[410, 90, 0], [0, 0, 0], [0, 0, 0]]",0.13191973499999676,0.005551642999989781,0,0,0
44,RAPT-Enhanced,110,1,500,0.0,0.0,0.0,0.0,0,500,500,-500,"[[0, 0, 0], [500, 0, 0], [0, 0, 0]]",0.0047664209999993545,0.005190311999967889,0,1,0
44,RAPT-Enhanced,111,1,500,0.0,0.0,0.0,0.0,0,500,500,-500,"[[0, 0, 0], [0, 0, 0], [488, 12, 0]]",0.0,0.005371742999955131,0,0,0
44,RAPT-Enhanced,112,1,500,0.07749077490774908,0.084,0.5,0.042,42,458,458,-458,"[[0, 0, 0], [458, 42, 0], [0, 0, 0]]",0.12395456600006582,0.0051701219999813475,0,0,0
44,RAPT-Enhanced,113,2,500,0.0,0.0,0.0,0.0,0,500,500,-500,"[[0, 0, 0], [0, 0, 0], [494, 6, 0]]",0.004697480999993786,0.005202552000014293,0,1,0
44,RAPT-Enhanced,114,2,500,0.0,0.0,0.0,0.0,0,500,500,-500,"[[0, 0, 0], [0, 0, 0], [400, 100, 0]]",0.0,0.005220782999913354,0,0,0
44,RAPT-Enhanced,115,2,500,0.0,0.0,0.0,0.0,0,500,500,-500,"[[0, 0, 0], [0, 0, 0], [394, 106, 0]]",0.11551524699996207,0.005198882000058802,0,0,0
44,RAPT-Enhanced,116,2,500,0.030534351145038167,0.048,0.3333333333333333,0.016,24,476,476,-476,"[[24, 4, 472], [0, 0, 0], [0, 0, 0]]",0.0,0.005105251000031785,0,0,0
44,RAPT-Enhanced,117,1,500,0.0,0.0,0.0,0.0,0,500,500,-500,"[[0, 155, 345], [0, 0, 0], [0, 0, 0]]",0.004788291000068057,0.005245642000090811,0,1,0
44,RAPT-Enhanced,118,1,500,0.22864651773981604,0.522,0.3333333333333333,0.17400000000000002,261,239,239,-239,"[[0, 0, 0], [0, 0, 0], [14, 225, 261]]",0.0,0.00518848199999411,0,0,0
44,RAPT-Enhanced,119,2,500,1.0,1.0,1.0,1.0,500,0,0,0,"[[0, 0, 0], [0, 0, 0], [0, 0, 500]]",0.0047800610000194865,0.007479587000034371,0,1,0
44,RAPT-Enhanced,120,2,500,0.04361370716510903,0.07,0.3333333333333333,0.023333333333333334,35,465,465,-465,"[[35, 146, 319], [0, 0, 0], [0, 0, 0]]",0.0,0.005246852000027502,0,0,0
44,RAPT-Enhanced,121,1,500,0.05660377358490566,0.06,0.5,0.03,30,470,470,-470,"[[30, 470, 0], [0, 0, 0], [0, 0, 0]]",0.004706870999939383,0.005094482000004064,0,1,0
44,RAPT-Enhanced,122,1,500,0.0,0.0,0.0,0.0,0,500,500,-500,"[[0, 500, 0], [0, 0, 0], [0, 0, 0]]",0.0,0.005247881999935089,0,0,0
44,RAPT-Enhanced,123,1,500,0.0,0.0,0.0,0.0,0,500,500,-500,"[[0, 499, 1], [0, 0, 0], [0, 0, 0]]",0.10964249300002393,0.005162132000009478,0,0,0
44,RAPT-Enhanced,124,1,500,1.0,1.0,1.0,1.0,500,0,0,0,"[[500, 0, 0], [0, 0, 0], [0, 0, 0]]",0.0,0.005181080999932419,0,0,0
44,RAPT-Enhanced,125,1,500,0.4791666666666667,0.92,0.5,0.46,460,40,40,-40,"[[460, 40, 0], [0, 0, 0], [0, 0, 0]]",0.0,0.005261322000023938,0,0,0
44,RAPT-Enhanced,126,1,500,0.4797086368366285,0.922,0.5,0.461,461,39,39,-39,"[[461, 39, 0], [0, 0, 0], [0, 0, 0]]",0.0,0.005145781999999599,0,0,0
44,RAPT-Enhanced,127,1,500,0.06890130353817504,0.074,0.5,0.037,37,463,463,-463,"[[37, 463, 0], [0, 0, 0], [0, 0, 0]]",0.0,0.00528508200000033,0,0,0
44,RAPT-Enhanced,128,1,500,0.08088235294117647,0.088,0.5,0.044,44,456,456,-456,"[[44, 456, 0], [0, 0, 0], [0, 0, 0]]",0.12570898000001307,0.005139952000035919,0,0,0
44,RAPT-Enhanced,129,1,500,0.48927477017364657,0.958,0.5,0.479,479,21,21,-21,"[[479, 21, 0], [0, 0, 0], [0, 0, 0]]",0.0,0.006027764000009483,0,0,0
44,RAPT-Enhanced,130,1,500,0.0,0.0,0.0,0.0,0,500,500,-500,"[[0, 0, 0], [500, 0, 0], [0, 0, 0]]",0.0,0.008388459999991937,0,0,0
44,RAPT-Enhanced,131,1,500,0.16616616616616617,0.332,0.3333333333333333,0.11066666666666668,166,334,334,-334,"[[0, 0, 0], [221, 166, 113], [0, 0, 0]]",0.1488635629999635,0.005482422999989467,0,0,0
44,RAPT-Enhanced,132,1,500,1.0,1.0,1.0,1.0,500,0,0,0,"[[0, 0, 0], [0, 500, 0], [0, 0, 0]]",0.0,0.005581022999990637,0,0,0
44,RAPT-Enhanced,133,1,500,1.0,1.0,1.0,1.0,500,0,0,0,"[[0, 0, 0], [0, 500, 0], [0, 0, 0]]",0.0,0.005537483000011889,0,0,0
44,RAPT-Enhanced,134,1,500,0.0,0.0,0.0,0.0,0,500,500,-500,"[[0, 0, 0], [0, 0, 0], [0, 500, 0]]",0.0,0.00556022299997494,0,0,0
44,RAPT-Enhanced,135,1,500,0.0,0.0,0.0,0.0,0,500,500,-500,"[[0, 500, 0], [0, 0, 0], [0, 0, 0]]",0.1384241099999599,0.005463533000011012,0,0,0
44,RAPT-Enhanced,136,1,500,0.01941747572815534,0.03,0.3333333333333333,0.01,15,485,485,-485,"[[0, 0, 0], [484, 15, 1], [0, 0, 0]]",0.0,0.005546122999930958,0,0,0
44,RAPT-Enhanced,137,1,500,0.4054696789536266,0.682,0.5,0.341,341,159,159,-159,"[[341, 0, 159], [0, 0, 0], [0, 0, 0]]",0.0,0.005707573999984561,0,0,0
44,RAPT-Enhanced,138,1,500,0.005291005291005291,0.008,0.3333333333333333,0.0026666666666666666,4,496,496,-496,"[[0, 0, 0], [0, 0, 0], [466, 30, 4]]",0.14261500899999646,0.005566073000068172,0,0,0
44,RAPT-Enhanced,139,1,500,1.0,1.0,1.0,1.0,500,0,0,0,"[[0, 0, 0], [0, 0, 0], [0, 0, 500]]",0.0,0.005818183999963367,0,0,0
44,RAPT-Enhanced,140,1,500,0.06060606060606061,0.1,0.3333333333333333,0.03333333333333333,50,450,450,-450,"[[50, 30, 420], [0, 0, 0], [0, 0, 0]]",0.0,0.005493393000051583,0,0,0
44,RAPT-Enhanced,141,1,500,0.006600660066006601,0.01,0.3333333333333333,0.0033333333333333335,5,495,495,-495,"[[0, 0, 0], [244, 5, 251], [0, 0, 0]]",0.14026415299997552,0.005643442999939907,0,0,0
44,RAPT-Enhanced,142,1,500,0.0,0.0,0.0,0.0,0,500,500,-500,"[[0, 0, 0], [0, 0, 0], [16, 484, 0]]",0.0,0.006099823999988985,0,0,0
44,RAPT-Enhanced,143,1,500,0.3932038834951456,0.648,0.5,0.324,324,176,176,-176,"[[0, 0, 0], [176, 324, 0], [0, 0, 0]]",0.0,0.005704762999926061,0,0,0
44,RAPT-Enhanced,144,1,500,0.46524064171123,0.87,0.5,0.435,435,65,65,-65,"[[0, 0, 0], [65, 435, 0], [0, 0, 0]]",0.0,0.0058267229999273695,0,0,0
44,RAPT-Enhanced,145,1,500,0.45054945054945056,0.82,0.5,0.41,410,90,90,-90,"[[0, 0, 0], [90, 410, 0], [0, 0, 0]]",0.0,0.00573783300001196,0,0,0
44,RAPT-Enhanced,146,1,500,0.12126537785588752,0.138,0.5,0.069,69,431,431,-431,"[[69, 431, 0], [0, 0, 0], [0, 0, 0]]",0.0,0.00569673299992246,0,0,0
44,RAPT-Enhanced,147,1,500,0.0925589836660617,0.102,0.5,0.051,51,449,449,-449,"[[51, 449, 0], [0, 0, 0], [0, 0, 0]]",0.1364716350000208,0.005568722000020898,0,0,0
44,RAPT-Enhanced,148,1,500,1.0,1.0,1.0,1.0,500,0,0,0,"[[500, 0, 0], [0, 0, 0], [0, 0, 0]]",0.0,0.005520703000001959,0,0,0
44,RAPT-Enhanced,149,1,500,0.01768172888015717,0.018,0.5,0.009,9,491,491,-491,"[[0, 0, 0], [491, 9, 0], [0, 0, 0]]",0.0,0.005469092999987879,0,0,0
44,RAPT-Enhanced,150,1,500,0.49899799599198397,0.996,0.5,0.498,498,2,2,-2,"[[498, 2, 0], [0, 0, 0], [0, 0, 0]]",0.0,0.0053728419999288235,0,0,0
44,RAPT-Enhanced,151,1,500,0.0,0.0,0.0,0.0,0,500,500,-500,"[[0, 0, 0], [0, 0, 0], [500, 0, 0]]",0.1365323449999778,0.005361871999980394,0,0,0
44,RAPT-Enhanced,152,1,500,0.001996007984031936,0.002,0.5,0.001,1,499,499,-499,"[[0, 0, 0], [0, 0, 0], [499, 0, 1]]",0.0,0.005933542999969177,0,0,0
44,RAPT-Enhanced,153,1,500,0.0,0.0,0.0,0.0,0,500,500,-500,"[[0, 0, 0], [500, 0, 0], [0, 0, 0]]",0.0,0.005482111999981498,0,0,0
44,RAPT-Enhanced,154,1,500,0.4797086368366285,0.922,0.5,0.461,461,39,39,-39,"[[461, 0, 39], [0, 0, 0], [0, 0, 0]]",0.14020667399995546,0.005760163000104512,0,0,0
44,RAPT-Enhanced,155,1,500,0.4994994994994995,0.998,0.5,0.499,499,1,1,-1,"[[499, 1, 0], [0, 0, 0], [0, 0, 0]]",0.0,0.005456202999994275,0,0,0
44,RAPT-Enhanced,156,1,500,0.48612538540596095,0.946,0.5,0.473,473,27,27,-27,"[[473, 27, 0], [0, 0, 0], [0, 0, 0]]",0.0,0.005487673000061477,0,0,0
44,RAPT-Enhanced,157,1,500,0.001996007984031936,0.002,0.5,0.001,1,499,499,-499,"[[1, 499, 0], [0, 0, 0], [0, 0, 0]]",0.0,0.00514012200005709,0,0,0
44,RAPT-Enhanced,158,1,500,0.0,0.0,0.0,0.0,0,500,500,-500,"[[0, 500, 0], [0, 0, 0], [0, 0, 0]]",0.10652248600001712,0.005228881999983059,0,0,0
44,RAPT-Enhanced,159,1,500,0.19614147909967847,0.244,0.5,0.122,122,378,378,-378,"[[0, 0, 0], [378, 122, 0], [0, 0, 0]]",0.0,0.005379721999929643,0,0,0
44,RAPT-Enhanced,160,3,500,0.4979919678714859,0.992,0.5,0.496,496,4,4,-4,"[[0, 0, 0], [4, 496, 0], [0, 0, 0]]",0.004716910999945867,0.005462963000013588,0,1,0
44,RAPT-Enhanced,161,3,500,1.0,1.0,1.0,1.0,500,0,0,0,"[[0, 0, 0], [0, 500, 0], [0, 0, 0]]",0.0,0.005366233000017928,0,0,0
44,RAPT-Enhanced,162,3,500,0.49849548645937813,0.994,0.5,0.497,497,3,3,-3,"[[0, 0, 0], [3, 497, 0], [0, 0, 0]]",0.0,0.005597302999944986,0,0,0
44,RAPT-Enhanced,163,3,500,1.0,1.0,1.0,1.0,500,0,0,0,"[[0, 0, 0], [0, 500, 0], [0, 0, 0]]",0.0,0.005338051999956406,0,0,0
44,RAPT-Enhanced,164,3,500,0.49899799599198397,0.996,0.5,0.498,498,2,2,-2,"[[0, 0, 0], [2, 498, 0], [0, 0, 0]]",0.0,0.00662751599998046,0,0,0
44,RAPT-Enhanced,165,3,500,0.4994994994994995,0.998,0.5,0.499,499,1,1,-1,"[[0, 0, 0], [1, 499, 0], [0, 0, 0]]",0.0,0.005436561999999867,0,0,0
44,RAPT-Enhanced,166,1,500,0.07036374478234943,0.118,0.3333333333333333,0.03933333333333333,59,441,441,-441,"[[0, 0, 0], [417, 59, 24], [0, 0, 0]]",0.004931321999947613,0.005374051999979201,0,1,0
44,RAPT-Enhanced,167,1,500,0.04823747680890538,0.078,0.3333333333333333,0.026,39,461,461,-461,"[[0, 0, 0], [454, 39, 7], [0, 0, 0]]",0.0,0.005519302000038806,0,0,0
44,RAPT-Enhanced,168,1,500,0.23544631306597671,0.546,0.3333333333333333,0.18200000000000002,273,227,227,-227,"[[273, 207, 20], [0, 0, 0], [0, 0, 0]]",0.13916319100007968,0.005322862999946665,0,0,0
44,RAPT-Enhanced,169,1,500,0.27007299270072993,0.37,0.5,0.185,185,315,315,-315,"[[0, 0, 0], [315, 185, 0], [0, 0, 0]]",0.0,0.006547455000031732,0,0,0
44,RAPT-Enhanced,170,3,500,0.49849548645937813,0.994,0.5,0.497,497,3,3,-3,"[[0, 0, 0], [3, 497, 0], [0, 0, 0]]",0.004962822000038614,0.005639182999971126,0,1,0
44,RAPT-Enhanced,171,3,500,1.0,1.0,1.0,1.0,500,0,0,0,"[[0, 0, 0], [0, 500, 0], [0, 0, 0]]",0.0,0.005838822999976401,0,0,0
44,RAPT-Enhanced,172,3,500,0.4959677419354839,0.984,0.5,0.492,492,8,8,-8,"[[0, 0, 0], [8, 492, 0], [0, 0, 0]]",0.0,0.006076983999946606,0,0,0
44,RAPT-Enhanced,173,1,500,0.3548387096774194,0.55,0.5,0.275,275,225,225,-225,"[[0, 0, 0], [225, 275, 0], [0, 0, 0]]",0.005192462000081832,0.006593654999960563,0,1,0
44,RAPT-Enhanced,174,3,500,1.0,1.0,1.0,1.0,500,0,0,0,"[[0, 0, 0], [0, 500, 0], [0, 0, 0]]",0.005287221999992653,0.005845174000000952,0,1,0
44,RAPT-Enhanced,175,3,500,0.49899799599198397,0.996,0.5,0.498,498,2,2,-2,"[[0, 0, 0], [2, 498, 0], [0, 0, 0]]",0.0,0.005993584000066221,0,0,0
44,RAPT-Enhanced,176,1,500,0.35979513444302175,0.562,0.5,0.281,281,219,219,-219,"[[281, 219, 0], [0, 0, 0], [0, 0, 0]]",0.005055591999962417,0.006137464000062209,0,1,0
44,RAPT-Enhanced,177,3,500,0.3292847503373819,0.976,0.3333333333333333,0.3253333333333333,488,12,12,-12,"[[0, 0, 0], [2, 488, 10], [0, 0, 0]]",0.005240512000000308,0.005802643000038188,0,1,0
44,RAPT-Enhanced,178,1,500,0.24579124579124578,0.584,0.3333333333333333,0.19466666666666665,292,208,208,-208,"[[292, 201, 7], [0, 0, 0], [0, 0, 0]]",0.00507099100002506,0.006194474999915656,0,1,0
44,RAPT-Enhanced,179,3,500,0.00398406374501992,0.004,0.5,0.002,2,498,498,-498,"[[2, 498, 0], [0, 0, 0], [0, 0, 0]]",0.004798490999974092,0.005489493000027323,0,1,0
44,RAPT-Enhanced,180,1,500,0.3581514762516046,0.558,0.5,0.279,279,221,221,-221,"[[0, 0, 0], [221, 279, 0], [0, 0, 0]]",0.0049565809999876365,0.005988254000044435,0,1,0
44,RAPT-Enhanced,181,1,500,0.312242090784044,0.454,0.5,0.227,227,273,273,-273,"[[0, 0, 0], [273, 227, 0], [0, 0, 0]]",0.0,0.0058428329999742346,0,0,0
