seed,window_id,approach,retrained,retraining_cpu_time,retraining_wall_time,samples_adapted,model_footprint_bytes,incremental_rss_delta_mb,retrained_components
42,0,Frozen Model,False,0.0,0.0,0,887872,0.0117,
42,0,Frozen Ensemble,False,0.0,0.0,0,1701638,0.0234375,
42,0,Continuously Retrained Ensemble,True,1.5625,2.8342,7800,1257314,0.1211,
42,0,Event-Driven Ensemble (Custom Dual-Trigger),True,1.7969,3.889,7800,1257314,0.0039,
42,0,Event-Driven Ensemble (ADWIN),True,1.8594,3.0166,7800,1257314,0.0039,
42,0,Event-Driven Ensemble (DDM),True,1.6406,4.237,7800,1257314,0.0078,
42,0,Event-Driven Ensemble (EDDM),True,1.6875,3.8626,7800,1257314,0.0039,
42,0,Event-Driven Ensemble (Page-Hinkley),False,0.0,0.0,0,1701638,0.0,
42,0,Warm-Start Ensemble,True,0.4219,0.9018,1500,1320425,0.0039,
42,0,Component-Selective Ensemble,True,0.3125,0.3844,1800,1692568,0.0273,GB
42,0,Adaptive Random Forest (river),False,2.4531,5.4884,500,456171,0.0156,
42,0,Streaming Random Patches (river),False,6.7969,11.5156,500,5095989,0.0,
42,0,Two-Tier Hybrid Ensemble,True,2.0781,2.7712,7800,1426268,0.0,
42,1,Frozen Model,False,0.0,0.0,0,887872,0.0,
42,1,Frozen Ensemble,False,0.0,0.0,0,1701638,0.0,
42,1,Continuously Retrained Ensemble,True,1.3125,3.4062,7800,1286690,0.0,
42,1,Event-Driven Ensemble (Custom Dual-Trigger),True,2.0156,3.9841,7800,1286690,0.0,
42,1,Event-Driven Ensemble (ADWIN),True,1.8281,2.985,7800,1286690,0.0078,
42,1,Event-Driven Ensemble (DDM),True,1.9844,3.3411,7800,1286690,0.0,
42,1,Event-Driven Ensemble (EDDM),True,1.7031,2.7301,7800,1286690,0.0,
42,1,Event-Driven Ensemble (Page-Hinkley),True,1.5469,2.323,7800,1286690,0.0,
42,1,Warm-Start Ensemble,True,0.5,0.728,1500,988604,0.0,
42,1,Component-Selective Ensemble,True,0.125,0.135,2500,1505981,0.0039,ET
42,1,Adaptive Random Forest (river),False,2.25,3.4919,500,1324587,0.0,
42,1,Streaming Random Patches (river),False,6.4844,9.3001,500,2124070,0.0,
42,1,Two-Tier Hybrid Ensemble,True,2.1094,3.7579,7800,1457304,0.0,
42,2,Frozen Model,False,0.0,0.0,0,887872,0.0,
42,2,Frozen Ensemble,False,0.0,0.0,0,1701638,0.0,
42,2,Continuously Retrained Ensemble,True,1.9062,2.9417,7800,1308139,0.0938,
42,2,Event-Driven Ensemble (Custom Dual-Trigger),True,1.7344,2.4369,7800,1308139,0.0586,
42,2,Event-Driven Ensemble (ADWIN),True,2.0625,3.0134,7800,1308139,0.0469,
42,2,Event-Driven Ensemble (DDM),False,0.0,0.0,0,1286690,0.0,
42,2,Event-Driven Ensemble (EDDM),True,1.7969,2.719,7800,1308139,0.043,
42,2,Event-Driven Ensemble (Page-Hinkley),False,0.0,0.0,0,1286690,0.0,
42,2,Warm-Start Ensemble,True,0.4844,0.6828,1500,797715,0.0,
42,2,Component-Selective Ensemble,True,0.75,0.7728,7800,1308139,0.0273,"RF,ET,GB"
42,2,Adaptive Random Forest (river),False,2.3906,3.777,500,844869,0.0,
42,2,Streaming Random Patches (river),False,4.6562,7.8976,500,2673224,0.0,
42,2,Two-Tier Hybrid Ensemble,True,1.7188,1.9289,7800,1330627,0.0,
42,3,Frozen Model,False,0.0,0.0,0,887872,0.0,
42,3,Frozen Ensemble,False,0.0,0.0,0,1701638,0.0,
42,3,Continuously Retrained Ensemble,True,1.8281,2.8307,7800,1269250,0.0117,
42,3,Event-Driven Ensemble (Custom Dual-Trigger),True,1.5312,1.83,7800,1269250,0.1133,
42,3,Event-Driven Ensemble (ADWIN),True,1.7188,2.1569,7800,1269250,0.1094,
42,3,Event-Driven Ensemble (DDM),False,0.0,0.0,0,1286690,0.0,
42,3,Event-Driven Ensemble (EDDM),True,1.5156,2.6265,7800,1269250,0.0703,
42,3,Event-Driven Ensemble (Page-Hinkley),True,1.75,2.2783,7800,1269250,0.1953,
42,3,Warm-Start Ensemble,True,0.3594,0.3866,1500,736602,0.0117,
42,3,Component-Selective Ensemble,True,0.3281,0.335,1800,1308139,0.0117,GB
42,3,Adaptive Random Forest (river),False,2.4844,3.1017,500,677881,0.0,
42,3,Streaming Random Patches (river),False,4.6562,6.6745,500,3439742,0.0,
42,3,Two-Tier Hybrid Ensemble,True,1.5312,2.3368,7800,1339858,0.0,
42,4,Frozen Model,False,0.0,0.0,0,887872,0.0,
42,4,Frozen Ensemble,False,0.0,0.0,0,1701638,0.0,
42,4,Continuously Retrained Ensemble,True,1.4062,2.3872,7800,1286386,0.0117,
42,4,Event-Driven Ensemble (Custom Dual-Trigger),True,1.6719,2.1322,7800,1286386,0.0,
42,4,Event-Driven Ensemble (ADWIN),False,0.0,0.0,0,1269250,0.0,
42,4,Event-Driven Ensemble (DDM),True,1.6562,2.2213,7800,1286386,0.0078,
42,4,Event-Driven Ensemble (EDDM),True,1.4844,2.2137,7800,1286386,0.0,
42,4,Event-Driven Ensemble (Page-Hinkley),False,0.0,0.0,0,1269250,0.0,
42,4,Warm-Start Ensemble,True,0.3594,0.4618,1500,741203,0.0,
42,4,Component-Selective Ensemble,True,0.3125,0.3319,1800,1310875,0.0273,GB
42,4,Adaptive Random Forest (river),False,2.2969,2.8742,500,2017170,0.0,
42,4,Streaming Random Patches (river),False,6.0312,8.195,500,5034440,0.0,
42,4,Two-Tier Hybrid Ensemble,True,1.8125,2.6599,7800,1357434,0.0,
42,5,Frozen Model,False,0.0,0.0,0,887872,0.0,
42,5,Frozen Ensemble,False,0.0,0.0,0,1701638,0.0,
42,5,Continuously Retrained Ensemble,True,1.8438,2.9844,7800,1256050,0.0312,
42,5,Event-Driven Ensemble (Custom Dual-Trigger),True,1.4844,1.6954,7800,1256050,0.0234,
42,5,Event-Driven Ensemble (ADWIN),True,1.8438,3.0778,7800,1256050,0.0312,
42,5,Event-Driven Ensemble (DDM),False,0.0,0.0,0,1286386,0.0,
42,5,Event-Driven Ensemble (EDDM),True,1.8125,2.3477,7800,1256050,0.0312,
42,5,Event-Driven Ensemble (Page-Hinkley),True,1.5938,2.4478,7800,1256050,0.0312,
42,5,Warm-Start Ensemble,True,0.2969,0.6551,1500,765171,0.0,
42,5,Component-Selective Ensemble,True,0.9219,0.9845,7800,1256050,0.0078,"RF,ET,GB"
42,5,Adaptive Random Forest (river),False,2.5,3.621,500,513584,0.0,
42,5,Streaming Random Patches (river),False,4.9062,7.1955,500,3339762,0.0,
42,5,Two-Tier Hybrid Ensemble,True,1.7812,2.4656,7800,1327005,0.0,
42,6,Frozen Model,False,0.0,0.0,0,887872,0.0,
42,6,Frozen Ensemble,False,0.0,0.0,0,1701638,0.00390625,
42,6,Continuously Retrained Ensemble,True,1.8125,2.2661,7800,1292443,0.0,
42,6,Event-Driven Ensemble (Custom Dual-Trigger),True,1.6094,1.9928,7800,1292443,0.0,
42,6,Event-Driven Ensemble (ADWIN),False,0.0,0.0,0,1256050,0.0,
42,6,Event-Driven Ensemble (DDM),False,0.0,0.0,0,1286386,0.0,
42,6,Event-Driven Ensemble (EDDM),True,1.4688,1.9947,7800,1292443,0.0039,
42,6,Event-Driven Ensemble (Page-Hinkley),False,0.0,0.0,0,1256050,0.0,
42,6,Warm-Start Ensemble,True,0.4688,1.1975,1500,643025,0.0,
42,6,Component-Selective Ensemble,True,0.375,0.3975,1800,1254034,0.0,GB
42,6,Adaptive Random Forest (river),False,2.6562,5.5837,500,700768,0.0,
42,6,Streaming Random Patches (river),False,4.1406,6.5685,500,1982319,0.0,
42,6,Two-Tier Hybrid Ensemble,True,1.5781,2.4661,7800,1363592,0.0,
42,7,Frozen Model,False,0.0,0.0,0,887872,0.0,
42,7,Frozen Ensemble,False,0.0,0.0,0,1701638,0.0,
42,7,Continuously Retrained Ensemble,True,1.8594,3.0182,7800,1265026,0.0,
42,7,Event-Driven Ensemble (Custom Dual-Trigger),False,0.0,0.0,0,1292443,0.0,
42,7,Event-Driven Ensemble (ADWIN),True,1.6562,2.8195,7800,1265026,0.0,
42,7,Event-Driven Ensemble (DDM),False,0.0,0.0,0,1286386,0.0,
42,7,Event-Driven Ensemble (EDDM),True,1.3594,2.7179,7800,1265026,0.0,
42,7,Event-Driven Ensemble (Page-Hinkley),False,0.0,0.0,0,1256050,0.0,
42,7,Warm-Start Ensemble,False,0.0,0.0,0,643025,0.0,
42,7,Component-Selective Ensemble,False,0.0,0.0,0,1254034,0.0,
42,7,Adaptive Random Forest (river),False,2.75,3.6001,500,566312,0.0,
42,7,Streaming Random Patches (river),False,4.625,7.0692,500,2047778,0.0,
42,7,Two-Tier Hybrid Ensemble,False,0.1562,0.3372,0,1364905,0.0,
42,8,Frozen Model,False,0.0,0.0,0,887872,0.0,
42,8,Frozen Ensemble,False,0.0,0.0,0,1701638,0.0,
42,8,Continuously Retrained Ensemble,True,1.5469,2.205,7800,1203161,0.0,
42,8,Event-Driven Ensemble (Custom Dual-Trigger),False,0.0,0.0,0,1292443,0.0,
42,8,Event-Driven Ensemble (ADWIN),True,1.7188,2.7733,7800,1203161,0.0,
42,8,Event-Driven Ensemble (DDM),True,1.8438,2.5167,7800,1203161,0.0,
42,8,Event-Driven Ensemble (EDDM),True,1.75,3.002,7800,1203161,0.0,
42,8,Event-Driven Ensemble (Page-Hinkley),True,1.5469,1.6967,7800,1203161,0.0,
42,8,Warm-Start Ensemble,False,0.0,0.0,0,643025,0.0,
42,8,Component-Selective Ensemble,False,0.0,0.0,0,1254034,0.0,
42,8,Adaptive Random Forest (river),False,2.1719,3.4841,500,325256,0.0,
42,8,Streaming Random Patches (river),False,5.25,7.6179,500,2368716,0.0,
42,8,Two-Tier Hybrid Ensemble,False,0.1875,0.2179,0,1429079,0.0,
42,9,Frozen Model,False,0.0,0.0,0,887872,0.0,
42,9,Frozen Ensemble,False,0.0,0.0,0,1701638,0.0,
42,9,Continuously Retrained Ensemble,True,1.7188,2.4308,7800,1201001,0.0,
42,9,Event-Driven Ensemble (Custom Dual-Trigger),True,1.6875,2.2031,7800,1201001,0.0,
42,9,Event-Driven Ensemble (ADWIN),True,1.5938,2.6681,7800,1201001,0.0,
42,9,Event-Driven Ensemble (DDM),True,1.4062,2.1593,7800,1201001,0.0156,
42,9,Event-Driven Ensemble (EDDM),True,1.625,2.8642,7800,1201001,0.0,
42,9,Event-Driven Ensemble (Page-Hinkley),True,1.75,3.293,7800,1201001,0.0,
42,9,Warm-Start Ensemble,False,0.0,0.0,0,643025,0.0,
42,9,Component-Selective Ensemble,False,0.0,0.0,0,1254034,0.0,
42,9,Adaptive Random Forest (river),False,2.0938,2.3954,500,1196445,0.0,
42,9,Streaming Random Patches (river),False,4.9375,6.6182,500,1513193,0.0,
42,9,Two-Tier Hybrid Ensemble,True,1.9062,2.4755,7800,1338391,0.0,
42,10,Frozen Model,False,0.0,0.0,0,887872,0.0,
42,10,Frozen Ensemble,False,0.0,0.0,0,1701638,0.0078125,
42,10,Continuously Retrained Ensemble,True,1.7656,2.1766,7800,1176224,0.0,
42,10,Event-Driven Ensemble (Custom Dual-Trigger),True,1.7656,2.4128,7800,1176224,0.0,
42,10,Event-Driven Ensemble (ADWIN),True,1.5781,2.6832,7800,1176224,0.0039,
42,10,Event-Driven Ensemble (DDM),False,0.0,0.0,0,1201001,0.0,
42,10,Event-Driven Ensemble (EDDM),True,1.75,1.9905,7800,1176224,0.0,
42,10,Event-Driven Ensemble (Page-Hinkley),True,1.7188,1.9685,7800,1176224,0.0,
42,10,Warm-Start Ensemble,True,0.375,0.3553,1500,593512,0.0039,
42,10,Component-Selective Ensemble,True,0.8281,0.8838,7800,1176224,0.0,"RF,ET,GB"
42,10,Adaptive Random Forest (river),False,1.9219,2.2555,500,622059,0.0,
42,10,Streaming Random Patches (river),False,5.1719,6.0959,500,2022267,0.0,
42,10,Two-Tier Hybrid Ensemble,True,1.8594,2.373,7800,1314065,0.0,
42,11,Frozen Model,False,0.0,0.0,0,887872,0.0,
42,11,Frozen Ensemble,False,0.0,0.0,0,1701638,0.0,
42,11,Continuously Retrained Ensemble,True,1.6562,1.9465,7800,1147504,0.0,
42,11,Event-Driven Ensemble (Custom Dual-Trigger),True,1.6719,2.0052,7800,1147504,0.0,
42,11,Event-Driven Ensemble (ADWIN),False,0.0,0.0,0,1176224,0.0,
42,11,Event-Driven Ensemble (DDM),False,0.0,0.0,0,1201001,0.0,
42,11,Event-Driven Ensemble (EDDM),True,1.5312,1.9588,7800,1147504,0.0,
42,11,Event-Driven Ensemble (Page-Hinkley),False,0.0,0.0,0,1176224,0.0,
42,11,Warm-Start Ensemble,True,0.4062,0.5996,1500,573688,0.0,
42,11,Component-Selective Ensemble,True,0.2969,0.3102,1800,1176944,0.0,GB
42,11,Adaptive Random Forest (river),False,2.0938,2.3673,500,397382,0.0,
42,11,Streaming Random Patches (river),False,4.0625,5.0917,500,2497920,0.0,
42,11,Two-Tier Hybrid Ensemble,True,1.6719,2.079,7800,1285828,0.0,
42,12,Frozen Model,False,0.0,0.0,0,887872,0.0,
42,12,Frozen Ensemble,False,0.0,0.0,0,1701638,0.0078125,
42,12,Continuously Retrained Ensemble,True,1.5,1.8803,7800,1199001,0.0,
42,12,Event-Driven Ensemble (Custom Dual-Trigger),True,1.3438,2.2282,7800,1199001,0.0,
42,12,Event-Driven Ensemble (ADWIN),True,1.5,1.6852,7800,1199001,0.1562,
42,12,Event-Driven Ensemble (DDM),False,0.0,0.0,0,1201001,0.0,
42,12,Event-Driven Ensemble (EDDM),True,1.4219,1.881,7800,1199001,0.0,
42,12,Event-Driven Ensemble (Page-Hinkley),False,0.0,0.0,0,1176224,0.0,
42,12,Warm-Start Ensemble,True,0.3281,0.461,1500,661007,0.0,
42,12,Component-Selective Ensemble,True,0.2969,0.3169,1800,1175792,0.0,GB
42,12,Adaptive Random Forest (river),False,2.2656,3.0904,500,599909,0.0,
42,12,Streaming Random Patches (river),False,5.4844,6.9699,500,3655521,0.0,
42,12,Two-Tier Hybrid Ensemble,True,1.7031,2.9937,7800,1368763,0.0,
42,13,Frozen Model,False,0.0,0.0,0,887872,0.0,
42,13,Frozen Ensemble,False,0.0,0.0,0,1701638,0.0,
42,13,Continuously Retrained Ensemble,True,1.5938,2.0469,7800,1204825,0.0,
42,13,Event-Driven Ensemble (Custom Dual-Trigger),True,1.7656,2.8179,7800,1204825,0.0195,
42,13,Event-Driven Ensemble (ADWIN),False,0.0,0.0,0,1199001,0.0,
42,13,Event-Driven Ensemble (DDM),False,0.0,0.0,0,1201001,0.0,
42,13,Event-Driven Ensemble (EDDM),True,1.6406,1.8233,7800,1204825,0.0,
42,13,Event-Driven Ensemble (Page-Hinkley),False,0.0,0.0,0,1176224,0.0,
42,13,Warm-Start Ensemble,True,0.2969,0.3631,1500,685784,0.0,
42,13,Component-Selective Ensemble,True,0.8906,0.9212,7800,1204825,0.0,"RF,ET,GB"
42,13,Adaptive Random Forest (river),False,2.4219,2.8386,500,748647,0.0,
42,13,Streaming Random Patches (river),False,4.9062,6.9385,500,4930214,0.0,
42,13,Two-Tier Hybrid Ensemble,True,1.6406,2.2238,7800,1375060,0.0,
42,14,Frozen Model,False,0.0,0.0,0,887872,0.0,
42,14,Frozen Ensemble,False,0.0,0.0,0,1701638,0.0,
42,14,Continuously Retrained Ensemble,True,1.6406,2.097,7800,1227570,0.0312,
42,14,Event-Driven Ensemble (Custom Dual-Trigger),False,0.0,0.0,0,1204825,0.0,
42,14,Event-Driven Ensemble (ADWIN),True,1.7344,2.2275,7800,1227570,0.0078,
42,14,Event-Driven Ensemble (DDM),False,0.0,0.0,0,1201001,0.0,
42,14,Event-Driven Ensemble (EDDM),True,1.5312,2.0324,7800,1227570,0.0117,
42,14,Event-Driven Ensemble (Page-Hinkley),False,0.0,0.0,0,1176224,0.0,
42,14,Warm-Start Ensemble,False,0.0,0.0,0,685784,0.0,
42,14,Component-Selective Ensemble,False,0.0,0.0,0,1204825,0.0,
42,14,Adaptive Random Forest (river),False,2.7031,3.9309,500,1508296,0.0039,
42,14,Streaming Random Patches (river),False,5.4062,7.3224,500,6791109,0.0,
42,14,Two-Tier Hybrid Ensemble,False,0.25,0.3254,0,1375565,0.0,
42,15,Frozen Model,False,0.0,0.0,0,887872,0.0,
42,15,Frozen Ensemble,False,0.0,0.0,0,1701638,0.0,
42,15,Continuously Retrained Ensemble,True,1.4531,1.7415,7800,1236985,0.1602,
42,15,Event-Driven Ensemble (Custom Dual-Trigger),True,1.5469,2.7053,7800,1236985,0.0,
42,15,Event-Driven Ensemble (ADWIN),True,1.5469,1.8657,7800,1236985,0.0,
42,15,Event-Driven Ensemble (DDM),False,0.0,0.0,0,1201001,0.0,
42,15,Event-Driven Ensemble (EDDM),True,1.7812,2.4205,7800,1236985,0.0,
42,15,Event-Driven Ensemble (Page-Hinkley),False,0.0,0.0,0,1176224,0.0,
42,15,Warm-Start Ensemble,True,0.4062,0.6627,1500,711736,0.0,
42,15,Component-Selective Ensemble,True,0.3125,0.348,1800,1203385,0.0,GB
42,15,Adaptive Random Forest (river),False,2.3125,2.9125,500,433444,0.0,
42,15,Streaming Random Patches (river),False,5.2188,7.9436,500,5330712,0.0,
42,15,Two-Tier Hybrid Ensemble,False,0.1562,0.3487,0,1375663,0.0,
42,16,Frozen Model,False,0.0,0.0,0,887872,0.0,
42,16,Frozen Ensemble,False,0.0,0.0,0,1701638,0.0,
42,16,Continuously Retrained Ensemble,True,1.6875,2.9084,7800,1222825,0.1562,
42,16,Event-Driven Ensemble (Custom Dual-Trigger),False,0.0,0.0,0,1236985,0.0,
42,16,Event-Driven Ensemble (ADWIN),True,1.5938,1.8357,7800,1222825,0.0,
42,16,Event-Driven Ensemble (DDM),True,1.5469,1.9964,7800,1222825,0.0,
42,16,Event-Driven Ensemble (EDDM),True,1.7031,2.3386,7800,1222825,0.0,
42,16,Event-Driven Ensemble (Page-Hinkley),True,1.5625,2.0472,7800,1222825,0.0,
42,16,Warm-Start Ensemble,False,0.0,0.0,0,711736,0.0,
42,16,Component-Selective Ensemble,False,0.0,0.0,0,1203385,0.0,
42,16,Adaptive Random Forest (river),False,2.3281,3.1463,500,803551,0.0,
42,16,Streaming Random Patches (river),False,5.1406,6.5457,500,2173954,0.0,
42,16,Two-Tier Hybrid Ensemble,False,0.1719,0.2689,0,1408046,0.0,
42,17,Frozen Model,False,0.0,0.0,0,887872,0.0,
42,17,Frozen Ensemble,False,0.0,0.0,0,1701638,0.0,
42,17,Continuously Retrained Ensemble,True,1.5,1.7197,7800,1256786,0.0,
42,17,Event-Driven Ensemble (Custom Dual-Trigger),False,0.0,0.0,0,1236985,0.0,
42,17,Event-Driven Ensemble (ADWIN),False,0.0,0.0,0,1222825,0.0,
42,17,Event-Driven Ensemble (DDM),False,0.0,0.0,0,1222825,0.0,
42,17,Event-Driven Ensemble (EDDM),True,1.6719,1.9369,7800,1256786,0.0,
42,17,Event-Driven Ensemble (Page-Hinkley),False,0.0,0.0,0,1222825,0.0,
42,17,Warm-Start Ensemble,False,0.0,0.0,0,711736,0.0,
42,17,Component-Selective Ensemble,False,0.0,0.0,0,1203385,0.0,
42,17,Adaptive Random Forest (river),False,2.8125,3.1437,500,2506168,0.0,
42,17,Streaming Random Patches (river),False,4.7812,5.9078,500,2609222,0.0,
42,17,Two-Tier Hybrid Ensemble,False,0.2344,0.2831,0,1408929,0.0,
42,18,Frozen Model,False,0.0,0.0,0,887872,0.0,
42,18,Frozen Ensemble,False,0.0,0.0,0,1701638,0.00390625,
42,18,Continuously Retrained Ensemble,True,1.8125,2.0196,7800,1211225,0.0,
42,18,Event-Driven Ensemble (Custom Dual-Trigger),True,1.7344,2.1716,7800,1211225,0.0,
42,18,Event-Driven Ensemble (ADWIN),True,1.8281,2.1033,7800,1211225,0.0,
42,18,Event-Driven Ensemble (DDM),False,0.0,0.0,0,1222825,0.0,
42,18,Event-Driven Ensemble (EDDM),True,1.5781,1.8627,7800,1211225,0.0,
42,18,Event-Driven Ensemble (Page-Hinkley),True,1.5625,1.9651,7800,1211225,0.0,
42,18,Warm-Start Ensemble,True,0.4375,0.7312,1500,654495,0.0,
42,18,Component-Selective Ensemble,True,0.8906,0.952,7800,1211225,0.0,"RF,ET,GB"
42,18,Adaptive Random Forest (river),False,2.125,3.1111,500,369811,0.0,
42,18,Streaming Random Patches (river),False,3.7812,4.8325,500,605222,0.0,
42,18,Two-Tier Hybrid Ensemble,True,1.75,1.9004,7800,1414854,0.0,
42,19,Frozen Model,False,0.0,0.0,0,887872,0.0,
42,19,Frozen Ensemble,False,0.0,0.0,0,1701638,0.00390625,
42,19,Continuously Retrained Ensemble,True,1.2969,1.7051,7800,1247401,0.0,
42,19,Event-Driven Ensemble (Custom Dual-Trigger),False,0.0,0.0,0,1211225,0.0,
42,19,Event-Driven Ensemble (ADWIN),False,0.0,0.0,0,1211225,0.0,
42,19,Event-Driven Ensemble (DDM),False,0.0,0.0,0,1222825,0.0,
42,19,Event-Driven Ensemble (EDDM),True,1.625,1.7442,7800,1247401,0.0,
42,19,Event-Driven Ensemble (Page-Hinkley),False,0.0,0.0,0,1211225,0.0,
42,19,Warm-Start Ensemble,False,0.0,0.0,0,654495,0.0,
42,19,Component-Selective Ensemble,False,0.0,0.0,0,1211225,0.0,
42,19,Adaptive Random Forest (river),False,2.2656,3.0379,500,871965,0.0,
42,19,Streaming Random Patches (river),False,4.0,5.5211,500,1285812,0.0,
42,19,Two-Tier Hybrid Ensemble,False,0.2812,0.327,0,1445667,0.0,
42,20,Frozen Model,False,0.0,0.0,0,887872,0.0,
42,20,Frozen Ensemble,False,0.0,0.0,0,1701638,0.00390625,
42,20,Continuously Retrained Ensemble,True,1.9219,3.0185,7800,1174928,0.0,
42,20,Event-Driven Ensemble (Custom Dual-Trigger),True,1.8906,4.3576,7800,1174928,0.0,
42,20,Event-Driven Ensemble (ADWIN),True,1.7812,2.526,7800,1174928,0.0,
42,20,Event-Driven Ensemble (DDM),True,1.7188,2.0441,7800,1174928,0.0,
42,20,Event-Driven Ensemble (EDDM),True,1.5781,2.1076,7800,1174928,0.0,
42,20,Event-Driven Ensemble (Page-Hinkley),False,0.0,0.0,0,1211225,0.0,
42,20,Warm-Start Ensemble,True,0.3281,0.4937,1500,586150,0.0,
42,20,Component-Selective Ensemble,True,0.1562,0.1339,2500,1179225,0.0,ET
42,20,Adaptive Random Forest (river),False,2.3906,3.98,500,286459,0.0,
42,20,Streaming Random Patches (river),False,4.375,5.3577,500,1995066,0.0,
42,20,Two-Tier Hybrid Ensemble,True,2.0625,2.6962,7800,1441762,0.0,
42,21,Frozen Model,False,0.0,0.0,0,887872,0.0,
42,21,Frozen Ensemble,False,0.0,0.0,0,1701638,0.00390625,
42,21,Continuously Retrained Ensemble,True,1.6094,2.0111,7800,1168480,0.0,
42,21,Event-Driven Ensemble (Custom Dual-Trigger),False,0.0,0.0,0,1174928,0.0,
42,21,Event-Driven Ensemble (ADWIN),False,0.0,0.0,0,1174928,0.0,
42,21,Event-Driven Ensemble (DDM),True,1.6875,2.2078,7800,1168480,0.0,
42,21,Event-Driven Ensemble (EDDM),True,1.7969,2.5462,7800,1168480,0.0,
42,21,Event-Driven Ensemble (Page-Hinkley),False,0.0,0.0,0,1211225,0.0,
42,21,Warm-Start Ensemble,False,0.0,0.0,0,586150,0.0,
42,21,Component-Selective Ensemble,False,0.0,0.0,0,1179225,0.0,
42,21,Adaptive Random Forest (river),False,2.3594,3.5951,500,712007,0.0,
42,21,Streaming Random Patches (river),False,5.4375,7.1681,500,2761636,0.0,
42,21,Two-Tier Hybrid Ensemble,False,0.2188,0.3828,0,1426869,0.0,
42,22,Frozen Model,False,0.0,0.0,0,887872,0.0,
42,22,Frozen Ensemble,False,0.0,0.0,0,1701638,0.0,
42,22,Continuously Retrained Ensemble,True,1.7031,2.4746,7800,1184688,0.0,
42,22,Event-Driven Ensemble (Custom Dual-Trigger),True,1.5781,2.0562,7800,1184688,0.0,
42,22,Event-Driven Ensemble (ADWIN),True,1.7188,2.309,7800,1184688,0.0,
42,22,Event-Driven Ensemble (DDM),True,1.6562,2.607,7800,1184688,0.0,
42,22,Event-Driven Ensemble (EDDM),True,1.625,2.4152,7800,1184688,0.0,
42,22,Event-Driven Ensemble (Page-Hinkley),True,1.6719,2.3465,7800,1184688,0.0,
42,22,Warm-Start Ensemble,True,0.3594,0.4704,1500,622433,0.0,
42,22,Component-Selective Ensemble,True,0.2812,0.4162,1800,1178937,0.0,GB
42,22,Adaptive Random Forest (river),False,2.4688,4.1504,500,353254,0.0,
42,22,Streaming Random Patches (river),False,5.7031,6.9296,500,3282200,0.0,
42,22,Two-Tier Hybrid Ensemble,True,1.9062,2.876,7800,1435431,0.0,
42,23,Frozen Model,False,0.0,0.0,0,887872,0.0,
42,23,Frozen Ensemble,False,0.0,0.0,0,1701638,0.00390625,
42,23,Continuously Retrained Ensemble,True,1.6094,2.0234,7800,1254898,0.0,
42,23,Event-Driven Ensemble (Custom Dual-Trigger),True,1.8281,2.2885,7800,1254898,0.0,
42,23,Event-Driven Ensemble (ADWIN),True,1.6094,2.0761,7800,1254898,0.0,
42,23,Event-Driven Ensemble (DDM),True,1.7188,1.8255,7800,1254898,0.0,
42,23,Event-Driven Ensemble (EDDM),True,1.6094,1.7219,7800,1254898,0.0,
42,23,Event-Driven Ensemble (Page-Hinkley),False,0.0,0.0,0,1184688,0.0,
42,23,Warm-Start Ensemble,True,0.3906,0.429,1500,685610,0.0,
42,23,Component-Selective Ensemble,True,0.8438,0.9827,7800,1254898,0.0,"RF,ET,GB"
42,23,Adaptive Random Forest (river),False,2.2344,2.3927,500,402105,0.0,
42,23,Streaming Random Patches (river),False,5.2031,5.5377,500,2618837,0.0,
42,23,Two-Tier Hybrid Ensemble,True,1.9219,2.1829,7800,1554424,0.0,
42,24,Frozen Model,False,0.0,0.0,0,887872,0.0,
42,24,Frozen Ensemble,False,0.0,0.0,0,1701638,0.0078125,
42,24,Continuously Retrained Ensemble,True,1.8125,1.9304,7800,1231465,0.0,
42,24,Event-Driven Ensemble (Custom Dual-Trigger),True,1.6406,1.8396,7800,1231465,0.0,
42,24,Event-Driven Ensemble (ADWIN),True,1.6719,1.7956,7800,1231465,0.0,
42,24,Event-Driven Ensemble (DDM),True,1.5625,1.8626,7800,1231465,0.0,
42,24,Event-Driven Ensemble (EDDM),True,1.625,1.7936,7800,1231465,0.0742,
42,24,Event-Driven Ensemble (Page-Hinkley),False,0.0,0.0,0,1184688,0.0,
42,24,Warm-Start Ensemble,True,0.3594,0.3625,1500,728410,0.0,
42,24,Component-Selective Ensemble,True,0.1406,0.1319,2500,1260658,0.0,ET
42,24,Adaptive Random Forest (river),False,2.5312,2.9838,500,1299557,0.0,
42,24,Streaming Random Patches (river),False,5.5156,6.0146,500,3374717,0.0,
42,24,Two-Tier Hybrid Ensemble,True,2.1406,2.2125,7800,1532259,0.0,
42,25,Frozen Model,False,0.0,0.0,0,887872,0.0,
42,25,Frozen Ensemble,False,0.0,0.0,0,1701638,0.0,
42,25,Continuously Retrained Ensemble,True,1.7656,1.8372,7800,1287282,0.0039,
42,25,Event-Driven Ensemble (Custom Dual-Trigger),True,1.7031,1.8173,7800,1287282,0.0,
42,25,Event-Driven Ensemble (ADWIN),False,0.0,0.0,0,1231465,0.0,
42,25,Event-Driven Ensemble (DDM),True,1.7656,1.8346,7800,1287282,0.0,
42,25,Event-Driven Ensemble (EDDM),True,1.7344,1.8783,7800,1287282,0.0,
42,25,Event-Driven Ensemble (Page-Hinkley),True,1.7656,1.8645,7800,1287282,0.0,
42,25,Warm-Start Ensemble,True,0.3594,0.3903,1500,779907,0.0,
42,25,Component-Selective Ensemble,True,0.125,0.1355,2500,1273618,0.0,ET
42,25,Adaptive Random Forest (river),False,2.9375,3.548,500,1818497,0.0,
42,25,Streaming Random Patches (river),False,5.1562,5.5692,500,2977558,0.0,
42,25,Two-Tier Hybrid Ensemble,True,2.0156,2.3619,7800,1588654,0.0,
42,26,Frozen Model,False,0.0,0.0,0,887872,0.0,
42,26,Frozen Ensemble,False,0.0,0.0,0,1701638,0.00390625,
42,26,Continuously Retrained Ensemble,True,1.5938,1.794,7800,1312651,0.0117,
42,26,Event-Driven Ensemble (Custom Dual-Trigger),True,1.6562,1.7985,7800,1312651,0.0,
42,26,Event-Driven Ensemble (ADWIN),True,1.6875,1.8726,7800,1312651,0.0,
42,26,Event-Driven Ensemble (DDM),False,0.0,0.0,0,1287282,0.0,
42,26,Event-Driven Ensemble (EDDM),True,1.6719,1.8689,7800,1312651,0.0,
42,26,Event-Driven Ensemble (Page-Hinkley),True,1.75,1.8686,7800,1312651,0.0,
42,26,Warm-Start Ensemble,True,0.3594,0.4316,1500,748659,0.0,
42,26,Component-Selective Ensemble,True,0.9844,1.0575,7800,1312651,0.0,"RF,ET,GB"
42,26,Adaptive Random Forest (river),False,2.3438,2.7188,500,804478,0.0,
42,26,Streaming Random Patches (river),False,4.9844,6.0018,500,3029823,0.0,
42,26,Two-Tier Hybrid Ensemble,True,2.0938,2.16,7800,1645729,0.0,
42,27,Frozen Model,False,0.0,0.0,0,887872,0.0,
42,27,Frozen Ensemble,False,0.0,0.0,0,1701638,0.0,
42,27,Continuously Retrained Ensemble,True,1.7656,1.8487,7800,1269586,0.0,
42,27,Event-Driven Ensemble (Custom Dual-Trigger),False,0.0,0.0,0,1312651,0.0,
42,27,Event-Driven Ensemble (ADWIN),True,1.7812,1.7865,7800,1269586,0.0,
42,27,Event-Driven Ensemble (DDM),False,0.0,0.0,0,1287282,0.0,
42,27,Event-Driven Ensemble (EDDM),True,1.6719,1.7876,7800,1269586,0.0,
42,27,Event-Driven Ensemble (Page-Hinkley),False,0.0,0.0,0,1312651,0.0,
42,27,Warm-Start Ensemble,False,0.0,0.0,0,748659,0.0,
42,27,Component-Selective Ensemble,False,0.0,0.0,0,1312651,0.0,
42,27,Adaptive Random Forest (river),False,2.625,2.7487,500,656173,0.0,
42,27,Streaming Random Patches (river),False,5.5625,5.8646,500,4042031,0.0,
42,27,Two-Tier Hybrid Ensemble,False,0.3906,0.4005,0,1645742,0.0,
42,28,Frozen Model,False,0.0,0.0,0,887872,0.0,
42,28,Frozen Ensemble,False,0.0,0.0,0,1701638,0.0078125,
42,28,Continuously Retrained Ensemble,True,1.7969,1.9609,7800,1300939,0.0078,
42,28,Event-Driven Ensemble (Custom Dual-Trigger),False,0.0,0.0,0,1312651,0.0,
42,28,Event-Driven Ensemble (ADWIN),True,1.7344,1.8808,7800,1300939,0.0,
42,28,Event-Driven Ensemble (DDM),True,1.6562,1.9124,7800,1300939,0.0156,
42,28,Event-Driven Ensemble (EDDM),True,1.6562,1.9719,7800,1300939,0.0195,
42,28,Event-Driven Ensemble (Page-Hinkley),False,0.0,0.0,0,1312651,0.0,
42,28,Warm-Start Ensemble,False,0.0,0.0,0,748659,0.0,
42,28,Component-Selective Ensemble,False,0.0,0.0,0,1312651,0.0,
42,28,Adaptive Random Forest (river),False,2.3281,2.3798,500,1109953,0.0,
42,28,Streaming Random Patches (river),False,6.1719,6.5416,500,3266823,0.0,
42,28,Two-Tier Hybrid Ensemble,False,0.2969,0.2974,0,1351574,0.0,
42,29,Frozen Model,False,0.0,0.0,0,887872,0.0,
42,29,Frozen Ensemble,False,0.0,0.0,0,1701638,0.00390625,
42,29,Continuously Retrained Ensemble,True,1.7031,1.777,7800,1265106,0.0039,
42,29,Event-Driven Ensemble (Custom Dual-Trigger),True,1.7031,1.7646,7800,1265106,0.0,
42,29,Event-Driven Ensemble (ADWIN),True,1.7344,1.8039,7800,1265106,0.0,
42,29,Event-Driven Ensemble (DDM),False,0.0,0.0,0,1300939,0.0,
42,29,Event-Driven Ensemble (EDDM),False,0.0,0.0,0,1300939,0.0,
42,29,Event-Driven Ensemble (Page-Hinkley),True,1.5781,1.9689,7800,1265106,0.0,
42,29,Warm-Start Ensemble,True,0.3906,0.5716,1500,688154,0.0,
42,29,Component-Selective Ensemble,True,1.1719,1.3141,7800,1265106,0.0,"RF,ET,GB"
42,29,Adaptive Random Forest (river),False,1.5156,1.9427,500,528881,0.0,
42,29,Streaming Random Patches (river),False,4.125,5.8987,500,917645,0.0,
42,29,Two-Tier Hybrid Ensemble,True,1.8125,2.3673,7800,1335786,0.0,
42,30,Frozen Model,False,0.0,0.0,0,887872,0.0,
42,30,Frozen Ensemble,False,0.0,0.0,0,1701638,0.00390625,
42,30,Continuously Retrained Ensemble,True,1.6875,2.1541,7800,1255810,0.2305,
42,30,Event-Driven Ensemble (Custom Dual-Trigger),True,1.6562,1.872,7800,1255810,0.0,
42,30,Event-Driven Ensemble (ADWIN),True,1.6719,1.7735,7800,1255810,0.0,
42,30,Event-Driven Ensemble (DDM),False,0.0,0.0,0,1300939,0.0,
42,30,Event-Driven Ensemble (EDDM),True,1.75,1.8209,7800,1255810,0.0,
42,30,Event-Driven Ensemble (Page-Hinkley),False,0.0,0.0,0,1265106,0.0,
42,30,Warm-Start Ensemble,True,0.3906,0.3823,1500,676794,0.0,
42,30,Component-Selective Ensemble,True,0.3125,0.2997,1800,1266690,0.0,GB
42,30,Adaptive Random Forest (river),False,2.1719,2.2367,500,622226,0.0,
42,30,Streaming Random Patches (river),False,4.3281,4.5525,500,716989,0.0,
42,30,Two-Tier Hybrid Ensemble,True,1.7969,1.8643,7800,1326126,0.0,
42,31,Frozen Model,False,0.0,0.0,0,887872,0.0,
42,31,Frozen Ensemble,False,0.0,0.0,0,1701638,0.0,
42,31,Continuously Retrained Ensemble,True,1.75,2.0149,7800,1240514,0.0,
42,31,Event-Driven Ensemble (Custom Dual-Trigger),False,0.0,0.0,0,1255810,0.0,
42,31,Event-Driven Ensemble (ADWIN),False,0.0,0.0,0,1255810,0.0,
42,31,Event-Driven Ensemble (DDM),False,0.0,0.0,0,1300939,0.0,
42,31,Event-Driven Ensemble (EDDM),True,1.7656,1.7788,7800,1240514,0.1016,
42,31,Event-Driven Ensemble (Page-Hinkley),False,0.0,0.0,0,1265106,0.0,
42,31,Warm-Start Ensemble,False,0.0,0.0,0,676794,0.0,
42,31,Component-Selective Ensemble,False,0.0,0.0,0,1266690,0.0,
42,31,Adaptive Random Forest (river),False,2.2031,2.3655,500,468924,0.0,
42,31,Streaming Random Patches (river),False,4.4531,4.9847,500,993663,0.0,
42,31,Two-Tier Hybrid Ensemble,False,0.0781,0.1141,0,1326664,0.0,
42,32,Frozen Model,False,0.0,0.0,0,887872,0.0,
42,32,Frozen Ensemble,False,0.0,0.0,0,1701638,0.0,
42,32,Continuously Retrained Ensemble,True,1.6875,1.8524,7800,1221929,0.0078,
42,32,Event-Driven Ensemble (Custom Dual-Trigger),True,1.7344,1.776,7800,1221929,0.0,
42,32,Event-Driven Ensemble (ADWIN),True,1.6562,1.8641,7800,1221929,0.0,
42,32,Event-Driven Ensemble (DDM),False,0.0,0.0,0,1300939,0.0,
42,32,Event-Driven Ensemble (EDDM),True,1.7969,1.8554,7800,1221929,0.0,
42,32,Event-Driven Ensemble (Page-Hinkley),False,0.0,0.0,0,1265106,0.0,
42,32,Warm-Start Ensemble,True,0.3281,0.4017,1500,587190,0.0,
42,32,Component-Selective Ensemble,True,0.3906,0.4055,3500,1245410,0.0,RF
42,32,Adaptive Random Forest (river),False,2.1875,2.3734,500,744942,0.0,
42,32,Streaming Random Patches (river),False,4.7969,5.2762,500,1695110,0.0,
42,32,Two-Tier Hybrid Ensemble,True,1.7969,1.8825,7800,1293199,0.0,
42,33,Frozen Model,False,0.0,0.0,0,887872,0.0,
42,33,Frozen Ensemble,False,0.0,0.0,0,1701638,0.0,
42,33,Continuously Retrained Ensemble,True,1.7031,1.7954,7800,1190153,0.0,
42,33,Event-Driven Ensemble (Custom Dual-Trigger),False,0.0,0.0,0,1221929,0.0,
42,33,Event-Driven Ensemble (ADWIN),True,1.6875,1.7971,7800,1190153,0.0,
42,33,Event-Driven Ensemble (DDM),True,1.6406,1.7492,7800,1190153,0.0,
42,33,Event-Driven Ensemble (EDDM),True,1.6562,1.7524,7800,1190153,0.0,
42,33,Event-Driven Ensemble (Page-Hinkley),True,1.6406,1.7014,7800,1190153,0.0,
42,33,Warm-Start Ensemble,False,0.0,0.0,0,587190,0.0,
42,33,Component-Selective Ensemble,False,0.0,0.0,0,1245410,0.0,
42,33,Adaptive Random Forest (river),False,2.6875,2.776,500,781494,0.0,
42,33,Streaming Random Patches (river),False,5.7969,6.0405,500,3673115,0.0,
42,33,Two-Tier Hybrid Ensemble,False,0.125,0.1334,0,1310905,0.0,
42,34,Frozen Model,False,0.0,0.0,0,887872,0.0,
42,34,Frozen Ensemble,False,0.0,0.0,0,1701638,0.00390625,
42,34,Continuously Retrained Ensemble,True,1.75,1.7613,7800,1179849,0.0195,
42,34,Event-Driven Ensemble (Custom Dual-Trigger),True,1.7031,1.7665,7800,1179849,0.0,
42,34,Event-Driven Ensemble (ADWIN),True,1.625,1.8117,7800,1179849,0.0,
42,34,Event-Driven Ensemble (DDM),False,0.0,0.0,0,1190153,0.0,
42,34,Event-Driven Ensemble (EDDM),True,1.7031,1.8944,7800,1179849,0.0,
42,34,Event-Driven Ensemble (Page-Hinkley),False,0.0,0.0,0,1190153,0.0,
42,34,Warm-Start Ensemble,True,0.4062,0.4003,1500,603215,0.0,
42,34,Component-Selective Ensemble,True,0.8125,0.8045,7800,1179849,0.0078,"RF,ET,GB"
42,34,Adaptive Random Forest (river),False,2.5,2.7143,500,648930,0.0,
42,34,Streaming Random Patches (river),False,5.2031,5.672,500,3547637,0.0,
42,34,Two-Tier Hybrid Ensemble,True,1.875,1.9735,7800,1364794,0.0,
42,35,Frozen Model,False,0.0,0.0,0,887872,0.0,
42,35,Frozen Ensemble,False,0.0,0.0,0,1701638,0.00390625,
42,35,Continuously Retrained Ensemble,True,1.6875,1.8085,7800,1126848,0.0,
42,35,Event-Driven Ensemble (Custom Dual-Trigger),True,1.7344,1.8403,7800,1126848,0.0,
42,35,Event-Driven Ensemble (ADWIN),False,0.0,0.0,0,1179849,0.0,
42,35,Event-Driven Ensemble (DDM),True,1.7969,1.8686,7800,1126848,0.0,
42,35,Event-Driven Ensemble (EDDM),True,1.75,1.8278,7800,1126848,0.0039,
42,35,Event-Driven Ensemble (Page-Hinkley),False,0.0,0.0,0,1190153,0.0,
42,35,Warm-Start Ensemble,True,0.375,0.3841,1500,725416,0.0,
42,35,Component-Selective Ensemble,True,0.1094,0.1156,2500,1165760,0.0,ET
42,35,Adaptive Random Forest (river),False,2.6094,2.9198,500,1867961,0.0,
42,35,Streaming Random Patches (river),False,5.1875,5.5992,500,3608180,0.0,
42,35,Two-Tier Hybrid Ensemble,True,2.0156,2.13,7800,1328679,0.0,
42,36,Frozen Model,False,0.0,0.0,0,887872,0.0,
42,36,Frozen Ensemble,False,0.0,0.0,0,1701638,0.0,
42,36,Continuously Retrained Ensemble,True,1.8125,1.8688,7800,1112384,0.0,
42,36,Event-Driven Ensemble (Custom Dual-Trigger),False,0.0,0.0,0,1126848,0.0,
42,36,Event-Driven Ensemble (ADWIN),False,0.0,0.0,0,1179849,0.0,
42,36,Event-Driven Ensemble (DDM),False,0.0,0.0,0,1126848,0.0,
42,36,Event-Driven Ensemble (EDDM),True,1.7188,1.8979,7800,1112384,0.0,
42,36,Event-Driven Ensemble (Page-Hinkley),False,0.0,0.0,0,1190153,0.0,
42,36,Warm-Start Ensemble,False,0.0,0.0,0,725416,0.0,
42,36,Component-Selective Ensemble,False,0.0,0.0,0,1165760,0.0,
42,36,Adaptive Random Forest (river),False,2.5312,2.5964,500,1764222,0.0,
42,36,Streaming Random Patches (river),False,4.9375,5.1881,500,4626470,0.0,
42,36,Two-Tier Hybrid Ensemble,False,0.3125,0.4136,0,1329426,0.0,
42,37,Frozen Model,False,0.0,0.0,0,887872,0.0,
42,37,Frozen Ensemble,False,0.0,0.0,0,1701638,0.00390625,
42,37,Continuously Retrained Ensemble,True,1.6406,2.8984,7800,1198473,0.0,
42,37,Event-Driven Ensemble (Custom Dual-Trigger),True,1.6094,2.0003,7800,1198473,0.0,
42,37,Event-Driven Ensemble (ADWIN),True,1.6875,2.4548,7800,1198473,0.0,
42,37,Event-Driven Ensemble (DDM),True,1.625,1.8849,7800,1198473,0.0,
42,37,Event-Driven Ensemble (EDDM),True,1.625,1.7644,7800,1198473,0.0,
42,37,Event-Driven Ensemble (Page-Hinkley),False,0.0,0.0,0,1190153,0.0,
42,37,Warm-Start Ensemble,True,0.3594,0.4133,1500,787393,0.0,
42,37,Component-Selective Ensemble,True,0.7969,0.8672,7800,1198473,0.0,"RF,ET,GB"
42,37,Adaptive Random Forest (river),False,2.3594,2.9776,500,543997,0.0,
42,37,Streaming Random Patches (river),False,5.3594,5.7682,500,5731695,0.0,
42,37,Two-Tier Hybrid Ensemble,True,1.9688,2.1564,7800,1433534,0.0,
42,38,Frozen Model,False,0.0,0.0,0,887872,0.0,
42,38,Frozen Ensemble,False,0.0,0.0,0,1701638,0.00390625,
42,38,Continuously Retrained Ensemble,True,1.7031,1.7887,7800,1213913,0.0195,
42,38,Event-Driven Ensemble (Custom Dual-Trigger),True,1.7656,1.8962,7800,1213913,0.0,
42,38,Event-Driven Ensemble (ADWIN),False,0.0,0.0,0,1198473,0.0,
42,38,Event-Driven Ensemble (DDM),True,1.7344,1.7734,7800,1213913,0.0,
42,38,Event-Driven Ensemble (EDDM),True,1.6875,1.7572,7800,1213913,0.1719,
42,38,Event-Driven Ensemble (Page-Hinkley),False,0.0,0.0,0,1190153,0.0,
42,38,Warm-Start Ensemble,True,0.375,0.3869,1500,791777,0.0,
42,38,Component-Selective Ensemble,True,0.3906,0.417,3500,1199113,0.0,RF
42,38,Adaptive Random Forest (river),False,2.375,2.6301,500,1410929,0.0781,
42,38,Streaming Random Patches (river),False,6.4219,6.7161,500,5773776,0.0039,
42,38,Two-Tier Hybrid Ensemble,True,2.0,2.0695,7800,1449328,0.0,
42,39,Frozen Model,False,0.0,0.0,0,887872,0.0,
42,39,Frozen Ensemble,False,0.0,0.0,0,1701638,0.0,
42,39,Continuously Retrained Ensemble,True,1.6719,1.7908,7800,1280034,0.0,
42,39,Event-Driven Ensemble (Custom Dual-Trigger),True,1.7188,1.9823,7800,1280034,0.0,
42,39,Event-Driven Ensemble (ADWIN),True,1.625,2.5311,7800,1280034,0.0,
42,39,Event-Driven Ensemble (DDM),True,1.5781,3.4344,7800,1280034,0.1016,
42,39,Event-Driven Ensemble (EDDM),True,1.5938,2.7801,7800,1280034,0.0586,
42,39,Event-Driven Ensemble (Page-Hinkley),False,0.0,0.0,0,1190153,0.0,
42,39,Warm-Start Ensemble,True,0.4219,0.4711,1500,766659,0.0,
42,39,Component-Selective Ensemble,True,0.2969,0.2837,1800,1200985,0.0,GB
42,39,Adaptive Random Forest (river),False,2.3594,2.8593,500,534312,0.0,
42,39,Streaming Random Patches (river),False,6.4375,7.4754,500,6908926,0.0,
42,39,Two-Tier Hybrid Ensemble,True,2.0,2.4588,7800,1514564,0.0,
42,40,Frozen Model,False,0.0,0.0,0,887872,0.0,
42,40,Frozen Ensemble,False,0.0,0.0,0,1701638,0.00390625,
42,40,Continuously Retrained Ensemble,True,1.8281,2.077,7800,1274818,0.0312,
42,40,Event-Driven Ensemble (Custom Dual-Trigger),False,0.0,0.0,0,1280034,0.0,
42,40,Event-Driven Ensemble (ADWIN),True,1.7969,2.0331,7800,1274818,0.0156,
42,40,Event-Driven Ensemble (DDM),False,0.0,0.0,0,1280034,0.0,
42,40,Event-Driven Ensemble (EDDM),True,1.7969,2.0475,7800,1274818,0.0195,
42,40,Event-Driven Ensemble (Page-Hinkley),True,1.5156,2.2048,7800,1274818,0.0234,
42,40,Warm-Start Ensemble,False,0.0,0.0,0,766659,0.0,
42,40,Component-Selective Ensemble,False,0.0,0.0,0,1200985,0.0,
42,40,Adaptive Random Forest (river),False,2.0781,3.7053,500,253516,0.0,
42,40,Streaming Random Patches (river),False,5.8125,6.9219,500,4919313,0.0,
42,40,Two-Tier Hybrid Ensemble,False,0.3281,0.3702,0,1515297,0.0,
42,41,Frozen Model,False,0.0,0.0,0,887872,0.0,
42,41,Frozen Ensemble,False,0.0,0.0,0,1701638,0.0,
42,41,Continuously Retrained Ensemble,True,1.7812,2.0313,7800,1255058,0.0039,
42,41,Event-Driven Ensemble (Custom Dual-Trigger),True,1.7031,1.8809,7800,1255058,0.0,
42,41,Event-Driven Ensemble (ADWIN),True,1.75,1.9257,7800,1255058,0.0,
42,41,Event-Driven Ensemble (DDM),False,0.0,0.0,0,1280034,0.0,
42,41,Event-Driven Ensemble (EDDM),True,1.75,1.8162,7800,1255058,0.0,
42,41,Event-Driven Ensemble (Page-Hinkley),True,1.7812,1.9495,7800,1255058,0.0,
42,41,Warm-Start Ensemble,True,0.375,0.4038,1500,761539,0.0,
42,41,Component-Selective Ensemble,True,0.125,0.1325,2500,1243705,0.0,ET
42,41,Adaptive Random Forest (river),False,2.9688,3.7609,500,361147,0.0,
42,41,Streaming Random Patches (river),False,6.2031,7.7531,500,3022105,0.0,
42,41,Two-Tier Hybrid Ensemble,True,1.9219,2.1155,7800,1356659,0.0,
42,42,Frozen Model,False,0.0,0.0,0,887872,0.0,
42,42,Frozen Ensemble,False,0.0,0.0,0,1701638,0.00390625,
42,42,Continuously Retrained Ensemble,True,1.7031,1.9227,7800,1242473,0.0,
42,42,Event-Driven Ensemble (Custom Dual-Trigger),True,1.7656,1.8971,7800,1242473,0.0,
42,42,Event-Driven Ensemble (ADWIN),True,1.6719,1.8185,7800,1242473,0.0547,
42,42,Event-Driven Ensemble (DDM),False,0.0,0.0,0,1280034,0.0,
42,42,Event-Driven Ensemble (EDDM),True,1.75,1.9257,7800,1242473,0.0,
42,42,Event-Driven Ensemble (Page-Hinkley),False,0.0,0.0,0,1255058,0.0,
42,42,Warm-Start Ensemble,True,0.3906,0.4003,1500,711242,0.0,
42,42,Component-Selective Ensemble,True,0.7344,0.8254,7800,1242473,0.0,"RF,ET,GB"
42,42,Adaptive Random Forest (river),False,2.2969,2.4896,500,630986,0.0,
42,42,Streaming Random Patches (river),False,5.1562,5.7173,500,3713398,0.0,
42,42,Two-Tier Hybrid Ensemble,True,1.8438,2.1341,7800,1344677,0.0,
42,43,Frozen Model,False,0.0,0.0,0,887872,0.0,
42,43,Frozen Ensemble,False,0.0,0.0,0,1701638,0.00390625,
42,43,Continuously Retrained Ensemble,True,1.75,1.8828,7800,1244601,0.0,
42,43,Event-Driven Ensemble (Custom Dual-Trigger),False,0.0,0.0,0,1242473,0.0,
42,43,Event-Driven Ensemble (ADWIN),False,0.0,0.0,0,1242473,0.0,
42,43,Event-Driven Ensemble (DDM),True,1.7812,2.0679,7800,1244601,0.0,
42,43,Event-Driven Ensemble (EDDM),True,1.625,1.8641,7800,1244601,0.0,
42,43,Event-Driven Ensemble (Page-Hinkley),False,0.0,0.0,0,1255058,0.0,
42,43,Warm-Start Ensemble,False,0.0,0.0,0,711242,0.0,
42,43,Component-Selective Ensemble,False,0.0,0.0,0,1242473,0.0,
42,43,Adaptive Random Forest (river),False,2.5,2.7496,500,1035409,0.0,
42,43,Streaming Random Patches (river),False,5.7812,6.8515,500,3670992,0.0,
42,43,Two-Tier Hybrid Ensemble,False,0.1875,0.24,0,1345100,0.0,
42,44,Frozen Model,False,0.0,0.0,0,887872,0.0,
42,44,Frozen Ensemble,False,0.0,0.0,0,1701638,0.0,
42,44,Continuously Retrained Ensemble,True,1.6406,2.0766,7800,1225417,0.0117,
42,44,Event-Driven Ensemble (Custom Dual-Trigger),True,1.5312,2.3429,7800,1225417,0.0,
42,44,Event-Driven Ensemble (ADWIN),True,1.7031,2.8826,7800,1225417,0.0,
42,44,Event-Driven Ensemble (DDM),False,0.0,0.0,0,1244601,0.0,
42,44,Event-Driven Ensemble (EDDM),True,1.4844,2.1644,7800,1225417,0.0,
42,44,Event-Driven Ensemble (Page-Hinkley),True,1.7031,3.016,7800,1225417,0.0,
42,44,Warm-Start Ensemble,True,0.3594,0.443,1500,637281,0.0,
42,44,Component-Selective Ensemble,True,0.2969,0.2921,1800,1239017,0.0039,GB
42,44,Adaptive Random Forest (river),False,2.1875,2.7299,500,764118,0.0,
42,44,Streaming Random Patches (river),False,5.6094,6.4526,500,4505676,0.0,
42,44,Two-Tier Hybrid Ensemble,True,1.9531,2.044,7800,1265093,0.0,
42,45,Frozen Model,False,0.0,0.0,0,887872,0.0,
42,45,Frozen Ensemble,False,0.0,0.0,0,1701638,0.00390625,
42,45,Continuously Retrained Ensemble,True,1.6719,1.8382,7800,1207417,0.0,
42,45,Event-Driven Ensemble (Custom Dual-Trigger),True,1.6406,1.9044,7800,1207417,0.0,
42,45,Event-Driven Ensemble (ADWIN),True,1.625,1.7833,7800,1207417,0.0,
42,45,Event-Driven Ensemble (DDM),True,1.7188,1.8195,7800,1207417,0.0,
42,45,Event-Driven Ensemble (EDDM),True,1.6875,1.779,7800,1207417,0.0,
42,45,Event-Driven Ensemble (Page-Hinkley),False,0.0,0.0,0,1225417,0.0,
42,45,Warm-Start Ensemble,True,0.375,0.3984,1500,649729,0.0,
42,45,Component-Selective Ensemble,True,0.6406,0.7004,7800,1207417,0.0,"RF,ET,GB"
42,45,Adaptive Random Forest (river),False,2.2969,2.3986,500,561235,0.0,
42,45,Streaming Random Patches (river),False,6.3281,6.8458,500,4771553,0.0,
42,45,Two-Tier Hybrid Ensemble,True,1.7656,1.8051,7800,1278465,0.0,
42,46,Frozen Model,False,0.0,0.0,0,887872,0.0,
42,46,Frozen Ensemble,False,0.0,0.0,0,1701638,0.00390625,
42,46,Continuously Retrained Ensemble,True,1.6562,1.7733,7800,1229513,0.0078,
42,46,Event-Driven Ensemble (Custom Dual-Trigger),False,0.0,0.0,0,1207417,0.0,
42,46,Event-Driven Ensemble (ADWIN),False,0.0,0.0,0,1207417,0.0,
42,46,Event-Driven Ensemble (DDM),False,0.0,0.0,0,1207417,0.0,
42,46,Event-Driven Ensemble (EDDM),True,1.6875,1.7611,7800,1229513,0.0,
42,46,Event-Driven Ensemble (Page-Hinkley),False,0.0,0.0,0,1225417,0.0,
42,46,Warm-Start Ensemble,False,0.0,0.0,0,649729,0.0,
42,46,Component-Selective Ensemble,False,0.0,0.0,0,1207417,0.0,
42,46,Adaptive Random Forest (river),False,2.3594,2.457,500,859928,0.0,
42,46,Streaming Random Patches (river),False,6.3125,6.7586,500,6326283,0.0,
42,46,Two-Tier Hybrid Ensemble,False,0.1875,0.1977,0,1309727,0.0,
42,47,Frozen Model,False,0.0,0.0,0,887872,0.0,
42,47,Frozen Ensemble,False,0.0,0.0,0,1701638,0.00390625,
42,47,Continuously Retrained Ensemble,True,1.6719,1.7395,7800,1241145,0.1602,
42,47,Event-Driven Ensemble (Custom Dual-Trigger),False,0.0,0.0,0,1207417,0.0,
42,47,Event-Driven Ensemble (ADWIN),True,1.6719,1.7019,7800,1241145,0.0,
42,47,Event-Driven Ensemble (DDM),True,1.6719,1.7466,7800,1241145,0.0,
42,47,Event-Driven Ensemble (EDDM),True,1.5781,1.681,7800,1241145,0.0,
42,47,Event-Driven Ensemble (Page-Hinkley),False,0.0,0.0,0,1225417,0.0,
42,47,Warm-Start Ensemble,True,0.3594,0.414,1500,723114,0.0,
42,47,Component-Selective Ensemble,True,0.375,0.403,3500,1227257,0.0,RF
42,47,Adaptive Random Forest (river),False,2.4844,2.598,500,708907,0.0,
42,47,Streaming Random Patches (river),False,6.3125,6.6057,500,649218,0.0,
42,47,Two-Tier Hybrid Ensemble,True,1.9219,1.9705,7800,1377275,0.0,
42,48,Frozen Model,False,0.0,0.0,0,887872,0.0,
42,48,Frozen Ensemble,False,0.0,0.0,0,1701638,0.00390625,
42,48,Continuously Retrained Ensemble,True,1.5938,1.6768,7800,1166912,0.0117,
42,48,Event-Driven Ensemble (Custom Dual-Trigger),True,1.625,1.6942,7800,1166912,0.0117,
42,48,Event-Driven Ensemble (ADWIN),True,1.6562,1.7054,7800,1166912,0.0078,
42,48,Event-Driven Ensemble (DDM),False,0.0,0.0,0,1241145,0.0,
42,48,Event-Driven Ensemble (EDDM),True,1.6719,1.7178,7800,1166912,0.0,
42,48,Event-Driven Ensemble (Page-Hinkley),False,0.0,0.0,0,1225417,0.0,
42,48,Warm-Start Ensemble,True,0.3438,0.3529,1500,629825,0.0,
42,48,Component-Selective Ensemble,True,0.3594,0.3696,3500,1219097,0.0,RF
42,48,Adaptive Random Forest (river),False,1.4219,1.6699,500,324315,0.0,
42,48,Streaming Random Patches (river),False,3.6719,3.7843,500,984556,0.0,
42,48,Two-Tier Hybrid Ensemble,True,2.0,2.0249,7800,1204470,0.0,
42,49,Frozen Model,False,0.0,0.0,0,887872,0.0,
42,49,Frozen Ensemble,False,0.0,0.0,0,1701638,0.00390625,
42,49,Continuously Retrained Ensemble,True,1.6719,1.7589,7800,1154064,0.0,
42,49,Event-Driven Ensemble (Custom Dual-Trigger),False,0.0,0.0,0,1166912,0.0,
42,49,Event-Driven Ensemble (ADWIN),True,1.7188,1.8004,7800,1154064,0.0,
42,49,Event-Driven Ensemble (DDM),True,1.6719,1.7557,7800,1154064,0.0,
42,49,Event-Driven Ensemble (EDDM),True,1.75,2.2996,7800,1154064,0.0,
42,49,Event-Driven Ensemble (Page-Hinkley),False,0.0,0.0,0,1225417,0.0,
42,49,Warm-Start Ensemble,False,0.0,0.0,0,629825,0.0,
42,49,Component-Selective Ensemble,False,0.0,0.0,0,1219097,0.0,
42,49,Adaptive Random Forest (river),False,2.5781,2.7169,500,1672577,0.0,
42,49,Streaming Random Patches (river),False,5.2812,5.6865,500,2003741,0.0,
42,49,Two-Tier Hybrid Ensemble,False,0.125,0.117,0,1237240,0.0,
42,50,Frozen Model,False,0.0,0.0,0,887872,0.0,
42,50,Frozen Ensemble,False,0.0,0.0,0,1701638,0.0078125,
42,50,Continuously Retrained Ensemble,True,1.6562,1.8141,7800,1094919,0.0195,
42,50,Event-Driven Ensemble (Custom Dual-Trigger),True,1.75,1.8223,7800,1094919,0.0,
42,50,Event-Driven Ensemble (ADWIN),False,0.0,0.0,0,1154064,0.0,
42,50,Event-Driven Ensemble (DDM),False,0.0,0.0,0,1154064,0.0,
42,50,Event-Driven Ensemble (EDDM),True,1.625,1.7374,7800,1094919,0.0,
42,50,Event-Driven Ensemble (Page-Hinkley),True,1.6719,1.7944,7800,1094919,0.0117,
42,50,Warm-Start Ensemble,True,0.375,0.3877,1500,471277,0.0,
42,50,Component-Selective Ensemble,True,0.2812,0.284,1800,1219097,0.0117,GB
42,50,Adaptive Random Forest (river),False,2.2656,2.4075,500,615348,0.0,
42,50,Streaming Random Patches (river),False,4.9062,5.3697,500,2383462,0.0,
42,50,Two-Tier Hybrid Ensemble,True,1.7812,1.923,7800,1153064,0.0,
42,51,Frozen Model,False,0.0,0.0,0,887872,0.0,
42,51,Frozen Ensemble,False,0.0,0.0,0,1701638,0.00390625,
42,51,Continuously Retrained Ensemble,True,1.5625,1.8335,7800,1090407,0.0117,
42,51,Event-Driven Ensemble (Custom Dual-Trigger),True,1.75,1.8286,7800,1090407,0.0,
42,51,Event-Driven Ensemble (ADWIN),True,1.8125,1.8651,7800,1090407,0.0,
42,51,Event-Driven Ensemble (DDM),True,1.6875,1.7974,7800,1090407,0.0,
42,51,Event-Driven Ensemble (EDDM),True,1.6875,1.8379,7800,1090407,0.0,
42,51,Event-Driven Ensemble (Page-Hinkley),False,0.0,0.0,0,1094919,0.0,
42,51,Warm-Start Ensemble,True,0.3594,0.4333,1500,548806,0.0,
42,51,Component-Selective Ensemble,True,0.25,0.2473,1800,1220825,0.0,GB
42,51,Adaptive Random Forest (river),False,2.5312,2.9389,500,790409,0.0,
42,51,Streaming Random Patches (river),False,5.3438,5.7553,500,2178064,0.0,
42,51,Two-Tier Hybrid Ensemble,True,1.9375,2.0288,7800,1258087,0.0,
42,52,Frozen Model,False,0.0,0.0,0,887872,0.0,
42,52,Frozen Ensemble,False,0.0,0.0,0,1701638,0.0,
42,52,Continuously Retrained Ensemble,True,1.6719,1.7119,7800,1177856,0.0,
42,52,Event-Driven Ensemble (Custom Dual-Trigger),True,1.6719,1.7627,7800,1177856,0.0,
42,52,Event-Driven Ensemble (ADWIN),True,1.6875,1.7542,7800,1177856,0.0,
42,52,Event-Driven Ensemble (DDM),True,1.6875,1.7149,7800,1177856,0.0,
42,52,Event-Driven Ensemble (EDDM),True,1.7656,1.8217,7800,1177856,0.0,
42,52,Event-Driven Ensemble (Page-Hinkley),False,0.0,0.0,0,1094919,0.0,
42,52,Warm-Start Ensemble,True,0.3906,0.389,1500,640623,0.0,
42,52,Component-Selective Ensemble,True,0.2969,0.3097,1800,1220105,0.0039,GB
42,52,Adaptive Random Forest (river),False,2.7344,2.864,500,262188,0.0,
42,52,Streaming Random Patches (river),False,4.3906,4.7238,500,2856209,0.0,
42,52,Two-Tier Hybrid Ensemble,True,1.7812,1.823,7800,1346446,0.0,
42,53,Frozen Model,False,0.0,0.0,0,887872,0.0,
42,53,Frozen Ensemble,False,0.0,0.0,0,1701638,0.0,
42,53,Continuously Retrained Ensemble,True,1.5938,1.6254,7800,1195353,0.0,
42,53,Event-Driven Ensemble (Custom Dual-Trigger),True,1.5938,1.6306,7800,1195353,0.0,
42,53,Event-Driven Ensemble (ADWIN),True,1.5781,1.6683,7800,1195353,0.0,
42,53,Event-Driven Ensemble (DDM),True,1.6875,1.6807,7800,1195353,0.0,
42,53,Event-Driven Ensemble (EDDM),True,1.3281,1.4134,7800,1195353,0.0,
42,53,Event-Driven Ensemble (Page-Hinkley),True,1.4375,1.4765,7800,1195353,0.0,
42,53,Warm-Start Ensemble,True,0.3125,0.3397,1500,672216,0.0,
42,53,Component-Selective Ensemble,True,0.6562,0.6625,7800,1195353,0.0,"RF,ET,GB"
42,53,Adaptive Random Forest (river),False,1.9375,1.993,500,632642,0.0,
42,53,Streaming Random Patches (river),False,4.75,4.8869,500,4198525,0.0,
42,53,Two-Tier Hybrid Ensemble,True,1.7656,1.8731,7800,1428796,0.0,
42,54,Frozen Model,False,0.0,0.0,0,887872,0.0,
42,54,Frozen Ensemble,False,0.0,0.0,0,1701638,0.0,
42,54,Continuously Retrained Ensemble,True,1.5,1.517,7800,1217257,0.0,
42,54,Event-Driven Ensemble (Custom Dual-Trigger),True,1.5156,1.5915,7800,1217257,0.0078,
42,54,Event-Driven Ensemble (ADWIN),True,1.3906,1.4283,7800,1217257,0.0,
42,54,Event-Driven Ensemble (DDM),True,1.5938,1.6027,7800,1217257,0.0,
42,54,Event-Driven Ensemble (EDDM),True,1.4062,1.433,7800,1217257,0.0078,
42,54,Event-Driven Ensemble (Page-Hinkley),False,0.0,0.0,0,1195353,0.0,
42,54,Warm-Start Ensemble,True,0.25,0.2758,1500,727016,0.0,
42,54,Component-Selective Ensemble,True,0.1094,0.1137,2500,1205113,0.0,ET
42,54,Adaptive Random Forest (river),False,1.8281,1.8722,500,1187976,0.0,
42,54,Streaming Random Patches (river),False,4.6875,4.9812,500,3468247,0.0,
42,54,Two-Tier Hybrid Ensemble,True,1.9375,1.9601,7800,1449305,0.0,
42,55,Frozen Model,False,0.0,0.0,0,887872,0.0,
42,55,Frozen Ensemble,False,0.0,0.0,0,1701638,0.0,
42,55,Continuously Retrained Ensemble,True,1.3594,1.4258,7800,1233257,0.0039,
42,55,Event-Driven Ensemble (Custom Dual-Trigger),True,1.375,1.3986,7800,1233257,0.0,
42,55,Event-Driven Ensemble (ADWIN),True,1.3438,1.4528,7800,1233257,0.0,
42,55,Event-Driven Ensemble (DDM),True,1.5312,1.6461,7800,1233257,0.0,
42,55,Event-Driven Ensemble (EDDM),True,1.5,1.598,7800,1233257,0.0039,
42,55,Event-Driven Ensemble (Page-Hinkley),False,0.0,0.0,0,1195353,0.0,
42,55,Warm-Start Ensemble,False,0.0,0.0,0,727016,0.0,
42,55,Component-Selective Ensemble,True,0.2812,0.2808,1800,1200937,0.0,GB
42,55,Adaptive Random Forest (river),False,2.2031,2.3151,500,897861,0.0,
42,55,Streaming Random Patches (river),False,4.2031,4.3166,500,2677073,0.0,
42,55,Two-Tier Hybrid Ensemble,True,1.6562,1.6908,7800,1466614,0.0,
42,56,Frozen Model,False,0.0,0.0,0,887872,0.0,
42,56,Frozen Ensemble,False,0.0,0.0,0,1701638,0.0,
42,56,Continuously Retrained Ensemble,True,1.4688,1.4558,7800,1265218,0.0,
42,56,Event-Driven Ensemble (Custom Dual-Trigger),True,1.375,1.398,7800,1265218,0.0,
42,56,Event-Driven Ensemble (ADWIN),False,0.0,0.0,0,1233257,0.0,
42,56,Event-Driven Ensemble (DDM),False,0.0,0.0,0,1233257,0.0,
42,56,Event-Driven Ensemble (EDDM),True,1.3906,1.419,7800,1265218,0.0,
42,56,Event-Driven Ensemble (Page-Hinkley),True,1.3594,1.424,7800,1265218,0.0,
42,56,Warm-Start Ensemble,True,0.3281,0.3184,1500,787091,0.0,
42,56,Component-Selective Ensemble,True,0.3281,0.3706,3500,1245426,0.0,RF
42,56,Adaptive Random Forest (river),False,2.4844,2.5699,500,2262267,0.0,
42,56,Streaming Random Patches (river),False,3.9062,4.0737,500,2197891,0.0,
42,56,Two-Tier Hybrid Ensemble,True,1.6406,1.7299,7800,1499137,0.0,
42,57,Frozen Model,False,0.0,0.0,0,887872,0.0,
42,57,Frozen Ensemble,False,0.0,0.0,0,1701638,0.0,
42,57,Continuously Retrained Ensemble,True,1.5,1.6941,7800,1299826,0.0,
42,57,Event-Driven Ensemble (Custom Dual-Trigger),True,1.625,1.7146,7800,1299826,0.0,
42,57,Event-Driven Ensemble (ADWIN),False,0.0,0.0,0,1233257,0.0,
42,57,Event-Driven Ensemble (DDM),False,0.0,0.0,0,1233257,0.0,
42,57,Event-Driven Ensemble (EDDM),True,1.5625,1.7769,7800,1299826,0.0,
42,57,Event-Driven Ensemble (Page-Hinkley),False,0.0,0.0,0,1265218,0.0,
42,57,Warm-Start Ensemble,True,0.3438,0.3468,1500,828700,0.0,
42,57,Component-Selective Ensemble,True,0.3281,0.3278,3500,1252146,0.0,RF
42,57,Adaptive Random Forest (river),False,2.9219,3.0425,500,4171581,0.0,
42,57,Streaming Random Patches (river),False,4.4844,4.6194,500,3395561,0.0547,
42,57,Two-Tier Hybrid Ensemble,True,1.875,1.9248,7800,1469530,0.0,
42,58,Frozen Model,False,0.0,0.0,0,887872,0.0,
42,58,Frozen Ensemble,False,0.0,0.0,0,1701638,0.0,
42,58,Continuously Retrained Ensemble,True,1.6562,1.6951,7800,1279938,0.0,
42,58,Event-Driven Ensemble (Custom Dual-Trigger),True,1.6719,1.7392,7800,1279938,0.0,
42,58,Event-Driven Ensemble (ADWIN),True,1.6094,1.6394,7800,1279938,0.0,
42,58,Event-Driven Ensemble (DDM),False,0.0,0.0,0,1233257,0.0,
42,58,Event-Driven Ensemble (EDDM),True,1.6406,1.7114,7800,1279938,0.0,
42,58,Event-Driven Ensemble (Page-Hinkley),True,1.5781,1.6075,7800,1279938,0.0,
42,58,Warm-Start Ensemble,True,0.3125,0.3381,1500,759619,0.0,
42,58,Component-Selective Ensemble,True,0.8281,0.8559,7800,1279938,0.0,"RF,ET,GB"
42,58,Adaptive Random Forest (river),False,2.375,2.4172,500,893948,0.0,
42,58,Streaming Random Patches (river),False,4.3438,4.577,500,1765118,0.0,
42,58,Two-Tier Hybrid Ensemble,True,1.5781,1.6471,7800,1449241,0.0,
42,59,Frozen Model,False,0.0,0.0,0,887872,0.0,
42,59,Frozen Ensemble,False,0.0,0.0,0,1701638,0.0,
42,59,Continuously Retrained Ensemble,True,1.4062,1.4299,7800,1314235,0.0,
42,59,Event-Driven Ensemble (Custom Dual-Trigger),False,0.0,0.0,0,1279938,0.0,
42,59,Event-Driven Ensemble (ADWIN),True,1.3906,1.4195,7800,1314235,0.0,
42,59,Event-Driven Ensemble (DDM),False,0.0,0.0,0,1233257,0.0,
42,59,Event-Driven Ensemble (EDDM),True,1.6094,1.6301,7800,1314235,0.0,
42,59,Event-Driven Ensemble (Page-Hinkley),False,0.0,0.0,0,1279938,0.0,
42,59,Warm-Start Ensemble,False,0.0,0.0,0,759619,0.0,
42,59,Component-Selective Ensemble,False,0.0,0.0,0,1279938,0.0,
42,59,Adaptive Random Forest (river),False,1.9219,1.979,500,712895,0.0,
42,59,Streaming Random Patches (river),False,3.3438,3.4727,500,2588925,0.0,
42,59,Two-Tier Hybrid Ensemble,False,0.1719,0.179,0,1447697,0.0,
43,0,Frozen Model,False,0.0,0.0,0,881472,0.0,
43,0,Frozen Ensemble,False,0.0,0.0,0,1691670,0.0,
43,0,Continuously Retrained Ensemble,True,1.4219,1.4577,7800,1265458,0.0078,
43,0,Event-Driven Ensemble (Custom Dual-Trigger),True,1.2656,1.346,7800,1265458,0.0195,
43,0,Event-Driven Ensemble (ADWIN),True,1.4062,1.4576,7800,1265458,0.2383,
43,0,Event-Driven Ensemble (DDM),False,0.0,0.0,0,1691670,0.0,
43,0,Event-Driven Ensemble (EDDM),True,1.3438,1.4135,7800,1265458,0.0352,
43,0,Event-Driven Ensemble (Page-Hinkley),False,0.0,0.0,0,1691670,0.0,
43,0,Warm-Start Ensemble,True,0.2656,0.2619,1500,1284752,0.0,
43,0,Component-Selective Ensemble,True,0.7031,0.6971,7800,1265458,0.0,"RF,ET,GB"
43,0,Adaptive Random Forest (river),False,1.5781,1.6226,500,262870,0.0,
43,0,Streaming Random Patches (river),False,3.375,3.408,500,1110357,0.0,
43,0,Two-Tier Hybrid Ensemble,True,1.4062,1.479,7800,1303062,0.0,
43,1,Frozen Model,False,0.0,0.0,0,881472,0.0,
43,1,Frozen Ensemble,False,0.0,0.0,0,1691670,0.0,
43,1,Continuously Retrained Ensemble,True,1.4531,1.5086,7800,1283842,0.0,
43,1,Event-Driven Ensemble (Custom Dual-Trigger),True,1.5469,1.6596,7800,1283842,0.0195,
43,1,Event-Driven Ensemble (ADWIN),True,1.3438,1.3508,7800,1283842,0.0,
43,1,Event-Driven Ensemble (DDM),True,1.3125,1.3906,7800,1283842,0.0,
43,1,Event-Driven Ensemble (EDDM),True,1.3281,1.3508,7800,1283842,0.0,
43,1,Event-Driven Ensemble (Page-Hinkley),False,0.0,0.0,0,1691670,0.0,
43,1,Warm-Start Ensemble,True,0.25,0.2568,1500,926739,0.0,
43,1,Component-Selective Ensemble,True,0.2812,0.274,1800,1264162,0.0,GB
43,1,Adaptive Random Forest (river),False,1.9844,2.0695,500,363361,0.0,
43,1,Streaming Random Patches (river),False,3.5625,3.6239,500,1929004,0.0,
43,1,Two-Tier Hybrid Ensemble,True,1.375,1.411,7800,1321308,0.0,
43,2,Frozen Model,False,0.0,0.0,0,881472,0.0,
43,2,Frozen Ensemble,False,0.0,0.0,0,1691670,0.0,
43,2,Continuously Retrained Ensemble,True,1.3594,1.404,7800,1246105,0.0,
43,2,Event-Driven Ensemble (Custom Dual-Trigger),True,1.25,1.3208,7800,1246105,0.0,
43,2,Event-Driven Ensemble (ADWIN),False,0.0,0.0,0,1283842,0.0,
43,2,Event-Driven Ensemble (DDM),True,1.3125,1.3571,7800,1246105,0.0,
43,2,Event-Driven Ensemble (EDDM),True,1.2969,1.363,7800,1246105,0.0,
43,2,Event-Driven Ensemble (Page-Hinkley),True,1.3125,1.3363,7800,1246105,0.1641,
43,2,Warm-Start Ensemble,True,0.2812,0.2708,1500,695274,0.0,
43,2,Component-Selective Ensemble,True,0.6875,0.687,7800,1246105,0.0,"RF,ET,GB"
43,2,Adaptive Random Forest (river),False,1.8438,2.0072,500,876906,0.0,
43,2,Streaming Random Patches (river),False,4.4375,4.7342,500,3047072,0.0,
43,2,Two-Tier Hybrid Ensemble,True,1.4688,1.5165,7800,1283174,0.0,
43,3,Frozen Model,False,0.0,0.0,0,881472,0.0,
43,3,Frozen Ensemble,False,0.0,0.0,0,1691670,0.0,
43,3,Continuously Retrained Ensemble,True,1.3438,1.368,7800,1300843,0.0,
43,3,Event-Driven Ensemble (Custom Dual-Trigger),False,0.0,0.0,0,1246105,0.0,
43,3,Event-Driven Ensemble (ADWIN),True,1.2188,1.3074,7800,1300843,0.0,
43,3,Event-Driven Ensemble (DDM),True,1.4531,1.4707,7800,1300843,0.0,
43,3,Event-Driven Ensemble (EDDM),True,1.375,1.4621,7800,1300843,0.0,
43,3,Event-Driven Ensemble (Page-Hinkley),False,0.0,0.0,0,1246105,0.0,
43,3,Warm-Start Ensemble,False,0.0,0.0,0,695274,0.0,
43,3,Component-Selective Ensemble,False,0.0,0.0,0,1246105,0.0,
43,3,Adaptive Random Forest (river),False,1.9844,2.1226,500,1294282,0.0,
43,3,Streaming Random Patches (river),False,3.9688,4.1773,500,4639183,0.0039,
43,3,Two-Tier Hybrid Ensemble,False,0.1094,0.1066,0,1349349,0.0,
43,4,Frozen Model,False,0.0,0.0,0,881472,0.0,
43,4,Frozen Ensemble,False,0.0,0.0,0,1691670,0.0,
43,4,Continuously Retrained Ensemble,True,1.2969,1.4497,7800,1306843,0.0117,
43,4,Event-Driven Ensemble (Custom Dual-Trigger),False,0.0,0.0,0,1246105,0.0,
43,4,Event-Driven Ensemble (ADWIN),True,1.4219,1.457,7800,1306843,0.0,
43,4,Event-Driven Ensemble (DDM),True,1.4219,1.4683,7800,1306843,0.0195,
43,4,Event-Driven Ensemble (EDDM),True,1.3281,1.3738,7800,1306843,0.0156,
43,4,Event-Driven Ensemble (Page-Hinkley),False,0.0,0.0,0,1246105,0.0,
43,4,Warm-Start Ensemble,False,0.0,0.0,0,695274,0.0,
43,4,Component-Selective Ensemble,False,0.0,0.0,0,1246105,0.0,
43,4,Adaptive Random Forest (river),False,1.625,1.7654,500,812430,0.0,
43,4,Streaming Random Patches (river),False,4.6094,4.7471,500,3825167,0.0,
43,4,Two-Tier Hybrid Ensemble,False,0.1719,0.1757,0,1349440,0.0,
43,5,Frozen Model,False,0.0,0.0,0,881472,0.0,
43,5,Frozen Ensemble,False,0.0,0.0,0,1691670,0.0,
43,5,Continuously Retrained Ensemble,True,1.3594,1.4343,7800,1266450,0.0039,
43,5,Event-Driven Ensemble (Custom Dual-Trigger),True,1.3906,1.4223,7800,1266450,0.0,
43,5,Event-Driven Ensemble (ADWIN),True,1.3438,1.3866,7800,1266450,0.0,
43,5,Event-Driven Ensemble (DDM),False,0.0,0.0,0,1306843,0.0,
43,5,Event-Driven Ensemble (EDDM),False,0.0,0.0,0,1306843,0.0,
43,5,Event-Driven Ensemble (Page-Hinkley),True,1.4375,1.4775,7800,1266450,0.0,
43,5,Warm-Start Ensemble,True,0.2344,0.2656,1500,643713,0.0,
43,5,Component-Selective Ensemble,True,0.75,0.7714,7800,1266450,0.0,"RF,ET,GB"
43,5,Adaptive Random Forest (river),False,1.4844,1.4999,500,443399,0.0,
43,5,Streaming Random Patches (river),False,3.3125,3.4342,500,1769758,0.0,
43,5,Two-Tier Hybrid Ensemble,True,1.4375,1.5249,7800,1369790,0.0,
43,6,Frozen Model,False,0.0,0.0,0,881472,0.0,
43,6,Frozen Ensemble,False,0.0,0.0,0,1691670,0.0,
43,6,Continuously Retrained Ensemble,True,1.4531,1.5019,7800,1267826,0.0,
43,6,Event-Driven Ensemble (Custom Dual-Trigger),False,0.0,0.0,0,1266450,0.0,
43,6,Event-Driven Ensemble (ADWIN),True,1.3125,1.346,7800,1267826,0.0,
43,6,Event-Driven Ensemble (DDM),False,0.0,0.0,0,1306843,0.0,
43,6,Event-Driven Ensemble (EDDM),True,1.3438,1.4252,7800,1267826,0.0,
43,6,Event-Driven Ensemble (Page-Hinkley),False,0.0,0.0,0,1266450,0.0,
43,6,Warm-Start Ensemble,False,0.0,0.0,0,643713,0.0,
43,6,Component-Selective Ensemble,False,0.0,0.0,0,1266450,0.0,
43,6,Adaptive Random Forest (river),False,2.1094,2.2107,500,876463,0.0,
43,6,Streaming Random Patches (river),False,4.4219,4.6146,500,3250302,0.0,
43,6,Two-Tier Hybrid Ensemble,False,0.1562,0.1685,0,1401156,0.0,
43,7,Frozen Model,False,0.0,0.0,0,881472,0.0,
43,7,Frozen Ensemble,False,0.0,0.0,0,1691670,0.0,
43,7,Continuously Retrained Ensemble,True,1.4219,1.4494,7800,1272642,0.0,
43,7,Event-Driven Ensemble (Custom Dual-Trigger),False,0.0,0.0,0,1266450,0.0,
43,7,Event-Driven Ensemble (ADWIN),True,1.3125,1.3828,7800,1272642,0.0,
43,7,Event-Driven Ensemble (DDM),True,1.3438,1.3985,7800,1272642,0.0,
43,7,Event-Driven Ensemble (EDDM),True,1.375,1.4487,7800,1272642,0.0,
43,7,Event-Driven Ensemble (Page-Hinkley),False,0.0,0.0,0,1266450,0.0,
43,7,Warm-Start Ensemble,False,0.0,0.0,0,643713,0.0,
43,7,Component-Selective Ensemble,False,0.0,0.0,0,1266450,0.0,
43,7,Adaptive Random Forest (river),False,1.8594,1.8721,500,355019,0.0,
43,7,Streaming Random Patches (river),False,4.3438,4.4591,500,4151257,0.0,
43,7,Two-Tier Hybrid Ensemble,False,0.1875,0.2008,0,1402805,0.0,
43,8,Frozen Model,False,0.0,0.0,0,881472,0.0,
43,8,Frozen Ensemble,False,0.0,0.0,0,1691670,0.0,
43,8,Continuously Retrained Ensemble,True,1.3125,1.3725,7800,1271234,0.0,
43,8,Event-Driven Ensemble (Custom Dual-Trigger),True,1.375,1.3939,7800,1271234,0.0,
43,8,Event-Driven Ensemble (ADWIN),True,1.2656,1.3098,7800,1271234,0.0,
43,8,Event-Driven Ensemble (DDM),True,1.3438,1.3435,7800,1271234,0.0,
43,8,Event-Driven Ensemble (EDDM),True,1.2812,1.3375,7800,1271234,0.0,
43,8,Event-Driven Ensemble (Page-Hinkley),False,0.0,0.0,0,1266450,0.0,
43,8,Warm-Start Ensemble,True,0.2969,0.312,1500,663681,0.0,
43,8,Component-Selective Ensemble,True,0.2969,0.313,1800,1265154,0.0,GB
43,8,Adaptive Random Forest (river),False,1.8125,1.8407,500,1039815,0.0,
43,8,Streaming Random Patches (river),False,4.7656,4.9184,500,5828273,0.0,
43,8,Two-Tier Hybrid Ensemble,True,1.4688,1.5031,7800,1407705,0.0,
43,9,Frozen Model,False,0.0,0.0,0,881472,0.0,
43,9,Frozen Ensemble,False,0.0,0.0,0,1691670,0.0,
43,9,Continuously Retrained Ensemble,True,1.4062,1.4171,7800,1281138,0.0,
43,9,Event-Driven Ensemble (Custom Dual-Trigger),True,1.3594,1.4231,7800,1281138,0.0,
43,9,Event-Driven Ensemble (ADWIN),True,1.375,1.3836,7800,1281138,0.0,
43,9,Event-Driven Ensemble (DDM),True,1.2812,1.3163,7800,1281138,0.0,
43,9,Event-Driven Ensemble (EDDM),True,1.3281,1.3559,7800,1281138,0.0,
43,9,Event-Driven Ensemble (Page-Hinkley),False,0.0,0.0,0,1266450,0.0,
43,9,Warm-Start Ensemble,True,0.2812,0.289,1500,668497,0.0,
43,9,Component-Selective Ensemble,True,0.2969,0.2905,1800,1260969,0.0,GB
43,9,Adaptive Random Forest (river),False,1.7031,1.735,500,357070,0.0,
43,9,Streaming Random Patches (river),False,5.0156,5.2113,500,6776099,0.0,
43,9,Two-Tier Hybrid Ensemble,True,1.7969,1.9306,7800,1320463,0.0,
43,10,Frozen Model,False,0.0,0.0,0,881472,0.0,
43,10,Frozen Ensemble,False,0.0,0.0,0,1691670,0.0,
43,10,Continuously Retrained Ensemble,True,1.6094,1.9022,7800,1295435,0.0,
43,10,Event-Driven Ensemble (Custom Dual-Trigger),True,1.3594,1.5015,7800,1295435,0.0,
43,10,Event-Driven Ensemble (ADWIN),False,0.0,0.0,0,1281138,0.0,
43,10,Event-Driven Ensemble (DDM),True,1.4062,1.425,7800,1295435,0.0,
43,10,Event-Driven Ensemble (EDDM),True,1.6406,1.6849,7800,1295435,0.0,
43,10,Event-Driven Ensemble (Page-Hinkley),False,0.0,0.0,0,1266450,0.0,
43,10,Warm-Start Ensemble,True,0.3438,0.3642,1500,654385,0.0,
43,10,Component-Selective Ensemble,True,0.6719,0.6938,7800,1295435,0.0,"RF,ET,GB"
43,10,Adaptive Random Forest (river),False,1.6406,1.7095,500,621368,0.0,
43,10,Streaming Random Patches (river),False,4.2344,4.3449,500,1939803,0.0,
43,10,Two-Tier Hybrid Ensemble,True,1.2812,1.4109,7800,1397072,0.0,
43,11,Frozen Model,False,0.0,0.0,0,881472,0.0,
43,11,Frozen Ensemble,False,0.0,0.0,0,1691670,0.0,
43,11,Continuously Retrained Ensemble,True,0.9062,1.0084,7800,1222009,0.0,
43,11,Event-Driven Ensemble (Custom Dual-Trigger),True,0.7031,0.7636,7800,1222009,0.0,
43,11,Event-Driven Ensemble (ADWIN),True,0.9219,0.9841,7800,1222009,0.0,
43,11,Event-Driven Ensemble (DDM),True,0.8281,0.8419,7800,1222009,0.0,
43,11,Event-Driven Ensemble (EDDM),True,0.7969,0.8801,7800,1222009,0.0,
43,11,Event-Driven Ensemble (Page-Hinkley),True,0.7344,0.9486,7800,1222009,0.0,
43,11,Warm-Start Ensemble,True,0.1406,0.1373,1500,516927,0.0,
43,11,Component-Selective Ensemble,True,0.3125,0.345,3500,1263746,0.0,RF
43,11,Adaptive Random Forest (river),False,0.5625,0.5485,500,489850,0.0,
43,11,Streaming Random Patches (river),False,1.625,1.6382,500,862940,0.0,
43,11,Two-Tier Hybrid Ensemble,True,0.8125,0.8127,7800,1259864,0.0,
43,12,Frozen Model,False,0.0,0.0,0,881472,0.0,
43,12,Frozen Ensemble,False,0.0,0.0,0,1691670,0.0,
43,12,Continuously Retrained Ensemble,True,0.7188,0.7505,7800,1279330,0.0078,
43,12,Event-Driven Ensemble (Custom Dual-Trigger),True,0.7656,0.7864,7800,1279330,0.0,
43,12,Event-Driven Ensemble (ADWIN),True,0.7969,0.8109,7800,1279330,0.0156,
43,12,Event-Driven Ensemble (DDM),True,0.7656,0.82,7800,1279330,0.0039,
43,12,Event-Driven Ensemble (EDDM),True,1.4844,1.5897,7800,1279330,0.0,
43,12,Event-Driven Ensemble (Page-Hinkley),True,1.4531,1.5041,7800,1279330,0.0,
43,12,Warm-Start Ensemble,False,0.0,0.0,0,516927,0.0,
43,12,Component-Selective Ensemble,False,0.0,0.0,0,1263746,0.0,
43,12,Adaptive Random Forest (river),False,1.8906,1.9833,500,1222152,0.0,
43,12,Streaming Random Patches (river),False,3.2812,3.3729,500,1129620,0.0,
43,12,Two-Tier Hybrid Ensemble,True,1.4375,1.5027,7800,1350076,0.0,
43,13,Frozen Model,False,0.0,0.0,0,881472,0.0,
43,13,Frozen Ensemble,False,0.0,0.0,0,1691670,0.0,
43,13,Continuously Retrained Ensemble,True,1.3438,1.3745,7800,1220937,0.0,
43,13,Event-Driven Ensemble (Custom Dual-Trigger),True,1.2188,1.3456,7800,1220937,0.0,
43,13,Event-Driven Ensemble (ADWIN),True,1.3594,1.4634,7800,1220937,0.0,
43,13,Event-Driven Ensemble (DDM),False,0.0,0.0,0,1279330,0.0,
43,13,Event-Driven Ensemble (EDDM),False,0.0,0.0,0,1279330,0.0,
43,13,Event-Driven Ensemble (Page-Hinkley),True,1.4375,1.4337,7800,1220937,0.0,
43,13,Warm-Start Ensemble,True,0.25,0.2483,1500,512367,0.0,
43,13,Component-Selective Ensemble,True,0.7188,0.7706,7800,1220937,0.0,"RF,ET,GB"
43,13,Adaptive Random Forest (river),False,1.4219,1.4803,500,424454,0.0,
43,13,Streaming Random Patches (river),False,2.9375,2.9644,500,604704,0.0,
43,13,Two-Tier Hybrid Ensemble,True,1.3906,1.4184,7800,1291986,0.0,
43,14,Frozen Model,False,0.0,0.0,0,881472,0.0,
43,14,Frozen Ensemble,False,0.0,0.0,0,1691670,0.0,
43,14,Continuously Retrained Ensemble,True,1.375,1.4024,7800,1193897,0.0,
43,14,Event-Driven Ensemble (Custom Dual-Trigger),True,1.3906,1.4234,7800,1193897,0.0,
43,14,Event-Driven Ensemble (ADWIN),True,1.375,1.4111,7800,1193897,0.0,
43,14,Event-Driven Ensemble (DDM),False,0.0,0.0,0,1279330,0.0,
43,14,Event-Driven Ensemble (EDDM),True,1.3125,1.3527,7800,1193897,0.0,
43,14,Event-Driven Ensemble (Page-Hinkley),False,0.0,0.0,0,1220937,0.0,
43,14,Warm-Start Ensemble,True,0.2812,0.2718,1500,560390,0.0,
43,14,Component-Selective Ensemble,True,0.0938,0.0978,2500,1182217,0.0,ET
43,14,Adaptive Random Forest (river),False,1.375,1.4444,500,488030,0.0,
43,14,Streaming Random Patches (river),False,2.9062,3.1026,500,1064641,0.0,
43,14,Two-Tier Hybrid Ensemble,True,1.4688,1.5391,7800,1328746,0.0,
43,15,Frozen Model,False,0.0,0.0,0,881472,0.0,
43,15,Frozen Ensemble,False,0.0,0.0,0,1691670,0.0,
43,15,Continuously Retrained Ensemble,True,1.3125,1.3391,7800,1140944,0.0039,
43,15,Event-Driven Ensemble (Custom Dual-Trigger),True,1.2812,1.2928,7800,1140944,0.0,
43,15,Event-Driven Ensemble (ADWIN),True,1.2656,1.3852,7800,1140944,0.0,
43,15,Event-Driven Ensemble (DDM),True,1.4219,1.4657,7800,1140944,0.0,
43,15,Event-Driven Ensemble (EDDM),True,1.3594,1.4496,7800,1140944,0.0,
43,15,Event-Driven Ensemble (Page-Hinkley),False,0.0,0.0,0,1220937,0.0,
43,15,Warm-Start Ensemble,True,0.25,0.2553,1500,652815,0.0,
43,15,Component-Selective Ensemble,True,0.7031,0.6887,7800,1140944,0.0,"RF,ET,GB"
43,15,Adaptive Random Forest (river),False,1.9531,1.9898,500,804983,0.0,
43,15,Streaming Random Patches (river),False,4.1875,4.3423,500,1662752,0.0,
43,15,Two-Tier Hybrid Ensemble,True,1.7188,1.7921,7800,1308862,0.0,
43,16,Frozen Model,False,0.0,0.0,0,881472,0.0,
43,16,Frozen Ensemble,False,0.0,0.0,0,1691670,0.0,
43,16,Continuously Retrained Ensemble,True,1.4062,1.4948,7800,1222601,0.0,
43,16,Event-Driven Ensemble (Custom Dual-Trigger),False,0.0,0.0,0,1140944,0.0,
43,16,Event-Driven Ensemble (ADWIN),True,1.4375,1.5119,7800,1222601,0.0,
43,16,Event-Driven Ensemble (DDM),True,1.3281,1.3948,7800,1222601,0.0,
43,16,Event-Driven Ensemble (EDDM),True,1.3438,1.3804,7800,1222601,0.0,
43,16,Event-Driven Ensemble (Page-Hinkley),True,1.3906,1.4076,7800,1222601,0.0,
43,16,Warm-Start Ensemble,False,0.0,0.0,0,652815,0.0,
43,16,Component-Selective Ensemble,False,0.0,0.0,0,1140944,0.0,
43,16,Adaptive Random Forest (river),False,1.875,1.9161,500,275346,0.0039,
43,16,Streaming Random Patches (river),False,3.9531,4.0042,500,1254761,0.0,
43,16,Two-Tier Hybrid Ensemble,False,0.2031,0.1923,0,1309814,0.0,
43,17,Frozen Model,False,0.0,0.0,0,881472,0.0,
43,17,Frozen Ensemble,False,0.0,0.0,0,1691670,0.0,
43,17,Continuously Retrained Ensemble,True,1.2969,1.3363,7800,1237081,0.0,
43,17,Event-Driven Ensemble (Custom Dual-Trigger),True,1.3125,1.3836,7800,1237081,0.0,
43,17,Event-Driven Ensemble (ADWIN),True,1.3438,1.3581,7800,1237081,0.0,
43,17,Event-Driven Ensemble (DDM),True,1.4062,1.4212,7800,1237081,0.0,
43,17,Event-Driven Ensemble (EDDM),True,1.3125,1.3614,7800,1237081,0.0,
43,17,Event-Driven Ensemble (Page-Hinkley),False,0.0,0.0,0,1222601,0.0,
43,17,Warm-Start Ensemble,True,0.2656,0.2664,1500,689864,0.0,
43,17,Component-Selective Ensemble,True,0.125,0.1129,2500,1204953,0.0,ET
43,17,Adaptive Random Forest (river),False,1.6875,1.7143,500,1034542,0.0,
43,17,Streaming Random Patches (river),False,3.7812,3.8603,500,2069762,0.0,
43,17,Two-Tier Hybrid Ensemble,True,1.5781,1.6014,7800,1406263,0.0,
43,18,Frozen Model,False,0.0,0.0,0,881472,0.0,
43,18,Frozen Ensemble,False,0.0,0.0,0,1691670,0.0,
43,18,Continuously Retrained Ensemble,True,1.375,1.382,7800,1264962,0.0,
43,18,Event-Driven Ensemble (Custom Dual-Trigger),True,1.3438,1.3781,7800,1264962,0.0,
43,18,Event-Driven Ensemble (ADWIN),True,1.375,1.4099,7800,1264962,0.0,
43,18,Event-Driven Ensemble (DDM),True,1.5,1.5734,7800,1264962,0.0,
43,18,Event-Driven Ensemble (EDDM),True,1.5,1.5457,7800,1264962,0.0,
43,18,Event-Driven Ensemble (Page-Hinkley),False,0.0,0.0,0,1222601,0.0,
43,18,Warm-Start Ensemble,True,0.2656,0.2595,1500,715192,0.0,
43,18,Component-Selective Ensemble,True,0.3438,0.3693,4300,1219513,0.0,"ET,GB"
43,18,Adaptive Random Forest (river),False,1.9688,2.0133,500,746453,0.0,
43,18,Streaming Random Patches (river),False,3.6719,3.7964,500,2956894,0.0,
43,18,Two-Tier Hybrid Ensemble,True,1.5781,1.7173,7800,1401045,0.0,
43,19,Frozen Model,False,0.0,0.0,0,881472,0.0,
43,19,Frozen Ensemble,False,0.0,0.0,0,1691670,0.0,
43,19,Continuously Retrained Ensemble,True,1.3906,1.4294,7800,1269906,0.0,
43,19,Event-Driven Ensemble (Custom Dual-Trigger),False,0.0,0.0,0,1264962,0.0,
43,19,Event-Driven Ensemble (ADWIN),True,1.3906,1.386,7800,1269906,0.0,
43,19,Event-Driven Ensemble (DDM),False,0.0,0.0,0,1264962,0.0,
43,19,Event-Driven Ensemble (EDDM),True,1.3281,1.3554,7800,1269906,0.0,
43,19,Event-Driven Ensemble (Page-Hinkley),False,0.0,0.0,0,1222601,0.0,
43,19,Warm-Start Ensemble,False,0.0,0.0,0,715192,0.0,
43,19,Component-Selective Ensemble,False,0.0,0.0,0,1219513,0.0,
43,19,Adaptive Random Forest (river),False,1.5781,1.6556,500,363238,0.0,
43,19,Streaming Random Patches (river),False,4.0312,4.1495,500,1549327,0.0,
43,19,Two-Tier Hybrid Ensemble,False,0.2031,0.2258,0,1401781,0.0,
43,20,Frozen Model,False,0.0,0.0,0,881472,0.0,
43,20,Frozen Ensemble,False,0.0,0.0,0,1691670,0.0,
43,20,Continuously Retrained Ensemble,True,1.3438,1.3649,7800,1271554,0.0,
43,20,Event-Driven Ensemble (Custom Dual-Trigger),False,0.0,0.0,0,1264962,0.0,
43,20,Event-Driven Ensemble (ADWIN),True,1.3594,1.3662,7800,1271554,0.0,
43,20,Event-Driven Ensemble (DDM),False,0.0,0.0,0,1264962,0.0,
43,20,Event-Driven Ensemble (EDDM),True,1.2969,1.4101,7800,1271554,0.0,
43,20,Event-Driven Ensemble (Page-Hinkley),False,0.0,0.0,0,1222601,0.0,
43,20,Warm-Start Ensemble,False,0.0,0.0,0,715192,0.0,
43,20,Component-Selective Ensemble,False,0.0,0.0,0,1219513,0.0,
43,20,Adaptive Random Forest (river),False,1.6562,1.6861,500,552965,0.0,
43,20,Streaming Random Patches (river),False,3.6562,3.7255,500,2685296,0.0,
43,20,Two-Tier Hybrid Ensemble,False,0.125,0.1426,0,1400083,0.0,
43,21,Frozen Model,False,0.0,0.0,0,881472,0.0,
43,21,Frozen Ensemble,False,0.0,0.0,0,1691670,0.0,
43,21,Continuously Retrained Ensemble,True,1.4062,1.4355,7800,1283122,0.0,
43,21,Event-Driven Ensemble (Custom Dual-Trigger),False,0.0,0.0,0,1264962,0.0,
43,21,Event-Driven Ensemble (ADWIN),True,1.4062,1.4236,7800,1283122,0.0,
43,21,Event-Driven Ensemble (DDM),True,1.4375,1.4701,7800,1283122,0.0,
43,21,Event-Driven Ensemble (EDDM),True,1.3594,1.3999,7800,1283122,0.0,
43,21,Event-Driven Ensemble (Page-Hinkley),False,0.0,0.0,0,1222601,0.0,
43,21,Warm-Start Ensemble,False,0.0,0.0,0,715192,0.0,
43,21,Component-Selective Ensemble,False,0.0,0.0,0,1219513,0.0,
43,21,Adaptive Random Forest (river),False,1.9844,2.0221,500,1507479,0.0,
43,21,Streaming Random Patches (river),False,4.4062,4.599,500,3873709,0.0078,
43,21,Two-Tier Hybrid Ensemble,False,0.1562,0.157,0,1418690,0.0,
43,22,Frozen Model,False,0.0,0.0,0,881472,0.0,
43,22,Frozen Ensemble,False,0.0,0.0,0,1691670,0.0,
43,22,Continuously Retrained Ensemble,True,1.4844,1.4826,7800,1263026,0.0156,
43,22,Event-Driven Ensemble (Custom Dual-Trigger),False,0.0,0.0,0,1264962,0.0,
43,22,Event-Driven Ensemble (ADWIN),True,1.5156,1.6665,7800,1263026,0.0,
43,22,Event-Driven Ensemble (DDM),True,1.5156,1.5766,7800,1263026,0.0039,
43,22,Event-Driven Ensemble (EDDM),True,1.5312,1.5448,7800,1263026,0.0,
43,22,Event-Driven Ensemble (Page-Hinkley),True,1.6094,1.6261,7800,1263026,0.0,
43,22,Warm-Start Ensemble,False,0.0,0.0,0,715192,0.0,
43,22,Component-Selective Ensemble,False,0.0,0.0,0,1219513,0.0,
43,22,Adaptive Random Forest (river),False,2.7188,2.8397,500,3419069,0.0195,
43,22,Streaming Random Patches (river),False,4.7969,5.0181,500,4918235,0.0078,
43,22,Two-Tier Hybrid Ensemble,False,0.2344,0.254,0,1435224,0.0,
43,23,Frozen Model,False,0.0,0.0,0,881472,0.0,
43,23,Frozen Ensemble,False,0.0,0.0,0,1691670,0.0,
43,23,Continuously Retrained Ensemble,True,1.4375,1.6975,7800,1270114,0.0078,
43,23,Event-Driven Ensemble (Custom Dual-Trigger),False,0.0,0.0,0,1264962,0.0,
43,23,Event-Driven Ensemble (ADWIN),True,1.3438,1.5456,7800,1270114,0.0,
43,23,Event-Driven Ensemble (DDM),True,1.8281,3.0616,7800,1270114,0.0,
43,23,Event-Driven Ensemble (EDDM),True,1.5781,1.7366,7800,1270114,0.0,
43,23,Event-Driven Ensemble (Page-Hinkley),False,0.0,0.0,0,1263026,0.0,
43,23,Warm-Start Ensemble,False,0.0,0.0,0,715192,0.0,
43,23,Component-Selective Ensemble,False,0.0,0.0,0,1219513,0.0,
43,23,Adaptive Random Forest (river),False,1.8594,2.053,500,463307,0.0,
43,23,Streaming Random Patches (river),False,5.25,8.0343,500,3705288,0.0,
43,23,Two-Tier Hybrid Ensemble,False,0.1406,0.4684,0,1466437,0.0,
43,24,Frozen Model,False,0.0,0.0,0,881472,0.0,
43,24,Frozen Ensemble,False,0.0,0.0,0,1691670,0.0,
43,24,Continuously Retrained Ensemble,True,1.7656,3.2196,7800,1283074,0.0,
43,24,Event-Driven Ensemble (Custom Dual-Trigger),False,0.0,0.0,0,1264962,0.0,
43,24,Event-Driven Ensemble (ADWIN),True,1.6875,3.3107,7800,1283074,0.0,
43,24,Event-Driven Ensemble (DDM),True,1.9062,4.0026,7800,1283074,0.0,
43,24,Event-Driven Ensemble (EDDM),True,1.8438,3.4953,7800,1283074,0.0,
43,24,Event-Driven Ensemble (Page-Hinkley),False,0.0,0.0,0,1263026,0.0,
43,24,Warm-Start Ensemble,False,0.0,0.0,0,715192,0.0,
43,24,Component-Selective Ensemble,False,0.0,0.0,0,1219513,0.0,
43,24,Adaptive Random Forest (river),False,2.5938,5.5156,500,815061,0.0,
43,24,Streaming Random Patches (river),False,5.1562,6.3919,500,4654110,0.0,
43,24,Two-Tier Hybrid Ensemble,False,0.3125,0.5821,0,1466346,0.0,
43,25,Frozen Model,False,0.0,0.0,0,881472,0.0,
43,25,Frozen Ensemble,False,0.0,0.0,0,1691670,0.0,
43,25,Continuously Retrained Ensemble,True,1.7969,1.9686,7800,1267586,0.0,
43,25,Event-Driven Ensemble (Custom Dual-Trigger),True,1.5469,1.8913,7800,1267586,0.0,
43,25,Event-Driven Ensemble (ADWIN),True,1.6719,1.6933,7800,1267586,0.0,
43,25,Event-Driven Ensemble (DDM),True,1.5469,1.6639,7800,1267586,0.0,
43,25,Event-Driven Ensemble (EDDM),True,1.625,1.6296,7800,1267586,0.0,
43,25,Event-Driven Ensemble (Page-Hinkley),True,1.5469,1.5657,7800,1267586,0.0,
43,25,Warm-Start Ensemble,True,0.3594,0.3574,1500,765041,0.0,
43,25,Component-Selective Ensemble,True,0.25,0.2512,1800,1220377,0.0,GB
43,25,Adaptive Random Forest (river),False,2.3906,2.4211,500,1496680,0.0,
43,25,Streaming Random Patches (river),False,4.875,4.9977,500,6462006,0.0,
43,25,Two-Tier Hybrid Ensemble,True,1.7188,1.7081,7800,1470495,0.0,
43,26,Frozen Model,False,0.0,0.0,0,881472,0.0,
43,26,Frozen Ensemble,False,0.0,0.0,0,1691670,0.0,
43,26,Continuously Retrained Ensemble,True,1.3906,1.4291,7800,1260418,0.0,
43,26,Event-Driven Ensemble (Custom Dual-Trigger),True,1.4062,1.4051,7800,1260418,0.0,
43,26,Event-Driven Ensemble (ADWIN),True,1.4219,1.4553,7800,1260418,0.0,
43,26,Event-Driven Ensemble (DDM),True,1.375,1.4196,7800,1260418,0.0,
43,26,Event-Driven Ensemble (EDDM),True,1.3281,1.3441,7800,1260418,0.0,
43,26,Event-Driven Ensemble (Page-Hinkley),False,0.0,0.0,0,1267586,0.0,
43,26,Warm-Start Ensemble,True,0.2656,0.2943,1500,714874,0.0,
43,26,Component-Selective Ensemble,True,0.5938,0.6624,7800,1260418,0.0,"RF,ET,GB"
43,26,Adaptive Random Forest (river),False,1.7344,1.74,500,678417,0.0,
43,26,Streaming Random Patches (river),False,4.5469,4.6752,500,6931274,0.0,
43,26,Two-Tier Hybrid Ensemble,True,1.5938,1.6089,7800,1461706,0.0,
43,27,Frozen Model,False,0.0,0.0,0,881472,0.0,
43,27,Frozen Ensemble,False,0.0,0.0,0,1691670,0.0,
43,27,Continuously Retrained Ensemble,True,1.4844,1.5181,7800,1278034,0.0039,
43,27,Event-Driven Ensemble (Custom Dual-Trigger),False,0.0,0.0,0,1260418,0.0,
43,27,Event-Driven Ensemble (ADWIN),True,1.3438,1.405,7800,1278034,0.0,
43,27,Event-Driven Ensemble (DDM),True,1.3438,1.3785,7800,1278034,0.0,
43,27,Event-Driven Ensemble (EDDM),True,1.3438,1.3584,7800,1278034,0.0,
43,27,Event-Driven Ensemble (Page-Hinkley),False,0.0,0.0,0,1267586,0.0,
43,27,Warm-Start Ensemble,False,0.0,0.0,0,714874,0.0,
43,27,Component-Selective Ensemble,False,0.0,0.0,0,1260418,0.0,
43,27,Adaptive Random Forest (river),False,1.7344,1.7966,500,877765,0.0,
43,27,Streaming Random Patches (river),False,4.9062,5.0531,500,8245775,0.0,
43,27,Two-Tier Hybrid Ensemble,False,0.2188,0.2149,0,1463081,0.0,
43,28,Frozen Model,False,0.0,0.0,0,881472,0.0,
43,28,Frozen Ensemble,False,0.0,0.0,0,1691670,0.0,
43,28,Continuously Retrained Ensemble,True,1.3594,1.395,7800,1266578,0.0898,
43,28,Event-Driven Ensemble (Custom Dual-Trigger),False,0.0,0.0,0,1260418,0.0,
43,28,Event-Driven Ensemble (ADWIN),True,1.5625,1.677,7800,1266578,0.0,
43,28,Event-Driven Ensemble (DDM),True,1.6406,1.6525,7800,1266578,0.0,
43,28,Event-Driven Ensemble (EDDM),True,1.5625,1.5441,7800,1266578,0.0,
43,28,Event-Driven Ensemble (Page-Hinkley),True,1.4062,1.4299,7800,1266578,0.0,
43,28,Warm-Start Ensemble,False,0.0,0.0,0,714874,0.0,
43,28,Component-Selective Ensemble,False,0.0,0.0,0,1260418,0.0,
43,28,Adaptive Random Forest (river),False,1.7812,1.7922,500,999619,0.0,
43,28,Streaming Random Patches (river),False,5.3438,5.4661,500,8737894,0.0,
43,28,Two-Tier Hybrid Ensemble,False,0.2031,0.205,0,1299366,0.0,
43,29,Frozen Model,False,0.0,0.0,0,881472,0.0,
43,29,Frozen Ensemble,False,0.0,0.0,0,1691670,0.0,
43,29,Continuously Retrained Ensemble,True,1.3438,1.3796,7800,1251673,0.1289,
43,29,Event-Driven Ensemble (Custom Dual-Trigger),False,0.0,0.0,0,1260418,0.0,
43,29,Event-Driven Ensemble (ADWIN),True,1.4531,1.4718,7800,1251673,0.0,
43,29,Event-Driven Ensemble (DDM),False,0.0,0.0,0,1266578,0.0,
43,29,Event-Driven Ensemble (EDDM),True,1.875,2.3369,7800,1251673,0.0,
43,29,Event-Driven Ensemble (Page-Hinkley),True,1.75,2.0746,7800,1251673,0.0,
43,29,Warm-Start Ensemble,False,0.0,0.0,0,714874,0.0,
43,29,Component-Selective Ensemble,False,0.0,0.0,0,1260418,0.0,
43,29,Adaptive Random Forest (river),False,1.4531,1.4848,500,448549,0.0,
43,29,Streaming Random Patches (river),False,3.0781,3.1279,500,1096987,0.0,
43,29,Two-Tier Hybrid Ensemble,False,0.0938,0.0995,0,1331220,0.0,
43,30,Frozen Model,False,0.0,0.0,0,881472,0.0,
43,30,Frozen Ensemble,False,0.0,0.0,0,1691670,0.0,
43,30,Continuously Retrained Ensemble,True,1.6875,1.7279,7800,1258850,0.0,
43,30,Event-Driven Ensemble (Custom Dual-Trigger),True,1.6094,1.6599,7800,1258850,0.0,
43,30,Event-Driven Ensemble (ADWIN),True,1.5781,1.5922,7800,1258850,0.0,
43,30,Event-Driven Ensemble (DDM),True,1.3125,1.3932,7800,1258850,0.0,
43,30,Event-Driven Ensemble (EDDM),True,1.3281,1.3574,7800,1258850,0.0,
43,30,Event-Driven Ensemble (Page-Hinkley),False,0.0,0.0,0,1251673,0.0,
43,30,Warm-Start Ensemble,True,0.2344,0.2944,1500,696778,0.0,
43,30,Component-Selective Ensemble,True,0.0938,0.1118,2500,1271138,0.0,ET
43,30,Adaptive Random Forest (river),False,1.7344,1.8436,500,252282,0.0,
43,30,Streaming Random Patches (river),False,3.3281,3.3991,500,1573138,0.0,
43,30,Two-Tier Hybrid Ensemble,True,1.5156,1.5447,7800,1329089,0.0,
43,31,Frozen Model,False,0.0,0.0,0,881472,0.0,
43,31,Frozen Ensemble,False,0.0,0.0,0,1691670,0.0,
43,31,Continuously Retrained Ensemble,True,1.2969,1.388,7800,1289186,0.0,
43,31,Event-Driven Ensemble (Custom Dual-Trigger),False,0.0,0.0,0,1258850,0.0,
43,31,Event-Driven Ensemble (ADWIN),True,1.3594,1.3697,7800,1289186,0.0,
43,31,Event-Driven Ensemble (DDM),True,1.3438,1.3468,7800,1289186,0.0,
43,31,Event-Driven Ensemble (EDDM),True,1.4219,1.4334,7800,1289186,0.0,
43,31,Event-Driven Ensemble (Page-Hinkley),False,0.0,0.0,0,1251673,0.0,
43,31,Warm-Start Ensemble,False,0.0,0.0,0,696778,0.0,
43,31,Component-Selective Ensemble,False,0.0,0.0,0,1271138,0.0,
43,31,Adaptive Random Forest (river),False,1.7969,1.8294,500,639775,0.0,
43,31,Streaming Random Patches (river),False,3.7031,3.9157,500,1681001,0.0,
43,31,Two-Tier Hybrid Ensemble,False,0.0781,0.0772,0,1329633,0.0,
43,32,Frozen Model,False,0.0,0.0,0,881472,0.0,
43,32,Frozen Ensemble,False,0.0,0.0,0,1691670,0.0,
43,32,Continuously Retrained Ensemble,True,1.5625,1.596,7800,1291714,0.0,
43,32,Event-Driven Ensemble (Custom Dual-Trigger),True,1.5469,1.6293,7800,1291714,0.0,
43,32,Event-Driven Ensemble (ADWIN),True,1.6094,1.609,7800,1291714,0.0,
43,32,Event-Driven Ensemble (DDM),True,1.3906,1.4538,7800,1291714,0.0,
43,32,Event-Driven Ensemble (EDDM),True,1.3438,1.3852,7800,1291714,0.0,
43,32,Event-Driven Ensemble (Page-Hinkley),False,0.0,0.0,0,1251673,0.0,
43,32,Warm-Start Ensemble,True,0.2656,0.28,1500,667626,0.0,
43,32,Component-Selective Ensemble,True,0.25,0.2588,1800,1268834,0.0,GB
43,32,Adaptive Random Forest (river),False,1.4531,1.4627,500,922771,0.0,
43,32,Streaming Random Patches (river),False,3.5781,3.5667,500,2778268,0.0,
43,32,Two-Tier Hybrid Ensemble,True,1.4844,1.5851,7800,1362596,0.0,
43,33,Frozen Model,False,0.0,0.0,0,881472,0.0,
43,33,Frozen Ensemble,False,0.0,0.0,0,1691670,0.0,
43,33,Continuously Retrained Ensemble,True,1.3281,1.3519,7800,1304571,0.0,
43,33,Event-Driven Ensemble (Custom Dual-Trigger),True,1.3125,1.3295,7800,1304571,0.0,
43,33,Event-Driven Ensemble (ADWIN),False,0.0,0.0,0,1291714,0.0,
43,33,Event-Driven Ensemble (DDM),True,1.375,1.4276,7800,1304571,0.0,
43,33,Event-Driven Ensemble (EDDM),True,1.5,1.5094,7800,1304571,0.0,
43,33,Event-Driven Ensemble (Page-Hinkley),True,1.3594,1.4166,7800,1304571,0.0,
43,33,Warm-Start Ensemble,True,0.2656,0.279,1500,746234,0.0,
43,33,Component-Selective Ensemble,True,0.2656,0.265,1800,1268402,0.0,GB
43,33,Adaptive Random Forest (river),False,2.1406,2.1747,500,1932097,0.0,
43,33,Streaming Random Patches (river),False,4.9531,5.2422,500,3504859,0.0,
43,33,Two-Tier Hybrid Ensemble,True,1.6562,1.7602,7800,1440129,0.0,
43,34,Frozen Model,False,0.0,0.0,0,881472,0.0,
43,34,Frozen Ensemble,False,0.0,0.0,0,1691670,0.0,
43,34,Continuously Retrained Ensemble,True,1.4375,1.4932,7800,1293474,0.0,
43,34,Event-Driven Ensemble (Custom Dual-Trigger),True,1.4375,1.4913,7800,1293474,0.0,
43,34,Event-Driven Ensemble (ADWIN),True,1.4219,1.4809,7800,1293474,0.0,
43,34,Event-Driven Ensemble (DDM),True,1.4531,1.4993,7800,1293474,0.0,
43,34,Event-Driven Ensemble (EDDM),True,1.3438,1.3838,7800,1293474,0.0,
43,34,Event-Driven Ensemble (Page-Hinkley),False,0.0,0.0,0,1304571,0.0,
43,34,Warm-Start Ensemble,True,0.2812,0.2971,1500,707658,0.0,
43,34,Component-Selective Ensemble,True,0.7812,0.7743,7800,1293474,0.0,"RF,ET,GB"
43,34,Adaptive Random Forest (river),False,1.8438,1.9288,500,393979,0.0,
43,34,Streaming Random Patches (river),False,4.1719,4.3302,500,3442487,0.0,
43,34,Two-Tier Hybrid Ensemble,True,1.5,1.5925,7800,1462278,0.0,
43,35,Frozen Model,False,0.0,0.0,0,881472,0.0,
43,35,Frozen Ensemble,False,0.0,0.0,0,1691670,0.0,
43,35,Continuously Retrained Ensemble,True,1.375,1.4086,7800,1283378,0.0,
43,35,Event-Driven Ensemble (Custom Dual-Trigger),False,0.0,0.0,0,1293474,0.0,
43,35,Event-Driven Ensemble (ADWIN),True,1.3125,1.3472,7800,1283378,0.0,
43,35,Event-Driven Ensemble (DDM),True,1.3594,1.5024,7800,1283378,0.0,
43,35,Event-Driven Ensemble (EDDM),True,1.3906,1.4063,7800,1283378,0.0,
43,35,Event-Driven Ensemble (Page-Hinkley),False,0.0,0.0,0,1304571,0.0,
43,35,Warm-Start Ensemble,False,0.0,0.0,0,707658,0.0,
43,35,Component-Selective Ensemble,False,0.0,0.0,0,1293474,0.0,
43,35,Adaptive Random Forest (river),False,1.9688,1.9802,500,261609,0.0,
43,35,Streaming Random Patches (river),False,5.1719,5.4145,500,4904202,0.0,
43,35,Two-Tier Hybrid Ensemble,False,0.2031,0.2262,0,1462416,0.0,
43,36,Frozen Model,False,0.0,0.0,0,881472,0.0,
43,36,Frozen Ensemble,False,0.0,0.0,0,1691670,0.0,
43,36,Continuously Retrained Ensemble,True,1.375,1.408,7800,1245394,0.0039,
43,36,Event-Driven Ensemble (Custom Dual-Trigger),False,0.0,0.0,0,1293474,0.0,
43,36,Event-Driven Ensemble (ADWIN),True,1.5781,1.6296,7800,1245394,0.0,
43,36,Event-Driven Ensemble (DDM),True,1.5781,1.6547,7800,1245394,0.0,
43,36,Event-Driven Ensemble (EDDM),True,1.375,1.4811,7800,1245394,0.0,
43,36,Event-Driven Ensemble (Page-Hinkley),False,0.0,0.0,0,1304571,0.0,
43,36,Warm-Start Ensemble,False,0.0,0.0,0,707658,0.0,
43,36,Component-Selective Ensemble,False,0.0,0.0,0,1293474,0.0,
43,36,Adaptive Random Forest (river),False,1.5312,1.6054,500,812655,0.0,
43,36,Streaming Random Patches (river),False,5.4062,5.5685,500,5849166,0.0,
43,36,Two-Tier Hybrid Ensemble,False,0.1719,0.1795,0,1462889,0.0,
43,37,Frozen Model,False,0.0,0.0,0,881472,0.0,
43,37,Frozen Ensemble,False,0.0,0.0,0,1691670,0.0,
43,37,Continuously Retrained Ensemble,True,1.3906,1.4194,7800,1292619,0.0,
43,37,Event-Driven Ensemble (Custom Dual-Trigger),False,0.0,0.0,0,1293474,0.0,
43,37,Event-Driven Ensemble (ADWIN),True,1.4375,1.4928,7800,1292619,0.0,
43,37,Event-Driven Ensemble (DDM),True,1.375,1.3783,7800,1292619,0.0,
43,37,Event-Driven Ensemble (EDDM),True,1.3438,1.4137,7800,1292619,0.0,
43,37,Event-Driven Ensemble (Page-Hinkley),True,1.3438,1.4469,7800,1292619,0.0,
43,37,Warm-Start Ensemble,False,0.0,0.0,0,707658,0.0,
43,37,Component-Selective Ensemble,False,0.0,0.0,0,1293474,0.0,
43,37,Adaptive Random Forest (river),False,2.3438,2.4236,500,1717179,0.0039,
43,37,Streaming Random Patches (river),False,5.5312,5.7206,500,6911986,0.0,
43,37,Two-Tier Hybrid Ensemble,False,0.25,0.2422,0,1463554,0.0,
43,38,Frozen Model,False,0.0,0.0,0,881472,0.0,
43,38,Frozen Ensemble,False,0.0,0.0,0,1691670,0.0,
43,38,Continuously Retrained Ensemble,True,1.3438,1.4039,7800,1303691,0.1328,
43,38,Event-Driven Ensemble (Custom Dual-Trigger),True,1.4062,1.473,7800,1303691,0.0,
43,38,Event-Driven Ensemble (ADWIN),True,1.4219,1.4876,7800,1303691,0.0,
43,38,Event-Driven Ensemble (DDM),True,1.3906,1.4392,7800,1303691,0.0,
43,38,Event-Driven Ensemble (EDDM),True,1.3906,1.4209,7800,1303691,0.0,
43,38,Event-Driven Ensemble (Page-Hinkley),False,0.0,0.0,0,1292619,0.0,
43,38,Warm-Start Ensemble,True,0.2812,0.2835,1500,714298,0.0,
43,38,Component-Selective Ensemble,True,0.4531,0.484,3500,1302274,0.0,RF
43,38,Adaptive Random Forest (river),False,2.3438,2.4731,500,1858049,0.0,
43,38,Streaming Random Patches (river),False,5.2812,5.4736,500,8002417,0.0078,
43,38,Two-Tier Hybrid Ensemble,True,1.7812,1.8697,7800,1473311,0.0,
43,39,Frozen Model,False,0.0,0.0,0,881472,0.0,
43,39,Frozen Ensemble,False,0.0,0.0,0,1691670,0.0,
43,39,Continuously Retrained Ensemble,True,1.3906,1.4032,7800,1288546,0.0,
43,39,Event-Driven Ensemble (Custom Dual-Trigger),False,0.0,0.0,0,1303691,0.0,
43,39,Event-Driven Ensemble (ADWIN),True,1.4062,1.4577,7800,1288546,0.0,
43,39,Event-Driven Ensemble (DDM),True,1.3438,1.3923,7800,1288546,0.0,
43,39,Event-Driven Ensemble (EDDM),True,1.3281,1.3633,7800,1288546,0.0,
43,39,Event-Driven Ensemble (Page-Hinkley),False,0.0,0.0,0,1292619,0.0,
43,39,Warm-Start Ensemble,True,0.3125,0.3062,1500,748803,0.0,
43,39,Component-Selective Ensemble,False,0.0,0.0,0,1302274,0.0,
43,39,Adaptive Random Forest (river),False,2.5781,2.642,500,2348474,0.0039,
43,39,Streaming Random Patches (river),False,4.6406,4.9,500,4143800,0.0,
43,39,Two-Tier Hybrid Ensemble,False,0.2188,0.217,0,1342233,0.0,
43,40,Frozen Model,False,0.0,0.0,0,881472,0.0,
43,40,Frozen Ensemble,False,0.0,0.0,0,1691670,0.0,
43,40,Continuously Retrained Ensemble,True,1.5625,1.6549,7800,1289202,0.0,
43,40,Event-Driven Ensemble (Custom Dual-Trigger),False,0.0,0.0,0,1303691,0.0,
43,40,Event-Driven Ensemble (ADWIN),True,1.6094,1.6585,7800,1289202,0.0,
43,40,Event-Driven Ensemble (DDM),False,0.0,0.0,0,1288546,0.0,
43,40,Event-Driven Ensemble (EDDM),True,1.7188,1.7226,7800,1289202,0.0,
43,40,Event-Driven Ensemble (Page-Hinkley),True,1.6719,1.6959,7800,1289202,0.0,
43,40,Warm-Start Ensemble,False,0.0,0.0,0,748803,0.0,
43,40,Component-Selective Ensemble,False,0.0,0.0,0,1302274,0.0,
43,40,Adaptive Random Forest (river),False,2.0312,2.2115,500,134749,0.0,
43,40,Streaming Random Patches (river),False,3.8906,3.9267,500,3147645,0.0,
43,40,Two-Tier Hybrid Ensemble,False,0.125,0.1165,0,1374360,0.0,
43,41,Frozen Model,False,0.0,0.0,0,881472,0.0,
43,41,Frozen Ensemble,False,0.0,0.0,0,1691670,0.0,
43,41,Continuously Retrained Ensemble,True,1.6719,1.7801,7800,1316219,0.0,
43,41,Event-Driven Ensemble (Custom Dual-Trigger),False,0.0,0.0,0,1303691,0.0,
43,41,Event-Driven Ensemble (ADWIN),True,1.7031,1.7506,7800,1316219,0.0,
43,41,Event-Driven Ensemble (DDM),False,0.0,0.0,0,1288546,0.0,
43,41,Event-Driven Ensemble (EDDM),True,1.5781,1.6339,7800,1316219,0.0,
43,41,Event-Driven Ensemble (Page-Hinkley),False,0.0,0.0,0,1289202,0.0,
43,41,Warm-Start Ensemble,False,0.0,0.0,0,748803,0.0,
43,41,Component-Selective Ensemble,False,0.0,0.0,0,1302274,0.0,
43,41,Adaptive Random Forest (river),False,2.0312,2.0834,500,1425721,0.0,
43,41,Streaming Random Patches (river),False,4.1406,4.2929,500,2641434,0.0,
43,41,Two-Tier Hybrid Ensemble,False,0.0781,0.0954,0,1374697,0.0,
43,42,Frozen Model,False,0.0,0.0,0,881472,0.0,
43,42,Frozen Ensemble,False,0.0,0.0,0,1691670,0.0,
43,42,Continuously Retrained Ensemble,True,1.6094,1.6499,7800,1317179,0.0,
43,42,Event-Driven Ensemble (Custom Dual-Trigger),True,1.5469,1.5799,7800,1317179,0.0,
43,42,Event-Driven Ensemble (ADWIN),True,1.5781,1.6294,7800,1317179,0.0,
43,42,Event-Driven Ensemble (DDM),False,0.0,0.0,0,1288546,0.0,
43,42,Event-Driven Ensemble (EDDM),True,1.5781,1.6461,7800,1317179,0.0,
43,42,Event-Driven Ensemble (Page-Hinkley),False,0.0,0.0,0,1289202,0.0,
43,42,Warm-Start Ensemble,True,0.3281,0.3251,1500,725224,0.0,
43,42,Component-Selective Ensemble,True,0.8125,0.8532,7800,1317179,0.0,"RF,ET,GB"
43,42,Adaptive Random Forest (river),False,1.9062,1.9341,500,685134,0.0,
43,42,Streaming Random Patches (river),False,4.9531,5.119,500,3093008,0.0,
43,42,Two-Tier Hybrid Ensemble,True,1.75,1.7712,7800,1387687,0.0,
43,43,Frozen Model,False,0.0,0.0,0,881472,0.0,
43,43,Frozen Ensemble,False,0.0,0.0,0,1691670,0.0,
43,43,Continuously Retrained Ensemble,True,1.7188,1.7254,7800,1308315,0.0,
43,43,Event-Driven Ensemble (Custom Dual-Trigger),False,0.0,0.0,0,1317179,0.0,
43,43,Event-Driven Ensemble (ADWIN),True,1.625,1.6804,7800,1308315,0.0,
43,43,Event-Driven Ensemble (DDM),True,1.5781,1.6458,7800,1308315,0.0,
43,43,Event-Driven Ensemble (EDDM),True,1.625,1.6771,7800,1308315,0.0,
43,43,Event-Driven Ensemble (Page-Hinkley),False,0.0,0.0,0,1289202,0.0,
43,43,Warm-Start Ensemble,False,0.0,0.0,0,725224,0.0,
43,43,Component-Selective Ensemble,False,0.0,0.0,0,1317179,0.0,
43,43,Adaptive Random Forest (river),False,1.9844,2.0577,500,419061,0.0,
43,43,Streaming Random Patches (river),False,5.8594,6.1055,500,3584068,0.0,
43,43,Two-Tier Hybrid Ensemble,False,0.1875,0.2069,0,1404896,0.0,
43,44,Frozen Model,False,0.0,0.0,0,881472,0.0,
43,44,Frozen Ensemble,False,0.0,0.0,0,1691670,0.0,
43,44,Continuously Retrained Ensemble,True,1.6406,1.7262,7800,1329483,0.0,
43,44,Event-Driven Ensemble (Custom Dual-Trigger),False,0.0,0.0,0,1317179,0.0,
43,44,Event-Driven Ensemble (ADWIN),True,1.6875,1.7492,7800,1329483,0.0,
43,44,Event-Driven Ensemble (DDM),True,1.4844,1.538,7800,1329483,0.0,
43,44,Event-Driven Ensemble (EDDM),True,1.3906,1.4402,7800,1329483,0.0,
43,44,Event-Driven Ensemble (Page-Hinkley),True,1.6094,1.8361,7800,1329483,0.0586,
43,44,Warm-Start Ensemble,False,0.0,0.0,0,725224,0.0,
43,44,Component-Selective Ensemble,False,0.0,0.0,0,1317179,0.0,
43,44,Adaptive Random Forest (river),False,2.1406,2.1655,500,859095,0.0,
43,44,Streaming Random Patches (river),False,5.4844,5.7216,500,3858391,0.0,
43,44,Two-Tier Hybrid Ensemble,False,0.1875,0.2249,0,1453146,0.0,
43,45,Frozen Model,False,0.0,0.0,0,881472,0.0,
43,45,Frozen Ensemble,False,0.0,0.0,0,1691670,0.0,
43,45,Continuously Retrained Ensemble,True,1.4688,1.5067,7800,1320443,0.0,
43,45,Event-Driven Ensemble (Custom Dual-Trigger),False,0.0,0.0,0,1317179,0.0,
43,45,Event-Driven Ensemble (ADWIN),True,1.3438,1.4,7800,1320443,0.0,
43,45,Event-Driven Ensemble (DDM),False,0.0,0.0,0,1329483,0.0,
43,45,Event-Driven Ensemble (EDDM),True,1.5938,1.678,7800,1320443,0.0,
43,45,Event-Driven Ensemble (Page-Hinkley),True,1.6719,1.7738,7800,1320443,0.0,
43,45,Warm-Start Ensemble,True,0.3438,0.434,1500,647519,0.0,
43,45,Component-Selective Ensemble,False,0.0,0.0,0,1317179,0.0,
43,45,Adaptive Random Forest (river),False,1.7188,2.2944,500,510792,0.0,
43,45,Streaming Random Patches (river),False,3.375,3.5157,500,857868,0.0,
43,45,Two-Tier Hybrid Ensemble,False,0.2344,0.2527,0,1485782,0.0,
43,46,Frozen Model,False,0.0,0.0,0,881472,0.0,
43,46,Frozen Ensemble,False,0.0,0.0,0,1691670,0.0,
43,46,Continuously Retrained Ensemble,True,1.3281,1.358,7800,1305963,0.125,
43,46,Event-Driven Ensemble (Custom Dual-Trigger),False,0.0,0.0,0,1317179,0.0,
43,46,Event-Driven Ensemble (ADWIN),True,1.4062,1.415,7800,1305963,0.0,
43,46,Event-Driven Ensemble (DDM),True,1.5469,1.6547,7800,1305963,0.0,
43,46,Event-Driven Ensemble (EDDM),True,1.5469,1.5486,7800,1305963,0.0,
43,46,Event-Driven Ensemble (Page-Hinkley),False,0.0,0.0,0,1320443,0.0,
43,46,Warm-Start Ensemble,False,0.0,0.0,0,647519,0.0,
43,46,Component-Selective Ensemble,False,0.0,0.0,0,1317179,0.0,
43,46,Adaptive Random Forest (river),False,1.6406,1.7027,500,1866880,0.0,
43,46,Streaming Random Patches (river),False,4.1406,4.3255,500,1949955,0.0,
43,46,Two-Tier Hybrid Ensemble,False,0.2031,0.2001,0,1519018,0.0,
43,47,Frozen Model,False,0.0,0.0,0,881472,0.0,
43,47,Frozen Ensemble,False,0.0,0.0,0,1691670,0.00390625,
43,47,Continuously Retrained Ensemble,True,1.3438,1.4128,7800,1303899,0.0,
43,47,Event-Driven Ensemble (Custom Dual-Trigger),False,0.0,0.0,0,1317179,0.0,
43,47,Event-Driven Ensemble (ADWIN),True,1.4062,1.405,7800,1303899,0.0,
43,47,Event-Driven Ensemble (DDM),True,1.2812,1.3643,7800,1303899,0.0,
43,47,Event-Driven Ensemble (EDDM),True,1.375,1.4262,7800,1303899,0.0,
43,47,Event-Driven Ensemble (Page-Hinkley),True,1.375,1.4686,7800,1303899,0.0,
43,47,Warm-Start Ensemble,False,0.0,0.0,0,647519,0.0,
43,47,Component-Selective Ensemble,False,0.0,0.0,0,1317179,0.0,
43,47,Adaptive Random Forest (river),False,1.6406,1.715,500,466029,0.0,
43,47,Streaming Random Patches (river),False,4.0938,4.1773,500,2448836,0.0,
43,47,Two-Tier Hybrid Ensemble,False,0.2344,0.2526,0,1486766,0.0,
43,48,Frozen Model,False,0.0,0.0,0,881472,0.0,
43,48,Frozen Ensemble,False,0.0,0.0,0,1691670,0.0,
43,48,Continuously Retrained Ensemble,True,1.4844,1.4844,7800,1325451,0.0,
43,48,Event-Driven Ensemble (Custom Dual-Trigger),True,1.625,1.6945,7800,1325451,0.0,
43,48,Event-Driven Ensemble (ADWIN),False,0.0,0.0,0,1303899,0.0,
43,48,Event-Driven Ensemble (DDM),True,1.5938,1.9127,7800,1325451,0.0,
43,48,Event-Driven Ensemble (EDDM),True,1.6719,2.3014,7800,1325451,0.0,
43,48,Event-Driven Ensemble (Page-Hinkley),False,0.0,0.0,0,1303899,0.0,
43,48,Warm-Start Ensemble,True,0.3906,0.4336,1500,702088,0.0,
43,48,Component-Selective Ensemble,True,0.3125,0.3248,1800,1316171,0.0,GB
43,48,Adaptive Random Forest (river),False,2.1875,2.3513,500,2172498,0.0,
43,48,Streaming Random Patches (river),False,5.1562,5.3413,500,3719813,0.0,
43,48,Two-Tier Hybrid Ensemble,True,1.8438,1.9194,7800,1495589,0.0,
43,49,Frozen Model,False,0.0,0.0,0,881472,0.0,
43,49,Frozen Ensemble,False,0.0,0.0,0,1691670,0.0,
43,49,Continuously Retrained Ensemble,True,1.625,1.6438,7800,1310299,0.0,
43,49,Event-Driven Ensemble (Custom Dual-Trigger),True,1.6094,1.6311,7800,1310299,0.0,
43,49,Event-Driven Ensemble (ADWIN),True,1.5469,1.5594,7800,1310299,0.0,
43,49,Event-Driven Ensemble (DDM),False,0.0,0.0,0,1325451,0.0,
43,49,Event-Driven Ensemble (EDDM),False,0.0,0.0,0,1325451,0.0,
43,49,Event-Driven Ensemble (Page-Hinkley),False,0.0,0.0,0,1303899,0.0,
43,49,Warm-Start Ensemble,True,0.3125,0.3204,1500,761409,0.0,
43,49,Component-Selective Ensemble,True,0.4375,0.5342,1800,1317179,0.0,GB
43,49,Adaptive Random Forest (river),False,2.0312,2.064,500,378298,0.0,
43,49,Streaming Random Patches (river),False,4.7344,4.9046,500,4519708,0.0,
43,49,Two-Tier Hybrid Ensemble,True,1.625,1.6397,7800,1479984,0.0,
43,50,Frozen Model,False,0.0,0.0,0,881472,0.0,
43,50,Frozen Ensemble,False,0.0,0.0,0,1691670,0.0,
43,50,Continuously Retrained Ensemble,True,1.375,1.4349,7800,1316843,0.0,
43,50,Event-Driven Ensemble (Custom Dual-Trigger),False,0.0,0.0,0,1310299,0.0,
43,50,Event-Driven Ensemble (ADWIN),True,1.5156,1.5277,7800,1316843,0.0,
43,50,Event-Driven Ensemble (DDM),False,0.0,0.0,0,1325451,0.0,
43,50,Event-Driven Ensemble (EDDM),False,0.0,0.0,0,1325451,0.0,
43,50,Event-Driven Ensemble (Page-Hinkley),True,1.4219,1.4502,7800,1316843,0.0,
43,50,Warm-Start Ensemble,False,0.0,0.0,0,761409,0.0,
43,50,Component-Selective Ensemble,False,0.0,0.0,0,1317179,0.0,
43,50,Adaptive Random Forest (river),False,1.7031,1.7347,500,862592,0.0,
43,50,Streaming Random Patches (river),False,4.1406,4.2911,500,2311687,0.0,
43,50,Two-Tier Hybrid Ensemble,False,0.1562,0.1604,0,1480150,0.0,
43,51,Frozen Model,False,0.0,0.0,0,881472,0.0,
43,51,Frozen Ensemble,False,0.0,0.0,0,1691670,0.0,
43,51,Continuously Retrained Ensemble,True,1.3906,1.4624,7800,1269058,0.0,
43,51,Event-Driven Ensemble (Custom Dual-Trigger),True,1.375,1.4018,7800,1269058,0.0,
43,51,Event-Driven Ensemble (ADWIN),True,1.3906,1.4503,7800,1269058,0.0,
43,51,Event-Driven Ensemble (DDM),True,1.5625,1.5784,7800,1269058,0.0,
43,51,Event-Driven Ensemble (EDDM),True,1.4844,1.5141,7800,1269058,0.0,
43,51,Event-Driven Ensemble (Page-Hinkley),False,0.0,0.0,0,1316843,0.0,
43,51,Warm-Start Ensemble,True,0.3438,0.3471,1500,717544,0.0,
43,51,Component-Selective Ensemble,True,0.25,0.2554,1800,1315307,0.0,GB
43,51,Adaptive Random Forest (river),False,1.7188,1.795,500,385629,0.0,
43,51,Streaming Random Patches (river),False,3.4375,3.5171,500,1910402,0.0,
43,51,Two-Tier Hybrid Ensemble,True,1.5469,1.5687,7800,1471219,0.0,
43,52,Frozen Model,False,0.0,0.0,0,881472,0.0,
43,52,Frozen Ensemble,False,0.0,0.0,0,1691670,0.0,
43,52,Continuously Retrained Ensemble,True,1.375,1.408,7800,1269746,0.0,
43,52,Event-Driven Ensemble (Custom Dual-Trigger),False,0.0,0.0,0,1269058,0.0,
43,52,Event-Driven Ensemble (ADWIN),False,0.0,0.0,0,1269058,0.0,
43,52,Event-Driven Ensemble (DDM),True,1.4375,1.4735,7800,1269746,0.0,
43,52,Event-Driven Ensemble (EDDM),True,1.3438,1.429,7800,1269746,0.0,
43,52,Event-Driven Ensemble (Page-Hinkley),False,0.0,0.0,0,1316843,0.0,
43,52,Warm-Start Ensemble,False,0.0,0.0,0,717544,0.0,
43,52,Component-Selective Ensemble,False,0.0,0.0,0,1315307,0.0,
43,52,Adaptive Random Forest (river),False,2.0312,2.0893,500,1240991,0.0,
43,52,Streaming Random Patches (river),False,4.0,4.1462,500,2985532,0.0,
43,52,Two-Tier Hybrid Ensemble,False,0.1875,0.2485,0,1472462,0.0,
43,53,Frozen Model,False,0.0,0.0,0,881472,0.0,
43,53,Frozen Ensemble,False,0.0,0.0,0,1691670,0.0,
43,53,Continuously Retrained Ensemble,True,1.6094,1.7696,7800,1252585,0.0,
43,53,Event-Driven Ensemble (Custom Dual-Trigger),True,1.6719,1.8479,7800,1252585,0.0,
43,53,Event-Driven Ensemble (ADWIN),True,1.8438,1.8419,7800,1252585,0.0,
43,53,Event-Driven Ensemble (DDM),True,1.6875,1.7113,7800,1252585,0.0,
43,53,Event-Driven Ensemble (EDDM),True,1.7031,1.7649,7800,1252585,0.0,
43,53,Event-Driven Ensemble (Page-Hinkley),True,1.6875,1.7408,7800,1252585,0.0,
43,53,Warm-Start Ensemble,True,0.4062,0.4133,1500,664497,0.0,
43,53,Component-Selective Ensemble,True,0.8438,0.9601,7800,1252585,0.0,"RF,ET,GB"
43,53,Adaptive Random Forest (river),False,2.6094,2.694,500,553058,0.0,
43,53,Streaming Random Patches (river),False,4.6562,4.9512,500,3913720,0.0,
43,53,Two-Tier Hybrid Ensemble,True,1.7656,1.8089,7800,1455931,0.0,
43,54,Frozen Model,False,0.0,0.0,0,881472,0.0,
43,54,Frozen Ensemble,False,0.0,0.0,0,1691670,0.0,
43,54,Continuously Retrained Ensemble,True,1.5938,1.6337,7800,1241314,0.0,
43,54,Event-Driven Ensemble (Custom Dual-Trigger),False,0.0,0.0,0,1252585,0.0,
43,54,Event-Driven Ensemble (ADWIN),True,1.3906,1.4607,7800,1241314,0.0156,
43,54,Event-Driven Ensemble (DDM),True,1.4531,1.4884,7800,1241314,0.0,
43,54,Event-Driven Ensemble (EDDM),True,1.3594,1.4521,7800,1241314,0.0,
43,54,Event-Driven Ensemble (Page-Hinkley),False,0.0,0.0,0,1252585,0.0,
43,54,Warm-Start Ensemble,False,0.0,0.0,0,664497,0.0,
43,54,Component-Selective Ensemble,False,0.0,0.0,0,1252585,0.0,
43,54,Adaptive Random Forest (river),False,1.8906,1.9774,500,472563,0.0,
43,54,Streaming Random Patches (river),False,4.9531,5.2193,500,4436782,0.0,
43,54,Two-Tier Hybrid Ensemble,False,0.1406,0.1514,0,1487845,0.0,
43,55,Frozen Model,False,0.0,0.0,0,881472,0.0,
43,55,Frozen Ensemble,False,0.0,0.0,0,1691670,0.0,
43,55,Continuously Retrained Ensemble,True,1.3594,1.4088,7800,1239593,0.0,
43,55,Event-Driven Ensemble (Custom Dual-Trigger),True,1.625,1.6444,7800,1239593,0.0,
43,55,Event-Driven Ensemble (ADWIN),True,1.6875,1.8303,7800,1239593,0.0,
43,55,Event-Driven Ensemble (DDM),True,1.7344,1.7888,7800,1239593,0.0,
43,55,Event-Driven Ensemble (EDDM),True,1.7031,1.8141,7800,1239593,0.0,
43,55,Event-Driven Ensemble (Page-Hinkley),False,0.0,0.0,0,1252585,0.0,
43,55,Warm-Start Ensemble,True,0.3281,0.3119,1500,671041,0.0,
43,55,Component-Selective Ensemble,True,0.7031,0.7221,7800,1239593,0.0,"RF,ET,GB"
43,55,Adaptive Random Forest (river),False,1.7969,1.9136,500,400718,0.0,
43,55,Streaming Random Patches (river),False,4.2812,4.4354,500,2106356,0.0,
43,55,Two-Tier Hybrid Ensemble,True,1.7188,1.7818,7800,1506949,0.0,
43,56,Frozen Model,False,0.0,0.0,0,881472,0.0,
43,56,Frozen Ensemble,False,0.0,0.0,0,1691670,0.0,
43,56,Continuously Retrained Ensemble,True,1.5156,1.5379,7800,1290386,0.0,
43,56,Event-Driven Ensemble (Custom Dual-Trigger),False,0.0,0.0,0,1239593,0.0,
43,56,Event-Driven Ensemble (ADWIN),True,1.4062,1.4317,7800,1290386,0.0,
43,56,Event-Driven Ensemble (DDM),True,1.4219,1.4092,7800,1290386,0.0,
43,56,Event-Driven Ensemble (EDDM),True,1.3125,1.4016,7800,1290386,0.0,
43,56,Event-Driven Ensemble (Page-Hinkley),False,0.0,0.0,0,1252585,0.0,
43,56,Warm-Start Ensemble,False,0.0,0.0,0,671041,0.0,
43,56,Component-Selective Ensemble,False,0.0,0.0,0,1239593,0.0,
43,56,Adaptive Random Forest (river),False,1.7031,1.7499,500,446342,0.0,
43,56,Streaming Random Patches (river),False,3.0156,3.2665,500,1952168,0.0,
43,56,Two-Tier Hybrid Ensemble,False,0.2812,0.2841,0,1506554,0.0,
43,57,Frozen Model,False,0.0,0.0,0,881472,0.0,
43,57,Frozen Ensemble,False,0.0,0.0,0,1691670,0.0,
43,57,Continuously Retrained Ensemble,True,1.5312,1.5256,7800,1288194,0.0,
43,57,Event-Driven Ensemble (Custom Dual-Trigger),False,0.0,0.0,0,1239593,0.0,
43,57,Event-Driven Ensemble (ADWIN),True,1.5781,1.6841,7800,1288194,0.0,
43,57,Event-Driven Ensemble (DDM),True,1.5,1.5776,7800,1288194,0.0,
43,57,Event-Driven Ensemble (EDDM),True,1.3438,1.4,7800,1288194,0.0,
43,57,Event-Driven Ensemble (Page-Hinkley),True,1.3594,1.4251,7800,1288194,0.0,
43,57,Warm-Start Ensemble,False,0.0,0.0,0,671041,0.0,
43,57,Component-Selective Ensemble,False,0.0,0.0,0,1239593,0.0,
43,57,Adaptive Random Forest (river),False,1.8438,1.9256,500,1909698,0.0,
43,57,Streaming Random Patches (river),False,3.625,3.638,500,1205719,0.0,
43,57,Two-Tier Hybrid Ensemble,False,0.25,0.2295,0,1507827,0.0,
43,58,Frozen Model,False,0.0,0.0,0,881472,0.0,
43,58,Frozen Ensemble,False,0.0,0.0,0,1691670,0.0,
43,58,Continuously Retrained Ensemble,True,1.4219,1.4876,7800,1281330,0.0,
43,58,Event-Driven Ensemble (Custom Dual-Trigger),False,0.0,0.0,0,1239593,0.0,
43,58,Event-Driven Ensemble (ADWIN),True,1.4219,1.451,7800,1281330,0.0,
43,58,Event-Driven Ensemble (DDM),False,0.0,0.0,0,1288194,0.0,
43,58,Event-Driven Ensemble (EDDM),True,1.4219,1.4094,7800,1281330,0.0,
43,58,Event-Driven Ensemble (Page-Hinkley),False,0.0,0.0,0,1288194,0.0,
43,58,Warm-Start Ensemble,True,0.2812,0.2858,1500,719546,0.0,
43,58,Component-Selective Ensemble,False,0.0,0.0,0,1239593,0.0,
43,58,Adaptive Random Forest (river),False,1.6562,1.687,500,663402,0.0,
43,58,Streaming Random Patches (river),False,3.7031,3.7778,500,2603473,0.0,
43,58,Two-Tier Hybrid Ensemble,False,0.2812,0.2983,0,1539925,0.0,
43,59,Frozen Model,False,0.0,0.0,0,881472,0.0,
43,59,Frozen Ensemble,False,0.0,0.0,0,1691670,0.0,
43,59,Continuously Retrained Ensemble,True,1.3906,1.467,7800,1180944,0.0,
43,59,Event-Driven Ensemble (Custom Dual-Trigger),True,1.3438,1.3922,7800,1180944,0.0,
43,59,Event-Driven Ensemble (ADWIN),True,1.3438,1.379,7800,1180944,0.0,
43,59,Event-Driven Ensemble (DDM),False,0.0,0.0,0,1288194,0.0,
43,59,Event-Driven Ensemble (EDDM),True,1.4219,1.4575,7800,1180944,0.0,
43,59,Event-Driven Ensemble (Page-Hinkley),True,1.2969,1.3816,7800,1180944,0.0,
43,59,Warm-Start Ensemble,True,0.25,0.2636,1500,575640,0.0,
43,59,Component-Selective Ensemble,True,0.3438,0.3436,3500,1211913,0.0,RF
43,59,Adaptive Random Forest (river),False,1.4844,1.4987,500,567428,0.0,
43,59,Streaming Random Patches (river),False,3.2188,3.3541,500,912316,0.0,
43,59,Two-Tier Hybrid Ensemble,True,1.5,1.6261,7800,1251319,0.0,
44,0,Frozen Model,False,0.0,0.0,0,900672,0.0,
44,0,Frozen Ensemble,False,0.0,0.0,0,1717110,0.0,
44,0,Continuously Retrained Ensemble,True,1.5312,1.5551,7800,1277730,0.0,
44,0,Event-Driven Ensemble (Custom Dual-Trigger),True,1.5,1.6459,7800,1277730,0.0,
44,0,Event-Driven Ensemble (ADWIN),True,1.4531,1.6109,7800,1277730,0.0039,
44,0,Event-Driven Ensemble (DDM),True,1.5781,1.6988,7800,1277730,0.0078,
44,0,Event-Driven Ensemble (EDDM),True,1.5,1.7082,7800,1277730,0.0039,
44,0,Event-Driven Ensemble (Page-Hinkley),False,0.0,0.0,0,1717110,0.0,
44,0,Warm-Start Ensemble,True,0.2656,0.2942,1500,1341481,0.0,
44,0,Component-Selective Ensemble,True,0.3594,0.3559,3500,1449234,0.0,RF
44,0,Adaptive Random Forest (river),False,1.5781,1.631,500,300478,0.0,
44,0,Streaming Random Patches (river),False,4.25,4.4221,500,2864725,0.0,
44,0,Two-Tier Hybrid Ensemble,True,1.5312,1.6121,7800,1415267,0.0,
44,1,Frozen Model,False,0.0,0.0,0,900672,0.0,
44,1,Frozen Ensemble,False,0.0,0.0,0,1717110,0.0,
44,1,Continuously Retrained Ensemble,True,1.3906,1.4528,7800,1276466,0.0039,
44,1,Event-Driven Ensemble (Custom Dual-Trigger),False,0.0,0.0,0,1277730,0.0,
44,1,Event-Driven Ensemble (ADWIN),True,1.3906,1.4315,7800,1276466,0.0,
44,1,Event-Driven Ensemble (DDM),True,1.3438,1.4072,7800,1276466,0.0,
44,1,Event-Driven Ensemble (EDDM),True,1.4219,1.4763,7800,1276466,0.0,
44,1,Event-Driven Ensemble (Page-Hinkley),False,0.0,0.0,0,1717110,0.0,
44,1,Warm-Start Ensemble,False,0.0,0.0,0,1341481,0.0,
44,1,Component-Selective Ensemble,False,0.0,0.0,0,1449234,0.0,
44,1,Adaptive Random Forest (river),False,1.8281,1.845,500,1288686,0.0,
44,1,Streaming Random Patches (river),False,4.3594,4.489,500,4304370,0.0,
44,1,Two-Tier Hybrid Ensemble,False,0.2031,0.2039,0,1479148,0.0,
44,2,Frozen Model,False,0.0,0.0,0,900672,0.0,
44,2,Frozen Ensemble,False,0.0,0.0,0,1717110,0.00390625,
44,2,Continuously Retrained Ensemble,True,1.3906,1.4002,7800,1270674,0.0,
44,2,Event-Driven Ensemble (Custom Dual-Trigger),True,1.3281,1.376,7800,1270674,0.0,
44,2,Event-Driven Ensemble (ADWIN),True,1.625,1.6281,7800,1270674,0.0,
44,2,Event-Driven Ensemble (DDM),True,1.625,1.7021,7800,1270674,0.0,
44,2,Event-Driven Ensemble (EDDM),True,1.3906,1.4255,7800,1270674,0.0,
44,2,Event-Driven Ensemble (Page-Hinkley),True,1.4688,1.482,7800,1270674,0.0,
44,2,Warm-Start Ensemble,True,0.2812,0.2929,1500,889834,0.0,
44,2,Component-Selective Ensemble,True,0.6719,0.7065,7800,1270674,0.0,"RF,ET,GB"
44,2,Adaptive Random Forest (river),False,1.6562,1.7017,500,337926,0.0,
44,2,Streaming Random Patches (river),False,4.3906,4.5131,500,3246872,0.0,
44,2,Two-Tier Hybrid Ensemble,True,1.6406,1.6921,7800,1503832,0.0,
44,3,Frozen Model,False,0.0,0.0,0,900672,0.0,
44,3,Frozen Ensemble,False,0.0,0.0,0,1717110,0.0,
44,3,Continuously Retrained Ensemble,True,1.375,1.3877,7800,1272194,0.0,
44,3,Event-Driven Ensemble (Custom Dual-Trigger),False,0.0,0.0,0,1270674,0.0,
44,3,Event-Driven Ensemble (ADWIN),False,0.0,0.0,0,1270674,0.0,
44,3,Event-Driven Ensemble (DDM),True,1.3281,1.3931,7800,1272194,0.0,
44,3,Event-Driven Ensemble (EDDM),True,1.3594,1.3613,7800,1272194,0.0,
44,3,Event-Driven Ensemble (Page-Hinkley),False,0.0,0.0,0,1270674,0.0,
44,3,Warm-Start Ensemble,False,0.0,0.0,0,889834,0.0,
44,3,Component-Selective Ensemble,False,0.0,0.0,0,1270674,0.0,
44,3,Adaptive Random Forest (river),False,1.6406,1.6838,500,821395,0.0,
44,3,Streaming Random Patches (river),False,4.4219,4.6701,500,3890316,0.0,
44,3,Two-Tier Hybrid Ensemble,False,0.1875,0.1978,0,1308029,0.0,
44,4,Frozen Model,False,0.0,0.0,0,900672,0.0,
44,4,Frozen Ensemble,False,0.0,0.0,0,1717110,0.0,
44,4,Continuously Retrained Ensemble,True,1.3438,1.3543,7800,1281506,0.0,
44,4,Event-Driven Ensemble (Custom Dual-Trigger),False,0.0,0.0,0,1270674,0.0,
44,4,Event-Driven Ensemble (ADWIN),True,1.4219,1.4772,7800,1281506,0.0039,
44,4,Event-Driven Ensemble (DDM),True,1.375,1.4515,7800,1281506,0.0,
44,4,Event-Driven Ensemble (EDDM),True,1.4219,1.4811,7800,1281506,0.0,
44,4,Event-Driven Ensemble (Page-Hinkley),True,1.3281,1.3651,7800,1281506,0.0,
44,4,Warm-Start Ensemble,False,0.0,0.0,0,889834,0.0,
44,4,Component-Selective Ensemble,False,0.0,0.0,0,1270674,0.0,
44,4,Adaptive Random Forest (river),False,1.8906,1.9498,500,851068,0.0,
44,4,Streaming Random Patches (river),False,5.0,5.2866,500,4242599,0.0,
44,4,Two-Tier Hybrid Ensemble,False,0.0625,0.0731,0,1308527,0.0,
44,5,Frozen Model,False,0.0,0.0,0,900672,0.0,
44,5,Frozen Ensemble,False,0.0,0.0,0,1717110,0.0,
44,5,Continuously Retrained Ensemble,True,1.375,1.4298,7800,1273954,0.0117,
44,5,Event-Driven Ensemble (Custom Dual-Trigger),True,1.3906,1.4081,7800,1273954,0.0,
44,5,Event-Driven Ensemble (ADWIN),True,1.4688,1.4447,7800,1273954,0.0,
44,5,Event-Driven Ensemble (DDM),False,0.0,0.0,0,1281506,0.0,
44,5,Event-Driven Ensemble (EDDM),True,1.5,1.5408,7800,1273954,0.0,
44,5,Event-Driven Ensemble (Page-Hinkley),True,1.4375,1.461,7800,1273954,0.0,
44,5,Warm-Start Ensemble,True,0.2656,0.2833,1500,654689,0.0,
44,5,Component-Selective Ensemble,True,0.7969,0.9674,7800,1273954,0.0,"RF,ET,GB"
44,5,Adaptive Random Forest (river),False,1.6094,1.66,500,488145,0.0,
44,5,Streaming Random Patches (river),False,3.3438,3.52,500,2185727,0.0,
44,5,Two-Tier Hybrid Ensemble,True,1.5156,1.5891,7800,1311880,0.0,
44,6,Frozen Model,False,0.0,0.0,0,900672,0.0,
44,6,Frozen Ensemble,False,0.0,0.0,0,1717110,0.0,
44,6,Continuously Retrained Ensemble,True,1.4531,1.5092,7800,1298171,0.0,
44,6,Event-Driven Ensemble (Custom Dual-Trigger),False,0.0,0.0,0,1273954,0.0,
44,6,Event-Driven Ensemble (ADWIN),True,1.4062,1.4163,7800,1298171,0.0,
44,6,Event-Driven Ensemble (DDM),True,1.375,1.4186,7800,1298171,0.0039,
44,6,Event-Driven Ensemble (EDDM),True,1.3438,1.3695,7800,1298171,0.0,
44,6,Event-Driven Ensemble (Page-Hinkley),False,0.0,0.0,0,1273954,0.0,
44,6,Warm-Start Ensemble,False,0.0,0.0,0,654689,0.0,
44,6,Component-Selective Ensemble,False,0.0,0.0,0,1273954,0.0,
44,6,Adaptive Random Forest (river),False,1.9844,1.988,500,544301,0.0,
44,6,Streaming Random Patches (river),False,3.9375,4.0228,500,3093963,0.0,
44,6,Two-Tier Hybrid Ensemble,False,0.1406,0.1515,0,1376025,0.0,
44,7,Frozen Model,False,0.0,0.0,0,900672,0.0,
44,7,Frozen Ensemble,False,0.0,0.0,0,1717110,0.0,
44,7,Continuously Retrained Ensemble,True,1.4062,1.4031,7800,1287106,0.0,
44,7,Event-Driven Ensemble (Custom Dual-Trigger),False,0.0,0.0,0,1273954,0.0,
44,7,Event-Driven Ensemble (ADWIN),True,1.4062,1.4626,7800,1287106,0.0078,
44,7,Event-Driven Ensemble (DDM),True,1.5938,1.6548,7800,1287106,0.0117,
44,7,Event-Driven Ensemble (EDDM),True,1.4062,1.4123,7800,1287106,0.0,
44,7,Event-Driven Ensemble (Page-Hinkley),False,0.0,0.0,0,1273954,0.0,
44,7,Warm-Start Ensemble,False,0.0,0.0,0,654689,0.0,
44,7,Component-Selective Ensemble,False,0.0,0.0,0,1273954,0.0,
44,7,Adaptive Random Forest (river),False,1.7969,1.8423,500,458609,0.0,
44,7,Streaming Random Patches (river),False,3.875,4.0533,500,3323896,0.0,
44,7,Two-Tier Hybrid Ensemble,False,0.1406,0.1556,0,1376845,0.0,
44,8,Frozen Model,False,0.0,0.0,0,900672,0.0,
44,8,Frozen Ensemble,False,0.0,0.0,0,1717110,0.0,
44,8,Continuously Retrained Ensemble,True,1.375,1.4336,7800,1244569,0.0,
44,8,Event-Driven Ensemble (Custom Dual-Trigger),False,0.0,0.0,0,1273954,0.0,
44,8,Event-Driven Ensemble (ADWIN),True,1.5469,1.6274,7800,1244569,0.0,
44,8,Event-Driven Ensemble (DDM),True,1.4062,1.4638,7800,1244569,0.0,
44,8,Event-Driven Ensemble (EDDM),True,1.375,1.4411,7800,1244569,0.0,
44,8,Event-Driven Ensemble (Page-Hinkley),True,1.4375,1.4876,7800,1244569,0.0,
44,8,Warm-Start Ensemble,False,0.0,0.0,0,654689,0.0,
44,8,Component-Selective Ensemble,False,0.0,0.0,0,1273954,0.0,
44,8,Adaptive Random Forest (river),False,1.9844,2.1097,500,276198,0.0,
44,8,Streaming Random Patches (river),False,4.5938,4.7834,500,3513731,0.0,
44,8,Two-Tier Hybrid Ensemble,False,0.2344,0.2221,0,1376668,0.0,
44,9,Frozen Model,False,0.0,0.0,0,900672,0.0,
44,9,Frozen Ensemble,False,0.0,0.0,0,1717110,0.0,
44,9,Continuously Retrained Ensemble,True,1.5938,1.6975,7800,1189856,0.0117,
44,9,Event-Driven Ensemble (Custom Dual-Trigger),True,1.6094,1.6524,7800,1189856,0.0,
44,9,Event-Driven Ensemble (ADWIN),True,1.3594,1.4041,7800,1189856,0.0,
44,9,Event-Driven Ensemble (DDM),True,1.3281,1.4136,7800,1189856,0.0,
44,9,Event-Driven Ensemble (EDDM),True,1.4062,1.4521,7800,1189856,0.0,
44,9,Event-Driven Ensemble (Page-Hinkley),True,1.4062,1.3995,7800,1189856,0.0,
44,9,Warm-Start Ensemble,True,0.25,0.2711,1500,592872,0.0039,
44,9,Component-Selective Ensemble,True,0.2344,0.2521,1800,1274674,0.0,GB
44,9,Adaptive Random Forest (river),False,1.2812,1.3008,500,432712,0.0,
44,9,Streaming Random Patches (river),False,3.0781,3.1483,500,968903,0.0,
44,9,Two-Tier Hybrid Ensemble,True,1.5156,1.5388,7800,1260041,0.0,
44,10,Frozen Model,False,0.0,0.0,0,900672,0.0,
44,10,Frozen Ensemble,False,0.0,0.0,0,1717110,0.0,
44,10,Continuously Retrained Ensemble,True,1.3438,1.3682,7800,1212377,0.0,
44,10,Event-Driven Ensemble (Custom Dual-Trigger),True,1.4375,1.4605,7800,1212377,0.0,
44,10,Event-Driven Ensemble (ADWIN),True,1.4219,1.4613,7800,1212377,0.0,
44,10,Event-Driven Ensemble (DDM),True,1.6094,1.6336,7800,1212377,0.0,
44,10,Event-Driven Ensemble (EDDM),True,1.6875,1.9239,7800,1212377,0.0,
44,10,Event-Driven Ensemble (Page-Hinkley),False,0.0,0.0,0,1189856,0.0,
44,10,Warm-Start Ensemble,False,0.0,0.0,0,592872,0.0,
44,10,Component-Selective Ensemble,True,0.7031,0.7473,7800,1212377,0.0,"RF,ET,GB"
44,10,Adaptive Random Forest (river),False,1.9219,1.9749,500,898444,0.0,
44,10,Streaming Random Patches (river),False,4.125,4.4083,500,2227376,0.0,
44,10,Two-Tier Hybrid Ensemble,True,1.7344,1.8012,7800,1283229,0.0,
44,11,Frozen Model,False,0.0,0.0,0,900672,0.0,
44,11,Frozen Ensemble,False,0.0,0.0,0,1717110,0.0,
44,11,Continuously Retrained Ensemble,True,1.5625,1.6497,7800,1195433,0.0,
44,11,Event-Driven Ensemble (Custom Dual-Trigger),False,0.0,0.0,0,1212377,0.0,
44,11,Event-Driven Ensemble (ADWIN),True,1.625,1.6754,7800,1195433,0.0,
44,11,Event-Driven Ensemble (DDM),True,1.6406,1.8465,7800,1195433,0.0,
44,11,Event-Driven Ensemble (EDDM),True,1.4531,1.5894,7800,1195433,0.0,
44,11,Event-Driven Ensemble (Page-Hinkley),False,0.0,0.0,0,1189856,0.0,
44,11,Warm-Start Ensemble,False,0.0,0.0,0,592872,0.0,
44,11,Component-Selective Ensemble,False,0.0,0.0,0,1212377,0.0,
44,11,Adaptive Random Forest (river),False,2.8594,3.1377,500,719340,0.0,
44,11,Streaming Random Patches (river),False,5.875,6.1421,500,3909156,0.0,
44,11,Two-Tier Hybrid Ensemble,False,0.1094,0.1095,0,1283809,0.0,
44,12,Frozen Model,False,0.0,0.0,0,900672,0.0,
44,12,Frozen Ensemble,False,0.0,0.0,0,1717110,0.0,
44,12,Continuously Retrained Ensemble,True,1.6719,1.688,7800,1230665,0.0,
44,12,Event-Driven Ensemble (Custom Dual-Trigger),True,1.7031,1.7642,7800,1230665,0.0,
44,12,Event-Driven Ensemble (ADWIN),True,1.6562,1.8038,7800,1230665,0.0,
44,12,Event-Driven Ensemble (DDM),True,1.7656,1.9216,7800,1230665,0.0039,
44,12,Event-Driven Ensemble (EDDM),True,1.7031,1.8243,7800,1230665,0.0,
44,12,Event-Driven Ensemble (Page-Hinkley),False,0.0,0.0,0,1189856,0.0,
44,12,Warm-Start Ensemble,True,0.375,0.3761,1500,591272,0.0039,
44,12,Component-Selective Ensemble,True,0.125,0.1251,2500,1252066,0.0,ET
44,12,Adaptive Random Forest (river),False,2.0469,2.1176,500,435930,0.0,
44,12,Streaming Random Patches (river),False,5.75,5.9227,500,4983738,0.0039,
44,12,Two-Tier Hybrid Ensemble,True,1.7969,1.8351,7800,1333505,0.0,
44,13,Frozen Model,False,0.0,0.0,0,900672,0.0,
44,13,Frozen Ensemble,False,0.0,0.0,0,1717110,0.0,
44,13,Continuously Retrained Ensemble,True,1.5625,1.5886,7800,1212377,0.0078,
44,13,Event-Driven Ensemble (Custom Dual-Trigger),True,1.5,1.5168,7800,1212377,0.0,
44,13,Event-Driven Ensemble (ADWIN),True,1.6406,1.6785,7800,1212377,0.0,
44,13,Event-Driven Ensemble (DDM),False,0.0,0.0,0,1230665,0.0,
44,13,Event-Driven Ensemble (EDDM),True,1.625,1.694,7800,1212377,0.0,
44,13,Event-Driven Ensemble (Page-Hinkley),True,1.7188,1.7578,7800,1212377,0.0,
44,13,Warm-Start Ensemble,True,0.3125,0.3214,1500,533647,0.0,
44,13,Component-Selective Ensemble,True,0.1094,0.1014,2500,1230137,0.0,ET
44,13,Adaptive Random Forest (river),False,1.7188,1.7853,500,546220,0.0,
44,13,Streaming Random Patches (river),False,4.8906,5.1553,500,1624576,0.0,
44,13,Two-Tier Hybrid Ensemble,True,1.7969,1.891,7800,1315448,0.0,
44,14,Frozen Model,False,0.0,0.0,0,900672,0.0,
44,14,Frozen Ensemble,False,0.0,0.0,0,1717110,0.0,
44,14,Continuously Retrained Ensemble,True,1.6562,1.6982,7800,1250313,0.0,
44,14,Event-Driven Ensemble (Custom Dual-Trigger),True,1.5938,1.7057,7800,1250313,0.0,
44,14,Event-Driven Ensemble (ADWIN),True,1.5625,1.5526,7800,1250313,0.0,
44,14,Event-Driven Ensemble (DDM),True,1.4375,1.5207,7800,1250313,0.0,
44,14,Event-Driven Ensemble (EDDM),True,1.4062,1.4434,7800,1250313,0.0,
44,14,Event-Driven Ensemble (Page-Hinkley),True,1.5469,1.7297,7800,1250313,0.0,
44,14,Warm-Start Ensemble,True,0.375,0.3914,1500,635057,0.0,
44,14,Component-Selective Ensemble,True,0.0938,0.0945,2500,1258626,0.0,ET
44,14,Adaptive Random Forest (river),False,2.5625,2.741,500,976426,0.0,
44,14,Streaming Random Patches (river),False,4.0156,4.2686,500,1292426,0.0,
44,14,Two-Tier Hybrid Ensemble,True,1.5469,1.6142,7800,1352505,0.0,
44,15,Frozen Model,False,0.0,0.0,0,900672,0.0,
44,15,Frozen Ensemble,False,0.0,0.0,0,1717110,0.0,
44,15,Continuously Retrained Ensemble,True,1.5625,1.6113,7800,1222329,0.0,
44,15,Event-Driven Ensemble (Custom Dual-Trigger),False,0.0,0.0,0,1250313,0.0,
44,15,Event-Driven Ensemble (ADWIN),True,1.375,1.3849,7800,1222329,0.0,
44,15,Event-Driven Ensemble (DDM),False,0.0,0.0,0,1250313,0.0,
44,15,Event-Driven Ensemble (EDDM),True,1.3125,1.4105,7800,1222329,0.0,
44,15,Event-Driven Ensemble (Page-Hinkley),False,0.0,0.0,0,1250313,0.0,
44,15,Warm-Start Ensemble,False,0.0,0.0,0,635057,0.0,
44,15,Component-Selective Ensemble,False,0.0,0.0,0,1258626,0.0,
44,15,Adaptive Random Forest (river),False,1.7188,1.8773,500,245842,0.0,
44,15,Streaming Random Patches (river),False,3.7188,3.8338,500,1969866,0.0,
44,15,Two-Tier Hybrid Ensemble,False,0.1094,0.1079,0,1321042,0.0,
44,16,Frozen Model,False,0.0,0.0,0,900672,0.0,
44,16,Frozen Ensemble,False,0.0,0.0,0,1717110,0.0,
44,16,Continuously Retrained Ensemble,True,1.3906,1.4145,7800,1227881,0.0,
44,16,Event-Driven Ensemble (Custom Dual-Trigger),False,0.0,0.0,0,1250313,0.0,
44,16,Event-Driven Ensemble (ADWIN),False,0.0,0.0,0,1222329,0.0,
44,16,Event-Driven Ensemble (DDM),True,1.3906,1.4224,7800,1227881,0.0,
44,16,Event-Driven Ensemble (EDDM),True,1.3438,1.4313,7800,1227881,0.0,
44,16,Event-Driven Ensemble (Page-Hinkley),False,0.0,0.0,0,1250313,0.0,
44,16,Warm-Start Ensemble,False,0.0,0.0,0,635057,0.0,
44,16,Component-Selective Ensemble,False,0.0,0.0,0,1258626,0.0,
44,16,Adaptive Random Forest (river),False,1.6562,1.7223,500,619211,0.0,
44,16,Streaming Random Patches (river),False,3.5469,3.7096,500,2729072,0.0,
44,16,Two-Tier Hybrid Ensemble,False,0.1094,0.1033,0,1321728,0.0,
44,17,Frozen Model,False,0.0,0.0,0,900672,0.0,
44,17,Frozen Ensemble,False,0.0,0.0,0,1717110,0.0,
44,17,Continuously Retrained Ensemble,True,1.4844,1.4958,7800,1209833,0.0,
44,17,Event-Driven Ensemble (Custom Dual-Trigger),False,0.0,0.0,0,1250313,0.0,
44,17,Event-Driven Ensemble (ADWIN),True,1.6719,1.7326,7800,1209833,0.0,
44,17,Event-Driven Ensemble (DDM),True,1.3906,1.4423,7800,1209833,0.0,
44,17,Event-Driven Ensemble (EDDM),True,1.3594,1.4155,7800,1209833,0.0,
44,17,Event-Driven Ensemble (Page-Hinkley),True,1.4062,1.4276,7800,1209833,0.0,
44,17,Warm-Start Ensemble,True,0.25,0.2637,1500,765699,0.0,
44,17,Component-Selective Ensemble,True,0.3125,0.3018,3500,1262786,0.0,RF
44,17,Adaptive Random Forest (river),False,1.8438,1.9141,500,1393771,0.0,
44,17,Streaming Random Patches (river),False,4.3906,4.5236,500,2010335,0.0,
44,17,Two-Tier Hybrid Ensemble,False,0.1094,0.1093,0,1321091,0.0,
44,18,Frozen Model,False,0.0,0.0,0,900672,0.0,
44,18,Frozen Ensemble,False,0.0,0.0,0,1717110,0.0,
44,18,Continuously Retrained Ensemble,True,1.4062,1.4016,7800,1225545,0.0,
44,18,Event-Driven Ensemble (Custom Dual-Trigger),True,1.3281,1.4266,7800,1225545,0.0,
44,18,Event-Driven Ensemble (ADWIN),True,1.3906,1.4458,7800,1225545,0.0,
44,18,Event-Driven Ensemble (DDM),True,1.4219,1.5117,7800,1225545,0.0,
44,18,Event-Driven Ensemble (EDDM),True,1.3594,1.3764,7800,1225545,0.0,
44,18,Event-Driven Ensemble (Page-Hinkley),False,0.0,0.0,0,1209833,0.0,
44,18,Warm-Start Ensemble,True,0.3125,0.3039,1500,764035,0.0,
44,18,Component-Selective Ensemble,True,0.6719,0.7081,5300,1253074,0.0039,"RF,GB"
44,18,Adaptive Random Forest (river),False,1.6719,1.7618,500,440583,0.0,
44,18,Streaming Random Patches (river),False,3.7812,4.0287,500,2729672,0.0,
44,18,Two-Tier Hybrid Ensemble,True,1.75,1.7672,7800,1295693,0.0,
44,19,Frozen Model,False,0.0,0.0,0,900672,0.0,
44,19,Frozen Ensemble,False,0.0,0.0,0,1717110,0.0,
44,19,Continuously Retrained Ensemble,True,1.375,1.4711,7800,1237042,0.0,
44,19,Event-Driven Ensemble (Custom Dual-Trigger),False,0.0,0.0,0,1225545,0.0,
44,19,Event-Driven Ensemble (ADWIN),False,0.0,0.0,0,1225545,0.0,
44,19,Event-Driven Ensemble (DDM),True,1.4219,1.4459,7800,1237042,0.0,
44,19,Event-Driven Ensemble (EDDM),True,1.3594,1.3773,7800,1237042,0.0,
44,19,Event-Driven Ensemble (Page-Hinkley),False,0.0,0.0,0,1209833,0.0,
44,19,Warm-Start Ensemble,False,0.0,0.0,0,764035,0.0,
44,19,Component-Selective Ensemble,False,0.0,0.0,0,1253074,0.0,
44,19,Adaptive Random Forest (river),False,2.3594,2.3916,500,1097156,0.0,
44,19,Streaming Random Patches (river),False,5.2812,5.4057,500,3942381,0.0,
44,19,Two-Tier Hybrid Ensemble,False,0.0781,0.0838,0,1296440,0.0,
44,20,Frozen Model,False,0.0,0.0,0,900672,0.0,
44,20,Frozen Ensemble,False,0.0,0.0,0,1717110,0.0,
44,20,Continuously Retrained Ensemble,True,1.3438,1.41,7800,1268930,0.0,
44,20,Event-Driven Ensemble (Custom Dual-Trigger),True,1.4219,1.5091,7800,1268930,0.0,
44,20,Event-Driven Ensemble (ADWIN),True,1.5938,3.427,7800,1268930,0.0,
44,20,Event-Driven Ensemble (DDM),True,1.4844,1.9348,7800,1268930,0.0,
44,20,Event-Driven Ensemble (EDDM),True,1.6562,1.7467,7800,1268930,0.0,
44,20,Event-Driven Ensemble (Page-Hinkley),False,0.0,0.0,0,1209833,0.0,
44,20,Warm-Start Ensemble,True,0.3281,0.3504,1500,666799,0.0,
44,20,Component-Selective Ensemble,True,0.2969,0.3037,3500,1288914,0.0,RF
44,20,Adaptive Random Forest (river),False,1.8438,1.8602,500,347503,0.0,
44,20,Streaming Random Patches (river),False,3.875,3.959,500,3199640,0.0,
44,20,Two-Tier Hybrid Ensemble,True,1.4375,1.4839,7800,1340428,0.0,
44,21,Frozen Model,False,0.0,0.0,0,900672,0.0,
44,21,Frozen Ensemble,False,0.0,0.0,0,1717110,0.0,
44,21,Continuously Retrained Ensemble,True,1.4219,1.4476,7800,1281314,0.0039,
44,21,Event-Driven Ensemble (Custom Dual-Trigger),False,0.0,0.0,0,1268930,0.0,
44,21,Event-Driven Ensemble (ADWIN),True,1.3281,1.3509,7800,1281314,0.0,
44,21,Event-Driven Ensemble (DDM),True,1.3594,1.4774,7800,1281314,0.0,
44,21,Event-Driven Ensemble (EDDM),True,1.3594,1.3784,7800,1281314,0.0,
44,21,Event-Driven Ensemble (Page-Hinkley),False,0.0,0.0,0,1209833,0.0,
44,21,Warm-Start Ensemble,True,0.2812,0.3274,1500,663455,0.0,
44,21,Component-Selective Ensemble,False,0.0,0.0,0,1288914,0.0,
44,21,Adaptive Random Forest (river),False,1.75,1.7661,500,1500142,0.0,
44,21,Streaming Random Patches (river),False,4.9062,5.5508,500,3046815,0.0,
44,21,Two-Tier Hybrid Ensemble,True,1.7344,1.9312,7800,1416333,0.0,
44,22,Frozen Model,False,0.0,0.0,0,900672,0.0,
44,22,Frozen Ensemble,False,0.0,0.0,0,1717110,0.0,
44,22,Continuously Retrained Ensemble,True,1.75,1.8063,7800,1289074,0.0,
44,22,Event-Driven Ensemble (Custom Dual-Trigger),False,0.0,0.0,0,1268930,0.0,
44,22,Event-Driven Ensemble (ADWIN),False,0.0,0.0,0,1281314,0.0,
44,22,Event-Driven Ensemble (DDM),True,1.6562,1.724,7800,1289074,0.0,
44,22,Event-Driven Ensemble (EDDM),True,1.7031,1.7738,7800,1289074,0.0,
44,22,Event-Driven Ensemble (Page-Hinkley),False,0.0,0.0,0,1209833,0.0,
44,22,Warm-Start Ensemble,False,0.0,0.0,0,663455,0.0,
44,22,Component-Selective Ensemble,False,0.0,0.0,0,1288914,0.0,
44,22,Adaptive Random Forest (river),False,2.5469,2.6207,500,2731450,0.0,
44,22,Streaming Random Patches (river),False,4.7344,4.9142,500,4740516,0.0,
44,22,Two-Tier Hybrid Ensemble,False,0.2188,0.2254,0,1450224,0.0,
44,23,Frozen Model,False,0.0,0.0,0,900672,0.0,
44,23,Frozen Ensemble,False,0.0,0.0,0,1717110,0.0,
44,23,Continuously Retrained Ensemble,True,1.3906,1.4834,7800,1330987,0.0,
44,23,Event-Driven Ensemble (Custom Dual-Trigger),True,1.5781,1.606,7800,1330987,0.0,
44,23,Event-Driven Ensemble (ADWIN),True,1.3906,1.4332,7800,1330987,0.0,
44,23,Event-Driven Ensemble (DDM),True,1.3906,1.4119,7800,1330987,0.0,
44,23,Event-Driven Ensemble (EDDM),True,1.2969,1.3291,7800,1330987,0.0,
44,23,Event-Driven Ensemble (Page-Hinkley),True,1.3594,1.3852,7800,1330987,0.0,
44,23,Warm-Start Ensemble,True,0.2969,0.3097,1500,703416,0.0,
44,23,Component-Selective Ensemble,True,0.3906,0.4168,3500,1308763,0.0,RF
44,23,Adaptive Random Forest (river),False,2.125,2.1993,500,537541,0.0,
44,23,Streaming Random Patches (river),False,4.5312,4.6423,500,5123442,0.0,
44,23,Two-Tier Hybrid Ensemble,True,1.6094,1.665,7800,1468651,0.0,
44,24,Frozen Model,False,0.0,0.0,0,900672,0.0,
44,24,Frozen Ensemble,False,0.0,0.0,0,1717110,0.0,
44,24,Continuously Retrained Ensemble,True,1.5625,1.6248,7800,1306498,0.0,
44,24,Event-Driven Ensemble (Custom Dual-Trigger),False,0.0,0.0,0,1330987,0.0,
44,24,Event-Driven Ensemble (ADWIN),True,1.3906,1.4606,7800,1306498,0.0,
44,24,Event-Driven Ensemble (DDM),True,1.4844,1.5558,7800,1306498,0.0,
44,24,Event-Driven Ensemble (EDDM),True,1.5,1.4969,7800,1306498,0.0,
44,24,Event-Driven Ensemble (Page-Hinkley),False,0.0,0.0,0,1330987,0.0,
44,24,Warm-Start Ensemble,False,0.0,0.0,0,703416,0.0,
44,24,Component-Selective Ensemble,False,0.0,0.0,0,1308763,0.0,
44,24,Adaptive Random Forest (river),False,1.6562,1.6574,500,483572,0.0,
44,24,Streaming Random Patches (river),False,4.6406,4.7042,500,5303962,0.0,
44,24,Two-Tier Hybrid Ensemble,False,0.1562,0.1495,0,1501269,0.0,
44,25,Frozen Model,False,0.0,0.0,0,900672,0.0,
44,25,Frozen Ensemble,False,0.0,0.0,0,1717110,0.0,
44,25,Continuously Retrained Ensemble,True,1.375,1.4182,7800,1289378,0.0,
44,25,Event-Driven Ensemble (Custom Dual-Trigger),True,1.3438,1.3588,7800,1289378,0.0,
44,25,Event-Driven Ensemble (ADWIN),True,1.375,1.3844,7800,1289378,0.0,
44,25,Event-Driven Ensemble (DDM),True,1.3438,1.3777,7800,1289378,0.0,
44,25,Event-Driven Ensemble (EDDM),True,1.3281,1.3581,7800,1289378,0.0,
44,25,Event-Driven Ensemble (Page-Hinkley),False,0.0,0.0,0,1330987,0.0,
44,25,Warm-Start Ensemble,True,0.3125,0.3052,1500,718408,0.0,
44,25,Component-Selective Ensemble,True,0.2969,0.3227,1800,1307467,0.0,GB
44,25,Adaptive Random Forest (river),False,2.0,2.0456,500,1357667,0.0,
44,25,Streaming Random Patches (river),False,4.8125,4.9441,500,6697984,0.0,
44,25,Two-Tier Hybrid Ensemble,True,1.5,1.5662,7800,1459906,0.0,
44,26,Frozen Model,False,0.0,0.0,0,900672,0.0,
44,26,Frozen Ensemble,False,0.0,0.0,0,1717110,0.0,
44,26,Continuously Retrained Ensemble,True,1.4062,1.4395,7800,1267426,0.0,
44,26,Event-Driven Ensemble (Custom Dual-Trigger),True,1.3438,1.3834,7800,1267426,0.0,
44,26,Event-Driven Ensemble (ADWIN),False,0.0,0.0,0,1289378,0.0,
44,26,Event-Driven Ensemble (DDM),True,1.3281,1.362,7800,1267426,0.0,
44,26,Event-Driven Ensemble (EDDM),True,1.3438,1.3795,7800,1267426,0.0,
44,26,Event-Driven Ensemble (Page-Hinkley),False,0.0,0.0,0,1330987,0.0,
44,26,Warm-Start Ensemble,True,0.25,0.2557,1500,704216,0.0,
44,26,Component-Selective Ensemble,True,0.3594,0.396,3500,1254018,0.0,RF
44,26,Adaptive Random Forest (river),False,2.0469,2.1167,500,1579553,0.0,
44,26,Streaming Random Patches (river),False,4.7031,4.7839,500,7527361,0.0,
44,26,Two-Tier Hybrid Ensemble,True,1.5469,1.6307,7800,1437927,0.0,
44,27,Frozen Model,False,0.0,0.0,0,900672,0.0,
44,27,Frozen Ensemble,False,0.0,0.0,0,1717110,0.0,
44,27,Continuously Retrained Ensemble,True,1.375,1.4152,7800,1283458,0.0039,
44,27,Event-Driven Ensemble (Custom Dual-Trigger),False,0.0,0.0,0,1267426,0.0,
44,27,Event-Driven Ensemble (ADWIN),True,1.4375,1.4743,7800,1283458,0.0039,
44,27,Event-Driven Ensemble (DDM),True,1.3125,1.3795,7800,1283458,0.0,
44,27,Event-Driven Ensemble (EDDM),True,1.4062,1.3968,7800,1283458,0.0,
44,27,Event-Driven Ensemble (Page-Hinkley),True,1.2969,1.364,7800,1283458,0.0,
44,27,Warm-Start Ensemble,False,0.0,0.0,0,704216,0.0,
44,27,Component-Selective Ensemble,False,0.0,0.0,0,1254018,0.0,
44,27,Adaptive Random Forest (river),False,2.3125,2.4574,500,767430,0.0,
44,27,Streaming Random Patches (river),False,5.2969,5.4987,500,7458869,0.0,
44,27,Two-Tier Hybrid Ensemble,False,0.1094,0.1347,0,1305093,0.0,
44,28,Frozen Model,False,0.0,0.0,0,900672,0.0,
44,28,Frozen Ensemble,False,0.0,0.0,0,1717110,0.0,
44,28,Continuously Retrained Ensemble,True,1.5938,1.6945,7800,1247913,0.1133,
44,28,Event-Driven Ensemble (Custom Dual-Trigger),False,0.0,0.0,0,1267426,0.0,
44,28,Event-Driven Ensemble (ADWIN),True,1.5625,1.6307,7800,1247913,0.0,
44,28,Event-Driven Ensemble (DDM),True,1.5625,1.6215,7800,1247913,0.0,
44,28,Event-Driven Ensemble (EDDM),True,1.4531,1.5464,7800,1247913,0.0,
44,28,Event-Driven Ensemble (Page-Hinkley),False,0.0,0.0,0,1283458,0.0,
44,28,Warm-Start Ensemble,False,0.0,0.0,0,704216,0.0,
44,28,Component-Selective Ensemble,False,0.0,0.0,0,1254018,0.0,
44,28,Adaptive Random Forest (river),False,2.0156,2.1218,500,1384477,0.0,
44,28,Streaming Random Patches (river),False,4.3438,4.5211,500,4132888,0.0,
44,28,Two-Tier Hybrid Ensemble,False,0.0781,0.0724,0,1305099,0.0,
44,29,Frozen Model,False,0.0,0.0,0,900672,0.0,
44,29,Frozen Ensemble,False,0.0,0.0,0,1717110,0.0,
44,29,Continuously Retrained Ensemble,True,1.2656,1.3853,7800,1280914,0.0,
44,29,Event-Driven Ensemble (Custom Dual-Trigger),False,0.0,0.0,0,1267426,0.0,
44,29,Event-Driven Ensemble (ADWIN),False,0.0,0.0,0,1247913,0.0,
44,29,Event-Driven Ensemble (DDM),True,1.3281,1.3405,7800,1280914,0.0,
44,29,Event-Driven Ensemble (EDDM),True,1.25,1.3848,7800,1280914,0.0,
44,29,Event-Driven Ensemble (Page-Hinkley),True,1.875,2.2487,7800,1280914,0.0078,
44,29,Warm-Start Ensemble,False,0.0,0.0,0,704216,0.0,
44,29,Component-Selective Ensemble,False,0.0,0.0,0,1254018,0.0,
44,29,Adaptive Random Forest (river),False,2.5625,2.8521,500,2764006,0.0,
44,29,Streaming Random Patches (river),False,3.4688,3.664,500,3283064,0.0,
44,29,Two-Tier Hybrid Ensemble,False,0.0938,0.1091,0,1338301,0.0,
44,30,Frozen Model,False,0.0,0.0,0,900672,0.0,
44,30,Frozen Ensemble,False,0.0,0.0,0,1717110,0.0,
44,30,Continuously Retrained Ensemble,True,1.5469,1.5949,7800,1271634,0.0,
44,30,Event-Driven Ensemble (Custom Dual-Trigger),False,0.0,0.0,0,1267426,0.0,
44,30,Event-Driven Ensemble (ADWIN),False,0.0,0.0,0,1247913,0.0,
44,30,Event-Driven Ensemble (DDM),False,0.0,0.0,0,1280914,0.0,
44,30,Event-Driven Ensemble (EDDM),True,1.5469,1.5866,7800,1271634,0.0,
44,30,Event-Driven Ensemble (Page-Hinkley),False,0.0,0.0,0,1280914,0.0,
44,30,Warm-Start Ensemble,False,0.0,0.0,0,704216,0.0,
44,30,Component-Selective Ensemble,False,0.0,0.0,0,1254018,0.0,
44,30,Adaptive Random Forest (river),False,2.4844,2.593,500,4632223,0.0,
44,30,Streaming Random Patches (river),False,3.4062,3.5733,500,4812621,0.0039,
44,30,Two-Tier Hybrid Ensemble,False,0.1094,0.1187,0,1338833,0.0,
44,31,Frozen Model,False,0.0,0.0,0,900672,0.0,
44,31,Frozen Ensemble,False,0.0,0.0,0,1717110,0.0,
44,31,Continuously Retrained Ensemble,True,1.2656,1.3726,7800,1299938,0.0195,
44,31,Event-Driven Ensemble (Custom Dual-Trigger),False,0.0,0.0,0,1267426,0.0,
44,31,Event-Driven Ensemble (ADWIN),False,0.0,0.0,0,1247913,0.0,
44,31,Event-Driven Ensemble (DDM),True,1.375,1.4409,7800,1299938,0.0,
44,31,Event-Driven Ensemble (EDDM),True,1.2812,1.3388,7800,1299938,0.0,
44,31,Event-Driven Ensemble (Page-Hinkley),False,0.0,0.0,0,1280914,0.0,
44,31,Warm-Start Ensemble,False,0.0,0.0,0,704216,0.0,
44,31,Component-Selective Ensemble,False,0.0,0.0,0,1254018,0.0,
44,31,Adaptive Random Forest (river),False,2.9531,3.182,500,6494892,0.0117,
44,31,Streaming Random Patches (river),False,3.875,4.0316,500,6473996,0.2539,
44,31,Two-Tier Hybrid Ensemble,False,0.0938,0.1049,0,1339083,0.0,
44,32,Frozen Model,False,0.0,0.0,0,900672,0.0,
44,32,Frozen Ensemble,False,0.0,0.0,0,1717110,0.0,
44,32,Continuously Retrained Ensemble,True,1.2969,1.4176,7800,1318155,0.1523,
44,32,Event-Driven Ensemble (Custom Dual-Trigger),False,0.0,0.0,0,1267426,0.0,
44,32,Event-Driven Ensemble (ADWIN),True,1.4531,1.5733,7800,1318155,0.0,
44,32,Event-Driven Ensemble (DDM),False,0.0,0.0,0,1299938,0.0,
44,32,Event-Driven Ensemble (EDDM),True,1.2969,1.3419,7800,1318155,0.0,
44,32,Event-Driven Ensemble (Page-Hinkley),True,1.3281,1.4295,7800,1318155,0.0,
44,32,Warm-Start Ensemble,False,0.0,0.0,0,704216,0.0,
44,32,Component-Selective Ensemble,False,0.0,0.0,0,1254018,0.0,
44,32,Adaptive Random Forest (river),False,2.2344,2.3498,500,221717,0.0,
44,32,Streaming Random Patches (river),False,3.4375,3.6346,500,3244587,0.0,
44,32,Two-Tier Hybrid Ensemble,False,0.0938,0.0919,0,1337785,0.0,
44,33,Frozen Model,False,0.0,0.0,0,900672,0.0,
44,33,Frozen Ensemble,False,0.0,0.0,0,1717110,0.0,
44,33,Continuously Retrained Ensemble,True,1.3438,1.3518,7800,1326123,0.0,
44,33,Event-Driven Ensemble (Custom Dual-Trigger),False,0.0,0.0,0,1267426,0.0,
44,33,Event-Driven Ensemble (ADWIN),True,1.2969,1.3618,7800,1326123,0.0,
44,33,Event-Driven Ensemble (DDM),True,1.3281,1.3379,7800,1326123,0.0,
44,33,Event-Driven Ensemble (EDDM),True,1.2812,1.3445,7800,1326123,0.0,
44,33,Event-Driven Ensemble (Page-Hinkley),True,1.2656,1.3633,7800,1326123,0.0,
44,33,Warm-Start Ensemble,False,0.0,0.0,0,704216,0.0,
44,33,Component-Selective Ensemble,False,0.0,0.0,0,1254018,0.0,
44,33,Adaptive Random Forest (river),False,1.5938,1.6046,500,1283636,0.0,
44,33,Streaming Random Patches (river),False,3.0,3.1774,500,1255146,0.0,
44,33,Two-Tier Hybrid Ensemble,False,0.2031,0.2005,0,1370912,0.0,
44,34,Frozen Model,False,0.0,0.0,0,900672,0.0,
44,34,Frozen Ensemble,False,0.0,0.0,0,1717110,0.0,
44,34,Continuously Retrained Ensemble,True,1.3125,1.3492,7800,1328043,0.0,
44,34,Event-Driven Ensemble (Custom Dual-Trigger),False,0.0,0.0,0,1267426,0.0,
44,34,Event-Driven Ensemble (ADWIN),True,1.3125,1.3505,7800,1328043,0.0,
44,34,Event-Driven Ensemble (DDM),True,1.3281,1.4138,7800,1328043,0.0,
44,34,Event-Driven Ensemble (EDDM),True,1.3438,1.4095,7800,1328043,0.0,
44,34,Event-Driven Ensemble (Page-Hinkley),False,0.0,0.0,0,1326123,0.0,
44,34,Warm-Start Ensemble,False,0.0,0.0,0,704216,0.0,
44,34,Component-Selective Ensemble,False,0.0,0.0,0,1254018,0.0,
44,34,Adaptive Random Forest (river),False,1.7031,1.7761,500,893498,0.0,
44,34,Streaming Random Patches (river),False,3.3594,3.4169,500,2471135,0.0,
44,34,Two-Tier Hybrid Ensemble,False,0.1406,0.1717,0,1436258,0.0,
44,35,Frozen Model,False,0.0,0.0,0,900672,0.0,
44,35,Frozen Ensemble,False,0.0,0.0,0,1717110,0.0,
44,35,Continuously Retrained Ensemble,True,1.2969,1.3329,7800,1337339,0.0,
44,35,Event-Driven Ensemble (Custom Dual-Trigger),False,0.0,0.0,0,1267426,0.0,
44,35,Event-Driven Ensemble (ADWIN),False,0.0,0.0,0,1328043,0.0,
44,35,Event-Driven Ensemble (DDM),True,1.2969,1.3806,7800,1337339,0.0,
44,35,Event-Driven Ensemble (EDDM),True,1.3594,1.3904,7800,1337339,0.0,
44,35,Event-Driven Ensemble (Page-Hinkley),True,1.3438,1.3595,7800,1337339,0.0,
44,35,Warm-Start Ensemble,False,0.0,0.0,0,704216,0.0,
44,35,Component-Selective Ensemble,False,0.0,0.0,0,1254018,0.0,
44,35,Adaptive Random Forest (river),False,1.7969,1.871,500,988270,0.0,
44,35,Streaming Random Patches (river),False,3.3594,3.5745,500,1106549,0.0,
44,35,Two-Tier Hybrid Ensemble,False,0.1094,0.1187,0,1405007,0.0,
44,36,Frozen Model,False,0.0,0.0,0,900672,0.0,
44,36,Frozen Ensemble,False,0.0,0.0,0,1717110,0.0,
44,36,Continuously Retrained Ensemble,True,1.2969,1.3852,7800,1315122,0.0,
44,36,Event-Driven Ensemble (Custom Dual-Trigger),False,0.0,0.0,0,1267426,0.0,
44,36,Event-Driven Ensemble (ADWIN),True,1.4062,1.4338,7800,1315122,0.0039,
44,36,Event-Driven Ensemble (DDM),True,1.5938,1.6222,7800,1315122,0.0,
44,36,Event-Driven Ensemble (EDDM),True,1.2969,1.3486,7800,1315122,0.0,
44,36,Event-Driven Ensemble (Page-Hinkley),False,0.0,0.0,0,1337339,0.0,
44,36,Warm-Start Ensemble,False,0.0,0.0,0,704216,0.0,
44,36,Component-Selective Ensemble,False,0.0,0.0,0,1254018,0.0,
44,36,Adaptive Random Forest (river),False,1.5312,1.6618,500,1022085,0.0,
44,36,Streaming Random Patches (river),False,3.0781,3.2298,500,1380630,0.0,
44,36,Two-Tier Hybrid Ensemble,False,0.1562,0.1596,0,1469028,0.0,
44,37,Frozen Model,False,0.0,0.0,0,900672,0.0,
44,37,Frozen Ensemble,False,0.0,0.0,0,1717110,0.0,
44,37,Continuously Retrained Ensemble,True,1.3438,1.3397,7800,1327003,0.0,
44,37,Event-Driven Ensemble (Custom Dual-Trigger),False,0.0,0.0,0,1267426,0.0,
44,37,Event-Driven Ensemble (ADWIN),False,0.0,0.0,0,1315122,0.0,
44,37,Event-Driven Ensemble (DDM),False,0.0,0.0,0,1315122,0.0,
44,37,Event-Driven Ensemble (EDDM),True,1.3438,1.3639,7800,1327003,0.0,
44,37,Event-Driven Ensemble (Page-Hinkley),False,0.0,0.0,0,1337339,0.0,
44,37,Warm-Start Ensemble,False,0.0,0.0,0,704216,0.0,
44,37,Component-Selective Ensemble,False,0.0,0.0,0,1254018,0.0,
44,37,Adaptive Random Forest (river),False,1.9688,2.0555,500,1764908,0.0,
44,37,Streaming Random Patches (river),False,3.4688,3.5643,500,2978023,0.0,
44,37,Two-Tier Hybrid Ensemble,False,0.25,0.2443,0,1469015,0.0,
44,38,Frozen Model,False,0.0,0.0,0,900672,0.0,
44,38,Frozen Ensemble,False,0.0,0.0,0,1717110,0.0,
44,38,Continuously Retrained Ensemble,True,1.3594,1.3899,7800,1311547,0.0,
44,38,Event-Driven Ensemble (Custom Dual-Trigger),False,0.0,0.0,0,1267426,0.0,
44,38,Event-Driven Ensemble (ADWIN),False,0.0,0.0,0,1315122,0.0,
44,38,Event-Driven Ensemble (DDM),True,1.25,1.3539,7800,1311547,0.0,
44,38,Event-Driven Ensemble (EDDM),True,1.3438,1.3655,7800,1311547,0.0,
44,38,Event-Driven Ensemble (Page-Hinkley),True,1.2969,1.3738,7800,1311547,0.0,
44,38,Warm-Start Ensemble,False,0.0,0.0,0,704216,0.0,
44,38,Component-Selective Ensemble,False,0.0,0.0,0,1254018,0.0,
44,38,Adaptive Random Forest (river),False,2.7031,2.7839,500,2757167,0.0,
44,38,Streaming Random Patches (river),False,3.8438,3.949,500,4708897,0.0,
44,38,Two-Tier Hybrid Ensemble,False,0.2656,0.2951,0,1470335,0.0,
44,39,Frozen Model,False,0.0,0.0,0,900672,0.0,
44,39,Frozen Ensemble,False,0.0,0.0,0,1717110,0.0,
44,39,Continuously Retrained Ensemble,True,1.5,1.5088,7800,1310347,0.0078,
44,39,Event-Driven Ensemble (Custom Dual-Trigger),True,1.4688,1.5084,7800,1310347,0.0,
44,39,Event-Driven Ensemble (ADWIN),True,1.4062,1.4758,7800,1310347,0.0,
44,39,Event-Driven Ensemble (DDM),True,1.3906,1.4872,7800,1310347,0.0,
44,39,Event-Driven Ensemble (EDDM),True,1.4531,1.4732,7800,1310347,0.0,
44,39,Event-Driven Ensemble (Page-Hinkley),False,0.0,0.0,0,1311547,0.0,
44,39,Warm-Start Ensemble,True,0.2344,0.2632,1500,687818,0.0,
44,39,Component-Selective Ensemble,True,0.25,0.2551,1800,1256898,0.0,GB
44,39,Adaptive Random Forest (river),False,2.4062,2.5131,500,221340,0.0,
44,39,Streaming Random Patches (river),False,3.8906,4.0386,500,5445521,0.0,
44,39,Two-Tier Hybrid Ensemble,True,1.4219,1.4669,7800,1349833,0.0,
44,40,Frozen Model,False,0.0,0.0,0,900672,0.0,
44,40,Frozen Ensemble,False,0.0,0.0,0,1717110,0.0,
44,40,Continuously Retrained Ensemble,True,1.3906,1.4159,7800,1325307,0.0,
44,40,Event-Driven Ensemble (Custom Dual-Trigger),False,0.0,0.0,0,1310347,0.0,
44,40,Event-Driven Ensemble (ADWIN),True,1.4688,1.5634,7800,1325307,0.0,
44,40,Event-Driven Ensemble (DDM),True,1.2812,1.337,7800,1325307,0.0,
44,40,Event-Driven Ensemble (EDDM),True,1.3594,1.3606,7800,1325307,0.0,
44,40,Event-Driven Ensemble (Page-Hinkley),True,1.5156,1.5821,7800,1325307,0.0,
44,40,Warm-Start Ensemble,False,0.0,0.0,0,687818,0.0,
44,40,Component-Selective Ensemble,False,0.0,0.0,0,1256898,0.0,
44,40,Adaptive Random Forest (river),False,1.3594,1.4594,500,672524,0.0,
44,40,Streaming Random Patches (river),False,3.0469,3.2101,500,674574,0.0,
44,40,Two-Tier Hybrid Ensemble,False,0.1562,0.1447,0,1381620,0.0,
44,41,Frozen Model,False,0.0,0.0,0,900672,0.0,
44,41,Frozen Ensemble,False,0.0,0.0,0,1717110,0.0,
44,41,Continuously Retrained Ensemble,True,1.5625,1.6647,7800,1328107,0.0,
44,41,Event-Driven Ensemble (Custom Dual-Trigger),True,1.2969,1.3819,7800,1328107,0.0,
44,41,Event-Driven Ensemble (ADWIN),True,1.2344,1.2894,7800,1328107,0.0,
44,41,Event-Driven Ensemble (DDM),True,1.2656,1.3348,7800,1328107,0.0,
44,41,Event-Driven Ensemble (EDDM),True,1.2656,1.3624,7800,1328107,0.0,
44,41,Event-Driven Ensemble (Page-Hinkley),True,1.2969,1.3872,7800,1328107,0.0,
44,41,Warm-Start Ensemble,True,0.25,0.289,1500,755011,0.0,
44,41,Component-Selective Ensemble,True,0.3125,0.3129,3500,1309387,0.0,RF
44,41,Adaptive Random Forest (river),False,1.7344,1.803,500,1582792,0.0,
44,41,Streaming Random Patches (river),False,3.1719,3.2724,500,1249563,0.0,
44,41,Two-Tier Hybrid Ensemble,True,1.4219,1.411,7800,1399082,0.0,
44,42,Frozen Model,False,0.0,0.0,0,900672,0.0,
44,42,Frozen Ensemble,False,0.0,0.0,0,1717110,0.0,
44,42,Continuously Retrained Ensemble,True,1.3125,1.3837,7800,1347515,0.0,
44,42,Event-Driven Ensemble (Custom Dual-Trigger),True,1.2812,1.3509,7800,1347515,0.0,
44,42,Event-Driven Ensemble (ADWIN),True,1.2969,1.3518,7800,1347515,0.0,
44,42,Event-Driven Ensemble (DDM),True,1.3281,1.3375,7800,1347515,0.0,
44,42,Event-Driven Ensemble (EDDM),True,1.2188,1.3205,7800,1347515,0.0,
44,42,Event-Driven Ensemble (Page-Hinkley),False,0.0,0.0,0,1328107,0.0,
44,42,Warm-Start Ensemble,True,0.3125,0.3707,1500,740931,0.0,
44,42,Component-Selective Ensemble,True,0.7969,0.8481,7800,1347515,0.0,"RF,ET,GB"
44,42,Adaptive Random Forest (river),False,1.8906,1.9918,500,506932,0.0,
44,42,Streaming Random Patches (river),False,3.9062,4.255,500,1083561,0.0,
44,42,Two-Tier Hybrid Ensemble,True,1.7031,1.7639,7800,1418763,0.0,
44,43,Frozen Model,False,0.0,0.0,0,900672,0.0,
44,43,Frozen Ensemble,False,0.0,0.0,0,1717110,0.0,
44,43,Continuously Retrained Ensemble,True,1.5,1.6778,7800,1317339,0.0,
44,43,Event-Driven Ensemble (Custom Dual-Trigger),False,0.0,0.0,0,1347515,0.0,
44,43,Event-Driven Ensemble (ADWIN),True,1.5781,1.589,7800,1317339,0.0,
44,43,Event-Driven Ensemble (DDM),True,1.4375,1.5013,7800,1317339,0.0,
44,43,Event-Driven Ensemble (EDDM),True,1.2656,1.3204,7800,1317339,0.0,
44,43,Event-Driven Ensemble (Page-Hinkley),False,0.0,0.0,0,1328107,0.0,
44,43,Warm-Start Ensemble,False,0.0,0.0,0,740931,0.0,
44,43,Component-Selective Ensemble,False,0.0,0.0,0,1347515,0.0,
44,43,Adaptive Random Forest (river),False,1.625,1.65,500,221040,0.0,
44,43,Streaming Random Patches (river),False,3.9531,4.1457,500,2377575,0.0,
44,43,Two-Tier Hybrid Ensemble,False,0.0781,0.0786,0,1418541,0.0,
44,44,Frozen Model,False,0.0,0.0,0,900672,0.0,
44,44,Frozen Ensemble,False,0.0,0.0,0,1717110,0.0,
44,44,Continuously Retrained Ensemble,True,1.3125,1.3799,7800,1288827,0.0,
44,44,Event-Driven Ensemble (Custom Dual-Trigger),False,0.0,0.0,0,1347515,0.0,
44,44,Event-Driven Ensemble (ADWIN),False,0.0,0.0,0,1317339,0.0,
44,44,Event-Driven Ensemble (DDM),True,1.3125,1.3196,7800,1288827,0.0,
44,44,Event-Driven Ensemble (EDDM),True,1.375,1.528,7800,1288827,0.0,
44,44,Event-Driven Ensemble (Page-Hinkley),False,0.0,0.0,0,1328107,0.0,
44,44,Warm-Start Ensemble,False,0.0,0.0,0,740931,0.0,
44,44,Component-Selective Ensemble,False,0.0,0.0,0,1347515,0.0,
44,44,Adaptive Random Forest (river),False,1.8281,1.8726,500,649518,0.0,
44,44,Streaming Random Patches (river),False,4.2969,4.4979,500,3463299,0.0,
44,44,Two-Tier Hybrid Ensemble,False,0.0781,0.0806,0,1418638,0.0,
44,45,Frozen Model,False,0.0,0.0,0,900672,0.0,
44,45,Frozen Ensemble,False,0.0,0.0,0,1717110,0.0,
44,45,Continuously Retrained Ensemble,True,1.2188,1.3133,7800,1266658,0.0,
44,45,Event-Driven Ensemble (Custom Dual-Trigger),False,0.0,0.0,0,1347515,0.0,
44,45,Event-Driven Ensemble (ADWIN),True,1.25,1.343,7800,1266658,0.0,
44,45,Event-Driven Ensemble (DDM),True,1.375,1.414,7800,1266658,0.0,
44,45,Event-Driven Ensemble (EDDM),True,1.3125,1.346,7800,1266658,0.0,
44,45,Event-Driven Ensemble (Page-Hinkley),True,1.3125,1.333,7800,1266658,0.0,
44,45,Warm-Start Ensemble,False,0.0,0.0,0,740931,0.0,
44,45,Component-Selective Ensemble,False,0.0,0.0,0,1347515,0.0,
44,45,Adaptive Random Forest (river),False,1.5938,1.6522,500,814064,0.0,
44,45,Streaming Random Patches (river),False,3.6562,3.8046,500,1628114,0.0,
44,45,Two-Tier Hybrid Ensemble,False,0.0781,0.0893,0,1450509,0.0,
44,46,Frozen Model,False,0.0,0.0,0,900672,0.0,
44,46,Frozen Ensemble,False,0.0,0.0,0,1717110,0.0,
44,46,Continuously Retrained Ensemble,True,1.3438,1.3537,7800,1237570,0.0,
44,46,Event-Driven Ensemble (Custom Dual-Trigger),True,1.3281,1.3217,7800,1237570,0.0,
44,46,Event-Driven Ensemble (ADWIN),True,1.2188,1.3423,7800,1237570,0.0,
44,46,Event-Driven Ensemble (DDM),True,1.25,1.3191,7800,1237570,0.0,
44,46,Event-Driven Ensemble (EDDM),True,1.1719,1.3182,7800,1237570,0.0,
44,46,Event-Driven Ensemble (Page-Hinkley),True,1.2969,1.4135,7800,1237570,0.0,
44,46,Warm-Start Ensemble,True,0.2969,0.3024,1500,759315,0.0,
44,46,Component-Selective Ensemble,True,0.25,0.2496,1800,1346219,0.0,GB
44,46,Adaptive Random Forest (river),False,1.75,1.762,500,1138740,0.0,
44,46,Streaming Random Patches (river),False,3.625,3.8419,500,2455597,0.0,
44,46,Two-Tier Hybrid Ensemble,True,1.4531,1.4863,7800,1358739,0.0,
44,47,Frozen Model,False,0.0,0.0,0,900672,0.0,
44,47,Frozen Ensemble,False,0.0,0.0,0,1717110,0.0,
44,47,Continuously Retrained Ensemble,True,1.5781,1.7182,7800,1237170,0.0,
44,47,Event-Driven Ensemble (Custom Dual-Trigger),False,0.0,0.0,0,1237570,0.0,
44,47,Event-Driven Ensemble (ADWIN),True,1.2188,1.2859,7800,1237170,0.0039,
44,47,Event-Driven Ensemble (DDM),True,1.2656,1.3041,7800,1237170,0.0,
44,47,Event-Driven Ensemble (EDDM),True,1.2656,1.3013,7800,1237170,0.0,
44,47,Event-Driven Ensemble (Page-Hinkley),False,0.0,0.0,0,1237570,0.0,
44,47,Warm-Start Ensemble,False,0.0,0.0,0,759315,0.0,
44,47,Component-Selective Ensemble,False,0.0,0.0,0,1346219,0.0,
44,47,Adaptive Random Forest (river),False,1.6719,1.745,500,575140,0.0,
44,47,Streaming Random Patches (river),False,3.6719,3.9155,500,1904772,0.0,
44,47,Two-Tier Hybrid Ensemble,False,0.125,0.1228,0,1359258,0.0,
44,48,Frozen Model,False,0.0,0.0,0,900672,0.0,
44,48,Frozen Ensemble,False,0.0,0.0,0,1717110,0.0,
44,48,Continuously Retrained Ensemble,True,1.3594,1.3983,7800,1175952,0.0,
44,48,Event-Driven Ensemble (Custom Dual-Trigger),False,0.0,0.0,0,1237570,0.0,
44,48,Event-Driven Ensemble (ADWIN),True,1.3125,1.3707,7800,1175952,0.0,
44,48,Event-Driven Ensemble (DDM),True,1.2656,1.4654,7800,1175952,0.0,
44,48,Event-Driven Ensemble (EDDM),True,1.5469,1.6632,7800,1175952,0.0,
44,48,Event-Driven Ensemble (Page-Hinkley),False,0.0,0.0,0,1237570,0.0,
44,48,Warm-Start Ensemble,False,0.0,0.0,0,759315,0.0,
44,48,Component-Selective Ensemble,False,0.0,0.0,0,1346219,0.0,
44,48,Adaptive Random Forest (river),False,1.6562,1.7331,500,214455,0.0,
44,48,Streaming Random Patches (river),False,3.25,3.3984,500,2018082,0.0,
44,48,Two-Tier Hybrid Ensemble,False,0.1406,0.1537,0,1406611,0.0,
44,49,Frozen Model,False,0.0,0.0,0,900672,0.0,
44,49,Frozen Ensemble,False,0.0,0.0,0,1717110,0.0,
44,49,Continuously Retrained Ensemble,True,1.1875,1.2839,7800,1196057,0.0,
44,49,Event-Driven Ensemble (Custom Dual-Trigger),True,1.25,1.3512,7800,1196057,0.0,
44,49,Event-Driven Ensemble (ADWIN),False,0.0,0.0,0,1175952,0.0,
44,49,Event-Driven Ensemble (DDM),True,1.4531,1.5826,7800,1196057,0.0,
44,49,Event-Driven Ensemble (EDDM),True,1.3281,1.3783,7800,1196057,0.0,
44,49,Event-Driven Ensemble (Page-Hinkley),False,0.0,0.0,0,1237570,0.0,
44,49,Warm-Start Ensemble,True,0.25,0.2589,1500,739994,0.0,
44,49,Component-Selective Ensemble,True,0.2656,0.268,1800,1345355,0.0,GB
44,49,Adaptive Random Forest (river),False,1.625,1.7213,500,1095105,0.0,
44,49,Streaming Random Patches (river),False,3.7812,3.9792,500,2958833,0.0,
44,49,Two-Tier Hybrid Ensemble,True,1.5781,1.6294,7800,1397402,0.0,
44,50,Frozen Model,False,0.0,0.0,0,900672,0.0,
44,50,Frozen Ensemble,False,0.0,0.0,0,1717110,0.0,
44,50,Continuously Retrained Ensemble,True,1.3125,1.3686,7800,1223961,0.0,
44,50,Event-Driven Ensemble (Custom Dual-Trigger),True,1.2812,1.3257,7800,1223961,0.0,
44,50,Event-Driven Ensemble (ADWIN),False,0.0,0.0,0,1175952,0.0,
44,50,Event-Driven Ensemble (DDM),True,1.2188,1.3261,7800,1223961,0.0,
44,50,Event-Driven Ensemble (EDDM),True,1.3438,1.3584,7800,1223961,0.0,
44,50,Event-Driven Ensemble (Page-Hinkley),False,0.0,0.0,0,1237570,0.0,
44,50,Warm-Start Ensemble,True,0.2969,0.3131,1500,695674,0.0,
44,50,Component-Selective Ensemble,True,0.7656,0.8043,7800,1223961,0.0,"RF,ET,GB"
44,50,Adaptive Random Forest (river),False,1.9062,2.0271,500,801245,0.0,
44,50,Streaming Random Patches (river),False,3.7344,3.8452,500,3980756,0.0,
44,50,Two-Tier Hybrid Ensemble,True,1.6094,1.6627,7800,1377386,0.0,
44,51,Frozen Model,False,0.0,0.0,0,900672,0.0,
44,51,Frozen Ensemble,False,0.0,0.0,0,1717110,0.0,
44,51,Continuously Retrained Ensemble,True,1.3125,1.3873,7800,1221577,0.0039,
44,51,Event-Driven Ensemble (Custom Dual-Trigger),False,0.0,0.0,0,1223961,0.0,
44,51,Event-Driven Ensemble (ADWIN),True,1.2969,1.3237,7800,1221577,0.0039,
44,51,Event-Driven Ensemble (DDM),True,1.3281,1.3388,7800,1221577,0.0039,
44,51,Event-Driven Ensemble (EDDM),True,1.3125,1.3526,7800,1221577,0.0039,
44,51,Event-Driven Ensemble (Page-Hinkley),True,1.2656,1.3068,7800,1221577,0.0,
44,51,Warm-Start Ensemble,False,0.0,0.0,0,695674,0.0,
44,51,Component-Selective Ensemble,False,0.0,0.0,0,1223961,0.0,
44,51,Adaptive Random Forest (river),False,1.6094,1.708,500,258148,0.0039,
44,51,Streaming Random Patches (river),False,3.3906,3.6228,500,1885238,0.0,
44,51,Two-Tier Hybrid Ensemble,False,0.1562,0.1744,0,1393795,0.0,
44,52,Frozen Model,False,0.0,0.0,0,900672,0.0,
44,52,Frozen Ensemble,False,0.0,0.0,0,1717110,0.0,
44,52,Continuously Retrained Ensemble,True,1.3125,1.3677,7800,1279131,0.0078,
44,52,Event-Driven Ensemble (Custom Dual-Trigger),False,0.0,0.0,0,1223961,0.0,
44,52,Event-Driven Ensemble (ADWIN),True,1.2344,1.291,7800,1279131,0.0,
44,52,Event-Driven Ensemble (DDM),True,1.2812,1.3328,7800,1279131,0.0,
44,52,Event-Driven Ensemble (EDDM),True,1.2812,1.3526,7800,1279131,0.0,
44,52,Event-Driven Ensemble (Page-Hinkley),True,1.2969,1.4028,7800,1279131,0.0,
44,52,Warm-Start Ensemble,False,0.0,0.0,0,695674,0.0,
44,52,Component-Selective Ensemble,False,0.0,0.0,0,1223961,0.0,
44,52,Adaptive Random Forest (river),False,1.7812,1.8807,500,865561,0.0,
44,52,Streaming Random Patches (river),False,4.25,4.353,500,1692667,0.0,
44,52,Two-Tier Hybrid Ensemble,False,0.2031,0.2251,0,1394557,0.0,
44,53,Frozen Model,False,0.0,0.0,0,900672,0.0,
44,53,Frozen Ensemble,False,0.0,0.0,0,1717110,0.0,
44,53,Continuously Retrained Ensemble,True,1.3438,1.4045,7800,1264770,0.0,
44,53,Event-Driven Ensemble (Custom Dual-Trigger),True,1.3438,1.3842,7800,1264770,0.0,
44,53,Event-Driven Ensemble (ADWIN),True,1.2969,1.3466,7800,1264770,0.0,
44,53,Event-Driven Ensemble (DDM),False,0.0,0.0,0,1279131,0.0,
44,53,Event-Driven Ensemble (EDDM),True,1.2344,1.352,7800,1264770,0.0,
44,53,Event-Driven Ensemble (Page-Hinkley),True,1.2656,1.347,7800,1264770,0.0,
44,53,Warm-Start Ensemble,True,0.25,0.2527,1500,635185,0.0,
44,53,Component-Selective Ensemble,True,0.7344,0.7495,7800,1264770,0.0,"RF,ET,GB"
44,53,Adaptive Random Forest (river),False,1.4062,1.4678,500,456665,0.0,
44,53,Streaming Random Patches (river),False,2.7812,2.9058,500,786364,0.0,
44,53,Two-Tier Hybrid Ensemble,True,1.5781,1.6364,7800,1484279,0.0,
44,54,Frozen Model,False,0.0,0.0,0,900672,0.0,
44,54,Frozen Ensemble,False,0.0,0.0,0,1717110,0.00390625,
44,54,Continuously Retrained Ensemble,True,1.2188,1.3144,7800,1208473,0.0195,
44,54,Event-Driven Ensemble (Custom Dual-Trigger),True,1.3125,1.3205,7800,1208473,0.0,
44,54,Event-Driven Ensemble (ADWIN),True,1.4375,1.4782,7800,1208473,0.0,
44,54,Event-Driven Ensemble (DDM),True,1.2969,1.3126,7800,1208473,0.0,
44,54,Event-Driven Ensemble (EDDM),True,1.2344,1.3109,7800,1208473,0.0,
44,54,Event-Driven Ensemble (Page-Hinkley),False,0.0,0.0,0,1264770,0.0,
44,54,Warm-Start Ensemble,True,0.2656,0.2791,1500,585078,0.0,
44,54,Component-Selective Ensemble,True,0.3125,0.3209,3500,1257250,0.0,RF
44,54,Adaptive Random Forest (river),False,1.1719,1.2763,500,463256,0.0,
44,54,Streaming Random Patches (river),False,2.7969,2.8976,500,692096,0.0,
44,54,Two-Tier Hybrid Ensemble,True,1.4688,1.6004,7800,1427186,0.0,
44,55,Frozen Model,False,0.0,0.0,0,900672,0.0,
44,55,Frozen Ensemble,False,0.0,0.0,0,1717110,0.00390625,
44,55,Continuously Retrained Ensemble,True,1.3281,1.3309,7800,1262210,0.0,
44,55,Event-Driven Ensemble (Custom Dual-Trigger),True,1.2656,1.316,7800,1262210,0.0,
44,55,Event-Driven Ensemble (ADWIN),False,0.0,0.0,0,1208473,0.0,
44,55,Event-Driven Ensemble (DDM),True,1.25,1.3319,7800,1262210,0.0,
44,55,Event-Driven Ensemble (EDDM),True,1.2188,1.3227,7800,1262210,0.0,
44,55,Event-Driven Ensemble (Page-Hinkley),True,1.3125,1.36,7800,1262210,0.0,
44,55,Warm-Start Ensemble,True,0.2812,0.2936,1500,652703,0.0,
44,55,Component-Selective Ensemble,True,0.25,0.2509,1800,1261570,0.0,GB
44,55,Adaptive Random Forest (river),False,1.6406,1.7392,500,1851797,0.0,
44,55,Streaming Random Patches (river),False,3.2188,3.3056,500,1243195,0.0,
44,55,Two-Tier Hybrid Ensemble,True,1.4688,1.5662,7800,1482739,0.0,
44,56,Frozen Model,False,0.0,0.0,0,900672,0.0,
44,56,Frozen Ensemble,False,0.0,0.0,0,1717110,0.00390625,
44,56,Continuously Retrained Ensemble,True,1.3438,1.3487,7800,1253746,0.0,
44,56,Event-Driven Ensemble (Custom Dual-Trigger),False,0.0,0.0,0,1262210,0.0,
44,56,Event-Driven Ensemble (ADWIN),True,1.3281,1.3768,7800,1253746,0.0,
44,56,Event-Driven Ensemble (DDM),True,1.25,1.3426,7800,1253746,0.0,
44,56,Event-Driven Ensemble (EDDM),True,1.4062,1.4623,7800,1253746,0.0,
44,56,Event-Driven Ensemble (Page-Hinkley),False,0.0,0.0,0,1262210,0.0,
44,56,Warm-Start Ensemble,False,0.0,0.0,0,652703,0.0,
44,56,Component-Selective Ensemble,False,0.0,0.0,0,1261570,0.0,
44,56,Adaptive Random Forest (river),False,1.875,1.9088,500,203962,0.0,
44,56,Streaming Random Patches (river),False,3.0938,3.1466,500,2257397,0.0,
44,56,Two-Tier Hybrid Ensemble,False,0.2344,0.2382,0,1481369,0.0,
44,57,Frozen Model,False,0.0,0.0,0,900672,0.0,
44,57,Frozen Ensemble,False,0.0,0.0,0,1717110,0.00390625,
44,57,Continuously Retrained Ensemble,True,1.3281,1.3389,7800,1262546,0.0,
44,57,Event-Driven Ensemble (Custom Dual-Trigger),True,1.2969,1.33,7800,1262546,0.0,
44,57,Event-Driven Ensemble (ADWIN),False,0.0,0.0,0,1253746,0.0,
44,57,Event-Driven Ensemble (DDM),True,1.2188,1.3029,7800,1262546,0.0,
44,57,Event-Driven Ensemble (EDDM),True,1.2656,1.2979,7800,1262546,0.0,
44,57,Event-Driven Ensemble (Page-Hinkley),False,0.0,0.0,0,1262210,0.0,
44,57,Warm-Start Ensemble,True,0.2812,0.273,1500,704680,0.0,
44,57,Component-Selective Ensemble,True,0.2812,0.2754,1800,1261426,0.0,GB
44,57,Adaptive Random Forest (river),False,1.5781,1.6421,500,811799,0.0,
44,57,Streaming Random Patches (river),False,3.5,3.5732,500,3091263,0.0,
44,57,Two-Tier Hybrid Ensemble,True,1.5312,1.5715,7800,1483370,0.0,
44,58,Frozen Model,False,0.0,0.0,0,900672,0.0,
44,58,Frozen Ensemble,False,0.0,0.0,0,1717110,0.00390625,
44,58,Continuously Retrained Ensemble,True,1.2656,1.3085,7800,1253730,0.0,
44,58,Event-Driven Ensemble (Custom Dual-Trigger),True,1.2969,1.3486,7800,1253730,0.0,
44,58,Event-Driven Ensemble (ADWIN),False,0.0,0.0,0,1253746,0.0,
44,58,Event-Driven Ensemble (DDM),True,1.375,1.4378,7800,1253730,0.0,
44,58,Event-Driven Ensemble (EDDM),True,1.5156,1.5677,7800,1253730,0.0,
44,58,Event-Driven Ensemble (Page-Hinkley),True,1.4062,1.4881,7800,1253730,0.0,
44,58,Warm-Start Ensemble,True,0.2656,0.2804,1500,691576,0.0,
44,58,Component-Selective Ensemble,True,0.8281,0.8338,7800,1253730,0.0,"RF,ET,GB"
44,58,Adaptive Random Forest (river),False,1.5625,1.6459,500,797385,0.0,
44,58,Streaming Random Patches (river),False,3.2031,3.3169,500,3845165,0.0,
44,58,Two-Tier Hybrid Ensemble,True,1.5312,1.586,7800,1474457,0.0,
44,59,Frozen Model,False,0.0,0.0,0,900672,0.0,
44,59,Frozen Ensemble,False,0.0,0.0,0,1717110,0.00390625,
44,59,Continuously Retrained Ensemble,True,1.2812,1.3286,7800,1251273,0.0,
44,59,Event-Driven Ensemble (Custom Dual-Trigger),False,0.0,0.0,0,1253730,0.0,
44,59,Event-Driven Ensemble (ADWIN),True,1.3125,1.3359,7800,1251273,0.0078,
44,59,Event-Driven Ensemble (DDM),True,1.2812,1.3389,7800,1251273,0.0,
44,59,Event-Driven Ensemble (EDDM),True,1.3281,1.4246,7800,1251273,0.0,
44,59,Event-Driven Ensemble (Page-Hinkley),False,0.0,0.0,0,1253730,0.0,
44,59,Warm-Start Ensemble,False,0.0,0.0,0,691576,0.0,
44,59,Component-Selective Ensemble,False,0.0,0.0,0,1253730,0.0,
44,59,Adaptive Random Forest (river),False,1.5,1.5418,500,150249,0.0,
44,59,Streaming Random Patches (river),False,3.2344,3.527,500,1704466,0.0,
44,59,Two-Tier Hybrid Ensemble,False,0.2188,0.2423,0,1490977,0.0,
45,0,Frozen Model,False,0.0,0.0,0,877472,0.0,
45,0,Frozen Ensemble,False,0.0,0.0,0,1689261,0.0,
45,0,Continuously Retrained Ensemble,True,1.2812,1.334,7800,1287202,0.0508,
45,0,Event-Driven Ensemble (Custom Dual-Trigger),True,1.2812,1.3303,7800,1287202,0.0273,
45,0,Event-Driven Ensemble (ADWIN),True,1.25,1.3299,7800,1287202,0.0156,
45,0,Event-Driven Ensemble (DDM),False,0.0,0.0,0,1689261,0.0,
45,0,Event-Driven Ensemble (EDDM),True,1.3594,1.4227,7800,1287202,0.0273,
45,0,Event-Driven Ensemble (Page-Hinkley),False,0.0,0.0,0,1689261,0.0,
45,0,Warm-Start Ensemble,True,0.2656,0.2645,1500,1311920,0.0,
45,0,Component-Selective Ensemble,True,0.1094,0.1317,2500,1528763,0.0,ET
45,0,Adaptive Random Forest (river),False,1.5,1.5113,500,254393,0.0,
45,0,Streaming Random Patches (river),False,5.0,5.1411,500,4100357,0.0,
45,0,Two-Tier Hybrid Ensemble,True,1.75,1.8541,7800,1424850,0.0,
45,1,Frozen Model,False,0.0,0.0,0,877472,0.0,
45,1,Frozen Ensemble,False,0.0,0.0,0,1689261,0.0,
45,1,Continuously Retrained Ensemble,True,1.3281,1.4414,7800,1216921,0.0195,
45,1,Event-Driven Ensemble (Custom Dual-Trigger),True,1.2656,1.3286,7800,1216921,0.0,
45,1,Event-Driven Ensemble (ADWIN),False,0.0,0.0,0,1287202,0.0,
45,1,Event-Driven Ensemble (DDM),False,0.0,0.0,0,1689261,0.0,
45,1,Event-Driven Ensemble (EDDM),False,0.0,0.0,0,1287202,0.0,
45,1,Event-Driven Ensemble (Page-Hinkley),True,1.2812,1.3248,7800,1216921,0.0,
45,1,Warm-Start Ensemble,True,0.3125,0.3395,1500,806913,0.0,
45,1,Component-Selective Ensemble,True,0.1406,0.1389,2500,1476603,0.0,ET
45,1,Adaptive Random Forest (river),False,1.625,1.7385,500,825159,0.0,
45,1,Streaming Random Patches (river),False,3.4062,3.5346,500,578523,0.0,
45,1,Two-Tier Hybrid Ensemble,True,1.6719,1.8337,7800,1387073,0.0,
45,2,Frozen Model,False,0.0,0.0,0,877472,0.0,
45,2,Frozen Ensemble,False,0.0,0.0,0,1689261,0.0,
45,2,Continuously Retrained Ensemble,True,1.25,1.3664,7800,1204345,0.0,
45,2,Event-Driven Ensemble (Custom Dual-Trigger),True,1.5469,1.6457,7800,1204345,0.0,
45,2,Event-Driven Ensemble (ADWIN),True,1.375,1.4347,7800,1204345,0.0,
45,2,Event-Driven Ensemble (DDM),True,1.1094,1.1714,7800,1204345,0.0,
45,2,Event-Driven Ensemble (EDDM),True,1.1875,1.2425,7800,1204345,0.0078,
45,2,Event-Driven Ensemble (Page-Hinkley),False,0.0,0.0,0,1216921,0.0,
45,2,Warm-Start Ensemble,True,0.3281,0.3715,1500,565432,0.0,
45,2,Component-Selective Ensemble,True,0.7969,0.8018,7800,1204345,0.0,"RF,ET,GB"
45,2,Adaptive Random Forest (river),False,1.5156,1.6427,500,314837,0.0,
45,2,Streaming Random Patches (river),False,3.4062,3.5666,500,1458048,0.0,
45,2,Two-Tier Hybrid Ensemble,True,1.4375,1.4993,7800,1275050,0.0,
45,3,Frozen Model,False,0.0,0.0,0,877472,0.0,
45,3,Frozen Ensemble,False,0.0,0.0,0,1689261,0.0,
45,3,Continuously Retrained Ensemble,True,1.3125,1.3388,7800,1212281,0.0039,
45,3,Event-Driven Ensemble (Custom Dual-Trigger),False,0.0,0.0,0,1204345,0.0,
45,3,Event-Driven Ensemble (ADWIN),True,1.375,1.4134,7800,1212281,0.0,
45,3,Event-Driven Ensemble (DDM),True,1.25,1.3287,7800,1212281,0.0,
45,3,Event-Driven Ensemble (EDDM),True,1.2969,1.4461,7800,1212281,0.0,
45,3,Event-Driven Ensemble (Page-Hinkley),True,1.2656,1.3426,7800,1212281,0.0,
45,3,Warm-Start Ensemble,False,0.0,0.0,0,565432,0.0,
45,3,Component-Selective Ensemble,False,0.0,0.0,0,1204345,0.0,
45,3,Adaptive Random Forest (river),False,1.5625,1.7253,500,228735,0.0,
45,3,Streaming Random Patches (river),False,3.3281,3.4265,500,1250328,0.0,
45,3,Two-Tier Hybrid Ensemble,False,0.1406,0.1593,0,1306498,0.0,
45,4,Frozen Model,False,0.0,0.0,0,877472,0.0,
45,4,Frozen Ensemble,False,0.0,0.0,0,1689261,0.0,
45,4,Continuously Retrained Ensemble,True,1.2969,1.3416,7800,1186185,0.0078,
45,4,Event-Driven Ensemble (Custom Dual-Trigger),False,0.0,0.0,0,1204345,0.0,
45,4,Event-Driven Ensemble (ADWIN),True,1.4375,1.5426,7800,1186185,0.0039,
45,4,Event-Driven Ensemble (DDM),True,1.2656,1.302,7800,1186185,0.0,
45,4,Event-Driven Ensemble (EDDM),True,1.25,1.3119,7800,1186185,0.0,
45,4,Event-Driven Ensemble (Page-Hinkley),False,0.0,0.0,0,1212281,0.0,
45,4,Warm-Start Ensemble,False,0.0,0.0,0,565432,0.0,
45,4,Component-Selective Ensemble,False,0.0,0.0,0,1204345,0.0,
45,4,Adaptive Random Forest (river),False,1.5,1.5577,500,859497,0.0,
45,4,Streaming Random Patches (river),False,3.7656,3.8943,500,2132753,0.0,
45,4,Two-Tier Hybrid Ensemble,False,0.125,0.1516,0,1307003,0.0,
45,5,Frozen Model,False,0.0,0.0,0,877472,0.0,
45,5,Frozen Ensemble,False,0.0,0.0,0,1689261,0.0,
45,5,Continuously Retrained Ensemble,True,1.3281,1.3764,7800,1161232,0.0,
45,5,Event-Driven Ensemble (Custom Dual-Trigger),True,1.3281,1.3188,7800,1161232,0.0,
45,5,Event-Driven Ensemble (ADWIN),True,1.2656,1.3408,7800,1161232,0.2852,
45,5,Event-Driven Ensemble (DDM),True,1.2344,1.3123,7800,1161232,0.0,
45,5,Event-Driven Ensemble (EDDM),True,1.3281,1.3496,7800,1161232,0.0,
45,5,Event-Driven Ensemble (Page-Hinkley),False,0.0,0.0,0,1212281,0.0,
45,5,Warm-Start Ensemble,True,0.25,0.2618,1500,562648,0.0039,
45,5,Component-Selective Ensemble,True,0.8438,0.9386,7800,1161232,0.0,"RF,ET,GB"
45,5,Adaptive Random Forest (river),False,1.7812,1.8662,500,677136,0.0039,
45,5,Streaming Random Patches (river),False,3.8906,4.0853,500,3059895,0.0,
45,5,Two-Tier Hybrid Ensemble,True,1.5781,1.6837,7800,1264289,0.0,
45,6,Frozen Model,False,0.0,0.0,0,877472,0.0,
45,6,Frozen Ensemble,False,0.0,0.0,0,1689261,0.0,
45,6,Continuously Retrained Ensemble,True,1.2812,1.3818,7800,1195593,0.0,
45,6,Event-Driven Ensemble (Custom Dual-Trigger),True,1.25,1.3137,7800,1195593,0.0039,
45,6,Event-Driven Ensemble (ADWIN),True,1.2656,1.3224,7800,1195593,0.0078,
45,6,Event-Driven Ensemble (DDM),True,1.2969,1.3199,7800,1195593,0.0,
45,6,Event-Driven Ensemble (EDDM),True,1.2188,1.2704,7800,1195593,0.0,
45,6,Event-Driven Ensemble (Page-Hinkley),False,0.0,0.0,0,1212281,0.0,
45,6,Warm-Start Ensemble,True,0.2812,0.2875,1500,622497,0.0,
45,6,Component-Selective Ensemble,True,0.1094,0.1264,2500,1163952,0.0,ET
45,6,Adaptive Random Forest (river),False,1.8281,1.9306,500,464383,0.0,
45,6,Streaming Random Patches (river),False,4.4062,4.6807,500,4211942,0.0,
45,6,Two-Tier Hybrid Ensemble,True,1.375,1.4213,7800,1298160,0.0,
45,7,Frozen Model,False,0.0,0.0,0,877472,0.0,
45,7,Frozen Ensemble,False,0.0,0.0,0,1689261,0.0,
45,7,Continuously Retrained Ensemble,True,1.3281,1.3415,7800,1172384,0.0,
45,7,Event-Driven Ensemble (Custom Dual-Trigger),False,0.0,0.0,0,1195593,0.0,
45,7,Event-Driven Ensemble (ADWIN),True,1.2812,1.3759,7800,1172384,0.0,
45,7,Event-Driven Ensemble (DDM),True,1.3281,1.3051,7800,1172384,0.0,
45,7,Event-Driven Ensemble (EDDM),True,1.2344,1.321,7800,1172384,0.0,
45,7,Event-Driven Ensemble (Page-Hinkley),False,0.0,0.0,0,1212281,0.0,
45,7,Warm-Start Ensemble,False,0.0,0.0,0,622497,0.0,
45,7,Component-Selective Ensemble,False,0.0,0.0,0,1163952,0.0,
45,7,Adaptive Random Forest (river),False,1.5156,1.5685,500,357000,0.0039,
45,7,Streaming Random Patches (river),False,4.1094,4.249,500,5252821,0.0,
45,7,Two-Tier Hybrid Ensemble,False,0.1719,0.1764,0,1299853,0.0,
45,8,Frozen Model,False,0.0,0.0,0,877472,0.0,
45,8,Frozen Ensemble,False,0.0,0.0,0,1689261,0.0,
45,8,Continuously Retrained Ensemble,True,1.2344,1.3453,7800,1155376,0.0,
45,8,Event-Driven Ensemble (Custom Dual-Trigger),True,1.3281,1.3316,7800,1155376,0.0,
45,8,Event-Driven Ensemble (ADWIN),True,1.2812,1.3285,7800,1155376,0.0,
45,8,Event-Driven Ensemble (DDM),True,1.2031,1.283,7800,1155376,0.0,
45,8,Event-Driven Ensemble (EDDM),True,1.3906,1.4208,7800,1155376,0.0,
45,8,Event-Driven Ensemble (Page-Hinkley),False,0.0,0.0,0,1212281,0.0,
45,8,Warm-Start Ensemble,True,0.25,0.2635,1500,652513,0.0,
45,8,Component-Selective Ensemble,True,0.25,0.2833,1800,1159056,0.0,GB
45,8,Adaptive Random Forest (river),False,1.5,1.64,500,605117,0.0,
45,8,Streaming Random Patches (river),False,4.4844,4.6169,500,3590377,0.0,
45,8,Two-Tier Hybrid Ensemble,True,1.5,1.5292,7800,1259293,0.0,
45,9,Frozen Model,False,0.0,0.0,0,877472,0.0,
45,9,Frozen Ensemble,False,0.0,0.0,0,1689261,0.0,
45,9,Continuously Retrained Ensemble,True,1.3281,1.3967,7800,1247250,0.0039,
45,9,Event-Driven Ensemble (Custom Dual-Trigger),True,1.3281,1.3154,7800,1247250,0.0,
45,9,Event-Driven Ensemble (ADWIN),True,1.2812,1.3173,7800,1247250,0.0,
45,9,Event-Driven Ensemble (DDM),True,1.2812,1.3197,7800,1247250,0.0,
45,9,Event-Driven Ensemble (EDDM),True,1.2812,1.3133,7800,1247250,0.0352,
45,9,Event-Driven Ensemble (Page-Hinkley),True,1.2812,1.3267,7800,1247250,0.0,
45,9,Warm-Start Ensemble,True,0.2344,0.2559,1500,725722,0.0,
45,9,Component-Selective Ensemble,True,0.1562,0.1606,2500,1190265,0.0,ET
45,9,Adaptive Random Forest (river),False,2.0312,2.2088,500,599032,0.0,
45,9,Streaming Random Patches (river),False,3.2344,3.2737,500,1546395,0.0,
45,9,Two-Tier Hybrid Ensemble,True,1.4375,1.478,7800,1351337,0.0,
45,10,Frozen Model,False,0.0,0.0,0,877472,0.0,
45,10,Frozen Ensemble,False,0.0,0.0,0,1689261,0.0,
45,10,Continuously Retrained Ensemble,True,1.3438,1.333,7800,1252754,0.0,
45,10,Event-Driven Ensemble (Custom Dual-Trigger),True,1.3438,1.4089,7800,1252754,0.0,
45,10,Event-Driven Ensemble (ADWIN),True,1.2812,1.3082,7800,1252754,0.0,
45,10,Event-Driven Ensemble (DDM),True,1.2812,1.3252,7800,1252754,0.0,
45,10,Event-Driven Ensemble (EDDM),True,1.3594,1.4249,7800,1252754,0.0,
45,10,Event-Driven Ensemble (Page-Hinkley),False,0.0,0.0,0,1247250,0.0,
45,10,Warm-Start Ensemble,True,0.3125,0.316,1500,696602,0.0,
45,10,Component-Selective Ensemble,True,0.7188,0.7239,7800,1252754,0.0,"RF,ET,GB"
45,10,Adaptive Random Forest (river),False,1.8594,1.9392,500,456002,0.0,
45,10,Streaming Random Patches (river),False,3.7812,4.0818,500,526846,0.0,
45,10,Two-Tier Hybrid Ensemble,True,1.5312,1.5591,7800,1389488,0.0,
45,11,Frozen Model,False,0.0,0.0,0,877472,0.0,
45,11,Frozen Ensemble,False,0.0,0.0,0,1689261,0.0,
45,11,Continuously Retrained Ensemble,True,1.2344,1.2911,7800,1259218,0.0,
45,11,Event-Driven Ensemble (Custom Dual-Trigger),True,1.2969,1.3641,7800,1259218,0.0,
45,11,Event-Driven Ensemble (ADWIN),True,1.3906,1.4778,7800,1259218,0.0,
45,11,Event-Driven Ensemble (DDM),True,1.3125,1.3254,7800,1259218,0.0,
45,11,Event-Driven Ensemble (EDDM),True,1.3438,1.378,7800,1259218,0.0,
45,11,Event-Driven Ensemble (Page-Hinkley),True,1.3281,1.3479,7800,1259218,0.0,
45,11,Warm-Start Ensemble,True,0.25,0.2656,1500,634689,0.0,
45,11,Component-Selective Ensemble,True,0.3438,0.3419,3500,1243794,0.0,RF
45,11,Adaptive Random Forest (river),False,1.5938,1.6467,500,1026910,0.0,
45,11,Streaming Random Patches (river),False,2.9219,3.3845,500,1255431,0.0,
45,11,Two-Tier Hybrid Ensemble,True,1.4375,1.5975,7800,1329842,0.0,
45,12,Frozen Model,False,0.0,0.0,0,877472,0.0,
45,12,Frozen Ensemble,False,0.0,0.0,0,1689261,0.0,
45,12,Continuously Retrained Ensemble,True,1.3125,1.4792,7800,1239113,0.0039,
45,12,Event-Driven Ensemble (Custom Dual-Trigger),True,1.4531,1.5359,7800,1239113,0.0,
45,12,Event-Driven Ensemble (ADWIN),True,1.5156,4.2069,7800,1239113,0.0,
45,12,Event-Driven Ensemble (DDM),False,0.0,0.0,0,1259218,0.0,
45,12,Event-Driven Ensemble (EDDM),False,0.0,0.0,0,1259218,0.0,
45,12,Event-Driven Ensemble (Page-Hinkley),True,1.6562,3.5145,7800,1239113,0.0,
45,12,Warm-Start Ensemble,True,0.4219,0.6645,1500,585430,0.0,
45,12,Component-Selective Ensemble,True,0.375,0.4002,3500,1231465,0.0,RF
45,12,Adaptive Random Forest (river),False,2.375,3.1152,500,412645,0.0,
45,12,Streaming Random Patches (river),False,3.9531,5.6474,500,1730394,0.0,
45,12,Two-Tier Hybrid Ensemble,True,1.6562,1.7683,7800,1309682,0.0,
45,13,Frozen Model,False,0.0,0.0,0,877472,0.0,
45,13,Frozen Ensemble,False,0.0,0.0,0,1689261,0.0,
45,13,Continuously Retrained Ensemble,True,1.5781,1.7901,7800,1234002,0.0,
45,13,Event-Driven Ensemble (Custom Dual-Trigger),True,1.7031,1.745,7800,1234002,0.0,
45,13,Event-Driven Ensemble (ADWIN),True,1.6562,1.7488,7800,1234002,0.0,
45,13,Event-Driven Ensemble (DDM),True,1.4844,1.5504,7800,1234002,0.0,
45,13,Event-Driven Ensemble (EDDM),True,1.3438,1.4429,7800,1234002,0.0,
45,13,Event-Driven Ensemble (Page-Hinkley),False,0.0,0.0,0,1239113,0.0,
45,13,Warm-Start Ensemble,True,0.2344,0.2655,1500,613231,0.0,
45,13,Component-Selective Ensemble,True,0.75,0.7745,7800,1234002,0.0,"RF,ET,GB"
45,13,Adaptive Random Forest (river),False,1.5625,1.6198,500,662464,0.0,
45,13,Streaming Random Patches (river),False,3.4219,3.6354,500,2609033,0.0,
45,13,Two-Tier Hybrid Ensemble,True,1.4688,1.4794,7800,1353816,0.0,
45,14,Frozen Model,False,0.0,0.0,0,877472,0.0,
45,14,Frozen Ensemble,False,0.0,0.0,0,1689261,0.0,
45,14,Continuously Retrained Ensemble,True,1.3594,1.3888,7800,1235042,0.0,
45,14,Event-Driven Ensemble (Custom Dual-Trigger),False,0.0,0.0,0,1234002,0.0,
45,14,Event-Driven Ensemble (ADWIN),False,0.0,0.0,0,1234002,0.0,
45,14,Event-Driven Ensemble (DDM),True,1.3125,1.6844,7800,1235042,0.0,
45,14,Event-Driven Ensemble (EDDM),True,1.3906,1.6794,7800,1235042,0.0,
45,14,Event-Driven Ensemble (Page-Hinkley),False,0.0,0.0,0,1239113,0.0,
45,14,Warm-Start Ensemble,False,0.0,0.0,0,613231,0.0,
45,14,Component-Selective Ensemble,False,0.0,0.0,0,1234002,0.0,
45,14,Adaptive Random Forest (river),False,1.8438,2.0882,500,787729,0.0,
45,14,Streaming Random Patches (river),False,3.6406,4.0007,500,2482029,0.0,
45,14,Two-Tier Hybrid Ensemble,False,0.3438,0.3584,0,1369927,0.0,
45,15,Frozen Model,False,0.0,0.0,0,877472,0.0,
45,15,Frozen Ensemble,False,0.0,0.0,0,1689261,0.0,
45,15,Continuously Retrained Ensemble,True,1.2656,1.3411,7800,1255090,0.0,
45,15,Event-Driven Ensemble (Custom Dual-Trigger),True,1.2969,1.3225,7800,1255090,0.0,
45,15,Event-Driven Ensemble (ADWIN),True,1.3594,1.4745,7800,1255090,0.0,
45,15,Event-Driven Ensemble (DDM),True,1.3281,1.4564,7800,1255090,0.0,
45,15,Event-Driven Ensemble (EDDM),True,1.25,1.3654,7800,1255090,0.0,
45,15,Event-Driven Ensemble (Page-Hinkley),False,0.0,0.0,0,1239113,0.0,
45,15,Warm-Start Ensemble,True,0.25,0.2601,1500,659343,0.0,
45,15,Component-Selective Ensemble,True,0.375,0.3805,3500,1271762,0.0,RF
45,15,Adaptive Random Forest (river),False,1.7812,1.9202,500,976057,0.0,
45,15,Streaming Random Patches (river),False,3.2031,3.4971,500,1477885,0.0,
45,15,Two-Tier Hybrid Ensemble,True,1.4375,1.4833,7800,1390940,0.0,
45,16,Frozen Model,False,0.0,0.0,0,877472,0.0,
45,16,Frozen Ensemble,False,0.0,0.0,0,1689261,0.0,
45,16,Continuously Retrained Ensemble,True,1.2969,1.3571,7800,1213449,0.0,
45,16,Event-Driven Ensemble (Custom Dual-Trigger),False,0.0,0.0,0,1255090,0.0,
45,16,Event-Driven Ensemble (ADWIN),True,1.2812,1.3423,7800,1213449,0.0,
45,16,Event-Driven Ensemble (DDM),False,0.0,0.0,0,1255090,0.0,
45,16,Event-Driven Ensemble (EDDM),True,1.4062,1.5138,7800,1213449,0.0,
45,16,Event-Driven Ensemble (Page-Hinkley),False,0.0,0.0,0,1239113,0.0,
45,16,Warm-Start Ensemble,False,0.0,0.0,0,659343,0.0,
45,16,Component-Selective Ensemble,False,0.0,0.0,0,1271762,0.0,
45,16,Adaptive Random Forest (river),False,1.6875,1.7808,500,134692,0.0,
45,16,Streaming Random Patches (river),False,3.4688,3.6144,500,1899482,0.0,
45,16,Two-Tier Hybrid Ensemble,False,0.1719,0.1872,0,1391157,0.0,
45,17,Frozen Model,False,0.0,0.0,0,877472,0.0,
45,17,Frozen Ensemble,False,0.0,0.0,0,1689261,0.0,
45,17,Continuously Retrained Ensemble,True,1.2812,1.35,7800,1263474,0.0,
45,17,Event-Driven Ensemble (Custom Dual-Trigger),False,0.0,0.0,0,1255090,0.0,
45,17,Event-Driven Ensemble (ADWIN),True,1.4219,1.5634,7800,1263474,0.0,
45,17,Event-Driven Ensemble (DDM),True,1.3906,1.5605,7800,1263474,0.0,
45,17,Event-Driven Ensemble (EDDM),True,1.2812,1.4845,7800,1263474,0.0,
45,17,Event-Driven Ensemble (Page-Hinkley),False,0.0,0.0,0,1239113,0.0,
45,17,Warm-Start Ensemble,False,0.0,0.0,0,659343,0.0,
45,17,Component-Selective Ensemble,False,0.0,0.0,0,1271762,0.0,
45,17,Adaptive Random Forest (river),False,1.8125,1.921,500,1094843,0.0,
45,17,Streaming Random Patches (river),False,4.2656,4.5698,500,3543033,0.0,
45,17,Two-Tier Hybrid Ensemble,False,0.2188,0.2266,0,1423202,0.0,
45,18,Frozen Model,False,0.0,0.0,0,877472,0.0,
45,18,Frozen Ensemble,False,0.0,0.0,0,1689261,0.0,
45,18,Continuously Retrained Ensemble,True,1.2812,1.3848,7800,1290610,0.0,
45,18,Event-Driven Ensemble (Custom Dual-Trigger),True,1.3125,1.3469,7800,1290610,0.0,
45,18,Event-Driven Ensemble (ADWIN),True,1.3125,1.359,7800,1290610,0.0,
45,18,Event-Driven Ensemble (DDM),True,1.4375,1.5484,7800,1290610,0.0,
45,18,Event-Driven Ensemble (EDDM),True,1.3906,1.4401,7800,1290610,0.0,
45,18,Event-Driven Ensemble (Page-Hinkley),True,1.3281,1.428,7800,1290610,0.0,
45,18,Warm-Start Ensemble,True,0.2656,0.2671,1500,745217,0.0,
45,18,Component-Selective Ensemble,True,0.2969,0.3052,1800,1272050,0.0,GB
45,18,Adaptive Random Forest (river),False,2.6562,2.8938,500,2701780,0.0,
45,18,Streaming Random Patches (river),False,5.2188,6.3054,500,3122088,0.0,
45,18,Two-Tier Hybrid Ensemble,True,1.7812,2.1803,7800,1493130,0.0,
45,19,Frozen Model,False,0.0,0.0,0,877472,0.0,
45,19,Frozen Ensemble,False,0.0,0.0,0,1689261,0.0,
45,19,Continuously Retrained Ensemble,True,1.5938,1.9766,7800,1286987,0.0,
45,19,Event-Driven Ensemble (Custom Dual-Trigger),False,0.0,0.0,0,1290610,0.0,
45,19,Event-Driven Ensemble (ADWIN),True,1.4375,1.6442,7800,1286987,0.0,
45,19,Event-Driven Ensemble (DDM),True,1.4375,1.7125,7800,1286987,0.0,
45,19,Event-Driven Ensemble (EDDM),True,1.375,1.554,7800,1286987,0.0,
45,19,Event-Driven Ensemble (Page-Hinkley),False,0.0,0.0,0,1290610,0.0,
45,19,Warm-Start Ensemble,False,0.0,0.0,0,745217,0.0,
45,19,Component-Selective Ensemble,False,0.0,0.0,0,1272050,0.0,
45,19,Adaptive Random Forest (river),False,2.3125,2.5981,500,682139,0.0,
45,19,Streaming Random Patches (river),False,3.9219,4.5224,500,3991017,0.0,
45,19,Two-Tier Hybrid Ensemble,False,0.2812,0.3296,0,1492622,0.0,
45,20,Frozen Model,False,0.0,0.0,0,877472,0.0,
45,20,Frozen Ensemble,False,0.0,0.0,0,1689261,0.0,
45,20,Continuously Retrained Ensemble,True,1.5156,1.6886,7800,1285842,0.0,
45,20,Event-Driven Ensemble (Custom Dual-Trigger),True,1.2969,1.4384,7800,1285842,0.0,
45,20,Event-Driven Ensemble (ADWIN),True,1.2344,1.5419,7800,1285842,0.0,
45,20,Event-Driven Ensemble (DDM),True,1.5469,1.6387,7800,1285842,0.0,
45,20,Event-Driven Ensemble (EDDM),True,1.4688,1.6472,7800,1285842,0.0,
45,20,Event-Driven Ensemble (Page-Hinkley),False,0.0,0.0,0,1290610,0.0,
45,20,Warm-Start Ensemble,False,0.0,0.0,0,745217,0.0,
45,20,Component-Selective Ensemble,False,0.0,0.0,0,1272050,0.0,
45,20,Adaptive Random Forest (river),False,1.8906,2.1868,500,1063497,0.0,
45,20,Streaming Random Patches (river),False,4.0625,4.6335,500,3339510,0.0,
45,20,Two-Tier Hybrid Ensemble,True,1.7969,2.028,7800,1519350,0.0,
45,21,Frozen Model,False,0.0,0.0,0,877472,0.0,
45,21,Frozen Ensemble,False,0.0,0.0,0,1689261,0.0,
45,21,Continuously Retrained Ensemble,True,1.3906,1.6046,7800,1279778,0.0,
45,21,Event-Driven Ensemble (Custom Dual-Trigger),True,1.375,1.5276,7800,1279778,0.0,
45,21,Event-Driven Ensemble (ADWIN),True,1.3281,1.4948,7800,1279778,0.0,
45,21,Event-Driven Ensemble (DDM),False,0.0,0.0,0,1285842,0.0,
45,21,Event-Driven Ensemble (EDDM),True,1.3906,1.6148,7800,1279778,0.0,
45,21,Event-Driven Ensemble (Page-Hinkley),True,1.4375,1.6496,7800,1279778,0.0,
45,21,Warm-Start Ensemble,True,0.3125,0.3492,1500,731912,0.0,
45,21,Component-Selective Ensemble,True,0.75,0.7625,7800,1279778,0.0,"RF,ET,GB"
45,21,Adaptive Random Forest (river),False,1.8281,2.0704,500,424116,0.0,
45,21,Streaming Random Patches (river),False,4.3125,4.8346,500,3106821,0.0,
45,21,Two-Tier Hybrid Ensemble,True,1.5625,1.9315,7800,1514338,0.0,
45,22,Frozen Model,False,0.0,0.0,0,877472,0.0,
45,22,Frozen Ensemble,False,0.0,0.0,0,1689261,0.0,
45,22,Continuously Retrained Ensemble,True,1.25,1.4519,7800,1285394,0.0391,
45,22,Event-Driven Ensemble (Custom Dual-Trigger),True,1.3438,1.4851,7800,1285394,0.0,
45,22,Event-Driven Ensemble (ADWIN),True,1.3594,1.4579,7800,1285394,0.0,
45,22,Event-Driven Ensemble (DDM),True,1.2812,1.3165,7800,1285394,0.0,
45,22,Event-Driven Ensemble (EDDM),True,1.2812,1.3828,7800,1285394,0.0,
45,22,Event-Driven Ensemble (Page-Hinkley),True,1.25,1.3151,7800,1285394,0.0,
45,22,Warm-Start Ensemble,True,0.2969,0.2872,1500,759587,0.0,
45,22,Component-Selective Ensemble,True,0.2812,0.2867,1800,1281074,0.0,GB
45,22,Adaptive Random Forest (river),False,1.5156,1.656,500,1003022,0.0,
45,22,Streaming Random Patches (river),False,5.0,5.2397,500,4889175,0.0,
45,22,Two-Tier Hybrid Ensemble,True,1.4844,1.5758,7800,1520196,0.0,
45,23,Frozen Model,False,0.0,0.0,0,877472,0.0,
45,23,Frozen Ensemble,False,0.0,0.0,0,1689261,0.0,
45,23,Continuously Retrained Ensemble,True,1.4531,1.5225,7800,1273138,0.0,
45,23,Event-Driven Ensemble (Custom Dual-Trigger),False,0.0,0.0,0,1285394,0.0,
45,23,Event-Driven Ensemble (ADWIN),True,1.4062,1.4665,7800,1273138,0.0,
45,23,Event-Driven Ensemble (DDM),True,1.3281,1.4322,7800,1273138,0.0,
45,23,Event-Driven Ensemble (EDDM),True,1.3125,1.4208,7800,1273138,0.0,
45,23,Event-Driven Ensemble (Page-Hinkley),False,0.0,0.0,0,1285394,0.0,
45,23,Warm-Start Ensemble,False,0.0,0.0,0,759587,0.0,
45,23,Component-Selective Ensemble,False,0.0,0.0,0,1281074,0.0,
45,23,Adaptive Random Forest (river),False,1.7031,1.7218,500,687203,0.0,
45,23,Streaming Random Patches (river),False,4.9062,5.1757,500,6285756,0.0,
45,23,Two-Tier Hybrid Ensemble,False,0.25,0.2801,0,1520388,0.0,
45,24,Frozen Model,False,0.0,0.0,0,877472,0.0,
45,24,Frozen Ensemble,False,0.0,0.0,0,1689261,0.0,
45,24,Continuously Retrained Ensemble,True,1.375,1.4671,7800,1278754,0.1602,
45,24,Event-Driven Ensemble (Custom Dual-Trigger),False,0.0,0.0,0,1285394,0.0,
45,24,Event-Driven Ensemble (ADWIN),False,0.0,0.0,0,1273138,0.0,
45,24,Event-Driven Ensemble (DDM),True,1.3438,1.3752,7800,1278754,0.0,
45,24,Event-Driven Ensemble (EDDM),True,1.375,1.3924,7800,1278754,0.0,
45,24,Event-Driven Ensemble (Page-Hinkley),False,0.0,0.0,0,1285394,0.0,
45,24,Warm-Start Ensemble,False,0.0,0.0,0,759587,0.0,
45,24,Component-Selective Ensemble,False,0.0,0.0,0,1281074,0.0,
45,24,Adaptive Random Forest (river),False,1.8906,2.0274,500,1284916,0.0,
45,24,Streaming Random Patches (river),False,5.9219,6.3618,500,7747929,0.0039,
45,24,Two-Tier Hybrid Ensemble,False,0.1406,0.1375,0,1323226,0.0,
45,25,Frozen Model,False,0.0,0.0,0,877472,0.0,
45,25,Frozen Ensemble,False,0.0,0.0,0,1689261,0.0,
45,25,Continuously Retrained Ensemble,True,1.3281,1.4938,7800,1223129,0.1602,
45,25,Event-Driven Ensemble (Custom Dual-Trigger),True,1.2188,1.3152,7800,1223129,0.0,
45,25,Event-Driven Ensemble (ADWIN),True,1.2812,1.3399,7800,1223129,0.0,
45,25,Event-Driven Ensemble (DDM),True,1.2344,1.406,7800,1223129,0.0,
45,25,Event-Driven Ensemble (EDDM),True,1.25,1.2692,7800,1223129,0.0078,
45,25,Event-Driven Ensemble (Page-Hinkley),True,1.2812,1.4043,7800,1223129,0.0,
45,25,Warm-Start Ensemble,True,0.25,0.2944,1500,741386,0.0,
45,25,Component-Selective Ensemble,True,0.3281,0.3237,3500,1201705,0.0,RF
45,25,Adaptive Random Forest (river),False,1.9062,2.0604,500,743464,0.0,
45,25,Streaming Random Patches (river),False,5.8281,6.1514,500,9370058,0.0,
45,25,Two-Tier Hybrid Ensemble,True,1.3438,1.4104,7800,1262365,0.0,
45,26,Frozen Model,False,0.0,0.0,0,877472,0.0,
45,26,Frozen Ensemble,False,0.0,0.0,0,1689261,0.0,
45,26,Continuously Retrained Ensemble,True,1.2969,1.3306,7800,1202633,0.0039,
45,26,Event-Driven Ensemble (Custom Dual-Trigger),True,1.2969,1.3435,7800,1202633,0.0,
45,26,Event-Driven Ensemble (ADWIN),False,0.0,0.0,0,1223129,0.0,
45,26,Event-Driven Ensemble (DDM),True,1.25,1.371,7800,1202633,0.0039,
45,26,Event-Driven Ensemble (EDDM),True,1.2969,1.3025,7800,1202633,0.0039,
45,26,Event-Driven Ensemble (Page-Hinkley),False,0.0,0.0,0,1223129,0.0,
45,26,Warm-Start Ensemble,True,0.2656,0.2936,1500,702314,0.0,
45,26,Component-Selective Ensemble,True,0.7344,0.7333,7800,1202633,0.0,"RF,ET,GB"
45,26,Adaptive Random Forest (river),False,1.9688,2.0557,500,653505,0.0,
45,26,Streaming Random Patches (river),False,4.6094,4.8607,500,2330231,0.0,
45,26,Two-Tier Hybrid Ensemble,True,1.3594,1.3782,7800,1305269,0.0,
45,27,Frozen Model,False,0.0,0.0,0,877472,0.0,
45,27,Frozen Ensemble,False,0.0,0.0,0,1689261,0.0,
45,27,Continuously Retrained Ensemble,True,1.3281,1.3384,7800,1216969,0.0,
45,27,Event-Driven Ensemble (Custom Dual-Trigger),True,1.2031,1.2892,7800,1216969,0.0,
45,27,Event-Driven Ensemble (ADWIN),True,1.25,1.3278,7800,1216969,0.0,
45,27,Event-Driven Ensemble (DDM),True,1.2812,1.3475,7800,1216969,0.0,
45,27,Event-Driven Ensemble (EDDM),True,1.3438,1.3679,7800,1216969,0.0,
45,27,Event-Driven Ensemble (Page-Hinkley),True,1.25,1.358,7800,1216969,0.0,
45,27,Warm-Start Ensemble,True,0.25,0.2615,1500,704218,0.0,
45,27,Component-Selective Ensemble,True,0.2656,0.3039,1800,1203209,0.0,GB
45,27,Adaptive Random Forest (river),False,1.8438,1.9487,500,1065022,0.0,
45,27,Streaming Random Patches (river),False,3.4531,3.5272,500,2853574,0.0,
45,27,Two-Tier Hybrid Ensemble,True,1.4219,1.4721,7800,1319241,0.0,
45,28,Frozen Model,False,0.0,0.0,0,877472,0.0,
45,28,Frozen Ensemble,False,0.0,0.0,0,1689261,0.0,
45,28,Continuously Retrained Ensemble,True,1.2812,1.3302,7800,1227049,0.0,
45,28,Event-Driven Ensemble (Custom Dual-Trigger),False,0.0,0.0,0,1216969,0.0,
45,28,Event-Driven Ensemble (ADWIN),True,1.2812,1.3042,7800,1227049,0.0,
45,28,Event-Driven Ensemble (DDM),True,1.2656,1.3114,7800,1227049,0.0,
45,28,Event-Driven Ensemble (EDDM),True,1.2812,1.3187,7800,1227049,0.0,
45,28,Event-Driven Ensemble (Page-Hinkley),False,0.0,0.0,0,1216969,0.0,
45,28,Warm-Start Ensemble,False,0.0,0.0,0,704218,0.0,
45,28,Component-Selective Ensemble,False,0.0,0.0,0,1203209,0.0,
45,28,Adaptive Random Forest (river),False,1.7344,1.8183,500,1239346,0.0,
45,28,Streaming Random Patches (river),False,3.25,3.4455,500,3928234,0.0,
45,28,Two-Tier Hybrid Ensemble,False,0.1562,0.1443,0,1320242,0.0,
45,29,Frozen Model,False,0.0,0.0,0,877472,0.0,
45,29,Frozen Ensemble,False,0.0,0.0,0,1689261,0.0,
45,29,Continuously Retrained Ensemble,True,1.3125,1.4122,7800,1237026,0.0078,
45,29,Event-Driven Ensemble (Custom Dual-Trigger),True,1.2812,1.3298,7800,1237026,0.0,
45,29,Event-Driven Ensemble (ADWIN),False,0.0,0.0,0,1227049,0.0,
45,29,Event-Driven Ensemble (DDM),False,0.0,0.0,0,1227049,0.0,
45,29,Event-Driven Ensemble (EDDM),True,1.3281,1.4038,7800,1237026,0.0,
45,29,Event-Driven Ensemble (Page-Hinkley),False,0.0,0.0,0,1216969,0.0,
45,29,Warm-Start Ensemble,True,0.2969,0.3163,1500,752851,0.0,
45,29,Component-Selective Ensemble,True,0.25,0.2694,1800,1205657,0.0,GB
45,29,Adaptive Random Forest (river),False,1.8906,1.9666,500,1689736,0.0,
45,29,Streaming Random Patches (river),False,3.625,3.839,500,3509559,0.0,
45,29,Two-Tier Hybrid Ensemble,True,1.5469,1.6568,7800,1356693,0.0,
45,30,Frozen Model,False,0.0,0.0,0,877472,0.0,
45,30,Frozen Ensemble,False,0.0,0.0,0,1689261,0.0,
45,30,Continuously Retrained Ensemble,True,1.2812,1.3369,7800,1273282,0.0,
45,30,Event-Driven Ensemble (Custom Dual-Trigger),True,1.2031,1.3075,7800,1273282,0.0,
45,30,Event-Driven Ensemble (ADWIN),True,1.2969,1.3709,7800,1273282,0.0,
45,30,Event-Driven Ensemble (DDM),False,0.0,0.0,0,1227049,0.0,
45,30,Event-Driven Ensemble (EDDM),True,1.25,1.3196,7800,1273282,0.0,
45,30,Event-Driven Ensemble (Page-Hinkley),True,1.3438,1.4153,7800,1273282,0.0,
45,30,Warm-Start Ensemble,True,0.3438,0.3382,1500,725466,0.0,
45,30,Component-Selective Ensemble,True,0.3594,0.3733,3500,1256066,0.0,RF
45,30,Adaptive Random Forest (river),False,1.8281,1.9075,500,1387045,0.0,
45,30,Streaming Random Patches (river),False,3.6094,3.734,500,4384680,0.0,
45,30,Two-Tier Hybrid Ensemble,True,1.4688,1.5436,7800,1410376,0.0,
45,31,Frozen Model,False,0.0,0.0,0,877472,0.0,
45,31,Frozen Ensemble,False,0.0,0.0,0,1689261,0.0,
45,31,Continuously Retrained Ensemble,True,1.3438,1.458,7800,1268530,0.0,
45,31,Event-Driven Ensemble (Custom Dual-Trigger),True,1.3438,1.3862,7800,1268530,0.0,
45,31,Event-Driven Ensemble (ADWIN),True,1.2344,1.3069,7800,1268530,0.0,
45,31,Event-Driven Ensemble (DDM),True,1.3438,1.4216,7800,1268530,0.0,
45,31,Event-Driven Ensemble (EDDM),True,1.3281,1.3239,7800,1268530,0.0,
45,31,Event-Driven Ensemble (Page-Hinkley),False,0.0,0.0,0,1273282,0.0,
45,31,Warm-Start Ensemble,True,0.2656,0.2715,1500,689610,0.0078,
45,31,Component-Selective Ensemble,True,0.7031,0.715,7800,1268530,0.0,"RF,ET,GB"
45,31,Adaptive Random Forest (river),False,2.0469,2.1211,500,782002,0.0,
45,31,Streaming Random Patches (river),False,3.4531,4.0532,500,867055,0.0,
45,31,Two-Tier Hybrid Ensemble,True,1.5312,1.6955,7800,1438179,0.0,
45,32,Frozen Model,False,0.0,0.0,0,877472,0.0,
45,32,Frozen Ensemble,False,0.0,0.0,0,1689261,0.0,
45,32,Continuously Retrained Ensemble,True,1.3125,1.5078,7800,1213769,0.0,
45,32,Event-Driven Ensemble (Custom Dual-Trigger),True,1.3438,1.5078,7800,1213769,0.0,
45,32,Event-Driven Ensemble (ADWIN),True,1.3281,1.4741,7800,1213769,0.0,
45,32,Event-Driven Ensemble (DDM),True,1.2656,1.3288,7800,1213769,0.0,
45,32,Event-Driven Ensemble (EDDM),True,1.2656,1.2881,7800,1213769,0.0,
45,32,Event-Driven Ensemble (Page-Hinkley),False,0.0,0.0,0,1273282,0.0,
45,32,Warm-Start Ensemble,True,0.2656,0.3482,1500,594006,0.0,
45,32,Component-Selective Ensemble,True,0.2812,0.2845,1800,1268818,0.0,GB
45,32,Adaptive Random Forest (river),False,1.8438,2.0279,500,681265,0.0,
45,32,Streaming Random Patches (river),False,3.7031,4.5756,500,1628156,0.0,
45,32,Two-Tier Hybrid Ensemble,True,1.4375,1.6163,7800,1384105,0.0,
45,33,Frozen Model,False,0.0,0.0,0,877472,0.0,
45,33,Frozen Ensemble,False,0.0,0.0,0,1689261,0.0,
45,33,Continuously Retrained Ensemble,True,1.2812,1.4147,7800,1242786,0.0,
45,33,Event-Driven Ensemble (Custom Dual-Trigger),True,1.2969,1.4852,7800,1242786,0.0,
45,33,Event-Driven Ensemble (ADWIN),True,1.5781,1.7956,7800,1242786,0.0,
45,33,Event-Driven Ensemble (DDM),True,1.4062,1.6877,7800,1242786,0.0,
45,33,Event-Driven Ensemble (EDDM),True,1.4531,1.7487,7800,1242786,0.0,
45,33,Event-Driven Ensemble (Page-Hinkley),True,1.5312,1.6631,7800,1242786,0.0,
45,33,Warm-Start Ensemble,True,0.2656,0.2642,1500,642543,0.0,
45,33,Component-Selective Ensemble,True,0.2656,0.2771,1800,1268386,0.0,GB
45,33,Adaptive Random Forest (river),False,2.0781,2.4644,500,1158313,0.0,
45,33,Streaming Random Patches (river),False,3.8281,3.9832,500,1344752,0.0,
45,33,Two-Tier Hybrid Ensemble,True,1.4375,1.519,7800,1412646,0.0,
45,34,Frozen Model,False,0.0,0.0,0,877472,0.0,
45,34,Frozen Ensemble,False,0.0,0.0,0,1689261,0.0,
45,34,Continuously Retrained Ensemble,True,1.2188,1.3458,7800,1220681,0.0,
45,34,Event-Driven Ensemble (Custom Dual-Trigger),False,0.0,0.0,0,1242786,0.0,
45,34,Event-Driven Ensemble (ADWIN),True,1.2969,1.4037,7800,1220681,0.0,
45,34,Event-Driven Ensemble (DDM),False,0.0,0.0,0,1242786,0.0,
45,34,Event-Driven Ensemble (EDDM),True,1.3125,1.4043,7800,1220681,0.0,
45,34,Event-Driven Ensemble (Page-Hinkley),False,0.0,0.0,0,1242786,0.0,
45,34,Warm-Start Ensemble,False,0.0,0.0,0,642543,0.0,
45,34,Component-Selective Ensemble,False,0.0,0.0,0,1268386,0.0,
45,34,Adaptive Random Forest (river),False,1.5156,1.5792,500,484166,0.0,
45,34,Streaming Random Patches (river),False,3.3594,3.5122,500,2399957,0.0,
45,34,Two-Tier Hybrid Ensemble,False,0.2031,0.198,0,1413307,0.0,
45,35,Frozen Model,False,0.0,0.0,0,877472,0.0,
45,35,Frozen Ensemble,False,0.0,0.0,0,1689261,0.0,
45,35,Continuously Retrained Ensemble,True,1.375,1.4596,7800,1183465,0.0195,
45,35,Event-Driven Ensemble (Custom Dual-Trigger),False,0.0,0.0,0,1242786,0.0,
45,35,Event-Driven Ensemble (ADWIN),False,0.0,0.0,0,1220681,0.0,
45,35,Event-Driven Ensemble (DDM),True,1.2969,1.3364,7800,1183465,0.0,
45,35,Event-Driven Ensemble (EDDM),True,1.2188,1.3184,7800,1183465,0.0,
45,35,Event-Driven Ensemble (Page-Hinkley),False,0.0,0.0,0,1242786,0.0,
45,35,Warm-Start Ensemble,False,0.0,0.0,0,642543,0.0,
45,35,Component-Selective Ensemble,False,0.0,0.0,0,1268386,0.0,
45,35,Adaptive Random Forest (river),False,1.7656,1.9113,500,1992831,0.0,
45,35,Streaming Random Patches (river),False,3.6875,3.8645,500,4027812,0.0,
45,35,Two-Tier Hybrid Ensemble,False,0.1875,0.195,0,1413930,0.0,
45,36,Frozen Model,False,0.0,0.0,0,877472,0.0,
45,36,Frozen Ensemble,False,0.0,0.0,0,1689261,0.0,
45,36,Continuously Retrained Ensemble,True,1.2969,1.3689,7800,1189769,0.0,
45,36,Event-Driven Ensemble (Custom Dual-Trigger),True,1.3281,1.3463,7800,1189769,0.0,
45,36,Event-Driven Ensemble (ADWIN),True,1.2812,1.3258,7800,1189769,0.0,
45,36,Event-Driven Ensemble (DDM),True,1.25,1.3039,7800,1189769,0.0,
45,36,Event-Driven Ensemble (EDDM),True,1.2188,1.4211,7800,1189769,0.0,
45,36,Event-Driven Ensemble (Page-Hinkley),False,0.0,0.0,0,1242786,0.0,
45,36,Warm-Start Ensemble,True,0.2656,0.264,1500,728888,0.0,
45,36,Component-Selective Ensemble,True,0.3594,0.3477,3500,1247097,0.0,RF
45,36,Adaptive Random Forest (river),False,1.7812,1.9553,500,1199020,0.0,
45,36,Streaming Random Patches (river),False,4.2812,4.737,500,5549713,0.0,
45,36,Two-Tier Hybrid Ensemble,True,1.5625,1.592,7800,1360832,0.0,
45,37,Frozen Model,False,0.0,0.0,0,877472,0.0,
45,37,Frozen Ensemble,False,0.0,0.0,0,1689261,0.0,
45,37,Continuously Retrained Ensemble,True,1.25,1.3612,7800,1232274,0.0,
45,37,Event-Driven Ensemble (Custom Dual-Trigger),True,1.2656,1.4066,7800,1232274,0.0,
45,37,Event-Driven Ensemble (ADWIN),False,0.0,0.0,0,1189769,0.0,
45,37,Event-Driven Ensemble (DDM),True,1.25,1.3212,7800,1232274,0.0,
45,37,Event-Driven Ensemble (EDDM),True,1.2969,1.3549,7800,1232274,0.0,
45,37,Event-Driven Ensemble (Page-Hinkley),True,1.3906,1.4455,7800,1232274,0.0,
45,37,Warm-Start Ensemble,True,0.2969,0.3366,1500,811146,0.0,
45,37,Component-Selective Ensemble,True,0.2656,0.2583,1800,1245225,0.0,GB
45,37,Adaptive Random Forest (river),False,2.0469,2.237,500,2553884,0.0,
45,37,Streaming Random Patches (river),False,3.9062,4.3198,500,6062601,0.0,
45,37,Two-Tier Hybrid Ensemble,True,1.4688,1.5811,7800,1403724,0.0,
45,38,Frozen Model,False,0.0,0.0,0,877472,0.0,
45,38,Frozen Ensemble,False,0.0,0.0,0,1689261,0.0,
45,38,Continuously Retrained Ensemble,True,1.3281,1.4054,7800,1285435,0.0,
45,38,Event-Driven Ensemble (Custom Dual-Trigger),True,1.2812,1.3594,7800,1285435,0.0,
45,38,Event-Driven Ensemble (ADWIN),True,1.2656,1.3306,7800,1285435,0.0,
45,38,Event-Driven Ensemble (DDM),True,1.3125,1.3636,7800,1285435,0.0,
45,38,Event-Driven Ensemble (EDDM),True,1.2656,1.3345,7800,1285435,0.0,
45,38,Event-Driven Ensemble (Page-Hinkley),True,1.2656,1.334,7800,1285435,0.0,
45,38,Warm-Start Ensemble,True,0.2969,0.3067,1500,778161,0.0,
45,38,Component-Selective Ensemble,True,0.2812,0.2873,1800,1244937,0.0,GB
45,38,Adaptive Random Forest (river),False,1.6094,1.6664,500,433320,0.0,
45,38,Streaming Random Patches (river),False,4.8281,5.7699,500,6655672,0.0,
45,38,Two-Tier Hybrid Ensemble,True,1.75,1.924,7800,1388210,0.0,
45,39,Frozen Model,False,0.0,0.0,0,877472,0.0,
45,39,Frozen Ensemble,False,0.0,0.0,0,1689261,0.0,
45,39,Continuously Retrained Ensemble,True,1.3438,1.6338,7800,1310363,0.0,
45,39,Event-Driven Ensemble (Custom Dual-Trigger),True,1.2812,1.3422,7800,1310363,0.0,
45,39,Event-Driven Ensemble (ADWIN),False,0.0,0.0,0,1285435,0.0,
45,39,Event-Driven Ensemble (DDM),True,1.2188,1.2944,7800,1310363,0.0,
45,39,Event-Driven Ensemble (EDDM),True,1.2812,1.3448,7800,1310363,0.0,
45,39,Event-Driven Ensemble (Page-Hinkley),False,0.0,0.0,0,1285435,0.0,
45,39,Warm-Start Ensemble,True,0.2969,0.2962,1500,788579,0.0,
45,39,Component-Selective Ensemble,True,0.2812,0.2986,1800,1245225,0.0,GB
45,39,Adaptive Random Forest (river),False,1.6719,1.7813,500,1888735,0.0039,
45,39,Streaming Random Patches (river),False,5.0,5.2847,500,8830846,0.0,
45,39,Two-Tier Hybrid Ensemble,True,1.375,1.5207,7800,1413312,0.0,
45,40,Frozen Model,False,0.0,0.0,0,877472,0.0,
45,40,Frozen Ensemble,False,0.0,0.0,0,1689261,0.0,
45,40,Continuously Retrained Ensemble,True,1.3594,1.4596,7800,1323835,0.0,
45,40,Event-Driven Ensemble (Custom Dual-Trigger),False,0.0,0.0,0,1310363,0.0,
45,40,Event-Driven Ensemble (ADWIN),False,0.0,0.0,0,1285435,0.0,
45,40,Event-Driven Ensemble (DDM),True,1.2812,1.4694,7800,1323835,0.0,
45,40,Event-Driven Ensemble (EDDM),True,1.3125,1.7045,7800,1323835,0.0195,
45,40,Event-Driven Ensemble (Page-Hinkley),False,0.0,0.0,0,1285435,0.0,
45,40,Warm-Start Ensemble,False,0.0,0.0,0,788579,0.0,
45,40,Component-Selective Ensemble,False,0.0,0.0,0,1245225,0.0,
45,40,Adaptive Random Forest (river),False,2.0781,2.1984,500,1870210,0.0039,
45,40,Streaming Random Patches (river),False,5.0469,5.2578,500,10546338,0.0078,
45,40,Two-Tier Hybrid Ensemble,False,0.1562,0.1785,0,1413823,0.0,
45,41,Frozen Model,False,0.0,0.0,0,877472,0.0,
45,41,Frozen Ensemble,False,0.0,0.0,0,1689261,0.0,
45,41,Continuously Retrained Ensemble,True,1.5312,1.6361,7800,1309778,0.1641,
45,41,Event-Driven Ensemble (Custom Dual-Trigger),False,0.0,0.0,0,1310363,0.0,
45,41,Event-Driven Ensemble (ADWIN),False,0.0,0.0,0,1285435,0.0,
45,41,Event-Driven Ensemble (DDM),True,1.25,1.4054,7800,1309778,0.0,
45,41,Event-Driven Ensemble (EDDM),True,1.4062,1.4191,7800,1309778,0.0,
45,41,Event-Driven Ensemble (Page-Hinkley),False,0.0,0.0,0,1285435,0.0,
45,41,Warm-Start Ensemble,False,0.0,0.0,0,788579,0.0,
45,41,Component-Selective Ensemble,False,0.0,0.0,0,1245225,0.0,
45,41,Adaptive Random Forest (river),False,2.0,2.1144,500,3011330,0.25,
45,41,Streaming Random Patches (river),False,5.25,5.5027,500,11838522,0.0,
45,41,Two-Tier Hybrid Ensemble,False,0.1094,0.1389,0,1412858,0.0,
45,42,Frozen Model,False,0.0,0.0,0,877472,0.0,
45,42,Frozen Ensemble,False,0.0,0.0,0,1689261,0.0,
45,42,Continuously Retrained Ensemble,True,1.375,1.4497,7800,1307874,0.0938,
45,42,Event-Driven Ensemble (Custom Dual-Trigger),True,1.3125,1.3396,7800,1307874,0.1484,
45,42,Event-Driven Ensemble (ADWIN),True,1.2656,1.3189,7800,1307874,0.0,
45,42,Event-Driven Ensemble (DDM),True,1.25,1.3556,7800,1307874,0.0,
45,42,Event-Driven Ensemble (EDDM),True,1.2969,1.385,7800,1307874,0.0,
45,42,Event-Driven Ensemble (Page-Hinkley),True,1.375,1.4201,7800,1307874,0.0,
45,42,Warm-Start Ensemble,True,0.25,0.2661,1500,734442,0.0,
45,42,Component-Selective Ensemble,True,0.7344,0.7493,7800,1307874,0.0,"RF,ET,GB"
45,42,Adaptive Random Forest (river),False,1.6406,1.7369,500,695156,0.0,
45,42,Streaming Random Patches (river),False,5.1562,5.4211,500,11414676,0.0,
45,42,Two-Tier Hybrid Ensemble,True,1.4062,1.6175,7800,1443748,0.0,
45,43,Frozen Model,False,0.0,0.0,0,877472,0.0,
45,43,Frozen Ensemble,False,0.0,0.0,0,1689261,0.0,
45,43,Continuously Retrained Ensemble,True,1.2188,1.3608,7800,1330082,0.0,
45,43,Event-Driven Ensemble (Custom Dual-Trigger),True,1.25,1.4062,7800,1330082,0.0,
45,43,Event-Driven Ensemble (ADWIN),True,1.2812,1.3959,7800,1330082,0.0,
45,43,Event-Driven Ensemble (DDM),True,1.25,1.3774,7800,1330082,0.0,
45,43,Event-Driven Ensemble (EDDM),True,1.3125,1.4685,7800,1330082,0.0,
45,43,Event-Driven Ensemble (Page-Hinkley),False,0.0,0.0,0,1307874,0.0,
45,43,Warm-Start Ensemble,True,0.2656,0.2795,1500,712506,0.0,
45,43,Component-Selective Ensemble,True,0.2969,0.3188,3500,1330443,0.0,RF
45,43,Adaptive Random Forest (river),False,1.875,2.0556,500,834535,0.0,
45,43,Streaming Random Patches (river),False,5.4219,5.7068,500,11637470,0.0,
45,43,Two-Tier Hybrid Ensemble,True,1.6562,1.7832,7800,1498435,0.0,
45,44,Frozen Model,False,0.0,0.0,0,877472,0.0,
45,44,Frozen Ensemble,False,0.0,0.0,0,1689261,0.0,
45,44,Continuously Retrained Ensemble,True,1.3281,1.3546,7800,1328635,0.2266,
45,44,Event-Driven Ensemble (Custom Dual-Trigger),False,0.0,0.0,0,1330082,0.0,
45,44,Event-Driven Ensemble (ADWIN),True,1.3906,1.5272,7800,1328635,0.0,
45,44,Event-Driven Ensemble (DDM),True,1.3594,1.5616,7800,1328635,0.0,
45,44,Event-Driven Ensemble (EDDM),True,1.6719,1.8974,7800,1328635,0.0,
45,44,Event-Driven Ensemble (Page-Hinkley),True,1.5469,1.7508,7800,1328635,0.0117,
45,44,Warm-Start Ensemble,False,0.0,0.0,0,712506,0.0,
45,44,Component-Selective Ensemble,False,0.0,0.0,0,1330443,0.0,
45,44,Adaptive Random Forest (river),False,2.1094,2.3438,500,1063380,0.0,
45,44,Streaming Random Patches (river),False,5.6406,6.8923,500,4179096,0.0,
45,44,Two-Tier Hybrid Ensemble,False,0.1719,0.217,0,1500040,0.0,
45,45,Frozen Model,False,0.0,0.0,0,877472,0.0,
45,45,Frozen Ensemble,False,0.0,0.0,0,1689261,0.0,
45,45,Continuously Retrained Ensemble,True,1.3281,1.401,7800,1306091,0.0039,
45,45,Event-Driven Ensemble (Custom Dual-Trigger),True,1.2812,1.3276,7800,1306091,0.0,
45,45,Event-Driven Ensemble (ADWIN),True,1.25,1.3216,7800,1306091,0.0,
45,45,Event-Driven Ensemble (DDM),False,0.0,0.0,0,1328635,0.0,
45,45,Event-Driven Ensemble (EDDM),True,1.3594,1.3985,7800,1306091,0.0,
45,45,Event-Driven Ensemble (Page-Hinkley),False,0.0,0.0,0,1328635,0.0,
45,45,Warm-Start Ensemble,True,0.2656,0.2711,1500,658369,0.0,
45,45,Component-Selective Ensemble,True,0.7656,0.7952,7800,1306091,0.0,"RF,ET,GB"
45,45,Adaptive Random Forest (river),False,1.4062,1.4446,500,512359,0.0195,
45,45,Streaming Random Patches (river),False,3.4219,3.621,500,3452065,0.0,
45,45,Two-Tier Hybrid Ensemble,True,1.4844,1.5701,7800,1475761,0.0,
45,46,Frozen Model,False,0.0,0.0,0,877472,0.0,
45,46,Frozen Ensemble,False,0.0,0.0,0,1689261,0.0,
45,46,Continuously Retrained Ensemble,True,1.2656,1.3344,7800,1322107,0.0,
45,46,Event-Driven Ensemble (Custom Dual-Trigger),False,0.0,0.0,0,1306091,0.0,
45,46,Event-Driven Ensemble (ADWIN),True,1.3125,1.3734,7800,1322107,0.0,
45,46,Event-Driven Ensemble (DDM),False,0.0,0.0,0,1328635,0.0,
45,46,Event-Driven Ensemble (EDDM),True,1.3125,1.3409,7800,1322107,0.0,
45,46,Event-Driven Ensemble (Page-Hinkley),False,0.0,0.0,0,1328635,0.0,
45,46,Warm-Start Ensemble,False,0.0,0.0,0,658369,0.0,
45,46,Component-Selective Ensemble,False,0.0,0.0,0,1306091,0.0,
45,46,Adaptive Random Forest (river),False,1.6719,1.764,500,1219678,0.0,
45,46,Streaming Random Patches (river),False,3.875,4.0611,500,4657174,0.0,
45,46,Two-Tier Hybrid Ensemble,False,0.1094,0.112,0,1377010,0.0,
45,47,Frozen Model,False,0.0,0.0,0,877472,0.0,
45,47,Frozen Ensemble,False,0.0,0.0,0,1689261,0.0,
45,47,Continuously Retrained Ensemble,True,1.3281,1.364,7800,1268434,0.0,
45,47,Event-Driven Ensemble (Custom Dual-Trigger),True,1.2656,1.3334,7800,1268434,0.0,
45,47,Event-Driven Ensemble (ADWIN),True,1.25,1.2934,7800,1268434,0.0,
45,47,Event-Driven Ensemble (DDM),True,1.3438,1.4658,7800,1268434,0.0,
45,47,Event-Driven Ensemble (EDDM),True,1.5,1.624,7800,1268434,0.0,
45,47,Event-Driven Ensemble (Page-Hinkley),False,0.0,0.0,0,1328635,0.0,
45,47,Warm-Start Ensemble,True,0.2344,0.2495,1500,678033,0.0,
45,47,Component-Selective Ensemble,True,0.6094,0.6278,5300,1274994,0.0,"RF,GB"
45,47,Adaptive Random Forest (river),False,1.8906,2.0122,500,723449,0.0,
45,47,Streaming Random Patches (river),False,4.3125,4.5991,500,1692606,0.0,
45,47,Two-Tier Hybrid Ensemble,True,1.5,1.6194,7800,1371489,0.0,
45,48,Frozen Model,False,0.0,0.0,0,877472,0.0,
45,48,Frozen Ensemble,False,0.0,0.0,0,1689261,0.0,
45,48,Continuously Retrained Ensemble,True,1.4688,1.5759,7800,1249202,0.043,
45,48,Event-Driven Ensemble (Custom Dual-Trigger),False,0.0,0.0,0,1268434,0.0,
45,48,Event-Driven Ensemble (ADWIN),True,1.4062,1.4504,7800,1249202,0.0,
45,48,Event-Driven Ensemble (DDM),True,1.375,1.5184,7800,1249202,0.0,
45,48,Event-Driven Ensemble (EDDM),True,1.4688,1.689,7800,1249202,0.0273,
45,48,Event-Driven Ensemble (Page-Hinkley),True,1.4688,1.7504,7800,1249202,0.0,
45,48,Warm-Start Ensemble,False,0.0,0.0,0,678033,0.0,
45,48,Component-Selective Ensemble,False,0.0,0.0,0,1274994,0.0,
45,48,Adaptive Random Forest (river),False,1.6875,1.7875,500,142125,0.0,
45,48,Streaming Random Patches (river),False,3.75,4.0057,500,2121610,0.0,
45,48,Two-Tier Hybrid Ensemble,False,0.1406,0.1801,0,1371767,0.0,
45,49,Frozen Model,False,0.0,0.0,0,877472,0.0,
45,49,Frozen Ensemble,False,0.0,0.0,0,1689261,0.0,
45,49,Continuously Retrained Ensemble,True,1.4531,1.5628,7800,1264642,0.0,
45,49,Event-Driven Ensemble (Custom Dual-Trigger),True,1.4844,1.5481,7800,1264642,0.0,
45,49,Event-Driven Ensemble (ADWIN),True,1.4375,1.5105,7800,1264642,0.0,
45,49,Event-Driven Ensemble (DDM),True,1.3906,1.5012,7800,1264642,0.0,
45,49,Event-Driven Ensemble (EDDM),True,1.3906,1.4335,7800,1264642,0.0,
45,49,Event-Driven Ensemble (Page-Hinkley),False,0.0,0.0,0,1249202,0.0,
45,49,Warm-Start Ensemble,True,0.2656,0.3164,1500,725210,0.0,
45,49,Component-Selective Ensemble,True,0.2656,0.2645,1800,1276002,0.0,GB
45,49,Adaptive Random Forest (river),False,2.1562,2.2441,500,1269873,0.0,
45,49,Streaming Random Patches (river),False,5.0625,5.4478,500,3621857,0.0,
45,49,Two-Tier Hybrid Ensemble,True,1.6719,1.7815,7800,1366385,0.0,
45,50,Frozen Model,False,0.0,0.0,0,877472,0.0,
45,50,Frozen Ensemble,False,0.0,0.0,0,1689261,0.0,
45,50,Continuously Retrained Ensemble,True,1.5625,1.6329,7800,1227474,0.0039,
45,50,Event-Driven Ensemble (Custom Dual-Trigger),True,1.25,1.3137,7800,1227474,0.0,
45,50,Event-Driven Ensemble (ADWIN),True,1.2656,1.3315,7800,1227474,0.0,
45,50,Event-Driven Ensemble (DDM),True,1.25,1.3591,7800,1227474,0.0,
45,50,Event-Driven Ensemble (EDDM),True,1.3906,1.4997,7800,1227474,0.0,
45,50,Event-Driven Ensemble (Page-Hinkley),False,0.0,0.0,0,1249202,0.0,
45,50,Warm-Start Ensemble,True,0.3281,0.3079,1500,670250,0.0,
45,50,Component-Selective Ensemble,True,0.7656,0.8135,7800,1227474,0.0,"RF,ET,GB"
45,50,Adaptive Random Forest (river),False,2.0469,2.2132,500,426383,0.0,
45,50,Streaming Random Patches (river),False,4.9531,5.2931,500,4093530,0.0,
45,50,Two-Tier Hybrid Ensemble,True,1.7812,1.7992,7800,1362500,0.0,
45,51,Frozen Model,False,0.0,0.0,0,877472,0.0,
45,51,Frozen Ensemble,False,0.0,0.0,0,1689261,0.0,
45,51,Continuously Retrained Ensemble,True,1.4062,1.494,7800,1202137,0.0,
45,51,Event-Driven Ensemble (Custom Dual-Trigger),False,0.0,0.0,0,1227474,0.0,
45,51,Event-Driven Ensemble (ADWIN),True,1.6094,2.1131,7800,1202137,0.0,
45,51,Event-Driven Ensemble (DDM),True,1.6094,1.7053,7800,1202137,0.0,
45,51,Event-Driven Ensemble (EDDM),True,1.4688,1.5627,7800,1202137,0.0,
45,51,Event-Driven Ensemble (Page-Hinkley),False,0.0,0.0,0,1249202,0.0,
45,51,Warm-Start Ensemble,False,0.0,0.0,0,670250,0.0,
45,51,Component-Selective Ensemble,False,0.0,0.0,0,1227474,0.0,
45,51,Adaptive Random Forest (river),False,1.9375,2.097,500,656281,0.0,
45,51,Streaming Random Patches (river),False,5.4688,5.7897,500,5444536,0.0039,
45,51,Two-Tier Hybrid Ensemble,False,0.2031,0.2,0,1364898,0.0,
45,52,Frozen Model,False,0.0,0.0,0,877472,0.0,
45,52,Frozen Ensemble,False,0.0,0.0,0,1689261,0.0,
45,52,Continuously Retrained Ensemble,True,1.4688,1.5375,7800,1251474,0.0,
45,52,Event-Driven Ensemble (Custom Dual-Trigger),True,1.6562,1.9406,7800,1251474,0.0,
45,52,Event-Driven Ensemble (ADWIN),True,1.7031,2.3429,7800,1251474,0.0,
45,52,Event-Driven Ensemble (DDM),True,1.7344,2.0878,7800,1251474,0.0,
45,52,Event-Driven Ensemble (EDDM),True,1.4375,1.5173,7800,1251474,0.0,
45,52,Event-Driven Ensemble (Page-Hinkley),True,1.5469,1.612,7800,1251474,0.0,
45,52,Warm-Start Ensemble,False,0.0,0.0,0,670250,0.0,
45,52,Component-Selective Ensemble,True,0.3125,0.3341,3500,1242354,0.0,RF
45,52,Adaptive Random Forest (river),False,2.0,2.1208,500,1007990,0.0,
45,52,Streaming Random Patches (river),False,5.7656,6.026,500,2351973,0.0039,
45,52,Two-Tier Hybrid Ensemble,True,1.5469,1.6869,7800,1421187,0.0,
45,53,Frozen Model,False,0.0,0.0,0,877472,0.0,
45,53,Frozen Ensemble,False,0.0,0.0,0,1689261,0.00390625,
45,53,Continuously Retrained Ensemble,True,1.4531,1.531,7800,1275026,0.0,
45,53,Event-Driven Ensemble (Custom Dual-Trigger),False,0.0,0.0,0,1251474,0.0,
45,53,Event-Driven Ensemble (ADWIN),True,1.4688,1.5449,7800,1275026,0.0,
45,53,Event-Driven Ensemble (DDM),False,0.0,0.0,0,1251474,0.0,
45,53,Event-Driven Ensemble (EDDM),False,0.0,0.0,0,1251474,0.0,
45,53,Event-Driven Ensemble (Page-Hinkley),False,0.0,0.0,0,1251474,0.0,
45,53,Warm-Start Ensemble,False,0.0,0.0,0,670250,0.0,
45,53,Component-Selective Ensemble,False,0.0,0.0,0,1242354,0.0,
45,53,Adaptive Random Forest (river),False,1.7344,1.9509,500,566840,0.0,
45,53,Streaming Random Patches (river),False,4.0625,4.2552,500,1867410,0.0,
45,53,Two-Tier Hybrid Ensemble,False,0.1875,0.201,0,1421438,0.0,
45,54,Frozen Model,False,0.0,0.0,0,877472,0.0,
45,54,Frozen Ensemble,False,0.0,0.0,0,1689261,0.00390625,
45,54,Continuously Retrained Ensemble,True,1.4375,1.4961,7800,1214297,0.0,
45,54,Event-Driven Ensemble (Custom Dual-Trigger),True,1.4688,1.5177,7800,1214297,0.0,
45,54,Event-Driven Ensemble (ADWIN),False,0.0,0.0,0,1275026,0.0,
45,54,Event-Driven Ensemble (DDM),False,0.0,0.0,0,1251474,0.0,
45,54,Event-Driven Ensemble (EDDM),False,0.0,0.0,0,1251474,0.0,
45,54,Event-Driven Ensemble (Page-Hinkley),True,1.3906,1.4946,7800,1214297,0.0,
45,54,Warm-Start Ensemble,True,0.3281,0.3671,1500,544422,0.0,
45,54,Component-Selective Ensemble,True,0.375,0.389,3500,1216905,0.0,RF
45,54,Adaptive Random Forest (river),False,1.7188,1.8345,500,899080,0.0,
45,54,Streaming Random Patches (river),False,3.25,3.4626,500,655530,0.0,
45,54,Two-Tier Hybrid Ensemble,True,1.7188,1.8245,7800,1384963,0.0,
45,55,Frozen Model,False,0.0,0.0,0,877472,0.0,
45,55,Frozen Ensemble,False,0.0,0.0,0,1689261,0.0,
45,55,Continuously Retrained Ensemble,True,1.4844,1.605,7800,1200761,0.0,
45,55,Event-Driven Ensemble (Custom Dual-Trigger),False,0.0,0.0,0,1214297,0.0,
45,55,Event-Driven Ensemble (ADWIN),True,1.4375,1.4838,7800,1200761,0.0,
45,55,Event-Driven Ensemble (DDM),True,1.4219,1.4917,7800,1200761,0.0,
45,55,Event-Driven Ensemble (EDDM),True,1.4531,1.5437,7800,1200761,0.0,
45,55,Event-Driven Ensemble (Page-Hinkley),False,0.0,0.0,0,1214297,0.0,
45,55,Warm-Start Ensemble,False,0.0,0.0,0,544422,0.0,
45,55,Component-Selective Ensemble,False,0.0,0.0,0,1216905,0.0,
45,55,Adaptive Random Forest (river),False,1.7812,1.8359,500,311110,0.0,
45,55,Streaming Random Patches (river),False,3.2188,3.424,500,1037696,0.0,
45,55,Two-Tier Hybrid Ensemble,False,0.2188,0.2062,0,1384398,0.0,
45,56,Frozen Model,False,0.0,0.0,0,877472,0.0,
45,56,Frozen Ensemble,False,0.0,0.0,0,1689261,0.00390625,
45,56,Continuously Retrained Ensemble,True,1.4531,1.5435,7800,1181769,0.0,
45,56,Event-Driven Ensemble (Custom Dual-Trigger),True,1.4688,1.5141,7800,1181769,0.0,
45,56,Event-Driven Ensemble (ADWIN),True,1.375,1.5071,7800,1181769,0.0,
45,56,Event-Driven Ensemble (DDM),True,1.4375,1.5852,7800,1181769,0.0,
45,56,Event-Driven Ensemble (EDDM),True,1.4219,1.5047,7800,1181769,0.0,
45,56,Event-Driven Ensemble (Page-Hinkley),True,1.4844,1.5267,7800,1181769,0.0,
45,56,Warm-Start Ensemble,True,0.2812,0.3312,1500,553606,0.0039,
45,56,Component-Selective Ensemble,True,0.2656,0.2696,1800,1216329,0.0,GB
45,56,Adaptive Random Forest (river),False,2.2344,2.3613,500,309160,0.0,
45,56,Streaming Random Patches (river),False,3.6875,3.967,500,1118259,0.0,
45,56,Two-Tier Hybrid Ensemble,True,1.7188,1.8023,7800,1384101,0.0,
45,57,Frozen Model,False,0.0,0.0,0,877472,0.0,
45,57,Frozen Ensemble,False,0.0,0.0,0,1689261,0.0,
45,57,Continuously Retrained Ensemble,True,1.4531,1.5209,7800,1198857,0.0,
45,57,Event-Driven Ensemble (Custom Dual-Trigger),False,0.0,0.0,0,1181769,0.0,
45,57,Event-Driven Ensemble (ADWIN),True,1.375,1.5174,7800,1198857,0.0,
45,57,Event-Driven Ensemble (DDM),True,1.4531,1.567,7800,1198857,0.0,
45,57,Event-Driven Ensemble (EDDM),True,1.4375,1.505,7800,1198857,0.0039,
45,57,Event-Driven Ensemble (Page-Hinkley),False,0.0,0.0,0,1181769,0.0,
45,57,Warm-Start Ensemble,False,0.0,0.0,0,553606,0.0,
45,57,Component-Selective Ensemble,False,0.0,0.0,0,1216329,0.0,
45,57,Adaptive Random Forest (river),False,1.9688,2.0888,500,1064031,0.0,
45,57,Streaming Random Patches (river),False,4.7656,4.9884,500,1553477,0.0,
45,57,Two-Tier Hybrid Ensemble,False,0.2188,0.2369,0,1384640,0.0,
45,58,Frozen Model,False,0.0,0.0,0,877472,0.0,
45,58,Frozen Ensemble,False,0.0,0.0,0,1689261,0.0,
45,58,Continuously Retrained Ensemble,True,1.4531,1.5172,7800,1223401,0.0,
45,58,Event-Driven Ensemble (Custom Dual-Trigger),True,1.4219,1.5309,7800,1223401,0.0,
45,58,Event-Driven Ensemble (ADWIN),True,1.4062,1.4604,7800,1223401,0.0,
45,58,Event-Driven Ensemble (DDM),True,1.375,1.5273,7800,1223401,0.0,
45,58,Event-Driven Ensemble (EDDM),True,1.5,1.6433,7800,1223401,0.0,
45,58,Event-Driven Ensemble (Page-Hinkley),False,0.0,0.0,0,1181769,0.0,
45,58,Warm-Start Ensemble,True,0.3125,0.3619,1500,601302,0.0,
45,58,Component-Selective Ensemble,True,0.6875,0.7882,7800,1223401,0.0,"RF,ET,GB"
45,58,Adaptive Random Forest (river),False,1.875,2.0021,500,598547,0.0,
45,58,Streaming Random Patches (river),False,4.3438,4.6585,500,2537149,0.0,
45,58,Two-Tier Hybrid Ensemble,True,1.7344,1.8141,7800,1393361,0.0,
45,59,Frozen Model,False,0.0,0.0,0,877472,0.0,
45,59,Frozen Ensemble,False,0.0,0.0,0,1689261,0.0,
45,59,Continuously Retrained Ensemble,True,1.4688,1.4924,7800,1202649,0.0,
45,59,Event-Driven Ensemble (Custom Dual-Trigger),True,1.4219,1.5098,7800,1202649,0.0,
45,59,Event-Driven Ensemble (ADWIN),True,1.4688,1.5364,7800,1202649,0.0,
45,59,Event-Driven Ensemble (DDM),True,1.4375,1.5396,7800,1202649,0.0,
45,59,Event-Driven Ensemble (EDDM),True,1.4219,1.5286,7800,1202649,0.0,
45,59,Event-Driven Ensemble (Page-Hinkley),False,0.0,0.0,0,1181769,0.0,
45,59,Warm-Start Ensemble,True,0.2969,0.2958,1500,676248,0.0,
45,59,Component-Selective Ensemble,True,0.2188,0.2448,1800,1224409,0.0,GB
45,59,Adaptive Random Forest (river),False,2.1094,2.2766,500,903515,0.0,
45,59,Streaming Random Patches (river),False,4.4531,4.7316,500,3938893,0.0039,
45,59,Two-Tier Hybrid Ensemble,True,1.5938,1.7077,7800,1372359,0.0,
46,0,Frozen Model,False,0.0,0.0,0,863552,0.0,
46,0,Frozen Ensemble,False,0.0,0.0,0,1645981,0.0,
46,0,Continuously Retrained Ensemble,True,1.6094,1.6815,7800,1233289,0.0117,
46,0,Event-Driven Ensemble (Custom Dual-Trigger),True,1.625,1.7402,7800,1233289,0.0078,
46,0,Event-Driven Ensemble (ADWIN),True,1.6094,1.7413,7800,1233289,0.0,
46,0,Event-Driven Ensemble (DDM),False,0.0,0.0,0,1645981,0.0,
46,0,Event-Driven Ensemble (EDDM),True,1.5156,1.6627,7800,1233289,0.0,
46,0,Event-Driven Ensemble (Page-Hinkley),False,0.0,0.0,0,1645981,0.0,
46,0,Warm-Start Ensemble,True,0.3125,0.3654,1500,1263232,0.0,
46,0,Component-Selective Ensemble,True,0.3125,0.3132,3500,1403074,0.0,RF
46,0,Adaptive Random Forest (river),False,2.1094,2.4041,500,404097,0.0,
46,0,Streaming Random Patches (river),False,4.4531,4.8453,500,2787629,0.0,
46,0,Two-Tier Hybrid Ensemble,True,1.6562,1.7135,7800,1370427,0.0,
46,1,Frozen Model,False,0.0,0.0,0,863552,0.0,
46,1,Frozen Ensemble,False,0.0,0.0,0,1645981,0.0,
46,1,Continuously Retrained Ensemble,True,1.4375,1.531,7800,1228777,0.0078,
46,1,Event-Driven Ensemble (Custom Dual-Trigger),False,0.0,0.0,0,1233289,0.0,
46,1,Event-Driven Ensemble (ADWIN),True,1.3594,1.543,7800,1228777,0.0,
46,1,Event-Driven Ensemble (DDM),True,1.4219,1.4916,7800,1228777,0.0273,
46,1,Event-Driven Ensemble (EDDM),True,1.4531,1.6356,7800,1228777,0.0352,
46,1,Event-Driven Ensemble (Page-Hinkley),False,0.0,0.0,0,1645981,0.0,
46,1,Warm-Start Ensemble,False,0.0,0.0,0,1263232,0.0,
46,1,Component-Selective Ensemble,False,0.0,0.0,0,1403074,0.0,
46,1,Adaptive Random Forest (river),False,1.9844,2.1219,500,1142152,0.0,
46,1,Streaming Random Patches (river),False,5.0469,5.4886,500,4005191,0.0,
46,1,Two-Tier Hybrid Ensemble,False,0.1875,0.2058,0,1403629,0.0,
46,2,Frozen Model,False,0.0,0.0,0,863552,0.0,
46,2,Frozen Ensemble,False,0.0,0.0,0,1645981,0.0,
46,2,Continuously Retrained Ensemble,True,1.4219,1.5047,7800,1218409,0.0078,
46,2,Event-Driven Ensemble (Custom Dual-Trigger),True,1.5156,1.5583,7800,1218409,0.0,
46,2,Event-Driven Ensemble (ADWIN),True,1.4844,1.5596,7800,1218409,0.0,
46,2,Event-Driven Ensemble (DDM),True,1.4844,1.5806,7800,1218409,0.0,
46,2,Event-Driven Ensemble (EDDM),True,1.5781,1.6145,7800,1218409,0.0,
46,2,Event-Driven Ensemble (Page-Hinkley),True,1.4844,1.5623,7800,1218409,0.0,
46,2,Warm-Start Ensemble,True,0.3125,0.318,1500,840714,0.0,
46,2,Component-Selective Ensemble,True,0.6406,0.7346,7800,1218409,0.0,"RF,ET,GB"
46,2,Adaptive Random Forest (river),False,1.6094,1.7514,500,276083,0.0,
46,2,Streaming Random Patches (river),False,4.3281,4.6653,500,3785825,0.0,
46,2,Two-Tier Hybrid Ensemble,True,1.7188,1.8183,7800,1387627,0.0,
46,3,Frozen Model,False,0.0,0.0,0,863552,0.0,
46,3,Frozen Ensemble,False,0.0,0.0,0,1645981,0.0,
46,3,Continuously Retrained Ensemble,True,1.5469,1.6911,7800,1267730,0.0,
46,3,Event-Driven Ensemble (Custom Dual-Trigger),True,1.5156,1.5615,7800,1267730,0.0,
46,3,Event-Driven Ensemble (ADWIN),True,1.4531,1.5405,7800,1267730,0.0,
46,3,Event-Driven Ensemble (DDM),True,1.4062,1.5197,7800,1267730,0.0,
46,3,Event-Driven Ensemble (EDDM),True,1.4219,1.5513,7800,1267730,0.0,
46,3,Event-Driven Ensemble (Page-Hinkley),False,0.0,0.0,0,1218409,0.0,
46,3,Warm-Start Ensemble,True,0.3438,0.3373,1500,700602,0.0,
46,3,Component-Selective Ensemble,True,0.2656,0.287,1800,1215241,0.0,GB
46,3,Adaptive Random Forest (river),False,1.9688,2.1275,500,1119955,0.0,
46,3,Streaming Random Patches (river),False,4.7031,5.0945,500,4971844,0.0078,
46,3,Two-Tier Hybrid Ensemble,True,1.8594,1.9341,7800,1438232,0.0,
46,4,Frozen Model,False,0.0,0.0,0,863552,0.0,
46,4,Frozen Ensemble,False,0.0,0.0,0,1645981,0.0,
46,4,Continuously Retrained Ensemble,True,1.5,1.5724,7800,1234162,0.0156,
46,4,Event-Driven Ensemble (Custom Dual-Trigger),False,0.0,0.0,0,1267730,0.0,
46,4,Event-Driven Ensemble (ADWIN),False,0.0,0.0,0,1267730,0.0,
46,4,Event-Driven Ensemble (DDM),True,1.4375,1.5332,7800,1234162,0.0,
46,4,Event-Driven Ensemble (EDDM),True,1.4531,1.5122,7800,1234162,0.0,
46,4,Event-Driven Ensemble (Page-Hinkley),False,0.0,0.0,0,1218409,0.0,
46,4,Warm-Start Ensemble,False,0.0,0.0,0,700602,0.0,
46,4,Component-Selective Ensemble,False,0.0,0.0,0,1215241,0.0,
46,4,Adaptive Random Forest (river),False,2.4375,2.5792,500,1804524,0.0,
46,4,Streaming Random Patches (river),False,5.125,5.4141,500,6617489,0.0,
46,4,Two-Tier Hybrid Ensemble,False,0.2188,0.2437,0,1438874,0.0,
46,5,Frozen Model,False,0.0,0.0,0,863552,0.0,
46,5,Frozen Ensemble,False,0.0,0.0,0,1645981,0.0,
46,5,Continuously Retrained Ensemble,True,1.4688,1.5198,7800,1193929,0.0,
46,5,Event-Driven Ensemble (Custom Dual-Trigger),True,1.5,1.5927,7800,1193929,0.0039,
46,5,Event-Driven Ensemble (ADWIN),True,1.3438,1.4686,7800,1193929,0.0,
46,5,Event-Driven Ensemble (DDM),True,1.5469,1.6118,7800,1193929,0.0,
46,5,Event-Driven Ensemble (EDDM),True,1.5469,1.6111,7800,1193929,0.0,
46,5,Event-Driven Ensemble (Page-Hinkley),False,0.0,0.0,0,1218409,0.0,
46,5,Warm-Start Ensemble,True,0.3281,0.329,1500,732954,0.0,
46,5,Component-Selective Ensemble,True,0.7031,0.7402,7800,1193929,0.0,"RF,ET,GB"
46,5,Adaptive Random Forest (river),False,2.25,2.3978,500,417178,0.0,
46,5,Streaming Random Patches (river),False,4.625,4.9371,500,5907985,0.0,
46,5,Two-Tier Hybrid Ensemble,True,1.6562,1.7843,7800,1364428,0.0,
46,6,Frozen Model,False,0.0,0.0,0,863552,0.0,
46,6,Frozen Ensemble,False,0.0,0.0,0,1645981,0.0,
46,6,Continuously Retrained Ensemble,True,1.4688,1.5505,7800,1219257,0.0,
46,6,Event-Driven Ensemble (Custom Dual-Trigger),False,0.0,0.0,0,1193929,0.0,
46,6,Event-Driven Ensemble (ADWIN),False,0.0,0.0,0,1193929,0.0,
46,6,Event-Driven Ensemble (DDM),False,0.0,0.0,0,1193929,0.0,
46,6,Event-Driven Ensemble (EDDM),True,1.4375,1.5317,7800,1219257,0.0,
46,6,Event-Driven Ensemble (Page-Hinkley),False,0.0,0.0,0,1218409,0.0,
46,6,Warm-Start Ensemble,False,0.0,0.0,0,732954,0.0,
46,6,Component-Selective Ensemble,False,0.0,0.0,0,1193929,0.0,
46,6,Adaptive Random Forest (river),False,2.3438,2.4845,500,1337567,0.0,
46,6,Streaming Random Patches (river),False,4.8281,5.1313,500,7066936,0.0,
46,6,Two-Tier Hybrid Ensemble,False,0.1719,0.1718,0,1296368,0.0,
46,7,Frozen Model,False,0.0,0.0,0,863552,0.0,
46,7,Frozen Ensemble,False,0.0,0.0,0,1645981,0.0,
46,7,Continuously Retrained Ensemble,True,1.4375,1.5223,7800,1284898,0.0195,
46,7,Event-Driven Ensemble (Custom Dual-Trigger),False,0.0,0.0,0,1193929,0.0,
46,7,Event-Driven Ensemble (ADWIN),True,1.4688,1.5611,7800,1284898,0.0,
46,7,Event-Driven Ensemble (DDM),True,1.4688,1.5021,7800,1284898,0.0,
46,7,Event-Driven Ensemble (EDDM),True,1.5156,1.5692,7800,1284898,0.0,
46,7,Event-Driven Ensemble (Page-Hinkley),False,0.0,0.0,0,1218409,0.0,
46,7,Warm-Start Ensemble,False,0.0,0.0,0,732954,0.0,
46,7,Component-Selective Ensemble,False,0.0,0.0,0,1193929,0.0,
46,7,Adaptive Random Forest (river),False,2.5781,2.7709,500,1479907,0.0,
46,7,Streaming Random Patches (river),False,4.8906,5.1861,500,7582238,0.0,
46,7,Two-Tier Hybrid Ensemble,False,0.1562,0.1714,0,1297229,0.0,
46,8,Frozen Model,False,0.0,0.0,0,863552,0.0,
46,8,Frozen Ensemble,False,0.0,0.0,0,1645981,0.0,
46,8,Continuously Retrained Ensemble,True,1.5,1.5827,7800,1274498,0.1562,
46,8,Event-Driven Ensemble (Custom Dual-Trigger),False,0.0,0.0,0,1193929,0.0,
46,8,Event-Driven Ensemble (ADWIN),True,1.4844,1.5172,7800,1274498,0.0,
46,8,Event-Driven Ensemble (DDM),False,0.0,0.0,0,1284898,0.0,
46,8,Event-Driven Ensemble (EDDM),True,1.4688,1.5834,7800,1274498,0.0,
46,8,Event-Driven Ensemble (Page-Hinkley),False,0.0,0.0,0,1218409,0.0,
46,8,Warm-Start Ensemble,False,0.0,0.0,0,732954,0.0,
46,8,Component-Selective Ensemble,False,0.0,0.0,0,1193929,0.0,
46,8,Adaptive Random Forest (river),False,2.2969,2.3693,500,134228,0.0,
46,8,Streaming Random Patches (river),False,5.0312,5.3661,500,7384471,0.0,
46,8,Two-Tier Hybrid Ensemble,False,0.1875,0.1938,0,1296639,0.0,
46,9,Frozen Model,False,0.0,0.0,0,863552,0.0,
46,9,Frozen Ensemble,False,0.0,0.0,0,1645981,0.0,
46,9,Continuously Retrained Ensemble,True,1.4531,1.54,7800,1284802,0.1523,
46,9,Event-Driven Ensemble (Custom Dual-Trigger),False,0.0,0.0,0,1193929,0.0,
46,9,Event-Driven Ensemble (ADWIN),False,0.0,0.0,0,1274498,0.0,
46,9,Event-Driven Ensemble (DDM),True,1.5,1.5653,7800,1284802,0.0,
46,9,Event-Driven Ensemble (EDDM),True,1.4688,1.5984,7800,1284802,0.0,
46,9,Event-Driven Ensemble (Page-Hinkley),False,0.0,0.0,0,1218409,0.0,
46,9,Warm-Start Ensemble,False,0.0,0.0,0,732954,0.0,
46,9,Component-Selective Ensemble,False,0.0,0.0,0,1193929,0.0,
46,9,Adaptive Random Forest (river),False,1.8438,1.9548,500,1127111,0.0,
46,9,Streaming Random Patches (river),False,5.5625,5.9795,500,9108925,0.0,
46,9,Two-Tier Hybrid Ensemble,False,0.1406,0.169,0,1296850,0.0,
46,10,Frozen Model,False,0.0,0.0,0,863552,0.0,
46,10,Frozen Ensemble,False,0.0,0.0,0,1645981,0.0,
46,10,Continuously Retrained Ensemble,True,1.4531,1.5359,7800,1290450,0.1562,
46,10,Event-Driven Ensemble (Custom Dual-Trigger),True,1.4219,1.5267,7800,1290450,0.0,
46,10,Event-Driven Ensemble (ADWIN),True,1.4531,1.6078,7800,1290450,0.0,
46,10,Event-Driven Ensemble (DDM),True,1.5469,1.6148,7800,1290450,0.0,
46,10,Event-Driven Ensemble (EDDM),True,1.5312,1.5473,7800,1290450,0.0,
46,10,Event-Driven Ensemble (Page-Hinkley),True,1.4375,1.5534,7800,1290450,0.0039,
46,10,Warm-Start Ensemble,True,0.3125,0.3424,1500,724186,0.0,
46,10,Component-Selective Ensemble,True,0.6094,0.6359,7800,1290450,0.0,"RF,ET,GB"
46,10,Adaptive Random Forest (river),False,2.2031,2.3145,500,1042078,0.0,
46,10,Streaming Random Patches (river),False,5.8281,6.2543,500,11009865,0.0,
46,10,Two-Tier Hybrid Ensemble,True,1.6719,1.8482,7800,1410083,0.0,
46,11,Frozen Model,False,0.0,0.0,0,863552,0.0,
46,11,Frozen Ensemble,False,0.0,0.0,0,1645981,0.0,
46,11,Continuously Retrained Ensemble,True,1.5625,2.1604,7800,1284546,0.0,
46,11,Event-Driven Ensemble (Custom Dual-Trigger),False,0.0,0.0,0,1290450,0.0,
46,11,Event-Driven Ensemble (ADWIN),False,0.0,0.0,0,1290450,0.0,
46,11,Event-Driven Ensemble (DDM),True,1.5,1.6491,7800,1284546,0.0078,
46,11,Event-Driven Ensemble (EDDM),True,1.4219,1.5771,7800,1284546,0.0,
46,11,Event-Driven Ensemble (Page-Hinkley),False,0.0,0.0,0,1290450,0.0,
46,11,Warm-Start Ensemble,False,0.0,0.0,0,724186,0.0,
46,11,Component-Selective Ensemble,False,0.0,0.0,0,1290450,0.0,
46,11,Adaptive Random Forest (river),False,2.4062,2.6873,500,1451401,0.0,
46,11,Streaming Random Patches (river),False,5.9844,6.314,500,12210709,0.0,
46,11,Two-Tier Hybrid Ensemble,False,0.1562,0.1921,0,1459557,0.0,
46,12,Frozen Model,False,0.0,0.0,0,863552,0.0,
46,12,Frozen Ensemble,False,0.0,0.0,0,1645981,0.0,
46,12,Continuously Retrained Ensemble,True,1.4844,1.5587,7800,1265682,0.1016,
46,12,Event-Driven Ensemble (Custom Dual-Trigger),True,1.4844,1.5779,7800,1265682,0.0,
46,12,Event-Driven Ensemble (ADWIN),True,1.5156,1.5949,7800,1265682,0.0,
46,12,Event-Driven Ensemble (DDM),True,1.4688,1.6364,7800,1265682,0.0,
46,12,Event-Driven Ensemble (EDDM),True,1.4219,1.4367,7800,1265682,0.0,
46,12,Event-Driven Ensemble (Page-Hinkley),False,0.0,0.0,0,1290450,0.0,
46,12,Warm-Start Ensemble,True,0.3438,0.3617,1500,711322,0.0,
46,12,Component-Selective Ensemble,True,0.2969,0.301,1800,1287282,0.0,GB
46,12,Adaptive Random Forest (river),False,2.2188,2.3678,500,781949,0.0,
46,12,Streaming Random Patches (river),False,5.8594,6.1053,500,11943114,0.0,
46,12,Two-Tier Hybrid Ensemble,True,1.6406,1.7729,7800,1465502,0.0,
46,13,Frozen Model,False,0.0,0.0,0,863552,0.0,
46,13,Frozen Ensemble,False,0.0,0.0,0,1645981,0.0,
46,13,Continuously Retrained Ensemble,True,1.4531,1.5855,7800,1292322,0.0039,
46,13,Event-Driven Ensemble (Custom Dual-Trigger),True,1.5781,1.7141,7800,1292322,0.0,
46,13,Event-Driven Ensemble (ADWIN),True,1.4062,1.5508,7800,1292322,0.0,
46,13,Event-Driven Ensemble (DDM),True,1.4375,1.5127,7800,1292322,0.0,
46,13,Event-Driven Ensemble (EDDM),True,1.4375,1.5412,7800,1292322,0.0,
46,13,Event-Driven Ensemble (Page-Hinkley),False,0.0,0.0,0,1290450,0.0,
46,13,Warm-Start Ensemble,False,0.0,0.0,0,711322,0.0,
46,13,Component-Selective Ensemble,True,0.2656,0.2515,1800,1289442,0.0,GB
46,13,Adaptive Random Forest (river),False,2.2031,2.3438,500,1561648,0.0,
46,13,Streaming Random Patches (river),False,5.4531,5.7979,500,11212060,0.0,
46,13,Two-Tier Hybrid Ensemble,True,1.6406,1.7746,7800,1462146,0.0,
46,14,Frozen Model,False,0.0,0.0,0,863552,0.0,
46,14,Frozen Ensemble,False,0.0,0.0,0,1645981,0.0,
46,14,Continuously Retrained Ensemble,True,1.3906,1.5526,7800,1263970,0.0078,
46,14,Event-Driven Ensemble (Custom Dual-Trigger),False,0.0,0.0,0,1292322,0.0,
46,14,Event-Driven Ensemble (ADWIN),False,0.0,0.0,0,1292322,0.0,
46,14,Event-Driven Ensemble (DDM),True,1.3438,1.4975,7800,1263970,0.0,
46,14,Event-Driven Ensemble (EDDM),True,1.4219,1.5291,7800,1263970,0.0,
46,14,Event-Driven Ensemble (Page-Hinkley),True,1.5156,1.5683,7800,1263970,0.0,
46,14,Warm-Start Ensemble,False,0.0,0.0,0,711322,0.0,
46,14,Component-Selective Ensemble,False,0.0,0.0,0,1289442,0.0,
46,14,Adaptive Random Forest (river),False,2.7344,2.884,500,2357219,0.0,
46,14,Streaming Random Patches (river),False,5.25,5.6713,500,10718093,0.0,
46,14,Two-Tier Hybrid Ensemble,False,0.1562,0.1599,0,1525440,0.0,
46,15,Frozen Model,False,0.0,0.0,0,863552,0.0,
46,15,Frozen Ensemble,False,0.0,0.0,0,1645981,0.0,
46,15,Continuously Retrained Ensemble,True,1.4531,1.6118,7800,1296738,0.1523,
46,15,Event-Driven Ensemble (Custom Dual-Trigger),False,0.0,0.0,0,1292322,0.0,
46,15,Event-Driven Ensemble (ADWIN),True,1.5312,1.6202,7800,1296738,0.0,
46,15,Event-Driven Ensemble (DDM),True,1.4688,1.5647,7800,1296738,0.0,
46,15,Event-Driven Ensemble (EDDM),True,1.4844,1.5485,7800,1296738,0.0,
46,15,Event-Driven Ensemble (Page-Hinkley),False,0.0,0.0,0,1263970,0.0,
46,15,Warm-Start Ensemble,True,0.2812,0.3223,1500,706666,0.0,
46,15,Component-Selective Ensemble,False,0.0,0.0,0,1289442,0.0,
46,15,Adaptive Random Forest (river),False,1.8125,1.9152,500,574787,0.0,
46,15,Streaming Random Patches (river),False,5.2344,6.1245,500,7191028,0.0,
46,15,Two-Tier Hybrid Ensemble,False,0.375,0.3975,0,1526015,0.0,
46,16,Frozen Model,False,0.0,0.0,0,863552,0.0,
46,16,Frozen Ensemble,False,0.0,0.0,0,1645981,0.0,
46,16,Continuously Retrained Ensemble,True,1.7188,2.1252,7800,1285298,0.1406,
46,16,Event-Driven Ensemble (Custom Dual-Trigger),False,0.0,0.0,0,1292322,0.0,
46,16,Event-Driven Ensemble (ADWIN),True,1.625,1.6913,7800,1285298,0.0,
46,16,Event-Driven Ensemble (DDM),False,0.0,0.0,0,1296738,0.0,
46,16,Event-Driven Ensemble (EDDM),True,1.6094,1.7233,7800,1285298,0.0,
46,16,Event-Driven Ensemble (Page-Hinkley),True,1.625,1.7214,7800,1285298,0.0,
46,16,Warm-Start Ensemble,False,0.0,0.0,0,706666,0.0,
46,16,Component-Selective Ensemble,False,0.0,0.0,0,1289442,0.0,
46,16,Adaptive Random Forest (river),False,2.0625,2.1504,500,260912,0.0,
46,16,Streaming Random Patches (river),False,4.9531,5.1692,500,4046790,0.0,
46,16,Two-Tier Hybrid Ensemble,False,0.2656,0.2845,0,1526766,0.0,
46,17,Frozen Model,False,0.0,0.0,0,863552,0.0,
46,17,Frozen Ensemble,False,0.0,0.0,0,1645981,0.0,
46,17,Continuously Retrained Ensemble,True,1.5,1.5942,7800,1300491,0.0039,
46,17,Event-Driven Ensemble (Custom Dual-Trigger),False,0.0,0.0,0,1292322,0.0,
46,17,Event-Driven Ensemble (ADWIN),True,1.4531,1.5545,7800,1300491,0.0,
46,17,Event-Driven Ensemble (DDM),True,1.4844,1.6223,7800,1300491,0.0,
46,17,Event-Driven Ensemble (EDDM),True,1.6406,1.8968,7800,1300491,0.0,
46,17,Event-Driven Ensemble (Page-Hinkley),True,1.2031,1.3316,7800,1300491,0.0,
46,17,Warm-Start Ensemble,False,0.0,0.0,0,706666,0.0,
46,17,Component-Selective Ensemble,False,0.0,0.0,0,1289442,0.0,
46,17,Adaptive Random Forest (river),False,1.2969,1.5199,500,1259254,0.0,
46,17,Streaming Random Patches (river),False,4.9219,5.307,500,2820958,0.0,
46,17,Two-Tier Hybrid Ensemble,False,0.375,0.3966,0,1527362,0.0,
46,18,Frozen Model,False,0.0,0.0,0,863552,0.0,
46,18,Frozen Ensemble,False,0.0,0.0,0,1645981,0.0,
46,18,Continuously Retrained Ensemble,True,1.5469,2.2471,7800,1307483,0.0195,
46,18,Event-Driven Ensemble (Custom Dual-Trigger),False,0.0,0.0,0,1292322,0.0,
46,18,Event-Driven Ensemble (ADWIN),True,1.4219,2.1697,7800,1307483,0.0,
46,18,Event-Driven Ensemble (DDM),True,1.875,3.8888,7800,1307483,0.0,
46,18,Event-Driven Ensemble (EDDM),True,1.7188,2.6082,7800,1307483,0.0,
46,18,Event-Driven Ensemble (Page-Hinkley),False,0.0,0.0,0,1300491,0.0,
46,18,Warm-Start Ensemble,True,0.4062,0.4665,1500,752355,0.0,
46,18,Component-Selective Ensemble,False,0.0,0.0,0,1289442,0.0,
46,18,Adaptive Random Forest (river),False,2.3125,3.6267,500,798221,0.0,
46,18,Streaming Random Patches (river),False,4.9688,6.8703,500,2775775,0.0,
46,18,Two-Tier Hybrid Ensemble,True,2.0938,3.1257,7800,1540689,0.0,
46,19,Frozen Model,False,0.0,0.0,0,863552,0.0,
46,19,Frozen Ensemble,False,0.0,0.0,0,1645981,0.0,
46,19,Continuously Retrained Ensemble,True,1.7656,2.8986,7800,1342507,0.0,
46,19,Event-Driven Ensemble (Custom Dual-Trigger),False,0.0,0.0,0,1292322,0.0,
46,19,Event-Driven Ensemble (ADWIN),False,0.0,0.0,0,1307483,0.0,
46,19,Event-Driven Ensemble (DDM),True,1.8125,3.2304,7800,1342507,0.0,
46,19,Event-Driven Ensemble (EDDM),True,2.0781,3.3456,7800,1342507,0.0,
46,19,Event-Driven Ensemble (Page-Hinkley),False,0.0,0.0,0,1300491,0.0,
46,19,Warm-Start Ensemble,False,0.0,0.0,0,752355,0.0,
46,19,Component-Selective Ensemble,False,0.0,0.0,0,1289442,0.0,
46,19,Adaptive Random Forest (river),False,3.3594,4.2609,500,900844,0.0,
46,19,Streaming Random Patches (river),False,5.5312,6.6843,500,3935652,0.0,
46,19,Two-Tier Hybrid Ensemble,False,0.3438,0.3766,0,1542200,0.0,
46,20,Frozen Model,False,0.0,0.0,0,863552,0.0,
46,20,Frozen Ensemble,False,0.0,0.0,0,1645981,0.0,
46,20,Continuously Retrained Ensemble,True,1.9531,2.5923,7800,1254905,0.0039,
46,20,Event-Driven Ensemble (Custom Dual-Trigger),False,0.0,0.0,0,1292322,0.0,
46,20,Event-Driven Ensemble (ADWIN),True,1.8438,2.1483,7800,1254905,0.0,
46,20,Event-Driven Ensemble (DDM),True,1.9219,2.5788,7800,1254905,0.0,
46,20,Event-Driven Ensemble (EDDM),True,1.9375,2.5168,7800,1254905,0.0,
46,20,Event-Driven Ensemble (Page-Hinkley),True,1.8281,2.4194,7800,1254905,0.0,
46,20,Warm-Start Ensemble,False,0.0,0.0,0,752355,0.0,
46,20,Component-Selective Ensemble,False,0.0,0.0,0,1289442,0.0,
46,20,Adaptive Random Forest (river),False,2.2188,2.5931,500,1182554,0.0,
46,20,Streaming Random Patches (river),False,4.6406,4.8647,500,2697535,0.0,
46,20,Two-Tier Hybrid Ensemble,False,0.3281,0.3841,0,1540713,0.0,
46,21,Frozen Model,False,0.0,0.0,0,863552,0.0,
46,21,Frozen Ensemble,False,0.0,0.0,0,1645981,0.0,
46,21,Continuously Retrained Ensemble,True,1.5781,1.8291,7800,1196089,0.0,
46,21,Event-Driven Ensemble (Custom Dual-Trigger),True,1.6562,1.8092,7800,1196089,0.0,
46,21,Event-Driven Ensemble (ADWIN),False,0.0,0.0,0,1254905,0.0,
46,21,Event-Driven Ensemble (DDM),True,1.5312,1.6588,7800,1196089,0.0,
46,21,Event-Driven Ensemble (EDDM),True,1.6094,1.7923,7800,1196089,0.0,
46,21,Event-Driven Ensemble (Page-Hinkley),False,0.0,0.0,0,1254905,0.0,
46,21,Warm-Start Ensemble,True,0.3594,0.3567,1500,737043,0.0,
46,21,Component-Selective Ensemble,True,0.8125,0.8088,7800,1196089,0.0,"RF,ET,GB"
46,21,Adaptive Random Forest (river),False,2.1875,2.3814,500,947652,0.0,
46,21,Streaming Random Patches (river),False,4.3438,4.6728,500,2644764,0.0,
46,21,Two-Tier Hybrid Ensemble,True,1.9531,2.2366,7800,1429642,0.0,
46,22,Frozen Model,False,0.0,0.0,0,863552,0.0,
46,22,Frozen Ensemble,False,0.0,0.0,0,1645981,0.0,
46,22,Continuously Retrained Ensemble,True,1.6562,1.8659,7800,1248434,0.0,
46,22,Event-Driven Ensemble (Custom Dual-Trigger),True,1.5781,2.0964,7800,1248434,0.0039,
46,22,Event-Driven Ensemble (ADWIN),True,1.6719,2.3298,7800,1248434,0.0,
46,22,Event-Driven Ensemble (DDM),True,1.7344,1.9862,7800,1248434,0.0,
46,22,Event-Driven Ensemble (EDDM),True,1.5938,1.7466,7800,1248434,0.0,
46,22,Event-Driven Ensemble (Page-Hinkley),False,0.0,0.0,0,1254905,0.0,
46,22,Warm-Start Ensemble,True,0.375,0.4018,1500,704456,0.0,
46,22,Component-Selective Ensemble,True,0.3125,0.3186,1800,1193065,0.0,GB
46,22,Adaptive Random Forest (river),False,2.5625,2.6284,500,1649926,0.0,
46,22,Streaming Random Patches (river),False,4.375,4.7238,500,3958175,0.0,
46,22,Two-Tier Hybrid Ensemble,True,1.8594,1.9771,7800,1482918,0.0,
46,23,Frozen Model,False,0.0,0.0,0,863552,0.0,
46,23,Frozen Ensemble,False,0.0,0.0,0,1645981,0.0,
46,23,Continuously Retrained Ensemble,True,1.4688,1.5957,7800,1259682,0.0,
46,23,Event-Driven Ensemble (Custom Dual-Trigger),True,1.5469,1.6008,7800,1259682,0.0,
46,23,Event-Driven Ensemble (ADWIN),True,1.5625,1.6821,7800,1259682,0.0,
46,23,Event-Driven Ensemble (DDM),True,1.5625,1.6763,7800,1259682,0.0,
46,23,Event-Driven Ensemble (EDDM),True,1.4688,1.5269,7800,1259682,0.0,
46,23,Event-Driven Ensemble (Page-Hinkley),False,0.0,0.0,0,1254905,0.0,
46,23,Warm-Start Ensemble,True,0.3438,0.3624,1500,714680,0.0,
46,23,Component-Selective Ensemble,True,0.25,0.2569,1800,1195513,0.0,GB
46,23,Adaptive Random Forest (river),False,2.4062,2.5407,500,337107,0.0,
46,23,Streaming Random Patches (river),False,3.9062,4.1632,500,3091367,0.0,
46,23,Two-Tier Hybrid Ensemble,True,1.6562,1.8078,7800,1493762,0.0,
46,24,Frozen Model,False,0.0,0.0,0,863552,0.0,
46,24,Frozen Ensemble,False,0.0,0.0,0,1645981,0.0,
46,24,Continuously Retrained Ensemble,True,1.5312,1.6004,7800,1280930,0.0,
46,24,Event-Driven Ensemble (Custom Dual-Trigger),True,1.5469,1.6876,7800,1280930,0.0,
46,24,Event-Driven Ensemble (ADWIN),True,1.4688,1.5702,7800,1280930,0.0039,
46,24,Event-Driven Ensemble (DDM),True,1.4219,1.5635,7800,1280930,0.0,
46,24,Event-Driven Ensemble (EDDM),True,1.5156,1.5491,7800,1280930,0.0,
46,24,Event-Driven Ensemble (Page-Hinkley),False,0.0,0.0,0,1254905,0.0,
46,24,Warm-Start Ensemble,True,0.2969,0.3218,1500,728072,0.0,
46,24,Component-Selective Ensemble,True,0.2656,0.2972,1800,1197241,0.0,GB
46,24,Adaptive Random Forest (river),False,2.0,2.2104,500,1023701,0.0,
46,24,Streaming Random Patches (river),False,4.0938,4.2042,500,4185503,0.0,
46,24,Two-Tier Hybrid Ensemble,True,1.8594,1.9873,7800,1564742,0.0,
46,25,Frozen Model,False,0.0,0.0,0,863552,0.0,
46,25,Frozen Ensemble,False,0.0,0.0,0,1645981,0.0,
46,25,Continuously Retrained Ensemble,True,1.5312,1.5748,7800,1276866,0.0,
46,25,Event-Driven Ensemble (Custom Dual-Trigger),False,0.0,0.0,0,1280930,0.0,
46,25,Event-Driven Ensemble (ADWIN),False,0.0,0.0,0,1280930,0.0,
46,25,Event-Driven Ensemble (DDM),True,1.4844,1.5554,7800,1276866,0.0,
46,25,Event-Driven Ensemble (EDDM),True,1.4688,1.5577,7800,1276866,0.0,
46,25,Event-Driven Ensemble (Page-Hinkley),True,1.4062,1.507,7800,1276866,0.0,
46,25,Warm-Start Ensemble,False,0.0,0.0,0,728072,0.0,
46,25,Component-Selective Ensemble,False,0.0,0.0,0,1197241,0.0,
46,25,Adaptive Random Forest (river),False,2.8125,4.1832,500,2708267,0.0,
46,25,Streaming Random Patches (river),False,5.9219,8.2331,500,5955043,0.0,
46,25,Two-Tier Hybrid Ensemble,False,0.5156,0.6662,0,1595272,0.0,
46,26,Frozen Model,False,0.0,0.0,0,863552,0.0,
46,26,Frozen Ensemble,False,0.0,0.0,0,1645981,0.0,
46,26,Continuously Retrained Ensemble,True,1.9062,2.237,7800,1285714,0.0195,
46,26,Event-Driven Ensemble (Custom Dual-Trigger),True,1.9375,2.6132,7800,1285714,0.0,
46,26,Event-Driven Ensemble (ADWIN),True,1.7969,2.3968,7800,1285714,0.0,
46,26,Event-Driven Ensemble (DDM),True,1.875,2.8707,7800,1285714,0.0,
46,26,Event-Driven Ensemble (EDDM),True,1.7656,2.0456,7800,1285714,0.0,
46,26,Event-Driven Ensemble (Page-Hinkley),False,0.0,0.0,0,1276866,0.0,
46,26,Warm-Start Ensemble,True,0.4062,0.5995,1500,694824,0.0,
46,26,Component-Selective Ensemble,True,0.6562,0.656,7800,1285714,0.0,"RF,ET,GB"
46,26,Adaptive Random Forest (river),False,3.2031,4.3745,500,953186,0.0,
46,26,Streaming Random Patches (river),False,6.9219,9.5287,500,7195683,0.0,
46,26,Two-Tier Hybrid Ensemble,True,2.6406,4.7715,7800,1649494,0.0,
46,27,Frozen Model,False,0.0,0.0,0,863552,0.0,
46,27,Frozen Ensemble,False,0.0,0.0,0,1645981,0.0,
46,27,Continuously Retrained Ensemble,True,1.7031,2.2734,7800,1278786,0.2305,
46,27,Event-Driven Ensemble (Custom Dual-Trigger),False,0.0,0.0,0,1285714,0.0,
46,27,Event-Driven Ensemble (ADWIN),False,0.0,0.0,0,1285714,0.0,
46,27,Event-Driven Ensemble (DDM),True,1.7031,2.1865,7800,1278786,0.0117,
46,27,Event-Driven Ensemble (EDDM),True,1.7188,2.0947,7800,1278786,0.0078,
46,27,Event-Driven Ensemble (Page-Hinkley),False,0.0,0.0,0,1276866,0.0,
46,27,Warm-Start Ensemble,False,0.0,0.0,0,694824,0.0,
46,27,Component-Selective Ensemble,False,0.0,0.0,0,1285714,0.0,
46,27,Adaptive Random Forest (river),False,2.8281,4.0512,500,804700,0.0,
46,27,Streaming Random Patches (river),False,6.3125,8.4331,500,8524479,0.0,
46,27,Two-Tier Hybrid Ensemble,False,0.4219,0.5524,0,1651020,0.0,
46,28,Frozen Model,False,0.0,0.0,0,863552,0.0,
46,28,Frozen Ensemble,False,0.0,0.0,0,1645981,0.0,
46,28,Continuously Retrained Ensemble,True,2.0156,2.7158,7800,1287810,0.1523,
46,28,Event-Driven Ensemble (Custom Dual-Trigger),True,1.5625,3.679,7800,1287810,0.0,
46,28,Event-Driven Ensemble (ADWIN),False,0.0,0.0,0,1285714,0.0,
46,28,Event-Driven Ensemble (DDM),False,0.0,0.0,0,1278786,0.0,
46,28,Event-Driven Ensemble (EDDM),False,0.0,0.0,0,1278786,0.0,
46,28,Event-Driven Ensemble (Page-Hinkley),True,1.7188,1.9783,7800,1287810,0.0,
46,28,Warm-Start Ensemble,True,0.3906,0.4068,1500,637599,0.0,
46,28,Component-Selective Ensemble,True,0.2656,0.2725,1800,1284130,0.0,GB
46,28,Adaptive Random Forest (river),False,2.2344,2.3543,500,1515839,0.0,
46,28,Streaming Random Patches (river),False,4.9219,5.2117,500,9595030,0.0391,
46,28,Two-Tier Hybrid Ensemble,True,1.6562,1.7991,7800,1327402,0.0,
46,29,Frozen Model,False,0.0,0.0,0,863552,0.0,
46,29,Frozen Ensemble,False,0.0,0.0,0,1645981,0.0,
46,29,Continuously Retrained Ensemble,True,1.4688,1.5841,7800,1285634,0.0,
46,29,Event-Driven Ensemble (Custom Dual-Trigger),True,1.5,1.6538,7800,1285634,0.0,
46,29,Event-Driven Ensemble (ADWIN),True,1.4219,1.5427,7800,1285634,0.0,
46,29,Event-Driven Ensemble (DDM),True,1.5,1.5881,7800,1285634,0.0,
46,29,Event-Driven Ensemble (EDDM),True,1.4531,1.5458,7800,1285634,0.0,
46,29,Event-Driven Ensemble (Page-Hinkley),False,0.0,0.0,0,1287810,0.0,
46,29,Warm-Start Ensemble,True,0.2969,0.3218,1500,618945,0.0,
46,29,Component-Selective Ensemble,True,0.6719,0.6785,7800,1285634,0.0,"RF,ET,GB"
46,29,Adaptive Random Forest (river),False,1.9062,2.1083,500,584362,0.0,
46,29,Streaming Random Patches (river),False,4.9688,5.294,500,9273338,0.0,
46,29,Two-Tier Hybrid Ensemble,True,1.5,2.2634,7800,1356574,0.0,
46,30,Frozen Model,False,0.0,0.0,0,863552,0.0,
46,30,Frozen Ensemble,False,0.0,0.0,0,1645981,0.0,
46,30,Continuously Retrained Ensemble,True,0.6406,0.9728,7800,1289666,0.0078,
46,30,Event-Driven Ensemble (Custom Dual-Trigger),True,0.5469,0.6788,7800,1289666,0.0,
46,30,Event-Driven Ensemble (ADWIN),True,0.5938,0.7114,7800,1289666,0.0,
46,30,Event-Driven Ensemble (DDM),True,0.625,0.7097,7800,1289666,0.0,
46,30,Event-Driven Ensemble (EDDM),True,0.625,0.6879,7800,1289666,0.0,
46,30,Event-Driven Ensemble (Page-Hinkley),False,0.0,0.0,0,1287810,0.0,
46,30,Warm-Start Ensemble,True,0.0938,0.3054,1500,665738,0.0,
46,30,Component-Selective Ensemble,True,0.2344,0.2914,1800,1283906,0.0,GB
46,30,Adaptive Random Forest (river),False,0.9531,1.0043,500,496120,0.0,
46,30,Streaming Random Patches (river),False,2.1094,3.0136,500,10631675,0.0273,
46,30,Two-Tier Hybrid Ensemble,True,0.7344,0.9193,7800,1392735,0.0,
46,31,Frozen Model,False,0.0,0.0,0,863552,0.0,
46,31,Frozen Ensemble,False,0.0,0.0,0,1645981,0.0,
46,31,Continuously Retrained Ensemble,True,0.6719,0.8224,7800,1314475,0.0,
46,31,Event-Driven Ensemble (Custom Dual-Trigger),True,0.6406,0.6741,7800,1314475,0.0,
46,31,Event-Driven Ensemble (ADWIN),True,0.5469,0.647,7800,1314475,0.0039,
46,31,Event-Driven Ensemble (DDM),True,0.625,0.6551,7800,1314475,0.0,
46,31,Event-Driven Ensemble (EDDM),True,0.6094,0.8647,7800,1314475,0.0,
46,31,Event-Driven Ensemble (Page-Hinkley),True,0.9375,1.0415,7800,1314475,0.0,
46,31,Warm-Start Ensemble,True,0.2344,0.2674,1500,692650,0.0,
46,31,Component-Selective Ensemble,True,0.3125,0.327,3500,1304875,0.0,RF
46,31,Adaptive Random Forest (river),False,1.2031,1.7238,500,277655,0.0,
46,31,Streaming Random Patches (river),False,2.7969,4.563,500,7668276,0.0,
46,31,Two-Tier Hybrid Ensemble,True,0.9531,1.8881,7800,1417053,0.0,
46,32,Frozen Model,False,0.0,0.0,0,863552,0.0,
46,32,Frozen Ensemble,False,0.0,0.0,0,1645981,0.0,
46,32,Continuously Retrained Ensemble,True,0.9844,1.3095,7800,1274850,0.0156,
46,32,Event-Driven Ensemble (Custom Dual-Trigger),False,0.0,0.0,0,1314475,0.0,
46,32,Event-Driven Ensemble (ADWIN),True,0.8438,1.3306,7800,1274850,0.0,
46,32,Event-Driven Ensemble (DDM),True,0.9844,1.2338,7800,1274850,0.0,
46,32,Event-Driven Ensemble (EDDM),True,0.9375,1.2704,7800,1274850,0.0,
46,32,Event-Driven Ensemble (Page-Hinkley),True,1.0,1.1586,7800,1274850,0.0,
46,32,Warm-Start Ensemble,False,0.0,0.0,0,692650,0.0,
46,32,Component-Selective Ensemble,False,0.0,0.0,0,1304875,0.0,
46,32,Adaptive Random Forest (river),False,1.3281,1.7868,500,1077685,0.0,
46,32,Streaming Random Patches (river),False,2.8125,4.15,500,4745419,0.0,
46,32,Two-Tier Hybrid Ensemble,False,0.125,0.1495,0,1417302,0.0,
46,33,Frozen Model,False,0.0,0.0,0,863552,0.0,
46,33,Frozen Ensemble,False,0.0,0.0,0,1645981,0.0,
46,33,Continuously Retrained Ensemble,True,1.0156,1.2619,7800,1305090,0.0117,
46,33,Event-Driven Ensemble (Custom Dual-Trigger),False,0.0,0.0,0,1314475,0.0,
46,33,Event-Driven Ensemble (ADWIN),False,0.0,0.0,0,1274850,0.0,
46,33,Event-Driven Ensemble (DDM),True,0.9219,1.1046,7800,1305090,0.0,
46,33,Event-Driven Ensemble (EDDM),True,0.8281,0.987,7800,1305090,0.0,
46,33,Event-Driven Ensemble (Page-Hinkley),False,0.0,0.0,0,1274850,0.0,
46,33,Warm-Start Ensemble,False,0.0,0.0,0,692650,0.0,
46,33,Component-Selective Ensemble,False,0.0,0.0,0,1304875,0.0,
46,33,Adaptive Random Forest (river),False,1.1875,1.6182,500,2498458,0.0,
46,33,Streaming Random Patches (river),False,2.5781,4.2695,500,1874686,0.0,
46,33,Two-Tier Hybrid Ensemble,False,0.0312,0.0762,0,1352333,0.0,
46,34,Frozen Model,False,0.0,0.0,0,863552,0.0,
46,34,Frozen Ensemble,False,0.0,0.0,0,1645981,0.0,
46,34,Continuously Retrained Ensemble,True,0.8906,1.5243,7800,1310395,0.0,
46,34,Event-Driven Ensemble (Custom Dual-Trigger),True,0.875,1.6611,7800,1310395,0.0,
46,34,Event-Driven Ensemble (ADWIN),True,0.875,1.9149,7800,1310395,0.0,
46,34,Event-Driven Ensemble (DDM),True,0.9062,1.54,7800,1310395,0.0,
46,34,Event-Driven Ensemble (EDDM),True,0.8594,1.1411,7800,1310395,0.0,
46,34,Event-Driven Ensemble (Page-Hinkley),True,0.8125,1.0019,7800,1310395,0.0,
46,34,Warm-Start Ensemble,True,0.1875,0.1895,1500,652769,0.0,
46,34,Component-Selective Ensemble,True,0.75,0.7831,7800,1310395,0.0,"RF,ET,GB"
46,34,Adaptive Random Forest (river),False,1.2031,1.9214,500,630003,0.0,
46,34,Streaming Random Patches (river),False,2.0938,2.855,500,795059,0.0,
46,34,Two-Tier Hybrid Ensemble,True,0.8906,1.1726,7800,1347361,0.0,
46,35,Frozen Model,False,0.0,0.0,0,863552,0.0,
46,35,Frozen Ensemble,False,0.0,0.0,0,1645981,0.0,
46,35,Continuously Retrained Ensemble,True,0.9375,0.9403,7800,1219618,0.125,
46,35,Event-Driven Ensemble (Custom Dual-Trigger),True,0.875,0.9062,7800,1219618,0.0,
46,35,Event-Driven Ensemble (ADWIN),True,0.8438,0.9173,7800,1219618,0.0,
46,35,Event-Driven Ensemble (DDM),True,0.7812,0.8337,7800,1219618,0.0,
46,35,Event-Driven Ensemble (EDDM),True,0.7969,0.8553,7800,1219618,0.0,
46,35,Event-Driven Ensemble (Page-Hinkley),False,0.0,0.0,0,1310395,0.0,
46,35,Warm-Start Ensemble,True,0.1562,0.2363,1500,602561,0.0,
46,35,Component-Selective Ensemble,True,0.2969,0.3007,1800,1309387,0.0,GB
46,35,Adaptive Random Forest (river),False,0.8438,0.8454,500,400500,0.0,
46,35,Streaming Random Patches (river),False,1.7188,1.7559,500,1150873,0.0,
46,35,Two-Tier Hybrid Ensemble,True,0.6094,0.6012,7800,1257131,0.0,
46,36,Frozen Model,False,0.0,0.0,0,863552,0.0,
46,36,Frozen Ensemble,False,0.0,0.0,0,1645981,0.0,
46,36,Continuously Retrained Ensemble,True,0.5625,0.5407,7800,1195369,0.0039,
46,36,Event-Driven Ensemble (Custom Dual-Trigger),False,0.0,0.0,0,1219618,0.0,
46,36,Event-Driven Ensemble (ADWIN),True,0.625,0.6184,7800,1195369,0.0,
46,36,Event-Driven Ensemble (DDM),True,0.5469,0.5466,7800,1195369,0.0,
46,36,Event-Driven Ensemble (EDDM),True,0.5469,0.5621,7800,1195369,0.0,
46,36,Event-Driven Ensemble (Page-Hinkley),True,0.6719,0.6866,7800,1195369,0.0,
46,36,Warm-Start Ensemble,False,0.0,0.0,0,602561,0.0,
46,36,Component-Selective Ensemble,False,0.0,0.0,0,1309387,0.0,
46,36,Adaptive Random Forest (river),False,0.6719,0.7438,500,1119572,0.0,
46,36,Streaming Random Patches (river),False,1.8281,1.8357,500,1917125,0.0,
46,36,Two-Tier Hybrid Ensemble,False,0.0625,0.0552,0,1256779,0.0,
46,37,Frozen Model,False,0.0,0.0,0,863552,0.0,
46,37,Frozen Ensemble,False,0.0,0.0,0,1645981,0.0,
46,37,Continuously Retrained Ensemble,True,0.625,0.6295,7800,1204521,0.0039,
46,37,Event-Driven Ensemble (Custom Dual-Trigger),True,0.5625,0.5621,7800,1204521,0.0,
46,37,Event-Driven Ensemble (ADWIN),True,0.6094,0.6211,7800,1204521,0.0,
46,37,Event-Driven Ensemble (DDM),False,0.0,0.0,0,1195369,0.0,
46,37,Event-Driven Ensemble (EDDM),False,0.0,0.0,0,1195369,0.0,
46,37,Event-Driven Ensemble (Page-Hinkley),True,0.5625,0.5972,7800,1204521,0.0,
46,37,Warm-Start Ensemble,True,0.125,0.1253,1500,605057,0.0,
46,37,Component-Selective Ensemble,True,0.8594,0.9001,7800,1204521,0.0,"RF,ET,GB"
46,37,Adaptive Random Forest (river),False,0.7969,0.8086,500,749477,0.0,
46,37,Streaming Random Patches (river),False,1.5625,1.5724,500,1475420,0.0,
46,37,Two-Tier Hybrid Ensemble,True,0.5781,0.5958,7800,1243826,0.0,
46,38,Frozen Model,False,0.0,0.0,0,863552,0.0,
46,38,Frozen Ensemble,False,0.0,0.0,0,1645981,0.0,
46,38,Continuously Retrained Ensemble,True,0.6719,0.664,7800,1178464,0.0039,
46,38,Event-Driven Ensemble (Custom Dual-Trigger),False,0.0,0.0,0,1204521,0.0,
46,38,Event-Driven Ensemble (ADWIN),False,0.0,0.0,0,1204521,0.0,
46,38,Event-Driven Ensemble (DDM),True,0.5156,0.5289,7800,1178464,0.0,
46,38,Event-Driven Ensemble (EDDM),True,0.5312,0.5831,7800,1178464,0.0,
46,38,Event-Driven Ensemble (Page-Hinkley),False,0.0,0.0,0,1204521,0.0,
46,38,Warm-Start Ensemble,False,0.0,0.0,0,605057,0.0,
46,38,Component-Selective Ensemble,False,0.0,0.0,0,1204521,0.0,
46,38,Adaptive Random Forest (river),False,0.9531,0.9714,500,1002333,0.0,
46,38,Streaming Random Patches (river),False,1.5781,1.5996,500,2844406,0.0,
46,38,Two-Tier Hybrid Ensemble,False,0.0312,0.0393,0,1307225,0.0,
46,39,Frozen Model,False,0.0,0.0,0,863552,0.0,
46,39,Frozen Ensemble,False,0.0,0.0,0,1645981,0.0,
46,39,Continuously Retrained Ensemble,True,0.6562,0.7161,7800,1231906,0.0,
46,39,Event-Driven Ensemble (Custom Dual-Trigger),True,0.5625,0.547,7800,1231906,0.0,
46,39,Event-Driven Ensemble (ADWIN),True,0.5469,0.5565,7800,1231906,0.0,
46,39,Event-Driven Ensemble (DDM),True,0.5938,0.6361,7800,1231906,0.0,
46,39,Event-Driven Ensemble (EDDM),True,0.625,0.6661,7800,1231906,0.0,
46,39,Event-Driven Ensemble (Page-Hinkley),False,0.0,0.0,0,1204521,0.0,
46,39,Warm-Start Ensemble,True,0.0938,0.0933,1500,648065,0.0,
46,39,Component-Selective Ensemble,True,0.375,0.4155,1800,1205817,0.0,GB
46,39,Adaptive Random Forest (river),False,0.8594,0.8869,500,420370,0.0039,
46,39,Streaming Random Patches (river),False,1.5781,1.5867,500,3479978,0.0,
46,39,Two-Tier Hybrid Ensemble,True,0.5625,0.5918,7800,1335569,0.0,
46,40,Frozen Model,False,0.0,0.0,0,863552,0.0,
46,40,Frozen Ensemble,False,0.0,0.0,0,1645981,0.0,
46,40,Continuously Retrained Ensemble,True,0.5312,0.551,7800,1201353,0.0,
46,40,Event-Driven Ensemble (Custom Dual-Trigger),False,0.0,0.0,0,1231906,0.0,
46,40,Event-Driven Ensemble (ADWIN),False,0.0,0.0,0,1231906,0.0,
46,40,Event-Driven Ensemble (DDM),True,0.5469,0.5396,7800,1201353,0.0,
46,40,Event-Driven Ensemble (EDDM),True,0.6406,0.6122,7800,1201353,0.0,
46,40,Event-Driven Ensemble (Page-Hinkley),False,0.0,0.0,0,1204521,0.0,
46,40,Warm-Start Ensemble,False,0.0,0.0,0,648065,0.0,
46,40,Component-Selective Ensemble,False,0.0,0.0,0,1205817,0.0,
46,40,Adaptive Random Forest (river),False,0.7188,0.7368,500,658654,0.0,
46,40,Streaming Random Patches (river),False,1.4531,1.4696,500,4205007,0.0,
46,40,Two-Tier Hybrid Ensemble,False,0.0625,0.0548,0,1368076,0.0,
46,41,Frozen Model,False,0.0,0.0,0,863552,0.0,
46,41,Frozen Ensemble,False,0.0,0.0,0,1645981,0.0,
46,41,Continuously Retrained Ensemble,True,0.5625,0.5606,7800,1261506,0.0078,
46,41,Event-Driven Ensemble (Custom Dual-Trigger),False,0.0,0.0,0,1231906,0.0,
46,41,Event-Driven Ensemble (ADWIN),True,0.5938,0.5823,7800,1261506,0.0,
46,41,Event-Driven Ensemble (DDM),True,0.4844,0.4796,7800,1261506,0.0,
46,41,Event-Driven Ensemble (EDDM),True,0.5156,0.5387,7800,1261506,0.0,
46,41,Event-Driven Ensemble (Page-Hinkley),False,0.0,0.0,0,1204521,0.0,
46,41,Warm-Start Ensemble,False,0.0,0.0,0,648065,0.0,
46,41,Component-Selective Ensemble,False,0.0,0.0,0,1205817,0.0,
46,41,Adaptive Random Forest (river),False,0.7656,0.7583,500,1598342,0.0,
46,41,Streaming Random Patches (river),False,1.4375,1.4364,500,4031179,0.0,
46,41,Two-Tier Hybrid Ensemble,False,0.0938,0.1042,0,1369315,0.0,
46,42,Frozen Model,False,0.0,0.0,0,863552,0.0,
46,42,Frozen Ensemble,False,0.0,0.0,0,1645981,0.0,
46,42,Continuously Retrained Ensemble,True,0.5469,0.5624,7800,1239234,0.0,
46,42,Event-Driven Ensemble (Custom Dual-Trigger),True,0.625,0.6256,7800,1239234,0.0,
46,42,Event-Driven Ensemble (ADWIN),True,0.6719,0.6748,7800,1239234,0.0,
46,42,Event-Driven Ensemble (DDM),True,0.6406,0.631,7800,1239234,0.0,
46,42,Event-Driven Ensemble (EDDM),True,0.4844,0.5099,7800,1239234,0.0,
46,42,Event-Driven Ensemble (Page-Hinkley),False,0.0,0.0,0,1204521,0.0,
46,42,Warm-Start Ensemble,False,0.0,0.0,0,648065,0.0,
46,42,Component-Selective Ensemble,True,1.0,1.0798,7800,1239234,0.0,"RF,ET,GB"
46,42,Adaptive Random Forest (river),False,0.5781,0.5657,500,606003,0.0,
46,42,Streaming Random Patches (river),False,1.7031,1.7164,500,4890857,0.0,
46,42,Two-Tier Hybrid Ensemble,True,0.6562,0.6608,7800,1376524,0.0,
46,43,Frozen Model,False,0.0,0.0,0,863552,0.0,
46,43,Frozen Ensemble,False,0.0,0.0,0,1645981,0.0,
46,43,Continuously Retrained Ensemble,True,0.5938,0.5965,7800,1227369,0.0,
46,43,Event-Driven Ensemble (Custom Dual-Trigger),False,0.0,0.0,0,1239234,0.0,
46,43,Event-Driven Ensemble (ADWIN),True,0.5625,0.5804,7800,1227369,0.0195,
46,43,Event-Driven Ensemble (DDM),True,0.5156,0.5216,7800,1227369,0.0078,
46,43,Event-Driven Ensemble (EDDM),True,0.5469,0.564,7800,1227369,0.0,
46,43,Event-Driven Ensemble (Page-Hinkley),False,0.0,0.0,0,1204521,0.0,
46,43,Warm-Start Ensemble,False,0.0,0.0,0,648065,0.0,
46,43,Component-Selective Ensemble,False,0.0,0.0,0,1239234,0.0,
46,43,Adaptive Random Forest (river),False,0.8594,0.8788,500,751549,0.0,
46,43,Streaming Random Patches (river),False,2.2031,2.2456,500,5558556,0.0,
46,43,Two-Tier Hybrid Ensemble,False,0.125,0.115,0,1408512,0.0,
46,44,Frozen Model,False,0.0,0.0,0,863552,0.0,
46,44,Frozen Ensemble,False,0.0,0.0,0,1645981,0.0,
46,44,Continuously Retrained Ensemble,True,0.5625,0.5664,7800,1262002,0.0117,
46,44,Event-Driven Ensemble (Custom Dual-Trigger),False,0.0,0.0,0,1239234,0.0,
46,44,Event-Driven Ensemble (ADWIN),True,0.625,0.6387,7800,1262002,0.0,
46,44,Event-Driven Ensemble (DDM),True,0.5469,0.5573,7800,1262002,0.0,
46,44,Event-Driven Ensemble (EDDM),True,0.5469,0.5504,7800,1262002,0.0,
46,44,Event-Driven Ensemble (Page-Hinkley),False,0.0,0.0,0,1204521,0.0,
46,44,Warm-Start Ensemble,False,0.0,0.0,0,648065,0.0,
46,44,Component-Selective Ensemble,False,0.0,0.0,0,1239234,0.0,
46,44,Adaptive Random Forest (river),False,0.7656,0.7688,500,1087725,0.0,
46,44,Streaming Random Patches (river),False,1.8125,1.8255,500,1099339,0.0039,
46,44,Two-Tier Hybrid Ensemble,False,0.0781,0.0771,0,1407265,0.0,
46,45,Frozen Model,False,0.0,0.0,0,863552,0.0,
46,45,Frozen Ensemble,False,0.0,0.0,0,1645981,0.0,
46,45,Continuously Retrained Ensemble,True,0.5938,0.6108,7800,1215913,0.0,
46,45,Event-Driven Ensemble (Custom Dual-Trigger),False,0.0,0.0,0,1239234,0.0,
46,45,Event-Driven Ensemble (ADWIN),True,0.5938,0.6097,7800,1215913,0.0039,
46,45,Event-Driven Ensemble (DDM),False,0.0,0.0,0,1262002,0.0,
46,45,Event-Driven Ensemble (EDDM),True,0.4688,0.4834,7800,1215913,0.0,
46,45,Event-Driven Ensemble (Page-Hinkley),True,0.5469,0.5553,7800,1215913,0.0,
46,45,Warm-Start Ensemble,False,0.0,0.0,0,648065,0.0,
46,45,Component-Selective Ensemble,False,0.0,0.0,0,1239234,0.0,
46,45,Adaptive Random Forest (river),False,0.5938,0.5976,500,338952,0.0,
46,45,Streaming Random Patches (river),False,1.2969,1.314,500,1374360,0.0,
46,45,Two-Tier Hybrid Ensemble,False,0.0938,0.108,0,1408225,0.0,
46,46,Frozen Model,False,0.0,0.0,0,863552,0.0,
46,46,Frozen Ensemble,False,0.0,0.0,0,1645981,0.0,
46,46,Continuously Retrained Ensemble,True,0.5469,0.54,7800,1270034,0.0,
46,46,Event-Driven Ensemble (Custom Dual-Trigger),False,0.0,0.0,0,1239234,0.0,
46,46,Event-Driven Ensemble (ADWIN),True,0.5625,0.5645,7800,1270034,0.0,
46,46,Event-Driven Ensemble (DDM),False,0.0,0.0,0,1262002,0.0,
46,46,Event-Driven Ensemble (EDDM),True,0.6875,0.6831,7800,1270034,0.0,
46,46,Event-Driven Ensemble (Page-Hinkley),False,0.0,0.0,0,1215913,0.0,
46,46,Warm-Start Ensemble,False,0.0,0.0,0,648065,0.0,
46,46,Component-Selective Ensemble,False,0.0,0.0,0,1239234,0.0,
46,46,Adaptive Random Forest (river),False,0.75,0.7546,500,664145,0.0,
46,46,Streaming Random Patches (river),False,1.9844,1.9702,500,2993878,0.0,
46,46,Two-Tier Hybrid Ensemble,False,0.0938,0.0931,0,1407835,0.0,
46,47,Frozen Model,False,0.0,0.0,0,863552,0.0,
46,47,Frozen Ensemble,False,0.0,0.0,0,1645981,0.0,
46,47,Continuously Retrained Ensemble,True,0.5938,0.5754,7800,1255522,0.0,
46,47,Event-Driven Ensemble (Custom Dual-Trigger),False,0.0,0.0,0,1239234,0.0,
46,47,Event-Driven Ensemble (ADWIN),False,0.0,0.0,0,1270034,0.0,
46,47,Event-Driven Ensemble (DDM),False,0.0,0.0,0,1262002,0.0,
46,47,Event-Driven Ensemble (EDDM),True,0.625,0.6704,7800,1255522,0.0,
46,47,Event-Driven Ensemble (Page-Hinkley),True,0.5625,0.5641,7800,1255522,0.0,
46,47,Warm-Start Ensemble,False,0.0,0.0,0,648065,0.0,
46,47,Component-Selective Ensemble,False,0.0,0.0,0,1239234,0.0,
46,47,Adaptive Random Forest (river),False,0.75,0.7451,500,1206158,0.0,
46,47,Streaming Random Patches (river),False,2.0312,2.0468,500,5070006,0.0039,
46,47,Two-Tier Hybrid Ensemble,False,0.0938,0.1078,0,1424364,0.0,
46,48,Frozen Model,False,0.0,0.0,0,863552,0.0,
46,48,Frozen Ensemble,False,0.0,0.0,0,1645981,0.0,
46,48,Continuously Retrained Ensemble,True,0.5469,0.547,7800,1251858,0.0195,
46,48,Event-Driven Ensemble (Custom Dual-Trigger),False,0.0,0.0,0,1239234,0.0,
46,48,Event-Driven Ensemble (ADWIN),True,0.5781,0.5785,7800,1251858,0.0,
46,48,Event-Driven Ensemble (DDM),True,0.6094,0.6137,7800,1251858,0.0,
46,48,Event-Driven Ensemble (EDDM),True,0.5781,0.6006,7800,1251858,0.0,
46,48,Event-Driven Ensemble (Page-Hinkley),False,0.0,0.0,0,1255522,0.0,
46,48,Warm-Start Ensemble,False,0.0,0.0,0,648065,0.0,
46,48,Component-Selective Ensemble,False,0.0,0.0,0,1239234,0.0,
46,48,Adaptive Random Forest (river),False,0.7969,0.8129,500,213768,0.0,
46,48,Streaming Random Patches (river),False,1.6875,1.7047,500,4063091,0.0,
46,48,Two-Tier Hybrid Ensemble,False,0.1094,0.1052,0,1424919,0.0,
46,49,Frozen Model,False,0.0,0.0,0,863552,0.0,
46,49,Frozen Ensemble,False,0.0,0.0,0,1645981,0.0,
46,49,Continuously Retrained Ensemble,True,0.5469,0.5519,7800,1194169,0.0,
46,49,Event-Driven Ensemble (Custom Dual-Trigger),True,0.5156,0.5177,7800,1194169,0.0,
46,49,Event-Driven Ensemble (ADWIN),True,0.5625,0.5528,7800,1194169,0.0,
46,49,Event-Driven Ensemble (DDM),True,0.5625,0.5723,7800,1194169,0.0,
46,49,Event-Driven Ensemble (EDDM),True,0.5156,0.5227,7800,1194169,0.0,
46,49,Event-Driven Ensemble (Page-Hinkley),True,0.4219,0.4209,7800,1194169,0.0,
46,49,Warm-Start Ensemble,True,0.0938,0.0933,1500,596246,0.0,
46,49,Component-Selective Ensemble,True,0.125,0.1274,2500,1192505,0.0,ET
46,49,Adaptive Random Forest (river),False,0.4062,0.4081,500,511433,0.0,
46,49,Streaming Random Patches (river),False,0.9531,0.9525,500,593423,0.0,
46,49,Two-Tier Hybrid Ensemble,True,0.5625,0.561,7800,1264662,0.0,
46,50,Frozen Model,False,0.0,0.0,0,863552,0.0,
46,50,Frozen Ensemble,False,0.0,0.0,0,1645981,0.0,
46,50,Continuously Retrained Ensemble,True,0.5156,0.5174,7800,1202793,0.0,
46,50,Event-Driven Ensemble (Custom Dual-Trigger),False,0.0,0.0,0,1194169,0.0,
46,50,Event-Driven Ensemble (ADWIN),False,0.0,0.0,0,1194169,0.0,
46,50,Event-Driven Ensemble (DDM),True,0.5156,0.5093,7800,1202793,0.0,
46,50,Event-Driven Ensemble (EDDM),True,0.5,0.5038,7800,1202793,0.0,
46,50,Event-Driven Ensemble (Page-Hinkley),False,0.0,0.0,0,1194169,0.0,
46,50,Warm-Start Ensemble,False,0.0,0.0,0,596246,0.0,
46,50,Component-Selective Ensemble,False,0.0,0.0,0,1192505,0.0,
46,50,Adaptive Random Forest (river),False,0.6406,0.65,500,1078904,0.0,
46,50,Streaming Random Patches (river),False,1.2812,1.2894,500,1340060,0.0,
46,50,Two-Tier Hybrid Ensemble,False,0.0312,0.0407,0,1297070,0.0,
46,51,Frozen Model,False,0.0,0.0,0,863552,0.0,
46,51,Frozen Ensemble,False,0.0,0.0,0,1645981,0.0,
46,51,Continuously Retrained Ensemble,True,0.4688,0.4933,7800,1148224,0.0,
46,51,Event-Driven Ensemble (Custom Dual-Trigger),False,0.0,0.0,0,1194169,0.0,
46,51,Event-Driven Ensemble (ADWIN),True,0.5625,0.5587,7800,1148224,0.0,
46,51,Event-Driven Ensemble (DDM),True,0.625,0.6277,7800,1148224,0.0,
46,51,Event-Driven Ensemble (EDDM),True,0.4844,0.4803,7800,1148224,0.0,
46,51,Event-Driven Ensemble (Page-Hinkley),False,0.0,0.0,0,1194169,0.0,
46,51,Warm-Start Ensemble,False,0.0,0.0,0,596246,0.0,
46,51,Component-Selective Ensemble,False,0.0,0.0,0,1192505,0.0,
46,51,Adaptive Random Forest (river),False,0.7188,0.7269,500,1183722,0.0,
46,51,Streaming Random Patches (river),False,1.4531,1.4653,500,2547692,0.0,
46,51,Two-Tier Hybrid Ensemble,False,0.0469,0.0532,0,1296900,0.0,
46,52,Frozen Model,False,0.0,0.0,0,863552,0.0,
46,52,Frozen Ensemble,False,0.0,0.0,0,1645981,0.0,
46,52,Continuously Retrained Ensemble,True,0.5156,0.5081,7800,1208025,0.0,
46,52,Event-Driven Ensemble (Custom Dual-Trigger),False,0.0,0.0,0,1194169,0.0,
46,52,Event-Driven Ensemble (ADWIN),True,0.4531,0.4562,7800,1208025,0.0,
46,52,Event-Driven Ensemble (DDM),True,0.4844,0.5023,7800,1208025,0.0,
46,52,Event-Driven Ensemble (EDDM),True,0.4688,0.474,7800,1208025,0.0,
46,52,Event-Driven Ensemble (Page-Hinkley),True,0.625,0.6363,7800,1208025,0.0,
46,52,Warm-Start Ensemble,False,0.0,0.0,0,596246,0.0,
46,52,Component-Selective Ensemble,False,0.0,0.0,0,1192505,0.0,
46,52,Adaptive Random Forest (river),False,1.0781,1.0684,500,1039848,0.0,
46,52,Streaming Random Patches (river),False,2.0312,2.0678,500,1560676,0.0,
46,52,Two-Tier Hybrid Ensemble,False,0.0469,0.058,0,1297326,0.0,
46,53,Frozen Model,False,0.0,0.0,0,863552,0.0,
46,53,Frozen Ensemble,False,0.0,0.0,0,1645981,0.0,
46,53,Continuously Retrained Ensemble,True,0.5781,0.5689,7800,1186393,0.0,
46,53,Event-Driven Ensemble (Custom Dual-Trigger),True,0.5,0.5077,7800,1186393,0.0,
46,53,Event-Driven Ensemble (ADWIN),True,0.5312,0.5398,7800,1186393,0.0,
46,53,Event-Driven Ensemble (DDM),True,0.5469,0.5225,7800,1186393,0.0,
46,53,Event-Driven Ensemble (EDDM),True,0.4688,0.4711,7800,1186393,0.0,
46,53,Event-Driven Ensemble (Page-Hinkley),False,0.0,0.0,0,1208025,0.0,
46,53,Warm-Start Ensemble,False,0.0,0.0,0,596246,0.0,
46,53,Component-Selective Ensemble,True,0.5,0.5252,6000,1188985,0.0,"RF,ET"
46,53,Adaptive Random Forest (river),False,0.5312,0.5352,500,519910,0.0,
46,53,Streaming Random Patches (river),False,1.2188,1.2497,500,1291417,0.0,
46,53,Two-Tier Hybrid Ensemble,True,0.5,0.5082,7800,1290782,0.0,
46,54,Frozen Model,False,0.0,0.0,0,863552,0.0,
46,54,Frozen Ensemble,False,0.0,0.0,0,1645981,0.0,
46,54,Continuously Retrained Ensemble,True,0.5469,0.5941,7800,1234425,0.0,
46,54,Event-Driven Ensemble (Custom Dual-Trigger),False,0.0,0.0,0,1186393,0.0,
46,54,Event-Driven Ensemble (ADWIN),True,0.6406,0.6506,7800,1234425,0.0,
46,54,Event-Driven Ensemble (DDM),True,0.5469,0.5434,7800,1234425,0.0,
46,54,Event-Driven Ensemble (EDDM),True,0.625,0.6277,7800,1234425,0.0,
46,54,Event-Driven Ensemble (Page-Hinkley),False,0.0,0.0,0,1208025,0.0,
46,54,Warm-Start Ensemble,False,0.0,0.0,0,596246,0.0,
46,54,Component-Selective Ensemble,False,0.0,0.0,0,1188985,0.0,
46,54,Adaptive Random Forest (river),False,0.6875,0.7209,500,1433798,0.0,
46,54,Streaming Random Patches (river),False,1.4219,1.4364,500,3132367,0.0039,
46,54,Two-Tier Hybrid Ensemble,False,0.0625,0.0615,0,1322939,0.0,
46,55,Frozen Model,False,0.0,0.0,0,863552,0.0,
46,55,Frozen Ensemble,False,0.0,0.0,0,1645981,0.0,
46,55,Continuously Retrained Ensemble,True,0.4688,0.4717,7800,1250594,0.0,
46,55,Event-Driven Ensemble (Custom Dual-Trigger),False,0.0,0.0,0,1186393,0.0,
46,55,Event-Driven Ensemble (ADWIN),True,0.4531,0.4479,7800,1250594,0.0,
46,55,Event-Driven Ensemble (DDM),True,0.4688,0.4769,7800,1250594,0.0078,
46,55,Event-Driven Ensemble (EDDM),True,0.5625,0.5589,7800,1250594,0.0039,
46,55,Event-Driven Ensemble (Page-Hinkley),False,0.0,0.0,0,1208025,0.0,
46,55,Warm-Start Ensemble,True,0.0781,0.0988,1500,626895,0.0,
46,55,Component-Selective Ensemble,False,0.0,0.0,0,1188985,0.0,
46,55,Adaptive Random Forest (river),False,0.7188,0.7284,500,450028,0.0,
46,55,Streaming Random Patches (river),False,2.0312,2.112,500,4359145,0.0,
46,55,Two-Tier Hybrid Ensemble,False,0.0312,0.0448,0,1355626,0.0,
46,56,Frozen Model,False,0.0,0.0,0,863552,0.0,
46,56,Frozen Ensemble,False,0.0,0.0,0,1645981,0.0,
46,56,Continuously Retrained Ensemble,True,0.5312,0.5454,7800,1278930,0.0,
46,56,Event-Driven Ensemble (Custom Dual-Trigger),False,0.0,0.0,0,1186393,0.0,
46,56,Event-Driven Ensemble (ADWIN),True,0.5,0.4936,7800,1278930,0.0,
46,56,Event-Driven Ensemble (DDM),True,0.5469,0.5475,7800,1278930,0.0,
46,56,Event-Driven Ensemble (EDDM),True,0.5156,0.4939,7800,1278930,0.0,
46,56,Event-Driven Ensemble (Page-Hinkley),True,0.5781,0.6053,7800,1278930,0.0,
46,56,Warm-Start Ensemble,False,0.0,0.0,0,626895,0.0,
46,56,Component-Selective Ensemble,False,0.0,0.0,0,1188985,0.0,
46,56,Adaptive Random Forest (river),False,0.6094,0.622,500,174515,0.0,
46,56,Streaming Random Patches (river),False,1.6562,1.6694,500,3126655,0.0,
46,56,Two-Tier Hybrid Ensemble,False,0.0625,0.0575,0,1356339,0.0,
46,57,Frozen Model,False,0.0,0.0,0,863552,0.0,
46,57,Frozen Ensemble,False,0.0,0.0,0,1645981,0.0,
46,57,Continuously Retrained Ensemble,True,0.5938,0.5921,7800,1168560,0.0,
46,57,Event-Driven Ensemble (Custom Dual-Trigger),True,0.5,0.5015,7800,1168560,0.0,
46,57,Event-Driven Ensemble (ADWIN),True,0.5156,0.5183,7800,1168560,0.0,
46,57,Event-Driven Ensemble (DDM),True,0.5,0.5122,7800,1168560,0.0,
46,57,Event-Driven Ensemble (EDDM),True,0.5156,0.5415,7800,1168560,0.0,
46,57,Event-Driven Ensemble (Page-Hinkley),True,0.4844,0.4813,7800,1168560,0.0,
46,57,Warm-Start Ensemble,True,0.1094,0.11,1500,604975,0.0,
46,57,Component-Selective Ensemble,True,0.2344,0.2746,1800,1188409,0.0,GB
46,57,Adaptive Random Forest (river),False,0.5312,0.5369,500,431916,0.0,
46,57,Streaming Random Patches (river),False,1.3125,1.3531,500,552522,0.0,
46,57,Two-Tier Hybrid Ensemble,True,0.5938,0.5973,7800,1337458,0.0,
46,58,Frozen Model,False,0.0,0.0,0,863552,0.0,
46,58,Frozen Ensemble,False,0.0,0.0,0,1645981,0.0,
46,58,Continuously Retrained Ensemble,True,0.4844,0.4826,7800,1187385,0.0,
46,58,Event-Driven Ensemble (Custom Dual-Trigger),True,0.5312,0.5361,7800,1187385,0.0,
46,58,Event-Driven Ensemble (ADWIN),True,0.5469,0.5331,7800,1187385,0.0,
46,58,Event-Driven Ensemble (DDM),True,0.5156,0.5209,7800,1187385,0.0,
46,58,Event-Driven Ensemble (EDDM),True,0.5938,0.5988,7800,1187385,0.0,
46,58,Event-Driven Ensemble (Page-Hinkley),False,0.0,0.0,0,1168560,0.0,
46,58,Warm-Start Ensemble,True,0.0781,0.09,1500,610863,0.0,
46,58,Component-Selective Ensemble,True,0.7969,0.7988,7800,1187385,0.0,"RF,ET,GB"
46,58,Adaptive Random Forest (river),False,0.5469,0.5567,500,463203,0.0,
46,58,Streaming Random Patches (river),False,1.1406,1.1637,500,1320129,0.0,
46,58,Two-Tier Hybrid Ensemble,True,0.5781,0.5665,7800,1357745,0.0,
46,59,Frozen Model,False,0.0,0.0,0,863552,0.0,
46,59,Frozen Ensemble,False,0.0,0.0,0,1645981,0.0,
46,59,Continuously Retrained Ensemble,True,0.5312,0.5259,7800,1177465,0.0,
46,59,Event-Driven Ensemble (Custom Dual-Trigger),False,0.0,0.0,0,1187385,0.0,
46,59,Event-Driven Ensemble (ADWIN),False,0.0,0.0,0,1187385,0.0,
46,59,Event-Driven Ensemble (DDM),True,0.5,0.4897,7800,1177465,0.0,
46,59,Event-Driven Ensemble (EDDM),True,0.5625,0.5841,7800,1177465,0.0,
46,59,Event-Driven Ensemble (Page-Hinkley),False,0.0,0.0,0,1168560,0.0,
46,59,Warm-Start Ensemble,False,0.0,0.0,0,610863,0.0,
46,59,Component-Selective Ensemble,False,0.0,0.0,0,1187385,0.0,
46,59,Adaptive Random Forest (river),False,0.75,0.7449,500,1375762,0.0,
46,59,Streaming Random Patches (river),False,1.2344,1.2418,500,1320229,0.0,
46,59,Two-Tier Hybrid Ensemble,False,0.0781,0.0717,0,1358364,0.0,
