seed,window_id,approach,f1,accuracy,precision,recall,auc,pr_auc,balanced_accuracy,cpu_time,wall_time,model_footprint_bytes,incremental_rss_delta_mb,process_rss_mb,drift_type,severity,transition,drift_detected,wasserstein_mean,online_weight
42,0,Adaptive Random Forest (river),0.6994,0.804,0.6032,0.8321,0.8888,0.6946,0.8128,2.9062,6.3835,456171,0.0156,250.2,none,none,stable,False,0.0,
42,0,Component-Selective Ensemble,0.7174,0.844,0.7122,0.7226,0.9001,0.731,0.8062,0.3281,0.47,1692568,0.0469,187.68,none,none,stable,True,0.0485,
42,0,Continuously Retrained Ensemble,0.7174,0.844,0.7122,0.7226,0.9001,0.731,0.8062,1.6094,2.893,1257314,0.1211,249.37,none,none,stable,True,0.0,
42,0,Event-Driven Ensemble (ADWIN),0.7174,0.844,0.7122,0.7226,0.9001,0.731,0.8062,1.875,3.1209,1257314,0.0078,249.98,none,none,stable,True,0.0,
42,0,Event-Driven Ensemble (Custom Dual-Trigger),0.7174,0.844,0.7122,0.7226,0.9001,0.731,0.8062,1.8438,4.0784,1257314,0.0078,249.9,none,none,stable,True,0.0485,
42,0,Event-Driven Ensemble (DDM),0.7174,0.844,0.7122,0.7226,0.9001,0.731,0.8062,1.7188,4.3902,1257314,0.0117,250.04,none,none,stable,True,0.0,
42,0,Event-Driven Ensemble (EDDM),0.7174,0.844,0.7122,0.7226,0.9001,0.731,0.8062,1.75,4.0043,1257314,0.0039,250.11,none,none,stable,True,0.0,
42,0,Event-Driven Ensemble (Page-Hinkley),0.7174,0.844,0.7122,0.7226,0.9001,0.731,0.8062,0.0312,0.0935,1701638,0.0,250.18,none,none,stable,False,0.0,
42,0,Frozen Ensemble,0.717391304347826,0.844,0.7122302158273381,0.7226277372262774,0.9000623353642597,0.7309552350594488,0.8062174498803563,0.0,0.014174699783325195,1701638,0.01953125,176.484375,none,none,stable,False,0.0,0.0
42,0,Frozen Model,0.7148014440433214,0.842,0.7071428571428572,0.7226277372262774,0.899097142627335,0.7267734392080281,0.8048400394120367,0.015625,0.012979899998754263,887872,0.00390625,176.3984375,none,none,stable,False,0.0,0.0
42,0,Streaming Random Patches (river),0.6833,0.822,0.6667,0.7007,0.8825,0.6968,0.7842,7.2188,12.1806,5095989,0.0,251.34,none,none,stable,False,0.0,
42,0,Two-Tier Hybrid Ensemble,0.7174,0.844,0.7122,0.7226,0.8994,0.7297,0.8062,2.2344,2.9381,1426268,0.0,259.59,none,none,stable,True,0.0,0.4
42,0,Warm-Start Ensemble,0.7174,0.844,0.7122,0.7226,0.9001,0.731,0.8062,0.4844,0.9636,1320425,0.0039,250.18,none,none,stable,True,0.0,
42,1,Adaptive Random Forest (river),0.0,0.554,0.0,0.0,0.4699,0.4006,0.5,2.625,4.2961,1324587,0.0,257.3,none,none,stable,False,0.0,
42,1,Component-Selective Ensemble,0.6435,0.672,0.6245,0.6637,0.7488,0.7007,0.6712,0.1406,0.1545,1505981,0.0039,190.07,none,none,stable,True,0.0923,
42,1,Continuously Retrained Ensemble,0.6433,0.674,0.6282,0.6592,0.7498,0.7133,0.6726,1.3438,3.4659,1286690,0.0,259.61,none,none,stable,True,0.0,
42,1,Event-Driven Ensemble (ADWIN),0.6433,0.674,0.6282,0.6592,0.7498,0.7133,0.6726,1.875,3.0572,1286690,0.0078,259.61,none,none,stable,True,0.0,
42,1,Event-Driven Ensemble (Custom Dual-Trigger),0.6433,0.674,0.6282,0.6592,0.7498,0.7133,0.6726,2.0781,4.1277,1286690,0.0,259.61,none,none,stable,True,0.0923,
42,1,Event-Driven Ensemble (DDM),0.6433,0.674,0.6282,0.6592,0.7498,0.7133,0.6726,2.0312,3.4293,1286690,0.0,259.62,none,none,stable,True,0.0,
42,1,Event-Driven Ensemble (EDDM),0.6433,0.674,0.6282,0.6592,0.7498,0.7133,0.6726,1.75,2.8445,1286690,0.0,259.62,none,none,stable,True,0.0,
42,1,Event-Driven Ensemble (Page-Hinkley),0.6419,0.672,0.6255,0.6592,0.7484,0.6947,0.6708,1.5781,2.3784,1286690,0.0,259.62,none,none,stable,True,0.0,
42,1,Frozen Ensemble,0.6405228758169934,0.67,0.6228813559322034,0.6591928251121076,0.7493969662139193,0.6960374088274215,0.668946593061469,0.0,0.012441199738532305,1701638,0.00390625,176.48828125,none,none,stable,False,0.0,0.0
42,1,Frozen Model,0.6520787746170679,0.682,0.6367521367521367,0.6681614349775785,0.744248919395833,0.691796256288443,0.6806511146007026,0.0,0.00708370003849268,887872,0.0,176.484375,none,none,stable,False,0.0,0.0
42,1,Streaming Random Patches (river),0.6091,0.656,0.6175,0.6009,0.7229,0.6512,0.6506,6.8125,9.6826,2124070,0.0,258.06,none,none,stable,False,0.0,
42,1,Two-Tier Hybrid Ensemble,0.6667,0.656,0.587,0.7713,0.7527,0.7146,0.6672,2.2656,3.9638,1457304,0.0,259.76,none,none,stable,True,0.0,0.4
42,1,Warm-Start Ensemble,0.6337,0.674,0.6351,0.6323,0.7421,0.6632,0.6699,0.5469,0.8016,988604,0.0,259.62,none,none,stable,True,0.0,
42,2,Adaptive Random Forest (river),0.4046,0.794,0.3804,0.4321,0.6556,0.3938,0.648,2.9844,4.6619,844869,0.0,261.12,covariate,mild,gradual,False,0.0,
42,2,Component-Selective Ensemble,0.4493,0.848,0.5439,0.3827,0.7854,0.4729,0.6603,0.7656,0.7915,1308139,0.0273,190.16,covariate,mild,gradual,True,0.0942,
42,2,Continuously Retrained Ensemble,0.4755,0.85,0.5484,0.4198,0.7913,0.4583,0.6765,1.9844,3.0368,1308139,0.0938,258.5,covariate,mild,gradual,True,0.0,
42,2,Event-Driven Ensemble (ADWIN),0.4755,0.85,0.5484,0.4198,0.7913,0.4583,0.6765,2.125,3.0778,1308139,0.0469,259.71,covariate,mild,gradual,True,0.0,
42,2,Event-Driven Ensemble (Custom Dual-Trigger),0.4755,0.85,0.5484,0.4198,0.7913,0.4583,0.6765,1.7969,2.4918,1308139,0.0586,259.56,covariate,mild,gradual,True,0.0942,
42,2,Event-Driven Ensemble (DDM),0.4755,0.85,0.5484,0.4198,0.7913,0.4583,0.6765,0.0625,0.089,1286690,0.0,260.62,covariate,mild,gradual,False,0.0,
42,2,Event-Driven Ensemble (EDDM),0.4755,0.85,0.5484,0.4198,0.7913,0.4583,0.6765,1.8438,2.7848,1308139,0.043,260.63,covariate,mild,gradual,True,0.0,
42,2,Event-Driven Ensemble (Page-Hinkley),0.4722,0.848,0.5397,0.4198,0.7914,0.4472,0.6753,0.0312,0.1054,1286690,0.0,260.7,covariate,mild,gradual,False,0.0,
42,2,Frozen Ensemble,0.45255474452554745,0.85,0.5535714285714286,0.38271604938271603,0.7928636671675654,0.47515592815886126,0.6615250891304988,0.015625,0.011471699923276901,1701638,0.00390625,176.49609375,covariate,mild,gradual,False,0.0,0.0
42,2,Frozen Model,0.45112781954887216,0.854,0.5769230769230769,0.37037037037037035,0.7942632369840007,0.48225558418894976,0.658932201891629,0.015625,0.00546760018914938,887872,0.0,176.4921875,covariate,mild,gradual,False,0.0,0.0
42,2,Streaming Random Patches (river),0.4179,0.844,0.5283,0.3457,0.7861,0.4102,0.643,4.9375,8.2146,2673224,0.0,261.93,covariate,mild,gradual,False,0.0,
42,2,Two-Tier Hybrid Ensemble,0.4575,0.834,0.4861,0.4321,0.7908,0.453,0.6719,1.875,2.0989,1330627,0.0,261.85,covariate,mild,gradual,True,0.0,0.4
42,2,Warm-Start Ensemble,0.4586,0.83,0.4737,0.4444,0.776,0.4244,0.6745,0.5469,0.7587,797715,0.0,260.7,covariate,mild,gradual,True,0.0,
42,3,Adaptive Random Forest (river),0.7117,0.616,0.9713,0.5616,0.8253,0.9634,0.7359,2.8594,3.6645,677881,0.0,264.37,covariate,severe,sudden,False,0.0,
42,3,Component-Selective Ensemble,0.9111,0.854,0.9373,0.8863,0.8735,0.9686,0.7829,0.3438,0.3552,1308139,0.0156,190.25,covariate,severe,sudden,True,0.3156,
42,3,Continuously Retrained Ensemble,0.8966,0.826,0.8998,0.8934,0.8237,0.9559,0.6775,1.875,2.8868,1269250,0.0117,261.94,covariate,severe,sudden,True,0.0,
42,3,Event-Driven Ensemble (ADWIN),0.8966,0.826,0.8998,0.8934,0.8237,0.9559,0.6775,1.7188,2.1862,1269250,0.1094,262.06,covariate,severe,sudden,True,0.0,
42,3,Event-Driven Ensemble (Custom Dual-Trigger),0.8966,0.826,0.8998,0.8934,0.8237,0.9559,0.6775,1.5781,1.9134,1269250,0.1133,261.96,covariate,severe,sudden,True,0.3156,
42,3,Event-Driven Ensemble (DDM),0.9133,0.852,0.9028,0.9242,0.8145,0.9464,0.6929,0.0469,0.055,1286690,0.0,262.22,covariate,severe,sudden,False,0.0,
42,3,Event-Driven Ensemble (EDDM),0.8966,0.826,0.8998,0.8934,0.8237,0.9559,0.6775,1.5469,2.7021,1269250,0.0703,262.22,covariate,severe,sudden,True,0.0,
42,3,Event-Driven Ensemble (Page-Hinkley),0.9007,0.828,0.8784,0.9242,0.8098,0.9451,0.6159,1.7969,2.3407,1269250,0.1953,262.29,covariate,severe,sudden,True,0.0,
42,3,Frozen Ensemble,0.9172749391727494,0.864,0.9425,0.8933649289099526,0.8542957832057357,0.9436580469215229,0.7992465670190789,0.0,0.011808000039309263,1701638,0.00390625,176.50390625,covariate,severe,sudden,False,0.0,0.0
42,3,Frozen Model,0.9148418491484185,0.86,0.94,0.8909952606635071,0.8453791469194313,0.9383339607572335,0.7916514764855997,0.0,0.0043405997566878796,887872,0.00390625,176.5,covariate,severe,sudden,False,0.0,0.0
42,3,Streaming Random Patches (river),0.8968,0.832,0.9311,0.8649,0.7854,0.9214,0.7594,4.9219,6.9829,3439742,0.0,264.37,covariate,severe,sudden,False,0.0,
42,3,Two-Tier Hybrid Ensemble,0.915,0.86,0.9378,0.8934,0.8495,0.9605,0.7864,1.6094,2.4199,1339858,0.0,263.91,covariate,severe,sudden,True,0.0,0.4
42,3,Warm-Start Ensemble,0.7805,0.676,0.9114,0.6825,0.7423,0.9084,0.6617,0.4062,0.4339,736602,0.0117,264.32,covariate,severe,sudden,True,0.0,
42,4,Adaptive Random Forest (river),0.6335,0.646,0.7321,0.5584,0.71,0.7021,0.6553,2.6562,3.2712,2017170,0.0,264.06,covariate,moderate,recovery,False,0.0,
42,4,Component-Selective Ensemble,0.7556,0.714,0.7106,0.8066,0.7531,0.7276,0.7042,0.3438,0.3523,1310875,0.0273,190.32,covariate,moderate,recovery,True,0.1499,
42,4,Continuously Retrained Ensemble,0.772,0.726,0.7095,0.8467,0.7566,0.7322,0.7132,1.4531,2.4747,1286386,0.0117,264.86,covariate,moderate,recovery,True,0.0,
42,4,Event-Driven Ensemble (ADWIN),0.772,0.726,0.7095,0.8467,0.7566,0.7322,0.7132,0.0469,0.0504,1269250,0.0,264.41,covariate,moderate,recovery,False,0.0,
42,4,Event-Driven Ensemble (Custom Dual-Trigger),0.772,0.726,0.7095,0.8467,0.7566,0.7322,0.7132,1.6875,2.2121,1286386,0.0,264.07,covariate,moderate,recovery,True,0.1499,
42,4,Event-Driven Ensemble (DDM),0.7611,0.72,0.7147,0.8139,0.754,0.7379,0.71,1.7188,2.2712,1286386,0.0078,264.41,covariate,moderate,recovery,True,0.0,
42,4,Event-Driven Ensemble (EDDM),0.772,0.726,0.7095,0.8467,0.7566,0.7322,0.7132,1.5469,2.3448,1286386,0.0,264.42,covariate,moderate,recovery,True,0.0,
42,4,Event-Driven Ensemble (Page-Hinkley),0.7638,0.718,0.7059,0.8321,0.753,0.7283,0.7059,0.0625,0.0589,1269250,0.0,264.42,covariate,moderate,recovery,False,0.0,
42,4,Frozen Ensemble,0.7385159010600707,0.704,0.7157534246575342,0.7627737226277372,0.7648569213875073,0.7643295793889919,0.6977585427297979,0.015625,0.013184300158172846,1701638,0.0,176.5078125,covariate,moderate,recovery,False,0.0,0.0
42,4,Frozen Model,0.7285714285714285,0.696,0.7132867132867133,0.7445255474452555,0.7599799754537819,0.7639014261918067,0.6908468445190878,0.015625,0.0068199001252651215,887872,0.0,176.5078125,covariate,moderate,recovery,False,0.0,0.0
42,4,Streaming Random Patches (river),0.7632,0.712,0.6946,0.8467,0.7607,0.7533,0.6977,6.375,8.5824,5034440,0.0,264.62,covariate,moderate,recovery,False,0.0,
42,4,Two-Tier Hybrid Ensemble,0.7791,0.73,0.7062,0.8686,0.7574,0.7325,0.7153,1.9219,2.8043,1357434,0.0,271.26,covariate,moderate,recovery,True,0.0,0.4
42,4,Warm-Start Ensemble,0.7695,0.722,0.7052,0.8467,0.752,0.7374,0.7088,0.4219,0.5654,741203,0.0,264.42,covariate,moderate,recovery,True,0.0,
42,5,Adaptive Random Forest (river),0.4792,0.8,0.4423,0.5227,0.8088,0.418,0.691,2.8594,4.0986,513584,0.0,267.79,covariate,mild,gradual,False,0.0,
42,5,Component-Selective Ensemble,0.383,0.826,0.5094,0.3068,0.8193,0.4771,0.6219,0.9375,1.0044,1256050,0.0078,190.35,covariate,mild,gradual,True,0.0968,
42,5,Continuously Retrained Ensemble,0.44,0.832,0.5323,0.375,0.8175,0.4635,0.6523,1.9062,3.0613,1256050,0.0312,266.34,covariate,mild,gradual,True,0.0,
42,5,Event-Driven Ensemble (ADWIN),0.4247,0.832,0.5345,0.3523,0.8145,0.4639,0.6434,1.9062,3.1264,1256050,0.0312,267.32,covariate,mild,gradual,True,0.0,
42,5,Event-Driven Ensemble (Custom Dual-Trigger),0.44,0.832,0.5323,0.375,0.8175,0.4635,0.6523,1.5312,1.7623,1256050,0.0234,266.84,covariate,mild,gradual,True,0.0968,
42,5,Event-Driven Ensemble (DDM),0.44,0.832,0.5323,0.375,0.8169,0.4649,0.6523,0.0625,0.0571,1286386,0.0,267.51,covariate,mild,gradual,False,0.0,
42,5,Event-Driven Ensemble (EDDM),0.44,0.832,0.5323,0.375,0.8175,0.4635,0.6523,1.875,2.3965,1256050,0.0312,267.52,covariate,mild,gradual,True,0.0,
42,5,Event-Driven Ensemble (Page-Hinkley),0.4247,0.832,0.5345,0.3523,0.8145,0.4639,0.6434,1.6406,2.513,1256050,0.0312,267.56,covariate,mild,gradual,True,0.0,
42,5,Frozen Ensemble,0.35658914728682173,0.834,0.5609756097560976,0.26136363636363635,0.8203607678729037,0.4662678622284422,0.6088371579876435,0.015625,0.01641129981726408,1701638,0.0,176.51171875,covariate,mild,gradual,False,0.0,0.0
42,5,Frozen Model,0.36923076923076925,0.836,0.5714285714285714,0.2727272727272727,0.8143617608120035,0.4602793772735323,0.6145189761694616,0.015625,0.00573260011151433,887872,0.00390625,176.51171875,covariate,mild,gradual,False,0.0,0.0
42,5,Streaming Random Patches (river),0.4224,0.814,0.4658,0.3864,0.8024,0.4532,0.6459,5.1562,7.529,3339762,0.0,268.09,covariate,mild,gradual,False,0.0,
42,5,Two-Tier Hybrid Ensemble,0.4762,0.802,0.4455,0.5114,0.8158,0.4612,0.6877,1.9062,2.6011,1327005,0.0,267.3,covariate,mild,gradual,True,0.0,0.4
42,5,Warm-Start Ensemble,0.4886,0.82,0.4886,0.4886,0.8114,0.4687,0.6897,0.3594,0.7234,765171,0.0,267.59,covariate,mild,gradual,True,0.0,
42,6,Adaptive Random Forest (river),0.0,0.048,0.0,0.0,0.3423,0.9299,0.5,3.0625,6.5702,700768,0.0,269.46,mixed,moderate,sudden,False,0.0,
42,6,Component-Selective Ensemble,0.9692,0.942,0.9806,0.958,0.9464,0.997,0.7915,0.3906,0.4337,1254034,0.0,190.36,mixed,moderate,sudden,True,0.2765,
42,6,Continuously Retrained Ensemble,0.9692,0.942,0.9806,0.958,0.9464,0.997,0.7915,1.875,2.3573,1292443,0.0,268.2,mixed,moderate,sudden,True,0.0,
42,6,Event-Driven Ensemble (ADWIN),0.9714,0.946,0.9807,0.9622,0.9495,0.9972,0.7936,0.0312,0.0507,1256050,0.0,269.29,mixed,moderate,sudden,False,0.0,
42,6,Event-Driven Ensemble (Custom Dual-Trigger),0.9692,0.942,0.9806,0.958,0.9464,0.997,0.7915,1.6719,2.0463,1292443,0.0,269.29,mixed,moderate,sudden,True,0.2765,
42,6,Event-Driven Ensemble (DDM),0.9703,0.944,0.9807,0.9601,0.947,0.997,0.7925,0.0469,0.0478,1286386,0.0,269.29,mixed,moderate,sudden,False,0.0,
42,6,Event-Driven Ensemble (EDDM),0.9692,0.942,0.9806,0.958,0.9464,0.997,0.7915,1.5,2.045,1292443,0.0039,268.44,mixed,moderate,sudden,True,0.0,
42,6,Event-Driven Ensemble (Page-Hinkley),0.9714,0.946,0.9807,0.9622,0.9495,0.9972,0.7936,0.0469,0.0361,1256050,0.0,269.29,mixed,moderate,sudden,False,0.0,
42,6,Frozen Ensemble,0.945054945054945,0.9,0.9907834101382489,0.9033613445378151,0.9223564425770308,0.9926161865284964,0.8683473389355743,0.03125,0.02656720019876957,1701638,0.00390625,176.5234375,mixed,moderate,sudden,False,0.0,0.0
42,6,Frozen Model,0.9392265193370166,0.89,0.9906759906759907,0.8928571428571429,0.9185924369747899,0.9920160870195154,0.8630952380952381,0.015625,0.010156600270420313,887872,0.00390625,176.515625,mixed,moderate,sudden,False,0.0,0.0
42,6,Streaming Random Patches (river),0.8663,0.774,0.9919,0.7689,0.8628,0.9886,0.822,4.5156,7.2494,1982319,0.0,269.58,mixed,moderate,sudden,False,0.0,
42,6,Two-Tier Hybrid Ensemble,0.9792,0.96,0.9691,0.9895,0.9486,0.9971,0.6822,1.7031,2.6169,1363592,0.0,269.58,mixed,moderate,sudden,True,0.0,0.4
42,6,Warm-Start Ensemble,0.9691,0.942,0.9827,0.9559,0.9195,0.9946,0.8113,0.5156,1.2531,643025,0.0,269.29,mixed,moderate,sudden,True,0.0,
42,7,Adaptive Random Forest (river),0.5494,0.544,0.3861,0.9521,0.8904,0.8058,0.6639,3.1094,4.0749,566312,0.0,268.94,concept,severe,gradual,False,0.0,
42,7,Component-Selective Ensemble,0.7451,0.87,0.8716,0.6507,0.9391,0.8957,0.8056,0.0312,0.0283,1254034,0.0,190.36,concept,severe,gradual,False,0.0507,
42,7,Continuously Retrained Ensemble,0.7549,0.874,0.8739,0.6644,0.9388,0.8939,0.8124,1.9062,3.0656,1265026,0.0,269.6,concept,severe,gradual,True,0.0,
42,7,Event-Driven Ensemble (ADWIN),0.7339,0.868,0.8922,0.6233,0.9374,0.8926,0.7961,1.7031,2.8656,1265026,0.0,269.6,concept,severe,gradual,True,0.0,
42,7,Event-Driven Ensemble (Custom Dual-Trigger),0.7549,0.874,0.8739,0.6644,0.9388,0.8939,0.8124,0.0469,0.0819,1292443,0.0,269.6,concept,severe,gradual,False,0.0507,
42,7,Event-Driven Ensemble (DDM),0.7368,0.87,0.901,0.6233,0.9365,0.893,0.7975,0.0781,0.0703,1286386,0.0,269.6,concept,severe,gradual,False,0.0,
42,7,Event-Driven Ensemble (EDDM),0.7549,0.874,0.8739,0.6644,0.9388,0.8939,0.8124,1.375,2.7656,1265026,0.0,268.75,concept,severe,gradual,True,0.0,
42,7,Event-Driven Ensemble (Page-Hinkley),0.7287,0.866,0.8911,0.6164,0.9369,0.8907,0.7927,0.0469,0.0469,1256050,0.0,269.49,concept,severe,gradual,False,0.0,
42,7,Frozen Ensemble,0.7330677290836654,0.866,0.8761904761904762,0.6301369863013698,0.9404070892345794,0.894629742856588,0.7967069112297809,0.03125,0.03146040020510554,1701638,0.0,176.5234375,concept,severe,gradual,False,0.0,0.0
42,7,Frozen Model,0.7330677290836654,0.866,0.8761904761904762,0.6301369863013698,0.9418195186131105,0.8969012911206576,0.7967069112297809,0.015625,0.009217199869453907,887872,0.0,176.5234375,concept,severe,gradual,False,0.0,0.0
42,7,Streaming Random Patches (river),0.736,0.868,0.8846,0.6301,0.9218,0.8081,0.7981,4.9375,7.3759,2047778,0.0,268.88,concept,severe,gradual,False,0.0,
42,7,Two-Tier Hybrid Ensemble,0.8155,0.886,0.773,0.863,0.9384,0.8935,0.8792,0.2812,0.5537,1364905,0.0,268.82,concept,severe,gradual,False,0.0,0.28
42,7,Warm-Start Ensemble,0.7612,0.872,0.8361,0.6986,0.9284,0.8733,0.8211,0.0312,0.0362,643025,0.0,269.71,concept,severe,gradual,False,0.0,
42,8,Adaptive Random Forest (river),0.4202,0.266,0.266,1.0,0.8686,0.7453,0.5,2.5938,4.047,325256,0.0,270.2,none,none,stable,False,0.0,
42,8,Component-Selective Ensemble,0.7599,0.866,0.726,0.797,0.9255,0.7945,0.844,0.0312,0.0354,1254034,0.0,190.36,none,none,stable,False,0.0487,
42,8,Continuously Retrained Ensemble,0.7629,0.862,0.7025,0.8346,0.9275,0.8098,0.8533,1.5781,2.2362,1203161,0.0,270.04,none,none,stable,True,0.0,
42,8,Event-Driven Ensemble (ADWIN),0.7629,0.862,0.7025,0.8346,0.9275,0.8098,0.8533,1.75,2.8535,1203161,0.0,270.04,none,none,stable,True,0.0,
42,8,Event-Driven Ensemble (Custom Dual-Trigger),0.7666,0.866,0.7143,0.8271,0.9243,0.8074,0.8536,0.0469,0.0541,1292443,0.0,270.04,none,none,stable,False,0.0487,
42,8,Event-Driven Ensemble (DDM),0.7509,0.862,0.7222,0.782,0.9236,0.7845,0.8365,1.9219,2.609,1203161,0.0,270.04,none,none,stable,True,0.0,
42,8,Event-Driven Ensemble (EDDM),0.7629,0.862,0.7025,0.8346,0.9275,0.8098,0.8533,1.7969,3.1564,1203161,0.0,270.04,none,none,stable,True,0.0,
42,8,Event-Driven Ensemble (Page-Hinkley),0.7536,0.864,0.7273,0.782,0.9266,0.7947,0.8378,1.5781,1.7814,1203161,0.0,270.04,none,none,stable,True,0.0,
42,8,Frozen Ensemble,0.753731343283582,0.868,0.7481481481481481,0.7593984962406015,0.9264100305259061,0.793438298895696,0.8333777222347422,0.015625,0.017361599951982498,1701638,0.0,176.5234375,none,none,stable,False,0.0,0.0
42,8,Frozen Model,0.7407407407407407,0.86,0.7299270072992701,0.7518796992481203,0.9271475691954683,0.792293820089629,0.8255311302780111,0.0,0.007980099879205227,887872,0.0,176.5234375,none,none,stable,False,0.0,0.0
42,8,Streaming Random Patches (river),0.7468,0.844,0.6571,0.8647,0.9165,0.752,0.8506,5.5469,7.9294,2368716,0.0,270.2,none,none,stable,False,0.0,
42,8,Two-Tier Hybrid Ensemble,0.7557,0.85,0.6667,0.8722,0.9262,0.8122,0.8571,0.3281,0.3598,1429079,0.0,270.19,none,none,stable,False,0.0,0.196
42,8,Warm-Start Ensemble,0.7593,0.858,0.6914,0.8421,0.9128,0.7096,0.8529,0.0469,0.0391,643025,0.0,269.99,none,none,stable,False,0.0,
42,9,Adaptive Random Forest (river),0.0,0.576,0.0,0.0,0.7477,0.5223,0.5,2.3438,2.6866,1196445,0.0,270.21,none,none,stable,False,0.0,
42,9,Component-Selective Ensemble,0.68,0.712,0.6429,0.7217,0.7784,0.7029,0.7133,0.0312,0.023,1254034,0.0039,190.37,none,none,stable,False,0.0922,
42,9,Continuously Retrained Ensemble,0.685,0.68,0.5878,0.8208,0.7797,0.6864,0.6986,1.7656,2.4893,1201001,0.0,270.23,none,none,stable,True,0.0,
42,9,Event-Driven Ensemble (ADWIN),0.6836,0.676,0.5833,0.8255,0.7816,0.6992,0.6957,1.6406,2.7137,1201001,0.0,270.23,none,none,stable,True,0.0,
42,9,Event-Driven Ensemble (Custom Dual-Trigger),0.681,0.704,0.627,0.7453,0.7696,0.673,0.7094,1.7031,2.2479,1201001,0.0,270.23,none,none,stable,True,0.0922,
42,9,Event-Driven Ensemble (DDM),0.685,0.68,0.5878,0.8208,0.7797,0.6864,0.6986,1.4688,2.2379,1201001,0.0156,270.23,none,none,stable,True,0.0,
42,9,Event-Driven Ensemble (EDDM),0.685,0.68,0.5878,0.8208,0.7797,0.6864,0.6986,1.6562,2.9463,1201001,0.0,270.26,none,none,stable,True,0.0,
42,9,Event-Driven Ensemble (Page-Hinkley),0.6836,0.676,0.5833,0.8255,0.7816,0.6992,0.6957,1.7812,3.3545,1201001,0.0,270.22,none,none,stable,True,0.0,
42,9,Frozen Ensemble,0.6787330316742082,0.716,0.6521739130434783,0.7075471698113207,0.7859178459119497,0.7332452795018729,0.7148846960167714,0.015625,0.014448599889874458,1701638,0.0,176.5234375,none,none,stable,False,0.0,0.0
42,9,Frozen Model,0.6712328767123288,0.712,0.6504424778761062,0.6933962264150944,0.7837886530398323,0.7286078597641659,0.7095453354297694,0.015625,0.008280900306999683,887872,0.0,176.5234375,none,none,stable,False,0.0,0.0
42,9,Streaming Random Patches (river),0.6834,0.698,0.6151,0.7689,0.7557,0.6682,0.7074,5.2344,6.9503,1513193,0.0,270.58,none,none,stable,False,0.0,
42,9,Two-Tier Hybrid Ensemble,0.6711,0.706,0.6383,0.7075,0.777,0.6985,0.7062,2.0625,2.7073,1338391,0.0,270.44,none,none,stable,True,0.0,0.4
42,9,Warm-Start Ensemble,0.6944,0.692,0.5993,0.8255,0.7597,0.6594,0.7096,0.0469,0.0904,643025,0.0,270.2,none,none,stable,False,0.0,
42,10,Adaptive Random Forest (river),0.0328,0.882,0.25,0.0175,0.6119,0.2121,0.5054,2.4688,3.2072,622059,0.0,270.45,concept,moderate,recovery,False,0.0,
42,10,Component-Selective Ensemble,0.3544,0.898,0.6364,0.2456,0.8154,0.3948,0.6138,0.8438,0.9072,1176224,0.0,190.37,concept,moderate,recovery,True,0.1063,
42,10,Continuously Retrained Ensemble,0.3256,0.884,0.4828,0.2456,0.8075,0.3754,0.6059,1.8125,2.2169,1176224,0.0,270.48,concept,moderate,recovery,True,0.0,
42,10,Event-Driven Ensemble (ADWIN),0.3256,0.884,0.4828,0.2456,0.8075,0.3754,0.6059,1.6406,2.787,1176224,0.0039,270.5,concept,moderate,recovery,True,0.0,
42,10,Event-Driven Ensemble (Custom Dual-Trigger),0.3059,0.882,0.4643,0.2281,0.8095,0.3781,0.5971,1.8125,2.4661,1176224,0.0,270.5,concept,moderate,recovery,True,0.1063,
42,10,Event-Driven Ensemble (DDM),0.3256,0.884,0.4828,0.2456,0.8075,0.3754,0.6059,0.0469,0.0428,1201001,0.0,270.5,concept,moderate,recovery,False,0.0,
42,10,Event-Driven Ensemble (EDDM),0.3256,0.884,0.4828,0.2456,0.8075,0.3754,0.6059,1.7812,2.0222,1176224,0.0,270.5,concept,moderate,recovery,True,0.0,
42,10,Event-Driven Ensemble (Page-Hinkley),0.3256,0.884,0.4828,0.2456,0.8075,0.3754,0.6059,1.7656,2.0275,1176224,0.0,270.37,concept,moderate,recovery,True,0.0,
42,10,Frozen Ensemble,0.22535211267605634,0.89,0.5714285714285714,0.14035087719298245,0.8282048235713437,0.3898770535804776,0.5634034295671458,0.015625,0.014935699757188559,1701638,0.0,176.5234375,concept,moderate,recovery,False,0.0,0.0
42,10,Frozen Model,0.22535211267605634,0.89,0.5714285714285714,0.14035087719298245,0.8214328145419983,0.3941021255546316,0.5634034295671458,0.015625,0.007734099868685007,887872,0.0,176.5234375,concept,moderate,recovery,False,0.0,0.0
42,10,Streaming Random Patches (river),0.1231,0.886,0.5,0.0702,0.6515,0.2647,0.5306,5.5938,6.5463,2022267,0.0,270.41,concept,moderate,recovery,False,0.0,
42,10,Two-Tier Hybrid Ensemble,0.2895,0.892,0.5789,0.193,0.8067,0.372,0.5875,1.9688,2.5271,1314065,0.0,270.4,concept,moderate,recovery,True,0.0,0.4
42,10,Warm-Start Ensemble,0.4242,0.886,0.5,0.3684,0.789,0.3643,0.6605,0.4219,0.3874,593512,0.0039,270.37,concept,moderate,recovery,True,0.0,
42,11,Adaptive Random Forest (river),0.0833,0.428,0.6842,0.0444,0.6384,0.632,0.5077,2.4844,3.0221,397382,0.0,269.21,mixed,moderate,recovery,False,0.0,
42,11,Component-Selective Ensemble,0.9333,0.924,0.9603,0.9078,0.9768,0.985,0.9274,0.3125,0.3267,1176944,0.0,190.43,mixed,moderate,recovery,True,0.142,
42,11,Continuously Retrained Ensemble,0.9377,0.928,0.9509,0.9249,0.977,0.9854,0.9286,1.7188,2.0115,1147504,0.0,270.41,mixed,moderate,recovery,True,0.0,
42,11,Event-Driven Ensemble (ADWIN),0.9377,0.928,0.9509,0.9249,0.977,0.9854,0.9286,0.0469,0.0435,1176224,0.0,270.3,mixed,moderate,recovery,False,0.0,
42,11,Event-Driven Ensemble (Custom Dual-Trigger),0.9377,0.928,0.9509,0.9249,0.977,0.9854,0.9286,1.7344,2.0603,1147504,0.0,270.37,mixed,moderate,recovery,True,0.142,
42,11,Event-Driven Ensemble (DDM),0.9283,0.916,0.9283,0.9283,0.9767,0.9851,0.9134,0.0625,0.0575,1201001,0.0,270.3,mixed,moderate,recovery,False,0.0,
42,11,Event-Driven Ensemble (EDDM),0.9377,0.928,0.9509,0.9249,0.977,0.9854,0.9286,1.5625,2.0204,1147504,0.0,270.3,mixed,moderate,recovery,True,0.0,
42,11,Event-Driven Ensemble (Page-Hinkley),0.9377,0.928,0.9509,0.9249,0.977,0.9854,0.9286,0.0312,0.0388,1176224,0.0,270.22,mixed,moderate,recovery,False,0.0,
42,11,Frozen Ensemble,0.9279437609841827,0.918,0.9565217391304348,0.9010238907849829,0.9753672651728742,0.9833135939535388,0.9215264381461146,0.015625,0.011163600254803896,1701638,0.0,176.5234375,mixed,moderate,recovery,False,0.0,0.0
42,11,Frozen Model,0.9298245614035088,0.92,0.9566787003610109,0.9044368600682594,0.9742625842937462,0.9829378536967694,0.9232329227877529,0.0,0.0053865001536905766,887872,0.0,176.5234375,mixed,moderate,recovery,False,0.0,0.0
42,11,Streaming Random Patches (river),0.8885,0.878,0.9567,0.8294,0.9666,0.9765,0.8881,4.3438,5.3751,2497920,0.0,269.14,mixed,moderate,recovery,False,0.0,
42,11,Two-Tier Hybrid Ensemble,0.9296,0.92,0.96,0.901,0.9769,0.9853,0.9239,1.7812,2.2393,1285828,0.0,269.06,mixed,moderate,recovery,True,0.0,0.4
42,11,Warm-Start Ensemble,0.9336,0.922,0.932,0.9352,0.9639,0.9714,0.9193,0.4531,0.6639,573688,0.0,270.22,mixed,moderate,recovery,True,0.0,
42,12,Adaptive Random Forest (river),0.8527,0.83,0.9354,0.7834,0.9014,0.9284,0.846,2.625,3.7882,599909,0.0,264.16,mixed,mild,sudden,False,0.0,
42,12,Component-Selective Ensemble,0.8892,0.862,0.8964,0.8822,0.9259,0.9454,0.8551,0.3125,0.3342,1175792,0.0,190.45,mixed,mild,sudden,True,0.1357,
42,12,Continuously Retrained Ensemble,0.8907,0.866,0.913,0.8694,0.9252,0.948,0.8648,1.5469,1.9245,1199001,0.0,269.09,mixed,mild,sudden,True,0.0,
42,12,Event-Driven Ensemble (ADWIN),0.895,0.87,0.9082,0.8822,0.9267,0.9448,0.8658,1.5469,1.7233,1199001,0.1562,269.11,mixed,mild,sudden,True,0.0,
42,12,Event-Driven Ensemble (Custom Dual-Trigger),0.8907,0.866,0.913,0.8694,0.9252,0.948,0.8648,1.375,2.3276,1199001,0.0,269.07,mixed,mild,sudden,True,0.1357,
42,12,Event-Driven Ensemble (DDM),0.8942,0.868,0.9,0.8885,0.9252,0.9461,0.8609,0.0469,0.0396,1201001,0.0,261.11,mixed,mild,sudden,False,0.0,
42,12,Event-Driven Ensemble (EDDM),0.8907,0.866,0.913,0.8694,0.9252,0.948,0.8648,1.4688,1.9223,1199001,0.0,262.55,mixed,mild,sudden,True,0.0,
42,12,Event-Driven Ensemble (Page-Hinkley),0.895,0.87,0.9082,0.8822,0.9267,0.9448,0.8658,0.0312,0.0421,1176224,0.0,262.55,mixed,mild,sudden,False,0.0,
42,12,Frozen Ensemble,0.8610169491525423,0.836,0.9202898550724637,0.8089171974522293,0.9299705499623313,0.9563885591023678,0.8453188137798782,0.03125,0.01938019972294569,1701638,0.0,176.5234375,mixed,mild,sudden,False,0.0,0.0
42,12,Frozen Model,0.8576271186440678,0.832,0.9166666666666666,0.8057324840764332,0.9275991370454079,0.9548384317356249,0.8410382850489693,0.015625,0.008117399644106627,887872,0.0,176.5234375,mixed,mild,sudden,False,0.0,0.0
42,12,Streaming Random Patches (river),0.885,0.854,0.8754,0.8949,0.8984,0.9001,0.8399,5.875,7.4373,3655521,0.0,264.6,mixed,mild,sudden,False,0.0,
42,12,Two-Tier Hybrid Ensemble,0.8668,0.842,0.9211,0.8185,0.9248,0.9491,0.8501,1.7969,3.2078,1368763,0.0,266.09,mixed,mild,sudden,True,0.0,0.4
42,12,Warm-Start Ensemble,0.8861,0.856,0.8805,0.8917,0.9137,0.9372,0.8437,0.375,0.5189,661007,0.0,262.65,mixed,mild,sudden,True,0.0,
42,13,Adaptive Random Forest (river),0.2639,0.152,0.152,1.0,0.6849,0.488,0.5,2.8438,3.4729,748647,0.0,266.62,concept,mild,sudden,False,0.0,
42,13,Component-Selective Ensemble,0.4915,0.88,0.6905,0.3816,0.8773,0.6222,0.6755,0.9219,0.944,1204825,0.0,190.44,concept,mild,sudden,True,0.1048,
42,13,Continuously Retrained Ensemble,0.541,0.888,0.7174,0.4342,0.8783,0.6325,0.7018,1.6406,2.1467,1204825,0.0,266.39,concept,mild,sudden,True,0.0,
42,13,Event-Driven Ensemble (ADWIN),0.5333,0.888,0.7273,0.4211,0.8803,0.6353,0.6964,0.0312,0.0535,1199001,0.0,266.57,concept,mild,sudden,False,0.0,
42,13,Event-Driven Ensemble (Custom Dual-Trigger),0.541,0.888,0.7174,0.4342,0.8783,0.6325,0.7018,1.8125,2.8631,1204825,0.0195,266.48,concept,mild,sudden,True,0.1048,
42,13,Event-Driven Ensemble (DDM),0.4483,0.872,0.65,0.3421,0.8802,0.6023,0.6545,0.0312,0.1034,1201001,0.0,266.57,concept,mild,sudden,False,0.0,
42,13,Event-Driven Ensemble (EDDM),0.541,0.888,0.7174,0.4342,0.8783,0.6325,0.7018,1.7031,1.8986,1204825,0.0,266.59,concept,mild,sudden,True,0.0,
42,13,Event-Driven Ensemble (Page-Hinkley),0.4576,0.872,0.6429,0.3553,0.8782,0.6005,0.6599,0.0469,0.042,1176224,0.0,266.59,concept,mild,sudden,False,0.0,
42,13,Frozen Ensemble,0.42718446601941745,0.882,0.8148148148148148,0.2894736842105263,0.8851477159880835,0.6284645940949922,0.6388406156901688,0.015625,0.014119799714535475,1701638,0.00390625,176.53515625,concept,mild,sudden,False,0.0,0.0
42,13,Frozen Model,0.40384615384615385,0.876,0.75,0.27631578947368424,0.8805238331678252,0.6101562906745156,0.62990317775571,0.0,0.009785300120711327,887872,0.0,176.52734375,concept,mild,sudden,False,0.0,0.0
42,13,Streaming Random Patches (river),0.5429,0.872,0.5938,0.5,0.8792,0.5806,0.7193,5.1719,7.2355,4930214,0.0,266.63,concept,mild,sudden,False,0.0,
42,13,Two-Tier Hybrid Ensemble,0.4038,0.876,0.75,0.2763,0.8567,0.5919,0.6299,1.75,2.3706,1375060,0.0,270.49,concept,mild,sudden,True,0.0,0.4
42,13,Warm-Start Ensemble,0.5441,0.876,0.6167,0.4868,0.8824,0.6171,0.7163,0.3281,0.4024,685784,0.0,266.59,concept,mild,sudden,True,0.0,
42,14,Adaptive Random Forest (river),0.0,0.504,0.0,0.0,0.817,0.728,0.5,3.0781,4.4077,1508296,0.0039,270.54,concept,moderate,gradual,False,0.0,
42,14,Component-Selective Ensemble,0.7976,0.796,0.7852,0.8105,0.8795,0.8471,0.7961,0.0156,0.0227,1204825,0.0,191.19,concept,moderate,gradual,False,0.0935,
42,14,Continuously Retrained Ensemble,0.8016,0.798,0.7816,0.8226,0.8785,0.8404,0.7982,1.6719,2.1675,1227570,0.0312,270.6,concept,moderate,gradual,True,0.0,
42,14,Event-Driven Ensemble (ADWIN),0.8008,0.8,0.7913,0.8105,0.8749,0.8413,0.8001,1.7969,2.2843,1227570,0.0078,270.69,concept,moderate,gradual,True,0.0,
42,14,Event-Driven Ensemble (Custom Dual-Trigger),0.8016,0.798,0.7816,0.8226,0.8785,0.8404,0.7982,0.0156,0.0822,1204825,0.0,270.69,concept,moderate,gradual,False,0.0935,
42,14,Event-Driven Ensemble (DDM),0.8117,0.806,0.7828,0.8427,0.8785,0.8408,0.8063,0.0156,0.075,1201001,0.0,270.7,concept,moderate,gradual,False,0.0,
42,14,Event-Driven Ensemble (EDDM),0.8016,0.798,0.7816,0.8226,0.8785,0.8404,0.7982,1.5938,2.0927,1227570,0.0117,270.7,concept,moderate,gradual,True,0.0,
42,14,Event-Driven Ensemble (Page-Hinkley),0.8063,0.804,0.7907,0.8226,0.8797,0.8391,0.8041,0.0469,0.0705,1176224,0.0,270.71,concept,moderate,gradual,False,0.0,
42,14,Frozen Ensemble,0.7891440501043842,0.798,0.8181818181818182,0.7620967741935484,0.8825044802867384,0.8547652498358339,0.7977150537634409,0.015625,0.017461000010371208,1701638,0.00390625,176.546875,concept,moderate,gradual,False,0.0,0.0
42,14,Frozen Model,0.7840670859538784,0.794,0.8165938864628821,0.7540322580645161,0.8797363031234,0.853382153313422,0.7936827956989247,0.015625,0.009181399829685688,887872,0.0,176.54296875,concept,moderate,gradual,False,0.0,0.0
42,14,Streaming Random Patches (river),0.8066,0.79,0.7424,0.8831,0.8693,0.8278,0.7907,5.75,7.7057,6791109,0.0,271.09,concept,moderate,gradual,False,0.0,
42,14,Two-Tier Hybrid Ensemble,0.7926,0.798,0.8075,0.7782,0.8779,0.8391,0.7978,0.375,0.5142,1375565,0.0,272.88,concept,moderate,gradual,False,0.0,0.28
42,14,Warm-Start Ensemble,0.8066,0.79,0.7424,0.8831,0.869,0.8388,0.7907,0.0312,0.0623,685784,0.0,270.71,concept,moderate,gradual,False,0.0,
42,15,Adaptive Random Forest (river),0.6218,0.82,0.5873,0.6607,0.8559,0.6277,0.7633,2.7031,3.5505,433444,0.0,277.98,none,none,stable,False,0.0,
42,15,Component-Selective Ensemble,0.6339,0.836,0.6339,0.6339,0.8898,0.6999,0.7641,0.3438,0.3691,1203385,0.0,191.19,none,none,stable,True,0.0503,
42,15,Continuously Retrained Ensemble,0.6134,0.816,0.5794,0.6518,0.8826,0.6812,0.7576,1.4844,1.7729,1236985,0.1602,275.23,none,none,stable,True,0.0,
42,15,Event-Driven Ensemble (ADWIN),0.6307,0.822,0.5891,0.6786,0.8857,0.6842,0.771,1.5781,1.9283,1236985,0.0,275.66,none,none,stable,True,0.0,
42,15,Event-Driven Ensemble (Custom Dual-Trigger),0.652,0.842,0.6435,0.6607,0.8887,0.6847,0.7775,1.5938,2.7696,1236985,0.0,275.66,none,none,stable,True,0.0503,
42,15,Event-Driven Ensemble (DDM),0.639,0.826,0.5969,0.6875,0.8829,0.6823,0.7767,0.0312,0.0505,1201001,0.0,275.66,none,none,stable,False,0.0,
42,15,Event-Driven Ensemble (EDDM),0.6134,0.816,0.5794,0.6518,0.8826,0.6812,0.7576,1.8125,2.4726,1236985,0.0,277.13,none,none,stable,True,0.0,
42,15,Event-Driven Ensemble (Page-Hinkley),0.6352,0.83,0.6116,0.6607,0.8858,0.6927,0.7698,0.0469,0.0976,1176224,0.0,277.13,none,none,stable,False,0.0,
42,15,Frozen Ensemble,0.6267281105990783,0.838,0.6476190476190476,0.6071428571428571,0.8881397275405007,0.6930426711301328,0.7558910162002945,0.015625,0.015489100012928247,1701638,0.0078125,176.5625,none,none,stable,False,0.0,0.0
42,15,Frozen Model,0.6009389671361502,0.83,0.6336633663366337,0.5714285714285714,0.8875414212076582,0.6943745894307582,0.7380338733431517,0.0,0.006174799986183643,887872,0.0,176.5546875,none,none,stable,False,0.0,0.0
42,15,Streaming Random Patches (river),0.6058,0.81,0.5659,0.6518,0.8699,0.677,0.7537,5.5625,8.3876,5330712,0.0,278.13,none,none,stable,False,0.0,
42,15,Two-Tier Hybrid Ensemble,0.633,0.84,0.6509,0.6161,0.8925,0.6912,0.7604,0.3281,0.5349,1375663,0.0,271.4,none,none,stable,False,0.0,0.196
42,15,Warm-Start Ensemble,0.6083,0.812,0.5703,0.6518,0.8838,0.6843,0.755,0.4375,0.776,711736,0.0,277.16,none,none,stable,True,0.0,
42,16,Adaptive Random Forest (river),0.5676,0.412,0.3979,0.9897,0.7621,0.6985,0.5162,2.7188,3.6095,803551,0.0,276.58,covariate,moderate,gradual,False,0.0,
42,16,Component-Selective Ensemble,0.7122,0.764,0.6791,0.7487,0.8402,0.7592,0.7612,0.0156,0.0238,1203385,0.0,191.19,covariate,moderate,gradual,False,0.0871,
42,16,Continuously Retrained Ensemble,0.7064,0.754,0.6607,0.759,0.8418,0.7659,0.7549,1.7344,3.0553,1222825,0.1562,274.7,covariate,moderate,gradual,True,0.0,
42,16,Event-Driven Ensemble (ADWIN),0.7064,0.754,0.6607,0.759,0.8418,0.7659,0.7549,1.625,1.8877,1222825,0.0,275.77,covariate,moderate,gradual,True,0.0,
42,16,Event-Driven Ensemble (Custom Dual-Trigger),0.7048,0.752,0.6578,0.759,0.8411,0.7655,0.7533,0.0469,0.0618,1236985,0.0,275.73,covariate,moderate,gradual,False,0.0871,
42,16,Event-Driven Ensemble (DDM),0.7064,0.754,0.6607,0.759,0.8385,0.7509,0.7549,1.5781,2.0489,1222825,0.0,275.77,covariate,moderate,gradual,True,0.0,
42,16,Event-Driven Ensemble (EDDM),0.7064,0.754,0.6607,0.759,0.8418,0.7659,0.7549,1.75,2.4164,1222825,0.0,275.77,covariate,moderate,gradual,True,0.0,
42,16,Event-Driven Ensemble (Page-Hinkley),0.7196,0.774,0.6971,0.7436,0.8348,0.7343,0.7685,1.5938,2.0849,1222825,0.0,275.77,covariate,moderate,gradual,True,0.0,
42,16,Frozen Ensemble,0.7253333333333334,0.794,0.7555555555555555,0.6974358974358974,0.8406725514922236,0.7680896557267414,0.7765868011769651,0.015625,0.012427300214767456,1701638,0.00390625,176.57421875,covariate,moderate,gradual,False,0.0,0.0
42,16,Frozen Model,0.7189189189189189,0.792,0.76,0.6820512820512821,0.8424884405212274,0.7654349450262947,0.7721731820092477,0.015625,0.010475900024175644,887872,0.0,176.56640625,covariate,moderate,gradual,False,0.0,0.0
42,16,Streaming Random Patches (river),0.6964,0.714,0.5942,0.841,0.8291,0.7513,0.7369,5.5,6.9836,2173954,0.0,276.8,covariate,moderate,gradual,False,0.0,
42,16,Two-Tier Hybrid Ensemble,0.72,0.776,0.7024,0.7385,0.8412,0.7587,0.7692,0.3125,0.4062,1408046,0.0,277.55,covariate,moderate,gradual,False,0.0,0.1372
42,16,Warm-Start Ensemble,0.7115,0.76,0.6697,0.759,0.8374,0.7466,0.7598,0.0469,0.0791,711736,0.0,275.77,covariate,moderate,gradual,False,0.0,
42,17,Adaptive Random Forest (river),0.0923,0.528,0.6667,0.0496,0.768,0.6868,0.5132,3.2031,3.5978,2506168,0.0,278.12,concept,mild,recovery,False,0.0,
42,17,Component-Selective Ensemble,0.7525,0.75,0.7224,0.7851,0.8247,0.7941,0.7511,0.0312,0.0329,1203385,0.0,191.2,concept,mild,recovery,False,0.0945,
42,17,Continuously Retrained Ensemble,0.7416,0.738,0.7094,0.7769,0.8281,0.7951,0.7392,1.5312,1.7522,1256786,0.0,277.69,concept,mild,recovery,True,0.0,
42,17,Event-Driven Ensemble (ADWIN),0.7456,0.742,0.7132,0.781,0.8277,0.7949,0.7432,0.0469,0.0598,1222825,0.0,277.27,concept,mild,recovery,False,0.0,
42,17,Event-Driven Ensemble (Custom Dual-Trigger),0.7397,0.734,0.7026,0.781,0.8268,0.8002,0.7355,0.0625,0.062,1236985,0.0,277.21,concept,mild,recovery,False,0.0945,
42,17,Event-Driven Ensemble (DDM),0.7435,0.742,0.7165,0.7727,0.8268,0.7919,0.743,0.0312,0.0424,1222825,0.0,277.27,concept,mild,recovery,False,0.0,
42,17,Event-Driven Ensemble (EDDM),0.7416,0.738,0.7094,0.7769,0.8281,0.7951,0.7392,1.7188,1.9817,1256786,0.0,277.27,concept,mild,recovery,True,0.0,
42,17,Event-Driven Ensemble (Page-Hinkley),0.7435,0.742,0.7165,0.7727,0.8268,0.7919,0.743,0.0469,0.0449,1222825,0.0,278.09,concept,mild,recovery,False,0.0,
42,17,Frozen Ensemble,0.7322175732217573,0.744,0.7415254237288136,0.7231404958677686,0.8253411493369209,0.7967630429731543,0.7433531936703184,0.078125,0.08255510032176971,1701638,0.00390625,176.5859375,concept,mild,recovery,False,0.0,0.0
42,17,Frozen Model,0.7399577167019028,0.754,0.7575757575757576,0.7231404958677686,0.8256935101543982,0.7919842971870508,0.7530431161509386,0.0,0.011080199852585793,887872,0.0,176.578125,concept,mild,recovery,False,0.0,0.0
42,17,Streaming Random Patches (river),0.6264,0.666,0.6829,0.5785,0.7523,0.7465,0.6633,5.0781,6.2099,2609222,0.0,278.64,concept,mild,recovery,False,0.0,
42,17,Two-Tier Hybrid Ensemble,0.7454,0.75,0.7349,0.7562,0.8227,0.7888,0.7502,0.3594,0.4588,1408929,0.0,277.9,concept,mild,recovery,False,0.0,0.1
42,17,Warm-Start Ensemble,0.7343,0.738,0.7211,0.7479,0.8211,0.7924,0.7383,0.0469,0.0428,711736,0.0,278.09,concept,mild,recovery,False,0.0,
42,18,Adaptive Random Forest (river),0.5,0.92,0.7407,0.3774,0.8552,0.5407,0.6808,2.5156,3.5935,369811,0.0,278.46,concept,mild,sudden,False,0.0,
42,18,Component-Selective Ensemble,0.5,0.916,0.6774,0.3962,0.912,0.5983,0.6869,0.9219,0.974,1211225,0.0,191.2,concept,mild,sudden,True,0.1073,
42,18,Continuously Retrained Ensemble,0.4524,0.908,0.6129,0.3585,0.9126,0.5862,0.6658,1.8594,2.071,1211225,0.0,277.91,concept,mild,sudden,True,0.0,
42,18,Event-Driven Ensemble (ADWIN),0.4598,0.906,0.5882,0.3774,0.9107,0.5619,0.673,1.8906,2.171,1211225,0.0,278.76,concept,mild,sudden,True,0.0,
42,18,Event-Driven Ensemble (Custom Dual-Trigger),0.5,0.916,0.6774,0.3962,0.9114,0.5674,0.6869,1.7812,2.2243,1211225,0.0,278.76,concept,mild,sudden,True,0.1073,
42,18,Event-Driven Ensemble (DDM),0.4598,0.906,0.5882,0.3774,0.9107,0.5619,0.673,0.0625,0.0531,1222825,0.0,278.76,concept,mild,sudden,False,0.0,
42,18,Event-Driven Ensemble (EDDM),0.4524,0.908,0.6129,0.3585,0.9126,0.5862,0.6658,1.625,1.9217,1211225,0.0,278.76,concept,mild,sudden,True,0.0,
42,18,Event-Driven Ensemble (Page-Hinkley),0.4598,0.906,0.5882,0.3774,0.9107,0.5619,0.673,1.6094,2.0163,1211225,0.0,278.76,concept,mild,sudden,True,0.0,
42,18,Frozen Ensemble,0.37142857142857144,0.912,0.7647058823529411,0.24528301886792453,0.910767802118948,0.5730050093201395,0.6181672365033135,0.03125,0.03718970017507672,1701638,0.0,176.5859375,concept,mild,sudden,False,0.0,0.0
42,18,Frozen Model,0.3611111111111111,0.908,0.6842105263157895,0.24528301886792453,0.9062091089443248,0.5492817354106682,0.6159301000379891,0.015625,0.017328900285065174,887872,0.0,176.5859375,concept,mild,sudden,False,0.0,0.0
42,18,Streaming Random Patches (river),0.4554,0.89,0.4792,0.434,0.8262,0.4069,0.689,4.1094,5.1663,605222,0.0,278.46,concept,mild,sudden,False,0.0,
42,18,Two-Tier Hybrid Ensemble,0.475,0.916,0.7037,0.3585,0.9129,0.5952,0.6703,1.8281,1.9956,1414854,0.0,277.7,concept,mild,sudden,True,0.0,0.4
42,18,Warm-Start Ensemble,0.4051,0.906,0.6154,0.3019,0.9102,0.517,0.6398,0.4844,0.7811,654495,0.0,278.76,concept,mild,sudden,True,0.0,
42,19,Adaptive Random Forest (river),0.9215,0.922,0.9582,0.8876,0.9741,0.9797,0.9231,2.625,3.4485,871965,0.0,278.66,concept,severe,sudden,False,0.0,
42,19,Component-Selective Ensemble,0.9234,0.924,0.9622,0.8876,0.9839,0.985,0.9252,0.0156,0.0231,1211225,0.0,191.27,concept,severe,sudden,False,0.038,
42,19,Continuously Retrained Ensemble,0.9168,0.918,0.9617,0.876,0.9828,0.9838,0.9194,1.3281,1.7583,1247401,0.0,277.73,concept,severe,sudden,True,0.0,
42,19,Event-Driven Ensemble (ADWIN),0.9231,0.924,0.9661,0.8837,0.9834,0.9845,0.9253,0.0469,0.0523,1211225,0.0,277.88,concept,severe,sudden,False,0.0,
42,19,Event-Driven Ensemble (Custom Dual-Trigger),0.9168,0.918,0.9617,0.876,0.9828,0.9838,0.9194,0.0469,0.0361,1211225,0.0,277.88,concept,severe,sudden,False,0.038,
42,19,Event-Driven Ensemble (DDM),0.929,0.93,0.9745,0.8876,0.9839,0.9855,0.9314,0.0469,0.0507,1222825,0.0,277.88,concept,severe,sudden,False,0.0,
42,19,Event-Driven Ensemble (EDDM),0.9168,0.918,0.9617,0.876,0.9828,0.9838,0.9194,1.6562,1.7838,1247401,0.0,277.88,concept,severe,sudden,True,0.0,
42,19,Event-Driven Ensemble (Page-Hinkley),0.9234,0.924,0.9622,0.8876,0.9839,0.985,0.9252,0.0312,0.0458,1211225,0.0,277.88,concept,severe,sudden,False,0.0,
42,19,Frozen Ensemble,0.8949579831932774,0.9,0.9770642201834863,0.8255813953488372,0.9857133704913832,0.9865731117011186,0.9024601191620218,0.015625,0.020337499678134918,1701638,0.0,176.5859375,concept,severe,sudden,False,0.0,0.0
42,19,Frozen Model,0.895397489539749,0.9,0.9727272727272728,0.8294573643410853,0.985937600102505,0.986751211374142,0.9023319879556666,0.0,0.008656600024551153,887872,0.0,176.5859375,concept,severe,sudden,False,0.0,0.0
42,19,Streaming Random Patches (river),0.8944,0.898,0.96,0.8372,0.9233,0.9527,0.9,4.2969,5.9587,1285812,0.0,278.66,concept,severe,sudden,False,0.0,
42,19,Two-Tier Hybrid Ensemble,0.8981,0.902,0.9686,0.8372,0.982,0.9835,0.9041,0.4062,0.464,1445667,0.0,278.65,concept,severe,sudden,False,0.0,0.28
42,19,Warm-Start Ensemble,0.8768,0.882,0.9502,0.814,0.9785,0.9801,0.8842,0.0625,0.0501,654495,0.0,277.88,concept,severe,sudden,False,0.0,
42,20,Adaptive Random Forest (river),0.921,0.874,0.9866,0.8635,0.9638,0.9934,0.8984,2.7656,4.3934,286459,0.0,278.83,mixed,moderate,sudden,False,0.0,
42,20,Component-Selective Ensemble,0.9017,0.846,0.986,0.8306,0.9567,0.9917,0.882,0.1719,0.153,1179225,0.0,191.27,mixed,moderate,sudden,True,0.2281,
42,20,Continuously Retrained Ensemble,0.8958,0.838,0.9886,0.8188,0.9593,0.9925,0.8827,1.9688,3.0822,1174928,0.0,278.66,mixed,moderate,sudden,True,0.0,
42,20,Event-Driven Ensemble (ADWIN),0.9017,0.846,0.986,0.8306,0.9567,0.9917,0.882,1.8438,2.5878,1174928,0.0,278.8,mixed,moderate,sudden,True,0.0,
42,20,Event-Driven Ensemble (Custom Dual-Trigger),0.9009,0.846,0.9943,0.8235,0.9588,0.9922,0.8984,1.9219,4.4291,1174928,0.0,278.77,mixed,moderate,sudden,True,0.2281,
42,20,Event-Driven Ensemble (DDM),0.9003,0.844,0.986,0.8282,0.9523,0.9911,0.8808,1.7656,2.0895,1174928,0.0,278.8,mixed,moderate,sudden,True,0.0,
42,20,Event-Driven Ensemble (EDDM),0.8958,0.838,0.9886,0.8188,0.9593,0.9925,0.8827,1.6094,2.1498,1174928,0.0,278.8,mixed,moderate,sudden,True,0.0,
42,20,Event-Driven Ensemble (Page-Hinkley),0.9017,0.846,0.986,0.8306,0.9567,0.9917,0.882,0.0625,0.1547,1211225,0.0,278.8,mixed,moderate,sudden,False,0.0,
42,20,Frozen Ensemble,0.8865710560625815,0.826,0.9941520467836257,0.8,0.964329411764706,0.993404416824256,0.8866666666666667,0.0,0.015050600282847881,1701638,0.0,176.5859375,mixed,moderate,sudden,False,0.0,0.0
42,20,Frozen Model,0.8695652173913043,0.802,0.9880239520958084,0.7764705882352941,0.960313725490196,0.9927212447405362,0.8615686274509804,0.0,0.011440199799835682,887872,0.0,176.5859375,mixed,moderate,sudden,False,0.0,0.0
42,20,Streaming Random Patches (river),0.9364,0.896,0.9746,0.9012,0.9663,0.9939,0.8839,4.6562,5.7671,1995066,0.0,278.83,mixed,moderate,sudden,False,0.0,
42,20,Two-Tier Hybrid Ensemble,0.9589,0.93,0.9577,0.96,0.96,0.9926,0.86,2.2344,2.8894,1441762,0.0,278.81,mixed,moderate,sudden,True,0.0,0.4
42,20,Warm-Start Ensemble,0.9395,0.9,0.9676,0.9129,0.9545,0.9917,0.8698,0.375,0.5389,586150,0.0,278.8,mixed,moderate,sudden,True,0.0,
42,21,Adaptive Random Forest (river),0.5272,0.358,0.358,1.0,0.9613,0.9507,0.5,2.6875,4.1492,712007,0.0,278.89,mixed,moderate,recovery,False,0.0,
42,21,Component-Selective Ensemble,0.8391,0.898,0.9638,0.743,0.9742,0.9587,0.8637,0.0,0.0215,1179225,0.0,191.33,mixed,moderate,recovery,False,0.0827,
42,21,Continuously Retrained Ensemble,0.9153,0.94,0.9257,0.905,0.9757,0.9657,0.9323,1.6562,2.0704,1168480,0.0,278.89,mixed,moderate,recovery,True,0.0,
42,21,Event-Driven Ensemble (ADWIN),0.9117,0.938,0.9302,0.8939,0.9755,0.9654,0.9282,0.0469,0.0496,1174928,0.0,278.89,mixed,moderate,recovery,False,0.0,
42,21,Event-Driven Ensemble (Custom Dual-Trigger),0.9117,0.938,0.9302,0.8939,0.9755,0.9654,0.9282,0.0469,0.0401,1174928,0.0,278.89,mixed,moderate,recovery,False,0.0827,
42,21,Event-Driven Ensemble (DDM),0.9117,0.938,0.9302,0.8939,0.9755,0.9656,0.9282,1.75,2.364,1168480,0.0,278.89,mixed,moderate,recovery,True,0.0,
42,21,Event-Driven Ensemble (EDDM),0.9153,0.94,0.9257,0.905,0.9757,0.9657,0.9323,1.875,2.623,1168480,0.0,278.89,mixed,moderate,recovery,True,0.0,
42,21,Event-Driven Ensemble (Page-Hinkley),0.822,0.89,0.9769,0.7095,0.973,0.9553,0.8501,0.0469,0.0496,1211225,0.0,278.89,mixed,moderate,recovery,False,0.0,
42,21,Frozen Ensemble,0.7811447811447811,0.87,0.9830508474576272,0.6480446927374302,0.970779164273656,0.9590698917846688,0.8209070815712073,0.015625,0.020751299802213907,1701638,0.0,176.5859375,mixed,moderate,recovery,False,0.0,0.0
42,21,Frozen Model,0.777027027027027,0.868,0.9829059829059829,0.6424581005586593,0.9688821594528273,0.9569580167472174,0.8181137854818219,0.0,0.00832080002874136,887872,0.0,176.5859375,mixed,moderate,recovery,False,0.0,0.0
42,21,Streaming Random Patches (river),0.8783,0.908,0.8342,0.9274,0.9639,0.9532,0.9123,5.75,7.6981,2761636,0.0,278.89,mixed,moderate,recovery,False,0.0,
42,21,Two-Tier Hybrid Ensemble,0.8375,0.882,0.8261,0.8492,0.8902,0.9027,0.8747,0.4062,0.8736,1426869,0.0,278.88,mixed,moderate,recovery,False,0.0,0.28
42,21,Warm-Start Ensemble,0.8926,0.922,0.8804,0.905,0.9705,0.9607,0.9182,0.0312,0.0491,586150,0.0,278.89,mixed,moderate,recovery,False,0.0,
42,22,Adaptive Random Forest (river),0.8349,0.746,0.8942,0.7829,0.7198,0.8916,0.6804,2.8281,4.6125,353254,0.0,279.3,covariate,moderate,sudden,False,0.0,
42,22,Component-Selective Ensemble,0.906,0.836,0.855,0.9634,0.7632,0.9192,0.6095,0.3125,0.4403,1178937,0.0,191.34,covariate,moderate,sudden,True,0.2803,
42,22,Continuously Retrained Ensemble,0.9037,0.826,0.8276,0.9951,0.8058,0.9437,0.5253,1.7344,2.5684,1184688,0.0,278.98,covariate,moderate,sudden,True,0.0,
42,22,Event-Driven Ensemble (ADWIN),0.9037,0.826,0.8276,0.9951,0.8099,0.9414,0.5253,1.7656,2.3524,1184688,0.0,278.98,covariate,moderate,sudden,True,0.0,
42,22,Event-Driven Ensemble (Custom Dual-Trigger),0.9037,0.826,0.8276,0.9951,0.8099,0.9414,0.5253,1.625,2.1013,1184688,0.0,278.98,covariate,moderate,sudden,True,0.2803,
42,22,Event-Driven Ensemble (DDM),0.9037,0.826,0.8276,0.9951,0.8062,0.9439,0.5253,1.6875,2.6767,1184688,0.0,278.98,covariate,moderate,sudden,True,0.0,
42,22,Event-Driven Ensemble (EDDM),0.9037,0.826,0.8276,0.9951,0.8058,0.9437,0.5253,1.6562,2.4824,1184688,0.0,278.98,covariate,moderate,sudden,True,0.0,
42,22,Event-Driven Ensemble (Page-Hinkley),0.9001,0.83,0.8685,0.9341,0.7116,0.9029,0.6449,1.7031,2.3933,1184688,0.0,278.98,covariate,moderate,sudden,True,0.0,
42,22,Frozen Ensemble,0.9078014184397163,0.844,0.8807339449541285,0.9365853658536586,0.7758265582655827,0.9239063487648908,0.6794037940379404,0.015625,0.015232699923217297,1701638,0.0,176.5859375,covariate,moderate,sudden,False,0.0,0.0
42,22,Frozen Model,0.9039145907473309,0.838,0.8799076212471132,0.9292682926829269,0.7850271002710026,0.9317677985881236,0.6757452574525745,0.015625,0.010233600158244371,887872,0.0,176.5859375,covariate,moderate,sudden,False,0.0,0.0
42,22,Streaming Random Patches (river),0.9039,0.826,0.8263,0.9976,0.7999,0.9451,0.521,5.9844,7.2723,3282200,0.0,279.3,covariate,moderate,sudden,False,0.0,
42,22,Two-Tier Hybrid Ensemble,0.9041,0.826,0.8249,1.0,0.8082,0.941,0.5167,2.0469,3.0928,1435431,0.0,279.28,covariate,moderate,sudden,True,0.0,0.4
42,22,Warm-Start Ensemble,0.9061,0.83,0.8283,1.0,0.7864,0.9277,0.5278,0.3906,0.5383,622433,0.0,278.98,covariate,moderate,sudden,True,0.0,
42,23,Adaptive Random Forest (river),0.586,0.822,0.4846,0.7412,0.803,0.3594,0.7899,2.5625,2.8284,402105,0.0,279.73,none,none,stable,False,0.0,
42,23,Component-Selective Ensemble,0.6154,0.83,0.5,0.8,0.8986,0.681,0.8181,0.8594,1.0047,1254898,0.0,191.33,none,none,stable,True,0.05,
42,23,Continuously Retrained Ensemble,0.6076,0.814,0.4737,0.8471,0.8934,0.7014,0.8271,1.6719,2.0778,1254898,0.0,279.31,none,none,stable,True,0.0,
42,23,Event-Driven Ensemble (ADWIN),0.6009,0.822,0.4855,0.7882,0.895,0.7046,0.8086,1.6562,2.1214,1254898,0.0,279.39,none,none,stable,True,0.0,
42,23,Event-Driven Ensemble (Custom Dual-Trigger),0.6009,0.822,0.4855,0.7882,0.895,0.7046,0.8086,1.8906,2.3398,1254898,0.0,279.39,none,none,stable,True,0.05,
42,23,Event-Driven Ensemble (DDM),0.6053,0.82,0.4825,0.8118,0.8969,0.7075,0.8167,1.7656,1.8716,1254898,0.0,279.39,none,none,stable,True,0.0,
42,23,Event-Driven Ensemble (EDDM),0.6076,0.814,0.4737,0.8471,0.8934,0.7014,0.8271,1.6406,1.763,1254898,0.0,279.39,none,none,stable,True,0.0,
42,23,Event-Driven Ensemble (Page-Hinkley),0.6063,0.826,0.4926,0.7882,0.8962,0.7054,0.811,0.0625,0.0567,1184688,0.0,279.39,none,none,stable,False,0.0,
42,23,Frozen Ensemble,0.6073298429319371,0.85,0.5471698113207547,0.6823529411764706,0.8992487597448617,0.6935016121448788,0.7833451452870305,0.015625,0.014161299914121628,1701638,0.0,176.5859375,none,none,stable,False,0.0,0.0
42,23,Frozen Model,0.6073298429319371,0.85,0.5471698113207547,0.6823529411764706,0.8999574769666904,0.6904704632294899,0.7833451452870305,0.0,0.01019930001348257,887872,0.0,176.5859375,none,none,stable,False,0.0,0.0
42,23,Streaming Random Patches (river),0.6222,0.83,0.5,0.8235,0.8989,0.6923,0.8274,5.5156,5.8706,2618837,0.0,279.73,none,none,stable,False,0.0,
42,23,Two-Tier Hybrid Ensemble,0.6126,0.828,0.4964,0.8,0.8949,0.6848,0.8169,2.0625,2.3184,1554424,0.0,279.96,none,none,stable,True,0.0,0.4
42,23,Warm-Start Ensemble,0.5588,0.76,0.4064,0.8941,0.8949,0.6836,0.8133,0.4219,0.4723,685610,0.0,279.65,none,none,stable,True,0.0,
42,24,Adaptive Random Forest (river),0.7267,0.672,0.6606,0.8074,0.8014,0.8477,0.6602,2.9688,3.8497,1299557,0.0,280.27,covariate,moderate,sudden,False,0.0,
42,24,Component-Selective Ensemble,0.8485,0.83,0.8179,0.8815,0.9037,0.9092,0.8255,0.1406,0.1518,1260658,0.0,191.33,covariate,moderate,sudden,True,0.156,
42,24,Continuously Retrained Ensemble,0.8481,0.828,0.8108,0.8889,0.904,0.9088,0.8227,1.8594,1.976,1231465,0.0,280.03,covariate,moderate,sudden,True,0.0,
42,24,Event-Driven Ensemble (ADWIN),0.8481,0.828,0.8108,0.8889,0.904,0.9088,0.8227,1.7188,1.846,1231465,0.0,280.05,covariate,moderate,sudden,True,0.0,
42,24,Event-Driven Ensemble (Custom Dual-Trigger),0.8481,0.828,0.8108,0.8889,0.904,0.9088,0.8227,1.7031,1.8942,1231465,0.0,280.05,covariate,moderate,sudden,True,0.156,
42,24,Event-Driven Ensemble (DDM),0.8481,0.828,0.8108,0.8889,0.904,0.9088,0.8227,1.6094,1.914,1231465,0.0,280.05,covariate,moderate,sudden,True,0.0,
42,24,Event-Driven Ensemble (EDDM),0.8481,0.828,0.8108,0.8889,0.904,0.9088,0.8227,1.6562,1.8423,1231465,0.0742,280.05,covariate,moderate,sudden,True,0.0,
42,24,Event-Driven Ensemble (Page-Hinkley),0.8496,0.83,0.8136,0.8889,0.9033,0.9113,0.8249,0.0156,0.0437,1184688,0.0,280.12,covariate,moderate,sudden,False,0.0,
42,24,Frozen Ensemble,0.8549019607843137,0.852,0.9083333333333333,0.8074074074074075,0.9059420289855072,0.9099957108780493,0.855877616747182,0.015625,0.018885700032114983,1701638,0.00390625,176.58984375,covariate,moderate,sudden,False,0.0,0.0
42,24,Frozen Model,0.8492063492063492,0.848,0.9145299145299145,0.7925925925925926,0.9021900161030596,0.9070034356543065,0.8528180354267311,0.0,0.005623300094157457,887872,0.0,176.5859375,covariate,moderate,sudden,False,0.0,0.0
42,24,Streaming Random Patches (river),0.8283,0.806,0.7932,0.8667,0.8888,0.889,0.8007,5.8438,6.3692,3374717,0.0,280.26,covariate,moderate,sudden,False,0.0,
42,24,Two-Tier Hybrid Ensemble,0.8545,0.842,0.8498,0.8593,0.8988,0.9058,0.8405,2.3281,2.3975,1532259,0.0,280.43,covariate,moderate,sudden,True,0.0,0.4
42,24,Warm-Start Ensemble,0.8521,0.85,0.9114,0.8,0.898,0.9028,0.8543,0.4062,0.4055,728410,0.0,280.12,covariate,moderate,sudden,True,0.0,
42,25,Adaptive Random Forest (river),0.7521,0.706,0.6717,0.8544,0.7603,0.7459,0.6992,3.2812,3.9396,1818497,0.0,280.52,covariate,mild,recovery,False,0.0,
42,25,Component-Selective Ensemble,0.7544,0.72,0.6958,0.8238,0.7857,0.7703,0.7152,0.1562,0.1587,1273618,0.0,191.34,covariate,mild,recovery,True,0.1434,
42,25,Continuously Retrained Ensemble,0.7611,0.73,0.7072,0.8238,0.7859,0.7632,0.7257,1.8281,1.8953,1287282,0.0039,280.46,covariate,mild,recovery,True,0.0,
42,25,Event-Driven Ensemble (ADWIN),0.7611,0.73,0.7072,0.8238,0.7859,0.7632,0.7257,0.0469,0.0478,1231465,0.0,280.5,covariate,mild,recovery,False,0.0,
42,25,Event-Driven Ensemble (Custom Dual-Trigger),0.7611,0.73,0.7072,0.8238,0.7859,0.7632,0.7257,1.7656,1.8683,1287282,0.0,280.5,covariate,mild,recovery,True,0.1434,
42,25,Event-Driven Ensemble (DDM),0.7611,0.73,0.7072,0.8238,0.7859,0.7632,0.7257,1.8125,1.8833,1287282,0.0,280.5,covariate,mild,recovery,True,0.0,
42,25,Event-Driven Ensemble (EDDM),0.7611,0.73,0.7072,0.8238,0.7859,0.7632,0.7257,1.7656,1.9281,1287282,0.0,280.5,covariate,mild,recovery,True,0.0,
42,25,Event-Driven Ensemble (Page-Hinkley),0.7441,0.674,0.6303,0.908,0.7911,0.7696,0.6632,1.7969,1.9103,1287282,0.0,280.5,covariate,mild,recovery,True,0.0,
42,25,Frozen Ensemble,0.7463768115942029,0.72,0.7079037800687286,0.789272030651341,0.7951393898587666,0.7794542343873152,0.7168117475432437,0.015625,0.020025999750941992,1701638,0.00390625,176.59375,covariate,mild,recovery,False,0.0,0.0
42,25,Frozen Model,0.7454545454545455,0.72,0.7093425605536332,0.7854406130268199,0.7942416518379584,0.7821592852660186,0.7169880889401882,0.0,0.009599599987268448,887872,0.0,176.58984375,covariate,mild,recovery,False,0.0,0.0
42,25,Streaming Random Patches (river),0.7625,0.716,0.6766,0.8736,0.762,0.7509,0.7087,5.4844,5.8765,2977558,0.0,280.5,covariate,mild,recovery,False,0.0,
42,25,Two-Tier Hybrid Ensemble,0.7554,0.728,0.7119,0.8046,0.7937,0.7657,0.7245,2.2031,2.6517,1588654,0.0,280.95,covariate,mild,recovery,True,0.0,0.4
42,25,Warm-Start Ensemble,0.7468,0.68,0.6361,0.9042,0.7889,0.7775,0.6697,0.4219,0.4474,779907,0.0,280.5,covariate,mild,recovery,True,0.0,
42,26,Adaptive Random Forest (river),0.1892,0.88,0.5385,0.1148,0.7551,0.402,0.5505,2.75,3.1493,804478,0.0,281.14,none,none,stable,False,0.0,
42,26,Component-Selective Ensemble,0.2927,0.884,0.5714,0.1967,0.8207,0.4735,0.5881,1.0156,1.0766,1312651,0.0,191.34,none,none,stable,True,0.1059,
42,26,Continuously Retrained Ensemble,0.2889,0.872,0.4483,0.2131,0.8184,0.4479,0.5883,1.6406,1.8382,1312651,0.0117,281.12,none,none,stable,True,0.0,
42,26,Event-Driven Ensemble (ADWIN),0.2857,0.88,0.5217,0.1967,0.8197,0.472,0.5858,1.7031,1.9165,1312651,0.0,281.14,none,none,stable,True,0.0,
42,26,Event-Driven Ensemble (Custom Dual-Trigger),0.2889,0.872,0.4483,0.2131,0.8184,0.4479,0.5883,1.7031,1.8457,1312651,0.0,281.14,none,none,stable,True,0.1059,
42,26,Event-Driven Ensemble (DDM),0.2889,0.872,0.4483,0.2131,0.8184,0.4479,0.5883,0.0469,0.0327,1287282,0.0,281.13,none,none,stable,False,0.0,
42,26,Event-Driven Ensemble (EDDM),0.2889,0.872,0.4483,0.2131,0.8184,0.4479,0.5883,1.7188,1.9072,1312651,0.0,281.13,none,none,stable,True,0.0,
42,26,Event-Driven Ensemble (Page-Hinkley),0.3077,0.874,0.4667,0.2295,0.8178,0.4481,0.5965,1.7969,1.9328,1312651,0.0,281.13,none,none,stable,True,0.0,
42,26,Frozen Ensemble,0.3037974683544304,0.89,0.6666666666666666,0.19672131147540983,0.845550618021584,0.4959416085434461,0.5915269427536503,0.03125,0.03201940003782511,1701638,0.0,176.59375,none,none,stable,False,0.0,0.0
42,26,Frozen Model,0.3037974683544304,0.89,0.6666666666666666,0.19672131147540983,0.8392397027521565,0.469878480659895,0.5915269427536503,0.0,0.007265700027346611,887872,0.0,176.59375,none,none,stable,False,0.0,0.0
42,26,Streaming Random Patches (river),0.241,0.874,0.4545,0.1639,0.803,0.3655,0.5683,5.25,6.377,3029823,0.0,281.18,none,none,stable,False,0.0,
42,26,Two-Tier Hybrid Ensemble,0.2632,0.888,0.6667,0.1639,0.8357,0.4779,0.5763,2.25,2.3215,1645729,0.0,281.37,none,none,stable,True,0.0,0.4
42,26,Warm-Start Ensemble,0.4915,0.88,0.5088,0.4754,0.7635,0.3854,0.7058,0.4062,0.4949,748659,0.0,281.13,none,none,stable,True,0.0,
42,27,Adaptive Random Forest (river),0.9091,0.906,0.9325,0.8868,0.9653,0.95,0.9072,3.0156,3.1483,656173,0.0,280.48,mixed,mild,recovery,False,0.0,
42,27,Component-Selective Ensemble,0.9189,0.916,0.9407,0.8981,0.9705,0.9736,0.9171,0.0156,0.051,1312651,0.0,191.84,mixed,mild,recovery,False,0.0883,
42,27,Continuously Retrained Ensemble,0.9189,0.916,0.9407,0.8981,0.9705,0.9736,0.9171,1.8125,1.8976,1269586,0.0,280.47,mixed,mild,recovery,True,0.0,
42,27,Event-Driven Ensemble (ADWIN),0.9189,0.916,0.9407,0.8981,0.9705,0.9736,0.9171,1.8281,1.835,1269586,0.0,280.47,mixed,mild,recovery,True,0.0,
42,27,Event-Driven Ensemble (Custom Dual-Trigger),0.9189,0.916,0.9407,0.8981,0.9705,0.9736,0.9171,0.0312,0.0536,1312651,0.0,280.47,mixed,mild,recovery,False,0.0883,
42,27,Event-Driven Ensemble (DDM),0.9143,0.91,0.9231,0.9057,0.971,0.974,0.9103,0.0469,0.052,1287282,0.0,280.47,mixed,mild,recovery,False,0.0,
42,27,Event-Driven Ensemble (EDDM),0.9189,0.916,0.9407,0.8981,0.9705,0.9736,0.9171,1.7188,1.8373,1269586,0.0,280.48,mixed,mild,recovery,True,0.0,
42,27,Event-Driven Ensemble (Page-Hinkley),0.9189,0.916,0.9407,0.8981,0.9705,0.9736,0.9171,0.0469,0.0549,1312651,0.0,280.48,mixed,mild,recovery,False,0.0,
42,27,Frozen Ensemble,0.9041095890410958,0.902,0.9390243902439024,0.8716981132075472,0.9695222802087515,0.9725751662659033,0.9039341629867523,0.015625,0.015963099896907806,1701638,0.0,176.59375,mixed,mild,recovery,False,0.0,0.0
42,27,Frozen Model,0.9041095890410958,0.902,0.9390243902439024,0.8716981132075472,0.9689281413087113,0.9720045478576751,0.9039341629867523,0.015625,0.013843799941241741,887872,0.0,176.59375,mixed,mild,recovery,False,0.0,0.0
42,27,Streaming Random Patches (river),0.8755,0.876,0.9356,0.8226,0.9561,0.9525,0.8794,5.9219,6.2237,4042031,0.0,280.48,mixed,mild,recovery,False,0.0,
42,27,Two-Tier Hybrid Ensemble,0.9026,0.902,0.9538,0.8566,0.9696,0.9717,0.9049,0.5625,0.592,1645742,0.0,280.95,mixed,mild,recovery,False,0.0,0.28
42,27,Warm-Start Ensemble,0.8946,0.894,0.9454,0.8491,0.9663,0.9695,0.8969,0.0312,0.0518,748659,0.0,280.48,mixed,mild,recovery,False,0.0,
42,28,Adaptive Random Forest (river),0.5232,0.65,0.6667,0.4305,0.7858,0.6463,0.6286,2.6562,2.7095,1109953,0.0,281.85,mixed,mild,recovery,False,0.0,
42,28,Component-Selective Ensemble,0.7273,0.748,0.7029,0.7534,0.8265,0.7689,0.7485,0.0469,0.0408,1312651,0.0,191.83,mixed,mild,recovery,False,0.0886,
42,28,Continuously Retrained Ensemble,0.7269,0.74,0.6838,0.7758,0.824,0.7614,0.7435,1.8438,2.0055,1300939,0.0078,280.99,mixed,mild,recovery,True,0.0,
42,28,Event-Driven Ensemble (ADWIN),0.7269,0.74,0.6838,0.7758,0.824,0.7614,0.7435,1.7656,1.9323,1300939,0.0,281.79,mixed,mild,recovery,True,0.0,
42,28,Event-Driven Ensemble (Custom Dual-Trigger),0.7273,0.748,0.7029,0.7534,0.8265,0.7689,0.7485,0.0469,0.0486,1312651,0.0,281.79,mixed,mild,recovery,False,0.0886,
42,28,Event-Driven Ensemble (DDM),0.725,0.736,0.677,0.7803,0.8244,0.7528,0.7403,1.7188,1.9731,1300939,0.0156,281.79,mixed,mild,recovery,True,0.0,
42,28,Event-Driven Ensemble (EDDM),0.7269,0.74,0.6838,0.7758,0.824,0.7614,0.7435,1.7031,2.0192,1300939,0.0195,281.81,mixed,mild,recovery,True,0.0,
42,28,Event-Driven Ensemble (Page-Hinkley),0.7273,0.748,0.7029,0.7534,0.8265,0.7689,0.7485,0.0469,0.0523,1312651,0.0,281.84,mixed,mild,recovery,False,0.0,
42,28,Frozen Ensemble,0.7408993576017131,0.758,0.7090163934426229,0.7757847533632287,0.8246911981350472,0.757448191723698,0.7597335319162715,0.015625,0.020635500084608793,1701638,0.0,176.59375,mixed,mild,recovery,False,0.0,0.0
42,28,Frozen Model,0.7440860215053764,0.762,0.7148760330578512,0.7757847533632287,0.8270709556264265,0.7583102217746042,0.7633436402195205,0.015625,0.008129300083965063,887872,0.0,176.59375,mixed,mild,recovery,False,0.0,0.0
42,28,Streaming Random Patches (river),0.7255,0.726,0.6558,0.8117,0.8124,0.7349,0.7343,6.5,6.8738,3266823,0.0,281.84,mixed,mild,recovery,False,0.0,
42,28,Two-Tier Hybrid Ensemble,0.7326,0.746,0.6905,0.7803,0.8262,0.7685,0.7493,0.4844,0.4924,1351574,0.0,281.82,mixed,mild,recovery,False,0.0,0.196
42,28,Warm-Start Ensemble,0.6958,0.722,0.6795,0.713,0.8102,0.7352,0.7211,0.0469,0.0485,748659,0.0,281.84,mixed,mild,recovery,False,0.0,
42,29,Adaptive Random Forest (river),0.2182,0.126,0.1227,0.9839,0.5217,0.3144,0.4942,1.7656,2.2001,528881,0.0,281.87,none,none,stable,False,0.0,
42,29,Component-Selective Ensemble,0.3596,0.886,0.5926,0.2581,0.884,0.4984,0.6165,1.2031,1.3625,1265106,0.0,191.83,none,none,stable,True,0.1048,
42,29,Continuously Retrained Ensemble,0.5138,0.894,0.5957,0.4516,0.889,0.5148,0.7041,1.7656,1.8275,1265106,0.0039,281.83,none,none,stable,True,0.0,
42,29,Event-Driven Ensemble (ADWIN),0.5138,0.894,0.5957,0.4516,0.889,0.5148,0.7041,1.7969,1.8541,1265106,0.0,281.86,none,none,stable,True,0.0,
42,29,Event-Driven Ensemble (Custom Dual-Trigger),0.3596,0.886,0.5926,0.2581,0.884,0.4984,0.6165,1.75,1.8082,1265106,0.0,281.84,none,none,stable,True,0.1048,
42,29,Event-Driven Ensemble (DDM),0.486,0.89,0.5778,0.4194,0.8889,0.5211,0.688,0.0469,0.0447,1300939,0.0,281.86,none,none,stable,False,0.0,
42,29,Event-Driven Ensemble (EDDM),0.5138,0.894,0.5957,0.4516,0.889,0.5148,0.7041,0.0469,0.0662,1300939,0.0,281.87,none,none,stable,False,0.0,
42,29,Event-Driven Ensemble (Page-Hinkley),0.3596,0.886,0.5926,0.2581,0.884,0.4984,0.6165,1.625,2.0223,1265106,0.0,281.87,none,none,stable,True,0.0,
42,29,Frozen Ensemble,0.41304347826086957,0.892,0.6333333333333333,0.3064516129032258,0.8941670349094123,0.5186692620007567,0.6406687288260421,0.015625,0.0189648000523448,1701638,0.0,176.59375,none,none,stable,False,0.0,0.0
42,29,Frozen Model,0.43010752688172044,0.894,0.6451612903225806,0.3225806451612903,0.8937251436146708,0.5053924790165796,0.6487332449550743,0.0,0.005535100121051073,887872,0.0,176.59375,none,none,stable,False,0.0,0.0
42,29,Streaming Random Patches (river),0.3368,0.874,0.4848,0.2581,0.7203,0.3739,0.6096,4.375,6.2102,917645,0.0,281.87,none,none,stable,False,0.0,
42,29,Two-Tier Hybrid Ensemble,0.466,0.89,0.5854,0.3871,0.8849,0.5024,0.6741,1.9062,2.49,1335786,0.0,281.87,none,none,stable,True,0.0,0.4
42,29,Warm-Start Ensemble,0.321,0.89,0.6842,0.2097,0.8781,0.4934,0.598,0.4375,0.6327,688154,0.0,281.87,none,none,stable,True,0.0,
42,30,Adaptive Random Forest (river),0.0,0.27,0.0,0.0,0.8629,0.7351,0.5,2.5,2.6164,622226,0.0,275.16,covariate,severe,recovery,False,0.0,
42,30,Component-Selective Ensemble,0.9181,0.878,0.9,0.937,0.9199,0.955,0.8278,0.3438,0.3331,1266690,0.0,191.83,covariate,severe,recovery,True,0.2488,
42,30,Continuously Retrained Ensemble,0.9204,0.882,0.9069,0.9342,0.923,0.9593,0.8375,1.7344,2.1972,1255810,0.2305,272.84,covariate,severe,recovery,True,0.0,
42,30,Event-Driven Ensemble (ADWIN),0.9204,0.882,0.9069,0.9342,0.923,0.9593,0.8375,1.7031,1.8245,1255810,0.0,273.92,covariate,severe,recovery,True,0.0,
42,30,Event-Driven Ensemble (Custom Dual-Trigger),0.9181,0.878,0.9,0.937,0.9199,0.955,0.8278,1.7188,1.9511,1255810,0.0,273.45,covariate,severe,recovery,True,0.2488,
42,30,Event-Driven Ensemble (DDM),0.9247,0.888,0.9077,0.9425,0.9235,0.9515,0.8416,0.0469,0.0544,1300939,0.0,273.92,covariate,severe,recovery,False,0.0,
42,30,Event-Driven Ensemble (EDDM),0.9247,0.888,0.9077,0.9425,0.9235,0.9515,0.8416,1.7969,1.8711,1255810,0.0,274.61,covariate,severe,recovery,True,0.0,
42,30,Event-Driven Ensemble (Page-Hinkley),0.9181,0.878,0.9,0.937,0.9199,0.955,0.8278,0.0469,0.0464,1265106,0.0,274.61,covariate,severe,recovery,False,0.0,
42,30,Frozen Ensemble,0.927694406548431,0.894,0.9239130434782609,0.9315068493150684,0.8967224759005581,0.9272154373074888,0.8620497209538305,0.015625,0.013456899672746658,1701638,0.0,176.59375,covariate,severe,recovery,False,0.0,0.0
42,30,Frozen Model,0.9316939890710383,0.9,0.9291553133514986,0.9342465753424658,0.9015119228817859,0.9286780281884347,0.8708269913749367,0.015625,0.009116900153458118,887872,0.0,176.59375,covariate,severe,recovery,False,0.0,0.0
42,30,Streaming Random Patches (river),0.9033,0.86,0.9109,0.8959,0.8919,0.9512,0.8294,4.6406,4.8647,716989,0.0,275.56,covariate,severe,recovery,False,0.0,
42,30,Two-Tier Hybrid Ensemble,0.9086,0.86,0.8678,0.9534,0.9199,0.955,0.7804,1.9062,1.9703,1326126,0.0,275.57,covariate,severe,recovery,True,0.0,0.4
42,30,Warm-Start Ensemble,0.911,0.866,0.884,0.9397,0.8905,0.9184,0.8032,0.4375,0.4274,676794,0.0,274.61,covariate,severe,recovery,True,0.0,
42,31,Adaptive Random Forest (river),0.2177,0.612,0.931,0.1233,0.9523,0.9247,0.5581,2.6094,2.769,468924,0.0,276.6,mixed,moderate,gradual,False,0.0,
42,31,Component-Selective Ensemble,0.8946,0.91,0.9183,0.8721,0.9678,0.9667,0.9058,0.0312,0.0248,1266690,0.0039,191.85,mixed,moderate,gradual,False,0.0886,
42,31,Continuously Retrained Ensemble,0.8915,0.908,0.922,0.863,0.9676,0.9667,0.903,1.7812,2.0552,1240514,0.0,275.61,mixed,moderate,gradual,True,0.0,
42,31,Event-Driven Ensemble (ADWIN),0.8915,0.908,0.922,0.863,0.9676,0.9667,0.903,0.0469,0.0457,1255810,0.0,275.68,mixed,moderate,gradual,False,0.0,
42,31,Event-Driven Ensemble (Custom Dual-Trigger),0.8915,0.908,0.922,0.863,0.9681,0.967,0.903,0.0469,0.048,1255810,0.0,275.65,mixed,moderate,gradual,False,0.0886,
42,31,Event-Driven Ensemble (DDM),0.8947,0.912,0.9397,0.8539,0.9667,0.9658,0.9056,0.0469,0.0726,1300939,0.0,275.68,mixed,moderate,gradual,False,0.0,
42,31,Event-Driven Ensemble (EDDM),0.8915,0.908,0.922,0.863,0.9676,0.9667,0.903,1.8125,1.8254,1240514,0.1016,276.5,mixed,moderate,gradual,True,0.0,
42,31,Event-Driven Ensemble (Page-Hinkley),0.8998,0.914,0.919,0.8813,0.9676,0.9669,0.9104,0.0469,0.0474,1265106,0.0,276.6,mixed,moderate,gradual,False,0.0,
42,31,Frozen Ensemble,0.8975609756097561,0.916,0.9633507853403142,0.8401826484018264,0.9685402752725913,0.9639569727662725,0.9076358081866783,0.015625,0.012470600195229053,1701638,0.0,176.59375,mixed,moderate,gradual,False,0.0,0.0
42,31,Frozen Model,0.9002433090024331,0.918,0.9635416666666666,0.8447488584474886,0.9678415313866005,0.9644704614897897,0.9099189132095094,0.015625,0.007204000372439623,887872,0.0,176.59375,mixed,moderate,gradual,False,0.0,0.0
42,31,Streaming Random Patches (river),0.7458,0.82,0.9778,0.6027,0.9565,0.9528,0.796,4.8125,5.4225,993663,0.0,277.1,mixed,moderate,gradual,False,0.0,
42,31,Two-Tier Hybrid Ensemble,0.885,0.896,0.8584,0.9132,0.9677,0.9666,0.8979,0.1562,0.204,1326664,0.0,277.35,mixed,moderate,gradual,False,0.0,0.28
42,31,Warm-Start Ensemble,0.9,0.912,0.8959,0.9041,0.9553,0.9615,0.9111,0.0469,0.0438,676794,0.0,276.6,mixed,moderate,gradual,False,0.0,
42,32,Adaptive Random Forest (river),0.9462,0.944,0.996,0.9011,0.9886,0.9923,0.9483,2.4844,2.7269,744942,0.0,277.77,mixed,severe,recovery,False,0.0,
42,32,Component-Selective Ensemble,0.9484,0.946,0.992,0.9084,0.9914,0.9942,0.9498,0.4062,0.4254,1245410,0.0,191.85,mixed,severe,recovery,True,0.1266,
42,32,Continuously Retrained Ensemble,0.9459,0.944,1.0,0.8974,0.9914,0.9943,0.9487,1.7188,1.8893,1221929,0.0078,277.59,mixed,severe,recovery,True,0.0,
42,32,Event-Driven Ensemble (ADWIN),0.9564,0.954,0.9921,0.9231,0.9919,0.9945,0.9571,1.7188,1.914,1221929,0.0,277.76,mixed,severe,recovery,True,0.0,
42,32,Event-Driven Ensemble (Custom Dual-Trigger),0.9564,0.954,0.9921,0.9231,0.9919,0.9945,0.9571,1.7656,1.8173,1221929,0.0,277.76,mixed,severe,recovery,True,0.1266,
42,32,Event-Driven Ensemble (DDM),0.952,0.95,1.0,0.9084,0.9919,0.9944,0.9542,0.0469,0.0476,1300939,0.0,277.76,mixed,severe,recovery,False,0.0,
42,32,Event-Driven Ensemble (EDDM),0.9459,0.944,1.0,0.8974,0.9914,0.9943,0.9487,1.8438,1.9025,1221929,0.0,277.76,mixed,severe,recovery,True,0.0,
42,32,Event-Driven Ensemble (Page-Hinkley),0.948,0.946,1.0,0.9011,0.9914,0.9942,0.9505,0.0312,0.0386,1265106,0.0,277.76,mixed,severe,recovery,False,0.0,
42,32,Frozen Ensemble,0.9166666666666666,0.916,1.0,0.8461538461538461,0.9918187539332914,0.9944459726269711,0.9230769230769231,0.015625,0.015196099877357483,1701638,0.0,176.59375,mixed,severe,recovery,False,0.0,0.0
42,32,Frozen Model,0.908,0.908,1.0,0.8315018315018315,0.9907860128124445,0.9936924728899081,0.9157509157509158,0.0,0.005485100205987692,887872,0.0,176.59375,mixed,severe,recovery,False,0.0,0.0
42,32,Streaming Random Patches (river),0.9527,0.948,0.9458,0.9597,0.9886,0.9923,0.9468,5.0781,5.5548,1695110,0.0,277.98,mixed,severe,recovery,False,0.0,
42,32,Two-Tier Hybrid Ensemble,0.9585,0.956,0.9883,0.9304,0.9912,0.994,0.9586,1.875,2.0057,1293199,0.0,278.26,mixed,severe,recovery,True,0.0,0.4
42,32,Warm-Start Ensemble,0.95,0.948,1.0,0.9048,0.9839,0.9905,0.9524,0.375,0.4486,587190,0.0,277.76,mixed,severe,recovery,True,0.0,
42,33,Adaptive Random Forest (river),0.8679,0.832,0.879,0.8571,0.9012,0.9435,0.8218,3.0469,3.1562,781494,0.0,278.38,concept,severe,sudden,False,0.0,
42,33,Component-Selective Ensemble,0.831,0.804,0.9341,0.7484,0.9157,0.9543,0.8265,0.0312,0.025,1245410,0.0,191.88,concept,severe,sudden,False,0.0956,
42,33,Continuously Retrained Ensemble,0.8258,0.8,0.9405,0.736,0.9123,0.9515,0.8259,1.75,1.8464,1190153,0.0,278.26,concept,severe,sudden,True,0.0,
42,33,Event-Driven Ensemble (ADWIN),0.8134,0.788,0.939,0.7174,0.9065,0.9453,0.8166,1.7344,1.8433,1190153,0.0,278.34,concept,severe,sudden,True,0.0,
42,33,Event-Driven Ensemble (Custom Dual-Trigger),0.8134,0.788,0.939,0.7174,0.9065,0.9453,0.8166,0.0469,0.0481,1221929,0.0,278.28,concept,severe,sudden,False,0.0956,
42,33,Event-Driven Ensemble (DDM),0.8313,0.806,0.9447,0.7422,0.9187,0.9568,0.8318,1.6875,1.7998,1190153,0.0,278.34,concept,severe,sudden,True,0.0,
42,33,Event-Driven Ensemble (EDDM),0.8258,0.8,0.9405,0.736,0.9123,0.9515,0.8259,1.7031,1.7999,1190153,0.0,278.34,concept,severe,sudden,True,0.0,
42,33,Event-Driven Ensemble (Page-Hinkley),0.8071,0.784,0.9496,0.7019,0.9163,0.9552,0.8172,1.6875,1.7485,1190153,0.0,278.34,concept,severe,sudden,True,0.0,
42,33,Frozen Ensemble,0.8043478260869565,0.784,0.9652173913043478,0.6894409937888198,0.9301591178728453,0.962189164094267,0.8222485867820504,0.015625,0.024521199986338615,1701638,0.0,176.59375,concept,severe,sudden,False,0.0,0.0
42,33,Frozen Model,0.8065099457504521,0.786,0.9653679653679653,0.6925465838509317,0.9252041314816107,0.958956245686649,0.8238013818131062,0.015625,0.009307300206273794,887872,0.0,176.59375,concept,severe,sudden,False,0.0,0.0
42,33,Streaming Random Patches (river),0.8402,0.784,0.8023,0.882,0.8528,0.9063,0.7444,6.0625,6.3254,3673115,0.0,278.39,concept,severe,sudden,False,0.0,
42,33,Two-Tier Hybrid Ensemble,0.859,0.826,0.8983,0.823,0.9169,0.9528,0.8272,0.2188,0.2347,1310905,0.0,279.1,concept,severe,sudden,False,0.0,0.28
42,33,Warm-Start Ensemble,0.8882,0.854,0.8761,0.9006,0.9151,0.9431,0.8351,0.0469,0.0468,587190,0.0,278.34,concept,severe,sudden,False,0.0,
42,34,Adaptive Random Forest (river),0.6816,0.83,0.6947,0.6691,0.8182,0.6978,0.7796,2.8125,3.4516,648930,0.0,278.17,mixed,mild,sudden,False,0.0,
42,34,Component-Selective Ensemble,0.6414,0.83,0.7525,0.5588,0.8761,0.737,0.7451,0.8438,0.825,1179849,0.0078,191.89,mixed,mild,sudden,True,0.0895,
42,34,Continuously Retrained Ensemble,0.6515,0.816,0.6719,0.6324,0.88,0.736,0.7585,1.8125,1.8124,1179849,0.0195,279.12,mixed,mild,sudden,True,0.0,
42,34,Event-Driven Ensemble (ADWIN),0.6515,0.816,0.6719,0.6324,0.88,0.736,0.7585,1.6875,1.8682,1179849,0.0,278.16,mixed,mild,sudden,True,0.0,
42,34,Event-Driven Ensemble (Custom Dual-Trigger),0.6316,0.818,0.7027,0.5735,0.8757,0.7372,0.7414,1.75,1.8053,1179849,0.0,279.15,mixed,mild,sudden,True,0.0895,
42,34,Event-Driven Ensemble (DDM),0.6592,0.818,0.6718,0.6471,0.8805,0.7338,0.7645,0.0469,0.0523,1190153,0.0,278.16,mixed,mild,sudden,False,0.0,
42,34,Event-Driven Ensemble (EDDM),0.6515,0.816,0.6719,0.6324,0.88,0.736,0.7585,1.7812,1.9826,1179849,0.0,278.16,mixed,mild,sudden,True,0.0,
42,34,Event-Driven Ensemble (Page-Hinkley),0.6592,0.818,0.6718,0.6471,0.8805,0.7338,0.7645,0.0625,0.0553,1190153,0.0,278.16,mixed,mild,sudden,False,0.0,
42,34,Frozen Ensemble,0.5769230769230769,0.824,0.8333333333333334,0.4411764705882353,0.8713841305753071,0.7275509067816462,0.7041047188106011,0.015625,0.02112399972975254,1701638,0.0,176.59375,mixed,mild,sudden,False,0.0,0.0
42,34,Frozen Model,0.5728155339805825,0.824,0.8428571428571429,0.4338235294117647,0.8586174854557208,0.7112933351738785,0.7018018745959922,0.015625,0.009289400186389685,887872,0.0,176.59375,mixed,mild,sudden,False,0.0,0.0
42,34,Streaming Random Patches (river),0.669,0.814,0.6483,0.6912,0.8492,0.7331,0.7755,5.4844,5.9812,3547637,0.0,278.17,mixed,mild,sudden,False,0.0,
42,34,Two-Tier Hybrid Ensemble,0.6618,0.816,0.6618,0.6618,0.8698,0.7346,0.7677,1.9844,2.0752,1364794,0.0,278.16,mixed,mild,sudden,True,0.0,0.4
42,34,Warm-Start Ensemble,0.6644,0.804,0.6218,0.7132,0.8554,0.7157,0.7756,0.4531,0.4452,603215,0.0,278.16,mixed,mild,sudden,True,0.0,
42,35,Adaptive Random Forest (river),0.7776,0.698,0.6502,0.967,0.7547,0.6892,0.6707,2.9688,3.3421,1867961,0.0,279.37,covariate,moderate,gradual,False,0.0,
42,35,Component-Selective Ensemble,0.802,0.76,0.7297,0.8901,0.8395,0.8492,0.7468,0.1406,0.1453,1165760,0.0,191.93,covariate,moderate,gradual,True,0.1613,
42,35,Continuously Retrained Ensemble,0.804,0.762,0.7305,0.8938,0.8423,0.853,0.7486,1.7344,1.8549,1126848,0.0,278.2,covariate,moderate,gradual,True,0.0,
42,35,Event-Driven Ensemble (ADWIN),0.804,0.762,0.7305,0.8938,0.8423,0.853,0.7486,0.0469,0.0531,1179849,0.0,278.21,covariate,moderate,gradual,False,0.0,
42,35,Event-Driven Ensemble (Custom Dual-Trigger),0.804,0.762,0.7305,0.8938,0.8457,0.8586,0.7486,1.7812,1.8857,1126848,0.0,278.21,covariate,moderate,gradual,True,0.1613,
42,35,Event-Driven Ensemble (DDM),0.8,0.758,0.7289,0.8864,0.8436,0.8609,0.745,1.8281,1.9166,1126848,0.0,278.21,covariate,moderate,gradual,True,0.0,
42,35,Event-Driven Ensemble (EDDM),0.804,0.762,0.7305,0.8938,0.8423,0.853,0.7486,1.7969,1.8782,1126848,0.0039,278.21,covariate,moderate,gradual,True,0.0,
42,35,Event-Driven Ensemble (Page-Hinkley),0.802,0.76,0.7297,0.8901,0.8444,0.8566,0.7468,0.0312,0.0558,1190153,0.0,278.3,covariate,moderate,gradual,False,0.0,
42,35,Frozen Ensemble,0.7978723404255319,0.772,0.7731958762886598,0.8241758241758241,0.8519307417985832,0.8741647259960089,0.766713462748705,0.0,0.011394800152629614,1701638,0.0,176.59375,covariate,moderate,gradual,False,0.0,0.0
42,35,Frozen Model,0.7936507936507936,0.766,0.7653061224489796,0.8241758241758241,0.8498491229768763,0.8676627903849368,0.7601055332332864,0.015625,0.008147400338202715,887872,0.0,176.59375,covariate,moderate,gradual,False,0.0,0.0
42,35,Streaming Random Patches (river),0.804,0.766,0.7407,0.8791,0.8089,0.7895,0.7545,5.4844,5.9289,3608180,0.0,279.36,covariate,moderate,gradual,False,0.0,
42,35,Two-Tier Hybrid Ensemble,0.8033,0.764,0.737,0.8828,0.8351,0.8457,0.752,2.1719,2.3131,1328679,0.0,278.64,covariate,moderate,gradual,True,0.0,0.4
42,35,Warm-Start Ensemble,0.789,0.738,0.704,0.8974,0.7838,0.7412,0.7218,0.4062,0.4312,725416,0.0,278.31,covariate,moderate,gradual,True,0.0,
42,36,Adaptive Random Forest (river),0.8251,0.838,0.7893,0.8643,0.886,0.7924,0.8407,2.9219,3.0045,1764222,0.0,279.6,concept,mild,sudden,False,0.0,
42,36,Component-Selective Ensemble,0.8182,0.824,0.7529,0.8959,0.8995,0.8535,0.8315,0.0156,0.0269,1165760,0.0,191.93,concept,mild,sudden,False,0.0401,
42,36,Continuously Retrained Ensemble,0.8214,0.826,0.7519,0.905,0.8996,0.8523,0.8342,1.8438,1.9126,1112384,0.0,278.86,concept,mild,sudden,True,0.0,
42,36,Event-Driven Ensemble (ADWIN),0.8189,0.824,0.7509,0.9005,0.9008,0.8574,0.8319,0.0469,0.0743,1179849,0.0,278.86,concept,mild,sudden,False,0.0,
42,36,Event-Driven Ensemble (Custom Dual-Trigger),0.8189,0.824,0.7509,0.9005,0.9009,0.854,0.8319,0.0469,0.0514,1126848,0.0,278.86,concept,mild,sudden,False,0.0401,
42,36,Event-Driven Ensemble (DDM),0.8189,0.824,0.7509,0.9005,0.8984,0.8498,0.8319,0.0625,0.1018,1126848,0.0,278.88,concept,mild,sudden,False,0.0,
42,36,Event-Driven Ensemble (EDDM),0.8214,0.826,0.7519,0.905,0.8996,0.8523,0.8342,1.7812,1.9532,1112384,0.0,278.88,concept,mild,sudden,True,0.0,
42,36,Event-Driven Ensemble (Page-Hinkley),0.8214,0.826,0.7519,0.905,0.897,0.847,0.8342,0.0312,0.0451,1190153,0.0,278.88,concept,mild,sudden,False,0.0,
42,36,Frozen Ensemble,0.7770114942528735,0.806,0.7897196261682243,0.7647058823529411,0.9024959859874471,0.8605612864274161,0.801707779886148,0.015625,0.019487400073558092,1701638,0.00390625,176.6015625,concept,mild,sudden,False,0.0,0.0
42,36,Frozen Model,0.7703016241299304,0.802,0.7904761904761904,0.751131221719457,0.8986360466436368,0.8501314112949558,0.7967125642647463,0.015625,0.007791500072926283,887872,0.00390625,176.59765625,concept,mild,sudden,False,0.0,0.0
42,36,Streaming Random Patches (river),0.7875,0.81,0.7788,0.7964,0.8804,0.8013,0.8086,5.2656,5.5217,4626470,0.0,279.6,concept,mild,sudden,False,0.0,
42,36,Two-Tier Hybrid Ensemble,0.8156,0.83,0.7833,0.8507,0.9028,0.8622,0.8321,0.4688,0.5665,1329426,0.0,279.09,concept,mild,sudden,False,0.0,0.28
42,36,Warm-Start Ensemble,0.8273,0.838,0.7823,0.8778,0.8799,0.7904,0.8421,0.0469,0.0439,725416,0.0,278.88,concept,mild,sudden,False,0.0,
42,37,Adaptive Random Forest (river),0.6667,0.882,0.6344,0.7024,0.8758,0.6072,0.8103,2.7188,3.3669,543997,0.0,279.25,concept,moderate,recovery,False,0.0,
42,37,Component-Selective Ensemble,0.6164,0.878,0.6533,0.5833,0.8913,0.6725,0.7604,0.8125,0.8863,1198473,0.0,191.93,concept,moderate,recovery,True,0.107,
42,37,Continuously Retrained Ensemble,0.589,0.866,0.6076,0.5714,0.8927,0.6672,0.7485,1.7031,3.1892,1198473,0.0,280.07,concept,moderate,recovery,True,0.0,
42,37,Event-Driven Ensemble (ADWIN),0.6049,0.872,0.6282,0.5833,0.8907,0.6559,0.7568,1.7188,2.5213,1198473,0.0,279.03,concept,moderate,recovery,True,0.0,
42,37,Event-Driven Ensemble (Custom Dual-Trigger),0.6164,0.878,0.6533,0.5833,0.8911,0.6559,0.7604,1.6562,2.071,1198473,0.0,279.03,concept,moderate,recovery,True,0.107,
42,37,Event-Driven Ensemble (DDM),0.625,0.88,0.6579,0.5952,0.8897,0.6486,0.7664,1.6875,1.9561,1198473,0.0,279.03,concept,moderate,recovery,True,0.0,
42,37,Event-Driven Ensemble (EDDM),0.589,0.866,0.6076,0.5714,0.8927,0.6672,0.7485,1.6562,1.8078,1198473,0.0,279.03,concept,moderate,recovery,True,0.0,
42,37,Event-Driven Ensemble (Page-Hinkley),0.5963,0.87,0.6234,0.5714,0.8871,0.6511,0.7509,0.0625,0.0488,1190153,0.0,279.03,concept,moderate,recovery,False,0.0,
42,37,Frozen Ensemble,0.4576271186440678,0.872,0.7941176470588235,0.32142857142857145,0.8913690476190477,0.6704836367109547,0.6523008241758241,0.03125,0.021949799731373787,1701638,0.0,176.6015625,concept,moderate,recovery,False,0.0,0.0
42,37,Frozen Model,0.45,0.868,0.75,0.32142857142857145,0.8887934981684982,0.6607945124925901,0.649896978021978,0.0,0.009304000064730644,887872,0.0,176.6015625,concept,moderate,recovery,False,0.0,0.0
42,37,Streaming Random Patches (river),0.5616,0.872,0.6613,0.4881,0.868,0.6057,0.7188,5.6875,6.1649,5731695,0.0,279.25,concept,moderate,recovery,False,0.0,
42,37,Two-Tier Hybrid Ensemble,0.5752,0.87,0.6377,0.5238,0.8876,0.6508,0.7319,2.125,2.3231,1433534,0.0,271.55,concept,moderate,recovery,True,0.0,0.4
42,37,Warm-Start Ensemble,0.5674,0.878,0.7018,0.4762,0.8604,0.6243,0.7177,0.4062,0.4586,787393,0.0,279.84,concept,moderate,recovery,True,0.0,
42,38,Adaptive Random Forest (river),0.0,0.47,0.0,0.0,0.7276,0.7334,0.5,2.7656,3.0162,1410929,0.0781,275.89,covariate,mild,gradual,False,0.0,
42,38,Component-Selective Ensemble,0.769,0.72,0.6833,0.8792,0.7741,0.7619,0.7098,0.4062,0.4353,1199113,0.0,191.22,covariate,mild,gradual,True,0.1506,
42,38,Continuously Retrained Ensemble,0.7638,0.708,0.6686,0.8906,0.778,0.7654,0.6963,1.7344,1.8358,1213913,0.0195,274.9,covariate,mild,gradual,True,0.0,
42,38,Event-Driven Ensemble (ADWIN),0.769,0.72,0.6833,0.8792,0.7741,0.7619,0.7098,0.0469,0.0468,1198473,0.0,275.09,covariate,mild,gradual,False,0.0,
42,38,Event-Driven Ensemble (Custom Dual-Trigger),0.7607,0.708,0.6725,0.8755,0.7748,0.7623,0.6973,1.8125,1.939,1213913,0.0,275.05,covariate,mild,gradual,True,0.1506,
42,38,Event-Driven Ensemble (DDM),0.7607,0.708,0.6725,0.8755,0.7748,0.7623,0.6973,1.7656,1.8248,1213913,0.0,275.1,covariate,mild,gradual,True,0.0,
42,38,Event-Driven Ensemble (EDDM),0.7638,0.708,0.6686,0.8906,0.778,0.7654,0.6963,1.75,1.8159,1213913,0.1719,275.1,covariate,mild,gradual,True,0.0,
42,38,Event-Driven Ensemble (Page-Hinkley),0.7556,0.696,0.6583,0.8868,0.7943,0.7983,0.6838,0.0469,0.0417,1190153,0.0,275.27,covariate,mild,gradual,False,0.0,
42,38,Frozen Ensemble,0.7472527472527473,0.724,0.7259786476868327,0.769811320754717,0.7858530710558009,0.77802744839308,0.721075873143316,0.03125,0.023517699912190437,1701638,0.0,176.6015625,covariate,mild,gradual,False,0.0,0.0
42,38,Frozen Model,0.7509157509157509,0.728,0.7295373665480427,0.7735849056603774,0.7834283420313127,0.770609353251927,0.7250903251706142,0.0,0.010347400326281786,887872,0.0,176.6015625,covariate,mild,gradual,False,0.0,0.0
42,38,Streaming Random Patches (river),0.759,0.704,0.6676,0.8792,0.7667,0.761,0.6928,6.7344,7.0459,5773776,0.0039,277.54,covariate,mild,gradual,False,0.0,
42,38,Two-Tier Hybrid Ensemble,0.7575,0.694,0.653,0.9019,0.7764,0.7634,0.6807,2.1562,2.2373,1449328,0.0,272.94,covariate,mild,gradual,True,0.0,0.4
42,38,Warm-Start Ensemble,0.7672,0.722,0.6898,0.8642,0.7745,0.7681,0.7129,0.4219,0.4351,791777,0.0,275.89,covariate,mild,gradual,True,0.0,
42,39,Adaptive Random Forest (river),0.6058,0.836,0.5888,0.6238,0.8548,0.5819,0.7567,2.7188,3.3362,534312,0.0,278.04,none,none,stable,False,0.0,
42,39,Component-Selective Ensemble,0.6148,0.812,0.5245,0.7426,0.8804,0.6534,0.7861,0.3125,0.3069,1200985,0.0,191.22,none,none,stable,True,0.0505,
42,39,Continuously Retrained Ensemble,0.6364,0.824,0.5461,0.7624,0.8785,0.6499,0.801,1.7344,1.8396,1280034,0.0,276.08,none,none,stable,True,0.0,
42,39,Event-Driven Ensemble (ADWIN),0.6148,0.812,0.5245,0.7426,0.8805,0.6614,0.7861,1.6719,2.576,1280034,0.0,276.22,none,none,stable,True,0.0,
42,39,Event-Driven Ensemble (Custom Dual-Trigger),0.6364,0.824,0.5461,0.7624,0.8785,0.6499,0.801,1.7656,2.0363,1280034,0.0,276.21,none,none,stable,True,0.0505,
42,39,Event-Driven Ensemble (DDM),0.6307,0.822,0.5429,0.7525,0.8775,0.6437,0.796,1.6562,3.5061,1280034,0.1016,276.23,none,none,stable,True,0.0,
42,39,Event-Driven Ensemble (EDDM),0.6364,0.824,0.5461,0.7624,0.8785,0.6499,0.801,1.6562,2.8428,1280034,0.0586,276.33,none,none,stable,True,0.0,
42,39,Event-Driven Ensemble (Page-Hinkley),0.6218,0.82,0.5401,0.7327,0.8783,0.6567,0.7874,0.0469,0.0553,1190153,0.0,276.39,none,none,stable,False,0.0,
42,39,Frozen Ensemble,0.6009852216748769,0.838,0.5980392156862745,0.6039603960396039,0.8798729497009852,0.6614344682955046,0.7506017519045137,0.015625,0.014146999921649694,1701638,0.0,176.60546875,none,none,stable,False,0.0,0.0
42,39,Frozen Model,0.592964824120603,0.838,0.6020408163265306,0.5841584158415841,0.8782103774287202,0.6542401146932945,0.7432070274696643,0.015625,0.008649899624288082,887872,0.0,176.6015625,none,none,stable,False,0.0,0.0
42,39,Streaming Random Patches (river),0.6161,0.828,0.561,0.6832,0.8682,0.6618,0.7739,6.7656,7.89,6908926,0.0,278.04,none,none,stable,False,0.0,
42,39,Two-Tier Hybrid Ensemble,0.6407,0.834,0.5692,0.7327,0.8793,0.6539,0.7962,2.1875,2.7106,1514564,0.0,274.33,none,none,stable,True,0.0,0.4
42,39,Warm-Start Ensemble,0.6364,0.824,0.5461,0.7624,0.8661,0.5922,0.801,0.4375,0.5159,766659,0.0,277.82,none,none,stable,True,0.0,
42,40,Adaptive Random Forest (river),0.5404,0.602,0.3738,0.975,0.8829,0.6845,0.7296,2.6094,4.4348,253516,0.0,277.43,none,none,stable,False,0.0,
42,40,Component-Selective Ensemble,0.7324,0.848,0.6341,0.8667,0.9103,0.6769,0.8544,0.0,0.0443,1200985,0.0,191.22,none,none,stable,False,0.049,
42,40,Continuously Retrained Ensemble,0.7333,0.856,0.66,0.825,0.908,0.6767,0.8454,1.8906,2.1286,1274818,0.0312,276.34,none,none,stable,True,0.0,
42,40,Event-Driven Ensemble (ADWIN),0.7333,0.856,0.66,0.825,0.908,0.6767,0.8454,1.8438,2.088,1274818,0.0156,277.32,none,none,stable,True,0.0,
42,40,Event-Driven Ensemble (Custom Dual-Trigger),0.7333,0.856,0.66,0.825,0.908,0.6767,0.8454,0.0469,0.0652,1280034,0.0,277.32,none,none,stable,False,0.049,
42,40,Event-Driven Ensemble (DDM),0.7333,0.856,0.66,0.825,0.908,0.6767,0.8454,0.0625,0.0545,1280034,0.0,277.34,none,none,stable,False,0.0,
42,40,Event-Driven Ensemble (EDDM),0.7333,0.856,0.66,0.825,0.908,0.6767,0.8454,1.8438,2.0958,1274818,0.0195,277.34,none,none,stable,True,0.0,
42,40,Event-Driven Ensemble (Page-Hinkley),0.709,0.826,0.5922,0.8833,0.9097,0.7056,0.8456,1.5625,2.257,1274818,0.0234,277.36,none,none,stable,True,0.0,
42,40,Frozen Ensemble,0.7206477732793523,0.862,0.7007874015748031,0.7416666666666667,0.913201754385965,0.7248779660524287,0.8208333333333333,0.03125,0.023372000083327293,1701638,0.0,176.609375,none,none,stable,False,0.0,0.0
42,40,Frozen Model,0.7258064516129032,0.864,0.703125,0.75,0.9104605263157896,0.7253955326123682,0.825,0.0,0.007129699923098087,887872,0.0,176.60546875,none,none,stable,False,0.0,0.0
42,40,Streaming Random Patches (river),0.7087,0.852,0.6716,0.75,0.9083,0.6926,0.8171,6.1094,8.2057,4919313,0.0,277.43,none,none,stable,False,0.0,
42,40,Two-Tier Hybrid Ensemble,0.7422,0.868,0.6985,0.7917,0.9096,0.6878,0.8419,0.4844,0.5543,1515297,0.0,280.15,none,none,stable,False,0.0,0.28
42,40,Warm-Start Ensemble,0.702,0.854,0.688,0.7167,0.9095,0.7272,0.807,0.0312,0.1042,766659,0.0,277.38,none,none,stable,False,0.0,
42,41,Adaptive Random Forest (river),0.0,0.206,0.0,0.0,0.4225,0.7039,0.5,3.3281,4.1309,361147,0.0,281.19,mixed,moderate,recovery,False,0.0,
42,41,Component-Selective Ensemble,0.8924,0.824,0.867,0.9194,0.8251,0.9241,0.6879,0.1562,0.1543,1243705,0.0039,191.23,mixed,moderate,recovery,True,0.1943,
42,41,Continuously Retrained Ensemble,0.8889,0.824,0.8911,0.8866,0.8127,0.9282,0.7346,1.8281,2.0802,1255058,0.0039,280.28,mixed,moderate,recovery,True,0.0,
42,41,Event-Driven Ensemble (ADWIN),0.8889,0.824,0.8911,0.8866,0.8127,0.9282,0.7346,1.7969,1.9767,1255058,0.0,280.36,mixed,moderate,recovery,True,0.0,
42,41,Event-Driven Ensemble (Custom Dual-Trigger),0.8883,0.82,0.8753,0.9018,0.8225,0.9282,0.7033,1.75,1.9439,1255058,0.0,280.29,mixed,moderate,recovery,True,0.1943,
42,41,Event-Driven Ensemble (DDM),0.8883,0.82,0.8753,0.9018,0.8225,0.9282,0.7033,0.0625,0.0538,1280034,0.0,280.36,mixed,moderate,recovery,False,0.0,
42,41,Event-Driven Ensemble (EDDM),0.8889,0.824,0.8911,0.8866,0.8127,0.9282,0.7346,1.7969,1.8622,1255058,0.0,280.36,mixed,moderate,recovery,True,0.0,
42,41,Event-Driven Ensemble (Page-Hinkley),0.8903,0.824,0.8815,0.8992,0.8172,0.9321,0.7166,1.8281,2.0054,1255058,0.0,280.36,mixed,moderate,recovery,True,0.0,
42,41,Frozen Ensemble,0.8559892328398385,0.786,0.9190751445086706,0.801007556675063,0.8120124232716246,0.9307764945405463,0.764581448240444,0.015625,0.01755379978567362,1701638,0.0,176.61328125,mixed,moderate,recovery,False,0.0,0.0
42,41,Frozen Model,0.8443843031123139,0.77,0.9122807017543859,0.7858942065491183,0.8168790198332152,0.9308052193470843,0.7473160353133941,0.0,0.004801000002771616,887872,0.0,176.609375,mixed,moderate,recovery,False,0.0,0.0
42,41,Streaming Random Patches (river),0.6235,0.546,0.9126,0.4736,0.7492,0.9148,0.6494,6.5469,8.3802,3022105,0.0,281.19,mixed,moderate,recovery,False,0.0,
42,41,Two-Tier Hybrid Ensemble,0.8859,0.814,0.8636,0.9093,0.8249,0.9295,0.678,2.0938,2.3317,1356659,0.0,281.21,mixed,moderate,recovery,True,0.0,0.4
42,41,Warm-Start Ensemble,0.8676,0.798,0.9044,0.8338,0.8269,0.9419,0.747,0.4219,0.4533,761539,0.0,280.36,mixed,moderate,recovery,True,0.0,
42,42,Adaptive Random Forest (river),0.0,0.848,0.0,0.0,0.8523,0.6179,0.5,2.6562,2.8459,630986,0.0,276.05,concept,severe,gradual,False,0.0,
42,42,Component-Selective Ensemble,0.6281,0.91,0.8444,0.5,0.9206,0.7006,0.7417,0.75,0.8442,1242473,0.0,191.23,concept,severe,gradual,True,0.1067,
42,42,Continuously Retrained Ensemble,0.4381,0.882,0.7931,0.3026,0.9176,0.7324,0.6442,1.7656,1.9811,1242473,0.0,280.22,concept,severe,gradual,True,0.0,
42,42,Event-Driven Ensemble (ADWIN),0.4381,0.882,0.7931,0.3026,0.9176,0.7324,0.6442,1.7188,1.8677,1242473,0.0547,280.31,concept,severe,gradual,True,0.0,
42,42,Event-Driven Ensemble (Custom Dual-Trigger),0.4381,0.882,0.7931,0.3026,0.9176,0.7324,0.6442,1.8125,1.945,1242473,0.0,280.31,concept,severe,gradual,True,0.1067,
42,42,Event-Driven Ensemble (DDM),0.5812,0.902,0.8293,0.4474,0.9193,0.7001,0.7154,0.0469,0.0514,1280034,0.0,280.37,concept,severe,gradual,False,0.0,
42,42,Event-Driven Ensemble (EDDM),0.4381,0.882,0.7931,0.3026,0.9176,0.7324,0.6442,1.7812,1.9637,1242473,0.0,280.37,concept,severe,gradual,True,0.0,
42,42,Event-Driven Ensemble (Page-Hinkley),0.4381,0.882,0.7931,0.3026,0.9176,0.7324,0.6442,0.0469,0.0544,1255058,0.0,274.43,concept,severe,gradual,False,0.0,
42,42,Frozen Ensemble,0.29213483146067415,0.874,1.0,0.17105263157894737,0.9212698609731876,0.759767651748008,0.5855263157894737,0.03125,0.033871200401335955,1701638,0.0,176.61328125,concept,severe,gradual,False,0.0,0.0
42,42,Frozen Model,0.3111111111111111,0.876,1.0,0.18421052631578946,0.9129841112214498,0.7507322561448939,0.5921052631578947,0.015625,0.008522500284016132,887872,0.0,176.61328125,concept,severe,gradual,False,0.0,0.0
42,42,Streaming Random Patches (river),0.4381,0.882,0.7931,0.3026,0.8792,0.6669,0.6442,5.4844,6.0408,3713398,0.0,276.33,concept,severe,gradual,False,0.0,
42,42,Two-Tier Hybrid Ensemble,0.656,0.914,0.8367,0.5395,0.9152,0.7228,0.7603,1.9688,2.2482,1344677,0.0,279.34,concept,severe,gradual,True,0.0,0.4
42,42,Warm-Start Ensemble,0.2667,0.868,0.8571,0.1579,0.8438,0.5675,0.5766,0.4375,0.4428,711242,0.0,274.6,concept,severe,gradual,True,0.0,
42,43,Adaptive Random Forest (river),0.7002,0.678,0.5513,0.9592,0.8926,0.8309,0.7279,2.875,3.1337,1035409,0.0,279.4,none,none,stable,False,0.0,
42,43,Component-Selective Ensemble,0.7982,0.824,0.725,0.8878,0.8945,0.809,0.8353,0.0312,0.0317,1242473,0.0,191.23,none,none,stable,False,0.0396,
42,43,Continuously Retrained Ensemble,0.7972,0.824,0.7269,0.8827,0.8945,0.8144,0.8344,1.7969,1.9283,1244601,0.0,279.39,none,none,stable,True,0.0,
42,43,Event-Driven Ensemble (ADWIN),0.7972,0.824,0.7269,0.8827,0.8945,0.8144,0.8344,0.0469,0.0469,1242473,0.0,279.39,none,none,stable,False,0.0,
42,43,Event-Driven Ensemble (Custom Dual-Trigger),0.7972,0.824,0.7269,0.8827,0.8945,0.8144,0.8344,0.0625,0.0544,1242473,0.0,279.39,none,none,stable,False,0.0396,
42,43,Event-Driven Ensemble (DDM),0.7927,0.818,0.716,0.8878,0.895,0.8291,0.8304,1.8281,2.1128,1244601,0.0,279.4,none,none,stable,True,0.0,
42,43,Event-Driven Ensemble (EDDM),0.7972,0.824,0.7269,0.8827,0.8945,0.8144,0.8344,1.6875,1.926,1244601,0.0,279.4,none,none,stable,True,0.0,
42,43,Event-Driven Ensemble (Page-Hinkley),0.8038,0.834,0.7489,0.8673,0.8953,0.8198,0.8399,0.0625,0.0558,1255058,0.0,279.4,none,none,stable,False,0.0,
42,43,Frozen Ensemble,0.8058252427184466,0.84,0.7685185185185185,0.8469387755102041,0.894048737916219,0.8094405357082879,0.8412325456498388,0.015625,0.028639799915254116,1701638,0.0,176.61328125,none,none,stable,False,0.0,0.0
42,43,Frozen Model,0.8038740920096852,0.838,0.7649769585253456,0.8469387755102041,0.8934781149301826,0.8059774346038534,0.8395878088077336,0.015625,0.008717900142073631,887872,0.0,176.61328125,none,none,stable,False,0.0,0.0
42,43,Streaming Random Patches (river),0.7683,0.778,0.6502,0.9388,0.8644,0.7535,0.8066,6.0938,7.166,3670992,0.0,279.4,none,none,stable,False,0.0,
42,43,Two-Tier Hybrid Ensemble,0.793,0.81,0.692,0.9286,0.8944,0.8143,0.8311,0.3125,0.3539,1345100,0.0,279.4,none,none,stable,False,0.0,0.28
42,43,Warm-Start Ensemble,0.7894,0.81,0.698,0.9082,0.8924,0.802,0.8274,0.0469,0.0514,711242,0.0,279.4,none,none,stable,False,0.0,
42,44,Adaptive Random Forest (river),0.8282,0.712,0.9353,0.743,0.4838,0.931,0.5079,2.5312,3.1167,764118,0.0,279.69,mixed,severe,recovery,False,0.0,
42,44,Component-Selective Ensemble,0.9657,0.934,0.9375,0.9957,0.8194,0.9842,0.5282,0.3125,0.3113,1239017,0.0039,191.23,mixed,severe,recovery,True,0.2189,
42,44,Continuously Retrained Ensemble,0.9657,0.934,0.9375,0.9957,0.7952,0.9807,0.5282,1.6875,2.1308,1225417,0.0117,279.41,mixed,severe,recovery,True,0.0,
42,44,Event-Driven Ensemble (ADWIN),0.9657,0.934,0.9393,0.9936,0.8142,0.9834,0.5422,1.7344,2.9388,1225417,0.0,279.46,mixed,severe,recovery,True,0.0,
42,44,Event-Driven Ensemble (Custom Dual-Trigger),0.9657,0.934,0.9393,0.9936,0.8142,0.9834,0.5422,1.5781,2.393,1225417,0.0,279.43,mixed,severe,recovery,True,0.2189,
42,44,Event-Driven Ensemble (DDM),0.9647,0.932,0.9374,0.9936,0.794,0.9805,0.5271,0.0312,0.0618,1244601,0.0,279.46,mixed,severe,recovery,False,0.0,
42,44,Event-Driven Ensemble (EDDM),0.9657,0.934,0.9375,0.9957,0.7952,0.9807,0.5282,1.5469,2.2319,1225417,0.0,279.46,mixed,severe,recovery,True,0.0,
42,44,Event-Driven Ensemble (Page-Hinkley),0.9657,0.934,0.9393,0.9936,0.7798,0.975,0.5422,1.7344,3.0664,1225417,0.0,279.46,mixed,severe,recovery,True,0.0,
42,44,Frozen Ensemble,0.8116646415552855,0.69,0.9382022471910112,0.715203426124197,0.5958730776717929,0.9511035875105225,0.5242683797287652,0.015625,0.014922700356692076,1701638,0.0,176.6171875,mixed,severe,recovery,False,0.0,0.0
42,44,Frozen Model,0.8174123337363967,0.698,0.9388888888888889,0.7237687366167024,0.595483745376679,0.9513824444580383,0.5285510349750179,0.015625,0.008115800097584724,887872,0.0,176.61328125,mixed,severe,recovery,False,0.0,0.0
42,44,Streaming Random Patches (river),0.9055,0.83,0.9421,0.8715,0.5662,0.9448,0.557,5.9219,6.8031,4505676,0.0,279.69,mixed,severe,recovery,False,0.0,
42,44,Two-Tier Hybrid Ensemble,0.958,0.92,0.9402,0.9764,0.7691,0.9796,0.5488,2.0938,2.2029,1265093,0.0,280.42,mixed,severe,recovery,True,0.0,0.4
42,44,Warm-Start Ensemble,0.9635,0.93,0.939,0.9893,0.5969,0.9528,0.5401,0.3906,0.5174,637281,0.0,279.46,mixed,severe,recovery,True,0.0,
42,45,Adaptive Random Forest (river),0.4467,0.678,0.3052,0.8333,0.8123,0.4038,0.7413,2.7656,3.1136,561235,0.0,280.94,concept,mild,gradual,False,0.0,
42,45,Component-Selective Ensemble,0.5152,0.872,0.6296,0.4359,0.8516,0.5085,0.6943,0.6562,0.7174,1207417,0.0,191.29,concept,mild,gradual,True,0.1072,
42,45,Continuously Retrained Ensemble,0.5,0.868,0.6111,0.4231,0.855,0.5179,0.6867,1.7188,1.8801,1207417,0.0,280.44,concept,mild,gradual,True,0.0,
42,45,Event-Driven Ensemble (ADWIN),0.5,0.868,0.6111,0.4231,0.855,0.5179,0.6867,1.6875,1.8419,1207417,0.0,280.52,concept,mild,gradual,True,0.0,
42,45,Event-Driven Ensemble (Custom Dual-Trigger),0.5,0.868,0.6111,0.4231,0.855,0.5179,0.6867,1.7031,1.959,1207417,0.0,280.52,concept,mild,gradual,True,0.1072,
42,45,Event-Driven Ensemble (DDM),0.4806,0.866,0.6078,0.3974,0.8513,0.5106,0.675,1.7969,1.9034,1207417,0.0,280.52,concept,mild,gradual,True,0.0,
42,45,Event-Driven Ensemble (EDDM),0.5,0.868,0.6111,0.4231,0.855,0.5179,0.6867,1.7344,1.8263,1207417,0.0,280.9,concept,mild,gradual,True,0.0,
42,45,Event-Driven Ensemble (Page-Hinkley),0.5038,0.87,0.6226,0.4231,0.8524,0.5155,0.6878,0.0469,0.0462,1225417,0.0,280.9,concept,mild,gradual,False,0.0,
42,45,Frozen Ensemble,0.336283185840708,0.85,0.5428571428571428,0.24358974358974358,0.8497691092477823,0.4953717750462713,0.6028375258233079,0.015625,0.010917299892753363,1701638,0.0,176.6171875,concept,mild,gradual,False,0.0,0.0
42,45,Frozen Model,0.35398230088495575,0.854,0.5714285714285714,0.2564102564102564,0.8444221655122128,0.49081598199318155,0.610432616356787,0.015625,0.004737600218504667,887872,0.0,176.6171875,concept,mild,gradual,False,0.0,0.0
42,45,Streaming Random Patches (river),0.587,0.848,0.5094,0.6923,0.8484,0.5141,0.7845,6.5938,7.1315,4771553,0.0,280.96,concept,mild,gradual,False,0.0,
42,45,Two-Tier Hybrid Ensemble,0.5535,0.858,0.5432,0.5641,0.8518,0.5098,0.7382,1.8594,1.9057,1278465,0.0,280.98,concept,mild,gradual,True,0.0,0.4
42,45,Warm-Start Ensemble,0.5868,0.862,0.5506,0.6282,0.841,0.5177,0.7667,0.4219,0.444,649729,0.0,280.94,concept,mild,gradual,True,0.0,
42,46,Adaptive Random Forest (river),0.0,0.43,0.0,0.0,0.5549,0.4859,0.4977,2.6875,2.8375,859928,0.0,281.12,concept,severe,recovery,False,0.0,
42,46,Component-Selective Ensemble,0.8576,0.838,0.8561,0.8592,0.9254,0.9459,0.8347,0.0156,0.0153,1207417,0.0039,191.3,concept,severe,recovery,False,0.0921,
42,46,Continuously Retrained Ensemble,0.8601,0.84,0.8542,0.8662,0.9248,0.9452,0.8359,1.6875,1.8051,1229513,0.0117,280.99,concept,severe,recovery,True,0.0,
42,46,Event-Driven Ensemble (ADWIN),0.8601,0.84,0.8542,0.8662,0.9248,0.9452,0.8359,0.0312,0.0438,1207417,0.0,281.12,concept,severe,recovery,False,0.0,
42,46,Event-Driven Ensemble (Custom Dual-Trigger),0.8601,0.84,0.8542,0.8662,0.9248,0.9452,0.8359,0.0469,0.0518,1207417,0.0,281.09,concept,severe,recovery,False,0.0921,
42,46,Event-Driven Ensemble (DDM),0.8627,0.844,0.8627,0.8627,0.9254,0.9459,0.8411,0.0469,0.0504,1207417,0.0,281.12,concept,severe,recovery,False,0.0,
42,46,Event-Driven Ensemble (EDDM),0.8601,0.84,0.8542,0.8662,0.9248,0.9452,0.8359,1.7344,1.8038,1229513,0.0,281.12,concept,severe,recovery,True,0.0,
42,46,Event-Driven Ensemble (Page-Hinkley),0.8525,0.836,0.8713,0.8345,0.9207,0.9428,0.8362,0.0469,0.0448,1225417,0.0,281.12,concept,severe,recovery,False,0.0,
42,46,Frozen Ensemble,0.8342857142857143,0.826,0.9087136929460581,0.7711267605633803,0.9233828899321858,0.9438883727376799,0.8346374543557642,0.015625,0.01176280016079545,1701638,0.0,176.6171875,concept,severe,recovery,False,0.0,0.0
42,46,Frozen Model,0.8358778625954199,0.828,0.9125,0.7711267605633803,0.9245402973395931,0.9447694075909531,0.8369522691705791,0.015625,0.006627399940043688,887872,0.0,176.6171875,concept,severe,recovery,False,0.0,0.0
42,46,Streaming Random Patches (river),0.7902,0.778,0.8531,0.7359,0.8826,0.9084,0.7846,6.625,7.0771,6326283,0.0,281.12,concept,severe,recovery,False,0.0,
42,46,Two-Tier Hybrid Ensemble,0.8482,0.806,0.7634,0.9542,0.9245,0.9452,0.7827,0.2812,0.2999,1309727,0.0,273.74,concept,severe,recovery,False,0.0,0.28
42,46,Warm-Start Ensemble,0.8618,0.832,0.8086,0.9225,0.9183,0.9301,0.8177,0.0469,0.0489,649729,0.0,281.12,concept,severe,recovery,False,0.0,
42,47,Adaptive Random Forest (river),0.5844,0.798,0.7634,0.4733,0.8533,0.7331,0.7052,2.875,2.9927,708907,0.0,278.88,mixed,mild,recovery,False,0.0,
42,47,Component-Selective Ensemble,0.6796,0.802,0.6604,0.7,0.8757,0.7632,0.7729,0.3906,0.4245,1227257,0.0,191.3,mixed,mild,recovery,True,0.0424,
42,47,Continuously Retrained Ensemble,0.6689,0.798,0.6581,0.68,0.8679,0.7655,0.7643,1.7188,1.7885,1241145,0.1602,276.46,mixed,mild,recovery,True,0.0,
42,47,Event-Driven Ensemble (ADWIN),0.6901,0.806,0.6626,0.72,0.875,0.7624,0.7814,1.7188,1.7461,1241145,0.0,277.85,mixed,mild,recovery,True,0.0,
42,47,Event-Driven Ensemble (Custom Dual-Trigger),0.6901,0.806,0.6626,0.72,0.875,0.7624,0.7814,0.0625,0.05,1207417,0.0,277.82,mixed,mild,recovery,False,0.0424,
42,47,Event-Driven Ensemble (DDM),0.6921,0.806,0.6606,0.7267,0.8694,0.7559,0.7833,1.7188,1.7939,1241145,0.0,277.86,mixed,mild,recovery,True,0.0,
42,47,Event-Driven Ensemble (EDDM),0.6689,0.798,0.6581,0.68,0.8679,0.7655,0.7643,1.625,1.7275,1241145,0.0,277.86,mixed,mild,recovery,True,0.0,
42,47,Event-Driven Ensemble (Page-Hinkley),0.6885,0.81,0.6774,0.7,0.8813,0.7731,0.7786,0.0469,0.0418,1225417,0.0,277.86,mixed,mild,recovery,False,0.0,
42,47,Frozen Ensemble,0.6268656716417911,0.8,0.711864406779661,0.56,0.8811999999999999,0.772384799544177,0.7314285714285714,0.015625,0.017014600336551666,1701638,0.0,176.62109375,mixed,mild,recovery,False,0.0,0.0
42,47,Frozen Model,0.6188679245283019,0.798,0.7130434782608696,0.5466666666666666,0.8786476190476191,0.7675377517348638,0.7261904761904762,0.0,0.00762300007045269,887872,0.0,176.62109375,mixed,mild,recovery,False,0.0,0.0
42,47,Streaming Random Patches (river),0.6754,0.802,0.6645,0.6867,0.8649,0.7459,0.769,6.6406,6.9359,649218,0.0,279.11,mixed,mild,recovery,False,0.0,
42,47,Two-Tier Hybrid Ensemble,0.6324,0.8,0.7049,0.5733,0.8747,0.7622,0.7352,2.0156,2.0707,1377275,0.0,279.11,mixed,mild,recovery,True,0.0,0.4
42,47,Warm-Start Ensemble,0.6806,0.786,0.6162,0.76,0.8694,0.7584,0.7786,0.4062,0.4565,723114,0.0,278.0,mixed,mild,recovery,True,0.0,
42,48,Adaptive Random Forest (river),0.7941,0.664,0.9586,0.6778,0.6658,0.9818,0.5207,1.7812,2.05,324315,0.0,279.33,mixed,severe,sudden,False,0.0,
42,48,Component-Selective Ensemble,0.9805,0.962,0.9636,0.9979,0.9545,0.9979,0.5899,0.3906,0.3906,1219097,0.0,191.3,mixed,severe,sudden,True,0.2567,
42,48,Continuously Retrained Ensemble,0.9794,0.96,0.9654,0.9937,0.9613,0.9982,0.6105,1.625,1.7182,1166912,0.0117,279.11,mixed,severe,sudden,True,0.0,
42,48,Event-Driven Ensemble (ADWIN),0.9761,0.954,0.971,0.9812,0.9611,0.9982,0.6724,1.7031,1.748,1166912,0.0078,279.25,mixed,severe,sudden,True,0.0,
42,48,Event-Driven Ensemble (Custom Dual-Trigger),0.9805,0.962,0.9636,0.9979,0.9534,0.9978,0.5899,1.6719,1.7458,1166912,0.0117,279.22,mixed,severe,sudden,True,0.2567,
42,48,Event-Driven Ensemble (DDM),0.9761,0.954,0.971,0.9812,0.9611,0.9982,0.6724,0.0625,0.0543,1241145,0.0,279.26,mixed,severe,sudden,False,0.0,
42,48,Event-Driven Ensemble (EDDM),0.9794,0.96,0.9654,0.9937,0.9613,0.9982,0.6105,1.7188,1.7625,1166912,0.0,279.26,mixed,severe,sudden,True,0.0,
42,48,Event-Driven Ensemble (Page-Hinkley),0.9795,0.96,0.9617,0.9979,0.9582,0.998,0.5671,0.0469,0.0447,1225417,0.0,279.26,mixed,severe,sudden,False,0.0,
42,48,Frozen Ensemble,0.7790549169859514,0.654,1.0,0.6380753138075314,0.9582540890072271,0.9980249521799308,0.8190376569037656,0.015625,0.018870399799197912,1701638,0.0,176.625,mixed,severe,sudden,False,0.0,0.0
42,48,Frozen Model,0.7759282970550576,0.65,1.0,0.6338912133891214,0.9480315709395207,0.9974981420012594,0.8169456066945606,0.0,0.013071699999272823,887872,0.0,176.625,mixed,severe,sudden,False,0.0,0.0
42,48,Streaming Random Patches (river),0.9775,0.956,0.956,1.0,0.9052,0.9954,0.5,3.9844,4.1164,984556,0.0,279.33,mixed,severe,sudden,False,0.0,
42,48,Two-Tier Hybrid Ensemble,0.9785,0.958,0.9579,1.0,0.9442,0.9974,0.5227,2.1406,2.1712,1204470,0.0,279.37,mixed,severe,sudden,True,0.0,0.4
42,48,Warm-Start Ensemble,0.9347,0.882,0.9929,0.8828,0.9358,0.9966,0.8732,0.375,0.393,629825,0.0,279.27,mixed,severe,sudden,True,0.0,
42,49,Adaptive Random Forest (river),0.7437,0.592,0.592,1.0,0.702,0.6694,0.5,2.9219,3.0756,1672577,0.0,279.42,concept,severe,gradual,False,0.0,
42,49,Component-Selective Ensemble,0.852,0.82,0.8301,0.875,0.8999,0.923,0.8076,0.0312,0.0232,1219097,0.0,191.3,concept,severe,gradual,False,0.0943,
42,49,Continuously Retrained Ensemble,0.852,0.82,0.8301,0.875,0.8862,0.9136,0.8076,1.7188,1.8039,1154064,0.0,279.41,concept,severe,gradual,True,0.0,
42,49,Event-Driven Ensemble (ADWIN),0.852,0.82,0.8301,0.875,0.8862,0.9136,0.8076,1.7812,1.8505,1154064,0.0,279.42,concept,severe,gradual,True,0.0,
42,49,Event-Driven Ensemble (Custom Dual-Trigger),0.8449,0.812,0.8258,0.8649,0.8819,0.9097,0.8001,0.0625,0.0537,1166912,0.0,279.42,concept,severe,gradual,False,0.0943,
42,49,Event-Driven Ensemble (DDM),0.8571,0.832,0.863,0.8514,0.8946,0.921,0.8276,1.7188,1.8055,1154064,0.0,279.42,concept,severe,gradual,True,0.0,
42,49,Event-Driven Ensemble (EDDM),0.852,0.82,0.8301,0.875,0.8862,0.9136,0.8076,1.7969,2.3472,1154064,0.0,279.42,concept,severe,gradual,True,0.0,
42,49,Event-Driven Ensemble (Page-Hinkley),0.8417,0.818,0.8674,0.8176,0.896,0.9202,0.8181,0.0625,0.0438,1225417,0.0,279.42,concept,severe,gradual,False,0.0,
42,49,Frozen Ensemble,0.8075471698113208,0.796,0.9145299145299145,0.722972972972973,0.8930677000529941,0.9127588661730113,0.8124668786433493,0.03125,0.02267450001090765,1701638,0.0,176.6328125,concept,severe,gradual,False,0.0,0.0
42,49,Frozen Model,0.8142589118198874,0.802,0.9156118143459916,0.7331081081081081,0.8897058823529412,0.9062690711704784,0.8175344462109169,0.015625,0.010693700052797794,887872,0.0,176.6328125,concept,severe,gradual,False,0.0,0.0
42,49,Streaming Random Patches (river),0.8005,0.708,0.672,0.9899,0.8578,0.8562,0.6444,5.5625,5.9737,2003741,0.0,279.9,concept,severe,gradual,False,0.0,
42,49,Two-Tier Hybrid Ensemble,0.8044,0.714,0.6759,0.9932,0.8862,0.9136,0.651,0.2031,0.1988,1237240,0.0,280.12,concept,severe,gradual,False,0.0,0.28
42,49,Warm-Start Ensemble,0.8331,0.766,0.721,0.9865,0.878,0.9072,0.7163,0.0469,0.047,629825,0.0,279.42,concept,severe,gradual,False,0.0,
42,50,Adaptive Random Forest (river),0.9718,0.946,0.9873,0.9568,0.8883,0.9958,0.7641,2.6719,2.8241,615348,0.0,280.5,mixed,severe,sudden,False,0.0,
42,50,Component-Selective Ensemble,0.9858,0.972,0.972,1.0,0.9337,0.9979,0.5,0.3125,0.3051,1219097,0.0117,191.3,mixed,severe,sudden,True,0.2247,
42,50,Continuously Retrained Ensemble,0.9837,0.968,0.9719,0.9959,0.9287,0.9977,0.4979,1.7031,1.8586,1094919,0.0195,280.12,mixed,severe,sudden,True,0.0,
42,50,Event-Driven Ensemble (ADWIN),0.9837,0.968,0.9719,0.9959,0.9287,0.9977,0.4979,0.0469,0.0466,1154064,0.0,280.21,mixed,severe,sudden,False,0.0,
42,50,Event-Driven Ensemble (Custom Dual-Trigger),0.9858,0.972,0.972,1.0,0.932,0.9978,0.5,1.7969,1.8733,1094919,0.0,280.14,mixed,severe,sudden,True,0.2247,
42,50,Event-Driven Ensemble (DDM),0.9837,0.968,0.9719,0.9959,0.9287,0.9977,0.4979,0.0469,0.047,1154064,0.0,280.21,mixed,severe,sudden,False,0.0,
42,50,Event-Driven Ensemble (EDDM),0.9837,0.968,0.9719,0.9959,0.9287,0.9977,0.4979,1.6562,1.778,1094919,0.0,280.21,mixed,severe,sudden,True,0.0,
42,50,Event-Driven Ensemble (Page-Hinkley),0.9858,0.972,0.972,1.0,0.9031,0.9965,0.5,1.7188,1.8458,1094919,0.0117,280.21,mixed,severe,sudden,True,0.0,
42,50,Frozen Ensemble,0.7617834394904459,0.626,1.0,0.6152263374485597,0.9407701352145796,0.9981940351253291,0.8076131687242798,0.0,0.00933349970728159,1701638,0.0,176.640625,mixed,severe,sudden,False,0.0,0.0
42,50,Frozen Model,0.7538461538461538,0.616,1.0,0.6049382716049383,0.9265138154027043,0.9977076168456207,0.8024691358024691,0.0,0.007761300075799227,887872,0.0,176.63671875,mixed,severe,sudden,False,0.0,0.0
42,50,Streaming Random Patches (river),0.9805,0.962,0.9795,0.9815,0.9081,0.9971,0.6336,5.2188,5.7081,2383462,0.0,280.5,mixed,severe,sudden,False,0.0,
42,50,Two-Tier Hybrid Ensemble,0.9858,0.972,0.972,1.0,0.9283,0.9977,0.5,1.8594,2.0007,1153064,0.0,280.49,mixed,severe,sudden,True,0.0,0.4
42,50,Warm-Start Ensemble,0.9846,0.97,0.9836,0.9856,0.929,0.9978,0.7071,0.4062,0.4287,471277,0.0,280.23,mixed,severe,sudden,True,0.0,
42,51,Adaptive Random Forest (river),0.5775,0.406,0.406,1.0,0.8607,0.7937,0.5,2.8906,3.3199,790409,0.0,280.75,none,none,stable,False,0.0,
42,51,Component-Selective Ensemble,0.786,0.804,0.7059,0.8867,0.8796,0.7908,0.8171,0.2656,0.2638,1220825,0.0,191.32,none,none,stable,True,0.0409,
42,51,Continuously Retrained Ensemble,0.7889,0.802,0.6955,0.9113,0.8806,0.7883,0.8193,1.625,1.8903,1090407,0.0117,280.57,none,none,stable,True,0.0,
42,51,Event-Driven Ensemble (ADWIN),0.7862,0.802,0.7,0.8966,0.8826,0.8038,0.817,1.8594,1.9209,1090407,0.0,280.65,none,none,stable,True,0.0,
42,51,Event-Driven Ensemble (Custom Dual-Trigger),0.7889,0.802,0.6955,0.9113,0.8806,0.7883,0.8193,1.7969,1.8789,1090407,0.0,280.65,none,none,stable,True,0.0409,
42,51,Event-Driven Ensemble (DDM),0.7862,0.802,0.7,0.8966,0.8826,0.8038,0.817,1.7344,1.845,1090407,0.0,280.65,none,none,stable,True,0.0,
42,51,Event-Driven Ensemble (EDDM),0.7889,0.802,0.6955,0.9113,0.8806,0.7883,0.8193,1.7188,1.8942,1090407,0.0,280.65,none,none,stable,True,0.0,
42,51,Event-Driven Ensemble (Page-Hinkley),0.7889,0.802,0.6955,0.9113,0.8806,0.7883,0.8193,0.0469,0.0399,1094919,0.0,280.65,none,none,stable,False,0.0,
42,51,Frozen Ensemble,0.7681498829039812,0.802,0.7321428571428571,0.8078817733990148,0.8787878787878788,0.7724890619209296,0.8029307856894063,0.015625,0.009974999818950891,1701638,0.0,176.640625,none,none,stable,False,0.0,0.0
42,51,Frozen Model,0.7652582159624414,0.8,0.7309417040358744,0.8029556650246306,0.8790034996931548,0.780050205919456,0.8004677315022143,0.015625,0.006458199582993984,887872,0.0,176.640625,none,none,stable,False,0.0,0.0
42,51,Streaming Random Patches (river),0.7737,0.78,0.6643,0.9261,0.8739,0.7918,0.8031,5.6719,6.0977,2178064,0.0,280.76,none,none,stable,False,0.0,
42,51,Two-Tier Hybrid Ensemble,0.7879,0.804,0.7027,0.8966,0.8772,0.7836,0.8186,2.0156,2.1142,1258087,0.0,280.75,none,none,stable,True,0.0,0.4
42,51,Warm-Start Ensemble,0.5929,0.448,0.4232,0.9901,0.8751,0.7911,0.5338,0.4062,0.4796,548806,0.0,280.65,none,none,stable,True,0.0,
42,52,Adaptive Random Forest (river),0.0,0.126,0.0,0.0,0.5829,0.8384,0.5,3.0781,3.2257,262188,0.0,280.96,covariate,severe,sudden,False,0.0,
42,52,Component-Selective Ensemble,0.9328,0.874,0.874,1.0,0.8696,0.9694,0.5,0.3125,0.3268,1220105,0.0039,191.31,covariate,severe,sudden,True,0.3175,
42,52,Continuously Retrained Ensemble,0.9338,0.876,0.8758,1.0,0.8854,0.9786,0.5079,1.7188,1.7626,1177856,0.0,280.76,covariate,severe,sudden,True,0.0,
42,52,Event-Driven Ensemble (ADWIN),0.9328,0.874,0.874,1.0,0.9013,0.9815,0.5,1.7344,1.7982,1177856,0.0,280.76,covariate,severe,sudden,True,0.0,
42,52,Event-Driven Ensemble (Custom Dual-Trigger),0.9338,0.876,0.8758,1.0,0.8854,0.9786,0.5079,1.7031,1.8049,1177856,0.0,280.76,covariate,severe,sudden,True,0.3175,
42,52,Event-Driven Ensemble (DDM),0.9328,0.874,0.874,1.0,0.9006,0.9814,0.5,1.7344,1.7512,1177856,0.0,280.76,covariate,severe,sudden,True,0.0,
42,52,Event-Driven Ensemble (EDDM),0.9338,0.876,0.8758,1.0,0.8854,0.9786,0.5079,1.8125,1.8696,1177856,0.0,280.76,covariate,severe,sudden,True,0.0,
42,52,Event-Driven Ensemble (Page-Hinkley),0.9328,0.874,0.874,1.0,0.8938,0.9805,0.5,0.0469,0.0459,1094919,0.0,280.76,covariate,severe,sudden,False,0.0,
42,52,Frozen Ensemble,0.9201430274135876,0.866,0.9601990049751243,0.8832951945080092,0.911971958882714,0.9837555458466327,0.8146634702698776,0.015625,0.01029099989682436,1701638,0.0,176.640625,covariate,severe,sudden,False,0.0,0.0
42,52,Frozen Model,0.9180722891566265,0.864,0.9694656488549618,0.8718535469107551,0.9086121099851077,0.9801230609913145,0.8406886782172823,0.015625,0.006012700032442808,887872,0.0,176.640625,covariate,severe,sudden,False,0.0,0.0
42,52,Streaming Random Patches (river),0.9328,0.874,0.874,1.0,0.7654,0.9393,0.5,4.6562,5.0027,2856209,0.0,280.96,covariate,severe,sudden,False,0.0,
42,52,Two-Tier Hybrid Ensemble,0.9328,0.874,0.874,1.0,0.8793,0.9776,0.5,1.8906,1.9352,1346446,0.0,267.86,covariate,severe,sudden,True,0.0,0.4
42,52,Warm-Start Ensemble,0.9328,0.874,0.874,1.0,0.5159,0.8695,0.5,0.4375,0.4293,640623,0.0,280.76,covariate,severe,sudden,True,0.0,
42,53,Adaptive Random Forest (river),0.2047,0.114,0.114,1.0,0.7387,0.4686,0.5,2.2188,2.2835,632642,0.0,267.89,none,none,stable,False,0.0,
42,53,Component-Selective Ensemble,0.4252,0.854,0.3857,0.4737,0.8306,0.3419,0.6883,0.6719,0.6789,1195353,0.0,191.33,none,none,stable,True,0.1086,
42,53,Continuously Retrained Ensemble,0.4511,0.854,0.3947,0.5263,0.825,0.3173,0.7112,1.6406,1.6647,1195353,0.0,267.88,none,none,stable,True,0.0,
42,53,Event-Driven Ensemble (ADWIN),0.4328,0.848,0.3766,0.5088,0.8318,0.3246,0.7002,1.625,1.711,1195353,0.0,267.88,none,none,stable,True,0.0,
42,53,Event-Driven Ensemble (Custom Dual-Trigger),0.4511,0.854,0.3947,0.5263,0.825,0.3173,0.7112,1.625,1.6724,1195353,0.0,267.88,none,none,stable,True,0.1086,
42,53,Event-Driven Ensemble (DDM),0.4328,0.848,0.3766,0.5088,0.8318,0.3246,0.7002,1.7344,1.7305,1195353,0.0,267.88,none,none,stable,True,0.0,
42,53,Event-Driven Ensemble (EDDM),0.4511,0.854,0.3947,0.5263,0.825,0.3173,0.7112,1.3594,1.446,1195353,0.0,267.88,none,none,stable,True,0.0,
42,53,Event-Driven Ensemble (Page-Hinkley),0.4511,0.854,0.3947,0.5263,0.8343,0.3446,0.7112,1.4688,1.5109,1195353,0.0,267.88,none,none,stable,True,0.0,
42,53,Frozen Ensemble,0.3023255813953488,0.88,0.4482758620689655,0.22807017543859648,0.837709397647618,0.34855484832210254,0.5959763969743772,0.015625,0.01119690015912056,1701638,0.0,176.640625,none,none,stable,False,0.0,0.0
42,53,Frozen Model,0.3058823529411765,0.882,0.4642857142857143,0.22807017543859648,0.8364025187121302,0.35562583389268604,0.5971050651459348,0.0,0.0051392000168561935,887872,0.0,176.640625,none,none,stable,False,0.0,0.0
42,53,Streaming Random Patches (river),0.2931,0.836,0.2881,0.2982,0.8073,0.2742,0.6017,5.0,5.1612,4198525,0.0,267.9,none,none,stable,False,0.0,
42,53,Two-Tier Hybrid Ensemble,0.4551,0.818,0.3455,0.6667,0.832,0.3234,0.7521,1.875,1.9806,1428796,0.0,268.65,none,none,stable,True,0.0,0.4
42,53,Warm-Start Ensemble,0.4049,0.806,0.3113,0.5789,0.7932,0.3327,0.7071,0.3438,0.3742,672216,0.0,267.88,none,none,stable,True,0.0,
42,54,Adaptive Random Forest (river),0.7324,0.642,0.7249,0.7402,0.564,0.7079,0.5949,2.0938,2.1342,1187976,0.0,267.59,covariate,moderate,gradual,False,0.0,
42,54,Component-Selective Ensemble,0.804,0.686,0.6851,0.9728,0.7681,0.8619,0.5485,0.1406,0.1312,1205113,0.0,191.32,covariate,moderate,gradual,True,0.2127,
42,54,Continuously Retrained Ensemble,0.8099,0.694,0.6878,0.9849,0.7853,0.8733,0.5546,1.5312,1.551,1217257,0.0,267.43,covariate,moderate,gradual,True,0.0,
42,54,Event-Driven Ensemble (ADWIN),0.8099,0.694,0.6878,0.9849,0.7853,0.8733,0.5546,1.4219,1.463,1217257,0.0,267.47,covariate,moderate,gradual,True,0.0,
42,54,Event-Driven Ensemble (Custom Dual-Trigger),0.8099,0.694,0.6878,0.9849,0.7853,0.8733,0.5546,1.5469,1.6296,1217257,0.0078,267.46,covariate,moderate,gradual,True,0.2127,
42,54,Event-Driven Ensemble (DDM),0.8099,0.694,0.6878,0.9849,0.7853,0.8733,0.5546,1.625,1.6411,1217257,0.0,267.47,covariate,moderate,gradual,True,0.0,
42,54,Event-Driven Ensemble (EDDM),0.8099,0.694,0.6878,0.9849,0.7853,0.8733,0.5546,1.4375,1.4671,1217257,0.0078,267.47,covariate,moderate,gradual,True,0.0,
42,54,Event-Driven Ensemble (Page-Hinkley),0.8099,0.694,0.6878,0.9849,0.7853,0.8733,0.5546,0.0156,0.0358,1195353,0.0,267.48,covariate,moderate,gradual,False,0.0,
42,54,Frozen Ensemble,0.8191027496382055,0.75,0.7861111111111111,0.8549848942598187,0.7936502261391873,0.8726186061694527,0.6996817962423354,0.0,0.010343099944293499,1701638,0.0,176.640625,covariate,moderate,gradual,False,0.0,0.0
42,54,Frozen Model,0.818577648766328,0.75,0.7877094972067039,0.851963746223565,0.7867230375945227,0.8599243247223683,0.7011298021058654,0.0,0.005330299958586693,887872,0.0,176.640625,covariate,moderate,gradual,False,0.0,0.0
42,54,Streaming Random Patches (river),0.8148,0.74,0.7709,0.864,0.7833,0.8745,0.6805,4.9062,5.2083,3468247,0.0,267.59,covariate,moderate,gradual,False,0.0,
42,54,Two-Tier Hybrid Ensemble,0.8257,0.75,0.7668,0.8943,0.7904,0.8751,0.6809,2.0781,2.102,1449305,0.0,267.79,covariate,moderate,gradual,True,0.0,0.4
42,54,Warm-Start Ensemble,0.8176,0.718,0.7149,0.9547,0.7385,0.8144,0.6046,0.2812,0.31,727016,0.0,267.48,covariate,moderate,gradual,True,0.0,
42,55,Adaptive Random Forest (river),0.5625,0.832,0.7013,0.4696,0.7072,0.556,0.7049,2.4844,2.6261,897861,0.0,267.9,none,none,stable,False,0.0,
42,55,Component-Selective Ensemble,0.6341,0.82,0.5954,0.6783,0.8649,0.6399,0.7703,0.2969,0.2969,1200937,0.0,191.32,none,none,stable,True,0.0487,
42,55,Continuously Retrained Ensemble,0.6316,0.818,0.5909,0.6783,0.867,0.6464,0.769,1.4062,1.4681,1233257,0.0039,267.82,none,none,stable,True,0.0,
42,55,Event-Driven Ensemble (ADWIN),0.6316,0.818,0.5909,0.6783,0.867,0.6464,0.769,1.375,1.4858,1233257,0.0,267.87,none,none,stable,True,0.0,
42,55,Event-Driven Ensemble (Custom Dual-Trigger),0.6316,0.818,0.5909,0.6783,0.867,0.6464,0.769,1.4062,1.4406,1233257,0.0,267.83,none,none,stable,True,0.0487,
42,55,Event-Driven Ensemble (DDM),0.6316,0.818,0.5909,0.6783,0.867,0.6464,0.769,1.5781,1.6946,1233257,0.0,267.87,none,none,stable,True,0.0,
42,55,Event-Driven Ensemble (EDDM),0.6316,0.818,0.5909,0.6783,0.867,0.6464,0.769,1.5312,1.6537,1233257,0.0039,267.88,none,none,stable,True,0.0,
42,55,Event-Driven Ensemble (Page-Hinkley),0.6457,0.82,0.5899,0.713,0.8666,0.6442,0.7825,0.0312,0.0383,1195353,0.0,267.88,none,none,stable,False,0.0,
42,55,Frozen Ensemble,0.6272727272727273,0.836,0.6571428571428571,0.6,0.8751891586674196,0.640466853717339,0.7532467532467533,0.015625,0.012234000023454428,1701638,0.0,176.64453125,none,none,stable,False,0.0,0.0
42,55,Frozen Model,0.6422018348623854,0.844,0.6796116504854369,0.6086956521739131,0.8716883116883117,0.6342276114318729,0.7614906832298136,0.0,0.0076386998407542706,887872,0.0,176.64453125,none,none,stable,False,0.0,0.0
42,55,Streaming Random Patches (river),0.6273,0.836,0.6571,0.6,0.87,0.6752,0.7532,4.4844,4.5906,2677073,0.0,267.92,none,none,stable,False,0.0,
42,55,Two-Tier Hybrid Ensemble,0.6216,0.832,0.6449,0.6,0.868,0.644,0.7506,1.7969,1.8174,1466614,0.0,267.89,none,none,stable,True,0.0,0.4
42,55,Warm-Start Ensemble,0.6529,0.832,0.622,0.687,0.8468,0.6012,0.7811,0.0312,0.036,727016,0.0,267.89,none,none,stable,False,0.0,
42,56,Adaptive Random Forest (river),0.7717,0.69,0.6534,0.9424,0.7033,0.6936,0.6582,2.7656,2.8747,2262267,0.0,268.04,covariate,severe,gradual,False,0.0,
42,56,Component-Selective Ensemble,0.7722,0.698,0.6649,0.9209,0.8033,0.8053,0.6699,0.3438,0.3852,1245426,0.0,191.32,covariate,severe,gradual,True,0.1487,
42,56,Continuously Retrained Ensemble,0.7706,0.744,0.7679,0.7734,0.8113,0.8123,0.7403,1.5156,1.4923,1265218,0.0,267.93,covariate,severe,gradual,True,0.0,
42,56,Event-Driven Ensemble (ADWIN),0.7706,0.744,0.7679,0.7734,0.8113,0.8123,0.7403,0.0312,0.0418,1233257,0.0,267.95,covariate,severe,gradual,False,0.0,
42,56,Event-Driven Ensemble (Custom Dual-Trigger),0.7706,0.744,0.7679,0.7734,0.8113,0.8123,0.7403,1.4062,1.4335,1265218,0.0,267.95,covariate,severe,gradual,True,0.1487,
42,56,Event-Driven Ensemble (DDM),0.7706,0.744,0.7679,0.7734,0.8113,0.8123,0.7403,0.0469,0.0585,1233257,0.0,267.95,covariate,severe,gradual,False,0.0,
42,56,Event-Driven Ensemble (EDDM),0.7706,0.744,0.7679,0.7734,0.8113,0.8123,0.7403,1.4219,1.453,1265218,0.0,267.95,covariate,severe,gradual,True,0.0,
42,56,Event-Driven Ensemble (Page-Hinkley),0.767,0.684,0.65,0.9353,0.8014,0.8029,0.6523,1.3906,1.4612,1265218,0.0,267.95,covariate,severe,gradual,True,0.0,
42,56,Frozen Ensemble,0.7254509018036072,0.726,0.8190045248868778,0.6510791366906474,0.8155907706267419,0.8275331886534742,0.7354494782552337,0.0,0.011517100036144257,1701638,0.0,176.65234375,covariate,severe,gradual,False,0.0,0.0
42,56,Frozen Model,0.7258064516129032,0.728,0.8256880733944955,0.6474820143884892,0.8038434117570809,0.8263136777824429,0.738155421608659,0.0,0.0060348003171384335,887872,0.0,176.65234375,covariate,severe,gradual,False,0.0,0.0
42,56,Streaming Random Patches (river),0.7157,0.714,0.8,0.6475,0.7697,0.7873,0.7224,4.1875,4.3544,2197891,0.0,268.03,covariate,severe,gradual,False,0.0,
42,56,Two-Tier Hybrid Ensemble,0.7653,0.74,0.7681,0.7626,0.8096,0.8192,0.7372,1.7812,1.8729,1499137,0.0,268.03,covariate,severe,gradual,True,0.0,0.4
42,56,Warm-Start Ensemble,0.7735,0.754,0.7925,0.7554,0.8046,0.8266,0.7538,0.3594,0.3534,787091,0.0,267.95,covariate,severe,gradual,True,0.0,
42,57,Adaptive Random Forest (river),0.7429,0.694,0.6538,0.8599,0.7587,0.7294,0.6892,3.2656,3.4024,4171581,0.0,268.23,covariate,mild,gradual,False,0.0,
42,57,Component-Selective Ensemble,0.7504,0.706,0.6657,0.8599,0.7798,0.7552,0.7016,0.3438,0.3418,1252146,0.0,191.32,covariate,mild,gradual,True,0.1475,
42,57,Continuously Retrained Ensemble,0.7443,0.706,0.673,0.8327,0.7764,0.7461,0.7024,1.5469,1.7309,1299826,0.0,268.04,covariate,mild,gradual,True,0.0,
42,57,Event-Driven Ensemble (ADWIN),0.7529,0.706,0.6627,0.8716,0.7791,0.7436,0.7012,0.0625,0.0547,1233257,0.0,268.04,covariate,mild,gradual,False,0.0,
42,57,Event-Driven Ensemble (Custom Dual-Trigger),0.7443,0.706,0.673,0.8327,0.7764,0.7461,0.7024,1.6719,1.7601,1299826,0.0,268.04,covariate,mild,gradual,True,0.1475,
42,57,Event-Driven Ensemble (DDM),0.7529,0.706,0.6627,0.8716,0.7791,0.7436,0.7012,0.0312,0.0456,1233257,0.0,268.04,covariate,mild,gradual,False,0.0,
42,57,Event-Driven Ensemble (EDDM),0.7443,0.706,0.673,0.8327,0.7764,0.7461,0.7024,1.625,1.8262,1299826,0.0,268.04,covariate,mild,gradual,True,0.0,
42,57,Event-Driven Ensemble (Page-Hinkley),0.7478,0.71,0.6761,0.8366,0.7813,0.7547,0.7064,0.0625,0.0553,1265218,0.0,268.04,covariate,mild,gradual,False,0.0,
42,57,Frozen Ensemble,0.75177304964539,0.72,0.6905537459283387,0.8249027237354085,0.7873853100831052,0.7635824423881985,0.7169781108388977,0.015625,0.012935100123286247,1701638,0.0,176.65625,covariate,mild,gradual,False,0.0,0.0
42,57,Frozen Model,0.7570422535211268,0.724,0.6913183279742765,0.8365758754863813,0.7882339754367423,0.7659368478565733,0.7207570735456599,0.0,0.00652589974924922,887872,0.0,176.65625,covariate,mild,gradual,False,0.0,0.0
42,57,Streaming Random Patches (river),0.7441,0.696,0.6558,0.8599,0.7697,0.7257,0.6913,4.75,4.912,3395561,0.0547,269.48,covariate,mild,gradual,False,0.0,
42,57,Two-Tier Hybrid Ensemble,0.7426,0.706,0.6752,0.8249,0.7779,0.7463,0.7026,2.0312,2.096,1469530,0.0,270.5,covariate,mild,gradual,True,0.0,0.4
42,57,Warm-Start Ensemble,0.7411,0.708,0.6808,0.8132,0.7696,0.7436,0.705,0.375,0.3891,828700,0.0,268.04,covariate,mild,gradual,True,0.0,
42,58,Adaptive Random Forest (river),0.2826,0.868,0.3939,0.2203,0.7641,0.2772,0.5875,2.6875,2.7695,893948,0.0,270.27,none,none,stable,False,0.0,
42,58,Component-Selective Ensemble,0.175,0.868,0.3333,0.1186,0.7327,0.2689,0.5434,0.8438,0.8737,1279938,0.0,191.34,none,none,stable,True,0.1043,
42,58,Continuously Retrained Ensemble,0.3043,0.872,0.4242,0.2373,0.7428,0.2949,0.5971,1.7031,1.7365,1279938,0.0,271.39,none,none,stable,True,0.0,
42,58,Event-Driven Ensemble (ADWIN),0.2353,0.87,0.3846,0.1695,0.7368,0.2755,0.5666,1.6562,1.6898,1279938,0.0,271.44,none,none,stable,True,0.0,
42,58,Event-Driven Ensemble (Custom Dual-Trigger),0.3043,0.872,0.4242,0.2373,0.7428,0.2949,0.5971,1.7031,1.7819,1279938,0.0,271.44,none,none,stable,True,0.1043,
42,58,Event-Driven Ensemble (DDM),0.2353,0.87,0.3846,0.1695,0.7368,0.2755,0.5666,0.0469,0.0364,1233257,0.0,271.44,none,none,stable,False,0.0,
42,58,Event-Driven Ensemble (EDDM),0.3043,0.872,0.4242,0.2373,0.7428,0.2949,0.5971,1.6719,1.7434,1279938,0.0,271.44,none,none,stable,True,0.0,
42,58,Event-Driven Ensemble (Page-Hinkley),0.1558,0.87,0.3333,0.1017,0.7259,0.2726,0.5372,1.6094,1.6442,1279938,0.0,270.46,none,none,stable,True,0.0,
42,58,Frozen Ensemble,0.1095890410958904,0.87,0.2857142857142857,0.06779661016949153,0.7532188016449519,0.28978566424943647,0.5225604366040202,0.015625,0.017216899897903204,1701638,0.0,176.6640625,none,none,stable,False,0.0,0.0
42,58,Frozen Model,0.13513513513513514,0.872,0.3333333333333333,0.0847457627118644,0.7459548791267919,0.2902869738966839,0.5310350128752066,0.0,0.004916700068861246,887872,0.0,176.66015625,none,none,stable,False,0.0,0.0
42,58,Streaming Random Patches (river),0.303,0.862,0.375,0.2542,0.7089,0.2618,0.5988,4.6094,4.8764,1765118,0.0,270.27,none,none,stable,False,0.0,
42,58,Two-Tier Hybrid Ensemble,0.1408,0.878,0.4167,0.0847,0.7439,0.2971,0.5344,1.6875,1.7833,1449241,0.0,270.27,none,none,stable,True,0.0,0.4
42,58,Warm-Start Ensemble,0.2609,0.864,0.3636,0.2034,0.6685,0.2413,0.5779,0.3438,0.3682,759619,0.0,270.46,none,none,stable,True,0.0,
42,59,Adaptive Random Forest (river),0.0,0.552,0.0,0.0,0.5916,0.4731,0.4982,2.2031,2.2836,712895,0.0,270.36,concept,severe,gradual,False,0.0,
42,59,Component-Selective Ensemble,0.8496,0.864,0.8384,0.861,0.9464,0.9297,0.8637,0.0312,0.022,1279938,0.0039,191.34,concept,severe,gradual,False,0.0378,
42,59,Continuously Retrained Ensemble,0.8496,0.864,0.8384,0.861,0.9464,0.9297,0.8637,1.4531,1.4706,1314235,0.0,270.27,concept,severe,gradual,True,0.0,
42,59,Event-Driven Ensemble (ADWIN),0.8496,0.864,0.8384,0.861,0.9464,0.9297,0.8637,1.4219,1.4583,1314235,0.0,270.36,concept,severe,gradual,True,0.0,
42,59,Event-Driven Ensemble (Custom Dual-Trigger),0.8496,0.864,0.8384,0.861,0.9464,0.9297,0.8637,0.0312,0.0375,1279938,0.0,270.36,concept,severe,gradual,False,0.0378,
42,59,Event-Driven Ensemble (DDM),0.859,0.87,0.8319,0.8879,0.9404,0.9175,0.8717,0.0312,0.0361,1233257,0.0,270.36,concept,severe,gradual,False,0.0,
42,59,Event-Driven Ensemble (EDDM),0.8496,0.864,0.8384,0.861,0.9464,0.9297,0.8637,1.6406,1.6644,1314235,0.0,270.36,concept,severe,gradual,True,0.0,
42,59,Event-Driven Ensemble (Page-Hinkley),0.8496,0.864,0.8384,0.861,0.9464,0.9297,0.8637,0.0625,0.0557,1279938,0.0,270.36,concept,severe,gradual,False,0.0,
42,59,Frozen Ensemble,0.8428246013667426,0.862,0.8564814814814815,0.8295964125560538,0.9470139709572453,0.9302708889206104,0.8588415275776659,0.015625,0.0231520002707839,1701638,0.0,176.66796875,concept,severe,gradual,False,0.0,0.0
42,59,Frozen Model,0.8409090909090909,0.86,0.8525345622119815,0.8295964125560538,0.9453788994835763,0.9277697087109467,0.8570364734260414,0.015625,0.009867600165307522,887872,0.0,176.66796875,concept,severe,gradual,False,0.0,0.0
42,59,Streaming Random Patches (river),0.1008,0.572,0.8,0.0538,0.6593,0.5648,0.5215,3.5625,3.6926,2588925,0.0,270.36,concept,severe,gradual,False,0.0,
42,59,Two-Tier Hybrid Ensemble,0.8386,0.856,0.8386,0.8386,0.9462,0.9292,0.8543,0.3125,0.3077,1447697,0.0,270.35,concept,severe,gradual,False,0.0,0.28
42,59,Warm-Start Ensemble,0.7196,0.788,0.8774,0.6099,0.9239,0.8687,0.7706,0.0469,0.0398,759619,0.0,270.36,concept,severe,gradual,False,0.0,
43,0,Adaptive Random Forest (river),0.3825,0.238,0.2365,1.0,0.5303,0.4209,0.5013,1.875,1.9619,262870,0.0,272.12,none,none,stable,False,0.0,
43,0,Component-Selective Ensemble,0.6397,0.822,0.6124,0.6695,0.8786,0.6469,0.7693,0.7188,0.7129,1265458,0.0,192.09,none,none,stable,True,0.0477,
43,0,Continuously Retrained Ensemble,0.6397,0.822,0.6124,0.6695,0.8786,0.6469,0.7693,1.4688,1.5056,1265458,0.0078,278.35,none,none,stable,True,0.0,
43,0,Event-Driven Ensemble (ADWIN),0.6397,0.822,0.6124,0.6695,0.8786,0.6469,0.7693,1.4375,1.494,1265458,0.2383,268.4,none,none,stable,True,0.0,
43,0,Event-Driven Ensemble (Custom Dual-Trigger),0.6397,0.822,0.6124,0.6695,0.8786,0.6469,0.7693,1.3125,1.3807,1265458,0.0195,279.12,none,none,stable,True,0.0477,
43,0,Event-Driven Ensemble (DDM),0.6397,0.822,0.6124,0.6695,0.8786,0.6469,0.7693,0.0312,0.0336,1691670,0.0,270.74,none,none,stable,False,0.0,
43,0,Event-Driven Ensemble (EDDM),0.6397,0.822,0.6124,0.6695,0.8786,0.6469,0.7693,1.3906,1.4585,1265458,0.0352,271.02,none,none,stable,True,0.0,
43,0,Event-Driven Ensemble (Page-Hinkley),0.6397,0.822,0.6124,0.6695,0.8786,0.6469,0.7693,0.0469,0.0456,1691670,0.0,271.05,none,none,stable,False,0.0,
43,0,Frozen Ensemble,0.6396761133603239,0.822,0.6124031007751938,0.6694915254237288,0.8786050226284497,0.6469388505680994,0.769300736533854,0.03125,0.02577880024909973,1691670,0.0,178.33984375,none,none,stable,False,0.0,0.0
43,0,Frozen Model,0.642570281124498,0.822,0.6106870229007634,0.6779661016949152,0.877318306859526,0.6394330345057269,0.772229124145887,0.015625,0.015504200011491776,881472,0.0,178.33984375,none,none,stable,False,0.0,0.0
43,0,Streaming Random Patches (river),0.6293,0.828,0.6404,0.6186,0.87,0.6616,0.7557,3.6406,3.6716,1110357,0.0,272.19,none,none,stable,False,0.0,
43,0,Two-Tier Hybrid Ensemble,0.6295,0.814,0.594,0.6695,0.8785,0.6469,0.7641,1.5156,1.5843,1303062,0.0,272.27,none,none,stable,True,0.0,0.4
43,0,Warm-Start Ensemble,0.6397,0.822,0.6124,0.6695,0.8786,0.6469,0.7693,0.2969,0.2953,1284752,0.0,271.05,none,none,stable,True,0.0,
43,1,Adaptive Random Forest (river),0.8806,0.802,0.8568,0.9057,0.7431,0.9363,0.6384,2.2031,2.2865,363361,0.0,265.75,mixed,moderate,recovery,False,0.0,
43,1,Component-Selective Ensemble,0.8545,0.778,0.9056,0.8089,0.8228,0.9479,0.7292,0.2969,0.2891,1264162,0.0,192.77,mixed,moderate,recovery,True,0.1975,
43,1,Continuously Retrained Ensemble,0.8545,0.778,0.9056,0.8089,0.8228,0.9479,0.7292,1.4844,1.5395,1283842,0.0,272.27,mixed,moderate,recovery,True,0.0,
43,1,Event-Driven Ensemble (ADWIN),0.8545,0.778,0.9056,0.8089,0.8228,0.9479,0.7292,1.3906,1.3853,1283842,0.0,265.57,mixed,moderate,recovery,True,0.0,
43,1,Event-Driven Ensemble (Custom Dual-Trigger),0.8545,0.778,0.9056,0.8089,0.8228,0.9479,0.7292,1.5781,1.698,1283842,0.0195,273.34,mixed,moderate,recovery,True,0.1975,
43,1,Event-Driven Ensemble (DDM),0.8639,0.792,0.9141,0.8189,0.8459,0.9573,0.7496,1.3438,1.422,1283842,0.0,265.57,mixed,moderate,recovery,True,0.0,
43,1,Event-Driven Ensemble (EDDM),0.8545,0.778,0.9056,0.8089,0.8228,0.9479,0.7292,1.375,1.4008,1283842,0.0,265.57,mixed,moderate,recovery,True,0.0,
43,1,Event-Driven Ensemble (Page-Hinkley),0.8639,0.792,0.9141,0.8189,0.8459,0.9573,0.7496,0.0469,0.035,1691670,0.0,265.71,mixed,moderate,recovery,False,0.0,
43,1,Frozen Ensemble,0.865359477124183,0.794,0.914364640883978,0.8213399503722084,0.8499398838607352,0.9584971881393394,0.7508761607531145,0.015625,0.01709769992157817,1691670,0.0,178.33984375,mixed,moderate,recovery,False,0.0,0.0
43,1,Frozen Model,0.8608923884514436,0.788,0.9136490250696379,0.8138957816377171,0.8527026681333298,0.9592752902984357,0.7471540763858688,0.0,0.008264200296252966,881472,0.0,178.33984375,mixed,moderate,recovery,False,0.0,0.0
43,1,Streaming Random Patches (river),0.3945,0.38,0.9266,0.2506,0.7384,0.8851,0.5841,3.7656,3.8239,1929004,0.0,265.75,mixed,moderate,recovery,False,0.0,
43,1,Two-Tier Hybrid Ensemble,0.904,0.842,0.8857,0.9231,0.8262,0.9488,0.7141,1.4688,1.5072,1321308,0.0,265.99,mixed,moderate,recovery,True,0.0,0.4
43,1,Warm-Start Ensemble,0.8414,0.764,0.9179,0.7767,0.8397,0.9533,0.744,0.2812,0.296,926739,0.0,265.72,mixed,moderate,recovery,True,0.0,
43,2,Adaptive Random Forest (river),0.2718,0.85,0.3415,0.2258,0.7205,0.2746,0.5821,2.125,2.283,876906,0.0,260.14,covariate,mild,recovery,False,0.0,
43,2,Component-Selective Ensemble,0.2045,0.86,0.3462,0.1452,0.7738,0.3077,0.5532,0.7188,0.7081,1246105,0.0,192.77,covariate,mild,recovery,True,0.0919,
43,2,Continuously Retrained Ensemble,0.2449,0.852,0.3333,0.1935,0.7656,0.3167,0.5694,1.3906,1.4378,1246105,0.0,265.99,covariate,mild,recovery,True,0.0,
43,2,Event-Driven Ensemble (ADWIN),0.2449,0.852,0.3333,0.1935,0.7656,0.3167,0.5694,0.0469,0.0341,1283842,0.0,266.0,covariate,mild,recovery,False,0.0,
43,2,Event-Driven Ensemble (Custom Dual-Trigger),0.2449,0.852,0.3333,0.1935,0.7656,0.3167,0.5694,1.2812,1.354,1246105,0.0,266.0,covariate,mild,recovery,True,0.0919,
43,2,Event-Driven Ensemble (DDM),0.2474,0.854,0.3429,0.1935,0.7656,0.3165,0.5705,1.3438,1.4006,1246105,0.0,266.0,covariate,mild,recovery,True,0.0,
43,2,Event-Driven Ensemble (EDDM),0.2449,0.852,0.3333,0.1935,0.7656,0.3167,0.5694,1.3438,1.4096,1246105,0.0,266.0,covariate,mild,recovery,True,0.0,
43,2,Event-Driven Ensemble (Page-Hinkley),0.2273,0.864,0.3846,0.1613,0.777,0.3506,0.5624,1.3438,1.3724,1246105,0.1641,266.0,covariate,mild,recovery,True,0.0,
43,2,Frozen Ensemble,0.22988505747126436,0.866,0.4,0.16129032258064516,0.7762925320371189,0.35028471154669055,0.5635218736190897,0.03125,0.022539899684488773,1691670,0.0,178.33984375,covariate,mild,recovery,False,0.0,0.0
43,2,Frozen Model,0.22727272727272727,0.864,0.38461538461538464,0.16129032258064516,0.775574458683164,0.3491921226096394,0.5623803211076742,0.0,0.014500499702990055,881472,0.0,178.33984375,covariate,mild,recovery,False,0.0,0.0
43,2,Streaming Random Patches (river),0.2881,0.832,0.3036,0.2742,0.6958,0.2799,0.5926,4.7188,5.0283,3047072,0.0,260.82,covariate,mild,recovery,False,0.0,
43,2,Two-Tier Hybrid Ensemble,0.2982,0.84,0.3269,0.2742,0.7686,0.3331,0.5971,1.5469,1.5917,1283174,0.0,262.74,covariate,mild,recovery,True,0.0,0.4
43,2,Warm-Start Ensemble,0.2453,0.84,0.2955,0.2097,0.6877,0.3117,0.5695,0.3125,0.3065,695274,0.0,257.32,covariate,mild,recovery,True,0.0,
43,3,Adaptive Random Forest (river),0.8135,0.812,0.7824,0.8471,0.8904,0.8651,0.8131,2.2656,2.3968,1294282,0.0,263.45,mixed,mild,gradual,False,0.0,
43,3,Component-Selective Ensemble,0.8436,0.848,0.8402,0.8471,0.9129,0.8954,0.848,0.0156,0.0183,1246105,0.0,193.54,mixed,mild,gradual,False,0.0953,
43,3,Continuously Retrained Ensemble,0.8507,0.854,0.8421,0.8595,0.9128,0.8933,0.8542,1.375,1.4075,1300843,0.0,262.74,mixed,mild,gradual,True,0.0,
43,3,Event-Driven Ensemble (ADWIN),0.8404,0.842,0.8221,0.8595,0.9128,0.8923,0.8425,1.25,1.3402,1300843,0.0,263.4,mixed,mild,gradual,True,0.0,
43,3,Event-Driven Ensemble (Custom Dual-Trigger),0.8507,0.854,0.8421,0.8595,0.9128,0.8933,0.8542,0.0469,0.0445,1246105,0.0,263.38,mixed,mild,gradual,False,0.0953,
43,3,Event-Driven Ensemble (DDM),0.8507,0.854,0.8421,0.8595,0.9128,0.8933,0.8542,1.4844,1.5143,1300843,0.0,263.4,mixed,mild,gradual,True,0.0,
43,3,Event-Driven Ensemble (EDDM),0.8507,0.854,0.8421,0.8595,0.9128,0.8933,0.8542,1.4062,1.4952,1300843,0.0,263.4,mixed,mild,gradual,True,0.0,
43,3,Event-Driven Ensemble (Page-Hinkley),0.8455,0.848,0.832,0.8595,0.9128,0.894,0.8484,0.0312,0.044,1246105,0.0,263.4,mixed,mild,gradual,False,0.0,
43,3,Frozen Ensemble,0.8421052631578947,0.844,0.8253968253968254,0.859504132231405,0.9187648151707349,0.9035137861089191,0.8444807482862451,0.015625,0.019838199950754642,1691670,0.0,178.33984375,mixed,mild,gradual,False,0.0,0.0
43,3,Frozen Model,0.8391038696537678,0.842,0.8273092369477911,0.8512396694214877,0.9179159459286309,0.9052069351680961,0.8422865013774106,0.0,0.007711899932473898,881472,0.0,178.33984375,mixed,mild,gradual,False,0.0,0.0
43,3,Streaming Random Patches (river),0.8316,0.834,0.8167,0.8471,0.8897,0.8169,0.8344,4.2031,4.4125,4639183,0.0039,263.45,mixed,mild,gradual,False,0.0,
43,3,Two-Tier Hybrid Ensemble,0.8472,0.842,0.7964,0.905,0.9143,0.8947,0.844,0.1875,0.1866,1349349,0.0,265.07,mixed,mild,gradual,False,0.0,0.28
43,3,Warm-Start Ensemble,0.8429,0.842,0.8123,0.876,0.9038,0.8792,0.8431,0.0312,0.0433,695274,0.0,263.4,mixed,mild,gradual,False,0.0,
43,4,Adaptive Random Forest (river),0.1837,0.68,0.6667,0.1065,0.8024,0.6032,0.5397,1.8906,2.0422,812430,0.0,265.25,none,none,stable,False,0.0,
43,4,Component-Selective Ensemble,0.6667,0.754,0.615,0.7278,0.8375,0.6842,0.7476,0.0156,0.0178,1246105,0.0,193.54,none,none,stable,False,0.0379,
43,4,Continuously Retrained Ensemble,0.6685,0.756,0.6181,0.7278,0.8387,0.6858,0.7491,1.3281,1.4881,1306843,0.0117,265.07,none,none,stable,True,0.0,
43,4,Event-Driven Ensemble (ADWIN),0.6845,0.764,0.6244,0.7574,0.8401,0.6895,0.7624,1.4688,1.5031,1306843,0.0,265.09,none,none,stable,True,0.0,
43,4,Event-Driven Ensemble (Custom Dual-Trigger),0.6667,0.754,0.615,0.7278,0.8375,0.6842,0.7476,0.0469,0.0343,1246105,0.0,265.09,none,none,stable,False,0.0379,
43,4,Event-Driven Ensemble (DDM),0.6685,0.756,0.6181,0.7278,0.8387,0.6858,0.7491,1.4688,1.5167,1306843,0.0195,265.09,none,none,stable,True,0.0,
43,4,Event-Driven Ensemble (EDDM),0.6685,0.756,0.6181,0.7278,0.8387,0.6858,0.7491,1.3594,1.4088,1306843,0.0156,265.23,none,none,stable,True,0.0,
43,4,Event-Driven Ensemble (Page-Hinkley),0.6667,0.754,0.615,0.7278,0.8375,0.6842,0.7476,0.0312,0.0346,1246105,0.0,265.25,none,none,stable,False,0.0,
43,4,Frozen Ensemble,0.6826666666666666,0.762,0.6213592233009708,0.757396449704142,0.8423997568780279,0.675986305117337,0.7608734514381736,0.03125,0.025171400047838688,1691670,0.0,178.33984375,none,none,stable,False,0.0,0.0
43,4,Frozen Model,0.6937669376693767,0.774,0.64,0.757396449704142,0.8402903162373299,0.6740201355559572,0.769936895546935,0.015625,0.008455900009721518,881472,0.0,178.33984375,none,none,stable,False,0.0,0.0
43,4,Streaming Random Patches (river),0.6851,0.75,0.5965,0.8047,0.8412,0.7142,0.7634,4.8438,4.9777,3825167,0.0,265.75,none,none,stable,False,0.0,
43,4,Two-Tier Hybrid Ensemble,0.6963,0.754,0.5975,0.8343,0.8352,0.6821,0.7737,0.2656,0.2784,1349440,0.0,265.77,none,none,stable,False,0.0,0.196
43,4,Warm-Start Ensemble,0.6116,0.746,0.6329,0.5917,0.8154,0.6267,0.7082,0.0312,0.0373,695274,0.0,265.25,none,none,stable,False,0.0,
43,5,Adaptive Random Forest (river),0.2857,0.89,0.7857,0.1746,0.5781,0.3166,0.5839,1.7031,1.7691,443399,0.0,266.34,concept,mild,gradual,False,0.0,
43,5,Component-Selective Ensemble,0.3146,0.878,0.5385,0.2222,0.8564,0.49,0.5974,0.7656,0.7905,1266450,0.0,193.54,concept,mild,gradual,True,0.1032,
43,5,Continuously Retrained Ensemble,0.3333,0.88,0.5556,0.2381,0.8623,0.4992,0.6053,1.4062,1.4763,1266450,0.0039,265.85,concept,mild,gradual,True,0.0,
43,5,Event-Driven Ensemble (ADWIN),0.3333,0.88,0.5556,0.2381,0.8623,0.4992,0.6053,1.3906,1.4241,1266450,0.0,265.85,concept,mild,gradual,True,0.0,
43,5,Event-Driven Ensemble (Custom Dual-Trigger),0.3146,0.878,0.5385,0.2222,0.8564,0.49,0.5974,1.4219,1.4551,1266450,0.0,265.85,concept,mild,gradual,True,0.1032,
43,5,Event-Driven Ensemble (DDM),0.3333,0.88,0.5556,0.2381,0.8623,0.4992,0.6053,0.0312,0.0447,1306843,0.0,265.85,concept,mild,gradual,False,0.0,
43,5,Event-Driven Ensemble (EDDM),0.3333,0.88,0.5556,0.2381,0.8623,0.4992,0.6053,0.0469,0.0351,1306843,0.0,265.86,concept,mild,gradual,False,0.0,
43,5,Event-Driven Ensemble (Page-Hinkley),0.3146,0.878,0.5385,0.2222,0.8564,0.49,0.5974,1.4688,1.5116,1266450,0.0,265.86,concept,mild,gradual,True,0.0,
43,5,Frozen Ensemble,0.3181818181818182,0.88,0.56,0.2222222222222222,0.8612109985107697,0.5008665631105667,0.5985252987541316,0.015625,0.018296300433576107,1691670,0.0,178.33984375,concept,mild,gradual,False,0.0,0.0
43,5,Frozen Model,0.3181818181818182,0.88,0.56,0.2222222222222222,0.8573244705967819,0.4878392639228801,0.5985252987541316,0.0,0.009970699902623892,881472,0.0,178.33984375,concept,mild,gradual,False,0.0,0.0
43,5,Streaming Random Patches (river),0.4112,0.874,0.5,0.3492,0.8255,0.4093,0.6494,3.5469,3.6711,1769758,0.0,266.34,concept,mild,gradual,False,0.0,
43,5,Two-Tier Hybrid Ensemble,0.3404,0.876,0.5161,0.254,0.8531,0.464,0.6098,1.5,1.5995,1369790,0.0,266.34,concept,mild,gradual,True,0.0,0.4
43,5,Warm-Start Ensemble,0.3146,0.878,0.5385,0.2222,0.8591,0.4271,0.5974,0.2656,0.2995,643713,0.0,265.86,concept,mild,gradual,True,0.0,
43,6,Adaptive Random Forest (river),0.0,0.386,0.0,0.0,0.8065,0.8096,0.5,2.3594,2.4604,876463,0.0,266.4,mixed,mild,recovery,False,0.0,
43,6,Component-Selective Ensemble,0.8464,0.812,0.8492,0.8436,0.8935,0.9228,0.8027,0.0156,0.0173,1266450,0.0,193.54,mixed,mild,recovery,False,0.1419,
43,6,Continuously Retrained Ensemble,0.8464,0.812,0.8492,0.8436,0.8935,0.9228,0.8027,1.5,1.5586,1267826,0.0,266.34,mixed,mild,recovery,True,0.0,
43,6,Event-Driven Ensemble (ADWIN),0.8464,0.812,0.8492,0.8436,0.8935,0.9228,0.8027,1.3594,1.3875,1267826,0.0,266.39,mixed,mild,recovery,True,0.0,
43,6,Event-Driven Ensemble (Custom Dual-Trigger),0.8464,0.812,0.8492,0.8436,0.8935,0.9228,0.8027,0.0469,0.0426,1266450,0.0,266.39,mixed,mild,recovery,False,0.1419,
43,6,Event-Driven Ensemble (DDM),0.8483,0.814,0.8497,0.8469,0.8937,0.9239,0.8043,0.0469,0.0358,1306843,0.0,266.39,mixed,mild,recovery,False,0.0,
43,6,Event-Driven Ensemble (EDDM),0.8483,0.814,0.8497,0.8469,0.8937,0.9239,0.8043,1.375,1.4604,1267826,0.0,266.39,mixed,mild,recovery,True,0.0,
43,6,Event-Driven Ensemble (Page-Hinkley),0.8464,0.812,0.8492,0.8436,0.8935,0.9228,0.8027,0.0469,0.05,1266450,0.0,266.39,mixed,mild,recovery,False,0.0,
43,6,Frozen Ensemble,0.8552412645590682,0.826,0.8741496598639455,0.8371335504885994,0.8945334255961925,0.9270336623182134,0.822711852964507,0.0,0.011924799997359514,1691670,0.0,178.33984375,mixed,mild,recovery,False,0.0,0.0
43,6,Frozen Model,0.8509933774834437,0.82,0.8653198653198653,0.8371335504885994,0.890212823412263,0.9244755739618702,0.8149398322391184,0.015625,0.00826869998127222,881472,0.0,178.33984375,mixed,mild,recovery,False,0.0,0.0
43,6,Streaming Random Patches (river),0.8548,0.824,0.8662,0.8436,0.8872,0.9214,0.8182,4.625,4.8291,3250302,0.0,266.4,mixed,mild,recovery,False,0.0,
43,6,Two-Tier Hybrid Ensemble,0.8594,0.82,0.8258,0.8958,0.8932,0.9241,0.7976,0.2656,0.2756,1401156,0.0,266.39,mixed,mild,recovery,False,0.0,0.28
43,6,Warm-Start Ensemble,0.8333,0.808,0.8922,0.7818,0.8926,0.9218,0.8157,0.0312,0.0348,643713,0.0,266.39,mixed,mild,recovery,False,0.0,
43,7,Adaptive Random Forest (river),0.5965,0.77,0.914,0.4427,0.8654,0.8003,0.7084,2.125,2.147,355019,0.0,266.42,covariate,moderate,gradual,False,0.0,
43,7,Component-Selective Ensemble,0.8209,0.856,0.7857,0.8594,0.9368,0.8936,0.8566,0.0156,0.0215,1266450,0.0,193.54,covariate,moderate,gradual,False,0.0901,
43,7,Continuously Retrained Ensemble,0.8296,0.862,0.7887,0.875,0.9371,0.8898,0.8644,1.4688,1.4991,1272642,0.0,266.4,covariate,moderate,gradual,True,0.0,
43,7,Event-Driven Ensemble (ADWIN),0.8296,0.862,0.7887,0.875,0.9371,0.8898,0.8644,1.3594,1.419,1272642,0.0,266.42,covariate,moderate,gradual,True,0.0,
43,7,Event-Driven Ensemble (Custom Dual-Trigger),0.8209,0.856,0.7857,0.8594,0.9368,0.8936,0.8566,0.0312,0.0342,1266450,0.0,266.42,covariate,moderate,gradual,False,0.0901,
43,7,Event-Driven Ensemble (DDM),0.8259,0.86,0.7905,0.8646,0.9362,0.8869,0.8609,1.375,1.433,1272642,0.0,266.42,covariate,moderate,gradual,True,0.0,
43,7,Event-Driven Ensemble (EDDM),0.8296,0.862,0.7887,0.875,0.9371,0.8898,0.8644,1.4062,1.4809,1272642,0.0,266.42,covariate,moderate,gradual,True,0.0,
43,7,Event-Driven Ensemble (Page-Hinkley),0.8209,0.856,0.7857,0.8594,0.9368,0.8936,0.8566,0.0469,0.0437,1266450,0.0,266.42,covariate,moderate,gradual,False,0.0,
43,7,Frozen Ensemble,0.8163265306122449,0.856,0.8,0.8333333333333334,0.9328497023809524,0.8724256427248851,0.8517316017316017,0.03125,0.02010590024292469,1691670,0.0,178.33984375,covariate,moderate,gradual,False,0.0,0.0
43,7,Frozen Model,0.8142493638676844,0.854,0.7960199004975125,0.8333333333333334,0.931057224025974,0.8672940209930601,0.8501082251082251,0.015625,0.01220700005069375,881472,0.0,178.33984375,covariate,moderate,gradual,False,0.0,0.0
43,7,Streaming Random Patches (river),0.815,0.852,0.7837,0.849,0.9225,0.8616,0.8514,4.5625,4.7083,4151257,0.0,266.42,covariate,moderate,gradual,False,0.0,
43,7,Two-Tier Hybrid Ensemble,0.8204,0.852,0.7682,0.8802,0.9367,0.8936,0.8573,0.3125,0.3179,1402805,0.0,266.42,covariate,moderate,gradual,False,0.0,0.196
43,7,Warm-Start Ensemble,0.8065,0.856,0.8333,0.7812,0.924,0.887,0.8419,0.0312,0.0343,643713,0.0,266.42,covariate,moderate,gradual,False,0.0,
43,8,Adaptive Random Forest (river),0.7097,0.55,0.55,1.0,0.8058,0.8713,0.5,2.0625,2.0872,1039815,0.0,267.39,covariate,moderate,sudden,False,0.0,
43,8,Component-Selective Ensemble,0.8602,0.842,0.8379,0.8836,0.9095,0.9171,0.8374,0.3125,0.3358,1265154,0.0,193.54,covariate,moderate,sudden,True,0.1548,
43,8,Continuously Retrained Ensemble,0.8526,0.834,0.8333,0.8727,0.91,0.915,0.8297,1.3438,1.4086,1271234,0.0,266.42,covariate,moderate,sudden,True,0.0,
43,8,Event-Driven Ensemble (ADWIN),0.8526,0.834,0.8333,0.8727,0.91,0.915,0.8297,1.3125,1.3428,1271234,0.0,266.96,covariate,moderate,sudden,True,0.0,
43,8,Event-Driven Ensemble (Custom Dual-Trigger),0.8602,0.842,0.8379,0.8836,0.9095,0.9171,0.8374,1.4219,1.4655,1271234,0.0,266.96,covariate,moderate,sudden,True,0.1548,
43,8,Event-Driven Ensemble (DDM),0.8561,0.84,0.847,0.8655,0.9128,0.9191,0.8372,1.375,1.3736,1271234,0.0,266.96,covariate,moderate,sudden,True,0.0,
43,8,Event-Driven Ensemble (EDDM),0.8526,0.834,0.8333,0.8727,0.91,0.915,0.8297,1.3125,1.3708,1271234,0.0,266.96,covariate,moderate,sudden,True,0.0,
43,8,Event-Driven Ensemble (Page-Hinkley),0.8602,0.842,0.8379,0.8836,0.9095,0.9171,0.8374,0.0312,0.0317,1266450,0.0,266.96,covariate,moderate,sudden,False,0.0,
43,8,Frozen Ensemble,0.851145038167939,0.844,0.8955823293172691,0.8109090909090909,0.9128484848484849,0.9112099472008428,0.8476767676767677,0.015625,0.021444300189614296,1691670,0.0,178.33984375,covariate,moderate,sudden,False,0.0,0.0
43,8,Frozen Model,0.8467432950191571,0.84,0.8947368421052632,0.8036363636363636,0.9090262626262626,0.9080633309443213,0.844040404040404,0.0,0.011903699953109026,881472,0.0,178.33984375,covariate,moderate,sudden,False,0.0,0.0
43,8,Streaming Random Patches (river),0.8674,0.852,0.8551,0.88,0.9057,0.9147,0.8489,4.9688,5.1229,5828273,0.0,267.39,covariate,moderate,sudden,False,0.0,
43,8,Two-Tier Hybrid Ensemble,0.852,0.834,0.8357,0.8691,0.9115,0.9188,0.8301,1.5781,1.6142,1407705,0.0,268.79,covariate,moderate,sudden,True,0.0,0.4
43,8,Warm-Start Ensemble,0.8463,0.83,0.8417,0.8509,0.9058,0.9107,0.8277,0.3281,0.3435,663681,0.0,266.96,covariate,moderate,sudden,True,0.0,
43,9,Adaptive Random Forest (river),0.9333,0.896,0.9455,0.9215,0.9326,0.9719,0.8608,1.9531,1.9778,357070,0.0,268.84,mixed,moderate,gradual,False,0.0,
43,9,Component-Selective Ensemble,0.9499,0.92,0.9404,0.9595,0.9535,0.9861,0.8655,0.3125,0.3126,1260969,0.0,193.54,mixed,moderate,gradual,True,0.2028,
43,9,Continuously Retrained Ensemble,0.9468,0.916,0.9468,0.9468,0.9491,0.9847,0.8734,1.4375,1.4516,1281138,0.0,268.8,mixed,moderate,gradual,True,0.0,
43,9,Event-Driven Ensemble (ADWIN),0.9468,0.916,0.9468,0.9468,0.9491,0.9847,0.8734,1.4219,1.4222,1281138,0.0,268.8,mixed,moderate,gradual,True,0.0,
43,9,Event-Driven Ensemble (Custom Dual-Trigger),0.948,0.918,0.9492,0.9468,0.949,0.9845,0.8782,1.4062,1.4723,1281138,0.0,268.8,mixed,moderate,gradual,True,0.2028,
43,9,Event-Driven Ensemble (DDM),0.9468,0.916,0.9468,0.9468,0.9491,0.9847,0.8734,1.3125,1.351,1281138,0.0,268.8,mixed,moderate,gradual,True,0.0,
43,9,Event-Driven Ensemble (EDDM),0.9468,0.916,0.9468,0.9468,0.9491,0.9847,0.8734,1.3594,1.3931,1281138,0.0,268.8,mixed,moderate,gradual,True,0.0,
43,9,Event-Driven Ensemble (Page-Hinkley),0.9535,0.926,0.9475,0.9595,0.9551,0.9863,0.8797,0.0312,0.0332,1266450,0.0,268.8,mixed,moderate,gradual,False,0.0,
43,9,Frozen Ensemble,0.937007874015748,0.904,0.9727520435967303,0.9037974683544304,0.9508860759493671,0.9844680036086257,0.9042796865581676,0.015625,0.025610399898141623,1691670,0.0,178.33984375,mixed,moderate,gradual,False,0.0,0.0
43,9,Frozen Model,0.932806324110672,0.898,0.9725274725274725,0.8962025316455696,0.948667872212176,0.9833076805927111,0.9004822182037372,0.015625,0.008390600327402353,881472,0.0,178.33984375,mixed,moderate,gradual,False,0.0,0.0
43,9,Streaming Random Patches (river),0.9385,0.904,0.9506,0.9266,0.9383,0.9796,0.8728,5.2344,5.4293,6776099,0.0,268.84,mixed,moderate,gradual,False,0.0,
43,9,Two-Tier Hybrid Ensemble,0.9503,0.922,0.9564,0.9443,0.9515,0.9851,0.8912,1.9062,2.1827,1320463,0.0,257.57,mixed,moderate,gradual,True,0.0,0.4
43,9,Warm-Start Ensemble,0.9395,0.906,0.9555,0.9241,0.9474,0.983,0.8811,0.3125,0.3214,668497,0.0,268.8,mixed,moderate,gradual,True,0.0,
43,10,Adaptive Random Forest (river),0.1917,0.106,0.106,1.0,0.7522,0.2817,0.5,1.9062,1.9819,621368,0.0,262.36,none,none,stable,False,0.0,
43,10,Component-Selective Ensemble,0.2895,0.892,0.4783,0.2075,0.8114,0.337,0.5904,0.6875,0.7102,1295435,0.0,193.54,none,none,stable,True,0.1032,
43,10,Continuously Retrained Ensemble,0.3256,0.884,0.4242,0.2642,0.816,0.3367,0.6108,1.6562,1.941,1295435,0.0,260.2,none,none,stable,True,0.0,
43,10,Event-Driven Ensemble (ADWIN),0.3256,0.884,0.4242,0.2642,0.816,0.3367,0.6108,0.0469,0.04,1281138,0.0,260.87,none,none,stable,False,0.0,
43,10,Event-Driven Ensemble (Custom Dual-Trigger),0.3614,0.894,0.5,0.283,0.8163,0.3474,0.6247,1.3906,1.5354,1295435,0.0,260.84,none,none,stable,True,0.1032,
43,10,Event-Driven Ensemble (DDM),0.3256,0.884,0.4242,0.2642,0.816,0.3367,0.6108,1.4375,1.4613,1295435,0.0,260.87,none,none,stable,True,0.0,
43,10,Event-Driven Ensemble (EDDM),0.3256,0.884,0.4242,0.2642,0.816,0.3367,0.6108,1.7031,1.738,1295435,0.0,260.87,none,none,stable,True,0.0,
43,10,Event-Driven Ensemble (Page-Hinkley),0.2667,0.89,0.4545,0.1887,0.8123,0.3343,0.5809,0.0469,0.0471,1266450,0.0,260.87,none,none,stable,False,0.0,
43,10,Frozen Ensemble,0.2222222222222222,0.888,0.42105263157894735,0.1509433962264151,0.819340677894559,0.33031779010581097,0.5631674475539235,0.015625,0.01977520016953349,1691670,0.0,178.33984375,none,none,stable,False,0.0,0.0
43,10,Frozen Model,0.2191780821917808,0.886,0.4,0.1509433962264151,0.8215778143598835,0.32855114570424165,0.5620488793212612,0.015625,0.008639399893581867,881472,0.0,178.33984375,none,none,stable,False,0.0,0.0
43,10,Streaming Random Patches (river),0.422,0.874,0.4107,0.434,0.7964,0.3563,0.6801,4.4375,4.57,1939803,0.0,262.46,none,none,stable,False,0.0,
43,10,Two-Tier Hybrid Ensemble,0.3878,0.88,0.4222,0.3585,0.8169,0.345,0.6502,1.3438,1.4756,1397072,0.0,264.07,none,none,stable,True,0.0,0.4
43,10,Warm-Start Ensemble,0.434,0.88,0.434,0.434,0.7911,0.3144,0.6834,0.375,0.4053,654385,0.0,261.61,none,none,stable,True,0.0,
43,11,Adaptive Random Forest (river),0.0241,0.03,1.0,0.0122,0.6375,0.9917,0.5061,0.7344,0.7318,489850,0.0,265.06,mixed,severe,sudden,False,0.0,
43,11,Component-Selective Ensemble,0.9465,0.9,0.9977,0.9002,0.9538,0.9991,0.8945,0.3438,0.3787,1263746,0.0,193.5,mixed,severe,sudden,True,0.3032,
43,11,Continuously Retrained Ensemble,0.9465,0.9,0.9977,0.9002,0.9547,0.9991,0.8945,0.9375,1.0396,1222009,0.0,264.07,mixed,severe,sudden,True,0.0,
43,11,Event-Driven Ensemble (ADWIN),0.9543,0.914,0.9978,0.9145,0.9532,0.9991,0.9017,0.9531,1.0106,1222009,0.0,264.18,mixed,severe,sudden,True,0.0,
43,11,Event-Driven Ensemble (Custom Dual-Trigger),0.9465,0.9,0.9977,0.9002,0.9547,0.9991,0.8945,0.75,0.8043,1222009,0.0,264.08,mixed,severe,sudden,True,0.3032,
43,11,Event-Driven Ensemble (DDM),0.9465,0.9,0.9977,0.9002,0.9547,0.9991,0.8945,0.8438,0.8595,1222009,0.0,264.18,mixed,severe,sudden,True,0.0,
43,11,Event-Driven Ensemble (EDDM),0.9465,0.9,0.9977,0.9002,0.9547,0.9991,0.8945,0.8281,0.9044,1222009,0.0,264.18,mixed,severe,sudden,True,0.0,
43,11,Event-Driven Ensemble (Page-Hinkley),0.9867,0.974,0.9918,0.9817,0.9627,0.9992,0.7686,0.7656,0.9861,1222009,0.0,264.18,mixed,severe,sudden,True,0.0,
43,11,Frozen Ensemble,0.9151047409040793,0.846,0.9975961538461539,0.845213849287169,0.9617560534057479,0.9992448844592031,0.8670513690880289,0.015625,0.012706900015473366,1691670,0.00390625,178.34765625,mixed,severe,sudden,False,0.0,0.0
43,11,Frozen Model,0.911504424778761,0.84,0.9975786924939467,0.8391038696537678,0.9581353247341028,0.999179063741024,0.8639963792713283,0.0,0.006683900021016598,881472,0.0,178.34375,mixed,severe,sudden,False,0.0,0.0
43,11,Streaming Random Patches (river),0.9151,0.846,0.9976,0.8452,0.9362,0.9988,0.8671,1.7188,1.7248,862940,0.0,265.06,mixed,severe,sudden,False,0.0,
43,11,Two-Tier Hybrid Ensemble,0.8956,0.814,0.9975,0.8126,0.9547,0.9991,0.8508,0.8594,0.8557,1259864,0.0,264.79,mixed,severe,sudden,True,0.0,0.4
43,11,Warm-Start Ensemble,0.9103,0.838,0.9976,0.8371,0.9552,0.9991,0.863,0.1562,0.1521,516927,0.0,264.18,mixed,severe,sudden,True,0.0,
43,12,Adaptive Random Forest (river),0.5361,0.37,0.3662,1.0,0.6794,0.4416,0.5047,2.1719,2.2682,1222152,0.0,265.1,none,none,stable,False,0.0,
43,12,Component-Selective Ensemble,0.6599,0.73,0.6093,0.7198,0.8018,0.6723,0.7278,0.0312,0.0172,1263746,0.0,193.5,none,none,stable,False,0.0373,
43,12,Continuously Retrained Ensemble,0.6603,0.716,0.5847,0.7582,0.7978,0.669,0.725,0.75,0.7775,1279330,0.0078,264.8,none,none,stable,True,0.0,
43,12,Event-Driven Ensemble (ADWIN),0.6603,0.716,0.5847,0.7582,0.7978,0.669,0.725,0.8125,0.8253,1279330,0.0156,265.08,none,none,stable,True,0.0,
43,12,Event-Driven Ensemble (Custom Dual-Trigger),0.6603,0.716,0.5847,0.7582,0.7978,0.669,0.725,0.7812,0.8025,1279330,0.0,265.08,none,none,stable,True,0.0373,
43,12,Event-Driven Ensemble (DDM),0.6603,0.716,0.5847,0.7582,0.7978,0.669,0.725,0.7969,0.845,1279330,0.0039,265.1,none,none,stable,True,0.0,
43,12,Event-Driven Ensemble (EDDM),0.6603,0.716,0.5847,0.7582,0.7978,0.669,0.725,1.5156,1.608,1279330,0.0,265.1,none,none,stable,True,0.0,
43,12,Event-Driven Ensemble (Page-Hinkley),0.6555,0.712,0.5805,0.7527,0.7985,0.6688,0.7207,1.5,1.5398,1279330,0.0,265.1,none,none,stable,True,0.0,
43,12,Frozen Ensemble,0.6578249336870027,0.742,0.6358974358974359,0.6813186813186813,0.8001244038979888,0.6853002136154502,0.7290241205335546,0.03125,0.029249700251966715,1691670,0.0,178.34765625,none,none,stable,False,0.0,0.0
43,12,Frozen Model,0.6595174262734584,0.746,0.643979057591623,0.6758241758241759,0.7960639988941876,0.6831345968798439,0.7309938489183773,0.0,0.005628000013530254,881472,0.0,178.34765625,none,none,stable,False,0.0,0.0
43,12,Streaming Random Patches (river),0.645,0.65,0.5113,0.8736,0.7719,0.6392,0.6978,3.4844,3.6177,1129620,0.0,265.1,none,none,stable,False,0.0,
43,12,Two-Tier Hybrid Ensemble,0.6294,0.602,0.4761,0.9286,0.7978,0.669,0.6718,1.5156,1.589,1350076,0.0,265.1,none,none,stable,True,0.0,0.4
43,12,Warm-Start Ensemble,0.6608,0.692,0.5515,0.8242,0.7443,0.5195,0.7203,0.0469,0.045,516927,0.0,265.1,none,none,stable,False,0.0,
43,13,Adaptive Random Forest (river),0.3486,0.858,0.5135,0.2639,0.7906,0.4101,0.6109,1.6562,1.7313,424454,0.0,265.6,concept,mild,sudden,False,0.0,
43,13,Component-Selective Ensemble,0.4545,0.88,0.6579,0.3472,0.8868,0.5428,0.6584,0.7344,0.7868,1220937,0.0,193.5,concept,mild,sudden,True,0.1052,
43,13,Continuously Retrained Ensemble,0.5128,0.886,0.6667,0.4167,0.8716,0.5279,0.6908,1.375,1.4041,1220937,0.0,265.1,concept,mild,sudden,True,0.0,
43,13,Event-Driven Ensemble (ADWIN),0.5,0.884,0.6591,0.4028,0.8775,0.5284,0.6839,1.3906,1.4967,1220937,0.0,265.52,concept,mild,sudden,True,0.0,
43,13,Event-Driven Ensemble (Custom Dual-Trigger),0.5128,0.886,0.6667,0.4167,0.8716,0.5279,0.6908,1.25,1.3784,1220937,0.0,265.5,concept,mild,sudden,True,0.1052,
43,13,Event-Driven Ensemble (DDM),0.5128,0.886,0.6667,0.4167,0.8716,0.5279,0.6908,0.0312,0.0313,1279330,0.0,265.52,concept,mild,sudden,False,0.0,
43,13,Event-Driven Ensemble (EDDM),0.5128,0.886,0.6667,0.4167,0.8716,0.5279,0.6908,0.0312,0.0313,1279330,0.0,265.52,concept,mild,sudden,False,0.0,
43,13,Event-Driven Ensemble (Page-Hinkley),0.5,0.884,0.6591,0.4028,0.8775,0.5284,0.6839,1.4688,1.4701,1220937,0.0,265.52,concept,mild,sudden,True,0.0,
43,13,Frozen Ensemble,0.3958333333333333,0.884,0.7916666666666666,0.2638888888888889,0.902063862928349,0.559462349180367,0.6261033229491173,0.015625,0.01587969996035099,1691670,0.0,178.34765625,concept,mild,sudden,False,0.0,0.0
43,13,Frozen Model,0.3958333333333333,0.884,0.7916666666666666,0.2638888888888889,0.9003115264797508,0.557951346795528,0.6261033229491173,0.015625,0.010228400118649006,881472,0.0,178.34765625,concept,mild,sudden,False,0.0,0.0
43,13,Streaming Random Patches (river),0.4545,0.856,0.5,0.4167,0.8336,0.4596,0.6733,3.1406,3.1669,604704,0.0,265.6,concept,mild,sudden,False,0.0,
43,13,Two-Tier Hybrid Ensemble,0.4706,0.874,0.5957,0.3889,0.8719,0.5382,0.6722,1.4375,1.4771,1291986,0.0,265.6,concept,mild,sudden,True,0.0,0.4
43,13,Warm-Start Ensemble,0.5185,0.87,0.5556,0.4861,0.8763,0.5076,0.7103,0.2969,0.2804,512367,0.0,265.52,concept,mild,sudden,True,0.0,
43,14,Adaptive Random Forest (river),0.0,0.278,0.0,0.0,0.7643,0.8146,0.5,1.5781,1.6713,488030,0.0,265.61,mixed,moderate,recovery,False,0.0,
43,14,Component-Selective Ensemble,0.9278,0.896,0.9304,0.9252,0.9544,0.984,0.8727,0.1094,0.1154,1182217,0.0,193.51,mixed,moderate,recovery,True,0.1923,
43,14,Continuously Retrained Ensemble,0.9278,0.896,0.9304,0.9252,0.9544,0.984,0.8727,1.4219,1.4355,1193897,0.0,265.6,mixed,moderate,recovery,True,0.0,
43,14,Event-Driven Ensemble (ADWIN),0.9278,0.896,0.9304,0.9252,0.9544,0.984,0.8727,1.4062,1.4488,1193897,0.0,265.6,mixed,moderate,recovery,True,0.0,
43,14,Event-Driven Ensemble (Custom Dual-Trigger),0.9278,0.896,0.9304,0.9252,0.9544,0.984,0.8727,1.4219,1.458,1193897,0.0,265.6,mixed,moderate,recovery,True,0.1923,
43,14,Event-Driven Ensemble (DDM),0.9333,0.904,0.9359,0.9307,0.9522,0.983,0.8826,0.0312,0.0367,1279330,0.0,265.6,mixed,moderate,recovery,False,0.0,
43,14,Event-Driven Ensemble (EDDM),0.9333,0.904,0.9359,0.9307,0.9522,0.983,0.8826,1.3438,1.3855,1193897,0.0,265.6,mixed,moderate,recovery,True,0.0,
43,14,Event-Driven Ensemble (Page-Hinkley),0.9278,0.896,0.9304,0.9252,0.9544,0.984,0.8727,0.0469,0.0391,1220937,0.0,265.6,mixed,moderate,recovery,False,0.0,
43,14,Frozen Ensemble,0.9306930693069307,0.902,0.9508670520231214,0.9113573407202216,0.9489826421411347,0.9811945705253076,0.8945275912234201,0.015625,0.014600399881601334,1691670,0.0,178.34765625,mixed,moderate,recovery,False,0.0,0.0
43,14,Frozen Model,0.9280677009873061,0.898,0.9454022988505747,0.9113573407202216,0.9460730584507464,0.9796309355032855,0.8873333466191036,0.0,0.011027600150555372,881472,0.0,178.34765625,mixed,moderate,recovery,False,0.0,0.0
43,14,Streaming Random Patches (river),0.8817,0.84,0.946,0.8255,0.9256,0.9701,0.8516,3.1719,3.3593,1064641,0.0,265.61,mixed,moderate,recovery,False,0.0,
43,14,Two-Tier Hybrid Ensemble,0.925,0.89,0.9113,0.9391,0.9554,0.9843,0.8508,1.5469,1.6242,1328746,0.0,265.61,mixed,moderate,recovery,True,0.0,0.4
43,14,Warm-Start Ensemble,0.9146,0.87,0.87,0.964,0.8311,0.8877,0.7949,0.3125,0.2998,560390,0.0,265.6,mixed,moderate,recovery,True,0.0,
43,15,Adaptive Random Forest (river),0.5495,0.836,0.6024,0.5051,0.8524,0.5448,0.7114,2.2969,2.332,804983,0.0,265.82,none,none,stable,False,0.0,
43,15,Component-Selective Ensemble,0.5816,0.836,0.5876,0.5758,0.8563,0.5781,0.738,0.7188,0.7058,1140944,0.0,193.51,none,none,stable,True,0.0491,
43,15,Continuously Retrained Ensemble,0.5859,0.836,0.5859,0.5859,0.8593,0.5864,0.7418,1.3438,1.3794,1140944,0.0039,265.61,none,none,stable,True,0.0,
43,15,Event-Driven Ensemble (ADWIN),0.5859,0.836,0.5859,0.5859,0.8593,0.5864,0.7418,1.2969,1.4191,1140944,0.0,265.61,none,none,stable,True,0.0,
43,15,Event-Driven Ensemble (Custom Dual-Trigger),0.5859,0.836,0.5859,0.5859,0.8593,0.5864,0.7418,1.3125,1.3269,1140944,0.0,265.61,none,none,stable,True,0.0491,
43,15,Event-Driven Ensemble (DDM),0.5773,0.836,0.5895,0.5657,0.8629,0.5888,0.7342,1.4531,1.5044,1140944,0.0,265.61,none,none,stable,True,0.0,
43,15,Event-Driven Ensemble (EDDM),0.5729,0.83,0.57,0.5758,0.8608,0.5896,0.7343,1.3906,1.4798,1140944,0.0,265.61,none,none,stable,True,0.0,
43,15,Event-Driven Ensemble (Page-Hinkley),0.5888,0.838,0.5918,0.5859,0.8555,0.5767,0.7431,0.0312,0.039,1220937,0.0,265.61,none,none,stable,False,0.0,
43,15,Frozen Ensemble,0.61,0.844,0.6039603960396039,0.6161616161616161,0.8591400287160886,0.5805859489350802,0.7582054963601098,0.015625,0.022860500030219555,1691670,0.0,178.35546875,none,none,stable,False,0.0,0.0
43,15,Frozen Model,0.592964824120603,0.838,0.59,0.5959595959595959,0.8594423033325775,0.5813480679417751,0.7468576034660823,0.015625,0.007792000193148851,881472,0.00390625,178.3515625,none,none,stable,False,0.0,0.0
43,15,Streaming Random Patches (river),0.5882,0.832,0.5714,0.6061,0.8444,0.5568,0.7469,4.4531,4.5984,1662752,0.0,265.82,none,none,stable,False,0.0,
43,15,Two-Tier Hybrid Ensemble,0.5859,0.836,0.5859,0.5859,0.8588,0.5861,0.7418,1.7969,1.8708,1308862,0.0,265.82,none,none,stable,True,0.0,0.4
43,15,Warm-Start Ensemble,0.6079,0.822,0.5391,0.697,0.8316,0.4857,0.7749,0.2656,0.2861,652815,0.0,265.61,none,none,stable,True,0.0,
43,16,Adaptive Random Forest (river),0.7561,0.8,0.6352,0.9337,0.9246,0.8198,0.8336,2.2188,2.2558,275346,0.0039,265.84,covariate,mild,sudden,False,0.0,
43,16,Component-Selective Ensemble,0.7749,0.828,0.6852,0.8916,0.9248,0.8381,0.844,0.0156,0.0175,1140944,0.0,193.51,covariate,mild,sudden,False,0.0654,
43,16,Continuously Retrained Ensemble,0.7749,0.828,0.6852,0.8916,0.9248,0.8381,0.844,1.4531,1.5419,1222601,0.0,265.82,covariate,mild,sudden,True,0.0,
43,16,Event-Driven Ensemble (ADWIN),0.7749,0.828,0.6852,0.8916,0.9248,0.8381,0.844,1.4688,1.5441,1222601,0.0,265.84,covariate,mild,sudden,True,0.0,
43,16,Event-Driven Ensemble (Custom Dual-Trigger),0.7749,0.828,0.6852,0.8916,0.9248,0.8381,0.844,0.0312,0.0319,1140944,0.0,265.84,covariate,mild,sudden,False,0.0654,
43,16,Event-Driven Ensemble (DDM),0.7749,0.828,0.6852,0.8916,0.9248,0.8381,0.844,1.375,1.4405,1222601,0.0,265.84,covariate,mild,sudden,True,0.0,
43,16,Event-Driven Ensemble (EDDM),0.7749,0.828,0.6852,0.8916,0.9248,0.8381,0.844,1.375,1.415,1222601,0.0,265.84,covariate,mild,sudden,True,0.0,
43,16,Event-Driven Ensemble (Page-Hinkley),0.77,0.822,0.6742,0.8976,0.924,0.8382,0.841,1.4062,1.4462,1222601,0.0,265.84,covariate,mild,sudden,True,0.0,
43,16,Frozen Ensemble,0.7965616045845272,0.858,0.7595628415300546,0.8373493975903614,0.9296587547795975,0.8437793176056738,0.8528064353221267,0.03125,0.02234220039099455,1691670,0.0,178.35546875,covariate,mild,sudden,False,0.0,0.0
43,16,Frozen Model,0.793002915451895,0.858,0.768361581920904,0.8192771084337349,0.9291357044946252,0.8419492846919623,0.8482613087078854,0.015625,0.009170700330287218,881472,0.0,178.35546875,covariate,mild,sudden,False,0.0,0.0
43,16,Streaming Random Patches (river),0.7859,0.842,0.7143,0.8735,0.9177,0.8164,0.8499,4.2031,4.2484,1254761,0.0,265.84,covariate,mild,sudden,False,0.0,
43,16,Two-Tier Hybrid Ensemble,0.788,0.844,0.7178,0.8735,0.9259,0.8409,0.8514,0.2969,0.2969,1309814,0.0,265.84,covariate,mild,sudden,False,0.0,0.28
43,16,Warm-Start Ensemble,0.7902,0.846,0.7214,0.8735,0.9171,0.779,0.8529,0.0469,0.033,652815,0.0,265.84,covariate,mild,sudden,False,0.0,
43,17,Adaptive Random Forest (river),0.0,0.216,0.0,0.0,0.7715,0.9289,0.5,1.9688,1.9834,1034542,0.0,265.94,covariate,severe,gradual,False,0.0,
43,17,Component-Selective Ensemble,0.9263,0.88,0.8934,0.9617,0.8852,0.9449,0.7725,0.1562,0.1323,1204953,0.0,193.51,covariate,severe,gradual,True,0.2592,
43,17,Continuously Retrained Ensemble,0.9276,0.886,0.9241,0.9311,0.8988,0.9607,0.8267,1.3438,1.3731,1237081,0.0,265.84,covariate,severe,gradual,True,0.0,
43,17,Event-Driven Ensemble (ADWIN),0.9276,0.886,0.9241,0.9311,0.8988,0.9607,0.8267,1.375,1.389,1237081,0.0,265.84,covariate,severe,gradual,True,0.0,
43,17,Event-Driven Ensemble (Custom Dual-Trigger),0.925,0.878,0.8931,0.9592,0.886,0.9445,0.7713,1.3438,1.4188,1237081,0.0,265.84,covariate,severe,gradual,True,0.2592,
43,17,Event-Driven Ensemble (DDM),0.9276,0.886,0.9241,0.9311,0.8988,0.9607,0.8267,1.4375,1.4545,1237081,0.0,265.84,covariate,severe,gradual,True,0.0,
43,17,Event-Driven Ensemble (EDDM),0.9276,0.886,0.9241,0.9311,0.8988,0.9607,0.8267,1.3438,1.3965,1237081,0.0,265.84,covariate,severe,gradual,True,0.0,
43,17,Event-Driven Ensemble (Page-Hinkley),0.9256,0.882,0.9152,0.9362,0.9004,0.962,0.8107,0.0312,0.0329,1222601,0.0,265.84,covariate,severe,gradual,False,0.0,
43,17,Frozen Ensemble,0.9285714285714286,0.888,0.9285714285714286,0.9285714285714286,0.9175524376417233,0.9646663775336456,0.8346560846560847,0.015625,0.01792770018801093,1691670,0.0,178.35546875,covariate,severe,gradual,False,0.0,0.0
43,17,Frozen Model,0.9230769230769231,0.88,0.9278350515463918,0.9183673469387755,0.918213813303099,0.9671376660187837,0.8295540438397582,0.0,0.007560399826616049,881472,0.0,178.35546875,covariate,severe,gradual,False,0.0,0.0
43,17,Streaming Random Patches (river),0.918,0.876,0.9533,0.8852,0.8997,0.9621,0.8639,3.9688,4.0565,2069762,0.0,265.94,covariate,severe,gradual,False,0.0,
43,17,Two-Tier Hybrid Ensemble,0.925,0.88,0.9069,0.9439,0.8864,0.9448,0.796,1.7031,1.7148,1406263,0.0,265.94,covariate,severe,gradual,True,0.0,0.4
43,17,Warm-Start Ensemble,0.9279,0.884,0.9053,0.9515,0.8696,0.9262,0.7952,0.2969,0.2971,689864,0.0,265.84,covariate,severe,gradual,True,0.0,
43,18,Adaptive Random Forest (river),0.3887,0.61,0.3669,0.4133,0.5865,0.4789,0.5538,2.25,2.3035,746453,0.0,265.94,mixed,moderate,recovery,False,0.0,
43,18,Component-Selective Ensemble,0.6616,0.822,0.7699,0.58,0.8903,0.7884,0.7529,0.3594,0.3857,1219513,0.0,193.53,mixed,moderate,recovery,True,0.0952,
43,18,Continuously Retrained Ensemble,0.6202,0.804,0.7407,0.5333,0.8785,0.7556,0.7267,1.4219,1.4224,1264962,0.0,265.94,mixed,moderate,recovery,True,0.0,
43,18,Event-Driven Ensemble (ADWIN),0.6202,0.804,0.7407,0.5333,0.8785,0.7556,0.7267,1.4375,1.4665,1264962,0.0,265.94,mixed,moderate,recovery,True,0.0,
43,18,Event-Driven Ensemble (Custom Dual-Trigger),0.6118,0.802,0.7429,0.52,0.8751,0.7475,0.7214,1.375,1.4137,1264962,0.0,265.94,mixed,moderate,recovery,True,0.0952,
43,18,Event-Driven Ensemble (DDM),0.6202,0.804,0.7407,0.5333,0.8785,0.7556,0.7267,1.5312,1.6096,1264962,0.0,265.94,mixed,moderate,recovery,True,0.0,
43,18,Event-Driven Ensemble (EDDM),0.6202,0.804,0.7407,0.5333,0.8785,0.7556,0.7267,1.5625,1.5952,1264962,0.0,265.94,mixed,moderate,recovery,True,0.0,
43,18,Event-Driven Ensemble (Page-Hinkley),0.6196,0.806,0.7524,0.5267,0.8823,0.7612,0.7262,0.0312,0.0372,1222601,0.0,265.94,mixed,moderate,recovery,False,0.0,
43,18,Frozen Ensemble,0.4727272727272727,0.768,0.7428571428571429,0.3466666666666667,0.8782285714285714,0.7358705545407381,0.6476190476190476,0.015625,0.022945799864828587,1691670,0.0,178.359375,mixed,moderate,recovery,False,0.0,0.0
43,18,Frozen Model,0.44036697247706424,0.756,0.7058823529411765,0.32,0.8729714285714286,0.7250251769159899,0.6314285714285715,0.015625,0.005345200188457966,881472,0.00390625,178.359375,mixed,moderate,recovery,False,0.0,0.0
43,18,Streaming Random Patches (river),0.5408,0.786,0.759,0.42,0.8317,0.6872,0.6814,3.9062,4.0239,2956894,0.0,265.94,mixed,moderate,recovery,False,0.0,
43,18,Two-Tier Hybrid Ensemble,0.4412,0.772,0.8333,0.3,0.8729,0.7442,0.6371,1.7188,1.8577,1401045,0.0,265.94,mixed,moderate,recovery,True,0.0,0.4
43,18,Warm-Start Ensemble,0.4159,0.736,0.6184,0.3133,0.788,0.6343,0.6152,0.2969,0.2943,715192,0.0,265.94,mixed,moderate,recovery,True,0.0,
43,19,Adaptive Random Forest (river),0.7673,0.812,0.7635,0.7711,0.8732,0.7718,0.8053,1.8594,1.9452,363238,0.0,265.39,none,none,stable,False,0.0,
43,19,Component-Selective Ensemble,0.7907,0.82,0.7424,0.8458,0.8899,0.8172,0.8242,0.0312,0.0214,1219513,0.0,193.52,none,none,stable,False,0.0384,
43,19,Continuously Retrained Ensemble,0.7783,0.812,0.7399,0.8209,0.8917,0.8271,0.8135,1.4219,1.4677,1269906,0.0,265.32,none,none,stable,True,0.0,
43,19,Event-Driven Ensemble (ADWIN),0.7783,0.812,0.7399,0.8209,0.8917,0.8271,0.8135,1.4375,1.4296,1269906,0.0,265.39,none,none,stable,True,0.0,
43,19,Event-Driven Ensemble (Custom Dual-Trigger),0.7783,0.812,0.7399,0.8209,0.8917,0.8271,0.8135,0.0312,0.0328,1264962,0.0,265.32,none,none,stable,False,0.0384,
43,19,Event-Driven Ensemble (DDM),0.7783,0.812,0.7399,0.8209,0.8917,0.8271,0.8135,0.0469,0.0345,1264962,0.0,265.39,none,none,stable,False,0.0,
43,19,Event-Driven Ensemble (EDDM),0.7783,0.812,0.7399,0.8209,0.8917,0.8271,0.8135,1.3594,1.3882,1269906,0.0,265.39,none,none,stable,True,0.0,
43,19,Event-Driven Ensemble (Page-Hinkley),0.785,0.816,0.7401,0.8358,0.8935,0.8346,0.8192,0.0469,0.0382,1222601,0.0,265.39,none,none,stable,False,0.0,
43,19,Frozen Ensemble,0.7725118483412322,0.808,0.7375565610859729,0.8109452736318408,0.8916787300953427,0.827193699240474,0.8084826702607364,0.015625,0.014396700076758862,1691670,0.0,178.359375,none,none,stable,False,0.0,0.0
43,19,Frozen Model,0.7684964200477327,0.806,0.7385321100917431,0.8009950248756219,0.8898151383550476,0.8301761580337506,0.8051797866853025,0.0,0.007969700265675783,881472,0.0,178.359375,none,none,stable,False,0.0,0.0
43,19,Streaming Random Patches (river),0.7859,0.818,0.7455,0.8308,0.8801,0.826,0.8201,4.25,4.3639,1549327,0.0,265.39,none,none,stable,False,0.0,
43,19,Two-Tier Hybrid Ensemble,0.7603,0.802,0.7406,0.7811,0.8875,0.8194,0.7986,0.3281,0.3496,1401781,0.0,264.16,none,none,stable,False,0.0,0.28
43,19,Warm-Start Ensemble,0.7718,0.806,0.7321,0.8159,0.8823,0.8183,0.8076,0.0469,0.0392,715192,0.0,265.39,none,none,stable,False,0.0,
43,20,Adaptive Random Forest (river),0.0,0.38,0.0,0.0,0.924,0.9448,0.5,1.8438,1.8712,552965,0.0,264.16,mixed,mild,sudden,False,0.0,
43,20,Component-Selective Ensemble,0.9165,0.894,0.8954,0.9387,0.9496,0.9663,0.8799,0.0312,0.0223,1219513,0.0,193.52,mixed,mild,sudden,False,0.1353,
43,20,Continuously Retrained Ensemble,0.9071,0.884,0.9013,0.9129,0.9498,0.9659,0.8749,1.3906,1.4033,1271554,0.0,264.16,mixed,mild,sudden,True,0.0,
43,20,Event-Driven Ensemble (ADWIN),0.9071,0.884,0.9013,0.9129,0.9498,0.9659,0.8749,1.3906,1.4031,1271554,0.0,264.16,mixed,mild,sudden,True,0.0,
43,20,Event-Driven Ensemble (Custom Dual-Trigger),0.9105,0.888,0.9019,0.9194,0.9503,0.966,0.8781,0.0312,0.0318,1264962,0.0,264.16,mixed,mild,sudden,False,0.1353,
43,20,Event-Driven Ensemble (DDM),0.9105,0.888,0.9019,0.9194,0.9503,0.966,0.8781,0.0469,0.0437,1264962,0.0,264.16,mixed,mild,sudden,False,0.0,
43,20,Event-Driven Ensemble (EDDM),0.9071,0.884,0.9013,0.9129,0.9498,0.9659,0.8749,1.3438,1.453,1271554,0.0,264.16,mixed,mild,sudden,True,0.0,
43,20,Event-Driven Ensemble (Page-Hinkley),0.8918,0.87,0.921,0.8645,0.949,0.9664,0.8717,0.0312,0.0356,1222601,0.0,264.16,mixed,mild,sudden,False,0.0,
43,20,Frozen Ensemble,0.8851351351351351,0.864,0.9290780141843972,0.8451612903225807,0.946893039049236,0.9638910922914615,0.869949066213922,0.0,0.01584780029952526,1691670,0.0,178.359375,mixed,mild,sudden,False,0.0,0.0
43,20,Frozen Model,0.8866328257191202,0.866,0.9323843416370107,0.8451612903225807,0.9450764006791171,0.9627440830470744,0.8725806451612903,0.0,0.0067276000045239925,881472,0.0,178.359375,mixed,mild,sudden,False,0.0,0.0
43,20,Streaming Random Patches (river),0.8537,0.832,0.928,0.7903,0.9362,0.9538,0.8452,3.8594,3.9192,2685296,0.0,264.16,mixed,mild,sudden,False,0.0,
43,20,Two-Tier Hybrid Ensemble,0.9038,0.882,0.9142,0.8935,0.9513,0.9666,0.8784,0.2031,0.2297,1400083,0.0,264.16,mixed,mild,sudden,False,0.0,0.196
43,20,Warm-Start Ensemble,0.8957,0.87,0.8914,0.9,0.9402,0.9576,0.8605,0.0312,0.0336,715192,0.0,264.16,mixed,mild,sudden,False,0.0,
43,21,Adaptive Random Forest (river),0.7089,0.55,0.5491,1.0,0.7608,0.816,0.5022,2.2344,2.2784,1507479,0.0,264.16,mixed,severe,gradual,False,0.0,
43,21,Component-Selective Ensemble,0.8164,0.794,0.7979,0.8358,0.8897,0.9076,0.7896,0.0156,0.024,1219513,0.0,193.52,mixed,severe,gradual,False,0.1277,
43,21,Continuously Retrained Ensemble,0.8272,0.812,0.8333,0.8212,0.886,0.9006,0.811,1.4375,1.4755,1283122,0.0,264.16,mixed,severe,gradual,True,0.0,
43,21,Event-Driven Ensemble (ADWIN),0.8272,0.812,0.8333,0.8212,0.886,0.9006,0.811,1.4375,1.4591,1283122,0.0,264.16,mixed,severe,gradual,True,0.0,
43,21,Event-Driven Ensemble (Custom Dual-Trigger),0.7977,0.788,0.836,0.7628,0.8886,0.9051,0.7907,0.0469,0.0466,1264962,0.0,264.16,mixed,severe,gradual,False,0.1277,
43,21,Event-Driven Ensemble (DDM),0.7977,0.788,0.836,0.7628,0.8886,0.9051,0.7907,1.4844,1.5064,1283122,0.0,264.16,mixed,severe,gradual,True,0.0,
43,21,Event-Driven Ensemble (EDDM),0.8272,0.812,0.8333,0.8212,0.886,0.9006,0.811,1.3906,1.4355,1283122,0.0,264.16,mixed,severe,gradual,True,0.0,
43,21,Event-Driven Ensemble (Page-Hinkley),0.7633,0.768,0.8657,0.6825,0.8802,0.897,0.7771,0.0469,0.0517,1222601,0.0,264.16,mixed,severe,gradual,False,0.0,
43,21,Frozen Ensemble,0.6815144766146993,0.714,0.8742857142857143,0.5583941605839416,0.8791583231057425,0.8891404299313802,0.7305245139202894,0.015625,0.022512199822813272,1691670,0.0,178.36328125,mixed,severe,gradual,False,0.0,0.0
43,21,Frozen Model,0.6514806378132119,0.694,0.8666666666666667,0.5218978102189781,0.8754440927588656,0.8847209282851899,0.7122763387378076,0.0,0.005988099612295628,881472,0.00390625,178.36328125,mixed,severe,gradual,False,0.0,0.0
43,21,Streaming Random Patches (river),0.7963,0.778,0.8007,0.792,0.8581,0.8749,0.7765,4.625,4.8279,3873709,0.0078,264.16,mixed,severe,gradual,False,0.0,
43,21,Two-Tier Hybrid Ensemble,0.8069,0.798,0.8474,0.7701,0.8869,0.9058,0.801,0.2031,0.2303,1418690,0.0,265.11,mixed,severe,gradual,False,0.0,0.1372
43,21,Warm-Start Ensemble,0.7953,0.79,0.8536,0.7445,0.8826,0.8979,0.7948,0.0625,0.0537,715192,0.0,264.16,mixed,severe,gradual,False,0.0,
43,22,Adaptive Random Forest (river),0.6667,0.628,0.5225,0.9208,0.8094,0.6883,0.6752,3.125,3.2464,3419069,0.0195,265.14,none,none,stable,False,0.0,
43,22,Component-Selective Ensemble,0.7472,0.774,0.6816,0.8267,0.8269,0.7205,0.7825,0.0156,0.0272,1219513,0.0,193.52,none,none,stable,False,0.0912,
43,22,Continuously Retrained Ensemble,0.7146,0.738,0.6381,0.8119,0.815,0.7249,0.7499,1.5312,1.5338,1263026,0.0156,265.12,none,none,stable,True,0.0,
43,22,Event-Driven Ensemble (ADWIN),0.7146,0.738,0.6381,0.8119,0.815,0.7249,0.7499,1.5625,1.7147,1263026,0.0,265.14,none,none,stable,True,0.0,
43,22,Event-Driven Ensemble (Custom Dual-Trigger),0.7534,0.784,0.6992,0.8168,0.8257,0.7141,0.7893,0.0312,0.0331,1264962,0.0,265.14,none,none,stable,False,0.0912,
43,22,Event-Driven Ensemble (DDM),0.7316,0.752,0.65,0.8366,0.8202,0.7317,0.7656,1.5625,1.6195,1263026,0.0039,265.14,none,none,stable,True,0.0,
43,22,Event-Driven Ensemble (EDDM),0.7146,0.738,0.6381,0.8119,0.815,0.7249,0.7499,1.5781,1.5929,1263026,0.0,265.14,none,none,stable,True,0.0,
43,22,Event-Driven Ensemble (Page-Hinkley),0.7409,0.772,0.6849,0.8069,0.8242,0.7223,0.7776,1.6719,1.6847,1263026,0.0,265.14,none,none,stable,True,0.0,
43,22,Frozen Ensemble,0.7397260273972602,0.772,0.6864406779661016,0.801980198019802,0.8299554787693535,0.7315554744617078,0.7768290251843977,0.015625,0.01895880000665784,1691670,0.0,178.36328125,none,none,stable,False,0.0,0.0
43,22,Frozen Model,0.730593607305936,0.764,0.6779661016949152,0.7920792079207921,0.8280948900259154,0.7245824991650265,0.7685228254369061,0.0,0.008749000262469053,881472,0.0,178.36328125,none,none,stable,False,0.0,0.0
43,22,Streaming Random Patches (river),0.6876,0.682,0.57,0.8663,0.8188,0.7178,0.7117,5.0625,5.3006,4918235,0.0078,265.54,none,none,stable,False,0.0,
43,22,Two-Tier Hybrid Ensemble,0.7422,0.768,0.6734,0.8267,0.8283,0.7173,0.7775,0.3281,0.3426,1435224,0.0,265.73,none,none,stable,False,0.0,0.1
43,22,Warm-Start Ensemble,0.7269,0.758,0.668,0.797,0.8199,0.723,0.7643,0.0312,0.054,715192,0.0,265.14,none,none,stable,False,0.0,
43,23,Adaptive Random Forest (river),0.7448,0.878,0.9468,0.6138,0.9524,0.9044,0.7999,2.2031,2.5421,463307,0.0,266.73,concept,severe,sudden,False,0.0,
43,23,Component-Selective Ensemble,0.7819,0.894,0.9694,0.6552,0.9704,0.9339,0.8234,0.0156,0.0152,1219513,0.0,193.52,concept,severe,sudden,False,0.0505,
43,23,Continuously Retrained Ensemble,0.7373,0.876,0.956,0.6,0.9691,0.9313,0.7944,1.4844,1.7354,1270114,0.0078,265.88,concept,severe,sudden,True,0.0,
43,23,Event-Driven Ensemble (ADWIN),0.7373,0.876,0.956,0.6,0.9691,0.9313,0.7944,1.3906,1.5853,1270114,0.0,266.73,concept,severe,sudden,True,0.0,
43,23,Event-Driven Ensemble (Custom Dual-Trigger),0.7667,0.888,0.9684,0.6345,0.97,0.9308,0.813,0.0469,0.0466,1264962,0.0,266.73,concept,severe,sudden,False,0.0505,
43,23,Event-Driven Ensemble (DDM),0.7373,0.876,0.956,0.6,0.9691,0.9313,0.7944,1.9062,3.264,1270114,0.0,266.73,concept,severe,sudden,True,0.0,
43,23,Event-Driven Ensemble (EDDM),0.7373,0.876,0.956,0.6,0.9691,0.9313,0.7944,1.6094,1.7798,1270114,0.0,266.73,concept,severe,sudden,True,0.0,
43,23,Event-Driven Ensemble (Page-Hinkley),0.7373,0.876,0.956,0.6,0.9691,0.9313,0.7944,0.0625,0.0511,1263026,0.0,266.73,concept,severe,sudden,False,0.0,
43,23,Frozen Ensemble,0.7551867219917012,0.882,0.9479166666666666,0.6275862068965518,0.971617289946576,0.9376021346731777,0.8067508499271492,0.03125,0.0212719002738595,1691670,0.0,178.36328125,concept,severe,sudden,False,0.0,0.0
43,23,Frozen Model,0.7447698744769874,0.878,0.9468085106382979,0.6137931034482759,0.9715201554152502,0.9395085924364962,0.7998542982030112,0.0,0.004900000058114529,881472,0.0,178.36328125,concept,severe,sudden,False,0.0,0.0
43,23,Streaming Random Patches (river),0.7143,0.864,0.914,0.5862,0.9588,0.9086,0.7818,5.5469,8.3558,3705288,0.0,266.73,concept,severe,sudden,False,0.0,
43,23,Two-Tier Hybrid Ensemble,0.7718,0.89,0.9688,0.6414,0.9701,0.9313,0.8165,0.2656,0.8011,1466437,0.0,265.7,concept,severe,sudden,False,0.0,0.1
43,23,Warm-Start Ensemble,0.749,0.874,0.8868,0.6483,0.9651,0.9188,0.8072,0.0156,0.0322,715192,0.0,266.73,concept,severe,sudden,False,0.0,
43,24,Adaptive Random Forest (river),0.5465,0.376,0.376,1.0,0.9098,0.9176,0.5,2.9375,6.3369,815061,0.0,265.8,concept,severe,recovery,False,0.0,
43,24,Component-Selective Ensemble,0.8443,0.896,0.9658,0.75,0.9739,0.9555,0.867,0.0312,0.0236,1219513,0.0,193.52,concept,severe,recovery,False,0.0483,
43,24,Continuously Retrained Ensemble,0.8563,0.902,0.9542,0.7766,0.9747,0.961,0.8771,1.8594,3.4412,1283074,0.0,265.71,concept,severe,recovery,True,0.0,
43,24,Event-Driven Ensemble (ADWIN),0.8563,0.902,0.9542,0.7766,0.9747,0.961,0.8771,1.7344,3.4367,1283074,0.0,265.8,concept,severe,recovery,True,0.0,
43,24,Event-Driven Ensemble (Custom Dual-Trigger),0.8232,0.884,0.9643,0.7181,0.9732,0.9552,0.851,0.0938,0.1235,1264962,0.0,265.8,concept,severe,recovery,False,0.0483,
43,24,Event-Driven Ensemble (DDM),0.8563,0.902,0.9542,0.7766,0.9747,0.961,0.8771,1.9688,4.0615,1283074,0.0,265.8,concept,severe,recovery,True,0.0,
43,24,Event-Driven Ensemble (EDDM),0.8563,0.902,0.9542,0.7766,0.9747,0.961,0.8771,1.8906,3.6088,1283074,0.0,265.8,concept,severe,recovery,True,0.0,
43,24,Event-Driven Ensemble (Page-Hinkley),0.8703,0.91,0.9497,0.8032,0.9752,0.9619,0.8888,0.0469,0.0922,1263026,0.0,265.8,concept,severe,recovery,False,0.0,
43,24,Frozen Ensemble,0.8037383177570093,0.874,0.9699248120300752,0.6861702127659575,0.9749556737588652,0.9590757329542745,0.8366748499727223,0.015625,0.02312100026756525,1691670,0.0,178.36328125,concept,severe,recovery,False,0.0,0.0
43,24,Frozen Model,0.8037383177570093,0.874,0.9699248120300752,0.6861702127659575,0.9753307419530823,0.9609101861593665,0.8366748499727223,0.0,0.005575499963015318,881472,0.0,178.36328125,concept,severe,recovery,False,0.0,0.0
43,24,Streaming Random Patches (river),0.8923,0.916,0.8614,0.9255,0.9734,0.9595,0.9179,5.4844,7.1881,4654110,0.0,265.8,concept,severe,recovery,False,0.0,
43,24,Two-Tier Hybrid Ensemble,0.8412,0.892,0.9408,0.7606,0.9735,0.9555,0.8659,0.4219,0.7394,1466346,0.0,265.8,concept,severe,recovery,False,0.0,0.1
43,24,Warm-Start Ensemble,0.8179,0.878,0.932,0.7287,0.9674,0.9486,0.8483,0.0625,0.0878,715192,0.0,265.8,concept,severe,recovery,False,0.0,
43,25,Adaptive Random Forest (river),0.8208,0.738,0.7229,0.9494,0.7239,0.7726,0.6622,2.7188,2.7522,1496680,0.0,266.61,covariate,mild,sudden,False,0.0,
43,25,Component-Selective Ensemble,0.8193,0.738,0.7262,0.9399,0.7967,0.8562,0.6656,0.2656,0.2673,1220377,0.0,193.52,covariate,mild,sudden,True,0.1872,
43,25,Continuously Retrained Ensemble,0.8172,0.728,0.7103,0.962,0.783,0.8206,0.6441,1.8594,2.0245,1267586,0.0,265.8,covariate,mild,sudden,True,0.0,
43,25,Event-Driven Ensemble (ADWIN),0.8172,0.728,0.7103,0.962,0.783,0.8206,0.6441,1.7188,1.7435,1267586,0.0,265.8,covariate,mild,sudden,True,0.0,
43,25,Event-Driven Ensemble (Custom Dual-Trigger),0.8291,0.756,0.7437,0.9367,0.7999,0.8612,0.6912,1.5938,1.9438,1267586,0.0,265.8,covariate,mild,sudden,True,0.1872,
43,25,Event-Driven Ensemble (DDM),0.8172,0.728,0.7103,0.962,0.783,0.8206,0.6441,1.5938,1.7104,1267586,0.0,265.8,covariate,mild,sudden,True,0.0,
43,25,Event-Driven Ensemble (EDDM),0.8172,0.728,0.7103,0.962,0.783,0.8206,0.6441,1.6562,1.6838,1267586,0.0,265.8,covariate,mild,sudden,True,0.0,
43,25,Event-Driven Ensemble (Page-Hinkley),0.8235,0.742,0.7253,0.9525,0.7885,0.8394,0.6665,1.5781,1.6,1267586,0.0,265.8,covariate,mild,sudden,True,0.0,
43,25,Frozen Ensemble,0.8191330343796711,0.758,0.7762039660056658,0.8670886075949367,0.7978983214089159,0.8425094832164288,0.7188703907539901,0.015625,0.023873699828982353,1691670,0.0,178.36328125,covariate,mild,sudden,False,0.0,0.0
43,25,Frozen Model,0.8151515151515152,0.756,0.7819767441860465,0.8512658227848101,0.7931858833241607,0.8350123857182417,0.7218285635663181,0.015625,0.007311100140213966,881472,0.0,178.36328125,covariate,mild,sudden,False,0.0,0.0
43,25,Streaming Random Patches (river),0.8151,0.726,0.7106,0.9557,0.7535,0.7985,0.6436,5.125,5.2627,6462006,0.0,266.61,covariate,mild,sudden,False,0.0,
43,25,Two-Tier Hybrid Ensemble,0.823,0.742,0.7264,0.9494,0.8001,0.8609,0.6676,1.8438,1.8276,1470495,0.0,266.12,covariate,mild,sudden,True,0.0,0.4
43,25,Warm-Start Ensemble,0.8214,0.746,0.7392,0.9241,0.7984,0.8472,0.6821,0.3906,0.3998,765041,0.0,265.8,covariate,mild,sudden,True,0.0,
43,26,Adaptive Random Forest (river),0.2569,0.676,0.1628,0.6087,0.6324,0.1525,0.6458,2.0938,2.0934,678417,0.0,268.73,none,none,stable,False,0.0,
43,26,Component-Selective Ensemble,0.3143,0.904,0.4583,0.2391,0.8157,0.3381,0.6052,0.625,0.6822,1260418,0.0,193.54,none,none,stable,True,0.1037,
43,26,Continuously Retrained Ensemble,0.3596,0.886,0.3721,0.3478,0.8137,0.3428,0.6442,1.4219,1.4634,1260418,0.0,267.07,none,none,stable,True,0.0,
43,26,Event-Driven Ensemble (ADWIN),0.3596,0.886,0.3721,0.3478,0.8137,0.3428,0.6442,1.4531,1.4906,1260418,0.0,267.95,none,none,stable,True,0.0,
43,26,Event-Driven Ensemble (Custom Dual-Trigger),0.3596,0.886,0.3721,0.3478,0.8137,0.3428,0.6442,1.4531,1.4444,1260418,0.0,267.95,none,none,stable,True,0.1037,
43,26,Event-Driven Ensemble (DDM),0.3596,0.886,0.3721,0.3478,0.8137,0.3428,0.6442,1.4062,1.4678,1260418,0.0,267.95,none,none,stable,True,0.0,
43,26,Event-Driven Ensemble (EDDM),0.3596,0.886,0.3721,0.3478,0.8137,0.3428,0.6442,1.3594,1.378,1260418,0.0,267.95,none,none,stable,True,0.0,
43,26,Event-Driven Ensemble (Page-Hinkley),0.4,0.892,0.4091,0.3913,0.8111,0.3409,0.667,0.0312,0.0438,1267586,0.0,267.95,none,none,stable,False,0.0,
43,26,Frozen Ensemble,0.2033898305084746,0.906,0.46153846153846156,0.13043478260869565,0.8144033710017238,0.32154182972421647,0.5575081402030262,0.015625,0.022168300114572048,1691670,0.0,178.36328125,none,none,stable,False,0.0,0.0
43,26,Frozen Model,0.23728813559322035,0.91,0.5384615384615384,0.15217391304347827,0.8111472897912277,0.33933549004180347,0.5694790270063206,0.015625,0.010402599815279245,881472,0.0,178.36328125,none,none,stable,False,0.0,0.0
43,26,Streaming Random Patches (river),0.3091,0.848,0.2656,0.3696,0.8064,0.2755,0.633,4.8438,4.9721,6931274,0.0,268.73,none,none,stable,False,0.0,
43,26,Two-Tier Hybrid Ensemble,0.3404,0.876,0.3333,0.3478,0.8146,0.3228,0.6387,1.6719,1.717,1461706,0.0,268.31,none,none,stable,True,0.0,0.4
43,26,Warm-Start Ensemble,0.1667,0.9,0.3571,0.1087,0.7734,0.3,0.5444,0.3125,0.3364,714874,0.0,267.95,none,none,stable,True,0.0,
43,27,Adaptive Random Forest (river),0.0,0.598,0.0,0.0,0.8797,0.7879,0.5,1.9688,2.0432,877765,0.0,262.74,none,none,stable,False,0.0,
43,27,Component-Selective Ensemble,0.8053,0.824,0.7251,0.9055,0.9186,0.8692,0.8374,0.0156,0.0227,1260418,0.0,193.57,none,none,stable,False,0.0379,
43,27,Continuously Retrained Ensemble,0.8053,0.824,0.7251,0.9055,0.9186,0.8692,0.8374,1.5312,1.5526,1278034,0.0039,259.89,none,none,stable,True,0.0,
43,27,Event-Driven Ensemble (ADWIN),0.8053,0.824,0.7251,0.9055,0.9186,0.8692,0.8374,1.375,1.4413,1278034,0.0,261.8,none,none,stable,True,0.0,
43,27,Event-Driven Ensemble (Custom Dual-Trigger),0.8053,0.824,0.7251,0.9055,0.9186,0.8692,0.8374,0.0312,0.0343,1260418,0.0,261.4,none,none,stable,False,0.0379,
43,27,Event-Driven Ensemble (DDM),0.8053,0.824,0.7251,0.9055,0.9186,0.8692,0.8374,1.375,1.4145,1278034,0.0,261.8,none,none,stable,True,0.0,
43,27,Event-Driven Ensemble (EDDM),0.8053,0.824,0.7251,0.9055,0.9186,0.8692,0.8374,1.375,1.3927,1278034,0.0,261.8,none,none,stable,True,0.0,
43,27,Event-Driven Ensemble (Page-Hinkley),0.8096,0.826,0.7227,0.9204,0.921,0.8772,0.8415,0.0469,0.042,1267586,0.0,261.8,none,none,stable,False,0.0,
43,27,Frozen Ensemble,0.829736211031175,0.858,0.8009259259259259,0.8606965174129353,0.9162382069585184,0.8692462896067856,0.8584419041914175,0.03125,0.030459600035101175,1691670,0.0,178.36328125,none,none,stable,False,0.0,0.0
43,27,Frozen Model,0.8277511961722488,0.856,0.7972350230414746,0.8606965174129353,0.9143746152182233,0.8634765091815452,0.8567696633887418,0.015625,0.00943019986152649,881472,0.0,178.36328125,none,none,stable,False,0.0,0.0
43,27,Streaming Random Patches (river),0.818,0.846,0.7793,0.8607,0.9099,0.8419,0.8484,5.1562,5.3193,8245775,0.0,262.74,none,none,stable,False,0.0,
43,27,Two-Tier Hybrid Ensemble,0.8182,0.84,0.7531,0.8955,0.9207,0.876,0.8491,0.3438,0.332,1463081,0.0,263.32,none,none,stable,False,0.0,0.28
43,27,Warm-Start Ensemble,0.8224,0.848,0.7753,0.8756,0.9107,0.8402,0.8525,0.0469,0.037,714874,0.0,261.84,none,none,stable,False,0.0,
43,28,Adaptive Random Forest (river),0.5928,0.75,0.7165,0.5056,0.8237,0.6938,0.6965,2.125,2.1288,999619,0.0,268.01,concept,mild,recovery,False,0.0,
43,28,Component-Selective Ensemble,0.7193,0.758,0.6175,0.8611,0.8501,0.7072,0.7806,0.0312,0.0169,1260418,0.0,193.57,concept,mild,recovery,False,0.0375,
43,28,Continuously Retrained Ensemble,0.6946,0.752,0.6239,0.7833,0.8479,0.7033,0.7589,1.3906,1.4342,1266578,0.0898,265.34,concept,mild,recovery,True,0.0,
43,28,Event-Driven Ensemble (ADWIN),0.6946,0.752,0.6239,0.7833,0.8479,0.7033,0.7589,1.6094,1.7303,1266578,0.0,267.13,concept,mild,recovery,True,0.0,
43,28,Event-Driven Ensemble (Custom Dual-Trigger),0.7163,0.756,0.616,0.8556,0.85,0.7005,0.7778,0.0312,0.0348,1260418,0.0,266.3,concept,mild,recovery,False,0.0375,
43,28,Event-Driven Ensemble (DDM),0.6946,0.752,0.6239,0.7833,0.8479,0.7033,0.7589,1.6719,1.6859,1266578,0.0,267.13,concept,mild,recovery,True,0.0,
43,28,Event-Driven Ensemble (EDDM),0.6946,0.752,0.6239,0.7833,0.8479,0.7033,0.7589,1.6094,1.5908,1266578,0.0,267.13,concept,mild,recovery,True,0.0,
43,28,Event-Driven Ensemble (Page-Hinkley),0.7113,0.75,0.6087,0.8556,0.845,0.6937,0.7731,1.4531,1.4698,1266578,0.0,267.13,concept,mild,recovery,True,0.0,
43,28,Frozen Ensemble,0.6927083333333334,0.764,0.6519607843137255,0.7388888888888889,0.8531597222222222,0.7198312335988641,0.7585069444444444,0.03125,0.026897700037807226,1691670,0.0,178.36328125,concept,mild,recovery,False,0.0,0.0
43,28,Frozen Model,0.6825396825396826,0.76,0.6515151515151515,0.7166666666666667,0.8512673611111111,0.7164341025913932,0.7505208333333333,0.015625,0.017753000371158123,881472,0.0,178.36328125,concept,mild,recovery,False,0.0,0.0
43,28,Streaming Random Patches (river),0.6995,0.756,0.6283,0.7889,0.8314,0.6569,0.7632,5.6094,5.7393,8737894,0.0,268.03,concept,mild,recovery,False,0.0,
43,28,Two-Tier Hybrid Ensemble,0.7153,0.766,0.6364,0.8167,0.8514,0.7114,0.7771,0.3125,0.3202,1299366,0.0,264.02,concept,mild,recovery,False,0.0,0.196
43,28,Warm-Start Ensemble,0.6082,0.732,0.642,0.5778,0.8328,0.6833,0.6983,0.0312,0.034,714874,0.0,267.13,concept,mild,recovery,False,0.0,
43,29,Adaptive Random Forest (river),0.2492,0.518,0.1739,0.4396,0.4936,0.2276,0.4875,1.8125,1.8417,448549,0.0,268.19,concept,severe,recovery,False,0.0,
43,29,Component-Selective Ensemble,0.6087,0.892,0.8936,0.4615,0.9242,0.7896,0.7247,0.0156,0.015,1260418,0.0,193.57,concept,severe,recovery,False,0.1044,
43,29,Continuously Retrained Ensemble,0.5238,0.88,0.9429,0.3626,0.92,0.7761,0.6789,1.375,1.413,1251673,0.1289,265.59,concept,severe,recovery,True,0.0,
43,29,Event-Driven Ensemble (ADWIN),0.5238,0.88,0.9429,0.3626,0.92,0.7761,0.6789,1.4844,1.5055,1251673,0.0,266.81,concept,severe,recovery,True,0.0,
43,29,Event-Driven Ensemble (Custom Dual-Trigger),0.5942,0.888,0.8723,0.4505,0.9249,0.7897,0.7179,0.0469,0.0387,1260418,0.0,267.02,concept,severe,recovery,False,0.1044,
43,29,Event-Driven Ensemble (DDM),0.5238,0.88,0.9429,0.3626,0.92,0.7761,0.6789,0.0312,0.0355,1266578,0.0,266.81,concept,severe,recovery,False,0.0,
43,29,Event-Driven Ensemble (EDDM),0.5238,0.88,0.9429,0.3626,0.92,0.7761,0.6789,1.9219,2.3836,1251673,0.0,267.15,concept,severe,recovery,True,0.0,
43,29,Event-Driven Ensemble (Page-Hinkley),0.5538,0.884,0.9231,0.3956,0.9205,0.7811,0.6941,1.8125,2.136,1251673,0.0,267.15,concept,severe,recovery,True,0.0,
43,29,Frozen Ensemble,0.4576271186440678,0.872,1.0,0.2967032967032967,0.928665466562777,0.7985656990319269,0.6483516483516484,0.03125,0.022824699990451336,1691670,0.0,178.36328125,concept,severe,recovery,False,0.0,0.0
43,29,Frozen Model,0.4576271186440678,0.872,1.0,0.2967032967032967,0.9280206346221016,0.8001300375486939,0.6483516483516484,0.0,0.010147899854928255,881472,0.0,178.36328125,concept,severe,recovery,False,0.0,0.0
43,29,Streaming Random Patches (river),0.6531,0.898,0.8571,0.5275,0.9188,0.7551,0.754,3.2812,3.3469,1096987,0.0,268.29,concept,severe,recovery,False,0.0,
43,29,Two-Tier Hybrid Ensemble,0.6216,0.888,0.807,0.5055,0.9249,0.7898,0.7393,0.1562,0.1677,1331220,0.0,268.3,concept,severe,recovery,False,0.0,0.1372
43,29,Warm-Start Ensemble,0.5312,0.88,0.9189,0.3736,0.9102,0.7773,0.6831,0.0469,0.0483,714874,0.0,267.15,concept,severe,recovery,False,0.0,
43,30,Adaptive Random Forest (river),0.0,0.194,0.0,0.0,0.7966,0.8797,0.5,1.9844,2.0949,252282,0.0,269.63,covariate,moderate,sudden,False,0.0,
43,30,Component-Selective Ensemble,0.901,0.83,0.8487,0.9603,0.719,0.8818,0.6245,0.1094,0.1276,1271138,0.0,193.57,covariate,moderate,sudden,True,0.2721,
43,30,Continuously Retrained Ensemble,0.8981,0.824,0.8416,0.9628,0.8006,0.9354,0.6051,1.7344,1.7774,1258850,0.0,268.3,covariate,moderate,sudden,True,0.0,
43,30,Event-Driven Ensemble (ADWIN),0.8981,0.824,0.8416,0.9628,0.8006,0.9354,0.6051,1.625,1.6256,1258850,0.0,268.46,covariate,moderate,sudden,True,0.0,
43,30,Event-Driven Ensemble (Custom Dual-Trigger),0.901,0.83,0.8487,0.9603,0.719,0.8818,0.6245,1.6562,1.6998,1258850,0.0,268.43,covariate,moderate,sudden,True,0.2721,
43,30,Event-Driven Ensemble (DDM),0.8993,0.828,0.8514,0.9529,0.8136,0.9457,0.6311,1.3438,1.4284,1258850,0.0,268.46,covariate,moderate,sudden,True,0.0,
43,30,Event-Driven Ensemble (EDDM),0.8981,0.824,0.8416,0.9628,0.8006,0.9354,0.6051,1.375,1.3998,1258850,0.0,268.46,covariate,moderate,sudden,True,0.0,
43,30,Event-Driven Ensemble (Page-Hinkley),0.8981,0.824,0.8416,0.9628,0.8006,0.9354,0.6051,0.0312,0.0368,1251673,0.0,268.46,covariate,moderate,sudden,False,0.0,
43,30,Frozen Ensemble,0.8959810874704491,0.824,0.8555304740406321,0.9404466501240695,0.819843442224553,0.947975313265157,0.6403264178455399,0.015625,0.018036399967968464,1691670,0.0,178.36328125,covariate,moderate,sudden,False,0.0,0.0
43,30,Frozen Model,0.8946745562130177,0.822,0.8552036199095022,0.9379652605459057,0.7868691003044179,0.9281890037781619,0.6390857230564579,0.0,0.0077794999815523624,881472,0.0,178.36328125,covariate,moderate,sudden,False,0.0,0.0
43,30,Streaming Random Patches (river),0.8989,0.83,0.863,0.938,0.794,0.9152,0.6597,3.5625,3.6479,1573138,0.0,269.63,covariate,moderate,sudden,False,0.0,
43,30,Two-Tier Hybrid Ensemble,0.897,0.824,0.8492,0.9504,0.7186,0.8817,0.6247,1.625,1.6559,1329089,0.0,269.63,covariate,moderate,sudden,True,0.0,0.4
43,30,Warm-Start Ensemble,0.9022,0.83,0.8412,0.9727,0.7578,0.8848,0.6049,0.2656,0.3259,696778,0.0,268.46,covariate,moderate,sudden,True,0.0,
43,31,Adaptive Random Forest (river),0.8485,0.84,0.8,0.9032,0.9216,0.9312,0.8405,2.0625,2.0923,639775,0.0,269.66,covariate,severe,gradual,False,0.0,
43,31,Component-Selective Ensemble,0.8522,0.846,0.8132,0.8952,0.9092,0.8828,0.8464,0.0312,0.0356,1271138,0.0,193.7,covariate,severe,gradual,False,0.1338,
43,31,Continuously Retrained Ensemble,0.8538,0.85,0.8264,0.8831,0.927,0.9329,0.8503,1.3281,1.4203,1289186,0.0,269.63,covariate,severe,gradual,True,0.0,
43,31,Event-Driven Ensemble (ADWIN),0.8538,0.85,0.8264,0.8831,0.927,0.9329,0.8503,1.4062,1.42,1289186,0.0,269.66,covariate,severe,gradual,True,0.0,
43,31,Event-Driven Ensemble (Custom Dual-Trigger),0.8521,0.848,0.8233,0.8831,0.9259,0.9316,0.8483,0.0312,0.0368,1258850,0.0,269.66,covariate,severe,gradual,False,0.1338,
43,31,Event-Driven Ensemble (DDM),0.8538,0.85,0.8264,0.8831,0.927,0.9329,0.8503,1.3594,1.3809,1289186,0.0,269.66,covariate,severe,gradual,True,0.0,
43,31,Event-Driven Ensemble (EDDM),0.8538,0.85,0.8264,0.8831,0.927,0.9329,0.8503,1.4688,1.4772,1289186,0.0,269.66,covariate,severe,gradual,True,0.0,
43,31,Event-Driven Ensemble (Page-Hinkley),0.8486,0.848,0.8386,0.8589,0.9171,0.8977,0.8481,0.0312,0.0368,1251673,0.0,269.66,covariate,severe,gradual,False,0.0,
43,31,Frozen Ensemble,0.8412371134020619,0.846,0.8607594936708861,0.8225806451612904,0.9261552739375322,0.9199008525221133,0.8458141321044548,0.0,0.014894300140440464,1691670,0.0,178.36328125,covariate,severe,gradual,False,0.0,0.0
43,31,Frozen Model,0.8405797101449275,0.846,0.8638297872340426,0.8185483870967742,0.9215149769585254,0.9002952793783834,0.8457821300563236,0.015625,0.0108730997890234,881472,0.0,178.36328125,covariate,severe,gradual,False,0.0,0.0
43,31,Streaming Random Patches (river),0.8577,0.854,0.8302,0.8871,0.8833,0.8434,0.8543,3.9688,4.1795,1681001,0.0,269.66,covariate,severe,gradual,False,0.0,
43,31,Two-Tier Hybrid Ensemble,0.846,0.85,0.8619,0.8306,0.9259,0.9317,0.8498,0.1406,0.1395,1329633,0.0,269.66,covariate,severe,gradual,False,0.0,0.28
43,31,Warm-Start Ensemble,0.8537,0.854,0.8486,0.8589,0.9163,0.9199,0.854,0.0312,0.0335,696778,0.0,269.66,covariate,severe,gradual,False,0.0,
43,32,Adaptive Random Forest (river),0.7835,0.644,0.644,1.0,0.9058,0.9496,0.5,1.6562,1.6984,922771,0.0,271.16,mixed,moderate,sudden,False,0.0,
43,32,Component-Selective Ensemble,0.8911,0.87,0.9673,0.8261,0.9497,0.9755,0.8878,0.2656,0.2727,1268834,0.0,193.7,mixed,moderate,sudden,True,0.158,
43,32,Continuously Retrained Ensemble,0.8836,0.862,0.9668,0.8137,0.9499,0.9756,0.8816,1.5938,1.6284,1291714,0.0,269.66,mixed,moderate,sudden,True,0.0,
43,32,Event-Driven Ensemble (ADWIN),0.8836,0.862,0.9668,0.8137,0.9499,0.9756,0.8816,1.6406,1.6412,1291714,0.0,270.18,mixed,moderate,sudden,True,0.0,
43,32,Event-Driven Ensemble (Custom Dual-Trigger),0.8911,0.87,0.9673,0.8261,0.9501,0.9756,0.8878,1.5938,1.6821,1291714,0.0,270.18,mixed,moderate,sudden,True,0.158,
43,32,Event-Driven Ensemble (DDM),0.8836,0.862,0.9668,0.8137,0.9499,0.9758,0.8816,1.4375,1.4912,1291714,0.0,270.18,mixed,moderate,sudden,True,0.0,
43,32,Event-Driven Ensemble (EDDM),0.8836,0.862,0.9668,0.8137,0.9499,0.9756,0.8816,1.375,1.4215,1291714,0.0,270.18,mixed,moderate,sudden,True,0.0,
43,32,Event-Driven Ensemble (Page-Hinkley),0.879,0.858,0.9736,0.8012,0.9471,0.9746,0.881,0.0312,0.0343,1251673,0.0,270.18,mixed,moderate,sudden,False,0.0,
43,32,Frozen Ensemble,0.851063829787234,0.832,0.9917355371900827,0.7453416149068323,0.9494033079768303,0.9755655697124725,0.8670528299253262,0.015625,0.01901309983804822,1691670,0.0,178.36328125,mixed,moderate,sudden,False,0.0,0.0
43,32,Frozen Model,0.8449197860962567,0.826,0.9916317991631799,0.7360248447204969,0.9475539116477076,0.9749333031065465,0.8623944448321585,0.015625,0.008916100021451712,881472,0.0,178.36328125,mixed,moderate,sudden,False,0.0,0.0
43,32,Streaming Random Patches (river),0.8904,0.868,0.9571,0.8323,0.9449,0.973,0.8824,3.8125,3.8065,2778268,0.0,271.16,mixed,moderate,sudden,False,0.0,
43,32,Two-Tier Hybrid Ensemble,0.8744,0.854,0.9807,0.7888,0.9496,0.9753,0.8804,1.5469,1.6461,1362596,0.0,271.16,mixed,moderate,sudden,True,0.0,0.4
43,32,Warm-Start Ensemble,0.8874,0.868,0.9848,0.8075,0.9429,0.9723,0.8925,0.2969,0.3118,667626,0.0,270.18,mixed,moderate,sudden,True,0.0,
43,33,Adaptive Random Forest (river),0.7892,0.672,0.7041,0.8977,0.5373,0.6781,0.5406,2.4062,2.4489,1932097,0.0,271.41,covariate,moderate,recovery,False,0.0,
43,33,Component-Selective Ensemble,0.8372,0.748,0.75,0.9474,0.7789,0.8693,0.6319,0.2812,0.2815,1268402,0.0,193.7,covariate,moderate,recovery,True,0.2029,
43,33,Continuously Retrained Ensemble,0.8316,0.736,0.7376,0.9532,0.7522,0.8449,0.6095,1.3594,1.389,1304571,0.0,271.18,covariate,moderate,recovery,True,0.0,
43,33,Event-Driven Ensemble (ADWIN),0.8316,0.736,0.7376,0.9532,0.7522,0.8449,0.6095,0.0312,0.0456,1291714,0.0,271.3,covariate,moderate,recovery,False,0.0,
43,33,Event-Driven Ensemble (Custom Dual-Trigger),0.8333,0.74,0.742,0.9503,0.7334,0.8361,0.6176,1.3594,1.3693,1304571,0.0,271.3,covariate,moderate,recovery,True,0.2029,
43,33,Event-Driven Ensemble (DDM),0.8333,0.74,0.742,0.9503,0.7334,0.8361,0.6176,1.4062,1.4665,1304571,0.0,271.3,covariate,moderate,recovery,True,0.0,
43,33,Event-Driven Ensemble (EDDM),0.8316,0.736,0.7376,0.9532,0.7522,0.8449,0.6095,1.5469,1.5468,1304571,0.0,271.3,covariate,moderate,recovery,True,0.0,
43,33,Event-Driven Ensemble (Page-Hinkley),0.8327,0.746,0.7578,0.924,0.7821,0.87,0.6424,1.4062,1.4553,1304571,0.0,271.3,covariate,moderate,recovery,True,0.0,
43,33,Frozen Ensemble,0.8221906116642959,0.75,0.8005540166204986,0.8450292397660819,0.7791842475386779,0.8709878501332242,0.6946665186172182,0.015625,0.01761370012536645,1691670,0.0,178.36328125,covariate,moderate,recovery,False,0.0,0.0
43,33,Frozen Model,0.8103448275862069,0.736,0.7966101694915254,0.8245614035087719,0.7781849137611963,0.869025015542664,0.6844326004885632,0.015625,0.00949070043861866,881472,0.0,178.36328125,covariate,moderate,recovery,False,0.0,0.0
43,33,Streaming Random Patches (river),0.8302,0.73,0.7285,0.9649,0.7468,0.8387,0.5932,5.1875,5.4702,3504859,0.0,271.41,covariate,moderate,recovery,False,0.0,
43,33,Two-Tier Hybrid Ensemble,0.8247,0.728,0.7373,0.9357,0.7375,0.8383,0.6071,1.7344,1.8484,1440129,0.0,271.9,covariate,moderate,recovery,True,0.0,0.4
43,33,Warm-Start Ensemble,0.8253,0.718,0.7161,0.9737,0.7655,0.8555,0.5691,0.3125,0.327,746234,0.0,271.3,covariate,moderate,recovery,True,0.0,
43,34,Adaptive Random Forest (river),0.3373,0.89,0.6667,0.2258,0.8359,0.4703,0.6049,2.125,2.1984,393979,0.0,272.82,concept,severe,gradual,False,0.0,
43,34,Component-Selective Ensemble,0.4578,0.91,0.9048,0.3065,0.9113,0.7108,0.6509,0.8125,0.7927,1293474,0.0,193.7,concept,severe,gradual,True,0.1015,
43,34,Continuously Retrained Ensemble,0.5,0.912,0.8462,0.3548,0.9009,0.682,0.6729,1.5,1.5416,1293474,0.0,271.9,concept,severe,gradual,True,0.0,
43,34,Event-Driven Ensemble (ADWIN),0.5333,0.916,0.8571,0.3871,0.9064,0.6858,0.689,1.4844,1.5503,1293474,0.0,271.96,concept,severe,gradual,True,0.0,
43,34,Event-Driven Ensemble (Custom Dual-Trigger),0.5,0.912,0.8462,0.3548,0.9009,0.682,0.6729,1.4844,1.5362,1293474,0.0,271.96,concept,severe,gradual,True,0.1015,
43,34,Event-Driven Ensemble (DDM),0.5,0.912,0.8462,0.3548,0.9009,0.682,0.6729,1.4844,1.5325,1293474,0.0,271.96,concept,severe,gradual,True,0.0,
43,34,Event-Driven Ensemble (EDDM),0.5,0.912,0.8462,0.3548,0.9009,0.682,0.6729,1.375,1.4166,1293474,0.0,271.96,concept,severe,gradual,True,0.0,
43,34,Event-Driven Ensemble (Page-Hinkley),0.5773,0.918,0.8,0.4516,0.9054,0.6921,0.7178,0.0312,0.0365,1304571,0.0,271.96,concept,severe,gradual,False,0.0,
43,34,Frozen Ensemble,0.3013698630136986,0.898,1.0,0.1774193548387097,0.9182501104728238,0.705481322100037,0.5887096774193549,0.015625,0.014050900004804134,1691670,0.0,178.36328125,concept,severe,gradual,False,0.0,0.0
43,34,Frozen Model,0.36363636363636365,0.902,0.9333333333333333,0.22580645161290322,0.9192075416114301,0.7015398590014552,0.6117616732950361,0.0,0.00593779981136322,881472,0.0,178.36328125,concept,severe,gradual,False,0.0,0.0
43,34,Streaming Random Patches (river),0.5273,0.896,0.6042,0.4677,0.8585,0.5793,0.7122,4.3906,4.5484,3442487,0.0,272.82,concept,severe,gradual,False,0.0,
43,34,Two-Tier Hybrid Ensemble,0.5591,0.918,0.8387,0.4194,0.8835,0.6851,0.704,1.6094,1.6941,1462278,0.0,272.82,concept,severe,gradual,True,0.0,0.4
43,34,Warm-Start Ensemble,0.5625,0.916,0.7941,0.4355,0.8539,0.6245,0.7098,0.3125,0.3304,707658,0.0,271.96,concept,severe,gradual,True,0.0,
43,35,Adaptive Random Forest (river),0.791,0.796,0.6868,0.9324,0.8484,0.7108,0.816,2.2969,2.31,261609,0.0,272.82,concept,mild,gradual,False,0.0,
43,35,Component-Selective Ensemble,0.8222,0.84,0.7613,0.8937,0.9063,0.8376,0.8479,0.0156,0.0201,1293474,0.0,193.7,concept,mild,gradual,False,0.0375,
43,35,Continuously Retrained Ensemble,0.8222,0.84,0.7613,0.8937,0.9063,0.8376,0.8479,1.4062,1.4416,1283378,0.0,272.82,concept,mild,gradual,True,0.0,
43,35,Event-Driven Ensemble (ADWIN),0.8222,0.84,0.7613,0.8937,0.9063,0.8376,0.8479,1.3594,1.3952,1283378,0.0,272.82,concept,mild,gradual,True,0.0,
43,35,Event-Driven Ensemble (Custom Dual-Trigger),0.8222,0.84,0.7613,0.8937,0.9063,0.8376,0.8479,0.0312,0.0371,1293474,0.0,272.82,concept,mild,gradual,False,0.0375,
43,35,Event-Driven Ensemble (DDM),0.8222,0.84,0.7613,0.8937,0.9063,0.8376,0.8479,1.3906,1.5361,1283378,0.0,272.82,concept,mild,gradual,True,0.0,
43,35,Event-Driven Ensemble (EDDM),0.8222,0.84,0.7613,0.8937,0.9063,0.8376,0.8479,1.4375,1.4409,1283378,0.0,272.82,concept,mild,gradual,True,0.0,
43,35,Event-Driven Ensemble (Page-Hinkley),0.8285,0.846,0.7686,0.8986,0.9061,0.8353,0.8537,0.0312,0.0347,1304571,0.0,272.82,concept,mild,gradual,False,0.0,
43,35,Frozen Ensemble,0.8177570093457944,0.844,0.7918552036199095,0.8454106280193237,0.9112957741834429,0.8396088925810743,0.8442070204943035,0.03125,0.018100200220942497,1691670,0.0,178.36328125,concept,mild,gradual,False,0.0,0.0
43,35,Frozen Model,0.8298368298368298,0.854,0.8018018018018018,0.8599033816425121,0.9114276763779657,0.8413976352682065,0.8548663665891741,0.0,0.010834000073373318,881472,0.0,178.36328125,concept,mild,gradual,False,0.0,0.0
43,35,Streaming Random Patches (river),0.8176,0.834,0.75,0.8986,0.9001,0.8077,0.8435,5.4219,5.6526,4904202,0.0,272.82,concept,mild,gradual,False,0.0,
43,35,Two-Tier Hybrid Ensemble,0.8196,0.838,0.7603,0.8889,0.9063,0.8324,0.8455,0.2969,0.3257,1462416,0.0,273.02,concept,mild,gradual,False,0.0,0.28
43,35,Warm-Start Ensemble,0.8212,0.838,0.7561,0.8986,0.9027,0.8395,0.8469,0.0469,0.042,707658,0.0,272.82,concept,mild,gradual,False,0.0,
43,36,Adaptive Random Forest (river),0.0,0.548,0.0,0.0,0.7509,0.7178,0.5,1.7812,1.868,812655,0.0,271.66,concept,moderate,gradual,False,0.0,
43,36,Component-Selective Ensemble,0.845,0.854,0.8122,0.8805,0.9167,0.8746,0.8563,0.0312,0.0245,1293474,0.0,193.71,concept,moderate,gradual,False,0.0383,
43,36,Continuously Retrained Ensemble,0.8462,0.856,0.8182,0.8761,0.916,0.8786,0.8578,1.4062,1.4433,1245394,0.0039,273.02,concept,moderate,gradual,True,0.0,
43,36,Event-Driven Ensemble (ADWIN),0.8462,0.856,0.8182,0.8761,0.916,0.8786,0.8578,1.625,1.6692,1245394,0.0,273.09,concept,moderate,gradual,True,0.0,
43,36,Event-Driven Ensemble (Custom Dual-Trigger),0.845,0.854,0.8122,0.8805,0.9167,0.8746,0.8563,0.0469,0.0428,1293474,0.0,273.03,concept,moderate,gradual,False,0.0383,
43,36,Event-Driven Ensemble (DDM),0.8462,0.856,0.8182,0.8761,0.916,0.8786,0.8578,1.5938,1.6877,1245394,0.0,271.65,concept,moderate,gradual,True,0.0,
43,36,Event-Driven Ensemble (EDDM),0.8462,0.856,0.8182,0.8761,0.916,0.8786,0.8578,1.4062,1.5132,1245394,0.0,271.65,concept,moderate,gradual,True,0.0,
43,36,Event-Driven Ensemble (Page-Hinkley),0.8412,0.852,0.8167,0.8673,0.9138,0.8706,0.8533,0.0469,0.0356,1304571,0.0,271.65,concept,moderate,gradual,False,0.0,
43,36,Frozen Ensemble,0.8237986270022883,0.846,0.8530805687203792,0.7964601769911505,0.9221465021639429,0.8889333365504499,0.8416607454298818,0.015625,0.02027370035648346,1691670,0.0,178.36328125,concept,moderate,gradual,False,0.0,0.0
43,36,Frozen Model,0.8259860788863109,0.85,0.8682926829268293,0.7876106194690266,0.9206285123700019,0.8829153810526127,0.8445352367418125,0.015625,0.006959700025618076,881472,0.0,178.36328125,concept,moderate,gradual,False,0.0,0.0
43,36,Streaming Random Patches (river),0.8491,0.86,0.8277,0.8717,0.9096,0.8733,0.861,5.6406,5.7965,5849166,0.0,271.66,concept,moderate,gradual,False,0.0,
43,36,Two-Tier Hybrid Ensemble,0.8399,0.846,0.7922,0.8938,0.9173,0.8764,0.8502,0.2812,0.2885,1462889,0.0,272.17,concept,moderate,gradual,False,0.0,0.196
43,36,Warm-Start Ensemble,0.8524,0.858,0.8039,0.9071,0.9167,0.8886,0.8623,0.0312,0.0308,707658,0.0,271.65,concept,moderate,gradual,False,0.0,
43,37,Adaptive Random Forest (river),0.613,0.442,0.442,1.0,0.7902,0.7742,0.5,2.5938,2.6757,1717179,0.0039,272.19,covariate,moderate,sudden,False,0.0,
43,37,Component-Selective Ensemble,0.7377,0.744,0.6742,0.8145,0.8322,0.799,0.7513,0.0312,0.0271,1293474,0.0,193.71,covariate,moderate,sudden,False,0.1345,
43,37,Continuously Retrained Ensemble,0.7425,0.742,0.6643,0.8416,0.8376,0.8026,0.7524,1.4219,1.4612,1292619,0.0,272.18,covariate,moderate,sudden,True,0.0,
43,37,Event-Driven Ensemble (ADWIN),0.7425,0.742,0.6643,0.8416,0.8376,0.8026,0.7524,1.4688,1.5291,1292619,0.0,272.18,covariate,moderate,sudden,True,0.0,
43,37,Event-Driven Ensemble (Custom Dual-Trigger),0.7377,0.744,0.6742,0.8145,0.8322,0.799,0.7513,0.0312,0.0329,1293474,0.0,272.18,covariate,moderate,sudden,False,0.1345,
43,37,Event-Driven Ensemble (DDM),0.7425,0.742,0.6643,0.8416,0.8376,0.8026,0.7524,1.4219,1.4163,1292619,0.0,272.18,covariate,moderate,sudden,True,0.0,
43,37,Event-Driven Ensemble (EDDM),0.7425,0.742,0.6643,0.8416,0.8376,0.8026,0.7524,1.375,1.4477,1292619,0.0,272.18,covariate,moderate,sudden,True,0.0,
43,37,Event-Driven Ensemble (Page-Hinkley),0.7459,0.752,0.6816,0.8235,0.8331,0.7976,0.7594,1.3906,1.488,1292619,0.0,272.18,covariate,moderate,sudden,True,0.0,
43,37,Frozen Ensemble,0.6797066014669927,0.738,0.7393617021276596,0.6289592760180995,0.8393097520232246,0.8046366465195535,0.7266660179373652,0.015625,0.02441059984266758,1691670,0.0,178.36328125,covariate,moderate,sudden,False,0.0,0.0
43,37,Frozen Model,0.6683046683046683,0.73,0.7311827956989247,0.6153846153846154,0.8367310530498387,0.7979592205528883,0.7180865729252826,0.015625,0.008916399907320738,881472,0.0,178.36328125,covariate,moderate,sudden,False,0.0,0.0
43,37,Streaming Random Patches (river),0.7079,0.726,0.6694,0.7511,0.8118,0.7595,0.7286,5.7656,5.952,6911986,0.0,272.2,covariate,moderate,sudden,False,0.0,
43,37,Two-Tier Hybrid Ensemble,0.7453,0.754,0.687,0.8145,0.8341,0.8007,0.7603,0.3594,0.3503,1463554,0.0,261.96,covariate,moderate,sudden,False,0.0,0.1372
43,37,Warm-Start Ensemble,0.7373,0.752,0.6932,0.7873,0.8308,0.7637,0.7557,0.0312,0.0363,707658,0.0,272.18,covariate,moderate,sudden,False,0.0,
43,38,Adaptive Random Forest (river),0.8526,0.816,0.8498,0.8553,0.8682,0.8945,0.8033,2.7188,2.8411,1858049,0.0,268.78,covariate,moderate,recovery,False,0.0,
43,38,Component-Selective Ensemble,0.865,0.814,0.7884,0.9582,0.8962,0.922,0.7675,0.4688,0.5015,1302274,0.0,193.71,covariate,moderate,recovery,True,0.1961,
43,38,Continuously Retrained Ensemble,0.863,0.812,0.7893,0.9518,0.8888,0.9165,0.7669,1.375,1.435,1303691,0.1328,265.29,covariate,moderate,recovery,True,0.0,
43,38,Event-Driven Ensemble (ADWIN),0.863,0.812,0.7893,0.9518,0.8888,0.9165,0.7669,1.4531,1.5197,1303691,0.0,266.82,covariate,moderate,recovery,True,0.0,
43,38,Event-Driven Ensemble (Custom Dual-Trigger),0.865,0.814,0.7884,0.9582,0.8962,0.922,0.7675,1.4531,1.513,1303691,0.0,266.82,covariate,moderate,recovery,True,0.1961,
43,38,Event-Driven Ensemble (DDM),0.863,0.812,0.7893,0.9518,0.8888,0.9165,0.7669,1.4375,1.4925,1303691,0.0,266.82,covariate,moderate,recovery,True,0.0,
43,38,Event-Driven Ensemble (EDDM),0.863,0.812,0.7893,0.9518,0.8888,0.9165,0.7669,1.4219,1.4605,1303691,0.0,266.82,covariate,moderate,recovery,True,0.0,
43,38,Event-Driven Ensemble (Page-Hinkley),0.863,0.812,0.7893,0.9518,0.8888,0.9165,0.7669,0.0469,0.0366,1292619,0.0,266.82,covariate,moderate,recovery,False,0.0,
43,38,Frozen Ensemble,0.8627450980392157,0.818,0.8125,0.9196141479099679,0.8800081661817997,0.9052886559472455,0.7852038993518093,0.015625,0.026056900154799223,1691670,0.0,178.36328125,covariate,moderate,recovery,False,0.0,0.0
43,38,Frozen Model,0.8601503759398497,0.814,0.807909604519774,0.9196141479099679,0.869017846509808,0.8867335031000554,0.779912894060804,0.015625,0.006224200129508972,881472,0.0,178.36328125,covariate,moderate,recovery,False,0.0,0.0
43,38,Streaming Random Patches (river),0.8605,0.808,0.7851,0.9518,0.8797,0.9099,0.7616,5.5312,5.7125,8002417,0.0078,269.54,covariate,moderate,recovery,False,0.0,
43,38,Two-Tier Hybrid Ensemble,0.8613,0.808,0.7822,0.9582,0.8959,0.9218,0.7595,1.9219,2.0168,1473311,0.0,266.46,covariate,moderate,recovery,True,0.0,0.4
43,38,Warm-Start Ensemble,0.858,0.806,0.7876,0.9421,0.8829,0.8994,0.7621,0.3125,0.3168,714298,0.0,267.5,covariate,moderate,recovery,True,0.0,
43,39,Adaptive Random Forest (river),0.5926,0.626,0.7312,0.4982,0.7207,0.7483,0.639,2.8594,2.9153,2348474,0.0039,271.25,covariate,severe,recovery,False,0.0,
43,39,Component-Selective Ensemble,0.7312,0.656,0.6376,0.8571,0.7142,0.7479,0.6356,0.0156,0.02,1302274,0.0,193.77,covariate,severe,recovery,False,0.1382,
43,39,Continuously Retrained Ensemble,0.7057,0.628,0.6212,0.8168,0.6933,0.7414,0.6089,1.4375,1.4466,1288546,0.0,269.55,covariate,severe,recovery,True,0.0,
43,39,Event-Driven Ensemble (ADWIN),0.7057,0.628,0.6212,0.8168,0.6933,0.7414,0.6089,1.4375,1.4918,1288546,0.0,270.34,covariate,severe,recovery,True,0.0,
43,39,Event-Driven Ensemble (Custom Dual-Trigger),0.7085,0.638,0.6322,0.8059,0.6953,0.7435,0.621,0.0469,0.0452,1303691,0.0,270.29,covariate,severe,recovery,False,0.1382,
43,39,Event-Driven Ensemble (DDM),0.7057,0.628,0.6212,0.8168,0.6933,0.7414,0.6089,1.375,1.4285,1288546,0.0,270.34,covariate,severe,recovery,True,0.0,
43,39,Event-Driven Ensemble (EDDM),0.7057,0.628,0.6212,0.8168,0.6933,0.7414,0.6089,1.3594,1.3997,1288546,0.0,270.34,covariate,severe,recovery,True,0.0,
43,39,Event-Driven Ensemble (Page-Hinkley),0.7148,0.66,0.6594,0.7802,0.7106,0.7424,0.6478,0.0312,0.035,1292619,0.0,270.34,covariate,severe,recovery,False,0.0,
43,39,Frozen Ensemble,0.6372745490981964,0.638,0.7035398230088495,0.5824175824175825,0.7062174242790984,0.7442671041585294,0.643631698697778,0.015625,0.012094500008970499,1691670,0.0,178.36328125,covariate,severe,recovery,False,0.0,0.0
43,39,Frozen Model,0.6119096509240246,0.622,0.6962616822429907,0.5457875457875457,0.7044020590276097,0.7448718930558663,0.629721966726372,0.0,0.005371000152081251,881472,0.0,178.36328125,covariate,severe,recovery,False,0.0,0.0
43,39,Streaming Random Patches (river),0.7027,0.604,0.5954,0.8571,0.6661,0.7039,0.5784,4.8906,5.1581,4143800,0.0,273.24,covariate,severe,recovery,False,0.0,
43,39,Two-Tier Hybrid Ensemble,0.709,0.67,0.6837,0.7363,0.7155,0.7534,0.6633,0.3281,0.3418,1342233,0.0,274.68,covariate,severe,recovery,False,0.0,0.28
43,39,Warm-Start Ensemble,0.6565,0.64,0.6853,0.63,0.7096,0.7399,0.641,0.3594,0.3499,748803,0.0,270.38,covariate,severe,recovery,True,0.0,
43,40,Adaptive Random Forest (river),0.7209,0.808,0.6139,0.8732,0.889,0.7429,0.8277,2.4219,2.6281,134749,0.0,274.75,concept,moderate,gradual,False,0.0,
43,40,Component-Selective Ensemble,0.7843,0.868,0.7317,0.8451,0.9288,0.7923,0.8611,0.0312,0.0312,1302274,0.0,193.77,concept,moderate,gradual,False,0.0475,
43,40,Continuously Retrained Ensemble,0.7759,0.866,0.7389,0.8169,0.9299,0.7959,0.8512,1.6094,1.6959,1289202,0.0,274.68,concept,moderate,gradual,True,0.0,
43,40,Event-Driven Ensemble (ADWIN),0.7759,0.866,0.7389,0.8169,0.9299,0.7959,0.8512,1.6562,1.7085,1289202,0.0,274.75,concept,moderate,gradual,True,0.0,
43,40,Event-Driven Ensemble (Custom Dual-Trigger),0.7748,0.864,0.7312,0.8239,0.9306,0.8033,0.8519,0.0312,0.0366,1303691,0.0,274.75,concept,moderate,gradual,False,0.0475,
43,40,Event-Driven Ensemble (DDM),0.7759,0.866,0.7389,0.8169,0.9299,0.7959,0.8512,0.0469,0.0459,1288546,0.0,274.75,concept,moderate,gradual,False,0.0,
43,40,Event-Driven Ensemble (EDDM),0.7759,0.866,0.7389,0.8169,0.9299,0.7959,0.8512,1.7656,1.7682,1289202,0.0,274.75,concept,moderate,gradual,True,0.0,
43,40,Event-Driven Ensemble (Page-Hinkley),0.7733,0.864,0.7342,0.8169,0.9287,0.7941,0.8498,1.7031,1.7334,1289202,0.0,274.75,concept,moderate,gradual,True,0.0,
43,40,Frozen Ensemble,0.7741935483870968,0.874,0.7883211678832117,0.7605633802816901,0.9306397041466677,0.8157083781502492,0.8397788968447557,0.015625,0.011900599580258131,1691670,0.0,178.36328125,concept,moderate,gradual,False,0.0,0.0
43,40,Frozen Model,0.7681159420289855,0.872,0.7910447761194029,0.7464788732394366,0.9306200330474467,0.8175209928795386,0.8341332913683217,0.015625,0.005637399852275848,881472,0.0,178.36328125,concept,moderate,gradual,False,0.0,0.0
43,40,Streaming Random Patches (river),0.7591,0.854,0.7143,0.8099,0.897,0.7346,0.8407,4.2031,4.2363,3147645,0.0,274.75,concept,moderate,gradual,False,0.0,
43,40,Two-Tier Hybrid Ensemble,0.7789,0.874,0.7762,0.7817,0.9312,0.8047,0.8462,0.2188,0.2094,1374360,0.0,274.74,concept,moderate,gradual,False,0.0,0.196
43,40,Warm-Start Ensemble,0.7596,0.862,0.7517,0.7676,0.9086,0.7718,0.8335,0.0312,0.0651,748803,0.0,274.75,concept,moderate,gradual,False,0.0,
43,41,Adaptive Random Forest (river),0.0,0.478,0.0,0.0,0.4309,0.4033,0.5,2.2969,2.3449,1425721,0.0,275.75,concept,mild,sudden,False,0.0,
43,41,Component-Selective Ensemble,0.7832,0.762,0.7465,0.8238,0.8343,0.8337,0.7592,0.0312,0.0249,1302274,0.0,193.77,concept,mild,sudden,False,0.0912,
43,41,Continuously Retrained Ensemble,0.7797,0.766,0.7667,0.7931,0.832,0.8307,0.7648,1.7031,1.8177,1316219,0.0,274.75,concept,mild,sudden,True,0.0,
43,41,Event-Driven Ensemble (ADWIN),0.7797,0.766,0.7667,0.7931,0.832,0.8307,0.7648,1.75,1.8015,1316219,0.0,275.75,concept,mild,sudden,True,0.0,
43,41,Event-Driven Ensemble (Custom Dual-Trigger),0.7882,0.77,0.7589,0.8199,0.8335,0.8309,0.7677,0.0469,0.0488,1303691,0.0,275.75,concept,mild,sudden,False,0.0912,
43,41,Event-Driven Ensemble (DDM),0.7904,0.774,0.7662,0.8161,0.8308,0.8339,0.7721,0.0469,0.0493,1288546,0.0,275.75,concept,mild,sudden,False,0.0,
43,41,Event-Driven Ensemble (EDDM),0.7797,0.766,0.7667,0.7931,0.832,0.8307,0.7648,1.6094,1.6847,1316219,0.0,275.75,concept,mild,sudden,True,0.0,
43,41,Event-Driven Ensemble (Page-Hinkley),0.7797,0.766,0.7667,0.7931,0.832,0.8307,0.7648,0.0469,0.0406,1289202,0.0,275.75,concept,mild,sudden,False,0.0,
43,41,Frozen Ensemble,0.7439024390243902,0.748,0.7922077922077922,0.7011494252873564,0.8409881530643325,0.8484710715302687,0.7501563026018372,0.015625,0.011020999867469072,1691670,0.0,178.36328125,concept,mild,sudden,False,0.0,0.0
43,41,Frozen Model,0.7576374745417516,0.762,0.808695652173913,0.7126436781609196,0.8412927427499639,0.8504422539292138,0.7642716298754388,0.0,0.005573099944740534,881472,0.0,178.36328125,concept,mild,sudden,False,0.0,0.0
43,41,Streaming Random Patches (river),0.2426,0.538,0.8409,0.1418,0.8148,0.8095,0.5562,4.4219,4.5839,2641434,0.0,275.75,concept,mild,sudden,False,0.0,
43,41,Two-Tier Hybrid Ensemble,0.7763,0.758,0.75,0.8046,0.8305,0.8291,0.7559,0.1719,0.1781,1374697,0.0,275.74,concept,mild,sudden,False,0.0,0.1372
43,41,Warm-Start Ensemble,0.7235,0.734,0.7909,0.6667,0.8203,0.8176,0.7371,0.0469,0.0404,748803,0.0,275.75,concept,mild,sudden,False,0.0,
43,42,Adaptive Random Forest (river),0.152,0.442,0.0893,0.5102,0.5393,0.2166,0.4724,2.25,2.2753,685134,0.0,275.96,concept,mild,recovery,False,0.0,
43,42,Component-Selective Ensemble,0.4396,0.898,0.4762,0.4082,0.8279,0.4156,0.6797,0.8281,0.8696,1317179,0.0,193.77,concept,mild,recovery,True,0.1035,
43,42,Continuously Retrained Ensemble,0.4138,0.898,0.4737,0.3673,0.8356,0.4098,0.6615,1.6562,1.6949,1317179,0.0,275.75,concept,mild,recovery,True,0.0,
43,42,Event-Driven Ensemble (ADWIN),0.4138,0.898,0.4737,0.3673,0.8356,0.4098,0.6615,1.625,1.6708,1317179,0.0,275.77,concept,mild,recovery,True,0.0,
43,42,Event-Driven Ensemble (Custom Dual-Trigger),0.3765,0.894,0.4444,0.3265,0.8218,0.4135,0.6411,1.5938,1.6125,1317179,0.0,275.77,concept,mild,recovery,True,0.1035,
43,42,Event-Driven Ensemble (DDM),0.4368,0.902,0.5,0.3878,0.8275,0.3904,0.6728,0.0469,0.047,1288546,0.0,275.77,concept,mild,recovery,False,0.0,
43,42,Event-Driven Ensemble (EDDM),0.4138,0.898,0.4737,0.3673,0.8356,0.4098,0.6615,1.6406,1.6962,1317179,0.0,275.77,concept,mild,recovery,True,0.0,
43,42,Event-Driven Ensemble (Page-Hinkley),0.4186,0.9,0.4865,0.3673,0.8283,0.3997,0.6626,0.0469,0.0422,1289202,0.0,275.77,concept,mild,recovery,False,0.0,
43,42,Frozen Ensemble,0.3380281690140845,0.906,0.5454545454545454,0.24489795918367346,0.8394497488574144,0.39769384919411654,0.6113625050907281,0.015625,0.010402900166809559,1691670,0.0,178.36328125,concept,mild,recovery,False,0.0,0.0
43,42,Frozen Model,0.3611111111111111,0.908,0.5652173913043478,0.2653061224489796,0.835920177383592,0.39431787069213814,0.6215665867233812,0.0,0.004538800101727247,881472,0.0,178.36328125,concept,mild,recovery,False,0.0,0.0
43,42,Streaming Random Patches (river),0.4255,0.892,0.4444,0.4082,0.8017,0.3561,0.6764,5.1875,5.3619,3093008,0.0,275.96,concept,mild,recovery,False,0.0,
43,42,Two-Tier Hybrid Ensemble,0.4096,0.902,0.5,0.3469,0.8222,0.3898,0.6546,1.8125,1.8539,1387687,0.0,275.95,concept,mild,recovery,True,0.0,0.4
43,42,Warm-Start Ensemble,0.3529,0.89,0.4167,0.3061,0.7815,0.3817,0.6298,0.375,0.3753,725224,0.0,275.77,concept,mild,recovery,True,0.0,
43,43,Adaptive Random Forest (river),0.7538,0.804,0.7463,0.7614,0.8662,0.7743,0.7966,2.2812,2.3843,419061,0.0,275.44,none,none,stable,False,0.0,
43,43,Component-Selective Ensemble,0.7738,0.8,0.698,0.868,0.8887,0.8113,0.8119,0.0312,0.0203,1317179,0.0,193.77,none,none,stable,False,0.0381,
43,43,Continuously Retrained Ensemble,0.7773,0.804,0.7037,0.868,0.8895,0.8128,0.8152,1.7656,1.7624,1308315,0.0,275.95,none,none,stable,True,0.0,
43,43,Event-Driven Ensemble (ADWIN),0.7773,0.804,0.7037,0.868,0.8895,0.8128,0.8152,1.6719,1.7161,1308315,0.0,275.44,none,none,stable,True,0.0,
43,43,Event-Driven Ensemble (Custom Dual-Trigger),0.7738,0.8,0.698,0.868,0.8887,0.8113,0.8119,0.0469,0.042,1317179,0.0,275.44,none,none,stable,False,0.0381,
43,43,Event-Driven Ensemble (DDM),0.7727,0.8,0.6996,0.8629,0.8889,0.8219,0.811,1.6094,1.6832,1308315,0.0,275.44,none,none,stable,True,0.0,
43,43,Event-Driven Ensemble (EDDM),0.7773,0.804,0.7037,0.868,0.8895,0.8128,0.8152,1.6562,1.725,1308315,0.0,275.44,none,none,stable,True,0.0,
43,43,Event-Driven Ensemble (Page-Hinkley),0.7735,0.802,0.7042,0.8579,0.8882,0.8172,0.8118,0.0469,0.0414,1289202,0.0,275.44,none,none,stable,False,0.0,
43,43,Frozen Ensemble,0.7651331719128329,0.806,0.7314814814814815,0.8020304568527918,0.8914409207418205,0.8296536611314318,0.8053056574693003,0.0,0.010436099953949451,1691670,0.0,178.36328125,none,none,stable,False,0.0,0.0
43,43,Frozen Model,0.7777777777777778,0.816,0.7419354838709677,0.817258883248731,0.8906367794139821,0.8232631880174777,0.816220200700273,0.0,0.0053620003163814545,881472,0.0,178.36328125,none,none,stable,False,0.0,0.0
43,43,Streaming Random Patches (river),0.7667,0.798,0.7034,0.8426,0.8545,0.7384,0.8058,6.1406,6.3856,3584068,0.0,275.44,none,none,stable,False,0.0,
43,43,Two-Tier Hybrid Ensemble,0.7588,0.794,0.7043,0.8223,0.8872,0.81,0.799,0.2812,0.2937,1404896,0.0,275.44,none,none,stable,False,0.0,0.28
43,43,Warm-Start Ensemble,0.7692,0.802,0.7112,0.8376,0.8799,0.8058,0.8082,0.0469,0.0366,725224,0.0,275.44,none,none,stable,False,0.0,
43,44,Adaptive Random Forest (river),0.0,0.658,0.0,0.0,0.7955,0.6709,0.5,2.4531,2.4712,859095,0.0,275.65,none,none,stable,False,0.0,
43,44,Component-Selective Ensemble,0.6321,0.702,0.547,0.7485,0.8137,0.6802,0.7132,0.0156,0.0332,1317179,0.0,193.77,none,none,stable,False,0.0363,
43,44,Continuously Retrained Ensemble,0.6447,0.72,0.5695,0.7427,0.8097,0.6656,0.7254,1.6875,1.7796,1329483,0.0,275.47,none,none,stable,True,0.0,
43,44,Event-Driven Ensemble (ADWIN),0.6447,0.72,0.5695,0.7427,0.8097,0.6656,0.7254,1.7188,1.7947,1329483,0.0,275.59,none,none,stable,True,0.0,
43,44,Event-Driven Ensemble (Custom Dual-Trigger),0.6321,0.702,0.547,0.7485,0.8137,0.6802,0.7132,0.0469,0.0499,1317179,0.0,275.57,none,none,stable,False,0.0363,
43,44,Event-Driven Ensemble (DDM),0.6447,0.72,0.5695,0.7427,0.8097,0.6656,0.7254,1.5312,1.5803,1329483,0.0,275.59,none,none,stable,True,0.0,
43,44,Event-Driven Ensemble (EDDM),0.6447,0.72,0.5695,0.7427,0.8097,0.6656,0.7254,1.4219,1.4754,1329483,0.0,275.59,none,none,stable,True,0.0,
43,44,Event-Driven Ensemble (Page-Hinkley),0.6436,0.712,0.5579,0.7602,0.8057,0.6645,0.7236,1.6406,1.8746,1329483,0.0586,275.59,none,none,stable,True,0.0,
43,44,Frozen Ensemble,0.6451612903225806,0.736,0.5970149253731343,0.7017543859649122,0.8111946532999165,0.6531192250581568,0.7277768890310883,0.03125,0.018052200321108103,1691670,0.0,178.36328125,none,none,stable,False,0.0,0.0
43,44,Frozen Model,0.639344262295082,0.736,0.6,0.6842105263157895,0.8102525818091327,0.655962989808047,0.7235642297232443,0.015625,0.009900500066578388,881472,0.0,178.36328125,none,none,stable,False,0.0,0.0
43,44,Streaming Random Patches (river),0.6094,0.718,0.5789,0.6433,0.7804,0.5668,0.7001,5.8125,6.0424,3858391,0.0,275.65,none,none,stable,False,0.0,
43,44,Two-Tier Hybrid Ensemble,0.6402,0.71,0.556,0.7544,0.8118,0.6784,0.7207,0.2969,0.3485,1453146,0.0,275.65,none,none,stable,False,0.0,0.196
43,44,Warm-Start Ensemble,0.615,0.712,0.5665,0.6725,0.7889,0.6176,0.7025,0.0312,0.0468,725224,0.0,275.65,none,none,stable,False,0.0,
43,45,Adaptive Random Forest (river),0.2964,0.174,0.1754,0.956,0.4899,0.2355,0.478,2.0312,2.7743,510792,0.0,275.83,concept,severe,sudden,False,0.0,
43,45,Component-Selective Ensemble,0.6351,0.892,0.8246,0.5165,0.946,0.7727,0.746,0.0312,0.0216,1317179,0.0,193.77,concept,severe,sudden,False,0.1023,
43,45,Continuously Retrained Ensemble,0.5481,0.878,0.8409,0.4066,0.9431,0.7364,0.6947,1.5156,1.5519,1320443,0.0,275.66,concept,severe,sudden,True,0.0,
43,45,Event-Driven Ensemble (ADWIN),0.5481,0.878,0.8409,0.4066,0.9431,0.7364,0.6947,1.3906,1.4361,1320443,0.0,275.76,concept,severe,sudden,True,0.0,
43,45,Event-Driven Ensemble (Custom Dual-Trigger),0.6351,0.892,0.8246,0.5165,0.946,0.7727,0.746,0.0156,0.0358,1317179,0.0,275.76,concept,severe,sudden,False,0.1023,
43,45,Event-Driven Ensemble (DDM),0.5481,0.878,0.8409,0.4066,0.9431,0.7364,0.6947,0.0469,0.045,1329483,0.0,275.76,concept,severe,sudden,False,0.0,
43,45,Event-Driven Ensemble (EDDM),0.5481,0.878,0.8409,0.4066,0.9431,0.7364,0.6947,1.6406,1.7142,1320443,0.0,275.76,concept,severe,sudden,True,0.0,
43,45,Event-Driven Ensemble (Page-Hinkley),0.5481,0.878,0.8409,0.4066,0.9445,0.7447,0.6947,1.7344,1.8333,1320443,0.0,275.76,concept,severe,sudden,True,0.0,
43,45,Frozen Ensemble,0.38596491228070173,0.86,0.9565217391304348,0.24175824175824176,0.9491657486767511,0.7811973826330308,0.6196566269915903,0.0,0.012849699705839157,1691670,0.0,178.36328125,concept,severe,sudden,False,0.0,0.0
43,45,Frozen Model,0.3826086956521739,0.858,0.9166666666666666,0.24175824175824176,0.9474999328300061,0.7838599287916629,0.6184341331040597,0.015625,0.007754800375550985,881472,0.0,178.36328125,concept,severe,sudden,False,0.0,0.0
43,45,Streaming Random Patches (river),0.5786,0.866,0.6765,0.5055,0.8846,0.6216,0.7259,3.6719,3.875,857868,0.0,275.83,concept,severe,sudden,False,0.0,
43,45,Two-Tier Hybrid Ensemble,0.6056,0.888,0.8431,0.4725,0.9455,0.7637,0.7265,0.3438,0.355,1485782,0.0,266.48,concept,severe,sudden,False,0.0,0.1372
43,45,Warm-Start Ensemble,0.4715,0.87,0.9062,0.3187,0.9337,0.7839,0.6557,0.375,0.4949,647519,0.0,275.76,concept,severe,sudden,True,0.0,
43,46,Adaptive Random Forest (river),0.0088,0.548,1.0,0.0044,0.3745,0.361,0.5022,1.9062,1.9589,1866880,0.0,269.36,none,none,stable,False,0.0,
43,46,Component-Selective Ensemble,0.7109,0.704,0.6386,0.8018,0.7731,0.6972,0.7122,0.0312,0.0256,1317179,0.0,193.77,none,none,stable,False,0.0944,
43,46,Continuously Retrained Ensemble,0.7052,0.704,0.6436,0.7797,0.7791,0.703,0.7104,1.3594,1.3929,1305963,0.125,268.17,none,none,stable,True,0.0,
43,46,Event-Driven Ensemble (ADWIN),0.7052,0.704,0.6436,0.7797,0.7791,0.703,0.7104,1.4531,1.4489,1305963,0.0,268.57,none,none,stable,True,0.0,
43,46,Event-Driven Ensemble (Custom Dual-Trigger),0.7109,0.704,0.6386,0.8018,0.7731,0.6972,0.7122,0.0469,0.0492,1317179,0.0,268.55,none,none,stable,False,0.0944,
43,46,Event-Driven Ensemble (DDM),0.6944,0.706,0.6575,0.7357,0.779,0.7098,0.7085,1.5938,1.704,1305963,0.0,268.57,none,none,stable,True,0.0,
43,46,Event-Driven Ensemble (EDDM),0.7052,0.704,0.6436,0.7797,0.7791,0.703,0.7104,1.5938,1.599,1305963,0.0,268.57,none,none,stable,True,0.0,
43,46,Event-Driven Ensemble (Page-Hinkley),0.7052,0.704,0.6436,0.7797,0.7791,0.703,0.7104,0.0469,0.0383,1320443,0.0,268.57,none,none,stable,False,0.0,
43,46,Frozen Ensemble,0.6939655172413793,0.716,0.679324894514768,0.7092511013215859,0.7797034096593569,0.7151830360563274,0.7154314114666538,0.015625,0.013499399647116661,1691670,0.0,178.36328125,none,none,stable,False,0.0,0.0
43,46,Frozen Model,0.6926406926406926,0.716,0.6808510638297872,0.7048458149779736,0.7785899856384437,0.7166113150112532,0.7150602701263494,0.0,0.010843800380825996,881472,0.0,178.36328125,none,none,stable,False,0.0,0.0
43,46,Streaming Random Patches (river),0.7024,0.678,0.6051,0.837,0.764,0.6915,0.6914,4.3594,4.5333,1949955,0.0,269.36,none,none,stable,False,0.0,
43,46,Two-Tier Hybrid Ensemble,0.7211,0.706,0.6333,0.837,0.7736,0.6979,0.717,0.3125,0.3431,1519018,0.0,269.36,none,none,stable,False,0.0,0.1
43,46,Warm-Start Ensemble,0.6993,0.668,0.5938,0.8502,0.7478,0.6767,0.6834,0.0469,0.0325,647519,0.0,269.17,none,none,stable,False,0.0,
43,47,Adaptive Random Forest (river),0.6697,0.856,0.6636,0.6759,0.8803,0.6943,0.7908,1.9375,1.9904,466029,0.0,269.48,none,none,stable,False,0.0,
43,47,Component-Selective Ensemble,0.6789,0.86,0.6727,0.6852,0.899,0.7757,0.7967,0.0156,0.0164,1317179,0.0,193.77,none,none,stable,False,0.049,
43,47,Continuously Retrained Ensemble,0.6927,0.874,0.732,0.6574,0.8988,0.7674,0.7955,1.375,1.463,1303899,0.0,269.36,none,none,stable,True,0.0,
43,47,Event-Driven Ensemble (ADWIN),0.6927,0.874,0.732,0.6574,0.8988,0.7674,0.7955,1.4375,1.4461,1303899,0.0,269.48,none,none,stable,True,0.0,
43,47,Event-Driven Ensemble (Custom Dual-Trigger),0.6789,0.86,0.6727,0.6852,0.899,0.7757,0.7967,0.0312,0.0338,1317179,0.0,269.48,none,none,stable,False,0.049,
43,47,Event-Driven Ensemble (DDM),0.6927,0.874,0.732,0.6574,0.8988,0.7674,0.7955,1.3125,1.4044,1303899,0.0,269.48,none,none,stable,True,0.0,
43,47,Event-Driven Ensemble (EDDM),0.6927,0.874,0.732,0.6574,0.8988,0.7674,0.7955,1.4219,1.4647,1303899,0.0,269.48,none,none,stable,True,0.0,
43,47,Event-Driven Ensemble (Page-Hinkley),0.6986,0.874,0.7228,0.6759,0.8997,0.7709,0.8022,1.4219,1.5067,1303899,0.0,269.48,none,none,stable,True,0.0,
43,47,Frozen Ensemble,0.6761904761904762,0.864,0.696078431372549,0.6574074074074074,0.9024470899470899,0.7732893156565208,0.7891628873771731,0.015625,0.016066299751400948,1691670,0.0,178.3671875,none,none,stable,False,0.0,0.0
43,47,Frozen Model,0.6889952153110048,0.87,0.7128712871287128,0.6666666666666666,0.9019982993197279,0.7715075315603911,0.7963435374149659,0.015625,0.0051668002270162106,881472,0.0,178.36328125,none,none,stable,False,0.0,0.0
43,47,Streaming Random Patches (river),0.7273,0.892,0.8,0.6667,0.8753,0.7427,0.8104,4.3125,4.3894,2448836,0.0,269.48,none,none,stable,False,0.0,
43,47,Two-Tier Hybrid Ensemble,0.6818,0.86,0.6696,0.6944,0.8994,0.7768,0.8,0.3594,0.3651,1486766,0.0,269.48,none,none,stable,False,0.0,0.1
43,47,Warm-Start Ensemble,0.6568,0.814,0.546,0.8241,0.8817,0.6934,0.8176,0.0312,0.0316,647519,0.0,269.48,none,none,stable,False,0.0,
43,48,Adaptive Random Forest (river),0.6457,0.684,0.8276,0.5294,0.8068,0.811,0.6989,2.5156,2.735,2172498,0.0,270.92,covariate,severe,gradual,False,0.0,
43,48,Component-Selective Ensemble,0.7647,0.728,0.7222,0.8125,0.7905,0.7914,0.7198,0.3281,0.3461,1316171,0.0,193.77,covariate,severe,gradual,True,0.1521,
43,48,Continuously Retrained Ensemble,0.7721,0.732,0.7184,0.8346,0.784,0.7789,0.7221,1.5156,1.5211,1325451,0.0,269.48,covariate,severe,gradual,True,0.0,
43,48,Event-Driven Ensemble (ADWIN),0.7721,0.732,0.7184,0.8346,0.784,0.7789,0.7221,0.0312,0.039,1303899,0.0,269.71,covariate,severe,gradual,False,0.0,
43,48,Event-Driven Ensemble (Custom Dual-Trigger),0.7647,0.728,0.7222,0.8125,0.7905,0.7914,0.7198,1.6562,1.7441,1325451,0.0,269.62,covariate,severe,gradual,True,0.1521,
43,48,Event-Driven Ensemble (DDM),0.7721,0.732,0.7184,0.8346,0.784,0.7789,0.7221,1.6562,1.9792,1325451,0.0,269.71,covariate,severe,gradual,True,0.0,
43,48,Event-Driven Ensemble (EDDM),0.7721,0.732,0.7184,0.8346,0.784,0.7789,0.7221,1.7188,2.3707,1325451,0.0,269.71,covariate,severe,gradual,True,0.0,
43,48,Event-Driven Ensemble (Page-Hinkley),0.7636,0.714,0.6937,0.8493,0.7782,0.7741,0.7009,0.0312,0.0399,1303899,0.0,269.71,covariate,severe,gradual,False,0.0,
43,48,Frozen Ensemble,0.7475915221579962,0.738,0.7854251012145749,0.7132352941176471,0.8008255933952527,0.8054819101708536,0.740389576883385,0.015625,0.014419700019061565,1691670,0.0,178.3671875,covariate,severe,gradual,False,0.0,0.0
43,48,Frozen Model,0.7397260273972602,0.734,0.7907949790794979,0.6948529411764706,0.7947303921568628,0.7974295036842628,0.7377773477812177,0.0,0.0053322999738156796,881472,0.0,178.3671875,covariate,severe,gradual,False,0.0,0.0
43,48,Streaming Random Patches (river),0.5215,0.622,0.8374,0.3787,0.7244,0.7594,0.6455,5.4531,5.7151,3719813,0.0,270.92,covariate,severe,gradual,False,0.0,
43,48,Two-Tier Hybrid Ensemble,0.7674,0.726,0.7129,0.8309,0.7921,0.7924,0.7159,1.9375,2.0179,1495589,0.0,272.66,covariate,severe,gradual,True,0.0,0.4
43,48,Warm-Start Ensemble,0.7742,0.72,0.6897,0.8824,0.7854,0.7777,0.7043,0.4375,0.4928,702088,0.0,269.71,covariate,severe,gradual,True,0.0,
43,49,Adaptive Random Forest (river),0.9241,0.88,0.8859,0.9656,0.8802,0.9374,0.7902,2.375,2.409,378298,0.0,273.35,covariate,severe,gradual,False,0.0,
43,49,Component-Selective Ensemble,0.9215,0.876,0.8835,0.963,0.8756,0.9319,0.7848,0.4688,0.5548,1317179,0.0,193.77,covariate,severe,gradual,True,0.2559,
43,49,Continuously Retrained Ensemble,0.9192,0.872,0.8792,0.963,0.8744,0.9379,0.7766,1.6562,1.6768,1310299,0.0,272.66,covariate,severe,gradual,True,0.0,
43,49,Event-Driven Ensemble (ADWIN),0.9161,0.866,0.8694,0.9683,0.8597,0.9124,0.7587,1.5781,1.5957,1310299,0.0,273.23,covariate,severe,gradual,True,0.0,
43,49,Event-Driven Ensemble (Custom Dual-Trigger),0.9192,0.872,0.8792,0.963,0.8763,0.9372,0.7766,1.6719,1.6845,1310299,0.0,273.2,covariate,severe,gradual,True,0.2559,
43,49,Event-Driven Ensemble (DDM),0.9192,0.872,0.8792,0.963,0.8744,0.9379,0.7766,0.0469,0.0418,1325451,0.0,273.23,covariate,severe,gradual,False,0.0,
43,49,Event-Driven Ensemble (EDDM),0.9192,0.872,0.8792,0.963,0.8744,0.9379,0.7766,0.0469,0.0471,1325451,0.0,273.23,covariate,severe,gradual,False,0.0,
43,49,Event-Driven Ensemble (Page-Hinkley),0.9114,0.858,0.8629,0.9656,0.824,0.8931,0.7451,0.0469,0.0392,1303899,0.0,273.23,covariate,severe,gradual,False,0.0,
43,49,Frozen Ensemble,0.9166666666666666,0.872,0.9025641025641026,0.9312169312169312,0.893269147367508,0.9414254545209999,0.8098707606904327,0.0,0.013440100010484457,1691670,0.0,178.3671875,covariate,severe,gradual,False,0.0,0.0
43,49,Frozen Model,0.9150326797385621,0.87,0.9043927648578811,0.9259259259259259,0.8889647844565877,0.941660167945636,0.8113236187006678,0.0,0.007048100233078003,881472,0.0,178.3671875,covariate,severe,gradual,False,0.0,0.0
43,49,Streaming Random Patches (river),0.9167,0.868,0.8768,0.9603,0.8944,0.9503,0.7711,4.9844,5.1613,4519708,0.0,273.35,covariate,severe,gradual,False,0.0,
43,49,Two-Tier Hybrid Ensemble,0.9199,0.876,0.899,0.9418,0.8626,0.9293,0.807,1.7344,1.7385,1479984,0.0,274.08,covariate,severe,gradual,True,0.0,0.4
43,49,Warm-Start Ensemble,0.9204,0.874,0.8814,0.963,0.8157,0.9023,0.7807,0.3438,0.3639,761409,0.0,273.23,covariate,severe,gradual,True,0.0,
43,50,Adaptive Random Forest (river),0.4779,0.314,0.314,1.0,0.6179,0.6085,0.5,1.9375,1.9653,862592,0.0,274.36,mixed,moderate,gradual,False,0.0,
43,50,Component-Selective Ensemble,0.7912,0.886,0.931,0.6879,0.9303,0.9011,0.8323,0.0312,0.0498,1317179,0.0,193.77,mixed,moderate,gradual,False,0.0905,
43,50,Continuously Retrained Ensemble,0.7823,0.882,0.9298,0.6752,0.929,0.8997,0.8259,1.4062,1.4704,1316843,0.0,274.09,mixed,moderate,gradual,True,0.0,
43,50,Event-Driven Ensemble (ADWIN),0.7927,0.886,0.9237,0.6943,0.9285,0.8995,0.834,1.5625,1.5735,1316843,0.0,274.09,mixed,moderate,gradual,True,0.0,
43,50,Event-Driven Ensemble (Custom Dual-Trigger),0.7927,0.886,0.9237,0.6943,0.9285,0.8995,0.834,0.0469,0.0359,1310299,0.0,274.09,mixed,moderate,gradual,False,0.0905,
43,50,Event-Driven Ensemble (DDM),0.7823,0.882,0.9298,0.6752,0.9293,0.8987,0.8259,0.0312,0.0384,1325451,0.0,274.09,mixed,moderate,gradual,False,0.0,
43,50,Event-Driven Ensemble (EDDM),0.7823,0.882,0.9298,0.6752,0.9293,0.8987,0.8259,0.0312,0.0336,1325451,0.0,274.35,mixed,moderate,gradual,False,0.0,
43,50,Event-Driven Ensemble (Page-Hinkley),0.7883,0.884,0.9231,0.6879,0.927,0.8963,0.8308,1.4531,1.4862,1316843,0.0,274.35,mixed,moderate,gradual,True,0.0,
43,50,Frozen Ensemble,0.7744360902255639,0.88,0.944954128440367,0.6560509554140127,0.9288592598094743,0.8999185461042906,0.8192791220218751,0.0,0.013562600128352642,1691670,0.0,178.3671875,mixed,moderate,gradual,False,0.0,0.0
43,50,Frozen Model,0.7777777777777778,0.88,0.9292035398230089,0.6687898089171974,0.9278007836437578,0.8967188223317699,0.8227330968784238,0.015625,0.008422399871051311,881472,0.0,178.3671875,mixed,moderate,gradual,False,0.0,0.0
43,50,Streaming Random Patches (river),0.7815,0.868,0.8138,0.7516,0.9054,0.8754,0.8364,4.3594,4.5103,2311687,0.0,274.36,mixed,moderate,gradual,False,0.0,
43,50,Two-Tier Hybrid Ensemble,0.7615,0.876,0.9612,0.6306,0.9287,0.9001,0.8095,0.2656,0.2706,1480150,0.0,274.36,mixed,moderate,gradual,False,0.0,0.28
43,50,Warm-Start Ensemble,0.764,0.874,0.9273,0.6497,0.8786,0.8593,0.8132,0.0312,0.0324,761409,0.0,274.35,mixed,moderate,gradual,False,0.0,
43,51,Adaptive Random Forest (river),0.9362,0.88,0.88,1.0,0.8799,0.982,0.5,2.0469,2.1208,385629,0.0,274.45,covariate,severe,sudden,False,0.0,
43,51,Component-Selective Ensemble,0.9326,0.878,0.9075,0.9591,0.847,0.9613,0.6212,0.2656,0.2727,1315307,0.0,193.77,covariate,severe,sudden,True,0.3103,
43,51,Continuously Retrained Ensemble,0.933,0.88,0.9167,0.95,0.8617,0.9753,0.6583,1.4219,1.4924,1269058,0.0,274.36,covariate,severe,sudden,True,0.0,
43,51,Event-Driven Ensemble (ADWIN),0.933,0.88,0.9167,0.95,0.8617,0.9753,0.6583,1.4219,1.4864,1269058,0.0,274.92,covariate,severe,sudden,True,0.0,
43,51,Event-Driven Ensemble (Custom Dual-Trigger),0.9333,0.88,0.913,0.9545,0.8617,0.9754,0.6439,1.3906,1.4424,1269058,0.0,274.89,covariate,severe,sudden,True,0.3103,
43,51,Event-Driven Ensemble (DDM),0.9318,0.878,0.9165,0.9477,0.8097,0.9566,0.6572,1.5938,1.6138,1269058,0.0,274.92,covariate,severe,sudden,True,0.0,
43,51,Event-Driven Ensemble (EDDM),0.9318,0.878,0.9165,0.9477,0.8097,0.9566,0.6572,1.5312,1.5626,1269058,0.0,274.92,covariate,severe,sudden,True,0.0,
43,51,Event-Driven Ensemble (Page-Hinkley),0.9356,0.884,0.9152,0.9568,0.8441,0.9711,0.6534,0.0312,0.0332,1316843,0.0,274.92,covariate,severe,sudden,False,0.0,
43,51,Frozen Ensemble,0.9162790697674419,0.856,0.9380952380952381,0.8954545454545455,0.8814015151515151,0.9819400925825641,0.7310606060606061,0.015625,0.016802500002086163,1691670,0.0,178.3671875,covariate,severe,sudden,False,0.0,0.0
43,51,Frozen Model,0.9133489461358314,0.852,0.9420289855072463,0.8863636363636364,0.8707765151515152,0.9773133508190284,0.7431818181818182,0.015625,0.008902200032025576,881472,0.0,178.3671875,covariate,severe,sudden,False,0.0,0.0
43,51,Streaming Random Patches (river),0.9232,0.862,0.9041,0.9432,0.8679,0.967,0.6049,3.625,3.7148,1910402,0.0,274.45,covariate,severe,sudden,False,0.0,
43,51,Two-Tier Hybrid Ensemble,0.9336,0.882,0.9243,0.9432,0.8664,0.9769,0.6883,1.625,1.6442,1471219,0.0,274.45,covariate,severe,sudden,True,0.0,0.4
43,51,Warm-Start Ensemble,0.9299,0.874,0.9107,0.95,0.8584,0.9715,0.6333,0.375,0.3769,717544,0.0,274.92,covariate,severe,sudden,True,0.0,
43,52,Adaptive Random Forest (river),0.2751,0.378,0.3533,0.2252,0.2216,0.3982,0.3857,2.2656,2.341,1240991,0.0,275.37,mixed,mild,gradual,False,0.0,
43,52,Component-Selective Ensemble,0.8652,0.856,0.8493,0.8817,0.9168,0.9119,0.8547,0.0156,0.0178,1315307,0.0,193.77,mixed,mild,gradual,False,0.0913,
43,52,Continuously Retrained Ensemble,0.8652,0.856,0.8493,0.8817,0.9144,0.9037,0.8547,1.4062,1.4412,1269746,0.0,274.45,mixed,mild,gradual,True,0.0,
43,52,Event-Driven Ensemble (ADWIN),0.8652,0.856,0.8493,0.8817,0.9144,0.9037,0.8547,0.0312,0.037,1269058,0.0,274.62,mixed,mild,gradual,False,0.0,
43,52,Event-Driven Ensemble (Custom Dual-Trigger),0.8598,0.85,0.8425,0.8779,0.9125,0.9031,0.8486,0.0312,0.0343,1269058,0.0,274.62,mixed,mild,gradual,False,0.0913,
43,52,Event-Driven Ensemble (DDM),0.8652,0.856,0.8493,0.8817,0.9144,0.9037,0.8547,1.4688,1.5106,1269746,0.0,274.62,mixed,mild,gradual,True,0.0,
43,52,Event-Driven Ensemble (EDDM),0.8652,0.856,0.8493,0.8817,0.9144,0.9037,0.8547,1.3906,1.4701,1269746,0.0,274.62,mixed,mild,gradual,True,0.0,
43,52,Event-Driven Ensemble (Page-Hinkley),0.8571,0.848,0.8444,0.8702,0.9153,0.9008,0.8469,0.0469,0.0413,1316843,0.0,274.62,mixed,mild,gradual,False,0.0,
43,52,Frozen Ensemble,0.8571428571428571,0.852,0.8671875,0.8473282442748091,0.9159343126563603,0.9036046941324821,0.8522355507088331,0.015625,0.020285299979150295,1691670,0.0,178.3671875,mixed,mild,gradual,False,0.0,0.0
43,52,Frozen Model,0.8571428571428571,0.852,0.8671875,0.8473282442748091,0.9146673936750273,0.8986101677736943,0.8522355507088331,0.015625,0.010308200027793646,881472,0.0,178.3671875,mixed,mild,gradual,False,0.0,0.0
43,52,Streaming Random Patches (river),0.8491,0.828,0.7857,0.9237,0.881,0.8379,0.8232,4.2031,4.3629,2985532,0.0,275.37,mixed,mild,gradual,False,0.0,
43,52,Two-Tier Hybrid Ensemble,0.8464,0.836,0.8309,0.8626,0.9128,0.905,0.8347,0.2656,0.3245,1472462,0.0,275.37,mixed,mild,gradual,False,0.0,0.28
43,52,Warm-Start Ensemble,0.7695,0.722,0.6804,0.8855,0.8672,0.8913,0.7138,0.0312,0.0323,717544,0.0,274.62,mixed,mild,gradual,False,0.0,
43,53,Adaptive Random Forest (river),0.4778,0.812,0.3739,0.6615,0.8279,0.4261,0.748,2.9219,3.0439,553058,0.0,275.54,none,none,stable,False,0.0,
43,53,Component-Selective Ensemble,0.4248,0.87,0.5,0.3692,0.8061,0.4769,0.657,0.8594,0.9744,1252585,0.0,193.77,none,none,stable,True,0.104,
43,53,Continuously Retrained Ensemble,0.4655,0.876,0.5294,0.4154,0.7991,0.4209,0.6801,1.6562,1.8199,1252585,0.0,275.37,none,none,stable,True,0.0,
43,53,Event-Driven Ensemble (ADWIN),0.4074,0.872,0.5116,0.3385,0.7763,0.4731,0.6451,1.875,1.89,1252585,0.0,275.45,none,none,stable,True,0.0,
43,53,Event-Driven Ensemble (Custom Dual-Trigger),0.4074,0.872,0.5116,0.3385,0.7763,0.4731,0.6451,1.7188,1.8993,1252585,0.0,275.45,none,none,stable,True,0.104,
43,53,Event-Driven Ensemble (DDM),0.4655,0.876,0.5294,0.4154,0.7991,0.4209,0.6801,1.7188,1.7563,1252585,0.0,275.45,none,none,stable,True,0.0,
43,53,Event-Driven Ensemble (EDDM),0.4655,0.876,0.5294,0.4154,0.7991,0.4209,0.6801,1.75,1.8041,1252585,0.0,275.45,none,none,stable,True,0.0,
43,53,Event-Driven Ensemble (Page-Hinkley),0.4673,0.886,0.5952,0.3846,0.8216,0.483,0.6728,1.7344,1.7879,1252585,0.0,275.45,none,none,stable,True,0.0,
43,53,Frozen Ensemble,0.26373626373626374,0.866,0.46153846153846156,0.18461538461538463,0.8407780725022104,0.45087017530393714,0.5762157382847037,0.015625,0.01731730019673705,1691670,0.0,178.3671875,none,none,stable,False,0.0,0.0
43,53,Frozen Model,0.2608695652173913,0.864,0.4444444444444444,0.18461538461538463,0.8413793103448276,0.42569201998761586,0.5750663129973475,0.0,0.006540799979120493,881472,0.0,178.3671875,none,none,stable,False,0.0,0.0
43,53,Streaming Random Patches (river),0.4844,0.868,0.4921,0.4769,0.8217,0.4277,0.7017,4.875,5.1656,3913720,0.0,272.67,none,none,stable,False,0.0,
43,53,Two-Tier Hybrid Ensemble,0.4082,0.884,0.6061,0.3077,0.7867,0.4435,0.6389,1.8594,1.9051,1455931,0.0,272.66,none,none,stable,True,0.0,0.4
43,53,Warm-Start Ensemble,0.2756,0.674,0.1938,0.4769,0.5881,0.3068,0.5902,0.4531,0.4583,664497,0.0,275.45,none,none,stable,True,0.0,
43,54,Adaptive Random Forest (river),0.0,0.382,0.0,0.0,0.8446,0.8492,0.5,2.1406,2.2398,472563,0.0,272.61,mixed,mild,recovery,False,0.0,
43,54,Component-Selective Ensemble,0.8672,0.834,0.8576,0.877,0.9037,0.935,0.8207,0.0312,0.0172,1252585,0.0,193.77,mixed,mild,recovery,False,0.141,
43,54,Continuously Retrained Ensemble,0.8672,0.834,0.8576,0.877,0.9037,0.935,0.8207,1.625,1.6769,1241314,0.0,272.68,mixed,mild,recovery,True,0.0,
43,54,Event-Driven Ensemble (ADWIN),0.8672,0.834,0.8576,0.877,0.9037,0.935,0.8207,1.4531,1.526,1241314,0.0156,272.59,mixed,mild,recovery,True,0.0,
43,54,Event-Driven Ensemble (Custom Dual-Trigger),0.8672,0.834,0.8576,0.877,0.9037,0.935,0.8207,0.0312,0.0363,1252585,0.0,272.6,mixed,mild,recovery,False,0.141,
43,54,Event-Driven Ensemble (DDM),0.8672,0.834,0.8576,0.877,0.9037,0.935,0.8207,1.4844,1.525,1241314,0.0,272.61,mixed,mild,recovery,True,0.0,
43,54,Event-Driven Ensemble (EDDM),0.8672,0.834,0.8576,0.877,0.9037,0.935,0.8207,1.4062,1.4912,1241314,0.0,272.61,mixed,mild,recovery,True,0.0,
43,54,Event-Driven Ensemble (Page-Hinkley),0.8672,0.834,0.8576,0.877,0.9037,0.935,0.8207,0.0312,0.0335,1252585,0.0,272.61,mixed,mild,recovery,False,0.0,
43,54,Frozen Ensemble,0.8482871125611745,0.814,0.8552631578947368,0.8414239482200647,0.9003880106406411,0.9307476217967471,0.8055287280367339,0.015625,0.015478600282222033,1691670,0.0,178.3671875,mixed,mild,recovery,False,0.0,0.0
43,54,Frozen Model,0.8496732026143791,0.816,0.858085808580858,0.8414239482200647,0.8979142310103525,0.9296510698793365,0.8081465290838543,0.015625,0.006707899738103151,881472,0.0,178.3671875,mixed,mild,recovery,False,0.0,0.0
43,54,Streaming Random Patches (river),0.8727,0.832,0.8205,0.932,0.8907,0.9186,0.8011,5.2188,5.4864,4436782,0.0,272.61,mixed,mild,recovery,False,0.0,
43,54,Two-Tier Hybrid Ensemble,0.8618,0.83,0.866,0.8576,0.9031,0.9351,0.8215,0.2344,0.2537,1487845,0.0,272.36,mixed,mild,recovery,False,0.0,0.28
43,54,Warm-Start Ensemble,0.8471,0.8,0.8029,0.8964,0.8865,0.9144,0.7702,0.0469,0.0419,664497,0.0,272.61,mixed,mild,recovery,False,0.0,
43,55,Adaptive Random Forest (river),0.0222,0.824,0.3333,0.0115,0.7751,0.3558,0.5033,2.0781,2.2033,400718,0.0,272.36,none,none,stable,False,0.0,
43,55,Component-Selective Ensemble,0.5532,0.832,0.5149,0.5977,0.8418,0.6021,0.7395,0.7188,0.7448,1239593,0.0,193.77,none,none,stable,True,0.0495,
43,55,Continuously Retrained Ensemble,0.5741,0.816,0.4806,0.7126,0.8423,0.5945,0.7752,1.4062,1.4539,1239593,0.0,272.36,none,none,stable,True,0.0,
43,55,Event-Driven Ensemble (ADWIN),0.5849,0.824,0.496,0.7126,0.8389,0.5904,0.7801,1.7344,1.878,1239593,0.0,272.36,none,none,stable,True,0.0,
43,55,Event-Driven Ensemble (Custom Dual-Trigger),0.5532,0.832,0.5149,0.5977,0.8418,0.6021,0.7395,1.6719,1.6963,1239593,0.0,272.36,none,none,stable,True,0.0495,
43,55,Event-Driven Ensemble (DDM),0.5741,0.816,0.4806,0.7126,0.8423,0.5945,0.7752,1.7812,1.8448,1239593,0.0,272.36,none,none,stable,True,0.0,
43,55,Event-Driven Ensemble (EDDM),0.5741,0.816,0.4806,0.7126,0.8423,0.5945,0.7752,1.75,1.8609,1239593,0.0,272.36,none,none,stable,True,0.0,
43,55,Event-Driven Ensemble (Page-Hinkley),0.5532,0.832,0.5149,0.5977,0.8418,0.6021,0.7395,0.0469,0.0349,1252585,0.0,272.36,none,none,stable,False,0.0,
43,55,Frozen Ensemble,0.5945945945945946,0.85,0.5612244897959183,0.632183908045977,0.8521889176477138,0.5915436531889379,0.7640338426428432,0.015625,0.01813780004158616,1691670,0.0,178.3671875,none,none,stable,False,0.0,0.0
43,55,Frozen Model,0.5792349726775956,0.846,0.5520833333333334,0.6091954022988506,0.8520915087250565,0.5846573938989577,0.75253958976928,0.015625,0.005604099947959185,881472,0.0,178.3671875,none,none,stable,False,0.0,0.0
43,55,Streaming Random Patches (river),0.5888,0.824,0.4961,0.7241,0.8432,0.5708,0.7846,4.5625,4.705,2106356,0.0,272.36,none,none,stable,False,0.0,
43,55,Two-Tier Hybrid Ensemble,0.5763,0.85,0.5667,0.5862,0.8446,0.604,0.7459,1.8281,1.8885,1506949,0.0,272.36,none,none,stable,True,0.0,0.4
43,55,Warm-Start Ensemble,0.5446,0.806,0.4603,0.6667,0.8363,0.5294,0.751,0.3594,0.3455,671041,0.0,272.36,none,none,stable,True,0.0,
43,56,Adaptive Random Forest (river),0.5465,0.376,0.376,1.0,0.8525,0.8203,0.5,2.0469,2.0917,446342,0.0,272.38,concept,severe,sudden,False,0.0,
43,56,Component-Selective Ensemble,0.875,0.916,0.9932,0.7819,0.9894,0.9834,0.8894,0.0156,0.0224,1239593,0.0,193.76,concept,severe,sudden,False,0.0485,
43,56,Continuously Retrained Ensemble,0.8716,0.914,0.9932,0.7766,0.9898,0.9839,0.8867,1.5625,1.5814,1290386,0.0,272.36,concept,severe,sudden,True,0.0,
43,56,Event-Driven Ensemble (ADWIN),0.875,0.916,0.9932,0.7819,0.9894,0.9834,0.8894,1.4375,1.4673,1290386,0.0,272.38,concept,severe,sudden,True,0.0,
43,56,Event-Driven Ensemble (Custom Dual-Trigger),0.875,0.916,0.9932,0.7819,0.9894,0.9834,0.8894,0.0469,0.0341,1239593,0.0,272.38,concept,severe,sudden,False,0.0485,
43,56,Event-Driven Ensemble (DDM),0.8716,0.914,0.9932,0.7766,0.9898,0.9839,0.8867,1.4531,1.4456,1290386,0.0,272.38,concept,severe,sudden,True,0.0,
43,56,Event-Driven Ensemble (EDDM),0.8716,0.914,0.9932,0.7766,0.9898,0.9839,0.8867,1.3438,1.434,1290386,0.0,272.38,concept,severe,sudden,True,0.0,
43,56,Event-Driven Ensemble (Page-Hinkley),0.8889,0.924,0.987,0.8085,0.988,0.9819,0.9011,0.0312,0.0355,1252585,0.0,272.38,concept,severe,sudden,False,0.0,
43,56,Frozen Ensemble,0.807570977917981,0.878,0.9922480620155039,0.6808510638297872,0.9902993726132024,0.984367603576189,0.8388229678123296,0.015625,0.013226800132542849,1691670,0.0,178.3671875,concept,severe,sudden,False,0.0,0.0
43,56,Frozen Model,0.7961783439490446,0.872,0.9920634920634921,0.6648936170212766,0.9887309056192034,0.9819744297457329,0.8308442444080741,0.0,0.01029000012204051,881472,0.0,178.3671875,concept,severe,sudden,False,0.0,0.0
43,56,Streaming Random Patches (river),0.9173,0.938,0.9198,0.9149,0.979,0.9712,0.9334,3.2031,3.5347,1952168,0.0,272.38,concept,severe,sudden,False,0.0,
43,56,Two-Tier Hybrid Ensemble,0.7767,0.862,0.9917,0.6383,0.9897,0.9829,0.8175,0.375,0.3748,1506554,0.0,272.38,concept,severe,sudden,False,0.0,0.28
43,56,Warm-Start Ensemble,0.7273,0.838,0.9908,0.5745,0.9838,0.9759,0.7856,0.0312,0.0346,671041,0.0,272.38,concept,severe,sudden,False,0.0,
43,57,Adaptive Random Forest (river),0.0395,0.514,1.0,0.0202,0.8062,0.7835,0.5101,2.1406,2.2227,1909698,0.0,272.38,concept,mild,recovery,False,0.0,
43,57,Component-Selective Ensemble,0.744,0.744,0.7381,0.75,0.8186,0.8127,0.744,0.0156,0.0145,1239593,0.0,193.76,concept,mild,recovery,False,0.0923,
43,57,Continuously Retrained Ensemble,0.7533,0.738,0.7067,0.8065,0.7985,0.7785,0.7385,1.5625,1.5618,1288194,0.0,272.38,concept,mild,recovery,True,0.0,
43,57,Event-Driven Ensemble (ADWIN),0.7533,0.738,0.7067,0.8065,0.7985,0.7785,0.7385,1.625,1.7207,1288194,0.0,272.38,concept,mild,recovery,True,0.0,
43,57,Event-Driven Ensemble (Custom Dual-Trigger),0.744,0.744,0.7381,0.75,0.8186,0.8127,0.744,0.0156,0.0405,1239593,0.0,272.38,concept,mild,recovery,False,0.0923,
43,57,Event-Driven Ensemble (DDM),0.7533,0.738,0.7067,0.8065,0.7985,0.7785,0.7385,1.5469,1.6293,1288194,0.0,272.38,concept,mild,recovery,True,0.0,
43,57,Event-Driven Ensemble (EDDM),0.7533,0.738,0.7067,0.8065,0.7985,0.7785,0.7385,1.3906,1.4375,1288194,0.0,272.38,concept,mild,recovery,True,0.0,
43,57,Event-Driven Ensemble (Page-Hinkley),0.747,0.744,0.7326,0.7621,0.8206,0.8158,0.7441,1.3906,1.4596,1288194,0.0,272.38,concept,mild,recovery,True,0.0,
43,57,Frozen Ensemble,0.7415254237288136,0.756,0.78125,0.7056451612903226,0.8220526113671276,0.8143046406554976,0.7556003584229392,0.015625,0.02141509996727109,1691670,0.0,178.3671875,concept,mild,recovery,False,0.0,0.0
43,57,Frozen Model,0.7383966244725738,0.752,0.7743362831858407,0.7056451612903226,0.8194764464925757,0.8098513729514654,0.7516321044546852,0.0,0.01031880034133792,881472,0.0,178.3671875,concept,mild,recovery,False,0.0,0.0
43,57,Streaming Random Patches (river),0.7415,0.682,0.6213,0.9194,0.7892,0.7543,0.6839,3.8125,3.8459,1205719,0.0,272.38,concept,mild,recovery,False,0.0,
43,57,Two-Tier Hybrid Ensemble,0.7567,0.744,0.7158,0.8024,0.8221,0.818,0.7445,0.4062,0.389,1507827,0.0,272.38,concept,mild,recovery,False,0.0,0.196
43,57,Warm-Start Ensemble,0.5751,0.672,0.8043,0.4476,0.7946,0.7978,0.6702,0.0312,0.0309,671041,0.0,272.38,concept,mild,recovery,False,0.0,
43,58,Adaptive Random Forest (river),0.6611,0.756,0.5587,0.8095,0.8135,0.6276,0.7716,1.9219,1.9674,663402,0.0,272.4,mixed,moderate,recovery,False,0.0,
43,58,Component-Selective Ensemble,0.6953,0.83,0.7348,0.6599,0.8934,0.8015,0.7804,0.0156,0.0192,1239593,0.0,193.76,mixed,moderate,recovery,False,0.0981,
43,58,Continuously Retrained Ensemble,0.6947,0.826,0.7174,0.6735,0.8883,0.7924,0.7815,1.4688,1.5232,1281330,0.0,272.38,mixed,moderate,recovery,True,0.0,
43,58,Event-Driven Ensemble (ADWIN),0.6947,0.826,0.7174,0.6735,0.8883,0.7924,0.7815,1.4688,1.4993,1281330,0.0,272.38,mixed,moderate,recovery,True,0.0,
43,58,Event-Driven Ensemble (Custom Dual-Trigger),0.6953,0.83,0.7348,0.6599,0.8934,0.8015,0.7804,0.0312,0.0404,1239593,0.0,272.38,mixed,moderate,recovery,False,0.0981,
43,58,Event-Driven Ensemble (DDM),0.6947,0.826,0.7174,0.6735,0.8883,0.7924,0.7815,0.0469,0.0331,1288194,0.0,272.38,mixed,moderate,recovery,False,0.0,
43,58,Event-Driven Ensemble (EDDM),0.6947,0.826,0.7174,0.6735,0.8883,0.7924,0.7815,1.4688,1.4553,1281330,0.0,272.38,mixed,moderate,recovery,True,0.0,
43,58,Event-Driven Ensemble (Page-Hinkley),0.6996,0.83,0.7279,0.6735,0.8852,0.7941,0.7843,0.0312,0.0349,1288194,0.0,272.38,mixed,moderate,recovery,False,0.0,
43,58,Frozen Ensemble,0.509090909090909,0.784,0.7671232876712328,0.38095238095238093,0.8755660904588465,0.7363455874472182,0.666396870362876,0.03125,0.0294280000962317,1691670,0.0,178.3671875,mixed,moderate,recovery,False,0.0,0.0
43,58,Frozen Model,0.48847926267281105,0.778,0.7571428571428571,0.36054421768707484,0.8738509568133203,0.7306877337577254,0.656192788730223,0.0,0.00824160035699606,881472,0.0,178.3671875,mixed,moderate,recovery,False,0.0,0.0
43,58,Streaming Random Patches (river),0.6028,0.66,0.4591,0.8776,0.8394,0.706,0.7235,3.9062,3.9907,2603473,0.0,272.4,mixed,moderate,recovery,False,0.0,
43,58,Two-Tier Hybrid Ensemble,0.7021,0.832,0.7333,0.6735,0.8917,0.7934,0.7857,0.3906,0.4152,1539925,0.0,272.4,mixed,moderate,recovery,False,0.0,0.1372
43,58,Warm-Start Ensemble,0.4977,0.786,0.803,0.3605,0.8659,0.7655,0.6619,0.3125,0.3169,719546,0.0,272.38,mixed,moderate,recovery,True,0.0,
43,59,Adaptive Random Forest (river),0.9311,0.874,0.9977,0.873,0.9503,0.9987,0.8948,1.8281,1.8801,567428,0.0,272.43,mixed,severe,sudden,False,0.0,
43,59,Component-Selective Ensemble,0.9857,0.972,0.9798,0.9918,0.964,0.9991,0.5792,0.375,0.3713,1211913,0.0,193.76,mixed,severe,sudden,True,0.3114,
43,59,Continuously Retrained Ensemble,0.9794,0.96,0.9835,0.9754,0.9536,0.9988,0.6544,1.4219,1.4994,1180944,0.0,272.4,mixed,severe,sudden,True,0.0,
43,59,Event-Driven Ensemble (ADWIN),0.9794,0.96,0.9835,0.9754,0.9536,0.9988,0.6544,1.3906,1.4192,1180944,0.0,272.42,mixed,severe,sudden,True,0.0,
43,59,Event-Driven Ensemble (Custom Dual-Trigger),0.9857,0.972,0.9798,0.9918,0.964,0.9991,0.5792,1.3906,1.4422,1180944,0.0,272.42,mixed,severe,sudden,True,0.3114,
43,59,Event-Driven Ensemble (DDM),0.9815,0.964,0.9835,0.9795,0.9539,0.9988,0.6564,0.0469,0.0446,1288194,0.0,272.42,mixed,severe,sudden,False,0.0,
43,59,Event-Driven Ensemble (EDDM),0.9794,0.96,0.9835,0.9754,0.9536,0.9988,0.6544,1.4531,1.4902,1180944,0.0,272.42,mixed,severe,sudden,True,0.0,
43,59,Event-Driven Ensemble (Page-Hinkley),0.9816,0.964,0.9816,0.9816,0.952,0.9988,0.6158,1.3438,1.4218,1180944,0.0,272.42,mixed,severe,sudden,True,0.0,
43,59,Frozen Ensemble,0.917960088691796,0.852,1.0,0.8483606557377049,0.9748975409836067,0.9993700212075031,0.9241803278688525,0.0,0.01486640004441142,1691670,0.0,178.3671875,mixed,severe,sudden,False,0.0,0.0
43,59,Frozen Model,0.9094972067039107,0.838,1.0,0.8340163934426229,0.9699453551912569,0.9992467541533823,0.9170081967213115,0.0,0.007448299787938595,881472,0.0,178.3671875,mixed,severe,sudden,False,0.0,0.0
43,59,Streaming Random Patches (river),0.9846,0.97,0.9836,0.9857,0.952,0.9988,0.6595,3.4219,3.5527,912316,0.0,272.43,mixed,severe,sudden,False,0.0,
43,59,Two-Tier Hybrid Ensemble,0.9867,0.974,0.9817,0.9918,0.9715,0.9993,0.6209,1.5938,1.7229,1251319,0.0,272.44,mixed,severe,sudden,True,0.0,0.4
43,59,Warm-Start Ensemble,0.944,0.896,0.9955,0.8975,0.9399,0.9984,0.8654,0.2812,0.2924,575640,0.0,272.42,mixed,severe,sudden,True,0.0,
44,0,Adaptive Random Forest (river),0.4051,0.254,0.254,1.0,0.8883,0.666,0.5,1.8594,1.9107,300478,0.0,274.41,none,none,stable,False,0.0,
44,0,Component-Selective Ensemble,0.6719,0.832,0.6667,0.6772,0.9006,0.7581,0.7809,0.3906,0.3766,1449234,0.0,192.07,none,none,stable,True,0.0457,
44,0,Continuously Retrained Ensemble,0.6719,0.832,0.6667,0.6772,0.9006,0.7581,0.7809,1.5625,1.592,1277730,0.0,274.42,none,none,stable,True,0.0,
44,0,Event-Driven Ensemble (ADWIN),0.6719,0.832,0.6667,0.6772,0.9006,0.7581,0.7809,1.5,1.6587,1277730,0.0039,273.89,none,none,stable,True,0.0,
44,0,Event-Driven Ensemble (Custom Dual-Trigger),0.6719,0.832,0.6667,0.6772,0.9006,0.7581,0.7809,1.5312,1.6887,1277730,0.0,275.42,none,none,stable,True,0.0457,
44,0,Event-Driven Ensemble (DDM),0.6719,0.832,0.6667,0.6772,0.9006,0.7581,0.7809,1.6094,1.7385,1277730,0.0078,273.9,none,none,stable,True,0.0,
44,0,Event-Driven Ensemble (EDDM),0.6719,0.832,0.6667,0.6772,0.9006,0.7581,0.7809,1.5625,1.7763,1277730,0.0039,273.91,none,none,stable,True,0.0,
44,0,Event-Driven Ensemble (Page-Hinkley),0.6719,0.832,0.6667,0.6772,0.9006,0.7581,0.7809,0.0469,0.0437,1717110,0.0,273.91,none,none,stable,False,0.0,
44,0,Frozen Ensemble,0.671875,0.832,0.6666666666666666,0.6771653543307087,0.9005720799645353,0.7580931965318882,0.7809419264951131,0.015625,0.024086199700832367,1717110,0.0,179.8125,none,none,stable,False,0.0,0.0
44,0,Frozen Model,0.6640926640926641,0.826,0.6515151515151515,0.6771653543307087,0.8991682675054358,0.7562292948820307,0.7769204787739334,0.015625,0.01101280003786087,900672,0.0,179.8125,none,none,stable,False,0.0,0.0
44,0,Streaming Random Patches (river),0.6435,0.836,0.7184,0.5827,0.8728,0.6868,0.7525,4.4844,4.6561,2864725,0.0,274.41,none,none,stable,False,0.0,
44,0,Two-Tier Hybrid Ensemble,0.6692,0.828,0.6541,0.685,0.9001,0.7563,0.7809,1.6406,1.7286,1415267,0.0,274.49,none,none,stable,True,0.0,0.4
44,0,Warm-Start Ensemble,0.6719,0.832,0.6667,0.6772,0.9006,0.7581,0.7809,0.2969,0.3341,1341481,0.0,274.27,none,none,stable,True,0.0,
44,1,Adaptive Random Forest (river),0.0,0.392,0.0,0.0,0.7145,0.8143,0.5,2.0312,2.0615,1288686,0.0,274.5,concept,moderate,sudden,False,0.0,
44,1,Component-Selective Ensemble,0.7558,0.748,0.9198,0.6414,0.8781,0.8921,0.7774,0.0156,0.0311,1449234,0.0,192.86,concept,moderate,sudden,False,0.0922,
44,1,Continuously Retrained Ensemble,0.7327,0.73,0.9204,0.6086,0.8699,0.8743,0.7635,1.4375,1.5032,1276466,0.0039,274.49,concept,moderate,sudden,True,0.0,
44,1,Event-Driven Ensemble (ADWIN),0.7327,0.73,0.9204,0.6086,0.8699,0.8743,0.7635,1.4219,1.4656,1276466,0.0,274.5,concept,moderate,sudden,True,0.0,
44,1,Event-Driven Ensemble (Custom Dual-Trigger),0.7327,0.73,0.9204,0.6086,0.8699,0.8743,0.7635,0.0312,0.0362,1277730,0.0,274.5,concept,moderate,sudden,False,0.0922,
44,1,Event-Driven Ensemble (DDM),0.7327,0.73,0.9204,0.6086,0.8699,0.8743,0.7635,1.3906,1.4417,1276466,0.0,274.5,concept,moderate,sudden,True,0.0,
44,1,Event-Driven Ensemble (EDDM),0.7327,0.73,0.9204,0.6086,0.8699,0.8743,0.7635,1.4531,1.5127,1276466,0.0,274.5,concept,moderate,sudden,True,0.0,
44,1,Event-Driven Ensemble (Page-Hinkley),0.7704,0.758,0.9103,0.6678,0.878,0.8952,0.7829,0.0469,0.038,1717110,0.0,274.5,concept,moderate,sudden,False,0.0,
44,1,Frozen Ensemble,0.7703984819734345,0.758,0.9103139013452914,0.6677631578947368,0.8773831901181526,0.895936883616785,0.7828611707841031,0.015625,0.015958999749273062,1717110,0.0,179.8125,concept,moderate,sudden,False,0.0,0.0
44,1,Frozen Model,0.7657142857142857,0.754,0.9095022624434389,0.6611842105263158,0.8735230934479054,0.896647257770885,0.7795716970998926,0.0,0.006903000175952911,900672,0.0,179.8125,concept,moderate,sudden,False,0.0,0.0
44,1,Streaming Random Patches (river),0.4623,0.558,0.8879,0.3125,0.8335,0.8588,0.6256,4.5625,4.7133,4304370,0.0,274.5,concept,moderate,sudden,False,0.0,
44,1,Two-Tier Hybrid Ensemble,0.8412,0.812,0.8646,0.8191,0.8746,0.8777,0.81,0.2812,0.3022,1479148,0.0,274.48,concept,moderate,sudden,False,0.0,0.28
44,1,Warm-Start Ensemble,0.7364,0.728,0.8962,0.625,0.8542,0.8614,0.7564,0.0469,0.0344,1341481,0.0,274.5,concept,moderate,sudden,False,0.0,
44,2,Adaptive Random Forest (river),0.1938,0.634,0.1325,0.3607,0.4841,0.2291,0.5163,1.9688,2.0167,337926,0.0,268.29,concept,mild,sudden,False,0.0,
44,2,Component-Selective Ensemble,0.2785,0.886,0.6111,0.1803,0.8966,0.5053,0.5822,0.6875,0.7261,1270674,0.0,192.86,concept,mild,sudden,True,0.1037,
44,2,Continuously Retrained Ensemble,0.3297,0.878,0.5,0.2459,0.8905,0.5012,0.6059,1.4219,1.4328,1270674,0.0,274.48,concept,mild,sudden,True,0.0,
44,2,Event-Driven Ensemble (ADWIN),0.3297,0.878,0.5,0.2459,0.8905,0.5012,0.6059,1.6719,1.6679,1270674,0.0,274.48,concept,mild,sudden,True,0.0,
44,2,Event-Driven Ensemble (Custom Dual-Trigger),0.1818,0.874,0.4375,0.1148,0.89,0.4749,0.5471,1.3594,1.4069,1270674,0.0,274.48,concept,mild,sudden,True,0.1037,
44,2,Event-Driven Ensemble (DDM),0.3297,0.878,0.5,0.2459,0.8905,0.5012,0.6059,1.6719,1.7479,1270674,0.0,274.06,concept,mild,sudden,True,0.0,
44,2,Event-Driven Ensemble (EDDM),0.3297,0.878,0.5,0.2459,0.8905,0.5012,0.6059,1.4375,1.4713,1270674,0.0,274.06,concept,mild,sudden,True,0.0,
44,2,Event-Driven Ensemble (Page-Hinkley),0.3,0.888,0.6316,0.1967,0.8958,0.4991,0.5904,1.5,1.5209,1270674,0.0,274.06,concept,mild,sudden,True,0.0,
44,2,Frozen Ensemble,0.27848101265822783,0.886,0.6111111111111112,0.18032786885245902,0.8959259120952985,0.4989171800561175,0.5821912692781658,0.015625,0.01788150006905198,1717110,0.0,179.8125,concept,mild,sudden,False,0.0,0.0
44,2,Frozen Model,0.27848101265822783,0.886,0.6111111111111112,0.18032786885245902,0.8958885694013966,0.48903216940236593,0.5821912692781658,0.0,0.007667299825698137,900672,0.0,179.8125,concept,mild,sudden,False,0.0,0.0
44,2,Streaming Random Patches (river),0.4098,0.856,0.4098,0.4098,0.8268,0.3878,0.6639,4.6875,4.8107,3246872,0.0,268.46,concept,mild,sudden,False,0.0,
44,2,Two-Tier Hybrid Ensemble,0.3218,0.882,0.5385,0.2295,0.8867,0.4722,0.6011,1.8125,1.8527,1503832,0.0,269.23,concept,mild,sudden,True,0.0,0.4
44,2,Warm-Start Ensemble,0.2051,0.876,0.4706,0.1311,0.89,0.4887,0.5553,0.3281,0.3297,889834,0.0,274.06,concept,mild,sudden,True,0.0,
44,3,Adaptive Random Forest (river),0.7375,0.664,0.5885,0.9874,0.7337,0.6911,0.6776,1.9219,1.9686,821395,0.0,271.33,mixed,mild,gradual,False,0.0,
44,3,Component-Selective Ensemble,0.8391,0.832,0.7739,0.9163,0.9094,0.8809,0.8356,0.0156,0.0171,1270674,0.0,192.94,mixed,mild,gradual,False,0.0932,
44,3,Continuously Retrained Ensemble,0.8337,0.826,0.7676,0.9121,0.908,0.8768,0.8296,1.4062,1.425,1272194,0.0,269.58,mixed,mild,gradual,True,0.0,
44,3,Event-Driven Ensemble (ADWIN),0.8337,0.826,0.7676,0.9121,0.908,0.8768,0.8296,0.0469,0.0494,1270674,0.0,271.31,mixed,mild,gradual,False,0.0,
44,3,Event-Driven Ensemble (Custom Dual-Trigger),0.8337,0.826,0.7676,0.9121,0.908,0.8768,0.8296,0.0469,0.048,1270674,0.0,271.31,mixed,mild,gradual,False,0.0932,
44,3,Event-Driven Ensemble (DDM),0.8337,0.826,0.7676,0.9121,0.908,0.8768,0.8296,1.375,1.432,1272194,0.0,271.31,mixed,mild,gradual,True,0.0,
44,3,Event-Driven Ensemble (EDDM),0.8337,0.826,0.7676,0.9121,0.908,0.8768,0.8296,1.4062,1.3991,1272194,0.0,271.32,mixed,mild,gradual,True,0.0,
44,3,Event-Driven Ensemble (Page-Hinkley),0.8324,0.826,0.7714,0.9038,0.9092,0.88,0.8293,0.0469,0.047,1270674,0.0,271.33,mixed,mild,gradual,False,0.0,
44,3,Frozen Ensemble,0.8305785123966942,0.836,0.8204081632653061,0.8410041841004184,0.912630853332051,0.8861712932778913,0.8362109043107456,0.03125,0.023229199927300215,1717110,0.0,179.8125,mixed,mild,gradual,False,0.0,0.0
44,3,Frozen Model,0.8302658486707567,0.834,0.812,0.8493723849372385,0.9115166963240834,0.8879333115151081,0.8346478782923741,0.0,0.00779190007597208,900672,0.0,179.8125,mixed,mild,gradual,False,0.0,0.0
44,3,Streaming Random Patches (river),0.8172,0.804,0.7374,0.9163,0.9016,0.8749,0.8087,4.6094,4.8913,3890316,0.0,271.33,mixed,mild,gradual,False,0.0,
44,3,Two-Tier Hybrid Ensemble,0.8204,0.81,0.7483,0.9079,0.9046,0.8729,0.8141,0.3125,0.3124,1308029,0.0,272.05,mixed,mild,gradual,False,0.0,0.28
44,3,Warm-Start Ensemble,0.8317,0.83,0.7895,0.8787,0.8987,0.8485,0.8321,0.0469,0.0476,889834,0.0,271.33,mixed,mild,gradual,False,0.0,
44,4,Adaptive Random Forest (river),0.0,0.664,0.0,0.0,0.8232,0.6888,0.5,2.1719,2.2297,851068,0.0,272.16,none,none,stable,False,0.0,
44,4,Component-Selective Ensemble,0.6847,0.744,0.584,0.8274,0.835,0.685,0.7646,0.0156,0.0215,1270674,0.0,192.94,none,none,stable,False,0.0382,
44,4,Continuously Retrained Ensemble,0.7002,0.75,0.5863,0.869,0.8347,0.6945,0.7794,1.3906,1.3937,1281506,0.0,272.05,none,none,stable,True,0.0,
44,4,Event-Driven Ensemble (ADWIN),0.6847,0.744,0.584,0.8274,0.835,0.685,0.7646,1.4531,1.5111,1281506,0.0039,272.15,none,none,stable,True,0.0,
44,4,Event-Driven Ensemble (Custom Dual-Trigger),0.6847,0.744,0.584,0.8274,0.835,0.685,0.7646,0.0469,0.0352,1270674,0.0,272.15,none,none,stable,False,0.0382,
44,4,Event-Driven Ensemble (DDM),0.7002,0.75,0.5863,0.869,0.8347,0.6945,0.7794,1.4062,1.491,1281506,0.0,272.15,none,none,stable,True,0.0,
44,4,Event-Driven Ensemble (EDDM),0.7002,0.75,0.5863,0.869,0.8347,0.6945,0.7794,1.4531,1.5193,1281506,0.0,272.16,none,none,stable,True,0.0,
44,4,Event-Driven Ensemble (Page-Hinkley),0.6847,0.744,0.584,0.8274,0.8368,0.6868,0.7646,1.3594,1.3987,1281506,0.0,272.16,none,none,stable,True,0.0,
44,4,Frozen Ensemble,0.6795580110497238,0.768,0.634020618556701,0.7321428571428571,0.8422081181870338,0.7187973145069985,0.7591437177280551,0.015625,0.021080399863421917,1717110,0.0,179.8125,none,none,stable,False,0.0,0.0
44,4,Frozen Model,0.6871508379888268,0.776,0.6473684210526316,0.7321428571428571,0.8416702524383248,0.7206351635838113,0.7651678141135972,0.015625,0.0066130999475717545,900672,0.0,179.8125,none,none,stable,False,0.0,0.0
44,4,Streaming Random Patches (river),0.6828,0.738,0.5755,0.8393,0.8229,0.6363,0.763,5.2031,5.4977,4242599,0.0,272.16,none,none,stable,False,0.0,
44,4,Two-Tier Hybrid Ensemble,0.6995,0.744,0.5775,0.8869,0.8372,0.6871,0.7793,0.1562,0.1664,1308527,0.0,272.18,none,none,stable,False,0.0,0.196
44,4,Warm-Start Ensemble,0.6884,0.752,0.5957,0.8155,0.8153,0.6152,0.7677,0.0312,0.0333,889834,0.0,272.16,none,none,stable,False,0.0,
44,5,Adaptive Random Forest (river),0.2129,0.512,0.1274,0.6471,0.6623,0.3866,0.5719,1.9062,1.9389,488145,0.0,272.39,none,none,stable,False,0.0,
44,5,Component-Selective Ensemble,0.4038,0.876,0.3962,0.4118,0.7889,0.4155,0.6702,0.8125,0.9833,1273954,0.0,192.94,none,none,stable,True,0.1027,
44,5,Continuously Retrained Ensemble,0.3696,0.884,0.4146,0.3333,0.7825,0.4225,0.6399,1.4219,1.4646,1273954,0.0117,272.19,none,none,stable,True,0.0,
44,5,Event-Driven Ensemble (ADWIN),0.3696,0.884,0.4146,0.3333,0.7825,0.4225,0.6399,1.5156,1.4868,1273954,0.0,272.29,none,none,stable,True,0.0,
44,5,Event-Driven Ensemble (Custom Dual-Trigger),0.4038,0.876,0.3962,0.4118,0.7889,0.4155,0.6702,1.4375,1.4426,1273954,0.0,272.29,none,none,stable,True,0.1027,
44,5,Event-Driven Ensemble (DDM),0.3696,0.884,0.4146,0.3333,0.7825,0.4225,0.6399,0.0312,0.0324,1281506,0.0,272.29,none,none,stable,False,0.0,
44,5,Event-Driven Ensemble (EDDM),0.3696,0.884,0.4146,0.3333,0.7825,0.4225,0.6399,1.5312,1.5744,1273954,0.0,272.29,none,none,stable,True,0.0,
44,5,Event-Driven Ensemble (Page-Hinkley),0.3696,0.884,0.4146,0.3333,0.7825,0.4225,0.6399,1.4844,1.5068,1273954,0.0,272.29,none,none,stable,True,0.0,
44,5,Frozen Ensemble,0.3055555555555556,0.9,0.5238095238095238,0.21568627450980393,0.7870212673042492,0.41146210318924004,0.5967072797938775,0.015625,0.026447399985045195,1717110,0.0,179.8125,none,none,stable,False,0.0,0.0
44,5,Frozen Model,0.29333333333333333,0.894,0.4583333333333333,0.21568627450980393,0.7805581029739289,0.3937244680021486,0.5933665225555701,0.015625,0.007491199765354395,900672,0.0,179.8125,none,none,stable,False,0.0,0.0
44,5,Streaming Random Patches (river),0.3421,0.9,0.52,0.2549,0.7452,0.3673,0.6141,3.5625,3.7406,2185727,0.0,272.39,none,none,stable,False,0.0,
44,5,Two-Tier Hybrid Ensemble,0.3883,0.874,0.3846,0.3922,0.7885,0.416,0.6604,1.5938,1.6684,1311880,0.0,272.39,none,none,stable,True,0.0,0.4
44,5,Warm-Start Ensemble,0.3297,0.878,0.375,0.2941,0.796,0.3102,0.6192,0.2969,0.3226,654689,0.0,272.29,none,none,stable,True,0.0,
44,6,Adaptive Random Forest (river),0.0,0.406,0.0,0.0,0.6801,0.6532,0.5,2.2656,2.2713,544301,0.0,272.4,concept,moderate,sudden,False,0.0,
44,6,Component-Selective Ensemble,0.8525,0.838,0.9286,0.7879,0.932,0.9534,0.8496,0.0156,0.0184,1273954,0.0,192.94,concept,moderate,sudden,False,0.0938,
44,6,Continuously Retrained Ensemble,0.8514,0.836,0.9216,0.7912,0.9325,0.9536,0.8464,1.4844,1.5443,1298171,0.0,272.39,concept,moderate,sudden,True,0.0,
44,6,Event-Driven Ensemble (ADWIN),0.8514,0.836,0.9216,0.7912,0.9325,0.9536,0.8464,1.4375,1.4545,1298171,0.0,272.39,concept,moderate,sudden,True,0.0,
44,6,Event-Driven Ensemble (Custom Dual-Trigger),0.8525,0.838,0.9286,0.7879,0.932,0.9534,0.8496,0.0312,0.0425,1273954,0.0,272.39,concept,moderate,sudden,False,0.0938,
44,6,Event-Driven Ensemble (DDM),0.8626,0.842,0.8921,0.835,0.9329,0.9536,0.8436,1.4219,1.4576,1298171,0.0039,272.39,concept,moderate,sudden,True,0.0,
44,6,Event-Driven Ensemble (EDDM),0.8514,0.836,0.9216,0.7912,0.9325,0.9536,0.8464,1.3906,1.4056,1298171,0.0,272.39,concept,moderate,sudden,True,0.0,
44,6,Event-Driven Ensemble (Page-Hinkley),0.8514,0.836,0.9216,0.7912,0.9325,0.9536,0.8464,0.0312,0.0352,1273954,0.0,272.39,concept,moderate,sudden,False,0.0,
44,6,Frozen Ensemble,0.8393194706994329,0.83,0.9568965517241379,0.7474747474747475,0.93897928380687,0.9573500239184014,0.8491068318654525,0.015625,0.023642099928110838,1717110,0.0,179.8125,concept,moderate,sudden,False,0.0,0.0
44,6,Frozen Model,0.8436911487758946,0.834,0.9572649572649573,0.7542087542087542,0.937503109916903,0.9566924043501416,0.8524738352324559,0.015625,0.012935900129377842,900672,0.0,179.8125,concept,moderate,sudden,False,0.0,0.0
44,6,Streaming Random Patches (river),0.5172,0.608,0.9633,0.3535,0.8966,0.9151,0.6669,4.1719,4.2796,3093963,0.0,272.4,concept,moderate,sudden,False,0.0,
44,6,Two-Tier Hybrid Ensemble,0.8725,0.848,0.8696,0.8754,0.9332,0.9539,0.8417,0.2188,0.2362,1376025,0.0,272.4,concept,moderate,sudden,False,0.0,0.28
44,6,Warm-Start Ensemble,0.8277,0.816,0.9325,0.7441,0.9202,0.9443,0.8326,0.0469,0.0425,654689,0.0,272.39,concept,moderate,sudden,False,0.0,
44,7,Adaptive Random Forest (river),0.402,0.762,0.5195,0.3279,0.8403,0.5206,0.615,2.0781,2.1208,458609,0.0,272.73,concept,moderate,recovery,False,0.0,
44,7,Component-Selective Ensemble,0.68,0.84,0.6641,0.6967,0.8973,0.7405,0.7915,0.0312,0.0295,1273954,0.0,192.94,concept,moderate,recovery,False,0.0498,
44,7,Continuously Retrained Ensemble,0.6908,0.846,0.6772,0.7049,0.8924,0.7259,0.7982,1.4375,1.4434,1287106,0.0,272.4,concept,moderate,recovery,True,0.0,
44,7,Event-Driven Ensemble (ADWIN),0.6908,0.846,0.6772,0.7049,0.8924,0.7259,0.7982,1.4375,1.4969,1287106,0.0078,272.67,concept,moderate,recovery,True,0.0,
44,7,Event-Driven Ensemble (Custom Dual-Trigger),0.68,0.84,0.6641,0.6967,0.8973,0.7405,0.7915,0.0312,0.0385,1273954,0.0,272.65,concept,moderate,recovery,False,0.0498,
44,7,Event-Driven Ensemble (DDM),0.6908,0.846,0.6772,0.7049,0.8924,0.7259,0.7982,1.6406,1.6981,1287106,0.0117,272.68,concept,moderate,recovery,True,0.0,
44,7,Event-Driven Ensemble (EDDM),0.6908,0.846,0.6772,0.7049,0.8924,0.7259,0.7982,1.4375,1.4438,1287106,0.0,272.69,concept,moderate,recovery,True,0.0,
44,7,Event-Driven Ensemble (Page-Hinkley),0.6772,0.836,0.6515,0.7049,0.8977,0.7326,0.7916,0.0312,0.0392,1273954,0.0,272.69,concept,moderate,recovery,False,0.0,
44,7,Frozen Ensemble,0.6448598130841121,0.848,0.75,0.5655737704918032,0.9023982999392836,0.7534558262164934,0.7523636048226212,0.03125,0.02109090005978942,1717110,0.0,179.8125,concept,moderate,recovery,False,0.0,0.0
44,7,Frozen Model,0.6320754716981132,0.844,0.7444444444444445,0.5491803278688525,0.9013791308873276,0.7511230323529763,0.7441668835111459,0.015625,0.008881000336259604,900672,0.0,179.8125,concept,moderate,recovery,False,0.0,0.0
44,7,Streaming Random Patches (river),0.6953,0.844,0.6642,0.7295,0.8829,0.7271,0.8052,4.0781,4.258,3323896,0.0,272.73,concept,moderate,recovery,False,0.0,
44,7,Two-Tier Hybrid Ensemble,0.6147,0.832,0.6979,0.5492,0.8972,0.7403,0.7362,0.2188,0.2365,1376845,0.0,272.73,concept,moderate,recovery,False,0.0,0.196
44,7,Warm-Start Ensemble,0.6555,0.836,0.6724,0.6393,0.8825,0.7401,0.7694,0.0312,0.0344,654689,0.0,272.69,concept,moderate,recovery,False,0.0,
44,8,Adaptive Random Forest (river),0.7,0.748,0.5568,0.9423,0.9,0.7854,0.8011,2.2344,2.3821,276198,0.0,272.76,covariate,mild,gradual,False,0.0,
44,8,Component-Selective Ensemble,0.7593,0.844,0.7321,0.7885,0.9088,0.8096,0.8288,0.0156,0.0174,1273954,0.0,192.94,covariate,mild,gradual,False,0.0449,
44,8,Continuously Retrained Ensemble,0.766,0.846,0.7283,0.8077,0.9093,0.8076,0.8355,1.4219,1.4728,1244569,0.0,272.73,covariate,mild,gradual,True,0.0,
44,8,Event-Driven Ensemble (ADWIN),0.766,0.846,0.7283,0.8077,0.9093,0.8076,0.8355,1.5781,1.6657,1244569,0.0,272.76,covariate,mild,gradual,True,0.0,
44,8,Event-Driven Ensemble (Custom Dual-Trigger),0.7593,0.844,0.7321,0.7885,0.9088,0.8096,0.8288,0.0625,0.0562,1273954,0.0,272.76,covariate,mild,gradual,False,0.0449,
44,8,Event-Driven Ensemble (DDM),0.766,0.846,0.7283,0.8077,0.9093,0.8076,0.8355,1.4531,1.5017,1244569,0.0,272.76,covariate,mild,gradual,True,0.0,
44,8,Event-Driven Ensemble (EDDM),0.766,0.846,0.7283,0.8077,0.9093,0.8076,0.8355,1.4062,1.4733,1244569,0.0,272.76,covariate,mild,gradual,True,0.0,
44,8,Event-Driven Ensemble (Page-Hinkley),0.7593,0.844,0.7321,0.7885,0.9088,0.8096,0.8288,1.4844,1.5269,1244569,0.0,272.76,covariate,mild,gradual,True,0.0,
44,8,Frozen Ensemble,0.7532467532467533,0.848,0.7631578947368421,0.7435897435897436,0.9109831544424568,0.8213582129333586,0.819469290399523,0.0,0.02738500013947487,1717110,0.0,179.8125,covariate,mild,gradual,False,0.0,0.0
44,8,Frozen Model,0.7579617834394905,0.848,0.7531645569620253,0.7628205128205128,0.9110390578413835,0.8201547212641134,0.8247242098986285,0.0,0.005267799831926823,900672,0.0,179.8125,covariate,mild,gradual,False,0.0,0.0
44,8,Streaming Random Patches (river),0.732,0.792,0.6121,0.9103,0.9001,0.7949,0.8243,4.8438,5.0336,3513731,0.0,272.76,covariate,mild,gradual,False,0.0,
44,8,Two-Tier Hybrid Ensemble,0.7636,0.844,0.7241,0.8077,0.9078,0.8076,0.8341,0.3906,0.379,1376668,0.0,272.76,covariate,mild,gradual,False,0.0,0.1372
44,8,Warm-Start Ensemble,0.75,0.852,0.7929,0.7115,0.9044,0.7881,0.8136,0.0469,0.0494,654689,0.0,272.76,covariate,mild,gradual,False,0.0,
44,9,Adaptive Random Forest (river),0.0,0.11,0.0,0.0,0.5682,0.7511,0.5,1.5156,1.5365,432712,0.0,272.9,mixed,severe,recovery,False,0.0,
44,9,Component-Selective Ensemble,0.9541,0.918,0.9509,0.9573,0.872,0.9801,0.7787,0.2656,0.2823,1274674,0.0,192.94,mixed,severe,recovery,True,0.2478,
44,9,Continuously Retrained Ensemble,0.9392,0.892,0.9413,0.9371,0.8545,0.9774,0.7322,1.6406,1.7409,1189856,0.0117,272.76,mixed,severe,recovery,True,0.0,
44,9,Event-Driven Ensemble (ADWIN),0.9392,0.892,0.9413,0.9371,0.8545,0.9774,0.7322,1.4062,1.4486,1189856,0.0,272.86,mixed,severe,recovery,True,0.0,
44,9,Event-Driven Ensemble (Custom Dual-Trigger),0.9541,0.918,0.9509,0.9573,0.872,0.9801,0.7787,1.6562,1.6976,1189856,0.0,272.82,mixed,severe,recovery,True,0.2478,
44,9,Event-Driven Ensemble (DDM),0.9392,0.892,0.9413,0.9371,0.8545,0.9774,0.7322,1.3594,1.4475,1189856,0.0,272.86,mixed,severe,recovery,True,0.0,
44,9,Event-Driven Ensemble (EDDM),0.9392,0.892,0.9413,0.9371,0.8545,0.9774,0.7322,1.4531,1.4937,1189856,0.0,272.86,mixed,severe,recovery,True,0.0,
44,9,Event-Driven Ensemble (Page-Hinkley),0.9428,0.898,0.9417,0.9438,0.8809,0.9835,0.7355,1.4375,1.4324,1189856,0.0,272.86,mixed,severe,recovery,True,0.0,
44,9,Frozen Ensemble,0.9559322033898305,0.922,0.9613636363636363,0.950561797752809,0.9396118488253319,0.9922107969143306,0.82073544433095,0.015625,0.022878999821841717,1717110,0.0,179.8125,mixed,severe,recovery,False,0.0,0.0
44,9,Frozen Model,0.9547511312217195,0.92,0.9612756264236902,0.9483146067415731,0.9363840653728295,0.99164405815193,0.819611848825332,0.015625,0.02060210006311536,900672,0.0,179.8125,mixed,severe,recovery,False,0.0,0.0
44,9,Streaming Random Patches (river),0.9189,0.862,0.9631,0.8787,0.9039,0.9852,0.803,3.2344,3.3649,968903,0.0,272.9,mixed,severe,recovery,False,0.0,
44,9,Two-Tier Hybrid Ensemble,0.9589,0.926,0.9474,0.9708,0.8745,0.9806,0.7672,1.625,1.6464,1260041,0.0,272.9,mixed,severe,recovery,True,0.0,0.4
44,9,Warm-Start Ensemble,0.9039,0.838,0.9573,0.8562,0.8945,0.9859,0.7735,0.2969,0.3099,592872,0.0039,272.86,mixed,severe,recovery,True,0.0,
44,10,Adaptive Random Forest (river),0.3394,0.712,0.5522,0.245,0.7265,0.5461,0.5795,2.1562,2.2138,898444,0.0,272.91,mixed,moderate,recovery,False,0.0,
44,10,Component-Selective Ensemble,0.585,0.79,0.7255,0.4901,0.8715,0.7163,0.7049,0.7188,0.7647,1212377,0.0,192.94,mixed,moderate,recovery,True,0.0931,
44,10,Continuously Retrained Ensemble,0.6466,0.812,0.7478,0.5695,0.8733,0.7556,0.7432,1.375,1.4006,1212377,0.0,272.91,mixed,moderate,recovery,True,0.0,
44,10,Event-Driven Ensemble (ADWIN),0.6466,0.812,0.7478,0.5695,0.8733,0.7556,0.7432,1.4531,1.4952,1212377,0.0,272.91,mixed,moderate,recovery,True,0.0,
44,10,Event-Driven Ensemble (Custom Dual-Trigger),0.626,0.804,0.7387,0.543,0.8728,0.7543,0.73,1.4844,1.5004,1212377,0.0,272.91,mixed,moderate,recovery,True,0.0931,
44,10,Event-Driven Ensemble (DDM),0.6466,0.812,0.7478,0.5695,0.8733,0.7556,0.7432,1.6406,1.6673,1212377,0.0,272.91,mixed,moderate,recovery,True,0.0,
44,10,Event-Driven Ensemble (EDDM),0.6466,0.812,0.7478,0.5695,0.8733,0.7556,0.7432,1.7188,1.9742,1212377,0.0,272.91,mixed,moderate,recovery,True,0.0,
44,10,Event-Driven Ensemble (Page-Hinkley),0.6466,0.812,0.7478,0.5695,0.8733,0.7556,0.7432,0.0469,0.0456,1189856,0.0,272.91,mixed,moderate,recovery,False,0.0,
44,10,Frozen Ensemble,0.5502183406113537,0.794,0.8076923076923077,0.41721854304635764,0.8753486783430425,0.7601864318378887,0.6871193001764739,0.015625,0.03330429969355464,1717110,0.0,179.8125,mixed,moderate,recovery,False,0.0,0.0
44,10,Frozen Model,0.5882352941176471,0.804,0.8045977011494253,0.46357615894039733,0.8777016641682005,0.7656678098999535,0.7074327786105998,0.015625,0.01349289994686842,900672,0.0,179.8125,mixed,moderate,recovery,False,0.0,0.0
44,10,Streaming Random Patches (river),0.4365,0.716,0.5446,0.3642,0.7327,0.4837,0.6162,4.3906,4.6992,2227376,0.0,272.91,mixed,moderate,recovery,False,0.0,
44,10,Two-Tier Hybrid Ensemble,0.6596,0.808,0.7099,0.6159,0.8736,0.7596,0.7535,1.7969,1.865,1283229,0.0,272.91,mixed,moderate,recovery,True,0.0,0.4
44,10,Warm-Start Ensemble,0.7407,0.846,0.7534,0.7285,0.8753,0.7718,0.8127,0.0312,0.0312,592872,0.0,272.91,mixed,moderate,recovery,False,0.0,
44,11,Adaptive Random Forest (river),0.7973,0.822,0.7576,0.8413,0.8712,0.8022,0.8248,3.2188,3.5638,719340,0.0,272.91,none,none,stable,False,0.0,
44,11,Component-Selective Ensemble,0.8161,0.836,0.7647,0.875,0.8987,0.8144,0.8416,0.0156,0.0255,1212377,0.0,192.94,none,none,stable,False,0.0407,
44,11,Continuously Retrained Ensemble,0.8222,0.84,0.7645,0.8894,0.8991,0.8194,0.8471,1.6094,1.6908,1195433,0.0,272.91,none,none,stable,True,0.0,
44,11,Event-Driven Ensemble (ADWIN),0.8222,0.84,0.7645,0.8894,0.8991,0.8194,0.8471,1.6719,1.7225,1195433,0.0,272.91,none,none,stable,True,0.0,
44,11,Event-Driven Ensemble (Custom Dual-Trigger),0.8186,0.836,0.7582,0.8894,0.8993,0.818,0.8437,0.0312,0.0368,1212377,0.0,272.91,none,none,stable,False,0.0407,
44,11,Event-Driven Ensemble (DDM),0.8222,0.84,0.7645,0.8894,0.8991,0.8194,0.8471,1.6875,1.8835,1195433,0.0,272.91,none,none,stable,True,0.0,
44,11,Event-Driven Ensemble (EDDM),0.8222,0.84,0.7645,0.8894,0.8991,0.8194,0.8471,1.5156,1.6418,1195433,0.0,272.91,none,none,stable,True,0.0,
44,11,Event-Driven Ensemble (Page-Hinkley),0.8135,0.834,0.7637,0.8702,0.8969,0.8143,0.8392,0.0469,0.047,1189856,0.0,272.91,none,none,stable,False,0.0,
44,11,Frozen Ensemble,0.8055555555555556,0.832,0.7767857142857143,0.8365384615384616,0.9007837197049526,0.8222023238052983,0.8326527924130664,0.015625,0.03816780028864741,1717110,0.0,179.8125,none,none,stable,False,0.0,0.0
44,11,Frozen Model,0.8083140877598153,0.834,0.7777777777777778,0.8413461538461539,0.9007013962065332,0.821068262517012,0.8350566385669125,0.015625,0.013839500024914742,900672,0.0,179.8125,none,none,stable,False,0.0,0.0
44,11,Streaming Random Patches (river),0.7733,0.81,0.7678,0.7788,0.8567,0.7536,0.8055,6.2344,6.5624,3909156,0.0,272.91,none,none,stable,False,0.0,
44,11,Two-Tier Hybrid Ensemble,0.7991,0.82,0.7458,0.8606,0.8982,0.817,0.8258,0.2031,0.1932,1283809,0.0,272.91,none,none,stable,False,0.0,0.28
44,11,Warm-Start Ensemble,0.8172,0.838,0.7702,0.8702,0.8918,0.7876,0.8426,0.0469,0.042,592872,0.0,272.91,none,none,stable,False,0.0,
44,12,Adaptive Random Forest (river),0.0,0.364,0.0,0.0,0.8072,0.8161,0.5,2.3594,2.4256,435930,0.0,273.05,covariate,severe,gradual,False,0.0,
44,12,Component-Selective Ensemble,0.8941,0.856,0.8398,0.956,0.9274,0.9542,0.8186,0.1406,0.1417,1252066,0.0,192.94,covariate,severe,gradual,True,0.2008,
44,12,Continuously Retrained Ensemble,0.8886,0.848,0.8324,0.9528,0.9287,0.9562,0.8088,1.7188,1.7304,1230665,0.0,272.91,covariate,severe,gradual,True,0.0,
44,12,Event-Driven Ensemble (ADWIN),0.8886,0.848,0.8324,0.9528,0.9287,0.9562,0.8088,1.7031,1.8471,1230665,0.0,272.91,covariate,severe,gradual,True,0.0,
44,12,Event-Driven Ensemble (Custom Dual-Trigger),0.8912,0.852,0.837,0.9528,0.9282,0.9551,0.8143,1.7344,1.805,1230665,0.0,272.91,covariate,severe,gradual,True,0.2008,
44,12,Event-Driven Ensemble (DDM),0.8886,0.848,0.8324,0.9528,0.9287,0.9562,0.8088,1.8125,1.9802,1230665,0.0039,272.91,covariate,severe,gradual,True,0.0,
44,12,Event-Driven Ensemble (EDDM),0.8886,0.848,0.8324,0.9528,0.9287,0.9562,0.8088,1.75,1.877,1230665,0.0,272.91,covariate,severe,gradual,True,0.0,
44,12,Event-Driven Ensemble (Page-Hinkley),0.895,0.862,0.8673,0.9245,0.9301,0.9562,0.8386,0.0312,0.0533,1189856,0.0,272.91,covariate,severe,gradual,False,0.0,
44,12,Frozen Ensemble,0.8826291079812206,0.85,0.8785046728971962,0.8867924528301887,0.9034833091436866,0.9035759710717961,0.8362533692722371,0.03125,0.026374900247901678,1717110,0.0,179.8125,covariate,severe,gradual,False,0.0,0.0
44,12,Frozen Model,0.8829953198127926,0.85,0.8761609907120743,0.889937106918239,0.8992501209482342,0.8945994813672243,0.8350784435690096,0.0,0.013071199879050255,900672,0.0,179.8125,covariate,severe,gradual,False,0.0,0.0
44,12,Streaming Random Patches (river),0.8876,0.85,0.8481,0.9308,0.8979,0.9056,0.8198,6.0156,6.2089,4983738,0.0039,273.05,covariate,severe,gradual,False,0.0,
44,12,Two-Tier Hybrid Ensemble,0.8939,0.858,0.8519,0.9403,0.9286,0.9553,0.8273,1.8594,1.8986,1333505,0.0,273.29,covariate,severe,gradual,True,0.0,0.4
44,12,Warm-Start Ensemble,0.8899,0.848,0.8253,0.9654,0.9081,0.9141,0.8041,0.4219,0.4255,591272,0.0039,272.91,covariate,severe,gradual,True,0.0,
44,13,Adaptive Random Forest (river),0.9733,0.948,0.948,1.0,0.9164,0.995,0.5,2.0781,2.1693,546220,0.0,273.35,mixed,severe,sudden,False,0.0,
44,13,Component-Selective Ensemble,0.9752,0.952,0.9573,0.9937,0.9488,0.997,0.593,0.125,0.1207,1230137,0.0,193.05,mixed,severe,sudden,True,0.2233,
44,13,Continuously Retrained Ensemble,0.9741,0.95,0.9572,0.9916,0.9335,0.9961,0.5919,1.6094,1.6306,1212377,0.0078,273.31,mixed,severe,sudden,True,0.0,
44,13,Event-Driven Ensemble (ADWIN),0.9741,0.95,0.9572,0.9916,0.9335,0.9961,0.5919,1.6875,1.7226,1212377,0.0,273.34,mixed,severe,sudden,True,0.0,
44,13,Event-Driven Ensemble (Custom Dual-Trigger),0.9741,0.95,0.9572,0.9916,0.926,0.9956,0.5919,1.5469,1.5637,1212377,0.0,273.34,mixed,severe,sudden,True,0.2233,
44,13,Event-Driven Ensemble (DDM),0.9741,0.95,0.9572,0.9916,0.9335,0.9961,0.5919,0.0469,0.0462,1230665,0.0,273.34,mixed,severe,sudden,False,0.0,
44,13,Event-Driven Ensemble (EDDM),0.9741,0.95,0.9572,0.9916,0.9335,0.9961,0.5919,1.6406,1.7271,1212377,0.0,273.34,mixed,severe,sudden,True,0.0,
44,13,Event-Driven Ensemble (Page-Hinkley),0.9392,0.89,0.9861,0.8966,0.9436,0.9967,0.8329,1.7344,1.7941,1212377,0.0,273.34,mixed,severe,sudden,True,0.0,
44,13,Frozen Ensemble,0.8968713789107764,0.822,0.9948586118251928,0.8164556962025317,0.9374391431353457,0.996411574798961,0.8697663096397275,0.015625,0.03433599974960089,1717110,0.0,179.8125,mixed,severe,sudden,False,0.0,0.0
44,13,Frozen Model,0.9136363636363637,0.848,0.9901477832512315,0.8481012658227848,0.936222005842259,0.9963090713378413,0.8471275559883155,0.015625,0.01763959974050522,900672,0.0,179.8125,mixed,severe,sudden,False,0.0,0.0
44,13,Streaming Random Patches (river),0.9656,0.936,0.9846,0.9473,0.9152,0.9947,0.839,5.1562,5.4294,1624576,0.0,273.35,mixed,severe,sudden,False,0.0,
44,13,Two-Tier Hybrid Ensemble,0.9733,0.948,0.9498,0.9979,0.9199,0.9952,0.5182,1.9062,1.9902,1315448,0.0,273.35,mixed,severe,sudden,True,0.0,0.4
44,13,Warm-Start Ensemble,0.972,0.946,0.9552,0.9895,0.9275,0.9957,0.5716,0.3594,0.3712,533647,0.0,273.34,mixed,severe,sudden,True,0.0,
44,14,Adaptive Random Forest (river),0.7923,0.656,0.656,1.0,0.7459,0.8768,0.5,2.9531,3.1404,976426,0.0,273.48,covariate,moderate,gradual,False,0.0,
44,14,Component-Selective Ensemble,0.8161,0.716,0.7095,0.9604,0.7967,0.8785,0.6052,0.1094,0.1179,1258626,0.0,193.05,covariate,moderate,gradual,True,0.1971,
44,14,Continuously Retrained Ensemble,0.8212,0.724,0.714,0.9665,0.8029,0.8772,0.614,1.7188,1.7465,1250313,0.0,273.35,covariate,moderate,gradual,True,0.0,
44,14,Event-Driven Ensemble (ADWIN),0.8212,0.724,0.714,0.9665,0.8029,0.8772,0.614,1.625,1.6116,1250313,0.0,273.36,covariate,moderate,gradual,True,0.0,
44,14,Event-Driven Ensemble (Custom Dual-Trigger),0.8212,0.724,0.714,0.9665,0.8029,0.8772,0.614,1.6406,1.7548,1250313,0.0,273.36,covariate,moderate,gradual,True,0.1971,
44,14,Event-Driven Ensemble (DDM),0.824,0.73,0.7198,0.9634,0.8106,0.8754,0.6241,1.4688,1.5568,1250313,0.0,273.36,covariate,moderate,gradual,True,0.0,
44,14,Event-Driven Ensemble (EDDM),0.8212,0.724,0.714,0.9665,0.8029,0.8772,0.614,1.4375,1.4773,1250313,0.0,273.36,covariate,moderate,gradual,True,0.0,
44,14,Event-Driven Ensemble (Page-Hinkley),0.8195,0.718,0.7064,0.9756,0.8064,0.8779,0.6012,1.5781,1.7686,1250313,0.0,273.36,covariate,moderate,gradual,True,0.0,
44,14,Frozen Ensemble,0.8243626062322946,0.752,0.7698412698412699,0.8871951219512195,0.8080509075439593,0.8811608268416338,0.6906905842314237,0.03125,0.025244800373911858,1717110,0.0,179.8125,covariate,moderate,gradual,False,0.0,0.0
44,14,Frozen Model,0.8193103448275862,0.738,0.7481108312342569,0.9054878048780488,0.8010847986386841,0.8700507161989167,0.6620462280204198,0.015625,0.018755299970507622,900672,0.0,179.8125,covariate,moderate,gradual,False,0.0,0.0
44,14,Streaming Random Patches (river),0.7923,0.656,0.656,1.0,0.782,0.8656,0.5,4.2969,4.5446,1292426,0.0,273.48,covariate,moderate,gradual,False,0.0,
44,14,Two-Tier Hybrid Ensemble,0.7966,0.666,0.6633,0.997,0.802,0.877,0.5159,1.6719,1.7284,1352505,0.0,273.48,covariate,moderate,gradual,True,0.0,0.4
44,14,Warm-Start Ensemble,0.7981,0.668,0.664,1.0,0.7924,0.8504,0.5174,0.4062,0.4292,635057,0.0,273.36,covariate,moderate,gradual,True,0.0,
44,15,Adaptive Random Forest (river),0.8197,0.824,0.995,0.6969,0.884,0.9402,0.8461,2.0156,2.1823,245842,0.0,273.5,mixed,severe,gradual,False,0.0,
44,15,Component-Selective Ensemble,0.951,0.944,0.9544,0.9477,0.986,0.9902,0.9434,0.0156,0.0162,1258626,0.0,193.05,mixed,severe,gradual,False,0.1334,
44,15,Continuously Retrained Ensemble,0.9527,0.946,0.9577,0.9477,0.9866,0.9899,0.9457,1.6094,1.6529,1222329,0.0,273.48,mixed,severe,gradual,True,0.0,
44,15,Event-Driven Ensemble (ADWIN),0.9527,0.946,0.9577,0.9477,0.9866,0.9899,0.9457,1.4062,1.425,1222329,0.0,273.5,mixed,severe,gradual,True,0.0,
44,15,Event-Driven Ensemble (Custom Dual-Trigger),0.9527,0.946,0.9577,0.9477,0.9866,0.9899,0.9457,0.0312,0.054,1250313,0.0,273.48,mixed,severe,gradual,False,0.1334,
44,15,Event-Driven Ensemble (DDM),0.9527,0.946,0.9577,0.9477,0.9866,0.9899,0.9457,0.0312,0.0311,1250313,0.0,273.5,mixed,severe,gradual,False,0.0,
44,15,Event-Driven Ensemble (EDDM),0.9527,0.946,0.9577,0.9477,0.9866,0.9899,0.9457,1.3438,1.4456,1222329,0.0,273.5,mixed,severe,gradual,True,0.0,
44,15,Event-Driven Ensemble (Page-Hinkley),0.9527,0.946,0.9577,0.9477,0.9866,0.9899,0.9457,0.0625,0.0404,1250313,0.0,273.5,mixed,severe,gradual,False,0.0,
44,15,Frozen Ensemble,0.9138576779026217,0.908,0.9878542510121457,0.8501742160278746,0.9893180219528553,0.9924607615104775,0.9180448544928106,0.03125,0.0267277997918427,1717110,0.0,179.8125,mixed,severe,gradual,False,0.0,0.0
44,15,Frozen Model,0.9202226345083488,0.914,0.9841269841269841,0.8641114982578397,0.9884673897040781,0.9920498717179682,0.9226660777674175,0.015625,0.01061150012537837,900672,0.0,179.8125,mixed,severe,gradual,False,0.0,0.0
44,15,Streaming Random Patches (river),0.73,0.608,0.6036,0.9233,0.8417,0.9164,0.5532,3.9531,4.0692,1969866,0.0,273.5,mixed,severe,gradual,False,0.0,
44,15,Two-Tier Hybrid Ensemble,0.9505,0.944,0.9642,0.9373,0.9874,0.991,0.9452,0.2188,0.2172,1321042,0.0,273.5,mixed,severe,gradual,False,0.0,0.28
44,15,Warm-Start Ensemble,0.8833,0.86,0.8466,0.9233,0.9586,0.974,0.849,0.0312,0.0342,635057,0.0,273.5,mixed,severe,gradual,False,0.0,
44,16,Adaptive Random Forest (river),0.5272,0.358,0.358,1.0,0.9692,0.9447,0.5,1.8438,1.9135,619211,0.0,273.5,concept,severe,recovery,False,0.0,
44,16,Component-Selective Ensemble,0.8743,0.916,0.9419,0.8156,0.9775,0.9659,0.8938,0.0156,0.0177,1258626,0.0,193.05,concept,severe,recovery,False,0.048,
44,16,Continuously Retrained Ensemble,0.8769,0.918,0.9481,0.8156,0.9733,0.9605,0.8954,1.4219,1.4507,1227881,0.0,273.5,concept,severe,recovery,True,0.0,
44,16,Event-Driven Ensemble (ADWIN),0.8769,0.918,0.9481,0.8156,0.9733,0.9605,0.8954,0.0312,0.0348,1222329,0.0,273.5,concept,severe,recovery,False,0.0,
44,16,Event-Driven Ensemble (Custom Dual-Trigger),0.8589,0.908,0.9524,0.7821,0.9767,0.9677,0.8802,0.0469,0.0477,1250313,0.0,273.5,concept,severe,recovery,False,0.048,
44,16,Event-Driven Ensemble (DDM),0.8589,0.908,0.9524,0.7821,0.9767,0.9677,0.8802,1.4219,1.4566,1227881,0.0,273.5,concept,severe,recovery,True,0.0,
44,16,Event-Driven Ensemble (EDDM),0.8769,0.918,0.9481,0.8156,0.9733,0.9605,0.8954,1.3906,1.4708,1227881,0.0,273.5,concept,severe,recovery,True,0.0,
44,16,Event-Driven Ensemble (Page-Hinkley),0.8589,0.908,0.9524,0.7821,0.9767,0.9677,0.8802,0.0312,0.0319,1250313,0.0,273.5,concept,severe,recovery,False,0.0,
44,16,Frozen Ensemble,0.8205128205128205,0.888,0.9624060150375939,0.7150837988826816,0.9795158286778398,0.9686560913655763,0.8497537374475713,0.0,0.03099139966070652,1717110,0.0,179.8125,concept,severe,recovery,False,0.0,0.0
44,16,Frozen Model,0.8227848101265823,0.888,0.948905109489051,0.7262569832402235,0.9788718912615952,0.9678541004035465,0.8522250648288345,0.015625,0.012974999845027924,900672,0.0,179.8125,concept,severe,recovery,False,0.0,0.0
44,16,Streaming Random Patches (river),0.8705,0.9,0.8116,0.9385,0.9664,0.9545,0.9085,3.7656,3.9303,2729072,0.0,273.5,concept,severe,recovery,False,0.0,
44,16,Two-Tier Hybrid Ensemble,0.858,0.908,0.9586,0.7765,0.9763,0.9659,0.8789,0.2031,0.1976,1321728,0.0,273.5,concept,severe,recovery,False,0.0,0.196
44,16,Warm-Start Ensemble,0.8883,0.918,0.867,0.9106,0.9711,0.9596,0.9164,0.0469,0.056,635057,0.0,273.5,concept,severe,recovery,False,0.0,
44,17,Adaptive Random Forest (river),0.7491,0.708,0.6547,0.8755,0.7889,0.7503,0.7087,2.125,2.1925,1393771,0.0,273.51,concept,mild,recovery,False,0.0,
44,17,Component-Selective Ensemble,0.7686,0.758,0.7336,0.8072,0.8259,0.8083,0.7582,0.3281,0.3183,1262786,0.0,193.05,concept,mild,recovery,True,0.0915,
44,17,Continuously Retrained Ensemble,0.7794,0.752,0.6997,0.8795,0.818,0.7862,0.7525,1.5156,1.5298,1209833,0.0,273.5,concept,mild,recovery,True,0.0,
44,17,Event-Driven Ensemble (ADWIN),0.7784,0.762,0.7257,0.8394,0.8203,0.801,0.7623,1.7188,1.7882,1209833,0.0,273.5,concept,mild,recovery,True,0.0,
44,17,Event-Driven Ensemble (Custom Dual-Trigger),0.7663,0.756,0.7326,0.8032,0.8206,0.7951,0.7562,0.0469,0.0391,1250313,0.0,273.5,concept,mild,recovery,False,0.0915,
44,17,Event-Driven Ensemble (DDM),0.7794,0.752,0.6997,0.8795,0.818,0.7862,0.7525,1.4375,1.4906,1209833,0.0,273.5,concept,mild,recovery,True,0.0,
44,17,Event-Driven Ensemble (EDDM),0.7794,0.752,0.6997,0.8795,0.818,0.7862,0.7525,1.3906,1.4505,1209833,0.0,273.5,concept,mild,recovery,True,0.0,
44,17,Event-Driven Ensemble (Page-Hinkley),0.7663,0.756,0.7326,0.8032,0.8206,0.7951,0.7562,1.4375,1.4623,1209833,0.0,273.5,concept,mild,recovery,True,0.0,
44,17,Frozen Ensemble,0.7161016949152542,0.732,0.757847533632287,0.678714859437751,0.8200291204659275,0.7998945124941583,0.7317877086033376,0.03125,0.043546900153160095,1717110,0.0,179.8125,concept,mild,recovery,False,0.0,0.0
44,17,Frozen Model,0.7127882599580713,0.726,0.7456140350877193,0.6827309236947792,0.817797084753356,0.7993807829206585,0.7258276132418119,0.015625,0.015171000268310308,900672,0.0,179.8125,concept,mild,recovery,False,0.0,0.0
44,17,Streaming Random Patches (river),0.748,0.69,0.6284,0.9237,0.8185,0.7814,0.6909,4.625,4.7622,2010335,0.0,273.51,concept,mild,recovery,False,0.0,
44,17,Two-Tier Hybrid Ensemble,0.7727,0.74,0.6842,0.8876,0.8197,0.7942,0.7406,0.2344,0.2232,1321091,0.0,273.51,concept,mild,recovery,False,0.0,0.1372
44,17,Warm-Start Ensemble,0.7542,0.704,0.6431,0.9116,0.8099,0.7932,0.7048,0.2812,0.3012,765699,0.0,273.5,concept,mild,recovery,True,0.0,
44,18,Adaptive Random Forest (river),0.6353,0.876,0.7606,0.5455,0.8436,0.7071,0.7515,1.9688,2.0426,440583,0.0,273.63,mixed,mild,gradual,False,0.0,
44,18,Component-Selective Ensemble,0.6514,0.878,0.75,0.5758,0.894,0.7624,0.7642,0.6875,0.7271,1253074,0.0039,193.05,mixed,mild,gradual,True,0.0917,
44,18,Continuously Retrained Ensemble,0.6552,0.88,0.76,0.5758,0.8902,0.7552,0.7654,1.4375,1.4334,1225545,0.0,273.51,mixed,mild,gradual,True,0.0,
44,18,Event-Driven Ensemble (ADWIN),0.6778,0.884,0.7531,0.6162,0.8942,0.7621,0.7831,1.4219,1.4851,1225545,0.0,273.51,mixed,mild,gradual,True,0.0,
44,18,Event-Driven Ensemble (Custom Dual-Trigger),0.6135,0.874,0.7812,0.5051,0.889,0.75,0.7351,1.3594,1.4632,1225545,0.0,273.51,mixed,mild,gradual,True,0.0917,
44,18,Event-Driven Ensemble (DDM),0.6552,0.88,0.76,0.5758,0.8902,0.7552,0.7654,1.4531,1.5433,1225545,0.0,273.51,mixed,mild,gradual,True,0.0,
44,18,Event-Driven Ensemble (EDDM),0.6552,0.88,0.76,0.5758,0.8902,0.7552,0.7654,1.3906,1.4076,1225545,0.0,273.51,mixed,mild,gradual,True,0.0,
44,18,Event-Driven Ensemble (Page-Hinkley),0.6778,0.884,0.7531,0.6162,0.8942,0.7621,0.7831,0.0156,0.0341,1209833,0.0,273.51,mixed,mild,gradual,False,0.0,
44,18,Frozen Ensemble,0.620253164556962,0.88,0.8305084745762712,0.494949494949495,0.898410539308295,0.7675234754986382,0.735005919544573,0.015625,0.039572800043970346,1717110,0.0,179.8125,mixed,mild,gradual,False,0.0,0.0
44,18,Frozen Model,0.654320987654321,0.888,0.8412698412698413,0.5353535353535354,0.8998715332879921,0.7653877879381992,0.7552079397465932,0.015625,0.01278149988502264,900672,0.0,179.8125,mixed,mild,gradual,False,0.0,0.0
44,18,Streaming Random Patches (river),0.659,0.882,0.7703,0.5758,0.8493,0.6571,0.7667,4.0312,4.2807,2729672,0.0,273.63,mixed,mild,gradual,False,0.0,
44,18,Two-Tier Hybrid Ensemble,0.6596,0.872,0.6966,0.6263,0.8891,0.7495,0.7795,1.8438,1.8516,1295693,0.0,273.63,mixed,mild,gradual,True,0.0,0.4
44,18,Warm-Start Ensemble,0.6811,0.882,0.7326,0.6364,0.841,0.7105,0.7895,0.3438,0.3369,764035,0.0,273.51,mixed,mild,gradual,True,0.0,
44,19,Adaptive Random Forest (river),0.6376,0.468,0.468,1.0,0.8558,0.8055,0.5,2.6562,2.6815,1097156,0.0,273.66,covariate,mild,recovery,False,0.0,
44,19,Component-Selective Ensemble,0.8402,0.838,0.7802,0.9103,0.9047,0.8721,0.8423,0.0156,0.0301,1253074,0.0,193.06,covariate,mild,recovery,False,0.0845,
44,19,Continuously Retrained Ensemble,0.8396,0.838,0.7823,0.906,0.904,0.8698,0.8421,1.4219,1.5168,1237042,0.0,273.63,covariate,mild,recovery,True,0.0,
44,19,Event-Driven Ensemble (ADWIN),0.8396,0.838,0.7823,0.906,0.904,0.8698,0.8421,0.0312,0.0325,1225545,0.0,273.63,covariate,mild,recovery,False,0.0,
44,19,Event-Driven Ensemble (Custom Dual-Trigger),0.8396,0.838,0.7823,0.906,0.904,0.8698,0.8421,0.0312,0.0359,1225545,0.0,273.63,covariate,mild,recovery,False,0.0845,
44,19,Event-Driven Ensemble (DDM),0.8396,0.838,0.7823,0.906,0.904,0.8698,0.8421,1.4531,1.481,1237042,0.0,273.63,covariate,mild,recovery,True,0.0,
44,19,Event-Driven Ensemble (EDDM),0.8396,0.838,0.7823,0.906,0.904,0.8698,0.8421,1.4062,1.426,1237042,0.0,273.63,covariate,mild,recovery,True,0.0,
44,19,Event-Driven Ensemble (Page-Hinkley),0.8346,0.832,0.7737,0.906,0.9027,0.8694,0.8365,0.0312,0.037,1209833,0.0,273.63,covariate,mild,recovery,False,0.0,
44,19,Frozen Ensemble,0.8298755186721992,0.836,0.8064516129032258,0.8547008547008547,0.9026733500417711,0.8551347921434925,0.837124863440653,0.015625,0.06057699955999851,1717110,0.0,179.8125,covariate,mild,recovery,False,0.0,0.0
44,19,Frozen Model,0.8305785123966942,0.836,0.804,0.8589743589743589,0.9017897307370992,0.8539181303605402,0.8373819163292847,0.015625,0.024791500065475702,900672,0.0,179.8125,covariate,mild,recovery,False,0.0,0.0
44,19,Streaming Random Patches (river),0.8438,0.846,0.8031,0.8889,0.8922,0.8303,0.8486,5.5469,5.7096,3942381,0.0,273.62,covariate,mild,recovery,False,0.0,
44,19,Two-Tier Hybrid Ensemble,0.8391,0.842,0.8016,0.8803,0.904,0.8699,0.8443,0.1406,0.1454,1296440,0.0,273.61,covariate,mild,recovery,False,0.0,0.28
44,19,Warm-Start Ensemble,0.8377,0.838,0.7887,0.8932,0.8953,0.8616,0.8413,0.0312,0.0324,764035,0.0,273.66,covariate,mild,recovery,False,0.0,
44,20,Adaptive Random Forest (river),0.8568,0.776,0.9853,0.7579,0.8925,0.9837,0.8359,2.1094,2.1325,347503,0.0,273.64,covariate,severe,sudden,False,0.0,
44,20,Component-Selective Ensemble,0.9403,0.888,0.8891,0.9977,0.9125,0.9873,0.5247,0.3125,0.3188,1288914,0.0,193.06,covariate,severe,sudden,True,0.3077,
44,20,Continuously Retrained Ensemble,0.9376,0.884,0.8934,0.9864,0.9063,0.9866,0.5449,1.3906,1.4461,1268930,0.0,273.61,covariate,severe,sudden,True,0.0,
44,20,Event-Driven Ensemble (ADWIN),0.9358,0.88,0.8882,0.9887,0.9067,0.9863,0.5202,1.6406,3.4803,1268930,0.0,273.64,covariate,severe,sudden,True,0.0,
44,20,Event-Driven Ensemble (Custom Dual-Trigger),0.9358,0.88,0.8882,0.9887,0.9067,0.9863,0.5202,1.4531,1.5498,1268930,0.0,273.64,covariate,severe,sudden,True,0.3077,
44,20,Event-Driven Ensemble (DDM),0.9376,0.884,0.8934,0.9864,0.9063,0.9866,0.5449,1.5312,1.9937,1268930,0.0,273.63,covariate,severe,sudden,True,0.0,
44,20,Event-Driven Ensemble (EDDM),0.9376,0.884,0.8934,0.9864,0.9063,0.9866,0.5449,1.7031,1.7871,1268930,0.0,273.63,covariate,severe,sudden,True,0.0,
44,20,Event-Driven Ensemble (Page-Hinkley),0.937,0.882,0.8869,0.9932,0.9009,0.985,0.5138,0.0469,0.0422,1209833,0.0,273.63,covariate,severe,sudden,False,0.0,
44,20,Frozen Ensemble,0.9393258426966292,0.892,0.9330357142857143,0.9457013574660633,0.8983850834763614,0.984769633337832,0.7142299890778593,0.03125,0.05133339995518327,1717110,0.0,179.8125,covariate,severe,sudden,False,0.0,0.0
44,20,Frozen Model,0.9393258426966292,0.892,0.9330357142857143,0.9457013574660633,0.8943477921672649,0.9835130088012652,0.7142299890778593,0.015625,0.012915399856865406,900672,0.0,179.8125,covariate,severe,sudden,False,0.0,0.0
44,20,Streaming Random Patches (river),0.9368,0.888,0.9347,0.9389,0.9022,0.986,0.7195,4.1562,4.2345,3199640,0.0,273.64,covariate,severe,sudden,False,0.0,
44,20,Two-Tier Hybrid Ensemble,0.9353,0.88,0.893,0.9819,0.9053,0.9861,0.5427,1.4844,1.5466,1340428,0.0,273.64,covariate,severe,sudden,True,0.0,0.4
44,20,Warm-Start Ensemble,0.9333,0.878,0.9027,0.9661,0.8953,0.984,0.5865,0.375,0.3878,666799,0.0,273.63,covariate,severe,sudden,True,0.0,
44,21,Adaptive Random Forest (river),0.7261,0.57,0.57,1.0,0.7744,0.811,0.5,1.9688,1.9886,1500142,0.0,274.04,mixed,severe,gradual,False,0.0,
44,21,Component-Selective Ensemble,0.8229,0.79,0.7922,0.8561,0.8626,0.8936,0.7792,0.0312,0.0179,1288914,0.0,193.06,mixed,severe,gradual,False,0.1288,
44,21,Continuously Retrained Ensemble,0.75,0.748,0.863,0.6632,0.856,0.8829,0.7618,1.4688,1.485,1281314,0.0039,273.64,mixed,severe,gradual,True,0.0,
44,21,Event-Driven Ensemble (ADWIN),0.75,0.748,0.863,0.6632,0.856,0.8829,0.7618,1.375,1.3977,1281314,0.0,273.9,mixed,severe,gradual,True,0.0,
44,21,Event-Driven Ensemble (Custom Dual-Trigger),0.75,0.748,0.863,0.6632,0.856,0.8829,0.7618,0.0156,0.0338,1268930,0.0,273.9,mixed,severe,gradual,False,0.1288,
44,21,Event-Driven Ensemble (DDM),0.75,0.748,0.863,0.6632,0.856,0.8829,0.7618,1.3906,1.5185,1281314,0.0,273.9,mixed,severe,gradual,True,0.0,
44,21,Event-Driven Ensemble (EDDM),0.75,0.748,0.863,0.6632,0.856,0.8829,0.7618,1.3906,1.421,1281314,0.0,273.9,mixed,severe,gradual,True,0.0,
44,21,Event-Driven Ensemble (Page-Hinkley),0.8279,0.798,0.8046,0.8526,0.8627,0.8936,0.7891,0.0312,0.0324,1209833,0.0,273.9,mixed,severe,gradual,False,0.0,
44,21,Frozen Ensemble,0.6923076923076923,0.712,0.8852459016393442,0.5684210526315789,0.8597633618931046,0.8860977924646394,0.7353733170134639,0.03125,0.07531789969652891,1717110,0.0,179.8125,mixed,severe,gradual,False,0.0,0.0
44,21,Frozen Model,0.7254098360655737,0.732,0.8719211822660099,0.6210526315789474,0.8538392492860057,0.8800745614180706,0.750061199510404,0.015625,0.017680199816823006,900672,0.0,179.8125,mixed,severe,gradual,False,0.0,0.0
44,21,Streaming Random Patches (river),0.8067,0.77,0.7742,0.8421,0.833,0.8685,0.7583,5.125,5.7872,3046815,0.0,274.04,mixed,severe,gradual,False,0.0,
44,21,Two-Tier Hybrid Ensemble,0.6933,0.708,0.8639,0.5789,0.8593,0.888,0.729,1.8125,1.9978,1416333,0.0,274.04,mixed,severe,gradual,True,0.0,0.4
44,21,Warm-Start Ensemble,0.7348,0.73,0.8348,0.6561,0.8345,0.8682,0.742,0.3281,0.3597,663455,0.0,273.9,mixed,severe,gradual,True,0.0,
44,22,Adaptive Random Forest (river),0.762,0.674,0.6214,0.9849,0.8661,0.864,0.6542,2.9375,3.0258,2731450,0.0,274.18,concept,moderate,gradual,False,0.0,
44,22,Component-Selective Ensemble,0.833,0.818,0.8107,0.8566,0.8871,0.8798,0.8155,0.0156,0.0202,1288914,0.0,193.06,concept,moderate,gradual,False,0.0943,
44,22,Continuously Retrained Ensemble,0.8387,0.82,0.7986,0.883,0.8832,0.876,0.816,1.7969,1.8612,1289074,0.0,274.04,concept,moderate,gradual,True,0.0,
44,22,Event-Driven Ensemble (ADWIN),0.8387,0.82,0.7986,0.883,0.8832,0.876,0.816,0.0469,0.0472,1281314,0.0,274.18,concept,moderate,gradual,False,0.0,
44,22,Event-Driven Ensemble (Custom Dual-Trigger),0.8514,0.836,0.8188,0.8868,0.8882,0.8823,0.8328,0.0469,0.0447,1268930,0.0,274.18,concept,moderate,gradual,False,0.0943,
44,22,Event-Driven Ensemble (DDM),0.8387,0.82,0.7986,0.883,0.8832,0.876,0.816,1.7031,1.7638,1289074,0.0,274.18,concept,moderate,gradual,True,0.0,
44,22,Event-Driven Ensemble (EDDM),0.8387,0.82,0.7986,0.883,0.8832,0.876,0.816,1.7656,1.8247,1289074,0.0,274.18,concept,moderate,gradual,True,0.0,
44,22,Event-Driven Ensemble (Page-Hinkley),0.8375,0.82,0.8028,0.8755,0.8847,0.8816,0.8165,0.0312,0.044,1209833,0.0,274.18,concept,moderate,gradual,False,0.0,
44,22,Frozen Ensemble,0.8167330677290837,0.816,0.8649789029535865,0.7735849056603774,0.8874508229626655,0.8804408079766382,0.81870734644721,0.0,0.035765400156378746,1717110,0.0,179.8125,concept,moderate,gradual,False,0.0,0.0
44,22,Frozen Model,0.8127490039840638,0.812,0.8607594936708861,0.769811320754717,0.8819269369731032,0.8735772538815105,0.8146928944199117,0.03125,0.015286399982869625,900672,0.0,179.8125,concept,moderate,gradual,False,0.0,0.0
44,22,Streaming Random Patches (river),0.8105,0.77,0.7193,0.9283,0.8763,0.8609,0.7599,4.9531,5.1323,4740516,0.0,274.18,concept,moderate,gradual,False,0.0,
44,22,Two-Tier Hybrid Ensemble,0.8233,0.794,0.7547,0.9057,0.8875,0.882,0.7869,0.375,0.3743,1450224,0.0,274.12,concept,moderate,gradual,False,0.0,0.28
44,22,Warm-Start Ensemble,0.8257,0.794,0.7485,0.9208,0.8784,0.8707,0.7859,0.0469,0.0439,663455,0.0,274.18,concept,moderate,gradual,False,0.0,
44,23,Adaptive Random Forest (river),0.8909,0.81,0.822,0.9724,0.8186,0.9374,0.5704,2.375,2.4783,537541,0.0,274.16,covariate,severe,sudden,False,0.0,
44,23,Component-Selective Ensemble,0.8886,0.8,0.7996,1.0,0.8316,0.9437,0.505,0.4062,0.4353,1308763,0.0,193.06,covariate,severe,sudden,True,0.2441,
44,23,Continuously Retrained Ensemble,0.8871,0.804,0.8209,0.9649,0.8289,0.9429,0.5666,1.4375,1.5324,1330987,0.0,274.14,covariate,severe,sudden,True,0.0,
44,23,Event-Driven Ensemble (ADWIN),0.8831,0.794,0.8071,0.9749,0.8242,0.9429,0.5271,1.4219,1.468,1330987,0.0,274.15,covariate,severe,sudden,True,0.0,
44,23,Event-Driven Ensemble (Custom Dual-Trigger),0.8851,0.8,0.8174,0.9649,0.8256,0.9425,0.5567,1.6094,1.6406,1330987,0.0,274.15,covariate,severe,sudden,True,0.2441,
44,23,Event-Driven Ensemble (DDM),0.8871,0.804,0.8209,0.9649,0.8289,0.9429,0.5666,1.4062,1.4512,1330987,0.0,274.15,covariate,severe,sudden,True,0.0,
44,23,Event-Driven Ensemble (EDDM),0.8871,0.804,0.8209,0.9649,0.8289,0.9429,0.5666,1.3438,1.3782,1330987,0.0,274.15,covariate,severe,sudden,True,0.0,
44,23,Event-Driven Ensemble (Page-Hinkley),0.8926,0.808,0.8061,1.0,0.8392,0.9502,0.5248,1.4062,1.4255,1330987,0.0,274.15,covariate,severe,sudden,True,0.0,
44,23,Frozen Ensemble,0.8655569782330346,0.79,0.8848167539267016,0.8471177944862155,0.828432467306881,0.9412844878220826,0.7057371150648899,0.03125,0.03158900002017617,1717110,0.0,179.8125,covariate,severe,sudden,False,0.0,0.0
44,23,Frozen Model,0.8578680203045685,0.776,0.8688946015424165,0.8471177944862155,0.8240154842551924,0.9443696430548678,0.6710836497183552,0.015625,0.01155799999833107,900672,0.0,179.8125,covariate,severe,sudden,False,0.0,0.0
44,23,Streaming Random Patches (river),0.8803,0.796,0.8278,0.9398,0.7944,0.9261,0.5838,4.7812,4.8934,5123442,0.0,274.16,covariate,severe,sudden,False,0.0,
44,23,Two-Tier Hybrid Ensemble,0.8923,0.816,0.8374,0.9549,0.8333,0.9449,0.6111,1.7188,1.7712,1468651,0.0,274.12,covariate,severe,sudden,True,0.0,0.4
44,23,Warm-Start Ensemble,0.8858,0.802,0.8205,0.9624,0.8241,0.9446,0.5654,0.3438,0.3471,703416,0.0,274.15,covariate,severe,sudden,True,0.0,
44,24,Adaptive Random Forest (river),0.4375,0.28,0.28,1.0,0.8067,0.7524,0.5,1.8906,1.8835,483572,0.0,274.23,none,none,stable,False,0.0,
44,24,Component-Selective Ensemble,0.7582,0.852,0.6988,0.8286,0.9285,0.8175,0.8448,0.0156,0.022,1308763,0.0,193.06,none,none,stable,False,0.0469,
44,24,Continuously Retrained Ensemble,0.7622,0.854,0.7006,0.8357,0.9227,0.8154,0.8484,1.6094,1.6784,1306498,0.0,274.13,none,none,stable,True,0.0,
44,24,Event-Driven Ensemble (ADWIN),0.7677,0.856,0.7,0.85,0.9242,0.8199,0.8542,1.4062,1.4968,1306498,0.0,274.22,none,none,stable,True,0.0,
44,24,Event-Driven Ensemble (Custom Dual-Trigger),0.7628,0.852,0.6919,0.85,0.9251,0.8261,0.8514,0.0469,0.0396,1330987,0.0,274.22,none,none,stable,False,0.0469,
44,24,Event-Driven Ensemble (DDM),0.7622,0.854,0.7006,0.8357,0.9227,0.8154,0.8484,1.5156,1.5894,1306498,0.0,274.22,none,none,stable,True,0.0,
44,24,Event-Driven Ensemble (EDDM),0.7622,0.854,0.7006,0.8357,0.9227,0.8154,0.8484,1.5469,1.5439,1306498,0.0,274.22,none,none,stable,True,0.0,
44,24,Event-Driven Ensemble (Page-Hinkley),0.7677,0.856,0.7,0.85,0.9212,0.8163,0.8542,0.0469,0.0413,1330987,0.0,274.22,none,none,stable,False,0.0,
44,24,Frozen Ensemble,0.7536231884057971,0.864,0.7647058823529411,0.7428571428571429,0.9284523809523809,0.8262130761713945,0.8269841269841269,0.0625,0.05746620008721948,1717110,0.0,179.8125,none,none,stable,False,0.0,0.0
44,24,Frozen Model,0.7482014388489209,0.86,0.7536231884057971,0.7428571428571429,0.9260416666666667,0.8205565198568056,0.8242063492063492,0.015625,0.015471999999135733,900672,0.0,179.8125,none,none,stable,False,0.0,0.0
44,24,Streaming Random Patches (river),0.7515,0.836,0.6526,0.8857,0.9195,0.7995,0.8512,4.9375,4.9912,5303962,0.0,274.23,none,none,stable,False,0.0,
44,24,Two-Tier Hybrid Ensemble,0.7641,0.858,0.7143,0.8214,0.925,0.8241,0.8468,0.2344,0.2234,1501269,0.0,274.2,none,none,stable,False,0.0,0.28
44,24,Warm-Start Ensemble,0.7586,0.846,0.676,0.8643,0.9243,0.8103,0.8516,0.0312,0.0336,703416,0.0,274.22,none,none,stable,False,0.0,
44,25,Adaptive Random Forest (river),0.0,0.32,0.0,0.0,0.7477,0.7656,0.5,2.25,2.3243,1357667,0.0,274.34,covariate,moderate,gradual,False,0.0,
44,25,Component-Selective Ensemble,0.875,0.812,0.7985,0.9676,0.8661,0.924,0.7244,0.3281,0.3423,1307467,0.0,193.06,covariate,moderate,gradual,True,0.1997,
44,25,Continuously Retrained Ensemble,0.8769,0.818,0.812,0.9529,0.8523,0.9139,0.7421,1.4219,1.4518,1289378,0.0,274.21,covariate,moderate,gradual,True,0.0,
44,25,Event-Driven Ensemble (ADWIN),0.8769,0.818,0.812,0.9529,0.8548,0.9164,0.7421,1.4219,1.4394,1289378,0.0,274.22,covariate,moderate,gradual,True,0.0,
44,25,Event-Driven Ensemble (Custom Dual-Trigger),0.8758,0.814,0.802,0.9647,0.8556,0.9147,0.7292,1.375,1.392,1289378,0.0,274.22,covariate,moderate,gradual,True,0.1997,
44,25,Event-Driven Ensemble (DDM),0.8769,0.818,0.812,0.9529,0.8523,0.9139,0.7421,1.375,1.4131,1289378,0.0,274.22,covariate,moderate,gradual,True,0.0,
44,25,Event-Driven Ensemble (EDDM),0.8769,0.818,0.812,0.9529,0.8523,0.9139,0.7421,1.3594,1.3923,1289378,0.0,274.22,covariate,moderate,gradual,True,0.0,
44,25,Event-Driven Ensemble (Page-Hinkley),0.8732,0.81,0.7995,0.9618,0.8536,0.9154,0.7246,0.0312,0.0329,1330987,0.0,274.22,covariate,moderate,gradual,False,0.0,
44,25,Frozen Ensemble,0.8755244755244755,0.822,0.8346666666666667,0.9205882352941176,0.842077205882353,0.8983099216277289,0.7665441176470589,0.046875,0.04401089996099472,1717110,0.0,179.8125,covariate,moderate,gradual,False,0.0,0.0
44,25,Frozen Model,0.875,0.82,0.8289473684210527,0.9264705882352942,0.8303216911764704,0.890584302100072,0.7601102941176471,0.015625,0.01233790023252368,900672,0.0,179.8125,covariate,moderate,gradual,False,0.0,0.0
44,25,Streaming Random Patches (river),0.8734,0.818,0.8285,0.9235,0.8276,0.8941,0.7586,5.0156,5.1554,6697984,0.0,274.34,covariate,moderate,gradual,False,0.0,
44,25,Two-Tier Hybrid Ensemble,0.8849,0.832,0.8282,0.95,0.8538,0.9123,0.7656,1.6094,1.6836,1459906,0.0,274.54,covariate,moderate,gradual,True,0.0,0.4
44,25,Warm-Start Ensemble,0.879,0.82,0.8094,0.9618,0.8616,0.9215,0.7403,0.3438,0.3372,718408,0.0,274.22,covariate,moderate,gradual,True,0.0,
44,26,Adaptive Random Forest (river),0.4845,0.6,0.331,0.9038,0.8353,0.6012,0.712,2.2969,2.3947,1579553,0.0,266.94,mixed,mild,gradual,False,0.0,
44,26,Component-Selective Ensemble,0.6915,0.884,0.7738,0.625,0.8794,0.7294,0.7885,0.3594,0.4131,1254018,0.0,193.05,mixed,mild,gradual,True,0.0916,
44,26,Continuously Retrained Ensemble,0.6943,0.882,0.7528,0.6442,0.8685,0.7252,0.7943,1.4375,1.4736,1267426,0.0,264.52,mixed,mild,gradual,True,0.0,
44,26,Event-Driven Ensemble (ADWIN),0.6834,0.874,0.7158,0.6538,0.8739,0.7309,0.7928,0.0469,0.0435,1289378,0.0,266.02,mixed,mild,gradual,False,0.0,
44,26,Event-Driven Ensemble (Custom Dual-Trigger),0.6834,0.874,0.7158,0.6538,0.8739,0.7309,0.7928,1.375,1.4204,1267426,0.0,265.5,mixed,mild,gradual,True,0.0916,
44,26,Event-Driven Ensemble (DDM),0.6943,0.882,0.7528,0.6442,0.8685,0.7252,0.7943,1.3594,1.395,1267426,0.0,266.04,mixed,mild,gradual,True,0.0,
44,26,Event-Driven Ensemble (EDDM),0.6943,0.882,0.7528,0.6442,0.8685,0.7252,0.7943,1.375,1.4138,1267426,0.0,266.05,mixed,mild,gradual,True,0.0,
44,26,Event-Driven Ensemble (Page-Hinkley),0.6839,0.878,0.7416,0.6346,0.8719,0.7267,0.7883,0.0312,0.0326,1330987,0.0,266.05,mixed,mild,gradual,False,0.0,
44,26,Frozen Ensemble,0.6144578313253012,0.872,0.8225806451612904,0.49038461538461536,0.8855866355866358,0.738485310908636,0.7313034188034188,0.015625,0.025088700000196695,1717110,0.0,179.8125,mixed,mild,gradual,False,0.0,0.0
44,26,Frozen Model,0.6107784431137725,0.87,0.8095238095238095,0.49038461538461536,0.8848581973581975,0.7329753895817138,0.7300407925407926,0.015625,0.02065600035712123,900672,0.0,179.8125,mixed,mild,gradual,False,0.0,0.0
44,26,Streaming Random Patches (river),0.663,0.878,0.7792,0.5769,0.874,0.7028,0.767,4.9688,5.0502,7527361,0.0,268.49,mixed,mild,gradual,False,0.0,
44,26,Two-Tier Hybrid Ensemble,0.6919,0.886,0.7901,0.6154,0.8743,0.726,0.7862,1.6562,1.7454,1437927,0.0,262.38,mixed,mild,gradual,True,0.0,0.4
44,26,Warm-Start Ensemble,0.6573,0.854,0.6422,0.6731,0.8762,0.7392,0.7873,0.2812,0.2878,704216,0.0,266.05,mixed,mild,gradual,True,0.0,
44,27,Adaptive Random Forest (river),0.9281,0.912,0.9191,0.9373,0.9691,0.9829,0.9052,2.6094,2.756,767430,0.0,268.52,mixed,moderate,recovery,False,0.0,
44,27,Component-Selective Ensemble,0.9318,0.918,0.9396,0.9241,0.9739,0.9852,0.9164,0.0312,0.0438,1254018,0.0,193.05,mixed,moderate,recovery,False,0.135,
44,27,Continuously Retrained Ensemble,0.9349,0.922,0.9459,0.9241,0.9729,0.9846,0.9214,1.4062,1.4514,1283458,0.0039,265.65,mixed,moderate,recovery,True,0.0,
44,27,Event-Driven Ensemble (ADWIN),0.9336,0.92,0.9398,0.9274,0.9735,0.985,0.918,1.4688,1.5121,1283458,0.0039,266.34,mixed,moderate,recovery,True,0.0,
44,27,Event-Driven Ensemble (Custom Dual-Trigger),0.9349,0.922,0.9459,0.9241,0.9729,0.9846,0.9214,0.0312,0.0363,1267426,0.0,266.28,mixed,moderate,recovery,False,0.135,
44,27,Event-Driven Ensemble (DDM),0.9349,0.922,0.9459,0.9241,0.9729,0.9846,0.9214,1.3438,1.4198,1283458,0.0,266.35,mixed,moderate,recovery,True,0.0,
44,27,Event-Driven Ensemble (EDDM),0.9349,0.922,0.9459,0.9241,0.9729,0.9846,0.9214,1.4531,1.4462,1283458,0.0,266.36,mixed,moderate,recovery,True,0.0,
44,27,Event-Driven Ensemble (Page-Hinkley),0.9371,0.924,0.9402,0.934,0.9759,0.9863,0.9213,1.3281,1.3969,1283458,0.0,266.37,mixed,moderate,recovery,True,0.0,
44,27,Frozen Ensemble,0.9238754325259516,0.912,0.9709090909090909,0.8811881188118812,0.9763783484947479,0.9865781018792033,0.9202894908780218,0.03125,0.033903100062161684,1717110,0.0,179.8125,mixed,moderate,recovery,False,0.0,0.0
44,27,Frozen Model,0.9259896729776248,0.914,0.9676258992805755,0.8877887788778878,0.975859007220519,0.9863359818173028,0.9210517498450352,0.015625,0.01930849999189377,900672,0.0,179.8125,mixed,moderate,recovery,False,0.0,0.0
44,27,Streaming Random Patches (river),0.928,0.914,0.9422,0.9142,0.9712,0.9833,0.9139,5.625,5.8347,7458869,0.0,269.13,mixed,moderate,recovery,False,0.0,
44,27,Two-Tier Hybrid Ensemble,0.9367,0.924,0.9461,0.9274,0.9737,0.9852,0.9231,0.2344,0.2599,1305093,0.0,262.63,mixed,moderate,recovery,False,0.0,0.28
44,27,Warm-Start Ensemble,0.9316,0.918,0.9426,0.9208,0.9694,0.9826,0.9172,0.0312,0.0305,704216,0.0,266.37,mixed,moderate,recovery,False,0.0,
44,28,Adaptive Random Forest (river),0.7821,0.796,0.7469,0.8206,0.8497,0.7606,0.7984,2.2969,2.4241,1384477,0.0,268.18,concept,severe,recovery,False,0.0,
44,28,Component-Selective Ensemble,0.7692,0.784,0.7347,0.8072,0.8727,0.8139,0.7863,0.0156,0.0185,1254018,0.0,193.05,concept,severe,recovery,False,0.0378,
44,28,Continuously Retrained Ensemble,0.7764,0.788,0.7331,0.8251,0.866,0.8017,0.7916,1.625,1.7396,1247913,0.1133,265.24,concept,severe,recovery,True,0.0,
44,28,Event-Driven Ensemble (ADWIN),0.7764,0.788,0.7331,0.8251,0.866,0.8017,0.7916,1.6094,1.6812,1247913,0.0,266.09,concept,severe,recovery,True,0.0,
44,28,Event-Driven Ensemble (Custom Dual-Trigger),0.7676,0.782,0.7317,0.8072,0.8666,0.8081,0.7845,0.0469,0.0456,1267426,0.0,266.0,concept,severe,recovery,False,0.0378,
44,28,Event-Driven Ensemble (DDM),0.7764,0.788,0.7331,0.8251,0.866,0.8017,0.7916,1.5938,1.6681,1247913,0.0,266.09,concept,severe,recovery,True,0.0,
44,28,Event-Driven Ensemble (EDDM),0.7764,0.788,0.7331,0.8251,0.866,0.8017,0.7916,1.4844,1.5957,1247913,0.0,266.1,concept,severe,recovery,True,0.0,
44,28,Event-Driven Ensemble (Page-Hinkley),0.7813,0.794,0.7419,0.8251,0.863,0.7875,0.797,0.0469,0.0396,1283458,0.0,266.12,concept,severe,recovery,False,0.0,
44,28,Frozen Ensemble,0.7121951219512195,0.764,0.7807486631016043,0.6547085201793722,0.878162891971961,0.8158394642089021,0.7533470398730796,0.03125,0.03525339998304844,1717110,0.0,179.8125,concept,severe,recovery,False,0.0,0.0
44,28,Frozen Model,0.7107843137254902,0.764,0.7837837837837838,0.6502242152466368,0.8772401288630587,0.8160800255992883,0.7529099415583365,0.03125,0.025771799962967634,900672,0.0,179.8125,concept,severe,recovery,False,0.0,0.0
44,28,Streaming Random Patches (river),0.7815,0.792,0.7352,0.8341,0.8698,0.8058,0.7961,4.5625,4.7434,4132888,0.0,268.57,concept,severe,recovery,False,0.0,
44,28,Two-Tier Hybrid Ensemble,0.7623,0.778,0.7295,0.7982,0.869,0.8112,0.78,0.1406,0.147,1305099,0.0,270.58,concept,severe,recovery,False,0.0,0.196
44,28,Warm-Start Ensemble,0.7801,0.788,0.7259,0.843,0.8579,0.7954,0.7934,0.0469,0.0407,704216,0.0,266.73,concept,severe,recovery,False,0.0,
44,29,Adaptive Random Forest (river),0.613,0.442,0.442,1.0,0.5992,0.518,0.5,3.0,3.5549,2764006,0.0,270.63,covariate,moderate,sudden,False,0.0,
44,29,Component-Selective Ensemble,0.7379,0.73,0.6463,0.8597,0.8286,0.8044,0.7435,0.0312,0.0243,1254018,0.0,193.05,covariate,moderate,sudden,False,0.1297,
44,29,Continuously Retrained Ensemble,0.7277,0.744,0.6867,0.7738,0.8305,0.8205,0.7471,1.2969,1.4247,1280914,0.0,270.6,covariate,moderate,sudden,True,0.0,
44,29,Event-Driven Ensemble (ADWIN),0.7277,0.744,0.6867,0.7738,0.8305,0.8205,0.7471,0.0312,0.0331,1247913,0.0,270.61,covariate,moderate,sudden,False,0.0,
44,29,Event-Driven Ensemble (Custom Dual-Trigger),0.7314,0.74,0.673,0.8009,0.8312,0.819,0.7463,0.0312,0.0328,1267426,0.0,270.61,covariate,moderate,sudden,False,0.1297,
44,29,Event-Driven Ensemble (DDM),0.7277,0.744,0.6867,0.7738,0.8305,0.8205,0.7471,1.3594,1.3735,1280914,0.0,270.61,covariate,moderate,sudden,True,0.0,
44,29,Event-Driven Ensemble (EDDM),0.7277,0.744,0.6867,0.7738,0.8305,0.8205,0.7471,1.2656,1.4192,1280914,0.0,270.61,covariate,moderate,sudden,True,0.0,
44,29,Event-Driven Ensemble (Page-Hinkley),0.7192,0.722,0.6496,0.8054,0.8303,0.8203,0.7307,1.875,2.2971,1280914,0.0078,270.61,covariate,moderate,sudden,True,0.0,
44,29,Frozen Ensemble,0.7132867132867133,0.754,0.7355769230769231,0.6923076923076923,0.8328548954734913,0.8238465758673363,0.7475875379101186,0.0,0.04662899998947978,1717110,0.0,179.8125,covariate,moderate,sudden,False,0.0,0.0
44,29,Frozen Model,0.7149321266968326,0.748,0.7149321266968326,0.7149321266968326,0.8300977959421982,0.8216266359093852,0.7445628375419646,0.015625,0.02358679985627532,900672,0.0,179.8125,covariate,moderate,sudden,False,0.0,0.0
44,29,Streaming Random Patches (river),0.7039,0.682,0.5981,0.8552,0.8117,0.8051,0.7,3.6875,3.879,3283064,0.0,270.62,covariate,moderate,sudden,False,0.0,
44,29,Two-Tier Hybrid Ensemble,0.7336,0.74,0.6704,0.81,0.8332,0.8212,0.7473,0.1875,0.1988,1338301,0.0,270.62,covariate,moderate,sudden,False,0.0,0.1372
44,29,Warm-Start Ensemble,0.7183,0.738,0.6844,0.7557,0.8248,0.8123,0.7398,0.0469,0.0496,704216,0.0,270.62,covariate,moderate,sudden,False,0.0,
44,30,Adaptive Random Forest (river),0.7321,0.716,0.6599,0.822,0.7916,0.7476,0.7216,2.8125,2.931,4632223,0.0,270.88,none,none,stable,False,0.0,
44,30,Component-Selective Ensemble,0.7529,0.744,0.6915,0.8263,0.8302,0.805,0.7484,0.0156,0.0177,1254018,0.0,193.05,none,none,stable,False,0.0951,
44,30,Continuously Retrained Ensemble,0.7514,0.734,0.6722,0.8517,0.8198,0.7916,0.7402,1.5938,1.6352,1271634,0.0,270.62,none,none,stable,True,0.0,
44,30,Event-Driven Ensemble (ADWIN),0.7514,0.738,0.6804,0.839,0.8256,0.7979,0.7434,0.0469,0.0455,1247913,0.0,270.88,none,none,stable,False,0.0,
44,30,Event-Driven Ensemble (Custom Dual-Trigger),0.7505,0.738,0.6817,0.8347,0.8233,0.7853,0.7431,0.0312,0.0466,1267426,0.0,270.88,none,none,stable,False,0.0951,
44,30,Event-Driven Ensemble (DDM),0.7514,0.734,0.6722,0.8517,0.8198,0.7916,0.7402,0.0625,0.0579,1280914,0.0,270.88,none,none,stable,False,0.0,
44,30,Event-Driven Ensemble (EDDM),0.7514,0.734,0.6722,0.8517,0.8198,0.7916,0.7402,1.5938,1.6322,1271634,0.0,270.88,none,none,stable,True,0.0,
44,30,Event-Driven Ensemble (Page-Hinkley),0.7491,0.732,0.6711,0.8475,0.821,0.7917,0.7381,0.0312,0.0439,1280914,0.0,270.88,none,none,stable,False,0.0,
44,30,Frozen Ensemble,0.7467811158798283,0.764,0.7565217391304347,0.7372881355932204,0.8289836928608115,0.7978527534054902,0.7625834617360041,0.03125,0.03492110036313534,1717110,0.0,179.8125,none,none,stable,False,0.0,0.0
44,30,Frozen Model,0.7327586206896551,0.752,0.7456140350877193,0.7203389830508474,0.8256933744221879,0.7948953497799646,0.7503210066769388,0.03125,0.025584000162780285,900672,0.0,179.8125,none,none,stable,False,0.0,0.0
44,30,Streaming Random Patches (river),0.7314,0.718,0.6644,0.8136,0.8023,0.7593,0.7231,3.6562,3.8235,4812621,0.0039,271.35,none,none,stable,False,0.0,
44,30,Two-Tier Hybrid Ensemble,0.7481,0.74,0.6893,0.8178,0.8232,0.7853,0.7441,0.1875,0.1926,1338833,0.0,271.34,none,none,stable,False,0.0,0.1
44,30,Warm-Start Ensemble,0.7302,0.7,0.6344,0.8602,0.8133,0.7875,0.7085,0.0312,0.0389,704216,0.0,270.88,none,none,stable,False,0.0,
44,31,Adaptive Random Forest (river),0.6414,0.64,0.6389,0.644,0.6863,0.631,0.64,3.2656,3.4995,6494892,0.0117,272.46,covariate,severe,recovery,False,0.0,
44,31,Component-Selective Ensemble,0.695,0.612,0.5725,0.884,0.7149,0.6868,0.612,0.0312,0.0276,1254018,0.0,193.05,covariate,severe,recovery,False,0.138,
44,31,Continuously Retrained Ensemble,0.6514,0.634,0.6218,0.684,0.6894,0.6492,0.634,1.3125,1.4111,1299938,0.0195,272.23,covariate,severe,recovery,True,0.0,
44,31,Event-Driven Ensemble (ADWIN),0.6799,0.644,0.6176,0.756,0.6959,0.6703,0.644,0.0312,0.0299,1247913,0.0,272.45,covariate,severe,recovery,False,0.0,
44,31,Event-Driven Ensemble (Custom Dual-Trigger),0.6857,0.626,0.5913,0.816,0.7138,0.6918,0.626,0.0312,0.0292,1267426,0.0,272.45,covariate,severe,recovery,False,0.138,
44,31,Event-Driven Ensemble (DDM),0.6716,0.648,0.6294,0.72,0.6963,0.6816,0.648,1.4062,1.4734,1299938,0.0,272.45,covariate,severe,recovery,True,0.0,
44,31,Event-Driven Ensemble (EDDM),0.6514,0.634,0.6218,0.684,0.6894,0.6492,0.634,1.3281,1.3758,1299938,0.0,272.45,covariate,severe,recovery,True,0.0,
44,31,Event-Driven Ensemble (Page-Hinkley),0.6716,0.648,0.6294,0.72,0.6963,0.6816,0.648,0.0312,0.0361,1280914,0.0,272.45,covariate,severe,recovery,False,0.0,
44,31,Frozen Ensemble,0.6706349206349206,0.668,0.6653543307086615,0.676,0.714496,0.6774360317786123,0.668,0.03125,0.08798930002376437,1717110,0.0,179.8125,covariate,severe,recovery,False,0.0,0.0
44,31,Frozen Model,0.6859344894026975,0.674,0.6617100371747212,0.712,0.706336,0.6640259701090303,0.6739999999999999,0.015625,0.011567599605768919,900672,0.0,179.8125,covariate,severe,recovery,False,0.0,0.0
44,31,Streaming Random Patches (river),0.6494,0.648,0.6468,0.652,0.68,0.6446,0.648,4.1875,4.3329,6473996,0.2539,265.51,covariate,severe,recovery,False,0.0,
44,31,Two-Tier Hybrid Ensemble,0.6877,0.644,0.6125,0.784,0.7107,0.688,0.644,0.1719,0.1833,1339083,0.0,266.92,covariate,severe,recovery,False,0.0,0.1
44,31,Warm-Start Ensemble,0.6968,0.664,0.6349,0.772,0.7008,0.6813,0.664,0.0312,0.0333,704216,0.0,272.45,covariate,severe,recovery,False,0.0,
44,32,Adaptive Random Forest (river),0.8089,0.88,0.9137,0.7257,0.9223,0.8904,0.8444,2.5312,2.6378,221717,0.0,272.77,concept,mild,recovery,False,0.0,
44,32,Component-Selective Ensemble,0.8424,0.896,0.8968,0.7943,0.9506,0.9254,0.8725,0.0156,0.0163,1254018,0.0,193.05,concept,mild,recovery,False,0.0486,
44,32,Continuously Retrained Ensemble,0.8443,0.896,0.8868,0.8057,0.9549,0.9281,0.8752,1.3281,1.4584,1318155,0.1523,269.82,concept,mild,recovery,True,0.0,
44,32,Event-Driven Ensemble (ADWIN),0.8487,0.898,0.8827,0.8171,0.9556,0.9301,0.8793,1.4844,1.6071,1318155,0.0,269.92,concept,mild,recovery,True,0.0,
44,32,Event-Driven Ensemble (Custom Dual-Trigger),0.8424,0.896,0.8968,0.7943,0.9516,0.9261,0.8725,0.0469,0.0448,1267426,0.0,269.92,concept,mild,recovery,False,0.0486,
44,32,Event-Driven Ensemble (DDM),0.8443,0.896,0.8868,0.8057,0.9549,0.9281,0.8752,0.0312,0.0364,1299938,0.0,270.74,concept,mild,recovery,False,0.0,
44,32,Event-Driven Ensemble (EDDM),0.8443,0.896,0.8868,0.8057,0.9549,0.9281,0.8752,1.3438,1.3841,1318155,0.0,271.21,concept,mild,recovery,True,0.0,
44,32,Event-Driven Ensemble (Page-Hinkley),0.8614,0.906,0.8902,0.8343,0.9553,0.9305,0.8895,1.3594,1.4679,1318155,0.0,271.21,concept,mild,recovery,True,0.0,
44,32,Frozen Ensemble,0.8155339805825242,0.886,0.9402985074626866,0.72,0.953265934065934,0.92717488946591,0.8476923076923077,0.0,0.04896040027961135,1717110,0.0,179.8125,concept,mild,recovery,False,0.0,0.0
44,32,Frozen Model,0.8178913738019169,0.886,0.927536231884058,0.7314285714285714,0.9530285714285713,0.925316215309262,0.8503296703296703,0.0,0.02757819974794984,900672,0.0,179.8125,concept,mild,recovery,False,0.0,0.0
44,32,Streaming Random Patches (river),0.7881,0.872,0.937,0.68,0.9365,0.9043,0.8277,3.6562,3.8571,3244587,0.0,272.87,concept,mild,recovery,False,0.0,
44,32,Two-Tier Hybrid Ensemble,0.8369,0.894,0.9067,0.7771,0.9516,0.926,0.867,0.1562,0.1585,1337785,0.0,273.86,concept,mild,recovery,False,0.0,0.1
44,32,Warm-Start Ensemble,0.8478,0.898,0.8875,0.8114,0.9416,0.9116,0.878,0.0469,0.042,704216,0.0,271.21,concept,mild,recovery,False,0.0,
44,33,Adaptive Random Forest (river),0.0,0.496,0.0,0.0,0.6252,0.5803,0.5,1.7969,1.8455,1283636,0.0,274.21,covariate,mild,recovery,False,0.0,
44,33,Component-Selective Ensemble,0.7231,0.66,0.6133,0.881,0.7325,0.7238,0.6582,0.0156,0.0177,1254018,0.0,193.05,covariate,mild,recovery,False,0.1408,
44,33,Continuously Retrained Ensemble,0.7181,0.664,0.6221,0.8492,0.7367,0.7312,0.6625,1.3906,1.3947,1326123,0.0,273.88,covariate,mild,recovery,True,0.0,
44,33,Event-Driven Ensemble (ADWIN),0.7181,0.664,0.6221,0.8492,0.7367,0.7312,0.6625,1.3438,1.4025,1326123,0.0,274.16,covariate,mild,recovery,True,0.0,
44,33,Event-Driven Ensemble (Custom Dual-Trigger),0.7216,0.662,0.6169,0.869,0.7304,0.7202,0.6603,0.0469,0.0525,1267426,0.0,274.16,covariate,mild,recovery,False,0.1408,
44,33,Event-Driven Ensemble (DDM),0.714,0.662,0.6224,0.8373,0.7372,0.7342,0.6606,1.3594,1.3756,1326123,0.0,274.16,covariate,mild,recovery,True,0.0,
44,33,Event-Driven Ensemble (EDDM),0.7181,0.664,0.6221,0.8492,0.7367,0.7312,0.6625,1.3125,1.3779,1326123,0.0,274.16,covariate,mild,recovery,True,0.0,
44,33,Event-Driven Ensemble (Page-Hinkley),0.7181,0.664,0.6221,0.8492,0.7367,0.7312,0.6625,1.2969,1.3967,1326123,0.0,274.17,covariate,mild,recovery,True,0.0,
44,33,Frozen Ensemble,0.7012987012987013,0.678,0.6585365853658537,0.75,0.7391353046594982,0.7182256181359754,0.6774193548387097,0.046875,0.03886769991368055,1717110,0.0,179.8125,covariate,mild,recovery,False,0.0,0.0
44,33,Frozen Model,0.7047970479704797,0.68,0.6586206896551724,0.7579365079365079,0.7354550691244238,0.7169039049147502,0.6793714797747056,0.015625,0.02495210012421012,900672,0.0,179.8125,covariate,mild,recovery,False,0.0,0.0
44,33,Streaming Random Patches (river),0.0,0.496,0.0,0.0,0.697,0.6614,0.5,3.2188,3.4267,1255146,0.0,274.73,covariate,mild,recovery,False,0.0,
44,33,Two-Tier Hybrid Ensemble,0.7209,0.664,0.62,0.8611,0.7309,0.7206,0.6624,0.2656,0.2801,1370912,0.0,273.62,covariate,mild,recovery,False,0.0,0.1
44,33,Warm-Start Ensemble,0.7229,0.658,0.611,0.8849,0.72,0.7235,0.6562,0.0469,0.048,704216,0.0,274.17,covariate,mild,recovery,False,0.0,
44,34,Adaptive Random Forest (river),0.7723,0.816,0.7647,0.78,0.8685,0.8435,0.81,1.9531,2.0417,893498,0.0,273.77,covariate,severe,gradual,False,0.0,
44,34,Component-Selective Ensemble,0.8,0.838,0.7902,0.81,0.9032,0.8715,0.8333,0.0312,0.0325,1254018,0.0,193.05,covariate,severe,gradual,False,0.1056,
44,34,Continuously Retrained Ensemble,0.8021,0.852,0.8621,0.75,0.8945,0.8791,0.835,1.3438,1.3846,1328043,0.0,273.62,covariate,severe,gradual,True,0.0,
44,34,Event-Driven Ensemble (ADWIN),0.8021,0.852,0.8621,0.75,0.8924,0.8773,0.835,1.3438,1.3836,1328043,0.0,273.65,covariate,severe,gradual,True,0.0,
44,34,Event-Driven Ensemble (Custom Dual-Trigger),0.792,0.834,0.794,0.79,0.9025,0.8715,0.8267,0.0312,0.0334,1267426,0.0,273.63,covariate,severe,gradual,False,0.1056,
44,34,Event-Driven Ensemble (DDM),0.8021,0.852,0.8621,0.75,0.8924,0.8773,0.835,1.3594,1.4469,1328043,0.0,273.65,covariate,severe,gradual,True,0.0,
44,34,Event-Driven Ensemble (EDDM),0.8021,0.852,0.8621,0.75,0.8945,0.8791,0.835,1.4062,1.4582,1328043,0.0,273.65,covariate,severe,gradual,True,0.0,
44,34,Event-Driven Ensemble (Page-Hinkley),0.8021,0.852,0.8621,0.75,0.8924,0.8773,0.835,0.0312,0.0353,1326123,0.0,273.65,covariate,severe,gradual,False,0.0,
44,34,Frozen Ensemble,0.7923497267759563,0.848,0.8734939759036144,0.725,0.9016166666666666,0.8797440417838733,0.8275,0.015625,0.0286145000718534,1717110,0.0,179.8125,covariate,severe,gradual,False,0.0,0.0
44,34,Frozen Model,0.7926509186351706,0.842,0.8342541436464088,0.755,0.8977083333333334,0.8792457155405133,0.8275,0.015625,0.010012799873948097,900672,0.0,179.8125,covariate,severe,gradual,False,0.0,0.0
44,34,Streaming Random Patches (river),0.7692,0.838,0.894,0.675,0.8847,0.8676,0.8108,3.5469,3.6111,2471135,0.0,273.77,covariate,severe,gradual,False,0.0,
44,34,Two-Tier Hybrid Ensemble,0.801,0.844,0.8177,0.785,0.9031,0.8729,0.8342,0.2656,0.2979,1436258,0.0,273.77,covariate,severe,gradual,False,0.0,0.1
44,34,Warm-Start Ensemble,0.7887,0.836,0.8138,0.765,0.8992,0.868,0.8242,0.0469,0.0361,704216,0.0,273.77,covariate,severe,gradual,False,0.0,
44,35,Adaptive Random Forest (river),0.8661,0.88,0.8981,0.8362,0.9519,0.9414,0.8771,2.0781,2.157,988270,0.0,273.8,concept,mild,sudden,False,0.0,
44,35,Component-Selective Ensemble,0.8879,0.894,0.8714,0.9052,0.9596,0.9501,0.8948,0.0156,0.0163,1254018,0.0,193.05,concept,mild,sudden,False,0.0383,
44,35,Continuously Retrained Ensemble,0.8875,0.894,0.8745,0.9009,0.9577,0.9476,0.8945,1.3281,1.3656,1337339,0.0,273.77,concept,mild,sudden,True,0.0,
44,35,Event-Driven Ensemble (ADWIN),0.8875,0.894,0.8745,0.9009,0.9577,0.9476,0.8945,0.0469,0.0455,1328043,0.0,273.8,concept,mild,sudden,False,0.0,
44,35,Event-Driven Ensemble (Custom Dual-Trigger),0.8837,0.89,0.8672,0.9009,0.9592,0.9505,0.8907,0.0312,0.0365,1267426,0.0,273.8,concept,mild,sudden,False,0.0383,
44,35,Event-Driven Ensemble (DDM),0.8875,0.894,0.8745,0.9009,0.9577,0.9476,0.8945,1.3281,1.4163,1337339,0.0,273.8,concept,mild,sudden,True,0.0,
44,35,Event-Driven Ensemble (EDDM),0.8875,0.894,0.8745,0.9009,0.9577,0.9476,0.8945,1.3906,1.424,1337339,0.0,273.8,concept,mild,sudden,True,0.0,
44,35,Event-Driven Ensemble (Page-Hinkley),0.8837,0.89,0.8672,0.9009,0.9577,0.9468,0.8907,1.3594,1.3965,1337339,0.0,273.8,concept,mild,sudden,True,0.0,
44,35,Frozen Ensemble,0.8660714285714286,0.88,0.8981481481481481,0.8362068965517241,0.9586013896037056,0.9478725246143926,0.877058672156459,0.03125,0.03833210002630949,1717110,0.0,179.8125,concept,mild,sudden,False,0.0,0.0
44,35,Frozen Model,0.8635346756152126,0.878,0.8976744186046511,0.8318965517241379,0.9576524704065877,0.9458882486728593,0.8749034997426659,0.015625,0.023419699631631374,900672,0.0,179.8125,concept,mild,sudden,False,0.0,0.0
44,35,Streaming Random Patches (river),0.8765,0.88,0.8386,0.9181,0.9514,0.9419,0.8826,3.5781,3.8002,1106549,0.0,273.8,concept,mild,sudden,False,0.0,
44,35,Two-Tier Hybrid Ensemble,0.8837,0.89,0.8672,0.9009,0.9592,0.9504,0.8907,0.2031,0.2183,1405007,0.0,273.8,concept,mild,sudden,False,0.0,0.1
44,35,Warm-Start Ensemble,0.8793,0.882,0.8366,0.9267,0.949,0.9402,0.885,0.0312,0.0339,704216,0.0,273.8,concept,mild,sudden,False,0.0,
44,36,Adaptive Random Forest (river),0.6977,0.766,0.6716,0.7258,0.8443,0.7513,0.7578,1.7656,1.9098,1022085,0.0,273.85,none,none,stable,False,0.0,
44,36,Component-Selective Ensemble,0.7166,0.758,0.6349,0.8226,0.8487,0.7519,0.7712,0.0156,0.0167,1254018,0.0,193.05,none,none,stable,False,0.0364,
44,36,Continuously Retrained Ensemble,0.7273,0.772,0.6552,0.8172,0.8479,0.7278,0.7812,1.3281,1.4244,1315122,0.0,273.8,none,none,stable,True,0.0,
44,36,Event-Driven Ensemble (ADWIN),0.7163,0.764,0.6478,0.8011,0.8447,0.7192,0.7716,1.4531,1.4684,1315122,0.0039,273.85,none,none,stable,True,0.0,
44,36,Event-Driven Ensemble (Custom Dual-Trigger),0.7086,0.75,0.6255,0.8172,0.8496,0.7327,0.7637,0.0312,0.037,1267426,0.0,273.85,none,none,stable,False,0.0364,
44,36,Event-Driven Ensemble (DDM),0.7273,0.772,0.6552,0.8172,0.8479,0.7278,0.7812,1.6406,1.6692,1315122,0.0,273.85,none,none,stable,True,0.0,
44,36,Event-Driven Ensemble (EDDM),0.7273,0.772,0.6552,0.8172,0.8479,0.7278,0.7812,1.3281,1.3928,1315122,0.0,273.85,none,none,stable,True,0.0,
44,36,Event-Driven Ensemble (Page-Hinkley),0.7273,0.772,0.6552,0.8172,0.8479,0.7278,0.7812,0.0312,0.032,1337339,0.0,273.85,none,none,stable,False,0.0,
44,36,Frozen Ensemble,0.7071240105540897,0.778,0.694300518134715,0.7204301075268817,0.8478357646736525,0.7322131253829741,0.7662660091774536,0.03125,0.02911530015990138,1717110,0.0,179.8125,none,none,stable,False,0.0,0.0
44,36,Frozen Model,0.6920980926430518,0.774,0.7016574585635359,0.6827956989247311,0.844565440723238,0.7193047571467651,0.7554105883158688,0.0,0.011876299977302551,900672,0.0,179.8125,none,none,stable,False,0.0,0.0
44,36,Streaming Random Patches (river),0.715,0.764,0.6491,0.7957,0.8428,0.7345,0.7705,3.2812,3.4293,1380630,0.0,273.85,none,none,stable,False,0.0,
44,36,Two-Tier Hybrid Ensemble,0.7119,0.754,0.6307,0.8172,0.8489,0.7322,0.7669,0.2344,0.2395,1469028,0.0,273.85,none,none,stable,False,0.0,0.1
44,36,Warm-Start Ensemble,0.7149,0.748,0.6172,0.8495,0.839,0.7429,0.7687,0.0469,0.0387,704216,0.0,273.85,none,none,stable,False,0.0,
44,37,Adaptive Random Forest (river),0.7702,0.63,0.6275,0.9968,0.7337,0.8657,0.5116,2.2656,2.3412,1764908,0.0,273.86,mixed,moderate,sudden,False,0.0,
44,37,Component-Selective Ensemble,0.8628,0.834,0.8878,0.8392,0.9243,0.9551,0.8323,0.0156,0.0154,1254018,0.0,193.05,mixed,moderate,sudden,False,0.1284,
44,37,Continuously Retrained Ensemble,0.8485,0.83,0.952,0.7653,0.9287,0.9569,0.8509,1.3906,1.3795,1327003,0.0,273.85,mixed,moderate,sudden,True,0.0,
44,37,Event-Driven Ensemble (ADWIN),0.8318,0.814,0.9504,0.7395,0.9292,0.9569,0.838,0.0469,0.0407,1315122,0.0,273.86,mixed,moderate,sudden,False,0.0,
44,37,Event-Driven Ensemble (Custom Dual-Trigger),0.8532,0.828,0.9091,0.8039,0.9194,0.9518,0.8358,0.0312,0.0342,1267426,0.0,273.86,mixed,moderate,sudden,False,0.1284,
44,37,Event-Driven Ensemble (DDM),0.8485,0.83,0.952,0.7653,0.9287,0.9569,0.8509,0.0312,0.0346,1315122,0.0,273.86,mixed,moderate,sudden,False,0.0,
44,37,Event-Driven Ensemble (EDDM),0.8485,0.83,0.952,0.7653,0.9287,0.9569,0.8509,1.3906,1.4043,1327003,0.0,273.86,mixed,moderate,sudden,True,0.0,
44,37,Event-Driven Ensemble (Page-Hinkley),0.8429,0.824,0.9478,0.7588,0.9277,0.9572,0.845,0.0469,0.0411,1337339,0.0,273.86,mixed,moderate,sudden,False,0.0,
44,37,Frozen Ensemble,0.7846153846153846,0.776,0.9760765550239234,0.6559485530546624,0.9343643137855356,0.9617273606452232,0.814746763299818,0.03125,0.03176210029050708,1717110,0.0,179.8125,mixed,moderate,sudden,False,0.0,0.0
44,37,Frozen Model,0.8067542213883677,0.794,0.9684684684684685,0.6913183279742765,0.9315316694737917,0.9601014173718808,0.8271406454686197,0.03125,0.020841799676418304,900672,0.0,179.8125,mixed,moderate,sudden,False,0.0,0.0
44,37,Streaming Random Patches (river),0.7612,0.734,0.8618,0.6817,0.8464,0.898,0.7509,3.6719,3.7669,2978023,0.0,273.86,mixed,moderate,sudden,False,0.0,
44,37,Two-Tier Hybrid Ensemble,0.8438,0.82,0.917,0.7814,0.9203,0.9528,0.8325,0.3594,0.3546,1469015,0.0,273.86,mixed,moderate,sudden,False,0.0,0.1
44,37,Warm-Start Ensemble,0.8159,0.796,0.93,0.7267,0.9139,0.9485,0.8184,0.0312,0.0339,704216,0.0,273.86,mixed,moderate,sudden,False,0.0,
44,38,Adaptive Random Forest (river),0.7633,0.716,0.6716,0.8842,0.8224,0.8104,0.7097,3.0,3.0857,2757167,0.0,273.88,concept,moderate,gradual,False,0.0,
44,38,Component-Selective Ensemble,0.7956,0.776,0.7543,0.8417,0.8724,0.8775,0.7735,0.0156,0.023,1254018,0.0,193.05,concept,moderate,gradual,False,0.0898,
44,38,Continuously Retrained Ensemble,0.7769,0.768,0.7739,0.7799,0.868,0.8791,0.7676,1.3906,1.4261,1311547,0.0,273.86,concept,moderate,gradual,True,0.0,
44,38,Event-Driven Ensemble (ADWIN),0.7803,0.768,0.7658,0.7954,0.866,0.877,0.767,0.0156,0.0338,1315122,0.0,273.88,concept,moderate,gradual,False,0.0,
44,38,Event-Driven Ensemble (Custom Dual-Trigger),0.7956,0.776,0.7543,0.8417,0.8727,0.8789,0.7735,0.0312,0.0364,1267426,0.0,273.88,concept,moderate,gradual,False,0.0898,
44,38,Event-Driven Ensemble (DDM),0.7803,0.768,0.7658,0.7954,0.866,0.877,0.767,1.2812,1.3883,1311547,0.0,273.88,concept,moderate,gradual,True,0.0,
44,38,Event-Driven Ensemble (EDDM),0.7769,0.768,0.7739,0.7799,0.868,0.8791,0.7676,1.3594,1.4032,1311547,0.0,273.88,concept,moderate,gradual,True,0.0,
44,38,Event-Driven Ensemble (Page-Hinkley),0.7833,0.772,0.7715,0.7954,0.8693,0.8818,0.7711,1.3438,1.4158,1311547,0.0,273.88,concept,moderate,gradual,True,0.0,
44,38,Frozen Ensemble,0.78099173553719,0.788,0.84,0.7297297297297297,0.87753728832567,0.8800438624631073,0.7901760681843669,0.03125,0.026479299645870924,1717110,0.0,179.8125,concept,moderate,gradual,False,0.0,0.0
44,38,Frozen Model,0.7777777777777778,0.784,0.8325991189427313,0.7297297297297297,0.8762235857671543,0.8732221903404539,0.7860266905910059,0.015625,0.014546599704772234,900672,0.0,179.8125,concept,moderate,gradual,False,0.0,0.0
44,38,Streaming Random Patches (river),0.7553,0.698,0.6508,0.8996,0.8579,0.8771,0.6905,4.0469,4.1696,4708897,0.0,273.75,concept,moderate,gradual,False,0.0,
44,38,Two-Tier Hybrid Ensemble,0.7942,0.774,0.7517,0.8417,0.873,0.8792,0.7715,0.375,0.4051,1470335,0.0,273.97,concept,moderate,gradual,False,0.0,0.1
44,38,Warm-Start Ensemble,0.8035,0.774,0.731,0.8919,0.8513,0.8585,0.7696,0.0469,0.0412,704216,0.0,273.88,concept,moderate,gradual,False,0.0,
44,39,Adaptive Random Forest (river),0.907,0.84,0.8647,0.9535,0.8046,0.9252,0.6416,2.6875,2.8084,221340,0.0,274.25,covariate,severe,sudden,False,0.0,
44,39,Component-Selective Ensemble,0.9039,0.826,0.8246,1.0,0.825,0.9544,0.522,0.2656,0.2721,1256898,0.0,193.05,covariate,severe,sudden,True,0.2448,
44,39,Continuously Retrained Ensemble,0.9109,0.842,0.8452,0.9878,0.735,0.9103,0.5873,1.5469,1.5455,1310347,0.0078,274.02,covariate,severe,sudden,True,0.0,
44,39,Event-Driven Ensemble (ADWIN),0.8908,0.818,0.875,0.9071,0.7567,0.9153,0.6623,1.4531,1.5193,1310347,0.0,274.28,covariate,severe,sudden,True,0.0,
44,39,Event-Driven Ensemble (Custom Dual-Trigger),0.9081,0.838,0.8475,0.978,0.8205,0.9491,0.5934,1.5,1.5439,1310347,0.0,274.25,covariate,severe,sudden,True,0.2448,
44,39,Event-Driven Ensemble (DDM),0.9109,0.842,0.8452,0.9878,0.735,0.9103,0.5873,1.4219,1.522,1310347,0.0,274.28,covariate,severe,sudden,True,0.0,
44,39,Event-Driven Ensemble (EDDM),0.9109,0.842,0.8452,0.9878,0.735,0.9103,0.5873,1.4844,1.5129,1310347,0.0,274.29,covariate,severe,sudden,True,0.0,
44,39,Event-Driven Ensemble (Page-Hinkley),0.9109,0.842,0.8452,0.9878,0.7333,0.9108,0.5873,0.0312,0.023,1311547,0.0,273.61,covariate,severe,sudden,False,0.0,
44,39,Frozen Ensemble,0.8886138613861386,0.82,0.899749373433584,0.8777506112469438,0.8102582014562454,0.9434709748531297,0.7190950858432521,0.03125,0.02802529977634549,1717110,0.0,179.8125,covariate,severe,sudden,False,0.0,0.0
44,39,Frozen Model,0.8875154511742892,0.818,0.8975,0.8777506112469438,0.8089282355786023,0.9408803814371295,0.7136005803487466,0.0,0.008818999864161015,900672,0.0,179.8125,covariate,severe,sudden,False,0.0,0.0
44,39,Streaming Random Patches (river),0.8944,0.82,0.86,0.9315,0.7822,0.9248,0.6251,4.1094,4.2644,5445521,0.0,274.26,covariate,severe,sudden,False,0.0,
44,39,Two-Tier Hybrid Ensemble,0.9078,0.838,0.8489,0.9756,0.8208,0.9489,0.5977,1.6094,1.6448,1349833,0.0,274.86,covariate,severe,sudden,True,0.0,0.4
44,39,Warm-Start Ensemble,0.8873,0.816,0.8894,0.8851,0.8143,0.9499,0.6953,0.2812,0.2954,687818,0.0,273.61,covariate,severe,sudden,True,0.0,
44,40,Adaptive Random Forest (river),0.6376,0.468,0.468,1.0,0.9675,0.9735,0.5,1.5938,1.7155,672524,0.0,274.88,mixed,moderate,recovery,False,0.0,
44,40,Component-Selective Ensemble,0.9142,0.92,0.9181,0.9103,0.9777,0.9794,0.9194,0.0156,0.0193,1256898,0.0,193.05,mixed,moderate,recovery,False,0.0759,
44,40,Continuously Retrained Ensemble,0.9188,0.924,0.9188,0.9188,0.9779,0.9798,0.9237,1.4219,1.4548,1325307,0.0,274.86,mixed,moderate,recovery,True,0.0,
44,40,Event-Driven Ensemble (ADWIN),0.9188,0.924,0.9188,0.9188,0.9769,0.9794,0.9237,1.5156,1.6055,1325307,0.0,274.88,mixed,moderate,recovery,True,0.0,
44,40,Event-Driven Ensemble (Custom Dual-Trigger),0.9188,0.924,0.9188,0.9188,0.9772,0.9795,0.9237,0.0469,0.0462,1310347,0.0,274.88,mixed,moderate,recovery,False,0.0759,
44,40,Event-Driven Ensemble (DDM),0.9188,0.924,0.9188,0.9188,0.9779,0.9798,0.9237,1.3125,1.3706,1325307,0.0,274.88,mixed,moderate,recovery,True,0.0,
44,40,Event-Driven Ensemble (EDDM),0.9188,0.924,0.9188,0.9188,0.9779,0.9798,0.9237,1.3906,1.3952,1325307,0.0,274.88,mixed,moderate,recovery,True,0.0,
44,40,Event-Driven Ensemble (Page-Hinkley),0.9161,0.922,0.9221,0.9103,0.9745,0.9782,0.9213,1.5469,1.6143,1325307,0.0,274.88,mixed,moderate,recovery,True,0.0,
44,40,Frozen Ensemble,0.9144144144144144,0.924,0.9666666666666667,0.8675213675213675,0.9758691600796864,0.9790798452699805,0.9206027890238417,0.015625,0.026307200081646442,1717110,0.0,179.80078125,mixed,moderate,recovery,False,0.0,0.0
44,40,Frozen Model,0.9107142857142857,0.92,0.9532710280373832,0.8717948717948718,0.975499646552278,0.9786545494553718,0.9171004434162329,0.015625,0.010845200158655643,900672,0.0,179.80078125,mixed,moderate,recovery,False,0.0,0.0
44,40,Streaming Random Patches (river),0.9046,0.908,0.879,0.9316,0.9708,0.975,0.9094,3.2812,3.4692,674574,0.0,274.88,mixed,moderate,recovery,False,0.0,
44,40,Two-Tier Hybrid Ensemble,0.9237,0.93,0.9422,0.906,0.977,0.9793,0.9286,0.2656,0.2319,1381620,0.0,274.88,mixed,moderate,recovery,False,0.0,0.28
44,40,Warm-Start Ensemble,0.9142,0.92,0.9181,0.9103,0.9705,0.974,0.9194,0.0469,0.0402,687818,0.0,274.88,mixed,moderate,recovery,False,0.0,
44,41,Adaptive Random Forest (river),0.7019,0.628,0.5856,0.876,0.5828,0.5201,0.628,1.9531,2.0372,1582792,0.0,274.88,covariate,mild,recovery,False,0.0,
44,41,Component-Selective Ensemble,0.7164,0.65,0.6022,0.884,0.7542,0.7358,0.65,0.3281,0.3311,1309387,0.0,193.05,covariate,mild,recovery,True,0.1441,
44,41,Continuously Retrained Ensemble,0.7208,0.656,0.6066,0.888,0.7536,0.7444,0.656,1.5938,1.7024,1328107,0.0,274.88,covariate,mild,recovery,True,0.0,
44,41,Event-Driven Ensemble (ADWIN),0.7229,0.658,0.6076,0.892,0.7537,0.7438,0.658,1.2969,1.341,1328107,0.0,274.88,covariate,mild,recovery,True,0.0,
44,41,Event-Driven Ensemble (Custom Dual-Trigger),0.7143,0.648,0.6011,0.88,0.7552,0.7385,0.648,1.3438,1.427,1328107,0.0,274.88,covariate,mild,recovery,True,0.1441,
44,41,Event-Driven Ensemble (DDM),0.7208,0.656,0.6066,0.888,0.7536,0.7444,0.656,1.2969,1.378,1328107,0.0,274.88,covariate,mild,recovery,True,0.0,
44,41,Event-Driven Ensemble (EDDM),0.7208,0.656,0.6066,0.888,0.7536,0.7444,0.656,1.2969,1.3984,1328107,0.0,274.88,covariate,mild,recovery,True,0.0,
44,41,Event-Driven Ensemble (Page-Hinkley),0.7129,0.644,0.5973,0.884,0.7528,0.746,0.644,1.3281,1.4237,1328107,0.0,274.88,covariate,mild,recovery,True,0.0,
44,41,Frozen Ensemble,0.7071823204419889,0.682,0.6552901023890785,0.768,0.74928,0.7315480099633199,0.6819999999999999,0.03125,0.02608550013974309,1717110,0.0,179.80078125,covariate,mild,recovery,False,0.0,0.0
44,41,Frozen Model,0.6998158379373849,0.674,0.6484641638225256,0.76,0.7487360000000001,0.7272792190441557,0.6739999999999999,0.015625,0.01514929998666048,900672,0.0,179.80078125,covariate,mild,recovery,False,0.0,0.0
44,41,Streaming Random Patches (river),0.7017,0.614,0.5718,0.908,0.7055,0.6624,0.614,3.3438,3.4521,1249563,0.0,274.88,covariate,mild,recovery,False,0.0,
44,41,Two-Tier Hybrid Ensemble,0.6994,0.584,0.5475,0.968,0.7566,0.739,0.584,1.5156,1.5053,1399082,0.0,274.88,covariate,mild,recovery,True,0.0,0.4
44,41,Warm-Start Ensemble,0.7032,0.632,0.5892,0.872,0.7336,0.7404,0.632,0.2969,0.3212,755011,0.0,274.88,covariate,mild,recovery,True,0.0,
44,42,Adaptive Random Forest (river),0.3023,0.88,0.619,0.2,0.6236,0.3534,0.5908,2.2031,2.3488,506932,0.0,274.97,concept,mild,gradual,False,0.0,
44,42,Component-Selective Ensemble,0.3696,0.884,0.6296,0.2615,0.846,0.5403,0.6193,0.8281,0.8726,1347515,0.0,193.08,concept,mild,gradual,True,0.1013,
44,42,Continuously Retrained Ensemble,0.4421,0.894,0.7,0.3231,0.8399,0.5358,0.6512,1.3438,1.4155,1347515,0.0,274.88,concept,mild,gradual,True,0.0,
44,42,Event-Driven Ensemble (ADWIN),0.4421,0.894,0.7,0.3231,0.8399,0.5358,0.6512,1.3125,1.3857,1347515,0.0,274.9,concept,mild,gradual,True,0.0,
44,42,Event-Driven Ensemble (Custom Dual-Trigger),0.4086,0.89,0.6786,0.2923,0.8369,0.5325,0.6358,1.3125,1.3846,1347515,0.0,274.89,concept,mild,gradual,True,0.1013,
44,42,Event-Driven Ensemble (DDM),0.4421,0.894,0.7,0.3231,0.8399,0.5358,0.6512,1.3594,1.3832,1347515,0.0,274.9,concept,mild,gradual,True,0.0,
44,42,Event-Driven Ensemble (EDDM),0.4421,0.894,0.7,0.3231,0.8399,0.5358,0.6512,1.25,1.3557,1347515,0.0,274.9,concept,mild,gradual,True,0.0,
44,42,Event-Driven Ensemble (Page-Hinkley),0.4421,0.894,0.7,0.3231,0.8399,0.5358,0.6512,0.0156,0.0318,1328107,0.0,274.9,concept,mild,gradual,False,0.0,
44,42,Frozen Ensemble,0.3132530120481928,0.886,0.7222222222222222,0.2,0.8574712643678161,0.5583862387116076,0.5942528735632184,0.015625,0.02172569977119565,1717110,0.0,179.80078125,concept,mild,gradual,False,0.0,0.0
44,42,Frozen Model,0.30952380952380953,0.884,0.6842105263157895,0.2,0.8572236958443855,0.5561124105646469,0.593103448275862,0.015625,0.011627900414168835,900672,0.0,179.80078125,concept,mild,gradual,False,0.0,0.0
44,42,Streaming Random Patches (river),0.3333,0.888,0.7368,0.2154,0.6852,0.416,0.6019,4.1562,4.4926,1083561,0.0,274.97,concept,mild,gradual,False,0.0,
44,42,Two-Tier Hybrid Ensemble,0.3256,0.884,0.6667,0.2154,0.8363,0.5099,0.5996,1.7969,1.8532,1418763,0.0,274.97,concept,mild,gradual,True,0.0,0.4
44,42,Warm-Start Ensemble,0.5636,0.904,0.6889,0.4769,0.8476,0.5258,0.7224,0.3594,0.4106,740931,0.0,274.9,concept,mild,gradual,True,0.0,
44,43,Adaptive Random Forest (river),0.7689,0.804,0.6996,0.8534,0.8557,0.7296,0.8134,1.8438,1.8981,221040,0.0,274.97,none,none,stable,False,0.0,
44,43,Component-Selective Ensemble,0.7606,0.796,0.6894,0.8482,0.8772,0.7758,0.806,0.0312,0.0277,1347515,0.0,193.08,none,none,stable,False,0.037,
44,43,Continuously Retrained Ensemble,0.7594,0.796,0.691,0.8429,0.8767,0.7731,0.805,1.5469,1.7259,1317339,0.0,274.97,none,none,stable,True,0.0,
44,43,Event-Driven Ensemble (ADWIN),0.7594,0.796,0.691,0.8429,0.8767,0.7731,0.805,1.625,1.6305,1317339,0.0,274.97,none,none,stable,True,0.0,
44,43,Event-Driven Ensemble (Custom Dual-Trigger),0.7594,0.796,0.691,0.8429,0.8767,0.7731,0.805,0.0469,0.0437,1347515,0.0,274.97,none,none,stable,False,0.037,
44,43,Event-Driven Ensemble (DDM),0.7594,0.796,0.691,0.8429,0.8767,0.7731,0.805,1.4844,1.5467,1317339,0.0,274.97,none,none,stable,True,0.0,
44,43,Event-Driven Ensemble (EDDM),0.7594,0.796,0.691,0.8429,0.8767,0.7731,0.805,1.2969,1.3564,1317339,0.0,274.97,none,none,stable,True,0.0,
44,43,Event-Driven Ensemble (Page-Hinkley),0.7646,0.798,0.6891,0.8586,0.874,0.7686,0.8096,0.0312,0.034,1328107,0.0,274.97,none,none,stable,False,0.0,
44,43,Frozen Ensemble,0.7628361858190709,0.806,0.7155963302752294,0.8167539267015707,0.875345227807994,0.7660619399771498,0.8080533387553162,0.015625,0.023389100097119808,1717110,0.0,179.80078125,none,none,stable,False,0.0,0.0
44,43,Frozen Model,0.7658536585365854,0.808,0.7168949771689498,0.8219895287958116,0.8751757908470154,0.7656392000598118,0.8106711398024365,0.015625,0.009508199989795685,900672,0.0,179.80078125,none,none,stable,False,0.0,0.0
44,43,Streaming Random Patches (river),0.7667,0.798,0.686,0.8691,0.8571,0.7294,0.8116,4.1719,4.3968,2377575,0.0,274.97,none,none,stable,False,0.0,
44,43,Two-Tier Hybrid Ensemble,0.7585,0.8,0.704,0.822,0.8766,0.7731,0.8042,0.1406,0.1407,1418541,0.0,274.97,none,none,stable,False,0.0,0.28
44,43,Warm-Start Ensemble,0.7593,0.792,0.6805,0.8586,0.8739,0.7892,0.8047,0.0312,0.0468,740931,0.0,274.97,none,none,stable,False,0.0,
44,44,Adaptive Random Forest (river),0.0,0.382,0.0,0.0,0.6846,0.8584,0.5,2.0781,2.1257,649518,0.0,274.99,mixed,mild,sudden,False,0.0,
44,44,Component-Selective Ensemble,0.8982,0.874,0.8968,0.8997,0.9389,0.9524,0.8661,0.0156,0.0253,1347515,0.0,193.08,mixed,mild,sudden,False,0.1312,
44,44,Continuously Retrained Ensemble,0.9016,0.88,0.9136,0.89,0.9393,0.9522,0.8769,1.3594,1.4147,1288827,0.0,274.97,mixed,mild,sudden,True,0.0,
44,44,Event-Driven Ensemble (ADWIN),0.9016,0.88,0.9136,0.89,0.9393,0.9522,0.8769,0.0312,0.0349,1317339,0.0,274.99,mixed,mild,sudden,False,0.0,
44,44,Event-Driven Ensemble (Custom Dual-Trigger),0.8982,0.874,0.8968,0.8997,0.9389,0.9524,0.8661,0.0469,0.0476,1347515,0.0,274.99,mixed,mild,sudden,False,0.1312,
44,44,Event-Driven Ensemble (DDM),0.9016,0.88,0.9136,0.89,0.9393,0.9522,0.8769,1.3594,1.3546,1288827,0.0,274.99,mixed,mild,sudden,True,0.0,
44,44,Event-Driven Ensemble (EDDM),0.9016,0.88,0.9136,0.89,0.9393,0.9522,0.8769,1.4219,1.5702,1288827,0.0,274.99,mixed,mild,sudden,True,0.0,
44,44,Event-Driven Ensemble (Page-Hinkley),0.9111,0.888,0.8941,0.9288,0.9421,0.953,0.8754,0.0312,0.0364,1328107,0.0,274.99,mixed,mild,sudden,False,0.0,
44,44,Frozen Ensemble,0.8952702702702703,0.876,0.9363957597173145,0.8576051779935275,0.9391382436164625,0.950298835788245,0.8816821701485962,0.015625,0.023761000018566847,1717110,0.0,179.80078125,mixed,mild,sudden,False,0.0,0.0
44,44,Frozen Model,0.9015025041736227,0.882,0.9310344827586207,0.8737864077669902,0.9392907368813432,0.950158284474987,0.8845371829410867,0.015625,0.010101899970322847,900672,0.0,179.80078125,mixed,mild,sudden,False,0.0,0.0
44,44,Streaming Random Patches (river),0.8915,0.87,0.9207,0.8641,0.9372,0.9484,0.8718,4.5312,4.7291,3463299,0.0,274.99,mixed,mild,sudden,False,0.0,
44,44,Two-Tier Hybrid Ensemble,0.904,0.884,0.9254,0.8835,0.9386,0.9522,0.8842,0.1562,0.1522,1418638,0.0,274.99,mixed,mild,sudden,False,0.0,0.196
44,44,Warm-Start Ensemble,0.9046,0.884,0.9197,0.89,0.9357,0.9493,0.8822,0.0469,0.0421,740931,0.0,274.99,mixed,mild,sudden,False,0.0,
44,45,Adaptive Random Forest (river),0.829,0.816,0.7433,0.937,0.9442,0.9599,0.8215,1.8594,1.9095,814064,0.0,274.99,mixed,severe,recovery,False,0.0,
44,45,Component-Selective Ensemble,0.8975,0.91,0.9801,0.8277,0.9623,0.9684,0.9062,0.0,0.0252,1347515,0.0,193.08,mixed,severe,recovery,False,0.0955,
44,45,Continuously Retrained Ensemble,0.897,0.91,0.9849,0.8235,0.96,0.9669,0.906,1.25,1.3521,1266658,0.0,274.99,mixed,severe,recovery,True,0.0,
44,45,Event-Driven Ensemble (ADWIN),0.8884,0.902,0.9701,0.8193,0.9617,0.9682,0.8982,1.2812,1.3779,1266658,0.0,274.99,mixed,severe,recovery,True,0.0,
44,45,Event-Driven Ensemble (Custom Dual-Trigger),0.8975,0.91,0.9801,0.8277,0.9623,0.9684,0.9062,0.0312,0.036,1347515,0.0,274.99,mixed,severe,recovery,False,0.0955,
44,45,Event-Driven Ensemble (DDM),0.897,0.91,0.9849,0.8235,0.96,0.9669,0.906,1.4062,1.4475,1266658,0.0,274.99,mixed,severe,recovery,True,0.0,
44,45,Event-Driven Ensemble (EDDM),0.897,0.91,0.9849,0.8235,0.96,0.9669,0.906,1.3594,1.3912,1266658,0.0,274.99,mixed,severe,recovery,True,0.0,
44,45,Event-Driven Ensemble (Page-Hinkley),0.8964,0.908,0.966,0.8361,0.961,0.9674,0.9047,1.3438,1.3661,1266658,0.0,274.99,mixed,severe,recovery,True,0.0,
44,45,Frozen Ensemble,0.8361858190709046,0.866,1.0,0.7184873949579832,0.9611585092052088,0.9672166862787238,0.8592436974789917,0.03125,0.03091059997677803,1717110,0.0,179.80078125,mixed,severe,recovery,False,0.0,0.0
44,45,Frozen Model,0.8509615384615384,0.876,0.9943820224719101,0.7436974789915967,0.9602444031047533,0.9663275044227976,0.8699403425492335,0.015625,0.013800099957734346,900672,0.0,179.80078125,mixed,severe,recovery,False,0.0,0.0
44,45,Streaming Random Patches (river),0.8923,0.902,0.9355,0.8529,0.9589,0.9644,0.8998,3.8594,4.0331,1628114,0.0,274.99,mixed,severe,recovery,False,0.0,
44,45,Two-Tier Hybrid Ensemble,0.894,0.908,0.9898,0.8151,0.9622,0.9683,0.9037,0.1406,0.1685,1450509,0.0,274.99,mixed,severe,recovery,False,0.0,0.1372
44,45,Warm-Start Ensemble,0.8476,0.872,0.978,0.7479,0.943,0.9531,0.8663,0.0312,0.0309,740931,0.0,274.99,mixed,severe,recovery,False,0.0,
44,46,Adaptive Random Forest (river),0.0,0.582,0.0,0.0,0.7494,0.6435,0.5,2.0312,2.048,1138740,0.0,275.11,none,none,stable,False,0.0,
44,46,Component-Selective Ensemble,0.7017,0.716,0.6255,0.799,0.8116,0.7426,0.7277,0.2656,0.267,1346219,0.0,193.08,none,none,stable,True,0.0934,
44,46,Continuously Retrained Ensemble,0.6985,0.71,0.6176,0.8038,0.8159,0.7517,0.7232,1.3906,1.3876,1237570,0.0,274.99,none,none,stable,True,0.0,
44,46,Event-Driven Ensemble (ADWIN),0.7017,0.716,0.6255,0.799,0.815,0.7488,0.7277,1.25,1.3784,1237570,0.0,275.02,none,none,stable,True,0.0,
44,46,Event-Driven Ensemble (Custom Dual-Trigger),0.7017,0.716,0.6255,0.799,0.8116,0.7426,0.7277,1.375,1.37,1237570,0.0,275.02,none,none,stable,True,0.0934,
44,46,Event-Driven Ensemble (DDM),0.6985,0.71,0.6176,0.8038,0.8159,0.7517,0.7232,1.2812,1.3513,1237570,0.0,275.02,none,none,stable,True,0.0,
44,46,Event-Driven Ensemble (EDDM),0.6985,0.71,0.6176,0.8038,0.8159,0.7517,0.7232,1.2031,1.3529,1237570,0.0,275.02,none,none,stable,True,0.0,
44,46,Event-Driven Ensemble (Page-Hinkley),0.7017,0.716,0.6255,0.799,0.815,0.7488,0.7277,1.3281,1.4483,1237570,0.0,275.02,none,none,stable,True,0.0,
44,46,Frozen Ensemble,0.7045454545454546,0.74,0.670995670995671,0.7416267942583732,0.8128052088985349,0.7412055790986495,0.7402292046893241,0.03125,0.03070419980213046,1717110,0.0,179.80078125,none,none,stable,False,0.0,0.0
44,46,Frozen Model,0.7074829931972789,0.742,0.6724137931034483,0.7464114832535885,0.8128380933589832,0.7373603819172692,0.7426215491869317,0.015625,0.02104409970343113,900672,0.0,179.80078125,none,none,stable,False,0.0,0.0
44,46,Streaming Random Patches (river),0.7052,0.714,0.6196,0.8182,0.8021,0.7224,0.7287,3.8125,4.0327,2455597,0.0,275.11,none,none,stable,False,0.0,
44,46,Two-Tier Hybrid Ensemble,0.6931,0.706,0.6148,0.7943,0.8127,0.7443,0.7184,1.5469,1.577,1358739,0.0,275.11,none,none,stable,True,0.0,0.4
44,46,Warm-Start Ensemble,0.7078,0.716,0.6209,0.823,0.7901,0.6925,0.7311,0.3281,0.3351,759315,0.0,275.02,none,none,stable,True,0.0,
44,47,Adaptive Random Forest (river),0.5614,0.85,0.8889,0.4103,0.8864,0.7794,0.6973,2.0469,2.1752,575140,0.0,275.11,none,none,stable,False,0.0,
44,47,Component-Selective Ensemble,0.7627,0.888,0.7563,0.7692,0.9329,0.828,0.8468,0.0156,0.0179,1346219,0.0,193.08,none,none,stable,False,0.0492,
44,47,Continuously Retrained Ensemble,0.7467,0.886,0.7778,0.7179,0.9343,0.8378,0.8276,1.6094,1.7573,1237170,0.0,275.11,none,none,stable,True,0.0,
44,47,Event-Driven Ensemble (ADWIN),0.7467,0.886,0.7778,0.7179,0.9343,0.8378,0.8276,1.25,1.3188,1237170,0.0039,275.11,none,none,stable,True,0.0,
44,47,Event-Driven Ensemble (Custom Dual-Trigger),0.7467,0.886,0.7778,0.7179,0.9343,0.8378,0.8276,0.0625,0.0541,1237570,0.0,275.11,none,none,stable,False,0.0492,
44,47,Event-Driven Ensemble (DDM),0.7467,0.886,0.7778,0.7179,0.9343,0.8378,0.8276,1.2969,1.3343,1237170,0.0,275.11,none,none,stable,True,0.0,
44,47,Event-Driven Ensemble (EDDM),0.7467,0.886,0.7778,0.7179,0.9343,0.8378,0.8276,1.2969,1.3367,1237170,0.0,275.11,none,none,stable,True,0.0,
44,47,Event-Driven Ensemble (Page-Hinkley),0.7467,0.886,0.7778,0.7179,0.9343,0.8378,0.8276,0.0312,0.0349,1237570,0.0,275.11,none,none,stable,False,0.0,
44,47,Frozen Ensemble,0.7156862745098039,0.884,0.8390804597701149,0.6239316239316239,0.9368012318403963,0.8419542133487528,0.7936890495637232,0.03125,0.02140149986371398,1717110,0.0,179.80078125,none,none,stable,False,0.0,0.0
44,47,Frozen Model,0.729064039408867,0.89,0.8604651162790697,0.6324786324786325,0.9347035326147598,0.8349287906834723,0.8005735198946686,0.015625,0.010369000025093555,900672,0.0,179.80078125,none,none,stable,False,0.0,0.0
44,47,Streaming Random Patches (river),0.7264,0.884,0.8105,0.6581,0.9152,0.8132,0.8056,3.8906,4.1597,1904772,0.0,275.11,none,none,stable,False,0.0,
44,47,Two-Tier Hybrid Ensemble,0.7053,0.878,0.8111,0.6239,0.9363,0.8274,0.7898,0.2188,0.2188,1359258,0.0,275.11,none,none,stable,False,0.0,0.28
44,47,Warm-Start Ensemble,0.7234,0.87,0.7203,0.7265,0.9266,0.801,0.8202,0.0312,0.0306,759315,0.0,275.11,none,none,stable,False,0.0,
44,48,Adaptive Random Forest (river),0.8025,0.876,0.7683,0.84,0.9054,0.8283,0.8657,2.0,2.1287,214455,0.0,275.13,concept,severe,gradual,False,0.0,
44,48,Component-Selective Ensemble,0.8333,0.9,0.8333,0.8333,0.9604,0.8957,0.881,0.0156,0.0179,1346219,0.0,193.08,concept,severe,gradual,False,0.0476,
44,48,Continuously Retrained Ensemble,0.8311,0.9,0.8425,0.82,0.9616,0.8947,0.8771,1.3906,1.4307,1175952,0.0,275.13,concept,severe,gradual,True,0.0,
44,48,Event-Driven Ensemble (ADWIN),0.8311,0.9,0.8425,0.82,0.9616,0.8947,0.8771,1.3438,1.4003,1175952,0.0,275.13,concept,severe,gradual,True,0.0,
44,48,Event-Driven Ensemble (Custom Dual-Trigger),0.8428,0.906,0.8456,0.84,0.9613,0.8962,0.8871,0.0469,0.0499,1237570,0.0,275.13,concept,severe,gradual,False,0.0476,
44,48,Event-Driven Ensemble (DDM),0.8311,0.9,0.8425,0.82,0.9616,0.8947,0.8771,1.3125,1.5084,1175952,0.0,275.13,concept,severe,gradual,True,0.0,
44,48,Event-Driven Ensemble (EDDM),0.8311,0.9,0.8425,0.82,0.9616,0.8947,0.8771,1.5781,1.6929,1175952,0.0,275.13,concept,severe,gradual,True,0.0,
44,48,Event-Driven Ensemble (Page-Hinkley),0.8428,0.906,0.8456,0.84,0.9613,0.8962,0.8871,0.0625,0.0587,1237570,0.0,275.13,concept,severe,gradual,False,0.0,
44,48,Frozen Ensemble,0.8113879003558719,0.894,0.8702290076335878,0.76,0.9591238095238096,0.8761568534008533,0.8557142857142856,0.015625,0.021921600215137005,1717110,0.0,179.80078125,concept,severe,gradual,False,0.0,0.0
44,48,Frozen Model,0.8127208480565371,0.894,0.8646616541353384,0.7666666666666667,0.9580190476190475,0.8716896941459193,0.8576190476190477,0.015625,0.014946900308132172,900672,0.0,179.80078125,concept,severe,gradual,False,0.0,0.0
44,48,Streaming Random Patches (river),0.8371,0.898,0.8037,0.8733,0.9584,0.8748,0.891,3.4375,3.5981,2018082,0.0,275.13,concept,severe,gradual,False,0.0,
44,48,Two-Tier Hybrid Ensemble,0.807,0.89,0.8519,0.7667,0.9593,0.8888,0.8548,0.2031,0.2221,1406611,0.0,275.13,concept,severe,gradual,False,0.0,0.196
44,48,Warm-Start Ensemble,0.8136,0.89,0.8276,0.8,0.9584,0.8802,0.8643,0.0469,0.0454,759315,0.0,275.13,concept,severe,gradual,False,0.0,
44,49,Adaptive Random Forest (river),0.0,0.206,0.0,0.0,0.7333,0.8945,0.5,1.8125,1.9013,1095105,0.0,275.33,mixed,mild,sudden,False,0.0,
44,49,Component-Selective Ensemble,0.9176,0.866,0.8966,0.9395,0.865,0.9533,0.761,0.3281,0.3247,1345355,0.0,193.08,mixed,mild,sudden,True,0.1856,
44,49,Continuously Retrained Ensemble,0.9163,0.864,0.8964,0.937,0.8647,0.9523,0.7598,1.2188,1.3276,1196057,0.0,275.13,mixed,mild,sudden,True,0.0,
44,49,Event-Driven Ensemble (ADWIN),0.9163,0.864,0.8964,0.937,0.8647,0.9523,0.7598,0.0469,0.0501,1175952,0.0,275.13,mixed,mild,sudden,False,0.0,
44,49,Event-Driven Ensemble (Custom Dual-Trigger),0.9129,0.86,0.9017,0.9244,0.8644,0.9524,0.768,1.2656,1.3839,1196057,0.0,275.13,mixed,mild,sudden,True,0.1856,
44,49,Event-Driven Ensemble (DDM),0.9163,0.864,0.8964,0.937,0.8647,0.9523,0.7598,1.5,1.6368,1196057,0.0,275.13,mixed,mild,sudden,True,0.0,
44,49,Event-Driven Ensemble (EDDM),0.9163,0.864,0.8964,0.937,0.8647,0.9523,0.7598,1.3594,1.4171,1196057,0.0,275.13,mixed,mild,sudden,True,0.0,
44,49,Event-Driven Ensemble (Page-Hinkley),0.9129,0.86,0.9017,0.9244,0.8644,0.9524,0.768,0.0312,0.0343,1237570,0.0,275.13,mixed,mild,sudden,False,0.0,
44,49,Frozen Ensemble,0.8851174934725848,0.824,0.9186991869918699,0.853904282115869,0.8617299650289795,0.9489952329603799,0.7813210730967695,0.03125,0.07239949982613325,1717110,0.0,179.80078125,mixed,mild,sudden,False,0.0,0.0
44,49,Frozen Model,0.8891752577319587,0.828,0.9102902374670184,0.8690176322418136,0.8526326086424886,0.9443459252181503,0.7694602724315864,0.0,0.02688139956444502,900672,0.0,179.80078125,mixed,mild,sudden,False,0.0,0.0
44,49,Streaming Random Patches (river),0.9066,0.85,0.8966,0.9169,0.8334,0.9275,0.7546,4.0156,4.2149,2958833,0.0,275.33,mixed,mild,sudden,False,0.0,
44,49,Two-Tier Hybrid Ensemble,0.9116,0.858,0.9015,0.9219,0.8637,0.9524,0.7668,1.6719,1.7285,1397402,0.0,275.33,mixed,mild,sudden,True,0.0,0.4
44,49,Warm-Start Ensemble,0.8778,0.814,0.9176,0.8413,0.854,0.9453,0.775,0.2812,0.2905,739994,0.0,275.13,mixed,mild,sudden,True,0.0,
44,50,Adaptive Random Forest (river),0.3247,0.634,0.2018,0.8302,0.7419,0.2454,0.7205,2.1719,2.3013,801245,0.0,264.07,none,none,stable,False,0.0,
44,50,Component-Selective Ensemble,0.2143,0.868,0.2903,0.1698,0.7964,0.2727,0.5603,0.7969,0.8223,1223961,0.0,193.08,none,none,stable,True,0.1042,
44,50,Continuously Retrained Ensemble,0.1975,0.87,0.2857,0.1509,0.8005,0.2675,0.5531,1.3438,1.4013,1223961,0.0,275.33,none,none,stable,True,0.0,
44,50,Event-Driven Ensemble (ADWIN),0.1867,0.878,0.3182,0.1321,0.7964,0.2609,0.5493,0.0312,0.0335,1175952,0.0,275.33,none,none,stable,False,0.0,
44,50,Event-Driven Ensemble (Custom Dual-Trigger),0.1975,0.87,0.2857,0.1509,0.8005,0.2675,0.5531,1.3281,1.3693,1223961,0.0,275.33,none,none,stable,True,0.1042,
44,50,Event-Driven Ensemble (DDM),0.1975,0.87,0.2857,0.1509,0.8005,0.2675,0.5531,1.25,1.3587,1223961,0.0,275.33,none,none,stable,True,0.0,
44,50,Event-Driven Ensemble (EDDM),0.1975,0.87,0.2857,0.1509,0.8005,0.2675,0.5531,1.3906,1.3906,1223961,0.0,275.33,none,none,stable,True,0.0,
44,50,Event-Driven Ensemble (Page-Hinkley),0.2105,0.88,0.3478,0.1509,0.7954,0.2567,0.5587,0.0312,0.0382,1237570,0.0,275.33,none,none,stable,False,0.0,
44,50,Frozen Ensemble,0.14925373134328357,0.886,0.35714285714285715,0.09433962264150944,0.8003039128783082,0.2863375227161249,0.537102697226795,0.03125,0.0438077999278903,1717110,0.0,179.8046875,none,none,stable,False,0.0,0.0
44,50,Frozen Model,0.15873015873015872,0.894,0.5,0.09433962264150944,0.7973914144611878,0.2858872180281799,0.5415769701574438,0.015625,0.05272739985957742,900672,0.0,179.80078125,none,none,stable,False,0.0,0.0
44,50,Streaming Random Patches (river),0.2292,0.852,0.2558,0.2075,0.7582,0.2184,0.568,3.9531,4.0513,3980756,0.0,264.64,none,none,stable,False,0.0,
44,50,Two-Tier Hybrid Ensemble,0.25,0.856,0.2791,0.2264,0.8007,0.276,0.5785,1.7656,1.809,1377386,0.0,266.33,none,none,stable,True,0.0,0.4
44,50,Warm-Start Ensemble,0.2692,0.848,0.2745,0.2642,0.7739,0.2672,0.5907,0.3281,0.3459,695674,0.0,275.33,none,none,stable,True,0.0,
44,51,Adaptive Random Forest (river),0.0219,0.642,0.6667,0.0111,0.826,0.7243,0.504,1.8281,1.9488,258148,0.0039,268.64,none,none,stable,False,0.0,
44,51,Component-Selective Ensemble,0.7797,0.818,0.691,0.8944,0.8898,0.7604,0.8347,0.0156,0.0177,1223961,0.0,193.08,none,none,stable,False,0.0392,
44,51,Continuously Retrained Ensemble,0.7797,0.818,0.691,0.8944,0.8925,0.7663,0.8347,1.3438,1.4236,1221577,0.0039,266.92,none,none,stable,True,0.0,
44,51,Event-Driven Ensemble (ADWIN),0.7864,0.824,0.6983,0.9,0.891,0.7546,0.8406,1.3438,1.3581,1221577,0.0039,267.08,none,none,stable,True,0.0,
44,51,Event-Driven Ensemble (Custom Dual-Trigger),0.7797,0.818,0.691,0.8944,0.8925,0.7663,0.8347,0.0312,0.035,1223961,0.0,267.05,none,none,stable,False,0.0392,
44,51,Event-Driven Ensemble (DDM),0.7797,0.818,0.691,0.8944,0.8925,0.7663,0.8347,1.375,1.3893,1221577,0.0039,267.09,none,none,stable,True,0.0,
44,51,Event-Driven Ensemble (EDDM),0.7797,0.818,0.691,0.8944,0.8925,0.7663,0.8347,1.3438,1.3871,1221577,0.0039,267.11,none,none,stable,True,0.0,
44,51,Event-Driven Ensemble (Page-Hinkley),0.7835,0.822,0.697,0.8944,0.8899,0.7534,0.8378,1.2969,1.3405,1221577,0.0,267.12,none,none,stable,True,0.0,
44,51,Frozen Ensemble,0.7880299251870324,0.83,0.7149321266968326,0.8777777777777778,0.9037326388888888,0.8131647874317949,0.8404513888888889,0.046875,0.052953199949115515,1717110,0.0,179.8046875,none,none,stable,False,0.0,0.0
44,51,Frozen Model,0.7860696517412935,0.828,0.7117117117117117,0.8777777777777778,0.9041666666666666,0.8220115156770608,0.8388888888888889,0.015625,0.024329100269824266,900672,0.0,179.8046875,none,none,stable,False,0.0,0.0
44,51,Streaming Random Patches (river),0.7922,0.83,0.7074,0.9,0.8913,0.7563,0.8453,3.625,3.863,1885238,0.0,268.64,none,none,stable,False,0.0,
44,51,Two-Tier Hybrid Ensemble,0.783,0.826,0.7104,0.8722,0.8919,0.759,0.8361,0.2344,0.2539,1393795,0.0,268.64,none,none,stable,False,0.0,0.28
44,51,Warm-Start Ensemble,0.7207,0.8,0.7247,0.7167,0.8782,0.7401,0.7818,0.0312,0.0327,695674,0.0,267.12,none,none,stable,False,0.0,
44,52,Adaptive Random Forest (river),0.0,0.648,0.0,0.0,0.6424,0.5741,0.5,2.0,2.1026,865561,0.0,269.55,none,none,stable,False,0.0,
44,52,Component-Selective Ensemble,0.7074,0.77,0.6406,0.7898,0.8302,0.6977,0.7745,0.0312,0.0285,1223961,0.0,193.08,none,none,stable,False,0.0384,
44,52,Continuously Retrained Ensemble,0.6937,0.758,0.6256,0.7784,0.8267,0.6885,0.7627,1.3438,1.4018,1279131,0.0078,268.74,none,none,stable,True,0.0,
44,52,Event-Driven Ensemble (ADWIN),0.6967,0.758,0.6233,0.7898,0.8232,0.6833,0.7653,1.25,1.3187,1279131,0.0,269.55,none,none,stable,True,0.0,
44,52,Event-Driven Ensemble (Custom Dual-Trigger),0.7056,0.768,0.6376,0.7898,0.8296,0.6992,0.773,0.0625,0.0514,1223961,0.0,269.53,none,none,stable,False,0.0384,
44,52,Event-Driven Ensemble (DDM),0.6937,0.758,0.6256,0.7784,0.8267,0.6885,0.7627,1.3125,1.3664,1279131,0.0,269.55,none,none,stable,True,0.0,
44,52,Event-Driven Ensemble (EDDM),0.6937,0.758,0.6256,0.7784,0.8267,0.6885,0.7627,1.3125,1.3852,1279131,0.0,269.55,none,none,stable,True,0.0,
44,52,Event-Driven Ensemble (Page-Hinkley),0.695,0.756,0.6205,0.7898,0.8255,0.6894,0.7637,1.3438,1.439,1279131,0.0,269.55,none,none,stable,True,0.0,
44,52,Frozen Ensemble,0.6972972972972973,0.776,0.6649484536082474,0.7329545454545454,0.8338594276094277,0.7066422280623519,0.7661686307519641,0.03125,0.05472829984501004,1717110,0.0,179.8046875,none,none,stable,False,0.0,0.0
44,52,Frozen Model,0.6868131868131868,0.772,0.6648936170212766,0.7102272727272727,0.8361567059483727,0.714729525587521,0.7578914141414141,0.015625,0.01853810017928481,900672,0.0,179.8046875,none,none,stable,False,0.0,0.0
44,52,Streaming Random Patches (river),0.6629,0.76,0.6556,0.6705,0.8139,0.6815,0.7395,4.4531,4.5663,1692667,0.0,269.55,none,none,stable,False,0.0,
44,52,Two-Tier Hybrid Ensemble,0.7085,0.768,0.6351,0.8011,0.8312,0.7003,0.7756,0.3125,0.3447,1394557,0.0,269.55,none,none,stable,False,0.0,0.196
44,52,Warm-Start Ensemble,0.6631,0.746,0.6219,0.7102,0.8175,0.6791,0.7378,0.0312,0.0408,695674,0.0,269.55,none,none,stable,False,0.0,
44,53,Adaptive Random Forest (river),0.5405,0.864,0.5797,0.5063,0.7723,0.5224,0.7187,1.7188,1.7958,456665,0.0,269.93,concept,moderate,sudden,False,0.0,
44,53,Component-Selective Ensemble,0.4,0.868,0.7097,0.2785,0.9375,0.6979,0.6286,0.75,0.773,1264770,0.0,193.08,concept,moderate,sudden,True,0.1017,
44,53,Continuously Retrained Ensemble,0.4522,0.874,0.7222,0.3291,0.9413,0.704,0.6527,1.3906,1.4411,1264770,0.0,269.55,concept,moderate,sudden,True,0.0,
44,53,Event-Driven Ensemble (ADWIN),0.4522,0.874,0.7222,0.3291,0.9413,0.704,0.6527,1.3281,1.3842,1264770,0.0,269.59,concept,moderate,sudden,True,0.0,
44,53,Event-Driven Ensemble (Custom Dual-Trigger),0.4,0.868,0.7097,0.2785,0.9375,0.6979,0.6286,1.3906,1.4273,1264770,0.0,269.59,concept,moderate,sudden,True,0.1017,
44,53,Event-Driven Ensemble (DDM),0.4522,0.874,0.7222,0.3291,0.9413,0.704,0.6527,0.0312,0.0361,1279131,0.0,269.59,concept,moderate,sudden,False,0.0,
44,53,Event-Driven Ensemble (EDDM),0.4522,0.874,0.7222,0.3291,0.9413,0.704,0.6527,1.2812,1.393,1264770,0.0,269.59,concept,moderate,sudden,True,0.0,
44,53,Event-Driven Ensemble (Page-Hinkley),0.4522,0.874,0.7222,0.3291,0.9413,0.704,0.6527,1.2969,1.3836,1264770,0.0,269.6,concept,moderate,sudden,True,0.0,
44,53,Frozen Ensemble,0.2765957446808511,0.864,0.8666666666666667,0.16455696202531644,0.9399561021077002,0.720757053012769,0.5799031841005442,0.03125,0.047049700282514095,1717110,0.0,179.8046875,concept,moderate,sudden,False,0.0,0.0
44,53,Frozen Model,0.3469387755102041,0.872,0.8947368421052632,0.21518987341772153,0.9374605369975044,0.7158716018807054,0.6052196397967468,0.015625,0.017204000148922205,900672,0.0,179.8046875,concept,moderate,sudden,False,0.0,0.0
44,53,Streaming Random Patches (river),0.3564,0.87,0.8182,0.2278,0.8825,0.6345,0.6092,2.9844,3.1243,786364,0.0,269.93,concept,moderate,sudden,False,0.0,
44,53,Two-Tier Hybrid Ensemble,0.3818,0.864,0.6774,0.2658,0.9351,0.702,0.621,1.6875,1.7345,1484279,0.0,269.93,concept,moderate,sudden,True,0.0,0.4
44,53,Warm-Start Ensemble,0.3564,0.87,0.8182,0.2278,0.9267,0.6701,0.6092,0.2812,0.2818,635185,0.0,269.6,concept,moderate,sudden,True,0.0,
44,54,Adaptive Random Forest (river),0.0943,0.27,0.8261,0.05,0.9238,0.9444,0.5083,1.4531,1.5531,463256,0.0,270.69,mixed,severe,recovery,False,0.0,
44,54,Component-Selective Ensemble,0.9358,0.902,0.9321,0.9395,0.9629,0.9894,0.8614,0.3438,0.3538,1257250,0.0,193.08,mixed,severe,recovery,True,0.2398,
44,54,Continuously Retrained Ensemble,0.9335,0.898,0.9251,0.9421,0.9637,0.9897,0.8502,1.25,1.3615,1208473,0.0195,269.97,mixed,severe,recovery,True,0.0,
44,54,Event-Driven Ensemble (ADWIN),0.9335,0.898,0.9251,0.9421,0.9637,0.9897,0.8502,1.4688,1.5162,1208473,0.0,270.65,mixed,severe,recovery,True,0.0,
44,54,Event-Driven Ensemble (Custom Dual-Trigger),0.9358,0.902,0.9321,0.9395,0.9629,0.9894,0.8614,1.3438,1.354,1208473,0.0,270.59,mixed,severe,recovery,True,0.2398,
44,54,Event-Driven Ensemble (DDM),0.9321,0.896,0.9249,0.9395,0.9645,0.9899,0.8489,1.3281,1.3434,1208473,0.0,270.65,mixed,severe,recovery,True,0.0,
44,54,Event-Driven Ensemble (EDDM),0.9335,0.898,0.9251,0.9421,0.9637,0.9897,0.8502,1.2656,1.3451,1208473,0.0,270.65,mixed,severe,recovery,True,0.0,
44,54,Event-Driven Ensemble (Page-Hinkley),0.9335,0.898,0.9251,0.9421,0.9637,0.9897,0.8502,0.0312,0.0335,1264770,0.0,270.65,mixed,severe,recovery,False,0.0,
44,54,Frozen Ensemble,0.9477911646586346,0.922,0.9645776566757494,0.9315789473684211,0.9634649122807017,0.98964692696674,0.9116228070175438,0.015625,0.06942870002239943,1717110,0.0,179.8046875,mixed,severe,recovery,False,0.0,0.0
44,54,Frozen Model,0.9427430093209055,0.914,0.954177897574124,0.9315789473684211,0.9640350877192984,0.9898296629115967,0.8949561403508772,0.015625,0.0191683997400105,900672,0.0,179.8046875,mixed,severe,recovery,False,0.0,0.0
44,54,Streaming Random Patches (river),0.0052,0.242,1.0,0.0026,0.8124,0.8734,0.5013,2.9531,3.0737,692096,0.0,270.69,mixed,severe,recovery,False,0.0,
44,54,Two-Tier Hybrid Ensemble,0.9276,0.888,0.9112,0.9447,0.9629,0.9894,0.8265,1.5625,1.7009,1427186,0.0,270.69,mixed,severe,recovery,True,0.0,0.4
44,54,Warm-Start Ensemble,0.8555,0.796,0.9264,0.7947,0.8266,0.8674,0.7974,0.2969,0.3195,585078,0.0,270.65,mixed,severe,recovery,True,0.0,
44,55,Adaptive Random Forest (river),0.0,0.464,0.0,0.0,0.8402,0.7279,0.5,1.8594,1.9631,1851797,0.0,272.2,covariate,moderate,sudden,False,0.0,
44,55,Component-Selective Ensemble,0.8294,0.81,0.7993,0.8619,0.8887,0.9054,0.806,0.2656,0.2651,1261570,0.0,193.08,covariate,moderate,sudden,True,0.1545,
44,55,Continuously Retrained Ensemble,0.8255,0.808,0.805,0.847,0.8947,0.9081,0.805,1.3594,1.3637,1262210,0.0,270.75,covariate,moderate,sudden,True,0.0,
44,55,Event-Driven Ensemble (ADWIN),0.8255,0.808,0.805,0.847,0.8947,0.9081,0.805,0.0469,0.0342,1208473,0.0,272.07,covariate,moderate,sudden,False,0.0,
44,55,Event-Driven Ensemble (Custom Dual-Trigger),0.8285,0.812,0.8107,0.847,0.8945,0.9075,0.8093,1.2969,1.3479,1262210,0.0,272.05,covariate,moderate,sudden,True,0.1545,
44,55,Event-Driven Ensemble (DDM),0.8255,0.808,0.805,0.847,0.8947,0.9081,0.805,1.2812,1.3661,1262210,0.0,272.07,covariate,moderate,sudden,True,0.0,
44,55,Event-Driven Ensemble (EDDM),0.8255,0.808,0.805,0.847,0.8947,0.9081,0.805,1.25,1.355,1262210,0.0,272.07,covariate,moderate,sudden,True,0.0,
44,55,Event-Driven Ensemble (Page-Hinkley),0.8262,0.804,0.7872,0.8694,0.8911,0.9093,0.7989,1.3438,1.405,1262210,0.0,272.07,covariate,moderate,sudden,True,0.0,
44,55,Frozen Ensemble,0.8174904942965779,0.808,0.8333333333333334,0.8022388059701493,0.8941713844570252,0.9127397979761633,0.8084469891919712,0.015625,0.024924499914050102,1717110,0.0,179.80859375,covariate,moderate,sudden,False,0.0,0.0
44,55,Frozen Model,0.8333333333333334,0.82,0.8272058823529411,0.8395522388059702,0.8945573854863611,0.9130631536795351,0.8184830159547092,0.015625,0.034012199845165014,900672,0.0,179.80859375,covariate,moderate,sudden,False,0.0,0.0
44,55,Streaming Random Patches (river),0.0146,0.46,0.3333,0.0075,0.7369,0.7085,0.4951,3.4219,3.5217,1243195,0.0,272.2,covariate,moderate,sudden,False,0.0,
44,55,Two-Tier Hybrid Ensemble,0.8305,0.818,0.829,0.8321,0.8975,0.9092,0.8169,1.5781,1.6931,1482739,0.0,272.2,covariate,moderate,sudden,True,0.0,0.4
44,55,Warm-Start Ensemble,0.8255,0.792,0.75,0.9179,0.8913,0.9097,0.7822,0.3125,0.3241,652703,0.0,272.07,covariate,moderate,sudden,True,0.0,
44,56,Adaptive Random Forest (river),0.7736,0.856,0.7885,0.7593,0.9208,0.8645,0.8308,2.2188,2.2499,203962,0.0,272.2,concept,mild,sudden,False,0.0,
44,56,Component-Selective Ensemble,0.7952,0.864,0.7765,0.8148,0.9311,0.8661,0.8512,0.0156,0.0172,1261570,0.0,193.08,concept,mild,sudden,False,0.0491,
44,56,Continuously Retrained Ensemble,0.7964,0.866,0.7844,0.8086,0.9316,0.8696,0.8511,1.3906,1.3841,1253746,0.0,272.2,concept,mild,sudden,True,0.0,
44,56,Event-Driven Ensemble (ADWIN),0.8049,0.872,0.7952,0.8148,0.9297,0.8631,0.8571,1.3906,1.4339,1253746,0.0,272.2,concept,mild,sudden,True,0.0,
44,56,Event-Driven Ensemble (Custom Dual-Trigger),0.7964,0.866,0.7844,0.8086,0.9316,0.8696,0.8511,0.0312,0.0339,1262210,0.0,272.2,concept,mild,sudden,False,0.0491,
44,56,Event-Driven Ensemble (DDM),0.7964,0.866,0.7844,0.8086,0.9316,0.8696,0.8511,1.2969,1.3905,1253746,0.0,272.2,concept,mild,sudden,True,0.0,
44,56,Event-Driven Ensemble (EDDM),0.7964,0.866,0.7844,0.8086,0.9316,0.8696,0.8511,1.4375,1.4965,1253746,0.0,272.2,concept,mild,sudden,True,0.0,
44,56,Event-Driven Ensemble (Page-Hinkley),0.8,0.87,0.7975,0.8025,0.9327,0.8732,0.8524,0.0469,0.0425,1262210,0.0,272.2,concept,mild,sudden,False,0.0,
44,56,Frozen Ensemble,0.7508532423208191,0.854,0.8396946564885496,0.6790123456790124,0.935733070348455,0.8833337060017463,0.8084410840821097,0.03125,0.05942959990352392,1717110,0.0,179.80859375,concept,mild,sudden,False,0.0,0.0
44,56,Frozen Model,0.7542087542087542,0.854,0.8296296296296296,0.691358024691358,0.9336876324055812,0.8778373038334818,0.8116553437066257,0.0,0.01780749997124076,900672,0.0,179.80859375,concept,mild,sudden,False,0.0,0.0
44,56,Streaming Random Patches (river),0.7748,0.864,0.8357,0.7222,0.9111,0.865,0.8271,3.2812,3.3322,2257397,0.0,272.2,concept,mild,sudden,False,0.0,
44,56,Two-Tier Hybrid Ensemble,0.7682,0.86,0.8286,0.716,0.9324,0.8716,0.8225,0.3438,0.3504,1481369,0.0,272.2,concept,mild,sudden,False,0.0,0.28
44,56,Warm-Start Ensemble,0.7707,0.856,0.7961,0.7469,0.9298,0.8717,0.8276,0.0469,0.0405,652703,0.0,272.2,concept,mild,sudden,False,0.0,
44,57,Adaptive Random Forest (river),0.0,0.308,0.0,0.0,0.6706,0.498,0.5,1.8125,1.8805,811799,0.0,273.37,covariate,moderate,gradual,False,0.0,
44,57,Component-Selective Ensemble,0.8874,0.832,0.8275,0.9566,0.8467,0.9002,0.7543,0.2969,0.2902,1261426,0.0,193.08,covariate,moderate,gradual,True,0.2036,
44,57,Continuously Retrained Ensemble,0.891,0.838,0.8338,0.9566,0.8455,0.9001,0.764,1.3594,1.3746,1262546,0.0,272.2,covariate,moderate,gradual,True,0.0,
44,57,Event-Driven Ensemble (ADWIN),0.8937,0.842,0.8363,0.9595,0.842,0.8973,0.7687,0.0312,0.0328,1253746,0.0,272.21,covariate,moderate,gradual,False,0.0,
44,57,Event-Driven Ensemble (Custom Dual-Trigger),0.8895,0.836,0.8333,0.9538,0.8445,0.8974,0.7626,1.3281,1.3634,1262546,0.0,272.21,covariate,moderate,gradual,True,0.2036,
44,57,Event-Driven Ensemble (DDM),0.891,0.838,0.8338,0.9566,0.8455,0.9001,0.764,1.25,1.342,1262546,0.0,272.21,covariate,moderate,gradual,True,0.0,
44,57,Event-Driven Ensemble (EDDM),0.891,0.838,0.8338,0.9566,0.8455,0.9001,0.764,1.2969,1.3312,1262546,0.0,272.21,covariate,moderate,gradual,True,0.0,
44,57,Event-Driven Ensemble (Page-Hinkley),0.8898,0.836,0.8317,0.9566,0.8427,0.8944,0.7608,0.0312,0.0342,1262210,0.0,272.21,covariate,moderate,gradual,False,0.0,
44,57,Frozen Ensemble,0.8984700973574409,0.854,0.8659517426273459,0.9335260115606936,0.8547781698070716,0.9077122058865008,0.8044253434426845,0.015625,0.032192399725317955,1717110,0.00390625,179.8125,covariate,moderate,gradual,False,0.0,0.0
44,57,Frozen Model,0.8962655601659751,0.85,0.8594164456233422,0.9364161849710982,0.844399819833346,0.8951158656221418,0.7961301704076271,0.015625,0.014044899959117174,900672,0.0,179.80859375,covariate,moderate,gradual,False,0.0,0.0
44,57,Streaming Random Patches (river),0.8862,0.83,0.8254,0.9566,0.829,0.8754,0.7511,3.7188,3.7821,3091263,0.0,273.37,covariate,moderate,gradual,False,0.0,
44,57,Two-Tier Hybrid Ensemble,0.9001,0.854,0.8545,0.9509,0.8453,0.8977,0.7936,1.625,1.6856,1483370,0.0,273.12,covariate,moderate,gradual,True,0.0,0.4
44,57,Warm-Start Ensemble,0.8842,0.826,0.8198,0.9595,0.8486,0.9072,0.7428,0.3125,0.3046,704680,0.0,272.21,covariate,moderate,gradual,True,0.0,
44,58,Adaptive Random Forest (river),0.1917,0.106,0.106,1.0,0.8026,0.4127,0.5,1.8125,1.9009,797385,0.0,273.68,none,none,stable,False,0.0,
44,58,Component-Selective Ensemble,0.3846,0.904,0.6,0.283,0.8404,0.4366,0.6303,0.8438,0.8546,1253730,0.0,193.08,none,none,stable,True,0.1052,
44,58,Continuously Retrained Ensemble,0.425,0.908,0.6296,0.3208,0.8385,0.4176,0.6492,1.2969,1.3419,1253730,0.0,273.12,none,none,stable,True,0.0,
44,58,Event-Driven Ensemble (ADWIN),0.2778,0.896,0.5263,0.1887,0.8391,0.4141,0.5843,0.0312,0.034,1253746,0.0,273.68,none,none,stable,False,0.0,
44,58,Event-Driven Ensemble (Custom Dual-Trigger),0.425,0.908,0.6296,0.3208,0.8385,0.4176,0.6492,1.3281,1.3849,1253730,0.0,273.68,none,none,stable,True,0.1052,
44,58,Event-Driven Ensemble (DDM),0.425,0.908,0.6296,0.3208,0.8385,0.4176,0.6492,1.4219,1.4775,1253730,0.0,273.68,none,none,stable,True,0.0,
44,58,Event-Driven Ensemble (EDDM),0.425,0.908,0.6296,0.3208,0.8385,0.4176,0.6492,1.5625,1.613,1253730,0.0,273.68,none,none,stable,True,0.0,
44,58,Event-Driven Ensemble (Page-Hinkley),0.3243,0.9,0.5714,0.2264,0.8372,0.4384,0.6031,1.4531,1.541,1253730,0.0,273.68,none,none,stable,True,0.0,
44,58,Frozen Ensemble,0.23880597014925373,0.898,0.5714285714285714,0.1509433962264151,0.8424718247435736,0.4331290694647034,0.5687602887172344,0.046875,0.042787499725818634,1717110,0.0,179.8125,none,none,stable,False,0.0,0.0
44,58,Frozen Model,0.18461538461538463,0.894,0.5,0.11320754716981132,0.8379975518129247,0.4342892793125052,0.5498923641889325,0.0,0.014216099865734577,900672,0.0,179.8125,none,none,stable,False,0.0,0.0
44,58,Streaming Random Patches (river),0.4554,0.89,0.4792,0.434,0.8373,0.3935,0.689,3.4219,3.5375,3845165,0.0,273.68,none,none,stable,False,0.0,
44,58,Two-Tier Hybrid Ensemble,0.4211,0.89,0.4762,0.3774,0.8423,0.4025,0.6641,1.6406,1.6837,1474457,0.0,273.68,none,none,stable,True,0.0,0.4
44,58,Warm-Start Ensemble,0.1846,0.894,0.5,0.1132,0.79,0.3716,0.5499,0.2812,0.3121,691576,0.0,273.68,none,none,stable,True,0.0,
44,59,Adaptive Random Forest (river),0.6927,0.78,0.7126,0.6739,0.8354,0.7028,0.7578,1.7656,1.796,150249,0.0,273.68,none,none,stable,False,0.0,
44,59,Component-Selective Ensemble,0.7657,0.798,0.668,0.8967,0.8822,0.7747,0.8186,0.0156,0.0235,1253730,0.0,193.08,none,none,stable,False,0.0373,
44,59,Continuously Retrained Ensemble,0.7703,0.802,0.6721,0.9022,0.8827,0.7702,0.8229,1.3125,1.3626,1251273,0.0,273.68,none,none,stable,True,0.0,
44,59,Event-Driven Ensemble (ADWIN),0.7746,0.808,0.6818,0.8967,0.8831,0.7555,0.8265,1.3281,1.3688,1251273,0.0078,273.68,none,none,stable,True,0.0,
44,59,Event-Driven Ensemble (Custom Dual-Trigger),0.7703,0.802,0.6721,0.9022,0.8827,0.7702,0.8229,0.0312,0.0361,1253730,0.0,273.68,none,none,stable,False,0.0373,
44,59,Event-Driven Ensemble (DDM),0.7703,0.802,0.6721,0.9022,0.8827,0.7702,0.8229,1.3281,1.3825,1251273,0.0,273.68,none,none,stable,True,0.0,
44,59,Event-Driven Ensemble (EDDM),0.7703,0.802,0.6721,0.9022,0.8827,0.7702,0.8229,1.3594,1.4584,1251273,0.0,273.68,none,none,stable,True,0.0,
44,59,Event-Driven Ensemble (Page-Hinkley),0.7657,0.798,0.668,0.8967,0.8822,0.7747,0.8186,0.0312,0.0343,1253730,0.0,273.68,none,none,stable,False,0.0,
44,59,Frozen Ensemble,0.7574257425742574,0.804,0.6954545454545454,0.8315217391304348,0.8844248761695102,0.763703715676712,0.8097482113373693,0.046875,0.11924339970573783,1717110,0.0,179.81640625,none,none,stable,False,0.0,0.0
44,59,Frozen Model,0.7567567567567568,0.802,0.6905829596412556,0.8369565217391305,0.8832037699504678,0.7589869046650619,0.8093010456796919,0.015625,0.036488600075244904,900672,0.0,179.8125,none,none,stable,False,0.0,0.0
44,59,Streaming Random Patches (river),0.7471,0.782,0.6518,0.875,0.8625,0.7298,0.8014,3.4531,3.7476,1704466,0.0,273.68,none,none,stable,False,0.0,
44,59,Two-Tier Hybrid Ensemble,0.7628,0.806,0.6933,0.8478,0.8854,0.7565,0.8147,0.3281,0.351,1490977,0.0,273.68,none,none,stable,False,0.0,0.28
44,59,Warm-Start Ensemble,0.7454,0.78,0.6492,0.875,0.8512,0.69,0.7998,0.0312,0.0302,691576,0.0,273.68,none,none,stable,False,0.0,
45,0,Adaptive Random Forest (river),0.5612,0.828,0.7971,0.4331,0.8837,0.717,0.6978,1.8281,1.8387,254393,0.0,278.09,none,none,stable,False,0.0,
45,0,Component-Selective Ensemble,0.6693,0.832,0.6693,0.6693,0.8864,0.7127,0.7783,0.1406,0.1611,1528763,0.0,192.33,none,none,stable,True,0.0504,
45,0,Continuously Retrained Ensemble,0.6693,0.832,0.6693,0.6693,0.8864,0.7127,0.7783,1.3125,1.3686,1287202,0.0508,278.08,none,none,stable,True,0.0,
45,0,Event-Driven Ensemble (ADWIN),0.6693,0.832,0.6693,0.6693,0.8864,0.7127,0.7783,1.2969,1.3668,1287202,0.0156,277.92,none,none,stable,True,0.0,
45,0,Event-Driven Ensemble (Custom Dual-Trigger),0.6693,0.832,0.6693,0.6693,0.8864,0.7127,0.7783,1.3125,1.364,1287202,0.0273,279.42,none,none,stable,True,0.0504,
45,0,Event-Driven Ensemble (DDM),0.6693,0.832,0.6693,0.6693,0.8864,0.7127,0.7783,0.0312,0.0401,1689261,0.0,277.94,none,none,stable,False,0.0,
45,0,Event-Driven Ensemble (EDDM),0.6693,0.832,0.6693,0.6693,0.8864,0.7127,0.7783,1.3906,1.4613,1287202,0.0273,277.94,none,none,stable,True,0.0,
45,0,Event-Driven Ensemble (Page-Hinkley),0.6693,0.832,0.6693,0.6693,0.8864,0.7127,0.7783,0.0156,0.0453,1689261,0.0,277.97,none,none,stable,False,0.0,
45,0,Frozen Ensemble,0.6692913385826772,0.832,0.6692913385826772,0.6692913385826772,0.8863650756792131,0.7127324101836353,0.7783454011948239,0.015625,0.0353389997035265,1689261,0.0,179.515625,none,none,stable,False,0.0,0.0
45,0,Frozen Model,0.671875,0.832,0.6666666666666666,0.6771653543307087,0.8847184986595175,0.7087039481044072,0.7809419264951131,0.015625,0.023387799970805645,877472,0.0,179.515625,none,none,stable,False,0.0,0.0
45,0,Streaming Random Patches (river),0.6279,0.808,0.6183,0.6378,0.8062,0.6647,0.7519,5.2031,5.3503,4100357,0.0,278.09,none,none,stable,False,0.0,
45,0,Two-Tier Hybrid Ensemble,0.6667,0.832,0.672,0.6614,0.8864,0.7135,0.7757,1.9062,2.0175,1424850,0.0,278.07,none,none,stable,True,0.0,0.4
45,0,Warm-Start Ensemble,0.6693,0.832,0.6693,0.6693,0.8864,0.7127,0.7783,0.2969,0.2993,1311920,0.0,277.97,none,none,stable,True,0.0,
45,1,Adaptive Random Forest (river),0.0,0.028,0.0,0.0,0.567,0.9877,0.5,1.9062,2.0382,825159,0.0,278.29,covariate,severe,sudden,False,0.0,
45,1,Component-Selective Ensemble,0.9858,0.972,0.972,1.0,0.7314,0.9899,0.5,0.1562,0.1549,1476603,0.0,192.41,covariate,severe,sudden,True,0.3573,
45,1,Continuously Retrained Ensemble,0.9826,0.966,0.9757,0.9897,0.4586,0.9654,0.5663,1.3594,1.4736,1216921,0.0195,278.08,covariate,severe,sudden,True,0.0,
45,1,Event-Driven Ensemble (ADWIN),0.9826,0.966,0.9757,0.9897,0.4586,0.9654,0.5663,0.0312,0.0304,1287202,0.0,278.16,covariate,severe,sudden,False,0.0,
45,1,Event-Driven Ensemble (Custom Dual-Trigger),0.9826,0.966,0.9757,0.9897,0.4586,0.9654,0.5663,1.3125,1.3622,1216921,0.0,278.16,covariate,severe,sudden,True,0.3573,
45,1,Event-Driven Ensemble (DDM),0.9858,0.972,0.972,1.0,0.7362,0.9899,0.5,0.0156,0.0315,1689261,0.0,278.16,covariate,severe,sudden,False,0.0,
45,1,Event-Driven Ensemble (EDDM),0.9826,0.966,0.9757,0.9897,0.4586,0.9654,0.5663,0.0312,0.033,1287202,0.0,278.16,covariate,severe,sudden,False,0.0,
45,1,Event-Driven Ensemble (Page-Hinkley),0.9858,0.972,0.972,1.0,0.7362,0.9899,0.5,1.3125,1.3555,1216921,0.0,278.16,covariate,severe,sudden,True,0.0,
45,1,Frozen Ensemble,0.9858012170385395,0.972,0.972,1.0,0.7451499118165785,0.9902423816965054,0.5,0.03125,0.031950799748301506,1689261,0.0,179.515625,covariate,severe,sudden,False,0.0,0.0
45,1,Frozen Model,0.9858012170385395,0.972,0.972,1.0,0.7182539682539683,0.9892007501481412,0.5,0.0,0.014299099799245596,877472,0.0,179.515625,covariate,severe,sudden,False,0.0,0.0
45,1,Streaming Random Patches (river),0.9239,0.86,0.9793,0.8745,0.7019,0.9881,0.6158,3.7031,3.8745,578523,0.0,278.34,covariate,severe,sudden,False,0.0,
45,1,Two-Tier Hybrid Ensemble,0.9837,0.968,0.9719,0.9959,0.4757,0.9661,0.4979,1.7969,1.9588,1387073,0.0,278.34,covariate,severe,sudden,True,0.0,0.4
45,1,Warm-Start Ensemble,0.9504,0.906,0.9761,0.9259,0.6825,0.9843,0.5701,0.3438,0.3782,806913,0.0,278.25,covariate,severe,sudden,True,0.0,
45,2,Adaptive Random Forest (river),0.2292,0.556,0.1387,0.66,0.6942,0.2516,0.6022,1.7969,1.9466,314837,0.0,270.33,none,none,stable,False,0.0,
45,2,Component-Selective Ensemble,0.1905,0.898,0.4615,0.12,0.8108,0.3482,0.5522,0.8125,0.8346,1204345,0.0,192.41,none,none,stable,True,0.1008,
45,2,Continuously Retrained Ensemble,0.1935,0.9,0.5,0.12,0.7951,0.3184,0.5533,1.2969,1.41,1204345,0.0,268.51,none,none,stable,True,0.0,
45,2,Event-Driven Ensemble (ADWIN),0.1935,0.9,0.5,0.12,0.7928,0.2987,0.5533,1.4062,1.4655,1204345,0.0,269.23,none,none,stable,True,0.0,
45,2,Event-Driven Ensemble (Custom Dual-Trigger),0.1935,0.9,0.5,0.12,0.7951,0.3184,0.5533,1.5781,1.6793,1204345,0.0,268.71,none,none,stable,True,0.1008,
45,2,Event-Driven Ensemble (DDM),0.1875,0.896,0.4286,0.12,0.8115,0.3503,0.5511,1.1406,1.2083,1204345,0.0,269.49,none,none,stable,True,0.0,
45,2,Event-Driven Ensemble (EDDM),0.1935,0.9,0.5,0.12,0.7928,0.2987,0.5533,1.2188,1.2727,1204345,0.0078,269.49,none,none,stable,True,0.0,
45,2,Event-Driven Ensemble (Page-Hinkley),0.1905,0.898,0.4615,0.12,0.7856,0.3009,0.5522,0.0156,0.0214,1216921,0.0,269.64,none,none,stable,False,0.0,
45,2,Frozen Ensemble,0.1875,0.896,0.42857142857142855,0.12,0.814,0.35055482775967806,0.5511111111111111,0.015625,0.07102319970726967,1689261,0.0,179.515625,none,none,stable,False,0.0,0.0
45,2,Frozen Model,0.19047619047619047,0.898,0.46153846153846156,0.12,0.8054222222222222,0.34464711158385036,0.5522222222222222,0.015625,0.015828199684619904,877472,0.0,179.515625,none,none,stable,False,0.0,0.0
45,2,Streaming Random Patches (river),0.1818,0.1,0.1,1.0,0.6024,0.1614,0.5,3.5781,3.7609,1458048,0.0,270.36,none,none,stable,False,0.0,
45,2,Two-Tier Hybrid Ensemble,0.1379,0.9,0.5,0.08,0.7946,0.3179,0.5356,1.5312,1.5932,1275050,0.0,270.44,none,none,stable,True,0.0,0.4
45,2,Warm-Start Ensemble,0.1687,0.862,0.2121,0.14,0.7004,0.207,0.5411,0.375,0.4196,565432,0.0,269.91,none,none,stable,True,0.0,
45,3,Adaptive Random Forest (river),0.0,0.596,0.0,0.0,0.8067,0.6867,0.5,1.7656,1.9367,228735,0.0,270.48,concept,mild,gradual,False,0.0,
45,3,Component-Selective Ensemble,0.7835,0.822,0.7703,0.797,0.9053,0.8438,0.818,0.0156,0.0321,1204345,0.0,192.83,concept,mild,gradual,False,0.0357,
45,3,Continuously Retrained Ensemble,0.7835,0.822,0.7703,0.797,0.9071,0.8484,0.818,1.3438,1.3703,1212281,0.0039,270.44,concept,mild,gradual,True,0.0,
45,3,Event-Driven Ensemble (ADWIN),0.7864,0.824,0.7714,0.802,0.9059,0.847,0.8205,1.4062,1.4568,1212281,0.0,270.47,concept,mild,gradual,True,0.0,
45,3,Event-Driven Ensemble (Custom Dual-Trigger),0.7835,0.822,0.7703,0.797,0.9071,0.8484,0.818,0.0312,0.0467,1204345,0.0,270.45,concept,mild,gradual,False,0.0357,
45,3,Event-Driven Ensemble (DDM),0.7835,0.822,0.7703,0.797,0.9053,0.8438,0.818,1.2812,1.359,1212281,0.0,270.47,concept,mild,gradual,True,0.0,
45,3,Event-Driven Ensemble (EDDM),0.7864,0.824,0.7714,0.802,0.9059,0.847,0.8205,1.3281,1.4793,1212281,0.0,270.47,concept,mild,gradual,True,0.0,
45,3,Event-Driven Ensemble (Page-Hinkley),0.7924,0.826,0.765,0.8218,0.9077,0.8521,0.8253,1.3125,1.3896,1212281,0.0,270.47,concept,mild,gradual,True,0.0,
45,3,Frozen Ensemble,0.7883211678832117,0.826,0.7751196172248804,0.801980198019802,0.9115555850887102,0.863850756235908,0.8221310386072165,0.03125,0.036089600063860416,1689261,0.0,179.515625,concept,mild,gradual,False,0.0,0.0
45,3,Frozen Model,0.7815533980582524,0.82,0.7666666666666667,0.7970297029702971,0.9106252907169913,0.8631649944712081,0.8163000863844774,0.03125,0.015370799694210291,877472,0.0,179.515625,concept,mild,gradual,False,0.0,0.0
45,3,Streaming Random Patches (river),0.7724,0.822,0.7989,0.7475,0.8915,0.8342,0.81,3.5625,3.6666,1250328,0.0,270.48,concept,mild,gradual,False,0.0,
45,3,Two-Tier Hybrid Ensemble,0.507,0.72,0.878,0.3564,0.8977,0.8061,0.6614,0.2344,0.25,1306498,0.0,269.59,concept,mild,gradual,False,0.0,0.28
45,3,Warm-Start Ensemble,0.7915,0.824,0.7591,0.8267,0.8939,0.8181,0.8244,0.0312,0.0345,565432,0.0,270.47,concept,mild,gradual,False,0.0,
45,4,Adaptive Random Forest (river),0.0,0.508,0.0,0.0,0.7023,0.4954,0.5,1.6875,1.7609,859497,0.0,269.73,concept,moderate,sudden,False,0.0,
45,4,Component-Selective Ensemble,0.7906,0.822,0.9385,0.6829,0.9374,0.9358,0.8198,0.0469,0.0396,1204345,0.0,192.83,concept,moderate,sudden,False,0.0382,
45,4,Continuously Retrained Ensemble,0.8217,0.842,0.9239,0.7398,0.9372,0.937,0.8404,1.3281,1.3806,1186185,0.0078,269.59,concept,moderate,sudden,True,0.0,
45,4,Event-Driven Ensemble (ADWIN),0.8217,0.842,0.9239,0.7398,0.9372,0.937,0.8404,1.4844,1.5802,1186185,0.0039,269.72,concept,moderate,sudden,True,0.0,
45,4,Event-Driven Ensemble (Custom Dual-Trigger),0.7906,0.822,0.9385,0.6829,0.9374,0.9358,0.8198,0.0312,0.0351,1204345,0.0,269.72,concept,moderate,sudden,False,0.0382,
45,4,Event-Driven Ensemble (DDM),0.8217,0.842,0.9239,0.7398,0.9372,0.937,0.8404,1.2969,1.346,1186185,0.0,269.73,concept,moderate,sudden,True,0.0,
45,4,Event-Driven Ensemble (EDDM),0.8217,0.842,0.9239,0.7398,0.9372,0.937,0.8404,1.2812,1.3439,1186185,0.0,269.73,concept,moderate,sudden,True,0.0,
45,4,Event-Driven Ensemble (Page-Hinkley),0.8217,0.842,0.9239,0.7398,0.9372,0.937,0.8404,0.0312,0.0357,1212281,0.0,269.73,concept,moderate,sudden,False,0.0,
45,4,Frozen Ensemble,0.8073394495412844,0.832,0.9263157894736842,0.7154471544715447,0.9390083861468536,0.9392399031050158,0.8301645221176621,0.0,0.03478920040652156,1689261,0.0,179.515625,concept,moderate,sudden,False,0.0,0.0
45,4,Frozen Model,0.7878787878787878,0.818,0.9234972677595629,0.6869918699186992,0.9383042058767045,0.938090079673677,0.8159368798412394,0.015625,0.03783580008894205,877472,0.0,179.515625,concept,moderate,sudden,False,0.0,0.0
45,4,Streaming Random Patches (river),0.8133,0.832,0.8971,0.7439,0.9104,0.8895,0.8306,3.9688,4.1197,2132753,0.0,269.82,concept,moderate,sudden,False,0.0,
45,4,Two-Tier Hybrid Ensemble,0.8125,0.832,0.901,0.7398,0.9365,0.9349,0.8305,0.2031,0.2488,1307003,0.0,269.82,concept,moderate,sudden,False,0.0,0.196
45,4,Warm-Start Ensemble,0.788,0.816,0.9096,0.6951,0.9281,0.9256,0.8141,0.0312,0.0304,565432,0.0,269.73,concept,moderate,sudden,False,0.0,
45,5,Adaptive Random Forest (river),0.2145,0.136,0.1204,0.9833,0.6833,0.3521,0.5019,2.0,2.1181,677136,0.0039,264.83,none,none,stable,False,0.0,
45,5,Component-Selective Ensemble,0.4,0.898,0.68,0.2833,0.8691,0.5304,0.6326,0.8594,0.9571,1161232,0.0,192.83,none,none,stable,True,0.107,
45,5,Continuously Retrained Ensemble,0.4466,0.886,0.5349,0.3833,0.864,0.5263,0.6689,1.3594,1.4109,1161232,0.0,269.82,none,none,stable,True,0.0,
45,5,Event-Driven Ensemble (ADWIN),0.4299,0.878,0.4894,0.3833,0.8636,0.5267,0.6644,1.2969,1.3751,1161232,0.2852,262.84,none,none,stable,True,0.0,
45,5,Event-Driven Ensemble (Custom Dual-Trigger),0.4,0.898,0.68,0.2833,0.8691,0.5304,0.6326,1.3594,1.3538,1161232,0.0,269.82,none,none,stable,True,0.107,
45,5,Event-Driven Ensemble (DDM),0.4299,0.878,0.4894,0.3833,0.8636,0.5267,0.6644,1.2812,1.3475,1161232,0.0,263.47,none,none,stable,True,0.0,
45,5,Event-Driven Ensemble (EDDM),0.4299,0.878,0.4894,0.3833,0.8636,0.5267,0.6644,1.375,1.383,1161232,0.0,263.47,none,none,stable,True,0.0,
45,5,Event-Driven Ensemble (Page-Hinkley),0.3614,0.894,0.6522,0.25,0.8707,0.5048,0.6159,0.0312,0.0326,1212281,0.0,263.48,none,none,stable,False,0.0,
45,5,Frozen Ensemble,0.325,0.892,0.65,0.21666666666666667,0.8628030303030303,0.5155230744142852,0.6003787878787878,0.03125,0.032109799794852734,1689261,0.0,179.515625,none,none,stable,False,0.0,0.0
45,5,Frozen Model,0.325,0.892,0.65,0.21666666666666667,0.8621590909090909,0.49379899329431726,0.6003787878787878,0.015625,0.01591720012947917,877472,0.0,179.515625,none,none,stable,False,0.0,0.0
45,5,Streaming Random Patches (river),0.5128,0.886,0.5263,0.5,0.8247,0.4836,0.7193,4.125,4.3032,3059895,0.0,265.01,none,none,stable,False,0.0,
45,5,Two-Tier Hybrid Ensemble,0.4952,0.894,0.5778,0.4333,0.869,0.5413,0.6951,1.7188,1.8245,1264289,0.0,265.26,none,none,stable,True,0.0,0.4
45,5,Warm-Start Ensemble,0.3516,0.882,0.5161,0.2667,0.8573,0.4894,0.6163,0.2969,0.2996,562648,0.0039,264.25,none,none,stable,True,0.0,
45,6,Adaptive Random Forest (river),0.0055,0.276,0.5,0.0028,0.7449,0.7764,0.4978,2.1094,2.2118,464383,0.0,266.91,mixed,mild,sudden,False,0.0,
45,6,Component-Selective Ensemble,0.8977,0.85,0.8868,0.9088,0.891,0.9495,0.8022,0.1406,0.1479,1163952,0.0,192.83,mixed,mild,sudden,True,0.1857,
45,6,Continuously Retrained Ensemble,0.8986,0.852,0.8913,0.9061,0.8986,0.9553,0.8081,1.3125,1.4168,1195593,0.0,265.27,mixed,mild,sudden,True,0.0,
45,6,Event-Driven Ensemble (ADWIN),0.8986,0.852,0.8913,0.9061,0.8986,0.9553,0.8081,1.3125,1.366,1195593,0.0078,265.3,mixed,mild,sudden,True,0.0,
45,6,Event-Driven Ensemble (Custom Dual-Trigger),0.8977,0.85,0.8868,0.9088,0.891,0.9495,0.8022,1.2812,1.3459,1195593,0.0039,265.27,mixed,mild,sudden,True,0.1857,
45,6,Event-Driven Ensemble (DDM),0.8986,0.852,0.8913,0.9061,0.8986,0.9553,0.8081,1.3438,1.3583,1195593,0.0,265.31,mixed,mild,sudden,True,0.0,
45,6,Event-Driven Ensemble (EDDM),0.8986,0.852,0.8913,0.9061,0.8986,0.9553,0.8081,1.25,1.3037,1195593,0.0,265.31,mixed,mild,sudden,True,0.0,
45,6,Event-Driven Ensemble (Page-Hinkley),0.9066,0.864,0.9016,0.9116,0.9111,0.9611,0.8254,0.0312,0.035,1212281,0.0,265.31,mixed,mild,sudden,False,0.0,
45,6,Frozen Ensemble,0.8951841359773371,0.852,0.9186046511627907,0.8729281767955801,0.9107814877091841,0.9614126992498765,0.8350148130354712,0.015625,0.038800499867647886,1689261,0.0,179.515625,mixed,mild,sudden,False,0.0,0.0
45,6,Frozen Model,0.8995756718528995,0.858,0.9217391304347826,0.8784530386740331,0.906717911762351,0.9580865566361643,0.8414004323804949,0.015625,0.013643700163811445,877472,0.0,179.515625,mixed,mild,sudden,False,0.0,0.0
45,6,Streaming Random Patches (river),0.9034,0.858,0.8901,0.9171,0.8763,0.9344,0.81,4.625,4.8959,4211942,0.0,266.91,mixed,mild,sudden,False,0.0,
45,6,Two-Tier Hybrid Ensemble,0.8932,0.846,0.8969,0.8895,0.8903,0.9492,0.8107,1.4844,1.5333,1298160,0.0,268.88,mixed,mild,sudden,True,0.0,0.4
45,6,Warm-Start Ensemble,0.8845,0.838,0.9145,0.8564,0.887,0.9406,0.8231,0.3125,0.3186,622497,0.0,265.31,mixed,mild,sudden,True,0.0,
45,7,Adaptive Random Forest (river),0.0,0.516,0.0,0.0,0.9386,0.9117,0.5,1.7344,1.7963,357000,0.0039,268.89,mixed,moderate,gradual,False,0.0,
45,7,Component-Selective Ensemble,0.8705,0.884,0.9466,0.8058,0.9629,0.9651,0.8816,0.0312,0.0368,1163952,0.0,192.83,mixed,moderate,gradual,False,0.0872,
45,7,Continuously Retrained Ensemble,0.8865,0.896,0.9398,0.8388,0.9628,0.9653,0.8942,1.3594,1.376,1172384,0.0,268.88,mixed,moderate,gradual,True,0.0,
45,7,Event-Driven Ensemble (ADWIN),0.8865,0.896,0.9398,0.8388,0.9628,0.9653,0.8942,1.3125,1.4102,1172384,0.0,268.88,mixed,moderate,gradual,True,0.0,
45,7,Event-Driven Ensemble (Custom Dual-Trigger),0.8747,0.886,0.9343,0.8223,0.9619,0.9648,0.884,0.0312,0.0418,1195593,0.0,268.88,mixed,moderate,gradual,False,0.0872,
45,7,Event-Driven Ensemble (DDM),0.8865,0.896,0.9398,0.8388,0.9628,0.9653,0.8942,1.375,1.3441,1172384,0.0,268.88,mixed,moderate,gradual,True,0.0,
45,7,Event-Driven Ensemble (EDDM),0.8865,0.896,0.9398,0.8388,0.9628,0.9653,0.8942,1.2812,1.362,1172384,0.0,268.88,mixed,moderate,gradual,True,0.0,
45,7,Event-Driven Ensemble (Page-Hinkley),0.8879,0.898,0.9484,0.8347,0.9644,0.9671,0.896,0.0312,0.0386,1212281,0.0,268.88,mixed,moderate,gradual,False,0.0,
45,7,Frozen Ensemble,0.8818181818181818,0.896,0.9797979797979798,0.8016528925619835,0.9668620667563586,0.9692809878354942,0.8930745082964956,0.015625,0.03865140024572611,1689261,0.0,179.515625,mixed,moderate,gradual,False,0.0,0.0
45,7,Frozen Model,0.8656036446469249,0.882,0.9644670050761421,0.7851239669421488,0.9644836312383881,0.9673970377511122,0.8789960919982062,0.015625,0.015197400003671646,877472,0.0,179.515625,mixed,moderate,gradual,False,0.0,0.0
45,7,Streaming Random Patches (river),0.8831,0.892,0.9273,0.843,0.9643,0.9666,0.8905,4.3125,4.4723,5252821,0.0,268.89,mixed,moderate,gradual,False,0.0,
45,7,Two-Tier Hybrid Ensemble,0.8578,0.874,0.9453,0.7851,0.9616,0.9645,0.8712,0.2656,0.2691,1299853,0.0,270.62,mixed,moderate,gradual,False,0.0,0.28
45,7,Warm-Start Ensemble,0.8835,0.894,0.9437,0.8306,0.9562,0.9625,0.892,0.0156,0.0341,622497,0.0,268.88,mixed,moderate,gradual,False,0.0,
45,8,Adaptive Random Forest (river),0.8649,0.762,0.762,1.0,0.8671,0.957,0.5,1.75,1.9072,605117,0.0,271.09,covariate,severe,sudden,False,0.0,
45,8,Component-Selective Ensemble,0.8886,0.822,0.8493,0.9318,0.8826,0.9629,0.7012,0.2812,0.3159,1159056,0.0,192.84,covariate,severe,sudden,True,0.2424,
45,8,Continuously Retrained Ensemble,0.8807,0.8,0.8074,0.9685,0.8871,0.9641,0.6145,1.2656,1.3775,1155376,0.0,270.63,covariate,severe,sudden,True,0.0,
45,8,Event-Driven Ensemble (ADWIN),0.8807,0.8,0.8074,0.9685,0.8871,0.9641,0.6145,1.3125,1.3616,1155376,0.0,270.68,covariate,severe,sudden,True,0.0,
45,8,Event-Driven Ensemble (Custom Dual-Trigger),0.8755,0.794,0.8117,0.9501,0.8806,0.9622,0.6221,1.375,1.3672,1155376,0.0,270.64,covariate,severe,sudden,True,0.2424,
45,8,Event-Driven Ensemble (DDM),0.8807,0.8,0.8074,0.9685,0.8871,0.9641,0.6145,1.2344,1.3152,1155376,0.0,270.68,covariate,severe,sudden,True,0.0,
45,8,Event-Driven Ensemble (EDDM),0.8807,0.8,0.8074,0.9685,0.8871,0.9641,0.6145,1.4219,1.4571,1155376,0.0,270.68,covariate,severe,sudden,True,0.0,
45,8,Event-Driven Ensemble (Page-Hinkley),0.8906,0.828,0.8642,0.9186,0.878,0.9612,0.7282,0.0312,0.0338,1212281,0.0,270.68,covariate,severe,sudden,False,0.0,
45,8,Frozen Ensemble,0.887468030690537,0.824,0.8653366583541147,0.910761154855643,0.8845364917620593,0.9629804522815005,0.7284898211253005,0.03125,0.04767400026321411,1689261,0.0,179.515625,covariate,severe,sudden,False,0.0,0.0
45,8,Frozen Model,0.8924205378973105,0.824,0.8352402745995423,0.958005249343832,0.876927148812281,0.9600364202040068,0.6764816162685546,0.0,0.037833800073713064,877472,0.0,179.515625,covariate,severe,sudden,False,0.0,0.0
45,8,Streaming Random Patches (river),0.8726,0.784,0.7923,0.9711,0.8632,0.9586,0.578,4.7344,4.8988,3590377,0.0,271.09,covariate,severe,sudden,False,0.0,
45,8,Two-Tier Hybrid Ensemble,0.8814,0.81,0.8405,0.9265,0.8816,0.9625,0.6817,1.5938,1.6225,1259293,0.0,271.07,covariate,severe,sudden,True,0.0,0.4
45,8,Warm-Start Ensemble,0.8788,0.818,0.8919,0.8661,0.882,0.9623,0.765,0.2812,0.2955,652513,0.0,270.68,covariate,severe,sudden,True,0.0,
45,9,Adaptive Random Forest (river),0.8036,0.694,0.7034,0.9371,0.7139,0.7699,0.571,2.3281,2.5299,599032,0.0,271.14,covariate,moderate,recovery,False,0.0,
45,9,Component-Selective Ensemble,0.8,0.696,0.7136,0.9102,0.7779,0.851,0.5876,0.1875,0.1915,1190265,0.0,192.84,covariate,moderate,recovery,True,0.1993,
45,9,Continuously Retrained Ensemble,0.8152,0.718,0.7249,0.9311,0.7816,0.8665,0.6101,1.3594,1.4297,1247250,0.0039,271.1,covariate,moderate,recovery,True,0.0,
45,9,Event-Driven Ensemble (ADWIN),0.8152,0.718,0.7249,0.9311,0.7816,0.8665,0.6101,1.3125,1.355,1247250,0.0,271.1,covariate,moderate,recovery,True,0.0,
45,9,Event-Driven Ensemble (Custom Dual-Trigger),0.8141,0.716,0.7233,0.9311,0.7803,0.8674,0.6071,1.375,1.3501,1247250,0.0,271.1,covariate,moderate,recovery,True,0.1993,
45,9,Event-Driven Ensemble (DDM),0.8152,0.718,0.7249,0.9311,0.7816,0.8665,0.6101,1.3125,1.3586,1247250,0.0,271.1,covariate,moderate,recovery,True,0.0,
45,9,Event-Driven Ensemble (EDDM),0.8152,0.718,0.7249,0.9311,0.7816,0.8665,0.6101,1.3125,1.3502,1247250,0.0352,271.1,covariate,moderate,recovery,True,0.0,
45,9,Event-Driven Ensemble (Page-Hinkley),0.8068,0.726,0.7627,0.8563,0.7818,0.8683,0.6601,1.3281,1.3608,1247250,0.0,271.14,covariate,moderate,recovery,True,0.0,
45,9,Frozen Ensemble,0.8028169014084507,0.72,0.7579787234042553,0.8532934131736527,0.7847557896255681,0.8711166121022849,0.6525503210446577,0.046875,0.10801349999383092,1689261,0.0,179.515625,covariate,moderate,recovery,False,0.0,0.0
45,9,Frozen Model,0.8122392211404729,0.73,0.7584415584415585,0.874251497005988,0.7797597575932472,0.8693146956550755,0.6570052665752831,0.0,0.008876999840140343,877472,0.0,179.515625,covariate,moderate,recovery,False,0.0,0.0
45,9,Streaming Random Patches (river),0.7984,0.69,0.7057,0.9192,0.7459,0.8549,0.574,3.4219,3.4898,1546395,0.0,271.14,covariate,moderate,recovery,False,0.0,
45,9,Two-Tier Hybrid Ensemble,0.8136,0.704,0.7022,0.9671,0.7805,0.8674,0.5709,1.5469,1.5827,1351337,0.0,271.14,covariate,moderate,recovery,True,0.0,0.4
45,9,Warm-Start Ensemble,0.8087,0.702,0.7079,0.9431,0.7829,0.8741,0.58,0.2656,0.2876,725722,0.0,271.14,covariate,moderate,recovery,True,0.0,
45,10,Adaptive Random Forest (river),0.3175,0.914,0.4545,0.2439,0.8024,0.3137,0.6089,2.2031,2.314,456002,0.0,271.43,none,none,stable,False,0.0,
45,10,Component-Selective Ensemble,0.425,0.908,0.4359,0.4146,0.8458,0.3178,0.6834,0.75,0.7561,1252754,0.0,192.84,none,none,stable,True,0.1046,
45,10,Continuously Retrained Ensemble,0.3855,0.898,0.381,0.3902,0.8163,0.283,0.6668,1.375,1.3712,1252754,0.0,271.14,none,none,stable,True,0.0,
45,10,Event-Driven Ensemble (ADWIN),0.3855,0.898,0.381,0.3902,0.8163,0.283,0.6668,1.3281,1.3508,1252754,0.0,271.26,none,none,stable,True,0.0,
45,10,Event-Driven Ensemble (Custom Dual-Trigger),0.4096,0.902,0.4048,0.4146,0.837,0.312,0.6801,1.3906,1.4437,1252754,0.0,271.21,none,none,stable,True,0.1046,
45,10,Event-Driven Ensemble (DDM),0.3855,0.898,0.381,0.3902,0.8163,0.283,0.6668,1.3125,1.3623,1252754,0.0,271.26,none,none,stable,True,0.0,
45,10,Event-Driven Ensemble (EDDM),0.3855,0.898,0.381,0.3902,0.8163,0.283,0.6668,1.3906,1.4593,1252754,0.0,271.26,none,none,stable,True,0.0,
45,10,Event-Driven Ensemble (Page-Hinkley),0.4096,0.902,0.4048,0.4146,0.837,0.312,0.6801,0.0312,0.0348,1247250,0.0,271.26,none,none,stable,False,0.0,
45,10,Frozen Ensemble,0.1509433962264151,0.91,0.3333333333333333,0.0975609756097561,0.8445719751315162,0.32727910221816514,0.540065890854987,0.03125,0.024862300138920546,1689261,0.0,179.515625,none,none,stable,False,0.0,0.0
45,10,Frozen Model,0.1509433962264151,0.91,0.3333333333333333,0.0975609756097561,0.8451033529943142,0.32882735176171024,0.540065890854987,0.0,0.03746799984946847,877472,0.0,179.515625,none,none,stable,False,0.0,0.0
45,10,Streaming Random Patches (river),0.3486,0.858,0.2794,0.4634,0.6737,0.2184,0.6783,4.0312,4.3529,526846,0.0,271.43,none,none,stable,False,0.0,
45,10,Two-Tier Hybrid Ensemble,0.4468,0.896,0.3962,0.5122,0.8378,0.3222,0.7212,1.625,1.6572,1389488,0.0,271.43,none,none,stable,True,0.0,0.4
45,10,Warm-Start Ensemble,0.3855,0.898,0.381,0.3902,0.8256,0.3042,0.6668,0.3438,0.3477,696602,0.0,271.26,none,none,stable,True,0.0,
45,11,Adaptive Random Forest (river),0.0,0.074,0.0,0.0,0.4752,0.9143,0.5,1.8281,1.8787,1026910,0.0,271.93,mixed,severe,gradual,False,0.0,
45,11,Component-Selective Ensemble,0.9085,0.838,0.9526,0.8683,0.798,0.9787,0.6639,0.3594,0.3638,1243794,0.0,192.96,mixed,severe,gradual,True,0.2154,
45,11,Continuously Retrained Ensemble,0.9085,0.838,0.9526,0.8683,0.798,0.9787,0.6639,1.2656,1.3244,1259218,0.0,271.43,mixed,severe,gradual,True,0.0,
45,11,Event-Driven Ensemble (ADWIN),0.9085,0.838,0.9526,0.8683,0.798,0.9787,0.6639,1.4219,1.5104,1259218,0.0,271.62,mixed,severe,gradual,True,0.0,
45,11,Event-Driven Ensemble (Custom Dual-Trigger),0.9085,0.838,0.9526,0.8683,0.798,0.9787,0.6639,1.3281,1.3957,1259218,0.0,271.62,mixed,severe,gradual,True,0.2154,
45,11,Event-Driven Ensemble (DDM),0.9085,0.838,0.9526,0.8683,0.798,0.9787,0.6639,1.3438,1.3592,1259218,0.0,271.62,mixed,severe,gradual,True,0.0,
45,11,Event-Driven Ensemble (EDDM),0.9085,0.838,0.9526,0.8683,0.798,0.9787,0.6639,1.3906,1.4227,1259218,0.0,271.62,mixed,severe,gradual,True,0.0,
45,11,Event-Driven Ensemble (Page-Hinkley),0.8995,0.824,0.954,0.851,0.7979,0.9785,0.6687,1.3594,1.382,1259218,0.0,271.62,mixed,severe,gradual,True,0.0,
45,11,Frozen Ensemble,0.8988505747126436,0.824,0.9606879606879607,0.8444924406047516,0.8165898079504991,0.9809452520978214,0.7060300040861596,0.015625,0.0989523003809154,1689261,0.0,179.515625,mixed,severe,gradual,False,0.0,0.0
45,11,Frozen Model,0.9265033407572383,0.868,0.9563218390804598,0.8984881209503239,0.8148969704045298,0.9805161994358552,0.6924873037184052,0.015625,0.016620400361716747,877472,0.0,179.515625,mixed,severe,gradual,False,0.0,0.0
45,11,Streaming Random Patches (river),0.1172,0.126,0.9062,0.0626,0.5673,0.9237,0.4908,3.125,3.603,1255431,0.0,271.93,mixed,severe,gradual,False,0.0,
45,11,Two-Tier Hybrid Ensemble,0.8653,0.774,0.9654,0.784,0.7979,0.9787,0.7163,1.5938,1.765,1329842,0.0,271.93,mixed,severe,gradual,True,0.0,0.4
45,11,Warm-Start Ensemble,0.7017,0.568,0.9732,0.5486,0.7716,0.9732,0.6797,0.2812,0.2988,634689,0.0,271.62,mixed,severe,gradual,True,0.0,
45,12,Adaptive Random Forest (river),0.9507,0.906,0.906,1.0,0.7519,0.955,0.5,2.8906,4.0415,412645,0.0,272.06,covariate,severe,sudden,False,0.0,
45,12,Component-Selective Ensemble,0.9574,0.92,0.924,0.9934,0.9009,0.9881,0.6031,0.375,0.4175,1231465,0.0,192.97,covariate,severe,sudden,True,0.3119,
45,12,Continuously Retrained Ensemble,0.9537,0.912,0.9115,1.0,0.8893,0.9857,0.5319,1.3594,1.5259,1239113,0.0039,271.93,covariate,severe,sudden,True,0.0,
45,12,Event-Driven Ensemble (ADWIN),0.9537,0.912,0.9115,1.0,0.8893,0.9857,0.5319,1.5625,4.2577,1239113,0.0,271.94,covariate,severe,sudden,True,0.0,
45,12,Event-Driven Ensemble (Custom Dual-Trigger),0.9537,0.912,0.9115,1.0,0.8893,0.9857,0.5319,1.4844,1.5758,1239113,0.0,271.94,covariate,severe,sudden,True,0.3119,
45,12,Event-Driven Ensemble (DDM),0.9537,0.912,0.9115,1.0,0.8893,0.9857,0.5319,0.0469,0.0802,1259218,0.0,271.94,covariate,severe,sudden,False,0.0,
45,12,Event-Driven Ensemble (EDDM),0.9537,0.912,0.9115,1.0,0.8893,0.9857,0.5319,0.0469,0.3088,1259218,0.0,271.94,covariate,severe,sudden,False,0.0,
45,12,Event-Driven Ensemble (Page-Hinkley),0.9537,0.912,0.9115,1.0,0.8893,0.9857,0.5319,1.7188,3.5986,1239113,0.0,271.94,covariate,severe,sudden,True,0.0,
45,12,Frozen Ensemble,0.9531079607415486,0.914,0.9418103448275862,0.9646799116997793,0.8991357850735052,0.9865856324297089,0.6951059132966981,0.015625,0.07269660010933876,1689261,0.0,179.515625,covariate,severe,sudden,False,0.0,0.0
45,12,Frozen Model,0.9549356223175965,0.916,0.9290187891440501,0.9823399558498896,0.8857498473533418,0.9855965821059456,0.6294678502653703,0.0,0.012490300461649895,877472,0.0,179.515625,covariate,severe,sudden,False,0.0,0.0
45,12,Streaming Random Patches (river),0.9507,0.906,0.906,1.0,0.8657,0.9826,0.5,4.2188,6.2446,1730394,0.0,272.06,covariate,severe,sudden,False,0.0,
45,12,Two-Tier Hybrid Ensemble,0.9515,0.908,0.9111,0.9956,0.8884,0.9856,0.5297,1.7344,1.8634,1309682,0.0,272.06,covariate,severe,sudden,True,0.0,0.4
45,12,Warm-Start Ensemble,0.9526,0.91,0.9113,0.9978,0.6493,0.9255,0.5308,0.4688,0.7587,585430,0.0,271.94,covariate,severe,sudden,True,0.0,
45,13,Adaptive Random Forest (river),0.2993,0.176,0.176,1.0,0.9066,0.6907,0.5,1.7969,1.863,662464,0.0,272.06,concept,moderate,sudden,False,0.0,
45,13,Component-Selective Ensemble,0.6577,0.898,0.8033,0.5568,0.9311,0.7739,0.7638,0.7812,0.8037,1234002,0.0,192.97,concept,moderate,sudden,True,0.1039,
45,13,Continuously Retrained Ensemble,0.675,0.896,0.75,0.6136,0.9299,0.7621,0.785,1.6094,1.82,1234002,0.0,272.06,concept,moderate,sudden,True,0.0,
45,13,Event-Driven Ensemble (ADWIN),0.675,0.896,0.75,0.6136,0.9299,0.7621,0.785,1.7031,1.7884,1234002,0.0,272.06,concept,moderate,sudden,True,0.0,
45,13,Event-Driven Ensemble (Custom Dual-Trigger),0.675,0.896,0.75,0.6136,0.9299,0.7621,0.785,1.7656,1.7961,1234002,0.0,272.06,concept,moderate,sudden,True,0.1039,
45,13,Event-Driven Ensemble (DDM),0.6294,0.894,0.8182,0.5114,0.9299,0.7655,0.7435,1.5156,1.5939,1234002,0.0,272.06,concept,moderate,sudden,True,0.0,
45,13,Event-Driven Ensemble (EDDM),0.6294,0.894,0.8182,0.5114,0.9299,0.7655,0.7435,1.375,1.4755,1234002,0.0,272.06,concept,moderate,sudden,True,0.0,
45,13,Event-Driven Ensemble (Page-Hinkley),0.675,0.896,0.75,0.6136,0.9299,0.7621,0.785,0.0469,0.0434,1239113,0.0,272.06,concept,moderate,sudden,False,0.0,
45,13,Frozen Ensemble,0.3486238532110092,0.858,0.9047619047619048,0.2159090909090909,0.9344660194174758,0.7661814560918526,0.605527360988526,0.03125,0.0693707000464201,1689261,0.0,179.515625,concept,moderate,sudden,False,0.0,0.0
45,13,Frozen Model,0.29906542056074764,0.85,0.8421052631578947,0.18181818181818182,0.9345487643424537,0.7554831014674414,0.5872683142100618,0.015625,0.017591200303286314,877472,0.0,179.515625,concept,moderate,sudden,False,0.0,0.0
45,13,Streaming Random Patches (river),0.6476,0.852,0.5574,0.7727,0.8748,0.6481,0.8208,3.5938,3.8669,2609033,0.0,272.06,concept,moderate,sudden,False,0.0,
45,13,Two-Tier Hybrid Ensemble,0.6358,0.89,0.7619,0.5455,0.9315,0.7652,0.7545,1.5469,1.5674,1353816,0.0,272.06,concept,moderate,sudden,True,0.0,0.4
45,13,Warm-Start Ensemble,0.6875,0.86,0.5662,0.875,0.9225,0.7496,0.8659,0.2656,0.3004,613231,0.0,272.06,concept,moderate,sudden,True,0.0,
45,14,Adaptive Random Forest (river),0.4367,0.582,0.931,0.2852,0.8401,0.8536,0.6287,2.1719,2.4347,787729,0.0,272.16,concept,moderate,recovery,False,0.0,
45,14,Component-Selective Ensemble,0.8467,0.824,0.8379,0.8556,0.8867,0.9121,0.819,0.0156,0.0211,1234002,0.0,192.97,concept,moderate,recovery,False,0.0902,
45,14,Continuously Retrained Ensemble,0.8458,0.822,0.8328,0.8592,0.8889,0.9143,0.8162,1.3906,1.4312,1235042,0.0,272.06,concept,moderate,recovery,True,0.0,
45,14,Event-Driven Ensemble (ADWIN),0.8458,0.822,0.8328,0.8592,0.8889,0.9143,0.8162,0.0312,0.0489,1234002,0.0,272.16,concept,moderate,recovery,False,0.0,
45,14,Event-Driven Ensemble (Custom Dual-Trigger),0.8458,0.822,0.8328,0.8592,0.8889,0.9143,0.8162,0.0469,0.0437,1234002,0.0,272.16,concept,moderate,recovery,False,0.0902,
45,14,Event-Driven Ensemble (DDM),0.8458,0.822,0.8328,0.8592,0.8889,0.9143,0.8162,1.3438,1.7142,1235042,0.0,272.16,concept,moderate,recovery,True,0.0,
45,14,Event-Driven Ensemble (EDDM),0.8458,0.822,0.8328,0.8592,0.8889,0.9143,0.8162,1.4375,1.7207,1235042,0.0,272.16,concept,moderate,recovery,True,0.0,
45,14,Event-Driven Ensemble (Page-Hinkley),0.8336,0.814,0.8473,0.8204,0.8873,0.9148,0.813,0.0312,0.0308,1239113,0.0,272.16,concept,moderate,recovery,False,0.0,
45,14,Frozen Ensemble,0.7768924302788844,0.776,0.8944954128440367,0.6866197183098591,0.8854003651538864,0.9096126802414152,0.7900691184141888,0.03125,0.08176139974966645,1689261,0.0,179.515625,concept,moderate,recovery,False,0.0,0.0
45,14,Frozen Model,0.7881188118811882,0.786,0.9004524886877828,0.7007042253521126,0.8854981742305685,0.9098014816465629,0.7994261867501304,0.015625,0.012001300230622292,877472,0.0,179.515625,concept,moderate,recovery,False,0.0,0.0
45,14,Streaming Random Patches (river),0.8328,0.796,0.7791,0.8944,0.8717,0.8946,0.7805,3.875,4.2484,2482029,0.0,272.16,concept,moderate,recovery,False,0.0,
45,14,Two-Tier Hybrid Ensemble,0.7841,0.772,0.8484,0.7289,0.8829,0.9105,0.7788,0.4375,0.4433,1369927,0.0,272.16,concept,moderate,recovery,False,0.0,0.28
45,14,Warm-Start Ensemble,0.8175,0.766,0.7339,0.9225,0.868,0.885,0.7414,0.0156,0.0317,613231,0.0,272.16,concept,moderate,recovery,False,0.0,
45,15,Adaptive Random Forest (river),0.6087,0.82,0.6796,0.5512,0.8745,0.675,0.7314,2.0312,2.1784,976057,0.0,272.38,mixed,mild,recovery,False,0.0,
45,15,Component-Selective Ensemble,0.681,0.822,0.625,0.748,0.8864,0.6972,0.7976,0.4062,0.4044,1271762,0.0,192.97,mixed,mild,recovery,True,0.0423,
45,15,Continuously Retrained Ensemble,0.6901,0.824,0.6242,0.7717,0.8827,0.7064,0.8067,1.2812,1.3891,1255090,0.0,272.16,mixed,mild,recovery,True,0.0,
45,15,Event-Driven Ensemble (ADWIN),0.681,0.822,0.625,0.748,0.8864,0.6972,0.7976,1.3906,1.5123,1255090,0.0,272.27,mixed,mild,recovery,True,0.0,
45,15,Event-Driven Ensemble (Custom Dual-Trigger),0.681,0.822,0.625,0.748,0.8864,0.6972,0.7976,1.3125,1.3624,1255090,0.0,272.27,mixed,mild,recovery,True,0.0423,
45,15,Event-Driven Ensemble (DDM),0.6901,0.824,0.6242,0.7717,0.8827,0.7064,0.8067,1.3594,1.4907,1255090,0.0,272.27,mixed,mild,recovery,True,0.0,
45,15,Event-Driven Ensemble (EDDM),0.6901,0.824,0.6242,0.7717,0.8827,0.7064,0.8067,1.2969,1.4114,1255090,0.0,272.27,mixed,mild,recovery,True,0.0,
45,15,Event-Driven Ensemble (Page-Hinkley),0.6868,0.834,0.6594,0.7165,0.8914,0.7136,0.7953,0.0469,0.0395,1239113,0.0,272.27,mixed,mild,recovery,False,0.0,
45,15,Frozen Ensemble,0.652542372881356,0.836,0.7064220183486238,0.6062992125984252,0.8962023178738047,0.7091517045927589,0.7602541639399634,0.015625,0.04134020023047924,1689261,0.0,179.515625,mixed,mild,recovery,False,0.0,0.0
45,15,Frozen Model,0.646551724137931,0.836,0.7142857142857143,0.5905511811023622,0.8956534588672395,0.7117952022352727,0.7550611133393847,0.015625,0.01660970039665699,877472,0.0,179.515625,mixed,mild,recovery,False,0.0,0.0
45,15,Streaming Random Patches (river),0.6304,0.81,0.6231,0.6378,0.855,0.673,0.7532,3.4219,3.7158,1477885,0.0,272.38,mixed,mild,recovery,False,0.0,
45,15,Two-Tier Hybrid Ensemble,0.6741,0.824,0.6364,0.7165,0.888,0.6986,0.7886,1.5156,1.5647,1390940,0.0,272.38,mixed,mild,recovery,True,0.0,0.4
45,15,Warm-Start Ensemble,0.6707,0.784,0.5473,0.8661,0.8853,0.6972,0.8111,0.2812,0.3004,659343,0.0,272.27,mixed,mild,recovery,True,0.0,
45,16,Adaptive Random Forest (river),0.7119,0.72,0.5635,0.9665,0.9386,0.9212,0.7745,2.0469,2.1569,134692,0.0,272.38,concept,severe,recovery,False,0.0,
45,16,Component-Selective Ensemble,0.9076,0.934,0.9101,0.905,0.9826,0.9702,0.9276,0.0156,0.0181,1271762,0.0,193.06,concept,severe,recovery,False,0.0468,
45,16,Continuously Retrained Ensemble,0.9066,0.932,0.8919,0.9218,0.9832,0.9713,0.9297,1.3281,1.3918,1213449,0.0,272.38,concept,severe,recovery,True,0.0,
45,16,Event-Driven Ensemble (ADWIN),0.9006,0.928,0.8907,0.9106,0.9834,0.9718,0.9242,1.3125,1.3772,1213449,0.0,272.38,concept,severe,recovery,True,0.0,
45,16,Event-Driven Ensemble (Custom Dual-Trigger),0.9006,0.928,0.8907,0.9106,0.9834,0.9718,0.9242,0.0312,0.0329,1255090,0.0,272.38,concept,severe,recovery,False,0.0468,
45,16,Event-Driven Ensemble (DDM),0.9066,0.932,0.8919,0.9218,0.9832,0.9713,0.9297,0.0312,0.0338,1255090,0.0,272.38,concept,severe,recovery,False,0.0,
45,16,Event-Driven Ensemble (EDDM),0.9066,0.932,0.8919,0.9218,0.9832,0.9713,0.9297,1.4531,1.5495,1213449,0.0,272.38,concept,severe,recovery,True,0.0,
45,16,Event-Driven Ensemble (Page-Hinkley),0.8902,0.924,0.9222,0.8603,0.9831,0.9715,0.9099,0.0312,0.0415,1239113,0.0,272.38,concept,severe,recovery,False,0.0,
45,16,Frozen Ensemble,0.8193548387096774,0.888,0.9694656488549618,0.7094972067039106,0.9827529194730156,0.9703445161488486,0.8485180737569398,0.03125,0.03817360009998083,1689261,0.0,179.515625,concept,severe,recovery,False,0.0,0.0
45,16,Frozen Model,0.8242811501597445,0.89,0.9626865671641791,0.7206703910614525,0.9821263857707234,0.9693818676649892,0.8525470335369567,0.015625,0.014332199934870005,877472,0.0,179.515625,concept,severe,recovery,False,0.0,0.0
45,16,Streaming Random Patches (river),0.6517,0.814,0.9886,0.486,0.8825,0.8684,0.7415,3.6875,3.8252,1899482,0.0,272.38,concept,severe,recovery,False,0.0,
45,16,Two-Tier Hybrid Ensemble,0.8934,0.926,0.9226,0.8659,0.9825,0.97,0.9127,0.2656,0.2682,1391157,0.0,272.38,concept,severe,recovery,False,0.0,0.28
45,16,Warm-Start Ensemble,0.8688,0.91,0.9085,0.8324,0.9676,0.9143,0.8928,0.0625,0.0529,659343,0.0,272.38,concept,severe,recovery,False,0.0,
45,17,Adaptive Random Forest (river),0.0,0.436,0.0,0.0,0.7137,0.8349,0.5,1.9844,2.0968,1094843,0.0,272.38,concept,severe,recovery,False,0.0,
45,17,Component-Selective Ensemble,0.8183,0.786,0.785,0.8546,0.871,0.8973,0.7759,0.0156,0.0284,1271762,0.0,193.06,concept,severe,recovery,False,0.091,
45,17,Continuously Retrained Ensemble,0.8188,0.784,0.7771,0.8652,0.8712,0.8947,0.7721,1.3125,1.3783,1263474,0.0,272.38,concept,severe,recovery,True,0.0,
45,17,Event-Driven Ensemble (ADWIN),0.8208,0.786,0.7778,0.8688,0.8706,0.8939,0.7738,1.4688,1.6058,1263474,0.0,272.38,concept,severe,recovery,True,0.0,
45,17,Event-Driven Ensemble (Custom Dual-Trigger),0.8249,0.792,0.7853,0.8688,0.8697,0.8936,0.7807,0.0312,0.0425,1255090,0.0,272.38,concept,severe,recovery,False,0.091,
45,17,Event-Driven Ensemble (DDM),0.8221,0.788,0.7803,0.8688,0.8715,0.8948,0.7761,1.4375,1.6034,1263474,0.0,272.38,concept,severe,recovery,True,0.0,
45,17,Event-Driven Ensemble (EDDM),0.8188,0.784,0.7771,0.8652,0.8712,0.8947,0.7721,1.3281,1.5237,1263474,0.0,272.38,concept,severe,recovery,True,0.0,
45,17,Event-Driven Ensemble (Page-Hinkley),0.7826,0.75,0.7679,0.7979,0.8565,0.8881,0.743,0.0469,0.038,1239113,0.0,272.38,concept,severe,recovery,False,0.0,
45,17,Frozen Ensemble,0.7707509881422925,0.768,0.8705357142857143,0.6914893617021277,0.8756587936755807,0.9002661543276163,0.7792309193831739,0.03125,0.06616260018199682,1689261,0.0,179.515625,concept,severe,recovery,False,0.0,0.0
45,17,Frozen Model,0.7649402390438247,0.764,0.8727272727272727,0.6808510638297872,0.8707951070336393,0.8962532696376362,0.7762053484286551,0.015625,0.020063300151377916,877472,0.0,179.515625,concept,severe,recovery,False,0.0,0.0
45,17,Streaming Random Patches (river),0.8182,0.776,0.7545,0.8936,0.8416,0.8414,0.7587,4.4688,4.7784,3543033,0.0,272.38,concept,severe,recovery,False,0.0,
45,17,Two-Tier Hybrid Ensemble,0.8149,0.772,0.7515,0.8901,0.8734,0.8967,0.7547,0.3438,0.339,1423202,0.0,272.36,concept,severe,recovery,False,0.0,0.196
45,17,Warm-Start Ensemble,0.8125,0.772,0.7577,0.8759,0.8569,0.877,0.7568,0.0469,0.0452,659343,0.0,272.38,concept,severe,recovery,False,0.0,
45,18,Adaptive Random Forest (river),0.7312,0.75,0.7234,0.7391,0.8217,0.7731,0.7492,2.9219,3.1609,2701780,0.0,273.31,covariate,moderate,sudden,False,0.0,
45,18,Component-Selective Ensemble,0.7631,0.738,0.6533,0.9174,0.8447,0.797,0.7513,0.3281,0.3281,1272050,0.0,193.06,covariate,moderate,sudden,True,0.1304,
45,18,Continuously Retrained Ensemble,0.7713,0.758,0.6823,0.887,0.8467,0.8049,0.7676,1.3125,1.4173,1290610,0.0,272.36,covariate,moderate,sudden,True,0.0,
45,18,Event-Driven Ensemble (ADWIN),0.7704,0.758,0.6835,0.8826,0.8467,0.8068,0.7672,1.3594,1.4113,1290610,0.0,272.38,covariate,moderate,sudden,True,0.0,
45,18,Event-Driven Ensemble (Custom Dual-Trigger),0.7672,0.75,0.671,0.8957,0.8443,0.8,0.7608,1.3594,1.3843,1290610,0.0,272.38,covariate,moderate,sudden,True,0.1304,
45,18,Event-Driven Ensemble (DDM),0.7661,0.746,0.6645,0.9043,0.8471,0.8047,0.7577,1.4688,1.5874,1290610,0.0,272.38,covariate,moderate,sudden,True,0.0,
45,18,Event-Driven Ensemble (EDDM),0.7713,0.758,0.6823,0.887,0.8467,0.8049,0.7676,1.4375,1.4809,1290610,0.0,272.38,covariate,moderate,sudden,True,0.0,
45,18,Event-Driven Ensemble (Page-Hinkley),0.7706,0.75,0.6667,0.913,0.8523,0.8055,0.7621,1.375,1.4626,1290610,0.0,272.38,covariate,moderate,sudden,True,0.0,
45,18,Frozen Ensemble,0.759656652360515,0.776,0.75,0.7695652173913043,0.8533655394524959,0.8080605996989817,0.7755233494363929,0.015625,0.043242300394922495,1689261,0.0,179.515625,covariate,moderate,sudden,False,0.0,0.0
45,18,Frozen Model,0.7627118644067796,0.776,0.743801652892562,0.782608695652174,0.8467471819645732,0.797044990238331,0.7764895330112722,0.0,0.055641400162130594,877472,0.0,179.515625,covariate,moderate,sudden,False,0.0,0.0
45,18,Streaming Random Patches (river),0.749,0.748,0.6912,0.8174,0.8335,0.7983,0.7531,5.4375,6.5611,3122088,0.0,273.66,covariate,moderate,sudden,False,0.0,
45,18,Two-Tier Hybrid Ensemble,0.7709,0.754,0.6743,0.9,0.8443,0.8012,0.7648,1.9062,2.3554,1493130,0.0,273.65,covariate,moderate,sudden,True,0.0,0.4
45,18,Warm-Start Ensemble,0.7437,0.756,0.7195,0.7696,0.8425,0.8086,0.757,0.3125,0.3184,745217,0.0,272.38,covariate,moderate,sudden,True,0.0,
45,19,Adaptive Random Forest (river),0.8774,0.872,0.8388,0.9197,0.9511,0.9253,0.8722,2.6406,2.929,682139,0.0,273.66,mixed,mild,recovery,False,0.0,
45,19,Component-Selective Ensemble,0.8805,0.874,0.8345,0.9317,0.9503,0.9385,0.8742,0.0312,0.0223,1272050,0.0,193.06,mixed,mild,recovery,False,0.0855,
45,19,Continuously Retrained Ensemble,0.8805,0.874,0.8345,0.9317,0.9508,0.9418,0.8742,1.625,2.0261,1286987,0.0,273.66,mixed,mild,recovery,True,0.0,
45,19,Event-Driven Ensemble (ADWIN),0.8805,0.874,0.8345,0.9317,0.9508,0.9418,0.8742,1.4688,1.683,1286987,0.0,273.66,mixed,mild,recovery,True,0.0,
45,19,Event-Driven Ensemble (Custom Dual-Trigger),0.8767,0.87,0.8309,0.9277,0.948,0.9336,0.8702,0.0156,0.0365,1290610,0.0,273.66,mixed,mild,recovery,False,0.0855,
45,19,Event-Driven Ensemble (DDM),0.8805,0.874,0.8345,0.9317,0.9497,0.9367,0.8742,1.4844,1.7608,1286987,0.0,273.66,mixed,mild,recovery,True,0.0,
45,19,Event-Driven Ensemble (EDDM),0.8805,0.874,0.8345,0.9317,0.9508,0.9418,0.8742,1.4062,1.5908,1286987,0.0,273.66,mixed,mild,recovery,True,0.0,
45,19,Event-Driven Ensemble (Page-Hinkley),0.8767,0.87,0.8309,0.9277,0.9499,0.9413,0.8702,0.0469,0.0431,1290610,0.0,273.66,mixed,mild,recovery,False,0.0,
45,19,Frozen Ensemble,0.8835341365461847,0.884,0.8835341365461847,0.8835341365461847,0.9540152642442279,0.9517462083757326,0.8839981439703035,0.015625,0.026845700107514858,1689261,0.0,179.515625,mixed,mild,recovery,False,0.0,0.0
45,19,Frozen Model,0.8870967741935484,0.888,0.8906882591093117,0.8835341365461847,0.9533112529800478,0.9468986671984578,0.8879822077153234,0.015625,0.017305100336670876,877472,0.0,179.515625,mixed,mild,recovery,False,0.0,0.0
45,19,Streaming Random Patches (river),0.8736,0.868,0.8352,0.9157,0.9485,0.9473,0.8682,4.1562,4.7627,3991017,0.0,273.67,mixed,mild,recovery,False,0.0,
45,19,Two-Tier Hybrid Ensemble,0.8776,0.87,0.8262,0.9357,0.9495,0.9381,0.8703,0.3906,0.4954,1492622,0.0,273.65,mixed,mild,recovery,False,0.0,0.28
45,19,Warm-Start Ensemble,0.8701,0.862,0.8191,0.9277,0.9482,0.9397,0.8623,0.0469,0.0392,745217,0.0,273.66,mixed,mild,recovery,False,0.0,
45,20,Adaptive Random Forest (river),0.7047,0.772,0.7771,0.6445,0.8613,0.8152,0.7548,2.1719,2.4879,1063497,0.0,273.66,concept,mild,gradual,False,0.0,
45,20,Component-Selective Ensemble,0.7627,0.776,0.6897,0.8531,0.8651,0.8088,0.7864,0.0156,0.019,1272050,0.0,193.06,concept,mild,gradual,False,0.0371,
45,20,Continuously Retrained Ensemble,0.7548,0.77,0.686,0.8389,0.8728,0.8294,0.7793,1.5469,1.7346,1285842,0.0,273.66,concept,mild,gradual,True,0.0,
45,20,Event-Driven Ensemble (ADWIN),0.7548,0.77,0.686,0.8389,0.8728,0.8294,0.7793,1.2812,1.588,1285842,0.0,273.66,concept,mild,gradual,True,0.0,
45,20,Event-Driven Ensemble (Custom Dual-Trigger),0.7521,0.768,0.6848,0.8341,0.8691,0.8239,0.7769,1.3438,1.4861,1285842,0.0,273.66,concept,mild,gradual,True,0.0371,
45,20,Event-Driven Ensemble (DDM),0.7548,0.77,0.686,0.8389,0.8728,0.8294,0.7793,1.5938,1.6754,1285842,0.0,273.66,concept,mild,gradual,True,0.0,
45,20,Event-Driven Ensemble (EDDM),0.7548,0.77,0.686,0.8389,0.8728,0.8294,0.7793,1.5156,1.7004,1285842,0.0,273.66,concept,mild,gradual,True,0.0,
45,20,Event-Driven Ensemble (Page-Hinkley),0.7564,0.772,0.6887,0.8389,0.8714,0.8296,0.781,0.0312,0.047,1290610,0.0,273.66,concept,mild,gradual,False,0.0,
45,20,Frozen Ensemble,0.7196029776674938,0.774,0.7552083333333334,0.6872037914691943,0.8704472031355057,0.8232235066052455,0.7622870168418636,0.03125,0.03791250009089708,1689261,0.0,179.515625,concept,mild,gradual,False,0.0,0.0
45,20,Frozen Model,0.715,0.772,0.7566137566137566,0.6777251184834123,0.8682415257711671,0.8213934469056294,0.759277784155201,0.015625,0.010174800176173449,877472,0.0,179.515625,concept,mild,gradual,False,0.0,0.0
45,20,Streaming Random Patches (river),0.7338,0.762,0.6949,0.7773,0.8574,0.7866,0.7641,4.3438,4.9474,3339510,0.0,273.67,concept,mild,gradual,False,0.0,
45,20,Two-Tier Hybrid Ensemble,0.7511,0.768,0.6863,0.8294,0.8717,0.8301,0.7763,1.9219,2.2218,1519350,0.0,273.66,concept,mild,gradual,True,0.0,0.4
45,20,Warm-Start Ensemble,0.7557,0.766,0.6754,0.8578,0.8526,0.767,0.7784,0.0312,0.0343,745217,0.0,273.66,concept,mild,gradual,False,0.0,
45,21,Adaptive Random Forest (river),0.2011,0.412,0.1186,0.6607,0.5651,0.2427,0.5207,2.2031,2.5067,424116,0.0,274.31,none,none,stable,False,0.0,
45,21,Component-Selective Ensemble,0.4219,0.852,0.375,0.4821,0.8443,0.3246,0.6904,0.75,0.7774,1279778,0.0,193.06,none,none,stable,True,0.1054,
45,21,Continuously Retrained Ensemble,0.4545,0.88,0.463,0.4464,0.8491,0.3589,0.6906,1.4531,1.6562,1279778,0.0,273.66,none,none,stable,True,0.0,
45,21,Event-Driven Ensemble (ADWIN),0.4545,0.88,0.463,0.4464,0.8491,0.3589,0.6906,1.3594,1.5306,1279778,0.0,274.27,none,none,stable,True,0.0,
45,21,Event-Driven Ensemble (Custom Dual-Trigger),0.4386,0.872,0.431,0.4464,0.8472,0.3483,0.6861,1.4219,1.5655,1279778,0.0,274.27,none,none,stable,True,0.1054,
45,21,Event-Driven Ensemble (DDM),0.4545,0.88,0.463,0.4464,0.8491,0.3589,0.6906,0.0469,0.0437,1285842,0.0,274.27,none,none,stable,False,0.0,
45,21,Event-Driven Ensemble (EDDM),0.4545,0.88,0.463,0.4464,0.8491,0.3589,0.6906,1.4219,1.6553,1279778,0.0,274.27,none,none,stable,True,0.0,
45,21,Event-Driven Ensemble (Page-Hinkley),0.4462,0.856,0.3919,0.5179,0.8452,0.3237,0.7083,1.5,1.7226,1279778,0.0,274.27,none,none,stable,True,0.0,
45,21,Frozen Ensemble,0.16666666666666666,0.88,0.375,0.10714285714285714,0.8548503861003861,0.38922416629381745,0.5423101673101673,0.015625,0.040727799758315086,1689261,0.0,179.515625,none,none,stable,False,0.0,0.0
45,21,Frozen Model,0.21333333333333335,0.882,0.42105263157894735,0.14285714285714285,0.853322072072072,0.3851299281832426,0.5590411840411841,0.0,0.07545079989358783,877472,0.0,179.515625,none,none,stable,False,0.0,0.0
45,21,Streaming Random Patches (river),0.3883,0.874,0.4255,0.3571,0.7368,0.3297,0.6482,4.5781,5.1142,3106821,0.0,274.31,none,none,stable,False,0.0,
45,21,Two-Tier Hybrid Ensemble,0.4559,0.852,0.3875,0.5536,0.8456,0.3391,0.7216,1.7031,2.0673,1514338,0.0,274.31,none,none,stable,True,0.0,0.4
45,21,Warm-Start Ensemble,0.371,0.844,0.3382,0.4107,0.803,0.3018,0.6547,0.3438,0.3849,731912,0.0,274.27,none,none,stable,True,0.0,
45,22,Adaptive Random Forest (river),0.0,0.468,0.0,0.0,0.7581,0.8292,0.5,1.7812,1.9292,1003022,0.0,275.2,covariate,mild,recovery,False,0.0,
45,22,Component-Selective Ensemble,0.7843,0.736,0.6936,0.9023,0.8393,0.842,0.7246,0.3125,0.3134,1281074,0.0,193.06,covariate,mild,recovery,True,0.1411,
45,22,Continuously Retrained Ensemble,0.7843,0.736,0.6936,0.9023,0.8393,0.842,0.7246,1.25,1.4883,1285394,0.0391,274.31,covariate,mild,recovery,True,0.0,
45,22,Event-Driven Ensemble (ADWIN),0.7843,0.736,0.6936,0.9023,0.8393,0.842,0.7246,1.3906,1.4945,1285394,0.0,274.35,covariate,mild,recovery,True,0.0,
45,22,Event-Driven Ensemble (Custom Dual-Trigger),0.7843,0.736,0.6936,0.9023,0.8393,0.842,0.7246,1.3906,1.5355,1285394,0.0,274.35,covariate,mild,recovery,True,0.1411,
45,22,Event-Driven Ensemble (DDM),0.787,0.738,0.6934,0.9098,0.8423,0.8471,0.7263,1.3125,1.3519,1285394,0.0,274.35,covariate,mild,recovery,True,0.0,
45,22,Event-Driven Ensemble (EDDM),0.7843,0.736,0.6936,0.9023,0.8393,0.842,0.7246,1.3125,1.4443,1285394,0.0,274.35,covariate,mild,recovery,True,0.0,
45,22,Event-Driven Ensemble (Page-Hinkley),0.7843,0.736,0.6936,0.9023,0.8393,0.842,0.7246,1.2812,1.3607,1285394,0.0,274.35,covariate,mild,recovery,True,0.0,
45,22,Frozen Ensemble,0.7845884413309983,0.754,0.7344262295081967,0.8421052631578947,0.8427318295739348,0.8376952269752649,0.7479757085020242,0.03125,0.026536500081419945,1689261,0.0,179.515625,covariate,mild,recovery,False,0.0,0.0
45,22,Frozen Model,0.7838312829525483,0.754,0.735973597359736,0.8383458646616542,0.8423462502409871,0.8419880950314993,0.7482327613906561,0.015625,0.01321160001680255,877472,0.0,179.515625,covariate,mild,recovery,False,0.0,0.0
45,22,Streaming Random Patches (river),0.6894,0.708,0.7941,0.609,0.8073,0.8041,0.7148,5.1875,5.443,4889175,0.0,275.2,covariate,mild,recovery,False,0.0,
45,22,Two-Tier Hybrid Ensemble,0.7697,0.714,0.6732,0.8985,0.8335,0.8379,0.7014,1.5938,1.692,1520196,0.0,275.16,covariate,mild,recovery,True,0.0,0.4
45,22,Warm-Start Ensemble,0.7713,0.732,0.7063,0.8496,0.7941,0.7732,0.724,0.3438,0.3498,759587,0.0,274.35,covariate,mild,recovery,True,0.0,
45,23,Adaptive Random Forest (river),0.6,0.856,0.8571,0.4615,0.8753,0.7707,0.719,1.9531,1.9866,687203,0.0,275.2,concept,mild,gradual,False,0.0,
45,23,Component-Selective Ensemble,0.7319,0.874,0.7288,0.735,0.9112,0.8145,0.8257,0.0312,0.0479,1281074,0.0,193.06,concept,mild,gradual,False,0.0494,
45,23,Continuously Retrained Ensemble,0.7186,0.87,0.7281,0.7094,0.9132,0.8154,0.8142,1.5,1.5591,1273138,0.0,275.17,concept,mild,gradual,True,0.0,
45,23,Event-Driven Ensemble (ADWIN),0.7186,0.87,0.7281,0.7094,0.9132,0.8154,0.8142,1.4375,1.5054,1273138,0.0,275.18,concept,mild,gradual,True,0.0,
45,23,Event-Driven Ensemble (Custom Dual-Trigger),0.7186,0.87,0.7281,0.7094,0.9132,0.8154,0.8142,0.0625,0.0528,1285394,0.0,275.18,concept,mild,gradual,False,0.0494,
45,23,Event-Driven Ensemble (DDM),0.7217,0.872,0.7345,0.7094,0.9127,0.8118,0.8155,1.3594,1.4653,1273138,0.0,275.18,concept,mild,gradual,True,0.0,
45,23,Event-Driven Ensemble (EDDM),0.7186,0.87,0.7281,0.7094,0.9132,0.8154,0.8142,1.3438,1.4558,1273138,0.0,275.18,concept,mild,gradual,True,0.0,
45,23,Event-Driven Ensemble (Page-Hinkley),0.7186,0.87,0.7281,0.7094,0.9132,0.8154,0.8142,0.0469,0.0477,1285394,0.0,275.18,concept,mild,gradual,False,0.0,
45,23,Frozen Ensemble,0.7087378640776699,0.88,0.8202247191011236,0.6239316239316239,0.9116734730311754,0.8215867257945804,0.791078083506282,0.015625,0.04884380009025335,1689261,0.0,179.515625,concept,mild,gradual,False,0.0,0.0
45,23,Frozen Model,0.7156862745098039,0.884,0.8390804597701149,0.6239316239316239,0.9110709424025351,0.820885708291383,0.7936890495637232,0.03125,0.027397400233894587,877472,0.0,179.515625,concept,mild,gradual,False,0.0,0.0
45,23,Streaming Random Patches (river),0.6948,0.87,0.7708,0.6325,0.8545,0.7709,0.7875,5.1406,5.4184,6285756,0.0,275.2,concept,mild,gradual,False,0.0,
45,23,Two-Tier Hybrid Ensemble,0.725,0.868,0.7073,0.7436,0.9155,0.8233,0.8248,0.375,0.4075,1520388,0.0,261.43,concept,mild,gradual,False,0.0,0.28
45,23,Warm-Start Ensemble,0.6987,0.862,0.7143,0.6838,0.8865,0.7816,0.8001,0.0312,0.0437,759587,0.0,275.18,concept,mild,gradual,False,0.0,
45,24,Adaptive Random Forest (river),0.6556,0.626,0.5014,0.9468,0.8299,0.7676,0.6898,2.1406,2.2876,1284916,0.0,268.46,covariate,mild,sudden,False,0.0,
45,24,Component-Selective Ensemble,0.77,0.816,0.7264,0.8191,0.8771,0.8064,0.8166,0.0312,0.0198,1281074,0.0,193.06,covariate,mild,sudden,False,0.0627,
45,24,Continuously Retrained Ensemble,0.7668,0.82,0.7475,0.7872,0.8753,0.8051,0.8135,1.4219,1.5014,1278754,0.1602,265.01,covariate,mild,sudden,True,0.0,
45,24,Event-Driven Ensemble (ADWIN),0.7668,0.82,0.7475,0.7872,0.8753,0.8051,0.8135,0.0312,0.036,1273138,0.0,266.27,covariate,mild,sudden,False,0.0,
45,24,Event-Driven Ensemble (Custom Dual-Trigger),0.7708,0.818,0.7321,0.8138,0.8763,0.8075,0.8172,0.0312,0.0347,1285394,0.0,266.27,covariate,mild,sudden,False,0.0627,
45,24,Event-Driven Ensemble (DDM),0.7599,0.818,0.7539,0.766,0.8753,0.807,0.8077,1.375,1.41,1278754,0.0,266.82,covariate,mild,sudden,True,0.0,
45,24,Event-Driven Ensemble (EDDM),0.7668,0.82,0.7475,0.7872,0.8753,0.8051,0.8135,1.4219,1.4349,1278754,0.0,266.83,covariate,mild,sudden,True,0.0,
45,24,Event-Driven Ensemble (Page-Hinkley),0.7708,0.818,0.7321,0.8138,0.8763,0.8075,0.8172,0.0312,0.0426,1285394,0.0,266.83,covariate,mild,sudden,False,0.0,
45,24,Frozen Ensemble,0.7651715039577837,0.822,0.7591623036649214,0.7712765957446809,0.8818876159301691,0.8321898951637828,0.8119203491543917,0.0,0.040784400422126055,1689261,0.0,179.515625,covariate,mild,sudden,False,0.0,0.0
45,24,Frozen Model,0.7716535433070866,0.826,0.7616580310880829,0.7819148936170213,0.8820410529187123,0.8381138154179708,0.817239498090562,0.015625,0.03303500032052398,877472,0.0,179.515625,covariate,mild,sudden,False,0.0,0.0
45,24,Streaming Random Patches (river),0.713,0.802,0.7834,0.6543,0.8655,0.7583,0.7726,6.125,6.5806,7747929,0.0039,269.74,covariate,mild,sudden,False,0.0,
45,24,Two-Tier Hybrid Ensemble,0.7717,0.826,0.7617,0.7819,0.8768,0.8112,0.8172,0.2656,0.2555,1323226,0.0,264.54,covariate,mild,sudden,False,0.0,0.196
45,24,Warm-Start Ensemble,0.7562,0.822,0.7797,0.734,0.8676,0.7832,0.8045,0.0312,0.031,759587,0.0,266.83,covariate,mild,sudden,False,0.0,
45,25,Adaptive Random Forest (river),0.3414,0.398,0.9512,0.208,0.8833,0.9497,0.588,2.1562,2.345,743464,0.0,270.17,covariate,severe,gradual,False,0.0,
45,25,Component-Selective Ensemble,0.9105,0.858,0.8636,0.9627,0.8934,0.9427,0.7533,0.3438,0.3377,1201705,0.0,193.06,covariate,severe,gradual,True,0.2476,
45,25,Continuously Retrained Ensemble,0.9089,0.858,0.8762,0.944,0.9042,0.9577,0.772,1.3594,1.5248,1223129,0.1602,267.07,covariate,severe,gradual,True,0.0,
45,25,Event-Driven Ensemble (ADWIN),0.9077,0.856,0.8741,0.944,0.8943,0.946,0.768,1.3281,1.3778,1223129,0.0,268.56,covariate,severe,gradual,True,0.0,
45,25,Event-Driven Ensemble (Custom Dual-Trigger),0.9082,0.856,0.8704,0.9493,0.8912,0.944,0.7627,1.2656,1.3488,1223129,0.0,268.5,covariate,severe,gradual,True,0.2476,
45,25,Event-Driven Ensemble (DDM),0.9089,0.858,0.8762,0.944,0.9042,0.9577,0.772,1.2344,1.4392,1223129,0.0,268.57,covariate,severe,gradual,True,0.0,
45,25,Event-Driven Ensemble (EDDM),0.9089,0.858,0.8762,0.944,0.9042,0.9577,0.772,1.2812,1.3046,1223129,0.0078,268.57,covariate,severe,gradual,True,0.0,
45,25,Event-Driven Ensemble (Page-Hinkley),0.9082,0.856,0.8704,0.9493,0.8912,0.944,0.7627,1.3281,1.442,1223129,0.0,268.59,covariate,severe,gradual,True,0.0,
45,25,Frozen Ensemble,0.9086229086229086,0.858,0.8781094527363185,0.9413333333333334,0.9113813333333334,0.9638979886741632,0.7746666666666666,0.0625,0.10747440019622445,1689261,0.0,179.515625,covariate,severe,gradual,False,0.0,0.0
45,25,Frozen Model,0.9076923076923077,0.856,0.8740740740740741,0.944,0.908,0.9622057873853429,0.768,0.015625,0.018704700283706188,877472,0.0,179.515625,covariate,severe,gradual,False,0.0,0.0
45,25,Streaming Random Patches (river),0.9039,0.852,0.881,0.928,0.8917,0.9486,0.776,6.1719,6.5266,9370058,0.0,271.06,covariate,severe,gradual,False,0.0,
45,25,Two-Tier Hybrid Ensemble,0.9054,0.852,0.8698,0.944,0.8912,0.944,0.76,1.4219,1.4895,1262365,0.0,267.32,covariate,severe,gradual,True,0.0,0.4
45,25,Warm-Start Ensemble,0.911,0.862,0.8825,0.9413,0.8882,0.9433,0.7827,0.2969,0.3321,741386,0.0,268.59,covariate,severe,gradual,True,0.0,
45,26,Adaptive Random Forest (river),0.227,0.128,0.128,1.0,0.7344,0.2772,0.5,2.2031,2.3018,653505,0.0,271.37,none,none,stable,False,0.0,
45,26,Component-Selective Ensemble,0.3077,0.874,0.5185,0.2188,0.8194,0.3558,0.5945,0.75,0.7579,1202633,0.0,193.06,none,none,stable,True,0.1047,
45,26,Continuously Retrained Ensemble,0.2105,0.88,0.6667,0.125,0.8164,0.4019,0.5579,1.3281,1.3602,1202633,0.0039,269.86,none,none,stable,True,0.0,
45,26,Event-Driven Ensemble (ADWIN),0.2105,0.88,0.6667,0.125,0.8164,0.4019,0.5579,0.0312,0.0321,1223129,0.0,270.23,none,none,stable,False,0.0,
45,26,Event-Driven Ensemble (Custom Dual-Trigger),0.1644,0.878,0.6667,0.0938,0.8076,0.4292,0.5434,1.3281,1.381,1202633,0.0,270.12,none,none,stable,True,0.1047,
45,26,Event-Driven Ensemble (DDM),0.1867,0.878,0.6364,0.1094,0.8153,0.4157,0.5501,1.2812,1.4072,1202633,0.0039,270.24,none,none,stable,True,0.0,
45,26,Event-Driven Ensemble (EDDM),0.2105,0.88,0.6667,0.125,0.8164,0.4019,0.5579,1.3281,1.3417,1202633,0.0039,270.25,none,none,stable,True,0.0,
45,26,Event-Driven Ensemble (Page-Hinkley),0.1644,0.878,0.6667,0.0938,0.8076,0.4292,0.5434,0.0312,0.0351,1223129,0.0,270.27,none,none,stable,False,0.0,
45,26,Frozen Ensemble,0.20512820512820512,0.876,0.5714285714285714,0.125,0.8174813646788991,0.3804556261306993,0.5556192660550459,0.03125,0.034533599857240915,1689261,0.0,179.515625,none,none,stable,False,0.0,0.0
45,26,Frozen Model,0.18666666666666668,0.878,0.6363636363636364,0.109375,0.8125179185779816,0.3757367667528934,0.5501003440366973,0.015625,0.01917329989373684,877472,0.0,179.515625,none,none,stable,False,0.0,0.0
45,26,Streaming Random Patches (river),0.3191,0.872,0.5,0.2344,0.7658,0.3481,0.6,4.9062,5.1895,2330231,0.0,271.78,none,none,stable,False,0.0,
45,26,Two-Tier Hybrid Ensemble,0.3922,0.876,0.5263,0.3125,0.8075,0.4289,0.6356,1.4219,1.4413,1305269,0.0,272.7,none,none,stable,True,0.0,0.4
45,26,Warm-Start Ensemble,0.1081,0.868,0.4,0.0625,0.7144,0.3625,0.5244,0.2969,0.3274,702314,0.0,270.27,none,none,stable,True,0.0,
45,27,Adaptive Random Forest (river),0.8112,0.73,0.8056,0.8169,0.6416,0.7509,0.6671,2.0938,2.2088,1065022,0.0,273.55,covariate,severe,gradual,False,0.0,
45,27,Component-Selective Ensemble,0.8341,0.724,0.7275,0.9775,0.8066,0.911,0.5405,0.2812,0.3252,1203209,0.0,193.06,covariate,severe,gradual,True,0.2222,
45,27,Continuously Retrained Ensemble,0.8341,0.724,0.7275,0.9775,0.8066,0.911,0.5405,1.3594,1.3745,1216969,0.0,272.75,covariate,severe,gradual,True,0.0,
45,27,Event-Driven Ensemble (ADWIN),0.838,0.744,0.7609,0.9324,0.7977,0.9063,0.6076,1.2969,1.3607,1216969,0.0,272.7,covariate,severe,gradual,True,0.0,
45,27,Event-Driven Ensemble (Custom Dual-Trigger),0.8341,0.724,0.7275,0.9775,0.8066,0.911,0.5405,1.25,1.3235,1216969,0.0,272.96,covariate,severe,gradual,True,0.2222,
45,27,Event-Driven Ensemble (DDM),0.8341,0.724,0.7275,0.9775,0.8066,0.911,0.5405,1.3125,1.3817,1216969,0.0,272.45,covariate,severe,gradual,True,0.0,
45,27,Event-Driven Ensemble (EDDM),0.8341,0.724,0.7275,0.9775,0.8066,0.911,0.5405,1.4219,1.4365,1216969,0.0,273.41,covariate,severe,gradual,True,0.0,
45,27,Event-Driven Ensemble (Page-Hinkley),0.838,0.744,0.7609,0.9324,0.7977,0.9063,0.6076,1.2969,1.3958,1216969,0.0,273.41,covariate,severe,gradual,True,0.0,
45,27,Frozen Ensemble,0.8470588235294118,0.766,0.7902439024390244,0.9126760563380282,0.8066828557552209,0.9091010139628414,0.6597863040310831,0.015625,0.06643459992483258,1689261,0.0,179.515625,covariate,severe,gradual,False,0.0,0.0
45,27,Frozen Model,0.8348271446862996,0.742,0.7652582159624414,0.9183098591549296,0.7980378824672171,0.904215840469065,0.6143273433705683,0.015625,0.013765000272542238,877472,0.0,179.515625,covariate,severe,gradual,False,0.0,0.0
45,27,Streaming Random Patches (river),0.7418,0.67,0.8345,0.6676,0.708,0.8087,0.6717,3.6719,3.7434,2853574,0.0,273.55,covariate,severe,gradual,False,0.0,
45,27,Two-Tier Hybrid Ensemble,0.8369,0.728,0.7286,0.9831,0.8053,0.9066,0.5433,1.5,1.5742,1319241,0.0,273.58,covariate,severe,gradual,True,0.0,0.4
45,27,Warm-Start Ensemble,0.8273,0.732,0.7625,0.9042,0.7759,0.894,0.6073,0.2969,0.2965,704218,0.0,273.42,covariate,severe,gradual,True,0.0,
45,28,Adaptive Random Forest (river),0.6981,0.744,0.5944,0.8457,0.8079,0.6618,0.7675,2.0156,2.1084,1239346,0.0,273.64,none,none,stable,False,0.0,
45,28,Component-Selective Ensemble,0.7021,0.776,0.6567,0.7543,0.8622,0.7414,0.771,0.0156,0.0168,1203209,0.0,193.06,none,none,stable,False,0.0369,
45,28,Continuously Retrained Ensemble,0.7053,0.776,0.6537,0.7657,0.8618,0.7334,0.7736,1.3281,1.3683,1227049,0.0,273.62,none,none,stable,True,0.0,
45,28,Event-Driven Ensemble (ADWIN),0.7053,0.776,0.6537,0.7657,0.8618,0.7334,0.7736,1.3125,1.3381,1227049,0.0,273.64,none,none,stable,True,0.0,
45,28,Event-Driven Ensemble (Custom Dual-Trigger),0.7053,0.776,0.6537,0.7657,0.8618,0.7334,0.7736,0.0469,0.0447,1216969,0.0,273.64,none,none,stable,False,0.0369,
45,28,Event-Driven Ensemble (DDM),0.7053,0.776,0.6537,0.7657,0.8618,0.7334,0.7736,1.3125,1.3455,1227049,0.0,273.64,none,none,stable,True,0.0,
45,28,Event-Driven Ensemble (EDDM),0.7053,0.776,0.6537,0.7657,0.8618,0.7334,0.7736,1.3125,1.3507,1227049,0.0,273.64,none,none,stable,True,0.0,
45,28,Event-Driven Ensemble (Page-Hinkley),0.7053,0.776,0.6537,0.7657,0.8618,0.7334,0.7736,0.0469,0.0362,1216969,0.0,273.64,none,none,stable,False,0.0,
45,28,Frozen Ensemble,0.6868131868131868,0.772,0.6613756613756614,0.7142857142857143,0.8662153846153846,0.7476153461966302,0.7586813186813186,0.015625,0.15504200011491776,1689261,0.0,179.515625,none,none,stable,False,0.0,0.0
45,28,Frozen Model,0.6944444444444444,0.78,0.6756756756756757,0.7142857142857143,0.8644571428571428,0.739298707819613,0.7648351648351648,0.015625,0.013389999978244305,877472,0.0,179.515625,none,none,stable,False,0.0,0.0
45,28,Streaming Random Patches (river),0.6917,0.754,0.6161,0.7886,0.8316,0.7272,0.762,3.4688,3.6753,3928234,0.0,273.64,none,none,stable,False,0.0,
45,28,Two-Tier Hybrid Ensemble,0.7081,0.784,0.6718,0.7486,0.8615,0.7379,0.7758,0.2656,0.2628,1320242,0.0,273.84,none,none,stable,False,0.0,0.28
45,28,Warm-Start Ensemble,0.6947,0.782,0.6813,0.7086,0.8449,0.7176,0.7651,0.0312,0.0313,704218,0.0,273.64,none,none,stable,False,0.0,
45,29,Adaptive Random Forest (river),0.6878,0.704,0.8069,0.5993,0.8315,0.838,0.7141,2.2344,2.3134,1689736,0.0,274.0,mixed,severe,gradual,False,0.0,
45,29,Component-Selective Ensemble,0.7396,0.738,0.8052,0.6838,0.843,0.8574,0.7432,0.2656,0.2962,1205657,0.0,193.06,mixed,severe,gradual,True,0.1308,
45,29,Continuously Retrained Ensemble,0.7011,0.722,0.8446,0.5993,0.8457,0.8629,0.7338,1.3438,1.448,1237026,0.0078,273.85,mixed,severe,gradual,True,0.0,
45,29,Event-Driven Ensemble (ADWIN),0.7011,0.722,0.8446,0.5993,0.8457,0.8629,0.7338,0.0312,0.0332,1227049,0.0,273.89,mixed,severe,gradual,False,0.0,
45,29,Event-Driven Ensemble (Custom Dual-Trigger),0.7336,0.74,0.8287,0.6581,0.8433,0.8591,0.7479,1.3125,1.3628,1237026,0.0,273.86,mixed,severe,gradual,True,0.1308,
45,29,Event-Driven Ensemble (DDM),0.7011,0.722,0.8446,0.5993,0.8457,0.8629,0.7338,0.0312,0.0327,1227049,0.0,273.89,mixed,severe,gradual,False,0.0,
45,29,Event-Driven Ensemble (EDDM),0.7011,0.722,0.8446,0.5993,0.8457,0.8629,0.7338,1.375,1.4387,1237026,0.0,273.89,mixed,severe,gradual,True,0.0,
45,29,Event-Driven Ensemble (Page-Hinkley),0.7336,0.74,0.8287,0.6581,0.8433,0.8591,0.7479,0.0312,0.0341,1216969,0.0,273.89,mixed,severe,gradual,False,0.0,
45,29,Frozen Ensemble,0.7310924369747899,0.744,0.8529411764705882,0.6397058823529411,0.8602779927760578,0.8729952180906607,0.75406346749226,0.03125,0.029121799860149622,1689261,0.0,179.515625,mixed,severe,gradual,False,0.0,0.0
45,29,Frozen Model,0.7683168316831683,0.766,0.8326180257510729,0.7132352941176471,0.8606488648090816,0.8560085670307439,0.7710913312693499,0.0,0.012821200303733349,877472,0.0,179.515625,mixed,severe,gradual,False,0.0,0.0
45,29,Streaming Random Patches (river),0.6581,0.682,0.7927,0.5625,0.805,0.8315,0.6935,3.8281,4.0601,3509559,0.0,274.0,mixed,severe,gradual,False,0.0,
45,29,Two-Tier Hybrid Ensemble,0.7623,0.758,0.8186,0.7132,0.8416,0.8585,0.7623,1.6094,1.7336,1356693,0.0,274.26,mixed,severe,gradual,True,0.0,0.4
45,29,Warm-Start Ensemble,0.6313,0.68,0.8457,0.5037,0.8285,0.8482,0.697,0.3438,0.3528,752851,0.0,273.89,mixed,severe,gradual,True,0.0,
45,30,Adaptive Random Forest (river),0.9125,0.84,0.8407,0.9976,0.5837,0.8531,0.5171,2.1562,2.2611,1387045,0.0,274.93,covariate,severe,gradual,False,0.0,
45,30,Component-Selective Ensemble,0.9085,0.838,0.8608,0.9617,0.7839,0.9423,0.5845,0.3906,0.4027,1256066,0.0,193.06,covariate,severe,gradual,True,0.262,
45,30,Continuously Retrained Ensemble,0.9111,0.842,0.8599,0.9689,0.779,0.9466,0.582,1.3125,1.3703,1273282,0.0,274.26,covariate,severe,gradual,True,0.0,
45,30,Event-Driven Ensemble (ADWIN),0.9118,0.844,0.8648,0.9641,0.784,0.9458,0.5979,1.3281,1.4104,1273282,0.0,274.52,covariate,severe,gradual,True,0.0,
45,30,Event-Driven Ensemble (Custom Dual-Trigger),0.9111,0.842,0.8599,0.9689,0.7831,0.9473,0.582,1.2344,1.3409,1273282,0.0,274.52,covariate,severe,gradual,True,0.262,
45,30,Event-Driven Ensemble (DDM),0.9118,0.844,0.8648,0.9641,0.784,0.9458,0.5979,0.0312,0.0369,1227049,0.0,274.52,covariate,severe,gradual,False,0.0,
45,30,Event-Driven Ensemble (EDDM),0.9111,0.842,0.8599,0.9689,0.779,0.9466,0.582,1.2812,1.3494,1273282,0.0,274.52,covariate,severe,gradual,True,0.0,
45,30,Event-Driven Ensemble (Page-Hinkley),0.9101,0.842,0.8677,0.9569,0.7858,0.9444,0.6065,1.375,1.4487,1273282,0.0,274.52,covariate,severe,gradual,True,0.0,
45,30,Frozen Ensemble,0.9107344632768362,0.842,0.8629550321199143,0.9641148325358851,0.7869354650484304,0.9485735991045551,0.5918135138289182,0.015625,0.02957300003618002,1689261,0.0,179.515625,covariate,severe,gradual,False,0.0,0.0
45,30,Frozen Model,0.9047619047619048,0.832,0.8599137931034483,0.9545454545454546,0.7810713035360018,0.9385314395728045,0.5809312638580931,0.0,0.01262289984151721,877472,0.0,179.515625,covariate,severe,gradual,False,0.0,0.0
45,30,Streaming Random Patches (river),0.9131,0.842,0.8452,0.9928,0.6684,0.8951,0.533,3.875,3.9877,4384680,0.0,274.93,covariate,severe,gradual,False,0.0,
45,30,Two-Tier Hybrid Ensemble,0.9079,0.836,0.8559,0.9665,0.7725,0.9451,0.5686,1.5625,1.6383,1410376,0.0,275.64,covariate,severe,gradual,True,0.0,0.4
45,30,Warm-Start Ensemble,0.9138,0.846,0.8589,0.9761,0.7485,0.925,0.5795,0.3906,0.3785,725466,0.0,274.52,covariate,severe,gradual,True,0.0,
45,31,Adaptive Random Forest (river),0.3416,0.306,0.2069,0.9783,0.8569,0.5687,0.5663,2.2969,2.4192,782002,0.0,275.88,none,none,stable,False,0.0,
45,31,Component-Selective Ensemble,0.6154,0.85,0.5825,0.6522,0.8982,0.6038,0.7734,0.7344,0.7418,1268530,0.0,193.06,none,none,stable,True,0.0505,
45,31,Continuously Retrained Ensemble,0.6634,0.862,0.6018,0.7391,0.8983,0.6334,0.8144,1.375,1.4934,1268530,0.0,275.65,none,none,stable,True,0.0,
45,31,Event-Driven Ensemble (ADWIN),0.6634,0.862,0.6018,0.7391,0.8983,0.6334,0.8144,1.2656,1.3507,1268530,0.0,275.66,none,none,stable,True,0.0,
45,31,Event-Driven Ensemble (Custom Dual-Trigger),0.6634,0.862,0.6018,0.7391,0.8983,0.6334,0.8144,1.375,1.4208,1268530,0.0,275.66,none,none,stable,True,0.0505,
45,31,Event-Driven Ensemble (DDM),0.6,0.848,0.5816,0.6196,0.8987,0.6019,0.7595,1.375,1.4586,1268530,0.0,275.66,none,none,stable,True,0.0,
45,31,Event-Driven Ensemble (EDDM),0.6634,0.862,0.6018,0.7391,0.8983,0.6334,0.8144,1.3594,1.3675,1268530,0.0,275.66,none,none,stable,True,0.0,
45,31,Event-Driven Ensemble (Page-Hinkley),0.6667,0.864,0.6071,0.7391,0.8989,0.6319,0.8156,0.0312,0.0379,1273282,0.0,275.66,none,none,stable,False,0.0,
45,31,Frozen Ensemble,0.5934065934065934,0.852,0.6,0.5869565217391305,0.8991634697357205,0.6118870314945114,0.7493606138107417,0.03125,0.036332299932837486,1689261,0.0,179.515625,none,none,stable,False,0.0,0.0
45,31,Frozen Model,0.576271186440678,0.85,0.6,0.5543478260869565,0.8996163682864451,0.6090578448972399,0.7355072463768115,0.015625,0.018815800081938505,877472,0.0,179.515625,none,none,stable,False,0.0,0.0
45,31,Streaming Random Patches (river),0.6024,0.802,0.4777,0.8152,0.8691,0.5793,0.8071,3.6719,4.26,867055,0.0,275.88,none,none,stable,False,0.0,
45,31,Two-Tier Hybrid Ensemble,0.6422,0.844,0.5556,0.7609,0.8985,0.6215,0.8118,1.625,1.8265,1438179,0.0,275.88,none,none,stable,True,0.0,0.4
45,31,Warm-Start Ensemble,0.5183,0.71,0.3732,0.8478,0.8363,0.5751,0.7634,0.3125,0.3142,689610,0.0078,275.66,none,none,stable,True,0.0,
45,32,Adaptive Random Forest (river),0.948,0.946,0.988,0.9111,0.9727,0.9841,0.949,2.1875,2.3836,681265,0.0,275.91,mixed,severe,recovery,False,0.0,
45,32,Component-Selective Ensemble,0.9515,0.948,0.9586,0.9444,0.978,0.987,0.9483,0.3125,0.3168,1268818,0.0,193.06,mixed,severe,recovery,True,0.1181,
45,32,Continuously Retrained Ensemble,0.9515,0.948,0.9586,0.9444,0.9775,0.9868,0.9483,1.3594,1.5494,1213769,0.0,275.88,mixed,severe,recovery,True,0.0,
45,32,Event-Driven Ensemble (ADWIN),0.9515,0.948,0.9586,0.9444,0.9775,0.9868,0.9483,1.3594,1.5089,1213769,0.0,275.89,mixed,severe,recovery,True,0.0,
45,32,Event-Driven Ensemble (Custom Dual-Trigger),0.9515,0.948,0.9586,0.9444,0.9775,0.9868,0.9483,1.3906,1.5513,1213769,0.0,275.89,mixed,severe,recovery,True,0.1181,
45,32,Event-Driven Ensemble (DDM),0.9515,0.948,0.9586,0.9444,0.9777,0.9869,0.9483,1.3125,1.3605,1213769,0.0,275.89,mixed,severe,recovery,True,0.0,
45,32,Event-Driven Ensemble (EDDM),0.9515,0.948,0.9586,0.9444,0.9775,0.9868,0.9483,1.2969,1.3359,1213769,0.0,275.89,mixed,severe,recovery,True,0.0,
45,32,Event-Driven Ensemble (Page-Hinkley),0.9534,0.95,0.9588,0.9481,0.9767,0.9865,0.9502,0.0312,0.0366,1273282,0.0,275.89,mixed,severe,recovery,False,0.0,
45,32,Frozen Ensemble,0.9518304431599229,0.95,0.9919678714859438,0.9148148148148149,0.97829307568438,0.987249449838316,0.953059581320451,0.03125,0.03169309999793768,1689261,0.0,179.515625,mixed,severe,recovery,False,0.0,0.0
45,32,Frozen Model,0.95,0.948,0.988,0.9148148148148149,0.9781964573268921,0.9867223124724439,0.9508856682769726,0.015625,0.01735949981957674,877472,0.0,179.515625,mixed,severe,recovery,False,0.0,0.0
45,32,Streaming Random Patches (river),0.9412,0.938,0.965,0.9185,0.9712,0.9824,0.9397,3.9688,4.8373,1628156,0.0,275.91,mixed,severe,recovery,False,0.0,
45,32,Two-Tier Hybrid Ensemble,0.9603,0.958,0.9807,0.9407,0.9776,0.9869,0.9595,1.5625,1.7688,1384105,0.0,275.91,mixed,severe,recovery,True,0.0,0.4
45,32,Warm-Start Ensemble,0.9562,0.954,0.9843,0.9296,0.973,0.9843,0.9561,0.2969,0.3982,594006,0.0,275.89,mixed,severe,recovery,True,0.0,
45,33,Adaptive Random Forest (river),0.7074,0.732,0.6667,0.7535,0.7757,0.6488,0.7346,2.375,2.7838,1158313,0.0,275.97,none,none,stable,False,0.0,
45,33,Component-Selective Ensemble,0.7183,0.738,0.668,0.7767,0.8016,0.7076,0.7428,0.2969,0.3079,1268386,0.0,193.06,none,none,stable,True,0.0928,
45,33,Continuously Retrained Ensemble,0.7131,0.728,0.6525,0.786,0.8004,0.7103,0.7351,1.2969,1.4559,1242786,0.0,275.91,none,none,stable,True,0.0,
45,33,Event-Driven Ensemble (ADWIN),0.7131,0.728,0.6525,0.786,0.8004,0.7103,0.7351,1.625,1.8458,1242786,0.0,275.96,none,none,stable,True,0.0,
45,33,Event-Driven Ensemble (Custom Dual-Trigger),0.7185,0.732,0.6552,0.7953,0.8033,0.7121,0.7398,1.3438,1.5315,1242786,0.0,275.96,none,none,stable,True,0.0928,
45,33,Event-Driven Ensemble (DDM),0.725,0.736,0.6566,0.8093,0.8021,0.704,0.745,1.4688,1.7442,1242786,0.0,275.96,none,none,stable,True,0.0,
45,33,Event-Driven Ensemble (EDDM),0.7131,0.728,0.6525,0.786,0.8004,0.7103,0.7351,1.4844,1.7874,1242786,0.0,275.96,none,none,stable,True,0.0,
45,33,Event-Driven Ensemble (Page-Hinkley),0.7046,0.72,0.6448,0.7767,0.7971,0.7221,0.727,1.5938,1.7207,1242786,0.0,275.96,none,none,stable,True,0.0,
45,33,Frozen Ensemble,0.7093821510297483,0.746,0.6981981981981982,0.7209302325581395,0.8109179926560587,0.7414871731341189,0.742921256629947,0.03125,0.05914760008454323,1689261,0.0,179.515625,none,none,stable,False,0.0,0.0
45,33,Frozen Model,0.691415313225058,0.734,0.6898148148148148,0.6930232558139535,0.8063321093431253,0.7392938024015505,0.7289677682578539,0.015625,0.018315200228244066,877472,0.0,179.515625,none,none,stable,False,0.0,0.0
45,33,Streaming Random Patches (river),0.6924,0.666,0.5732,0.8744,0.7881,0.689,0.6916,4.0781,4.2423,1344752,0.0,275.97,none,none,stable,False,0.0,
45,33,Two-Tier Hybrid Ensemble,0.7238,0.736,0.6578,0.8047,0.8109,0.7212,0.7444,1.5469,1.6253,1412646,0.0,275.97,none,none,stable,True,0.0,0.4
45,33,Warm-Start Ensemble,0.7213,0.728,0.6447,0.8186,0.8018,0.6906,0.7391,0.2969,0.3005,642543,0.0,275.96,none,none,stable,True,0.0,
45,34,Adaptive Random Forest (river),0.7915,0.882,0.9573,0.6747,0.91,0.8942,0.8299,1.8281,1.9512,484166,0.0,275.98,mixed,moderate,gradual,False,0.0,
45,34,Component-Selective Ensemble,0.8311,0.9,0.9462,0.741,0.933,0.908,0.86,0.0156,0.0168,1268386,0.0,193.06,mixed,moderate,gradual,False,0.0876,
45,34,Continuously Retrained Ensemble,0.8311,0.9,0.9462,0.741,0.9338,0.9102,0.86,1.25,1.3829,1220681,0.0,275.97,mixed,moderate,gradual,True,0.0,
45,34,Event-Driven Ensemble (ADWIN),0.8311,0.9,0.9462,0.741,0.9338,0.9102,0.86,1.3281,1.437,1220681,0.0,275.98,mixed,moderate,gradual,True,0.0,
45,34,Event-Driven Ensemble (Custom Dual-Trigger),0.8311,0.9,0.9462,0.741,0.9338,0.9102,0.86,0.0312,0.0334,1242786,0.0,275.98,mixed,moderate,gradual,False,0.0876,
45,34,Event-Driven Ensemble (DDM),0.8311,0.9,0.9462,0.741,0.9338,0.9102,0.86,0.0312,0.0346,1242786,0.0,275.98,mixed,moderate,gradual,False,0.0,
45,34,Event-Driven Ensemble (EDDM),0.8311,0.9,0.9462,0.741,0.9338,0.9102,0.86,1.3438,1.4376,1220681,0.0,275.98,mixed,moderate,gradual,True,0.0,
45,34,Event-Driven Ensemble (Page-Hinkley),0.8311,0.9,0.9462,0.741,0.9338,0.9102,0.86,0.0312,0.0364,1242786,0.0,275.98,mixed,moderate,gradual,False,0.0,
45,34,Frozen Ensemble,0.7915194346289752,0.882,0.9572649572649573,0.6746987951807228,0.9305425293990334,0.9079812734840172,0.8298643676502417,0.03125,0.03069869987666607,1689261,0.0,179.515625,mixed,moderate,gradual,False,0.0,0.0
45,34,Frozen Model,0.8,0.886,0.957983193277311,0.6867469879518072,0.9291447226029868,0.9070273782275765,0.8358884640357839,0.015625,0.015899000223726034,877472,0.0,179.515625,mixed,moderate,gradual,False,0.0,0.0
45,34,Streaming Random Patches (river),0.7664,0.872,0.9722,0.6325,0.8309,0.8346,0.8118,3.5938,3.7386,2399957,0.0,275.98,mixed,moderate,gradual,False,0.0,
45,34,Two-Tier Hybrid Ensemble,0.8014,0.886,0.9504,0.6928,0.9315,0.909,0.8374,0.2969,0.2951,1413307,0.0,275.98,mixed,moderate,gradual,False,0.0,0.28
45,34,Warm-Start Ensemble,0.8224,0.892,0.9058,0.753,0.9193,0.898,0.857,0.0312,0.0314,642543,0.0,275.98,mixed,moderate,gradual,False,0.0,
45,35,Adaptive Random Forest (river),0.7103,0.69,0.5638,0.9596,0.8642,0.7731,0.7364,1.9844,2.1275,1992831,0.0,276.09,none,none,stable,False,0.0,
45,35,Component-Selective Ensemble,0.7788,0.816,0.7431,0.8182,0.8794,0.7844,0.8164,0.0156,0.0162,1268386,0.0,193.06,none,none,stable,False,0.0353,
45,35,Continuously Retrained Ensemble,0.7828,0.818,0.7421,0.8283,0.8775,0.7735,0.8198,1.4062,1.4903,1183465,0.0195,275.98,none,none,stable,True,0.0,
45,35,Event-Driven Ensemble (ADWIN),0.7828,0.818,0.7421,0.8283,0.8775,0.7735,0.8198,0.0469,0.0442,1220681,0.0,276.09,none,none,stable,False,0.0,
45,35,Event-Driven Ensemble (Custom Dual-Trigger),0.7751,0.812,0.7364,0.8182,0.8817,0.7778,0.8131,0.0312,0.0347,1242786,0.0,276.09,none,none,stable,False,0.0353,
45,35,Event-Driven Ensemble (DDM),0.7751,0.812,0.7364,0.8182,0.8817,0.7778,0.8131,1.3281,1.3716,1183465,0.0,276.09,none,none,stable,True,0.0,
45,35,Event-Driven Ensemble (EDDM),0.7828,0.818,0.7421,0.8283,0.8775,0.7735,0.8198,1.2656,1.353,1183465,0.0,276.09,none,none,stable,True,0.0,
45,35,Event-Driven Ensemble (Page-Hinkley),0.7751,0.812,0.7364,0.8182,0.8817,0.7778,0.8131,0.0312,0.0383,1242786,0.0,276.09,none,none,stable,False,0.0,
45,35,Frozen Ensemble,0.76,0.808,0.7524752475247525,0.7676767676767676,0.874088567797177,0.7611090994800533,0.8010569268847414,0.03125,0.03149869991466403,1689261,0.0,179.515625,none,none,stable,False,0.0,0.0
45,35,Frozen Model,0.7630922693266833,0.81,0.7536945812807881,0.7727272727272727,0.8728092180078935,0.7553751277885502,0.803582179409994,0.015625,0.01630589971318841,877472,0.0,179.515625,none,none,stable,False,0.0,0.0
45,35,Streaming Random Patches (river),0.764,0.79,0.6883,0.8586,0.8628,0.7544,0.8018,3.8906,4.0678,4027812,0.0,276.09,none,none,stable,False,0.0,
45,35,Two-Tier Hybrid Ensemble,0.777,0.806,0.7131,0.8535,0.8799,0.7738,0.8142,0.2969,0.3159,1413930,0.0,276.08,none,none,stable,False,0.0,0.196
45,35,Warm-Start Ensemble,0.786,0.816,0.7284,0.8535,0.8721,0.7742,0.8225,0.0312,0.0333,642543,0.0,276.09,none,none,stable,False,0.0,
45,36,Adaptive Random Forest (river),0.7874,0.77,0.7245,0.8623,0.8237,0.7849,0.7711,2.0469,2.2341,1199020,0.0,275.88,covariate,mild,sudden,False,0.0,
45,36,Component-Selective Ensemble,0.7814,0.756,0.701,0.8826,0.8426,0.7948,0.7575,0.375,0.3628,1247097,0.0,193.06,covariate,mild,sudden,True,0.1296,
45,36,Continuously Retrained Ensemble,0.7812,0.758,0.7059,0.8745,0.8387,0.7988,0.7594,1.3281,1.4026,1189769,0.0,276.08,covariate,mild,sudden,True,0.0,
45,36,Event-Driven Ensemble (ADWIN),0.782,0.758,0.7045,0.8785,0.8501,0.8239,0.7594,1.3281,1.36,1189769,0.0,276.08,covariate,mild,sudden,True,0.0,
45,36,Event-Driven Ensemble (Custom Dual-Trigger),0.7828,0.758,0.7032,0.8826,0.8438,0.8073,0.7595,1.3594,1.3795,1189769,0.0,276.08,covariate,mild,sudden,True,0.1296,
45,36,Event-Driven Ensemble (DDM),0.7812,0.758,0.7059,0.8745,0.8387,0.7988,0.7594,1.2812,1.337,1189769,0.0,276.08,covariate,mild,sudden,True,0.0,
45,36,Event-Driven Ensemble (EDDM),0.7812,0.758,0.7059,0.8745,0.8387,0.7988,0.7594,1.2656,1.4746,1189769,0.0,276.08,covariate,mild,sudden,True,0.0,
45,36,Event-Driven Ensemble (Page-Hinkley),0.7828,0.758,0.7032,0.8826,0.8438,0.8073,0.7595,0.0312,0.0372,1242786,0.0,276.08,covariate,mild,sudden,False,0.0,
45,36,Frozen Ensemble,0.799249530956848,0.786,0.7447552447552448,0.8623481781376519,0.8458498023715415,0.7983439967074124,0.7869053143652687,0.015625,0.06453630002215505,1689261,0.0,179.515625,covariate,mild,sudden,False,0.0,0.0
45,36,Frozen Model,0.8022388059701493,0.788,0.7439446366782007,0.8704453441295547,0.8488742378902563,0.8128991032010902,0.7889776127762398,0.015625,0.013629399705678225,877472,0.0,179.515625,covariate,mild,sudden,False,0.0,0.0
45,36,Streaming Random Patches (river),0.7728,0.746,0.6923,0.8745,0.8223,0.7958,0.7475,4.6875,5.3181,5549713,0.0,275.88,covariate,mild,sudden,False,0.0,
45,36,Two-Tier Hybrid Ensemble,0.7913,0.77,0.7171,0.8826,0.846,0.8093,0.7713,1.6562,1.6922,1360832,0.0,276.16,covariate,mild,sudden,True,0.0,0.4
45,36,Warm-Start Ensemble,0.7856,0.762,0.7078,0.8826,0.8428,0.7911,0.7634,0.2812,0.2946,728888,0.0,276.61,covariate,mild,sudden,True,0.0,
45,37,Adaptive Random Forest (river),0.6449,0.674,0.5714,0.74,0.769,0.6788,0.685,2.3594,2.5864,2553884,0.0,276.55,covariate,severe,gradual,False,0.0,
45,37,Component-Selective Ensemble,0.6864,0.724,0.6292,0.755,0.8108,0.7574,0.7292,0.2812,0.2739,1245225,0.0,193.06,covariate,severe,gradual,True,0.122,
45,37,Continuously Retrained Ensemble,0.6957,0.748,0.6729,0.72,0.8119,0.763,0.7433,1.2812,1.3957,1232274,0.0,276.41,covariate,severe,gradual,True,0.0,
45,37,Event-Driven Ensemble (ADWIN),0.6923,0.744,0.6667,0.72,0.8112,0.7606,0.74,0.0469,0.0505,1189769,0.0,276.43,covariate,severe,gradual,False,0.0,
45,37,Event-Driven Ensemble (Custom Dual-Trigger),0.6952,0.744,0.6636,0.73,0.8115,0.7585,0.7417,1.2969,1.4415,1232274,0.0,276.43,covariate,severe,gradual,True,0.122,
45,37,Event-Driven Ensemble (DDM),0.6957,0.748,0.6729,0.72,0.8119,0.763,0.7433,1.2969,1.3633,1232274,0.0,276.43,covariate,severe,gradual,True,0.0,
45,37,Event-Driven Ensemble (EDDM),0.6957,0.748,0.6729,0.72,0.8119,0.763,0.7433,1.3438,1.3915,1232274,0.0,276.43,covariate,severe,gradual,True,0.0,
45,37,Event-Driven Ensemble (Page-Hinkley),0.6957,0.72,0.6154,0.8,0.8057,0.7503,0.7333,1.4062,1.4837,1232274,0.0,276.43,covariate,severe,gradual,True,0.0,
45,37,Frozen Ensemble,0.6765432098765433,0.738,0.6682926829268293,0.685,0.80625,0.7444417030428563,0.7291666666666667,0.03125,0.08116239961236715,1689261,0.0,179.515625,covariate,severe,gradual,False,0.0,0.0
45,37,Frozen Model,0.6602870813397129,0.716,0.6330275229357798,0.69,0.7978166666666666,0.7076345537001476,0.7116666666666667,0.0,0.03566640010103583,877472,0.0,179.515625,covariate,severe,gradual,False,0.0,0.0
45,37,Streaming Random Patches (river),0.6278,0.732,0.7063,0.565,0.7858,0.7135,0.7042,4.1562,4.5806,6062601,0.0,276.56,covariate,severe,gradual,False,0.0,
45,37,Two-Tier Hybrid Ensemble,0.6946,0.752,0.6845,0.705,0.8154,0.7674,0.7442,1.5625,1.6904,1403724,0.0,276.5,covariate,severe,gradual,True,0.0,0.4
45,37,Warm-Start Ensemble,0.6543,0.74,0.6989,0.615,0.8051,0.7463,0.7192,0.3438,0.3902,811146,0.0,276.43,covariate,severe,gradual,True,0.0,
45,38,Adaptive Random Forest (river),0.8922,0.842,0.8743,0.9109,0.8824,0.9369,0.7888,2.0,2.093,433320,0.0,276.55,covariate,severe,recovery,False,0.0,
45,38,Component-Selective Ensemble,0.8988,0.85,0.8717,0.9276,0.9052,0.9505,0.79,0.2969,0.3018,1244937,0.0,193.06,covariate,severe,recovery,True,0.2382,
45,38,Continuously Retrained Ensemble,0.8973,0.848,0.8714,0.9248,0.8809,0.9294,0.7886,1.3594,1.4378,1285435,0.0,276.52,covariate,severe,recovery,True,0.0,
45,38,Event-Driven Ensemble (ADWIN),0.8976,0.848,0.8695,0.9276,0.9042,0.9525,0.7865,1.2969,1.3661,1285435,0.0,276.52,covariate,severe,recovery,True,0.0,
45,38,Event-Driven Ensemble (Custom Dual-Trigger),0.8973,0.848,0.8714,0.9248,0.8809,0.9294,0.7886,1.3125,1.3926,1285435,0.0,276.52,covariate,severe,recovery,True,0.2382,
45,38,Event-Driven Ensemble (DDM),0.8973,0.848,0.8714,0.9248,0.8809,0.9294,0.7886,1.3438,1.3966,1285435,0.0,276.52,covariate,severe,recovery,True,0.0,
45,38,Event-Driven Ensemble (EDDM),0.8973,0.848,0.8714,0.9248,0.8809,0.9294,0.7886,1.2969,1.3659,1285435,0.0,276.52,covariate,severe,recovery,True,0.0,
45,38,Event-Driven Ensemble (Page-Hinkley),0.8973,0.848,0.8714,0.9248,0.8853,0.9312,0.7886,1.2969,1.3725,1285435,0.0,276.52,covariate,severe,recovery,True,0.0,
45,38,Frozen Ensemble,0.8901251738525731,0.842,0.8888888888888888,0.8913649025069638,0.9012031055532508,0.9526195661650567,0.8038384796222762,0.015625,0.03971249982714653,1689261,0.0,179.515625,covariate,severe,recovery,False,0.0,0.0
45,38,Frozen Model,0.8873435326842837,0.838,0.8861111111111111,0.8885793871866295,0.8896363025741322,0.9307503454299612,0.798899622671329,0.015625,0.012553200125694275,877472,0.0,179.515625,covariate,severe,recovery,False,0.0,0.0
45,38,Streaming Random Patches (river),0.8946,0.844,0.8688,0.922,0.8769,0.9213,0.7837,5.0625,6.0232,6655672,0.0,276.55,covariate,severe,recovery,False,0.0,
45,38,Two-Tier Hybrid Ensemble,0.8991,0.85,0.8698,0.9304,0.8816,0.9301,0.7879,1.8594,2.4344,1388210,0.0,276.51,covariate,severe,recovery,True,0.0,0.4
45,38,Warm-Start Ensemble,0.8852,0.836,0.8901,0.8802,0.8962,0.9452,0.8018,0.3438,0.3402,778161,0.0,276.52,covariate,severe,recovery,True,0.0,
45,39,Adaptive Random Forest (river),0.6522,0.712,0.6193,0.6888,0.764,0.6785,0.7079,1.9219,2.0168,1888735,0.0039,276.6,mixed,moderate,recovery,False,0.0,
45,39,Component-Selective Ensemble,0.6381,0.73,0.6723,0.6071,0.7901,0.7045,0.7082,0.2969,0.3182,1245225,0.0,193.06,mixed,moderate,recovery,True,0.0743,
45,39,Continuously Retrained Ensemble,0.6361,0.73,0.6743,0.602,0.7831,0.6919,0.7073,1.3906,1.6841,1310363,0.0,276.53,mixed,moderate,recovery,True,0.0,
45,39,Event-Driven Ensemble (ADWIN),0.6361,0.73,0.6743,0.602,0.7831,0.6919,0.7073,0.0312,0.0342,1285435,0.0,276.54,mixed,moderate,recovery,False,0.0,
45,39,Event-Driven Ensemble (Custom Dual-Trigger),0.6361,0.73,0.6743,0.602,0.7865,0.6943,0.7073,1.3281,1.4227,1310363,0.0,276.54,mixed,moderate,recovery,True,0.0743,
45,39,Event-Driven Ensemble (DDM),0.6361,0.73,0.6743,0.602,0.7831,0.6919,0.7073,1.25,1.3311,1310363,0.0,276.54,mixed,moderate,recovery,True,0.0,
45,39,Event-Driven Ensemble (EDDM),0.6361,0.73,0.6743,0.602,0.7831,0.6919,0.7073,1.3125,1.3771,1310363,0.0,276.54,mixed,moderate,recovery,True,0.0,
45,39,Event-Driven Ensemble (Page-Hinkley),0.6378,0.732,0.6782,0.602,0.7866,0.6912,0.7089,0.0312,0.0369,1285435,0.0,276.54,mixed,moderate,recovery,False,0.0,
45,39,Frozen Ensemble,0.6071428571428571,0.736,0.7285714285714285,0.5204081632653061,0.7899436090225563,0.7257161909289465,0.6977040816326531,0.03125,0.09889519959688187,1689261,0.0,179.515625,mixed,moderate,recovery,False,0.0,0.0
45,39,Frozen Model,0.627906976744186,0.744,0.7297297297297297,0.5510204081632653,0.7916219119226637,0.7313239800429346,0.7097207303974221,0.0,0.01239220006391406,877472,0.0,179.515625,mixed,moderate,recovery,False,0.0,0.0
45,39,Streaming Random Patches (river),0.628,0.718,0.6503,0.6071,0.7466,0.6551,0.6983,5.2188,5.5412,8830846,0.0,276.62,mixed,moderate,recovery,False,0.0,
45,39,Two-Tier Hybrid Ensemble,0.6166,0.714,0.6497,0.5867,0.7842,0.6927,0.6914,1.4531,1.599,1413312,0.0,266.28,mixed,moderate,recovery,True,0.0,0.4
45,39,Warm-Start Ensemble,0.6237,0.72,0.6591,0.5918,0.771,0.6904,0.6972,0.3281,0.3339,788579,0.0,276.54,mixed,moderate,recovery,True,0.0,
45,40,Adaptive Random Forest (river),0.7778,0.808,0.8705,0.7029,0.9036,0.8923,0.8036,2.3438,2.467,1870210,0.0039,271.0,mixed,moderate,gradual,False,0.0,
45,40,Component-Selective Ensemble,0.8,0.822,0.8641,0.7448,0.9107,0.9003,0.8187,0.0156,0.02,1245225,0.0,193.06,mixed,moderate,gradual,False,0.0841,
45,40,Continuously Retrained Ensemble,0.7812,0.814,0.8925,0.6946,0.9097,0.9023,0.809,1.3906,1.4971,1323835,0.0,269.36,mixed,moderate,gradual,True,0.0,
45,40,Event-Driven Ensemble (ADWIN),0.7796,0.81,0.875,0.7029,0.9057,0.8979,0.8055,0.0312,0.0362,1285435,0.0,269.38,mixed,moderate,gradual,False,0.0,
45,40,Event-Driven Ensemble (Custom Dual-Trigger),0.7812,0.814,0.8925,0.6946,0.9097,0.9023,0.809,0.0469,0.0439,1310363,0.0,269.38,mixed,moderate,gradual,False,0.0841,
45,40,Event-Driven Ensemble (DDM),0.7812,0.814,0.8925,0.6946,0.9097,0.9023,0.809,1.2969,1.5093,1323835,0.0,269.98,mixed,moderate,gradual,True,0.0,
45,40,Event-Driven Ensemble (EDDM),0.7812,0.814,0.8925,0.6946,0.9097,0.9023,0.809,1.3594,1.7401,1323835,0.0195,269.98,mixed,moderate,gradual,True,0.0,
45,40,Event-Driven Ensemble (Page-Hinkley),0.7796,0.81,0.875,0.7029,0.905,0.8966,0.8055,0.0312,0.0399,1285435,0.0,270.02,mixed,moderate,gradual,False,0.0,
45,40,Frozen Ensemble,0.7798165137614679,0.808,0.8629441624365483,0.7112970711297071,0.9117812084195002,0.9018328765152359,0.8039243976338191,0.03125,0.08401459967717528,1689261,0.0,179.515625,mixed,moderate,gradual,False,0.0,0.0
45,40,Frozen Model,0.7963386727688787,0.822,0.8787878787878788,0.7280334728033473,0.9122220619118613,0.8990570107064572,0.8180397249074207,0.03125,0.026657200418412685,877472,0.0,179.515625,mixed,moderate,gradual,False,0.0,0.0
45,40,Streaming Random Patches (river),0.7671,0.802,0.8763,0.682,0.8959,0.8979,0.7969,5.3438,5.574,10546338,0.0078,273.44,mixed,moderate,gradual,False,0.0,
45,40,Two-Tier Hybrid Ensemble,0.7862,0.814,0.8724,0.7155,0.909,0.9014,0.8098,0.2812,0.2996,1413823,0.0,268.98,mixed,moderate,gradual,False,0.0,0.28
45,40,Warm-Start Ensemble,0.8124,0.83,0.8598,0.7699,0.9115,0.8996,0.8275,0.0469,0.0362,788579,0.0,270.03,mixed,moderate,gradual,False,0.0,
45,41,Adaptive Random Forest (river),0.818,0.782,0.8249,0.8113,0.8488,0.8716,0.7743,2.25,2.4004,3011330,0.25,274.84,concept,moderate,sudden,False,0.0,
45,41,Component-Selective Ensemble,0.8007,0.78,0.884,0.7318,0.8891,0.9175,0.7927,0.0312,0.0247,1245225,0.0,193.06,concept,moderate,sudden,False,0.0931,
45,41,Continuously Retrained Ensemble,0.8292,0.808,0.8962,0.7715,0.8995,0.9253,0.8176,1.5781,1.6825,1309778,0.1641,271.7,concept,moderate,sudden,True,0.0,
45,41,Event-Driven Ensemble (ADWIN),0.7936,0.768,0.8577,0.7384,0.8734,0.9057,0.7758,0.0312,0.0338,1285435,0.0,271.84,concept,moderate,sudden,False,0.0,
45,41,Event-Driven Ensemble (Custom Dual-Trigger),0.7715,0.756,0.8879,0.6821,0.8888,0.9195,0.7754,0.0469,0.0339,1310363,0.0,271.84,concept,moderate,sudden,False,0.0931,
45,41,Event-Driven Ensemble (DDM),0.8292,0.808,0.8962,0.7715,0.8995,0.9253,0.8176,1.2812,1.4378,1309778,0.0,272.19,concept,moderate,sudden,True,0.0,
45,41,Event-Driven Ensemble (EDDM),0.8292,0.808,0.8962,0.7715,0.8995,0.9253,0.8176,1.4531,1.4535,1309778,0.0,273.06,concept,moderate,sudden,True,0.0,
45,41,Event-Driven Ensemble (Page-Hinkley),0.7884,0.766,0.8685,0.7219,0.8713,0.9044,0.7776,0.0312,0.0407,1285435,0.0,273.07,concept,moderate,sudden,False,0.0,
45,41,Frozen Ensemble,0.7586206896551724,0.748,0.9,0.6556291390728477,0.890226771021473,0.9168224796505273,0.7722590139808683,0.046875,0.056290400214493275,1689261,0.0,179.515625,concept,moderate,sudden,False,0.0,0.0
45,41,Frozen Model,0.7624521072796935,0.752,0.9045454545454545,0.6589403973509934,0.8885209713024282,0.9159765099205028,0.7764398956451937,0.03125,0.017945799976587296,877472,0.0,179.515625,concept,moderate,sudden,False,0.0,0.0
45,41,Streaming Random Patches (river),0.8382,0.8,0.8196,0.8576,0.8756,0.9064,0.7849,5.4844,5.765,11838522,0.0,276.7,concept,moderate,sudden,False,0.0,
45,41,Two-Tier Hybrid Ensemble,0.8091,0.782,0.8587,0.7649,0.8824,0.9157,0.7865,0.2188,0.2284,1412858,0.0,280.45,concept,moderate,sudden,False,0.0,0.196
45,41,Warm-Start Ensemble,0.8299,0.8,0.8531,0.8079,0.8806,0.9146,0.7979,0.0312,0.0322,788579,0.0,273.09,concept,moderate,sudden,False,0.0,
45,42,Adaptive Random Forest (river),0.3462,0.864,0.383,0.3158,0.7036,0.32,0.6252,1.9375,2.0585,695156,0.0,280.18,none,none,stable,False,0.0,
45,42,Component-Selective Ensemble,0.321,0.89,0.5417,0.2281,0.7654,0.3477,0.6016,0.75,0.7652,1307874,0.0,193.06,none,none,stable,True,0.1039,
45,42,Continuously Retrained Ensemble,0.3462,0.864,0.383,0.3158,0.7566,0.3614,0.6252,1.4062,1.4859,1307874,0.0938,283.16,none,none,stable,True,0.0,
45,42,Event-Driven Ensemble (ADWIN),0.3059,0.882,0.4643,0.2281,0.7673,0.3399,0.5971,1.2969,1.3534,1307874,0.0,279.98,none,none,stable,True,0.0,
45,42,Event-Driven Ensemble (Custom Dual-Trigger),0.2927,0.884,0.48,0.2105,0.7671,0.3551,0.5906,1.3438,1.3852,1307874,0.1484,278.93,none,none,stable,True,0.1039,
45,42,Event-Driven Ensemble (DDM),0.3462,0.864,0.383,0.3158,0.7566,0.3614,0.6252,1.2812,1.3889,1307874,0.0,279.98,none,none,stable,True,0.0,
45,42,Event-Driven Ensemble (EDDM),0.3462,0.864,0.383,0.3158,0.7566,0.3614,0.6252,1.3438,1.4185,1307874,0.0,279.98,none,none,stable,True,0.0,
45,42,Event-Driven Ensemble (Page-Hinkley),0.3059,0.882,0.4643,0.2281,0.7673,0.3399,0.5971,1.4062,1.4602,1307874,0.0,280.0,none,none,stable,True,0.0,
45,42,Frozen Ensemble,0.22535211267605634,0.89,0.5714285714285714,0.14035087719298245,0.7638509365965703,0.3892864868882522,0.5634034295671458,0.015625,0.08646340016275644,1689261,0.0,179.515625,none,none,stable,False,0.0,0.0
45,42,Frozen Model,0.2,0.888,0.5384615384615384,0.12280701754385964,0.7605045344738822,0.38228877499750047,0.5546314997425844,0.015625,0.011578199919313192,877472,0.0,179.515625,none,none,stable,False,0.0,0.0
45,42,Streaming Random Patches (river),0.371,0.844,0.3433,0.4035,0.7642,0.3415,0.6521,5.3594,5.6539,11414676,0.0,280.99,none,none,stable,False,0.0,
45,42,Two-Tier Hybrid Ensemble,0.3146,0.878,0.4375,0.2456,0.7688,0.3595,0.6025,1.5156,1.729,1443748,0.0,281.09,none,none,stable,True,0.0,0.4
45,42,Warm-Start Ensemble,0.2883,0.842,0.2963,0.2807,0.7585,0.3223,0.5975,0.2812,0.2956,734442,0.0,280.02,none,none,stable,True,0.0,
45,43,Adaptive Random Forest (river),0.8631,0.828,0.9003,0.8287,0.8906,0.9325,0.8277,2.2344,2.42,834535,0.0,285.57,mixed,moderate,gradual,False,0.0,
45,43,Component-Selective Ensemble,0.8834,0.848,0.8862,0.8807,0.9238,0.9604,0.8334,0.3125,0.3419,1330443,0.0,193.06,mixed,moderate,gradual,True,0.147,
45,43,Continuously Retrained Ensemble,0.8834,0.848,0.8862,0.8807,0.9238,0.9604,0.8334,1.25,1.4013,1330082,0.0,284.34,mixed,moderate,gradual,True,0.0,
45,43,Event-Driven Ensemble (ADWIN),0.8824,0.846,0.8811,0.8838,0.9241,0.9607,0.8292,1.2969,1.4296,1330082,0.0,285.1,mixed,moderate,gradual,True,0.0,
45,43,Event-Driven Ensemble (Custom Dual-Trigger),0.8824,0.846,0.8811,0.8838,0.9241,0.9607,0.8292,1.2812,1.4437,1330082,0.0,285.05,mixed,moderate,gradual,True,0.147,
45,43,Event-Driven Ensemble (DDM),0.8834,0.848,0.8862,0.8807,0.9238,0.9604,0.8334,1.2812,1.4166,1330082,0.0,285.1,mixed,moderate,gradual,True,0.0,
45,43,Event-Driven Ensemble (EDDM),0.8834,0.848,0.8862,0.8807,0.9238,0.9604,0.8334,1.3594,1.5056,1330082,0.0,285.1,mixed,moderate,gradual,True,0.0,
45,43,Event-Driven Ensemble (Page-Hinkley),0.8824,0.846,0.8811,0.8838,0.9241,0.9607,0.8292,0.0312,0.0333,1307874,0.0,285.12,mixed,moderate,gradual,False,0.0,
45,43,Frozen Ensemble,0.8715447154471545,0.842,0.9305555555555556,0.8195718654434251,0.921090311290237,0.9594541831589111,0.85198246451362,0.015625,0.045787600334733725,1689261,0.0,179.515625,mixed,moderate,gradual,False,0.0,0.0
45,43,Frozen Model,0.869281045751634,0.84,0.9333333333333333,0.8134556574923547,0.9177758922416078,0.9585866434016457,0.8518145339484895,0.015625,0.03539260011166334,877472,0.0,179.515625,mixed,moderate,gradual,False,0.0,0.0
45,43,Streaming Random Patches (river),0.879,0.842,0.8804,0.8777,0.9149,0.9527,0.8261,5.6562,5.9598,11637470,0.0,286.08,mixed,moderate,gradual,False,0.0,
45,43,Two-Tier Hybrid Ensemble,0.8799,0.84,0.8643,0.896,0.9234,0.9603,0.8151,1.7656,1.8913,1498435,0.0,280.23,mixed,moderate,gradual,True,0.0,0.4
45,43,Warm-Start Ensemble,0.8655,0.834,0.9207,0.8165,0.9178,0.9548,0.8418,0.2969,0.3179,712506,0.0,285.12,mixed,moderate,gradual,True,0.0,
45,44,Adaptive Random Forest (river),0.6311,0.654,0.4852,0.9024,0.7789,0.562,0.7176,2.4688,2.7309,1063380,0.0,282.59,none,none,stable,False,0.0,
45,44,Component-Selective Ensemble,0.6715,0.726,0.5534,0.8537,0.813,0.604,0.7587,0.0156,0.0179,1330443,0.0,193.06,none,none,stable,False,0.0368,
45,44,Continuously Retrained Ensemble,0.6747,0.73,0.5578,0.8537,0.8177,0.609,0.7617,1.375,1.3919,1328635,0.2266,279.21,none,none,stable,True,0.0,
45,44,Event-Driven Ensemble (ADWIN),0.6779,0.732,0.5595,0.8598,0.8146,0.603,0.7647,1.4375,1.5715,1328635,0.0,281.09,none,none,stable,True,0.0,
45,44,Event-Driven Ensemble (Custom Dual-Trigger),0.6747,0.73,0.5578,0.8537,0.816,0.6067,0.7617,0.0469,0.047,1330082,0.0,280.63,none,none,stable,False,0.0368,
45,44,Event-Driven Ensemble (DDM),0.6747,0.73,0.5578,0.8537,0.8177,0.609,0.7617,1.4062,1.6045,1328635,0.0,281.1,none,none,stable,True,0.0,
45,44,Event-Driven Ensemble (EDDM),0.6747,0.73,0.5578,0.8537,0.8177,0.609,0.7617,1.7031,1.9549,1328635,0.0,281.1,none,none,stable,True,0.0,
45,44,Event-Driven Ensemble (Page-Hinkley),0.6699,0.724,0.5512,0.8537,0.8148,0.6072,0.7572,1.5938,1.7983,1328635,0.0117,281.1,none,none,stable,True,0.0,
45,44,Frozen Ensemble,0.631578947368421,0.734,0.5786802030456852,0.6951219512195121,0.807001306620209,0.5985614902658007,0.7240490708478513,0.03125,0.030508900061249733,1689261,0.0,179.515625,none,none,stable,False,0.0,0.0
45,44,Frozen Model,0.6384180790960452,0.744,0.5947368421052631,0.6890243902439024,0.8063298490127758,0.6028573496943874,0.7299288617886179,0.015625,0.015575199853628874,877472,0.0,179.515625,none,none,stable,False,0.0,0.0
45,44,Streaming Random Patches (river),0.6556,0.71,0.537,0.8415,0.7984,0.5898,0.7436,5.875,7.1392,4179096,0.0,283.21,none,none,stable,False,0.0,
45,44,Two-Tier Hybrid Ensemble,0.6698,0.72,0.5462,0.8659,0.8143,0.6053,0.7573,0.3125,0.3878,1500040,0.0,285.96,none,none,stable,False,0.0,0.28
45,44,Warm-Start Ensemble,0.6293,0.722,0.5592,0.7195,0.8025,0.5863,0.7214,0.0625,0.0576,712506,0.0,281.35,none,none,stable,False,0.0,
45,45,Adaptive Random Forest (river),0.4444,0.8,0.381,0.5333,0.7656,0.5127,0.6902,1.6719,1.7298,512359,0.0195,286.31,concept,mild,recovery,False,0.0,
45,45,Component-Selective Ensemble,0.6154,0.89,0.6471,0.5867,0.8866,0.5717,0.7651,0.7812,0.8113,1306091,0.0,193.06,concept,mild,recovery,True,0.1043,
45,45,Continuously Retrained Ensemble,0.5692,0.888,0.6727,0.4933,0.9014,0.5922,0.7255,1.375,1.4438,1306091,0.0039,285.97,concept,mild,recovery,True,0.0,
45,45,Event-Driven Ensemble (ADWIN),0.5692,0.888,0.6727,0.4933,0.9014,0.5922,0.7255,1.2969,1.3583,1306091,0.0,286.1,concept,mild,recovery,True,0.0,
45,45,Event-Driven Ensemble (Custom Dual-Trigger),0.6207,0.89,0.6429,0.6,0.8957,0.5949,0.7706,1.3125,1.3671,1306091,0.0,285.99,concept,mild,recovery,True,0.1043,
45,45,Event-Driven Ensemble (DDM),0.5692,0.888,0.6727,0.4933,0.9014,0.5922,0.7255,0.0312,0.0389,1328635,0.0,286.1,concept,mild,recovery,False,0.0,
45,45,Event-Driven Ensemble (EDDM),0.5692,0.888,0.6727,0.4933,0.9014,0.5922,0.7255,1.3906,1.4332,1306091,0.0,286.1,concept,mild,recovery,True,0.0,
45,45,Event-Driven Ensemble (Page-Hinkley),0.5802,0.89,0.6786,0.5067,0.8973,0.5748,0.7322,0.0469,0.0312,1328635,0.0,286.11,concept,mild,recovery,False,0.0,
45,45,Frozen Ensemble,0.30927835051546393,0.866,0.6818181818181818,0.2,0.9135686274509804,0.6401544419384028,0.591764705882353,0.03125,0.07344370009377599,1689261,0.0,179.515625,concept,mild,recovery,False,0.0,0.0
45,45,Frozen Model,0.36,0.872,0.72,0.24,0.9081098039215686,0.6261634572102166,0.611764705882353,0.0,0.0565352002158761,877472,0.0,179.515625,concept,mild,recovery,False,0.0,0.0
45,45,Streaming Random Patches (river),0.1463,0.86,0.8571,0.08,0.8634,0.5291,0.5388,3.6406,3.8486,3452065,0.0,286.31,concept,mild,recovery,False,0.0,
45,45,Two-Tier Hybrid Ensemble,0.6099,0.89,0.6515,0.5733,0.9063,0.639,0.7596,1.5938,1.6774,1475761,0.0,286.31,concept,mild,recovery,True,0.0,0.4
45,45,Warm-Start Ensemble,0.4878,0.874,0.625,0.4,0.9012,0.619,0.6788,0.2969,0.3039,658369,0.0,286.11,concept,mild,recovery,True,0.0,
45,46,Adaptive Random Forest (river),0.0066,0.4,0.0833,0.0034,0.4747,0.5119,0.4755,1.9531,2.0362,1219678,0.0,287.25,concept,moderate,sudden,False,0.0,
45,46,Component-Selective Ensemble,0.8765,0.858,0.8842,0.869,0.928,0.9478,0.8559,0.0156,0.0192,1306091,0.0,193.05,concept,moderate,sudden,False,0.0922,
45,46,Continuously Retrained Ensemble,0.8835,0.866,0.8912,0.8759,0.9286,0.9487,0.8641,1.3125,1.369,1322107,0.0,286.36,concept,moderate,sudden,True,0.0,
45,46,Event-Driven Ensemble (ADWIN),0.8835,0.866,0.8912,0.8759,0.9286,0.9487,0.8641,1.3594,1.4101,1322107,0.0,287.24,concept,moderate,sudden,True,0.0,
45,46,Event-Driven Ensemble (Custom Dual-Trigger),0.8765,0.858,0.8842,0.869,0.928,0.9478,0.8559,0.0469,0.0417,1306091,0.0,287.24,concept,moderate,sudden,False,0.0922,
45,46,Event-Driven Ensemble (DDM),0.8812,0.862,0.8797,0.8828,0.9276,0.9469,0.858,0.0312,0.0411,1328635,0.0,287.24,concept,moderate,sudden,False,0.0,
45,46,Event-Driven Ensemble (EDDM),0.8835,0.866,0.8912,0.8759,0.9286,0.9487,0.8641,1.3438,1.3822,1322107,0.0,287.25,concept,moderate,sudden,True,0.0,
45,46,Event-Driven Ensemble (Page-Hinkley),0.8812,0.862,0.8797,0.8828,0.9276,0.9469,0.858,0.0312,0.0371,1328635,0.0,287.25,concept,moderate,sudden,False,0.0,
45,46,Frozen Ensemble,0.8226120857699805,0.818,0.9461883408071748,0.7275862068965517,0.9303940886699508,0.9474635432556293,0.8352216748768473,0.015625,0.024861599784344435,1689261,0.0,179.515625,concept,moderate,sudden,False,0.0,0.0
45,46,Frozen Model,0.82421875,0.82,0.9504504504504504,0.7275862068965517,0.9308045977011494,0.9472564348818855,0.8376026272577997,0.015625,0.014404300134629011,877472,0.0,179.515625,concept,moderate,sudden,False,0.0,0.0
45,46,Streaming Random Patches (river),0.1519,0.464,0.9231,0.0828,0.8247,0.8234,0.5366,4.0625,4.2613,4657174,0.0,287.25,concept,moderate,sudden,False,0.0,
45,46,Two-Tier Hybrid Ensemble,0.8721,0.844,0.8313,0.9172,0.9278,0.9475,0.83,0.2188,0.2353,1377010,0.0,287.21,concept,moderate,sudden,False,0.0,0.28
45,46,Warm-Start Ensemble,0.8675,0.832,0.7994,0.9483,0.8892,0.8834,0.8099,0.0469,0.0323,658369,0.0,287.25,concept,moderate,sudden,False,0.0,
45,47,Adaptive Random Forest (river),0.6569,0.812,0.596,0.7317,0.844,0.6454,0.785,2.1562,2.2769,723449,0.0,287.38,mixed,mild,recovery,False,0.0,
45,47,Component-Selective Ensemble,0.6513,0.818,0.6159,0.6911,0.8673,0.6717,0.7752,0.6406,0.6521,1274994,0.0,193.05,mixed,mild,recovery,True,0.0461,
45,47,Continuously Retrained Ensemble,0.6468,0.81,0.5959,0.7073,0.8614,0.6625,0.7754,1.3594,1.3981,1268434,0.0,287.23,mixed,mild,recovery,True,0.0,
45,47,Event-Driven Ensemble (ADWIN),0.6468,0.81,0.5959,0.7073,0.8614,0.6625,0.7754,1.2812,1.3253,1268434,0.0,287.24,mixed,mild,recovery,True,0.0,
45,47,Event-Driven Ensemble (Custom Dual-Trigger),0.6513,0.818,0.6159,0.6911,0.8673,0.6717,0.7752,1.2969,1.3683,1268434,0.0,287.24,mixed,mild,recovery,True,0.0461,
45,47,Event-Driven Ensemble (DDM),0.6437,0.814,0.6087,0.6829,0.8679,0.6717,0.7698,1.375,1.5021,1268434,0.0,287.24,mixed,mild,recovery,True,0.0,
45,47,Event-Driven Ensemble (EDDM),0.6468,0.81,0.5959,0.7073,0.8614,0.6625,0.7754,1.5625,1.6787,1268434,0.0,287.24,mixed,mild,recovery,True,0.0,
45,47,Event-Driven Ensemble (Page-Hinkley),0.6437,0.814,0.6087,0.6829,0.8679,0.6717,0.7698,0.0312,0.0342,1328635,0.0,287.25,mixed,mild,recovery,False,0.0,
45,47,Frozen Ensemble,0.5560538116591929,0.802,0.62,0.5040650406504065,0.8684307002221217,0.6786585480919414,0.7016346423411184,0.03125,0.062245399691164494,1689261,0.0,179.515625,mixed,mild,recovery,False,0.0,0.0
45,47,Frozen Model,0.5520361990950227,0.802,0.6224489795918368,0.4959349593495935,0.8665221798106575,0.6736454214935924,0.6988958616376615,0.0,0.04117890028283,877472,0.0,179.515625,mixed,mild,recovery,False,0.0,0.0
45,47,Streaming Random Patches (river),0.6549,0.804,0.5776,0.7561,0.8448,0.6095,0.7879,4.625,4.9635,1692606,0.0,287.38,mixed,mild,recovery,False,0.0,
45,47,Two-Tier Hybrid Ensemble,0.6345,0.788,0.5509,0.748,0.8692,0.6741,0.7745,1.5781,1.7224,1371489,0.0,276.97,mixed,mild,recovery,True,0.0,0.4
45,47,Warm-Start Ensemble,0.637,0.788,0.5503,0.7561,0.8684,0.6537,0.7773,0.2656,0.2766,678033,0.0,287.25,mixed,mild,recovery,True,0.0,
45,48,Adaptive Random Forest (river),0.7921,0.874,0.7947,0.7895,0.8991,0.8452,0.8502,1.9844,2.1091,142125,0.0,279.11,concept,severe,gradual,False,0.0,
45,48,Component-Selective Ensemble,0.8127,0.882,0.7853,0.8421,0.9562,0.8946,0.8708,0.0156,0.0161,1274994,0.0,193.11,concept,severe,gradual,False,0.0499,
45,48,Continuously Retrained Ensemble,0.8127,0.882,0.7853,0.8421,0.9552,0.8871,0.8708,1.5156,1.6222,1249202,0.043,278.07,concept,severe,gradual,True,0.0,
45,48,Event-Driven Ensemble (ADWIN),0.8127,0.882,0.7853,0.8421,0.9552,0.8871,0.8708,1.4531,1.4997,1249202,0.0,278.23,concept,severe,gradual,True,0.0,
45,48,Event-Driven Ensemble (Custom Dual-Trigger),0.8127,0.882,0.7853,0.8421,0.9552,0.8871,0.8708,0.0469,0.0467,1268434,0.0,278.2,concept,severe,gradual,False,0.0499,
45,48,Event-Driven Ensemble (DDM),0.8127,0.882,0.7853,0.8421,0.9552,0.8871,0.8708,1.4375,1.5704,1249202,0.0,278.24,concept,severe,gradual,True,0.0,
45,48,Event-Driven Ensemble (EDDM),0.8127,0.882,0.7853,0.8421,0.9552,0.8871,0.8708,1.5156,1.7322,1249202,0.0273,278.24,concept,severe,gradual,True,0.0,
45,48,Event-Driven Ensemble (Page-Hinkley),0.8243,0.89,0.8012,0.8487,0.9541,0.8945,0.8784,1.5156,1.7898,1249202,0.0,278.29,concept,severe,gradual,True,0.0,
45,48,Frozen Ensemble,0.8169014084507042,0.896,0.8787878787878788,0.7631578947368421,0.9575582274652148,0.8972650670170426,0.8585904416212946,0.03125,0.0579582997597754,1689261,0.0,179.515625,concept,severe,gradual,False,0.0,0.0
45,48,Frozen Model,0.8070175438596491,0.89,0.8646616541353384,0.756578947368421,0.9565184513006655,0.8883478611012247,0.8524274047186933,0.015625,0.02507259976118803,877472,0.0,179.515625,concept,severe,gradual,False,0.0,0.0
45,48,Streaming Random Patches (river),0.7653,0.87,0.848,0.6974,0.9101,0.8438,0.8214,3.9531,4.2691,2121610,0.0,279.11,concept,severe,gradual,False,0.0,
45,48,Two-Tier Hybrid Ensemble,0.8185,0.882,0.7688,0.875,0.9555,0.8876,0.88,0.2344,0.2688,1371767,0.0,279.21,concept,severe,gradual,False,0.0,0.28
45,48,Warm-Start Ensemble,0.8041,0.886,0.8417,0.7697,0.9511,0.8896,0.8533,0.0469,0.0426,678033,0.0,278.39,concept,severe,gradual,False,0.0,
45,49,Adaptive Random Forest (river),0.0,0.404,0.0,0.0,0.5,0.798,0.5,2.3438,2.4566,1269873,0.0,280.41,mixed,mild,recovery,False,0.0,
45,49,Component-Selective Ensemble,0.8079,0.748,0.7402,0.8893,0.8353,0.8818,0.7144,0.2812,0.2824,1276002,0.0,193.11,mixed,mild,recovery,True,0.1385,
45,49,Continuously Retrained Ensemble,0.8043,0.748,0.7486,0.8691,0.8302,0.8796,0.7192,1.5,1.6227,1264642,0.0,279.21,mixed,mild,recovery,True,0.0,
45,49,Event-Driven Ensemble (ADWIN),0.8043,0.748,0.7486,0.8691,0.8302,0.8796,0.7192,1.4844,1.5589,1264642,0.0,280.09,mixed,mild,recovery,True,0.0,
45,49,Event-Driven Ensemble (Custom Dual-Trigger),0.8086,0.752,0.7486,0.8792,0.8317,0.8796,0.7218,1.5469,1.5989,1264642,0.0,280.09,mixed,mild,recovery,True,0.1385,
45,49,Event-Driven Ensemble (DDM),0.8043,0.748,0.7486,0.8691,0.8302,0.8796,0.7192,1.4219,1.54,1264642,0.0,280.09,mixed,mild,recovery,True,0.0,
45,49,Event-Driven Ensemble (EDDM),0.8043,0.748,0.7486,0.8691,0.8302,0.8796,0.7192,1.4375,1.4766,1264642,0.0,280.09,mixed,mild,recovery,True,0.0,
45,49,Event-Driven Ensemble (Page-Hinkley),0.8043,0.748,0.7486,0.8691,0.8302,0.8796,0.7192,0.0469,0.0447,1249202,0.0,280.09,mixed,mild,recovery,False,0.0,
45,49,Frozen Ensemble,0.8047945205479452,0.772,0.8216783216783217,0.7885906040268457,0.8412685228254368,0.87691288810196,0.7680576782510466,0.03125,0.09044929966330528,1689261,0.0,179.515625,mixed,mild,recovery,False,0.0,0.0
45,49,Frozen Model,0.8103448275862069,0.78,0.8333333333333334,0.7885906040268457,0.8398896936673534,0.8722329538118023,0.7779586683500566,0.015625,0.04506830032914877,877472,0.0,179.515625,mixed,mild,recovery,False,0.0,0.0
45,49,Streaming Random Patches (river),0.7879,0.748,0.7905,0.7852,0.8083,0.8552,0.7392,5.3281,5.7115,3621857,0.0,280.41,mixed,mild,recovery,False,0.0,
45,49,Two-Tier Hybrid Ensemble,0.7982,0.734,0.7285,0.8826,0.8295,0.8789,0.6987,1.7656,1.9062,1366385,0.0,280.41,mixed,mild,recovery,True,0.0,0.4
45,49,Warm-Start Ensemble,0.7942,0.744,0.7623,0.8289,0.7896,0.8217,0.7238,0.3125,0.3563,725210,0.0,280.1,mixed,mild,recovery,True,0.0,
45,50,Adaptive Random Forest (river),0.3373,0.89,0.5,0.2545,0.4523,0.3042,0.6115,2.3594,2.536,426383,0.0,282.38,concept,mild,sudden,False,0.0,
45,50,Component-Selective Ensemble,0.4719,0.906,0.6176,0.3818,0.9014,0.6079,0.6763,0.7812,0.8315,1227474,0.0,193.11,concept,mild,sudden,True,0.1068,
45,50,Continuously Retrained Ensemble,0.5,0.908,0.6216,0.4182,0.9002,0.6022,0.6934,1.6094,1.6762,1227474,0.0039,280.41,concept,mild,sudden,True,0.0,
45,50,Event-Driven Ensemble (ADWIN),0.5,0.908,0.6216,0.4182,0.9002,0.6022,0.6934,1.2969,1.3681,1227474,0.0,281.03,concept,mild,sudden,True,0.0,
45,50,Event-Driven Ensemble (Custom Dual-Trigger),0.5,0.908,0.6216,0.4182,0.9002,0.6022,0.6934,1.2969,1.3548,1227474,0.0,281.03,concept,mild,sudden,True,0.1068,
45,50,Event-Driven Ensemble (DDM),0.5,0.908,0.6216,0.4182,0.9002,0.6022,0.6934,1.2812,1.3921,1227474,0.0,281.03,concept,mild,sudden,True,0.0,
45,50,Event-Driven Ensemble (EDDM),0.5,0.908,0.6216,0.4182,0.9002,0.6022,0.6934,1.4375,1.5421,1227474,0.0,281.03,concept,mild,sudden,True,0.0,
45,50,Event-Driven Ensemble (Page-Hinkley),0.4783,0.904,0.5946,0.4,0.9012,0.5964,0.6831,0.0312,0.0415,1249202,0.0,281.03,concept,mild,sudden,False,0.0,
45,50,Frozen Ensemble,0.25,0.904,0.8888888888888888,0.14545454545454545,0.9001021450459653,0.5893598127337236,0.5716036772216547,0.03125,0.06791679980233312,1689261,0.0,179.515625,concept,mild,sudden,False,0.0,0.0
45,50,Frozen Model,0.24615384615384617,0.902,0.8,0.14545454545454545,0.898835546475996,0.5752823194327936,0.5704800817160368,0.015625,0.017773499712347984,877472,0.0,179.515625,concept,mild,sudden,False,0.0,0.0
45,50,Streaming Random Patches (river),0.5591,0.918,0.6842,0.4727,0.8805,0.574,0.7229,5.1406,5.563,4093530,0.0,282.38,concept,mild,sudden,False,0.0,
45,50,Two-Tier Hybrid Ensemble,0.5455,0.91,0.6136,0.4909,0.903,0.6167,0.7264,1.9219,1.9268,1362500,0.0,282.86,concept,mild,sudden,True,0.0,0.4
45,50,Warm-Start Ensemble,0.4634,0.912,0.7037,0.3455,0.8988,0.6287,0.6637,0.3594,0.347,670250,0.0,281.03,concept,mild,sudden,True,0.0,
45,51,Adaptive Random Forest (river),0.8795,0.88,0.8831,0.876,0.925,0.9014,0.88,2.25,2.4352,656281,0.0,282.86,concept,moderate,recovery,False,0.0,
45,51,Component-Selective Ensemble,0.8871,0.888,0.8943,0.88,0.954,0.9459,0.888,0.0,0.0143,1227474,0.0,193.11,concept,moderate,recovery,False,0.0346,
45,51,Continuously Retrained Ensemble,0.8871,0.888,0.8943,0.88,0.954,0.9459,0.888,1.4531,1.5395,1202137,0.0,282.86,concept,moderate,recovery,True,0.0,
45,51,Event-Driven Ensemble (ADWIN),0.8871,0.888,0.8943,0.88,0.954,0.9459,0.888,1.625,2.1514,1202137,0.0,282.86,concept,moderate,recovery,True,0.0,
45,51,Event-Driven Ensemble (Custom Dual-Trigger),0.8871,0.888,0.8943,0.88,0.954,0.9459,0.888,0.0469,0.0431,1227474,0.0,282.86,concept,moderate,recovery,False,0.0346,
45,51,Event-Driven Ensemble (DDM),0.8871,0.888,0.8943,0.88,0.954,0.9459,0.888,1.6562,1.7555,1202137,0.0,282.86,concept,moderate,recovery,True,0.0,
45,51,Event-Driven Ensemble (EDDM),0.8871,0.888,0.8943,0.88,0.954,0.9459,0.888,1.5312,1.62,1202137,0.0,282.86,concept,moderate,recovery,True,0.0,
45,51,Event-Driven Ensemble (Page-Hinkley),0.8902,0.89,0.8884,0.892,0.9528,0.9426,0.89,0.0469,0.0376,1249202,0.0,282.86,concept,moderate,recovery,False,0.0,
45,51,Frozen Ensemble,0.8565217391304348,0.868,0.9380952380952381,0.788,0.956656,0.9507614561158749,0.868,0.015625,0.0354267000220716,1689261,0.0,179.515625,concept,moderate,recovery,False,0.0,0.0
45,51,Frozen Model,0.8521739130434782,0.864,0.9333333333333333,0.784,0.9555199999999999,0.9492975592889342,0.864,0.0,0.018277499824762344,877472,0.0,179.515625,concept,moderate,recovery,False,0.0,0.0
45,51,Streaming Random Patches (river),0.892,0.892,0.892,0.892,0.9501,0.9452,0.892,5.7188,6.0741,5444536,0.0039,282.86,concept,moderate,recovery,False,0.0,
45,51,Two-Tier Hybrid Ensemble,0.8955,0.894,0.8833,0.908,0.9541,0.946,0.894,0.2969,0.327,1364898,0.0,284.59,concept,moderate,recovery,False,0.0,0.28
45,51,Warm-Start Ensemble,0.8848,0.886,0.8939,0.876,0.9524,0.9471,0.886,0.0312,0.0385,670250,0.0,282.86,concept,moderate,recovery,False,0.0,
45,52,Adaptive Random Forest (river),0.6477,0.728,0.5531,0.7812,0.7966,0.5604,0.7421,2.3125,2.4485,1007990,0.0,285.78,none,none,stable,False,0.0,
45,52,Component-Selective Ensemble,0.6667,0.734,0.5565,0.8313,0.8428,0.6797,0.7597,0.3281,0.3548,1242354,0.0,193.11,none,none,stable,True,0.0381,
45,52,Continuously Retrained Ensemble,0.675,0.74,0.5625,0.8438,0.8392,0.6578,0.7675,1.5,1.5758,1251474,0.0,284.59,none,none,stable,True,0.0,
45,52,Event-Driven Ensemble (ADWIN),0.675,0.74,0.5625,0.8438,0.8392,0.6578,0.7675,1.7656,2.4186,1251474,0.0,285.78,none,none,stable,True,0.0,
45,52,Event-Driven Ensemble (Custom Dual-Trigger),0.6667,0.734,0.5565,0.8313,0.8428,0.6797,0.7597,1.6875,1.9774,1251474,0.0,285.78,none,none,stable,True,0.0381,
45,52,Event-Driven Ensemble (DDM),0.675,0.74,0.5625,0.8438,0.8392,0.6578,0.7675,1.8125,2.1614,1251474,0.0,285.78,none,none,stable,True,0.0,
45,52,Event-Driven Ensemble (EDDM),0.675,0.74,0.5625,0.8438,0.8392,0.6578,0.7675,1.4531,1.5527,1251474,0.0,285.78,none,none,stable,True,0.0,
45,52,Event-Driven Ensemble (Page-Hinkley),0.6683,0.73,0.5506,0.85,0.8351,0.6588,0.7618,1.5781,1.6525,1251474,0.0,285.78,none,none,stable,True,0.0,
45,52,Frozen Ensemble,0.6744186046511628,0.776,0.6304347826086957,0.725,0.8445588235294118,0.6875387599612891,0.7625,0.015625,0.029402800370007753,1689261,0.0,179.515625,none,none,stable,False,0.0,0.0
45,52,Frozen Model,0.6744186046511628,0.776,0.6304347826086957,0.725,0.8436764705882352,0.6816393962761507,0.7625,0.015625,0.041471699718385935,877472,0.0,179.515625,none,none,stable,False,0.0,0.0
45,52,Streaming Random Patches (river),0.6553,0.716,0.5357,0.8438,0.8291,0.6106,0.7498,6.0625,6.3311,2351973,0.0039,285.78,none,none,stable,False,0.0,
45,52,Two-Tier Hybrid Ensemble,0.6569,0.718,0.5378,0.8438,0.8415,0.6789,0.7513,1.6562,1.8217,1421187,0.0,285.78,none,none,stable,True,0.0,0.4
45,52,Warm-Start Ensemble,0.6751,0.742,0.5654,0.8375,0.836,0.6674,0.7673,0.0469,0.0475,670250,0.0,285.78,none,none,stable,False,0.0,
45,53,Adaptive Random Forest (river),0.5057,0.828,0.7719,0.3761,0.8313,0.6168,0.6711,2.0,2.2949,566840,0.0,285.99,mixed,mild,recovery,False,0.0,
45,53,Component-Selective Ensemble,0.6996,0.866,0.7358,0.6667,0.9154,0.7869,0.7968,0.0156,0.0197,1242354,0.0,193.22,mixed,mild,recovery,False,0.0919,
45,53,Continuously Retrained Ensemble,0.6919,0.87,0.7766,0.6239,0.9118,0.7675,0.7846,1.5,1.5697,1275026,0.0,285.78,mixed,mild,recovery,True,0.0,
45,53,Event-Driven Ensemble (ADWIN),0.6919,0.87,0.7766,0.6239,0.9118,0.7675,0.7846,1.5156,1.5972,1275026,0.0,285.99,mixed,mild,recovery,True,0.0,
45,53,Event-Driven Ensemble (Custom Dual-Trigger),0.6857,0.868,0.7742,0.6154,0.9108,0.7667,0.7803,0.0469,0.0433,1251474,0.0,285.99,mixed,mild,recovery,False,0.0919,
45,53,Event-Driven Ensemble (DDM),0.6919,0.87,0.7766,0.6239,0.9118,0.7675,0.7846,0.0312,0.0383,1251474,0.0,285.99,mixed,mild,recovery,False,0.0,
45,53,Event-Driven Ensemble (EDDM),0.6919,0.87,0.7766,0.6239,0.9118,0.7675,0.7846,0.0469,0.0458,1251474,0.0,285.99,mixed,mild,recovery,False,0.0,
45,53,Event-Driven Ensemble (Page-Hinkley),0.6919,0.87,0.7766,0.6239,0.9118,0.7675,0.7846,0.0312,0.0361,1251474,0.0,285.99,mixed,mild,recovery,False,0.0,
45,53,Frozen Ensemble,0.6826923076923077,0.868,0.7802197802197802,0.6068376068376068,0.9161812947713731,0.7828229937784156,0.7773091428443908,0.015625,0.027091600000858307,1689261,0.0,179.515625,mixed,mild,recovery,False,0.0,0.0
45,53,Frozen Model,0.6698113207547169,0.86,0.7473684210526316,0.6068376068376068,0.9142398071901988,0.7780356981737391,0.7720872107295084,0.0,0.012519400101155043,877472,0.0,179.515625,mixed,mild,recovery,False,0.0,0.0
45,53,Streaming Random Patches (river),0.6243,0.858,0.8194,0.5043,0.8907,0.7309,0.7352,4.3281,4.5294,1867410,0.0,285.99,mixed,mild,recovery,False,0.0,
45,53,Two-Tier Hybrid Ensemble,0.7014,0.874,0.7872,0.6325,0.9129,0.7767,0.7901,0.2812,0.3215,1421438,0.0,285.99,mixed,mild,recovery,False,0.0,0.28
45,53,Warm-Start Ensemble,0.7281,0.876,0.7477,0.7094,0.9042,0.7699,0.8181,0.0312,0.0336,670250,0.0,285.99,mixed,mild,recovery,False,0.0,
45,54,Adaptive Random Forest (river),0.0,0.042,0.0,0.0,0.6629,0.9484,0.5,1.9844,2.1445,899080,0.0,286.23,covariate,severe,sudden,False,0.0,
45,54,Component-Selective Ensemble,0.9785,0.958,0.958,1.0,0.8054,0.9888,0.5,0.3906,0.4069,1216905,0.0,193.22,covariate,severe,sudden,True,0.353,
45,54,Continuously Retrained Ensemble,0.9785,0.958,0.958,1.0,0.8066,0.9879,0.5,1.4844,1.5408,1214297,0.0,285.99,covariate,severe,sudden,True,0.0,
45,54,Event-Driven Ensemble (ADWIN),0.9785,0.958,0.958,1.0,0.8066,0.9879,0.5,0.0469,0.0406,1275026,0.0,286.04,covariate,severe,sudden,False,0.0,
45,54,Event-Driven Ensemble (Custom Dual-Trigger),0.9796,0.96,0.9599,1.0,0.8068,0.986,0.5238,1.5156,1.5616,1214297,0.0,286.0,covariate,severe,sudden,True,0.353,
45,54,Event-Driven Ensemble (DDM),0.9796,0.96,0.9599,1.0,0.8068,0.986,0.5238,0.0469,0.049,1251474,0.0,286.04,covariate,severe,sudden,False,0.0,
45,54,Event-Driven Ensemble (EDDM),0.9796,0.96,0.9599,1.0,0.8068,0.986,0.5238,0.0469,0.0459,1251474,0.0,286.04,covariate,severe,sudden,False,0.0,
45,54,Event-Driven Ensemble (Page-Hinkley),0.9796,0.96,0.9599,1.0,0.8068,0.986,0.5238,1.4219,1.5267,1214297,0.0,286.04,covariate,severe,sudden,True,0.0,
45,54,Frozen Ensemble,0.9785495403472931,0.958,0.958,1.0,0.8277661795407099,0.9908158025907161,0.5,0.015625,0.02574780024588108,1689261,0.0,179.515625,covariate,severe,sudden,False,0.0,0.0
45,54,Frozen Model,0.9785495403472931,0.958,0.958,1.0,0.8093249826026444,0.9899802928525946,0.5,0.015625,0.00962310004979372,877472,0.0,179.515625,covariate,severe,sudden,False,0.0,0.0
45,54,Streaming Random Patches (river),0.9743,0.95,0.9595,0.9896,0.3906,0.9353,0.5186,3.5156,3.7626,655530,0.0,286.23,covariate,severe,sudden,False,0.0,
45,54,Two-Tier Hybrid Ensemble,0.9796,0.96,0.9599,1.0,0.8097,0.9869,0.5238,1.8125,1.9482,1384963,0.0,286.23,covariate,severe,sudden,True,0.0,0.4
45,54,Warm-Start Ensemble,0.9785,0.958,0.958,1.0,0.7741,0.9846,0.5,0.375,0.4133,544422,0.0,286.04,covariate,severe,sudden,True,0.0,
45,55,Adaptive Random Forest (river),0.7896,0.774,0.6752,0.9507,0.9324,0.9428,0.7912,2.0781,2.1583,311110,0.0,285.21,mixed,moderate,gradual,False,0.0,
45,55,Component-Selective Ensemble,0.8884,0.902,0.9028,0.8744,0.9729,0.9684,0.8993,0.0156,0.0283,1216905,0.0,192.88,mixed,moderate,gradual,False,0.088,
45,55,Continuously Retrained Ensemble,0.8929,0.904,0.8889,0.8969,0.9749,0.97,0.9033,1.5312,1.6543,1200761,0.0,285.11,mixed,moderate,gradual,True,0.0,
45,55,Event-Driven Ensemble (ADWIN),0.8949,0.906,0.8929,0.8969,0.9754,0.9701,0.9051,1.4844,1.522,1200761,0.0,285.21,mixed,moderate,gradual,True,0.0,
45,55,Event-Driven Ensemble (Custom Dual-Trigger),0.8933,0.904,0.8855,0.9013,0.9747,0.9697,0.9037,0.0469,0.047,1214297,0.0,285.21,mixed,moderate,gradual,False,0.088,
45,55,Event-Driven Ensemble (DDM),0.8899,0.904,0.9108,0.87,0.9728,0.9679,0.9007,1.4688,1.5346,1200761,0.0,285.21,mixed,moderate,gradual,True,0.0,
45,55,Event-Driven Ensemble (EDDM),0.8899,0.904,0.9108,0.87,0.9728,0.9679,0.9007,1.4844,1.5945,1200761,0.0,285.21,mixed,moderate,gradual,True,0.0,
45,55,Event-Driven Ensemble (Page-Hinkley),0.8933,0.904,0.8855,0.9013,0.9747,0.9697,0.9037,0.0312,0.0386,1214297,0.0,285.21,mixed,moderate,gradual,False,0.0,
45,55,Frozen Ensemble,0.8747044917257684,0.894,0.925,0.8295964125560538,0.9735312687183306,0.9683468961583747,0.8877223940036587,0.015625,0.027315800078213215,1689261,0.0,179.515625,mixed,moderate,gradual,False,0.0,0.0
45,55,Frozen Model,0.8564593301435407,0.88,0.9179487179487179,0.8026905829596412,0.9717585922196499,0.9661908494506655,0.8724644250538278,0.0,0.009547300171107054,877472,0.0,179.515625,mixed,moderate,gradual,False,0.0,0.0
45,55,Streaming Random Patches (river),0.8281,0.848,0.8356,0.8206,0.9274,0.9232,0.8453,3.4531,3.7038,1037696,0.0,285.35,mixed,moderate,gradual,False,0.0,
45,55,Two-Tier Hybrid Ensemble,0.892,0.908,0.936,0.852,0.9744,0.9693,0.9025,0.3594,0.3453,1384398,0.0,285.35,mixed,moderate,gradual,False,0.0,0.28
45,55,Warm-Start Ensemble,0.8811,0.898,0.9175,0.8475,0.9709,0.9646,0.8931,0.0469,0.0382,544422,0.0,285.21,mixed,moderate,gradual,False,0.0,
45,56,Adaptive Random Forest (river),0.3819,0.236,0.236,1.0,0.9166,0.7455,0.5,2.5,2.6359,309160,0.0,285.51,none,none,stable,False,0.0,
45,56,Component-Selective Ensemble,0.717,0.85,0.6463,0.8051,0.9232,0.7754,0.8345,0.2812,0.2864,1216329,0.0,192.88,none,none,stable,True,0.0524,
45,56,Continuously Retrained Ensemble,0.7194,0.844,0.625,0.8475,0.9221,0.7659,0.8452,1.4844,1.5895,1181769,0.0,285.35,none,none,stable,True,0.0,
45,56,Event-Driven Ensemble (ADWIN),0.7194,0.844,0.625,0.8475,0.9221,0.7659,0.8452,1.3906,1.5464,1181769,0.0,285.51,none,none,stable,True,0.0,
45,56,Event-Driven Ensemble (Custom Dual-Trigger),0.7185,0.848,0.6382,0.822,0.924,0.7786,0.839,1.5156,1.5477,1181769,0.0,285.51,none,none,stable,True,0.0524,
45,56,Event-Driven Ensemble (DDM),0.7266,0.848,0.6312,0.8559,0.9226,0.7657,0.8507,1.4688,1.624,1181769,0.0,285.51,none,none,stable,True,0.0,
45,56,Event-Driven Ensemble (EDDM),0.7266,0.848,0.6312,0.8559,0.9226,0.7657,0.8507,1.4531,1.5416,1181769,0.0,285.51,none,none,stable,True,0.0,
45,56,Event-Driven Ensemble (Page-Hinkley),0.7185,0.848,0.6382,0.822,0.924,0.7786,0.839,1.5312,1.5799,1181769,0.0,285.51,none,none,stable,True,0.0,
45,56,Frozen Ensemble,0.7280334728033473,0.87,0.71900826446281,0.7372881355932204,0.9225973910728548,0.7398152866003991,0.824141449995563,0.015625,0.02042250009253621,1689261,0.0,179.515625,none,none,stable,False,0.0,0.0
45,56,Frozen Model,0.725,0.868,0.7131147540983607,0.7372881355932204,0.9225530215635815,0.7401907794590324,0.8228325494720028,0.015625,0.012775300070643425,877472,0.0,179.515625,none,none,stable,False,0.0,0.0
45,56,Streaming Random Patches (river),0.6854,0.798,0.5419,0.9322,0.9156,0.7567,0.8444,3.9219,4.2146,1118259,0.0,285.4,none,none,stable,False,0.0,
45,56,Two-Tier Hybrid Ensemble,0.7336,0.862,0.6738,0.8051,0.9247,0.7771,0.8423,1.8594,1.9372,1384101,0.0,285.4,none,none,stable,True,0.0,0.4
45,56,Warm-Start Ensemble,0.7184,0.862,0.6929,0.7458,0.9195,0.7537,0.8218,0.3125,0.3658,553606,0.0039,285.51,none,none,stable,True,0.0,
45,57,Adaptive Random Forest (river),0.0,0.452,0.0,0.0,0.7809,0.7154,0.5,2.2344,2.3815,1064031,0.0,285.4,concept,mild,sudden,False,0.0,
45,57,Component-Selective Ensemble,0.8015,0.786,0.8151,0.7883,0.8637,0.8729,0.7858,0.0156,0.0164,1216329,0.0,192.88,concept,mild,sudden,False,0.0927,
45,57,Continuously Retrained Ensemble,0.791,0.778,0.8171,0.7664,0.8585,0.8679,0.7792,1.5,1.5708,1198857,0.0,285.4,concept,mild,sudden,True,0.0,
45,57,Event-Driven Ensemble (ADWIN),0.791,0.778,0.8171,0.7664,0.8585,0.8679,0.7792,1.4062,1.5598,1198857,0.0,285.4,concept,mild,sudden,True,0.0,
45,57,Event-Driven Ensemble (Custom Dual-Trigger),0.7887,0.776,0.8164,0.7628,0.8545,0.8632,0.7774,0.0312,0.0392,1181769,0.0,285.4,concept,mild,sudden,False,0.0927,
45,57,Event-Driven Ensemble (DDM),0.791,0.778,0.8171,0.7664,0.8585,0.8679,0.7792,1.4844,1.6063,1198857,0.0,285.4,concept,mild,sudden,True,0.0,
45,57,Event-Driven Ensemble (EDDM),0.791,0.778,0.8171,0.7664,0.8585,0.8679,0.7792,1.4844,1.5554,1198857,0.0039,285.4,concept,mild,sudden,True,0.0,
45,57,Event-Driven Ensemble (Page-Hinkley),0.791,0.778,0.8171,0.7664,0.8585,0.8679,0.7792,0.0469,0.0389,1181769,0.0,285.4,concept,mild,sudden,False,0.0,
45,57,Frozen Ensemble,0.7676767676767676,0.77,0.8597285067873304,0.6934306569343066,0.8669659582714294,0.8847397567396179,0.7781312576706931,0.03125,0.0255515999160707,1689261,0.0,179.515625,concept,mild,sudden,False,0.0,0.0
45,57,Frozen Model,0.7636363636363637,0.766,0.8552036199095022,0.6897810218978102,0.8648827595116595,0.8804577625660015,0.774094050771914,0.0,0.008788699749857187,877472,0.0,179.515625,concept,mild,sudden,False,0.0,0.0
45,57,Streaming Random Patches (river),0.6406,0.688,0.8688,0.5073,0.8341,0.8481,0.7072,4.9844,5.2508,1553477,0.0,285.4,concept,mild,sudden,False,0.0,
45,57,Two-Tier Hybrid Ensemble,0.7897,0.772,0.7985,0.781,0.8596,0.8669,0.771,0.3125,0.3603,1384640,0.0,285.4,concept,mild,sudden,False,0.0,0.28
45,57,Warm-Start Ensemble,0.7856,0.774,0.8182,0.7555,0.845,0.8554,0.776,0.0312,0.0438,553606,0.0,285.4,concept,mild,sudden,False,0.0,
45,58,Adaptive Random Forest (river),0.4494,0.902,0.4878,0.4167,0.638,0.2756,0.6851,2.2188,2.3795,598547,0.0,285.46,none,none,stable,False,0.0,
45,58,Component-Selective Ensemble,0.4667,0.904,0.5,0.4375,0.8236,0.3399,0.6955,0.7031,0.8037,1223401,0.0,192.88,none,none,stable,True,0.1038,
45,58,Continuously Retrained Ensemble,0.4368,0.902,0.4872,0.3958,0.8231,0.348,0.6758,1.4844,1.5541,1223401,0.0,285.45,none,none,stable,True,0.0,
45,58,Event-Driven Ensemble (ADWIN),0.4368,0.902,0.4872,0.3958,0.8231,0.348,0.6758,1.4219,1.5081,1223401,0.0,285.46,none,none,stable,True,0.0,
45,58,Event-Driven Ensemble (Custom Dual-Trigger),0.3056,0.9,0.4583,0.2292,0.8266,0.3578,0.6002,1.4688,1.5772,1223401,0.0,285.45,none,none,stable,True,0.1038,
45,58,Event-Driven Ensemble (DDM),0.4368,0.902,0.4872,0.3958,0.8232,0.3446,0.6758,1.4219,1.5731,1223401,0.0,285.46,none,none,stable,True,0.0,
45,58,Event-Driven Ensemble (EDDM),0.4368,0.902,0.4872,0.3958,0.8232,0.3446,0.6758,1.5312,1.6846,1223401,0.0,285.46,none,none,stable,True,0.0,
45,58,Event-Driven Ensemble (Page-Hinkley),0.3056,0.9,0.4583,0.2292,0.8266,0.3578,0.6002,0.0469,0.0411,1181769,0.0,285.46,none,none,stable,False,0.0,
45,58,Frozen Ensemble,0.13114754098360656,0.894,0.3076923076923077,0.08333333333333333,0.8195058997050148,0.33038507009921375,0.5317109144542773,0.03125,0.025261499918997288,1689261,0.0,179.515625,none,none,stable,False,0.0,0.0
45,58,Frozen Model,0.13559322033898305,0.898,0.36363636363636365,0.08333333333333333,0.814873709439528,0.3297115785843848,0.5339233038348082,0.03125,0.08783279964700341,877472,0.0,179.515625,none,none,stable,False,0.0,0.0
45,58,Streaming Random Patches (river),0.425,0.908,0.5312,0.3542,0.7564,0.3796,0.6605,4.5938,4.9337,2537149,0.0,285.46,none,none,stable,False,0.0,
45,58,Two-Tier Hybrid Ensemble,0.4,0.898,0.4595,0.3542,0.8264,0.3549,0.655,1.8594,1.9506,1393361,0.0,285.46,none,none,stable,True,0.0,0.4
45,58,Warm-Start Ensemble,0.24,0.886,0.3333,0.1875,0.7866,0.2676,0.5738,0.3438,0.4019,601302,0.0,285.46,none,none,stable,True,0.0,
45,59,Adaptive Random Forest (river),0.8773,0.826,0.8405,0.9174,0.8901,0.947,0.7755,2.4531,2.6508,903515,0.0,285.5,covariate,moderate,sudden,False,0.0,
45,59,Component-Selective Ensemble,0.8933,0.85,0.8626,0.9263,0.9131,0.9506,0.8078,0.2344,0.2632,1224409,0.0,192.37,covariate,moderate,sudden,True,0.2259,
45,59,Continuously Retrained Ensemble,0.893,0.85,0.8646,0.9233,0.9137,0.9516,0.8095,1.5,1.5321,1202649,0.0,285.46,covariate,moderate,sudden,True,0.0,
45,59,Event-Driven Ensemble (ADWIN),0.893,0.85,0.8646,0.9233,0.9137,0.9516,0.8095,1.5,1.5768,1202649,0.0,285.48,covariate,moderate,sudden,True,0.0,
45,59,Event-Driven Ensemble (Custom Dual-Trigger),0.8914,0.846,0.8541,0.9322,0.9132,0.9501,0.7984,1.4531,1.5533,1202649,0.0,285.46,covariate,moderate,sudden,True,0.2259,
45,59,Event-Driven Ensemble (DDM),0.893,0.85,0.8646,0.9233,0.9137,0.9516,0.8095,1.4844,1.5783,1202649,0.0,285.48,covariate,moderate,sudden,True,0.0,
45,59,Event-Driven Ensemble (EDDM),0.893,0.85,0.8646,0.9233,0.9137,0.9516,0.8095,1.4531,1.5631,1202649,0.0,285.48,covariate,moderate,sudden,True,0.0,
45,59,Event-Driven Ensemble (Page-Hinkley),0.8967,0.854,0.8614,0.9351,0.9117,0.9491,0.8092,0.0469,0.0406,1181769,0.0,285.48,covariate,moderate,sudden,False,0.0,
45,59,Frozen Ensemble,0.8976608187134503,0.86,0.8898550724637682,0.9056047197640118,0.9105425163524432,0.950356348362051,0.8347899375217575,0.03125,0.1273793000727892,1689261,0.0,179.515625,covariate,moderate,sudden,False,0.0,0.0
45,59,Frozen Model,0.8950437317784257,0.856,0.8847262247838616,0.9056047197640118,0.9044962348155885,0.936208129196382,0.8285787573975338,0.015625,0.012917600106447935,877472,0.0,179.515625,covariate,moderate,sudden,False,0.0,0.0
45,59,Streaming Random Patches (river),0.869,0.83,0.9097,0.8319,0.9061,0.9506,0.829,4.6719,4.971,3938893,0.0039,285.5,covariate,moderate,sudden,False,0.0,
45,59,Two-Tier Hybrid Ensemble,0.8953,0.854,0.8715,0.9204,0.913,0.95,0.8173,1.7188,1.8263,1372359,0.0,285.51,covariate,moderate,sudden,True,0.0,0.4
45,59,Warm-Start Ensemble,0.8817,0.832,0.8437,0.9233,0.88,0.9356,0.7815,0.3438,0.3409,676248,0.0,285.48,covariate,moderate,sudden,True,0.0,
46,0,Adaptive Random Forest (river),0.6777,0.844,0.7387,0.626,0.8907,0.739,0.7737,2.5312,2.9276,404097,0.0,287.65,none,none,stable,False,0.0,
46,0,Component-Selective Ensemble,0.7164,0.848,0.7007,0.7328,0.9019,0.7572,0.8109,0.3281,0.3286,1403074,0.0,192.78,none,none,stable,True,0.0493,
46,0,Continuously Retrained Ensemble,0.7164,0.848,0.7007,0.7328,0.9019,0.7572,0.8109,1.6719,1.7376,1233289,0.0117,287.29,none,none,stable,True,0.0,
46,0,Event-Driven Ensemble (ADWIN),0.7164,0.848,0.7007,0.7328,0.9019,0.7572,0.8109,1.6562,1.7857,1233289,0.0,287.82,none,none,stable,True,0.0,
46,0,Event-Driven Ensemble (Custom Dual-Trigger),0.7164,0.848,0.7007,0.7328,0.9019,0.7572,0.8109,1.6719,1.7917,1233289,0.0078,289.34,none,none,stable,True,0.0493,
46,0,Event-Driven Ensemble (DDM),0.7164,0.848,0.7007,0.7328,0.9019,0.7572,0.8109,0.0312,0.0507,1645981,0.0,287.56,none,none,stable,False,0.0,
46,0,Event-Driven Ensemble (EDDM),0.7164,0.848,0.7007,0.7328,0.9019,0.7572,0.8109,1.5469,1.7055,1233289,0.0,287.65,none,none,stable,True,0.0,
46,0,Event-Driven Ensemble (Page-Hinkley),0.7164,0.848,0.7007,0.7328,0.9019,0.7572,0.8109,0.0312,0.0424,1645981,0.0,287.65,none,none,stable,False,0.0,
46,0,Frozen Ensemble,0.7164179104477612,0.848,0.7007299270072993,0.732824427480916,0.9019011564161443,0.7572247313519366,0.8108566581849024,0.03125,0.025072799995541573,1645981,0.0,180.40234375,none,none,stable,False,0.0,0.0
46,0,Frozen Model,0.7111111111111111,0.844,0.6906474820143885,0.732824427480916,0.9006495790148741,0.7473165906324724,0.8081466310846315,0.015625,0.011147799901664257,863552,0.0,180.40234375,none,none,stable,False,0.0,0.0
46,0,Streaming Random Patches (river),0.6848,0.838,0.6984,0.6718,0.8716,0.6958,0.7844,4.7344,5.1284,2787629,0.0,287.7,none,none,stable,False,0.0,
46,0,Two-Tier Hybrid Ensemble,0.7218,0.852,0.7111,0.7328,0.9024,0.7592,0.8136,1.7812,1.8436,1370427,0.0,287.78,none,none,stable,True,0.0,0.4
46,0,Warm-Start Ensemble,0.7164,0.848,0.7007,0.7328,0.9019,0.7572,0.8109,0.3594,0.4068,1263232,0.0,287.65,none,none,stable,True,0.0,
46,1,Adaptive Random Forest (river),0.0,0.482,0.0,0.0,0.6714,0.5601,0.5,2.2656,2.407,1142152,0.0,287.94,concept,mild,gradual,False,0.0,
46,1,Component-Selective Ensemble,0.7442,0.758,0.8224,0.6795,0.8459,0.831,0.7609,0.0312,0.0246,1403074,0.0,193.76,concept,mild,gradual,False,0.0886,
46,1,Continuously Retrained Ensemble,0.7344,0.744,0.7937,0.6834,0.8334,0.8205,0.7463,1.4844,1.5692,1228777,0.0078,287.79,concept,mild,gradual,True,0.0,
46,1,Event-Driven Ensemble (ADWIN),0.7344,0.744,0.7937,0.6834,0.8334,0.8205,0.7463,1.4062,1.5911,1228777,0.0,287.86,concept,mild,gradual,True,0.0,
46,1,Event-Driven Ensemble (Custom Dual-Trigger),0.7344,0.744,0.7937,0.6834,0.8334,0.8205,0.7463,0.0469,0.0495,1233289,0.0,287.86,concept,mild,gradual,False,0.0886,
46,1,Event-Driven Ensemble (DDM),0.74,0.754,0.8178,0.6757,0.8451,0.8301,0.7569,1.4531,1.5208,1228777,0.0273,287.86,concept,mild,gradual,True,0.0,
46,1,Event-Driven Ensemble (EDDM),0.7344,0.744,0.7937,0.6834,0.8334,0.8205,0.7463,1.5,1.6747,1228777,0.0352,287.88,concept,mild,gradual,True,0.0,
46,1,Event-Driven Ensemble (Page-Hinkley),0.74,0.754,0.8178,0.6757,0.8451,0.8301,0.7569,0.0469,0.0429,1645981,0.0,287.94,concept,mild,gradual,False,0.0,
46,1,Frozen Ensemble,0.7383966244725738,0.752,0.813953488372093,0.6756756756756757,0.8451433057242186,0.83065582348681,0.7548502859706179,0.03125,0.032839400228112936,1645981,0.0,180.40234375,concept,mild,gradual,False,0.0,0.0
46,1,Frozen Model,0.7368421052631579,0.75,0.8101851851851852,0.6756756756756757,0.8426761082362741,0.8338689952027903,0.7527755971739374,0.015625,0.014210800174623728,863552,0.0,180.40234375,concept,mild,gradual,False,0.0,0.0
46,1,Streaming Random Patches (river),0.7536,0.758,0.7974,0.7143,0.8483,0.8223,0.7596,5.3594,5.8249,4005191,0.0,287.95,concept,mild,gradual,False,0.0,
46,1,Two-Tier Hybrid Ensemble,0.7869,0.766,0.7448,0.834,0.8404,0.8247,0.7635,0.3125,0.3405,1403629,0.0,287.97,concept,mild,gradual,False,0.0,0.28
46,1,Warm-Start Ensemble,0.7167,0.736,0.8068,0.6448,0.8336,0.8167,0.7394,0.0469,0.0365,1263232,0.0,287.94,concept,mild,gradual,False,0.0,
46,2,Adaptive Random Forest (river),0.4848,0.898,0.7742,0.3529,0.9128,0.6292,0.6684,1.875,2.0338,276083,0.0,287.99,concept,moderate,sudden,False,0.0,
46,2,Component-Selective Ensemble,0.4176,0.894,0.8261,0.2794,0.9242,0.6355,0.6351,0.6562,0.7478,1218409,0.0,193.76,concept,moderate,sudden,True,0.1041,
46,2,Continuously Retrained Ensemble,0.5208,0.908,0.8929,0.3676,0.9176,0.6244,0.6804,1.4531,1.5431,1218409,0.0078,287.98,concept,moderate,sudden,True,0.0,
46,2,Event-Driven Ensemble (ADWIN),0.5208,0.908,0.8929,0.3676,0.9176,0.6244,0.6804,1.5156,1.5983,1218409,0.0,287.98,concept,moderate,sudden,True,0.0,
46,2,Event-Driven Ensemble (Custom Dual-Trigger),0.4681,0.9,0.8462,0.3235,0.9222,0.6396,0.6571,1.5781,1.6088,1218409,0.0,287.98,concept,moderate,sudden,True,0.1041,
46,2,Event-Driven Ensemble (DDM),0.5455,0.91,0.871,0.3971,0.9183,0.6272,0.6939,1.5156,1.6143,1218409,0.0,287.98,concept,moderate,sudden,True,0.0,
46,2,Event-Driven Ensemble (EDDM),0.5208,0.908,0.8929,0.3676,0.9176,0.6244,0.6804,1.6094,1.6517,1218409,0.0,287.98,concept,moderate,sudden,True,0.0,
46,2,Event-Driven Ensemble (Page-Hinkley),0.4348,0.896,0.8333,0.2941,0.9255,0.6605,0.6424,1.5312,1.6022,1218409,0.0,287.98,concept,moderate,sudden,True,0.0,
46,2,Frozen Ensemble,0.44680851063829785,0.896,0.8076923076923077,0.3088235294117647,0.926334422657952,0.6607146375813396,0.6486247276688453,0.015625,0.052312999963760376,1645981,0.0,180.40234375,concept,moderate,sudden,False,0.0,0.0
46,2,Frozen Model,0.4421052631578947,0.894,0.7777777777777778,0.3088235294117647,0.9268790849673203,0.6500961505681151,0.6474673202614379,0.015625,0.00945849996060133,863552,0.0,180.40234375,concept,moderate,sudden,False,0.0,0.0
46,2,Streaming Random Patches (river),0.541,0.888,0.6111,0.4853,0.9067,0.6299,0.7183,4.5781,4.9101,3785825,0.0,287.99,concept,moderate,sudden,False,0.0,
46,2,Two-Tier Hybrid Ensemble,0.4842,0.902,0.8519,0.3382,0.9225,0.6445,0.6645,1.8438,1.9509,1387627,0.0,287.99,concept,moderate,sudden,True,0.0,0.4
46,2,Warm-Start Ensemble,0.4694,0.896,0.7667,0.3382,0.9243,0.6168,0.661,0.3594,0.3567,840714,0.0,287.99,concept,moderate,sudden,True,0.0,
46,3,Adaptive Random Forest (river),0.7063,0.546,0.546,1.0,0.7951,0.7713,0.5,2.2031,2.3686,1119955,0.0,278.8,covariate,moderate,gradual,False,0.0,
46,3,Component-Selective Ensemble,0.7947,0.754,0.7301,0.8718,0.8398,0.8388,0.7421,0.2969,0.324,1215241,0.0,193.76,covariate,moderate,gradual,True,0.1607,
46,3,Continuously Retrained Ensemble,0.796,0.758,0.7375,0.8645,0.8463,0.8488,0.7472,1.5938,1.7511,1267730,0.0,287.99,covariate,moderate,gradual,True,0.0,
46,3,Event-Driven Ensemble (ADWIN),0.796,0.758,0.7375,0.8645,0.8463,0.8488,0.7472,1.5,1.5879,1267730,0.0,288.89,covariate,moderate,gradual,True,0.0,
46,3,Event-Driven Ensemble (Custom Dual-Trigger),0.7993,0.762,0.7406,0.8681,0.8443,0.8448,0.7512,1.5312,1.6111,1267730,0.0,288.89,covariate,moderate,gradual,True,0.1607,
46,3,Event-Driven Ensemble (DDM),0.796,0.758,0.7375,0.8645,0.8463,0.8488,0.7472,1.4531,1.5612,1267730,0.0,288.89,covariate,moderate,gradual,True,0.0,
46,3,Event-Driven Ensemble (EDDM),0.796,0.758,0.7375,0.8645,0.8463,0.8488,0.7472,1.4531,1.5892,1267730,0.0,288.89,covariate,moderate,gradual,True,0.0,
46,3,Event-Driven Ensemble (Page-Hinkley),0.7947,0.754,0.7301,0.8718,0.8398,0.8388,0.7421,0.0625,0.0546,1218409,0.0,288.89,covariate,moderate,gradual,False,0.0,
46,3,Frozen Ensemble,0.7992957746478874,0.772,0.7694915254237288,0.8315018315018315,0.8444272320924303,0.8484788760937494,0.7659711800680964,0.015625,0.02992059988901019,1645981,0.0,180.40234375,covariate,moderate,gradual,False,0.0,0.0
46,3,Frozen Model,0.7950963222416813,0.766,0.761744966442953,0.8315018315018315,0.8426360717109617,0.8479304771292142,0.759363250552678,0.015625,0.016890099737793207,863552,0.0,180.40234375,covariate,moderate,gradual,False,0.0,0.0
46,3,Streaming Random Patches (river),0.8103,0.778,0.7596,0.8681,0.8455,0.8583,0.7689,4.9375,5.3496,4971844,0.0078,279.17,covariate,moderate,gradual,False,0.0,
46,3,Two-Tier Hybrid Ensemble,0.8047,0.768,0.7445,0.8755,0.8432,0.8443,0.7571,1.9688,2.0449,1438232,0.0,280.93,covariate,moderate,gradual,True,0.0,0.4
46,3,Warm-Start Ensemble,0.7933,0.754,0.7329,0.8645,0.8219,0.8131,0.7428,0.3906,0.376,700602,0.0,288.89,covariate,moderate,gradual,True,0.0,
46,4,Adaptive Random Forest (river),0.7717,0.768,0.7935,0.751,0.8473,0.7978,0.7688,2.7344,2.8894,1804524,0.0,283.02,covariate,mild,sudden,False,0.0,
46,4,Component-Selective Ensemble,0.8175,0.792,0.754,0.8927,0.8402,0.7944,0.7874,0.0156,0.0154,1215241,0.0,193.76,covariate,mild,sudden,False,0.1291,
46,4,Continuously Retrained Ensemble,0.8157,0.794,0.7651,0.8736,0.8375,0.7861,0.7903,1.5312,1.6123,1234162,0.0156,282.94,covariate,mild,sudden,True,0.0,
46,4,Event-Driven Ensemble (ADWIN),0.8157,0.794,0.7651,0.8736,0.8375,0.7861,0.7903,0.0312,0.0421,1267730,0.0,283.01,covariate,mild,sudden,False,0.0,
46,4,Event-Driven Ensemble (Custom Dual-Trigger),0.8163,0.792,0.7574,0.8851,0.8335,0.7797,0.7877,0.0312,0.0369,1267730,0.0,282.96,covariate,mild,sudden,False,0.1291,
46,4,Event-Driven Ensemble (DDM),0.8157,0.794,0.7651,0.8736,0.8375,0.7861,0.7903,1.4844,1.5686,1234162,0.0,283.01,covariate,mild,sudden,True,0.0,
46,4,Event-Driven Ensemble (EDDM),0.8157,0.794,0.7651,0.8736,0.8375,0.7861,0.7903,1.4844,1.5492,1234162,0.0,283.01,covariate,mild,sudden,True,0.0,
46,4,Event-Driven Ensemble (Page-Hinkley),0.8252,0.8,0.7588,0.9042,0.8423,0.7975,0.7952,0.0312,0.0464,1218409,0.0,283.02,covariate,mild,sudden,False,0.0,
46,4,Frozen Ensemble,0.8160291438979964,0.798,0.7777777777777778,0.8582375478927203,0.8526908094070119,0.829782824116383,0.7952275605572388,0.03125,0.0251460000872612,1645981,0.0,180.40234375,covariate,mild,sudden,False,0.0,0.0
46,4,Frozen Model,0.8144144144144144,0.794,0.7687074829931972,0.8659003831417624,0.8483624296638292,0.8144453807598614,0.7906907773449399,0.015625,0.015549200121313334,863552,0.0,180.40234375,covariate,mild,sudden,False,0.0,0.0
46,4,Streaming Random Patches (river),0.7733,0.762,0.7689,0.7778,0.8238,0.768,0.7613,5.4375,5.7649,6617489,0.0,283.02,covariate,mild,sudden,False,0.0,
46,4,Two-Tier Hybrid Ensemble,0.8172,0.796,0.7677,0.8736,0.8318,0.7745,0.7924,0.3281,0.3602,1438874,0.0,284.98,covariate,mild,sudden,False,0.0,0.28
46,4,Warm-Start Ensemble,0.8167,0.798,0.7759,0.8621,0.8302,0.7776,0.7951,0.0469,0.045,700602,0.0,283.02,covariate,mild,sudden,False,0.0,
46,5,Adaptive Random Forest (river),0.5674,0.756,0.4706,0.7143,0.7977,0.4731,0.7412,2.5938,2.7591,417178,0.0,285.34,covariate,moderate,gradual,False,0.0,
46,5,Component-Selective Ensemble,0.525,0.772,0.4922,0.5625,0.8181,0.5229,0.6975,0.7344,0.7642,1193929,0.0,193.76,covariate,moderate,gradual,True,0.1026,
46,5,Continuously Retrained Ensemble,0.5086,0.772,0.4917,0.5268,0.8172,0.535,0.6848,1.4844,1.5527,1193929,0.0,284.99,covariate,moderate,gradual,True,0.0,
46,5,Event-Driven Ensemble (ADWIN),0.4887,0.774,0.4954,0.4821,0.8193,0.5412,0.6702,1.3906,1.5136,1193929,0.0,285.02,covariate,moderate,gradual,True,0.0,
46,5,Event-Driven Ensemble (Custom Dual-Trigger),0.4887,0.774,0.4954,0.4821,0.8193,0.5412,0.6702,1.5469,1.636,1193929,0.0039,285.01,covariate,moderate,gradual,True,0.1026,
46,5,Event-Driven Ensemble (DDM),0.5086,0.772,0.4917,0.5268,0.8172,0.535,0.6848,1.5781,1.6567,1193929,0.0,285.02,covariate,moderate,gradual,True,0.0,
46,5,Event-Driven Ensemble (EDDM),0.5086,0.772,0.4917,0.5268,0.8172,0.535,0.6848,1.5625,1.6495,1193929,0.0,285.02,covariate,moderate,gradual,True,0.0,
46,5,Event-Driven Ensemble (Page-Hinkley),0.5228,0.77,0.4884,0.5625,0.8151,0.5228,0.6962,0.0469,0.0502,1218409,0.0,285.02,covariate,moderate,gradual,False,0.0,
46,5,Frozen Ensemble,0.4752475247524752,0.788,0.5333333333333333,0.42857142857142855,0.8149852724594993,0.5386283386646065,0.6601620029455081,0.03125,0.026948600076138973,1645981,0.0,180.40234375,covariate,moderate,gradual,False,0.0,0.0
46,5,Frozen Model,0.48372093023255813,0.778,0.5048543689320388,0.4642857142857143,0.8143639543446244,0.5521884093569269,0.6664212076583211,0.0,0.012083199806511402,863552,0.0,180.40234375,covariate,moderate,gradual,False,0.0,0.0
46,5,Streaming Random Patches (river),0.5221,0.784,0.5175,0.5268,0.7876,0.5061,0.6925,4.875,5.2171,5907985,0.0,285.37,covariate,moderate,gradual,False,0.0,
46,5,Two-Tier Hybrid Ensemble,0.4727,0.768,0.4815,0.4643,0.8174,0.5368,0.66,1.75,1.9004,1364428,0.0,285.34,covariate,moderate,gradual,True,0.0,0.4
46,5,Warm-Start Ensemble,0.4712,0.78,0.5104,0.4375,0.8097,0.5179,0.6582,0.375,0.3845,732954,0.0,285.02,covariate,moderate,gradual,True,0.0,
46,6,Adaptive Random Forest (river),0.7646,0.67,0.6262,0.9817,0.8814,0.8961,0.6384,2.7188,2.8818,1337567,0.0,285.66,concept,mild,sudden,False,0.0,
46,6,Component-Selective Ensemble,0.8235,0.808,0.8266,0.8205,0.8725,0.879,0.8067,0.0156,0.0179,1193929,0.0,194.54,concept,mild,sudden,False,0.09,
46,6,Continuously Retrained Ensemble,0.8209,0.808,0.8365,0.8059,0.8766,0.8822,0.8082,1.5,1.5873,1219257,0.0,285.51,concept,mild,sudden,True,0.0,
46,6,Event-Driven Ensemble (ADWIN),0.8187,0.806,0.8359,0.8022,0.8749,0.8797,0.8064,0.0312,0.0371,1193929,0.0,285.64,concept,mild,sudden,False,0.0,
46,6,Event-Driven Ensemble (Custom Dual-Trigger),0.8187,0.806,0.8359,0.8022,0.8749,0.8797,0.8064,0.0469,0.059,1193929,0.0,285.64,concept,mild,sudden,False,0.09,
46,6,Event-Driven Ensemble (DDM),0.8209,0.808,0.8365,0.8059,0.8766,0.8822,0.8082,0.0312,0.0463,1193929,0.0,285.64,concept,mild,sudden,False,0.0,
46,6,Event-Driven Ensemble (EDDM),0.8209,0.808,0.8365,0.8059,0.8766,0.8822,0.8082,1.4844,1.5791,1219257,0.0,285.64,concept,mild,sudden,True,0.0,
46,6,Event-Driven Ensemble (Page-Hinkley),0.8286,0.818,0.8527,0.8059,0.8785,0.8829,0.8192,0.0469,0.0479,1218409,0.0,285.64,concept,mild,sudden,False,0.0,
46,6,Frozen Ensemble,0.8095238095238095,0.808,0.8831168831168831,0.7472527472527473,0.885591647706185,0.8993869294653143,0.8141550079876071,0.03125,0.029366800095885992,1645981,0.0,180.40234375,concept,mild,sudden,False,0.0,0.0
46,6,Frozen Model,0.8055555555555556,0.804,0.8787878787878788,0.7435897435897436,0.8849945942456956,0.8983560653094949,0.8101208629842991,0.015625,0.0156678999774158,863552,0.0,180.40234375,concept,mild,sudden,False,0.0,0.0
46,6,Streaming Random Patches (river),0.8074,0.792,0.8165,0.7985,0.8606,0.8745,0.7913,5.0156,5.3935,7066936,0.0,285.66,concept,mild,sudden,False,0.0,
46,6,Two-Tier Hybrid Ensemble,0.8257,0.81,0.8272,0.8242,0.877,0.8831,0.8086,0.2969,0.2899,1296368,0.0,285.8,concept,mild,sudden,False,0.0,0.28
46,6,Warm-Start Ensemble,0.8147,0.808,0.8612,0.7729,0.8714,0.8815,0.8116,0.0312,0.036,732954,0.0,285.65,concept,mild,sudden,False,0.0,
46,7,Adaptive Random Forest (river),0.6104,0.714,0.6871,0.549,0.7538,0.7048,0.6884,2.9062,3.1544,1479907,0.0,285.9,mixed,moderate,recovery,False,0.0,
46,7,Component-Selective Ensemble,0.6354,0.72,0.6778,0.598,0.7967,0.7252,0.701,0.0,0.0371,1193929,0.0,194.54,mixed,moderate,recovery,False,0.0771,
46,7,Continuously Retrained Ensemble,0.641,0.72,0.672,0.6127,0.7978,0.7305,0.7033,1.4688,1.5656,1284898,0.0195,285.82,mixed,moderate,recovery,True,0.0,
46,7,Event-Driven Ensemble (ADWIN),0.6227,0.714,0.6743,0.5784,0.7979,0.727,0.6929,1.5156,1.6068,1284898,0.0,285.88,mixed,moderate,recovery,True,0.0,
46,7,Event-Driven Ensemble (Custom Dual-Trigger),0.6227,0.714,0.6743,0.5784,0.7979,0.727,0.6929,0.0469,0.0427,1193929,0.0,285.88,mixed,moderate,recovery,False,0.0771,
46,7,Event-Driven Ensemble (DDM),0.639,0.722,0.6796,0.6029,0.7957,0.723,0.7035,1.5156,1.5481,1284898,0.0,285.88,mixed,moderate,recovery,True,0.0,
46,7,Event-Driven Ensemble (EDDM),0.641,0.72,0.672,0.6127,0.7978,0.7305,0.7033,1.5469,1.612,1284898,0.0,285.88,mixed,moderate,recovery,True,0.0,
46,7,Event-Driven Ensemble (Page-Hinkley),0.665,0.73,0.6734,0.6569,0.7906,0.719,0.7186,0.0312,0.0399,1218409,0.0,285.88,mixed,moderate,recovery,False,0.0,
46,7,Frozen Ensemble,0.5804597701149425,0.708,0.7013888888888888,0.4950980392156863,0.7911698463169051,0.7293348875616114,0.6749138844727081,0.015625,0.027073399629443884,1645981,0.0,180.40234375,mixed,moderate,recovery,False,0.0,0.0
46,7,Frozen Model,0.5925925925925926,0.714,0.7074829931972789,0.5098039215686274,0.785903550609433,0.7256541028755124,0.6822668256491786,0.015625,0.014299199916422367,863552,0.0,180.40234375,mixed,moderate,recovery,False,0.0,0.0
46,7,Streaming Random Patches (river),0.6568,0.722,0.6617,0.652,0.7796,0.7117,0.7111,5.1719,5.4868,7582238,0.0,285.89,mixed,moderate,recovery,False,0.0,
46,7,Two-Tier Hybrid Ensemble,0.6375,0.718,0.6703,0.6078,0.7815,0.6557,0.7009,0.2656,0.2846,1297229,0.0,276.44,mixed,moderate,recovery,False,0.0,0.196
46,7,Warm-Start Ensemble,0.612,0.716,0.6914,0.549,0.792,0.7169,0.6901,0.0312,0.0408,732954,0.0,285.88,mixed,moderate,recovery,False,0.0,
46,8,Adaptive Random Forest (river),0.6405,0.67,0.482,0.9545,0.8769,0.7111,0.7489,2.6406,2.7273,134228,0.0,283.75,mixed,mild,gradual,False,0.0,
46,8,Component-Selective Ensemble,0.7492,0.846,0.7516,0.7468,0.8979,0.7201,0.8185,0.0156,0.024,1193929,0.0,194.54,mixed,mild,gradual,False,0.0459,
46,8,Continuously Retrained Ensemble,0.7429,0.838,0.7267,0.7597,0.8996,0.735,0.8163,1.5469,1.6346,1274498,0.1562,279.6,mixed,mild,gradual,True,0.0,
46,8,Event-Driven Ensemble (ADWIN),0.7429,0.838,0.7267,0.7597,0.8995,0.7319,0.8163,1.5312,1.5608,1274498,0.0,282.17,mixed,mild,gradual,True,0.0,
46,8,Event-Driven Ensemble (Custom Dual-Trigger),0.7492,0.846,0.7516,0.7468,0.8979,0.7201,0.8185,0.0469,0.0416,1193929,0.0,282.09,mixed,mild,gradual,False,0.0459,
46,8,Event-Driven Ensemble (DDM),0.7429,0.838,0.7267,0.7597,0.8995,0.7319,0.8163,0.0312,0.0397,1284898,0.0,282.17,mixed,mild,gradual,False,0.0,
46,8,Event-Driven Ensemble (EDDM),0.7429,0.838,0.7267,0.7597,0.8996,0.735,0.8163,1.5156,1.6254,1274498,0.0,282.17,mixed,mild,gradual,True,0.0,
46,8,Event-Driven Ensemble (Page-Hinkley),0.7607,0.844,0.7209,0.8052,0.8956,0.7324,0.8332,0.0469,0.0416,1218409,0.0,282.18,mixed,mild,gradual,False,0.0,
46,8,Frozen Ensemble,0.7361563517915309,0.838,0.738562091503268,0.7337662337662337,0.8989940695143007,0.7312372388019774,0.8090796486750244,0.015625,0.02278529992327094,1645981,0.0,180.40234375,mixed,mild,gradual,False,0.0,0.0
46,8,Frozen Model,0.7483870967741936,0.844,0.7435897435897436,0.7532467532467533,0.8976240522483296,0.7323294588571233,0.8188199084152841,0.015625,0.010828600265085697,863552,0.0,180.40234375,mixed,mild,gradual,False,0.0,0.0
46,8,Streaming Random Patches (river),0.7471,0.828,0.6828,0.8247,0.8902,0.7053,0.8271,5.3594,5.6966,7384471,0.0,282.82,mixed,mild,gradual,False,0.0,
46,8,Two-Tier Hybrid Ensemble,0.75,0.84,0.7229,0.7792,0.8974,0.7191,0.8231,0.2969,0.3095,1296639,0.0,275.19,mixed,mild,gradual,False,0.0,0.1372
46,8,Warm-Start Ensemble,0.6962,0.822,0.7338,0.6623,0.8961,0.7365,0.7777,0.0469,0.0468,732954,0.0,282.68,mixed,mild,gradual,False,0.0,
46,9,Adaptive Random Forest (river),0.0,0.436,0.0,0.0,0.5,0.782,0.5,2.0469,2.1762,1127111,0.0,282.8,concept,moderate,gradual,False,0.0,
46,9,Component-Selective Ensemble,0.7942,0.774,0.8165,0.773,0.8557,0.8706,0.7741,0.0156,0.0196,1193929,0.0,194.54,concept,moderate,gradual,False,0.0929,
46,9,Continuously Retrained Ensemble,0.784,0.762,0.803,0.766,0.8442,0.8604,0.7614,1.4844,1.5797,1284802,0.1523,278.43,concept,moderate,gradual,True,0.0,
46,9,Event-Driven Ensemble (ADWIN),0.784,0.762,0.803,0.766,0.8442,0.8604,0.7614,0.0469,0.0398,1274498,0.0,280.93,concept,moderate,gradual,False,0.0,
46,9,Event-Driven Ensemble (Custom Dual-Trigger),0.7942,0.774,0.8165,0.773,0.8557,0.8706,0.7741,0.0469,0.0505,1193929,0.0,280.88,concept,moderate,gradual,False,0.0929,
46,9,Event-Driven Ensemble (DDM),0.7898,0.77,0.8151,0.766,0.8492,0.8633,0.7706,1.5469,1.6093,1284802,0.0,280.96,concept,moderate,gradual,True,0.0,
46,9,Event-Driven Ensemble (EDDM),0.784,0.762,0.803,0.766,0.8442,0.8604,0.7614,1.5156,1.6468,1284802,0.0,280.96,concept,moderate,gradual,True,0.0,
46,9,Event-Driven Ensemble (Page-Hinkley),0.8094,0.788,0.8212,0.7979,0.8579,0.874,0.7866,0.0469,0.0463,1218409,0.0,280.97,concept,moderate,gradual,False,0.0,
46,9,Frozen Ensemble,0.7603960396039604,0.758,0.8609865470852018,0.6808510638297872,0.8577168325850738,0.8703627180204367,0.7693246144837009,0.015625,0.036549999844282866,1645981,0.0,180.40234375,concept,moderate,gradual,False,0.0,0.0
46,9,Frozen Model,0.7519685039370079,0.748,0.8451327433628318,0.6773049645390071,0.852235018543822,0.8672745786643641,0.7583772529117054,0.0,0.012573300395160913,863552,0.0,180.40234375,concept,moderate,gradual,False,0.0,0.0
46,9,Streaming Random Patches (river),0.7814,0.756,0.7899,0.773,0.8461,0.8742,0.7535,5.8594,6.2879,9108925,0.0,282.89,concept,moderate,gradual,False,0.0,
46,9,Two-Tier Hybrid Ensemble,0.7993,0.77,0.7869,0.8121,0.8577,0.872,0.7638,0.2656,0.2933,1296850,0.0,276.39,concept,moderate,gradual,False,0.0,0.1
46,9,Warm-Start Ensemble,0.7799,0.764,0.8228,0.7411,0.8458,0.8655,0.7674,0.0156,0.0425,732954,0.0,281.47,concept,moderate,gradual,False,0.0,
46,10,Adaptive Random Forest (river),0.575,0.796,0.6449,0.5188,0.757,0.6208,0.7076,2.5312,2.6433,1042078,0.0,282.93,mixed,mild,sudden,False,0.0,
46,10,Component-Selective Ensemble,0.5395,0.802,0.7073,0.4361,0.8513,0.6775,0.6853,0.625,0.6533,1290450,0.0,194.54,mixed,mild,sudden,True,0.09,
46,10,Continuously Retrained Ensemble,0.5887,0.81,0.6939,0.5113,0.8556,0.692,0.7148,1.4844,1.5805,1290450,0.1562,279.37,mixed,mild,sudden,True,0.0,
46,10,Event-Driven Ensemble (ADWIN),0.5872,0.806,0.6765,0.5188,0.8608,0.7058,0.7144,1.5,1.655,1290450,0.0,281.25,mixed,mild,sudden,True,0.0,
46,10,Event-Driven Ensemble (Custom Dual-Trigger),0.5395,0.802,0.7073,0.4361,0.8513,0.6775,0.6853,1.4688,1.5661,1290450,0.0,281.25,mixed,mild,sudden,True,0.09,
46,10,Event-Driven Ensemble (DDM),0.5801,0.806,0.6837,0.5038,0.8538,0.6918,0.7096,1.5938,1.6582,1290450,0.0,281.25,mixed,mild,sudden,True,0.0,
46,10,Event-Driven Ensemble (EDDM),0.5887,0.81,0.6939,0.5113,0.8556,0.692,0.7148,1.5625,1.5875,1290450,0.0,281.25,mixed,mild,sudden,True,0.0,
46,10,Event-Driven Ensemble (Page-Hinkley),0.5939,0.814,0.7083,0.5113,0.8489,0.7125,0.7175,1.4844,1.593,1290450,0.0039,281.25,mixed,mild,sudden,True,0.0,
46,10,Frozen Ensemble,0.5076142131979695,0.806,0.78125,0.37593984962406013,0.8548073180225767,0.7019119229971242,0.6688963553297412,0.015625,0.02293840004131198,1645981,0.0,180.40234375,mixed,mild,sudden,False,0.0,0.0
46,10,Frozen Model,0.5252525252525253,0.812,0.8,0.39097744360902253,0.852820061051812,0.7138894905454757,0.6777775501423859,0.03125,0.0633212998509407,863552,0.0,180.40234375,mixed,mild,sudden,False,0.0,0.0
46,10,Streaming Random Patches (river),0.5774,0.798,0.6509,0.5188,0.8405,0.6575,0.709,6.125,6.5543,11009865,0.0,282.99,mixed,mild,sudden,False,0.0,
46,10,Two-Tier Hybrid Ensemble,0.5352,0.802,0.7125,0.4286,0.8516,0.6783,0.683,1.7656,1.9593,1410083,0.0,277.74,mixed,mild,sudden,True,0.0,0.4
46,10,Warm-Start Ensemble,0.5174,0.806,0.7647,0.391,0.8436,0.6649,0.6737,0.3594,0.3851,724186,0.0,281.25,mixed,mild,sudden,True,0.0,
46,11,Adaptive Random Forest (river),0.9197,0.904,0.9016,0.9386,0.9455,0.9517,0.8968,2.7656,3.0407,1451401,0.0,282.73,mixed,mild,sudden,False,0.0,
46,11,Component-Selective Ensemble,0.927,0.914,0.9223,0.9317,0.9555,0.9596,0.9103,0.0156,0.0181,1290450,0.0,194.6,mixed,mild,sudden,False,0.1352,
46,11,Continuously Retrained Ensemble,0.927,0.914,0.9223,0.9317,0.9542,0.9594,0.9103,1.5938,2.304,1284546,0.0,281.02,mixed,mild,sudden,True,0.0,
46,11,Event-Driven Ensemble (ADWIN),0.9275,0.914,0.9167,0.9386,0.957,0.9607,0.9089,0.0469,0.0452,1290450,0.0,281.36,mixed,mild,sudden,False,0.0,
46,11,Event-Driven Ensemble (Custom Dual-Trigger),0.927,0.914,0.9223,0.9317,0.9555,0.9596,0.9103,0.0469,0.0461,1290450,0.0,281.34,mixed,mild,sudden,False,0.1352,
46,11,Event-Driven Ensemble (DDM),0.927,0.914,0.9223,0.9317,0.9555,0.9596,0.9103,1.5469,1.6976,1284546,0.0078,281.36,mixed,mild,sudden,True,0.0,
46,11,Event-Driven Ensemble (EDDM),0.927,0.914,0.9223,0.9317,0.9542,0.9594,0.9103,1.4688,1.6222,1284546,0.0,281.37,mixed,mild,sudden,True,0.0,
46,11,Event-Driven Ensemble (Page-Hinkley),0.927,0.914,0.9223,0.9317,0.9555,0.9596,0.9103,0.0312,0.0404,1290450,0.0,281.38,mixed,mild,sudden,False,0.0,
46,11,Frozen Ensemble,0.9173989455184535,0.906,0.9456521739130435,0.8907849829351536,0.9618472902342912,0.9717238483922392,0.9091606074096058,0.015625,0.023048399947583675,1645981,0.0,180.40234375,mixed,mild,sudden,False,0.0,0.0
46,11,Frozen Model,0.9154929577464789,0.904,0.9454545454545454,0.8873720136518771,0.9617153880397685,0.972194643094299,0.9074541227679676,0.0,0.013845600187778473,863552,0.0,180.40234375,mixed,mild,sudden,False,0.0,0.0
46,11,Streaming Random Patches (river),0.9158,0.9,0.9037,0.9283,0.9482,0.9515,0.8941,6.25,6.6308,12210709,0.0,284.37,mixed,mild,sudden,False,0.0,
46,11,Two-Tier Hybrid Ensemble,0.928,0.914,0.9112,0.9454,0.957,0.9634,0.9075,0.2812,0.3333,1459557,0.0,277.34,mixed,mild,sudden,False,0.0,0.28
46,11,Warm-Start Ensemble,0.9278,0.916,0.9343,0.9215,0.9461,0.9401,0.9149,0.0469,0.0392,724186,0.0,281.64,mixed,mild,sudden,False,0.0,
46,12,Adaptive Random Forest (river),0.8833,0.832,0.8665,0.9008,0.8664,0.9159,0.7838,2.5,2.6633,781949,0.0,283.2,covariate,moderate,sudden,False,0.0,
46,12,Component-Selective Ensemble,0.8933,0.838,0.835,0.9603,0.8301,0.893,0.7523,0.3125,0.3208,1287282,0.0,194.6,covariate,moderate,sudden,True,0.2278,
46,12,Continuously Retrained Ensemble,0.893,0.838,0.8366,0.9575,0.8838,0.9384,0.7543,1.5156,1.5974,1265682,0.1016,280.78,covariate,moderate,sudden,True,0.0,
46,12,Event-Driven Ensemble (ADWIN),0.8924,0.838,0.84,0.9518,0.8394,0.8982,0.7582,1.5625,1.6361,1265682,0.0,281.45,covariate,moderate,sudden,True,0.0,
46,12,Event-Driven Ensemble (Custom Dual-Trigger),0.8933,0.838,0.835,0.9603,0.8301,0.893,0.7523,1.5312,1.6254,1265682,0.0,281.45,covariate,moderate,sudden,True,0.2278,
46,12,Event-Driven Ensemble (DDM),0.893,0.838,0.8366,0.9575,0.8838,0.9384,0.7543,1.5,1.6666,1265682,0.0,281.45,covariate,moderate,sudden,True,0.0,
46,12,Event-Driven Ensemble (EDDM),0.893,0.838,0.8366,0.9575,0.8838,0.9384,0.7543,1.4531,1.4718,1265682,0.0,281.45,covariate,moderate,sudden,True,0.0,
46,12,Event-Driven Ensemble (Page-Hinkley),0.8933,0.838,0.835,0.9603,0.8301,0.893,0.7523,0.0469,0.0488,1290450,0.0,281.47,covariate,moderate,sudden,False,0.0,
46,12,Frozen Ensemble,0.8725212464589235,0.82,0.8725212464589235,0.8725212464589235,0.8825229808637336,0.921930023094651,0.7831993987396658,0.046875,0.03300340007990599,1645981,0.0,180.40234375,covariate,moderate,sudden,False,0.0,0.0
46,12,Frozen Model,0.8839779005524862,0.832,0.862533692722372,0.9065155807365439,0.8816172361295793,0.916632781521131,0.7797884026131698,0.015625,0.012667500413954258,863552,0.0,180.40234375,covariate,moderate,sudden,False,0.0,0.0
46,12,Streaming Random Patches (river),0.8883,0.83,0.8284,0.9575,0.8757,0.932,0.7407,6.1875,6.4444,11943114,0.0,284.11,covariate,moderate,sudden,False,0.0,
46,12,Two-Tier Hybrid Ensemble,0.8907,0.838,0.8505,0.9348,0.8375,0.8965,0.7701,1.7656,1.8921,1465502,0.0,277.83,covariate,moderate,sudden,True,0.0,0.4
46,12,Warm-Start Ensemble,0.865,0.804,0.8418,0.8895,0.7771,0.8318,0.7441,0.3906,0.4007,711322,0.0,281.47,covariate,moderate,sudden,True,0.0,
46,13,Adaptive Random Forest (river),0.5915,0.42,0.42,1.0,0.7243,0.6844,0.5,2.4531,2.6273,1561648,0.0,283.68,covariate,moderate,sudden,False,0.0,
46,13,Component-Selective Ensemble,0.7101,0.724,0.6353,0.8048,0.8318,0.7947,0.7351,0.2969,0.28,1289442,0.0,194.6,covariate,moderate,sudden,True,0.1271,
46,13,Continuously Retrained Ensemble,0.6985,0.71,0.6199,0.8,0.8288,0.7981,0.7224,1.5,1.6222,1292322,0.0039,281.58,covariate,moderate,sudden,True,0.0,
46,13,Event-Driven Ensemble (ADWIN),0.6985,0.71,0.6199,0.8,0.8288,0.7981,0.7224,1.4375,1.5943,1292322,0.0,281.87,covariate,moderate,sudden,True,0.0,
46,13,Event-Driven Ensemble (Custom Dual-Trigger),0.6985,0.71,0.6199,0.8,0.8288,0.7981,0.7224,1.6406,1.7724,1292322,0.0,281.79,covariate,moderate,sudden,True,0.1271,
46,13,Event-Driven Ensemble (DDM),0.6985,0.71,0.6199,0.8,0.8288,0.7981,0.7224,1.4844,1.5593,1292322,0.0,281.87,covariate,moderate,sudden,True,0.0,
46,13,Event-Driven Ensemble (EDDM),0.6985,0.71,0.6199,0.8,0.8288,0.7981,0.7224,1.4844,1.5837,1292322,0.0,281.87,covariate,moderate,sudden,True,0.0,
46,13,Event-Driven Ensemble (Page-Hinkley),0.7098,0.722,0.632,0.8095,0.8317,0.7942,0.7341,0.0469,0.0395,1290450,0.0,281.88,covariate,moderate,sudden,False,0.0,
46,13,Frozen Ensemble,0.7330097087378641,0.78,0.7475247524752475,0.719047619047619,0.828407224958949,0.7944545468452229,0.771592775041051,0.015625,0.02316159987822175,1645981,0.0,180.40234375,covariate,moderate,sudden,False,0.0,0.0
46,13,Frozen Model,0.7251732101616628,0.762,0.7040358744394619,0.7476190476190476,0.8249096880131362,0.7874046197401101,0.760016420361248,0.0,0.014400400221347809,863552,0.0,180.40234375,covariate,moderate,sudden,False,0.0,0.0
46,13,Streaming Random Patches (river),0.7071,0.72,0.6306,0.8048,0.8126,0.7775,0.7317,5.7656,6.1016,11212060,0.0,284.77,covariate,moderate,sudden,False,0.0,
46,13,Two-Tier Hybrid Ensemble,0.634,0.746,0.8029,0.5238,0.8228,0.7872,0.7154,1.75,1.9114,1462146,0.0,280.62,covariate,moderate,sudden,True,0.0,0.4
46,13,Warm-Start Ensemble,0.7049,0.712,0.6187,0.819,0.8072,0.7384,0.7268,0.0469,0.0363,711322,0.0,281.97,covariate,moderate,sudden,False,0.0,
46,14,Adaptive Random Forest (river),0.7005,0.752,0.9236,0.5642,0.878,0.8939,0.7574,3.0781,3.249,2357219,0.0,286.21,concept,moderate,gradual,False,0.0,
46,14,Component-Selective Ensemble,0.8147,0.798,0.7708,0.8638,0.8892,0.8975,0.7961,0.0156,0.0155,1289442,0.0,194.6,concept,moderate,gradual,False,0.0948,
46,14,Continuously Retrained Ensemble,0.8014,0.778,0.7417,0.8716,0.8908,0.9011,0.7753,1.4375,1.5984,1263970,0.0078,283.98,concept,moderate,gradual,True,0.0,
46,14,Event-Driven Ensemble (ADWIN),0.8014,0.778,0.7417,0.8716,0.8908,0.9011,0.7753,0.0469,0.0517,1292322,0.0,284.56,concept,moderate,gradual,False,0.0,
46,14,Event-Driven Ensemble (Custom Dual-Trigger),0.8014,0.778,0.7417,0.8716,0.8908,0.9011,0.7753,0.0469,0.0423,1292322,0.0,284.56,concept,moderate,gradual,False,0.0948,
46,14,Event-Driven Ensemble (DDM),0.8014,0.778,0.7417,0.8716,0.8908,0.9011,0.7753,1.3906,1.5415,1263970,0.0,284.56,concept,moderate,gradual,True,0.0,
46,14,Event-Driven Ensemble (EDDM),0.8014,0.778,0.7417,0.8716,0.8908,0.9011,0.7753,1.4531,1.5714,1263970,0.0,284.57,concept,moderate,gradual,True,0.0,
46,14,Event-Driven Ensemble (Page-Hinkley),0.8094,0.79,0.7585,0.8677,0.8895,0.8961,0.7878,1.5625,1.6046,1263970,0.0,284.57,concept,moderate,gradual,True,0.0,
46,14,Frozen Ensemble,0.8080808080808081,0.81,0.8403361344537815,0.7782101167315175,0.8912907719652208,0.8981866836239782,0.8109157579542361,0.015625,0.0315565001219511,1645981,0.0,180.40234375,concept,moderate,gradual,False,0.0,0.0
46,14,Frozen Model,0.8143712574850299,0.814,0.8360655737704918,0.7937743190661478,0.889193127411891,0.8961586248062944,0.8145826327841027,0.015625,0.011312100104987621,863552,0.0,180.40234375,concept,moderate,gradual,False,0.0,0.0
46,14,Streaming Random Patches (river),0.8182,0.808,0.797,0.8405,0.884,0.8904,0.8071,5.5938,6.0149,10718093,0.0,286.16,concept,moderate,gradual,False,0.0,
46,14,Two-Tier Hybrid Ensemble,0.8034,0.77,0.7165,0.9144,0.8917,0.9014,0.7658,0.25,0.2714,1525440,0.0,280.61,concept,moderate,gradual,False,0.0,0.28
46,14,Warm-Start Ensemble,0.7954,0.75,0.6864,0.9455,0.8353,0.79,0.7444,0.0312,0.0352,711322,0.0,284.57,concept,moderate,gradual,False,0.0,
46,15,Adaptive Random Forest (river),0.6667,0.852,0.6379,0.6981,0.8887,0.7159,0.7958,2.1719,2.2729,574787,0.0,285.75,none,none,stable,False,0.0,
46,15,Component-Selective Ensemble,0.7029,0.858,0.6316,0.7925,0.9025,0.7213,0.834,0.0156,0.0187,1289442,0.0,194.6,none,none,stable,False,0.0505,
46,15,Continuously Retrained Ensemble,0.6725,0.85,0.626,0.7264,0.9048,0.7305,0.8048,1.5,1.6578,1296738,0.1523,283.91,none,none,stable,True,0.0,
46,15,Event-Driven Ensemble (ADWIN),0.6988,0.85,0.6084,0.8208,0.904,0.7171,0.8393,1.5625,1.6687,1296738,0.0,284.53,none,none,stable,True,0.0,
46,15,Event-Driven Ensemble (Custom Dual-Trigger),0.6988,0.85,0.6084,0.8208,0.904,0.7171,0.8393,0.0469,0.038,1292322,0.0,284.49,none,none,stable,False,0.0505,
46,15,Event-Driven Ensemble (DDM),0.6725,0.85,0.626,0.7264,0.9048,0.7305,0.8048,1.5,1.6046,1296738,0.0,284.53,none,none,stable,True,0.0,
46,15,Event-Driven Ensemble (EDDM),0.6725,0.85,0.626,0.7264,0.9048,0.7305,0.8048,1.5,1.5865,1296738,0.0,284.54,none,none,stable,True,0.0,
46,15,Event-Driven Ensemble (Page-Hinkley),0.6549,0.844,0.6167,0.6981,0.9037,0.7291,0.7907,0.0469,0.0458,1263970,0.0,284.54,none,none,stable,False,0.0,
46,15,Frozen Ensemble,0.6666666666666666,0.86,0.6730769230769231,0.660377358490566,0.9082702806244614,0.7295157846136388,0.7870414711234556,0.046875,0.04253340000286698,1645981,0.0,180.40234375,none,none,stable,False,0.0,0.0
46,15,Frozen Model,0.6602870813397129,0.858,0.6699029126213593,0.6509433962264151,0.9074322382913513,0.7306019797469413,0.7823244899913802,0.0,0.01891880016773939,863552,0.0,180.40234375,none,none,stable,False,0.0,0.0
46,15,Streaming Random Patches (river),0.6579,0.844,0.6148,0.7075,0.886,0.6824,0.7941,5.5156,6.4035,7191028,0.0,286.3,none,none,stable,False,0.0,
46,15,Two-Tier Hybrid Ensemble,0.6697,0.854,0.6435,0.6981,0.9044,0.7216,0.797,0.5312,0.5507,1526015,0.0,278.36,none,none,stable,False,0.0,0.196
46,15,Warm-Start Ensemble,0.6571,0.808,0.5287,0.8679,0.8834,0.5876,0.8299,0.3125,0.3582,706666,0.0,284.58,none,none,stable,True,0.0,
46,16,Adaptive Random Forest (river),0.5065,0.47,0.34,0.9927,0.8749,0.683,0.6327,2.4219,2.5102,260912,0.0,284.05,none,none,stable,False,0.0,
46,16,Component-Selective Ensemble,0.6803,0.812,0.6369,0.7299,0.8807,0.7015,0.7865,0.0156,0.0236,1289442,0.0,194.6,none,none,stable,False,0.0476,
46,16,Continuously Retrained Ensemble,0.6806,0.816,0.649,0.7153,0.8857,0.7179,0.7847,1.8125,2.2257,1285298,0.1406,281.89,none,none,stable,True,0.0,
46,16,Event-Driven Ensemble (ADWIN),0.6806,0.816,0.649,0.7153,0.8857,0.7179,0.7847,1.6719,1.7335,1285298,0.0,282.36,none,none,stable,True,0.0,
46,16,Event-Driven Ensemble (Custom Dual-Trigger),0.6803,0.812,0.6369,0.7299,0.8798,0.7008,0.7865,0.0469,0.0547,1292322,0.0,282.3,none,none,stable,False,0.0476,
46,16,Event-Driven Ensemble (DDM),0.6806,0.816,0.649,0.7153,0.8857,0.7179,0.7847,0.0312,0.0459,1296738,0.0,282.36,none,none,stable,False,0.0,
46,16,Event-Driven Ensemble (EDDM),0.6806,0.816,0.649,0.7153,0.8857,0.7179,0.7847,1.6562,1.762,1285298,0.0,282.54,none,none,stable,True,0.0,
46,16,Event-Driven Ensemble (Page-Hinkley),0.6758,0.81,0.6346,0.7226,0.8822,0.7095,0.7828,1.6875,1.7721,1285298,0.0,282.55,none,none,stable,True,0.0,
46,16,Frozen Ensemble,0.6518518518518519,0.812,0.6616541353383458,0.6423357664233577,0.8827290824636544,0.7137950697397261,0.7591844121372986,0.0,0.029982300009578466,1645981,0.0,180.40234375,none,none,stable,False,0.0,0.0
46,16,Frozen Model,0.6470588235294118,0.808,0.6518518518518519,0.6423357664233577,0.8803161006213429,0.7065604984474901,0.7564295912006596,0.015625,0.0139550999738276,863552,0.0,180.40234375,none,none,stable,False,0.0,0.0
46,16,Streaming Random Patches (river),0.6739,0.82,0.6691,0.6788,0.8645,0.6856,0.7761,5.2812,5.4971,4046790,0.0,284.05,none,none,stable,False,0.0,
46,16,Two-Tier Hybrid Ensemble,0.7027,0.824,0.6541,0.7591,0.8805,0.7003,0.8038,0.3906,0.418,1526766,0.0,288.23,none,none,stable,False,0.0,0.1372
46,16,Warm-Start Ensemble,0.6172,0.804,0.6639,0.5766,0.8704,0.6747,0.7332,0.0469,0.0404,706666,0.0,282.55,none,none,stable,False,0.0,
46,17,Adaptive Random Forest (river),0.0,0.562,0.0,0.0,0.6467,0.7538,0.5,1.5156,1.7381,1259254,0.0,288.28,none,none,stable,False,0.0,
46,17,Component-Selective Ensemble,0.7168,0.706,0.62,0.8493,0.7844,0.6809,0.7218,0.0156,0.0204,1289442,0.0,194.6,none,none,stable,False,0.0935,
46,17,Continuously Retrained Ensemble,0.697,0.694,0.6154,0.8037,0.7672,0.6687,0.7061,1.5469,1.6441,1300491,0.0039,288.23,none,none,stable,True,0.0,
46,17,Event-Driven Ensemble (ADWIN),0.6969,0.692,0.6125,0.8082,0.7691,0.6712,0.7048,1.5,1.6018,1300491,0.0,288.28,none,none,stable,True,0.0,
46,17,Event-Driven Ensemble (Custom Dual-Trigger),0.728,0.71,0.6178,0.8858,0.7784,0.6796,0.7294,0.0312,0.0362,1292322,0.0,288.28,none,none,stable,False,0.0935,
46,17,Event-Driven Ensemble (DDM),0.7024,0.7,0.6211,0.8082,0.7699,0.6762,0.7119,1.5156,1.6699,1300491,0.0,288.28,none,none,stable,True,0.0,
46,17,Event-Driven Ensemble (EDDM),0.697,0.694,0.6154,0.8037,0.7672,0.6687,0.7061,1.6875,1.9408,1300491,0.0,288.28,none,none,stable,True,0.0,
46,17,Event-Driven Ensemble (Page-Hinkley),0.6969,0.692,0.6125,0.8082,0.7691,0.6712,0.7048,1.2344,1.3724,1300491,0.0,288.28,none,none,stable,True,0.0,
46,17,Frozen Ensemble,0.6621923937360179,0.698,0.6491228070175439,0.6757990867579908,0.780838167666033,0.6907205575133236,0.6955507889305969,0.015625,0.05065359966829419,1645981,0.0,180.40234375,none,none,stable,False,0.0,0.0
46,17,Frozen Model,0.6606741573033708,0.698,0.6504424778761062,0.6712328767123288,0.778286939989275,0.6909528100263022,0.6950470433383709,0.0,0.013870500028133392,863552,0.0,180.40234375,none,none,stable,False,0.0,0.0
46,17,Streaming Random Patches (river),0.6636,0.704,0.6606,0.6667,0.7719,0.6721,0.6999,5.2344,5.7034,2820958,0.0,288.28,none,none,stable,False,0.0,
46,17,Two-Tier Hybrid Ensemble,0.7239,0.704,0.612,0.8858,0.7795,0.6809,0.7241,0.5781,0.7025,1527362,0.0,288.28,none,none,stable,False,0.0,0.1
46,17,Warm-Start Ensemble,0.6767,0.698,0.6371,0.7215,0.7654,0.6591,0.7006,0.0469,0.0582,706666,0.0,288.28,none,none,stable,False,0.0,
46,18,Adaptive Random Forest (river),0.4488,0.72,0.6333,0.3476,0.6435,0.5567,0.6247,2.6562,4.1215,798221,0.0,288.49,mixed,moderate,recovery,False,0.0,
46,18,Component-Selective Ensemble,0.6337,0.778,0.6906,0.5854,0.8443,0.7091,0.7287,0.0156,0.0215,1289442,0.0,194.6,mixed,moderate,recovery,False,0.0961,
46,18,Continuously Retrained Ensemble,0.5338,0.752,0.6961,0.4329,0.8349,0.7096,0.6703,1.6094,2.3215,1307483,0.0195,288.28,mixed,moderate,recovery,True,0.0,
46,18,Event-Driven Ensemble (ADWIN),0.5414,0.756,0.7059,0.439,0.8386,0.715,0.6749,1.4688,2.5216,1307483,0.0,288.3,mixed,moderate,recovery,True,0.0,
46,18,Event-Driven Ensemble (Custom Dual-Trigger),0.6102,0.77,0.687,0.5488,0.8375,0.6749,0.7134,0.0312,0.0374,1292322,0.0,288.3,mixed,moderate,recovery,False,0.0961,
46,18,Event-Driven Ensemble (DDM),0.5576,0.762,0.7143,0.4573,0.8344,0.711,0.684,1.9219,4.013,1307483,0.0,288.3,mixed,moderate,recovery,True,0.0,
46,18,Event-Driven Ensemble (EDDM),0.5338,0.752,0.6961,0.4329,0.8349,0.7096,0.6703,1.7969,2.6887,1307483,0.0,288.3,mixed,moderate,recovery,True,0.0,
46,18,Event-Driven Ensemble (Page-Hinkley),0.5338,0.752,0.6961,0.4329,0.8349,0.7096,0.6703,0.0469,0.0475,1300491,0.0,288.3,mixed,moderate,recovery,False,0.0,
46,18,Frozen Ensemble,0.4851063829787234,0.758,0.8028169014084507,0.3475609756097561,0.8457825203252032,0.7354870770969498,0.6529471544715447,0.03125,0.026559300255030394,1645981,0.0,180.40234375,mixed,moderate,recovery,False,0.0,0.0
46,18,Frozen Model,0.5577689243027888,0.778,0.8045977011494253,0.4268292682926829,0.8503919860627177,0.7454345826618425,0.6881170150987224,0.015625,0.014281099662184715,863552,0.0,180.40234375,mixed,moderate,recovery,False,0.0,0.0
46,18,Streaming Random Patches (river),0.5734,0.756,0.6721,0.5,0.8236,0.7045,0.6905,5.375,7.331,2775775,0.0,288.49,mixed,moderate,recovery,False,0.0,
46,18,Two-Tier Hybrid Ensemble,0.5714,0.76,0.6897,0.4878,0.8369,0.6778,0.6903,2.2812,3.4668,1540689,0.0,287.5,mixed,moderate,recovery,True,0.0,0.4
46,18,Warm-Start Ensemble,0.4292,0.734,0.7246,0.3049,0.811,0.6438,0.6242,0.4688,0.5302,752355,0.0,288.3,mixed,moderate,recovery,True,0.0,
46,19,Adaptive Random Forest (river),0.5814,0.712,0.7519,0.4739,0.8231,0.6936,0.6799,3.8438,4.826,900844,0.0,287.54,none,none,stable,False,0.0,
46,19,Component-Selective Ensemble,0.8,0.816,0.739,0.872,0.891,0.8276,0.8236,0.0156,0.0195,1289442,0.0,194.6,none,none,stable,False,0.0386,
46,19,Continuously Retrained Ensemble,0.7964,0.82,0.7619,0.8341,0.8949,0.8354,0.8219,1.8281,2.9727,1342507,0.0,287.5,none,none,stable,True,0.0,
46,19,Event-Driven Ensemble (ADWIN),0.7964,0.82,0.7619,0.8341,0.8949,0.8354,0.8219,0.0156,0.0529,1307483,0.0,287.53,none,none,stable,False,0.0,
46,19,Event-Driven Ensemble (Custom Dual-Trigger),0.8052,0.82,0.741,0.8815,0.8867,0.826,0.8283,0.0312,0.0456,1292322,0.0,287.5,none,none,stable,False,0.0386,
46,19,Event-Driven Ensemble (DDM),0.7964,0.82,0.7619,0.8341,0.8949,0.8354,0.8219,1.8906,3.3188,1342507,0.0,287.53,none,none,stable,True,0.0,
46,19,Event-Driven Ensemble (EDDM),0.7964,0.82,0.7619,0.8341,0.8949,0.8354,0.8219,2.125,3.4525,1342507,0.0,287.54,none,none,stable,True,0.0,
46,19,Event-Driven Ensemble (Page-Hinkley),0.7973,0.82,0.7597,0.8389,0.895,0.8356,0.8225,0.0469,0.1068,1300491,0.0,287.54,none,none,stable,False,0.0,
46,19,Frozen Ensemble,0.7925407925407926,0.822,0.7798165137614679,0.8056872037914692,0.8971285196543073,0.8452759783884443,0.8197986191967727,0.03125,0.028051100205630064,1645981,0.0,180.40234375,none,none,stable,False,0.0,0.0
46,19,Frozen Model,0.7842227378190255,0.814,0.7681818181818182,0.8009478672985783,0.8968005378900933,0.843243545763639,0.8122386395316421,0.0,0.012308200355619192,863552,0.0,180.40234375,none,none,stable,False,0.0,0.0
46,19,Streaming Random Patches (river),0.7884,0.81,0.7437,0.8389,0.8807,0.8237,0.8139,5.875,7.0942,3935652,0.0,287.43,none,none,stable,False,0.0,
46,19,Two-Tier Hybrid Ensemble,0.8009,0.822,0.7585,0.8483,0.8954,0.8411,0.8256,0.5156,0.568,1542200,0.0,287.43,none,none,stable,False,0.0,0.28
46,19,Warm-Start Ensemble,0.7711,0.81,0.7843,0.7583,0.8917,0.8408,0.803,0.0469,0.064,752355,0.0,287.54,none,none,stable,False,0.0,
46,20,Adaptive Random Forest (river),0.0,0.472,0.0,0.0,0.9082,0.9019,0.5,2.6406,3.4857,1182554,0.0,287.63,concept,severe,sudden,False,0.0,
46,20,Component-Selective Ensemble,0.8872,0.884,0.912,0.8636,0.9611,0.963,0.8852,0.0156,0.0144,1289442,0.0,194.6,concept,severe,sudden,False,0.0378,
46,20,Continuously Retrained Ensemble,0.8822,0.882,0.9325,0.8371,0.9593,0.9601,0.8847,2.0156,2.6549,1254905,0.0039,287.43,concept,severe,sudden,True,0.0,
46,20,Event-Driven Ensemble (ADWIN),0.8699,0.872,0.9386,0.8106,0.9547,0.9528,0.8756,1.9062,2.2146,1254905,0.0,287.63,concept,severe,sudden,True,0.0,
46,20,Event-Driven Ensemble (Custom Dual-Trigger),0.8958,0.892,0.9134,0.8788,0.9575,0.9573,0.8928,0.0625,0.0648,1292322,0.0,287.63,concept,severe,sudden,False,0.0378,
46,20,Event-Driven Ensemble (DDM),0.8822,0.882,0.9325,0.8371,0.9593,0.9601,0.8847,1.9688,2.6299,1254905,0.0,287.63,concept,severe,sudden,True,0.0,
46,20,Event-Driven Ensemble (EDDM),0.8822,0.882,0.9325,0.8371,0.9593,0.9601,0.8847,2.0,2.6132,1254905,0.0,287.63,concept,severe,sudden,True,0.0,
46,20,Event-Driven Ensemble (Page-Hinkley),0.8618,0.864,0.9298,0.803,0.9564,0.9542,0.8676,1.875,2.493,1254905,0.0,287.63,concept,severe,sudden,True,0.0,
46,20,Frozen Ensemble,0.832271762208068,0.842,0.9468599033816425,0.7424242424242424,0.959007447354905,0.9599888483071413,0.8479070364663586,0.015625,0.025344000197947025,1645981,0.0,180.40234375,concept,severe,sudden,False,0.0,0.0
46,20,Frozen Model,0.8347457627118644,0.844,0.9471153846153846,0.7462121212121212,0.9569048536209553,0.9579709371595342,0.8498009758602979,0.0,0.05922359973192215,863552,0.0,180.40234375,concept,severe,sudden,False,0.0,0.0
46,20,Streaming Random Patches (river),0.8034,0.814,0.9091,0.7197,0.9409,0.9391,0.8196,4.9531,5.1837,2697535,0.0,287.63,concept,severe,sudden,False,0.0,
46,20,Two-Tier Hybrid Ensemble,0.8745,0.876,0.9391,0.8182,0.9559,0.9534,0.8794,0.5,0.5477,1540713,0.0,287.63,concept,severe,sudden,False,0.0,0.196
46,20,Warm-Start Ensemble,0.7315,0.768,0.9405,0.5985,0.9498,0.9493,0.7781,0.0469,0.0818,752355,0.0,287.63,concept,severe,sudden,False,0.0,
46,21,Adaptive Random Forest (river),0.6351,0.846,0.5929,0.6837,0.8327,0.6044,0.7846,2.5469,2.7448,947652,0.0,288.51,concept,severe,recovery,False,0.0,
46,21,Component-Selective Ensemble,0.5677,0.866,0.7719,0.449,0.9125,0.698,0.7083,0.8281,0.8248,1196089,0.0,194.6,concept,severe,recovery,True,0.1044,
46,21,Continuously Retrained Ensemble,0.6265,0.876,0.7647,0.5306,0.9174,0.7177,0.7454,1.625,1.8757,1196089,0.0,287.63,concept,severe,recovery,True,0.0,
46,21,Event-Driven Ensemble (ADWIN),0.6347,0.878,0.7681,0.5408,0.918,0.7291,0.7505,0.0312,0.0449,1254905,0.0,288.49,concept,severe,recovery,False,0.0,
46,21,Event-Driven Ensemble (Custom Dual-Trigger),0.5912,0.87,0.7705,0.4796,0.9125,0.7085,0.7224,1.6875,1.8656,1196089,0.0,287.52,concept,severe,recovery,True,0.1044,
46,21,Event-Driven Ensemble (DDM),0.6265,0.876,0.7647,0.5306,0.9174,0.7177,0.7454,1.5625,1.6973,1196089,0.0,288.49,concept,severe,recovery,True,0.0,
46,21,Event-Driven Ensemble (EDDM),0.6265,0.876,0.7647,0.5306,0.9174,0.7177,0.7454,1.6562,1.8457,1196089,0.0,288.49,concept,severe,recovery,True,0.0,
46,21,Event-Driven Ensemble (Page-Hinkley),0.6347,0.878,0.7681,0.5408,0.918,0.7291,0.7505,0.0312,0.035,1254905,0.0,288.49,concept,severe,recovery,False,0.0,
46,21,Frozen Ensemble,0.32786885245901637,0.836,0.8333333333333334,0.20408163265306123,0.9201949436491014,0.743286793327812,0.5970656919484212,0.03125,0.037786700297147036,1645981,0.0,180.40234375,concept,severe,recovery,False,0.0,0.0
46,21,Frozen Model,0.352,0.838,0.8148148148148148,0.22448979591836735,0.9178342978982638,0.7397876899408685,0.6060259924865469,0.015625,0.014025900047272444,863552,0.0,180.40234375,concept,severe,recovery,False,0.0,0.0
46,21,Streaming Random Patches (river),0.6806,0.878,0.6989,0.6633,0.8756,0.6938,0.7968,4.625,4.9619,2644764,0.0,288.51,concept,severe,recovery,False,0.0,
46,21,Two-Tier Hybrid Ensemble,0.5205,0.86,0.7917,0.3878,0.9187,0.7233,0.6814,2.0938,2.409,1429642,0.0,288.51,concept,severe,recovery,True,0.0,0.4
46,21,Warm-Start Ensemble,0.3333,0.84,0.9091,0.2041,0.9122,0.7311,0.5996,0.4062,0.4086,737043,0.0,288.49,concept,severe,recovery,True,0.0,
46,22,Adaptive Random Forest (river),0.6081,0.518,0.9492,0.4474,0.7343,0.7574,0.6627,2.875,2.931,1649926,0.0,288.77,covariate,severe,gradual,False,0.0,
46,22,Component-Selective Ensemble,0.9178,0.852,0.8568,0.988,0.7106,0.9085,0.5733,0.3281,0.3359,1193065,0.0,194.61,covariate,severe,gradual,True,0.2663,
46,22,Continuously Retrained Ensemble,0.918,0.852,0.8554,0.9904,0.7116,0.9117,0.5684,1.6875,1.9182,1248434,0.0,288.51,covariate,severe,gradual,True,0.0,
46,22,Event-Driven Ensemble (ADWIN),0.9176,0.852,0.8583,0.9856,0.6261,0.8675,0.5782,1.7031,2.3839,1248434,0.0,288.76,covariate,severe,gradual,True,0.0,
46,22,Event-Driven Ensemble (Custom Dual-Trigger),0.9178,0.852,0.8568,0.988,0.6547,0.8886,0.5733,1.6094,2.1348,1248434,0.0039,288.73,covariate,severe,gradual,True,0.2663,
46,22,Event-Driven Ensemble (DDM),0.918,0.852,0.8554,0.9904,0.7116,0.9117,0.5684,1.75,2.0452,1248434,0.0,288.76,covariate,severe,gradual,True,0.0,
46,22,Event-Driven Ensemble (EDDM),0.918,0.852,0.8554,0.9904,0.7116,0.9117,0.5684,1.6406,1.8003,1248434,0.0,288.76,covariate,severe,gradual,True,0.0,
46,22,Event-Driven Ensemble (Page-Hinkley),0.9176,0.852,0.8583,0.9856,0.6263,0.8671,0.5782,0.0469,0.0434,1254905,0.0,288.76,covariate,severe,gradual,False,0.0,
46,22,Frozen Ensemble,0.9138920780711826,0.85,0.8785871964679912,0.9521531100478469,0.791019955654102,0.9466107077489746,0.6407107013653869,0.03125,0.029346400406211615,1645981,0.0,180.40234375,covariate,severe,gradual,False,0.0,0.0
46,22,Frozen Model,0.9167616875712656,0.854,0.8758169934640523,0.9617224880382775,0.7949148091959388,0.9482500433906065,0.6333002684093827,0.015625,0.024779300205409527,863552,0.0,180.40234375,covariate,severe,gradual,False,0.0,0.0
46,22,Streaming Random Patches (river),0.9127,0.84,0.8394,1.0,0.6621,0.881,0.5122,4.625,4.992,3958175,0.0,288.77,covariate,severe,gradual,False,0.0,
46,22,Two-Tier Hybrid Ensemble,0.9155,0.852,0.8755,0.9593,0.7528,0.9241,0.6321,1.9688,2.1235,1482918,0.0,288.77,covariate,severe,gradual,True,0.0,0.4
46,22,Warm-Start Ensemble,0.9131,0.842,0.8452,0.9928,0.7561,0.9268,0.533,0.4219,0.4454,704456,0.0,288.76,covariate,severe,gradual,True,0.0,
46,23,Adaptive Random Forest (river),0.5951,0.736,0.4491,0.8818,0.8359,0.5199,0.7883,2.7188,2.8744,337107,0.0,288.77,none,none,stable,False,0.0,
46,23,Component-Selective Ensemble,0.6316,0.804,0.5385,0.7636,0.8687,0.6388,0.7895,0.2812,0.282,1195513,0.0,194.61,none,none,stable,True,0.0502,
46,23,Continuously Retrained Ensemble,0.6394,0.806,0.5409,0.7818,0.8678,0.6456,0.7973,1.4844,1.636,1259682,0.0,288.77,none,none,stable,True,0.0,
46,23,Event-Driven Ensemble (ADWIN),0.6367,0.806,0.5414,0.7727,0.8689,0.6548,0.7941,1.6094,1.729,1259682,0.0,288.77,none,none,stable,True,0.0,
46,23,Event-Driven Ensemble (Custom Dual-Trigger),0.6394,0.806,0.5409,0.7818,0.8678,0.6456,0.7973,1.5781,1.6388,1259682,0.0,288.77,none,none,stable,True,0.0502,
46,23,Event-Driven Ensemble (DDM),0.6394,0.806,0.5409,0.7818,0.8678,0.6456,0.7973,1.6094,1.7274,1259682,0.0,288.77,none,none,stable,True,0.0,
46,23,Event-Driven Ensemble (EDDM),0.6394,0.806,0.5409,0.7818,0.8678,0.6456,0.7973,1.5,1.5705,1259682,0.0,288.77,none,none,stable,True,0.0,
46,23,Event-Driven Ensemble (Page-Hinkley),0.622,0.808,0.5486,0.7182,0.8628,0.6223,0.7758,0.0469,0.0363,1254905,0.0,288.77,none,none,stable,False,0.0,
46,23,Frozen Ensemble,0.6274509803921569,0.848,0.6808510638297872,0.5818181818181818,0.8696270396270396,0.6257688527915433,0.7524475524475525,0.015625,0.04209280014038086,1645981,0.0,180.40234375,none,none,stable,False,0.0,0.0
46,23,Frozen Model,0.6206896551724138,0.846,0.6774193548387096,0.5727272727272728,0.867972027972028,0.6154976204087461,0.7479020979020979,0.015625,0.012008999940007925,863552,0.0,180.40234375,none,none,stable,False,0.0,0.0
46,23,Streaming Random Patches (river),0.6308,0.794,0.5207,0.8,0.8541,0.6146,0.7962,4.2031,4.4546,3091367,0.0,288.77,none,none,stable,False,0.0,
46,23,Two-Tier Hybrid Ensemble,0.6475,0.828,0.5896,0.7182,0.87,0.6586,0.7886,1.7969,1.9367,1493762,0.0,288.77,none,none,stable,True,0.0,0.4
46,23,Warm-Start Ensemble,0.5263,0.784,0.5085,0.5455,0.825,0.4813,0.6984,0.375,0.4006,714680,0.0,288.77,none,none,stable,True,0.0,
46,24,Adaptive Random Forest (river),0.8439,0.73,0.73,1.0,0.7615,0.8961,0.5,2.3281,2.5701,1023701,0.0,289.14,mixed,severe,gradual,False,0.0,
46,24,Component-Selective Ensemble,0.8916,0.838,0.8717,0.9123,0.883,0.9462,0.7747,0.2969,0.3184,1197241,0.0,194.61,mixed,severe,gradual,True,0.1531,
46,24,Continuously Retrained Ensemble,0.8842,0.834,0.9006,0.8685,0.8914,0.9527,0.8046,1.5781,1.6352,1280930,0.0,288.77,mixed,severe,gradual,True,0.0,
46,24,Event-Driven Ensemble (ADWIN),0.8783,0.826,0.8971,0.8603,0.8819,0.9496,0.7968,1.5156,1.6159,1280930,0.0039,288.79,mixed,severe,gradual,True,0.0,
46,24,Event-Driven Ensemble (Custom Dual-Trigger),0.8842,0.834,0.9006,0.8685,0.8914,0.9527,0.8046,1.5938,1.7367,1280930,0.0,288.79,mixed,severe,gradual,True,0.1531,
46,24,Event-Driven Ensemble (DDM),0.8842,0.834,0.9006,0.8685,0.8914,0.9527,0.8046,1.4688,1.605,1280930,0.0,288.79,mixed,severe,gradual,True,0.0,
46,24,Event-Driven Ensemble (EDDM),0.8842,0.834,0.9006,0.8685,0.8914,0.9527,0.8046,1.5469,1.5821,1280930,0.0,288.79,mixed,severe,gradual,True,0.0,
46,24,Event-Driven Ensemble (Page-Hinkley),0.8865,0.828,0.855,0.9205,0.888,0.9512,0.7492,0.0469,0.0424,1254905,0.0,288.79,mixed,severe,gradual,False,0.0,
46,24,Frozen Ensemble,0.7993630573248408,0.748,0.9543726235741445,0.6876712328767123,0.8942059868087265,0.9541078094178532,0.7993911719939117,0.03125,0.054140300024300814,1645981,0.0,180.40234375,mixed,severe,gradual,False,0.0,0.0
46,24,Frozen Model,0.8476621417797888,0.798,0.9429530201342282,0.7698630136986301,0.8914256722475901,0.952272090819823,0.8219685438863521,0.015625,0.015454599633812904,863552,0.0,180.40234375,mixed,severe,gradual,False,0.0,0.0
46,24,Streaming Random Patches (river),0.8452,0.786,0.8957,0.8,0.8265,0.9315,0.7741,4.3438,4.4562,4185503,0.0,289.14,mixed,severe,gradual,False,0.0,
46,24,Two-Tier Hybrid Ensemble,0.8063,0.754,0.9481,0.7014,0.8892,0.9511,0.7988,1.9844,2.1255,1564742,0.0,289.14,mixed,severe,gradual,True,0.0,0.4
46,24,Warm-Start Ensemble,0.7685,0.718,0.959,0.6411,0.8922,0.9562,0.7835,0.3438,0.3614,728072,0.0156,288.8,mixed,severe,gradual,True,0.0,
46,25,Adaptive Random Forest (river),0.7897,0.738,0.691,0.9213,0.816,0.7862,0.7246,3.1875,4.5517,2708267,0.0,289.14,concept,severe,recovery,False,0.0,
46,25,Component-Selective Ensemble,0.8114,0.776,0.737,0.9026,0.8767,0.8893,0.7668,0.0156,0.0128,1197241,0.0,194.61,concept,severe,recovery,False,0.0924,
46,25,Continuously Retrained Ensemble,0.8033,0.762,0.7189,0.9101,0.8799,0.8902,0.7512,1.5625,1.6181,1276866,0.0,289.14,concept,severe,recovery,True,0.0,
46,25,Event-Driven Ensemble (ADWIN),0.8033,0.762,0.7189,0.9101,0.8799,0.8902,0.7512,0.0312,0.0369,1280930,0.0,289.14,concept,severe,recovery,False,0.0,
46,25,Event-Driven Ensemble (Custom Dual-Trigger),0.8033,0.762,0.7189,0.9101,0.8799,0.8902,0.7512,0.0469,0.0455,1280930,0.0,289.14,concept,severe,recovery,False,0.0924,
46,25,Event-Driven Ensemble (DDM),0.8033,0.762,0.7189,0.9101,0.8799,0.8902,0.7512,1.5156,1.606,1276866,0.0,289.14,concept,severe,recovery,True,0.0,
46,25,Event-Driven Ensemble (EDDM),0.8033,0.762,0.7189,0.9101,0.8799,0.8902,0.7512,1.5156,1.6039,1276866,0.0,289.14,concept,severe,recovery,True,0.0,
46,25,Event-Driven Ensemble (Page-Hinkley),0.8068,0.772,0.7368,0.8914,0.8684,0.8792,0.7633,1.4375,1.542,1276866,0.0,289.14,concept,severe,recovery,True,0.0,
46,25,Frozen Ensemble,0.7640918580375783,0.774,0.8632075471698113,0.6853932584269663,0.8772564337496584,0.8986618680260546,0.7804648695568308,0.015625,0.05757059995085001,1645981,0.0,180.40234375,concept,severe,recovery,False,0.0,0.0
46,25,Frozen Model,0.7583333333333333,0.768,0.8544600938967136,0.6816479400749064,0.8747809872852069,0.894358858056761,0.7743003648872386,0.015625,0.014655400067567825,863552,0.0,180.40234375,concept,severe,recovery,False,0.0,0.0
46,25,Streaming Random Patches (river),0.7906,0.732,0.6783,0.9476,0.8684,0.8712,0.7163,6.2812,8.7197,5955043,0.0,289.14,concept,severe,recovery,False,0.0,
46,25,Two-Tier Hybrid Ensemble,0.8052,0.762,0.7151,0.9213,0.8755,0.8902,0.7504,0.7969,1.0362,1595272,0.0,289.39,concept,severe,recovery,False,0.0,0.28
46,25,Warm-Start Ensemble,0.8013,0.764,0.7278,0.8914,0.8627,0.8773,0.7547,0.0312,0.0428,728072,0.0,289.14,concept,severe,recovery,False,0.0,
46,26,Adaptive Random Forest (river),0.25,0.856,0.3429,0.1967,0.7535,0.2818,0.5722,3.6562,5.0489,953186,0.0,289.42,none,none,stable,False,0.0,
46,26,Component-Selective Ensemble,0.2804,0.846,0.3261,0.2459,0.7996,0.3417,0.5876,0.6875,0.6796,1285714,0.0,194.61,none,none,stable,True,0.1032,
46,26,Continuously Retrained Ensemble,0.3,0.86,0.3846,0.2459,0.7995,0.3575,0.5956,1.9688,2.3035,1285714,0.0195,289.4,none,none,stable,True,0.0,
46,26,Event-Driven Ensemble (ADWIN),0.2524,0.846,0.3095,0.2131,0.7979,0.323,0.5735,1.875,2.5056,1285714,0.0,289.42,none,none,stable,True,0.0,
46,26,Event-Driven Ensemble (Custom Dual-Trigger),0.2524,0.846,0.3095,0.2131,0.7979,0.323,0.5735,2.0,2.6782,1285714,0.0,289.42,none,none,stable,True,0.1032,
46,26,Event-Driven Ensemble (DDM),0.3,0.86,0.3846,0.2459,0.7995,0.3575,0.5956,1.9531,2.9402,1285714,0.0,289.42,none,none,stable,True,0.0,
46,26,Event-Driven Ensemble (EDDM),0.3,0.86,0.3846,0.2459,0.7995,0.3575,0.5956,1.7969,2.086,1285714,0.0,289.42,none,none,stable,True,0.0,
46,26,Event-Driven Ensemble (Page-Hinkley),0.3,0.86,0.3846,0.2459,0.7995,0.3575,0.5956,0.0312,0.0313,1276866,0.0,289.42,none,none,stable,False,0.0,
46,26,Frozen Ensemble,0.20253164556962025,0.874,0.4444444444444444,0.13114754098360656,0.7917397961088912,0.3494495101134954,0.5541842488517121,0.03125,0.026237799786031246,1645981,0.0,180.40234375,none,none,stable,False,0.0,0.0
46,26,Frozen Model,0.225,0.876,0.47368421052631576,0.14754098360655737,0.7902460883528137,0.338535518745682,0.5623809701631876,0.015625,0.012152499984949827,863552,0.0,180.40234375,none,none,stable,False,0.0,0.0
46,26,Streaming Random Patches (river),0.25,0.844,0.3023,0.2131,0.7514,0.2884,0.5724,7.3594,10.1071,7195683,0.0,289.42,none,none,stable,False,0.0,
46,26,Two-Tier Hybrid Ensemble,0.1795,0.872,0.4118,0.1148,0.8009,0.3297,0.546,2.8594,5.0808,1649494,0.0,289.89,none,none,stable,True,0.0,0.4
46,26,Warm-Start Ensemble,0.3359,0.826,0.3143,0.3607,0.7979,0.3462,0.6257,0.4531,0.6632,694824,0.0,289.42,none,none,stable,True,0.0,
46,27,Adaptive Random Forest (river),0.8654,0.86,0.9298,0.8094,0.9246,0.9221,0.8664,3.2188,4.5887,804700,0.0,280.82,covariate,moderate,recovery,False,0.0,
46,27,Component-Selective Ensemble,0.8931,0.876,0.8576,0.9317,0.937,0.9305,0.869,0.0312,0.0192,1285714,0.0,193.61,covariate,moderate,recovery,False,0.1402,
46,27,Continuously Retrained Ensemble,0.8901,0.874,0.8644,0.9173,0.9372,0.9318,0.8685,1.7656,2.3523,1278786,0.2305,277.22,covariate,moderate,recovery,True,0.0,
46,27,Event-Driven Ensemble (ADWIN),0.8962,0.88,0.8633,0.9317,0.9375,0.9334,0.8735,0.0469,0.0624,1285714,0.0,279.06,covariate,moderate,recovery,False,0.0,
46,27,Event-Driven Ensemble (Custom Dual-Trigger),0.8962,0.88,0.8633,0.9317,0.9375,0.9334,0.8735,0.0469,0.0445,1285714,0.0,278.61,covariate,moderate,recovery,False,0.1402,
46,27,Event-Driven Ensemble (DDM),0.8901,0.874,0.8644,0.9173,0.9372,0.9318,0.8685,1.7656,2.2418,1278786,0.0117,279.06,covariate,moderate,recovery,True,0.0,
46,27,Event-Driven Ensemble (EDDM),0.8901,0.874,0.8644,0.9173,0.9372,0.9318,0.8685,1.7656,2.139,1278786,0.0078,279.07,covariate,moderate,recovery,True,0.0,
46,27,Event-Driven Ensemble (Page-Hinkley),0.899,0.884,0.8716,0.9281,0.9376,0.9337,0.8784,0.0625,0.0656,1276866,0.0,279.1,covariate,moderate,recovery,False,0.0,
46,27,Frozen Ensemble,0.8872727272727273,0.876,0.8970588235294118,0.8776978417266187,0.9382250955991963,0.9305537194549957,0.8757858578002462,0.03125,0.032792200334370136,1645981,0.0,180.40234375,covariate,moderate,recovery,False,0.0,0.0
46,27,Frozen Model,0.8876811594202898,0.876,0.8941605839416058,0.8812949640287769,0.9373015101432368,0.9315969255099718,0.8753321666990732,0.015625,0.015363899990916252,863552,0.0,180.40234375,covariate,moderate,recovery,False,0.0,0.0
46,27,Streaming Random Patches (river),0.8885,0.874,0.8746,0.9029,0.93,0.9236,0.8704,6.7188,9.085,8524479,0.0,281.05,covariate,moderate,recovery,False,0.0,
46,27,Two-Tier Hybrid Ensemble,0.892,0.878,0.878,0.9065,0.9385,0.9342,0.8744,0.6094,0.7981,1651020,0.0,275.53,covariate,moderate,recovery,False,0.0,0.28
46,27,Warm-Start Ensemble,0.8931,0.876,0.8576,0.9317,0.9215,0.9025,0.869,0.0625,0.0632,694824,0.0,279.38,covariate,moderate,recovery,False,0.0,
46,28,Adaptive Random Forest (river),0.2684,0.226,0.9726,0.1557,0.6967,0.9581,0.5551,2.6094,2.7446,1515839,0.0,280.79,mixed,severe,recovery,False,0.0,
46,28,Component-Selective Ensemble,0.9559,0.916,0.9173,0.9978,0.703,0.96,0.533,0.2969,0.2931,1284130,0.0,193.61,mixed,severe,recovery,True,0.2113,
46,28,Continuously Retrained Ensemble,0.9557,0.916,0.9207,0.9934,0.7318,0.9656,0.5535,2.0938,2.848,1287810,0.1523,279.12,mixed,severe,recovery,True,0.0,
46,28,Event-Driven Ensemble (ADWIN),0.9559,0.916,0.9173,0.9978,0.703,0.96,0.533,0.0469,0.0643,1285714,0.0,279.6,mixed,severe,recovery,False,0.0,
46,28,Event-Driven Ensemble (Custom Dual-Trigger),0.9559,0.916,0.9173,0.9978,0.703,0.96,0.533,1.6094,3.7401,1287810,0.0,279.57,mixed,severe,recovery,True,0.2113,
46,28,Event-Driven Ensemble (DDM),0.9557,0.916,0.9207,0.9934,0.7318,0.9656,0.5535,0.0312,0.1958,1278786,0.0,279.6,mixed,severe,recovery,False,0.0,
46,28,Event-Driven Ensemble (EDDM),0.9557,0.916,0.9207,0.9934,0.7318,0.9656,0.5535,0.0781,0.1189,1278786,0.0,280.41,mixed,severe,recovery,False,0.0,
46,28,Event-Driven Ensemble (Page-Hinkley),0.9548,0.914,0.9172,0.9956,0.723,0.9628,0.5319,1.7656,2.0288,1287810,0.0,280.43,mixed,severe,recovery,True,0.0,
46,28,Frozen Ensemble,0.8390941597139452,0.73,0.9190600522193212,0.7719298245614035,0.6374102870813396,0.9528728038543015,0.5336921850079744,0.03125,0.028005100321024656,1645981,0.0,180.40234375,mixed,severe,recovery,False,0.0,0.0
46,28,Frozen Model,0.8858447488584474,0.8,0.9238095238095239,0.8508771929824561,0.6311303827751196,0.9512311703746867,0.5618022328548644,0.015625,0.01537459995597601,863552,0.0,180.40234375,mixed,severe,recovery,False,0.0,0.0
46,28,Streaming Random Patches (river),0.9515,0.908,0.9167,0.989,0.6881,0.9549,0.5286,5.25,5.5415,9595030,0.0391,282.4,mixed,severe,recovery,False,0.0,
46,28,Two-Tier Hybrid Ensemble,0.9549,0.914,0.9155,0.9978,0.7211,0.9625,0.5216,1.8438,1.9961,1327402,0.0,278.04,mixed,severe,recovery,True,0.0,0.4
46,28,Warm-Start Ensemble,0.947,0.9,0.916,0.9803,0.477,0.9048,0.5242,0.4219,0.4512,637599,0.0,280.44,mixed,severe,recovery,True,0.0,
46,29,Adaptive Random Forest (river),0.385,0.738,0.2662,0.6949,0.8223,0.362,0.7193,2.2969,2.6143,584362,0.0,283.5,none,none,stable,False,0.0,
46,29,Component-Selective Ensemble,0.4677,0.868,0.4462,0.4915,0.8479,0.4224,0.7049,0.6875,0.6971,1285634,0.0,193.61,none,none,stable,True,0.1029,
46,29,Continuously Retrained Ensemble,0.3774,0.868,0.4255,0.339,0.848,0.4157,0.6389,1.5312,1.6361,1285634,0.0,281.22,none,none,stable,True,0.0,
46,29,Event-Driven Ensemble (ADWIN),0.4462,0.856,0.4085,0.4915,0.8456,0.4307,0.6981,1.4531,1.5854,1285634,0.0,282.67,none,none,stable,True,0.0,
46,29,Event-Driven Ensemble (Custom Dual-Trigger),0.3774,0.868,0.4255,0.339,0.848,0.4157,0.6389,1.5469,1.6953,1285634,0.0,282.65,none,none,stable,True,0.1029,
46,29,Event-Driven Ensemble (DDM),0.4262,0.86,0.4127,0.4407,0.8485,0.4159,0.6784,1.5312,1.6316,1285634,0.0,282.67,none,none,stable,True,0.0,
46,29,Event-Driven Ensemble (EDDM),0.4262,0.86,0.4127,0.4407,0.8485,0.4159,0.6784,1.4688,1.5846,1285634,0.0,282.68,none,none,stable,True,0.0,
46,29,Event-Driven Ensemble (Page-Hinkley),0.3654,0.868,0.4222,0.322,0.8455,0.4262,0.6315,0.0469,0.0416,1287810,0.0,282.69,none,none,stable,False,0.0,
46,29,Frozen Ensemble,0.29545454545454547,0.876,0.4482758620689655,0.22033898305084745,0.8479188285483685,0.4184275542511111,0.5920289019562628,0.03125,0.043137900065630674,1645981,0.0,180.40234375,none,none,stable,False,0.0,0.0
46,29,Frozen Model,0.2857142857142857,0.87,0.40625,0.22033898305084745,0.83869479995388,0.4134754993719565,0.5886275414120451,0.0,0.013869400136172771,863552,0.0,180.40234375,none,none,stable,False,0.0,0.0
46,29,Streaming Random Patches (river),0.4262,0.86,0.4127,0.4407,0.7763,0.3784,0.6784,5.3438,5.6691,9273338,0.0,284.08,none,none,stable,False,0.0,
46,29,Two-Tier Hybrid Ensemble,0.432,0.858,0.4091,0.4576,0.8476,0.4137,0.6846,1.5938,2.3628,1356574,0.0,278.04,none,none,stable,True,0.0,0.4
46,29,Warm-Start Ensemble,0.4,0.862,0.4107,0.3898,0.7877,0.3729,0.6575,0.3438,0.3679,618945,0.0,282.71,none,none,stable,True,0.0,
46,30,Adaptive Random Forest (river),0.0302,0.358,0.4545,0.0156,0.6939,0.6825,0.4911,1.0625,1.1237,496120,0.0,283.38,covariate,moderate,recovery,False,0.0,
46,30,Component-Selective Ensemble,0.8702,0.824,0.824,0.9219,0.8745,0.9025,0.7859,0.2656,0.3077,1283906,0.0,193.61,covariate,moderate,recovery,True,0.1936,
46,30,Continuously Retrained Ensemble,0.8702,0.824,0.824,0.9219,0.8782,0.9049,0.7859,0.6562,0.9958,1289666,0.0078,281.07,covariate,moderate,recovery,True,0.0,
46,30,Event-Driven Ensemble (ADWIN),0.8702,0.824,0.824,0.9219,0.8745,0.9025,0.7859,0.6094,0.7252,1289666,0.0,282.82,covariate,moderate,recovery,True,0.0,
46,30,Event-Driven Ensemble (Custom Dual-Trigger),0.8702,0.824,0.824,0.9219,0.8782,0.9049,0.7859,0.5469,0.7018,1289666,0.0,282.82,covariate,moderate,recovery,True,0.1936,
46,30,Event-Driven Ensemble (DDM),0.8702,0.824,0.824,0.9219,0.8745,0.9025,0.7859,0.625,0.7275,1289666,0.0,282.82,covariate,moderate,recovery,True,0.0,
46,30,Event-Driven Ensemble (EDDM),0.8702,0.824,0.824,0.9219,0.8745,0.9025,0.7859,0.6406,0.7231,1289666,0.0,282.83,covariate,moderate,recovery,True,0.0,
46,30,Event-Driven Ensemble (Page-Hinkley),0.8697,0.822,0.8182,0.9281,0.8847,0.9116,0.7807,0.0156,0.0145,1287810,0.0,282.84,covariate,moderate,recovery,False,0.0,
46,30,Frozen Ensemble,0.8751879699248121,0.834,0.8434782608695652,0.909375,0.8874479166666666,0.9256973494224501,0.8046875,0.03125,0.025648599956184626,1645981,0.0,180.40234375,covariate,moderate,recovery,False,0.0,0.0
46,30,Frozen Model,0.8738738738738738,0.832,0.8410404624277457,0.909375,0.8777256944444445,0.91300676545537,0.8019097222222222,0.015625,0.014318699948489666,863552,0.0,180.40234375,covariate,moderate,recovery,False,0.0,0.0
46,30,Streaming Random Patches (river),0.8713,0.824,0.8187,0.9313,0.8611,0.8735,0.7823,2.2188,3.1236,10631675,0.0273,283.95,covariate,moderate,recovery,False,0.0,
46,30,Two-Tier Hybrid Ensemble,0.8599,0.8,0.7792,0.9594,0.8777,0.9047,0.738,0.7656,0.9528,1392735,0.0,279.75,covariate,moderate,recovery,True,0.0,0.4
46,30,Warm-Start Ensemble,0.858,0.8,0.7865,0.9437,0.8714,0.902,0.7441,0.1094,0.3207,665738,0.0,282.84,covariate,moderate,recovery,True,0.0,
46,31,Adaptive Random Forest (river),0.028,0.306,1.0,0.0142,0.9063,0.9609,0.5071,1.4375,2.0243,277655,0.0,284.77,mixed,moderate,sudden,False,0.0,
46,31,Component-Selective Ensemble,0.8778,0.824,0.8587,0.8977,0.8973,0.9593,0.7732,0.3281,0.346,1304875,0.0,193.61,mixed,moderate,sudden,True,0.1561,
46,31,Continuously Retrained Ensemble,0.8652,0.8,0.8231,0.9119,0.8884,0.9553,0.7229,0.7031,0.8629,1314475,0.0,283.12,mixed,moderate,sudden,True,0.0,
46,31,Event-Driven Ensemble (ADWIN),0.8621,0.794,0.8152,0.9148,0.8896,0.9559,0.7108,0.5625,0.6632,1314475,0.0039,283.22,mixed,moderate,sudden,True,0.0,
46,31,Event-Driven Ensemble (Custom Dual-Trigger),0.8652,0.8,0.8231,0.9119,0.8884,0.9553,0.7229,0.6562,0.6945,1314475,0.0,283.22,mixed,moderate,sudden,True,0.1561,
46,31,Event-Driven Ensemble (DDM),0.8621,0.794,0.8152,0.9148,0.8896,0.9559,0.7108,0.6406,0.6705,1314475,0.0,283.22,mixed,moderate,sudden,True,0.0,
46,31,Event-Driven Ensemble (EDDM),0.8621,0.794,0.8152,0.9148,0.8896,0.9559,0.7108,0.6406,0.8819,1314475,0.0,283.24,mixed,moderate,sudden,True,0.0,
46,31,Event-Driven Ensemble (Page-Hinkley),0.8549,0.78,0.798,0.9205,0.8961,0.9602,0.6832,0.9688,1.0618,1314475,0.0,283.26,mixed,moderate,sudden,True,0.0,
46,31,Frozen Ensemble,0.8278145695364238,0.792,0.9920634920634921,0.7102272727272727,0.9264626842751844,0.9717558690711394,0.8483568796068797,0.03125,0.031783999875187874,1645981,0.0,180.40234375,mixed,moderate,sudden,False,0.0,0.0
46,31,Frozen Model,0.8426229508196721,0.808,0.9961240310077519,0.7301136363636364,0.9202433968058967,0.9698835449197777,0.8616784398034398,0.0,0.011721199844032526,863552,0.0,180.40234375,mixed,moderate,sudden,False,0.0,0.0
46,31,Streaming Random Patches (river),0.8765,0.836,0.9327,0.8267,0.8837,0.954,0.8424,2.9844,4.9261,7668276,0.0,284.84,mixed,moderate,sudden,False,0.0,
46,31,Two-Tier Hybrid Ensemble,0.8744,0.834,0.9353,0.821,0.8924,0.9568,0.8429,1.0156,2.0093,1417053,0.0,277.26,mixed,moderate,sudden,True,0.0,0.4
46,31,Warm-Start Ensemble,0.8158,0.776,0.9688,0.7045,0.9268,0.9708,0.8252,0.2656,0.2971,692650,0.0,283.27,mixed,moderate,sudden,True,0.0,
46,32,Adaptive Random Forest (river),0.7212,0.564,0.564,1.0,0.7984,0.8399,0.5,1.4688,1.956,1077685,0.0,283.34,covariate,severe,gradual,False,0.0,
46,32,Component-Selective Ensemble,0.7776,0.706,0.6781,0.9113,0.7951,0.8049,0.6759,0.0156,0.0153,1304875,0.0,193.61,covariate,severe,gradual,False,0.1493,
46,32,Continuously Retrained Ensemble,0.7734,0.7,0.6737,0.9078,0.7895,0.7972,0.6695,1.0156,1.3394,1274850,0.0156,280.83,covariate,severe,gradual,True,0.0,
46,32,Event-Driven Ensemble (ADWIN),0.7734,0.7,0.6737,0.9078,0.7895,0.7972,0.6695,0.875,1.3624,1274850,0.0,282.46,covariate,severe,gradual,True,0.0,
46,32,Event-Driven Ensemble (Custom Dual-Trigger),0.7734,0.7,0.6737,0.9078,0.7895,0.7972,0.6695,0.0156,0.0323,1314475,0.0,282.38,covariate,severe,gradual,False,0.1493,
46,32,Event-Driven Ensemble (DDM),0.7734,0.7,0.6737,0.9078,0.7895,0.7972,0.6695,0.9844,1.2943,1274850,0.0,282.46,covariate,severe,gradual,True,0.0,
46,32,Event-Driven Ensemble (EDDM),0.7734,0.7,0.6737,0.9078,0.7895,0.7972,0.6695,0.9844,1.3056,1274850,0.0,282.46,covariate,severe,gradual,True,0.0,
46,32,Event-Driven Ensemble (Page-Hinkley),0.7722,0.692,0.6624,0.9255,0.8013,0.8075,0.6577,1.0469,1.1956,1274850,0.0,282.23,covariate,severe,gradual,True,0.0,
46,32,Frozen Ensemble,0.7565543071161048,0.74,0.8015873015873016,0.7163120567375887,0.8259971370941506,0.8515102142663753,0.7434771292862256,0.046875,0.036169399973005056,1645981,0.0,180.40234375,covariate,severe,gradual,False,0.0,0.0
46,32,Frozen Model,0.7797202797202797,0.748,0.7689655172413793,0.7907801418439716,0.8234595614548768,0.8474922394712996,0.7417203461513435,0.015625,0.01148189976811409,863552,0.0,180.40234375,covariate,severe,gradual,False,0.0,0.0
46,32,Streaming Random Patches (river),0.7668,0.68,0.651,0.9326,0.8007,0.8156,0.6429,2.9844,4.4181,4745419,0.0,283.55,covariate,severe,gradual,False,0.0,
46,32,Two-Tier Hybrid Ensemble,0.7589,0.662,0.6348,0.9433,0.7902,0.8002,0.6207,0.2344,0.2652,1417302,0.0,286.83,covariate,severe,gradual,False,0.0,0.28
46,32,Warm-Start Ensemble,0.7956,0.74,0.7147,0.8972,0.821,0.8259,0.7169,0.0312,0.0301,692650,0.0,282.23,covariate,severe,gradual,False,0.0,
46,33,Adaptive Random Forest (river),0.721,0.658,0.7061,0.7367,0.666,0.7325,0.6383,1.3906,1.905,2498458,0.0,287.23,mixed,mild,recovery,False,0.0,
46,33,Component-Selective Ensemble,0.7717,0.71,0.7313,0.8167,0.7684,0.8301,0.6833,0.0156,0.013,1304875,0.0,193.61,mixed,mild,recovery,False,0.1419,
46,33,Continuously Retrained Ensemble,0.7702,0.71,0.7341,0.81,0.7701,0.8301,0.685,1.0312,1.2983,1305090,0.0117,286.83,mixed,mild,recovery,True,0.0,
46,33,Event-Driven Ensemble (ADWIN),0.7702,0.71,0.7341,0.81,0.7701,0.8301,0.685,0.0312,0.0294,1274850,0.0,287.23,mixed,mild,recovery,False,0.0,
46,33,Event-Driven Ensemble (Custom Dual-Trigger),0.7695,0.704,0.7222,0.8233,0.7737,0.8355,0.6742,0.0312,0.0344,1314475,0.0,287.23,mixed,mild,recovery,False,0.1419,
46,33,Event-Driven Ensemble (DDM),0.7702,0.71,0.7341,0.81,0.7701,0.8301,0.685,0.9219,1.1366,1305090,0.0,287.23,mixed,mild,recovery,True,0.0,
46,33,Event-Driven Ensemble (EDDM),0.7702,0.71,0.7341,0.81,0.7701,0.8301,0.685,0.8438,1.015,1305090,0.0,287.23,mixed,mild,recovery,True,0.0,
46,33,Event-Driven Ensemble (Page-Hinkley),0.7846,0.72,0.7286,0.85,0.7746,0.8359,0.6875,0.0312,0.0323,1274850,0.0,287.23,mixed,mild,recovery,False,0.0,
46,33,Frozen Ensemble,0.7448979591836735,0.7,0.7604166666666666,0.73,0.7625,0.8256293931552117,0.6925,0.015625,0.044197899755090475,1645981,0.0,180.40234375,mixed,mild,recovery,False,0.0,0.0
46,33,Frozen Model,0.7625418060200669,0.716,0.7651006711409396,0.76,0.7698500000000001,0.8243076364450881,0.7050000000000001,0.015625,0.015458399895578623,863552,0.0,180.40234375,mixed,mild,recovery,False,0.0,0.0
46,33,Streaming Random Patches (river),0.7565,0.682,0.6997,0.8233,0.7347,0.7888,0.6467,2.7812,4.5304,1874686,0.0,287.15,mixed,mild,recovery,False,0.0,
46,33,Two-Tier Hybrid Ensemble,0.7798,0.712,0.7203,0.85,0.7746,0.8353,0.6775,0.0781,0.1452,1352333,0.0,287.21,mixed,mild,recovery,False,0.0,0.196
46,33,Warm-Start Ensemble,0.7762,0.684,0.6749,0.9133,0.7139,0.7824,0.6267,0.0156,0.0188,692650,0.0,287.23,mixed,mild,recovery,False,0.0,
46,34,Adaptive Random Forest (river),0.3294,0.886,0.4118,0.2745,0.7509,0.3541,0.615,1.4531,2.2561,630003,0.0,287.59,none,none,stable,False,0.0,
46,34,Component-Selective Ensemble,0.3243,0.9,0.5217,0.2353,0.8405,0.352,0.6054,0.75,0.803,1310395,0.0,193.61,none,none,stable,True,0.1062,
46,34,Continuously Retrained Ensemble,0.2769,0.906,0.6429,0.1765,0.8399,0.3838,0.5827,0.9219,1.5566,1310395,0.0,287.21,none,none,stable,True,0.0,
46,34,Event-Driven Ensemble (ADWIN),0.274,0.894,0.4545,0.1961,0.8389,0.36,0.5847,0.9062,1.9506,1310395,0.0,287.24,none,none,stable,True,0.0,
46,34,Event-Driven Ensemble (Custom Dual-Trigger),0.3288,0.902,0.5455,0.2353,0.8462,0.3736,0.6065,0.9062,1.6917,1310395,0.0,287.24,none,none,stable,True,0.1062,
46,34,Event-Driven Ensemble (DDM),0.2769,0.906,0.6429,0.1765,0.8399,0.3838,0.5827,0.9375,1.5681,1310395,0.0,287.24,none,none,stable,True,0.0,
46,34,Event-Driven Ensemble (EDDM),0.2769,0.906,0.6429,0.1765,0.8399,0.3838,0.5827,0.875,1.167,1310395,0.0,287.24,none,none,stable,True,0.0,
46,34,Event-Driven Ensemble (Page-Hinkley),0.274,0.894,0.4545,0.1961,0.8389,0.36,0.5847,0.8281,1.0279,1310395,0.0,287.24,none,none,stable,True,0.0,
46,34,Frozen Ensemble,0.3142857142857143,0.904,0.5789473684210527,0.21568627450980393,0.8409100834097559,0.36958052245463624,0.5989344512860824,0.03125,0.029455400072038174,1645981,0.0,180.40234375,none,none,stable,False,0.0,0.0
46,34,Frozen Model,0.30985915492957744,0.902,0.55,0.21568627450980393,0.8357570199572034,0.3684761567311108,0.5978208655399799,0.0,0.015943000093102455,863552,0.0,180.40234375,none,none,stable,False,0.0,0.0
46,34,Streaming Random Patches (river),0.3059,0.882,0.3824,0.2549,0.7883,0.2996,0.6041,2.2656,3.0356,795059,0.0,288.1,none,none,stable,False,0.0,
46,34,Two-Tier Hybrid Ensemble,0.3467,0.902,0.5417,0.2549,0.8465,0.3713,0.6152,0.9688,1.2427,1347361,0.0,288.1,none,none,stable,True,0.0,0.4
46,34,Warm-Start Ensemble,0.4462,0.856,0.3671,0.5686,0.8144,0.3378,0.7286,0.2031,0.2189,652769,0.0,287.25,none,none,stable,True,0.0,
46,35,Adaptive Random Forest (river),0.0092,0.138,1.0,0.0046,0.5975,0.8712,0.5023,1.0469,1.0607,400500,0.0,278.45,covariate,severe,sudden,False,0.0,
46,35,Component-Selective Ensemble,0.9277,0.87,0.8948,0.963,0.8798,0.9746,0.6159,0.3125,0.3185,1309387,0.0,193.61,covariate,severe,sudden,True,0.3031,
46,35,Continuously Retrained Ensemble,0.9277,0.87,0.8948,0.963,0.8798,0.9746,0.6159,0.9531,0.9682,1219618,0.125,288.1,covariate,severe,sudden,True,0.0,
46,35,Event-Driven Ensemble (ADWIN),0.9295,0.872,0.8884,0.9746,0.8865,0.9765,0.5918,0.8594,0.9371,1219618,0.0,276.77,covariate,severe,sudden,True,0.0,
46,35,Event-Driven Ensemble (Custom Dual-Trigger),0.9295,0.872,0.8884,0.9746,0.8865,0.9765,0.5918,0.8906,0.9241,1219618,0.0,276.21,covariate,severe,sudden,True,0.3031,
46,35,Event-Driven Ensemble (DDM),0.9277,0.87,0.8948,0.963,0.8798,0.9746,0.6159,0.7969,0.8553,1219618,0.0,276.77,covariate,severe,sudden,True,0.0,
46,35,Event-Driven Ensemble (EDDM),0.9277,0.87,0.8948,0.963,0.8798,0.9746,0.6159,0.8125,0.8788,1219618,0.0,276.78,covariate,severe,sudden,True,0.0,
46,35,Event-Driven Ensemble (Page-Hinkley),0.9295,0.872,0.8884,0.9746,0.8865,0.9765,0.5918,0.0156,0.0205,1310395,0.0,276.8,covariate,severe,sudden,False,0.0,
46,35,Frozen Ensemble,0.9232558139534883,0.868,0.9297423887587822,0.9168591224018475,0.8981420840370894,0.9838334749551605,0.7345489641859984,0.03125,0.03099420014768839,1645981,0.0,180.40234375,covariate,severe,sudden,False,0.0,0.0
46,35,Frozen Model,0.9216799091940976,0.862,0.90625,0.9376443418013857,0.8939367825997035,0.983177899187371,0.6553893350797974,0.0,0.008537299931049347,863552,0.0,180.40234375,covariate,severe,sudden,False,0.0,0.0
46,35,Streaming Random Patches (river),0.0046,0.136,1.0,0.0023,0.518,0.8473,0.5012,1.8438,1.9013,1150873,0.0,279.05,covariate,severe,sudden,False,0.0,
46,35,Two-Tier Hybrid Ensemble,0.9286,0.872,0.8985,0.9607,0.8887,0.9773,0.6296,0.6562,0.6492,1257131,0.0,279.75,covariate,severe,sudden,True,0.0,0.4
46,35,Warm-Start Ensemble,0.9267,0.868,0.8929,0.963,0.7965,0.9372,0.6084,0.1719,0.2559,602561,0.0,277.1,covariate,severe,sudden,True,0.0,
46,36,Adaptive Random Forest (river),0.5163,0.348,0.348,1.0,0.4001,0.3326,0.5,0.7656,0.8469,1119572,0.0,279.92,none,none,stable,False,0.0,
46,36,Component-Selective Ensemble,0.6917,0.754,0.6133,0.7931,0.8457,0.7046,0.7631,0.0156,0.0184,1309387,0.0,193.61,none,none,stable,False,0.0374,
46,36,Continuously Retrained Ensemble,0.6897,0.748,0.6034,0.8046,0.844,0.6896,0.7612,0.5781,0.5518,1195369,0.0039,279.79,none,none,stable,True,0.0,
46,36,Event-Driven Ensemble (ADWIN),0.6897,0.748,0.6034,0.8046,0.844,0.6896,0.7612,0.6406,0.6337,1195369,0.0,279.91,none,none,stable,True,0.0,
46,36,Event-Driven Ensemble (Custom Dual-Trigger),0.6897,0.748,0.6034,0.8046,0.844,0.6896,0.7612,0.0156,0.0196,1219618,0.0,279.84,none,none,stable,False,0.0374,
46,36,Event-Driven Ensemble (DDM),0.6897,0.748,0.6034,0.8046,0.844,0.6896,0.7612,0.5781,0.5659,1195369,0.0,279.91,none,none,stable,True,0.0,
46,36,Event-Driven Ensemble (EDDM),0.6897,0.748,0.6034,0.8046,0.844,0.6896,0.7612,0.5625,0.5773,1195369,0.0,279.91,none,none,stable,True,0.0,
46,36,Event-Driven Ensemble (Page-Hinkley),0.6851,0.75,0.6099,0.7816,0.8467,0.7061,0.7574,0.6875,0.7082,1195369,0.0,279.91,none,none,stable,True,0.0,
46,36,Frozen Ensemble,0.6826666666666666,0.762,0.6368159203980099,0.735632183908046,0.8546999506381778,0.7293772965896136,0.7558529017699739,0.03125,0.03784700017422438,1645981,0.0,180.40234375,none,none,stable,False,0.0,0.0
46,36,Frozen Model,0.6826666666666666,0.762,0.6368159203980099,0.735632183908046,0.8515266906424088,0.7175660392087706,0.7558529017699739,0.015625,0.01279670000076294,863552,0.0,180.40234375,none,none,stable,False,0.0,0.0
46,36,Streaming Random Patches (river),0.5583,0.712,0.5987,0.523,0.7871,0.5891,0.6679,1.9375,1.9466,1917125,0.0,279.95,none,none,stable,False,0.0,
46,36,Two-Tier Hybrid Ensemble,0.6943,0.764,0.6321,0.7701,0.851,0.7004,0.7654,0.0938,0.0883,1256779,0.0,279.95,none,none,stable,False,0.0,0.28
46,36,Warm-Start Ensemble,0.665,0.738,0.5991,0.7471,0.832,0.6524,0.7401,0.0156,0.011,602561,0.0,279.91,none,none,stable,False,0.0,
46,37,Adaptive Random Forest (river),0.5733,0.872,0.5181,0.6418,0.8442,0.4784,0.7747,0.9531,0.9633,749477,0.0,281.22,none,none,stable,False,0.0,
46,37,Component-Selective Ensemble,0.4833,0.876,0.5472,0.4328,0.8625,0.5087,0.6887,0.8906,0.9326,1204521,0.0,193.61,none,none,stable,True,0.1024,
46,37,Continuously Retrained Ensemble,0.4561,0.876,0.5532,0.3881,0.8632,0.5269,0.6698,0.6406,0.6502,1204521,0.0039,279.95,none,none,stable,True,0.0,
46,37,Event-Driven Ensemble (ADWIN),0.4561,0.876,0.5532,0.3881,0.8632,0.5269,0.6698,0.625,0.6334,1204521,0.0,280.82,none,none,stable,True,0.0,
46,37,Event-Driven Ensemble (Custom Dual-Trigger),0.48,0.87,0.5172,0.4478,0.8643,0.5116,0.6915,0.5781,0.5787,1204521,0.0,280.8,none,none,stable,True,0.1024,
46,37,Event-Driven Ensemble (DDM),0.4561,0.876,0.5532,0.3881,0.8632,0.5269,0.6698,0.0,0.0092,1195369,0.0,280.82,none,none,stable,False,0.0,
46,37,Event-Driven Ensemble (EDDM),0.4561,0.876,0.5532,0.3881,0.8632,0.5269,0.6698,0.0156,0.0105,1195369,0.0,280.82,none,none,stable,False,0.0,
46,37,Event-Driven Ensemble (Page-Hinkley),0.4561,0.876,0.5532,0.3881,0.8632,0.5269,0.6698,0.5781,0.6118,1204521,0.0,280.82,none,none,stable,True,0.0,
46,37,Frozen Ensemble,0.425531914893617,0.892,0.7407407407407407,0.29850746268656714,0.861259522250181,0.509713114091861,0.6411705904656855,0.015625,0.04748660000041127,1645981,0.0,180.40234375,none,none,stable,False,0.0,0.0
46,37,Frozen Model,0.4,0.886,0.6785714285714286,0.2835820895522388,0.861293991934094,0.5044278586891541,0.6313984350763503,0.03125,0.022897399961948395,863552,0.0,180.40234375,none,none,stable,False,0.0,0.0
46,37,Streaming Random Patches (river),0.3511,0.83,0.3594,0.3433,0.8077,0.4187,0.6243,1.6562,1.6713,1475420,0.0,281.24,none,none,stable,False,0.0,
46,37,Two-Tier Hybrid Ensemble,0.4528,0.884,0.6154,0.3582,0.8653,0.5105,0.6618,0.625,0.6359,1243826,0.0,281.24,none,none,stable,True,0.0,0.4
46,37,Warm-Start Ensemble,0.5,0.864,0.4928,0.5075,0.853,0.4794,0.7133,0.1406,0.1353,605057,0.0,280.82,none,none,stable,True,0.0,
46,38,Adaptive Random Forest (river),0.0,0.452,0.0,0.0,0.8634,0.8614,0.5,1.0469,1.0721,1002333,0.0,281.25,concept,severe,gradual,False,0.0,
46,38,Component-Selective Ensemble,0.848,0.838,0.8726,0.8248,0.9202,0.9322,0.8394,0.0312,0.0272,1204521,0.0,193.61,concept,severe,gradual,False,0.0943,
46,38,Continuously Retrained Ensemble,0.8523,0.842,0.8736,0.8321,0.9209,0.9338,0.843,0.6875,0.6819,1178464,0.0039,281.24,concept,severe,gradual,True,0.0,
46,38,Event-Driven Ensemble (ADWIN),0.8523,0.842,0.8736,0.8321,0.9209,0.9338,0.843,0.0156,0.0182,1204521,0.0,281.25,concept,severe,gradual,False,0.0,
46,38,Event-Driven Ensemble (Custom Dual-Trigger),0.848,0.838,0.8726,0.8248,0.9202,0.9322,0.8394,0.0156,0.0099,1204521,0.0,281.25,concept,severe,gradual,False,0.0943,
46,38,Event-Driven Ensemble (DDM),0.8377,0.828,0.8672,0.8102,0.9212,0.9351,0.8299,0.5312,0.541,1178464,0.0,281.25,concept,severe,gradual,True,0.0,
46,38,Event-Driven Ensemble (EDDM),0.8377,0.828,0.8672,0.8102,0.9212,0.9351,0.8299,0.5625,0.605,1178464,0.0,281.25,concept,severe,gradual,True,0.0,
46,38,Event-Driven Ensemble (Page-Hinkley),0.8523,0.842,0.8736,0.8321,0.9209,0.9338,0.843,0.0156,0.0105,1204521,0.0,281.25,concept,severe,gradual,False,0.0,
46,38,Frozen Ensemble,0.8267716535433071,0.824,0.8974358974358975,0.7664233576642335,0.9259091789936051,0.9388122738029184,0.8301143336993734,0.03125,0.02852809987962246,1645981,0.0,180.40234375,concept,severe,gradual,False,0.0,0.0
46,38,Frozen Model,0.825147347740668,0.822,0.8936170212765957,0.7664233576642335,0.9236644919578838,0.9368519684981247,0.8279019443188425,0.015625,0.014791599940508604,863552,0.0,180.40234375,concept,severe,gradual,False,0.0,0.0
46,38,Streaming Random Patches (river),0.8255,0.814,0.8494,0.8029,0.8788,0.8644,0.8152,1.6875,1.7035,2844406,0.0,281.25,concept,severe,gradual,False,0.0,
46,38,Two-Tier Hybrid Ensemble,0.7699,0.786,0.9372,0.6533,0.9227,0.935,0.8001,0.0469,0.0574,1307225,0.0,281.4,concept,severe,gradual,False,0.0,0.28
46,38,Warm-Start Ensemble,0.7073,0.712,0.7982,0.635,0.8364,0.7966,0.7202,0.0156,0.0143,605057,0.0,281.25,concept,severe,gradual,False,0.0,
46,39,Adaptive Random Forest (river),0.8952,0.816,0.8291,0.9728,0.776,0.9067,0.5645,0.9531,0.9729,420370,0.0039,281.51,covariate,severe,sudden,False,0.0,
46,39,Component-Selective Ensemble,0.8924,0.812,0.8298,0.9653,0.8179,0.9531,0.566,0.4062,0.4363,1205817,0.0,193.61,covariate,severe,sudden,True,0.2489,
46,39,Continuously Retrained Ensemble,0.8905,0.814,0.8494,0.9356,0.8092,0.9509,0.6189,0.6719,0.7339,1231906,0.0,281.4,covariate,severe,sudden,True,0.0,
46,39,Event-Driven Ensemble (ADWIN),0.8924,0.812,0.8298,0.9653,0.8179,0.9531,0.566,0.5625,0.5664,1231906,0.0,281.5,covariate,severe,sudden,True,0.0,
46,39,Event-Driven Ensemble (Custom Dual-Trigger),0.8924,0.812,0.8298,0.9653,0.8179,0.9531,0.566,0.5781,0.5598,1231906,0.0,281.48,covariate,severe,sudden,True,0.2489,
46,39,Event-Driven Ensemble (DDM),0.8852,0.804,0.84,0.9356,0.8044,0.9499,0.5928,0.6094,0.6502,1231906,0.0,281.5,covariate,severe,sudden,True,0.0,
46,39,Event-Driven Ensemble (EDDM),0.8852,0.804,0.84,0.9356,0.8044,0.9499,0.5928,0.625,0.6757,1231906,0.0,281.5,covariate,severe,sudden,True,0.0,
46,39,Event-Driven Ensemble (Page-Hinkley),0.8924,0.812,0.8298,0.9653,0.8179,0.9531,0.566,0.0156,0.0114,1204521,0.0,281.5,covariate,severe,sudden,False,0.0,
46,39,Frozen Ensemble,0.8450331125827815,0.766,0.9088319088319088,0.7896039603960396,0.8283312706270626,0.9554456762738964,0.7281353135313531,0.0,0.03163240011781454,1645981,0.0,180.40234375,covariate,severe,sudden,False,0.0,0.0
46,39,Frozen Model,0.8787128712871287,0.804,0.8787128712871287,0.8787128712871287,0.8232002887788779,0.9518179048283727,0.684148102310231,0.015625,0.01746660005301237,863552,0.0,180.40234375,covariate,severe,sudden,False,0.0,0.0
46,39,Streaming Random Patches (river),0.8496,0.772,0.9096,0.797,0.8239,0.9532,0.7318,1.6562,1.6744,3479978,0.0,281.52,covariate,severe,sudden,False,0.0,
46,39,Two-Tier Hybrid Ensemble,0.8792,0.806,0.8847,0.8738,0.8292,0.9556,0.6973,0.5938,0.6434,1335569,0.0,281.73,covariate,severe,sudden,True,0.0,0.4
46,39,Warm-Start Ensemble,0.8992,0.822,0.8288,0.9827,0.798,0.9457,0.5643,0.1094,0.1111,648065,0.0,281.5,covariate,severe,sudden,True,0.0,
46,40,Adaptive Random Forest (river),0.494,0.328,0.328,1.0,0.7872,0.7345,0.5,0.8125,0.8317,658654,0.0,282.03,concept,mild,sudden,False,0.0,
46,40,Component-Selective Ensemble,0.8165,0.884,0.8487,0.7866,0.9503,0.8947,0.8591,0.0312,0.0228,1205817,0.0,193.61,concept,mild,sudden,False,0.0504,
46,40,Continuously Retrained Ensemble,0.8165,0.884,0.8487,0.7866,0.9486,0.8932,0.8591,0.5469,0.572,1201353,0.0,281.73,concept,mild,sudden,True,0.0,
46,40,Event-Driven Ensemble (ADWIN),0.8165,0.884,0.8487,0.7866,0.9486,0.8932,0.8591,0.0156,0.0094,1231906,0.0,282.04,concept,mild,sudden,False,0.0,
46,40,Event-Driven Ensemble (Custom Dual-Trigger),0.8165,0.884,0.8487,0.7866,0.9486,0.8932,0.8591,0.0,0.0101,1231906,0.0,282.04,concept,mild,sudden,False,0.0504,
46,40,Event-Driven Ensemble (DDM),0.819,0.886,0.8543,0.7866,0.9483,0.8931,0.8606,0.5781,0.5612,1201353,0.0,282.04,concept,mild,sudden,True,0.0,
46,40,Event-Driven Ensemble (EDDM),0.819,0.886,0.8543,0.7866,0.9483,0.8931,0.8606,0.6562,0.6254,1201353,0.0,282.04,concept,mild,sudden,True,0.0,
46,40,Event-Driven Ensemble (Page-Hinkley),0.8101,0.88,0.8421,0.7805,0.9509,0.8952,0.8545,0.0156,0.0159,1204521,0.0,282.04,concept,mild,sudden,False,0.0,
46,40,Frozen Ensemble,0.777027027027027,0.868,0.8712121212121212,0.7012195121951219,0.9487695993031359,0.895417401281722,0.8253121370499419,0.015625,0.030678399838507175,1645981,0.0,180.40234375,concept,mild,sudden,False,0.0,0.0
46,40,Frozen Model,0.7946127946127947,0.878,0.8872180451127819,0.7195121951219512,0.9481162891986062,0.8957909181599228,0.8374346689895471,0.0,0.01071349997073412,863552,0.0,180.40234375,concept,mild,sudden,False,0.0,0.0
46,40,Streaming Random Patches (river),0.8436,0.888,0.7784,0.9207,0.9373,0.8596,0.8964,1.5625,1.5696,4205007,0.0,282.03,concept,mild,sudden,False,0.0,
46,40,Two-Tier Hybrid Ensemble,0.8031,0.848,0.6982,0.9451,0.9486,0.8932,0.8729,0.0938,0.09,1368076,0.0,283.76,concept,mild,sudden,False,0.0,0.28
46,40,Warm-Start Ensemble,0.8115,0.882,0.8523,0.7744,0.9384,0.8737,0.8545,0.0156,0.0227,648065,0.0,282.04,concept,mild,sudden,False,0.0,
46,41,Adaptive Random Forest (river),0.6781,0.7,0.7524,0.6172,0.7776,0.7298,0.702,0.875,0.8571,1598342,0.0,284.4,concept,mild,gradual,False,0.0,
46,41,Component-Selective Ensemble,0.7354,0.728,0.7326,0.7383,0.7892,0.7656,0.7277,0.0312,0.0344,1205817,0.0,193.61,concept,mild,gradual,False,0.0924,
46,41,Continuously Retrained Ensemble,0.7555,0.732,0.7089,0.8086,0.7913,0.7706,0.7301,0.5781,0.5738,1261506,0.0078,283.76,concept,mild,gradual,True,0.0,
46,41,Event-Driven Ensemble (ADWIN),0.7537,0.736,0.7214,0.7891,0.7894,0.7676,0.7347,0.6094,0.593,1261506,0.0,283.77,concept,mild,gradual,True,0.0,
46,41,Event-Driven Ensemble (Custom Dual-Trigger),0.7537,0.736,0.7214,0.7891,0.7894,0.7676,0.7347,0.0,0.0098,1231906,0.0,283.77,concept,mild,gradual,False,0.0924,
46,41,Event-Driven Ensemble (DDM),0.7555,0.732,0.7089,0.8086,0.7913,0.7706,0.7301,0.5156,0.5001,1261506,0.0,283.77,concept,mild,gradual,True,0.0,
46,41,Event-Driven Ensemble (EDDM),0.7555,0.732,0.7089,0.8086,0.7913,0.7706,0.7301,0.5156,0.5532,1261506,0.0,283.77,concept,mild,gradual,True,0.0,
46,41,Event-Driven Ensemble (Page-Hinkley),0.7311,0.722,0.7241,0.7383,0.7902,0.7626,0.7216,0.0156,0.012,1204521,0.0,283.77,concept,mild,gradual,False,0.0,
46,41,Frozen Ensemble,0.745417515274949,0.75,0.7787234042553192,0.71484375,0.7931128329918034,0.7591541870385698,0.7508644979508197,0.03125,0.02985649975016713,1645981,0.0,180.40234375,concept,mild,gradual,False,0.0,0.0
46,41,Frozen Model,0.7439024390243902,0.748,0.7754237288135594,0.71484375,0.7897508965163934,0.7575398351913254,0.7488153176229508,0.015625,0.009413599967956543,863552,0.0,180.40234375,concept,mild,gradual,False,0.0,0.0
46,41,Streaming Random Patches (river),0.7409,0.702,0.6677,0.832,0.7973,0.7884,0.6988,1.5469,1.5447,4031179,0.0,284.4,concept,mild,gradual,False,0.0,
46,41,Two-Tier Hybrid Ensemble,0.7675,0.748,0.7273,0.8125,0.7967,0.7724,0.7464,0.1562,0.157,1369315,0.0,285.14,concept,mild,gradual,False,0.0,0.196
46,41,Warm-Start Ensemble,0.7418,0.716,0.6939,0.7969,0.7753,0.7328,0.714,0.0,0.0091,648065,0.0,283.77,concept,mild,gradual,False,0.0,
46,42,Adaptive Random Forest (river),0.48,0.896,0.8571,0.3333,0.825,0.6092,0.662,0.6562,0.6465,606003,0.0,285.14,concept,severe,gradual,False,0.0,
46,42,Component-Selective Ensemble,0.625,0.916,0.875,0.4861,0.9166,0.7501,0.7372,1.0,1.1215,1239234,0.0,193.61,concept,severe,gradual,True,0.1042,
46,42,Continuously Retrained Ensemble,0.6441,0.916,0.8261,0.5278,0.9225,0.7348,0.7545,0.5625,0.5791,1239234,0.0,285.14,concept,severe,gradual,True,0.0,
46,42,Event-Driven Ensemble (ADWIN),0.6441,0.916,0.8261,0.5278,0.9225,0.7348,0.7545,0.6875,0.6884,1239234,0.0,285.14,concept,severe,gradual,True,0.0,
46,42,Event-Driven Ensemble (Custom Dual-Trigger),0.6435,0.918,0.8605,0.5139,0.9173,0.7477,0.7499,0.6406,0.6373,1239234,0.0,285.14,concept,severe,gradual,True,0.1042,
46,42,Event-Driven Ensemble (DDM),0.6441,0.916,0.8261,0.5278,0.9225,0.7348,0.7545,0.6562,0.6461,1239234,0.0,285.14,concept,severe,gradual,True,0.0,
46,42,Event-Driven Ensemble (EDDM),0.6441,0.916,0.8261,0.5278,0.9225,0.7348,0.7545,0.5,0.5264,1239234,0.0,285.14,concept,severe,gradual,True,0.0,
46,42,Event-Driven Ensemble (Page-Hinkley),0.5243,0.902,0.871,0.375,0.9233,0.7472,0.6828,0.0156,0.0168,1204521,0.0,285.14,concept,severe,gradual,False,0.0,
46,42,Frozen Ensemble,0.3409090909090909,0.884,0.9375,0.20833333333333334,0.9209826064382138,0.752381655426341,0.6029984423676013,0.046875,0.03893980011343956,1645981,0.0,180.40234375,concept,severe,gradual,False,0.0,0.0
46,42,Frozen Model,0.3218390804597701,0.882,0.9333333333333333,0.19444444444444445,0.9178997923156802,0.7414194506253394,0.5960539979231568,0.0,0.012616800144314766,863552,0.0,180.40234375,concept,severe,gradual,False,0.0,0.0
46,42,Streaming Random Patches (river),0.46,0.892,0.8214,0.3194,0.8004,0.6148,0.6539,1.7969,1.8068,4890857,0.0,285.14,concept,severe,gradual,False,0.0,
46,42,Two-Tier Hybrid Ensemble,0.6316,0.916,0.8571,0.5,0.9176,0.7485,0.743,0.6875,0.6887,1376524,0.0,286.63,concept,severe,gradual,True,0.0,0.4
46,42,Warm-Start Ensemble,0.6613,0.916,0.7885,0.5694,0.9149,0.7274,0.7719,0.0,0.0086,648065,0.0,285.14,concept,severe,gradual,False,0.0,
46,43,Adaptive Random Forest (river),0.7033,0.546,0.5423,1.0,0.8601,0.7891,0.5087,0.9844,0.9988,751549,0.0,286.71,covariate,mild,sudden,False,0.0,
46,43,Component-Selective Ensemble,0.8513,0.826,0.788,0.9257,0.9089,0.914,0.8178,0.0312,0.027,1239234,0.0,193.7,covariate,mild,sudden,False,0.1321,
46,43,Continuously Retrained Ensemble,0.8562,0.832,0.7937,0.9294,0.9085,0.913,0.824,0.6094,0.6078,1227369,0.0,286.68,covariate,mild,sudden,True,0.0,
46,43,Event-Driven Ensemble (ADWIN),0.8562,0.832,0.7937,0.9294,0.9085,0.913,0.824,0.5781,0.6009,1227369,0.0195,286.68,covariate,mild,sudden,True,0.0,
46,43,Event-Driven Ensemble (Custom Dual-Trigger),0.8562,0.832,0.7937,0.9294,0.9085,0.913,0.824,0.0156,0.0146,1239234,0.0,286.68,covariate,mild,sudden,False,0.1321,
46,43,Event-Driven Ensemble (DDM),0.8562,0.832,0.7937,0.9294,0.9085,0.913,0.824,0.5156,0.5327,1227369,0.0078,286.7,covariate,mild,sudden,True,0.0,
46,43,Event-Driven Ensemble (EDDM),0.8562,0.832,0.7937,0.9294,0.9085,0.913,0.824,0.5625,0.5802,1227369,0.0,286.71,covariate,mild,sudden,True,0.0,
46,43,Event-Driven Ensemble (Page-Hinkley),0.8562,0.834,0.8019,0.9182,0.907,0.9065,0.8271,0.0,0.0098,1204521,0.0,286.71,covariate,mild,sudden,False,0.0,
46,43,Frozen Ensemble,0.8401486988847584,0.828,0.8401486988847584,0.8401486988847584,0.9049389272437599,0.9053385683687064,0.8270007563687861,0.015625,0.06884660013020039,1645981,0.0,180.40234375,covariate,mild,sudden,False,0.0,0.0
46,43,Frozen Model,0.8354898336414048,0.822,0.8308823529411765,0.8401486988847584,0.9024927984035791,0.8939002990997467,0.8205072498752797,0.015625,0.025693599600344896,863552,0.0,180.40234375,covariate,mild,sudden,False,0.0,0.0
46,43,Streaming Random Patches (river),0.8518,0.826,0.7862,0.9294,0.8724,0.8327,0.8175,2.3125,2.3578,5558556,0.0,286.71,covariate,mild,sudden,False,0.0,
46,43,Two-Tier Hybrid Ensemble,0.8532,0.828,0.7886,0.9294,0.908,0.9126,0.8197,0.1562,0.1487,1408512,0.0,287.21,covariate,mild,sudden,False,0.0,0.28
46,43,Warm-Start Ensemble,0.8537,0.83,0.7949,0.9219,0.8991,0.9069,0.8224,0.0156,0.0143,648065,0.0,286.71,covariate,mild,sudden,False,0.0,
46,44,Adaptive Random Forest (river),0.3951,0.706,0.5854,0.2981,0.8028,0.5787,0.5989,0.8906,0.8934,1087725,0.0,287.23,none,none,stable,False,0.0,
46,44,Component-Selective Ensemble,0.6715,0.73,0.552,0.8571,0.8287,0.6751,0.7634,0.0156,0.0275,1239234,0.0,193.7,none,none,stable,False,0.0389,
46,44,Continuously Retrained Ensemble,0.6618,0.722,0.544,0.8447,0.8251,0.6594,0.7542,0.5781,0.5813,1262002,0.0117,287.21,none,none,stable,True,0.0,
46,44,Event-Driven Ensemble (ADWIN),0.6618,0.722,0.544,0.8447,0.8251,0.6594,0.7542,0.6406,0.6491,1262002,0.0,287.22,none,none,stable,True,0.0,
46,44,Event-Driven Ensemble (Custom Dual-Trigger),0.67,0.732,0.5551,0.8447,0.835,0.6887,0.7616,0.0156,0.0141,1239234,0.0,287.22,none,none,stable,False,0.0389,
46,44,Event-Driven Ensemble (DDM),0.6618,0.722,0.544,0.8447,0.8251,0.6594,0.7542,0.5625,0.5721,1262002,0.0,287.22,none,none,stable,True,0.0,
46,44,Event-Driven Ensemble (EDDM),0.6618,0.722,0.544,0.8447,0.8251,0.6594,0.7542,0.5625,0.5737,1262002,0.0,287.22,none,none,stable,True,0.0,
46,44,Event-Driven Ensemble (Page-Hinkley),0.6684,0.744,0.5733,0.8012,0.8341,0.6785,0.759,0.0156,0.0094,1204521,0.0,287.22,none,none,stable,False,0.0,
46,44,Frozen Ensemble,0.6794520547945205,0.766,0.6078431372549019,0.7701863354037267,0.8357793290459701,0.6673783964874993,0.767099067406878,0.03125,0.03240630030632019,1645981,0.0,180.40234375,none,none,stable,False,0.0,0.0
46,44,Frozen Model,0.670299727520436,0.758,0.5970873786407767,0.7639751552795031,0.8345151065428096,0.6631301555373874,0.7595686985837043,0.0,0.018163100350648165,863552,0.0,180.40234375,none,none,stable,False,0.0,0.0
46,44,Streaming Random Patches (river),0.6585,0.72,0.5422,0.8385,0.8165,0.594,0.7511,1.9375,1.9601,1099339,0.0039,287.23,none,none,stable,False,0.0,
46,44,Two-Tier Hybrid Ensemble,0.665,0.734,0.5593,0.8199,0.835,0.6864,0.7565,0.125,0.1227,1407265,0.0,287.23,none,none,stable,False,0.0,0.196
46,44,Warm-Start Ensemble,0.665,0.734,0.5593,0.8199,0.8206,0.6371,0.7565,0.0156,0.0166,648065,0.0,287.22,none,none,stable,False,0.0,
46,45,Adaptive Random Forest (river),0.4115,0.714,0.3356,0.5319,0.6832,0.3373,0.644,0.7031,0.7129,338952,0.0,287.47,concept,severe,sudden,False,0.0,
46,45,Component-Selective Ensemble,0.649,0.894,0.8596,0.5213,0.9544,0.8503,0.7508,0.0312,0.0299,1239234,0.0,193.7,concept,severe,sudden,False,0.1034,
46,45,Continuously Retrained Ensemble,0.6259,0.89,0.8679,0.4894,0.9466,0.8316,0.7361,0.6094,0.6263,1215913,0.0,287.23,concept,severe,sudden,True,0.0,
46,45,Event-Driven Ensemble (ADWIN),0.625,0.892,0.9,0.4787,0.9455,0.8297,0.7332,0.6094,0.6229,1215913,0.0039,287.46,concept,severe,sudden,True,0.0,
46,45,Event-Driven Ensemble (Custom Dual-Trigger),0.6443,0.894,0.8727,0.5106,0.9547,0.8496,0.7467,0.0156,0.0105,1239234,0.0,287.46,concept,severe,sudden,False,0.1034,
46,45,Event-Driven Ensemble (DDM),0.6259,0.89,0.8679,0.4894,0.9466,0.8316,0.7361,0.0156,0.0112,1262002,0.0,287.47,concept,severe,sudden,False,0.0,
46,45,Event-Driven Ensemble (EDDM),0.6259,0.89,0.8679,0.4894,0.9466,0.8316,0.7361,0.4844,0.503,1215913,0.0,287.47,concept,severe,sudden,True,0.0,
46,45,Event-Driven Ensemble (Page-Hinkley),0.5899,0.886,0.9111,0.4362,0.9571,0.8557,0.7132,0.5625,0.5662,1215913,0.0,287.47,concept,severe,sudden,True,0.0,
46,45,Frozen Ensemble,0.42016806722689076,0.862,1.0,0.26595744680851063,0.9552457813646369,0.8554028439232295,0.6329787234042553,0.046875,0.052628399804234505,1645981,0.0,180.40234375,concept,severe,sudden,False,0.0,0.0
46,45,Frozen Model,0.4426229508196721,0.864,0.9642857142857143,0.2872340425531915,0.9535950110051357,0.8512194962128684,0.6423854941829996,0.0,0.009765500202775002,863552,0.0,180.40234375,concept,severe,sudden,False,0.0,0.0
46,45,Streaming Random Patches (river),0.6522,0.872,0.6667,0.6383,0.8726,0.6386,0.7822,1.3906,1.4126,1374360,0.0,287.47,concept,severe,sudden,False,0.0,
46,45,Two-Tier Hybrid Ensemble,0.625,0.892,0.9,0.4787,0.9552,0.8509,0.7332,0.1406,0.1617,1408225,0.0,287.47,concept,severe,sudden,False,0.0,0.1372
46,45,Warm-Start Ensemble,0.6623,0.898,0.8772,0.5319,0.944,0.8175,0.7573,0.0156,0.0132,648065,0.0,287.47,concept,severe,sudden,False,0.0,
46,46,Adaptive Random Forest (river),0.8052,0.732,0.6891,0.9685,0.8911,0.8086,0.6922,0.875,0.8679,664145,0.0,287.47,concept,moderate,recovery,False,0.0,
46,46,Component-Selective Ensemble,0.8639,0.838,0.8317,0.8986,0.9171,0.9361,0.8278,0.0156,0.0232,1239234,0.0,193.7,concept,moderate,recovery,False,0.0923,
46,46,Continuously Retrained Ensemble,0.8581,0.834,0.8395,0.8776,0.9178,0.9369,0.8267,0.5625,0.5533,1270034,0.0,287.47,concept,moderate,recovery,True,0.0,
46,46,Event-Driven Ensemble (ADWIN),0.8581,0.834,0.8395,0.8776,0.9178,0.9369,0.8267,0.5781,0.5792,1270034,0.0,287.47,concept,moderate,recovery,True,0.0,
46,46,Event-Driven Ensemble (Custom Dual-Trigger),0.8639,0.838,0.8317,0.8986,0.9171,0.9361,0.8278,0.0312,0.0213,1239234,0.0,287.47,concept,moderate,recovery,False,0.0923,
46,46,Event-Driven Ensemble (DDM),0.8468,0.822,0.8339,0.8601,0.9187,0.9392,0.8156,0.0156,0.011,1262002,0.0,287.47,concept,moderate,recovery,False,0.0,
46,46,Event-Driven Ensemble (EDDM),0.8581,0.834,0.8395,0.8776,0.9178,0.9369,0.8267,0.7031,0.6928,1270034,0.0,287.47,concept,moderate,recovery,True,0.0,
46,46,Event-Driven Ensemble (Page-Hinkley),0.8615,0.838,0.8428,0.8811,0.917,0.9365,0.8307,0.0156,0.018,1215913,0.0,287.47,concept,moderate,recovery,False,0.0,
46,46,Frozen Ensemble,0.823076923076923,0.816,0.9145299145299145,0.7482517482517482,0.9206914580746356,0.9397805389868366,0.8273969021632572,0.03125,0.031083500012755394,1645981,0.0,180.40234375,concept,moderate,recovery,False,0.0,0.0
46,46,Frozen Model,0.8214971209213052,0.814,0.9106382978723404,0.7482517482517482,0.9200705836219855,0.9396283972270165,0.8250604535651265,0.015625,0.01346129970625043,863552,0.0,180.40234375,concept,moderate,recovery,False,0.0,0.0
46,46,Streaming Random Patches (river),0.8525,0.818,0.7946,0.9196,0.8492,0.8415,0.8009,2.0625,2.0574,2993878,0.0,287.47,concept,moderate,recovery,False,0.0,
46,46,Two-Tier Hybrid Ensemble,0.8633,0.836,0.8248,0.9056,0.9173,0.9361,0.8243,0.1562,0.1491,1407835,0.0,287.47,concept,moderate,recovery,False,0.0,0.1
46,46,Warm-Start Ensemble,0.8351,0.812,0.838,0.8322,0.8757,0.8911,0.8086,0.0156,0.0126,648065,0.0,287.47,concept,moderate,recovery,False,0.0,
46,47,Adaptive Random Forest (river),0.4136,0.654,0.6703,0.299,0.7581,0.6329,0.5988,0.8281,0.8265,1206158,0.0,287.47,mixed,moderate,recovery,False,0.0,
46,47,Component-Selective Ensemble,0.6892,0.742,0.6777,0.701,0.8069,0.7295,0.7356,0.0156,0.019,1239234,0.0,193.7,mixed,moderate,recovery,False,0.0749,
46,47,Continuously Retrained Ensemble,0.7123,0.756,0.6864,0.7402,0.8148,0.7411,0.7535,0.625,0.6023,1255522,0.0,287.47,mixed,moderate,recovery,True,0.0,
46,47,Event-Driven Ensemble (ADWIN),0.7123,0.756,0.6864,0.7402,0.8148,0.7411,0.7535,0.0156,0.0093,1270034,0.0,287.47,mixed,moderate,recovery,False,0.0,
46,47,Event-Driven Ensemble (Custom Dual-Trigger),0.6892,0.742,0.6777,0.701,0.8069,0.7295,0.7356,0.0156,0.01,1239234,0.0,287.47,mixed,moderate,recovery,False,0.0749,
46,47,Event-Driven Ensemble (DDM),0.6869,0.752,0.7083,0.6667,0.8097,0.7458,0.7387,0.0156,0.0099,1262002,0.0,287.47,mixed,moderate,recovery,False,0.0,
46,47,Event-Driven Ensemble (EDDM),0.7123,0.756,0.6864,0.7402,0.8148,0.7411,0.7535,0.6406,0.6928,1255522,0.0,287.47,mixed,moderate,recovery,True,0.0,
46,47,Event-Driven Ensemble (Page-Hinkley),0.7039,0.756,0.6971,0.7108,0.8124,0.7497,0.749,0.5781,0.5798,1255522,0.0,287.47,mixed,moderate,recovery,True,0.0,
46,47,Frozen Ensemble,0.623229461756374,0.734,0.738255033557047,0.5392156862745098,0.8053126656067833,0.7469469481561049,0.7037294647588765,0.03125,0.028130099643021822,1645981,0.0,180.40234375,mixed,moderate,recovery,False,0.0,0.0
46,47,Frozen Model,0.615819209039548,0.728,0.7266666666666667,0.5343137254901961,0.8015865129835718,0.7426459925074755,0.6979001059883413,0.015625,0.0109612001106143,863552,0.0,180.40234375,mixed,moderate,recovery,False,0.0,0.0
46,47,Streaming Random Patches (river),0.6884,0.732,0.6549,0.7255,0.8008,0.7003,0.731,2.125,2.1474,5070006,0.0039,287.47,mixed,moderate,recovery,False,0.0,
46,47,Two-Tier Hybrid Ensemble,0.6906,0.742,0.6761,0.7059,0.8067,0.7293,0.7364,0.1406,0.1522,1424364,0.0,287.47,mixed,moderate,recovery,False,0.0,0.1
46,47,Warm-Start Ensemble,0.679,0.722,0.6419,0.7206,0.7789,0.7054,0.7218,0.0156,0.0177,648065,0.0,287.47,mixed,moderate,recovery,False,0.0,
46,48,Adaptive Random Forest (river),0.544,0.554,0.3768,0.9779,0.8973,0.691,0.6868,0.9062,0.9191,213768,0.0,287.5,none,none,stable,False,0.0,
46,48,Component-Selective Ensemble,0.7568,0.856,0.7,0.8235,0.9327,0.7875,0.8458,0.0156,0.0288,1239234,0.0,193.7,none,none,stable,False,0.0493,
46,48,Continuously Retrained Ensemble,0.7667,0.86,0.7012,0.8456,0.9343,0.7822,0.8555,0.5469,0.5572,1251858,0.0195,287.48,none,none,stable,True,0.0,
46,48,Event-Driven Ensemble (ADWIN),0.7591,0.854,0.6886,0.8456,0.9347,0.7841,0.8514,0.5938,0.5887,1251858,0.0,287.5,none,none,stable,True,0.0,
46,48,Event-Driven Ensemble (Custom Dual-Trigger),0.7568,0.856,0.7,0.8235,0.9327,0.7875,0.8458,0.0156,0.0158,1239234,0.0,287.5,none,none,stable,False,0.0493,
46,48,Event-Driven Ensemble (DDM),0.7655,0.864,0.7208,0.8162,0.935,0.7873,0.849,0.625,0.6266,1251858,0.0,287.5,none,none,stable,True,0.0,
46,48,Event-Driven Ensemble (EDDM),0.7667,0.86,0.7012,0.8456,0.9343,0.7822,0.8555,0.5938,0.6123,1251858,0.0,287.5,none,none,stable,True,0.0,
46,48,Event-Driven Ensemble (Page-Hinkley),0.7651,0.86,0.7037,0.8382,0.935,0.7857,0.8532,0.0156,0.0115,1255522,0.0,287.5,none,none,stable,False,0.0,
46,48,Frozen Ensemble,0.7703703703703704,0.876,0.7761194029850746,0.7647058823529411,0.939257433742728,0.8071319111711504,0.8411441499676793,0.03125,0.03329129982739687,1645981,0.0,180.40234375,none,none,stable,False,0.0,0.0
46,48,Frozen Model,0.7692307692307693,0.874,0.7664233576642335,0.7720588235294118,0.9380050096961862,0.7940873478322554,0.8420733678086619,0.015625,0.012919600121676922,863552,0.0,180.40234375,none,none,stable,False,0.0,0.0
46,48,Streaming Random Patches (river),0.7645,0.862,0.7134,0.8235,0.9122,0.7491,0.85,1.7812,1.7986,4063091,0.0,287.5,none,none,stable,False,0.0,
46,48,Two-Tier Hybrid Ensemble,0.7609,0.858,0.7019,0.8309,0.9337,0.7942,0.8495,0.1562,0.1702,1424919,0.0,287.5,none,none,stable,False,0.0,0.1
46,48,Warm-Start Ensemble,0.7245,0.854,0.7442,0.7059,0.9256,0.8013,0.8076,0.0156,0.0141,648065,0.0,287.5,none,none,stable,False,0.0,
46,49,Adaptive Random Forest (river),0.0,0.098,0.0,0.0,0.5741,0.9562,0.5,0.5,0.5173,511433,0.0,287.61,mixed,severe,recovery,False,0.0,
46,49,Component-Selective Ensemble,0.964,0.934,0.9485,0.98,0.9345,0.9922,0.7451,0.1406,0.1457,1192505,0.0,193.7,mixed,severe,recovery,True,0.2521,
46,49,Continuously Retrained Ensemble,0.9651,0.936,0.9505,0.98,0.9324,0.9917,0.7553,0.5469,0.5609,1194169,0.0,287.5,mixed,severe,recovery,True,0.0,
46,49,Event-Driven Ensemble (ADWIN),0.966,0.938,0.9545,0.9778,0.9244,0.9906,0.7746,0.5781,0.5699,1194169,0.0,287.51,mixed,severe,recovery,True,0.0,
46,49,Event-Driven Ensemble (Custom Dual-Trigger),0.964,0.934,0.9485,0.98,0.9345,0.9922,0.7451,0.5312,0.5271,1194169,0.0,287.51,mixed,severe,recovery,True,0.2521,
46,49,Event-Driven Ensemble (DDM),0.9672,0.94,0.9546,0.98,0.94,0.9928,0.7757,0.5781,0.5818,1194169,0.0,287.51,mixed,severe,recovery,True,0.0,
46,49,Event-Driven Ensemble (EDDM),0.9651,0.936,0.9505,0.98,0.9324,0.9917,0.7553,0.5312,0.5368,1194169,0.0,287.51,mixed,severe,recovery,True,0.0,
46,49,Event-Driven Ensemble (Page-Hinkley),0.9638,0.934,0.9543,0.9734,0.9348,0.992,0.7724,0.4219,0.4303,1194169,0.0,287.51,mixed,severe,recovery,True,0.0,
46,49,Frozen Ensemble,0.9572072072072072,0.924,0.9725400457665904,0.9423503325942351,0.9460156568170506,0.9937418971959927,0.8487261867052808,0.015625,0.02705870009958744,1645981,0.0,180.40234375,mixed,severe,recovery,False,0.0,0.0
46,49,Frozen Model,0.9618834080717489,0.932,0.9727891156462585,0.9512195121951219,0.9441603692474774,0.9933319854624116,0.8531607765057242,0.0,0.01943119987845421,863552,0.0,180.40234375,mixed,severe,recovery,False,0.0,0.0
46,49,Streaming Random Patches (river),0.9584,0.924,0.946,0.9712,0.8791,0.9847,0.7305,1.0156,1.0216,593423,0.0,287.61,mixed,severe,recovery,False,0.0,
46,49,Two-Tier Hybrid Ensemble,0.9589,0.924,0.9366,0.9823,0.9316,0.9918,0.685,0.6094,0.6125,1264662,0.0,287.61,mixed,severe,recovery,True,0.0,0.4
46,49,Warm-Start Ensemble,0.9617,0.93,0.9483,0.9756,0.9497,0.9943,0.7429,0.1094,0.103,596246,0.0,287.51,mixed,severe,recovery,True,0.0,
46,50,Adaptive Random Forest (river),0.8014,0.884,0.8417,0.7647,0.8889,0.8493,0.8507,0.75,0.7682,1078904,0.0,287.63,mixed,moderate,gradual,False,0.0,
46,50,Component-Selective Ensemble,0.8191,0.894,0.8571,0.7843,0.93,0.894,0.8633,0.0156,0.0209,1192505,0.0,193.7,mixed,moderate,gradual,False,0.0864,
46,50,Continuously Retrained Ensemble,0.8161,0.89,0.8356,0.7974,0.9307,0.8925,0.8641,0.5312,0.5264,1202793,0.0,287.63,mixed,moderate,gradual,True,0.0,
46,50,Event-Driven Ensemble (ADWIN),0.8161,0.89,0.8356,0.7974,0.9307,0.8925,0.8641,0.0,0.0102,1194169,0.0,287.63,mixed,moderate,gradual,False,0.0,
46,50,Event-Driven Ensemble (Custom Dual-Trigger),0.8121,0.888,0.8345,0.7908,0.9297,0.8917,0.8608,0.0156,0.0194,1194169,0.0,287.63,mixed,moderate,gradual,False,0.0864,
46,50,Event-Driven Ensemble (DDM),0.8161,0.89,0.8356,0.7974,0.9307,0.8925,0.8641,0.5312,0.5188,1202793,0.0,287.63,mixed,moderate,gradual,True,0.0,
46,50,Event-Driven Ensemble (EDDM),0.8161,0.89,0.8356,0.7974,0.9307,0.8925,0.8641,0.5156,0.5203,1202793,0.0,287.63,mixed,moderate,gradual,True,0.0,
46,50,Event-Driven Ensemble (Page-Hinkley),0.8161,0.89,0.8356,0.7974,0.9296,0.8913,0.8641,0.0156,0.017,1194169,0.0,287.63,mixed,moderate,gradual,False,0.0,
46,50,Frozen Ensemble,0.7452471482889734,0.866,0.8909090909090909,0.6405228758169934,0.9322860748526116,0.8928050735463253,0.8029703716260759,0.0,0.02592139970511198,1645981,0.0,180.40234375,mixed,moderate,gradual,False,0.0,0.0
46,50,Frozen Model,0.7744360902255639,0.88,0.911504424778761,0.673202614379085,0.9323049104367973,0.8930591395473373,0.8221920852875253,0.015625,0.01625159988179803,863552,0.0,180.40234375,mixed,moderate,gradual,False,0.0,0.0
46,50,Streaming Random Patches (river),0.5133,0.78,0.7945,0.3791,0.9015,0.7969,0.6679,1.375,1.3867,1340060,0.0,287.63,mixed,moderate,gradual,False,0.0,
46,50,Two-Tier Hybrid Ensemble,0.8037,0.874,0.7679,0.8431,0.9293,0.8914,0.8654,0.0469,0.0576,1297070,0.0,287.63,mixed,moderate,gradual,False,0.0,0.28
46,50,Warm-Start Ensemble,0.7326,0.816,0.6597,0.8235,0.8842,0.8538,0.8181,0.0,0.0101,596246,0.0,287.63,mixed,moderate,gradual,False,0.0,
46,51,Adaptive Random Forest (river),0.7137,0.586,0.5584,0.9885,0.949,0.9323,0.5675,0.7812,0.8008,1183722,0.0,287.68,mixed,mild,recovery,False,0.0,
46,51,Component-Selective Ensemble,0.9154,0.908,0.8799,0.954,0.9653,0.9654,0.9059,0.0312,0.0473,1192505,0.0,193.7,mixed,mild,recovery,False,0.0853,
46,51,Continuously Retrained Ensemble,0.9159,0.91,0.8942,0.9387,0.9651,0.9643,0.9087,0.4844,0.5024,1148224,0.0,287.63,mixed,mild,recovery,True,0.0,
46,51,Event-Driven Ensemble (ADWIN),0.9114,0.904,0.879,0.9464,0.9647,0.964,0.9021,0.5781,0.5703,1148224,0.0,287.68,mixed,mild,recovery,True,0.0,
46,51,Event-Driven Ensemble (Custom Dual-Trigger),0.9142,0.908,0.8909,0.9387,0.9655,0.965,0.9066,0.0,0.0094,1194169,0.0,287.68,mixed,mild,recovery,False,0.0853,
46,51,Event-Driven Ensemble (DDM),0.9111,0.904,0.8817,0.9425,0.9652,0.9642,0.9022,0.6406,0.6372,1148224,0.0,287.68,mixed,mild,recovery,True,0.0,
46,51,Event-Driven Ensemble (EDDM),0.9159,0.91,0.8942,0.9387,0.9651,0.9643,0.9087,0.5,0.4917,1148224,0.0,287.68,mixed,mild,recovery,True,0.0,
46,51,Event-Driven Ensemble (Page-Hinkley),0.9142,0.908,0.8909,0.9387,0.9655,0.965,0.9066,0.0156,0.0142,1194169,0.0,287.68,mixed,mild,recovery,False,0.0,
46,51,Frozen Ensemble,0.9097888675623801,0.906,0.9115384615384615,0.9080459770114943,0.9639461998428959,0.9626243677043439,0.9059058336940317,0.03125,0.03978470014408231,1645981,0.0,180.40234375,mixed,mild,recovery,False,0.0,0.0
46,51,Frozen Model,0.9076923076923077,0.904,0.9111969111969112,0.9042145593869731,0.9632087721829461,0.9613205848918049,0.9039901248817711,0.015625,0.010838999878615141,863552,0.0,180.40234375,mixed,mild,recovery,False,0.0,0.0
46,51,Streaming Random Patches (river),0.9111,0.902,0.8655,0.9617,0.9546,0.9572,0.8993,1.5312,1.5511,2547692,0.0,287.68,mixed,mild,recovery,False,0.0,
46,51,Two-Tier Hybrid Ensemble,0.9159,0.91,0.8942,0.9387,0.9659,0.9653,0.9087,0.0781,0.0816,1296900,0.0,287.68,mixed,mild,recovery,False,0.0,0.196
46,51,Warm-Start Ensemble,0.9007,0.892,0.8657,0.9387,0.9588,0.9619,0.8899,0.0156,0.0087,596246,0.0,287.68,mixed,mild,recovery,False,0.0,
46,52,Adaptive Random Forest (river),0.7946,0.786,0.7638,0.828,0.8336,0.7753,0.786,1.1875,1.179,1039848,0.0,287.68,covariate,mild,sudden,False,0.0,
46,52,Component-Selective Ensemble,0.8029,0.78,0.7273,0.896,0.8468,0.8109,0.78,0.0156,0.0166,1192505,0.0,193.7,covariate,mild,sudden,False,0.1329,
46,52,Continuously Retrained Ensemble,0.7922,0.766,0.7125,0.892,0.8492,0.8189,0.766,0.5312,0.5172,1208025,0.0,287.68,covariate,mild,sudden,True,0.0,
46,52,Event-Driven Ensemble (ADWIN),0.7922,0.766,0.7125,0.892,0.8492,0.8189,0.766,0.4688,0.4658,1208025,0.0,287.68,covariate,mild,sudden,True,0.0,
46,52,Event-Driven Ensemble (Custom Dual-Trigger),0.7876,0.754,0.693,0.912,0.8494,0.8107,0.754,0.0156,0.0156,1194169,0.0,287.68,covariate,mild,sudden,False,0.1329,
46,52,Event-Driven Ensemble (DDM),0.7922,0.766,0.7125,0.892,0.8492,0.8189,0.766,0.5156,0.5185,1208025,0.0,287.68,covariate,mild,sudden,True,0.0,
46,52,Event-Driven Ensemble (EDDM),0.7922,0.766,0.7125,0.892,0.8492,0.8189,0.766,0.4844,0.4839,1208025,0.0,287.68,covariate,mild,sudden,True,0.0,
46,52,Event-Driven Ensemble (Page-Hinkley),0.7876,0.754,0.693,0.912,0.8494,0.8107,0.754,0.625,0.6454,1208025,0.0,287.68,covariate,mild,sudden,True,0.0,
46,52,Frozen Ensemble,0.8120300751879699,0.8,0.7659574468085106,0.864,0.855248,0.8305020660527631,0.8,0.03125,0.030637300107628107,1645981,0.0,180.40234375,covariate,mild,sudden,False,0.0,0.0
46,52,Frozen Model,0.8156424581005587,0.802,0.7630662020905923,0.876,0.858208,0.835583767431238,0.802,0.0,0.061404400039464235,863552,0.0,180.40234375,covariate,mild,sudden,False,0.0,0.0
46,52,Streaming Random Patches (river),0.8,0.776,0.7226,0.896,0.8303,0.7545,0.776,2.1094,2.1516,1560676,0.0,287.68,covariate,mild,sudden,False,0.0,
46,52,Two-Tier Hybrid Ensemble,0.7923,0.764,0.7075,0.9,0.8497,0.811,0.764,0.0781,0.092,1297326,0.0,287.68,covariate,mild,sudden,False,0.0,0.1372
46,52,Warm-Start Ensemble,0.7915,0.746,0.6713,0.964,0.8514,0.8088,0.746,0.0156,0.0147,596246,0.0,287.68,covariate,mild,sudden,False,0.0,
46,53,Adaptive Random Forest (river),0.3171,0.216,0.1884,1.0,0.805,0.6542,0.5208,0.6719,0.6747,519910,0.0,287.69,concept,severe,recovery,False,0.0,
46,53,Component-Selective Ensemble,0.6712,0.904,0.8909,0.5385,0.9492,0.843,0.7619,0.5312,0.5548,1188985,0.0,193.7,concept,severe,recovery,True,0.1064,
46,53,Continuously Retrained Ensemble,0.528,0.882,0.9706,0.3626,0.9498,0.8451,0.6801,0.5781,0.5828,1186393,0.0,287.68,concept,severe,recovery,True,0.0,
46,53,Event-Driven Ensemble (ADWIN),0.528,0.882,0.9706,0.3626,0.9498,0.8451,0.6801,0.5312,0.5489,1186393,0.0,287.69,concept,severe,recovery,True,0.0,
46,53,Event-Driven Ensemble (Custom Dual-Trigger),0.6143,0.892,0.8776,0.4725,0.9476,0.825,0.7289,0.5156,0.517,1186393,0.0,287.69,concept,severe,recovery,True,0.1064,
46,53,Event-Driven Ensemble (DDM),0.528,0.882,0.9706,0.3626,0.9498,0.8451,0.6801,0.5625,0.5324,1186393,0.0,287.69,concept,severe,recovery,True,0.0,
46,53,Event-Driven Ensemble (EDDM),0.528,0.882,0.9706,0.3626,0.9498,0.8451,0.6801,0.4844,0.4811,1186393,0.0,287.69,concept,severe,recovery,True,0.0,
46,53,Event-Driven Ensemble (Page-Hinkley),0.528,0.882,0.9706,0.3626,0.9498,0.8451,0.6801,0.0156,0.0165,1208025,0.0,287.69,concept,severe,recovery,False,0.0,
46,53,Frozen Ensemble,0.34234234234234234,0.854,0.95,0.2087912087912088,0.9447056610870792,0.8043204821336519,0.6031731105080739,0.015625,0.02420919993892312,1645981,0.0,180.40234375,concept,severe,recovery,False,0.0,0.0
46,53,Frozen Model,0.37168141592920356,0.858,0.9545454545454546,0.23076923076923078,0.9449206050673044,0.8007160659943516,0.6141621214970848,0.015625,0.015417899936437607,863552,0.0,180.40234375,concept,severe,recovery,False,0.0,0.0
46,53,Streaming Random Patches (river),0.4456,0.572,0.2915,0.9451,0.9077,0.7307,0.717,1.2969,1.3221,1291417,0.0,287.69,concept,severe,recovery,False,0.0,
46,53,Two-Tier Hybrid Ensemble,0.6043,0.89,0.875,0.4615,0.948,0.8305,0.7234,0.5312,0.5422,1290782,0.0,287.69,concept,severe,recovery,True,0.0,0.4
46,53,Warm-Start Ensemble,0.7314,0.906,0.7619,0.7033,0.9098,0.77,0.8272,0.0156,0.0181,596246,0.0,287.69,concept,severe,recovery,False,0.0,
46,54,Adaptive Random Forest (river),0.1711,0.438,0.4833,0.1039,0.5967,0.599,0.4818,0.7969,0.8467,1433798,0.0,287.69,covariate,mild,gradual,False,0.0,
46,54,Component-Selective Ensemble,0.768,0.704,0.6825,0.8781,0.7763,0.8109,0.6811,0.0156,0.0184,1188985,0.0,193.7,covariate,mild,gradual,False,0.1467,
46,54,Continuously Retrained Ensemble,0.7663,0.706,0.6886,0.8638,0.7732,0.8058,0.6853,0.5625,0.6157,1234425,0.0,287.69,covariate,mild,gradual,True,0.0,
46,54,Event-Driven Ensemble (ADWIN),0.7663,0.706,0.6886,0.8638,0.7732,0.8058,0.6853,0.6406,0.6633,1234425,0.0,287.69,covariate,mild,gradual,True,0.0,
46,54,Event-Driven Ensemble (Custom Dual-Trigger),0.767,0.706,0.6875,0.8674,0.7737,0.8085,0.6848,0.0156,0.0126,1186393,0.0,287.69,covariate,mild,gradual,False,0.1467,
46,54,Event-Driven Ensemble (DDM),0.7663,0.706,0.6886,0.8638,0.7732,0.8058,0.6853,0.5781,0.5645,1234425,0.0,287.69,covariate,mild,gradual,True,0.0,
46,54,Event-Driven Ensemble (EDDM),0.7663,0.706,0.6886,0.8638,0.7732,0.8058,0.6853,0.6406,0.6425,1234425,0.0,287.69,covariate,mild,gradual,True,0.0,
46,54,Event-Driven Ensemble (Page-Hinkley),0.7573,0.7,0.6903,0.8387,0.772,0.8043,0.6818,0.0312,0.0182,1208025,0.0,287.69,covariate,mild,gradual,False,0.0,
46,54,Frozen Ensemble,0.7432675044883303,0.714,0.7446043165467626,0.7419354838709677,0.7782481065213512,0.8123836978471172,0.710334257772588,0.0,0.07951700035482645,1645981,0.0,180.40234375,covariate,mild,gradual,False,0.0,0.0
46,54,Frozen Model,0.7495559502664298,0.718,0.7429577464788732,0.7562724014336918,0.7770155208485379,0.8129108811985671,0.7129778296761219,0.03125,0.017177000176161528,863552,0.0,180.40234375,covariate,mild,gradual,False,0.0,0.0
46,54,Streaming Random Patches (river),0.7474,0.658,0.6357,0.9068,0.6621,0.638,0.6254,1.5312,1.5467,3132367,0.0039,287.69,covariate,mild,gradual,False,0.0,
46,54,Two-Tier Hybrid Ensemble,0.7695,0.71,0.6914,0.8674,0.7752,0.8094,0.6893,0.0938,0.0958,1322939,0.0,287.7,covariate,mild,gradual,False,0.0,0.28
46,54,Warm-Start Ensemble,0.7599,0.684,0.6596,0.8961,0.7671,0.8114,0.6562,0.0156,0.0188,596246,0.0,287.69,covariate,mild,gradual,False,0.0,
46,55,Adaptive Random Forest (river),0.5926,0.802,0.6429,0.5496,0.8119,0.6417,0.7206,0.8125,0.8257,450028,0.0,287.82,covariate,mild,recovery,False,0.0,
46,55,Component-Selective Ensemble,0.6574,0.802,0.6013,0.7252,0.8515,0.6529,0.7772,0.0156,0.018,1188985,0.0,193.7,covariate,mild,recovery,False,0.0433,
46,55,Continuously Retrained Ensemble,0.669,0.814,0.6267,0.7176,0.8478,0.6687,0.7829,0.4688,0.482,1250594,0.0,287.7,covariate,mild,recovery,True,0.0,
46,55,Event-Driven Ensemble (ADWIN),0.669,0.814,0.6267,0.7176,0.8478,0.6687,0.7829,0.4688,0.4626,1250594,0.0,287.79,covariate,mild,recovery,True,0.0,
46,55,Event-Driven Ensemble (Custom Dual-Trigger),0.6552,0.8,0.5975,0.7252,0.8479,0.6557,0.7759,0.0156,0.0137,1186393,0.0,287.79,covariate,mild,recovery,False,0.0433,
46,55,Event-Driven Ensemble (DDM),0.669,0.814,0.6267,0.7176,0.8478,0.6687,0.7829,0.4844,0.4888,1250594,0.0078,287.79,covariate,mild,recovery,True,0.0,
46,55,Event-Driven Ensemble (EDDM),0.669,0.814,0.6267,0.7176,0.8478,0.6687,0.7829,0.5625,0.5714,1250594,0.0039,287.8,covariate,mild,recovery,True,0.0,
46,55,Event-Driven Ensemble (Page-Hinkley),0.6573,0.804,0.6065,0.7176,0.8556,0.6796,0.7761,0.0312,0.0174,1208025,0.0,287.8,covariate,mild,recovery,False,0.0,
46,55,Frozen Ensemble,0.6209677419354839,0.812,0.6581196581196581,0.5877862595419847,0.8608163180868449,0.6707791622575299,0.7396925877655722,0.03125,0.03691909974440932,1645981,0.0,180.40234375,covariate,mild,recovery,False,0.0,0.0
46,55,Frozen Model,0.6097560975609756,0.808,0.6521739130434783,0.5725190839694656,0.860795630857072,0.668235638211556,0.7320589999793128,0.015625,0.013484600000083447,863552,0.0,180.40234375,covariate,mild,recovery,False,0.0,0.0
46,55,Streaming Random Patches (river),0.592,0.796,0.6218,0.5649,0.79,0.6028,0.7215,2.1406,2.2261,4359145,0.0,287.82,covariate,mild,recovery,False,0.0,
46,55,Two-Tier Hybrid Ensemble,0.6667,0.816,0.6345,0.7023,0.8512,0.6643,0.7793,0.0781,0.0898,1355626,0.0,287.82,covariate,mild,recovery,False,0.0,0.196
46,55,Warm-Start Ensemble,0.6194,0.764,0.5363,0.7328,0.8012,0.6133,0.7539,0.0938,0.1159,626895,0.0,287.8,covariate,mild,recovery,True,0.0,
46,56,Adaptive Random Forest (river),0.3871,0.24,0.24,1.0,0.6258,0.4961,0.5,0.7031,0.7286,174515,0.0,287.85,none,none,stable,False,0.0,
46,56,Component-Selective Ensemble,0.6901,0.824,0.5976,0.8167,0.8934,0.6834,0.8215,0.0312,0.0232,1188985,0.0,193.7,none,none,stable,False,0.0491,
46,56,Continuously Retrained Ensemble,0.6831,0.82,0.5915,0.8083,0.9027,0.7148,0.816,0.5469,0.5546,1278930,0.0,287.82,none,none,stable,True,0.0,
46,56,Event-Driven Ensemble (ADWIN),0.6831,0.82,0.5915,0.8083,0.9027,0.7148,0.816,0.5312,0.5179,1278930,0.0,287.82,none,none,stable,True,0.0,
46,56,Event-Driven Ensemble (Custom Dual-Trigger),0.6923,0.824,0.5964,0.825,0.9007,0.7085,0.8243,0.0156,0.0161,1186393,0.0,287.82,none,none,stable,False,0.0491,
46,56,Event-Driven Ensemble (DDM),0.6831,0.82,0.5915,0.8083,0.9027,0.7148,0.816,0.5625,0.5639,1278930,0.0,287.82,none,none,stable,True,0.0,
46,56,Event-Driven Ensemble (EDDM),0.6831,0.82,0.5915,0.8083,0.9027,0.7148,0.816,0.5312,0.5079,1278930,0.0,287.82,none,none,stable,True,0.0,
46,56,Event-Driven Ensemble (Page-Hinkley),0.6863,0.83,0.6159,0.775,0.8996,0.7143,0.8112,0.5938,0.6239,1278930,0.0,287.82,none,none,stable,True,0.0,
46,56,Frozen Ensemble,0.6613545816733067,0.83,0.6335877862595419,0.6916666666666667,0.9012719298245614,0.6970597694358843,0.7826754385964912,0.03125,0.039964900352060795,1645981,0.0,180.40234375,none,none,stable,False,0.0,0.0
46,56,Frozen Model,0.6640316205533597,0.83,0.631578947368421,0.7,0.9009429824561405,0.6874691770295264,0.7855263157894736,0.015625,0.01385520026087761,863552,0.0,180.40234375,none,none,stable,False,0.0,0.0
46,56,Streaming Random Patches (river),0.664,0.832,0.6385,0.6917,0.8391,0.6395,0.784,1.7188,1.7258,3126655,0.0,287.85,none,none,stable,False,0.0,
46,56,Two-Tier Hybrid Ensemble,0.6857,0.824,0.6,0.8,0.8996,0.704,0.8158,0.0781,0.085,1356339,0.0,287.85,none,none,stable,False,0.0,0.1372
46,56,Warm-Start Ensemble,0.6996,0.83,0.6074,0.825,0.8973,0.6876,0.8283,0.0156,0.0089,626895,0.0,287.82,none,none,stable,False,0.0,
46,57,Adaptive Random Forest (river),0.0,0.116,0.0,0.0,0.6034,0.9513,0.5,0.6094,0.6244,431916,0.0,287.85,mixed,severe,recovery,False,0.0,
46,57,Component-Selective Ensemble,0.9541,0.916,0.9219,0.9887,0.9617,0.9947,0.6754,0.25,0.2943,1188409,0.0,193.7,mixed,severe,recovery,True,0.2569,
46,57,Continuously Retrained Ensemble,0.9273,0.872,0.9315,0.9231,0.8859,0.9815,0.7029,0.6094,0.6098,1168560,0.0,287.85,mixed,severe,recovery,True,0.0,
46,57,Event-Driven Ensemble (ADWIN),0.9273,0.872,0.9315,0.9231,0.8859,0.9815,0.7029,0.5312,0.5272,1168560,0.0,287.85,mixed,severe,recovery,True,0.0,
46,57,Event-Driven Ensemble (Custom Dual-Trigger),0.9595,0.926,0.9299,0.991,0.9629,0.9949,0.711,0.5156,0.5107,1168560,0.0,287.85,mixed,severe,recovery,True,0.2569,
46,57,Event-Driven Ensemble (DDM),0.9273,0.872,0.9315,0.9231,0.8859,0.9815,0.7029,0.5156,0.5273,1168560,0.0,287.85,mixed,severe,recovery,True,0.0,
46,57,Event-Driven Ensemble (EDDM),0.9273,0.872,0.9315,0.9231,0.8859,0.9815,0.7029,0.5312,0.5612,1168560,0.0,287.85,mixed,severe,recovery,True,0.0,
46,57,Event-Driven Ensemble (Page-Hinkley),0.9273,0.872,0.9315,0.9231,0.8859,0.9815,0.7029,0.5,0.5033,1168560,0.0,287.85,mixed,severe,recovery,True,0.0,
46,57,Frozen Ensemble,0.9447004608294931,0.904,0.9624413145539906,0.9276018099547512,0.9325557809330628,0.9898258343547032,0.825869870494617,0.015625,0.027283699717372656,1645981,0.0,180.40234375,mixed,severe,recovery,False,0.0,0.0
46,57,Frozen Model,0.9579067121729238,0.926,0.9633867276887872,0.9524886877828054,0.9295911998751755,0.9886869874238395,0.8383133094086441,0.0,0.02371599990874529,863552,0.0,180.40234375,mixed,severe,recovery,False,0.0,0.0
46,57,Streaming Random Patches (river),0.6423,0.53,0.9814,0.4774,0.8314,0.9734,0.7042,1.4062,1.442,552522,0.0,287.85,mixed,severe,recovery,False,0.0,
46,57,Two-Tier Hybrid Ensemble,0.9563,0.92,0.9241,0.991,0.9594,0.9944,0.6851,0.625,0.6275,1337458,0.0,287.85,mixed,severe,recovery,True,0.0,0.4
46,57,Warm-Start Ensemble,0.9593,0.926,0.9336,0.9864,0.8542,0.9578,0.726,0.125,0.12,604975,0.0,287.85,mixed,severe,recovery,True,0.0,
46,58,Adaptive Random Forest (river),0.3291,0.894,0.4643,0.2549,0.7885,0.3475,0.6107,0.6406,0.6472,463203,0.0,287.97,none,none,stable,False,0.0,
46,58,Component-Selective Ensemble,0.3556,0.884,0.4103,0.3137,0.83,0.3527,0.6313,0.8125,0.8145,1187385,0.0,193.7,none,none,stable,True,0.1041,
46,58,Continuously Retrained Ensemble,0.3488,0.888,0.4286,0.2941,0.83,0.3448,0.6248,0.5,0.4976,1187385,0.0,287.85,none,none,stable,True,0.0,
46,58,Event-Driven Ensemble (ADWIN),0.3488,0.888,0.4286,0.2941,0.83,0.3448,0.6248,0.5625,0.5486,1187385,0.0,287.85,none,none,stable,True,0.0,
46,58,Event-Driven Ensemble (Custom Dual-Trigger),0.3488,0.888,0.4286,0.2941,0.83,0.3448,0.6248,0.5469,0.5453,1187385,0.0,287.85,none,none,stable,True,0.1041,
46,58,Event-Driven Ensemble (DDM),0.3488,0.888,0.4286,0.2941,0.83,0.3448,0.6248,0.5312,0.53,1187385,0.0,287.85,none,none,stable,True,0.0,
46,58,Event-Driven Ensemble (EDDM),0.3488,0.888,0.4286,0.2941,0.83,0.3448,0.6248,0.5938,0.6169,1187385,0.0,287.85,none,none,stable,True,0.0,
46,58,Event-Driven Ensemble (Page-Hinkley),0.3488,0.888,0.4286,0.2941,0.83,0.3448,0.6248,0.0156,0.02,1168560,0.0,287.85,none,none,stable,False,0.0,
46,58,Frozen Ensemble,0.2191780821917808,0.886,0.36363636363636365,0.1568627450980392,0.8286388051879995,0.31837650629820824,0.5628411721035853,0.03125,0.024528200272470713,1645981,0.0,180.40234375,none,none,stable,False,0.0,0.0
46,58,Frozen Model,0.2222222222222222,0.888,0.38095238095238093,0.1568627450980392,0.8297523909341019,0.31859738108264796,0.5639547578496877,0.0,0.017334099858999252,863552,0.0,180.40234375,none,none,stable,False,0.0,0.0
46,58,Streaming Random Patches (river),0.1471,0.884,0.2941,0.098,0.8019,0.3066,0.5357,1.2188,1.2549,1320129,0.0,287.97,none,none,stable,False,0.0,
46,58,Two-Tier Hybrid Ensemble,0.2432,0.888,0.3913,0.1765,0.8251,0.3398,0.5726,0.6094,0.5909,1357745,0.0,287.97,none,none,stable,True,0.0,0.4
46,58,Warm-Start Ensemble,0.1944,0.884,0.3333,0.1373,0.782,0.3096,0.553,0.0781,0.0984,610863,0.0,287.85,none,none,stable,True,0.0,
46,59,Adaptive Random Forest (river),0.0,0.486,0.0,0.0,0.8421,0.7687,0.5,0.8125,0.8006,1375762,0.0,287.97,mixed,mild,gradual,False,0.0,
46,59,Component-Selective Ensemble,0.8388,0.834,0.8372,0.8405,0.9119,0.903,0.8338,0.0156,0.0179,1187385,0.0,193.72,mixed,mild,gradual,False,0.094,
46,59,Continuously Retrained Ensemble,0.8388,0.834,0.8372,0.8405,0.9106,0.9002,0.8338,0.5312,0.5351,1177465,0.0,287.97,mixed,mild,gradual,True,0.0,
46,59,Event-Driven Ensemble (ADWIN),0.8388,0.834,0.8372,0.8405,0.9106,0.9002,0.8338,0.0156,0.0165,1187385,0.0,287.97,mixed,mild,gradual,False,0.0,
46,59,Event-Driven Ensemble (Custom Dual-Trigger),0.8388,0.834,0.8372,0.8405,0.9106,0.9002,0.8338,0.0156,0.0165,1187385,0.0,287.97,mixed,mild,gradual,False,0.094,
46,59,Event-Driven Ensemble (DDM),0.8388,0.834,0.8372,0.8405,0.9106,0.9002,0.8338,0.5156,0.5064,1177465,0.0,287.97,mixed,mild,gradual,True,0.0,
46,59,Event-Driven Ensemble (EDDM),0.8388,0.834,0.8372,0.8405,0.9106,0.9002,0.8338,0.5781,0.5951,1177465,0.0,287.97,mixed,mild,gradual,True,0.0,
46,59,Event-Driven Ensemble (Page-Hinkley),0.8485,0.84,0.8266,0.8716,0.9132,0.9023,0.8391,0.0,0.0097,1168560,0.0,287.97,mixed,mild,gradual,False,0.0,
46,59,Frozen Ensemble,0.8362919132149902,0.834,0.848,0.8249027237354085,0.9140446109750044,0.9010221627144637,0.8342620614561816,0.015625,0.028258599806576967,1645981,0.0,180.40234375,mixed,mild,gradual,False,0.0,0.0
46,59,Frozen Model,0.8402366863905325,0.838,0.852,0.8287937743190662,0.9122191798369922,0.8973593708827479,0.8382651999167348,0.015625,0.014884599950164557,863552,0.0,180.40234375,mixed,mild,gradual,False,0.0,0.0
46,59,Streaming Random Patches (river),0.8142,0.822,0.8784,0.7588,0.9098,0.8647,0.8238,1.2969,1.3193,1320229,0.0,287.97,mixed,mild,gradual,False,0.0,
46,59,Two-Tier Hybrid Ensemble,0.7958,0.806,0.867,0.7354,0.9099,0.8995,0.808,0.0938,0.0959,1358364,0.0,287.97,mixed,mild,gradual,False,0.0,0.28
46,59,Warm-Start Ensemble,0.8261,0.824,0.8394,0.8132,0.9057,0.8831,0.8243,0.0,0.0088,610863,0.0,287.97,mixed,mild,gradual,False,0.0,
