timestamp,speed,distance,delay,throughput,qos_violation
0,1.5745,93.64,17.946,16.97,1
1,1.483,94.19,17.998,24.05,1
2,1.6047,93.41,17.448,28.26,1
3,1.7398,94.62,18.204,33.42,1
4,1.48,96.59,17.79,39.24,1
5,1.4837,92.46,17.388,39.08,1
6,1.7595,95.8,17.57,22.08,1
7,1.6415,92.04,18.421,30.8,1
8,1.4597,91.7,17.417,34.59,1
9,1.6152,94.84,19.355,30.0,1
10,1.4681,94.84,18.355,29.94,0
11,1.4715,94.5,18.122,18.52,1
12,1.5814,89.97,17.036,25.8,1
13,1.2618,91.47,17.128,30.9,1
14,1.2938,93.85,18.06,7.95,1
15,1.4719,92.08,17.534,38.88,1
16,1.408,89.65,16.783,24.23,1
17,1.6107,92.52,17.173,38.98,1
18,1.4311,89.97,16.927,39.81,1
19,1.3591,94.79,19.04,27.78,1
20,1.7945,94.09,19.287,40.55,1
21,1.5444,92.01,17.637,39.74,1
22,1.592,93.32,17.81,30.54,1
23,1.3718,90.53,17.204,31.31,1
24,1.5075,91.73,17.198,42.74,1
25,1.6093,92.96,18.427,35.08,1
26,1.4236,90.29,18.409,43.18,1
27,1.6562,89.09,16.813,16.43,1
28,1.5133,85.99,16.616,38.19,1
29,1.5632,89.03,16.94,22.96,1
30,1.5202,90.65,17.192,34.41,1
31,1.8918,90.69,17.961,40.3,1
32,1.6154,89.61,16.783,49.15,1
33,1.4622,87.32,17.053,29.1,1
34,1.7477,84.25,16.725,34.25,1
35,1.4446,87.01,16.746,36.03,1
36,1.6625,87.19,17.258,28.89,0
37,1.3406,86.97,16.857,44.64,1
38,1.4386,88.64,17.673,35.26,1
39,1.6707,91.17,16.97,35.27,1
40,1.7553,87.25,16.707,41.61,1
41,1.6735,86.37,16.677,36.61,1
42,1.6337,86.08,16.006,30.81,1
43,1.6092,86.65,16.395,36.51,1
44,1.4358,84.54,16.154,31.42,1
45,1.5528,86.24,17.147,38.12,1
46,1.5948,86.7,16.509,44.95,1
47,1.8256,86.02,16.374,27.99,1
48,1.7217,86.32,17.084,24.95,1
49,1.4088,86.07,16.184,37.75,1
50,1.7249,81.46,15.405,33.98,1
51,1.6216,86.07,16.526,37.61,1
52,1.5808,83.26,15.799,41.61,1
53,1.7771,82.21,15.65,22.53,1
54,1.843,81.99,16.306,45.32,0
55,1.8309,84.87,16.9,28.72,1
56,1.5682,83.35,16.624,38.81,1
57,1.6506,80.24,16.344,35.58,1
58,1.7495,84.36,17.046,33.97,1
59,1.8489,80.32,15.225,54.36,1
60,1.6335,83.28,16.439,41.59,1
61,1.6802,83.28,16.051,46.27,1
62,1.5448,84.37,16.147,39.58,1
63,1.534,85.96,16.896,42.38,1
64,1.838,79.47,15.171,44.66,1
65,1.9221,81.9,15.531,41.9,1
66,1.7105,81.25,16.226,49.11,1
67,1.8743,82.47,16.336,40.77,1
68,1.7805,81.83,16.081,58.18,1
69,1.632,80.49,15.528,48.39,1
70,1.7854,80.12,16.114,31.81,1
71,1.9642,78.57,15.848,40.45,1
72,1.7305,82.58,16.171,42.63,1
73,1.9729,81.32,15.572,40.56,1
74,1.3475,82.04,15.899,45.27,1
75,1.866,79.38,16.055,47.75,1
76,1.758,78.49,16.223,31.03,1
77,1.7022,77.44,15.244,52.78,1
78,1.7629,80.12,15.673,36.95,1
79,1.4531,77.12,15.255,37.96,1
80,1.7203,82.7,16.271,34.59,1
81,1.8089,76.18,14.97,49.76,1
82,1.9789,79.15,14.936,39.38,1
83,1.6814,81.53,16.591,34.77,1
84,1.6398,79.4,16.71,37.97,1
85,1.6876,78.35,15.285,27.63,1
86,1.902,75.86,14.782,36.74,1
87,1.8158,74.84,14.922,34.18,0
88,1.6887,78.94,15.519,39.48,1
89,1.8468,80.21,16.271,46.19,1
90,1.786,76.12,15.19,47.76,1
91,1.9183,74.52,14.657,54.34,0
92,1.6693,71.68,14.093,54.26,1
93,1.7269,74.44,15.33,40.11,1
94,1.7187,75.97,15.417,43.57,1
95,1.5594,79.2,16.158,41.22,1
96,1.8247,77.15,15.001,25.5,1
97,1.8208,76.21,16.268,33.54,1
98,1.7837,74.6,14.438,42.9,1
99,1.7489,74.03,15.183,43.2,0
100,1.573,77.81,14.888,46.41,0
101,1.7234,75.2,14.759,47.59,1
102,1.7361,70.39,15.176,32.6,1
103,1.6683,73.05,15.102,49.32,1
104,1.7654,72.48,14.426,46.94,0
105,1.8512,72.91,14.499,50.24,0
106,2.0744,74.93,15.03,52.58,1
107,1.8185,73.39,14.986,43.83,1
108,1.8318,73.25,15.387,55.02,1
109,1.7828,75.83,14.957,36.39,1
110,1.5069,71.61,14.016,38.47,0
111,1.7914,76.53,15.294,46.51,1
112,1.805,71.26,14.271,43.3,1
113,2.1661,72.58,14.231,47.55,1
114,1.7683,71.64,14.622,61.96,0
115,1.8429,72.25,14.505,48.8,1
116,1.7929,72.69,14.784,47.08,1
117,1.6232,72.47,14.319,38.57,1
118,1.9703,69.89,14.449,33.46,1
119,1.9119,68.95,13.684,47.05,1
120,1.9181,76.01,14.869,51.93,1
121,1.6632,69.83,14.132,44.52,0
122,2.0102,72.0,15.557,49.01,1
123,1.5896,67.18,14.197,60.1,1
124,1.888,69.64,14.735,58.43,1
125,2.1286,69.75,14.975,50.58,1
126,1.6514,70.75,17.587,47.91,1
127,1.715,64.16,13.39,38.36,1
128,1.8147,69.73,14.975,42.12,0
129,1.7241,66.9,14.284,46.61,1
130,1.5668,69.65,14.687,40.39,1
131,1.8094,66.73,14.792,50.95,1
132,1.6395,66.89,13.629,64.16,1
133,1.8695,67.85,13.747,60.43,1
134,1.6602,66.1,13.801,51.29,1
135,2.0301,67.05,13.737,55.01,0
136,1.6797,65.41,13.698,43.92,0
137,1.7483,63.93,14.208,62.35,1
138,1.918,69.44,13.991,34.84,1
139,1.6107,64.61,13.326,57.54,0
140,1.8288,66.64,13.819,52.98,1
141,1.99,68.31,13.909,41.97,1
142,1.5521,65.37,13.021,48.11,1
143,1.8201,64.75,13.255,41.08,1
144,1.8305,66.65,14.064,40.28,1
145,1.9078,68.24,14.763,35.33,1
146,1.6041,63.46,12.899,57.06,0
147,1.5905,65.3,13.174,59.46,0
148,1.8658,61.94,13.052,34.54,1
149,1.831,64.41,12.848,65.06,1
150,1.8229,65.07,13.347,49.86,1
151,1.8361,63.09,12.713,53.46,0
152,1.6809,63.69,14.032,39.01,1
153,1.8165,61.58,12.723,62.62,0
154,1.8243,64.35,14.34,51.99,1
155,1.6718,66.11,14.228,58.44,1
156,2.0574,61.61,12.763,61.8,0
157,1.8471,62.35,12.754,62.27,0
158,1.5959,64.41,13.336,45.17,1
159,1.8715,65.62,13.553,47.96,1
160,1.6252,60.01,12.901,48.1,0
161,1.8879,62.46,12.852,58.68,1
162,1.9419,63.17,13.573,53.76,0
163,1.6433,62.2,13.191,60.24,0
164,1.9092,57.25,12.21,63.55,0
165,1.8248,63.0,12.952,37.38,0
166,1.8844,64.84,13.405,60.9,1
167,2.0437,61.83,12.746,59.51,1
168,1.7204,59.34,12.674,50.44,0
169,1.6422,60.17,12.811,55.69,1
170,1.6199,64.54,13.541,49.29,0
171,1.6289,62.62,14.17,56.36,1
172,1.7376,61.88,12.98,48.9,0
173,1.7982,61.11,13.411,56.16,1
174,1.7864,58.88,12.678,54.21,0
175,1.8668,59.6,12.599,49.78,0
176,1.7424,59.64,12.65,54.73,0
177,1.9562,60.7,12.832,74.23,0
178,1.6962,62.42,13.231,46.07,1
179,2.1416,61.44,12.647,50.14,0
180,1.825,56.16,11.731,49.96,1
181,1.6002,59.25,12.936,48.95,0
182,1.5656,60.07,13.193,59.48,0
183,1.7962,59.64,13.043,58.94,1
184,1.6877,56.94,12.355,54.79,1
185,1.8258,63.83,13.683,58.91,1
186,1.7871,55.25,12.367,62.2,1
187,1.7025,55.43,12.435,54.44,0
188,1.5838,57.87,12.139,42.01,0
189,1.4809,61.43,12.61,58.78,1
190,1.6384,55.33,11.905,57.16,0
191,1.8311,56.27,12.183,55.42,0
192,1.7319,58.75,12.471,50.02,0
193,1.5101,56.36,11.677,61.14,0
194,1.7201,55.53,13.071,58.47,1
195,1.749,57.13,12.216,52.83,1
196,1.5557,56.35,12.273,45.39,1
197,1.7084,57.66,13.044,62.95,1
198,1.6911,57.98,11.839,59.05,0
199,1.5079,55.81,11.937,57.55,0
200,1.73,55.58,11.944,34.4,1
201,1.7574,55.23,11.908,55.56,0
202,1.8326,55.58,12.02,53.72,1
203,1.8251,54.51,12.711,51.35,1
204,1.4573,54.2,12.189,62.51,1
205,1.5201,56.39,12.676,60.88,0
206,1.7348,56.83,12.294,58.4,0
207,1.7314,50.58,10.909,66.95,0
208,1.7283,53.42,11.198,48.77,0
209,2.2257,51.82,11.066,54.28,1
210,1.7302,52.38,11.761,58.17,1
211,1.8115,53.61,11.804,51.86,1
212,1.781,53.94,11.76,62.45,1
213,1.7322,52.18,11.439,53.52,1
214,1.5838,48.37,12.242,70.36,0
215,1.7416,50.07,10.98,51.51,1
216,1.5084,53.59,12.238,73.9,1
217,1.5853,46.12,10.669,77.56,0
218,1.5446,53.77,11.792,55.98,0
219,1.6262,52.24,12.187,66.82,1
220,1.9576,53.63,12.59,53.62,1
221,1.3268,50.4,11.219,66.86,1
222,1.7063,46.48,11.098,59.71,0
223,1.3579,51.26,11.596,47.96,1
224,1.5255,52.75,11.665,29.09,1
225,1.756,51.85,11.613,55.74,0
226,1.5988,48.47,10.781,62.15,1
227,1.4238,49.77,11.101,69.78,1
228,1.4746,48.33,10.793,60.29,0
229,1.6802,47.56,11.318,68.49,1
230,1.4651,50.91,11.349,54.82,1
231,1.6034,46.4,10.306,58.46,0
232,1.5741,46.81,10.521,69.34,0
233,1.4659,46.19,9.957,41.57,1
234,1.8815,45.22,10.353,61.97,0
235,1.6513,48.29,11.009,56.82,1
236,1.2487,50.12,11.215,69.81,0
237,1.5768,47.23,12.042,56.44,1
238,1.4458,44.39,10.667,66.5,0
239,1.6692,48.88,11.318,67.04,0
240,1.4187,50.37,10.824,46.84,1
241,1.5166,45.51,10.44,60.58,0
242,1.6059,45.64,10.42,58.16,0
243,1.6562,47.43,10.595,68.11,0
244,1.3426,49.44,10.893,64.73,0
245,1.4687,44.96,9.979,60.16,0
246,1.4438,43.14,9.821,54.74,0
247,1.4133,46.86,11.198,69.19,0
248,1.7724,47.0,10.744,60.26,0
249,1.5645,45.21,10.348,48.93,0
250,1.3109,43.88,10.33,50.41,0
251,1.6339,46.79,11.363,64.43,0
252,1.8108,45.66,10.6,51.4,1
253,1.6436,42.86,10.421,78.16,1
254,1.257,44.3,10.107,54.92,1
255,1.4085,41.3,9.725,64.22,0
256,1.6674,45.17,10.678,63.17,1
257,1.3675,43.08,11.343,57.32,0
258,1.5365,42.53,10.901,45.56,0
259,1.5823,43.13,10.483,64.65,0
260,1.3234,43.08,10.275,57.13,1
261,1.4497,44.59,11.19,63.18,1
262,0.9687,43.78,10.692,61.75,1
263,1.2976,42.09,9.463,65.85,0
264,1.4096,43.73,9.965,75.26,0
265,1.2566,42.8,10.315,58.95,0
266,1.6849,40.95,9.381,60.68,0
267,1.2219,41.35,9.651,50.86,0
268,1.3667,41.1,9.671,62.78,1
269,1.4487,42.21,9.984,66.95,0
270,1.6416,40.27,9.681,60.97,1
271,1.2064,40.02,9.644,68.32,0
272,1.5926,44.54,10.822,60.86,0
273,1.416,42.28,9.991,53.21,0
274,1.2637,38.68,9.409,68.29,0
275,1.4766,41.14,9.504,62.67,0
276,1.4336,40.04,10.262,65.96,0
277,1.3101,40.38,9.572,60.23,0
278,1.4071,39.67,9.349,59.95,0
279,1.3353,41.58,10.076,65.31,0
280,1.4066,39.69,9.44,63.34,0
281,1.4854,38.68,9.362,79.59,0
282,1.6205,40.68,9.962,70.98,1
283,1.1935,38.87,9.458,70.04,0
284,1.6956,38.44,11.037,64.51,0
285,1.0795,38.63,9.515,49.61,0
286,1.3461,37.61,9.672,59.97,0
287,1.4537,37.62,8.853,61.25,1
288,1.4043,36.23,8.893,65.06,0
289,1.2654,35.7,8.752,67.31,0
290,1.3243,35.0,8.683,73.25,1
291,1.2782,34.02,9.033,70.78,0
292,1.2605,34.84,9.489,77.37,0
293,1.4731,36.05,9.306,64.87,0
294,1.396,36.41,9.124,69.21,1
295,1.2353,35.46,8.846,70.48,0
296,1.471,31.09,8.974,72.31,0
297,1.379,38.75,10.852,76.01,1
298,1.4517,37.57,9.441,72.89,1
299,1.4212,36.09,9.62,56.79,1
300,1.1993,38.81,9.719,64.8,0
301,1.2366,32.85,9.03,69.18,0
302,1.4297,38.38,9.134,83.19,0
303,1.4062,32.47,8.443,66.88,0
304,1.3086,34.68,9.123,60.33,0
305,1.3264,31.45,9.092,73.64,0
306,1.4975,33.83,8.545,72.68,0
307,1.2143,34.37,8.349,67.79,0
308,1.3823,33.09,8.533,67.38,0
309,1.2671,34.63,9.442,75.81,0
310,1.262,33.2,8.26,62.25,0
311,1.4567,31.76,8.138,67.22,0
312,1.413,31.47,8.534,65.94,0
313,1.4086,34.02,8.808,77.34,0
314,1.4797,30.89,8.652,72.75,0
315,1.2845,33.83,8.436,60.18,0
316,1.381,34.25,8.765,60.74,0
317,1.2297,28.26,8.602,87.03,0
318,1.3223,33.67,8.42,77.47,0
319,1.2517,35.32,9.853,74.54,0
320,1.2834,31.5,8.128,70.2,0
321,1.3557,32.0,8.954,81.87,0
322,1.1414,32.67,8.513,60.57,0
323,1.5757,29.85,7.86,77.11,0
324,1.1086,30.56,8.154,67.12,1
325,1.0752,27.37,8.099,70.59,0
326,1.4288,30.08,8.259,76.76,0
327,1.3717,30.6,8.904,69.49,0
328,1.3444,30.43,9.091,67.26,0
329,1.343,31.33,8.073,66.24,0
330,1.2449,27.45,7.473,56.64,0
331,1.1101,27.73,7.504,78.46,1
332,1.2541,32.39,8.307,61.51,0
333,1.1392,28.1,8.52,87.01,0
334,1.3852,28.6,8.291,69.54,0
335,1.215,27.87,7.734,82.76,0
336,1.1115,26.16,7.669,58.83,0
337,1.1854,30.85,9.131,76.34,0
338,1.2938,26.34,8.847,81.1,0
339,1.1456,24.95,7.601,84.46,0
340,1.1052,26.1,7.01,61.12,0
341,1.2635,22.8,7.296,69.7,0
342,1.2622,25.3,7.998,78.43,0
343,1.1479,24.46,7.514,75.51,0
344,1.1518,27.43,8.202,74.89,0
345,1.2559,24.65,7.602,71.33,0
346,1.0025,27.58,7.497,84.86,0
347,1.0073,28.4,7.711,92.83,0
348,1.1093,26.96,7.674,73.65,0
349,1.1839,24.77,7.997,77.77,0
350,1.2613,25.28,7.278,74.28,0
351,1.4348,21.75,7.213,86.22,0
352,1.3411,24.33,7.529,81.03,0
353,1.1874,22.68,8.038,66.86,0
354,1.2075,25.59,7.572,68.75,0
355,1.059,29.15,7.617,63.44,0
356,1.2057,24.8,7.765,95.68,0
357,1.1643,19.62,8.045,82.31,0
358,1.2552,22.68,7.481,70.63,0
359,1.082,23.44,6.996,69.53,0
360,1.2832,23.17,6.875,81.54,0
361,1.4345,21.34,6.634,83.44,0
362,1.1877,23.09,8.442,81.53,0
363,1.2637,19.91,6.615,73.65,0
364,1.3064,20.31,6.564,79.26,0
365,1.1422,23.29,7.182,75.91,0
366,1.2355,19.77,6.596,69.65,0
367,1.2034,22.68,8.024,67.98,0
368,1.2158,18.66,6.216,81.1,0
369,1.0849,24.73,8.063,75.73,0
370,1.2043,19.45,6.718,81.76,0
371,1.2751,20.35,7.424,83.12,0
372,1.4179,21.26,7.823,88.24,0
373,1.344,19.27,6.675,71.23,0
374,1.523,20.49,6.705,81.75,0
375,1.0849,21.15,6.949,82.3,0
376,1.3309,21.72,6.971,73.47,0
377,1.2276,21.18,6.443,77.27,0
378,1.5287,19.06,7.469,75.27,0
379,1.0791,18.91,6.689,94.52,0
380,1.0746,23.7,6.933,75.62,0
381,1.1109,20.7,6.292,80.19,0
382,0.8826,16.76,5.658,76.83,0
383,1.1227,18.6,6.901,74.0,0
384,1.088,17.53,6.16,68.07,0
385,1.2249,17.73,6.243,87.16,0
386,1.2541,15.34,6.267,85.94,0
387,1.4848,16.78,6.08,76.53,0
388,1.3466,21.02,7.148,69.18,0
389,1.1181,18.36,6.543,79.42,0
390,1.0706,12.02,5.52,76.02,0
391,1.2798,19.23,6.168,75.68,0
392,1.0088,18.78,6.287,67.62,0
393,1.4824,15.68,6.375,81.33,0
394,1.3854,17.63,6.156,80.32,0
395,1.139,14.28,6.512,88.76,0
396,0.9534,14.86,7.535,78.79,0
397,1.4145,18.6,6.84,75.17,0
398,1.1953,14.86,6.795,67.55,0
399,1.3992,11.46,5.803,88.81,0
400,0.9755,14.87,5.789,87.14,0
401,1.126,15.04,6.09,80.2,0
402,1.2179,17.8,7.657,67.69,0
403,1.2254,15.63,5.905,69.91,0
404,1.1522,14.96,5.653,75.62,0
405,1.3145,18.09,6.099,85.87,0
406,1.0623,16.44,6.133,81.46,0
407,1.2026,14.9,5.654,68.05,0
408,1.2435,18.91,7.54,80.89,0
409,1.3041,17.19,6.418,71.97,0
410,1.3353,17.01,6.776,74.62,0
411,1.0615,17.56,6.271,86.24,0
412,1.0017,15.26,5.673,85.97,0
413,1.4252,16.54,5.824,87.82,0
414,1.2852,17.81,6.117,78.13,0
415,1.1248,17.61,6.541,85.5,0
416,1.4716,20.74,7.093,71.86,0
417,1.2582,18.83,6.848,75.64,0
418,1.4196,20.31,6.348,74.2,1
419,1.2548,18.82,6.573,77.9,0
420,1.5558,21.11,6.58,66.04,0
421,1.512,20.0,6.923,75.2,1
422,1.2135,19.43,6.875,88.96,0
423,1.3987,19.57,6.312,68.52,0
424,1.3519,17.89,6.907,67.63,0
425,1.4626,21.01,8.451,66.4,0
426,1.1148,20.12,7.164,98.22,0
427,1.3647,19.4,6.596,81.08,0
428,1.4229,22.81,7.053,73.15,0
429,1.0027,18.3,6.415,78.57,0
430,1.0914,20.16,6.511,78.73,0
431,0.9654,23.26,7.345,69.92,0
432,1.2333,22.03,6.689,71.64,0
433,1.3838,21.5,6.445,74.84,0
434,1.5041,22.3,7.187,69.82,0
435,1.2924,22.36,7.112,72.41,0
436,1.5282,19.17,6.421,80.32,0
437,1.0795,21.7,6.604,68.0,0
438,1.0337,25.83,7.748,94.38,0
439,1.2836,21.48,6.645,82.14,0
440,1.3522,22.36,7.05,65.42,0
441,1.2925,22.12,8.093,55.91,0
442,0.9901,23.23,7.531,69.56,0
443,1.2897,22.43,6.693,81.01,0
444,1.1102,24.77,7.067,78.06,0
445,1.4092,24.39,7.472,73.48,0
446,1.3667,25.75,7.189,68.74,0
447,1.1737,22.3,6.544,68.39,0
448,1.2405,23.92,7.575,71.43,0
449,1.1617,24.35,7.539,66.29,0
450,1.3143,25.91,7.834,70.26,0
451,1.47,23.61,7.403,85.48,0
452,1.182,27.23,7.809,66.49,1
453,1.4085,27.97,7.713,77.1,0
454,1.2565,23.82,7.553,80.81,0
455,1.2203,25.02,8.347,65.35,0
456,1.3264,25.14,7.339,67.17,0
457,1.1904,31.66,8.164,78.55,0
458,1.2659,25.74,7.246,66.15,1
459,1.1725,30.16,7.98,70.45,0
460,1.6502,24.47,7.504,90.64,0
461,1.3641,25.22,6.958,81.71,0
462,1.2572,26.03,7.846,74.07,0
463,1.3976,25.91,7.93,80.18,0
464,1.352,27.26,7.327,72.19,0
465,1.3391,26.58,7.413,81.2,0
466,1.4678,26.56,7.767,56.69,0
467,1.4928,30.72,8.302,69.46,0
468,1.303,31.05,8.638,53.68,0
469,1.2997,30.7,8.3,71.87,0
470,1.3483,30.05,8.916,69.08,0
471,1.0478,29.39,8.037,82.25,0
472,1.1693,28.41,7.686,77.65,0
473,1.6052,27.69,7.558,68.18,0
474,1.6505,30.53,8.671,67.43,0
475,1.3699,27.65,7.91,75.45,0
476,1.4974,28.21,8.27,67.49,0
477,1.4612,32.71,8.934,69.12,0
478,1.8799,34.4,8.356,78.89,0
479,1.5897,31.59,8.122,63.42,0
480,1.4062,33.21,8.397,65.49,0
481,1.2857,30.71,8.078,68.12,0
482,1.1918,28.72,7.904,97.03,0
483,1.4669,32.82,9.165,74.17,0
484,1.3266,32.94,9.306,78.29,1
485,1.2304,32.14,8.461,75.86,0
486,1.3505,31.72,8.412,76.65,0
487,1.289,34.32,8.653,72.19,0
488,1.708,30.63,8.381,73.55,0
489,1.5909,31.25,8.522,58.64,1
490,1.4612,30.98,8.778,73.27,0
491,1.6881,33.37,9.132,68.11,0
492,1.4815,31.22,7.832,74.63,0
493,1.3445,32.23,8.526,69.09,0
494,1.7059,32.39,9.348,75.67,0
495,1.562,33.48,8.611,76.43,0
496,1.3293,31.23,9.011,46.97,0
497,1.4601,34.57,8.821,64.78,1
498,1.3611,37.09,9.387,51.88,1
499,1.2888,35.07,8.645,69.87,0
500,1.6389,38.08,9.107,63.74,1
501,1.7902,37.87,9.767,77.13,0
502,1.2978,36.96,9.716,68.48,0
503,1.5958,35.75,9.123,63.67,0
504,1.4175,35.85,8.739,75.0,0
505,1.4458,37.53,9.397,63.94,1
506,1.4337,35.42,9.716,63.77,0
507,1.3968,32.63,9.653,72.57,0
508,1.5374,37.58,9.269,79.35,0
509,1.4092,34.54,8.445,75.11,0
510,1.5782,35.08,9.411,72.49,0
511,1.5338,37.2,9.226,88.69,0
512,1.5092,37.21,9.79,60.81,0
513,1.4127,34.78,9.085,62.1,1
514,1.466,38.13,9.172,67.29,0
515,1.6695,39.93,9.763,77.16,0
516,1.6351,35.94,9.829,59.9,1
517,1.417,40.94,9.834,78.47,0
518,1.5822,35.48,8.733,56.2,0
519,1.6837,43.03,9.735,62.21,0
520,1.3242,38.18,9.211,67.48,0
521,1.6598,39.49,9.522,58.24,0
522,1.4825,35.62,9.481,62.66,1
523,1.6711,39.48,9.31,71.69,0
524,1.4746,40.26,10.65,76.38,0
525,1.322,39.83,9.31,48.19,0
526,1.3522,39.07,11.152,67.0,1
527,1.6071,38.51,10.52,64.99,0
528,1.6424,42.86,10.237,64.14,0
529,1.4713,40.86,9.397,61.95,0
530,1.7062,44.08,10.34,52.23,1
531,1.3647,40.15,9.629,77.25,0
532,1.6075,40.53,9.43,73.96,0
533,1.4392,43.23,10.358,62.23,0
534,1.5265,38.55,9.252,61.96,1
535,1.6348,39.57,9.437,60.38,0
536,1.5021,44.39,10.331,41.68,1
537,1.5768,40.06,9.553,67.8,0
538,1.7888,38.96,10.891,71.87,0
539,1.5547,46.54,10.538,62.18,1
540,1.7699,40.21,9.975,64.18,0
541,1.4784,43.57,10.345,63.93,0
542,1.7306,43.54,10.432,56.05,1
543,1.8706,37.98,9.634,62.22,1
544,1.2868,43.27,10.662,61.71,0
545,1.5412,44.9,10.597,67.64,0
546,1.7505,44.91,10.58,73.09,1
547,1.6366,46.21,10.705,59.44,0
548,1.7259,43.83,10.27,54.35,1
549,1.5827,46.23,10.378,61.55,0
550,1.6893,43.62,10.269,78.92,0
551,1.656,42.38,10.208,55.91,1
552,1.8575,42.8,10.345,70.4,0
553,1.7235,42.68,10.226,74.08,1
554,1.7389,47.82,10.834,57.43,0
555,1.6294,42.97,10.173,57.61,1
556,1.621,46.75,10.564,65.55,1
557,1.6321,45.87,10.764,64.3,1
558,1.759,46.39,10.625,66.72,1
559,1.6395,49.53,11.254,75.87,0
560,1.7488,46.12,11.161,62.66,0
561,2.0194,48.42,10.766,50.41,1
562,1.8415,47.48,11.141,61.05,0
563,1.6646,47.3,10.858,62.55,0
564,1.8963,52.4,12.854,67.7,0
565,1.6575,45.12,10.435,60.36,0
566,1.4155,50.78,11.687,55.26,0
567,1.5726,49.71,11.213,48.2,0
568,1.4457,47.64,10.47,64.79,0
569,1.676,52.06,11.371,84.55,0
570,1.7339,45.3,10.968,60.04,0
571,1.985,48.16,10.815,63.72,1
572,1.7849,46.98,10.209,56.43,1
573,1.7053,50.42,11.301,48.5,0
574,1.8649,47.57,10.532,63.93,0
575,1.411,50.87,11.434,58.71,0
576,1.7802,49.83,12.084,40.02,1
577,1.8627,49.44,11.527,72.22,1
578,1.5274,51.38,12.306,61.5,0
579,1.9228,50.26,11.088,59.43,0
580,1.8041,48.82,11.018,56.33,0
581,1.693,56.8,11.929,58.16,1
582,1.8522,50.43,11.074,62.36,0
583,2.0998,47.16,10.515,63.91,0
584,1.7883,50.12,10.86,67.47,0
585,1.8001,49.47,11.897,69.68,1
586,1.6958,53.85,11.261,72.73,0
587,1.639,53.04,12.436,50.48,1
588,1.8927,53.4,12.406,52.37,0
589,1.6414,52.06,11.78,60.65,0
590,1.7822,52.44,11.257,51.3,0
591,1.7014,52.46,11.15,52.58,0
592,1.8464,53.24,11.539,60.86,0
593,1.8261,55.27,12.325,63.04,0
594,1.9332,54.47,11.922,66.52,0
595,1.7024,55.0,11.659,54.46,1
596,1.7398,55.2,12.613,59.59,0
597,1.6348,56.17,13.137,57.24,1
598,1.7163,55.18,11.94,56.04,1
599,1.8407,55.52,12.122,49.16,0
600,1.8989,57.38,11.904,47.03,0
601,1.6481,53.87,11.678,62.01,0
602,1.918,53.69,12.03,50.12,1
603,1.992,53.23,11.887,42.85,0
604,1.8516,56.17,11.991,55.05,0
605,2.0721,52.29,11.49,69.27,1
606,1.6754,57.12,12.155,32.37,0
607,1.6057,56.18,12.072,52.98,1
608,1.5264,58.87,12.765,59.08,0
609,2.0184,55.46,11.524,41.14,1
610,1.8928,56.59,12.21,53.34,1
611,1.787,59.44,12.817,44.22,0
612,1.838,60.17,12.571,44.84,1
613,1.6278,56.24,12.011,52.04,0
614,2.164,58.16,12.31,45.12,1
615,1.817,58.59,12.364,44.2,1
616,1.8145,58.95,12.594,53.16,1
617,1.9074,57.87,12.484,72.09,0
618,1.871,61.16,12.356,58.36,0
619,1.8327,55.02,12.302,64.07,0
620,1.6808,58.16,12.364,60.48,1
621,1.8703,60.1,13.931,47.36,0
622,2.0821,60.31,12.418,55.3,1
623,2.0017,62.31,12.803,60.4,1
624,2.039,62.2,13.002,58.31,1
625,1.7233,59.43,12.844,54.9,1
626,1.6515,62.8,12.628,55.48,1
627,1.781,58.97,12.314,73.32,1
628,1.8081,62.46,13.386,58.24,0
629,1.9637,64.42,13.098,47.83,1
630,1.5455,63.43,13.994,50.35,1
631,2.0286,61.41,12.796,43.72,1
632,1.7751,60.74,12.558,71.33,0
633,1.7345,58.54,12.808,66.71,0
634,1.6463,62.42,14.015,52.21,1
635,1.5494,59.77,12.897,70.58,0
636,1.9206,60.61,13.498,57.69,0
637,1.8076,60.02,13.708,49.54,0
638,1.6025,61.68,12.693,59.24,0
639,1.6011,62.74,13.617,54.54,0
640,1.7443,63.55,12.826,57.57,1
641,2.0443,62.0,13.235,40.85,1
642,1.7542,65.54,13.553,43.19,1
643,1.5669,63.18,13.872,63.0,0
644,1.7546,62.22,13.682,65.21,1
645,1.7497,64.45,13.674,61.65,0
646,1.3851,68.13,14.096,65.87,0
647,1.7805,65.07,13.736,54.58,1
648,1.7529,63.87,13.356,54.73,1
649,1.8909,61.75,12.988,44.65,0
650,2.0627,64.56,14.215,45.62,1
651,1.9531,65.67,14.469,33.69,1
652,1.7426,64.62,13.389,47.65,1
653,1.6156,62.27,13.19,35.17,1
654,2.1663,64.1,13.398,59.19,1
655,1.7878,68.91,13.611,50.76,0
656,1.7796,69.07,13.984,31.35,1
657,1.7725,64.63,14.34,48.71,1
658,1.8043,67.95,13.683,63.97,0
659,1.7514,64.44,14.746,49.33,1
660,1.6854,69.81,14.819,39.13,1
661,1.6878,67.69,14.078,34.1,1
662,1.7632,69.3,14.396,33.38,0
663,1.6849,64.17,13.068,54.78,1
664,1.6578,69.16,14.023,44.04,1
665,1.7789,67.98,14.728,45.4,1
666,1.7228,69.9,14.018,43.62,1
667,1.9848,70.23,14.813,45.74,1
668,1.3596,68.73,13.636,37.94,0
669,1.919,67.6,13.509,50.97,1
670,1.9402,70.56,15.473,35.28,1
671,1.4402,69.08,14.107,41.51,1
672,1.6978,67.65,13.704,56.49,1
673,1.6913,67.76,14.639,51.35,0
674,1.5338,66.85,14.423,54.38,1
675,1.626,68.98,14.542,64.82,0
676,1.5739,72.41,14.407,45.08,1
677,2.001,70.76,14.255,46.72,1
678,1.8762,69.54,14.314,45.16,1
679,1.9243,72.41,14.932,42.01,1
680,1.8394,69.34,13.966,39.31,1
681,1.5594,71.39,14.529,46.84,1
682,1.6476,71.04,14.519,49.22,1
683,1.7972,73.16,15.397,48.39,1
684,1.5379,68.65,14.399,48.33,0
685,1.8256,70.3,13.842,54.23,0
686,1.68,68.92,14.007,47.88,1
687,1.6572,71.88,14.222,42.6,0
688,1.8174,75.02,15.259,36.57,1
689,1.7747,71.79,14.965,33.53,1
690,1.6512,71.98,14.588,57.5,1
691,1.8765,74.94,14.89,38.44,1
692,1.5376,75.54,15.109,36.27,1
693,1.7894,73.42,14.851,41.61,1
694,1.7831,75.17,14.8,41.67,1
695,1.6448,71.85,14.141,59.0,1
696,1.7372,76.96,14.734,40.2,1
697,1.4977,78.7,16.215,62.85,1
698,1.821,75.64,15.316,44.12,1
699,1.6516,70.63,14.501,63.08,1
700,1.5979,73.88,15.491,51.82,0
701,1.8306,76.43,14.819,46.03,1
702,1.5645,74.56,14.433,56.89,0
703,1.4558,78.14,15.638,51.09,1
704,1.4304,76.98,15.421,47.89,1
705,1.7516,74.59,14.438,62.79,1
706,1.4655,76.26,15.344,39.25,1
707,1.9176,74.61,14.794,36.27,1
708,1.3388,76.23,14.909,37.85,1
709,1.9023,75.69,14.979,57.6,1
710,1.6762,79.35,15.029,53.0,1
711,1.6267,81.43,15.754,35.94,1
712,1.5561,74.54,14.685,25.44,0
713,1.6944,73.75,15.063,43.1,1
714,1.6255,77.31,15.285,34.51,1
715,1.7932,74.96,15.286,40.07,1
716,1.6414,78.29,14.855,33.59,1
717,1.6434,79.9,15.45,28.18,0
718,1.5629,81.59,16.237,55.11,1
719,1.6054,79.2,15.514,36.01,1
720,1.6566,78.61,15.944,53.13,1
721,1.3504,75.24,14.522,42.08,1
722,1.4012,79.45,16.008,32.28,1
723,1.7113,79.74,15.486,45.23,1
724,1.6219,81.08,15.657,37.22,0
725,1.5651,78.58,16.024,40.19,1
726,1.5919,79.33,16.241,42.56,1
727,1.6376,77.44,15.879,36.04,1
728,1.5009,76.02,16.413,30.42,1
729,1.4615,78.58,16.197,41.44,1
730,1.604,77.86,15.156,50.0,1
731,1.4242,81.87,16.089,32.66,1
732,1.6285,80.36,15.67,42.01,1
733,1.3082,80.52,17.08,52.73,1
734,1.7143,79.83,16.28,40.38,1
735,1.6271,75.53,15.007,44.37,1
736,1.5909,85.22,16.953,38.31,1
737,1.6962,80.4,15.421,35.3,1
738,1.7949,81.78,16.122,31.99,1
739,1.6935,79.89,15.421,33.15,1
740,1.2615,84.94,16.001,40.98,1
741,1.3419,83.49,16.642,44.97,1
742,1.4364,81.75,16.45,46.39,1
743,1.5303,82.82,16.373,36.28,1
744,1.6002,87.16,16.753,45.45,1
745,1.41,83.85,15.931,41.15,1
746,1.5431,83.84,15.954,39.26,1
747,1.398,82.52,15.806,12.77,1
748,1.4158,80.81,15.782,33.97,1
749,1.2928,84.48,16.96,26.14,1
750,1.3615,85.65,17.126,42.63,1
751,1.2935,87.4,16.377,37.32,1
752,1.3461,80.9,15.643,31.88,1
753,1.6467,83.35,16.002,41.43,1
754,1.3425,84.64,15.809,26.83,1
755,1.876,85.99,16.903,29.05,1
756,1.5514,85.91,16.543,31.77,1
757,1.5014,86.16,16.629,41.63,1
758,1.3411,87.42,17.576,47.75,0
759,1.5712,84.99,16.535,33.32,1
760,1.3761,88.87,16.922,46.26,1
761,1.477,88.07,17.217,36.54,1
762,1.8389,86.76,17.291,38.83,1
763,1.4368,90.8,17.496,34.01,1
764,1.6199,90.91,17.704,32.87,1
765,1.3383,89.87,17.173,38.59,1
766,1.4348,82.16,16.042,45.62,1
767,1.702,91.56,17.53,26.99,1
768,1.3387,90.19,17.018,33.37,1
769,1.7009,92.81,17.469,46.67,1
770,1.5316,91.47,18.206,35.53,1
771,1.3374,92.36,18.836,35.88,1
772,1.513,91.16,18.314,43.64,1
773,1.5604,92.3,17.184,29.61,1
774,1.5042,93.79,17.385,32.46,1
775,1.1718,90.43,16.936,41.27,1
776,1.2946,87.06,16.864,46.68,1
777,1.363,89.79,16.543,16.21,1
778,1.3854,91.38,17.247,28.28,1
779,1.4862,90.95,18.148,26.44,1
780,1.4162,88.51,17.507,34.91,1
781,1.1858,87.94,16.756,28.86,1
782,1.4396,89.92,17.079,40.36,1
783,1.4707,93.22,17.987,34.45,1
784,1.4597,94.96,18.448,39.14,1
785,1.5344,93.83,17.633,40.32,1
786,1.494,94.31,17.808,37.84,1
787,1.4344,92.24,17.383,30.97,1
788,1.3516,89.12,16.704,36.36,1
789,1.1096,91.89,17.449,30.18,1
790,1.4199,92.48,17.511,22.59,1
791,1.3833,92.21,17.185,41.31,1
792,1.3896,93.51,18.071,32.22,1
793,1.1542,94.48,18.136,20.29,1
794,1.1803,95.51,18.397,35.99,1
795,1.4972,93.44,17.502,31.14,1
796,1.3301,90.39,16.761,18.29,1
797,1.4352,93.43,17.971,21.95,1
798,1.3341,94.69,17.72,26.58,0
799,1.3312,97.25,18.037,32.34,1
800,1.4644,93.86,17.434,38.99,1
801,1.2432,95.83,18.019,37.54,1
802,1.332,95.18,18.906,36.71,1
803,1.2453,94.49,17.74,32.03,1
804,1.2465,96.06,17.806,45.14,1
805,1.2624,92.68,17.95,38.99,0
806,1.3392,92.65,17.719,35.19,1
807,1.2312,93.58,17.215,37.39,1
808,1.4886,92.12,17.871,30.54,1
809,1.1632,94.22,19.225,32.01,1
810,1.2666,91.57,16.839,17.4,1
811,1.2259,93.25,17.348,29.95,1
812,1.5063,92.4,16.93,47.64,1
813,1.316,92.83,17.645,34.49,1
814,1.4387,91.28,17.928,35.09,1
815,1.0585,91.32,17.491,42.2,1
816,1.3188,91.99,18.294,36.67,1
817,1.4097,92.0,17.945,27.51,1
818,1.2861,91.39,18.434,34.35,1
819,1.4311,94.61,18.532,23.15,1
820,1.1913,89.02,16.954,37.06,1
821,1.4779,90.67,17.378,27.9,0
822,1.6089,87.45,16.574,43.95,0
823,1.2074,91.14,17.333,30.23,1
824,1.1927,87.97,16.97,29.62,1
825,1.4753,89.44,17.133,34.43,1
826,1.492,89.06,17.819,38.49,1
827,1.1745,90.16,17.151,25.24,1
828,1.1878,88.29,16.683,31.85,1
829,1.2065,88.01,16.658,37.04,1
830,1.045,91.87,17.83,44.58,1
831,1.1069,89.37,16.726,15.15,1
832,1.0921,87.48,16.794,41.43,1
833,1.1257,87.9,17.635,33.19,1
834,1.2337,91.49,17.598,30.15,1
835,1.2722,87.53,16.85,31.03,1
836,1.4679,86.42,16.699,34.24,1
837,1.0838,86.23,16.347,42.23,1
838,1.3795,86.3,16.405,32.92,1
839,1.1981,86.01,16.577,50.66,1
840,1.2211,84.44,16.531,43.33,1
841,1.3282,84.55,16.894,39.85,1
842,1.057,84.94,16.529,36.71,1
843,1.2813,87.58,17.605,45.97,1
844,1.2474,85.44,17.466,48.43,1
845,1.2949,85.59,16.962,28.36,1
846,1.2631,88.34,17.633,30.38,1
847,1.5867,88.19,16.651,41.16,1
848,1.1214,84.84,16.107,45.59,1
849,1.1362,83.94,16.571,36.23,0
850,1.1212,83.27,15.825,33.1,1
851,1.1302,86.19,16.568,37.92,1
852,1.1168,84.19,16.74,50.3,1
853,1.3897,83.63,17.054,39.15,1
854,1.4235,82.57,16.039,29.34,1
855,1.1238,82.46,15.89,40.4,1
856,1.0837,84.44,16.553,44.6,1
857,1.2784,80.97,15.546,39.61,1
858,1.124,85.39,16.491,47.83,1
859,1.301,82.13,16.067,46.65,1
860,1.2358,82.7,16.144,38.89,1
861,0.9773,80.13,15.805,41.27,1
862,1.4361,82.58,15.852,24.72,1
863,1.4728,81.74,15.759,49.64,1
864,1.1109,82.1,15.807,37.1,1
865,1.1442,84.94,16.015,34.83,1
866,1.2448,82.16,16.22,35.31,1
867,1.2517,80.01,16.182,44.65,1
868,1.2999,79.98,16.122,31.98,1
869,1.5024,82.39,16.009,31.69,1
870,1.174,83.6,16.013,38.42,1
871,1.0806,81.36,16.301,35.17,1
872,0.9933,81.98,16.338,42.5,1
873,1.0905,81.62,16.084,35.31,1
874,1.1951,83.04,17.215,51.94,1
875,1.4692,76.1,15.155,48.89,1
876,1.1224,81.13,15.823,45.77,0
877,1.2337,81.57,15.837,35.22,1
878,1.1977,76.72,14.794,62.21,0
879,1.3786,77.43,15.667,39.03,0
880,1.5796,77.3,15.303,36.91,0
881,1.1212,77.34,15.578,48.25,1
882,1.1277,77.64,16.485,43.98,1
883,1.3581,78.89,15.438,35.12,1
884,1.3042,79.93,15.132,58.61,0
885,1.4794,80.16,15.987,48.71,1
886,1.2905,76.12,15.238,43.36,1
887,1.1495,75.91,14.883,62.66,0
888,1.2926,80.03,15.927,47.47,0
889,1.3709,78.49,15.894,41.81,1
890,1.3284,77.17,15.01,60.95,0
891,1.2821,77.75,15.298,47.62,1
892,1.3668,76.54,16.036,48.0,1
893,1.383,77.45,15.117,39.44,1
894,1.4158,75.53,15.106,44.08,1
895,1.3067,76.54,14.581,39.79,1
896,1.1853,72.78,14.22,56.85,0
897,1.2334,74.22,14.949,31.59,1
898,1.3934,74.05,15.491,55.5,1
899,1.091,74.45,14.498,37.31,1
900,1.27,73.15,14.752,44.65,0
901,1.1569,73.73,14.67,42.4,1
902,1.2214,71.57,14.95,41.9,0
903,1.4101,75.5,14.689,49.22,1
904,1.2484,74.03,15.043,44.54,1
905,1.228,70.59,14.108,41.3,1
906,1.0185,72.13,14.663,46.95,1
907,1.3359,74.27,14.919,38.87,1
908,1.3223,72.31,14.501,41.31,1
909,1.5515,71.81,14.732,33.94,1
910,1.1824,72.85,14.695,41.69,1
911,1.2631,73.49,14.721,48.86,1
912,1.2693,69.73,14.076,47.46,0
913,1.4702,73.5,14.807,59.42,1
914,1.221,70.6,14.433,67.54,1
915,1.279,71.96,14.218,42.11,1
916,1.3301,71.73,14.379,39.3,1
917,1.2688,70.55,13.988,55.71,0
918,1.1758,69.35,14.137,50.07,1
919,1.2738,70.63,14.133,55.71,1
920,1.4077,74.25,15.249,47.64,1
921,1.0948,68.08,14.27,46.6,0
922,1.2708,73.98,14.539,43.1,1
923,1.1479,69.88,14.231,50.53,1
924,1.4344,70.27,14.582,45.15,1
925,1.0288,67.83,13.856,58.06,1
926,1.1757,68.26,13.736,37.63,1
927,1.3184,68.59,13.685,57.56,0
928,1.4989,67.31,14.254,33.63,1
929,1.2566,68.78,14.502,48.89,1
930,1.1856,68.19,13.898,45.44,1
931,1.5534,72.5,14.984,33.37,1
932,1.0565,66.27,12.996,32.76,1
933,0.9464,68.61,14.741,39.06,1
934,1.3447,68.7,13.994,48.15,1
935,1.206,65.86,13.687,44.67,1
936,1.1307,69.17,14.006,39.17,1
937,1.3928,66.8,14.518,59.74,1
938,1.3258,62.42,12.767,41.69,1
939,1.2073,68.52,14.832,53.32,0
940,1.1026,64.77,13.637,43.03,1
941,1.4283,64.7,13.738,41.19,1
942,1.3977,67.98,13.823,43.38,1
943,1.2881,65.71,13.198,54.54,0
944,1.5829,68.04,14.406,37.21,1
945,1.1483,68.42,14.146,50.25,1
946,1.0829,64.51,14.151,42.61,1
947,1.2109,67.19,13.753,42.44,0
948,1.3108,63.89,13.179,53.87,1
949,1.3571,69.67,14.942,64.59,1
950,1.2875,63.61,14.441,43.54,1
951,1.3795,66.85,13.782,54.65,1
952,1.1421,66.29,13.433,46.73,1
953,1.5495,65.03,13.888,46.18,1
954,1.3238,62.86,13.082,59.86,0
955,1.5068,63.7,13.575,44.03,1
956,1.3939,59.49,12.575,44.07,1
957,1.4142,64.05,14.227,54.25,1
958,1.4344,64.1,13.121,63.3,1
959,1.4193,63.47,13.482,56.92,1
960,1.4519,57.05,12.13,43.51,0
961,1.5582,60.27,12.684,47.92,1
962,1.3916,61.1,12.764,60.17,1
963,1.4718,62.98,13.541,63.86,0
964,1.3554,62.78,13.611,53.16,1
965,1.5883,61.66,13.249,47.37,1
966,1.2742,63.07,13.168,64.33,0
967,1.6493,59.55,12.74,52.67,0
968,1.3766,62.62,13.575,46.58,0
969,1.1715,62.15,13.523,45.51,0
970,1.4088,61.76,12.354,42.39,1
971,1.2909,60.44,12.712,75.41,0
972,1.5227,64.26,13.303,61.81,0
973,1.3023,61.39,13.265,46.92,0
974,1.3368,58.26,12.463,67.9,0
975,1.1239,60.5,13.158,56.97,0
976,1.343,61.3,12.595,56.01,1
977,1.0509,58.42,12.623,48.2,1
978,1.1805,61.58,13.42,47.94,0
979,1.5358,59.96,12.299,52.68,1
980,1.5433,54.32,13.63,40.69,1
981,1.4929,59.4,13.27,49.47,1
982,1.2877,57.79,12.419,54.36,0
983,1.4292,59.47,12.389,63.79,1
984,1.4395,60.09,12.696,48.01,1
985,1.27,58.39,12.543,60.46,1
986,1.673,61.13,13.112,35.84,1
987,1.5828,57.24,13.159,63.99,1
988,1.4218,58.65,12.374,46.61,1
989,1.4627,58.81,12.824,54.76,1
990,1.4937,56.81,11.867,58.17,0
991,1.1599,58.36,12.351,55.67,0
992,1.4328,55.41,12.224,54.9,1
993,1.3713,55.55,12.402,45.73,1
994,1.3272,53.58,11.526,49.74,1
995,1.439,56.48,12.061,63.08,0
996,1.7546,56.45,13.011,50.35,1
997,1.5848,57.96,13.035,53.4,1
998,1.4068,56.98,12.384,42.87,1
999,1.5821,54.63,11.353,63.09,0
1000,1.7099,52.64,13.377,46.86,0
1001,1.6425,55.67,12.092,62.93,1
1002,1.5165,56.82,12.156,46.41,1
1003,1.4143,55.91,11.948,63.57,0
1004,1.6198,56.37,12.368,55.26,1
1005,1.5779,53.58,11.954,52.38,1
1006,1.6569,52.87,12.143,70.08,0
1007,1.6216,52.13,11.259,57.17,1
1008,1.6875,53.29,11.626,54.13,1
1009,1.4536,53.04,12.959,64.45,0
1010,1.7352,53.41,11.856,45.11,1
1011,1.571,52.54,11.565,37.26,0
1012,1.8564,52.33,11.286,66.86,0
1013,1.4454,50.85,11.601,51.8,0
1014,1.8129,54.08,12.373,63.47,1
1015,1.5859,52.15,11.992,58.08,0
1016,1.4622,51.45,11.369,48.82,0
1017,1.491,50.11,11.421,63.8,1
1018,1.5192,48.74,12.012,56.48,1
1019,1.6346,53.82,12.357,48.09,0
1020,1.653,52.11,11.297,49.32,1
1021,1.4922,47.55,10.244,46.61,1
1022,1.5782,52.13,11.695,60.95,0
1023,1.9068,52.24,11.963,50.17,1
1024,1.8482,50.45,10.964,58.45,0
1025,1.6582,53.2,11.726,55.63,1
1026,1.602,50.23,11.185,51.33,1
1027,1.6179,46.77,10.808,48.76,0
1028,1.6954,50.13,11.074,79.19,1
1029,1.4535,49.69,11.879,58.8,0
1030,1.5718,47.79,10.98,74.91,1
1031,1.3636,49.95,10.946,68.35,0
1032,1.6773,45.26,10.983,59.27,0
1033,1.718,50.38,10.91,60.22,1
1034,1.5518,46.44,11.388,62.35,1
1035,1.8638,46.03,11.141,76.14,0
1036,1.4473,47.57,11.629,67.1,0
1037,1.4149,48.47,10.959,53.46,0
1038,1.6715,47.73,10.729,63.18,0
1039,1.7983,45.71,10.641,68.01,1
1040,1.8971,45.99,10.615,52.0,0
1041,1.579,44.53,10.2,66.23,0
1042,1.8129,46.15,10.474,72.07,1
1043,1.6486,48.55,10.896,53.01,1
1044,1.6317,46.19,10.305,55.53,1
1045,1.7933,47.72,11.219,69.65,1
1046,1.7618,48.71,11.036,56.94,0
1047,1.4306,44.42,10.298,54.49,0
1048,1.8917,45.03,10.145,69.04,0
1049,1.8803,49.54,10.81,63.89,1
1050,1.5825,47.89,12.103,61.02,1
1051,1.7387,41.46,9.746,73.12,1
1052,1.7565,45.37,10.833,71.34,1
1053,1.7245,44.4,10.477,61.7,1
1054,1.6058,45.85,9.957,77.28,1
1055,1.5905,42.51,11.175,76.16,1
1056,1.6903,42.12,10.383,47.85,0
1057,1.8729,42.25,9.823,55.41,0
1058,1.7813,42.26,10.077,45.6,1
1059,1.647,44.83,10.106,59.5,0
1060,1.8211,40.64,10.922,54.93,0
1061,1.2808,41.55,9.679,57.55,1
1062,1.8831,39.02,9.415,74.31,0
1063,1.4525,44.41,10.159,48.31,0
1064,1.6617,44.74,10.494,63.19,0
1065,1.5507,41.35,10.682,65.18,0
1066,1.5271,41.2,10.976,63.62,0
1067,1.8979,42.51,9.978,64.54,0
1068,1.6561,44.35,10.566,44.53,0
1069,1.7807,42.02,10.086,57.31,0
1070,1.7241,39.6,9.366,77.58,0
1071,1.8051,37.56,11.02,56.89,0
1072,1.7474,38.37,10.23,79.31,1
1073,1.5457,40.55,9.911,53.42,0
1074,1.8899,38.89,10.466,53.45,0
1075,1.6686,40.39,10.432,57.15,1
1076,1.5114,38.69,9.587,74.82,0
1077,1.6828,37.48,9.512,62.14,0
1078,1.9743,37.05,10.138,69.54,0
1079,1.8788,42.32,9.784,64.19,0
1080,1.701,40.78,10.82,64.1,0
1081,1.7029,42.26,10.003,73.84,0
1082,1.709,39.68,10.542,71.36,0
1083,2.0707,37.54,9.379,57.33,0
1084,1.8183,40.85,10.022,62.29,1
1085,1.8274,37.93,9.426,80.19,1
1086,1.9192,38.24,9.295,68.61,0
1087,1.8023,37.51,9.275,54.43,0
1088,1.7293,31.51,9.212,58.6,0
1089,1.7404,40.41,9.208,71.88,0
1090,1.7607,37.98,9.057,71.83,0
1091,1.7674,37.46,9.117,59.15,0
1092,1.8837,36.48,8.871,73.1,0
1093,1.7839,36.73,10.088,79.76,0
1094,1.8874,35.01,9.655,79.66,0
1095,1.7668,37.23,9.602,79.49,0
1096,1.7921,33.19,8.503,73.53,0
1097,1.4819,35.97,9.852,66.0,0
1098,1.9203,36.52,8.758,63.87,0
1099,1.8361,34.8,10.326,67.98,0
1100,1.935,35.74,8.872,60.55,0
1101,1.352,32.82,8.573,66.44,0
1102,2.1008,32.67,8.492,79.6,0
1103,1.7677,34.87,8.632,55.2,1
1104,1.9558,35.56,10.243,55.34,1
1105,1.6346,30.25,8.659,77.49,0
1106,1.8834,34.84,9.603,65.29,0
1107,1.6343,32.51,8.24,54.09,0
1108,1.6996,33.01,8.777,68.7,0
1109,2.0811,30.52,8.56,69.05,0
1110,1.7661,31.3,8.559,66.77,0
1111,1.828,34.73,8.589,73.65,1
1112,1.9265,32.67,9.187,58.73,0
1113,1.8709,31.63,8.545,70.12,0
1114,1.8197,31.97,8.228,68.13,0
1115,1.8524,32.98,8.173,69.52,1
1116,2.1586,32.68,8.927,55.53,0
1117,1.7898,31.45,10.132,65.95,1
1118,1.829,33.59,8.454,69.01,0
1119,1.9567,33.14,8.792,73.44,0
1120,1.9652,31.83,9.083,84.68,1
1121,1.9777,30.91,7.988,76.9,1
1122,1.8956,31.91,8.363,73.54,0
1123,1.6285,31.03,8.113,80.55,0
1124,2.045,32.32,9.081,67.18,0
1125,1.628,31.8,9.219,82.35,0
1126,1.8454,27.76,7.98,81.3,1
1127,1.6868,27.43,7.578,68.98,0
1128,1.7902,28.0,7.787,87.59,0
1129,1.8489,31.15,8.2,73.88,0
1130,1.8476,25.85,7.304,91.04,0
1131,1.8624,29.59,8.148,73.67,0
1132,2.0409,29.33,8.407,66.91,0
1133,1.8665,30.73,8.575,64.42,0
1134,1.7615,28.56,8.031,69.02,0
1135,1.9422,25.31,7.57,69.24,0
1136,1.9756,25.88,7.6,83.64,0
1137,1.6125,25.24,7.131,73.63,0
1138,1.8856,26.32,7.765,60.29,0
1139,1.9005,26.83,7.567,74.6,0
1140,1.7501,24.67,7.034,75.2,0
1141,2.0003,29.74,8.371,67.41,0
1142,1.7707,23.95,7.125,76.77,0
1143,1.8112,29.09,8.209,71.19,0
1144,1.7655,28.57,8.439,76.93,0
1145,1.7929,27.8,7.603,76.92,0
1146,1.6252,24.41,7.449,77.27,0
1147,1.5726,26.28,7.177,62.84,0
1148,2.0267,22.85,8.023,92.24,0
1149,1.6594,27.02,7.384,60.34,0
1150,1.6366,24.85,7.292,73.06,0
1151,1.4611,23.98,8.055,65.86,0
1152,1.6871,22.15,6.983,78.88,0
1153,1.5832,19.44,6.286,78.44,0
1154,2.0266,22.12,7.399,74.38,0
1155,1.9304,26.23,8.002,85.41,0
1156,1.6743,22.99,6.975,84.07,0
1157,2.1139,23.26,7.05,72.43,0
1158,1.9218,24.71,7.297,80.61,0
1159,1.7243,26.81,7.692,85.43,0
1160,1.3965,25.65,7.066,82.42,0
1161,2.1135,20.86,6.808,75.4,0
1162,1.5597,18.71,7.598,65.05,1
1163,1.5196,27.12,7.517,75.33,0
1164,1.9181,26.74,7.553,78.31,0
1165,2.1289,22.38,6.729,69.42,0
1166,1.9687,19.26,6.916,77.62,0
1167,1.8438,23.53,7.897,74.22,0
1168,1.8465,21.18,7.531,87.39,0
1169,1.8833,20.97,6.503,91.25,0
1170,1.8671,22.79,7.39,84.73,0
1171,1.7934,21.47,7.745,75.43,0
1172,1.7648,18.23,6.71,87.24,0
1173,1.7377,19.75,6.923,82.34,0
1174,1.6318,21.52,6.806,75.49,1
1175,1.7006,21.02,6.995,93.13,0
1176,1.4865,20.32,7.438,70.9,0
1177,1.7234,21.47,7.11,80.95,0
1178,1.5876,18.68,6.158,84.51,0
1179,1.568,19.56,6.517,74.97,0
1180,1.7581,12.25,6.209,84.47,0
1181,1.9375,17.9,6.574,85.82,0
1182,1.864,20.13,6.818,78.88,0
1183,1.4882,17.62,6.194,82.21,0
1184,1.5728,17.27,6.949,79.48,0
1185,1.8598,15.92,7.082,85.83,0
1186,1.5687,19.81,7.378,75.28,1
1187,1.6798,18.7,7.335,75.29,0
1188,1.7933,19.05,6.474,77.73,0
1189,1.5628,13.75,5.631,89.47,0
1190,1.7212,16.68,6.191,65.01,1
1191,1.5025,16.24,6.202,71.98,0
1192,1.6096,16.04,6.928,97.58,0
1193,1.7449,15.17,6.619,82.1,0
1194,1.4552,15.51,6.317,76.44,0
1195,1.7573,17.7,5.969,84.74,0
1196,1.6854,11.97,5.055,73.72,0
1197,1.7682,19.15,6.724,60.68,0
1198,1.716,16.37,6.627,82.02,0
1199,1.884,15.12,5.986,74.08,0
1200,1.6951,16.81,7.423,79.72,0
1201,1.6089,12.3,5.243,82.64,0
1202,1.6885,14.07,5.477,81.14,0
1203,1.7486,15.36,5.82,66.11,0
1204,1.6712,18.53,6.285,78.09,0
1205,1.6668,15.91,6.37,83.01,0
1206,1.5523,17.1,6.16,67.54,0
1207,1.5549,15.22,5.572,67.71,0
1208,1.4407,17.57,6.815,69.9,0
1209,1.9103,20.15,6.268,82.88,0
1210,1.4579,18.99,6.25,61.62,0
1211,1.5373,17.04,5.828,85.42,0
1212,1.5301,18.75,6.649,80.89,0
1213,1.7688,18.76,6.641,75.69,0
1214,1.5869,18.81,7.724,65.87,0
1215,1.8149,20.22,7.225,70.49,0
1216,1.5233,20.41,7.591,83.01,0
1217,1.6627,18.15,6.594,88.17,0
1218,1.4921,19.88,6.409,68.82,0
1219,1.9357,18.03,6.508,87.31,0
1220,1.4323,17.15,6.59,84.19,0
1221,1.6534,18.66,6.874,77.75,0
1222,1.6985,19.25,6.465,71.55,0
1223,1.6619,16.28,6.407,74.58,0
1224,1.5685,21.52,6.667,90.67,0
1225,1.5732,14.47,5.579,81.43,0
1226,1.5957,25.63,7.234,84.26,0
1227,1.5635,23.4,7.27,76.89,0
1228,1.7265,20.08,6.386,73.33,0
1229,1.9098,20.82,6.717,81.18,0
1230,1.491,21.61,7.426,93.3,0
1231,1.3655,20.02,6.416,71.83,0
1232,1.554,21.79,6.835,83.24,0
1233,1.9506,21.31,6.976,77.74,0
1234,1.4394,21.61,7.096,64.44,0
1235,1.8021,22.36,6.923,63.81,0
1236,1.8042,19.57,7.056,73.64,0
1237,1.4658,22.48,7.388,78.29,0
1238,1.6304,22.93,7.767,82.27,0
1239,1.7856,23.06,7.177,62.6,0
1240,1.4807,22.57,6.95,80.68,0
1241,1.5033,25.48,7.332,72.77,0
1242,1.4429,22.69,7.285,75.41,0
1243,1.3741,24.05,7.218,79.28,0
1244,1.4252,26.39,7.506,87.13,0
1245,1.3352,23.84,7.162,77.12,0
1246,1.5202,24.63,7.205,63.37,0
1247,1.3958,24.21,7.464,72.98,0
1248,1.5426,27.07,7.38,79.57,0
1249,1.2704,24.28,7.522,81.51,0
1250,1.5496,27.57,8.196,77.79,1
1251,1.6213,24.99,7.292,69.92,1
1252,1.1934,23.68,8.459,63.85,0
1253,1.5448,26.96,7.801,77.54,0
1254,1.6691,25.19,7.064,64.17,0
1255,1.2997,27.24,7.73,78.2,0
1256,1.7283,20.74,6.887,82.1,0
1257,1.5365,26.41,7.908,69.41,0
1258,1.3641,25.68,7.504,72.69,0
1259,1.4578,24.67,7.118,75.79,0
1260,1.5461,25.89,7.279,68.55,0
1261,1.4701,26.05,7.428,62.32,0
1262,1.5357,27.3,7.646,72.3,0
1263,1.3131,24.87,7.115,74.6,0
1264,1.4729,28.43,7.761,82.83,0
1265,1.2317,30.73,8.662,64.3,0
1266,1.4234,28.76,8.998,80.29,0
1267,1.3008,30.02,8.606,61.81,0
1268,1.3224,30.79,9.054,59.77,0
1269,1.6145,31.27,8.917,67.83,1
1270,1.5891,32.74,9.057,61.83,1
1271,1.5131,28.2,7.854,61.21,0
1272,1.2543,27.96,8.002,87.78,0
1273,1.367,31.17,8.27,66.69,0
1274,1.5929,31.22,8.349,88.76,0
1275,1.4286,31.55,8.51,62.11,0
1276,1.7516,33.98,9.177,54.94,0
1277,1.4592,30.42,8.498,81.08,0
1278,1.4254,31.45,8.405,64.32,0
1279,1.3467,28.84,8.098,72.81,0
1280,1.4096,35.27,9.23,56.99,0
1281,1.3632,30.53,8.635,70.38,0
1282,1.4888,30.78,7.912,59.56,1
1283,1.5226,30.91,8.036,69.86,0
1284,1.2578,30.51,8.884,66.9,0
1285,1.1726,30.54,8.307,72.52,0
1286,1.0934,31.15,8.267,75.31,0
1287,1.4417,29.67,8.1,73.13,0
1288,1.1966,31.03,8.304,73.99,0
1289,1.0359,36.7,9.505,66.11,0
1290,1.4138,34.47,8.563,64.83,0
1291,1.7261,35.05,9.018,71.73,0
1292,1.348,35.75,9.217,66.66,0
1293,1.4714,37.27,9.512,66.05,0
1294,1.3547,30.26,8.382,74.03,0
1295,1.3244,31.54,8.71,61.81,0
1296,1.4739,32.59,8.434,80.88,0
1297,1.2894,33.46,8.455,66.93,0
1298,1.3699,34.0,10.522,69.59,0
1299,1.375,33.91,8.722,68.3,0
1300,1.2235,35.44,8.995,72.96,1
1301,1.4694,35.27,9.352,70.55,0
1302,1.2914,33.95,9.737,68.23,0
1303,1.2013,31.25,8.242,81.84,0
1304,1.3922,33.81,8.493,43.08,1
1305,1.174,34.9,8.594,78.0,0
1306,1.3101,35.71,9.997,74.94,0
1307,1.3017,34.14,8.531,53.83,0
1308,1.4631,35.62,9.082,75.06,0
1309,1.3686,34.54,8.607,76.74,0
1310,1.2909,36.75,8.823,71.45,0
1311,1.4146,35.05,8.898,55.5,0
1312,1.4977,35.7,8.793,73.04,0
1313,1.3702,34.98,8.756,76.07,0
1314,1.2855,37.49,10.605,61.93,1
1315,1.0845,36.27,9.375,70.77,0
1316,1.119,40.01,10.204,62.17,0
1317,1.2304,39.21,10.023,72.56,0
1318,1.1823,38.46,9.48,63.42,0
1319,1.2432,37.21,9.169,62.04,1
1320,1.2773,39.76,9.819,64.83,0
1321,1.3459,40.58,9.907,53.92,0
1322,1.2535,39.69,9.499,64.08,0
1323,1.3348,42.81,10.224,66.21,0
1324,1.2692,40.72,9.612,71.53,0
1325,0.961,41.83,9.958,65.9,0
1326,1.1142,40.47,9.695,53.26,0
1327,1.2313,41.75,9.615,74.77,0
1328,1.0694,39.01,8.991,77.09,0
1329,1.3387,39.88,9.419,65.97,0
1330,1.4763,41.7,11.063,57.97,1
1331,1.4275,41.88,9.916,59.62,0
1332,1.2107,42.42,10.476,61.92,0
1333,1.4644,43.8,9.748,64.95,0
1334,1.2612,38.95,9.261,63.19,0
1335,1.1865,40.05,9.339,58.1,0
1336,1.1433,42.66,10.071,71.59,0
1337,1.1882,40.95,11.527,66.49,0
1338,1.1736,49.36,11.355,50.97,0
1339,1.2557,43.83,11.295,65.03,0
1340,1.2526,42.84,10.08,64.59,0
1341,1.2274,42.17,10.802,57.95,0
1342,1.291,42.44,11.408,73.1,0
1343,1.4025,43.66,10.256,63.88,0
1344,1.3649,44.02,10.16,60.85,0
1345,0.9983,43.09,9.803,62.48,0
1346,0.8366,43.65,10.182,66.36,0
1347,1.3585,47.09,10.847,60.17,1
1348,1.0121,47.37,12.109,59.93,1
1349,1.1822,45.3,10.141,70.35,1
1350,1.0392,42.32,10.122,52.26,0
1351,0.9432,46.28,10.176,51.22,0
1352,1.2937,48.51,10.869,66.11,1
1353,1.3253,48.34,11.134,79.32,0
1354,1.1239,47.27,11.068,67.65,0
1355,0.8208,48.84,11.342,74.61,0
1356,1.1266,46.31,10.868,57.74,0
1357,1.2664,47.66,11.16,55.31,1
1358,0.985,45.24,10.554,65.51,1
1359,1.2335,47.38,10.515,68.2,0
1360,1.203,49.66,10.676,48.71,0
1361,1.2915,46.02,10.457,59.68,0
1362,1.2219,45.68,10.549,61.38,0
1363,1.0574,47.79,11.571,54.89,0
1364,1.3823,47.35,10.813,56.09,1
1365,1.1786,49.3,11.069,66.17,0
1366,1.1978,47.29,11.011,64.38,0
1367,1.0615,51.84,11.423,64.29,0
1368,1.1347,46.02,11.036,64.08,0
1369,1.0681,51.31,12.653,51.23,0
1370,1.1747,47.47,12.273,63.9,0
1371,1.4571,45.61,10.631,54.02,0
1372,0.9944,49.88,11.376,56.58,1
1373,0.9581,49.09,11.994,51.26,1
1374,1.4207,47.58,10.829,55.56,0
1375,1.1686,46.64,11.058,61.74,0
1376,1.0997,50.18,10.913,55.23,0
1377,1.3561,52.35,11.486,50.52,0
1378,1.1094,51.77,12.103,67.04,1
1379,1.4743,50.91,11.137,57.5,0
1380,1.3023,51.96,11.494,53.6,0
1381,1.1277,51.15,10.955,49.65,0
1382,1.5248,48.54,12.262,44.9,0
1383,1.1107,48.76,11.721,57.97,0
1384,1.3132,51.39,11.537,47.14,0
1385,1.2473,51.68,11.727,63.69,0
1386,1.3981,53.9,12.007,56.89,0
1387,1.4376,53.91,12.577,69.12,1
1388,1.2088,53.81,11.634,58.5,0
1389,1.0916,52.24,11.926,51.84,1
1390,1.2743,50.24,11.825,43.82,0
1391,1.1044,54.02,12.48,63.04,0
1392,1.5088,54.45,11.323,45.94,1
1393,1.2281,48.82,10.86,56.44,0
1394,1.1537,52.13,11.235,71.11,0
1395,1.2371,52.62,11.704,62.32,1
1396,1.0083,54.44,11.362,59.46,0
1397,1.0656,52.79,11.11,64.88,0
1398,1.3925,54.52,13.311,63.54,1
1399,1.115,54.38,12.187,69.02,0
1400,1.0576,54.68,12.002,51.37,1
1401,1.2964,53.77,11.972,53.73,0
1402,1.395,54.12,11.929,49.15,0
1403,1.3262,53.44,12.256,56.67,0
1404,1.3691,56.56,12.011,54.01,0
1405,1.1075,57.14,12.399,40.68,1
1406,1.0092,54.66,12.044,50.97,0
1407,1.4491,59.44,12.324,64.85,1
1408,1.177,55.97,12.812,57.37,1
1409,1.1893,59.86,12.566,58.81,0
1410,1.4278,55.72,12.61,54.61,1
1411,1.3136,53.15,11.769,42.02,1
1412,1.3002,58.2,13.403,53.05,1
1413,1.5583,58.1,12.124,62.48,1
1414,1.1388,57.87,12.078,44.79,0
1415,1.3763,56.72,11.953,60.95,0
1416,1.2475,58.13,12.524,40.51,1
1417,1.2811,57.38,13.209,54.74,1
1418,1.472,58.0,13.341,58.56,0
1419,1.3209,60.48,12.219,50.21,1
1420,1.3274,59.37,12.76,73.16,1
1421,1.4096,60.42,12.09,48.8,1
1422,1.1961,58.94,12.965,49.01,0
1423,1.1271,58.92,13.151,55.29,0
1424,1.0984,57.49,12.358,48.46,0
1425,0.9623,59.26,12.673,41.91,0
1426,1.568,53.56,11.814,48.08,1
1427,1.0963,59.22,12.364,59.53,0
1428,1.2309,60.44,13.004,50.3,1
1429,1.2249,61.93,12.951,65.46,0
1430,1.315,60.46,13.27,49.19,0
1431,1.3936,61.9,12.99,57.55,0
1432,1.4028,57.04,12.015,58.86,1
1433,1.1888,61.49,12.514,48.46,1
1434,1.2537,58.44,11.991,46.9,0
1435,1.3237,59.58,13.378,39.4,1
1436,1.2466,61.83,12.857,56.33,0
1437,1.5276,64.95,13.638,59.61,1
1438,1.3629,63.34,14.292,38.28,0
1439,1.4021,62.84,12.974,48.33,1
1440,1.3941,62.96,12.972,45.89,0
1441,1.4734,61.77,12.964,56.35,1
1442,1.3273,62.31,13.109,48.98,1
1443,1.1085,64.45,14.546,60.91,0
1444,1.3658,61.03,13.775,49.31,1
1445,1.2111,65.19,13.81,40.0,1
1446,1.2324,63.42,14.049,47.2,1
1447,1.4026,66.05,13.589,46.5,1
1448,1.5034,66.52,13.855,53.3,0
1449,1.3238,61.45,12.854,49.14,1
1450,1.37,63.84,12.922,54.22,0
1451,1.5821,63.49,13.892,44.58,1
1452,1.3659,61.77,13.253,49.58,1
1453,1.7232,63.53,13.287,44.6,1
1454,1.4209,70.68,14.351,39.82,1
1455,1.0751,67.22,13.38,58.87,1
1456,1.4554,70.03,13.932,41.26,0
1457,1.4028,68.06,14.103,45.38,1
1458,1.5424,65.12,13.327,58.29,0
1459,1.4532,66.04,13.572,55.38,1
1460,1.3347,68.18,13.936,61.22,1
1461,1.1751,68.08,13.722,52.02,1
1462,1.3308,66.25,13.366,44.45,1
1463,1.2379,64.58,12.962,66.71,1
1464,1.2818,74.38,14.849,49.03,1
1465,1.4606,67.72,14.188,47.13,1
1466,1.6262,67.55,13.4,48.93,1
1467,1.4383,68.63,14.034,49.26,1
1468,1.2032,68.11,14.086,46.24,1
1469,1.4528,69.05,13.78,36.57,1
1470,1.5691,71.57,15.252,59.07,1
1471,1.3016,68.95,13.95,47.45,1
1472,1.3765,67.07,13.771,50.22,0
1473,1.4024,69.28,14.079,64.06,0
1474,1.286,68.87,13.573,42.21,1
1475,1.5045,72.85,15.174,50.54,1
1476,1.3927,72.54,14.314,39.14,1
1477,1.4774,70.62,14.252,49.2,1
1478,1.285,68.04,14.226,49.79,0
1479,1.3561,68.35,14.796,54.32,0
1480,1.5338,71.03,14.054,56.05,0
1481,1.3731,71.87,14.367,41.24,1
1482,1.6918,70.65,15.086,57.94,0
1483,1.3765,70.64,14.55,58.52,1
1484,1.4738,70.61,14.65,44.63,1
1485,1.5837,71.95,14.2,45.78,1
1486,1.2347,67.43,13.724,44.58,1
1487,1.1871,70.2,14.215,44.44,0
1488,1.2261,71.35,14.161,36.56,1
1489,1.6481,75.22,14.544,50.09,1
1490,1.3796,71.37,14.271,29.77,1
1491,1.8499,73.56,15.503,39.29,1
1492,1.3853,73.85,14.852,44.32,0
1493,1.5013,76.2,15.912,53.68,1
1494,1.7087,76.33,15.273,38.84,1
1495,1.7821,73.88,14.569,48.09,1
1496,1.7942,73.25,15.404,44.4,0
1497,1.6699,73.07,14.799,52.72,1
1498,1.6461,74.12,15.337,47.53,1
1499,1.5851,73.93,14.492,51.28,1
1500,1.6168,76.11,15.681,38.93,0
1501,1.4211,76.04,15.69,35.26,1
1502,1.3848,76.58,15.36,45.99,1
1503,1.5108,78.12,15.192,38.23,1
1504,1.4895,79.53,15.661,41.53,1
1505,1.4509,76.25,15.464,45.79,1
1506,1.6271,78.4,15.608,51.9,0
1507,1.6697,75.7,15.376,49.87,0
1508,1.5434,78.97,16.095,36.17,1
1509,1.7555,78.92,15.36,32.49,1
1510,1.3663,79.02,15.233,55.25,1
1511,1.5123,77.39,15.343,29.91,1
1512,1.4375,76.06,15.036,39.74,1
1513,1.2688,74.81,15.341,49.28,1
1514,1.5401,77.72,15.059,55.48,1
1515,1.538,81.07,16.414,38.84,1
1516,1.7869,77.58,16.106,42.67,1
1517,1.6582,79.97,15.746,34.02,1
1518,1.4137,80.29,15.818,41.84,1
1519,1.8491,78.23,15.221,32.86,1
1520,1.7578,81.63,15.8,34.02,1
1521,1.6656,73.38,14.607,51.08,1
1522,1.5479,76.95,16.074,39.36,1
1523,1.4416,77.77,15.387,49.68,1
1524,1.5333,78.16,15.063,40.88,1
1525,1.756,80.67,15.958,29.65,1
1526,1.879,80.78,16.259,49.88,1
1527,1.8313,81.19,15.918,29.76,1
1528,1.5301,81.79,16.819,35.11,1
1529,1.439,78.9,15.95,40.06,1
1530,1.6316,78.56,15.192,49.91,1
1531,1.3487,81.99,15.851,35.59,1
1532,1.6659,80.14,15.866,33.5,1
1533,1.5987,78.46,15.032,43.23,1
1534,1.5544,83.74,16.455,37.04,1
1535,1.3885,84.79,15.963,34.39,1
1536,1.7082,85.31,17.053,39.54,1
1537,1.5546,82.77,16.604,29.71,1
1538,1.4624,83.85,16.552,24.91,1
1539,1.2104,85.54,16.344,54.79,1
1540,1.6404,81.72,16.078,40.8,1
1541,1.9137,85.42,16.378,39.14,1
1542,1.9003,83.95,16.005,32.37,1
1543,1.5858,85.43,16.437,44.93,1
1544,1.5672,84.17,16.698,34.23,1
1545,1.7311,86.59,16.757,14.76,1
1546,1.5142,84.65,17.234,33.68,1
1547,1.7123,81.43,16.323,37.89,1
1548,1.7851,87.5,17.177,35.14,1
1549,1.8573,82.9,15.711,37.66,1
1550,1.6613,87.51,16.768,31.34,1
1551,1.6488,85.02,16.156,32.06,1
1552,1.5507,87.75,16.842,33.96,1
1553,1.5613,87.87,16.688,23.11,1
1554,1.6543,86.66,16.609,21.34,1
1555,1.7463,87.02,17.331,37.57,1
1556,1.8312,87.05,17.016,37.69,1
1557,1.5765,82.37,16.602,46.61,1
1558,1.9237,86.84,16.303,34.85,1
1559,1.6619,84.57,16.459,28.71,1
1560,1.7022,87.34,17.323,21.08,1
1561,1.596,84.91,17.314,30.93,1
1562,1.3472,85.03,16.043,41.36,1
1563,1.8461,90.81,17.24,46.05,1
1564,1.8266,89.94,17.753,35.47,1
1565,1.6765,87.99,16.875,26.5,1
1566,1.7313,88.57,16.73,28.82,1
1567,1.8012,87.9,16.474,29.47,1
1568,1.4919,89.74,16.895,31.91,1
1569,1.6494,87.45,16.376,45.5,1
1570,1.8503,90.99,17.422,44.0,1
1571,1.5454,88.69,17.485,34.41,1
1572,1.7799,88.56,16.638,37.33,1
1573,1.5347,89.64,17.305,28.83,1
1574,1.8104,88.62,17.445,22.15,1
1575,1.7374,90.66,17.348,48.91,1
1576,1.5026,89.13,16.644,16.94,1
1577,1.9218,91.34,17.618,19.51,1
1578,1.639,93.03,17.683,47.55,1
1579,1.6297,89.36,17.094,35.52,1
1580,1.7834,90.74,17.164,25.55,1
1581,1.9276,92.12,17.604,39.19,1
1582,1.6049,90.53,17.555,40.87,1
1583,1.7684,92.53,19.231,22.82,1
1584,1.8254,92.91,17.733,28.99,1
1585,1.8669,94.17,18.705,39.51,1
1586,1.7912,90.99,17.552,27.87,1
1587,1.7114,90.51,17.288,36.95,1
1588,1.644,91.98,17.609,45.21,1
1589,1.7827,90.86,16.993,15.34,1
1590,1.6106,94.13,17.999,29.79,0
1591,1.3348,90.88,16.832,36.57,1
1592,1.8401,98.07,18.168,15.82,1
1593,1.9117,96.19,18.224,27.05,1
1594,1.4231,93.83,18.436,41.06,1
1595,1.6275,95.73,18.882,25.92,1
1596,1.8732,90.93,17.299,22.57,1
1597,2.0902,99.45,18.731,38.38,1
1598,1.786,93.42,18.245,36.5,1
1599,1.6749,94.56,17.521,31.71,1
1600,1.7579,91.29,17.619,33.44,0
1601,1.9927,95.77,17.834,39.76,1
1602,1.6907,92.39,17.542,35.92,1
1603,1.6687,94.6,17.773,37.4,1
1604,1.7172,93.11,17.907,27.59,1
1605,1.6476,91.84,17.773,18.55,1
1606,1.8099,92.19,18.007,38.66,1
1607,2.0361,94.05,18.007,41.38,1
1608,1.8416,90.84,17.447,32.7,1
1609,1.7561,91.7,18.605,41.08,1
1610,1.7509,94.33,17.442,29.72,1
1611,1.5609,98.0,19.421,29.47,1
1612,1.9285,93.56,17.674,46.89,1
1613,1.7849,90.57,17.591,32.33,1
1614,1.7701,91.47,17.348,31.32,1
1615,2.2766,92.06,17.314,18.8,1
1616,1.8429,91.1,17.629,39.86,1
1617,1.6857,93.41,18.278,27.28,1
1618,1.7349,91.83,17.734,35.08,1
1619,1.9714,93.02,17.507,30.67,1
1620,1.8164,90.37,20.546,31.21,1
1621,1.5839,93.45,18.383,31.99,1
1622,1.9377,90.27,17.743,34.51,1
1623,1.6997,88.46,16.887,45.33,1
1624,2.081,94.55,17.712,44.43,1
1625,1.962,86.35,16.597,42.4,1
1626,1.7329,88.32,17.54,46.18,0
1627,1.9921,88.35,16.675,42.83,1
1628,1.81,94.42,17.565,36.31,1
1629,1.9275,92.81,17.913,44.95,1
1630,1.8721,91.99,17.684,23.34,1
1631,1.6722,88.14,16.706,30.64,1
1632,1.7023,93.45,17.414,26.36,1
1633,1.953,89.14,17.898,33.11,1
1634,1.7479,90.15,17.427,40.39,1
1635,1.7371,88.36,16.584,27.06,1
1636,1.6539,87.7,16.501,40.4,1
1637,1.8601,87.1,16.68,32.05,1
1638,2.1054,86.98,17.138,34.04,1
1639,1.6352,88.42,17.281,37.55,1
1640,1.7983,87.73,17.483,49.81,1
1641,2.0058,86.74,16.311,31.26,1
1642,1.7812,89.62,17.287,34.59,1
1643,1.8602,80.47,16.589,32.09,1
1644,1.6321,87.22,17.537,30.89,1
1645,1.8548,87.44,17.02,27.84,1
1646,1.7615,88.09,18.522,38.1,1
1647,1.9365,85.47,16.847,41.12,1
1648,1.9657,85.82,17.14,43.01,1
1649,2.1749,87.17,16.844,30.67,1
1650,1.8723,87.98,16.679,40.27,1
1651,1.833,84.2,16.084,39.39,1
1652,1.8121,85.13,16.595,37.46,1
1653,1.7286,87.76,16.832,26.41,1
1654,1.8311,79.95,15.236,42.25,1
1655,1.7346,82.62,15.806,40.91,1
1656,1.8028,86.73,16.64,37.77,1
1657,1.9737,85.79,16.955,40.73,1
1658,1.6236,84.44,16.41,43.89,1
1659,1.944,82.3,16.067,30.83,1
1660,1.969,81.24,15.609,38.52,1
1661,1.7521,81.62,16.002,44.16,1
1662,1.4499,85.7,17.299,35.44,1
1663,1.6753,81.14,15.986,47.99,0
1664,1.9592,82.4,15.658,40.28,1
1665,1.7595,80.49,15.43,25.07,1
1666,1.6112,83.49,16.538,45.62,0
1667,1.6835,80.52,15.743,39.75,1
1668,1.8834,81.2,15.901,26.12,1
1669,1.8373,77.83,15.208,40.28,1
1670,1.7175,77.77,15.639,32.19,1
1671,1.6962,80.82,15.759,46.54,1
1672,1.6904,77.95,15.371,41.94,1
1673,1.6087,84.61,16.153,30.84,1
1674,1.9872,76.08,15.607,49.84,1
1675,1.6944,78.4,15.425,45.63,1
1676,1.923,79.83,16.0,39.21,0
1677,1.9664,78.87,15.201,31.71,1
1678,1.8856,77.19,16.33,35.95,1
1679,1.6688,77.28,16.009,35.77,1
1680,1.7917,77.02,14.769,48.76,0
1681,1.7251,78.23,15.21,28.62,1
1682,1.5907,82.5,16.336,39.12,1
1683,1.7724,78.56,15.123,39.86,1
1684,1.5444,80.57,15.784,48.94,1
1685,1.8968,79.01,15.788,43.45,1
1686,1.6464,80.03,15.683,45.27,1
1687,1.7436,72.0,14.791,41.6,1
1688,1.7533,76.79,15.026,33.08,1
1689,1.6693,79.81,15.13,38.51,0
1690,1.7934,75.86,15.61,49.7,1
1691,1.6314,80.32,16.276,47.0,1
1692,1.8305,79.57,17.407,37.81,0
1693,1.4951,75.46,14.483,36.84,1
1694,1.7131,75.19,15.379,35.43,1
1695,1.9821,73.97,14.301,43.52,1
1696,1.5383,74.54,15.95,45.37,0
1697,1.5837,73.13,14.936,56.9,1
1698,1.7595,76.26,14.872,44.23,0
1699,1.7063,72.29,14.959,50.54,1
1700,1.7289,76.21,14.983,37.03,1
1701,1.7466,76.06,15.286,43.7,1
1702,1.7654,71.28,14.528,47.35,1
1703,1.8335,77.5,16.384,41.38,1
1704,1.7254,75.23,16.101,43.69,1
1705,1.6246,75.5,14.862,44.71,1
1706,1.7584,72.28,15.119,49.48,1
1707,1.9393,74.84,15.129,53.45,1
1708,1.6312,75.65,14.666,25.48,1
1709,1.5016,73.0,14.457,54.11,1
1710,1.8106,77.0,16.846,29.11,1
1711,1.6232,72.89,14.837,47.74,1
1712,1.312,74.88,15.474,62.92,0
1713,1.7616,72.99,14.617,44.87,1
1714,1.5508,73.37,14.561,46.42,1
1715,1.6142,68.66,14.06,45.32,1
1716,1.6741,72.54,14.53,50.81,0
1717,1.6494,70.13,13.82,49.82,1
1718,1.7238,69.71,13.876,41.77,1
1719,1.5486,74.69,15.281,43.27,1
1720,1.6874,70.57,14.195,37.71,1
1721,1.568,68.79,14.079,46.77,1
1722,1.7142,69.88,14.331,43.72,1
1723,1.6922,67.8,14.053,49.41,1
1724,1.456,73.07,15.292,39.48,1
1725,1.7556,68.61,13.686,46.12,0
1726,1.5087,70.86,14.635,46.56,1
1727,1.7067,72.31,14.949,46.24,1
1728,1.637,68.4,14.493,50.15,1
1729,1.854,70.26,13.858,45.45,1
1730,1.5411,66.94,13.898,42.54,0
1731,1.5186,73.69,15.79,45.44,1
1732,1.5644,70.47,14.282,45.29,1
1733,1.5181,68.01,14.166,56.39,1
1734,1.6799,66.65,14.115,58.21,1
1735,1.3138,67.77,13.579,37.36,1
1736,1.3945,67.12,14.9,53.67,0
1737,1.3886,71.51,14.697,52.64,1
1738,1.6876,64.95,13.723,39.26,1
1739,1.7979,67.47,13.385,53.15,0
1740,1.5219,66.96,14.169,55.99,1
1741,1.5085,66.57,13.959,41.46,1
1742,1.5406,66.38,14.622,47.28,1
1743,1.7006,66.17,13.558,50.79,1
1744,1.3835,67.95,13.616,52.8,0
1745,1.5546,67.22,13.594,40.76,1
1746,1.6614,66.64,13.563,58.27,1
1747,1.5865,59.53,12.319,37.05,1
1748,1.536,66.0,14.325,59.99,1
1749,1.6539,61.89,13.734,56.27,0
1750,1.0945,66.29,13.619,44.25,1
1751,1.5979,67.75,13.767,55.27,0
1752,1.3943,62.75,12.646,42.97,1
1753,1.2141,63.88,13.652,51.59,0
1754,1.5616,63.0,14.138,53.11,0
1755,1.6872,66.47,13.496,51.01,1
1756,1.4568,63.99,13.303,43.89,1
1757,1.6166,67.06,13.998,44.8,1
1758,1.7117,64.23,14.377,51.48,0
1759,1.6634,63.68,13.386,44.98,0
1760,1.7084,63.14,13.302,53.29,0
1761,1.57,64.44,13.49,45.43,1
1762,1.4662,59.12,12.184,61.53,1
1763,1.2109,62.57,12.696,63.96,1
1764,1.4106,62.06,12.783,49.38,0
1765,1.3173,63.45,13.767,58.29,1
1766,1.7657,61.42,12.838,50.45,1
1767,1.41,59.52,12.487,45.8,0
1768,1.4512,61.41,12.766,48.75,0
1769,1.5118,59.03,12.552,54.26,1
1770,1.4319,57.15,13.298,40.41,1
1771,1.676,62.25,13.029,56.65,1
1772,1.3247,61.76,12.744,52.63,1
1773,1.4437,61.33,12.96,60.2,0
1774,1.2995,62.81,14.189,56.18,1
1775,1.2093,58.67,12.368,54.76,1
1776,1.312,56.94,11.914,51.99,0
1777,1.3946,59.46,12.487,65.51,1
1778,1.3322,58.7,12.609,71.14,0
1779,1.2892,57.52,12.694,51.78,0
1780,1.1786,58.84,13.072,62.03,0
1781,1.3736,57.58,12.045,48.8,1
1782,1.1569,54.93,11.673,51.34,0
1783,1.4931,57.52,12.256,51.4,1
1784,1.3881,55.93,12.454,60.92,0
1785,1.1536,58.46,12.124,45.32,0
1786,1.3225,56.49,12.008,67.51,1
1787,1.2527,59.82,12.512,60.61,1
1788,1.41,60.61,13.299,57.93,0
1789,1.5599,58.56,12.769,51.51,1
1790,1.0742,53.9,12.27,63.3,0
1791,1.3694,59.81,13.43,29.77,1
1792,1.3249,59.75,12.598,56.68,0
1793,1.4464,56.44,11.838,56.42,0
1794,1.3744,58.85,12.2,38.6,1
1795,1.2265,54.9,11.464,59.31,0
1796,1.2882,52.07,11.392,62.49,1
1797,1.2135,54.08,11.719,41.72,1
1798,1.4912,58.86,12.949,44.19,1
1799,1.3299,52.22,11.589,74.18,1
1800,1.6088,55.0,11.822,54.51,1
1801,1.3115,54.87,11.935,63.88,1
1802,1.2114,53.57,11.446,65.87,0
1803,1.0876,53.51,12.284,60.04,0
1804,1.0412,54.34,11.632,64.53,1
1805,1.0712,52.88,11.315,40.37,0
1806,1.346,50.96,11.78,56.58,0
1807,1.3793,54.03,12.113,31.94,1
1808,1.063,55.55,11.584,41.7,1
1809,1.4317,54.94,12.399,51.67,1
1810,1.2222,51.38,11.2,52.85,1
1811,1.3139,50.3,11.156,59.15,0
1812,1.531,52.03,11.632,57.62,0
1813,1.4211,55.54,12.345,56.75,0
1814,1.2436,53.49,11.969,58.3,0
1815,1.1476,53.41,11.741,59.62,1
1816,0.956,53.58,11.631,49.18,1
1817,1.1683,52.44,11.795,51.74,0
1818,1.2421,51.64,11.45,57.72,1
1819,1.1232,52.52,12.688,57.31,1
1820,1.2492,49.91,11.501,50.4,0
1821,1.278,47.97,10.637,68.87,0
1822,1.2304,52.05,11.383,63.57,0
1823,1.1643,52.88,11.701,50.4,1
1824,1.2848,47.96,11.626,58.55,1
1825,1.3236,51.64,12.255,74.09,0
1826,1.0915,53.16,11.578,58.39,1
1827,1.4646,49.6,10.878,62.41,1
1828,1.236,47.76,10.569,55.47,0
1829,1.2516,49.45,11.273,56.83,0
1830,1.3529,47.9,12.448,72.35,1
1831,1.2797,47.57,11.126,61.37,0
1832,1.3857,49.47,10.699,58.75,0
1833,1.2839,45.19,10.277,61.95,0
1834,1.1471,45.31,10.326,82.18,0
1835,1.2913,48.04,10.676,60.5,0
1836,1.0638,47.76,10.77,53.71,0
1837,1.2498,48.29,11.152,54.78,0
1838,1.2269,51.15,11.736,64.56,0
1839,1.199,47.41,11.409,49.13,0
1840,1.2093,48.2,11.213,63.69,0
1841,0.9447,44.85,9.935,56.3,0
1842,1.1431,48.14,10.626,45.25,0
1843,1.2379,45.35,10.491,53.95,0
1844,1.2465,46.34,10.762,61.41,0
1845,1.0669,45.78,11.029,72.69,0
1846,1.4096,47.87,10.947,67.59,1
1847,1.0885,42.98,10.217,60.86,0
1848,1.3625,40.83,9.975,72.28,1
1849,1.2799,44.77,10.369,59.28,0
1850,1.1177,45.94,10.676,49.71,1
1851,1.4798,45.1,11.085,62.11,0
1852,1.0334,47.06,10.777,48.71,0
1853,1.3493,45.27,10.529,68.17,0
1854,1.3605,43.07,10.198,69.6,0
1855,1.1088,39.35,10.333,58.35,1
1856,1.4174,43.33,9.891,64.17,1
1857,1.1701,45.66,11.633,62.69,0
1858,1.2501,42.62,9.767,70.41,0
1859,1.2451,43.26,10.008,53.09,1
1860,1.1852,43.84,10.673,67.49,0
1861,1.3263,40.77,10.375,54.0,0
1862,1.323,43.85,9.897,68.91,0
1863,0.9411,45.67,10.247,70.1,0
1864,1.3985,41.85,10.146,58.53,1
1865,0.953,39.74,11.266,74.91,0
1866,1.3568,41.67,10.646,51.41,0
1867,1.3705,37.15,9.228,75.51,0
1868,1.0375,42.07,9.441,75.26,0
1869,1.1392,42.1,10.099,66.5,0
1870,1.0347,44.35,10.559,60.83,0
1871,1.1681,40.41,9.67,67.25,0
1872,1.154,41.42,9.674,59.32,0
1873,1.317,38.68,9.617,86.79,0
1874,1.3966,39.49,9.359,60.62,1
1875,1.4094,36.95,10.407,77.37,1
1876,1.1157,39.41,10.496,59.42,0
1877,1.1687,38.99,9.899,78.38,0
1878,0.9477,40.0,9.786,81.1,0
1879,1.0795,37.95,9.211,69.32,1
1880,1.3453,39.17,9.617,67.79,0
1881,1.4432,38.13,10.397,58.47,0
1882,1.016,37.94,9.856,57.63,0
1883,1.1126,38.56,9.619,68.25,0
1884,1.198,38.28,9.939,77.7,1
1885,1.2444,39.52,9.922,60.9,1
1886,1.0814,37.56,9.556,84.13,0
1887,1.267,36.9,9.765,61.98,0
1888,1.1329,37.04,9.536,68.61,0
1889,1.2025,35.77,9.525,69.39,0
1890,1.2873,36.28,9.259,66.42,0
1891,1.207,40.86,9.783,48.13,0
1892,1.1414,34.77,8.769,63.18,0
1893,1.1912,35.84,8.892,69.09,1
1894,1.1953,35.43,8.59,66.98,0
1895,1.1539,35.51,8.77,72.79,0
1896,1.1716,35.14,8.707,73.97,0
1897,1.4512,36.16,8.99,65.38,0
1898,1.2966,31.98,9.415,62.11,0
1899,1.1692,37.27,9.28,79.02,0
1900,1.3192,36.27,9.291,56.4,0
1901,1.1658,32.31,8.713,64.85,0
1902,1.3931,30.06,9.146,64.16,0
1903,1.2738,32.45,8.411,75.5,0
1904,1.2036,33.71,8.722,79.31,0
1905,1.2882,39.16,9.582,64.11,0
1906,0.9868,34.89,9.559,69.91,0
1907,1.0549,29.98,8.96,74.44,0
1908,1.0463,32.02,8.762,84.22,0
1909,1.2484,33.09,9.352,54.96,0
1910,1.4884,33.51,8.85,74.85,0
1911,1.5649,30.17,8.209,73.91,0
1912,1.3276,32.33,9.202,66.64,0
1913,1.3087,30.96,8.61,73.03,1
1914,0.9652,29.99,7.994,76.93,0
1915,1.1557,32.52,9.118,74.15,0
1916,1.1208,33.35,8.672,86.26,0
1917,1.1477,33.28,8.618,70.05,0
1918,1.2175,32.55,9.062,69.69,0
1919,1.1739,30.21,8.246,69.43,0
1920,0.9498,32.43,8.783,73.97,0
1921,1.3609,31.42,8.766,69.89,0
1922,1.0899,30.87,8.111,70.58,1
1923,1.2888,29.18,8.293,71.64,0
1924,1.5662,29.21,8.847,70.4,0
1925,1.1194,30.15,7.954,66.04,0
1926,0.88,34.68,9.149,71.54,0
1927,1.2189,30.2,7.998,68.6,1
1928,1.4293,28.18,8.481,77.0,0
1929,1.5602,27.54,8.379,73.37,0
1930,1.0844,28.02,7.82,69.1,1
1931,1.3458,33.15,10.143,81.63,0
1932,1.2039,27.8,8.477,71.5,0
1933,1.2603,30.21,8.609,75.85,0
1934,1.6754,27.45,8.164,66.93,1
1935,1.0559,28.52,8.511,55.68,0
1936,1.322,29.38,7.829,66.83,0
1937,1.3567,26.46,7.799,56.03,0
1938,1.4521,26.12,7.833,71.43,0
1939,1.3066,30.52,8.18,82.44,0
1940,1.3408,28.97,8.3,64.38,0
1941,1.2387,28.38,8.644,55.12,1
1942,1.3406,28.17,7.821,84.1,0
1943,1.2515,27.32,7.826,68.81,0
1944,1.3991,30.24,8.006,70.73,0
1945,1.2533,26.09,7.152,79.65,0
1946,1.3683,26.95,8.159,77.01,0
1947,1.3103,22.7,7.144,81.39,0
1948,1.4865,23.75,7.332,81.95,0
1949,1.3129,22.8,6.844,61.35,0
1950,1.0577,27.55,7.811,61.16,0
1951,1.516,19.69,7.255,86.55,0
1952,1.194,23.8,7.32,68.47,0
1953,1.2349,18.41,6.524,72.57,0
1954,1.2467,22.54,7.217,65.37,0
1955,1.5454,23.02,6.813,71.95,0
1956,1.0221,26.57,8.019,70.26,0
1957,1.8163,24.39,7.014,66.86,0
1958,1.5073,21.73,6.697,67.54,0
1959,1.3857,25.33,7.207,76.35,0
1960,1.3472,23.04,7.138,68.72,0
1961,1.4016,22.88,7.05,70.42,0
1962,1.4403,20.19,6.779,59.39,0
1963,1.4623,20.42,6.509,92.25,0
1964,1.4522,20.55,7.328,84.2,0
1965,1.3857,22.09,7.46,71.79,0
1966,1.3461,21.96,6.976,68.63,0
1967,1.3564,24.69,7.279,74.27,0
1968,1.3534,22.17,6.869,75.57,0
1969,1.5561,15.78,6.001,69.32,0
1970,1.4786,21.53,6.55,55.68,0
1971,0.952,17.9,6.116,74.05,0
1972,1.495,18.67,6.961,65.29,0
1973,1.4294,18.78,6.695,79.11,0
1974,1.4009,18.87,7.504,79.1,0
1975,1.349,17.25,6.225,70.86,0
1976,1.5795,20.21,6.646,72.6,0
1977,1.5566,16.78,6.116,93.04,0
1978,1.3022,20.11,6.647,83.13,0
1979,1.4828,23.67,7.069,71.18,0
1980,1.2796,16.34,6.316,97.53,0
1981,1.2221,18.23,6.496,68.49,0
1982,1.3387,13.55,5.598,73.5,1
1983,1.5658,17.8,7.069,77.44,0
1984,1.5831,19.49,7.808,65.06,0
1985,1.5207,19.44,7.261,91.66,0
1986,1.5563,17.95,6.693,79.69,0
1987,1.5286,19.38,7.013,71.05,0
1988,1.3587,22.49,8.225,79.09,0
1989,1.5235,20.62,7.199,77.79,0
1990,1.5825,15.95,5.935,76.99,0
1991,1.5793,13.9,6.005,70.33,0
1992,1.6482,15.79,6.403,68.04,0
1993,1.5799,14.51,5.598,97.49,0
1994,1.5301,17.1,6.208,67.92,1
1995,1.6417,13.64,6.349,93.58,0
1996,1.4809,15.65,5.58,72.85,0
1997,1.3564,17.28,5.948,84.95,0
1998,1.468,15.2,5.962,83.6,0
1999,1.3845,13.31,5.898,85.32,0
2000,1.3987,17.35,5.933,84.45,0
2001,1.4821,11.44,5.417,67.11,0
2002,1.3887,14.74,6.548,74.59,0
2003,1.4651,15.52,6.105,68.75,0
2004,1.231,15.83,6.581,81.02,0
2005,1.5508,16.36,5.993,68.6,0
2006,1.5228,17.42,6.086,62.7,1
2007,1.4038,16.33,6.604,77.3,0
2008,1.629,15.86,6.289,61.81,0
2009,1.6745,15.98,5.77,81.48,0
2010,1.2965,15.78,5.842,69.47,0
2011,1.4269,18.78,7.436,71.01,0
2012,1.4297,16.11,5.857,61.09,0
2013,1.4078,19.29,7.097,90.62,0
2014,1.6769,17.84,6.252,66.59,0
2015,1.5271,16.96,6.292,75.91,0
2016,1.5202,19.44,6.791,63.0,0
2017,1.263,16.95,5.723,72.15,0
2018,1.6626,19.88,6.289,91.09,0
2019,1.3851,19.23,6.669,79.84,0
2020,1.5836,17.81,6.17,72.53,0
2021,1.6199,20.26,7.278,76.57,0
2022,1.786,20.49,6.35,72.22,0
2023,1.3892,21.92,7.291,75.11,0
2024,1.1362,21.73,6.587,81.91,0
2025,1.6203,20.98,6.766,73.76,0
2026,1.8664,17.94,6.095,79.99,0
2027,1.7857,25.3,8.685,75.71,0
2028,1.6348,17.79,6.004,75.72,0
2029,1.5332,22.7,7.107,69.49,0
2030,1.7315,21.86,6.531,71.68,0
2031,1.4679,18.85,7.474,83.28,0
2032,1.6889,21.15,7.097,82.57,0
2033,1.6967,21.44,7.023,67.03,0
2034,1.7833,24.41,8.215,72.27,0
2035,2.0417,20.57,6.897,70.63,0
2036,1.69,21.68,7.093,82.39,0
2037,1.5582,17.73,6.463,74.59,0
2038,1.634,26.07,7.913,90.97,1
2039,1.3758,20.66,6.67,78.35,0
2040,1.5403,23.65,7.216,84.26,0
2041,1.5864,23.0,7.582,67.08,0
2042,1.5725,23.2,7.348,75.17,0
2043,1.6772,25.22,7.488,78.8,0
2044,1.5342,27.14,7.392,64.45,0
2045,1.8289,24.5,8.246,74.46,0
2046,1.6639,25.51,7.344,82.11,0
2047,1.6657,25.06,7.993,71.35,0
2048,1.621,26.64,7.818,66.2,0
2049,1.6966,23.87,6.927,89.1,0
2050,1.8001,27.15,8.473,63.34,0
2051,1.5493,27.42,7.97,73.79,0
2052,1.5837,27.57,8.591,66.79,0
2053,1.6398,24.28,7.322,66.94,0
2054,1.4864,25.46,7.895,79.66,0
2055,1.5683,26.48,7.216,71.47,0
2056,1.6227,23.46,7.087,78.17,0
2057,1.8281,29.59,7.789,53.2,0
2058,1.7392,26.58,7.597,77.08,0
2059,1.7316,27.37,8.063,66.81,0
2060,1.833,25.85,7.412,58.46,0
2061,1.6875,24.55,7.845,89.35,0
2062,1.7694,26.19,7.389,78.09,0
2063,1.698,28.04,8.381,74.0,0
2064,1.7559,29.15,8.811,81.51,0
2065,1.6313,28.32,8.498,73.99,0
2066,1.3554,28.89,7.955,65.28,0
2067,1.7036,27.73,7.336,70.96,0
2068,1.9397,29.59,8.451,65.82,0
2069,1.8677,31.77,8.466,65.94,0
2070,1.876,30.41,7.988,60.69,1
2071,1.919,30.82,8.173,62.75,0
2072,1.7492,29.99,9.023,78.16,0
2073,1.7678,26.59,7.374,75.7,0
2074,1.6478,27.71,8.113,68.35,1
2075,1.6953,30.91,8.478,62.23,0
2076,1.8373,30.18,8.144,67.65,0
2077,1.9276,31.28,8.736,56.76,0
2078,1.7283,33.95,9.764,69.64,0
2079,1.6837,32.25,8.476,77.21,0
2080,1.7534,33.52,8.685,87.83,0
2081,1.8455,31.39,8.741,61.34,0
2082,1.5407,29.79,8.662,78.36,0
2083,1.4147,31.48,8.423,64.45,0
2084,1.6785,30.19,8.164,61.86,0
2085,1.5798,35.12,8.429,58.9,0
2086,1.6885,33.78,8.55,69.86,0
2087,1.7443,33.44,8.4,61.49,0
2088,1.7002,35.07,9.326,63.1,0
2089,1.9877,28.76,7.971,68.22,0
2090,1.8205,34.18,8.769,62.57,0
2091,1.8181,30.58,8.333,64.15,0
2092,1.8679,33.39,8.464,49.54,1
2093,1.6052,32.98,9.558,69.91,0
2094,1.9334,35.12,9.699,68.47,0
2095,1.7676,34.46,9.829,61.95,0
2096,1.8809,36.89,9.598,69.75,1
2097,1.6208,33.2,8.718,80.26,0
2098,1.5498,36.02,10.06,67.58,0
2099,1.9068,35.12,8.78,78.57,0
2100,1.8418,31.73,8.215,87.87,0
2101,1.6512,33.36,8.541,89.23,0
2102,1.6571,35.1,9.248,58.43,0
2103,1.9574,37.82,9.161,56.84,0
2104,1.6112,36.73,9.199,63.41,0
2105,2.037,33.66,8.327,69.83,0
2106,1.6564,35.92,9.35,80.14,0
2107,1.8881,40.44,9.36,69.76,0
2108,1.7439,36.82,8.962,57.28,0
2109,1.8844,36.15,9.799,62.42,0
2110,1.7131,37.98,10.051,65.87,0
2111,1.771,38.73,9.721,53.85,0
2112,1.8021,36.49,9.34,67.22,1
2113,1.6463,38.61,9.349,56.33,0
2114,1.9083,37.14,9.055,53.51,1
2115,1.7207,39.44,9.531,57.76,1
2116,1.7638,38.54,9.077,69.16,0
2117,1.6493,39.36,9.761,68.61,0
2118,1.4145,37.08,9.332,67.52,0
2119,1.7705,37.16,9.012,74.64,0
2120,2.1613,40.89,10.757,71.55,0
2121,1.9173,39.04,9.881,67.21,0
2122,1.7969,39.97,10.064,65.55,0
2123,1.7605,38.99,9.421,66.64,0
2124,1.8033,41.6,9.989,62.86,0
2125,1.8821,38.78,9.853,48.33,1
2126,1.6229,39.93,9.802,74.13,0
2127,1.9671,41.97,10.944,67.0,1
2128,1.9071,42.95,10.114,53.5,0
2129,1.9073,39.75,9.53,76.57,0
2130,1.8652,44.92,10.777,57.33,1
2131,1.8021,41.83,9.627,63.04,0
2132,1.8998,39.31,10.094,73.6,0
2133,1.8873,42.34,9.695,65.36,0
2134,1.745,41.03,10.196,75.06,0
2135,1.7116,42.87,9.952,60.46,1
2136,1.8124,42.11,10.277,77.26,0
2137,2.0289,42.55,10.57,57.25,1
2138,1.6101,40.78,9.93,75.07,0
2139,1.5752,44.78,10.086,44.01,1
2140,1.8194,40.69,9.552,55.79,1
2141,1.8016,40.98,9.645,66.79,0
2142,1.8192,44.13,9.839,59.32,1
2143,1.829,46.81,11.341,60.32,1
2144,1.758,43.09,10.259,63.48,0
2145,2.0141,45.4,10.195,52.23,1
2146,1.5495,46.35,11.492,52.26,0
2147,1.6643,46.03,10.41,63.24,1
2148,1.7721,43.98,10.452,57.28,1
2149,1.54,42.62,9.862,74.16,0
2150,1.7589,40.58,9.284,63.11,0
2151,2.0334,44.67,10.031,67.95,1
2152,1.786,47.76,10.749,63.89,1
2153,1.8162,43.35,10.685,58.18,1
2154,1.5913,47.2,10.979,44.84,1
2155,1.6865,44.1,10.423,72.02,1
2156,1.7212,46.41,10.159,53.32,1
2157,1.7284,47.82,11.584,57.08,1
2158,1.9668,45.28,10.636,60.62,1
2159,1.8567,47.14,10.775,60.31,0
2160,1.6047,46.17,11.248,68.99,1
2161,1.8068,48.61,11.689,59.88,0
2162,1.8429,47.87,11.518,59.26,1
2163,1.9375,47.71,10.813,68.52,1
2164,2.0018,50.92,11.057,63.26,1
2165,1.6106,49.32,11.634,53.52,0
2166,1.6394,46.82,10.352,51.73,1
2167,1.5705,48.23,12.163,53.47,1
2168,1.7222,48.45,11.028,59.54,1
2169,1.8253,48.96,10.748,49.66,0
2170,1.9014,54.05,11.468,57.3,0
2171,1.7399,49.94,10.841,58.0,1
2172,1.7012,45.33,10.607,41.46,0
2173,1.7698,48.51,11.025,48.64,0
2174,1.6196,45.94,10.25,38.35,1
2175,2.0561,49.34,11.018,56.64,1
2176,1.4993,46.23,10.262,69.86,0
2177,1.7659,48.66,11.314,44.68,1
2178,2.0394,47.56,10.862,49.89,1
2179,1.7346,51.57,11.345,56.75,1
2180,1.7026,51.0,10.998,49.89,0
2181,1.6751,51.81,11.408,49.37,0
2182,1.6992,51.19,11.276,62.62,1
2183,1.9297,48.81,11.207,55.75,0
2184,1.3895,52.83,11.743,45.41,1
2185,1.9487,55.84,12.499,38.79,1
2186,1.5025,53.02,11.527,74.86,0
2187,1.6735,51.55,10.957,67.1,1
2188,1.6464,49.74,11.698,55.54,1
2189,1.7964,50.98,11.085,59.11,0
2190,1.4656,53.91,11.478,52.75,0
2191,1.7719,55.35,12.035,59.88,0
2192,2.0035,53.92,11.967,49.81,1
2193,1.4925,55.2,11.839,51.53,1
2194,1.7226,55.22,11.838,59.51,1
2195,1.5919,55.01,11.857,67.62,0
2196,1.7522,52.88,12.445,63.2,1
2197,1.6882,54.75,11.961,66.02,1
2198,1.5862,52.9,11.364,54.76,1
2199,1.7526,54.83,11.657,51.12,1
2200,1.947,55.66,12.004,40.1,1
2201,1.6446,58.56,12.633,54.44,1
2202,1.7781,52.78,11.881,60.36,1
2203,1.4731,56.56,12.285,52.66,1
2204,1.5205,58.76,12.278,47.53,1
2205,1.7316,57.52,12.222,64.44,1
2206,1.8802,57.87,12.771,59.33,1
2207,1.7077,57.58,12.019,64.96,1
2208,1.6041,59.2,12.46,45.85,1
2209,1.6477,54.63,12.214,50.56,1
2210,1.457,54.23,12.303,66.09,0
2211,1.7319,57.19,12.254,54.31,1
2212,1.7702,53.08,11.56,52.6,0
2213,1.5667,60.06,12.348,48.97,1
2214,1.5606,60.24,13.02,52.77,1
2215,1.6676,57.13,13.015,62.74,1
2216,1.5588,57.46,14.159,53.24,1
2217,1.611,58.26,12.655,60.37,0
2218,1.9324,58.7,12.535,57.52,1
2219,1.5769,59.05,12.3,46.54,1
2220,1.5567,60.12,12.239,45.9,0
2221,1.5098,58.85,12.652,50.09,1
2222,1.715,61.29,14.503,41.53,1
2223,1.5727,60.49,13.486,48.59,1
2224,1.4989,58.59,13.101,65.96,1
2225,1.7909,62.67,13.254,51.15,1
2226,1.8021,57.48,12.527,48.38,1
2227,1.4954,60.22,12.162,68.2,0
2228,1.3019,62.53,13.487,44.03,1
2229,1.7294,59.35,12.446,45.69,1
2230,1.4719,61.62,12.748,61.86,1
2231,1.6895,62.29,12.972,56.92,1
2232,1.2718,59.68,12.569,52.15,0
2233,1.6975,61.46,12.719,58.78,1
2234,1.3782,61.49,12.979,54.51,1
2235,1.6658,60.9,12.684,42.97,1
2236,1.5546,66.8,13.811,29.74,1
2237,1.4057,60.87,12.433,47.94,1
2238,1.484,64.61,13.359,58.91,1
2239,1.6443,62.01,12.697,48.36,0
2240,1.5535,60.83,12.648,56.18,1
2241,1.6215,63.41,13.32,52.43,1
2242,1.8266,64.7,12.981,36.63,1
2243,1.2917,65.44,13.286,46.48,1
2244,1.7652,66.92,14.044,51.72,1
2245,1.5345,69.89,13.802,40.77,1
2246,1.3803,64.7,14.491,47.28,1
2247,1.3118,63.07,13.83,54.29,1
2248,1.4792,65.51,13.396,50.28,0
2249,1.642,64.27,13.12,58.81,0
2250,1.4809,66.85,13.862,51.96,1
2251,1.7229,62.61,12.701,43.79,1
2252,1.2748,70.14,13.719,43.1,1
2253,1.4869,67.31,13.679,48.78,1
2254,1.2971,62.43,13.063,62.25,1
2255,1.5357,64.58,13.476,46.46,1
2256,1.6104,67.83,13.707,34.44,1
2257,1.4105,68.75,14.727,51.27,1
2258,1.0793,64.06,12.908,44.52,1
2259,1.496,68.23,13.618,37.78,1
2260,1.5279,63.11,13.431,51.29,1
2261,1.5193,67.02,13.432,56.57,1
2262,1.6403,69.62,13.812,42.63,1
2263,1.2906,66.5,13.775,53.07,1
2264,1.5495,64.79,13.124,55.58,1
2265,1.6227,68.29,13.942,54.36,1
2266,1.1733,66.99,13.554,42.95,1
2267,1.4843,69.66,13.907,38.24,0
2268,1.3571,66.83,13.206,41.02,1
2269,1.4168,67.25,13.896,54.97,0
2270,1.4775,64.96,13.101,55.36,1
2271,1.3487,69.54,14.116,39.62,1
2272,1.3168,69.08,13.927,64.61,1
2273,1.4196,67.22,13.754,40.06,0
2274,1.2478,70.19,14.22,54.88,1
2275,1.2444,72.05,14.639,57.92,1
2276,1.5056,69.77,13.963,48.02,1
2277,1.2278,70.94,15.034,40.28,1
2278,1.4966,71.15,13.9,40.33,1
2279,1.4625,68.39,13.922,45.87,1
2280,1.1307,75.11,15.414,52.58,1
2281,1.2844,70.26,14.499,37.25,1
2282,1.5617,72.71,14.334,30.66,1
2283,1.232,73.14,14.445,48.01,1
2284,1.306,71.52,14.147,50.74,1
2285,1.4416,73.21,15.003,60.82,1
2286,1.4864,72.69,14.398,34.33,1
2287,1.3278,69.56,14.292,46.18,1
2288,1.2725,71.94,14.652,55.13,1
2289,1.5721,71.57,16.065,47.02,1
2290,1.6163,72.08,14.695,44.19,1
2291,1.499,70.59,14.062,52.96,1
2292,1.3617,75.65,14.656,38.81,1
2293,1.2244,76.8,15.166,49.73,1
2294,1.2179,75.76,15.067,33.52,1
2295,1.4176,76.54,14.644,30.92,1
2296,1.3988,73.51,14.528,42.7,1
2297,1.5432,73.13,14.845,24.62,1
2298,1.4274,73.04,14.515,45.85,0
2299,1.1013,76.09,15.636,29.49,1
2300,1.4815,75.45,14.604,45.99,1
2301,1.1709,75.05,15.318,45.46,1
2302,1.26,77.99,15.89,41.66,1
2303,1.3522,76.41,15.678,46.65,1
2304,1.611,74.12,14.403,46.16,1
2305,1.7753,74.64,15.08,41.87,1
2306,1.3969,77.56,15.15,57.11,0
2307,1.2755,78.48,15.092,45.06,1
2308,1.3804,77.7,15.253,48.55,1
2309,1.4305,80.59,15.535,49.23,1
2310,1.2465,80.27,16.236,46.18,1
2311,1.5612,78.08,15.69,58.65,1
2312,1.3237,75.72,14.739,44.89,1
2313,1.3612,74.98,14.746,43.96,1
2314,1.3838,77.03,15.163,37.59,1
2315,1.3445,79.51,15.647,39.25,1
2316,1.4046,81.85,16.524,34.04,1
2317,1.1836,79.23,15.953,46.88,1
2318,1.19,80.94,15.911,33.14,1
2319,1.1062,78.31,15.397,42.6,1
2320,1.3348,80.25,15.279,45.33,1
2321,1.3833,80.85,16.554,41.69,1
2322,1.3328,75.44,14.902,36.57,1
2323,1.513,78.77,16.428,47.33,1
2324,1.2587,81.7,16.087,39.3,1
2325,1.3576,80.55,17.081,17.69,1
2326,1.0913,77.81,15.696,34.45,1
2327,1.1949,75.54,14.645,54.89,1
2328,1.3552,79.87,15.512,52.95,0
2329,1.3761,80.66,15.783,44.81,1
2330,1.2026,79.23,15.34,47.73,1
2331,1.234,81.49,15.833,33.88,1
2332,1.0151,82.41,15.691,37.47,1
2333,1.1873,82.94,16.193,49.12,1
2334,1.3725,77.09,15.413,46.15,1
2335,1.3234,79.37,15.325,41.9,1
2336,1.3104,81.59,17.162,38.55,1
2337,1.241,83.54,16.307,48.27,1
2338,1.2329,83.58,16.008,47.83,1
2339,1.1311,83.74,15.833,43.95,1
2340,1.3334,82.23,16.109,40.19,0
2341,1.2901,82.54,16.033,36.62,1
2342,1.2992,81.94,16.409,45.38,1
2343,1.145,85.14,16.465,29.1,1
2344,0.8995,81.96,15.664,32.67,1
2345,1.3856,85.7,17.556,25.97,1
2346,1.1479,84.62,16.633,48.11,1
2347,1.089,84.31,16.3,32.65,1
2348,1.3211,83.29,16.311,42.26,1
2349,1.1571,82.09,16.272,38.74,1
2350,1.3737,83.7,15.87,61.96,1
2351,1.3061,84.54,16.496,41.81,1
2352,1.315,80.66,15.685,25.71,1
2353,1.0065,85.21,16.756,47.28,1
2354,1.3922,87.65,16.641,33.31,1
2355,1.2486,87.13,16.605,35.11,1
2356,1.1531,85.21,17.476,32.5,1
2357,1.2292,86.49,17.36,38.67,1
2358,0.9404,85.49,15.841,39.17,1
2359,1.2673,87.1,17.403,31.58,1
2360,1.0509,90.08,17.233,30.89,1
2361,1.0017,89.14,16.874,36.33,1
2362,0.9756,88.44,16.685,17.19,1
2363,1.3703,86.61,16.426,25.5,1
2364,1.1085,89.3,16.907,48.78,1
2365,1.4324,84.63,16.081,40.85,1
2366,1.1215,87.7,16.486,32.18,1
2367,0.9454,89.57,16.845,21.69,1
2368,1.0337,90.08,17.4,34.5,1
2369,1.3862,90.14,17.291,42.8,1
2370,1.1772,89.59,17.437,56.36,0
2371,1.1181,88.81,17.045,50.85,1
2372,1.2242,90.48,16.914,27.62,1
2373,1.2754,87.69,17.123,32.42,1
2374,1.3676,88.11,16.636,24.36,1
2375,1.4173,90.12,17.564,28.19,1
2376,1.1461,90.55,16.959,32.97,1
2377,1.0012,86.75,16.522,34.01,1
2378,1.1382,91.51,17.342,50.53,1
2379,1.2394,92.35,17.911,23.07,1
2380,1.056,90.85,17.45,34.13,1
2381,1.0573,95.95,18.15,14.92,1
2382,1.2527,90.03,18.381,37.63,1
2383,1.1942,90.88,16.861,23.74,1
2384,1.2068,91.01,17.062,43.22,1
2385,1.0886,91.85,17.176,31.56,1
2386,1.1683,91.54,16.974,22.86,1
2387,1.0648,89.59,16.938,18.43,1
2388,1.3375,91.51,17.793,26.27,1
2389,1.3599,92.6,17.43,35.35,1
2390,0.9284,95.46,17.944,35.1,1
2391,1.0666,97.6,17.893,26.45,1
2392,0.9823,96.07,17.888,38.76,1
2393,1.1101,92.05,17.389,24.68,1
2394,1.196,92.41,17.904,10.14,1
2395,0.992,93.68,17.314,35.05,1
2396,1.0721,97.77,18.249,40.66,1
2397,1.0608,94.07,18.405,42.95,1
2398,1.2435,91.94,17.379,23.43,1
2399,1.2239,93.8,17.249,28.36,1
2400,1.1064,96.51,18.895,36.88,1
2401,1.2424,96.18,18.519,26.28,1
2402,1.1351,94.2,18.296,33.32,1
2403,1.1776,95.77,17.613,25.81,1
2404,1.4707,89.65,18.029,26.49,1
2405,1.4221,94.21,17.615,25.3,1
2406,1.0275,95.52,17.894,39.33,1
2407,1.3484,91.93,17.295,33.95,1
2408,1.3471,91.73,17.97,44.14,1
2409,1.0547,89.47,17.101,39.48,1
2410,1.3514,96.18,18.389,44.14,1
2411,1.4609,91.36,17.485,40.73,1
2412,1.0635,93.08,17.675,39.23,1
2413,1.0959,93.61,17.476,31.87,1
2414,1.388,95.22,19.098,55.94,1
2415,1.2778,91.69,17.061,34.89,1
2416,1.3217,90.72,17.537,18.78,1
2417,1.2919,91.95,17.705,35.98,1
2418,1.3013,93.97,18.432,24.76,1
2419,1.0457,90.86,18.121,42.62,1
2420,1.4038,89.09,17.06,41.35,1
2421,1.4242,87.72,17.144,34.84,1
2422,1.2164,88.16,17.999,29.0,1
2423,1.2464,92.13,17.544,34.89,1
2424,1.0254,89.56,16.837,30.13,1
2425,1.3344,88.78,16.925,42.03,1
2426,1.3453,88.37,16.599,40.43,1
2427,1.2525,89.77,17.376,58.63,1
2428,1.4328,88.92,17.619,32.09,1
2429,1.2163,88.65,17.001,33.38,1
2430,1.3535,91.7,17.028,32.74,1
2431,1.1183,91.88,18.036,32.99,1
2432,1.2702,85.38,16.048,45.99,1
2433,1.2501,89.06,16.647,33.36,1
2434,1.3125,86.65,16.678,52.79,0
2435,1.2259,87.5,16.981,41.16,1
2436,1.2642,88.42,17.197,32.06,1
2437,1.4104,87.17,16.8,30.77,1
2438,1.2237,87.86,17.951,44.61,1
2439,1.0509,88.55,17.058,36.1,1
2440,1.5571,87.59,17.401,36.52,1
2441,1.5046,85.51,16.946,32.91,1
2442,1.1064,85.34,16.147,37.3,1
2443,1.4065,83.52,16.212,33.78,1
2444,1.2304,84.49,17.762,49.2,1
2445,1.3483,89.92,17.056,40.78,1
2446,1.3558,84.22,16.146,37.07,1
2447,1.2795,83.21,16.303,37.56,1
2448,1.2001,86.04,16.485,38.11,1
2449,1.217,84.98,16.225,37.97,1
2450,1.1862,84.61,16.266,30.58,1
2451,1.202,87.62,17.666,21.22,1
2452,1.3197,85.7,16.552,31.2,1
2453,1.2256,83.34,15.839,37.97,1
2454,1.4384,83.35,15.799,33.09,1
2455,1.5623,82.99,17.617,45.76,1
2456,1.2554,85.55,16.497,35.84,1
2457,1.3816,82.98,16.387,54.2,1
2458,1.4239,79.81,15.457,36.62,1
2459,1.423,83.1,16.353,40.26,1
2460,1.3669,79.93,16.532,38.73,1
2461,1.4702,87.17,16.596,40.22,0
2462,1.4345,80.67,16.052,49.12,1
2463,1.1798,82.08,15.631,44.62,0
2464,1.4992,82.72,17.403,23.12,1
2465,1.5054,81.42,16.077,44.15,1
2466,1.2612,81.22,15.781,32.18,1
2467,1.3848,82.44,16.004,37.06,1
2468,1.4851,84.45,16.233,43.84,1
2469,1.3547,82.74,15.993,30.4,1
2470,1.5505,83.96,15.719,47.87,1
2471,1.7477,78.71,15.518,38.95,1
2472,1.2787,81.23,15.881,57.63,1
2473,1.193,80.71,16.072,41.12,1
2474,1.4493,80.9,15.697,54.1,1
2475,1.5155,82.75,15.897,48.93,1
2476,1.3763,79.36,15.651,36.5,1
2477,1.6325,78.79,15.093,31.31,1
2478,1.2173,80.47,15.879,41.63,1
2479,1.5257,75.64,14.571,38.95,1
2480,1.3345,78.53,16.095,54.52,1
2481,1.687,78.53,15.845,39.91,1
2482,1.7316,76.76,14.954,40.54,1
2483,1.3214,80.51,16.13,29.52,1
2484,1.3577,76.08,15.207,46.71,1
2485,1.5727,77.73,15.077,32.97,1
2486,1.3894,78.39,14.953,45.51,1
2487,1.4444,80.31,15.931,45.46,1
2488,1.4587,77.38,15.085,36.58,1
2489,1.1707,79.07,16.16,49.21,1
2490,1.4603,78.4,15.516,39.76,1
2491,1.3627,77.05,15.063,31.0,1
2492,1.3959,74.42,15.966,56.71,0
2493,1.6902,73.53,15.039,37.49,1
2494,1.2889,76.41,14.444,47.21,1
2495,1.6031,74.91,14.81,47.46,1
2496,1.4431,77.64,14.971,45.53,0
2497,1.4467,77.09,15.04,45.72,1
2498,1.611,75.03,14.948,36.22,1
2499,1.5472,72.88,14.835,58.8,0
2500,1.5856,76.02,15.263,51.04,1
2501,1.649,72.76,15.204,49.14,1
2502,1.4578,73.08,15.002,34.49,1
2503,1.4195,72.44,14.875,37.71,1
2504,1.3523,73.92,14.922,49.91,1
2505,1.395,76.34,15.874,27.17,1
2506,1.965,73.79,14.7,47.44,1
2507,1.7131,72.71,14.547,34.72,1
2508,1.3274,70.35,13.769,39.85,0
2509,1.3355,74.3,15.421,33.13,1
2510,1.6099,71.44,14.436,48.11,1
2511,1.6234,73.04,16.938,54.11,1
2512,1.6274,71.89,14.384,48.65,1
2513,1.5105,74.08,14.898,48.22,1
2514,1.5337,71.89,14.777,47.21,1
2515,1.6054,71.88,14.176,51.33,1
2516,1.5728,72.77,14.82,49.07,1
2517,1.2307,75.81,15.136,21.79,1
2518,1.5328,73.18,14.612,52.34,1
2519,1.4432,71.02,15.002,52.8,1
2520,1.6009,71.01,14.098,43.5,0
2521,2.026,69.75,14.329,31.36,1
2522,1.637,68.7,14.844,49.72,1
2523,1.5385,69.29,13.898,50.04,1
2524,1.7274,68.66,13.936,44.28,1
2525,1.6651,71.31,16.001,47.71,1
2526,1.6593,67.66,14.108,56.98,1
2527,1.6909,72.27,14.407,64.82,1
2528,1.9119,70.9,14.764,47.63,1
2529,1.4373,69.24,13.933,50.13,1
2530,1.6815,69.0,13.635,41.01,1
2531,1.475,67.69,14.634,44.38,1
2532,1.7007,69.14,13.764,46.43,1
2533,1.4831,70.58,16.003,56.08,0
2534,1.5617,66.79,13.591,55.48,1
2535,1.5835,64.93,14.837,65.47,1
2536,1.7775,69.21,13.709,35.55,1
2537,1.7723,68.25,14.494,37.46,1
2538,1.451,65.16,13.745,58.72,1
2539,1.6495,65.73,14.008,61.15,0
2540,1.5381,65.28,14.015,50.1,1
2541,1.459,65.35,13.372,14.06,1
2542,1.6185,65.95,13.235,43.48,1
2543,1.6081,65.87,13.61,52.16,1
2544,2.0216,64.9,13.578,42.87,1
2545,1.7257,64.48,13.251,51.79,1
2546,1.4573,65.34,13.669,64.98,1
2547,1.5823,65.94,13.781,60.85,1
2548,1.8234,64.77,13.16,56.61,1
2549,1.9865,67.52,14.049,47.97,1
2550,1.4384,66.02,13.551,45.43,1
2551,1.3974,61.62,12.749,58.09,0
2552,1.963,65.65,13.967,49.81,1
2553,1.7438,65.61,13.325,50.11,0
2554,1.5581,63.33,13.083,38.59,1
2555,1.7714,61.01,12.931,46.68,1
2556,1.2988,63.82,14.055,56.73,1
2557,1.6975,63.58,13.368,42.04,1
2558,1.749,61.16,13.159,54.43,0
2559,1.8412,60.3,12.682,56.12,1
2560,1.5533,62.82,13.143,55.07,1
2561,1.7209,62.33,13.081,56.08,1
2562,1.572,61.77,13.139,56.96,1
2563,1.7518,62.23,12.973,46.67,1
2564,1.5818,59.99,13.458,41.26,1
2565,1.6575,61.13,12.781,45.33,1
2566,1.5719,62.87,12.685,57.12,1
2567,1.8215,60.9,14.881,42.85,1
2568,1.855,58.06,12.336,45.84,0
2569,1.6935,60.25,13.479,44.48,1
2570,1.7369,58.86,13.333,38.92,1
2571,1.5162,61.33,13.41,43.02,1
2572,1.6909,61.24,12.859,60.26,1
2573,1.7307,57.08,12.434,49.02,1
2574,2.1336,61.72,12.608,37.98,1
2575,1.5759,57.78,13.633,50.24,1
2576,1.9645,62.92,12.899,55.33,1
2577,1.8966,59.5,12.579,38.65,1
2578,1.7913,56.91,12.326,62.48,0
2579,2.0151,56.92,12.245,43.32,1
2580,1.8091,59.7,12.473,50.02,1
2581,1.8137,58.02,13.199,50.92,0
2582,1.7493,58.41,12.973,49.46,0
2583,1.9427,61.63,13.131,51.51,1
2584,1.9255,56.8,12.123,61.15,0
2585,1.669,58.12,12.999,53.8,1
2586,1.5668,60.64,12.676,47.77,1
2587,1.736,58.14,13.345,57.77,1
2588,1.6481,54.19,11.924,58.15,1
2589,1.7603,58.21,13.117,48.72,0
2590,1.9571,54.67,11.907,56.53,1
2591,1.7044,59.61,12.721,47.21,1
2592,1.7681,54.95,12.626,49.1,1
2593,1.7848,62.34,14.506,58.04,1
2594,1.9048,59.13,13.487,57.09,1
2595,1.4419,54.41,12.331,62.52,1
2596,1.6893,55.84,12.392,60.58,1
2597,1.8133,57.11,12.133,47.64,1
2598,1.9629,56.97,12.42,62.83,1
2599,1.7103,56.08,11.857,52.97,0
2600,1.5038,57.5,12.538,61.93,0
2601,1.8794,54.55,12.126,55.27,0
2602,1.6923,53.87,11.286,59.19,0
2603,1.6102,53.71,11.822,59.52,1
2604,1.696,55.92,12.318,61.96,0
2605,1.7629,54.73,11.927,43.09,1
2606,1.7008,54.38,12.061,43.76,0
2607,1.4615,55.19,11.613,61.26,0
2608,1.9277,49.3,10.878,62.27,0
2609,1.9852,53.82,12.336,50.5,1
2610,1.8924,53.44,11.766,59.85,0
2611,1.6247,56.14,12.316,44.05,1
2612,1.7658,49.54,10.985,85.39,0
2613,1.7956,55.51,12.085,66.18,1
2614,1.887,52.35,11.001,62.57,1
2615,1.8979,52.98,12.099,57.82,1
2616,1.688,55.15,13.084,50.96,1
2617,1.8108,52.72,11.311,46.89,1
2618,1.8674,52.2,11.267,56.77,1
2619,2.0175,51.68,11.696,51.11,1
2620,1.9051,50.03,12.058,52.57,1
2621,1.918,50.74,11.361,47.22,1
2622,1.8124,49.17,10.737,61.5,0
2623,2.0115,50.31,11.217,55.8,0
2624,1.8614,45.53,10.242,65.96,0
2625,1.6708,50.86,11.144,62.14,0
2626,2.0105,49.56,11.069,61.1,1
2627,1.9046,48.93,10.779,80.92,0
2628,1.7333,49.84,10.959,65.69,0
2629,1.7277,46.33,10.73,51.12,0
2630,1.8439,52.86,11.769,60.95,0
2631,1.8686,48.59,10.605,59.41,1
2632,1.8284,48.31,11.168,49.28,1
2633,1.8452,46.47,10.579,49.75,1
2634,2.0531,48.25,11.321,63.68,0
2635,1.9584,50.77,11.733,64.12,0
2636,1.8257,49.87,11.035,50.71,0
2637,1.9378,49.31,11.425,67.18,0
2638,1.6411,48.49,10.739,62.18,0
2639,1.8551,46.48,11.421,70.68,0
2640,2.0661,44.1,10.091,71.26,0
2641,1.7612,46.4,10.861,59.89,1
2642,1.666,46.13,10.597,74.41,1
2643,1.6945,48.5,10.69,50.91,1
2644,1.628,46.82,11.207,80.03,0
2645,1.6729,49.22,10.916,52.43,1
2646,1.734,48.19,10.486,59.7,0
2647,1.5778,44.69,9.769,57.65,0
2648,1.7899,41.81,9.726,60.9,0
2649,1.9218,47.97,11.68,83.61,1
2650,1.6492,47.72,11.562,56.67,1
2651,2.012,42.07,9.81,70.57,0
2652,1.8595,47.62,10.754,58.55,1
2653,1.9362,45.16,10.355,69.39,1
2654,1.6816,44.52,10.015,57.93,0
2655,1.9071,47.23,10.519,62.71,1
2656,1.6137,46.49,11.204,66.14,0
2657,1.9096,44.9,10.709,56.28,1
2658,1.8003,44.35,10.517,84.45,0
2659,1.856,44.43,10.001,67.79,0
2660,1.5951,42.2,10.121,61.87,0
2661,1.6356,42.69,9.551,57.81,0
2662,1.8577,40.8,10.27,65.26,1
2663,1.6242,41.73,10.119,54.23,0
2664,1.8342,41.47,9.554,78.38,0
2665,1.5578,40.73,10.768,68.01,0
2666,1.8883,42.07,9.549,63.05,0
2667,1.5743,40.95,10.129,72.8,0
2668,1.8401,42.4,10.359,57.79,0
2669,1.8491,37.96,9.052,56.98,0
2670,1.6488,40.77,9.851,63.49,0
2671,1.8386,41.06,9.429,65.38,0
2672,1.7882,39.98,9.067,69.26,0
2673,1.6662,40.06,9.411,53.16,0
2674,1.5936,37.03,9.086,63.13,0
2675,1.4483,40.71,10.151,39.9,1
2676,1.7929,41.1,9.942,54.88,1
2677,1.5035,40.59,9.876,70.37,0
2678,1.7502,41.48,9.638,71.8,0
2679,1.694,39.6,9.499,56.1,1
2680,1.833,39.96,9.433,62.43,0
2681,1.6834,39.11,9.229,65.74,0
2682,1.6769,39.98,9.535,73.64,0
2683,1.8336,35.25,9.067,80.09,0
2684,1.7715,36.41,9.007,68.38,0
2685,1.7661,41.17,9.805,62.21,0
2686,1.7865,32.88,9.002,57.72,0
2687,1.4831,37.32,9.166,67.47,0
2688,1.8243,39.74,9.298,81.75,0
2689,1.8,37.01,9.555,77.11,0
2690,1.5529,36.19,9.291,68.68,0
2691,1.666,37.06,9.449,69.19,1
2692,1.6939,35.89,9.419,61.96,0
2693,1.6768,36.46,9.42,64.27,0
2694,1.7442,34.83,8.987,69.28,0
2695,1.9059,38.22,11.085,67.27,0
2696,1.8506,38.65,9.145,73.9,0
2697,1.4885,35.33,8.841,75.5,0
2698,1.7757,32.63,9.117,73.59,0
2699,1.8787,34.15,8.932,60.52,0
2700,1.7344,34.63,9.299,60.53,0
2701,1.8369,35.81,9.192,60.41,1
2702,1.972,32.58,9.37,71.33,1
2703,1.8206,32.86,8.348,53.07,1
2704,1.7013,35.22,9.744,67.82,1
2705,1.8175,35.88,9.729,78.74,0
2706,1.6793,32.56,8.25,74.8,0
2707,1.6579,30.93,8.677,67.63,0
2708,1.5984,39.97,9.728,59.43,1
2709,1.8823,34.77,8.75,74.59,0
2710,1.5218,32.47,8.09,71.97,0
2711,1.8711,34.54,8.598,66.31,0
2712,1.7129,32.35,8.93,64.88,1
2713,1.4246,34.13,9.255,69.13,0
2714,1.6863,32.52,8.547,67.06,0
2715,1.3127,32.18,8.964,75.97,0
2716,1.7181,31.57,8.945,79.99,0
2717,1.7537,28.71,8.12,60.84,1
2718,1.5286,35.28,8.79,58.03,1
2719,1.6325,29.32,8.34,82.19,0
2720,1.9036,28.28,8.207,73.36,0
2721,1.5311,30.37,8.616,61.72,0
2722,1.4446,28.68,8.465,79.66,0
2723,1.8221,30.3,7.874,73.56,0
2724,1.8907,31.58,8.302,87.68,0
2725,1.5933,31.99,8.017,67.92,0
2726,1.7408,31.43,8.813,79.01,0
2727,1.7867,28.99,8.017,60.02,0
2728,1.4705,29.5,8.363,82.47,0
2729,1.5055,30.02,7.807,78.54,0
2730,1.7592,25.48,8.324,86.54,0
2731,1.8237,29.94,7.861,79.92,0
2732,1.6517,25.69,7.966,72.8,0
2733,1.4316,32.48,8.67,60.14,0
2734,1.858,27.39,7.786,67.75,1
2735,1.4766,27.63,7.792,58.33,0
2736,1.5022,26.26,7.464,65.88,0
2737,1.6001,26.34,8.38,76.6,0
2738,1.7782,31.95,8.547,69.45,0
2739,1.6694,29.08,7.714,69.76,0
2740,1.5998,23.9,7.193,68.31,0
2741,1.6034,29.81,8.274,56.94,0
2742,1.5366,28.99,8.53,73.06,0
2743,1.6101,25.84,7.411,76.53,0
2744,1.1432,26.81,7.578,64.98,0
2745,1.4743,25.97,7.655,69.15,0
2746,1.5513,29.75,8.63,83.49,0
2747,1.3387,24.01,6.93,83.87,0
2748,1.5655,25.69,7.828,61.71,0
2749,1.4731,24.34,7.232,73.72,0
2750,1.7633,22.13,6.948,87.36,0
2751,1.7322,29.18,9.354,69.76,0
2752,1.4226,22.24,7.01,73.51,0
2753,1.4661,24.84,7.828,82.84,0
2754,1.4738,20.72,7.191,84.47,0
2755,1.4134,23.2,6.854,82.56,0
2756,1.5067,24.64,6.925,72.12,0
2757,1.3599,21.95,7.431,81.13,0
2758,1.3003,24.57,7.084,86.21,0
2759,1.5595,22.66,6.663,75.0,0
2760,1.5568,25.32,8.056,70.58,0
2761,1.338,25.52,7.244,83.53,0
2762,1.5892,21.43,6.698,92.51,0
2763,1.3565,22.55,8.336,92.39,0
2764,1.4855,22.57,6.65,72.46,0
2765,1.5668,23.24,6.841,72.86,0
2766,1.435,21.83,6.856,67.67,0
2767,1.5046,21.98,6.955,76.76,0
2768,1.3553,20.91,6.586,67.86,0
2769,1.3996,21.43,6.594,71.93,0
2770,1.3945,23.6,8.119,80.45,0
2771,1.3098,22.09,7.175,78.86,0
2772,1.3916,22.0,7.314,61.31,0
2773,1.1822,21.85,6.974,88.45,0
2774,1.3372,19.89,6.857,68.37,0
2775,1.3646,20.64,7.298,68.93,0
2776,1.3653,17.63,6.066,68.51,0
2777,1.3639,22.14,7.182,70.43,0
2778,1.3873,13.83,6.146,72.83,0
2779,1.465,19.03,7.459,70.61,0
2780,1.5207,21.28,8.122,56.52,1
2781,1.2886,16.07,6.189,80.4,0
2782,1.2021,19.4,7.237,79.22,0
2783,1.2228,17.04,5.649,96.73,0
2784,1.3026,17.46,7.23,82.41,0
2785,1.3195,19.89,6.482,73.09,0
2786,1.2534,18.2,6.387,68.48,0
2787,1.1711,13.53,5.973,79.23,0
2788,1.2937,15.45,6.008,83.32,0
2789,1.386,19.15,6.704,73.48,0
2790,1.4447,17.9,7.322,78.75,0
2791,1.2686,20.3,6.652,92.0,0
2792,1.287,19.97,6.392,73.95,0
2793,1.2067,15.72,7.173,64.48,0
2794,1.3377,21.21,7.166,83.26,0
2795,1.212,16.05,7.315,81.89,0
2796,1.4221,13.87,6.244,66.33,0
2797,1.0651,14.33,5.489,83.42,0
2798,1.2759,10.89,5.678,72.02,1
2799,1.3719,18.41,6.187,81.48,0
2800,1.3512,18.19,6.481,93.34,0
2801,1.7246,13.17,5.696,78.58,0
2802,1.3701,14.94,5.515,88.67,0
2803,1.164,15.79,5.841,69.7,0
2804,1.2974,13.88,7.248,67.84,0
2805,1.0423,12.49,5.724,96.14,0
2806,1.2938,15.78,6.049,81.99,0
2807,1.1781,15.76,7.179,84.64,0
2808,1.4375,15.82,5.977,88.72,0
2809,1.215,17.25,6.301,74.43,0
2810,1.2771,19.86,7.215,83.69,0
2811,1.1966,16.59,6.091,84.43,0
2812,1.55,17.74,6.153,68.0,0
2813,1.2384,19.05,6.014,89.67,0
2814,1.5588,18.91,6.274,88.11,0
2815,1.4034,16.77,5.951,68.67,0
2816,1.3511,18.39,6.574,79.57,0
2817,1.3315,19.5,6.458,75.45,0
2818,1.3328,16.34,7.572,90.54,0
2819,0.9821,21.33,6.604,64.92,0
2820,1.227,21.86,7.781,104.7,0
2821,1.3932,17.75,6.505,76.95,1
2822,1.2568,19.79,7.099,83.04,0
2823,1.051,20.88,7.23,87.57,0
2824,1.2517,18.71,5.968,76.21,0
2825,1.5129,20.96,6.89,75.5,0
2826,1.4421,20.53,6.729,72.66,0
2827,1.2436,17.46,6.005,71.44,0
2828,1.3935,21.52,7.18,78.26,0
2829,1.1938,18.6,7.527,76.76,0
2830,0.9911,22.88,6.525,71.2,0
2831,1.106,19.86,6.536,73.48,0
2832,1.4772,21.08,6.519,80.96,0
2833,1.1997,24.34,7.431,68.01,0
2834,1.2024,22.79,7.047,73.35,0
2835,1.1921,19.84,6.511,84.28,0
2836,1.5209,20.17,7.093,78.88,0
2837,1.4775,21.2,7.854,67.88,0
2838,1.5647,23.39,9.158,74.78,0
2839,1.2063,23.52,7.021,78.39,0
2840,1.2729,21.31,6.43,84.13,0
2841,0.9995,20.87,7.131,70.44,0
2842,1.447,23.96,8.249,70.15,0
2843,1.0488,23.24,7.62,69.5,0
2844,1.255,28.11,8.868,66.97,0
2845,1.0565,24.07,7.275,77.8,0
2846,1.1314,27.83,7.708,77.06,0
2847,1.0928,22.06,7.106,84.17,0
2848,1.1259,21.45,6.844,75.4,0
2849,1.135,22.56,7.438,64.22,0
2850,1.1324,27.38,8.331,77.93,0
2851,1.3385,28.71,8.578,73.05,0
2852,1.0467,23.84,7.552,75.18,0
2853,1.2445,24.68,7.555,63.93,1
2854,1.3931,23.46,7.643,73.36,0
2855,1.1324,22.38,6.563,66.02,0
2856,1.1008,27.64,7.983,76.27,0
2857,1.1731,26.85,7.798,69.45,0
2858,1.3838,26.62,7.832,68.87,1
2859,1.2352,24.0,7.316,62.3,0
2860,1.1256,30.28,8.481,79.05,0
2861,1.2772,26.19,7.474,71.22,0
2862,1.0387,28.47,8.591,72.62,0
2863,1.3056,24.69,7.662,68.3,1
2864,1.2642,27.42,7.925,59.34,0
2865,1.1562,28.58,7.794,67.6,0
2866,1.0761,28.85,8.464,68.72,0
2867,1.0685,28.71,8.143,74.12,0
2868,1.2814,29.59,7.928,68.41,0
2869,1.3852,26.54,7.708,67.33,0
2870,1.105,29.39,8.445,59.34,0
2871,1.2691,29.43,8.411,71.73,0
2872,0.8872,29.86,8.445,64.71,0
2873,1.1124,29.74,8.249,81.72,0
2874,1.1954,27.25,8.345,73.85,0
2875,1.0635,27.36,8.495,77.08,0
2876,1.0595,25.77,7.959,71.55,0
2877,1.0999,32.04,8.346,71.39,0
2878,1.244,32.26,8.243,62.52,0
2879,1.1723,32.49,8.428,60.08,0
2880,0.8649,31.61,9.677,70.15,0
2881,0.8827,26.93,7.909,77.4,0
2882,1.1101,29.35,9.493,55.83,0
2883,1.2702,31.94,8.494,65.84,0
2884,0.7898,32.07,8.462,84.49,0
2885,1.1274,31.55,8.454,73.9,0
2886,1.1239,32.94,8.654,81.54,0
2887,1.4117,32.42,8.347,64.47,0
2888,1.1462,32.84,8.308,65.63,0
2889,1.2621,31.52,8.7,77.82,0
2890,1.2265,34.96,9.52,73.01,0
2891,0.8865,32.34,10.26,68.84,0
2892,1.3221,30.74,8.202,60.46,0
2893,1.24,32.06,8.427,79.02,0
2894,1.2848,33.1,8.45,89.22,0
2895,1.7984,35.99,9.717,54.83,0
2896,0.8978,34.12,9.253,79.76,0
2897,1.4701,34.03,8.558,64.84,1
2898,1.1693,32.1,8.262,67.07,0
2899,1.2566,36.37,9.669,69.33,0
2900,1.2079,33.7,8.97,59.14,1
2901,1.1522,35.0,9.354,67.7,0
2902,1.1316,38.36,9.207,53.09,1
2903,1.2678,36.62,8.714,70.84,0
2904,0.9921,32.54,8.336,87.34,0
2905,1.3337,32.46,8.936,64.41,0
2906,1.16,36.07,10.487,66.01,0
2907,1.0544,33.97,8.688,67.66,0
2908,1.1579,37.9,10.92,74.15,0
2909,1.4155,36.88,9.676,70.11,0
2910,1.1483,37.33,8.922,73.96,0
2911,1.2839,35.79,9.207,63.48,0
2912,1.1222,40.88,10.295,67.94,0
2913,1.3472,43.29,9.622,36.09,1
2914,1.3381,37.24,9.63,71.99,1
2915,1.5144,38.71,10.154,56.03,0
2916,1.2126,38.39,9.682,63.34,0
2917,1.3411,37.88,9.408,72.23,0
2918,1.2575,36.94,9.224,54.55,0
2919,1.4391,36.63,9.156,75.74,0
2920,1.1389,36.73,8.884,65.97,0
2921,1.3605,40.01,9.511,76.62,0
2922,1.2216,38.36,9.351,58.76,0
2923,1.2433,34.44,8.963,53.83,0
2924,1.2689,40.69,9.654,64.35,0
2925,1.2951,39.92,9.445,69.74,0
2926,1.2421,42.89,10.539,68.63,0
2927,1.294,41.15,10.082,55.23,1
2928,1.5008,37.64,9.202,53.42,1
2929,1.4143,36.34,9.426,64.7,0
2930,1.3992,39.56,9.518,69.39,0
2931,1.2029,39.95,9.768,68.76,0
2932,1.1403,43.29,10.72,75.61,0
2933,1.4195,41.58,9.773,61.06,0
2934,1.4102,44.07,9.986,47.8,1
2935,1.5022,39.35,9.596,74.96,0
2936,1.1933,44.13,9.949,64.08,0
2937,1.2521,43.84,10.221,64.95,1
2938,1.0433,38.56,9.428,72.0,0
2939,1.233,45.45,9.94,71.84,0
2940,1.4441,43.19,10.464,62.9,0
2941,1.2274,43.98,10.277,72.02,0
2942,1.3963,41.67,10.605,68.41,0
2943,1.2744,46.15,10.763,56.07,0
2944,1.3545,41.43,10.306,62.28,1
2945,1.1366,45.66,11.209,66.54,0
2946,1.3245,45.84,10.575,55.82,0
2947,0.866,42.45,10.117,70.62,0
2948,1.2896,48.57,10.568,61.13,0
2949,1.0761,45.26,11.181,64.9,0
2950,1.5046,46.31,10.64,72.74,0
2951,1.4433,42.15,9.741,66.57,0
2952,1.3998,49.64,11.54,59.79,1
2953,1.5611,43.15,9.641,62.45,1
2954,1.1937,47.85,10.77,59.21,1
2955,1.6014,44.01,10.79,65.09,1
2956,1.4823,44.96,10.334,72.93,0
2957,1.3102,47.98,10.697,55.32,1
2958,1.5193,48.66,10.895,54.31,0
2959,1.1862,44.26,9.836,72.73,0
2960,1.2318,49.18,11.458,54.96,0
2961,1.2675,49.29,11.096,61.15,0
2962,1.2828,45.52,10.475,56.95,0
2963,1.207,50.8,11.268,45.09,1
2964,1.5523,44.89,10.489,63.65,0
2965,1.3334,46.75,11.061,69.87,0
2966,1.4286,49.16,11.103,59.01,1
2967,1.2936,46.69,10.334,49.13,0
2968,1.1095,49.13,11.378,60.4,1
2969,1.4266,49.28,11.363,53.38,1
2970,1.1027,48.63,11.13,38.87,1
2971,1.3828,50.86,11.917,57.83,1
2972,1.1914,48.94,11.104,63.78,0
2973,1.6982,50.06,11.819,68.38,0
2974,1.5404,52.09,12.32,71.8,0
2975,1.4232,51.58,11.749,63.26,1
2976,1.6004,51.77,11.257,65.41,1
2977,1.2875,48.1,10.914,49.86,0
2978,1.4996,51.65,12.139,70.98,1
2979,1.4517,49.04,10.656,69.71,0
2980,1.465,48.44,10.87,57.0,0
2981,1.6199,51.06,11.28,63.82,0
2982,1.5426,49.59,10.896,63.89,0
2983,1.4797,53.18,12.145,68.85,1
2984,1.1919,53.43,11.927,55.73,1
2985,1.2998,48.19,10.732,54.11,1
2986,1.4291,50.54,11.606,54.75,1
2987,1.4652,49.48,11.111,66.49,0
2988,1.2854,51.67,11.202,42.64,1
2989,1.8204,53.71,11.558,32.8,0
2990,1.6899,52.52,11.818,64.64,1
2991,1.5565,52.02,12.009,59.99,1
2992,1.4807,56.0,11.973,55.55,0
2993,1.4418,48.99,11.342,49.16,1
2994,1.3346,56.27,13.074,41.56,1
2995,1.4928,52.91,11.291,52.18,1
2996,1.5236,54.04,12.009,59.47,1
2997,1.3024,53.35,12.146,52.31,0
2998,1.5426,57.69,12.366,61.59,1
2999,1.4729,52.34,12.242,49.96,1
3000,1.2138,55.02,13.413,51.83,1
3001,1.3747,56.25,12.335,60.87,1
3002,1.4455,52.18,11.487,54.68,1
3003,1.7945,53.76,12.292,54.13,1
3004,1.5986,55.5,12.476,50.55,1
3005,1.3185,54.23,11.249,49.83,1
3006,1.5955,54.57,11.934,59.09,0
3007,1.2943,55.7,11.959,59.45,1
3008,1.6925,57.9,12.607,56.08,0
3009,1.4632,56.11,12.093,50.4,1
3010,1.5236,59.16,12.59,51.89,1
3011,1.7402,55.2,11.739,68.64,1
3012,1.352,54.9,12.326,44.69,0
3013,1.3392,61.45,13.907,67.22,0
3014,1.465,56.48,11.935,55.91,0
3015,1.712,55.38,11.629,54.33,1
3016,1.332,54.72,11.965,63.8,0
3017,1.1388,60.55,12.821,36.13,1
3018,1.4996,57.92,13.035,65.29,0
3019,1.6537,58.29,12.105,68.89,0
3020,1.7546,58.68,12.359,62.49,1
3021,1.5088,61.23,12.357,35.45,1
3022,1.5202,59.04,13.339,59.69,1
3023,1.7586,64.29,13.499,63.6,1
3024,1.3087,60.07,12.591,65.3,1
3025,1.5344,62.12,12.658,40.46,1
3026,1.6248,61.81,12.633,60.04,1
3027,1.6672,60.33,12.979,67.17,1
3028,1.5269,59.43,12.306,53.58,0
3029,1.6121,61.46,13.012,40.5,1
3030,1.2372,62.02,14.317,58.42,1
3031,1.5152,60.05,12.628,61.4,0
3032,1.6854,61.73,12.691,50.85,1
3033,1.4735,64.07,13.526,41.03,1
3034,1.6332,65.94,13.253,57.29,1
3035,1.6948,63.71,14.296,44.62,0
3036,1.5798,65.93,14.392,52.62,1
3037,1.6601,61.14,12.858,64.78,1
3038,1.4935,64.0,13.049,37.33,1
3039,1.6102,65.48,13.415,56.98,1
3040,1.7361,61.21,12.82,50.62,1
3041,1.6714,62.23,13.25,50.22,1
3042,1.5631,66.88,14.297,52.99,1
3043,1.688,61.65,12.658,45.84,1
3044,1.7647,61.12,13.416,42.93,1
3045,1.3533,67.06,14.089,34.49,1
3046,1.8378,66.59,13.555,58.9,1
3047,1.6166,65.26,13.187,46.87,1
3048,1.734,64.51,13.474,54.85,1
3049,1.8529,63.92,12.993,46.77,1
3050,1.4706,65.56,14.091,40.37,1
3051,1.573,68.36,13.642,53.2,1
3052,1.6391,65.88,13.877,52.1,1
3053,1.5678,69.93,14.208,45.14,0
3054,1.9485,64.0,13.15,53.01,0
3055,1.5627,65.96,13.604,41.74,1
3056,1.6108,65.45,14.108,58.21,1
3057,1.7276,64.23,13.005,60.8,1
3058,1.5195,66.29,13.542,55.3,1
3059,1.6432,67.63,13.636,45.44,1
3060,1.753,68.05,13.942,48.65,1
3061,1.6582,71.54,14.242,58.63,1
3062,1.6968,68.33,13.492,58.25,0
3063,1.6341,69.9,13.891,63.01,1
3064,1.4889,67.93,14.865,42.0,1
3065,1.7669,71.36,14.557,39.22,1
3066,1.9845,73.0,14.788,46.28,1
3067,1.7265,69.46,14.062,50.58,1
3068,1.7601,66.61,13.722,47.89,1
3069,1.8326,67.7,13.747,45.26,1
3070,1.5408,69.56,14.419,57.4,1
3071,1.9889,70.11,14.308,46.21,1
3072,1.7662,70.8,13.995,36.8,0
3073,1.983,70.52,14.435,37.89,1
3074,1.6305,69.81,13.596,49.09,1
3075,2.0154,68.73,14.239,71.78,1
3076,1.8612,71.0,13.969,38.59,1
3077,1.83,74.11,14.829,42.02,1
3078,1.7843,72.64,14.266,64.65,0
3079,1.714,71.87,14.532,42.0,1
3080,1.9334,73.06,14.969,48.81,1
3081,1.7764,70.46,15.143,61.73,1
3082,1.4622,70.38,13.847,39.16,1
3083,1.5916,70.1,14.743,44.46,1
3084,1.7332,71.55,14.536,42.2,1
3085,1.8094,71.16,14.258,34.16,1
3086,1.7562,74.62,15.298,56.78,1
3087,1.9493,71.45,14.377,41.45,1
3088,1.4755,70.99,14.732,39.39,1
3089,1.7914,76.69,14.925,39.43,1
3090,1.4988,72.1,14.341,53.17,1
3091,1.887,73.51,15.235,45.8,1
3092,1.7604,74.3,15.707,38.09,1
3093,1.839,71.33,14.435,49.48,1
3094,1.6479,76.27,14.519,49.74,1
3095,1.9709,75.27,14.965,43.65,1
3096,1.9366,77.32,15.361,40.73,1
3097,1.8692,73.04,14.617,53.3,1
3098,1.7635,74.8,15.114,42.69,1
3099,1.8711,74.88,14.808,56.94,0
3100,1.6793,75.53,15.478,37.62,1
3101,1.9148,72.29,14.221,39.38,1
3102,2.035,75.62,15.733,36.4,1
3103,1.9492,72.75,15.521,43.44,1
3104,1.6802,76.52,14.922,43.11,1
3105,1.8448,71.74,14.205,35.35,1
3106,1.5975,72.5,14.803,46.28,1
3107,1.8782,78.04,15.078,46.7,1
3108,1.8608,75.51,14.897,31.97,1
3109,1.5135,74.82,15.528,39.94,1
3110,1.6204,79.54,16.024,45.81,1
3111,1.7529,77.86,16.636,33.57,1
3112,1.7509,79.14,15.692,38.99,1
3113,1.6152,77.27,15.123,51.34,1
3114,1.8555,83.16,16.245,53.47,1
3115,1.8354,76.79,15.21,46.44,1
3116,1.7689,81.69,15.95,38.63,1
3117,1.6851,78.28,15.482,38.02,1
3118,1.9561,75.29,14.733,51.11,1
3119,2.0475,79.77,15.834,50.21,1
3120,1.7269,79.63,15.264,31.97,1
3121,1.7078,77.1,15.065,50.03,1
3122,1.8735,77.56,15.337,37.61,1
3123,1.7462,79.55,15.088,34.39,1
3124,1.7791,80.5,16.185,39.47,1
3125,1.9109,75.06,14.449,51.9,1
3126,1.5136,82.31,16.403,42.09,1
3127,1.9977,79.41,15.258,43.61,1
3128,1.8107,77.94,15.291,45.06,1
3129,1.7379,82.68,16.383,43.13,1
3130,1.786,80.95,17.302,39.52,1
3131,1.7935,83.63,16.343,43.88,1
3132,1.5392,82.28,15.544,34.36,1
3133,2.0227,81.6,16.454,45.25,1
3134,1.8043,81.49,15.886,46.96,1
3135,1.8641,82.97,16.223,44.81,1
3136,1.9399,81.37,16.206,46.18,1
3137,1.6434,80.69,15.265,44.3,1
3138,1.867,83.82,16.326,48.1,1
3139,1.7552,82.51,15.975,21.32,1
3140,1.9217,83.07,16.84,45.99,1
3141,1.4749,85.38,16.894,53.58,1
3142,1.7783,83.17,15.747,34.12,1
3143,1.7019,83.63,16.952,32.95,1
3144,1.8563,82.6,16.337,49.73,1
3145,1.8611,84.86,16.018,30.67,1
3146,1.6835,84.9,16.508,32.73,1
3147,1.6818,86.2,17.193,38.64,1
3148,1.771,83.44,15.882,32.54,1
3149,1.652,83.88,17.068,45.67,1
3150,1.9116,86.58,16.284,30.72,1
3151,1.7287,85.7,16.334,40.46,1
3152,1.3468,83.59,15.974,41.12,1
3153,1.7254,88.21,17.717,49.38,1
3154,1.6245,82.4,15.932,48.88,1
3155,1.5342,87.57,16.513,32.22,1
3156,1.5919,83.67,16.495,28.68,1
3157,1.7925,90.17,17.578,41.6,1
3158,1.9739,83.51,16.583,33.67,1
3159,1.82,89.1,17.013,32.85,1
3160,1.6805,86.84,16.883,28.42,1
3161,1.8382,86.47,16.491,42.55,1
3162,1.6993,87.77,17.87,31.17,1
3163,1.6623,88.86,17.66,35.4,1
3164,1.5915,85.99,17.191,37.25,1
3165,1.5001,86.37,17.079,38.65,1
3166,1.7026,89.5,17.406,40.59,1
3167,1.7829,84.99,16.106,36.07,1
3168,1.7428,87.43,17.153,30.61,1
3169,1.6929,94.88,18.029,17.19,1
3170,1.6114,87.06,17.467,37.58,1
3171,1.8425,91.5,17.856,32.85,1
3172,1.5516,88.23,17.23,30.38,1
3173,1.8635,90.62,16.853,35.13,1
3174,1.5946,91.11,17.381,41.18,1
3175,1.6298,92.26,17.389,42.54,1
3176,1.5205,89.8,17.326,22.84,1
3177,1.663,94.38,17.754,29.49,1
3178,1.8822,89.42,17.059,43.04,1
3179,1.8109,91.27,17.642,47.01,1
3180,1.8779,91.49,17.315,27.57,1
3181,1.8071,88.96,17.143,46.65,1
3182,1.5607,90.83,16.919,23.7,1
3183,1.6742,91.92,17.255,43.03,1
3184,1.6042,90.94,17.69,32.18,1
3185,1.9183,96.88,17.894,43.37,1
3186,1.5366,90.52,17.974,30.97,1
3187,1.8475,94.76,18.44,29.67,1
3188,1.8447,94.31,17.795,31.35,1
3189,1.9825,92.77,19.984,21.04,1
3190,1.6439,91.27,18.085,20.14,1
3191,1.8094,91.66,17.184,38.08,1
3192,2.0421,92.36,17.952,41.49,1
3193,1.6043,90.03,17.281,39.84,1
3194,1.4639,91.79,17.252,23.89,1
3195,1.4092,91.04,17.057,38.22,1
3196,1.7952,96.89,18.773,22.94,1
3197,1.4029,95.64,17.883,34.88,1
3198,1.6265,96.17,18.136,40.35,1
3199,1.745,95.98,17.838,34.35,1
3200,1.7041,95.33,17.791,43.55,1
3201,1.7371,97.72,18.359,29.17,1
3202,1.7035,93.38,17.925,31.24,1
3203,1.8589,94.61,17.297,32.77,1
3204,1.5211,95.69,18.111,20.84,1
3205,1.5592,91.36,17.196,30.96,1
3206,1.5417,99.99,19.501,26.48,1
3207,1.7789,93.66,20.044,30.53,1
3208,1.7861,93.68,17.669,34.94,1
3209,1.7155,95.71,17.609,19.73,1
3210,1.8221,94.83,18.022,22.94,1
3211,1.4645,92.88,17.603,42.33,1
3212,1.888,92.86,18.879,17.23,1
3213,1.863,89.39,18.106,40.3,1
3214,1.7415,91.09,17.827,31.36,1
3215,1.895,93.03,17.496,34.46,1
3216,1.3758,92.69,17.965,45.85,1
3217,1.5422,94.04,17.968,31.53,1
3218,1.5071,91.16,17.525,39.31,1
3219,1.7222,88.43,16.55,36.41,1
3220,1.4529,93.11,18.246,32.26,1
3221,1.7205,93.67,17.845,30.93,1
3222,1.809,92.4,17.57,39.17,1
3223,1.7041,90.07,17.047,29.1,1
3224,1.6388,92.29,17.321,24.57,1
3225,1.4445,96.86,18.414,31.48,1
3226,1.4621,90.03,16.751,36.52,1
3227,1.7729,86.98,17.168,22.22,1
3228,1.6988,88.23,16.64,35.98,1
3229,1.5724,90.45,16.757,24.91,1
3230,1.5119,85.79,17.691,42.54,1
3231,1.2671,89.14,16.83,21.09,1
3232,1.4067,89.36,16.903,50.78,1
3233,1.8503,91.47,18.045,31.41,1
3234,1.3678,90.82,18.473,27.59,1
3235,1.5846,89.73,16.751,32.9,1
3236,1.7036,83.47,15.953,43.37,1
3237,1.3606,89.44,16.869,42.46,1
3238,1.5728,88.81,17.525,33.52,1
3239,1.682,87.71,17.833,24.86,1
3240,1.5395,83.54,15.93,29.18,1
3241,1.9641,85.25,17.298,40.14,1
3242,1.2798,84.27,16.143,46.34,1
3243,1.6852,82.37,16.249,48.52,1
3244,1.4967,86.19,16.28,38.63,1
3245,1.6346,84.4,16.363,46.1,1
3246,1.5813,91.05,17.364,49.67,1
3247,1.4013,85.26,16.421,47.37,1
3248,1.5419,87.99,17.115,43.58,1
3249,1.2251,82.06,15.728,33.31,1
3250,1.5905,83.94,16.043,46.34,1
3251,1.541,84.99,16.69,41.69,1
3252,1.5883,82.78,16.878,44.53,1
3253,1.6474,83.56,16.274,48.96,1
3254,1.5401,83.76,16.538,41.61,1
3255,1.5034,83.53,16.634,38.06,1
3256,1.3452,87.51,17.271,27.93,1
3257,1.3668,84.36,16.086,36.01,1
3258,1.6479,84.36,16.137,40.09,1
3259,1.6816,84.28,16.151,40.65,1
3260,1.4267,84.23,17.547,40.42,1
3261,1.4656,82.63,16.371,47.1,1
3262,1.3192,81.96,16.247,46.75,1
3263,1.6271,82.73,16.318,38.86,1
3264,1.5473,84.51,16.017,31.51,1
3265,1.735,84.25,17.559,41.52,1
3266,1.3083,81.32,16.159,58.18,1
3267,1.3797,83.14,16.556,41.69,1
3268,1.4674,81.01,15.395,38.03,1
3269,1.526,81.27,16.306,44.53,1
3270,1.393,80.05,15.625,45.73,1
3271,1.2908,80.44,15.405,45.42,1
3272,1.5503,83.28,15.925,50.01,1
3273,1.5227,80.58,15.441,43.74,1
3274,1.2734,80.47,15.419,51.32,1
3275,1.6106,77.11,15.34,44.58,1
3276,1.5792,79.18,15.484,53.59,1
3277,1.4203,79.12,15.761,51.18,1
3278,1.4085,77.74,16.366,49.73,1
3279,1.4762,79.24,15.586,47.77,1
3280,1.2603,78.14,14.879,60.53,0
3281,1.3906,78.96,15.502,50.24,1
3282,1.0597,78.84,16.188,34.9,1
3283,1.5106,76.49,15.189,45.07,1
3284,1.1415,77.4,16.204,40.44,1
3285,1.5978,78.15,15.672,58.62,1
3286,1.3193,80.17,15.255,50.91,0
3287,1.3337,78.11,15.512,58.39,1
3288,1.268,76.08,15.288,37.27,1
3289,1.3156,78.0,15.99,51.01,1
3290,1.5683,80.42,16.883,29.83,1
3291,0.979,78.63,15.983,29.08,1
3292,1.5405,77.7,15.597,39.21,1
3293,1.3964,77.85,15.738,54.39,1
3294,1.1614,79.08,15.547,33.61,1
3295,1.178,78.15,15.03,41.97,0
3296,1.5875,76.93,15.307,52.35,1
3297,1.1911,77.74,15.568,49.13,1
3298,1.1568,73.24,14.353,62.79,0
3299,1.4973,72.2,15.279,45.71,1
3300,1.3744,75.31,15.542,40.28,1
3301,1.1799,74.94,14.568,35.28,1
3302,1.3501,73.51,15.504,41.95,1
3303,1.1608,76.05,15.042,34.54,1
3304,1.4768,70.47,14.054,32.34,1
3305,1.468,72.93,15.229,60.95,1
3306,1.3857,72.83,14.654,45.69,1
3307,1.3573,70.33,15.437,67.54,1
3308,1.5644,76.39,14.919,36.45,1
3309,1.2974,70.48,13.822,43.28,1
3310,1.1174,71.82,14.417,39.7,1
3311,1.3593,74.62,15.314,39.1,1
3312,1.6021,73.89,14.524,51.65,1
3313,1.1343,70.18,13.865,51.42,1
3314,1.2297,73.56,14.881,51.86,0
3315,1.3438,72.58,14.194,56.19,1
3316,1.2707,76.47,15.35,51.98,1
3317,1.1289,72.41,14.484,37.49,1
3318,1.442,71.12,14.636,42.14,1
3319,1.6193,69.49,13.748,48.28,0
3320,1.2983,69.51,14.858,77.12,1
3321,1.1309,69.15,14.052,53.69,1
3322,1.0318,73.34,15.109,45.85,1
3323,1.3005,70.44,14.783,52.12,1
3324,1.4251,71.33,14.079,41.38,1
3325,1.3286,73.03,15.127,47.28,1
3326,1.2547,65.08,13.078,57.59,1
3327,1.1645,72.16,14.152,45.47,0
3328,1.087,69.51,15.37,41.24,1
3329,1.374,70.07,14.821,46.33,1
3330,1.3838,67.34,15.144,46.04,1
3331,1.0128,67.29,13.706,37.77,0
3332,1.4812,69.58,14.228,42.68,1
3333,1.3269,73.17,14.96,33.96,1
3334,1.4489,70.21,14.276,36.98,1
3335,1.0358,70.53,14.072,37.55,1
3336,1.0304,67.42,13.561,56.18,0
3337,1.2112,66.4,13.799,61.07,1
3338,1.3073,65.84,13.278,37.21,1
3339,1.4996,66.22,13.329,61.91,1
3340,1.3345,62.89,13.355,42.25,1
3341,1.1906,65.35,13.515,55.76,1
3342,1.0715,65.48,14.027,51.78,1
3343,1.4084,66.05,13.501,54.46,1
3344,1.0778,66.46,13.512,39.8,1
3345,1.4653,66.72,13.943,34.47,1
3346,1.177,65.77,13.338,43.11,1
3347,1.457,64.44,13.184,53.75,1
3348,1.3189,61.47,12.752,67.77,0
3349,1.1953,64.05,13.277,42.33,0
3350,1.1368,63.06,14.24,50.38,1
3351,1.1624,65.73,13.186,43.57,1
3352,1.2767,66.42,14.392,49.01,1
3353,1.223,66.28,14.035,33.79,1
3354,1.1213,65.71,14.479,61.56,1
3355,1.1846,63.73,15.817,50.95,1
3356,1.2203,62.76,13.936,58.68,1
3357,0.8883,62.11,13.514,49.88,1
3358,1.2755,60.39,12.399,54.29,1
3359,1.0591,65.18,13.15,58.92,1
3360,1.0323,62.65,13.303,52.46,0
3361,0.9515,60.31,12.303,54.16,1
3362,0.9349,60.95,13.171,46.08,0
3363,1.0001,60.67,12.276,48.32,0
3364,1.0965,62.29,13.678,43.53,0
3365,1.4954,64.13,13.249,44.61,1
3366,1.123,61.1,12.968,62.35,0
3367,1.2282,57.09,12.056,69.21,0
3368,1.2612,61.02,12.371,42.41,1
3369,1.2205,60.89,13.522,55.63,0
3370,1.189,60.55,13.539,50.13,1
3371,1.0211,59.55,12.551,64.45,0
3372,1.4179,61.03,13.208,53.46,0
3373,1.4712,60.53,12.685,52.62,0
3374,0.9476,60.15,12.895,46.95,0
3375,1.0464,60.83,13.229,40.25,1
3376,1.1581,58.94,12.84,59.72,1
3377,1.0554,58.63,13.254,56.65,1
3378,1.2761,62.16,13.305,54.72,1
3379,1.0911,60.32,12.809,48.01,1
3380,1.5254,60.65,12.586,51.44,0
3381,1.3794,61.25,12.764,58.58,1
3382,1.233,59.65,13.08,61.07,0
3383,1.3556,60.26,12.337,43.42,1
3384,1.3678,55.04,12.563,50.91,1
3385,1.1178,58.41,12.405,42.84,0
3386,1.0804,57.43,12.086,56.15,0
3387,1.2151,60.96,12.538,59.5,1
3388,1.3332,59.26,12.948,51.22,0
3389,1.2255,55.94,12.135,50.13,0
3390,0.9688,57.75,13.3,51.67,1
3391,1.0856,57.14,11.924,73.17,0
3392,1.1957,57.51,12.17,64.03,0
3393,1.1963,54.36,11.868,62.23,0
3394,1.5044,56.92,12.028,57.41,1
3395,1.0015,55.54,12.084,55.57,1
3396,1.2862,56.36,12.341,47.93,0
3397,1.4348,54.15,12.087,48.02,1
3398,1.5532,54.23,12.711,51.92,1
3399,1.1529,57.55,11.976,46.84,1
3400,1.2884,52.9,11.829,52.4,1
3401,1.3013,52.84,11.449,56.48,0
3402,1.2464,54.5,12.112,56.1,0
3403,1.2036,52.86,11.867,52.32,0
3404,1.2851,52.43,11.288,61.5,1
3405,0.8412,54.21,11.579,54.96,0
3406,1.3248,50.79,11.596,60.24,1
3407,1.2429,51.58,11.497,52.09,0
3408,1.1921,57.51,12.292,60.04,1
3409,1.534,54.12,12.169,52.25,0
3410,1.1273,51.51,11.816,70.96,0
3411,1.1697,53.64,11.605,55.02,1
3412,1.5306,53.73,11.521,56.0,0
3413,1.1087,54.39,11.512,61.12,0
3414,1.1528,51.95,11.555,64.33,0
3415,1.2151,53.95,11.409,63.98,1
3416,1.3651,47.72,10.949,74.57,0
3417,1.272,49.49,11.8,64.6,1
3418,1.0488,51.73,11.377,57.43,0
3419,1.1649,51.86,11.336,53.65,1
3420,1.1556,49.18,12.35,58.42,0
3421,1.2372,51.32,12.277,70.08,0
3422,1.3147,49.35,10.889,48.29,1
3423,1.3157,49.85,11.284,52.54,0
3424,0.9887,52.25,11.728,55.9,1
3425,1.4169,51.82,11.608,51.25,0
3426,1.2974,47.81,11.987,57.05,1
3427,1.4695,47.49,10.908,74.96,1
3428,1.3307,48.58,11.136,57.47,0
3429,1.4317,49.15,11.439,62.81,0
3430,1.3388,47.68,11.512,47.12,0
3431,1.4732,50.88,11.837,49.65,1
3432,1.3521,49.29,11.384,66.88,0
3433,1.2615,49.21,10.668,72.82,0
3434,1.6196,45.67,10.423,63.37,1
3435,1.4147,50.33,11.688,56.35,1
3436,1.37,42.16,10.179,67.67,0
3437,1.0951,49.27,11.532,38.66,1
3438,1.096,49.27,12.268,61.27,0
3439,1.3358,46.34,10.325,52.83,1
3440,1.3165,49.55,11.758,65.63,1
3441,1.2053,46.67,10.627,43.46,0
3442,1.3213,46.72,11.212,55.94,1
3443,1.5413,47.08,10.796,60.42,1
3444,1.4102,52.57,12.977,51.36,1
3445,1.1376,48.69,11.107,56.78,0
3446,1.295,47.2,10.604,67.91,0
3447,1.1939,43.77,10.499,62.54,0
3448,1.2595,45.69,10.741,54.14,0
3449,1.2586,43.57,10.863,70.38,1
3450,1.252,46.64,10.943,63.02,0
3451,1.1385,45.08,12.203,64.29,0
3452,1.3107,42.35,10.059,56.45,0
3453,1.2488,44.56,10.395,41.88,0
3454,0.8967,42.5,9.911,56.25,0
3455,1.6472,44.3,10.43,54.36,0
3456,1.5058,42.08,10.159,58.84,0
3457,1.2892,43.65,10.417,56.07,0
3458,1.3517,44.9,10.512,62.96,0
3459,1.1764,43.09,9.998,70.19,0
3460,1.6098,42.22,9.786,72.28,0
3461,1.6434,43.21,10.092,69.77,0
3462,1.3856,43.99,10.928,55.42,0
3463,1.519,40.19,10.499,65.36,1
3464,1.3952,42.72,10.128,75.89,0
3465,1.1718,44.64,10.131,49.54,0
3466,1.3139,42.95,10.16,74.02,0
3467,1.3989,41.72,11.316,56.0,0
3468,1.3144,42.68,10.643,65.74,0
3469,1.3533,42.1,10.312,67.04,0
3470,1.3759,42.51,10.596,65.01,0
3471,1.3809,36.75,10.115,84.78,0
3472,1.4044,37.49,9.005,64.1,0
3473,1.2411,42.41,9.966,50.44,0
3474,1.2962,37.19,9.138,69.54,0
3475,1.2146,40.8,10.135,63.16,0
3476,1.5576,39.1,9.681,69.98,0
3477,1.0986,37.61,9.744,73.49,0
3478,1.5912,40.1,9.581,64.67,0
3479,1.6297,39.6,10.421,68.73,0
3480,1.3801,43.22,10.206,64.22,0
3481,1.0386,37.55,9.703,80.8,0
3482,1.3785,41.48,10.585,61.15,0
3483,1.4268,39.1,10.178,60.04,0
3484,1.2885,36.88,9.437,73.92,0
3485,1.3665,39.6,10.078,57.81,0
3486,1.677,38.93,10.597,68.78,1
3487,1.5509,37.67,9.629,65.04,1
3488,1.3162,37.93,9.187,65.43,0
3489,1.219,36.01,9.414,86.89,0
3490,1.4133,35.35,9.037,77.66,0
3491,1.4341,38.32,8.889,74.18,0
3492,1.5443,36.15,9.376,71.55,0
3493,1.3933,36.24,9.234,61.72,0
3494,1.5541,36.76,9.852,69.04,1
3495,1.7714,36.53,8.97,71.75,0
3496,1.6073,32.94,8.239,70.83,0
3497,1.4815,38.17,9.546,66.85,0
3498,1.465,35.64,9.261,64.43,0
3499,1.4427,34.79,9.007,70.31,0
3500,1.6771,35.86,9.138,63.28,0
3501,1.4097,35.27,8.693,73.46,0
3502,1.5143,36.13,9.116,51.19,1
3503,1.519,35.48,8.941,78.58,1
3504,1.4398,35.64,9.631,57.13,1
3505,1.313,36.7,9.419,58.44,0
3506,1.571,35.57,8.98,70.93,0
3507,1.5172,33.28,9.735,73.35,0
3508,1.6051,31.15,8.321,86.93,0
3509,1.4538,36.54,9.48,69.45,1
3510,1.7207,32.52,8.564,69.16,0
3511,1.4098,31.85,9.448,71.42,0
3512,1.8019,29.13,8.154,84.25,0
3513,1.2866,33.08,8.759,88.55,0
3514,1.6177,32.5,8.57,68.02,0
3515,1.6275,28.97,8.177,75.96,0
3516,1.4406,32.71,9.272,68.78,0
3517,1.6273,30.6,8.743,69.88,0
3518,1.7592,36.78,9.278,81.96,1
3519,1.2384,30.06,9.234,63.56,0
3520,1.65,30.13,8.687,52.25,0
3521,1.2043,29.05,7.947,74.11,0
3522,1.437,33.16,8.299,78.71,0
3523,1.8299,29.65,8.045,72.97,0
3524,1.5018,28.75,8.242,75.77,0
3525,1.4166,31.41,8.732,76.17,0
3526,1.5666,27.04,8.528,73.66,0
3527,1.91,30.85,8.023,74.94,0
3528,1.3286,32.96,8.533,73.54,0
3529,1.4492,30.33,7.924,55.13,0
3530,1.8351,30.28,7.877,71.75,0
3531,1.8926,30.54,8.109,58.09,0
3532,1.6019,32.02,8.711,69.48,0
3533,1.435,30.82,8.734,66.55,0
3534,1.9387,29.08,7.796,79.82,0
3535,1.8669,29.81,7.945,73.07,0
3536,1.733,26.03,7.145,77.17,0
3537,1.5127,29.15,8.212,69.98,0
3538,1.6305,25.39,7.304,82.18,0
3539,1.6172,26.47,8.665,60.34,1
3540,1.6942,20.83,7.053,69.34,0
3541,1.8655,27.6,7.824,82.73,0
3542,1.783,25.31,7.321,70.33,0
3543,1.4927,28.62,7.593,54.66,0
3544,1.864,26.98,7.376,84.43,0
3545,1.7077,28.25,7.767,80.67,0
3546,1.767,23.63,7.051,80.51,0
3547,1.887,27.68,7.572,73.15,0
3548,1.5034,29.61,8.355,84.52,0
3549,1.6679,26.73,7.988,83.03,0
3550,1.5966,26.58,7.569,85.43,0
3551,1.4442,25.14,8.689,79.48,0
3552,1.7344,23.55,6.78,75.85,0
3553,2.0621,25.92,7.662,70.25,0
3554,1.4123,21.19,6.844,66.14,0
3555,1.6864,23.16,7.027,79.12,0
3556,1.7902,20.26,6.545,81.53,0
3557,1.7154,22.19,7.076,72.89,0
3558,1.6828,24.68,7.366,79.1,0
3559,1.5077,24.21,7.237,71.82,0
3560,1.7403,23.1,6.81,82.08,0
3561,1.5946,23.14,6.745,68.06,0
3562,1.3823,18.83,6.465,69.26,0
3563,1.8926,21.65,6.85,74.08,0
3564,1.8599,20.84,6.8,83.13,0
3565,1.7264,20.68,6.81,67.32,0
3566,1.7556,23.0,7.011,83.6,0
3567,1.8849,19.88,6.65,63.93,0
3568,1.7599,20.19,6.489,74.91,0
3569,1.8643,17.03,7.144,67.48,0
3570,1.6865,20.41,6.538,55.87,0
3571,1.9303,18.62,6.406,80.76,1
3572,1.784,20.76,6.612,75.12,0
3573,1.7673,18.5,6.268,66.72,0
3574,1.55,20.41,6.821,72.62,0
3575,1.7857,19.71,6.667,80.71,0
3576,1.6201,23.14,7.054,72.17,0
3577,1.6513,20.59,6.732,75.05,0
3578,1.6269,15.72,5.858,76.38,0
3579,1.5913,16.67,6.425,74.34,0
3580,2.072,19.11,7.892,72.77,0
3581,1.955,16.94,5.996,73.84,0
3582,2.0453,12.66,5.82,73.97,0
3583,1.5757,21.1,6.933,68.2,0
3584,1.7717,19.64,7.003,74.18,0
3585,1.5689,19.04,6.928,72.46,0
3586,1.6603,16.59,6.323,70.48,0
3587,1.6287,18.46,6.503,84.05,0
3588,1.9541,15.99,5.989,89.27,0
3589,1.7104,17.61,6.128,78.43,0
3590,1.9317,15.16,5.986,80.44,0
3591,1.8636,19.83,6.323,71.56,0
3592,2.1201,13.46,5.557,88.54,0
3593,1.5542,18.86,7.137,91.59,0
3594,1.9664,16.28,6.232,77.92,0
3595,1.9509,15.02,6.432,75.82,0
3596,1.6343,16.13,6.97,82.05,0
3597,1.9327,17.07,6.242,79.79,0
3598,1.8333,18.13,6.556,74.12,0
3599,1.75,15.83,6.01,83.27,0
3600,1.6617,13.22,5.455,87.51,0
3601,1.6786,15.31,5.73,73.53,0
3602,2.095,19.03,7.006,97.92,0
3603,1.7887,18.3,6.581,65.76,0
3604,1.9069,17.62,7.486,71.62,0
3605,1.6719,17.59,6.864,80.32,0
3606,1.6745,17.6,6.136,96.42,0
3607,1.9547,18.72,6.957,73.27,0
3608,1.5907,15.69,5.988,71.06,0
3609,1.7317,14.09,6.49,84.39,0
3610,1.7998,17.14,6.144,76.73,0
3611,1.8121,15.56,5.741,84.98,0
3612,1.7691,15.29,5.771,79.26,0
3613,1.856,16.16,5.916,72.45,0
3614,1.9011,22.77,6.88,94.13,0
3615,1.9078,18.27,6.286,54.4,0
3616,1.6502,18.92,6.997,92.21,0
3617,1.7559,15.96,7.194,86.89,0
3618,1.9781,14.91,5.574,74.04,0
3619,1.9333,17.16,6.982,93.68,0
3620,1.5935,21.88,6.858,64.9,0
3621,1.8523,19.87,6.88,85.14,0
3622,1.5031,20.6,6.356,59.98,0
3623,1.8069,21.08,7.145,67.19,0
3624,2.0846,18.62,5.991,68.64,0
3625,1.6578,22.78,7.3,69.33,0
3626,1.6748,18.93,6.699,77.73,0
3627,1.9145,23.21,7.311,68.46,0
3628,1.5684,21.48,6.718,59.82,0
3629,1.7047,17.22,6.579,82.37,0
3630,1.8889,19.5,6.845,77.69,0
3631,1.704,17.63,6.314,81.69,0
3632,1.7634,23.73,7.617,76.14,0
3633,1.9101,21.55,6.945,83.7,0
3634,1.8613,17.34,6.587,77.99,0
3635,1.8377,22.75,7.114,83.45,0
3636,1.7463,21.13,7.009,70.12,0
3637,1.8521,19.43,6.923,71.59,0
3638,1.7774,25.96,7.496,84.43,0
3639,1.864,23.01,6.813,86.04,0
3640,1.7201,22.41,7.229,80.14,0
3641,1.7666,22.4,7.719,68.45,1
3642,1.6447,20.37,6.933,69.02,0
3643,1.7871,20.99,7.034,87.03,0
3644,1.6698,26.37,7.689,83.36,0
3645,1.6235,23.05,7.552,74.66,0
3646,1.8284,24.24,7.315,93.19,0
3647,1.8205,20.31,6.631,80.48,0
3648,1.905,21.96,7.601,66.96,0
3649,1.7218,26.02,7.462,71.18,0
3650,1.8465,25.76,8.041,73.59,0
3651,1.8667,28.71,8.612,72.47,0
3652,1.8496,28.09,8.217,82.15,0
3653,1.6578,25.14,7.128,66.27,0
3654,1.8027,26.75,7.773,62.3,0
3655,1.8336,25.37,7.477,78.6,0
3656,1.7786,30.31,8.116,66.76,0
3657,1.4631,28.7,8.113,91.17,0
3658,1.7986,26.94,8.151,80.38,0
3659,2.1049,27.2,7.663,68.48,0
3660,1.7174,29.89,8.167,80.77,0
3661,1.6606,28.36,7.912,77.83,0
3662,1.8242,30.52,8.92,75.76,0
3663,1.8133,23.21,7.134,74.09,0
3664,1.9436,28.72,7.669,75.13,0
3665,1.5742,26.97,7.328,55.99,1
3666,1.8708,31.71,8.663,80.51,0
3667,1.8477,31.49,8.212,42.62,0
3668,1.7359,28.67,8.357,68.26,0
3669,1.8061,31.87,8.118,57.11,0
3670,1.9077,32.57,8.441,65.45,0
3671,1.8821,29.35,7.74,70.8,0
3672,1.5777,34.34,9.091,58.82,0
3673,1.8701,29.54,8.477,49.08,0
3674,1.7352,29.37,8.301,73.03,0
3675,1.7536,31.73,8.157,86.65,0
3676,1.7514,29.49,7.916,68.49,0
3677,1.7157,30.57,8.434,78.33,0
3678,1.9146,33.42,8.272,80.98,0
3679,1.721,30.84,8.284,55.3,0
3680,1.5632,27.61,8.726,68.78,0
3681,1.6697,31.93,8.471,59.63,1
3682,1.7531,30.01,7.802,64.55,0
3683,1.9082,33.33,8.534,82.62,0
3684,1.8117,33.19,8.506,70.87,1
3685,1.5911,34.94,10.345,74.34,0
3686,2.0889,34.02,9.799,68.24,0
3687,1.7532,34.58,9.277,58.57,0
3688,1.9021,31.26,8.311,75.67,0
3689,1.6853,34.41,9.528,78.38,0
3690,1.7854,36.94,8.926,69.38,0
3691,1.8285,31.82,9.062,73.82,1
3692,1.8825,37.0,9.749,56.92,1
3693,1.8556,32.5,8.566,75.15,0
3694,1.8249,32.1,9.142,80.51,0
3695,1.644,34.59,8.775,71.48,0
3696,1.6025,35.63,8.698,53.25,0
3697,1.7352,36.22,9.662,80.35,0
3698,1.8223,32.68,8.618,61.84,0
3699,1.646,35.67,9.373,70.7,0
3700,1.8361,33.63,9.866,76.45,0
3701,1.8912,32.22,8.332,78.3,0
3702,1.5327,33.54,8.726,54.47,0
3703,1.5415,34.1,9.738,69.48,0
3704,1.6429,36.84,9.583,67.3,0
3705,1.7069,38.3,9.252,77.53,0
3706,1.5789,33.25,8.421,72.72,0
3707,1.8572,37.1,9.125,78.32,0
3708,1.7147,34.25,8.631,72.77,1
3709,1.6537,38.06,9.558,65.57,0
3710,1.4291,35.75,9.145,69.1,0
3711,1.4438,35.1,9.133,80.13,0
3712,1.68,39.0,9.314,55.22,0
3713,1.3146,36.43,9.186,74.39,0
3714,1.783,37.17,8.765,61.68,0
3715,1.604,33.56,8.844,62.12,0
3716,2.1108,40.09,10.364,73.13,0
3717,1.9671,40.04,9.322,57.91,1
3718,1.5902,38.61,9.755,68.85,0
3719,1.598,35.74,8.895,63.64,0
3720,1.7598,41.42,10.341,45.29,0
3721,1.8624,37.87,9.496,70.1,0
3722,1.3577,38.49,9.7,66.91,1
3723,1.3319,44.22,10.41,47.18,1
3724,1.503,38.39,10.21,60.38,0
3725,1.6801,41.48,10.122,49.65,1
3726,1.6636,41.32,9.703,70.06,0
3727,1.746,41.18,9.967,75.4,0
3728,1.4019,41.16,9.787,71.1,0
3729,1.2308,41.55,10.05,71.98,0
3730,1.7033,41.54,9.827,59.93,1
3731,1.4467,41.1,9.677,68.72,0
3732,1.2645,44.42,10.496,62.27,0
3733,1.5854,38.97,9.619,67.1,1
3734,1.6789,43.84,10.857,70.35,0
3735,1.5379,43.64,10.144,72.22,0
3736,1.4838,43.6,9.742,59.72,0
3737,1.5249,44.63,10.31,50.96,0
3738,1.4895,42.41,9.634,62.05,0
3739,1.3391,39.06,9.79,63.81,0
3740,1.4304,42.86,9.69,65.56,0
3741,1.612,41.22,9.606,70.93,0
3742,1.5784,41.94,9.906,48.52,0
3743,1.5516,41.12,10.772,58.96,1
3744,1.3733,42.85,9.828,55.58,0
3745,1.4916,42.81,10.176,73.32,1
3746,1.1885,39.44,9.928,63.67,0
3747,1.5381,45.8,11.431,57.42,1
3748,1.7219,49.04,11.471,63.88,0
3749,1.2826,46.01,11.201,56.65,1
3750,1.4121,44.59,10.852,62.12,0
3751,1.5456,45.09,10.13,76.46,0
3752,1.6804,44.56,10.588,76.56,0
3753,1.4215,45.78,11.021,58.27,1
3754,1.3811,45.73,10.291,60.11,1
3755,1.1858,44.32,10.191,57.46,1
3756,1.4929,49.57,10.91,43.85,1
3757,1.78,43.43,10.626,71.23,0
3758,1.5115,48.04,10.928,79.55,0
3759,1.4628,46.6,10.619,57.49,0
3760,1.5107,50.8,10.969,51.98,1
3761,1.457,47.88,10.906,58.09,0
3762,1.333,46.68,10.549,61.67,0
3763,1.5747,47.1,10.918,51.65,0
3764,1.4814,47.88,10.565,56.6,1
3765,1.4464,45.71,10.681,69.69,0
3766,1.2938,46.67,10.589,62.02,0
3767,1.6319,44.83,10.081,72.27,0
3768,1.5324,46.75,10.351,63.87,0
3769,1.3461,48.99,10.723,50.9,1
3770,1.5757,49.6,11.111,54.63,0
3771,1.3471,45.24,10.586,63.84,0
3772,1.3008,49.13,11.233,50.54,0
3773,1.3005,50.73,11.49,48.55,0
3774,1.1452,49.47,10.909,49.78,0
3775,1.478,48.73,11.587,63.89,0
3776,1.129,49.38,10.994,56.44,1
3777,1.2159,49.32,11.345,68.87,0
3778,1.0853,49.33,11.085,52.23,0
3779,1.3802,51.15,11.584,38.65,0
3780,1.367,55.62,12.01,54.59,0
3781,1.3371,49.71,11.377,72.35,0
3782,1.2262,50.76,11.362,58.82,0
3783,1.2033,51.5,11.859,47.13,1
3784,1.4453,50.43,11.035,45.75,1
3785,1.2897,54.2,11.372,66.07,0
3786,1.4163,47.46,10.546,54.07,0
3787,1.2327,51.34,11.984,70.53,1
3788,1.3893,54.24,11.826,61.69,0
3789,1.5543,52.21,11.619,51.52,0
3790,1.4434,51.36,11.11,67.52,1
3791,1.2903,54.08,11.889,49.16,0
3792,1.3875,55.21,11.696,44.29,1
3793,1.3096,54.02,11.558,49.65,1
3794,1.3436,52.2,11.431,63.83,1
3795,1.2904,54.91,12.182,65.16,0
3796,1.3114,53.4,12.006,53.79,1
3797,1.3648,55.89,12.394,40.52,1
3798,1.1808,57.57,11.915,42.01,1
3799,1.1743,49.59,11.186,50.71,1
3800,1.1154,55.22,11.958,45.51,0
3801,1.0806,51.73,11.051,60.09,0
3802,1.135,60.28,12.799,68.33,0
3803,1.3386,54.66,11.854,62.57,0
3804,1.1778,57.29,12.571,45.6,1
3805,1.3858,55.93,12.172,49.89,1
3806,1.3111,54.59,11.742,52.25,1
3807,1.0077,54.56,12.382,59.38,0
3808,1.3984,59.77,12.127,65.71,0
3809,1.419,58.71,12.531,50.03,0
3810,1.1456,60.89,12.377,64.78,1
3811,1.3549,57.31,12.041,71.44,1
3812,1.1607,57.98,12.68,51.42,1
3813,1.3012,57.07,11.911,51.76,0
3814,1.0942,57.23,11.9,51.78,0
3815,1.0123,55.92,13.73,55.95,1
3816,1.2213,58.37,12.086,51.11,1
3817,1.2577,56.82,13.208,61.98,0
3818,1.2141,59.48,12.606,40.92,0
3819,1.0937,59.14,12.432,49.24,1
3820,1.2089,59.58,12.941,55.89,0
3821,1.3069,62.55,13.839,58.43,1
3822,1.2574,59.32,12.281,70.97,1
3823,1.2892,61.11,12.732,42.02,0
3824,1.159,63.9,13.739,45.44,0
3825,1.4331,62.61,13.264,33.3,1
3826,1.0787,62.51,13.68,42.62,1
3827,1.3261,59.79,12.947,38.98,1
3828,1.4281,61.06,13.97,48.19,1
3829,1.3209,58.16,12.549,52.28,0
3830,1.2163,62.0,13.142,55.56,1
3831,1.1655,61.75,13.15,49.56,1
3832,1.3982,61.45,12.912,55.89,0
3833,1.0274,63.65,13.702,51.72,1
3834,1.0934,59.38,12.757,45.1,1
3835,1.1775,65.27,13.911,36.35,1
3836,1.421,64.0,13.81,55.27,1
3837,1.2905,62.26,13.276,64.82,0
3838,1.0866,62.3,13.318,71.9,1
3839,1.1836,63.76,12.982,58.23,1
3840,1.1364,66.04,13.459,61.04,1
3841,1.1205,63.4,13.662,54.65,1
3842,1.3723,63.69,14.071,53.2,1
3843,1.0182,63.64,12.756,51.71,1
3844,1.4638,67.36,13.651,47.74,1
3845,1.3453,63.26,13.249,55.9,0
3846,1.3833,64.14,13.075,46.35,1
3847,1.1489,67.33,13.569,47.42,1
3848,1.1946,64.89,13.693,40.64,0
3849,1.0009,67.07,14.694,52.55,1
3850,1.136,63.18,12.67,43.42,1
3851,1.2876,64.79,13.402,50.4,1
3852,1.4069,68.37,14.209,51.98,1
3853,1.0453,64.25,13.753,55.14,1
3854,1.1556,65.5,13.711,55.87,1
3855,1.1867,66.51,14.75,47.39,1
3856,0.9991,64.22,13.395,54.36,1
3857,1.2963,65.57,14.276,45.76,1
3858,1.0982,66.83,13.546,33.14,1
3859,1.1767,66.89,13.807,53.11,1
3860,1.1375,69.56,13.8,49.65,1
3861,1.0862,70.28,14.726,54.94,1
3862,1.2029,65.69,13.556,49.38,1
3863,1.1711,67.82,14.077,35.48,1
3864,1.1471,69.15,14.004,46.78,1
3865,1.0931,71.03,14.669,53.47,1
3866,1.2498,69.64,14.368,51.03,1
3867,1.4496,68.98,13.769,46.44,1
3868,1.2221,69.93,13.927,33.73,1
3869,1.3503,70.15,14.261,38.7,1
3870,0.9921,67.14,14.124,52.53,0
3871,1.224,69.59,15.295,33.93,1
3872,1.0356,72.32,14.727,43.06,1
3873,0.9786,69.19,14.624,47.8,1
3874,1.0891,70.06,13.783,56.16,1
3875,1.3788,69.51,15.414,52.21,1
3876,1.3425,65.57,13.86,57.36,1
3877,1.2365,70.44,14.297,49.15,1
3878,0.9703,71.2,14.367,39.51,1
3879,1.1709,69.78,13.858,42.23,1
3880,1.2458,68.69,13.774,40.32,0
3881,1.2272,69.44,15.313,52.06,1
3882,0.9246,72.93,14.363,39.69,1
3883,1.068,75.55,14.75,40.52,1
3884,1.1923,74.56,14.69,44.44,1
3885,1.2828,69.31,13.766,60.54,1
3886,0.8734,73.91,14.843,49.91,1
3887,1.1791,71.07,14.957,40.17,1
3888,1.2255,71.44,14.249,47.35,0
3889,1.3321,71.88,14.109,59.08,1
3890,1.3092,74.41,15.036,49.27,1
3891,1.2934,75.12,14.996,31.14,1
3892,1.0868,73.2,15.224,37.76,1
3893,0.9214,73.44,14.599,37.0,1
3894,1.1496,74.73,14.86,55.69,1
3895,1.3597,75.14,14.962,53.97,0
3896,1.4194,76.55,15.269,38.07,1
3897,1.318,71.83,14.379,40.73,1
3898,1.2768,74.64,14.747,44.57,1
3899,1.2705,72.66,14.127,46.0,1
3900,1.1313,74.9,14.782,36.36,1
3901,1.1964,74.75,15.293,42.16,1
3902,1.4675,75.31,15.451,32.19,1
3903,1.077,74.0,14.678,54.78,1
3904,1.4619,72.83,15.355,31.22,1
3905,1.1728,71.81,14.51,31.74,1
3906,1.4213,75.94,14.726,46.92,1
3907,1.0129,75.54,14.597,33.78,1
3908,1.3133,75.25,15.665,39.84,1
3909,1.1165,79.45,15.528,41.84,1
3910,1.0163,75.28,14.657,49.23,1
3911,1.263,80.03,15.16,39.21,1
3912,1.3833,80.65,15.701,54.84,1
3913,1.1068,73.7,14.98,44.78,1
3914,1.0105,77.98,15.204,51.74,1
3915,1.2233,77.2,14.986,44.91,1
3916,1.2258,72.38,14.409,62.62,0
3917,1.3231,75.51,15.721,52.16,1
3918,1.3852,80.15,15.345,41.26,1
3919,1.2358,82.84,15.949,44.33,1
3920,1.525,80.81,16.494,38.43,1
3921,1.2824,79.85,15.946,38.92,1
3922,1.1989,79.36,15.728,30.96,1
3923,1.0112,82.97,15.966,32.75,1
3924,1.2157,84.1,16.377,55.03,1
3925,1.2068,78.83,15.38,32.07,0
3926,1.4036,76.2,14.889,38.04,1
3927,1.3312,76.2,14.83,42.53,1
3928,1.0872,83.24,16.605,38.57,1
3929,1.2923,80.71,15.832,43.65,1
3930,1.3696,81.37,16.089,36.43,1
3931,1.5005,77.62,15.455,45.99,1
3932,1.4069,79.89,15.927,50.2,1
3933,1.3903,81.01,15.804,50.53,1
3934,1.2878,82.22,15.907,37.53,1
3935,1.3396,81.2,15.652,45.17,1
3936,1.4713,80.13,15.337,31.76,1
3937,1.0866,80.83,15.513,34.73,1
3938,1.2368,85.02,16.367,28.6,1
3939,1.176,83.29,15.77,38.66,1
3940,1.3515,84.22,15.959,31.59,1
3941,1.4819,81.4,16.478,27.99,1
3942,1.2107,77.49,15.468,39.42,1
3943,0.9445,82.55,15.968,25.64,1
3944,1.2441,82.07,17.541,50.38,0
3945,1.4458,84.7,15.972,33.72,1
3946,1.3923,90.77,17.843,42.42,1
3947,1.3789,85.79,16.575,33.59,1
3948,1.2756,90.07,17.63,25.4,1
3949,1.1288,85.94,16.685,46.84,0
3950,1.401,83.74,15.784,39.47,1
3951,1.2016,85.9,16.673,52.56,1
3952,1.6574,88.96,17.238,31.89,1
3953,1.4185,89.26,16.555,31.89,1
3954,1.249,84.65,17.624,46.25,1
3955,1.2475,86.51,16.859,45.19,1
3956,1.3285,83.34,16.56,40.22,1
3957,1.3097,88.05,16.585,62.85,1
3958,1.5164,89.71,17.524,32.93,1
3959,1.3801,86.88,17.328,26.72,1
3960,1.2457,85.67,16.707,29.58,1
3961,1.6424,87.92,16.934,34.05,1
3962,1.3695,88.23,16.685,48.21,1
3963,1.4808,87.76,16.831,34.85,1
3964,1.2776,88.16,16.788,48.63,1
3965,1.4267,87.65,17.155,39.88,1
3966,1.4224,90.19,16.991,43.55,1
3967,1.0957,89.87,17.484,38.17,1
3968,1.6849,86.63,16.46,40.05,1
3969,1.5797,86.78,16.667,42.95,1
3970,1.33,88.49,17.303,31.37,1
3971,1.2277,90.67,17.106,30.15,1
3972,1.4487,89.7,17.502,37.98,1
3973,1.4132,88.31,17.245,51.54,1
3974,1.4571,90.32,17.196,22.48,1
3975,1.436,89.34,17.742,19.16,1
3976,1.4868,91.96,17.576,31.71,1
3977,1.6316,91.07,17.964,42.61,1
3978,1.5033,89.97,18.294,35.43,1
3979,1.2643,91.26,17.347,24.89,1
3980,1.6298,93.63,18.089,33.45,1
3981,1.6751,90.06,17.034,21.1,1
3982,1.9055,92.21,17.242,38.71,1
3983,1.2679,91.46,17.394,31.65,1
3984,1.4765,92.65,17.228,32.75,1
3985,1.1315,90.69,17.041,38.0,1
3986,1.5305,92.42,17.88,35.19,1
3987,1.369,94.62,17.757,27.9,1
3988,1.7434,90.73,17.688,42.83,1
3989,1.3425,90.14,17.398,41.29,1
3990,1.209,90.42,18.409,20.56,1
3991,1.3955,90.86,17.612,32.64,1
3992,1.1736,94.59,18.5,23.6,1
3993,1.5863,90.79,17.543,24.38,1
3994,1.1676,93.2,17.863,37.36,1
3995,1.4854,95.24,18.629,28.5,1
3996,1.1733,95.03,18.312,30.84,1
3997,1.4406,93.63,17.882,27.47,1
3998,1.739,94.98,18.083,34.97,1
3999,1.5503,95.01,18.242,37.42,1
4000,1.3705,94.55,17.697,49.63,1
4001,1.4991,94.38,17.658,30.93,1
4002,1.5102,99.07,19.379,17.97,1
4003,1.5822,96.02,19.261,27.36,1
4004,1.31,99.16,18.314,36.28,1
4005,1.6077,93.01,17.466,27.02,1
4006,1.1169,93.63,18.374,20.96,1
4007,1.4319,90.94,17.628,28.42,1
4008,1.4569,91.78,17.828,29.66,1
4009,1.6289,97.0,18.732,22.14,1
4010,1.541,91.96,17.452,35.57,1
4011,1.3305,96.64,18.387,30.38,1
4012,1.3973,90.11,17.373,41.25,1
4013,1.5786,90.29,17.003,31.26,1
4014,1.5406,91.52,17.612,38.55,1
4015,1.4693,91.87,18.172,29.94,1
4016,1.4878,93.65,17.672,23.78,1
4017,1.668,92.5,17.688,29.15,1
4018,1.4896,90.57,17.421,21.71,1
4019,1.5577,90.93,17.282,48.75,1
4020,1.9001,90.36,17.615,35.92,1
4021,1.3647,88.97,16.857,29.25,1
4022,1.3041,88.82,17.778,32.68,1
4023,1.703,92.46,17.903,13.92,1
4024,1.4873,86.54,16.419,48.55,0
4025,1.545,93.23,18.708,43.75,1
4026,1.4791,89.11,17.187,36.39,1
4027,1.5609,88.05,16.707,38.72,1
4028,1.8432,90.88,17.937,24.33,1
4029,1.7272,92.17,17.794,24.14,1
4030,1.7398,91.24,16.928,20.68,1
4031,1.4015,89.8,17.031,33.83,1
4032,1.4447,90.77,17.484,43.02,1
4033,1.195,84.97,15.917,34.95,1
4034,1.5029,87.16,16.858,39.49,1
4035,1.7712,86.18,16.742,45.12,1
4036,1.7087,90.25,16.91,21.86,1
4037,1.6013,86.83,16.889,51.66,1
4038,1.6345,89.09,17.117,44.8,1
4039,1.5379,88.27,16.612,40.15,1
4040,1.6752,85.28,16.986,45.23,1
4041,1.7627,85.63,16.992,45.39,1
4042,1.4087,89.19,17.019,37.83,1
4043,1.6993,84.85,16.401,49.52,1
4044,1.7974,86.45,17.055,33.51,1
4045,1.5985,84.43,16.338,42.03,0
4046,1.769,85.17,15.988,48.47,1
4047,2.0893,85.51,16.791,16.17,1
4048,1.6545,83.83,16.047,42.2,1
4049,1.7323,83.28,16.097,44.83,1
4050,1.5656,85.57,17.378,23.99,1
4051,1.7066,83.11,16.164,41.39,1
4052,1.7514,82.98,16.197,32.86,1
4053,1.7146,82.52,16.354,42.66,1
4054,1.5354,84.04,16.581,37.81,1
4055,1.7222,85.89,16.325,29.9,1
4056,1.9134,86.81,16.748,45.79,1
4057,1.7643,82.15,16.087,36.36,1
4058,1.8441,87.7,17.02,38.54,1
4059,1.667,81.19,16.051,50.8,1
4060,1.8178,85.17,18.34,30.57,1
4061,1.75,81.36,15.578,40.25,1
4062,1.5682,80.86,16.359,36.52,1
4063,1.7612,80.91,16.492,38.28,1
4064,1.5673,82.1,16.282,56.99,1
4065,1.6238,83.16,15.995,42.76,1
4066,1.7497,83.14,17.167,41.62,1
4067,1.7684,79.71,15.123,45.37,1
4068,1.5479,79.42,15.424,44.79,1
4069,1.8868,79.37,16.253,26.77,1
4070,1.817,80.78,15.729,58.91,1
4071,1.6278,80.38,16.701,29.06,1
4072,1.5052,78.7,15.101,55.64,1
4073,1.7165,80.94,15.532,45.38,1
4074,1.6736,84.73,16.267,39.61,1
4075,1.7597,78.99,15.78,39.16,1
4076,1.6904,78.93,15.505,62.48,1
4077,1.4459,80.72,15.68,45.4,1
4078,1.6909,78.28,16.257,42.17,1
4079,1.7054,80.54,16.663,36.4,1
4080,1.8483,77.56,15.232,37.22,1
4081,1.6506,82.46,15.624,39.93,1
4082,2.0091,79.29,15.065,33.98,1
4083,1.4724,77.16,15.424,48.14,1
4084,1.9577,77.02,15.603,37.62,1
4085,1.7292,76.97,15.321,50.86,1
4086,1.8936,80.55,15.804,48.53,1
4087,1.7784,75.06,14.734,43.52,1
4088,1.9391,76.06,15.459,48.0,1
4089,1.7117,76.08,16.118,48.4,1
4090,1.6067,76.97,14.707,31.12,1
4091,1.9861,76.26,15.158,57.1,1
4092,1.7576,73.62,14.471,42.78,1
4093,1.8093,75.6,14.641,49.2,1
4094,1.9627,76.0,14.786,49.19,1
4095,1.6241,74.74,15.126,24.24,1
4096,1.8696,77.17,15.502,37.44,1
4097,1.6931,77.44,16.159,49.26,1
4098,1.7631,75.24,15.04,44.35,1
4099,1.795,75.66,14.594,49.12,0
4100,1.5603,70.68,14.261,47.33,1
4101,1.6696,73.96,14.418,54.46,1
4102,1.9902,76.61,14.859,43.95,1
4103,1.9215,73.55,15.044,56.26,1
4104,1.7802,72.73,14.74,37.52,1
4105,1.827,78.56,15.798,40.85,1
4106,1.7474,77.44,15.232,37.79,1
4107,1.9958,74.54,15.302,47.39,1
4108,1.7631,75.68,14.949,41.36,1
4109,1.8287,68.75,14.625,45.92,1
4110,1.9666,71.42,14.612,40.51,1
4111,1.6788,71.86,14.45,42.2,1
4112,2.0298,72.13,14.658,45.64,1
4113,1.567,71.42,14.456,29.98,1
4114,2.0416,67.1,14.709,30.33,1
4115,1.7417,72.77,14.769,45.81,1
4116,1.7617,72.89,14.682,23.11,1
4117,1.515,74.8,14.88,42.57,1
4118,1.7306,69.82,14.625,44.09,1
4119,1.6432,69.46,14.496,51.66,1
4120,1.7083,65.64,13.492,44.24,1
4121,1.779,70.21,13.912,59.43,1
4122,1.9435,72.4,14.307,52.34,1
4123,1.831,69.18,14.055,35.4,1
4124,1.8461,74.49,15.638,42.03,1
4125,1.6357,69.49,14.078,59.53,1
4126,1.6679,70.09,14.053,41.36,1
4127,2.0697,66.87,13.276,48.45,1
4128,1.6895,69.97,15.078,58.25,0
4129,2.0481,65.24,13.792,45.53,1
4130,1.7629,70.39,14.683,55.75,0
4131,1.7995,70.25,14.756,39.57,1
4132,1.9594,71.32,14.384,23.11,1
4133,1.9893,66.36,13.738,59.01,1
4134,1.7815,68.52,14.842,51.4,1
4135,1.7394,69.13,14.194,51.56,1
4136,1.7888,68.68,14.318,39.05,1
4137,1.8473,65.87,14.047,41.37,1
4138,1.9297,62.62,13.436,60.63,1
4139,1.796,67.89,13.884,50.21,1
4140,1.8875,66.7,13.741,48.04,1
4141,2.0397,65.67,13.965,51.37,1
4142,1.8504,68.13,14.333,60.19,1
4143,1.8391,66.31,14.292,55.0,0
4144,1.5637,63.56,13.531,47.07,1
4145,1.396,62.14,13.34,40.49,1
4146,1.8479,63.54,13.118,55.58,1
4147,1.7744,70.39,14.1,39.38,1
4148,1.7103,66.85,14.143,39.43,1
4149,1.823,65.58,13.381,60.18,0
4150,1.7763,64.64,13.437,57.2,1
4151,1.9533,64.31,14.132,53.5,1
4152,1.7958,66.93,14.42,38.93,1
4153,1.6696,63.42,13.391,65.26,0
4154,1.9288,65.35,13.441,58.02,0
4155,1.7464,63.3,13.197,48.59,1
4156,1.8565,67.68,14.317,44.27,1
4157,1.7045,65.08,13.498,50.58,1
4158,1.6771,65.89,13.434,45.64,0
4159,1.7857,62.03,13.681,69.48,0
4160,1.7734,65.12,13.593,46.85,1
4161,1.8418,62.17,12.87,43.15,1
4162,1.7279,62.82,13.384,64.02,1
4163,1.491,65.67,14.075,45.05,1
4164,1.6998,60.11,12.435,59.22,1
4165,1.882,62.41,13.034,56.96,1
4166,1.7164,62.68,13.057,50.93,1
4167,1.7222,62.64,13.344,43.63,1
4168,1.9052,60.5,13.112,52.32,0
4169,1.6485,65.37,13.358,40.42,1
4170,1.5219,58.41,12.062,53.76,0
4171,1.7272,63.72,13.819,56.95,0
4172,1.6766,63.03,12.843,64.92,0
4173,1.6021,64.2,13.495,41.78,1
4174,1.7186,57.02,12.252,52.78,1
4175,1.8164,58.26,12.556,49.84,0
4176,1.7391,62.78,14.103,53.52,1
4177,1.7842,55.85,14.498,43.32,1
4178,2.0079,56.19,11.698,47.86,0
4179,1.6821,58.22,12.966,40.53,0
4180,1.7729,59.38,12.597,41.86,1
4181,1.6524,61.98,13.568,46.53,1
4182,1.5993,58.23,12.951,67.43,1
4183,1.636,57.18,13.085,57.47,1
4184,1.6494,58.82,12.694,54.23,0
4185,1.7726,58.94,12.291,64.41,1
4186,2.0685,58.68,13.002,56.86,1
4187,1.6061,57.24,12.385,58.47,0
4188,1.6483,53.49,11.684,53.12,1
4189,1.6986,55.36,11.881,50.68,1
4190,1.7647,59.84,13.222,42.61,1
4191,1.7421,57.17,13.225,49.89,1
4192,1.8924,55.95,11.763,53.18,0
4193,1.333,58.64,12.828,56.58,1
4194,1.3361,53.94,11.703,56.34,1
4195,1.6168,55.55,11.638,52.75,1
4196,1.8529,56.08,12.222,48.06,1
4197,1.4505,54.72,11.674,59.36,1
4198,1.2312,55.6,11.622,51.66,1
4199,1.765,54.82,11.705,58.94,1
4200,1.7129,52.2,11.243,42.37,1
4201,1.5097,55.16,11.797,58.59,1
4202,1.5223,51.94,11.13,63.81,1
4203,1.5216,54.73,11.813,61.12,0
4204,1.6805,56.95,12.044,53.26,0
4205,1.5668,53.44,11.928,64.26,1
4206,1.7317,51.46,11.737,47.94,1
4207,1.2261,53.35,11.862,56.28,0
4208,1.5226,51.74,11.421,56.41,1
4209,1.4789,54.39,11.809,64.66,1
4210,1.6061,52.7,11.371,41.21,0
4211,1.5605,56.22,11.905,46.8,0
4212,1.7576,54.93,12.314,70.02,0
4213,1.3556,52.09,11.059,38.3,1
4214,1.638,53.63,11.763,63.34,0
4215,1.7115,51.21,11.311,52.67,1
4216,1.9028,51.87,11.801,59.92,0
4217,1.5486,50.88,10.947,69.78,1
4218,1.6661,52.93,11.695,59.59,1
4219,1.3434,54.07,12.007,68.04,0
4220,1.2516,52.6,11.106,53.5,0
4221,1.7336,52.64,11.297,54.53,1
4222,1.6026,52.45,11.581,63.83,1
4223,1.7766,51.5,11.704,54.58,1
4224,1.3903,47.92,11.014,65.03,1
4225,1.6707,53.4,12.012,66.43,1
4226,1.8694,53.41,11.411,63.9,0
4227,1.6485,49.13,10.65,46.89,1
4228,1.6234,48.66,11.083,57.07,0
4229,1.5795,50.42,10.925,61.0,1
4230,1.339,50.1,10.973,56.99,0
4231,1.7743,48.4,11.461,60.6,1
4232,1.4757,46.1,10.744,63.7,0
4233,1.6393,49.01,10.898,55.38,1
4234,1.3255,49.3,10.902,57.87,0
4235,1.3793,49.45,11.45,49.88,1
4236,1.7678,48.5,11.113,56.08,1
4237,1.4967,47.06,10.424,48.55,1
4238,1.7631,49.39,10.617,60.3,1
4239,1.5296,47.33,11.973,59.06,1
4240,1.2613,46.07,10.274,54.03,1
4241,1.6677,46.44,10.951,75.42,0
4242,1.4416,43.11,11.046,61.17,0
4243,1.6312,46.04,10.716,63.67,1
4244,1.5264,47.58,10.673,55.34,1
4245,1.2874,46.68,10.317,57.68,1
4246,1.5397,48.84,10.638,62.29,1
4247,1.8407,45.07,10.674,59.3,1
4248,1.5815,46.37,11.493,61.2,0
4249,1.4951,46.79,10.622,67.38,0
4250,1.6613,49.69,11.004,55.04,0
4251,1.5278,45.09,10.835,51.29,1
4252,1.5239,42.51,9.887,51.28,0
4253,1.3249,46.1,10.78,72.85,0
4254,1.52,47.93,10.957,67.69,1
4255,1.6365,43.35,10.102,68.23,0
4256,1.352,45.48,10.566,58.22,0
4257,1.6873,46.06,11.683,50.7,1
4258,1.4561,45.43,10.839,59.48,0
4259,1.333,43.45,10.816,62.18,0
4260,1.612,41.6,9.683,54.99,1
4261,1.4156,42.64,10.696,51.66,0
4262,1.5689,43.52,10.569,49.05,1
4263,1.4074,44.22,9.931,67.73,1
4264,1.4385,42.87,10.421,53.64,0
4265,1.5178,41.24,9.75,66.73,1
4266,1.4837,42.91,9.725,60.07,1
4267,1.1371,43.32,10.301,67.73,0
4268,1.2645,42.16,10.315,66.39,1
4269,1.5685,39.53,9.742,63.43,0
4270,1.4056,40.64,9.803,65.66,0
4271,1.3432,42.7,10.03,62.5,0
4272,1.2143,37.83,11.107,61.38,0
4273,1.2525,36.21,8.805,75.11,0
4274,1.1076,43.22,10.65,59.69,1
4275,1.3921,41.02,9.91,63.69,1
4276,1.314,41.01,9.613,53.07,0
4277,1.2552,37.45,9.348,68.72,1
4278,1.3864,40.88,9.454,59.59,0
4279,1.4477,39.75,9.501,61.33,1
4280,1.7035,35.83,9.106,60.78,1
4281,1.1593,41.65,9.535,63.02,0
4282,1.5565,38.92,9.812,49.6,0
4283,1.5251,37.61,9.071,71.89,0
4284,1.2588,37.44,8.926,66.22,0
4285,1.4028,33.97,8.495,64.88,0
4286,1.3002,38.99,10.986,53.22,0
4287,1.3933,38.12,8.922,69.59,0
4288,1.5885,37.01,9.492,61.72,0
4289,1.4496,39.76,9.454,75.59,0
4290,1.4318,34.23,8.754,72.35,0
4291,1.2876,35.61,9.364,79.91,0
4292,1.1263,34.9,9.233,69.16,0
4293,1.3144,35.84,8.888,76.12,0
4294,1.5234,36.33,8.781,70.9,0
4295,1.1102,36.86,9.562,63.28,0
4296,1.1778,35.11,9.263,69.43,0
4297,1.3519,33.85,8.719,62.02,0
4298,1.1821,38.77,9.759,82.29,0
4299,1.2078,40.02,9.59,64.18,0
4300,1.2601,35.29,8.761,68.04,0
4301,1.1158,33.29,8.745,72.15,0
4302,1.1715,37.55,9.613,57.77,0
4303,1.4202,31.51,8.608,80.67,1
4304,1.1156,33.53,9.005,60.68,0
4305,1.0691,32.61,8.379,59.42,0
4306,1.2114,31.48,9.355,68.78,0
4307,1.4128,33.04,8.578,58.94,1
4308,1.2707,31.67,8.454,82.49,0
4309,1.2277,33.23,8.324,67.22,0
4310,1.3013,33.05,8.634,43.4,1
4311,1.03,31.56,8.721,71.67,0
4312,1.3634,31.86,8.885,74.31,0
4313,1.3441,31.94,9.409,66.47,0
4314,1.2225,33.82,9.054,57.86,0
4315,1.4322,31.7,8.623,69.15,1
4316,1.1096,33.45,8.604,65.08,0
4317,1.4454,32.77,8.433,61.53,1
4318,1.2969,32.54,9.106,60.96,0
4319,1.2208,33.98,9.309,69.86,0
4320,1.2659,28.76,7.714,78.97,0
4321,1.2504,29.85,8.563,74.78,0
4322,1.4472,34.13,9.166,54.7,1
4323,1.1003,29.89,7.873,75.99,0
4324,1.1452,24.57,7.677,80.44,0
4325,1.4127,29.59,7.846,82.39,0
4326,1.1658,30.07,7.639,63.36,0
4327,1.388,24.37,7.343,73.93,0
4328,1.5057,32.07,8.669,74.3,0
4329,1.1885,27.77,7.871,68.12,0
4330,1.3489,29.66,10.347,75.62,0
4331,1.0716,28.35,8.166,71.8,0
4332,1.356,26.02,7.714,66.61,0
4333,1.2707,26.26,7.876,67.15,0
4334,1.3099,26.33,7.538,83.2,0
4335,1.1403,30.17,8.726,62.93,0
4336,0.9862,27.5,8.031,63.15,0
4337,1.309,26.56,7.868,75.82,0
4338,0.9223,25.53,7.359,73.44,0
4339,1.1826,29.59,7.724,60.75,1
4340,1.3697,29.93,8.058,66.89,0
4341,1.2558,29.17,8.245,64.96,0
4342,1.5177,27.58,7.725,67.32,0
4343,1.3777,26.98,7.921,93.01,0
4344,1.1244,23.77,7.226,72.32,0
4345,1.2252,25.51,7.764,66.64,0
4346,1.2126,24.43,7.091,90.51,0
4347,0.9811,21.95,7.123,82.94,0
4348,1.076,27.51,7.651,78.29,0
4349,1.1318,23.81,6.862,68.05,0
4350,0.9092,27.39,7.795,82.1,0
4351,1.2207,26.56,8.583,79.59,0
4352,1.1751,25.71,7.165,74.75,0
4353,0.9605,25.63,7.643,59.89,0
4354,1.271,22.97,7.571,75.06,0
4355,1.3168,27.72,9.417,86.21,0
4356,1.2426,23.89,7.154,76.43,0
4357,1.159,24.2,7.157,71.47,0
4358,1.2955,22.1,6.692,73.91,0
4359,1.3081,21.34,7.529,74.92,0
4360,1.2514,23.95,7.05,68.23,0
4361,1.0809,23.24,7.097,74.73,0
4362,1.2455,21.02,6.381,87.93,0
4363,1.3827,19.52,7.103,87.92,0
4364,1.1134,19.66,7.288,71.17,0
4365,1.5171,24.39,7.811,84.57,0
4366,1.1231,20.57,6.362,82.75,0
4367,1.2064,20.92,7.163,81.51,1
4368,1.1003,24.3,6.907,77.87,0
4369,1.2343,18.96,6.617,70.18,0
4370,0.9393,19.55,6.767,74.03,0
4371,1.1185,19.26,6.771,84.11,0
4372,1.0364,23.84,7.564,65.04,0
4373,1.2204,24.39,7.405,66.04,0
4374,1.3492,21.7,6.462,78.43,0
4375,1.2969,21.57,7.224,69.74,0
4376,0.8443,18.64,6.586,84.41,0
4377,1.5064,23.49,6.971,68.87,0
4378,1.2445,19.94,6.274,78.99,0
4379,1.0839,20.91,7.737,79.08,0
4380,1.2242,18.79,7.205,73.87,0
4381,1.2273,18.26,6.816,76.12,0
4382,1.1011,21.93,6.802,70.4,0
4383,1.2312,19.48,6.037,77.16,0
4384,1.1108,21.1,7.273,68.64,0
4385,1.1417,18.51,6.685,76.11,0
4386,1.0999,16.1,6.026,85.33,0
4387,0.9885,16.43,6.783,70.05,0
4388,1.2259,17.61,6.795,74.54,0
4389,1.2924,15.95,6.215,83.58,0
4390,1.2825,14.79,5.982,63.38,0
4391,1.329,19.2,6.651,92.32,0
4392,1.2555,15.51,6.389,88.06,0
4393,1.1277,16.68,5.961,66.69,0
4394,1.3345,16.79,6.455,62.09,0
4395,1.0058,14.82,5.666,80.24,0
4396,1.0753,18.7,7.262,68.82,0
4397,1.0668,13.37,5.992,87.69,0
4398,1.3745,15.92,5.898,82.6,0
4399,1.355,15.69,6.137,80.57,0
4400,1.2878,14.89,5.694,75.44,0
4401,1.3767,12.61,6.466,92.8,0
4402,1.0852,17.14,7.235,84.74,0
4403,1.2707,17.09,6.634,83.57,0
4404,1.2009,14.45,6.781,89.6,0
4405,1.3481,17.41,6.425,70.4,0
4406,1.2052,16.95,6.65,89.11,0
4407,1.1662,13.84,6.458,77.88,0
4408,1.3066,14.89,5.982,82.68,0
4409,1.3584,19.08,6.64,76.3,0
4410,1.1283,17.62,6.846,63.41,0
4411,1.221,16.07,6.456,87.02,0
4412,1.0731,15.68,5.842,64.99,0
4413,0.8588,16.57,5.652,71.33,0
4414,1.2654,16.91,6.219,75.23,0
4415,1.3284,16.31,5.628,63.59,0
4416,1.2783,14.72,5.63,71.2,0
4417,0.9484,20.68,6.557,78.55,0
4418,1.1901,20.54,6.628,73.9,0
4419,0.9119,16.25,6.576,77.13,0
4420,1.4522,19.27,7.155,70.12,0
4421,1.0858,17.4,6.585,78.93,0
4422,1.4391,18.88,6.869,75.07,0
4423,1.3948,18.91,6.887,64.53,0
4424,1.12,18.94,5.96,76.03,0
4425,1.0874,24.01,7.355,64.66,0
4426,1.3121,19.32,6.135,84.59,0
4427,1.1352,18.78,6.793,74.6,0
4428,1.2795,19.07,6.044,97.73,0
4429,1.194,22.89,7.114,83.0,0
4430,1.0017,17.7,6.649,77.34,0
4431,0.9367,19.67,6.341,81.83,0
4432,1.3077,24.29,7.863,57.71,0
4433,1.192,22.09,7.288,83.45,0
4434,1.1958,22.18,7.242,69.13,0
4435,1.3857,26.26,8.012,73.96,0
4436,1.4599,22.69,7.02,69.56,0
4437,1.2457,20.98,6.96,71.44,0
4438,1.2381,22.04,7.059,74.33,0
4439,1.3669,20.53,6.824,77.3,0
4440,1.0911,25.51,7.341,73.48,0
4441,1.3309,24.35,7.011,74.37,0
4442,1.383,25.65,7.471,60.61,0
4443,1.4051,26.03,7.509,92.04,0
4444,1.0154,22.97,6.94,77.07,0
4445,1.1946,22.11,7.473,79.23,0
4446,1.18,24.1,6.99,71.82,0
4447,1.3296,22.65,7.082,68.41,0
4448,1.3897,24.93,8.084,75.25,0
4449,1.5451,27.06,8.248,75.08,0
4450,1.2494,24.66,8.076,84.62,0
4451,1.2521,25.5,7.365,90.32,0
4452,1.5023,25.21,7.9,85.69,0
4453,1.3774,27.21,7.484,58.54,0
4454,1.5262,24.46,7.315,70.64,0
4455,1.3826,21.61,6.921,78.72,0
4456,1.1689,27.14,7.616,69.51,0
4457,1.1457,28.38,7.872,71.62,0
4458,1.1162,27.49,7.695,55.34,0
4459,1.4515,25.52,7.253,81.0,0
4460,1.5338,24.73,7.868,59.16,1
4461,1.6362,28.19,7.908,59.51,0
4462,1.4886,27.68,7.986,64.27,0
4463,1.5399,27.35,7.92,71.81,0
4464,1.2819,31.44,8.489,57.15,1
4465,1.1988,26.11,7.704,64.85,0
4466,1.5032,31.75,8.398,79.14,0
4467,1.4418,28.46,8.783,71.02,0
4468,1.3987,24.93,7.845,77.51,0
4469,1.4442,28.44,8.024,62.05,0
4470,1.438,30.92,8.224,70.02,0
4471,1.5856,28.47,7.974,70.83,0
4472,1.5909,26.45,7.899,66.77,0
4473,1.4818,29.27,8.963,71.03,0
4474,1.5306,28.09,7.54,57.01,0
4475,1.4844,30.98,8.7,73.92,0
4476,1.3417,31.75,9.081,66.76,0
4477,1.528,28.29,7.545,69.97,0
4478,1.2089,29.19,8.058,78.3,0
4479,1.5798,32.31,8.25,73.07,0
4480,1.2462,29.28,8.33,68.88,1
4481,1.4719,29.04,7.972,62.65,0
4482,1.3059,29.04,8.056,82.2,0
4483,1.5194,32.3,8.444,58.9,0
4484,1.435,32.42,8.947,74.58,0
4485,1.2046,30.63,8.441,57.84,0
4486,1.5106,32.21,8.678,77.02,0
4487,1.3645,35.45,9.134,75.81,0
4488,1.5871,30.65,8.605,55.31,0
4489,1.4589,28.9,7.985,75.26,0
4490,1.5217,33.91,9.811,71.59,0
4491,1.3225,32.98,8.307,74.84,0
4492,1.3815,31.98,8.048,72.73,0
4493,1.4048,34.9,8.471,60.36,0
4494,1.6059,35.48,8.507,65.98,1
4495,1.7328,29.58,8.497,84.57,0
4496,1.3642,32.89,8.931,60.4,0
4497,1.6502,39.04,10.226,68.16,0
4498,1.167,35.77,8.77,76.75,0
4499,1.3171,36.15,9.52,59.38,0
4500,1.3562,37.35,9.375,55.26,0
4501,1.3009,35.23,9.104,57.73,0
4502,1.27,36.99,9.583,69.96,0
4503,1.5733,37.04,9.044,56.58,0
4504,1.483,36.88,11.097,65.79,0
4505,1.5757,35.36,9.757,78.76,1
4506,1.6262,36.54,9.04,66.66,0
4507,1.5662,35.22,8.68,61.64,0
4508,1.6288,36.63,9.209,68.03,0
4509,1.5234,34.46,8.995,67.77,0
4510,1.3596,35.42,9.594,71.37,0
4511,1.7,36.64,8.872,79.97,0
4512,1.4567,35.51,9.198,70.87,1
4513,1.4085,36.59,8.781,83.32,0
4514,1.5258,37.47,9.562,70.16,0
4515,1.4193,38.8,9.529,59.58,0
4516,1.4973,40.1,10.935,83.25,0
4517,1.6152,37.47,8.91,65.52,0
4518,1.6195,41.27,10.671,55.8,0
4519,1.4363,40.68,9.357,83.18,0
4520,1.5015,40.01,9.339,59.13,0
4521,1.7394,39.51,9.187,59.12,0
4522,1.6563,40.04,9.861,60.57,0
4523,1.8968,41.97,9.671,65.13,0
4524,1.7661,42.25,9.67,71.1,1
4525,1.7643,42.67,10.235,42.21,0
4526,1.3881,40.28,9.99,72.24,0
4527,1.7144,41.51,9.993,59.66,0
4528,1.5954,43.29,10.18,59.72,0
4529,1.5243,39.55,10.761,78.99,0
4530,1.6356,40.36,9.865,66.49,1
4531,1.7557,41.23,10.315,67.84,1
4532,1.6925,43.2,10.289,62.69,1
4533,1.4891,43.43,9.909,69.05,0
4534,1.7357,41.34,10.197,77.14,0
4535,1.5321,38.98,9.367,45.81,0
4536,1.6636,42.69,10.118,72.06,0
4537,1.589,40.56,9.964,77.04,0
4538,1.605,39.62,9.153,69.24,0
4539,1.7561,40.27,9.316,59.42,0
4540,1.4885,43.65,10.737,53.59,1
4541,1.9396,45.92,10.405,80.34,1
4542,1.3779,43.48,10.053,55.67,1
4543,1.5647,44.02,10.422,74.73,1
4544,1.7131,46.17,10.532,64.42,0
4545,1.7484,40.91,10.068,80.82,0
4546,1.6488,45.24,10.516,59.31,0
4547,1.6585,44.38,10.489,49.51,1
4548,1.7318,45.73,10.365,61.58,0
4549,1.6386,43.83,10.405,50.81,1
4550,1.8853,43.36,10.81,84.4,0
4551,1.8053,45.48,10.369,66.75,0
4552,1.8133,48.7,11.497,66.01,0
4553,1.5404,47.32,10.828,66.84,0
4554,1.6764,44.78,10.809,56.58,1
4555,1.6462,43.32,10.301,61.95,0
4556,1.5433,42.84,10.162,64.18,0
4557,1.751,49.03,11.255,75.13,0
4558,1.6192,44.69,11.078,52.93,1
4559,1.8009,46.15,10.771,55.48,1
4560,1.5448,49.64,11.407,56.31,1
4561,1.966,43.97,10.209,57.23,1
4562,1.5763,50.38,12.182,47.1,1
4563,1.7464,47.09,11.106,39.11,1
4564,1.8349,45.5,10.607,47.08,1
4565,1.6331,47.51,10.828,69.29,0
4566,1.8491,46.75,11.242,60.88,0
4567,1.5394,49.28,10.927,66.12,1
4568,1.9441,47.3,10.336,55.96,1
4569,1.7309,44.98,10.526,61.23,1
4570,1.6417,48.56,11.643,72.77,0
4571,1.6887,46.49,11.613,73.53,0
4572,1.8572,49.81,11.179,66.65,1
4573,1.6505,47.23,10.851,62.28,1
4574,1.6281,48.82,11.305,63.85,1
4575,1.7095,50.37,11.204,61.75,1
4576,1.5684,49.78,11.446,57.8,1
4577,2.0201,50.9,11.352,55.22,1
4578,1.6642,51.96,12.043,66.8,0
4579,1.876,48.48,11.358,49.54,1
4580,1.7847,50.87,11.763,70.38,0
4581,1.6076,44.54,10.352,60.07,1
4582,1.7564,51.89,12.695,47.35,0
4583,1.8768,51.0,11.613,54.04,0
4584,1.7328,49.83,11.329,52.1,0
4585,1.9419,52.63,11.382,52.82,0
4586,1.9179,54.55,11.894,51.52,1
4587,1.9043,51.45,11.514,53.06,0
4588,1.6992,50.71,11.086,56.11,0
4589,1.6078,53.13,11.609,56.6,1
4590,1.6794,50.33,11.235,64.91,1
4591,1.8025,51.88,11.555,55.91,1
4592,1.8564,55.84,11.621,58.1,0
4593,1.4503,53.72,11.756,56.83,1
4594,1.7763,50.04,11.116,63.3,1
4595,1.8026,50.41,11.303,59.13,1
4596,1.7387,54.52,12.442,51.11,1
4597,1.9753,56.12,13.441,47.98,1
4598,1.8462,51.36,11.766,59.86,1
4599,1.9807,55.7,11.715,65.77,0
4600,1.7529,57.66,12.27,52.57,0
4601,1.9271,58.98,12.866,48.01,1
4602,2.0328,56.06,12.373,53.31,1
4603,1.9854,56.61,12.726,50.54,1
4604,1.6258,51.53,11.442,52.74,1
4605,1.7525,60.2,12.645,41.33,1
4606,1.7397,55.05,13.023,54.02,1
4607,1.8657,54.53,11.954,58.17,0
4608,1.8961,56.09,11.829,46.69,1
4609,1.6681,59.82,13.528,46.08,1
4610,1.8049,61.42,12.512,44.57,1
4611,1.4924,57.45,11.615,43.44,1
4612,2.0123,59.4,13.02,45.72,1
4613,1.7197,57.69,12.842,52.81,0
4614,1.8055,55.72,12.289,44.83,0
4615,1.7512,60.95,12.487,51.33,1
4616,1.97,56.96,12.27,49.2,1
4617,1.3729,61.47,12.865,44.69,1
4618,1.7963,61.2,12.736,55.3,1
4619,1.7833,60.03,13.513,47.86,1
4620,1.7314,62.66,12.807,47.65,1
4621,2.0586,63.66,13.434,61.19,0
4622,1.6667,59.05,13.22,46.21,1
4623,1.9157,57.98,12.612,66.74,1
4624,1.8534,56.07,12.804,52.57,1
4625,1.9892,64.49,13.676,41.22,1
4626,1.6999,59.32,12.835,48.98,1
4627,1.69,62.67,13.309,51.95,1
4628,1.9642,59.12,12.896,63.57,1
4629,1.8634,63.88,13.189,57.06,1
4630,1.5677,59.6,12.284,53.75,1
4631,1.7183,58.82,13.037,63.79,1
4632,1.8568,60.98,13.489,37.36,1
4633,1.9241,60.54,12.937,54.67,1
4634,1.6962,62.99,13.002,53.68,1
4635,1.3605,61.9,12.571,54.44,1
4636,1.8756,63.46,13.303,38.05,1
4637,1.6135,61.82,12.606,43.77,1
4638,1.4934,61.27,12.492,50.91,1
4639,1.3705,61.63,12.987,60.94,1
4640,1.9168,67.09,13.55,64.07,1
4641,1.8132,63.65,13.446,45.49,1
4642,1.7593,59.43,12.603,42.86,1
4643,2.0007,62.56,12.918,57.99,1
4644,1.8871,63.99,12.855,71.52,1
4645,2.033,67.69,13.615,57.24,1
4646,1.5807,66.26,13.41,43.26,1
4647,1.7834,62.56,12.746,74.36,1
4648,1.545,69.44,14.042,52.83,1
4649,1.7521,64.74,13.093,43.83,1
4650,1.748,67.49,13.811,63.98,1
4651,1.8781,62.89,13.284,44.31,1
4652,1.7897,60.6,12.559,47.67,1
4653,1.8751,62.78,13.353,57.14,1
4654,1.8858,59.3,12.225,53.22,1
4655,2.1022,70.22,13.925,47.16,1
4656,1.7302,66.63,13.7,49.33,1
4657,1.6349,64.55,13.749,59.19,1
4658,1.8115,67.51,14.291,29.9,1
4659,1.6527,67.18,14.733,50.97,1
4660,1.9937,68.24,13.846,45.73,1
4661,1.7273,69.62,14.143,41.21,1
4662,1.6833,66.82,13.435,42.87,1
4663,1.6957,65.84,13.232,28.4,1
4664,1.8724,69.46,14.264,40.94,1
4665,1.7392,69.6,13.924,57.56,1
4666,1.6648,68.4,14.647,54.62,1
4667,2.009,72.76,14.22,43.82,1
4668,1.6288,67.72,14.123,37.08,1
4669,1.7606,67.0,13.469,55.37,1
4670,1.8511,69.84,13.946,57.58,1
4671,1.5066,67.85,14.168,56.56,1
4672,1.8212,70.39,14.072,39.02,1
4673,1.5888,67.93,13.754,41.32,1
4674,1.8683,69.0,13.823,60.85,0
4675,1.5983,73.78,15.859,35.06,1
4676,1.8444,69.39,13.939,51.19,1
4677,1.9041,68.8,14.091,33.5,1
4678,1.8651,72.94,14.614,42.83,1
4679,1.7712,68.7,14.147,52.46,1
4680,1.6965,69.61,13.974,46.99,1
4681,1.6423,72.35,14.526,49.78,1
4682,1.9469,73.28,14.912,35.22,1
4683,1.6189,74.04,14.564,38.02,1
4684,1.5657,70.31,14.842,50.67,1
4685,1.8185,73.19,15.336,50.66,1
4686,1.5967,71.27,14.715,48.0,1
4687,1.571,71.19,14.457,53.86,1
4688,1.4943,75.01,14.303,30.74,1
4689,1.6357,71.7,14.69,42.25,1
4690,1.693,73.56,14.639,59.45,1
4691,1.7391,73.51,14.683,55.16,1
4692,1.8425,71.26,13.907,51.31,1
4693,1.776,75.53,15.298,42.44,1
4694,1.6655,74.92,14.548,52.33,1
4695,1.6615,70.03,14.303,50.42,1
4696,1.7648,74.75,15.399,32.01,1
4697,1.8762,72.85,14.507,53.25,1
4698,1.7013,76.79,15.896,36.0,1
4699,1.609,71.91,14.278,51.93,1
4700,1.5274,74.29,15.165,31.5,1
4701,1.4565,75.92,14.732,56.24,1
4702,1.7701,75.51,15.587,41.5,1
4703,1.7538,77.13,15.739,33.85,1
4704,1.7505,72.76,14.871,39.83,1
4705,1.6414,79.3,15.5,38.72,1
4706,1.8686,77.25,14.908,42.6,1
4707,1.5817,79.12,15.473,52.07,0
4708,1.7944,78.35,16.061,42.55,1
4709,1.642,76.78,15.32,25.57,1
4710,1.5533,74.43,14.452,34.5,1
4711,1.7301,76.07,14.799,65.42,1
4712,1.6993,80.58,16.488,41.74,1
4713,1.6881,80.37,16.021,48.38,1
4714,1.6433,76.56,14.845,40.6,1
4715,1.622,72.36,14.098,37.55,1
4716,1.9826,77.77,15.195,38.48,1
4717,1.7985,77.82,14.901,43.33,1
4718,1.7258,78.1,15.405,38.46,1
4719,1.6307,79.86,17.395,56.43,1
4720,1.7615,80.75,15.391,35.62,1
4721,1.6846,81.18,15.855,31.85,1
4722,1.6073,80.29,16.484,47.3,1
4723,1.5543,76.0,15.499,50.86,1
4724,1.5841,79.12,15.56,41.77,1
4725,1.1171,84.61,16.384,33.42,1
4726,1.6207,80.95,15.522,25.23,1
4727,1.5122,81.14,15.819,50.08,1
4728,1.8208,81.32,16.05,47.16,1
4729,1.5812,81.63,16.551,36.5,1
4730,1.3963,76.23,14.965,43.74,1
4731,1.5635,80.72,15.785,38.75,1
4732,1.4104,81.32,15.633,53.24,1
4733,1.6346,84.16,16.469,30.2,1
4734,1.6036,81.9,16.403,34.9,1
4735,1.6999,78.71,15.842,36.04,1
4736,1.4339,83.06,15.835,41.65,1
4737,1.5539,80.79,15.929,40.97,1
4738,1.3403,80.17,15.538,42.5,1
4739,1.6466,81.13,16.418,33.28,1
4740,1.6154,84.09,16.3,50.43,1
4741,1.6082,85.72,16.152,33.94,1
4742,1.5304,84.37,16.321,47.88,1
4743,1.5886,84.86,16.681,63.19,1
4744,1.7632,84.75,16.564,31.17,1
4745,1.4761,84.2,16.195,41.22,1
4746,1.5359,85.59,16.38,36.59,1
4747,1.3484,79.56,15.358,57.51,1
4748,1.3773,84.82,16.327,35.86,1
4749,1.5184,82.71,15.867,41.36,1
4750,1.6656,87.33,17.323,38.42,1
4751,1.4578,84.91,16.183,37.25,1
4752,1.4571,85.46,16.619,43.77,1
4753,1.4277,82.59,16.16,40.19,1
4754,1.4047,87.83,17.385,40.15,1
4755,1.5254,87.25,17.384,38.36,1
4756,1.2528,87.31,17.168,31.78,1
4757,1.6658,84.77,16.618,35.98,1
4758,1.3701,85.05,16.165,42.41,1
4759,1.5744,87.25,16.489,41.06,1
4760,1.2719,85.61,16.305,47.59,1
4761,1.559,88.07,17.311,51.03,1
4762,1.5557,83.08,16.241,34.98,1
4763,1.5088,86.62,17.159,38.1,1
4764,1.2983,91.39,17.953,32.62,1
4765,1.4812,88.88,16.83,26.81,1
4766,1.2626,88.53,17.043,40.4,1
4767,1.3985,92.37,17.6,39.8,1
4768,1.5871,83.93,16.216,30.03,1
4769,1.5486,87.17,16.633,33.7,1
4770,1.4277,88.2,17.586,32.3,1
4771,1.2755,90.92,17.409,22.38,1
4772,1.515,91.15,17.428,34.02,1
4773,1.4174,87.87,16.656,27.12,1
4774,1.0628,91.8,17.829,35.19,1
4775,1.5247,89.19,16.798,37.64,1
4776,1.4001,92.62,17.843,36.57,1
4777,1.5805,88.33,17.213,39.53,1
4778,1.2323,90.35,17.151,47.04,1
4779,0.9166,89.82,17.358,28.64,1
4780,1.4314,93.11,17.794,27.06,1
4781,1.4298,90.15,17.258,40.15,1
4782,1.129,91.32,17.452,33.16,1
4783,1.2324,92.61,17.667,42.43,1
4784,1.789,92.89,17.737,37.76,1
4785,1.3264,93.77,17.84,48.08,1
4786,1.4785,92.62,17.286,32.7,1
4787,1.2679,91.56,17.425,22.21,1
4788,1.0486,91.9,17.647,36.58,1
4789,1.3333,92.85,17.717,32.72,1
4790,1.3156,93.5,18.239,37.18,1
4791,1.2922,92.91,17.967,38.56,1
4792,1.3317,93.44,17.472,28.66,1
4793,1.3853,90.57,17.27,26.59,1
4794,1.3199,95.13,17.903,30.75,1
4795,1.1497,94.36,17.903,13.33,1
4796,1.409,96.2,18.179,31.92,1
4797,1.0405,94.4,18.187,29.1,1
4798,1.0223,91.12,17.492,41.22,1
4799,1.4376,94.08,18.498,16.66,1
4800,1.3997,94.6,18.041,32.29,1
4801,1.312,96.29,17.91,43.84,1
4802,1.1083,90.46,17.148,40.13,1
4803,1.2085,94.48,18.196,40.16,1
4804,1.2723,95.23,17.558,34.58,1
4805,1.0694,92.68,17.235,20.1,1
4806,1.195,93.95,17.847,33.96,1
4807,1.4009,92.35,18.065,36.86,1
4808,1.5143,91.94,18.228,25.21,1
4809,1.2345,92.38,17.524,32.56,1
4810,1.4081,91.58,18.015,10.84,1
4811,1.0048,94.17,17.904,29.83,1
4812,1.3881,91.13,16.961,30.83,1
4813,1.1659,90.59,17.336,45.86,1
4814,1.33,95.74,17.891,26.73,1
4815,1.2441,93.92,18.282,30.52,1
4816,1.4768,88.08,16.951,35.52,1
4817,1.1451,90.07,16.86,30.24,1
4818,1.3679,91.88,17.082,39.63,1
4819,1.2293,91.85,17.519,17.95,1
4820,1.2451,88.02,16.333,45.28,1
4821,1.2389,93.12,17.53,33.03,1
4822,1.1373,92.25,17.684,44.06,1
4823,1.2597,91.36,17.11,12.2,1
4824,1.2501,92.91,18.175,13.76,1
4825,1.2935,90.9,17.996,32.12,1
4826,1.2678,90.7,17.02,38.63,1
4827,1.3726,92.72,17.545,28.93,1
4828,1.3893,91.6,17.979,38.71,1
4829,1.0911,87.52,16.877,44.34,1
4830,1.377,90.27,16.862,40.17,1
4831,1.0668,87.47,16.815,37.34,1
4832,1.3309,89.61,16.902,36.0,1
4833,1.3338,89.35,17.711,30.47,1
4834,0.9522,85.43,16.839,37.3,1
4835,1.2511,87.76,16.795,28.15,1
4836,1.165,88.33,17.058,29.72,1
4837,1.1197,86.73,16.352,41.08,1
4838,1.4345,88.03,16.694,32.48,1
4839,1.1321,88.81,17.933,29.81,1
4840,1.1076,86.94,16.812,40.43,1
4841,1.2383,87.25,17.288,39.69,1
4842,1.3283,89.37,17.252,33.66,1
4843,1.2027,87.35,17.544,35.4,1
4844,1.3974,86.6,16.19,40.37,1
4845,1.3007,84.08,16.29,46.3,1
4846,0.893,87.14,17.752,38.32,1
4847,1.139,86.26,17.155,27.71,1
4848,1.1328,87.97,17.644,34.45,1
4849,1.2878,85.29,16.541,34.57,1
4850,0.821,81.37,15.762,31.76,1
4851,1.5959,81.4,15.623,44.14,1
4852,1.2921,86.07,16.306,41.96,1
4853,1.2337,83.26,16.62,44.85,1
4854,1.3876,85.07,16.739,30.03,1
4855,1.561,84.23,16.358,39.72,1
4856,1.3391,83.47,16.495,38.87,1
4857,1.35,83.41,16.32,41.41,1
4858,1.2264,81.67,16.47,41.04,1
4859,1.1848,83.17,16.689,39.0,1
4860,1.1339,81.83,15.678,38.84,1
4861,1.0807,82.06,16.174,48.62,1
4862,1.1009,81.95,15.556,32.93,1
4863,1.0008,81.95,16.097,38.45,1
4864,1.1915,84.04,16.63,47.22,1
4865,0.9497,81.74,15.602,33.47,1
4866,1.2306,83.85,16.174,32.61,1
4867,1.1961,84.68,16.455,44.07,1
4868,1.2232,83.11,16.315,27.74,1
4869,1.1225,82.27,15.985,44.92,1
4870,1.6621,81.65,15.624,36.09,1
4871,1.4044,82.53,16.108,42.76,1
4872,1.0135,80.78,15.383,30.77,1
4873,1.235,82.37,16.017,49.06,1
4874,1.1088,81.43,15.802,30.41,1
4875,1.0478,79.28,15.59,47.23,1
4876,0.999,81.59,15.788,30.64,1
4877,1.2649,79.78,15.265,55.6,1
4878,1.098,79.19,15.492,40.92,1
4879,1.3456,78.25,15.938,57.66,1
4880,1.3497,79.33,16.306,34.85,1
4881,1.4069,80.79,17.522,36.98,1
4882,1.0733,80.38,16.774,50.46,1
4883,1.2728,79.11,15.236,30.13,1
4884,1.2968,79.4,15.509,35.77,1
4885,1.1312,80.54,15.822,44.63,1
4886,1.0871,77.5,15.341,34.35,1
4887,1.4448,75.37,15.084,47.95,1
4888,1.2381,80.0,17.37,42.36,1
4889,1.3,76.14,14.82,31.21,1
4890,1.082,75.62,14.845,51.37,1
4891,1.0232,73.21,15.661,34.98,1
4892,1.1214,77.74,15.193,48.52,1
4893,1.189,73.16,14.894,46.13,0
4894,1.0489,74.7,15.468,40.54,1
4895,1.2079,77.18,15.541,33.85,1
4896,0.9571,77.24,15.416,45.29,0
4897,1.0434,74.3,15.35,37.44,1
4898,1.3131,75.13,14.719,53.58,1
4899,1.3041,73.45,14.588,54.88,1
4900,1.1559,73.9,15.074,57.79,0
4901,1.0632,75.33,14.487,46.05,1
4902,1.063,73.6,15.552,41.61,1
4903,1.1624,73.91,14.966,42.28,1
4904,1.3164,71.27,14.504,43.28,1
4905,1.3603,76.27,14.711,45.22,1
4906,1.148,74.82,14.571,47.6,1
4907,1.0509,75.19,14.88,53.74,1
4908,1.2656,75.98,15.528,43.57,1
4909,1.1034,71.55,13.918,34.84,1
4910,1.1508,72.28,14.963,42.37,1
4911,1.429,69.01,13.967,60.04,1
4912,1.3559,78.88,15.497,29.22,1
4913,1.2573,72.1,14.672,51.65,1
4914,1.0445,74.28,15.005,41.31,1
4915,1.2688,69.52,13.931,40.22,1
4916,1.3983,73.79,15.103,47.89,1
4917,1.1845,75.32,14.443,56.3,0
4918,1.4454,71.28,14.277,48.96,1
4919,1.4386,69.18,14.19,45.39,1
4920,1.4963,70.72,14.229,36.2,1
4921,1.2945,66.35,13.184,48.4,1
4922,1.3389,70.52,14.683,36.03,1
4923,1.4651,72.04,14.163,43.3,1
4924,1.3222,70.13,14.243,46.42,0
4925,1.1821,69.43,14.228,28.46,1
4926,1.1922,70.86,14.386,57.59,1
4927,1.2976,70.81,14.967,36.61,1
4928,1.0705,66.08,13.641,47.86,0
4929,1.245,69.38,14.343,51.64,0
4930,1.4333,73.87,14.809,55.15,1
4931,0.9426,66.13,13.947,42.98,1
4932,1.5039,68.43,14.76,27.87,1
4933,1.4446,72.28,14.649,54.26,1
4934,1.2098,70.41,14.678,36.76,1
4935,1.3628,66.97,14.586,51.69,1
4936,1.2844,68.21,14.703,51.45,1
4937,1.471,67.6,13.747,22.43,1
4938,1.4366,65.9,14.149,36.54,1
4939,1.0819,67.05,13.912,45.08,1
4940,1.3827,66.44,14.279,28.46,1
4941,1.2666,67.03,14.059,38.08,0
4942,1.3126,65.1,13.632,50.92,0
4943,1.1938,63.85,13.517,49.98,1
4944,1.5681,66.12,13.775,51.75,1
4945,1.4648,69.43,14.289,50.94,1
4946,1.2007,65.96,13.583,35.97,1
4947,1.1145,64.94,13.395,39.76,0
4948,1.2598,66.91,14.811,54.95,1
4949,1.3858,64.88,13.693,62.26,0
4950,1.3597,68.74,13.855,40.02,1
4951,1.5147,64.79,13.364,52.2,1
4952,1.4483,66.0,14.176,55.86,1
4953,1.4784,62.89,12.929,53.17,1
4954,1.3851,65.21,13.084,47.89,1
4955,1.1309,64.55,13.002,45.14,1
4956,1.3131,63.69,12.804,66.67,1
4957,1.5047,62.6,12.734,52.21,1
4958,1.3412,62.12,12.692,54.84,1
4959,1.4276,63.76,14.055,53.34,0
4960,1.3077,64.26,13.37,43.95,1
4961,1.2043,62.55,12.997,51.88,0
4962,1.3436,63.17,12.788,48.52,0
4963,1.4118,62.32,13.043,48.88,1
4964,1.2705,62.4,12.609,54.1,0
4965,1.3369,61.6,12.852,44.72,1
4966,1.2348,61.84,14.309,42.26,0
4967,1.547,67.0,14.104,52.82,0
4968,1.3384,62.02,12.973,47.53,1
4969,1.604,62.49,13.446,48.75,1
4970,1.6189,61.88,12.843,36.44,0
4971,1.3809,60.27,12.517,60.54,0
4972,1.2453,63.19,14.205,55.28,1
4973,1.0873,59.82,12.356,58.77,1
4974,1.1829,62.31,12.964,54.71,1
4975,1.2012,59.33,12.78,41.27,1
4976,1.6177,57.88,12.12,56.1,1
4977,1.4319,60.33,13.097,47.93,1
4978,1.4766,57.19,12.213,46.98,1
4979,1.0887,60.27,13.095,56.84,1
4980,1.2457,56.61,12.506,68.3,0
4981,1.5621,58.16,12.382,66.05,0
4982,1.4757,55.74,13.093,60.54,1
4983,1.4143,64.05,13.124,50.33,1
4984,1.5248,54.89,12.699,54.34,1
4985,1.6892,58.02,13.053,46.95,1
4986,1.4143,60.09,13.794,50.79,1
4987,1.4616,59.67,12.773,60.46,0
4988,1.4838,59.1,12.345,68.12,0
4989,1.8175,56.57,13.53,48.53,0
4990,1.1475,59.7,12.58,37.22,1
4991,1.5686,58.63,12.266,49.58,1
4992,1.4527,57.02,12.231,62.02,0
4993,1.5587,56.88,11.957,71.45,0
4994,1.3788,55.59,12.323,66.13,0
4995,1.4738,54.18,11.662,66.77,1
4996,1.5916,58.27,12.383,47.24,1
4997,1.9556,58.22,12.956,47.49,1
4998,1.6137,53.63,12.078,46.23,1
4999,1.369,54.89,11.99,50.74,0
5000,1.4364,54.71,12.028,63.48,0
5001,1.4358,54.73,11.965,69.16,0
5002,1.2382,54.73,11.801,58.93,0
5003,1.4618,56.29,12.193,53.18,1
5004,1.625,52.71,11.873,48.84,0
5005,1.3277,52.31,11.547,56.72,1
5006,1.6799,56.27,12.374,56.86,0
5007,1.5995,52.67,11.367,45.69,1
5008,1.42,50.87,11.166,65.85,0
5009,1.5126,52.23,11.33,54.27,1
5010,1.7773,52.34,11.399,64.49,1
5011,1.6514,55.91,12.81,55.37,0
5012,1.5464,54.45,12.254,58.71,0
5013,1.5131,54.7,11.604,50.57,1
5014,1.564,53.84,12.017,53.94,0
5015,1.4794,53.89,11.689,61.8,0
5016,1.2442,50.42,11.075,57.69,0
5017,1.8699,51.2,10.982,49.44,0
5018,1.5906,49.42,11.638,60.24,0
5019,1.6307,50.78,10.946,61.62,0
5020,1.5659,52.37,11.585,68.56,0
5021,1.468,51.07,11.095,67.58,1
5022,1.554,53.22,12.097,56.55,0
5023,1.3456,48.12,10.842,55.75,0
5024,1.9307,51.2,11.378,56.45,1
5025,1.4075,47.5,10.836,56.31,1
5026,1.4415,49.99,11.377,63.06,1
5027,1.5338,51.08,11.417,66.68,0
5028,1.7966,48.97,11.078,69.54,1
5029,1.6091,50.3,11.108,55.52,1
5030,1.425,47.08,10.345,56.66,1
5031,1.8021,45.47,10.21,58.35,1
5032,1.7271,49.71,11.54,43.72,1
5033,1.7016,51.89,11.418,48.24,1
5034,1.7317,46.21,10.448,61.0,0
5035,1.9869,50.44,10.887,61.77,0
5036,1.9589,47.89,10.436,64.2,0
5037,1.5315,44.93,10.244,55.8,0
5038,1.8815,45.14,10.947,57.99,0
5039,1.6987,47.23,10.635,58.51,0
5040,1.7194,46.19,10.852,58.24,0
5041,1.394,44.17,10.162,68.0,1
5042,1.6255,43.21,10.523,52.61,0
5043,1.5324,44.71,10.325,52.98,1
5044,1.7818,46.59,10.349,58.66,0
5045,1.8214,45.99,10.546,50.48,1
5046,1.3527,44.8,11.552,46.92,0
5047,1.6638,46.0,11.697,49.45,0
5048,1.8385,47.48,11.087,58.57,1
5049,1.6453,45.99,10.595,66.45,1
5050,1.7857,44.76,10.593,67.36,1
5051,1.732,46.66,10.884,73.71,1
5052,1.7336,42.68,10.136,64.21,0
5053,1.6447,43.95,10.535,64.52,0
5054,1.5058,43.8,10.407,60.72,1
5055,1.523,41.53,9.86,62.47,1
5056,1.8005,42.96,9.814,79.87,0
5057,1.6999,39.45,9.499,67.42,1
5058,1.679,47.22,11.211,63.45,0
5059,1.639,41.33,9.936,55.04,0
5060,1.6596,46.17,10.803,64.58,0
5061,1.8651,42.88,10.074,68.54,1
5062,1.6605,43.73,9.964,71.64,0
5063,1.5123,41.42,9.872,69.19,0
5064,1.8276,42.62,9.807,62.42,0
5065,1.688,43.3,9.893,61.66,0
5066,1.726,43.13,10.839,62.55,1
5067,1.9649,43.15,10.068,63.97,1
5068,1.7232,40.66,9.593,74.74,0
5069,1.7721,40.24,10.696,73.44,0
5070,1.5543,37.81,9.807,72.34,1
5071,1.7006,41.85,9.889,80.13,0
5072,1.8273,42.76,10.351,42.09,0
5073,1.5049,43.63,10.205,59.14,1
5074,1.7706,40.81,9.63,64.42,1
5075,1.7578,38.47,9.729,60.54,0
5076,1.7511,36.41,9.089,59.72,0
5077,1.9026,41.68,10.033,50.25,1
5078,1.7993,35.81,9.626,65.02,1
5079,1.973,38.52,9.968,73.04,0
5080,1.6043,38.55,9.335,72.06,0
5081,1.7757,38.66,9.764,59.79,1
5082,1.7699,38.67,9.188,67.56,1
5083,1.5988,38.68,9.749,76.66,0
5084,1.9045,33.37,8.817,56.82,0
5085,2.1116,38.03,9.618,64.91,1
5086,1.7621,33.34,8.639,71.29,0
5087,1.8422,39.06,10.911,65.64,0
5088,1.7808,36.29,8.891,74.03,1
5089,1.6628,32.89,9.158,57.29,0
5090,1.4983,35.37,8.718,59.73,1
5091,1.6672,35.66,9.323,73.06,0
5092,1.5658,38.98,9.856,51.99,1
5093,2.0317,36.79,9.291,73.42,0
5094,1.7603,36.89,9.104,70.47,0
5095,1.727,38.36,9.562,71.92,0
5096,1.9137,35.61,9.204,63.88,1
5097,1.6134,37.11,10.362,70.81,0
5098,1.6679,36.77,8.971,57.56,1
5099,1.7943,32.63,8.445,66.11,0
5100,1.9396,37.95,9.563,66.52,1
5101,1.8617,31.96,8.447,62.63,0
5102,1.8248,36.43,9.176,68.88,1
5103,1.8003,31.37,8.989,61.03,0
5104,1.8496,35.4,8.384,69.91,1
5105,1.8208,37.72,9.196,80.3,0
5106,1.637,33.37,8.254,58.92,0
5107,1.7993,33.09,8.333,68.97,0
5108,1.6321,34.62,10.56,55.28,0
5109,1.8061,32.54,8.901,62.81,0
5110,1.7226,36.64,9.709,72.63,0
5111,2.1763,33.18,8.696,65.64,0
5112,1.79,31.96,8.899,75.76,0
5113,1.586,31.32,7.941,73.06,0
5114,1.777,30.33,8.815,70.28,0
5115,1.8755,30.74,8.082,62.32,0
5116,2.0491,31.1,8.223,75.82,0
5117,1.7101,30.62,8.568,73.06,0
5118,1.5615,30.08,8.397,58.73,0
5119,1.9217,35.4,9.094,60.05,0
5120,1.5923,28.94,7.671,49.48,0
5121,1.7342,31.09,8.455,59.42,0
5122,1.7611,31.79,8.986,67.42,0
5123,1.7895,31.66,8.307,61.56,0
5124,1.9034,30.08,8.955,64.3,0
5125,1.6975,29.52,7.883,82.41,0
5126,1.7589,30.7,8.358,78.81,0
5127,1.7978,30.13,9.118,65.36,0
5128,1.8222,28.88,7.844,78.02,0
5129,1.8143,26.08,8.186,83.07,0
5130,1.8648,28.06,9.163,77.11,0
5131,1.9257,26.51,7.797,75.49,0
5132,1.8577,27.27,7.65,81.43,0
5133,1.8665,28.47,7.754,78.08,0
5134,1.5607,28.92,8.773,61.94,0
5135,1.8052,31.56,9.151,68.55,0
5136,1.8691,26.73,8.544,68.55,0
5137,1.9059,29.15,8.109,80.73,0
5138,1.6922,28.01,8.466,67.55,0
5139,1.6965,29.79,8.199,65.11,0
5140,1.7086,28.15,7.675,80.32,0
5141,1.8744,24.78,8.035,76.21,0
5142,1.9483,23.15,8.145,92.0,0
5143,1.7312,27.02,7.468,65.89,0
5144,1.9277,25.14,7.181,69.76,0
5145,1.8091,24.04,7.372,83.55,0
5146,1.771,23.26,7.706,64.81,0
5147,1.7569,25.92,7.274,84.0,0
5148,1.8995,28.42,8.107,62.29,0
5149,1.8353,24.38,7.197,79.25,0
5150,2.1267,26.18,8.001,58.55,0
5151,1.6563,24.6,7.166,74.6,0
5152,1.8606,22.02,7.415,64.83,1
5153,1.7022,25.87,7.569,88.89,0
5154,1.6499,22.01,6.739,67.22,0
5155,1.7773,24.04,7.382,67.94,0
5156,1.7981,23.12,6.678,79.41,0
5157,2.2138,25.39,7.358,68.96,0
5158,1.747,21.28,7.087,81.83,0
5159,1.6035,23.98,6.84,68.92,0
5160,1.8124,21.32,6.306,69.9,1
5161,1.4586,21.78,6.409,75.71,0
5162,1.7544,15.33,6.75,70.07,0
5163,1.7688,26.58,7.707,76.22,0
5164,1.8839,23.3,7.053,82.04,0
5165,1.9089,20.47,7.279,81.14,0
5166,1.6855,19.55,6.533,82.42,0
5167,1.7366,20.61,6.955,61.24,0
5168,1.6423,22.83,7.185,71.61,0
5169,1.5861,17.42,6.191,76.73,0
5170,1.7998,20.72,6.982,88.21,0
5171,1.5602,24.34,7.764,69.74,0
5172,1.687,18.33,6.429,59.59,0
5173,1.5978,20.56,6.666,68.63,1
5174,1.8274,24.61,7.313,68.95,0
5175,2.0129,21.26,6.338,58.99,0
5176,1.5452,20.05,6.878,84.72,0
5177,1.4602,20.61,6.459,64.08,0
5178,1.7172,18.6,6.826,81.41,0
5179,1.7359,21.8,6.984,67.18,0
5180,1.764,18.2,6.523,90.14,0
5181,1.6618,14.88,6.306,77.79,0
5182,1.6962,17.82,6.113,74.48,0
5183,1.7789,16.47,6.379,83.35,0
5184,1.8773,17.64,6.509,70.36,0
5185,1.4254,17.48,6.301,83.12,0
5186,1.6608,20.19,6.469,73.03,0
5187,1.7455,18.99,6.867,72.85,0
5188,1.5731,17.93,6.764,77.54,0
5189,1.9678,17.19,6.376,69.97,0
5190,1.6101,14.88,5.634,78.47,0
5191,1.6964,12.44,5.425,82.72,0
5192,1.7832,16.83,6.25,60.43,0
5193,1.6083,17.99,6.765,86.94,0
5194,1.4171,15.98,5.678,85.94,0
5195,1.6269,14.93,5.788,65.16,0
5196,1.8427,16.73,6.111,62.88,0
5197,1.6348,15.43,6.032,86.48,0
5198,1.5554,18.77,6.16,83.85,0
5199,1.8182,17.67,6.316,83.39,0
5200,1.6267,16.92,6.171,67.43,0
5201,1.5967,16.72,5.918,93.6,0
5202,1.6926,12.82,5.627,73.96,0
5203,1.7827,16.93,6.094,80.76,0
5204,2.0212,16.55,6.452,81.08,0
5205,1.7848,17.21,6.034,91.42,0
5206,1.8315,17.19,6.364,79.69,1
5207,1.5784,17.31,6.07,81.94,0
5208,1.4972,22.0,6.837,75.18,1
5209,1.6572,16.65,6.373,69.44,0
5210,1.6606,18.87,6.679,59.13,0
5211,1.4794,16.26,6.035,79.51,0
5212,1.6116,18.98,6.495,66.31,0
5213,1.6944,19.48,6.231,80.11,0
5214,1.6852,18.53,7.282,79.07,0
5215,1.7034,21.34,7.267,77.19,0
5216,1.668,16.43,6.512,70.72,0
5217,1.5448,17.43,5.892,86.84,0
5218,1.5403,19.02,6.392,81.38,0
5219,1.4341,20.56,6.709,67.21,0
5220,1.8782,19.36,6.116,93.93,0
5221,1.6089,21.77,7.443,74.25,0
5222,1.5697,18.08,7.25,67.48,0
5223,1.4605,17.32,7.629,72.54,0
5224,2.0366,20.42,6.471,64.68,0
5225,1.4317,19.85,6.775,87.97,0
5226,1.5248,21.29,7.64,84.87,0
5227,1.6479,20.35,6.705,82.71,0
5228,1.6719,19.92,6.535,81.46,0
5229,1.7219,20.65,6.322,86.6,0
5230,1.8457,21.06,7.482,74.43,0
5231,1.6469,20.59,6.831,80.03,0
5232,1.4089,20.99,6.646,69.91,0
5233,1.5251,20.79,6.989,75.3,0
5234,1.6061,23.51,7.34,78.49,0
5235,1.8664,22.39,7.178,50.92,0
5236,1.3428,26.71,7.674,68.01,0
5237,1.7292,22.72,8.072,76.69,0
5238,1.5721,21.5,6.923,75.48,0
5239,1.667,28.14,8.882,68.5,0
5240,1.5223,23.83,7.577,79.42,0
5241,1.4075,25.18,7.678,68.23,0
5242,1.6427,24.58,7.393,64.47,0
5243,1.6245,24.85,7.953,83.56,0
5244,1.6684,24.87,7.527,82.42,0
5245,1.5168,21.8,6.708,71.13,0
5246,1.4251,24.94,7.17,73.49,0
5247,1.2775,21.75,7.197,82.72,0
5248,1.6304,24.25,7.083,74.8,0
5249,1.5674,23.35,7.228,79.23,0
5250,1.3551,25.71,8.134,77.38,0
5251,1.4154,25.87,7.76,70.93,0
5252,1.4224,26.36,7.453,77.31,0
5253,1.2662,26.17,8.434,65.58,0
5254,1.3623,24.59,7.683,77.4,0
5255,1.3111,25.48,8.074,73.12,0
5256,1.4155,28.04,7.36,69.29,0
5257,1.3628,28.54,8.172,61.9,0
5258,1.2258,24.31,7.797,75.47,0
5259,1.7695,23.74,8.285,75.07,0
5260,1.6503,25.55,7.139,66.96,0
5261,1.3418,29.29,8.764,58.65,0
5262,1.4958,29.83,9.155,57.95,0
5263,1.5138,25.75,7.059,71.52,0
5264,1.6262,28.41,8.223,74.4,0
5265,1.321,31.67,8.781,84.8,0
5266,1.6039,29.03,7.982,71.22,0
5267,1.3542,31.24,8.258,57.25,0
5268,1.2323,30.6,8.646,68.99,0
5269,1.5377,26.98,7.579,82.82,0
5270,1.619,28.62,7.96,66.37,1
5271,1.8099,29.27,8.524,80.39,0
5272,1.2382,29.61,9.208,72.64,0
5273,1.5193,31.43,8.705,75.32,1
5274,1.3494,30.62,8.397,85.5,0
5275,1.5248,24.13,7.183,59.83,0
5276,1.1831,27.57,7.554,79.63,0
5277,1.2107,26.03,8.212,72.63,0
5278,1.2802,30.95,8.333,62.84,0
5279,1.4049,31.28,9.027,69.43,0
5280,1.2934,31.57,8.361,83.59,0
5281,1.4849,29.28,7.914,82.11,0
5282,1.5366,32.75,8.846,53.35,0
5283,1.4691,33.03,8.675,63.02,0
5284,1.6185,29.29,7.761,78.97,0
5285,1.4346,29.07,9.179,71.39,0
5286,1.1863,32.2,8.358,69.54,0
5287,1.57,35.98,9.597,54.86,0
5288,1.2714,36.0,9.55,61.44,0
5289,1.4954,33.93,8.443,57.78,0
5290,1.5915,31.54,8.151,56.85,0
5291,1.4207,34.97,8.882,57.95,0
5292,1.1245,32.5,8.332,62.08,0
5293,1.2079,32.06,9.555,63.67,0
5294,1.5409,29.51,8.1,64.56,0
5295,1.3139,34.2,9.308,76.64,0
5296,1.348,32.94,8.919,61.98,1
5297,1.4468,34.59,9.05,79.65,0
5298,1.4343,30.0,8.266,67.13,0
5299,1.3685,35.14,9.661,71.43,0
5300,1.2924,30.14,7.99,74.69,0
5301,1.2737,37.38,10.351,59.39,0
5302,1.4463,36.44,8.814,64.51,0
5303,1.3977,35.04,9.373,63.95,0
5304,1.2731,36.93,8.859,69.82,0
5305,1.4711,34.04,8.738,67.54,0
5306,1.2865,36.34,9.24,61.21,1
5307,1.1753,37.99,9.272,67.16,0
5308,1.1864,30.41,8.242,73.47,0
5309,1.1506,35.91,8.71,82.26,0
5310,1.2538,36.95,8.967,67.37,0
5311,1.477,36.81,9.492,67.0,0
5312,1.1684,40.31,9.809,68.24,0
5313,1.3148,35.35,8.811,60.19,0
5314,1.1854,36.56,9.932,53.26,1
5315,1.2423,34.17,8.489,66.0,0
5316,1.0522,41.22,9.798,72.84,0
5317,1.2431,37.91,9.253,76.12,0
5318,1.2447,37.72,9.687,51.33,0
5319,1.3523,38.7,9.574,71.11,0
5320,1.3023,40.27,9.749,47.36,0
5321,1.0867,39.89,9.212,68.74,0
5322,1.4267,44.7,10.868,65.38,0
5323,1.2933,40.51,9.743,50.9,1
5324,1.2893,38.87,9.628,73.68,0
5325,1.2559,38.88,9.323,79.62,1
5326,1.1774,39.41,9.358,64.85,0
5327,1.2856,37.4,10.181,67.69,0
5328,1.3222,40.68,9.344,76.43,0
5329,0.9867,42.37,9.761,54.57,0
5330,1.1659,39.77,10.524,56.33,1
5331,1.2065,39.59,9.98,58.53,1
5332,1.2812,44.43,10.293,62.64,0
5333,1.4198,38.75,10.209,66.03,1
5334,1.1232,37.66,9.595,61.98,0
5335,1.1624,39.69,9.802,62.78,0
5336,1.1584,39.12,9.712,61.21,1
5337,1.1133,43.17,10.43,59.16,0
5338,1.1798,41.88,10.256,57.72,1
5339,1.3458,42.36,11.511,57.5,1
5340,1.0705,45.31,10.471,45.81,1
5341,1.2911,41.82,9.959,62.12,0
5342,0.9701,44.95,10.102,46.39,0
5343,1.1397,46.62,10.723,67.03,0
5344,1.1731,42.89,11.29,58.79,0
5345,1.4723,45.47,11.054,60.76,1
5346,1.1785,43.72,10.112,59.78,1
5347,0.8882,46.25,10.699,59.3,0
5348,0.9173,41.46,9.564,74.23,0
5349,1.221,41.51,9.655,53.28,0
5350,1.3067,44.22,10.444,49.48,0
5351,1.2699,43.42,10.084,63.9,0
5352,1.2376,44.37,10.063,58.41,0
5353,1.3857,45.16,10.741,64.78,0
5354,1.1294,47.24,10.804,66.39,1
5355,1.3437,45.18,10.062,53.04,0
5356,0.9637,44.55,9.869,67.1,0
5357,1.0719,45.7,10.401,53.41,0
5358,0.9358,45.06,10.039,62.56,0
5359,1.1648,44.93,9.963,52.15,0
5360,1.1984,43.77,10.887,63.79,0
5361,1.2217,47.34,10.813,60.43,0
5362,1.2133,46.26,10.589,52.42,0
5363,1.0643,49.53,11.107,48.41,1
5364,1.1743,44.91,10.12,68.06,0
5365,0.9777,46.92,10.966,57.23,1
5366,1.4064,51.83,11.473,66.0,0
5367,1.156,46.52,10.467,56.74,0
5368,1.1278,48.13,10.753,70.54,1
5369,1.4392,46.37,10.317,53.59,1
5370,1.0143,46.3,10.545,73.0,0
5371,1.0315,52.29,11.503,59.02,0
5372,1.0358,49.74,11.053,62.35,0
5373,1.1899,49.87,11.252,51.05,1
5374,1.2648,46.41,10.68,66.99,0
5375,1.311,50.72,11.454,64.68,0
5376,1.5858,52.51,12.085,54.9,1
5377,0.8627,52.7,11.923,40.31,0
5378,1.2915,51.94,12.005,48.93,1
5379,1.1168,48.54,10.744,50.97,1
5380,1.1126,51.63,11.31,61.62,0
5381,1.1079,52.54,11.929,53.76,1
5382,1.0648,47.81,11.23,56.75,1
5383,1.4542,49.36,10.916,54.86,0
5384,1.3283,53.58,12.064,68.61,0
5385,1.2058,53.75,11.498,57.11,0
5386,1.4055,49.1,11.328,61.12,0
5387,0.9765,53.99,11.838,51.65,1
5388,1.0044,52.79,11.243,57.09,1
5389,0.8779,54.36,11.745,48.58,1
5390,1.1004,51.73,12.904,60.71,1
5391,1.2303,54.49,12.008,47.13,1
5392,1.2222,55.09,13.523,61.9,1
5393,1.23,52.9,11.246,51.38,0
5394,0.9969,53.84,12.176,64.29,1
5395,1.3299,52.7,11.018,72.64,1
5396,1.2463,57.5,12.375,54.51,1
5397,1.3213,54.16,12.161,67.0,1
5398,0.9285,52.76,12.062,63.36,0
5399,1.2603,53.37,11.482,45.52,1
5400,1.0365,55.25,12.553,56.74,0
5401,1.1563,56.71,12.064,58.99,1
5402,1.2973,52.73,11.596,62.14,0
5403,1.232,59.3,12.485,54.85,1
5404,1.092,56.42,11.847,56.47,0
5405,1.222,56.93,13.164,54.88,1
5406,0.9927,56.01,12.17,56.46,0
5407,1.3965,56.44,12.761,45.35,0
5408,1.1946,56.3,12.714,53.33,0
5409,1.3948,58.84,12.254,42.07,1
5410,1.1496,56.98,12.924,50.83,1
5411,1.1516,58.73,12.783,49.03,1
5412,1.1172,56.53,11.889,49.84,1
5413,1.365,57.99,12.645,45.79,1
5414,1.1289,56.19,11.843,57.44,0
5415,1.3338,60.43,13.716,50.2,1
5416,1.1816,56.53,12.615,51.72,0
5417,0.9444,57.75,12.384,43.09,0
5418,1.1572,57.97,13.104,51.84,1
5419,1.0678,58.09,11.995,63.31,0
5420,1.2518,60.44,12.558,62.02,1
5421,1.0702,58.57,12.439,56.85,1
5422,1.3897,62.19,14.524,49.33,1
5423,1.2393,57.96,12.096,58.69,0
5424,1.2285,60.14,12.276,47.58,0
5425,1.3557,58.45,12.078,51.54,0
5426,1.4041,61.04,13.343,46.43,1
5427,1.2588,60.37,12.594,60.05,1
5428,1.1484,60.29,12.732,59.07,1
5429,1.0004,63.18,13.583,50.82,1
5430,1.1659,59.69,12.642,67.04,1
5431,1.1787,62.37,13.191,54.88,0
5432,1.2898,59.86,12.968,55.93,1
5433,1.2244,61.83,12.866,53.9,1
5434,1.3819,59.41,12.597,43.26,1
5435,1.1894,60.67,12.953,45.44,0
5436,1.2754,62.04,13.471,51.34,1
5437,1.4641,66.03,13.383,49.01,1
5438,1.3405,62.8,12.469,56.04,0
5439,1.2829,66.11,13.979,43.99,1
5440,1.2043,63.44,13.715,51.5,1
5441,1.2024,62.43,13.197,52.25,1
5442,1.1726,66.48,13.835,50.14,1
5443,1.2219,64.47,13.219,50.45,1
5444,1.4192,62.51,13.349,40.26,1
5445,1.2755,64.94,13.898,31.95,1
5446,1.1092,63.61,13.315,43.3,1
5447,1.5799,60.42,14.522,48.5,0
5448,1.3656,66.47,13.256,39.69,1
5449,1.1096,66.99,13.866,48.36,0
5450,1.2574,68.68,13.677,56.52,0
5451,1.3434,66.04,14.078,55.18,0
5452,1.5855,64.9,13.017,53.79,1
5453,1.1667,67.27,13.427,56.52,1
5454,1.4825,67.5,13.651,41.1,1
5455,1.5492,69.28,14.254,43.78,1
5456,1.2481,66.11,13.455,54.25,1
5457,1.304,66.07,13.452,45.56,1
5458,1.1935,65.17,13.456,46.54,0
5459,1.3217,67.87,13.839,63.17,1
5460,1.35,63.9,14.149,51.42,1
5461,1.4577,68.75,14.379,61.86,1
5462,1.5257,68.58,13.915,33.27,1
5463,1.2533,68.77,15.379,42.69,1
5464,1.0738,68.08,14.179,51.42,1
5465,1.3691,71.07,14.089,47.11,1
5466,1.4197,69.94,14.35,30.59,1
5467,1.4165,67.19,14.067,46.85,1
5468,1.3336,67.42,13.623,68.33,0
5469,1.4048,67.04,13.462,50.75,1
5470,1.6169,70.1,14.301,51.77,1
5471,1.4503,67.2,13.696,43.53,1
5472,1.3406,71.57,15.292,48.01,1
5473,1.3251,72.25,14.932,45.55,1
5474,1.3782,68.04,13.73,57.13,1
5475,1.6528,69.63,14.38,55.92,0
5476,1.3834,70.23,14.945,50.12,1
5477,1.4115,72.17,14.148,46.27,0
5478,1.3458,73.82,14.487,31.28,1
5479,1.5866,67.43,13.86,34.83,1
5480,1.7194,70.36,14.319,47.44,1
5481,1.4966,70.67,14.33,53.6,1
5482,1.4451,68.6,13.923,58.49,1
5483,1.4419,70.63,14.222,39.5,1
5484,1.0824,72.66,14.814,33.33,1
5485,1.5556,71.44,15.04,53.6,1
5486,1.4676,69.11,13.942,41.02,1
5487,1.5155,78.15,17.124,29.49,1
5488,1.3482,73.13,15.911,41.17,1
5489,1.401,73.02,15.405,41.1,1
5490,1.4007,70.8,14.653,57.08,0
5491,1.6194,73.72,16.041,51.69,1
5492,1.4131,73.07,14.601,39.26,1
5493,1.786,69.82,13.94,58.29,1
5494,1.542,71.66,14.309,47.0,0
5495,1.2898,75.59,14.758,52.13,1
5496,1.4656,78.09,15.513,52.76,0
5497,1.3909,75.13,15.148,41.82,1
5498,1.1633,76.81,15.355,47.49,1
5499,1.7362,74.49,14.918,41.05,1
5500,1.6055,74.83,15.029,51.54,0
5501,1.5838,77.38,16.36,43.29,1
5502,1.5323,78.73,15.84,49.45,1
5503,1.304,78.2,15.927,54.28,1
5504,1.4425,73.67,14.879,49.18,1
5505,1.6451,75.87,14.654,42.73,1
5506,1.3649,76.76,14.747,42.33,0
5507,1.1466,75.88,16.433,19.82,1
5508,1.496,77.38,15.165,36.87,1
5509,1.5126,78.44,15.298,49.4,1
5510,1.5579,79.01,15.704,49.36,1
5511,1.6506,80.57,16.082,34.78,1
5512,1.6407,76.74,15.572,44.27,1
5513,1.5876,74.87,16.014,42.56,1
5514,1.7318,78.52,16.35,47.41,1
5515,1.3284,81.77,15.738,57.61,1
5516,1.6356,77.25,15.81,48.32,1
5517,1.6576,79.77,15.574,35.77,1
5518,1.3813,79.99,15.695,40.38,1
5519,1.3455,79.18,15.273,52.71,1
5520,1.4627,79.01,15.11,30.32,1
5521,1.479,77.35,15.34,37.67,1
5522,1.6949,74.84,14.658,49.78,1
5523,1.4933,77.38,15.806,52.93,1
5524,1.4607,79.02,15.497,46.46,0
5525,1.501,82.19,16.211,34.83,1
5526,1.7641,79.99,16.477,45.3,1
5527,1.6018,79.36,15.206,44.7,1
5528,1.5765,78.82,15.321,44.52,1
5529,1.5904,82.11,16.142,38.96,1
5530,1.8042,83.72,16.441,39.19,1
5531,1.5016,83.33,16.804,31.74,1
5532,1.8147,82.61,16.556,59.27,1
5533,1.6524,78.65,15.587,43.07,1
5534,1.6002,81.1,16.044,44.73,1
5535,2.0029,85.89,16.776,35.72,1
5536,1.4728,84.44,15.972,45.1,1
5537,1.5815,79.32,15.588,31.02,1
5538,1.453,82.49,16.228,25.54,1
5539,1.7841,83.53,16.48,38.64,1
5540,1.8979,81.48,15.662,56.55,1
5541,1.8983,78.58,15.139,51.52,1
5542,1.8347,83.6,16.2,32.37,1
5543,1.6247,82.02,17.25,43.91,1
5544,1.6028,82.23,15.805,34.57,1
5545,1.4101,83.29,16.843,42.44,1
5546,1.9693,83.93,17.225,42.68,1
5547,1.7374,84.38,16.426,45.78,1
5548,1.5964,82.83,15.937,26.78,0
5549,1.8725,84.36,16.632,28.26,1
5550,1.5304,81.49,16.054,39.5,1
5551,1.7404,85.82,16.332,29.25,1
5552,1.6565,79.69,15.471,32.31,1
5553,1.7812,85.02,16.702,40.16,1
5554,1.6788,87.64,17.348,29.09,1
5555,1.4736,83.88,16.211,56.73,1
5556,1.7055,87.63,16.868,32.15,1
5557,1.8543,88.71,17.363,33.61,1
5558,1.6954,79.98,15.681,43.39,1
5559,1.8189,86.5,16.612,25.04,1
5560,1.5485,81.25,15.677,44.32,1
5561,1.7042,86.96,16.529,39.55,1
5562,1.6171,87.39,18.766,33.77,1
5563,1.8255,82.63,16.07,41.61,1
5564,1.7208,91.65,18.224,37.44,1
5565,1.8222,88.57,17.997,47.34,1
5566,1.8844,86.5,16.654,57.1,0
5567,1.8275,91.33,17.608,25.71,1
5568,1.7672,85.01,16.543,27.62,1
5569,1.579,86.34,16.226,38.02,1
5570,1.7307,84.4,15.948,21.73,1
5571,1.6536,92.8,17.69,38.51,1
5572,1.6843,90.06,17.103,35.87,1
5573,1.682,90.92,18.519,37.39,1
5574,1.5935,90.4,17.22,32.33,1
5575,1.4491,91.15,18.604,36.35,1
5576,1.6447,90.36,17.13,38.56,1
5577,1.7761,90.94,18.54,36.04,1
5578,1.547,90.82,17.597,23.75,1
5579,1.7536,89.58,17.44,36.63,1
5580,2.0383,90.91,17.201,49.29,1
5581,1.9088,91.75,17.772,35.88,1
5582,2.0038,91.62,18.461,35.12,1
5583,1.8178,88.64,16.99,48.29,1
5584,1.9362,89.11,16.99,29.57,1
5585,1.6543,94.17,17.781,39.62,1
5586,1.668,91.59,18.4,29.81,1
5587,1.3556,93.57,18.193,41.55,1
5588,1.9461,90.42,18.097,41.13,1
5589,2.0009,89.85,17.362,31.79,1
5590,1.6885,91.31,17.463,32.08,1
5591,1.7349,92.75,17.848,41.17,1
5592,1.6615,92.07,18.095,18.91,1
5593,1.8335,96.19,18.084,27.75,1
5594,1.9463,94.16,18.603,37.47,1
5595,1.5175,97.7,18.562,27.92,1
5596,1.8417,95.01,17.383,33.07,1
5597,1.7401,89.57,17.61,18.93,1
5598,1.7999,96.71,17.858,24.14,1
5599,1.853,91.78,17.927,39.37,1
5600,1.7571,95.46,18.503,25.72,1
5601,1.7709,93.25,17.879,22.63,1
5602,1.7555,98.89,18.826,38.16,1
5603,1.9342,97.28,18.894,34.76,1
5604,1.8524,92.72,17.478,24.66,1
5605,1.8237,93.75,18.185,33.86,1
5606,1.6008,94.29,18.486,23.98,1
5607,1.7356,95.33,19.071,30.58,1
5608,1.928,93.46,17.411,34.33,1
5609,1.7996,91.15,17.6,27.84,1
5610,1.8936,91.56,17.165,40.0,1
5611,2.0603,92.79,17.338,40.5,1
5612,1.9518,95.07,18.165,34.07,1
5613,1.8106,93.26,17.77,36.36,1
5614,1.7205,90.65,17.929,22.99,1
5615,1.4146,93.3,17.615,43.92,1
5616,1.7728,91.03,17.352,33.65,1
5617,1.7496,93.38,17.845,25.49,1
5618,1.8574,96.45,17.927,32.29,1
5619,1.7761,90.48,17.071,40.67,1
5620,1.7514,92.6,18.203,37.54,1
5621,1.5327,89.31,16.949,26.74,1
5622,1.6588,90.38,17.911,40.84,1
5623,1.8714,90.46,17.594,34.24,1
5624,2.0574,89.81,16.76,39.12,1
5625,1.7854,94.93,18.225,25.63,1
5626,1.8491,89.19,17.36,43.86,1
5627,1.9428,90.77,17.55,36.0,1
5628,1.6782,85.54,16.526,47.19,1
5629,1.8546,90.06,16.946,22.68,1
5630,1.6883,91.28,18.156,23.02,1
5631,1.9289,87.74,16.872,34.43,1
5632,1.8216,83.58,15.989,50.59,1
5633,1.8433,88.32,17.199,51.71,1
5634,1.6807,88.23,16.728,28.95,1
5635,1.9037,89.45,16.851,35.76,1
5636,2.1098,91.82,17.384,35.15,1
5637,1.6454,86.84,16.542,42.64,1
5638,1.745,85.69,16.297,44.67,1
5639,1.8301,84.87,16.861,29.17,1
5640,1.9126,87.4,16.815,37.08,1
5641,1.71,87.76,17.564,20.28,1
5642,1.3682,85.51,16.287,44.18,1
5643,1.9962,87.96,16.445,33.52,1
5644,1.9056,87.13,16.881,27.08,1
5645,1.5291,86.09,17.764,40.01,1
5646,1.6985,84.0,16.586,35.64,1
5647,2.0238,84.64,19.064,48.31,1
5648,2.0047,80.54,15.973,33.54,1
5649,1.9273,85.67,16.7,55.38,1
5650,1.7589,85.05,15.93,44.8,1
5651,1.7966,85.18,16.713,48.2,1
5652,1.7633,85.61,16.661,29.4,1
5653,1.9509,85.17,16.375,52.2,1
5654,1.6489,83.98,16.294,28.91,1
5655,1.6581,84.1,16.338,36.86,1
5656,1.9291,80.99,15.829,50.84,1
5657,1.7694,82.43,17.422,43.59,1
5658,1.9813,83.5,16.137,28.99,1
5659,1.6723,81.73,16.079,49.05,1
5660,1.7632,84.72,16.309,40.89,1
5661,1.6315,81.48,16.34,36.78,0
5662,1.7693,83.03,16.278,26.84,1
5663,1.5447,82.63,16.039,42.9,1
5664,1.6915,83.69,15.767,37.48,1
5665,1.5475,83.8,16.422,39.97,1
5666,1.8651,83.19,16.112,26.41,1
5667,1.8667,77.39,15.334,39.22,1
5668,1.4977,83.79,15.941,42.57,1
5669,1.9554,84.25,17.162,53.46,1
5670,2.1279,80.04,16.164,39.34,1
5671,1.7582,81.27,16.713,51.78,1
5672,1.653,78.82,16.155,48.01,1
5673,2.1707,76.5,15.493,44.97,1
5674,1.5471,78.72,15.192,33.67,1
5675,1.7457,78.92,16.678,33.88,1
5676,1.7674,79.09,15.304,46.49,1
5677,1.94,77.68,15.301,38.18,1
5678,1.7898,77.93,15.767,37.32,1
5679,1.6587,79.18,15.98,40.05,1
5680,1.5885,77.46,15.626,41.21,1
5681,1.6775,79.89,15.585,48.27,1
5682,1.5752,79.96,15.529,36.98,1
5683,1.731,83.16,17.98,45.51,1
5684,1.6366,80.45,15.802,44.25,1
5685,1.4946,78.49,15.46,28.52,1
5686,1.9044,76.56,14.986,45.42,1
5687,1.6388,78.19,15.581,20.75,1
5688,1.5206,78.05,15.54,35.01,1
5689,1.6829,76.17,15.17,47.0,1
5690,1.7156,78.57,15.7,41.77,1
5691,1.4406,74.0,15.875,30.45,1
5692,1.7496,76.11,14.955,34.38,1
5693,1.5399,77.51,15.394,21.62,1
5694,1.9508,75.62,14.865,32.88,1
5695,1.7698,75.59,15.213,48.28,1
5696,1.6283,75.52,14.875,39.23,1
5697,1.5736,73.93,14.65,46.0,1
5698,1.6666,77.75,14.97,42.46,1
5699,1.7713,73.16,14.764,45.36,1
5700,1.6725,75.64,15.283,51.8,0
5701,1.6407,75.63,16.199,42.0,1
5702,1.6789,72.7,14.862,52.66,1
5703,1.5765,74.55,14.767,24.45,1
5704,1.6124,72.38,14.188,54.46,1
5705,1.3479,76.78,14.881,32.61,1
5706,1.8036,71.52,14.074,37.5,1
5707,1.6992,72.29,15.713,39.99,1
5708,1.5351,70.95,14.515,55.1,1
5709,1.9326,70.48,14.115,39.59,1
5710,1.6576,76.18,14.859,38.04,1
5711,1.4858,73.89,14.543,36.98,1
5712,1.7664,72.88,14.466,47.31,1
5713,1.6942,71.09,15.106,52.3,1
5714,1.6903,74.02,14.84,58.23,1
5715,1.5639,70.35,13.863,65.99,1
5716,1.6919,73.39,16.278,50.17,1
5717,1.5816,69.85,13.862,50.01,1
5718,1.7008,70.11,14.056,37.19,0
5719,1.3282,72.72,15.346,60.64,1
5720,1.5454,72.73,14.84,47.09,1
5721,1.8652,71.99,14.378,43.49,1
5722,1.4883,68.5,13.636,51.0,1
5723,1.5093,69.51,13.855,42.21,0
5724,1.5291,70.51,14.023,27.99,1
5725,1.4105,68.3,13.998,52.59,1
5726,1.2579,72.54,14.711,56.21,1
5727,1.5509,64.8,13.412,54.58,1
5728,1.6023,67.84,13.911,48.24,1
5729,1.5704,68.18,13.634,48.2,1
5730,1.5529,63.31,13.371,52.39,0
5731,1.5774,66.01,14.32,50.53,1
5732,1.7207,69.85,14.165,46.6,1
5733,1.535,68.46,13.949,48.13,1
5734,1.4738,71.35,14.486,58.63,1
5735,1.514,71.09,14.978,50.12,1
5736,1.6394,68.67,13.749,48.64,1
5737,1.7606,68.23,14.771,53.34,1
5738,1.4508,67.53,14.063,53.76,1
5739,1.5562,61.89,13.045,59.43,0
5740,1.5884,64.21,14.006,44.42,1
5741,1.385,67.0,13.423,44.95,1
5742,1.5332,67.83,14.157,41.79,1
5743,1.3065,66.98,13.985,54.95,1
5744,1.2572,64.42,13.1,56.09,0
5745,1.5738,67.87,14.134,38.09,1
5746,1.4575,68.76,14.185,50.87,1
5747,1.5416,67.48,13.802,59.49,1
5748,1.5049,67.38,14.269,46.69,1
5749,1.3573,64.08,13.158,53.06,1
5750,1.4932,67.15,13.937,54.55,0
5751,1.3113,65.09,13.462,39.38,0
5752,1.7011,65.62,13.375,50.84,1
5753,1.2853,65.13,13.742,60.1,0
5754,1.4556,63.96,13.264,45.88,1
5755,1.3248,62.28,12.647,58.29,1
5756,1.563,63.64,12.782,51.04,1
5757,1.4239,65.57,13.957,44.26,1
5758,1.3921,62.52,12.741,50.72,1
5759,1.5941,64.99,13.616,45.8,1
5760,1.4668,64.47,13.443,43.21,1
5761,1.5362,62.2,12.943,49.64,1
5762,1.3077,65.38,14.744,50.32,1
5763,1.2405,61.69,13.078,50.66,0
5764,1.4636,65.22,13.886,47.75,1
5765,1.396,62.87,13.301,53.09,1
5766,1.5341,61.77,12.927,56.19,1
5767,1.4244,59.82,12.716,43.95,1
5768,1.4635,61.22,13.726,50.25,1
5769,1.1855,60.79,13.414,36.74,1
5770,1.7087,58.48,13.706,52.61,0
5771,1.3971,60.36,12.897,53.99,1
5772,1.5228,58.99,12.303,58.16,0
5773,1.2891,61.57,12.824,53.29,1
5774,1.4571,62.81,12.794,55.7,1
5775,1.2119,57.55,12.741,54.99,0
5776,1.4715,63.22,13.025,45.66,1
5777,1.3468,59.34,11.946,44.47,1
5778,1.401,57.45,14.047,52.43,1
5779,1.4978,60.72,12.653,46.44,1
5780,1.2047,58.11,12.26,53.18,0
5781,1.2834,58.64,13.497,49.88,1
5782,1.4512,57.79,12.035,57.68,1
5783,1.6939,56.77,12.841,55.33,1
5784,1.355,59.65,12.488,56.79,1
5785,1.4609,57.43,11.953,58.08,0
5786,1.3528,54.93,12.967,54.61,0
5787,1.6568,58.7,13.002,52.83,1
5788,1.1,54.99,12.443,60.02,0
5789,1.373,54.89,12.142,75.63,0
5790,1.1116,59.39,12.929,45.46,1
5791,0.9762,54.41,11.522,56.69,0
5792,1.3935,51.97,11.591,48.25,0
5793,1.3666,57.65,12.087,54.25,1
5794,1.2997,55.59,11.663,50.25,1
5795,1.3233,55.56,12.263,54.7,1
5796,1.8008,55.17,12.615,57.14,1
5797,1.2942,56.06,12.017,51.45,1
5798,1.4063,53.89,11.753,42.39,0
5799,1.2293,58.15,12.107,65.51,0
5800,1.3679,52.05,11.56,64.49,0
5801,1.2849,55.69,12.459,54.54,1
5802,1.256,55.88,12.505,48.31,1
5803,1.5875,52.88,11.926,57.95,0
5804,1.4883,52.15,11.354,60.6,1
5805,1.3293,56.03,11.926,61.54,1
5806,0.9603,51.82,11.897,64.81,0
5807,1.2489,52.39,11.992,65.97,0
5808,1.7057,55.17,11.96,41.97,1
5809,1.2628,53.27,11.584,54.6,1
5810,1.4601,49.41,11.756,67.3,0
5811,1.5082,56.29,12.06,47.83,1
5812,1.322,51.54,11.829,67.83,1
5813,1.1603,51.59,11.436,72.53,0
5814,0.9186,52.71,11.314,66.9,0
5815,1.3839,53.25,12.643,62.34,1
5816,1.1565,55.72,12.158,51.99,1
5817,1.3026,48.28,10.745,62.29,0
5818,1.0863,53.05,11.281,46.4,0
5819,1.2315,52.69,11.25,51.14,0
5820,1.2739,50.73,11.22,52.88,0
5821,1.3068,52.37,12.766,58.07,1
5822,1.0969,52.47,11.412,54.38,1
5823,1.4413,47.64,11.68,62.51,1
5824,1.17,53.7,11.754,63.8,0
5825,1.0061,46.88,10.406,55.19,1
5826,1.2387,47.53,10.707,61.67,0
5827,1.2581,49.08,10.711,56.23,1
5828,1.2749,53.25,11.448,58.57,1
5829,1.4531,48.58,10.739,65.34,0
5830,1.2112,48.94,10.557,67.01,0
5831,1.2268,51.66,12.331,63.36,1
5832,1.0773,48.0,11.038,63.51,1
5833,1.3639,46.04,10.416,50.01,0
5834,1.2666,47.37,10.948,51.93,0
5835,1.1741,50.74,11.077,51.96,0
5836,0.9496,47.94,10.285,63.1,0
5837,1.4502,51.46,13.732,47.8,0
5838,1.0477,48.88,11.16,62.37,0
5839,1.1415,45.91,10.427,63.57,1
5840,1.2823,47.1,10.277,45.25,0
5841,1.0475,45.09,10.064,53.24,1
5842,1.0014,45.26,11.478,70.19,0
5843,0.9053,55.36,12.877,61.36,1
5844,1.3306,48.24,11.337,53.25,0
5845,1.1393,47.72,10.548,52.09,0
5846,1.6588,44.55,11.262,42.67,0
5847,1.0692,48.74,11.258,71.53,0
5848,1.0789,47.6,11.189,60.77,0
5849,1.1311,48.96,11.29,74.69,0
5850,1.2512,48.67,10.597,58.27,0
5851,1.143,41.84,9.646,66.16,0
5852,1.3043,42.38,9.922,70.7,1
5853,1.0646,42.39,10.402,76.68,0
5854,1.0031,42.31,9.673,67.62,0
5855,0.9397,44.65,10.379,62.23,0
5856,0.875,42.67,10.082,63.62,0
5857,1.1299,47.75,11.285,51.99,0
5858,1.1617,47.21,11.141,57.62,0
5859,1.1113,43.19,9.896,63.5,1
5860,1.3918,46.91,11.57,71.91,1
5861,1.3888,45.78,10.244,58.09,0
5862,1.1538,41.7,10.553,72.48,0
5863,0.9343,38.38,9.31,65.32,0
5864,1.1179,41.76,10.082,73.89,0
5865,1.1124,40.71,9.951,69.99,0
5866,1.1033,42.21,10.164,68.55,0
5867,1.0969,41.78,10.326,71.76,0
5868,1.1031,41.53,10.148,70.75,1
5869,1.1429,42.25,10.455,72.16,0
5870,1.1053,38.57,9.74,82.91,0
5871,1.2316,41.62,9.596,76.96,0
5872,1.2543,39.72,9.822,68.9,0
5873,1.0635,40.8,9.668,60.99,0
5874,1.3907,42.11,9.709,66.66,1
5875,1.053,37.55,9.273,51.06,1
5876,0.9574,39.24,9.712,72.09,0
5877,1.2572,39.36,9.759,56.9,0
5878,1.0776,38.37,10.031,74.96,0
5879,1.2486,41.0,10.587,80.24,0
5880,0.84,37.56,9.528,54.86,0
5881,1.4097,37.69,9.633,65.98,0
5882,1.302,37.18,9.366,58.18,0
5883,0.9764,40.58,10.197,50.82,0
5884,0.9801,37.22,9.547,65.82,0
5885,1.4532,38.92,9.566,70.73,0
5886,1.0923,41.75,11.378,69.98,0
5887,1.0783,37.45,9.171,67.76,0
5888,0.8641,39.62,10.483,51.91,0
5889,1.152,40.54,9.413,65.66,0
5890,1.1712,39.05,9.993,53.63,0
5891,1.3134,36.77,10.041,55.52,0
5892,0.997,37.88,8.899,58.29,0
5893,0.9796,33.83,8.881,77.1,0
5894,1.2762,34.64,9.277,72.58,0
5895,1.3604,34.79,9.075,70.71,0
5896,0.9747,40.28,9.955,57.93,0
5897,1.3736,33.97,8.902,65.51,0
5898,1.2181,33.75,8.457,57.79,0
5899,1.3773,33.11,10.295,80.05,0
5900,1.2041,36.12,8.986,84.91,0
5901,0.8375,35.09,9.202,72.4,0
5902,1.1943,36.77,9.038,72.79,0
5903,1.3774,35.74,8.514,66.28,0
5904,1.0856,31.44,8.157,57.18,0
5905,1.1629,32.39,8.168,62.82,1
5906,1.1961,36.53,9.777,63.36,0
5907,0.789,33.19,8.513,66.0,0
5908,1.4761,35.78,8.93,62.61,0
5909,1.0918,32.9,8.338,69.64,0
5910,1.3044,31.06,8.448,63.56,0
5911,1.2172,32.19,8.33,87.03,0
5912,1.4205,30.66,8.837,59.68,0
5913,1.2945,31.27,8.569,77.34,0
5914,1.2001,32.6,8.436,67.34,0
5915,1.1031,33.02,9.109,72.89,0
5916,1.3586,28.62,8.046,75.89,0
5917,0.9598,31.57,8.493,71.32,1
5918,1.3396,30.23,7.841,61.8,0
5919,1.0798,29.9,8.207,68.4,0
5920,1.4345,31.27,8.577,71.59,0
5921,1.2729,29.7,8.91,72.03,0
5922,1.3474,33.36,8.495,60.8,1
5923,1.2652,32.78,10.154,79.66,0
5924,0.9922,32.56,8.884,49.51,1
5925,1.1282,29.01,7.646,69.59,0
5926,1.3604,27.88,7.644,64.9,0
5927,1.2868,29.76,8.98,72.6,0
5928,1.4413,29.1,8.759,79.67,0
5929,1.327,27.98,7.955,60.95,1
5930,1.1238,26.65,7.809,91.84,0
5931,1.1519,28.72,7.685,73.38,0
5932,1.2892,27.79,8.615,75.38,0
5933,0.9291,29.78,7.89,59.62,0
5934,1.5298,29.53,8.582,70.91,0
5935,1.3476,30.2,8.998,78.65,0
5936,1.468,25.28,7.562,75.51,0
5937,1.0494,28.4,8.483,73.08,0
5938,1.4759,25.95,8.736,73.02,0
5939,1.6266,24.76,7.577,63.12,0
5940,1.0965,26.14,7.604,62.24,0
5941,1.4131,28.94,8.064,80.99,0
5942,1.3004,25.86,7.371,80.55,0
5943,1.0714,29.53,7.916,79.52,0
5944,1.3798,27.3,8.038,66.04,0
5945,1.4338,25.21,7.468,72.61,1
5946,1.2215,28.12,8.108,81.98,0
5947,1.4895,26.49,7.275,63.28,0
5948,1.0676,23.53,7.244,83.92,0
5949,1.0964,28.92,8.598,66.96,0
5950,1.3442,25.52,7.217,66.85,0
5951,1.3305,24.84,7.482,73.84,0
5952,1.2223,22.89,6.66,66.33,0
5953,1.4544,26.76,7.357,57.77,0
5954,1.4157,25.23,7.917,74.47,0
5955,1.468,25.26,7.422,78.12,0
5956,1.324,22.78,8.24,85.05,0
5957,1.4361,25.27,7.729,78.69,0
5958,1.2821,25.22,7.77,89.59,0
5959,1.6603,21.86,6.679,86.77,0
5960,1.2336,20.17,6.632,82.81,0
5961,1.6746,23.96,7.09,78.37,0
5962,1.3674,19.45,6.321,87.17,0
5963,1.1592,22.7,7.46,57.67,0
5964,1.5741,21.31,7.359,72.38,0
5965,1.3912,24.44,7.589,59.47,0
5966,1.5034,21.01,6.62,81.7,0
5967,1.5627,23.81,7.464,68.77,0
5968,1.4333,20.37,6.271,100.93,0
5969,1.2972,23.2,7.928,70.94,0
5970,1.5359,25.12,7.113,74.78,1
5971,1.3932,18.66,6.188,74.58,0
5972,1.4995,21.18,6.975,72.38,1
5973,1.0771,25.9,7.72,63.49,0
5974,1.4708,20.33,6.771,66.56,0
5975,1.3115,20.12,6.41,59.49,0
5976,1.6589,21.38,7.53,80.54,0
5977,1.508,19.68,6.212,73.79,0
5978,1.4541,15.99,5.7,94.88,0
5979,1.4947,21.46,6.928,66.17,0
5980,1.2756,14.99,5.602,91.81,0
5981,1.6725,17.97,7.076,90.8,0
5982,1.7314,21.01,6.526,86.61,0
5983,1.4953,17.69,7.267,80.27,0
5984,1.6786,16.81,6.785,76.21,0
5985,1.3584,19.76,7.353,87.35,0
5986,1.3279,16.1,7.292,73.01,0
5987,1.4573,15.16,6.056,82.07,0
5988,1.5202,17.95,6.109,77.88,0
5989,1.3996,16.83,6.235,71.77,0
5990,1.5431,14.51,5.724,82.22,0
5991,1.5121,18.07,6.214,84.09,0
5992,1.3201,17.53,6.442,71.04,0
5993,1.5515,15.68,5.985,83.27,0
5994,1.6069,15.62,5.833,61.8,0
5995,1.5069,16.94,6.198,70.44,0
5996,1.6578,18.18,6.723,74.43,0
5997,1.3061,15.03,6.471,82.84,0
5998,1.5627,16.71,5.783,85.93,0
5999,1.3207,16.33,6.085,79.86,0
6000,1.3329,16.76,6.209,83.48,0
6001,1.4091,15.28,5.665,78.55,0
6002,1.3662,13.58,5.74,83.24,0
6003,1.4291,14.68,6.012,82.82,0
6004,1.483,16.49,6.453,75.04,0
6005,1.6444,19.64,6.727,74.37,0
6006,1.4744,15.23,5.738,84.66,0
6007,1.2885,18.01,7.688,92.69,0
6008,1.7011,15.94,6.535,89.09,0
6009,1.4083,17.02,6.551,69.75,0
6010,1.5288,20.03,7.249,67.98,0
6011,1.6083,18.73,6.662,73.48,0
6012,1.575,14.92,6.66,80.79,0
6013,1.7129,16.46,6.241,79.51,0
6014,1.6244,20.31,6.798,86.73,0
6015,1.427,18.28,6.782,88.39,0
6016,1.8867,15.9,7.014,79.5,0
6017,1.5928,16.76,7.095,77.12,1
6018,1.5452,20.01,7.019,81.13,0
6019,1.7155,20.79,7.098,85.03,0
6020,1.612,19.04,6.926,82.0,0
6021,1.6381,24.15,7.856,71.06,0
6022,1.9557,21.05,7.588,71.47,0
6023,1.5442,19.11,6.527,68.65,0
6024,1.5414,18.17,7.17,79.65,0
6025,1.6102,18.05,6.605,83.15,0
6026,1.757,20.87,7.178,82.36,0
6027,1.3739,19.42,7.401,86.56,0
6028,1.3086,23.95,7.69,86.47,0
6029,1.5189,23.73,7.752,63.76,0
6030,1.3653,22.27,6.946,78.88,1
6031,1.5502,18.84,7.397,81.21,0
6032,1.6928,20.06,7.079,76.38,0
6033,1.4873,24.11,7.418,67.91,0
6034,1.4103,20.67,7.404,88.15,0
6035,1.6381,24.24,9.202,69.74,0
6036,1.7605,23.15,6.849,57.57,0
6037,1.3803,22.5,6.851,75.66,0
6038,1.7609,21.19,8.857,74.38,0
6039,1.7638,22.61,7.328,90.29,0
6040,1.7876,23.38,7.336,78.89,0
6041,1.8306,25.27,7.495,71.4,0
6042,1.9814,21.63,7.616,74.45,0
6043,1.6009,23.07,9.053,73.49,0
6044,1.674,23.89,7.1,92.4,0
6045,1.5983,25.33,7.511,79.21,0
6046,1.6642,22.38,6.977,64.31,0
6047,1.897,21.77,7.356,73.98,1
6048,1.4684,25.95,8.273,73.24,0
6049,1.5441,21.76,7.927,67.08,0
6050,1.8829,27.57,8.244,58.19,1
6051,1.8324,24.89,9.223,78.83,0
6052,1.6279,22.3,6.89,69.18,0
6053,1.8135,24.64,7.162,84.21,0
6054,1.7395,26.56,8.534,73.13,0
6055,1.9163,24.93,7.541,70.25,0
6056,1.7053,26.24,7.263,53.92,0
6057,1.8508,27.88,7.813,82.05,0
6058,2.0961,26.2,7.787,75.63,0
6059,1.7923,24.93,7.261,70.46,0
6060,1.7128,26.4,7.377,66.04,0
6061,1.8165,30.03,8.175,83.77,0
6062,1.656,30.77,8.019,62.02,0
6063,2.0717,23.56,7.573,71.91,0
6064,1.7431,29.98,7.707,75.57,0
6065,1.6778,28.5,8.062,83.51,0
6066,1.5959,30.05,8.488,69.24,0
6067,1.8884,27.3,7.809,66.74,0
6068,1.8564,25.06,8.058,73.11,0
6069,1.6541,29.97,7.823,78.25,0
6070,1.8176,27.12,7.573,81.76,0
6071,1.5073,26.42,7.59,62.14,0
6072,1.7636,26.76,8.094,73.86,0
6073,1.8061,30.8,8.462,59.04,0
6074,1.9966,30.08,9.619,78.03,0
6075,1.6271,31.56,8.209,73.44,0
6076,1.5531,31.54,8.053,62.71,0
6077,1.6127,29.56,9.229,83.54,0
6078,1.5487,30.46,7.883,73.4,0
6079,1.9518,29.78,8.531,72.94,0
6080,1.9856,30.58,8.013,69.22,0
6081,1.8033,29.27,7.577,71.38,0
6082,1.9405,32.18,8.438,66.64,0
6083,1.7793,33.75,9.246,62.82,1
6084,1.7468,30.17,7.888,80.73,0
6085,1.7129,34.56,9.194,64.32,1
6086,1.7181,32.43,8.971,65.33,0
6087,1.5343,32.88,8.284,68.24,0
6088,1.8078,29.2,8.043,82.88,0
6089,1.7638,29.19,9.007,80.54,0
6090,1.8833,33.29,9.04,65.87,1
6091,1.7871,34.78,8.868,77.95,0
6092,1.7502,32.06,8.739,70.63,0
6093,1.6454,36.94,9.051,60.09,0
6094,1.7883,35.27,9.602,64.03,0
6095,1.8897,32.18,9.138,80.68,0
6096,1.6088,34.26,8.939,85.11,1
6097,1.7947,39.35,9.75,67.95,0
6098,1.8179,32.11,8.238,65.2,0
6099,1.6764,35.86,8.711,66.49,0
6100,1.6971,34.35,8.763,62.29,1
6101,1.8211,36.61,9.208,62.1,0
6102,1.6175,37.93,9.97,60.52,0
6103,1.8411,34.83,9.42,67.47,0
6104,1.6553,38.04,9.532,67.14,0
6105,1.95,40.44,10.426,63.55,0
6106,2.1422,36.33,8.886,65.43,0
6107,1.6632,37.97,9.984,72.3,0
6108,1.8733,35.42,8.792,65.91,1
6109,1.6849,36.84,9.918,65.58,0
6110,1.9508,36.65,9.242,65.6,0
6111,1.6056,38.79,9.019,78.07,0
6112,1.8681,39.81,10.061,61.18,1
6113,1.6656,37.38,9.739,71.34,0
6114,1.7661,40.87,9.713,58.49,0
6115,1.643,41.06,9.771,67.16,1
6116,1.9214,39.89,9.672,69.43,0
6117,1.6729,37.37,8.818,75.25,1
6118,1.8816,37.38,8.745,63.5,1
6119,1.7475,37.18,10.009,57.78,0
6120,1.7822,40.9,9.604,58.19,0
6121,1.8218,36.78,10.367,74.65,0
6122,1.6855,40.75,10.593,81.2,0
6123,1.8315,37.44,10.237,73.21,0
6124,2.0295,41.45,9.738,54.03,1
6125,1.6833,40.03,9.281,71.38,0
6126,1.9757,42.87,9.828,55.73,1
6127,2.0246,42.68,9.989,60.6,1
6128,1.6774,43.47,9.658,64.42,0
6129,1.5814,43.72,10.135,65.61,1
6130,1.8447,41.29,9.866,64.75,1
6131,1.717,38.88,9.178,60.86,1
6132,2.0791,39.29,9.304,73.9,0
6133,1.8037,37.43,9.279,62.32,1
6134,1.6778,39.63,9.848,75.26,1
6135,1.6256,42.14,9.771,52.84,1
6136,1.9606,41.08,10.036,66.08,1
6137,1.7109,42.04,10.112,53.97,1
6138,1.8026,43.59,10.307,56.18,0
6139,1.9387,42.19,9.849,59.58,0
6140,1.722,40.76,9.45,76.71,0
6141,1.7871,43.09,11.185,73.61,0
6142,1.7907,41.6,10.277,71.03,0
6143,1.8949,43.06,10.704,63.43,0
6144,1.8801,46.49,10.69,62.61,1
6145,1.7576,43.46,10.205,73.06,1
6146,1.7992,47.74,11.128,65.97,1
6147,1.7328,47.26,10.32,60.79,1
6148,1.5659,43.44,9.906,74.83,0
6149,1.8251,42.58,9.863,69.97,0
6150,2.0691,44.89,10.318,64.0,0
6151,1.6516,47.51,10.579,56.82,1
6152,1.6669,44.42,10.555,57.95,1
6153,1.651,47.42,10.896,57.86,1
6154,1.889,48.22,11.728,63.73,0
6155,1.8462,44.45,12.108,69.02,1
6156,1.7537,44.85,10.081,50.54,1
6157,1.6384,47.83,10.984,44.73,1
6158,1.7884,46.9,10.845,53.25,1
6159,1.5383,45.43,10.559,58.48,0
6160,1.793,46.3,10.342,70.79,1
6161,1.9006,47.06,10.502,58.52,1
6162,1.5805,44.27,10.491,64.48,0
6163,1.5366,49.13,10.805,62.86,1
6164,2.0016,46.84,10.842,52.71,0
6165,1.6711,42.43,10.021,75.22,1
6166,1.9314,48.15,11.031,54.79,1
6167,1.7361,46.92,10.47,73.33,0
6168,1.733,51.98,11.612,56.8,1
6169,1.8211,47.63,10.597,57.72,0
6170,1.6207,46.8,10.837,52.03,0
6171,1.7711,50.22,11.991,60.45,0
6172,1.692,48.08,11.072,78.19,1
6173,1.549,48.04,11.094,63.48,1
6174,1.7955,50.82,11.759,60.67,0
6175,1.7032,47.92,10.508,54.92,1
6176,1.7169,47.29,11.832,65.36,1
6177,1.5567,53.85,11.483,57.95,0
6178,1.9746,51.76,11.936,57.44,1
6179,1.865,50.27,11.639,62.8,0
6180,1.8758,50.99,11.096,43.88,1
6181,1.6829,52.21,12.079,56.87,1
6182,1.4669,53.35,11.972,47.42,0
6183,2.0167,50.09,12.393,59.18,1
6184,1.7121,52.53,11.71,51.69,0
6185,1.6064,50.99,11.356,53.16,1
6186,1.7786,51.82,11.337,47.24,0
6187,1.8885,52.72,11.156,66.29,0
6188,1.7073,52.59,11.518,52.03,1
6189,1.8999,54.27,11.786,51.44,0
6190,1.8678,53.97,11.957,68.86,1
6191,1.5411,50.18,10.844,63.43,1
6192,1.5987,50.68,11.261,42.31,1
6193,1.8406,52.86,11.938,68.37,0
6194,1.2872,57.46,12.679,67.71,0
6195,1.6688,52.3,11.07,70.06,0
6196,1.4737,53.78,12.144,62.08,0
6197,1.6139,53.33,11.655,48.19,1
6198,1.6376,53.49,11.702,56.51,1
6199,1.6256,55.16,11.412,44.32,1
6200,1.5935,57.8,13.238,47.39,1
6201,1.5087,56.11,12.24,46.45,1
6202,2.014,53.79,11.361,51.71,1
6203,1.9472,61.11,13.078,53.65,1
6204,1.4896,55.96,12.291,51.87,0
6205,1.8981,54.85,12.608,52.19,1
6206,1.5976,59.02,12.487,51.26,1
6207,1.6737,55.46,12.074,67.72,0
6208,1.6416,59.93,12.512,70.35,0
6209,1.5489,55.06,12.279,52.36,0
6210,1.7921,59.86,12.46,55.77,0
6211,1.6601,57.6,12.09,47.71,1
6212,1.5664,59.98,12.721,59.15,1
6213,1.4388,61.4,12.573,48.35,1
6214,1.4971,55.53,12.978,49.99,0
6215,1.3815,60.55,13.994,68.68,1
6216,1.6261,55.38,11.891,44.92,0
6217,1.4414,56.31,11.77,35.59,1
6218,1.5776,56.99,12.443,60.68,1
6219,1.8194,59.81,12.546,50.17,1
6220,1.7903,59.07,13.21,48.39,1
6221,1.6021,58.87,12.31,75.53,0
6222,1.5903,59.69,12.947,59.03,0
6223,1.8818,60.78,12.914,52.06,1
6224,1.6744,61.14,12.683,46.65,1
6225,1.5435,62.19,13.179,55.25,1
6226,1.3752,63.84,13.747,36.83,1
6227,1.6446,60.36,12.839,48.66,1
6228,1.7063,59.56,12.723,52.97,1
6229,1.4835,62.03,12.759,53.49,0
6230,1.6183,58.71,13.137,52.63,0
6231,1.5164,59.84,13.245,47.55,0
6232,1.5397,63.4,13.108,58.33,0
6233,1.1904,61.35,12.904,38.98,1
6234,1.5266,59.38,13.418,51.15,0
6235,1.7016,59.02,12.239,49.44,0
6236,1.4578,62.3,13.368,59.72,1
6237,1.5567,64.68,13.252,46.52,1
6238,1.4317,64.86,14.515,53.59,0
6239,1.5954,63.02,13.229,53.85,1
6240,1.5051,67.02,14.458,34.11,1
6241,1.393,62.99,12.936,50.68,1
6242,1.73,63.12,12.825,37.18,1
6243,1.6657,58.47,12.43,56.73,1
6244,1.4319,62.91,13.297,45.41,1
6245,1.5935,65.7,13.421,59.07,1
6246,1.5957,67.33,14.204,47.16,1
6247,1.6077,62.74,13.08,45.2,1
6248,1.2534,65.52,13.014,59.28,0
6249,1.6548,66.89,14.032,41.89,1
6250,1.4145,65.02,13.206,57.14,1
6251,1.4426,60.63,12.71,56.36,0
6252,1.8881,65.89,14.495,46.54,1
6253,1.534,67.12,14.851,38.04,1
6254,1.427,63.91,13.13,60.59,1
6255,1.1504,65.49,13.834,53.71,1
6256,1.6859,63.89,13.135,44.49,1
6257,1.2719,61.26,12.831,54.2,1
6258,1.3194,68.65,13.833,55.86,0
6259,1.4164,66.79,13.271,49.82,0
6260,1.6749,70.2,14.318,48.79,1
6261,1.5746,68.91,14.209,55.91,0
6262,1.4313,66.69,13.518,61.28,0
6263,1.4975,67.43,14.41,47.58,1
6264,1.3574,68.93,13.93,36.94,1
6265,1.4647,69.93,14.015,36.62,1
6266,1.4511,68.85,14.311,42.16,1
6267,1.5817,70.61,13.881,39.15,1
6268,1.5778,68.01,14.388,34.74,1
6269,1.5031,66.81,13.622,63.7,1
6270,1.371,68.87,14.566,51.9,1
6271,1.533,69.61,14.866,43.04,0
6272,1.4043,67.0,14.091,48.54,1
6273,1.2522,66.93,13.512,34.55,1
6274,1.3504,70.69,13.961,55.84,0
6275,1.42,69.19,13.692,31.89,1
6276,1.5402,69.87,14.785,51.16,0
6277,1.3726,69.68,14.15,32.48,1
6278,1.2152,73.64,14.583,41.5,0
6279,1.4016,73.32,14.697,54.95,1
6280,1.4066,68.53,14.57,34.81,0
6281,1.4139,70.13,14.636,45.73,1
6282,1.5206,73.1,14.907,50.16,0
6283,1.532,72.8,14.961,49.03,1
6284,1.2866,71.72,14.582,46.53,1
6285,1.2798,69.72,14.337,51.13,1
6286,1.2128,70.83,14.468,41.61,1
6287,1.4703,71.37,14.455,61.64,1
6288,1.5794,73.15,15.075,32.22,1
6289,1.3115,76.21,15.337,52.57,1
6290,1.3193,71.63,14.197,47.54,1
6291,1.5722,71.15,14.658,51.25,1
6292,1.4247,73.18,14.831,51.45,1
6293,1.4111,75.66,15.377,48.05,1
6294,1.1638,70.91,14.345,39.97,1
6295,1.4411,76.91,15.67,40.57,1
6296,1.1967,73.86,14.804,33.07,1
6297,1.1628,72.93,15.026,42.85,1
6298,1.2778,71.4,14.293,48.74,1
6299,1.2389,76.21,15.038,48.13,1
6300,1.2904,74.66,15.221,47.34,1
6301,1.1045,75.54,14.957,29.63,1
6302,1.4614,73.6,16.206,40.34,1
6303,1.4838,74.96,15.249,38.72,1
6304,1.0196,74.83,14.984,33.62,1
6305,1.4555,75.8,15.508,36.83,0
6306,1.1843,74.86,14.804,44.09,1
6307,1.4316,73.33,15.196,56.31,0
6308,1.2899,82.06,16.489,32.14,1
6309,1.3017,74.07,15.512,35.53,1
6310,1.2669,77.36,15.193,37.79,1
6311,1.4737,73.66,14.412,47.51,1
6312,1.1033,73.41,14.544,54.75,1
6313,1.3777,77.8,15.313,41.63,1
6314,1.4491,78.15,16.42,30.54,1
6315,1.3888,80.52,17.235,30.82,1
6316,1.6275,79.0,15.748,43.11,1
6317,1.1969,78.1,15.469,50.1,1
6318,1.4173,76.7,15.125,57.51,1
6319,1.2554,81.8,16.41,30.46,1
6320,1.4539,80.86,17.279,41.6,1
6321,1.2653,76.71,16.299,34.74,1
6322,1.2059,79.48,16.248,34.13,1
6323,1.4577,79.89,16.3,33.2,1
6324,1.1858,79.11,16.011,38.86,1
6325,1.0454,81.54,15.963,33.02,0
6326,1.1776,81.86,15.774,59.71,1
6327,1.3458,80.02,15.745,37.31,1
6328,1.4596,80.04,15.94,48.88,1
6329,1.2654,83.8,15.879,33.45,1
6330,1.4444,82.87,16.121,57.15,0
6331,1.041,81.34,15.67,42.91,1
6332,1.1763,78.14,15.971,48.81,1
6333,1.1975,82.29,15.896,34.9,1
6334,1.2218,83.2,16.37,46.89,1
6335,1.2497,76.49,14.979,45.78,1
6336,1.3389,82.7,17.05,36.35,1
6337,1.1668,81.57,15.491,31.42,1
6338,1.2527,82.16,16.283,37.8,1
6339,1.2234,80.99,15.498,37.82,1
6340,1.0897,82.7,15.971,46.33,1
6341,1.2099,85.98,16.734,35.55,1
6342,1.2039,82.51,16.234,24.12,1
6343,1.1992,85.53,16.676,42.85,1
6344,1.2272,82.19,16.141,50.03,1
6345,1.2324,85.52,16.351,24.36,1
6346,1.1549,84.2,16.317,52.92,1
6347,1.4093,85.1,16.528,49.11,1
6348,1.0417,84.61,16.523,33.18,1
6349,1.1077,86.08,16.637,28.41,1
6350,1.6317,79.86,16.069,49.5,1
6351,1.0578,82.36,16.142,28.63,1
6352,1.0094,86.23,16.769,31.91,1
6353,1.3216,81.51,15.835,29.57,1
6354,0.8988,84.74,16.117,38.2,1
6355,1.1741,85.89,16.697,49.19,1
6356,1.5304,84.54,17.052,41.27,1
6357,0.9759,85.02,16.697,46.13,1
6358,0.9095,87.14,16.543,33.9,1
6359,0.9812,88.82,17.458,36.49,1
6360,1.3401,85.08,16.387,28.14,1
6361,1.3733,86.05,16.988,36.59,1
6362,1.1271,85.94,16.503,31.47,1
6363,1.3059,82.76,16.315,38.06,1
6364,1.4114,88.08,16.775,34.32,1
6365,1.4705,89.87,17.051,32.56,1
6366,1.165,90.23,16.819,51.72,1
6367,0.8563,86.66,16.976,51.15,1
6368,1.078,86.1,16.824,48.67,1
6369,1.1368,88.84,17.262,50.05,1
6370,1.1618,90.66,17.465,45.96,1
6371,1.1722,89.51,16.914,35.12,1
6372,1.368,89.98,17.718,34.01,1
6373,1.3913,91.88,18.02,35.75,1
6374,1.1743,88.32,16.728,34.32,1
6375,1.3648,89.56,17.421,26.94,1
6376,1.2537,93.47,18.189,35.29,1
6377,1.2098,90.01,17.08,22.47,1
6378,1.3362,88.07,16.848,37.26,1
6379,1.2112,89.46,17.407,27.37,1
6380,1.5093,89.12,16.665,34.88,1
6381,0.9851,91.91,17.184,35.38,1
6382,1.1239,89.61,16.864,32.41,1
6383,1.1825,92.14,17.059,20.59,1
6384,1.2678,90.33,17.843,25.3,1
6385,1.3926,87.75,16.364,40.01,0
6386,1.1992,92.81,17.819,28.85,1
6387,0.9901,92.7,18.038,37.87,1
6388,1.3304,93.64,17.685,32.9,1
6389,1.3179,91.45,17.234,32.54,1
6390,0.914,91.44,17.564,36.92,1
6391,1.2055,94.0,17.851,27.2,1
6392,0.9683,96.44,18.71,34.34,1
6393,1.1079,93.62,17.143,29.47,1
6394,1.0731,94.65,17.64,52.5,1
6395,1.3308,93.36,18.005,23.91,1
6396,1.2279,91.11,17.437,31.47,1
6397,1.0186,96.33,18.551,28.66,1
6398,1.3445,96.42,18.323,20.33,1
6399,0.9985,96.22,18.131,37.07,1
6400,1.2642,94.64,17.832,28.79,1
6401,1.0938,95.99,19.684,12.37,1
6402,1.1623,96.39,19.056,36.73,1
6403,1.294,97.64,18.615,25.33,1
6404,1.2979,96.18,18.208,30.45,1
6405,1.4216,94.13,18.109,37.94,1
6406,1.2101,91.18,17.82,31.37,1
6407,1.2699,93.91,18.019,29.67,1
6408,1.1598,93.91,17.577,52.37,1
6409,1.2543,94.62,18.984,15.0,1
6410,1.2945,95.71,18.21,21.29,1
6411,1.2154,92.61,18.879,24.7,1
6412,0.9613,96.8,18.348,45.23,1
6413,1.2833,88.88,16.989,30.51,1
6414,1.29,93.04,18.445,35.1,1
6415,1.1351,90.4,17.438,30.97,1
6416,1.0463,87.99,17.003,41.03,1
6417,1.4622,91.2,17.048,34.18,1
6418,1.3165,88.49,17.325,37.93,1
6419,1.2103,90.88,17.202,44.77,1
6420,1.0761,91.07,17.246,37.88,1
6421,1.1255,93.04,17.527,27.3,1
6422,1.4462,87.58,17.08,38.95,1
6423,1.2736,92.22,17.124,53.02,1
6424,1.1725,90.4,17.229,39.28,1
6425,1.3337,92.06,18.039,34.98,1
6426,1.1374,88.94,16.698,24.67,1
6427,1.4869,86.94,16.862,42.63,1
6428,1.467,86.97,16.572,43.8,1
6429,1.1965,86.62,16.593,39.53,1
6430,1.1745,89.96,18.182,35.94,1
6431,0.8785,91.75,17.03,56.61,1
6432,1.0515,87.47,17.229,43.36,1
6433,1.0753,89.66,17.025,45.13,1
6434,1.299,85.15,16.333,38.44,1
6435,1.2324,88.36,16.645,34.93,1
6436,1.0821,89.14,17.473,40.57,1
6437,1.2444,84.7,16.382,37.12,1
6438,1.365,86.99,16.68,36.4,1
6439,1.3711,88.63,17.09,39.53,1
6440,1.0097,81.13,15.854,36.22,1
6441,1.2782,89.47,16.62,37.08,1
6442,1.0927,87.31,16.668,37.26,1
6443,1.4383,87.83,17.356,44.04,0
6444,1.4235,85.37,16.104,32.88,1
6445,1.1741,82.55,15.78,23.47,1
6446,1.1968,86.87,16.623,34.39,1
6447,1.2455,85.43,16.313,40.92,1
6448,0.9797,85.46,16.559,45.43,1
6449,1.371,87.38,16.502,31.03,1
6450,1.2827,86.52,16.585,41.42,1
6451,1.4723,88.64,17.027,44.9,1
6452,1.1651,84.91,16.783,44.07,1
6453,1.2401,83.02,16.848,32.86,1
6454,1.1101,83.82,16.224,33.24,1
6455,1.1886,84.83,17.603,41.58,1
6456,1.1652,85.83,16.554,50.5,1
6457,1.4951,80.67,16.243,40.71,1
6458,1.2442,83.42,17.428,37.63,1
6459,1.3708,86.42,16.77,26.19,1
6460,1.2984,82.52,15.705,36.57,1
6461,1.1684,84.66,16.486,32.48,1
6462,1.3369,83.59,16.071,39.07,1
6463,1.4554,84.31,16.293,26.31,1
6464,1.1877,80.58,17.049,38.02,1
6465,1.4936,80.39,15.422,32.7,1
6466,1.2482,81.84,16.154,47.42,1
6467,1.3067,78.54,15.234,35.01,1
6468,1.4622,80.86,15.763,35.9,1
6469,1.2866,81.71,16.353,42.23,1
6470,1.3952,84.57,16.571,34.63,1
6471,1.3459,81.61,15.905,58.91,1
6472,1.416,81.85,15.799,47.33,1
6473,1.043,82.73,16.294,39.5,1
6474,1.1293,78.27,16.471,44.98,1
6475,1.4997,79.67,15.398,22.35,1
6476,1.5665,84.65,17.596,48.06,1
6477,1.2779,79.44,16.282,45.43,1
6478,1.3815,81.63,16.724,39.44,1
6479,1.466,81.13,16.05,44.85,1
6480,1.5294,76.04,15.754,48.88,1
6481,1.1249,79.42,15.331,38.02,1
6482,1.2998,78.89,15.35,44.71,1
6483,1.3865,79.06,15.967,49.95,1
6484,1.5456,76.69,15.379,46.62,1
6485,1.8186,75.77,15.057,41.52,1
6486,1.4133,76.85,14.645,45.26,1
6487,1.2402,77.4,15.201,53.62,1
6488,1.5153,79.77,15.341,47.41,1
6489,1.6568,80.83,16.093,31.19,1
6490,1.4786,79.79,15.645,45.82,1
6491,1.3301,78.52,15.306,45.52,1
6492,1.6136,74.59,16.817,53.56,1
6493,1.5732,75.58,15.602,43.91,1
6494,1.3235,76.62,15.769,40.07,1
6495,1.5384,74.74,16.373,33.21,1
6496,1.6345,76.95,15.671,37.27,1
6497,1.666,77.04,15.041,52.44,1
6498,1.4825,76.47,14.922,44.7,1
6499,1.4425,77.25,15.809,41.85,1
6500,1.6841,73.19,14.167,55.45,1
6501,1.3222,76.67,15.219,51.72,1
6502,1.5733,73.21,14.151,39.19,1
6503,1.3058,72.52,14.668,55.1,1
6504,1.6749,75.26,15.447,30.57,0
6505,1.4801,76.43,15.333,46.82,1
6506,1.7129,74.78,15.422,46.86,1
6507,1.6001,73.64,15.991,54.01,1
6508,1.3466,74.02,14.797,47.64,1
6509,1.7476,73.47,16.845,42.96,1
6510,1.7703,70.75,14.451,45.23,1
6511,1.6737,70.31,14.759,68.36,1
6512,1.4308,72.44,14.4,46.2,1
6513,1.5029,72.56,15.545,50.24,1
6514,1.5743,72.22,15.1,29.5,1
6515,1.4507,73.35,15.554,38.37,1
6516,1.8138,71.37,14.477,50.33,1
6517,1.5853,72.73,14.264,32.45,0
6518,1.1618,71.11,14.619,50.73,1
6519,1.6219,74.85,14.484,38.29,1
6520,1.5224,71.16,14.298,38.03,1
6521,1.567,75.48,15.152,37.88,1
6522,1.5266,71.3,16.034,58.44,1
6523,1.7066,69.97,14.382,49.68,1
6524,1.7571,68.4,14.068,40.68,1
6525,1.6352,67.11,13.792,54.93,1
6526,1.5454,67.82,13.507,54.95,1
6527,1.5936,67.84,13.961,45.25,1
6528,1.6063,70.19,14.32,54.56,0
6529,1.4866,68.15,13.651,56.17,0
6530,1.6973,69.37,13.778,54.19,1
6531,1.6829,71.36,14.279,40.79,1
6532,1.8485,68.42,14.04,38.51,1
6533,1.8092,72.56,14.466,31.92,1
6534,1.5215,65.85,13.284,44.25,1
6535,1.7508,67.7,14.027,45.44,0
6536,1.4885,66.72,13.999,46.68,1
6537,1.7389,69.47,14.221,46.94,1
6538,1.5604,62.92,12.986,65.11,1
6539,1.4877,64.31,13.666,47.7,0
6540,1.6865,66.79,13.694,48.54,1
6541,1.2466,69.9,13.857,32.52,1
6542,1.3884,67.05,14.321,66.59,1
6543,1.6277,63.7,13.456,40.25,1
6544,1.6699,63.81,13.274,45.06,1
6545,1.6054,69.35,13.685,52.96,1
6546,1.427,64.56,13.176,52.23,0
6547,1.5444,63.71,14.549,63.92,0
6548,1.7289,68.35,13.55,53.75,0
6549,1.7605,67.22,13.738,48.02,1
6550,1.6739,67.55,13.876,56.82,1
6551,1.8529,62.9,13.322,60.55,1
6552,1.742,61.55,12.532,46.79,1
6553,1.5732,64.67,13.522,57.9,1
6554,1.6462,64.87,12.99,48.3,1
6555,1.4808,64.73,13.499,49.33,1
6556,1.6779,66.76,13.534,50.09,1
6557,1.8638,60.13,12.477,49.87,1
6558,1.8026,65.12,13.914,46.45,1
6559,1.9129,61.01,12.811,60.27,1
6560,1.6599,64.71,13.665,37.94,1
6561,1.91,61.85,13.252,43.4,1
6562,1.6818,60.97,13.558,57.81,0
6563,1.9342,61.18,12.544,51.71,1
6564,1.7128,59.31,13.091,61.35,1
6565,1.8248,62.08,13.069,54.61,1
6566,1.9425,60.25,12.648,42.18,0
6567,1.6948,63.17,12.857,51.6,1
6568,1.759,62.68,13.427,55.67,1
6569,1.9221,64.58,13.128,52.13,1
6570,1.7112,61.73,13.24,48.21,1
6571,1.5354,61.84,14.188,49.7,1
6572,2.0573,63.4,13.74,46.48,1
6573,1.6677,59.14,13.366,42.91,1
6574,1.7643,57.22,12.084,42.96,0
6575,1.9161,60.4,13.167,55.88,1
6576,1.6536,56.95,11.926,47.86,0
6577,1.5959,64.51,13.337,54.9,1
6578,1.7872,62.31,14.103,46.85,1
6579,1.4823,63.53,13.063,40.38,1
6580,1.7101,59.12,13.179,50.26,1
6581,1.7921,59.9,13.236,69.81,1
6582,1.7168,57.68,12.939,53.63,1
6583,1.5277,60.17,12.377,58.07,1
6584,2.0002,55.77,12.349,56.89,1
6585,1.7784,52.91,11.626,46.01,1
6586,1.9794,56.22,12.728,66.86,1
6587,1.7274,54.69,11.469,54.2,1
6588,1.6362,60.36,12.962,42.3,1
6589,1.8102,60.83,12.969,48.4,1
6590,1.7391,54.19,11.33,54.83,0
6591,1.5964,59.38,12.359,59.37,1
6592,1.995,58.5,12.006,48.45,0
6593,1.6827,53.26,11.487,78.01,0
6594,1.5015,55.42,12.309,48.25,0
6595,1.9782,54.84,12.057,60.99,0
6596,1.7047,57.3,12.415,38.83,1
6597,1.6904,53.14,11.381,56.12,1
6598,1.5181,55.2,12.596,58.82,1
6599,2.0453,53.83,11.817,47.75,1
6600,1.5919,55.95,12.156,67.42,0
6601,1.7952,54.37,12.362,59.86,1
6602,1.9244,53.53,11.452,54.34,0
6603,1.8519,53.97,11.942,60.01,1
6604,1.7807,58.27,12.675,49.29,1
6605,1.5353,53.17,11.529,67.11,0
6606,1.67,51.72,11.806,66.09,1
6607,1.8205,54.77,12.175,59.13,0
6608,1.6751,53.11,11.677,62.03,0
6609,1.8245,50.37,11.254,46.96,0
6610,1.8969,57.46,12.602,66.26,1
6611,1.9397,52.1,11.935,56.95,0
6612,1.6121,51.84,11.552,66.09,0
6613,2.1261,52.72,12.223,63.37,1
6614,1.9123,55.66,12.4,63.68,1
6615,1.7974,48.64,10.535,51.43,1
6616,1.9615,52.35,11.173,50.22,1
6617,2.1533,55.77,12.721,73.52,0
6618,1.583,51.66,11.405,45.85,1
6619,1.7654,48.73,11.127,50.98,1
6620,1.4426,49.76,11.792,59.49,0
6621,1.8285,51.21,11.43,58.63,0
6622,1.8546,53.26,11.754,52.72,0
6623,1.794,49.72,10.915,64.1,0
6624,1.7018,51.85,11.688,65.1,1
6625,1.4926,47.13,11.084,60.58,0
6626,1.856,46.91,10.581,58.7,0
6627,2.0182,48.63,10.737,59.64,1
6628,1.7111,52.28,13.451,53.66,1
6629,1.8656,49.34,11.114,45.81,1
6630,1.5642,49.58,10.948,61.66,1
6631,1.8677,49.36,11.48,65.51,1
6632,1.7398,50.82,11.353,57.28,1
6633,1.6841,47.18,10.475,42.57,0
6634,1.684,49.58,11.4,54.68,1
6635,1.7386,46.34,10.412,68.44,0
6636,1.8545,51.77,12.394,46.43,1
6637,1.5998,46.0,10.869,66.97,1
6638,1.7364,45.64,10.49,58.06,0
6639,1.7891,48.3,11.04,59.87,1
6640,1.6298,47.16,11.259,55.22,1
6641,2.0635,47.45,10.945,51.44,0
6642,1.6652,47.05,12.145,72.24,1
6643,1.6919,44.22,10.958,69.0,1
6644,1.6447,49.43,11.379,64.5,0
6645,2.0603,47.79,10.605,67.6,0
6646,1.8726,48.52,10.971,63.91,1
6647,1.6481,44.54,10.643,69.83,0
6648,1.9535,46.23,10.404,55.95,1
6649,1.8166,45.59,11.267,72.66,0
6650,1.8239,47.26,10.516,70.95,0
6651,1.7325,47.12,10.593,63.77,0
6652,1.6705,44.99,10.296,59.7,0
6653,1.8323,41.36,10.301,54.39,0
6654,1.6985,47.76,10.639,62.17,0
6655,2.0514,45.11,10.004,75.41,0
6656,1.5871,42.58,10.683,54.16,1
6657,2.0065,44.41,10.249,70.5,0
6658,1.7579,40.38,9.459,61.0,0
6659,1.8179,45.31,10.286,58.72,0
6660,1.8964,40.06,10.746,55.56,0
6661,1.6753,42.36,9.873,57.57,0
6662,1.8978,43.09,10.165,68.32,0
6663,1.3603,44.48,10.258,68.48,0
6664,1.6567,42.41,9.723,65.44,1
6665,1.6243,43.27,9.983,59.03,1
6666,1.573,41.74,9.606,55.13,0
6667,1.7269,41.54,10.446,64.57,0
6668,1.8151,41.57,10.027,61.14,0
6669,1.8607,40.82,11.573,66.2,1
6670,1.7894,37.63,9.147,63.85,1
6671,1.6514,39.26,9.349,63.08,1
6672,1.8045,41.09,10.76,65.62,0
6673,1.7657,39.9,10.262,67.88,0
6674,1.8853,39.89,9.9,74.86,0
6675,1.8592,39.35,9.294,62.69,0
6676,1.745,38.07,10.471,70.52,0
6677,1.6036,38.61,9.514,80.26,0
6678,1.6379,38.79,9.41,70.3,0
6679,1.6511,39.21,10.211,74.79,0
6680,1.6839,39.79,9.709,60.16,1
6681,1.7689,38.44,9.143,60.17,0
6682,1.8336,36.54,9.247,65.8,1
6683,1.7161,35.6,8.822,67.21,1
6684,1.7237,43.39,9.559,71.53,1
6685,1.7402,35.74,8.814,61.72,0
6686,1.6387,36.76,9.074,66.23,0
6687,1.5747,38.63,9.175,74.42,0
6688,1.4475,38.12,9.727,67.85,0
6689,1.6038,38.24,9.219,65.97,0
6690,1.7763,36.11,9.378,69.24,0
6691,1.5972,37.28,8.952,57.61,0
6692,1.6641,36.72,9.697,57.82,1
6693,1.7669,35.78,8.717,54.83,1
6694,1.7722,36.69,8.646,68.64,0
6695,1.5293,38.11,10.107,73.48,0
6696,1.8379,35.76,8.823,73.67,0
6697,1.8545,35.57,10.105,76.81,1
6698,1.5129,37.54,9.634,78.11,0
6699,1.5558,37.12,9.69,67.88,0
6700,1.855,38.17,9.994,65.58,0
6701,1.6512,31.29,8.489,82.04,0
6702,1.3372,36.41,9.262,61.55,0
6703,1.4571,35.6,9.76,58.21,1
6704,1.6265,32.43,8.66,66.83,0
6705,1.4863,34.5,8.673,64.65,0
6706,1.5955,35.9,9.399,67.85,0
6707,1.6592,31.94,7.971,63.03,0
6708,1.8704,34.29,9.588,71.39,0
6709,1.6043,34.94,9.701,63.48,0
6710,1.8054,30.86,8.994,80.31,0
6711,1.8555,32.52,9.218,59.93,0
6712,1.853,33.2,8.697,67.96,0
6713,1.6772,30.81,8.329,67.84,0
6714,1.3366,30.44,7.928,72.58,0
6715,1.6969,31.73,9.522,77.38,0
6716,1.7816,33.4,8.584,71.09,0
6717,1.6087,32.89,8.829,68.24,1
6718,1.8791,29.68,8.309,76.72,0
6719,1.7429,32.5,8.211,76.24,0
6720,1.6957,29.33,7.647,73.56,0
6721,1.7699,27.58,7.889,75.55,0
6722,1.6534,29.87,8.064,76.25,0
6723,1.2259,32.65,8.612,56.26,0
6724,1.5214,31.51,9.008,67.29,0
6725,1.7723,30.0,8.344,74.01,0
6726,1.468,28.97,8.449,69.29,0
6727,1.552,28.82,8.268,69.4,0
6728,1.4252,29.62,8.074,74.23,0
6729,1.8458,27.06,7.479,75.94,0
6730,1.8268,28.3,8.107,75.75,0
6731,1.4384,28.37,8.039,65.64,0
6732,1.5894,25.9,8.077,62.12,0
6733,1.4615,26.72,7.7,79.4,1
6734,1.6522,29.02,7.991,65.65,0
6735,1.6327,28.02,7.865,65.7,0
6736,1.6743,27.18,7.52,65.48,0
6737,1.5986,25.78,8.4,82.74,0
6738,1.9854,30.55,8.911,72.36,0
6739,1.3871,25.52,7.194,76.43,0
6740,1.281,27.5,8.255,78.01,0
6741,1.4749,25.82,7.102,73.17,0
6742,1.2949,26.67,8.234,81.1,1
6743,1.3025,27.32,7.604,63.04,0
6744,1.3724,23.46,7.424,66.24,0
6745,1.3805,25.99,7.11,64.28,0
6746,1.3719,28.18,7.596,75.46,0
6747,1.589,29.12,8.325,75.58,0
6748,1.4316,25.14,7.277,70.14,0
6749,1.4768,25.28,7.257,71.97,0
6750,1.6341,29.42,8.911,81.49,0
6751,1.3813,27.07,9.232,67.2,0
6752,1.4528,23.37,7.71,77.34,0
6753,1.5436,23.16,6.87,69.62,0
6754,1.1937,26.11,8.692,82.1,0
6755,1.1234,21.98,6.582,80.84,0
6756,1.5293,25.98,7.532,62.22,0
6757,1.5474,24.27,7.412,72.35,0
6758,1.7795,24.44,8.574,57.71,0
6759,1.4899,22.69,7.594,82.59,0
6760,1.5854,21.74,6.842,92.33,0
6761,1.4293,25.72,7.294,56.12,0
6762,1.4995,22.11,7.559,64.32,0
6763,1.7013,21.58,6.795,77.39,1
6764,1.1289,22.04,7.147,75.63,0
6765,1.5058,22.39,6.686,72.28,0
6766,1.7604,19.74,6.966,63.26,0
6767,1.4787,20.47,7.036,79.31,0
6768,1.6803,20.16,6.383,84.0,0
6769,1.3347,22.89,7.694,98.04,0
6770,1.4206,19.23,6.883,87.92,0
6771,1.4268,17.29,6.688,68.24,0
6772,1.0855,16.67,6.109,78.91,0
6773,1.2393,17.46,6.443,83.26,0
6774,1.2464,22.92,7.214,69.74,0
6775,1.5306,20.03,6.697,83.22,0
6776,1.5345,20.8,6.941,82.15,0
6777,1.4488,20.67,7.504,86.5,0
6778,1.5202,19.51,7.214,83.71,0
6779,1.3685,19.05,6.231,79.85,0
6780,1.5699,21.09,7.396,71.24,0
6781,1.3874,19.09,7.224,67.2,0
6782,1.3913,21.4,6.901,77.91,0
6783,1.3393,19.64,6.922,73.98,0
6784,1.4784,16.96,6.513,76.36,0
6785,1.3091,17.01,6.013,87.77,0
6786,1.5153,16.35,6.06,90.14,0
6787,1.1957,20.04,7.106,67.1,0
6788,1.1973,16.59,6.059,77.36,0
6789,1.4619,15.6,6.568,76.17,1
6790,1.3422,17.64,7.081,80.94,0
6791,1.2841,16.61,6.821,60.91,0
6792,1.4824,17.19,7.536,67.0,0
6793,1.2546,20.18,6.741,75.95,0
6794,1.3124,18.03,6.527,84.47,0
6795,1.5491,16.05,6.295,79.97,0
6796,1.567,12.98,5.674,85.37,0
6797,1.5688,14.6,6.182,81.58,0
6798,1.2875,16.82,5.778,89.12,0
6799,1.5113,12.86,5.764,91.89,0
6800,1.1813,19.28,6.219,71.35,0
6801,1.1846,15.23,5.715,86.93,0
6802,0.9651,15.5,6.415,83.77,0
6803,1.5656,14.27,5.813,100.04,0
6804,1.1821,16.79,6.591,72.54,0
6805,1.2898,13.68,5.718,79.07,0
6806,1.1693,20.53,7.386,68.42,0
6807,1.4073,19.03,6.514,69.8,0
6808,1.2439,18.57,5.993,80.94,0
6809,1.1017,14.02,5.947,81.64,0
6810,1.3609,17.41,5.782,82.89,0
6811,1.0768,19.62,6.252,81.39,0
6812,1.1636,18.59,6.24,75.96,0
6813,0.9705,15.6,5.758,77.7,0
6814,1.0703,16.5,6.029,71.33,0
6815,1.3081,17.1,5.974,73.13,0
6816,0.9841,16.99,5.869,78.35,0
6817,1.054,21.46,7.822,77.7,0
6818,1.2734,14.76,5.726,85.69,0
6819,1.1897,20.11,6.176,81.8,0
6820,1.5677,16.42,6.078,91.61,0
6821,1.5415,17.28,5.979,70.85,0
6822,1.1339,15.38,5.759,77.91,0
6823,1.3454,18.5,6.854,70.82,0
6824,1.3719,22.82,7.009,85.53,0
6825,1.1677,20.53,6.46,72.66,0
6826,1.0308,17.8,6.616,87.56,0
6827,1.2511,22.43,7.699,87.16,0
6828,1.2249,23.06,7.449,78.47,0
6829,1.1834,21.01,6.276,78.74,0
6830,1.313,25.07,7.151,74.27,0
6831,1.1321,22.84,7.196,72.76,0
6832,1.0699,22.77,7.072,71.84,0
6833,1.2572,19.99,6.626,75.82,0
6834,1.2968,23.05,6.883,89.76,0
6835,1.0606,22.43,6.685,67.21,0
6836,1.3745,23.24,8.468,76.69,0
6837,0.968,21.03,6.916,82.07,0
6838,1.1451,22.86,7.471,73.01,0
6839,1.1915,21.17,6.927,79.63,0
6840,1.1331,18.71,6.575,65.74,0
6841,1.1422,25.2,7.505,84.48,0
6842,1.5061,20.4,6.448,85.81,0
6843,1.0963,23.81,6.868,73.92,0
6844,1.5887,24.47,7.587,67.28,0
6845,1.2866,24.65,7.526,80.55,0
6846,1.2335,23.63,7.751,65.63,0
6847,1.2898,24.94,7.833,66.0,0
6848,1.5966,25.54,7.305,73.25,1
6849,1.0668,26.27,8.264,85.38,0
6850,1.0466,28.47,8.378,77.04,0
6851,1.1003,25.67,7.919,68.42,0
6852,1.2173,25.53,9.038,60.23,0
6853,0.9525,23.79,8.583,75.06,0
6854,1.2137,26.67,8.069,75.01,0
6855,1.4635,27.33,8.104,72.02,0
6856,1.2312,25.82,8.164,87.96,0
6857,1.1637,27.49,7.665,71.45,0
6858,1.1141,26.01,7.448,55.13,0
6859,1.3408,28.14,8.28,68.86,0
6860,1.0814,28.83,7.784,75.34,0
6861,1.4816,29.0,8.367,74.7,0
6862,1.494,27.64,7.96,71.01,0
6863,1.2419,25.52,7.288,70.95,0
6864,1.2011,26.58,7.747,57.06,0
6865,1.357,29.19,8.814,72.17,0
6866,1.3661,33.1,8.748,66.43,1
6867,1.0806,27.72,7.943,74.36,0
6868,1.1222,29.51,8.317,75.22,0
6869,1.0025,27.69,8.105,82.32,0
6870,1.262,27.05,7.684,65.12,0
6871,1.3004,27.85,8.077,61.94,0
6872,0.9977,25.24,7.193,69.27,0
6873,1.1318,32.31,8.322,63.73,1
6874,0.9979,25.34,7.316,67.19,0
6875,1.0652,29.47,8.378,82.88,0
6876,1.2827,27.84,7.993,73.48,0
6877,1.0901,28.63,7.992,87.6,0
6878,1.1551,33.35,9.071,68.96,0
6879,0.9563,31.2,8.594,60.9,0
6880,1.2286,29.07,8.001,65.09,0
6881,1.1942,30.02,7.914,79.18,0
6882,1.0918,29.87,7.951,62.01,0
6883,1.1732,31.51,8.033,74.56,0
6884,1.229,32.15,8.63,66.86,0
6885,1.0801,35.79,8.827,60.09,0
6886,0.9814,28.37,7.825,83.07,0
6887,1.4742,32.33,8.55,64.89,0
6888,1.109,31.97,9.064,63.2,0
6889,1.1901,34.69,9.404,67.55,0
6890,1.3569,33.71,8.785,64.71,0
6891,1.7354,34.38,9.566,86.09,0
6892,1.0201,34.09,8.311,77.03,0
6893,1.2751,31.74,9.629,65.23,0
6894,1.1024,36.22,9.503,63.46,0
6895,1.1286,35.6,9.132,51.49,0
6896,1.1024,36.03,8.855,68.48,0
6897,1.0425,36.93,9.128,60.87,0
6898,1.2062,35.44,9.341,68.44,0
6899,0.9924,37.76,9.702,50.61,0
6900,1.3567,35.76,9.42,67.33,0
6901,1.2241,34.76,8.712,81.73,0
6902,1.2805,35.39,8.747,68.2,0
6903,1.1485,35.55,9.164,61.47,0
6904,1.1646,34.76,9.325,67.98,0
6905,1.2642,39.26,9.641,64.93,0
6906,1.0479,36.79,10.078,84.46,0
6907,1.1702,36.59,9.252,64.38,0
6908,1.0965,37.38,9.356,56.95,0
6909,1.0934,42.76,10.472,63.52,0
6910,0.9121,34.74,9.589,69.72,0
6911,1.4311,35.51,8.659,72.19,0
6912,1.1289,34.64,8.585,74.26,0
6913,1.4081,37.13,9.202,82.36,0
6914,1.3956,38.29,12.032,61.26,1
6915,1.0442,37.07,9.211,61.27,0
6916,1.0757,37.12,9.271,51.89,0
6917,1.6249,38.68,9.833,71.08,1
6918,1.5054,37.6,9.867,59.34,1
6919,1.24,39.42,9.733,72.48,0
6920,1.2853,41.23,10.527,60.33,0
6921,1.1541,40.55,9.453,78.48,0
6922,1.3157,41.16,9.66,52.83,1
6923,1.1454,41.77,10.608,72.12,0
6924,0.9502,40.37,9.809,72.01,0
6925,1.0591,39.68,9.306,69.4,0
6926,1.2627,38.66,9.138,56.87,0
6927,1.0921,39.62,9.416,69.48,0
6928,1.254,39.55,9.684,66.28,0
6929,1.1053,42.26,10.295,49.0,1
6930,1.1515,41.69,9.881,76.45,0
6931,1.3992,42.59,10.306,60.68,0
6932,1.3108,39.08,9.452,77.4,0
6933,1.2748,44.46,11.051,61.78,0
6934,1.4106,40.95,11.667,72.29,1
6935,1.3534,39.8,9.575,58.24,0
6936,1.5009,41.32,10.16,65.92,0
6937,1.2176,47.37,11.028,61.73,0
6938,1.2248,41.82,10.081,61.32,0
6939,1.0967,42.15,10.371,56.76,0
6940,1.2303,42.62,10.353,38.9,1
6941,1.4421,42.9,10.014,56.49,1
6942,1.4952,41.84,10.719,69.5,0
6943,1.4471,43.89,10.417,51.51,0
6944,1.0368,45.95,10.5,51.92,1
6945,1.4712,44.63,12.102,50.74,1
6946,1.0359,41.98,10.001,65.48,0
6947,1.4494,43.71,10.414,55.63,1
6948,1.2625,43.5,10.347,72.66,0
6949,1.426,44.91,10.435,67.93,1
6950,1.1238,47.66,11.096,62.0,0
6951,1.5024,44.9,10.199,64.49,0
6952,1.1101,45.22,10.803,55.76,0
6953,1.2327,49.16,10.618,53.41,0
6954,1.1864,47.55,10.478,66.16,0
6955,1.0761,47.15,11.898,68.02,0
6956,1.3566,50.12,10.872,64.55,0
6957,1.6166,47.38,10.314,56.81,0
6958,1.7489,42.63,9.755,60.29,1
6959,1.3668,48.47,12.026,52.47,1
6960,1.523,43.82,9.811,68.86,0
6961,1.3936,48.1,10.648,44.45,1
6962,1.437,43.97,9.904,44.98,0
6963,1.3142,46.67,10.646,44.96,1
6964,1.3981,47.07,10.651,43.62,0
6965,1.4529,46.46,10.544,71.98,1
6966,1.2889,47.5,11.976,66.79,1
6967,1.3675,50.47,10.939,49.13,0
6968,1.3738,47.17,10.786,59.85,0
6969,1.51,49.89,11.379,70.79,1
6970,1.2297,47.07,10.486,64.76,0
6971,1.3853,48.82,11.288,76.62,0
6972,1.6834,50.05,11.109,58.06,1
6973,1.5748,47.61,11.053,55.19,1
6974,1.6061,47.18,10.784,52.05,1
6975,1.411,50.98,10.838,58.6,0
6976,1.459,52.45,12.303,65.02,1
6977,1.5648,50.24,12.575,59.65,0
6978,1.6522,49.69,11.135,56.32,0
6979,1.129,51.11,11.115,68.39,0
6980,1.2281,51.11,12.243,62.56,1
6981,1.6255,51.69,12.633,57.08,0
6982,1.3912,46.34,10.636,55.06,0
6983,1.3356,49.46,11.086,57.29,0
6984,1.252,50.11,11.235,62.72,0
6985,1.3605,52.3,11.107,51.38,1
6986,1.2371,52.57,11.526,47.59,1
6987,1.7649,53.67,12.787,52.96,1
6988,1.4516,53.12,11.652,56.74,0
6989,1.45,50.2,10.939,69.79,1
6990,1.5506,55.89,12.354,46.18,1
6991,1.6105,55.74,11.877,57.37,0
6992,1.6118,50.88,11.356,56.25,0
6993,1.6347,54.27,11.492,54.62,0
6994,1.3828,52.61,11.302,69.75,0
6995,1.4365,54.28,12.235,57.08,1
6996,1.6003,56.31,12.243,47.91,1
6997,1.4096,58.66,12.282,60.91,0
6998,1.4917,56.1,12.214,61.86,1
6999,1.556,55.39,11.843,47.76,0
7000,1.6178,54.32,11.629,46.86,0
7001,1.2371,55.56,12.678,58.95,0
7002,1.6148,58.12,12.836,53.86,1
7003,1.4762,55.51,12.068,51.93,1
7004,1.6212,54.03,11.914,65.03,0
7005,1.6354,52.76,11.661,52.61,0
7006,1.7638,57.23,12.549,58.04,1
7007,1.7294,56.89,12.01,64.26,0
7008,1.7321,55.31,12.458,53.1,0
7009,1.7504,58.85,12.73,39.06,1
7010,1.5813,56.16,12.074,52.08,1
7011,1.5462,56.93,12.112,56.36,1
7012,1.676,57.37,12.755,62.6,0
7013,1.6586,56.9,12.226,50.69,1
7014,1.5061,58.27,12.247,67.82,1
7015,1.6169,60.3,12.653,42.43,0
7016,1.5546,55.92,12.498,56.76,1
7017,1.4355,59.38,12.182,51.46,1
7018,1.7609,58.94,12.459,64.41,1
7019,1.5792,59.11,13.151,41.75,1
7020,1.8819,60.74,12.796,55.96,1
7021,1.3344,59.3,12.76,51.47,1
7022,1.4984,60.36,13.349,65.02,1
7023,1.5904,61.03,13.334,45.75,1
7024,1.7597,58.79,12.407,57.05,0
7025,1.6526,60.6,12.789,45.94,1
7026,1.6429,59.7,13.141,54.69,1
7027,1.4308,60.13,13.226,49.96,1
7028,1.4299,59.96,12.709,49.94,1
7029,1.6553,61.74,12.99,36.06,1
7030,1.4058,61.16,13.038,55.62,1
7031,1.5342,61.99,13.776,43.15,1
7032,1.6925,61.36,13.487,43.25,1
7033,1.4735,58.39,12.828,41.52,1
7034,1.8651,61.86,12.679,43.43,1
7035,1.8113,62.13,12.965,55.73,0
7036,1.3954,62.69,13.068,55.0,0
7037,1.4947,61.21,13.696,57.58,0
7038,1.295,60.21,12.69,44.66,1
7039,1.5238,64.05,14.008,52.29,1
7040,1.7595,62.45,12.914,46.61,1
7041,1.5857,63.54,13.103,58.51,1
7042,1.7202,62.84,13.388,54.71,1
7043,1.426,63.59,14.161,45.6,1
7044,1.7772,62.9,13.104,59.58,1
7045,1.5775,62.06,12.418,55.82,1
7046,1.6657,65.15,13.057,38.82,1
7047,1.6531,63.19,13.356,37.71,1
7048,1.4794,64.93,13.044,39.26,1
7049,1.5003,65.62,13.3,62.82,1
7050,1.8215,63.83,13.329,42.58,1
7051,1.7392,62.79,12.544,66.33,1
7052,1.8399,70.25,14.147,38.31,1
7053,1.7341,64.54,13.059,40.88,1
7054,1.7098,67.05,13.356,55.81,0
7055,1.4323,69.88,13.957,54.48,1
7056,1.6536,67.78,13.569,52.78,0
7057,1.6929,65.8,13.826,54.93,1
7058,1.9928,66.47,14.334,42.71,1
7059,1.8056,65.13,13.385,56.58,0
7060,1.9358,68.76,13.852,49.66,1
7061,1.7977,68.33,13.847,45.08,1
7062,1.6041,66.37,13.348,49.93,1
7063,1.731,65.52,13.175,58.18,1
7064,1.7515,65.16,13.041,53.04,1
7065,1.5778,69.97,13.833,29.75,1
7066,1.6636,68.44,14.937,55.07,1
7067,1.6929,68.83,13.833,54.22,1
7068,1.9671,66.95,13.101,45.8,1
7069,1.4166,65.87,13.422,50.41,1
7070,1.912,70.93,13.918,47.35,0
7071,1.593,69.28,14.167,31.59,1
7072,1.5301,71.21,14.413,43.06,1
7073,1.9152,68.83,14.097,44.8,1
7074,1.8503,69.33,14.133,46.13,1
7075,1.9309,71.43,14.325,41.94,1
7076,1.865,71.66,14.058,51.3,1
7077,2.056,72.0,14.52,39.33,1
7078,1.833,70.01,14.755,54.27,1
7079,1.7278,72.03,15.62,50.71,1
7080,1.8047,73.22,14.642,55.95,1
7081,1.9418,70.99,14.348,60.28,1
7082,1.6404,70.37,14.528,60.7,0
7083,1.6614,74.29,15.71,34.94,1
7084,1.7147,70.49,14.147,49.46,1
7085,1.4472,73.26,15.058,39.3,1
7086,1.7854,72.08,14.282,71.99,1
7087,1.4835,68.72,14.199,52.68,1
7088,1.7761,74.86,15.453,55.42,1
7089,1.8996,67.28,13.439,52.11,1
7090,1.6999,69.03,13.915,26.5,1
7091,2.0246,74.25,15.353,38.18,1
7092,1.5555,74.45,15.198,38.84,1
7093,1.9548,72.32,15.112,42.48,1
7094,1.8788,74.1,15.268,47.42,1
7095,1.5215,68.94,13.963,51.65,1
7096,2.1869,75.61,16.502,22.61,1
7097,1.7721,74.9,15.041,42.16,1
7098,1.6513,74.51,14.221,40.41,1
7099,1.5731,74.84,14.869,55.14,1
7100,1.7523,75.99,14.977,48.15,1
7101,1.7673,75.14,15.396,42.45,1
7102,1.803,71.65,14.333,47.8,1
7103,1.7439,79.99,16.301,27.51,1
7104,1.8846,78.2,15.73,47.37,1
7105,1.7324,73.43,14.435,41.78,1
7106,1.5012,75.51,15.022,37.24,1
7107,1.77,75.93,14.872,53.96,1
7108,1.4381,78.76,15.64,43.93,1
7109,1.847,72.48,14.354,40.19,1
7110,1.6478,76.0,15.181,38.56,1
7111,1.8199,73.68,14.699,47.72,1
7112,1.9931,76.83,15.215,45.21,1
7113,1.6543,76.65,16.52,43.24,1
7114,1.9563,77.96,15.31,32.6,1
7115,1.7326,76.79,14.73,34.48,1
7116,2.0611,76.7,15.756,36.99,1
7117,1.7437,79.64,16.192,39.65,1
7118,1.6728,79.51,15.13,40.96,1
7119,1.9022,79.9,15.491,39.78,1
7120,1.734,78.65,15.737,40.9,1
7121,1.6734,78.06,15.692,57.22,1
7122,1.7281,79.16,15.622,48.3,1
7123,1.7932,80.6,15.848,50.14,1
7124,2.0013,75.45,14.754,47.45,1
7125,1.5099,80.79,15.251,41.11,1
7126,1.8034,80.82,17.143,43.79,1
7127,1.8936,80.52,15.507,42.49,1
7128,1.8288,80.3,15.868,47.28,1
7129,1.9961,75.67,15.039,35.8,1
7130,1.7883,80.12,16.2,46.73,1
7131,1.7715,84.78,16.514,39.47,1
7132,1.8877,81.43,16.027,25.69,1
7133,1.8134,80.99,15.246,41.09,1
7134,1.7395,81.83,15.742,29.45,1
7135,1.8751,82.71,16.503,35.09,1
7136,1.6993,83.52,16.577,37.62,1
7137,1.7049,81.94,15.725,27.78,1
7138,1.7168,83.45,15.799,38.5,1
7139,1.9983,86.15,16.725,37.86,1
7140,1.3115,85.01,15.815,44.03,1
7141,1.8533,87.88,16.564,32.64,1
7142,1.7983,82.09,17.085,41.94,1
7143,1.5402,86.95,17.575,36.07,1
7144,1.8379,82.22,16.298,36.32,1
7145,1.8619,84.71,16.587,24.81,1
7146,1.8781,85.66,16.058,36.71,1
7147,1.3908,83.38,16.0,44.93,1
7148,1.9925,84.78,16.355,30.66,1
7149,1.6758,86.62,16.493,35.29,1
7150,1.8883,83.58,16.156,38.29,1
7151,1.8953,88.54,17.712,44.7,1
7152,1.6514,82.63,15.95,39.66,1
7153,1.8807,89.48,17.044,37.62,1
7154,1.7225,87.8,17.265,36.25,1
7155,1.4682,85.82,16.19,33.57,1
7156,1.9527,85.39,16.274,28.69,1
7157,1.6598,85.39,16.302,35.49,1
7158,1.6464,86.33,16.722,40.35,1
7159,1.7126,86.7,16.627,37.96,1
7160,1.8123,89.51,17.059,47.13,1
7161,1.7612,91.14,17.187,41.88,1
7162,1.8504,87.8,16.571,46.25,1
7163,1.5655,85.91,16.912,21.2,1
7164,1.6533,86.71,16.63,49.61,1
7165,1.7455,87.63,17.176,38.55,1
7166,2.0457,86.14,16.312,40.59,1
7167,1.7421,86.04,16.423,44.54,1
7168,1.92,92.79,17.584,33.49,1
7169,1.7611,89.41,17.111,26.79,1
7170,1.6807,87.33,17.202,48.18,1
7171,1.7142,90.83,17.217,28.35,1
7172,1.7239,87.04,17.155,28.89,1
7173,1.8376,87.41,17.023,34.68,1
7174,1.9511,88.19,16.937,33.0,1
7175,1.7967,93.31,17.43,33.05,1
7176,1.9185,89.69,17.558,34.4,1
7177,1.5935,85.52,16.268,48.47,1
7178,1.6737,93.02,17.695,36.86,1
7179,1.6249,90.19,17.257,28.03,1
7180,1.7783,87.3,16.766,30.86,1
7181,1.6749,90.57,17.191,31.55,1
7182,1.8357,92.44,17.336,30.46,1
7183,1.5841,92.41,17.135,29.44,0
7184,1.7277,95.4,18.813,22.95,1
7185,1.8217,90.29,17.116,37.15,1
7186,1.4063,92.29,17.544,29.98,1
7187,2.0317,91.0,17.348,26.79,1
7188,1.6683,89.52,17.727,39.17,1
7189,1.4043,94.57,19.103,39.04,1
7190,1.7291,93.93,17.905,30.68,1
7191,1.7076,93.77,17.754,46.99,1
7192,1.6875,94.25,17.526,50.17,1
7193,1.8457,92.23,17.146,37.64,1
7194,1.8062,91.79,17.01,30.18,1
7195,1.7359,94.08,17.589,34.71,1
7196,1.7558,96.52,17.662,21.29,1
7197,1.6697,97.62,18.932,23.46,1
7198,1.9487,96.19,18.363,17.82,1
7199,1.4575,94.86,17.883,27.06,1
7200,1.6973,95.54,18.639,21.82,1
7201,1.683,94.82,17.625,37.1,1
7202,1.7922,92.55,17.353,27.48,1
7203,1.5405,94.45,17.379,34.54,1
7204,1.4024,91.53,17.843,40.07,1
7205,1.6843,93.75,17.536,42.12,1
7206,1.6997,97.07,18.317,27.93,1
7207,1.8778,95.25,18.53,34.34,1
7208,1.4605,91.55,18.213,36.81,1
7209,1.821,93.06,17.697,43.34,1
7210,1.9996,91.33,17.616,40.47,1
7211,1.5845,92.67,17.348,43.82,1
7212,1.4442,94.68,18.913,18.87,1
7213,1.5735,93.71,17.742,27.46,1
7214,1.6332,97.17,18.358,38.95,1
7215,1.7123,94.38,17.758,37.01,1
7216,1.5356,92.21,18.197,32.67,1
7217,1.8542,92.95,17.776,29.44,1
7218,1.4502,91.0,17.755,40.71,1
7219,1.3531,88.94,17.244,19.8,1
7220,1.7764,93.61,17.707,39.17,1
7221,1.2657,92.82,18.123,34.03,1
7222,1.5728,90.12,17.416,31.02,1
7223,2.0675,90.95,17.073,38.45,1
7224,1.5945,92.68,17.326,30.3,1
7225,1.4246,91.69,17.565,34.22,1
7226,1.5805,86.87,17.219,36.51,1
7227,1.5779,90.09,18.19,40.9,1
7228,1.606,89.06,16.601,36.83,1
7229,1.6776,91.43,17.474,18.87,1
7230,1.4187,91.06,17.626,23.23,1
7231,1.8241,91.44,17.591,25.46,1
7232,1.604,86.36,17.202,40.83,1
7233,1.6726,86.83,17.075,41.36,1
7234,1.4657,90.43,16.988,48.11,1
7235,1.7492,86.82,16.439,28.79,1
7236,1.5139,84.76,16.597,48.62,1
7237,1.5904,88.67,17.536,20.3,1
7238,1.4051,86.31,16.755,37.36,1
7239,1.3918,90.78,16.899,36.49,1
7240,1.6408,87.59,16.547,38.38,1
7241,1.4673,87.12,17.137,34.25,1
7242,1.402,85.86,16.499,38.43,1
7243,1.4299,89.58,17.236,25.37,1
7244,1.6274,86.92,17.319,43.77,1
7245,1.4245,85.18,16.146,39.89,1
7246,1.4974,84.21,16.229,41.37,1
7247,1.5136,85.45,16.379,35.5,1
7248,1.2199,83.44,16.419,36.31,1
7249,1.2831,87.26,17.201,40.84,1
7250,1.5504,81.38,15.511,52.89,1
7251,1.3857,84.52,16.426,27.14,1
7252,1.651,85.82,17.039,25.96,1
7253,1.6337,85.08,15.989,40.08,1
7254,1.5928,82.77,16.139,36.68,1
7255,1.7541,85.32,16.163,38.8,1
7256,1.4649,82.03,15.828,39.59,1
7257,1.571,83.56,15.65,43.84,1
7258,1.3822,84.7,17.201,35.89,1
7259,1.834,84.13,16.236,28.86,1
7260,1.7599,81.65,15.722,33.69,1
7261,1.4604,85.19,16.67,36.6,1
7262,1.5129,82.77,15.825,29.3,1
7263,1.6551,83.89,15.967,38.37,1
7264,1.4254,85.26,17.368,38.33,1
7265,1.3453,84.24,17.447,35.6,1
7266,1.5712,84.04,16.145,40.25,1
7267,1.4482,81.99,16.58,26.89,1
7268,1.4602,82.99,16.351,31.58,1
7269,1.3039,81.63,15.562,30.88,1
7270,1.1677,78.58,15.227,48.89,1
7271,1.4572,81.41,16.821,58.61,1
7272,1.5539,81.11,15.482,33.29,1
7273,1.3806,81.57,17.475,38.18,1
7274,1.6264,79.94,15.537,35.49,1
7275,1.3017,78.48,16.404,43.68,1
7276,1.2455,81.11,15.802,35.46,1
7277,1.3901,76.97,15.673,45.08,1
7278,1.3842,82.32,16.845,44.93,1
7279,1.5086,78.74,16.304,31.97,1
7280,1.2733,79.49,15.465,43.48,1
7281,1.5913,79.92,15.447,26.7,1
7282,1.6776,79.78,15.685,39.08,1
7283,1.3733,75.58,14.682,41.06,1
7284,1.5631,79.85,15.828,39.26,1
7285,1.2138,78.61,15.261,39.34,1
7286,1.5301,76.53,15.771,39.12,1
7287,1.5226,76.1,14.961,41.21,1
7288,1.4916,76.73,14.758,44.87,1
7289,1.3565,74.6,15.692,46.37,1
7290,0.9123,80.44,15.893,41.65,1
7291,1.2559,79.77,15.728,36.55,1
7292,1.255,77.5,15.925,51.14,1
7293,1.1989,75.95,15.56,55.63,1
7294,1.3608,75.81,14.858,33.21,1
7295,1.2764,77.52,15.213,43.8,1
7296,1.2124,79.32,15.288,37.67,1
7297,1.1741,74.46,14.476,51.73,1
7298,1.2225,73.16,14.985,45.0,1
7299,1.495,78.3,15.664,42.45,1
7300,1.2245,71.43,14.82,50.1,1
7301,1.2434,72.78,15.337,42.95,1
7302,1.2491,74.11,15.229,57.96,1
7303,1.3655,71.28,14.854,50.31,1
7304,1.3801,76.42,14.649,50.6,1
7305,0.8521,75.71,14.992,41.81,1
7306,1.4591,72.65,15.118,44.43,1
7307,1.5185,76.16,14.801,49.8,1
7308,1.1427,76.3,15.232,48.91,1
7309,1.1516,72.97,14.927,35.23,1
7310,1.2271,72.1,14.759,46.76,1
7311,1.1785,77.32,15.507,46.4,1
7312,1.3228,74.04,15.127,43.53,1
7313,0.9946,72.91,14.762,48.28,1
7314,1.1162,74.93,14.546,43.34,1
7315,1.5122,72.6,14.865,27.46,1
7316,1.1395,70.79,14.489,36.04,1
7317,1.4627,71.76,14.074,53.74,1
7318,1.327,73.48,15.508,42.96,1
7319,0.9999,67.22,14.07,50.19,1
7320,1.3641,70.42,13.889,46.72,1
7321,1.2488,73.57,14.506,38.26,0
7322,1.1958,69.58,13.984,43.52,1
7323,1.2985,73.49,14.572,47.54,1
7324,1.3307,73.03,14.829,48.63,1
7325,1.3634,69.87,13.907,64.59,1
7326,1.4318,68.66,14.62,43.98,1
7327,1.3142,69.03,14.623,60.95,1
7328,1.0445,74.73,15.24,37.28,1
7329,1.1777,72.95,14.71,49.14,1
7330,1.6882,69.25,14.593,48.87,1
7331,1.3534,67.58,13.783,47.44,1
7332,1.5981,68.83,13.824,47.65,0
7333,1.4501,68.89,14.693,42.69,1
7334,1.2752,65.71,13.742,56.8,1
7335,1.2823,68.16,13.735,41.36,1
7336,1.2298,70.44,14.163,49.27,1
7337,0.9729,64.0,13.095,56.65,1
7338,1.2346,69.05,15.353,58.64,1
7339,1.4118,69.95,14.244,54.8,1
7340,1.1386,65.88,13.697,54.05,1
7341,1.2888,70.19,14.613,41.79,1
7342,1.3532,65.22,13.148,43.58,1
7343,1.0875,67.28,14.393,39.52,1
7344,1.1548,65.59,13.372,39.77,1
7345,1.0684,65.39,14.637,49.76,1
7346,1.0964,64.57,13.317,44.44,1
7347,1.0252,67.0,14.314,58.4,1
7348,1.082,67.1,13.183,44.11,0
7349,1.4288,65.07,13.136,50.71,0
7350,1.0774,62.28,12.981,49.51,1
7351,1.2325,65.61,13.035,38.41,1
7352,1.137,65.44,13.838,58.45,1
7353,1.3882,63.97,13.478,56.18,1
7354,1.4071,67.93,13.613,54.72,1
7355,1.339,60.87,12.874,57.24,1
7356,1.2544,59.37,13.036,47.3,0
7357,1.173,62.14,12.502,45.8,1
7358,1.028,64.82,13.074,53.72,1
7359,1.4976,61.09,12.788,64.69,1
7360,1.0914,61.04,12.915,55.46,0
7361,1.3042,64.7,13.432,58.01,0
7362,1.3629,63.53,13.706,46.68,0
7363,1.1201,63.15,13.433,59.89,0
7364,1.3586,63.76,13.636,47.39,1
7365,1.317,61.15,12.496,54.23,0
7366,1.4611,61.04,12.966,49.45,1
7367,1.1311,63.22,13.117,58.18,1
7368,1.0083,58.71,13.351,61.0,1
7369,1.125,56.91,12.359,43.04,1
7370,1.2319,60.13,12.535,63.52,1
7371,1.2091,62.66,13.556,70.41,0
7372,1.1412,61.11,13.169,49.49,1
7373,0.9137,62.11,12.787,50.72,1
7374,1.2706,56.17,12.045,65.21,1
7375,1.4959,60.63,12.72,53.16,0
7376,1.2697,61.11,13.55,52.3,1
7377,1.2915,56.9,12.369,70.04,0
7378,1.2861,61.12,13.256,41.49,1
7379,1.2599,58.98,12.417,47.3,1
7380,1.3403,65.14,13.665,53.26,1
7381,1.2602,54.45,12.601,43.38,0
7382,1.1543,61.34,12.816,49.21,0
7383,1.0821,57.61,12.439,51.38,0
7384,1.1646,54.97,11.575,63.71,0
7385,1.2495,56.95,12.028,60.38,1
7386,1.1554,58.35,12.378,40.52,1
7387,1.2506,59.67,12.355,47.65,0
7388,1.2699,60.84,13.573,46.97,1
7389,1.3296,60.04,12.472,51.24,0
7390,1.3977,55.07,12.38,47.18,1
7391,1.2177,59.06,12.687,57.18,0
7392,1.0107,57.38,12.37,49.02,0
7393,1.1559,55.09,12.826,60.65,1
7394,1.2151,55.78,11.521,55.51,1
7395,0.9341,54.58,11.862,48.47,1
7396,1.4187,55.87,11.78,66.58,0
7397,1.2327,54.14,11.327,67.86,0
7398,1.2696,53.34,11.372,59.32,0
7399,1.4184,56.16,12.181,53.39,0
7400,1.1202,56.26,11.937,46.8,0
7401,1.302,54.42,12.345,64.91,0
7402,1.2006,57.34,12.268,61.18,0
7403,1.1908,53.88,11.71,50.16,0
7404,1.1039,53.59,11.669,51.35,0
7405,1.4709,55.32,12.01,59.46,1
7406,1.1662,53.54,11.626,47.48,1
7407,1.3289,53.77,11.527,51.73,0
7408,0.9442,48.36,11.489,51.66,1
7409,1.404,53.23,11.514,48.99,1
7410,1.3864,49.35,11.01,53.63,1
7411,1.2448,50.36,11.491,66.03,0
7412,1.1978,49.93,11.375,45.01,1
7413,1.2936,50.31,10.997,62.28,0
7414,1.5786,51.1,11.768,60.4,0
7415,0.9726,51.03,11.644,66.13,1
7416,1.3562,53.13,11.793,59.18,1
7417,1.1041,52.04,11.398,54.74,0
7418,1.2398,47.6,10.74,53.92,0
7419,1.2075,51.37,11.377,66.1,0
7420,1.1825,51.64,11.106,61.99,0
7421,1.2472,50.14,11.256,54.97,0
7422,1.0807,50.48,11.751,65.98,0
7423,1.4073,50.78,11.787,54.96,1
7424,0.986,51.73,11.368,57.95,0
7425,1.3383,46.85,11.308,56.05,1
7426,1.2105,49.31,12.29,63.68,0
7427,1.0862,52.62,11.524,49.48,1
7428,1.2945,52.23,11.904,55.27,1
7429,1.0329,50.9,10.79,53.22,1
7430,1.2748,50.07,10.866,61.07,1
7431,1.0578,52.11,11.604,60.84,0
7432,1.3429,52.44,11.284,48.71,0
7433,1.1376,48.14,12.232,63.37,0
7434,1.2111,46.26,10.959,49.43,1
7435,1.3254,47.46,11.34,78.06,0
7436,1.168,53.99,11.837,52.51,0
7437,1.2778,44.46,10.089,70.72,0
7438,1.0621,46.46,10.531,62.73,1
7439,1.3865,44.37,10.513,64.31,1
7440,1.5594,47.25,10.612,51.32,0
7441,1.7162,44.39,10.717,69.11,0
7442,1.3139,46.38,11.037,61.56,1
7443,1.4213,42.5,10.127,67.26,0
7444,1.0388,47.44,10.347,59.81,0
7445,1.5342,48.44,12.002,60.97,0
7446,1.4281,45.03,10.423,54.88,0
7447,1.2421,45.33,12.505,60.58,0
7448,1.5032,45.07,10.809,58.6,1
7449,1.2825,45.56,10.504,56.02,1
7450,1.255,44.92,10.685,63.12,0
7451,1.398,46.34,10.146,64.11,0
7452,1.1703,47.07,11.317,62.77,0
7453,1.4862,42.77,11.958,62.52,0
7454,1.1777,43.58,9.721,66.14,0
7455,1.1817,45.8,10.512,63.46,0
7456,1.206,40.96,9.852,65.21,0
7457,1.4596,39.66,10.118,66.53,0
7458,1.2564,43.85,11.65,72.15,0
7459,1.15,44.19,10.544,52.84,0
7460,1.2646,41.56,11.339,61.52,0
7461,1.354,41.64,10.067,66.72,0
7462,1.185,41.08,10.11,51.69,0
7463,1.1927,40.67,9.99,75.66,0
7464,1.6856,43.59,10.917,64.89,1
7465,1.2432,39.64,9.54,72.87,0
7466,1.3272,41.27,10.328,73.2,0
7467,1.324,39.79,9.33,68.43,0
7468,1.3194,38.49,9.416,48.05,0
7469,1.4793,42.94,9.966,64.42,0
7470,1.5318,39.96,9.78,66.72,1
7471,1.3472,41.18,9.808,55.6,0
7472,1.2111,37.58,9.96,52.13,0
7473,1.5913,38.92,9.291,69.34,0
7474,1.3894,41.71,9.507,53.98,0
7475,1.6668,45.17,10.107,78.39,1
7476,1.074,35.85,9.615,69.6,0
7477,1.4438,39.2,9.308,76.29,0
7478,1.7059,40.22,9.956,65.11,0
7479,1.3688,37.97,9.334,72.23,1
7480,1.3916,40.7,10.245,65.01,0
7481,1.4734,37.07,9.222,74.8,0
7482,1.3489,38.91,11.608,49.35,0
7483,1.3896,37.36,10.49,73.69,0
7484,1.3894,40.64,9.727,69.97,0
7485,1.3497,36.65,9.082,65.78,1
7486,1.6318,37.1,11.815,63.47,1
7487,1.5204,39.49,9.323,62.91,0
7488,1.4925,35.34,9.03,70.06,0
7489,1.5799,37.34,9.36,76.31,0
7490,1.4227,33.35,8.752,64.71,0
7491,1.35,34.62,8.442,54.61,0
7492,1.3795,37.36,9.574,86.46,0
7493,1.4739,34.42,8.591,73.72,0
7494,1.3185,35.11,9.793,64.8,0
7495,1.4061,36.99,8.856,76.32,0
7496,1.4075,34.64,8.97,75.68,0
7497,1.8074,37.25,8.749,70.59,0
7498,1.0764,35.83,8.547,63.68,0
7499,1.4693,36.07,8.876,72.7,0
7500,1.7589,37.48,9.129,75.23,1
7501,1.522,35.44,9.863,53.98,0
7502,1.6206,37.68,9.386,68.19,1
7503,1.5263,36.22,9.86,69.65,0
7504,1.415,33.15,8.582,71.24,0
7505,1.1825,36.59,9.512,67.42,0
7506,1.5534,34.33,8.647,77.89,0
7507,1.41,32.81,8.4,67.62,0
7508,1.4101,33.96,8.326,68.6,0
7509,1.459,35.42,9.207,70.27,0
7510,1.7993,33.91,8.947,67.23,0
7511,1.9021,36.44,9.581,56.05,1
7512,1.5776,34.77,9.056,69.85,0
7513,1.4791,33.45,10.016,70.74,0
7514,1.3759,30.15,8.345,67.99,0
7515,1.6265,31.64,8.983,68.96,0
7516,1.8273,31.94,8.42,44.4,0
7517,1.5265,32.99,8.394,78.87,0
7518,1.2104,32.67,8.984,76.6,0
7519,1.6715,31.54,8.446,59.37,1
7520,1.7224,31.24,8.831,64.85,1
7521,1.3404,32.24,8.738,81.24,1
7522,1.6084,28.88,7.811,62.43,0
7523,1.6532,33.79,9.356,72.55,0
7524,1.5781,26.11,7.372,69.4,0
7525,1.4741,32.91,8.971,72.53,0
7526,1.7487,29.71,8.876,71.58,0
7527,1.5393,31.61,8.348,67.77,0
7528,1.3806,30.13,8.857,74.03,0
7529,1.2995,29.89,8.406,67.12,0
7530,1.7996,30.11,8.672,56.66,0
7531,1.7064,30.42,8.028,63.33,0
7532,1.6306,27.94,8.031,63.85,0
7533,1.5548,30.47,7.89,57.89,1
7534,1.545,26.03,8.637,76.34,0
7535,1.4664,27.99,7.395,70.82,1
7536,1.5664,29.47,8.038,74.15,0
7537,1.3165,29.59,7.877,75.41,0
7538,1.5275,28.32,8.308,78.06,0
7539,1.5946,26.41,8.871,76.41,0
7540,1.736,28.79,8.368,63.89,0
7541,1.6418,25.46,9.838,78.36,0
7542,1.7703,30.1,7.842,72.71,0
7543,1.8567,26.23,7.279,90.78,0
7544,1.8163,23.12,6.918,75.19,0
7545,1.7313,23.61,7.341,77.9,0
7546,1.6657,25.89,7.296,72.71,0
7547,1.5199,25.88,7.372,73.86,1
7548,1.7812,29.34,8.433,71.25,0
7549,1.9252,23.12,6.828,71.65,0
7550,1.7277,25.08,7.147,75.37,0
7551,1.967,22.68,7.005,80.37,0
7552,1.4535,23.61,7.178,71.48,0
7553,1.5122,27.77,8.413,79.02,0
7554,1.8166,21.93,6.737,81.56,0
7555,1.7309,25.17,7.276,66.85,0
7556,1.8912,24.59,7.7,66.54,0
7557,1.6947,23.55,7.661,78.45,0
7558,1.5696,24.44,8.187,69.64,0
7559,1.6706,20.88,7.088,68.11,0
7560,1.4755,26.31,7.75,86.95,0
7561,1.5388,26.65,8.006,65.28,0
7562,1.8567,22.69,7.053,63.19,1
7563,1.8444,27.25,7.733,66.38,0
7564,1.7705,21.4,6.452,78.01,0
7565,1.4605,22.8,7.6,75.91,0
7566,1.6675,24.66,7.538,89.3,0
7567,1.54,20.68,7.217,70.44,0
7568,1.9028,18.64,5.87,79.71,0
7569,1.6412,17.98,6.428,87.24,0
7570,1.5683,25.12,7.228,68.65,0
7571,1.738,19.74,7.534,82.78,0
7572,1.6399,20.23,7.063,62.21,0
7573,1.9608,18.17,6.574,92.17,0
7574,1.6302,22.1,6.906,83.7,0
7575,1.5328,18.44,6.688,72.49,0
7576,1.422,18.82,6.262,84.35,0
7577,1.7424,20.2,6.741,87.39,0
7578,1.6649,17.27,6.134,68.33,0
7579,1.5369,18.84,8.052,72.9,0
7580,1.9317,21.8,7.821,86.69,0
7581,1.8554,19.66,7.228,77.75,0
7582,1.753,18.86,6.13,81.17,0
7583,1.9638,18.83,6.987,78.26,0
7584,1.8604,17.42,6.441,85.68,0
7585,1.6395,21.99,7.68,79.91,0
7586,1.6088,16.18,6.314,80.14,0
7587,1.8891,18.02,6.451,61.37,0
7588,1.8276,17.63,6.493,83.54,0
7589,1.7953,19.22,6.118,83.3,0
7590,1.6445,19.21,6.367,67.56,0
7591,1.8642,16.74,6.421,69.59,0
7592,1.6612,17.18,6.905,82.83,0
7593,1.7608,17.06,6.111,80.32,0
7594,1.9946,11.66,5.482,64.2,0
7595,1.6798,12.82,5.2,73.42,0
7596,1.5444,14.59,6.731,82.51,0
7597,1.6237,14.48,6.483,85.41,0
7598,1.932,13.0,5.998,75.33,0
7599,1.8223,16.7,6.432,77.8,0
7600,1.766,15.0,6.861,72.96,0
7601,1.7101,14.77,5.69,90.59,0
7602,1.8604,12.89,5.377,81.4,0
7603,1.6612,15.51,6.606,74.35,0
7604,1.8355,10.55,5.82,70.75,0
7605,1.6809,15.67,5.722,69.46,0
7606,1.6568,16.33,6.007,93.7,0
7607,1.6967,16.88,7.248,77.48,0
7608,1.7369,13.47,5.95,76.8,0
7609,1.7866,17.25,6.708,76.94,0
7610,1.83,14.92,5.617,74.96,0
7611,1.2421,15.58,6.387,78.8,0
7612,1.6749,18.84,6.142,77.98,0
7613,1.7379,21.63,6.447,76.14,0
7614,2.0229,17.9,6.773,68.16,0
7615,1.6356,16.37,6.98,86.32,0
7616,1.8225,18.58,6.44,73.43,0
7617,2.0227,20.28,6.595,71.56,0
7618,1.6019,19.84,7.709,71.46,0
7619,1.8582,24.29,7.318,66.01,0
7620,1.6791,17.57,6.359,80.6,0
7621,1.7239,19.7,7.675,84.34,0
7622,1.6793,22.5,6.993,69.72,0
7623,1.6901,22.57,6.906,60.71,0
7624,2.2083,15.9,6.521,71.24,0
7625,1.9267,19.99,6.501,73.42,0
7626,1.9652,23.17,7.169,65.25,0
7627,1.8737,26.18,7.267,68.5,0
7628,1.5588,22.01,7.128,71.38,0
7629,1.8589,20.06,6.787,76.84,0
7630,1.9603,18.98,7.07,65.97,0
7631,1.6711,25.64,8.005,78.26,0
7632,1.9436,22.86,7.425,88.57,0
7633,1.9041,19.9,6.906,88.49,0
7634,2.0759,21.39,6.93,71.49,0
7635,1.735,22.62,7.419,80.78,0
7636,1.6325,23.29,6.884,79.43,0
7637,1.7424,20.6,6.231,76.29,0
7638,2.0113,21.37,7.547,77.59,0
7639,1.5211,19.49,6.984,82.77,0
7640,1.4844,25.08,7.462,81.02,1
7641,1.8074,22.52,7.665,69.0,0
7642,1.7268,24.33,7.146,80.38,0
7643,1.7935,26.44,7.471,86.46,0
7644,1.9333,24.24,7.099,81.51,0
7645,1.7077,23.77,7.571,87.03,0
7646,1.5087,24.59,6.969,53.58,0
7647,2.0953,24.53,7.165,79.05,0
7648,1.638,27.09,7.937,74.86,0
7649,1.6276,25.42,7.181,81.96,0
7650,1.9509,23.91,7.105,65.65,0
7651,1.7265,27.3,7.257,68.57,0
7652,1.7734,27.86,8.203,79.49,0
7653,1.854,22.92,6.948,66.77,1
7654,1.9428,28.87,7.724,73.62,0
7655,1.7289,26.73,7.355,72.83,0
7656,2.0055,26.77,7.611,71.37,1
7657,1.4557,28.41,7.543,76.53,1
7658,1.8885,25.47,8.745,64.8,0
7659,1.6471,28.71,7.441,65.53,0
7660,1.9773,26.25,7.522,72.14,0
7661,1.7911,24.25,7.431,64.84,0
7662,1.6672,25.4,7.294,83.6,0
7663,1.8659,28.73,8.149,65.37,1
7664,1.8987,25.91,7.363,79.75,0
7665,1.8592,31.22,9.277,63.26,0
7666,1.6066,30.58,7.976,76.29,0
7667,1.6866,31.07,7.8,57.49,0
7668,1.7566,28.85,7.672,82.96,0
7669,1.7491,29.32,8.315,80.49,0
7670,1.8658,26.61,7.696,68.61,0
7671,1.449,31.19,8.78,63.68,0
7672,1.7993,30.16,8.496,74.57,0
7673,1.7036,30.73,8.135,58.35,1
7674,1.6191,33.18,8.549,69.37,0
7675,1.6313,28.79,7.925,65.27,0
7676,1.7083,29.95,9.367,69.0,1
7677,1.198,31.05,8.726,65.22,0
7678,1.6307,28.73,9.191,65.38,0
7679,1.6022,30.42,8.713,84.38,0
7680,1.8111,31.99,8.523,76.05,0
7681,1.6079,30.55,7.998,58.83,0
7682,1.694,34.02,8.937,61.58,0
7683,1.9551,28.58,8.013,78.71,0
7684,1.8704,34.05,8.82,76.32,0
7685,1.854,33.32,8.668,57.93,0
7686,1.6411,31.06,7.849,75.95,0
7687,1.7949,30.55,8.989,72.79,0
7688,1.6757,28.44,7.996,56.4,0
7689,1.6787,31.21,7.999,67.05,0
7690,1.7668,35.09,9.227,66.85,0
7691,1.6131,33.09,8.423,69.54,0
7692,1.9238,35.73,9.361,57.0,0
7693,1.673,32.36,9.027,63.48,0
7694,1.7869,35.21,9.536,62.89,0
7695,1.9096,32.57,8.572,65.18,0
7696,1.8431,32.27,8.438,65.49,0
7697,1.474,34.19,8.656,67.43,0
7698,1.7491,33.27,8.49,71.52,0
7699,1.807,31.71,8.5,84.17,0
7700,1.8101,34.64,8.865,75.19,0
7701,1.5063,35.41,8.781,78.29,1
7702,1.5716,37.94,9.073,62.39,0
7703,1.8162,37.47,9.328,58.48,0
7704,1.5497,38.24,9.327,72.47,0
7705,1.6158,37.44,9.0,66.41,0
7706,1.8939,36.87,9.674,72.72,0
7707,1.6472,33.94,9.873,61.58,0
7708,1.5421,36.9,9.755,72.05,0
7709,1.5162,37.99,9.199,64.8,0
7710,1.6944,39.91,9.717,61.36,0
7711,1.4412,38.57,10.388,62.92,0
7712,1.6008,39.88,9.357,69.0,0
7713,1.6845,35.54,9.448,73.87,0
7714,1.826,37.15,8.882,63.78,0
7715,1.7279,38.86,10.54,68.44,0
7716,1.5172,40.52,9.67,67.41,1
7717,1.7976,38.11,10.906,72.04,0
7718,1.5725,38.44,10.511,73.83,1
7719,1.4286,40.17,9.734,79.39,0
7720,1.5846,36.75,9.012,63.23,1
7721,1.8226,42.41,10.193,75.23,0
7722,1.6282,37.64,9.327,67.35,0
7723,1.6017,35.76,8.966,58.78,0
7724,1.8419,39.82,9.238,59.9,0
7725,1.378,43.4,10.074,66.69,0
7726,1.3963,41.37,9.597,69.97,0
7727,1.3431,41.9,10.282,55.73,0
7728,1.6378,40.68,10.339,58.48,1
7729,1.6032,40.5,10.169,60.44,0
7730,1.806,37.91,9.583,59.35,1
7731,1.6075,36.68,8.963,51.95,0
7732,1.5067,41.79,10.105,46.17,1
7733,1.5639,44.23,10.757,59.41,0
7734,1.5776,42.49,9.914,65.52,0
7735,1.3055,43.25,10.286,68.3,0
7736,1.9591,45.37,10.499,50.88,0
7737,1.6268,43.06,11.153,52.4,0
7738,1.5766,42.35,10.509,59.36,1
7739,1.6336,41.16,10.2,64.33,0
7740,1.644,47.04,10.31,68.84,1
7741,1.5128,44.25,10.46,68.19,0
7742,1.4354,41.51,9.917,61.15,0
7743,1.6163,41.26,9.875,67.13,0
7744,1.5805,46.31,10.231,54.47,0
7745,1.3974,41.93,9.686,64.44,0
7746,1.7279,47.91,10.909,59.76,1
7747,1.5553,38.89,10.145,76.9,0
7748,1.617,47.45,10.656,64.48,0
7749,1.7126,45.77,10.468,55.37,0
7750,1.5033,45.24,11.575,55.77,1
7751,1.5438,44.85,10.365,59.43,1
7752,1.614,49.18,11.077,46.98,1
7753,1.38,47.01,10.757,58.95,1
7754,1.493,43.99,9.933,61.45,0
7755,1.5,42.56,10.391,67.19,0
7756,1.334,46.55,10.503,65.96,0
7757,1.8213,46.4,10.698,61.95,0
7758,1.2588,43.56,10.479,49.82,0
7759,1.2714,46.69,11.928,51.22,1
7760,1.6595,45.85,10.218,56.65,0
7761,1.5657,47.22,11.246,65.89,1
7762,1.301,48.85,11.493,64.64,0
7763,1.5423,50.59,11.112,56.65,0
7764,1.6677,49.62,11.464,78.11,1
7765,1.4392,46.56,11.663,73.56,0
7766,1.8299,48.94,10.827,69.56,0
7767,1.1778,48.53,11.13,65.49,0
7768,1.5368,45.94,10.816,65.11,1
7769,1.604,49.6,11.428,62.33,0
7770,1.5591,52.71,12.017,42.93,1
7771,1.3911,49.26,11.209,51.03,1
7772,1.3745,46.21,10.91,59.5,0
7773,1.4811,49.66,10.894,60.23,0
7774,1.5333,47.37,10.924,59.58,0
7775,1.4977,51.73,11.336,60.14,0
7776,1.5597,51.25,11.049,41.42,1
7777,1.2473,50.06,11.074,63.01,1
7778,1.3624,49.94,11.354,59.53,0
7779,1.2521,50.38,11.497,57.28,0
7780,1.3316,51.02,11.005,65.81,0
7781,1.5383,49.66,10.886,50.84,1
7782,1.3988,48.62,11.38,57.93,1
7783,1.7702,53.88,12.057,58.95,0
7784,1.4047,51.03,11.83,51.56,1
7785,1.3812,52.33,12.328,41.57,1
7786,1.3848,52.77,11.906,48.11,1
7787,1.2698,53.04,11.554,56.66,1
7788,1.3535,50.25,11.335,56.86,1
7789,1.528,49.45,12.11,59.18,1
7790,1.3726,51.82,13.545,52.63,0
7791,1.2332,53.99,12.052,46.11,1
7792,1.2102,51.94,11.781,58.93,0
7793,1.2781,52.89,12.02,55.93,1
7794,1.3535,58.05,12.468,59.27,1
7795,1.5183,50.31,11.889,52.83,1
7796,1.135,52.69,12.15,41.22,0
7797,1.285,58.19,12.631,33.25,1
7798,1.3515,54.51,11.807,53.08,0
7799,1.0517,53.39,11.302,57.99,0
7800,1.1986,57.34,12.691,52.74,1
7801,1.2186,55.31,12.135,51.29,0
7802,1.1982,54.7,11.7,43.45,0
7803,1.3434,55.98,11.784,40.29,1
7804,1.2876,54.48,12.225,59.25,0
7805,1.2255,53.97,11.372,54.8,1
7806,1.3701,55.97,12.273,52.51,1
7807,1.5615,54.38,12.308,44.04,1
7808,1.5461,56.62,12.489,47.3,1
7809,1.009,57.51,12.232,54.86,0
7810,1.3812,58.71,12.163,56.05,1
7811,1.2652,59.46,12.933,52.01,1
7812,1.3125,56.59,12.855,66.08,0
7813,1.2268,58.6,12.335,49.24,1
7814,1.3015,58.79,12.793,64.02,1
7815,1.304,58.66,13.431,55.54,1
7816,1.1919,57.24,12.481,55.52,1
7817,1.1418,56.34,12.055,62.65,0
7818,1.2064,59.6,13.207,48.24,1
7819,1.3064,55.39,11.802,53.13,1
7820,1.3587,58.46,12.115,44.13,1
7821,1.3945,54.09,12.248,64.03,1
7822,1.19,56.73,12.109,57.65,0
7823,1.3044,57.85,12.308,63.07,0
7824,1.4039,61.99,12.827,53.44,0
7825,1.4321,61.38,12.784,61.0,1
7826,1.2463,59.09,13.367,47.57,1
7827,1.2198,61.86,13.973,59.78,1
7828,1.2795,62.38,14.157,48.39,1
7829,1.0763,60.48,13.368,52.73,1
7830,1.2177,58.23,12.69,59.89,1
7831,1.3564,60.78,12.432,71.15,1
7832,1.339,61.2,12.858,58.84,0
7833,1.2003,59.14,13.99,60.83,0
7834,1.2716,62.53,12.97,47.12,1
7835,1.1134,62.56,13.966,52.72,0
7836,1.3408,63.09,13.236,50.38,1
7837,1.2219,62.96,12.536,62.49,0
7838,1.1905,64.06,13.651,49.4,0
7839,1.1759,62.44,13.776,62.16,1
7840,1.2191,63.4,13.241,40.54,1
7841,1.1598,62.4,13.748,62.75,0
7842,1.3241,62.23,12.598,44.77,1
7843,1.1646,66.28,13.266,56.07,1
7844,1.4614,59.71,12.792,46.26,1
7845,1.4408,65.75,13.823,54.49,1
7846,1.086,62.96,13.914,43.52,1
7847,1.2288,62.9,13.476,59.55,0
7848,1.1195,65.12,13.139,56.69,1
7849,1.1669,61.82,13.112,47.1,1
7850,1.515,63.37,13.527,55.6,1
7851,1.1674,63.5,12.748,58.48,1
7852,1.2665,64.96,13.476,42.64,1
7853,1.2926,63.99,13.223,42.33,1
7854,1.0603,69.0,13.87,39.03,1
7855,1.0812,69.59,14.41,37.54,1
7856,1.0276,62.16,12.705,43.1,1
7857,1.0747,67.49,14.055,55.91,1
7858,0.7793,68.32,14.248,52.47,1
7859,1.2877,67.89,14.476,34.7,1
7860,1.5134,65.68,13.241,45.51,1
7861,1.2268,66.71,13.304,39.71,1
7862,0.9916,65.9,13.754,56.35,1
7863,1.107,66.76,13.656,45.35,1
7864,1.134,65.38,15.75,37.42,1
7865,1.0497,67.77,14.117,49.7,1
7866,1.3309,65.19,13.553,54.74,0
7867,1.3231,68.0,13.883,40.57,1
7868,1.0278,66.1,13.28,47.22,1
7869,1.3096,69.21,14.385,40.25,1
7870,1.4296,67.64,13.865,58.37,1
7871,1.4858,69.78,14.186,43.68,0
7872,1.63,71.56,14.523,40.29,1
7873,1.0648,72.78,14.759,44.92,1
7874,1.6237,64.74,12.96,48.49,0
7875,1.1469,68.33,14.397,53.51,1
7876,1.1112,69.59,13.902,56.97,1
7877,1.2492,71.32,14.394,56.0,1
7878,1.1129,67.3,14.517,45.57,1
7879,1.2602,68.84,15.113,50.14,1
7880,1.0026,71.26,13.946,58.15,1
7881,1.165,71.37,14.468,58.39,0
7882,1.394,72.16,14.689,38.7,1
7883,1.193,72.49,14.17,50.25,0
7884,1.2232,72.48,15.0,48.9,1
7885,1.2737,72.39,14.656,52.98,1
7886,1.3785,72.31,14.677,55.56,1
7887,0.9551,73.73,14.502,36.43,1
7888,1.2917,68.12,14.148,42.6,1
7889,1.1644,75.89,15.532,50.73,0
7890,1.2303,68.59,14.091,49.03,1
7891,1.365,71.04,14.22,28.56,1
7892,1.0277,72.95,14.532,31.9,1
7893,1.0557,74.95,15.084,49.33,1
7894,0.9182,67.81,13.941,55.03,0
7895,1.1271,73.94,15.278,33.84,0
7896,1.41,75.78,14.943,52.32,0
7897,1.1933,76.39,14.823,41.59,1
7898,1.0114,73.21,14.885,36.9,0
7899,1.1407,74.2,14.706,40.0,1
7900,0.9915,73.77,15.183,34.96,1
7901,1.0471,74.41,14.915,39.42,1
7902,1.2754,73.34,15.05,30.05,1
7903,1.0423,73.82,14.49,44.12,1
7904,1.3866,76.67,15.309,47.7,1
7905,1.2104,76.26,14.945,32.46,1
7906,1.2353,77.18,14.941,42.83,1
7907,1.1822,76.83,14.983,36.47,1
7908,1.3414,78.01,15.256,47.55,1
7909,1.3444,78.56,16.179,23.35,1
7910,1.2788,73.52,14.573,50.59,1
7911,1.3149,75.49,14.675,29.16,1
7912,1.2,76.94,15.345,41.16,1
7913,1.3149,77.55,15.395,36.8,1
7914,1.1846,76.46,15.04,40.24,1
7915,1.2374,79.82,15.661,28.87,1
7916,1.1977,82.16,16.552,52.99,1
7917,1.1722,78.77,15.874,31.44,1
7918,1.1394,78.77,15.829,32.08,1
7919,1.3149,80.5,15.448,55.06,1
7920,1.4433,75.27,17.213,46.42,1
7921,1.4244,79.26,16.161,31.41,1
7922,1.0623,81.36,16.183,39.15,1
7923,1.4463,78.31,15.125,40.13,1
7924,1.2074,77.35,15.813,29.09,1
7925,1.3474,79.63,15.513,35.16,0
7926,1.1236,80.08,15.687,40.74,1
7927,1.2831,78.58,15.048,51.98,1
7928,1.3112,84.79,16.077,36.61,1
7929,1.0438,79.84,15.918,40.19,1
7930,1.3601,78.69,16.049,35.26,1
7931,1.4732,81.01,16.217,49.16,1
7932,1.2475,83.22,16.53,46.29,1
7933,1.4802,81.63,15.97,46.33,1
7934,1.2503,82.77,16.016,40.23,1
7935,1.4087,80.26,15.911,28.06,1
7936,0.9511,85.18,16.915,46.59,1
7937,1.6494,83.52,16.28,39.34,1
7938,1.5135,84.7,17.077,35.71,1
7939,1.2492,83.53,16.197,42.47,1
7940,0.9988,84.65,16.123,40.0,1
7941,1.3406,81.45,15.964,31.57,1
7942,1.0836,82.42,16.156,36.98,1
7943,1.3698,86.29,16.662,21.99,1
7944,1.3676,86.92,17.457,37.54,1
7945,1.1676,81.71,16.386,50.62,1
7946,1.4798,84.7,16.019,23.82,1
7947,1.4355,83.54,17.128,39.91,1
7948,1.464,83.21,15.565,44.42,1
7949,1.322,85.37,17.92,44.31,1
7950,1.1113,87.28,16.734,30.66,1
7951,1.4734,86.1,16.592,28.52,1
7952,1.2893,84.76,16.44,33.45,1
7953,1.1245,86.63,16.911,46.55,1
7954,1.5389,85.08,16.512,24.28,1
7955,1.6542,86.82,16.722,27.18,1
7956,1.3363,88.99,17.787,31.93,1
7957,1.6695,82.25,16.341,31.85,1
7958,1.3626,88.19,16.661,35.75,1
7959,1.2951,83.72,16.653,50.08,1
7960,1.2609,89.46,17.402,25.7,1
7961,1.6044,85.93,16.443,36.27,1
7962,1.2451,84.96,16.868,37.96,1
7963,1.4758,88.99,17.037,32.93,1
7964,1.285,88.53,16.944,23.26,1
7965,1.3032,86.0,16.555,32.3,1
7966,1.5302,85.69,15.983,32.5,1
7967,1.3221,88.03,16.764,41.25,1
7968,1.3219,86.19,17.009,40.64,1
7969,1.556,86.68,16.743,24.58,1
7970,1.6292,89.23,16.733,32.36,1
7971,1.4898,87.27,17.311,32.64,0
7972,1.2984,90.25,17.175,50.49,1
7973,1.3236,92.58,17.251,35.79,1
7974,1.4157,89.5,18.592,26.68,1
7975,1.4554,90.26,16.945,28.63,1
7976,1.2627,94.24,18.307,29.43,1
7977,1.5229,88.02,16.689,39.08,1
7978,1.4309,92.98,17.753,37.09,1
7979,1.1644,92.94,17.388,34.84,1
7980,1.2861,92.71,17.265,31.7,1
7981,1.3534,93.78,18.05,31.64,1
7982,1.4218,91.96,17.72,32.79,1
7983,1.7198,90.43,17.896,20.48,1
7984,1.4758,93.99,17.835,32.12,1
7985,1.3177,94.27,19.32,27.82,1
7986,1.4806,94.41,18.025,19.13,1
7987,1.3984,92.49,17.878,52.85,1
7988,1.5036,91.17,17.006,36.79,1
7989,1.5457,93.18,17.51,33.2,1
7990,1.6438,94.88,18.214,29.1,1
7991,1.4625,95.25,18.004,37.69,1
7992,1.7157,92.54,17.709,24.18,1
7993,1.6098,94.23,17.606,29.96,1
7994,1.3713,91.18,17.477,26.67,1
7995,1.8126,95.97,18.194,37.19,1
7996,1.534,92.63,17.269,26.81,1
7997,1.3634,95.97,18.439,40.23,1
7998,1.7404,92.3,17.102,32.82,1
7999,1.8079,96.86,18.356,37.08,1
8000,1.495,95.64,19.123,34.81,1
8001,1.4282,93.24,18.048,41.53,1
8002,1.4817,95.98,18.457,23.93,1
8003,1.6185,93.22,17.431,40.31,1
8004,1.7068,95.7,19.134,16.68,1
8005,1.6044,93.45,18.502,33.27,1
8006,1.5379,90.36,17.017,30.42,1
8007,1.7511,91.64,17.322,22.78,1
8008,1.4832,92.54,18.283,26.33,1
8009,1.6885,95.94,19.192,26.31,1
8010,1.4944,94.8,17.573,30.55,1
8011,1.606,96.05,17.826,27.17,1
8012,1.528,95.91,18.08,32.1,1
8013,1.5404,91.33,16.869,27.56,1
8014,1.4959,91.82,17.531,30.09,1
8015,1.7579,91.18,18.034,31.98,1
8016,1.45,90.46,16.881,36.18,1
8017,1.4526,87.92,16.99,43.04,1
8018,1.8854,91.37,17.248,41.01,1
8019,1.7176,88.63,17.971,37.72,1
8020,1.2168,90.93,17.186,37.88,1
8021,1.4935,95.03,18.841,34.48,1
8022,1.3101,89.58,16.975,32.73,1
8023,1.4429,90.79,17.73,41.73,1
8024,1.1183,92.01,17.658,26.48,1
8025,1.5722,90.56,17.28,18.28,1
8026,1.425,90.38,17.037,26.44,1
8027,1.6088,88.88,17.219,46.9,1
8028,1.3596,88.94,16.929,33.27,1
8029,1.6194,87.28,16.601,38.83,1
8030,1.5482,90.69,18.156,32.39,1
8031,1.8392,85.32,16.792,42.3,1
8032,1.8291,90.54,17.625,35.24,1
8033,1.7387,85.59,16.444,37.1,1
8034,1.5753,90.13,17.197,39.84,1
8035,1.9255,87.29,16.749,32.9,1
8036,1.3982,85.34,16.695,40.77,1
8037,1.424,88.76,17.356,34.35,1
8038,1.6253,89.26,17.127,34.59,1
8039,1.9793,86.32,16.427,30.66,1
8040,1.6142,88.44,17.372,34.21,1
8041,1.6203,82.23,16.098,35.33,1
8042,1.4348,83.96,15.906,47.66,1
8043,1.7962,88.98,16.523,22.14,1
8044,1.8005,85.75,16.739,44.66,1
8045,1.7791,82.28,15.809,25.68,1
8046,1.5695,84.4,16.599,42.66,1
8047,1.5611,83.75,16.046,32.05,1
8048,1.4762,85.07,16.565,42.49,1
8049,1.6859,84.46,16.278,37.35,1
8050,1.5143,85.36,17.569,26.33,1
8051,1.5028,84.66,16.912,49.07,1
8052,1.6188,87.32,17.562,42.82,1
8053,1.612,85.25,16.547,41.88,1
8054,1.6076,85.12,16.907,32.81,1
8055,1.7612,86.33,16.737,43.69,1
8056,1.706,83.02,17.003,28.92,1
8057,1.6538,81.08,15.883,22.53,1
8058,1.7273,85.81,16.194,25.01,1
8059,1.5539,83.47,15.72,31.54,1
8060,1.7212,83.28,17.191,32.99,1
8061,1.7307,81.53,16.191,36.6,1
8062,1.4853,81.37,16.198,37.06,1
8063,1.8628,84.09,17.179,33.35,1
8064,1.5839,84.17,15.892,21.57,1
8065,1.7322,83.57,16.152,40.4,1
8066,1.8959,83.39,16.168,36.85,1
8067,1.8626,82.74,16.506,33.79,1
8068,1.7314,81.66,15.757,51.19,1
8069,1.6744,80.85,15.496,38.55,1
8070,1.8733,83.42,15.879,39.42,1
8071,1.8347,80.05,16.342,47.34,0
8072,1.6431,81.34,15.694,28.28,1
8073,1.619,78.79,15.371,41.54,1
8074,1.4296,78.88,15.871,48.01,1
8075,1.7658,79.53,15.435,40.55,1
8076,1.7325,78.19,14.984,31.66,1
8077,1.9175,81.2,15.461,36.42,1
8078,1.803,76.7,15.233,44.49,1
8079,1.9514,79.4,15.88,24.51,1
8080,1.6487,79.27,15.562,30.62,1
8081,1.926,75.18,15.215,59.68,1
8082,1.6779,77.72,14.932,46.25,1
8083,1.8758,78.91,15.126,53.52,1
8084,1.5422,79.06,17.072,48.5,1
8085,1.7982,77.59,16.026,45.6,1
8086,1.467,79.15,15.983,39.04,1
8087,1.7264,77.38,15.125,45.62,1
8088,1.8342,77.43,15.273,54.14,1
8089,1.6917,77.7,15.405,48.98,1
8090,1.6139,78.85,16.27,43.02,1
8091,1.8999,75.45,15.242,42.35,1
8092,1.7591,75.63,15.328,47.61,1
8093,1.7026,75.06,14.944,39.71,1
8094,1.7838,75.54,15.453,47.67,1
8095,2.1744,78.85,15.706,36.1,1
8096,1.9533,76.95,15.31,40.0,1
8097,1.956,73.34,14.494,36.78,1
8098,1.8482,74.2,14.835,40.96,1
8099,1.8091,75.95,14.791,37.96,1
8100,1.4259,73.19,14.712,58.62,0
8101,1.6846,73.35,14.789,37.83,1
8102,1.7155,77.29,14.726,45.7,1
8103,1.5074,73.17,14.638,37.52,0
8104,1.616,76.11,14.791,43.71,1
8105,1.4934,76.51,15.447,45.41,1
8106,1.7857,72.33,14.89,30.79,0
8107,1.9152,71.82,14.366,34.73,1
8108,1.9592,72.85,14.923,37.65,1
8109,1.8562,71.02,14.67,35.96,1
8110,1.6502,73.24,14.649,45.73,0
8111,1.5056,72.39,15.456,47.51,1
8112,1.5325,73.32,14.496,36.5,1
8113,1.6062,75.19,15.83,44.88,1
8114,1.6638,73.83,14.739,41.31,1
8115,1.7737,72.98,14.41,44.42,1
8116,1.646,67.87,13.799,43.25,1
8117,1.8493,72.49,14.267,49.41,1
8118,1.764,74.85,15.345,57.17,1
8119,1.8007,65.18,13.054,56.09,1
8120,1.9704,72.38,15.35,56.72,1
8121,1.6226,70.48,14.01,35.49,1
8122,1.8626,68.9,14.483,42.25,1
8123,1.7978,72.0,14.56,50.32,1
8124,1.75,73.62,14.907,56.89,1
8125,1.9328,71.55,14.272,51.27,1
8126,1.9318,69.06,14.26,39.36,1
8127,1.6579,67.71,13.962,44.89,1
8128,1.7725,69.69,13.762,49.85,1
8129,1.8418,70.95,14.072,45.11,1
8130,1.7585,68.23,13.789,41.67,1
8131,1.8869,68.22,13.722,45.75,1
8132,1.841,74.24,15.537,44.34,1
8133,2.0734,70.56,14.336,37.99,1
8134,1.5685,70.5,14.057,54.58,1
8135,1.7793,65.08,13.334,46.44,1
8136,1.6609,66.39,13.525,48.59,1
8137,1.8872,67.75,13.804,56.63,1
8138,1.5534,65.4,13.21,48.76,1
8139,1.8473,70.4,14.032,54.6,1
8140,1.7002,69.82,14.582,38.87,1
8141,1.6838,65.73,13.687,53.02,1
8142,1.5762,70.17,14.216,53.61,1
8143,1.7226,66.39,13.71,42.53,1
8144,1.9542,71.38,14.439,44.75,1
8145,1.7868,66.29,13.613,47.96,1
8146,1.8838,66.95,14.023,50.51,1
8147,2.0383,68.4,14.204,51.76,1
8148,1.8271,67.96,13.477,40.94,1
8149,1.7026,66.22,13.632,48.79,1
8150,1.8554,64.72,13.005,62.9,0
8151,1.7025,65.83,13.914,57.93,1
8152,1.7072,62.97,13.555,57.57,1
8153,1.5536,64.7,13.239,48.64,1
8154,1.9192,61.98,13.002,68.84,0
8155,1.721,60.44,12.245,60.98,0
8156,1.8048,63.9,13.811,50.96,1
8157,1.6207,66.12,13.997,51.09,1
8158,1.84,65.25,14.122,46.18,1
8159,1.6587,63.04,14.018,54.33,0
8160,1.7502,66.49,13.337,53.85,1
8161,1.9015,61.66,13.426,57.62,1
8162,1.8868,58.76,13.372,52.3,1
8163,1.7631,58.04,12.005,42.39,1
8164,1.4995,59.84,12.659,55.03,0
8165,2.2118,63.63,13.16,56.47,0
8166,2.0229,60.53,13.238,44.85,1
8167,1.8676,62.52,12.512,50.76,1
8168,1.6443,64.69,14.521,60.92,1
8169,1.7383,59.0,12.556,43.97,1
8170,1.6718,61.96,13.486,49.56,1
8171,1.9408,61.88,13.008,63.77,1
8172,1.7886,58.88,12.799,54.93,0
8173,1.6294,63.11,12.611,46.93,1
8174,1.6743,59.62,12.551,53.17,1
8175,1.9109,59.23,13.039,60.07,1
8176,1.9805,64.02,13.476,48.96,1
8177,1.9674,60.65,12.366,57.39,1
8178,1.8494,61.25,12.962,54.13,1
8179,1.6956,61.91,12.757,54.39,1
8180,1.2449,57.7,12.101,59.67,0
8181,1.7733,61.3,12.489,49.86,1
8182,1.726,57.6,12.67,46.89,1
8183,1.7448,57.31,12.907,58.41,1
8184,1.7293,57.66,13.734,53.35,1
8185,1.5198,56.76,11.818,51.36,1
8186,1.7997,59.44,13.026,57.54,1
8187,1.8083,58.13,12.866,64.34,1
8188,1.8131,56.42,12.005,53.91,0
8189,1.8501,58.55,12.225,53.94,1
8190,1.796,56.45,11.865,45.68,1
8191,1.6411,56.14,11.981,53.53,1
8192,1.6892,56.7,12.339,56.75,1
8193,1.7106,57.33,13.072,54.44,1
8194,1.7103,56.98,12.853,51.91,1
8195,1.841,55.27,11.565,61.64,0
8196,1.7849,57.49,12.104,54.97,1
8197,1.997,55.16,12.705,76.62,1
8198,2.0133,54.09,11.61,58.21,1
8199,1.6913,52.26,11.567,35.67,1
8200,1.1008,56.97,11.8,45.92,1
8201,1.8588,54.82,12.56,60.36,1
8202,1.5891,55.02,11.469,50.84,0
8203,1.5468,56.49,11.742,50.46,0
8204,1.6042,53.25,12.259,47.14,1
8205,1.5938,51.25,12.593,54.44,1
8206,1.7494,53.94,11.731,58.19,0
8207,1.4204,54.22,11.864,59.56,1
8208,1.4894,52.87,12.119,49.12,1
8209,1.6993,56.15,12.295,61.75,0
8210,1.738,48.03,10.815,50.65,0
8211,1.7374,55.04,11.83,59.48,1
8212,1.5198,54.18,11.412,59.19,1
8213,1.4878,53.31,11.845,49.54,1
8214,1.5551,45.53,10.543,53.26,1
8215,1.6637,54.57,11.775,59.32,0
8216,1.8471,49.75,10.882,54.67,1
8217,1.3138,50.58,11.035,57.13,1
8218,1.5843,51.06,11.689,63.86,0
8219,1.414,52.01,11.975,61.62,1
8220,1.3626,52.28,11.469,50.31,1
8221,1.752,52.59,11.479,57.02,0
8222,1.6851,52.23,11.295,50.18,1
8223,1.6673,50.91,11.84,65.42,0
8224,1.7344,51.03,11.417,70.67,0
8225,1.5207,47.82,11.081,53.55,1
8226,1.5242,48.3,11.149,59.77,0
8227,1.9134,51.39,11.343,65.51,1
8228,1.5449,51.07,11.039,58.55,0
8229,1.6885,50.65,11.018,63.1,1
8230,1.5756,47.97,11.516,60.63,1
8231,1.2937,50.62,11.091,50.17,0
8232,1.2606,46.28,10.54,62.18,0
8233,1.4768,50.55,10.968,67.69,1
8234,1.7183,47.68,10.517,62.91,1
8235,1.6745,51.37,11.19,71.17,1
8236,1.6896,44.76,11.428,47.97,0
8237,1.4007,51.13,11.72,61.36,0
8238,1.7874,46.68,10.562,55.81,0
8239,1.3966,46.44,11.258,54.13,0
8240,1.5695,47.39,10.799,71.24,0
8241,1.5323,45.41,11.28,59.72,0
8242,1.504,46.46,12.141,58.31,1
8243,1.7271,44.92,10.997,64.79,1
8244,1.4168,44.8,10.508,44.9,1
8245,1.3164,46.97,11.119,71.65,0
8246,1.5181,44.0,10.356,77.84,0
8247,1.4513,44.06,9.839,69.88,1
8248,2.0141,42.65,9.918,66.7,0
8249,1.6052,44.19,10.062,60.75,0
8250,1.4386,47.62,10.656,51.82,0
8251,1.3378,43.11,11.265,72.69,0
8252,1.2104,43.14,10.787,70.45,0
8253,1.3349,44.79,10.661,65.73,0
8254,1.5022,43.46,10.653,65.59,1
8255,1.6953,48.46,10.488,62.33,0
8256,1.6457,43.47,10.609,58.71,0
8257,1.508,44.27,10.847,82.45,0
8258,1.4214,45.29,9.951,59.54,1
8259,1.5065,45.05,10.865,58.56,1
8260,1.3846,43.47,9.836,71.88,0
8261,1.7164,42.48,9.576,63.28,0
8262,1.4266,46.65,11.447,60.86,0
8263,1.4383,42.2,9.749,75.0,0
8264,1.1151,41.32,9.698,69.64,0
8265,1.4145,40.71,10.342,70.41,0
8266,1.5656,38.35,9.387,54.65,0
8267,1.2762,43.24,10.167,66.26,0
8268,1.3201,36.7,9.178,58.93,0
8269,1.548,41.19,10.077,60.65,1
8270,1.2039,40.59,9.752,66.05,0
8271,1.5804,45.28,10.589,61.54,0
8272,1.3383,36.94,9.108,72.07,0
8273,1.3562,38.6,9.691,72.01,0
8274,1.2423,39.93,9.873,71.81,0
8275,1.464,39.6,10.827,54.48,0
8276,1.7727,38.7,9.414,84.68,0
8277,1.5174,39.44,9.595,65.14,1
8278,1.267,36.88,9.382,76.57,0
8279,1.5634,39.91,10.208,44.94,1
8280,1.3421,34.36,8.55,66.26,0
8281,1.5922,38.75,9.605,54.07,0
8282,1.5036,37.4,8.727,59.67,0
8283,0.9377,40.43,9.712,65.14,0
8284,1.2251,41.71,10.542,61.3,0
8285,1.5139,37.34,9.099,77.11,0
8286,1.3916,40.58,9.911,78.8,0
8287,1.2119,36.97,9.104,59.08,0
8288,1.2671,35.47,8.779,63.82,0
8289,1.0729,40.69,10.329,56.34,0
8290,1.3422,38.04,9.115,75.42,0
8291,1.6838,36.81,9.396,68.19,1
8292,1.4697,37.97,9.577,66.47,0
8293,1.6742,36.95,9.004,69.33,0
8294,1.4748,36.06,9.223,64.87,0
8295,1.4934,33.35,8.44,62.14,0
8296,1.6322,35.26,9.271,68.25,0
8297,1.3895,36.85,8.868,64.76,0
8298,1.3017,35.15,8.896,70.68,0
8299,1.4816,37.0,9.205,53.74,0
8300,1.5417,35.77,9.676,69.03,0
8301,1.2486,33.04,8.764,63.66,0
8302,1.2094,31.96,9.009,71.03,0
8303,1.3355,34.09,9.111,75.79,0
8304,1.4364,33.15,8.968,64.66,1
8305,1.4285,34.67,8.827,77.77,0
8306,1.0923,32.36,9.109,55.66,1
8307,1.5898,32.37,8.473,81.93,0
8308,1.204,35.51,8.577,77.6,0
8309,1.2576,33.5,8.692,61.81,1
8310,1.1592,31.59,8.688,63.02,0
8311,1.6967,32.84,8.201,57.34,1
8312,1.3255,35.36,8.756,75.16,0
8313,1.1589,32.99,8.309,66.56,0
8314,1.4135,33.39,9.128,65.74,0
8315,1.3967,30.5,9.277,61.72,1
8316,1.2506,33.85,8.747,83.18,0
8317,1.4023,36.24,9.422,59.48,1
8318,1.1499,29.82,8.447,71.3,0
8319,1.1973,28.84,8.937,73.43,0
8320,0.9673,31.35,8.223,67.0,0
8321,1.0679,32.55,8.548,64.66,0
8322,1.5353,30.42,8.185,67.8,0
8323,1.508,28.29,8.025,76.55,0
8324,1.2694,29.98,9.97,68.23,0
8325,1.5067,31.2,8.442,83.29,1
8326,1.2311,28.99,7.808,65.39,0
8327,1.2164,30.81,8.002,76.54,0
8328,1.2593,31.73,9.16,55.91,0
8329,1.23,29.68,7.911,64.98,0
8330,1.2144,28.94,8.396,65.1,0
8331,1.4162,30.46,8.081,61.89,0
8332,1.2653,26.89,7.386,75.14,0
8333,1.3477,26.49,7.997,72.22,0
8334,1.3937,27.67,7.677,54.17,0
8335,1.2953,27.02,7.988,88.75,0
8336,1.0898,26.19,7.9,74.69,0
8337,1.0306,31.26,8.683,70.25,0
8338,1.2542,31.74,8.41,80.43,0
8339,1.2045,26.49,8.04,81.02,0
8340,1.2417,27.18,7.519,70.3,1
8341,1.2246,26.42,7.088,57.53,0
8342,1.613,28.81,8.399,76.23,0
8343,1.0244,29.01,8.17,63.89,0
8344,0.924,22.65,6.93,85.33,0
8345,1.2709,26.95,7.348,66.62,0
8346,1.1632,23.19,6.671,71.47,0
8347,1.2658,29.12,8.138,60.78,1
8348,1.3047,26.28,8.626,63.13,0
8349,1.4085,23.55,7.229,74.0,0
8350,0.9886,24.52,7.293,72.67,0
8351,1.13,24.22,7.374,70.66,0
8352,1.2768,25.65,8.988,90.03,0
8353,1.327,26.48,8.073,77.94,0
8354,1.5394,21.9,6.724,75.94,1
8355,1.3528,27.68,7.913,50.33,0
8356,1.2,27.01,7.944,79.4,0
8357,1.0741,21.85,6.683,99.85,0
8358,1.1222,23.55,7.637,73.37,0
8359,1.1171,26.62,7.464,66.54,0
8360,1.3036,25.47,7.116,75.03,0
8361,1.2432,22.13,7.1,64.27,0
8362,1.0054,24.23,7.352,78.16,0
8363,1.138,28.39,8.009,83.97,1
8364,1.3345,22.41,6.848,70.19,0
8365,1.2551,20.73,6.639,71.45,0
8366,1.2872,22.14,7.642,75.08,0
8367,1.259,22.09,7.257,71.73,0
8368,1.4451,20.35,6.485,64.69,0
8369,1.2363,22.08,6.521,72.67,0
8370,1.1427,18.49,6.217,73.21,0
8371,1.063,19.47,6.735,88.25,0
8372,1.2377,22.12,6.844,84.97,0
8373,0.834,16.89,6.036,90.04,0
8374,1.1724,22.01,6.841,82.21,0
8375,1.1691,15.98,6.118,81.06,0
8376,0.9954,16.34,6.569,72.2,0
8377,1.0609,18.6,6.54,88.45,0
8378,1.3217,19.97,6.771,79.8,0
8379,1.235,21.85,6.942,65.91,0
8380,1.2159,19.12,6.436,70.22,0
8381,1.2468,18.31,6.926,67.91,0
8382,1.2151,19.76,7.06,60.73,0
8383,1.3879,16.66,7.515,82.11,0
8384,1.2204,18.48,6.798,68.01,1
8385,0.9836,15.6,5.909,73.59,0
8386,1.4474,17.97,6.141,78.53,0
8387,1.259,17.34,6.815,77.09,0
8388,1.1156,15.79,5.841,73.82,0
8389,1.0166,17.53,6.762,90.63,0
8390,1.2647,17.32,6.085,66.4,0
8391,1.1885,19.15,6.773,65.64,0
8392,1.4429,13.39,5.413,83.66,0
8393,1.1558,16.25,6.553,74.24,0
8394,1.0829,14.68,5.562,74.68,0
8395,1.3438,17.74,6.526,69.72,0
8396,1.3492,17.31,6.27,81.32,0
8397,1.2367,16.62,6.284,80.84,0
8398,1.3139,13.99,5.702,80.95,0
8399,1.2079,16.97,6.141,74.15,0
8400,1.2498,11.94,5.605,73.99,0
8401,1.3906,11.73,5.179,78.7,0
8402,1.3109,12.85,5.345,87.73,0
8403,1.193,15.53,5.946,92.23,0
8404,1.4226,17.15,6.176,87.6,0
8405,0.8663,10.05,4.926,84.05,0
8406,1.5303,18.85,7.024,85.55,0
8407,0.968,16.66,6.124,69.55,0
8408,1.1314,13.46,5.683,74.29,0
8409,1.2208,17.0,5.888,82.99,0
8410,1.2066,19.19,7.918,76.54,0
8411,1.3811,18.4,8.15,80.66,0
8412,1.0732,19.6,6.422,85.08,0
8413,1.2727,14.87,6.613,86.59,0
8414,1.1486,16.97,6.26,70.09,0
8415,1.2814,16.15,7.072,79.4,0
8416,1.2292,21.64,7.139,68.65,0
8417,1.2548,19.68,6.743,70.97,0
8418,1.1603,24.29,6.762,60.74,0
8419,1.1682,17.86,6.133,79.35,0
8420,1.2898,17.55,6.391,64.19,0
8421,1.3903,18.91,6.67,80.8,0
8422,1.1611,22.16,6.689,86.57,0
8423,1.1226,18.87,6.327,81.92,0
8424,1.3471,20.05,7.005,77.39,0
8425,1.2524,20.19,6.354,89.16,0
8426,1.3841,20.28,6.847,79.45,1
8427,1.1259,19.1,7.255,70.64,0
8428,0.9972,20.33,6.966,77.81,1
8429,1.1865,20.44,6.96,92.41,0
8430,1.1539,20.98,6.343,67.67,0
8431,1.2594,23.09,6.933,64.11,0
8432,1.1782,24.92,8.763,78.97,0
8433,1.3874,19.92,6.525,75.26,0
8434,1.2355,21.02,7.561,72.13,0
8435,1.3039,20.35,6.586,66.72,0
8436,1.3076,22.57,7.031,59.85,1
8437,1.3158,21.32,7.178,64.55,0
8438,1.2856,23.08,7.253,88.07,0
8439,1.3685,25.01,7.666,73.92,0
8440,1.1753,17.95,6.163,62.53,0
8441,1.5073,24.18,7.012,83.96,0
8442,1.2647,22.48,6.824,85.39,0
8443,1.1063,24.52,7.236,84.12,0
8444,1.3341,22.01,6.963,72.42,0
8445,1.1811,26.39,8.223,71.01,0
8446,1.4115,26.03,7.69,74.49,0
8447,1.6461,25.54,7.794,84.89,0
8448,1.1996,26.19,7.736,68.85,0
8449,1.3705,23.31,6.886,68.98,0
8450,1.0603,23.76,7.321,80.31,0
8451,1.3948,26.7,7.809,82.65,1
8452,1.197,23.86,7.685,74.26,0
8453,1.2392,28.49,7.676,77.27,0
8454,1.1709,25.15,6.965,74.81,0
8455,1.4491,27.0,7.874,70.79,1
8456,1.4935,30.4,8.462,64.13,1
8457,1.3492,24.99,7.429,64.78,0
8458,1.2192,26.74,7.772,68.04,0
8459,1.5906,28.91,8.507,63.85,0
8460,1.2429,28.9,7.918,73.93,0
8461,1.0345,26.54,7.626,82.81,0
8462,1.4309,26.37,7.737,74.81,0
8463,1.1998,27.13,7.434,65.35,0
8464,1.5172,30.7,8.295,77.43,0
8465,1.3151,27.44,7.841,74.91,0
8466,1.4662,28.36,8.928,75.94,0
8467,1.5894,27.55,7.77,68.32,1
8468,1.2013,30.01,8.335,80.06,0
8469,1.3012,29.11,8.561,80.56,0
8470,1.3782,26.99,7.514,71.33,0
8471,1.6237,27.26,8.573,78.39,0
8472,1.2978,25.4,8.585,82.57,0
8473,1.311,27.94,7.929,68.51,0
8474,1.4754,31.39,8.264,69.52,0
8475,1.3207,32.65,9.564,70.05,0
8476,1.4338,31.57,8.86,61.27,0
8477,1.1818,31.51,8.51,73.63,1
8478,1.7503,30.35,9.072,78.97,0
8479,1.2196,32.35,9.299,68.44,0
8480,1.3771,31.57,8.36,72.78,0
8481,1.4242,34.81,9.076,79.3,0
8482,1.7196,31.2,8.69,67.04,1
8483,1.2377,34.29,8.904,71.31,0
8484,1.7376,33.55,8.356,64.31,0
8485,1.5574,33.47,8.458,64.14,0
8486,1.5101,28.18,7.557,74.83,0
8487,1.3035,34.26,9.107,70.38,1
8488,1.5406,32.34,8.224,74.03,0
8489,1.3501,31.91,8.617,70.46,0
8490,1.6524,30.03,9.336,74.7,0
8491,1.3205,33.19,9.499,82.41,0
8492,1.4529,33.47,8.25,77.4,0
8493,1.3904,30.99,7.999,73.11,0
8494,1.3293,30.85,8.111,74.53,0
8495,1.5924,34.97,8.622,65.62,0
8496,1.5652,35.94,8.658,66.16,0
8497,1.67,34.78,8.963,72.07,0
8498,1.2255,36.9,9.611,67.56,0
8499,1.6559,34.63,9.409,74.57,0
8500,1.8758,34.89,8.811,78.2,1
8501,1.436,33.37,8.652,68.17,0
8502,1.7918,32.28,8.745,53.56,1
8503,1.4718,39.31,9.604,81.69,0
8504,1.3092,38.06,9.842,60.94,0
8505,1.473,33.21,8.92,70.63,0
8506,1.6798,36.51,9.087,72.91,0
8507,1.4006,36.2,8.656,78.55,0
8508,1.4401,36.05,9.979,81.82,0
8509,1.6229,35.98,8.907,64.5,0
8510,1.5381,37.76,9.568,75.86,0
8511,1.629,38.84,9.04,67.28,0
8512,1.5807,38.2,9.476,88.02,0
8513,1.6207,37.36,9.395,75.39,0
8514,1.4877,37.49,9.434,65.09,1
8515,1.591,39.87,12.07,58.73,1
8516,1.4208,39.13,9.396,44.51,0
8517,1.7569,38.55,9.92,71.27,0
8518,1.4721,38.53,9.762,73.95,0
8519,1.7403,39.49,9.436,71.27,0
8520,1.5396,38.06,9.84,47.33,0
8521,1.6086,40.84,9.813,54.43,0
8522,1.5076,37.25,9.756,70.5,1
8523,1.4331,38.78,10.758,80.02,0
8524,1.3274,41.02,9.966,63.94,0
8525,1.4344,37.73,9.304,75.09,0
8526,1.5477,37.05,9.831,58.49,1
8527,1.6316,40.53,10.577,66.34,0
8528,1.7549,37.21,9.033,64.48,1
8529,1.5401,38.2,9.315,75.58,0
8530,1.4781,42.51,10.437,59.17,1
8531,1.3975,40.79,9.817,77.94,0
8532,1.6894,43.97,10.028,60.16,0
8533,1.8284,39.19,9.87,56.93,1
8534,1.8143,41.61,10.3,55.74,1
8535,1.7342,42.8,10.045,58.34,1
8536,1.7269,39.86,9.754,68.05,0
8537,1.8892,44.46,10.214,57.44,0
8538,1.6877,43.62,9.938,56.26,0
8539,1.7381,39.58,9.507,72.37,0
8540,1.5964,42.92,10.219,37.56,1
8541,1.4435,43.97,9.9,59.18,0
8542,1.5485,42.22,9.927,52.99,0
8543,1.653,40.64,9.882,57.67,0
8544,1.6667,44.36,11.016,64.34,1
8545,1.9497,48.42,10.896,58.3,1
8546,1.6761,43.43,9.871,60.58,1
8547,1.8439,47.54,10.8,69.99,0
8548,1.6049,43.1,10.012,63.03,1
8549,1.6265,45.23,10.782,76.31,0
8550,1.477,46.54,10.605,66.77,0
8551,1.568,45.18,9.866,54.16,1
8552,1.7614,44.8,13.849,77.59,0
8553,1.6865,47.05,10.866,62.99,1
8554,1.8297,49.58,11.224,74.22,1
8555,1.7184,46.6,10.28,58.91,0
8556,1.6412,45.17,10.082,64.08,0
8557,2.0192,46.02,10.617,64.84,0
8558,1.6857,51.64,11.64,56.67,0
8559,1.877,47.07,11.135,70.93,0
8560,1.6452,45.81,10.721,76.97,0
8561,1.8145,44.91,10.109,43.71,1
8562,1.85,43.75,9.679,69.27,1
8563,1.7447,48.33,10.96,52.85,1
8564,1.3629,49.11,10.924,38.79,0
8565,1.7214,47.21,10.434,64.81,0
8566,1.9058,48.17,11.368,64.25,1
8567,1.8029,46.06,10.191,66.81,1
8568,1.7932,48.87,11.36,62.65,1
8569,1.4704,49.76,10.783,66.14,0
8570,1.6231,47.93,10.995,55.42,1
8571,1.7952,52.58,12.09,59.56,0
8572,1.7974,47.73,10.782,65.95,1
8573,1.9204,50.17,12.241,69.72,1
8574,1.7187,51.5,12.628,58.45,0
8575,1.8036,49.85,11.326,57.38,1
8576,1.7474,49.82,11.465,58.66,0
8577,1.599,47.54,11.41,50.93,1
8578,1.4108,53.31,11.991,63.17,1
8579,1.8159,50.46,11.51,47.07,0
8580,1.7794,52.07,11.372,60.88,1
8581,1.6626,52.55,11.141,58.15,0
8582,1.5144,50.14,10.845,46.51,1
8583,1.8536,51.2,13.024,46.33,1
8584,1.7212,54.47,12.058,49.49,0
8585,1.8464,49.77,11.121,56.39,1
8586,2.0443,56.46,12.876,66.97,0
8587,1.4452,50.91,11.128,57.57,0
8588,1.6632,50.24,11.549,63.23,0
8589,1.7384,53.06,11.741,67.29,1
8590,1.9897,57.42,12.565,63.14,0
8591,1.5276,49.38,11.031,59.32,1
8592,2.065,53.12,11.398,51.49,1
8593,1.7964,54.55,11.652,60.26,1
8594,1.7631,53.87,11.561,51.2,1
8595,1.7492,54.76,11.963,70.66,1
8596,1.7149,52.76,11.201,64.28,1
8597,1.9388,53.2,11.337,58.75,1
8598,1.6226,54.3,11.951,60.52,0
8599,1.8359,52.54,11.581,58.9,0
8600,1.7277,54.91,12.066,53.11,1
8601,1.6721,54.42,11.896,60.34,1
8602,2.1755,54.46,13.658,54.38,0
8603,1.8515,56.24,12.238,70.75,0
8604,1.8816,52.16,11.433,52.16,1
8605,1.9612,55.54,12.123,59.75,1
8606,1.5783,60.83,13.379,46.24,1
8607,2.0552,54.23,11.865,50.12,0
8608,1.4168,59.17,12.941,39.21,1
8609,1.6786,56.91,12.458,58.15,1
8610,1.7258,55.79,12.009,51.26,1
8611,1.8826,54.56,11.979,64.93,1
8612,1.8288,57.68,13.298,57.7,1
8613,1.7716,60.51,12.928,53.88,1
8614,1.7953,57.02,11.977,43.5,1
8615,1.6509,57.84,12.306,58.98,1
8616,1.5735,60.22,12.212,47.57,1
8617,1.9075,59.08,12.669,42.09,1
8618,1.9029,55.46,12.758,59.17,1
8619,2.0368,59.0,12.184,43.53,1
8620,1.6809,62.02,13.115,35.06,1
8621,1.9035,59.13,13.102,63.9,0
8622,1.7572,53.92,12.385,52.16,0
8623,1.9785,60.38,13.475,38.82,1
8624,1.9533,59.4,12.134,45.66,1
8625,1.8317,56.34,12.425,49.43,1
8626,1.749,56.84,11.824,64.05,1
8627,1.944,62.35,12.773,38.29,1
8628,1.8968,59.14,13.009,42.81,1
8629,1.697,58.99,12.663,61.45,1
8630,1.6002,60.93,13.226,48.84,1
8631,1.7559,59.91,12.426,54.88,1
8632,2.0262,61.6,13.793,48.11,1
8633,1.9705,61.19,13.246,68.45,1
8634,1.6312,59.4,13.087,43.04,1
8635,1.6225,60.98,12.546,54.67,1
8636,1.9883,63.09,13.811,63.17,1
8637,1.6263,62.48,13.004,48.51,1
8638,1.8724,62.44,12.899,45.51,1
8639,1.703,66.67,14.035,55.13,1
8640,2.0372,64.46,13.682,58.36,1
8641,1.6784,64.9,13.198,43.66,0
8642,1.9647,63.07,14.486,62.86,1
8643,1.8201,64.04,14.422,50.99,1
8644,1.8293,62.94,13.464,55.31,1
8645,1.495,65.56,13.771,61.57,1
8646,1.4592,63.98,13.488,56.76,1
8647,1.7555,64.84,13.015,50.09,1
8648,1.8246,64.92,13.534,44.67,1
8649,1.6177,64.76,13.505,71.81,0
8650,1.622,70.88,14.176,40.16,1
8651,1.8684,63.87,13.214,53.22,1
8652,1.8673,64.05,12.743,54.65,1
8653,1.761,66.99,13.443,53.27,1
8654,1.8973,64.61,13.887,67.26,0
8655,1.6028,65.42,14.561,50.13,1
8656,1.7241,64.03,13.04,49.82,1
8657,2.0233,67.38,13.933,60.99,1
8658,1.7848,67.61,14.443,47.35,1
8659,1.792,66.17,13.488,56.31,1
8660,2.1173,68.43,14.325,49.5,1
8661,1.5599,63.48,13.259,58.28,0
8662,1.8876,65.99,14.258,55.21,1
8663,2.016,67.26,13.438,45.42,1
8664,1.716,65.46,13.211,34.97,1
8665,1.8918,64.5,13.544,36.91,1
8666,1.6138,67.58,13.927,33.73,1
8667,1.6562,69.79,14.196,46.4,1
8668,1.815,71.16,14.684,27.48,1
8669,1.8751,67.71,13.595,47.1,1
8670,1.9214,70.47,13.898,47.79,1
8671,1.9867,70.47,14.14,53.57,1
8672,1.7391,71.84,14.382,49.93,1
8673,1.9261,68.9,13.978,54.88,1
8674,1.6936,66.2,14.342,52.59,1
8675,1.878,70.14,14.632,44.33,1
8676,1.7716,68.17,14.214,47.25,1
8677,1.805,68.95,14.186,40.82,1
8678,1.7994,70.0,14.09,48.83,1
8679,1.4928,70.12,13.979,34.25,1
8680,1.5625,71.28,14.062,54.76,1
8681,1.7441,72.61,14.398,37.78,1
8682,1.4732,70.66,14.333,47.83,1
8683,1.8485,72.39,14.239,48.14,1
8684,1.852,71.83,14.595,55.2,1
8685,1.7678,73.87,14.756,31.23,1
8686,1.5479,71.82,14.376,43.3,1
8687,1.9205,72.24,15.178,50.05,1
8688,2.0164,71.85,13.901,59.9,1
8689,1.7302,72.48,14.479,45.2,1
8690,1.7819,71.43,13.855,41.39,1
8691,1.7329,71.43,14.565,62.36,0
8692,1.7794,74.95,15.349,50.45,1
8693,1.679,71.43,14.048,57.13,1
8694,1.6889,73.16,14.337,35.43,1
8695,1.8271,76.03,14.662,47.55,1
8696,2.0402,73.49,14.8,36.24,1
8697,1.4753,76.06,15.031,32.93,1
8698,1.6668,73.42,14.657,49.6,0
8699,1.5023,72.7,14.518,50.6,1
8700,1.9151,71.81,14.199,42.06,1
8701,1.5851,77.83,15.996,53.76,1
8702,1.4537,73.13,14.834,42.17,1
8703,1.7628,77.09,14.937,40.58,1
8704,1.9256,73.8,14.576,44.43,1
8705,1.7603,78.63,15.251,39.88,1
8706,1.6883,80.61,16.597,50.85,1
8707,1.7157,73.03,15.033,36.85,1
8708,1.8633,74.43,14.865,38.31,1
8709,1.5167,78.35,16.482,32.46,1
8710,1.6277,78.03,16.241,57.25,1
8711,1.5733,78.75,15.475,39.15,1
8712,1.4627,76.25,15.036,37.1,1
8713,1.5853,81.58,15.851,37.76,1
8714,1.7973,78.04,15.139,48.97,1
8715,1.7127,75.57,16.086,48.97,1
8716,1.721,77.69,15.073,37.78,1
8717,1.6428,75.99,15.564,40.21,1
8718,1.6959,81.78,16.335,28.29,1
8719,1.4938,77.48,15.257,43.62,1
8720,1.564,79.98,16.81,51.27,1
8721,1.6357,78.26,15.025,37.39,1
8722,1.645,78.17,15.444,47.18,0
8723,1.6479,75.78,14.939,38.88,1
8724,1.5755,81.0,16.368,31.64,1
8725,1.5361,82.6,16.292,44.88,1
8726,2.0628,78.37,15.006,60.76,1
8727,1.7215,77.31,15.988,46.96,1
8728,1.6439,82.21,16.295,36.37,1
8729,1.5433,77.51,15.037,39.7,1
8730,1.5069,83.44,16.135,54.21,1
8731,1.5513,79.39,15.253,43.82,1
8732,1.6112,79.19,15.563,35.36,1
8733,1.2815,82.1,16.126,39.24,1
8734,1.3245,79.72,15.583,42.89,1
8735,1.4607,80.59,15.673,44.4,1
8736,1.5836,82.91,15.711,51.35,1
8737,1.5129,77.54,15.526,52.68,1
8738,1.7668,85.88,16.096,39.06,1
8739,1.319,82.89,16.196,38.94,1
8740,1.4249,80.41,15.299,43.92,1
8741,1.7619,81.17,15.945,35.43,1
8742,1.5498,85.38,16.555,45.61,1
8743,1.6591,84.8,16.645,36.49,1
8744,1.8303,86.57,17.148,40.98,1
8745,1.4148,82.63,16.666,53.13,1
8746,1.5002,84.79,15.994,42.55,1
8747,1.4704,85.25,16.515,39.69,1
8748,1.2144,85.99,17.884,33.27,1
8749,1.4572,87.05,16.857,36.14,1
8750,1.6322,83.57,16.002,29.77,1
8751,1.5773,84.97,16.464,42.28,0
8752,1.5853,84.18,16.235,21.42,1
8753,1.4324,85.49,16.199,45.45,1
8754,1.3865,87.2,17.245,42.54,1
8755,1.6716,82.69,16.417,40.17,1
8756,1.4028,88.42,16.599,31.68,1
8757,1.5178,84.12,16.332,38.4,1
8758,1.4944,85.99,16.445,23.22,1
8759,1.6854,89.29,16.67,42.02,1
8760,1.6081,87.66,16.466,35.1,1
8761,1.2644,87.88,16.535,48.39,1
8762,1.2768,85.04,16.483,41.11,1
8763,1.538,85.51,16.409,39.54,1
8764,1.4378,89.68,16.884,38.4,1
8765,1.3755,86.82,16.628,29.1,1
8766,1.5924,87.21,17.18,33.07,1
8767,1.4645,90.33,17.453,35.87,1
8768,1.4406,86.5,17.218,34.68,1
8769,1.546,89.34,17.063,30.78,1
8770,1.3691,89.09,18.011,33.29,1
8771,1.657,89.19,17.279,35.84,1
8772,1.2999,88.36,16.827,54.53,1
8773,1.513,88.44,17.054,33.33,1
8774,1.626,87.64,16.503,30.99,1
8775,1.2007,90.97,17.28,33.2,1
8776,1.3522,88.86,17.267,47.69,1
8777,1.5715,92.34,17.878,46.18,1
8778,1.5702,90.15,17.121,50.5,1
8779,1.3674,88.68,19.037,36.28,1
8780,1.2794,90.52,17.262,39.82,1
8781,1.5295,90.38,16.818,26.37,1
8782,1.5601,93.42,18.387,30.12,1
8783,1.2044,90.86,17.654,25.56,1
8784,1.1951,91.25,17.534,38.04,1
8785,1.4061,94.82,17.804,32.41,1
8786,1.4633,93.22,17.903,34.88,1
8787,1.3206,95.73,19.02,24.8,1
8788,1.464,95.12,18.102,38.73,1
8789,1.2523,91.03,16.959,15.13,1
8790,1.0383,94.98,17.248,30.0,1
8791,1.2886,96.25,18.354,30.4,1
8792,1.3584,96.47,17.894,14.95,1
8793,1.3043,95.58,18.047,34.73,1
8794,1.1687,95.74,17.834,30.17,1
8795,1.0669,93.39,17.462,37.45,1
8796,1.259,92.53,17.365,49.48,1
8797,1.4676,93.7,17.568,35.38,1
8798,1.5182,91.27,17.805,42.02,1
8799,1.5049,97.49,18.631,41.56,1
8800,1.2013,94.43,17.532,36.28,1
8801,1.1476,97.38,18.009,23.64,1
8802,1.3921,92.14,17.734,20.6,1
8803,1.4099,96.57,18.758,34.06,1
8804,1.3717,93.21,18.246,29.87,1
8805,1.0067,91.43,17.134,44.41,1
8806,1.1759,97.05,18.794,26.97,1
8807,1.2986,95.81,17.614,31.4,1
8808,1.3733,93.82,17.746,23.43,1
8809,1.4125,93.27,17.955,30.29,1
8810,1.3163,93.88,17.267,25.13,1
8811,1.3415,93.19,19.038,26.27,1
8812,1.3019,91.02,18.102,33.97,1
8813,1.3894,91.58,17.782,29.2,1
8814,1.3308,96.12,17.848,52.36,1
8815,1.2912,97.34,18.325,37.28,1
8816,1.2385,94.93,18.361,40.72,1
8817,1.2884,92.56,17.272,32.58,1
8818,1.3464,90.72,17.289,35.41,1
8819,1.3114,89.6,17.63,31.8,1
8820,1.326,89.54,16.73,56.27,1
8821,1.4679,89.69,17.346,34.31,1
8822,1.3039,94.9,17.481,27.23,1
8823,1.1645,94.01,17.537,26.56,1
8824,1.3921,91.69,17.321,36.67,1
8825,1.0524,88.08,17.19,47.52,1
8826,1.0929,91.59,17.243,42.74,1
8827,1.3033,89.12,17.17,29.48,1
8828,1.3283,85.09,16.274,31.7,1
8829,1.062,89.77,17.025,45.11,1
8830,1.1893,87.32,17.497,53.42,1
8831,1.1538,87.18,16.459,35.53,1
8832,1.1697,88.1,17.32,45.79,1
8833,1.3824,87.4,16.86,24.83,1
8834,1.3449,88.13,16.764,29.37,1
8835,1.2342,87.84,16.54,28.22,1
8836,1.1534,84.05,15.989,41.87,1
8837,1.0311,90.64,17.09,33.18,1
8838,1.4449,85.43,16.507,39.64,1
8839,1.319,85.3,16.817,47.58,1
8840,1.1226,86.34,16.588,31.97,1
8841,1.3349,86.58,16.648,37.8,1
8842,1.2149,89.52,17.145,24.59,1
8843,1.1809,86.94,17.001,46.15,1
8844,1.2878,87.33,17.144,45.37,1
8845,1.1098,86.55,16.307,39.97,1
8846,1.1681,86.26,16.583,38.2,1
8847,1.2366,86.22,17.317,33.2,1
8848,1.1422,81.53,15.571,28.91,1
8849,1.3162,84.7,16.485,40.62,1
8850,1.495,87.32,16.783,42.65,1
8851,1.1004,92.68,17.45,49.54,1
8852,0.9627,82.19,16.968,36.54,1
8853,0.9111,85.25,16.552,40.01,1
8854,1.1878,83.06,17.039,48.08,1
8855,1.11,88.1,16.967,45.3,1
8856,1.2397,81.09,16.116,35.36,1
8857,1.2275,84.85,16.271,35.86,1
8858,0.9663,80.59,15.635,36.45,1
8859,0.9338,82.56,16.312,32.25,1
8860,1.2497,82.93,16.376,51.01,1
8861,1.2249,84.94,16.761,38.54,1
8862,1.1401,80.45,15.979,40.14,1
8863,0.9548,83.73,15.895,40.75,1
8864,1.2736,82.24,15.81,40.09,1
8865,1.3932,82.55,16.537,37.7,1
8866,1.2436,83.72,15.764,32.68,1
8867,1.0744,79.03,15.729,54.1,0
8868,1.2078,83.02,16.159,34.63,1
8869,0.9959,80.06,16.164,33.52,1
8870,1.3593,83.19,16.41,38.44,1
8871,1.2127,81.47,15.737,57.38,1
8872,0.935,80.18,15.53,34.32,1
8873,1.155,79.22,15.444,47.14,1
8874,1.2695,81.85,16.288,37.92,1
8875,1.15,82.52,15.526,41.45,1
8876,1.1586,78.73,15.625,49.14,1
8877,1.0164,77.33,15.053,28.84,0
8878,1.2852,80.79,15.948,33.36,1
8879,1.1031,76.3,15.343,50.48,1
8880,0.8771,76.39,14.723,43.95,0
8881,1.1452,76.67,15.164,44.69,1
8882,1.3483,77.77,15.48,48.03,0
8883,1.1435,75.73,15.145,36.45,1
8884,1.4626,74.32,14.851,52.85,1
8885,1.2667,75.73,14.723,50.12,1
8886,1.2537,79.08,15.265,43.46,1
8887,1.1841,75.06,14.585,47.71,1
8888,1.1938,76.72,15.506,52.29,1
8889,1.1651,81.09,15.869,35.59,1
8890,1.16,76.9,15.265,48.15,1
8891,1.2857,77.49,14.878,56.46,1
8892,1.0664,74.71,14.943,49.3,1
8893,1.0463,80.73,16.148,38.78,1
8894,1.04,75.12,14.496,62.48,1
8895,1.5163,75.54,14.889,45.52,1
8896,1.2899,78.43,15.049,53.13,0
8897,1.2571,75.24,14.881,40.49,1
8898,1.0538,75.5,14.772,52.24,1
8899,1.307,74.64,15.11,39.85,1
8900,1.1972,74.45,14.988,46.92,1
8901,1.248,75.54,15.757,38.82,1
8902,1.0706,75.71,15.084,58.79,0
8903,1.2424,73.11,14.862,43.36,1
8904,1.1561,72.67,14.45,36.54,1
8905,1.1062,72.78,14.311,46.09,1
8906,1.3326,71.0,14.796,50.7,1
8907,0.9933,70.42,14.957,46.54,1
8908,1.3101,73.99,15.175,38.1,1
8909,1.3296,75.08,15.065,52.25,0
8910,1.0966,74.74,14.639,54.23,1
8911,1.1071,68.04,14.534,34.99,1
8912,1.1984,72.11,14.827,38.72,1
8913,1.2759,70.2,15.527,45.61,1
8914,1.2124,72.49,14.253,41.26,1
8915,1.3021,71.16,14.837,50.51,1
8916,1.5034,72.98,14.943,59.93,0
8917,1.1647,71.56,14.356,43.02,1
8918,0.9855,67.61,14.617,61.05,1
8919,1.3686,69.27,14.314,35.69,1
8920,1.4992,71.01,14.089,50.04,1
8921,1.3077,70.98,14.351,41.65,1
8922,1.0877,67.79,13.602,52.15,1
8923,1.2344,67.33,13.678,34.55,1
8924,1.0873,70.31,14.622,36.53,1
8925,1.3537,67.19,14.314,52.49,1
8926,1.0568,66.46,13.812,44.08,1
8927,1.2168,68.71,13.797,45.19,0
8928,1.1135,68.42,14.178,62.64,1
8929,1.2855,67.44,14.202,49.63,1
8930,1.2139,67.59,13.343,55.66,0
8931,1.2978,68.83,14.122,41.63,0
8932,1.2771,67.16,13.751,37.97,1
8933,1.1282,68.54,14.496,47.23,1
8934,1.3728,67.44,14.033,36.61,1
8935,1.274,68.34,14.214,42.41,1
8936,1.1356,69.56,14.008,49.17,1
8937,1.6227,69.28,14.142,46.54,1
8938,1.3607,69.98,14.705,49.69,1
8939,1.2689,68.88,14.056,52.48,1
8940,1.5069,67.48,13.944,38.95,1
8941,1.5737,65.93,13.181,41.9,1
8942,1.2784,65.82,13.597,32.08,1
8943,1.3551,64.64,12.894,47.25,1
8944,1.1577,66.21,13.495,55.17,1
8945,1.2867,67.39,13.885,60.49,1
8946,1.2818,64.35,13.761,51.91,1
8947,1.3424,65.53,13.249,60.67,0
8948,1.3675,64.05,13.518,53.64,0
8949,1.4046,65.62,14.392,50.49,1
8950,1.3593,63.9,13.109,45.77,0
8951,1.1451,63.32,12.787,31.93,1
8952,1.189,63.24,13.359,60.84,1
8953,1.251,65.41,13.182,49.33,1
8954,1.2937,64.01,13.072,61.7,1
8955,1.4969,63.14,13.668,43.52,1
8956,1.168,64.32,14.517,69.84,1
8957,1.2921,62.77,12.836,49.35,1
8958,1.4919,65.65,13.343,44.07,1
8959,1.3072,61.25,12.777,50.53,1
8960,1.4245,62.63,12.947,52.79,0
8961,1.3379,59.99,13.916,52.45,1
8962,1.4006,61.91,12.845,47.73,0
8963,1.3312,59.04,12.462,39.15,1
8964,1.4689,63.69,14.213,44.35,1
8965,1.1405,63.53,13.539,59.48,1
8966,1.3212,63.37,13.739,43.94,1
8967,1.4236,61.66,12.695,38.27,1
8968,1.4626,59.64,12.505,44.77,0
8969,1.61,59.6,12.35,52.53,1
8970,1.3309,64.06,13.737,44.49,1
8971,1.615,63.67,13.933,48.56,0
8972,1.2978,60.85,12.663,46.11,1
8973,1.5995,59.37,12.52,61.46,1
8974,1.5263,62.94,13.07,55.16,1
8975,1.2703,58.61,12.08,71.58,0
8976,1.4569,60.26,12.552,49.79,1
8977,1.4068,62.3,13.458,49.34,0
8978,1.512,57.73,12.114,63.83,0
8979,1.3883,60.86,12.917,55.61,1
8980,1.3793,60.04,12.349,45.44,1
8981,1.6344,58.72,12.502,58.22,1
8982,1.4179,56.61,12.04,58.2,1
8983,1.5604,56.95,11.906,40.48,1
8984,1.4063,58.78,12.939,48.52,1
8985,1.6938,55.15,12.426,57.43,1
8986,1.3457,58.06,12.138,65.73,1
8987,1.3591,58.68,12.469,59.37,1
8988,1.6836,59.37,12.673,48.87,1
8989,1.3919,54.4,11.394,50.69,0
8990,1.7026,59.63,12.267,59.6,1
8991,1.5999,60.19,13.451,33.47,1
8992,1.4467,57.42,12.016,48.09,1
8993,1.2017,54.32,12.553,67.68,0
8994,1.4745,55.54,11.665,58.05,0
8995,1.4964,55.9,12.437,49.39,1
8996,1.66,56.34,12.084,45.58,1
8997,1.727,55.64,12.031,62.33,1
8998,1.3897,55.96,13.245,56.05,1
8999,1.6164,55.02,11.608,54.24,1
9000,1.6148,55.53,12.348,58.67,1
9001,1.6648,53.88,12.08,57.99,0
9002,1.5823,53.92,14.665,57.35,1
9003,1.2199,53.25,11.387,46.46,1
9004,1.4918,58.03,12.234,45.97,1
9005,1.3455,56.93,12.675,60.83,1
9006,1.4922,54.91,11.91,60.53,0
9007,1.6734,56.25,12.019,58.31,0
9008,1.5759,55.0,12.466,51.31,0
9009,1.7061,53.56,11.683,62.98,1
9010,1.5889,49.99,10.948,56.04,0
9011,1.3466,52.28,11.928,68.05,0
9012,1.1669,51.93,11.701,51.87,1
9013,1.5711,50.13,11.152,54.72,1
9014,1.5204,49.23,11.0,58.25,0
9015,1.4097,52.99,11.391,63.99,1
9016,1.3048,52.45,11.954,57.25,1
9017,1.4534,49.27,11.006,59.74,0
9018,1.5381,49.91,10.971,55.92,1
9019,1.6708,53.52,11.376,59.03,0
9020,1.6029,49.24,11.307,58.89,1
9021,1.8195,51.14,11.237,52.04,1
9022,1.4265,50.22,10.73,59.89,1
9023,1.7177,51.41,11.08,59.36,0
9024,1.5962,48.49,10.934,78.71,0
9025,1.6969,50.18,11.198,54.0,1
9026,1.5308,50.14,11.178,52.2,1
9027,1.7606,50.06,11.117,61.2,0
9028,1.6477,49.56,10.738,51.32,1
9029,1.505,49.89,10.938,50.48,1
9030,1.6086,53.38,12.363,45.47,1
9031,1.578,53.92,12.352,50.45,0
9032,1.6908,47.32,11.108,54.61,0
9033,1.4439,43.76,10.531,52.48,0
9034,1.6199,49.39,11.595,57.36,0
9035,1.687,48.37,10.645,41.05,1
9036,1.6361,49.92,11.252,62.98,1
9037,1.8366,48.17,10.614,55.64,1
9038,1.754,47.52,10.521,57.21,0
9039,1.6401,49.46,11.327,64.02,0
9040,1.677,49.54,11.641,62.25,0
9041,1.6922,44.03,10.279,57.54,0
9042,1.7116,44.97,11.429,65.63,1
9043,1.3805,46.19,10.767,73.68,1
9044,1.6123,46.4,10.442,53.06,0
9045,1.4381,45.55,10.23,67.7,0
9046,1.8557,46.67,11.253,52.09,1
9047,1.6579,47.59,10.942,69.85,1
9048,1.6412,48.85,11.387,54.0,0
9049,1.8078,46.36,10.049,55.18,1
9050,1.7397,43.3,10.347,72.22,0
9051,1.5101,44.51,10.241,68.07,0
9052,1.6717,44.45,9.99,56.9,0
9053,1.6351,45.43,10.54,62.76,0
9054,1.4266,44.98,11.044,56.33,0
9055,1.5877,48.1,12.441,47.4,1
9056,1.6666,42.88,10.283,64.79,0
9057,1.6797,44.37,10.158,59.53,0
9058,1.4775,48.11,10.701,52.57,0
9059,1.8753,42.03,10.524,74.22,0
9060,1.69,43.29,9.915,55.73,1
9061,1.7137,40.91,10.169,65.61,0
9062,1.7709,42.76,10.289,71.98,1
9063,1.5952,40.84,9.952,62.45,0
9064,1.7845,44.29,9.928,56.55,0
9065,1.6636,42.29,9.961,66.01,0
9066,1.5868,39.93,9.297,68.69,1
9067,1.8098,43.28,10.033,70.04,0
9068,1.95,41.76,10.457,78.91,0
9069,1.8375,43.11,10.852,59.48,0
9070,1.8696,38.7,9.645,67.34,0
9071,1.6554,41.54,9.777,53.92,0
9072,1.4962,42.15,10.959,69.04,1
9073,1.9617,39.55,9.475,66.74,0
9074,2.0486,37.68,9.037,64.96,0
9075,1.9741,39.92,10.059,60.11,1
9076,1.6945,42.26,10.289,60.86,1
9077,1.5739,41.85,9.833,65.78,0
9078,1.5893,38.54,9.572,58.14,1
9079,1.4987,36.63,9.439,64.56,0
9080,1.7372,38.14,9.556,66.25,0
9081,1.9962,37.86,9.631,53.97,0
9082,1.736,39.49,9.491,56.89,0
9083,1.8045,38.19,9.713,60.81,0
9084,1.9674,36.69,9.261,79.53,0
9085,1.7023,40.21,9.609,58.23,1
9086,2.07,38.08,9.368,65.71,0
9087,2.0653,38.47,9.482,57.59,0
9088,1.7485,33.95,8.403,62.42,0
9089,1.6832,32.35,8.378,58.06,0
9090,1.876,34.12,8.895,73.89,0
9091,1.7209,35.84,8.708,56.89,0
9092,1.6011,37.75,9.193,73.6,0
9093,1.9683,31.72,10.103,73.71,1
9094,1.96,39.39,9.294,64.77,0
9095,1.8023,36.34,9.059,74.72,0
9096,1.5909,38.52,9.245,90.71,0
9097,1.5972,33.83,8.779,72.52,0
9098,1.799,36.41,8.933,58.19,0
9099,1.7091,35.37,8.963,79.69,0
9100,1.7342,36.64,8.996,68.51,0
9101,1.9398,34.33,9.425,85.29,0
9102,1.8975,35.55,9.115,63.62,0
9103,1.9953,36.6,8.91,77.29,0
9104,1.641,32.9,9.084,69.26,0
9105,1.7391,34.48,8.604,89.56,0
9106,1.9053,30.02,7.789,68.73,0
9107,1.8596,35.01,9.0,92.01,0
9108,2.023,37.31,10.491,70.13,0
9109,1.857,30.71,7.838,77.35,0
9110,2.0719,32.82,8.26,82.91,0
9111,1.8764,34.56,9.285,61.96,1
9112,1.9553,32.66,8.423,77.16,1
9113,1.7481,32.73,8.937,67.02,0
9114,1.7993,31.42,8.178,71.36,0
9115,1.9343,31.14,8.48,70.98,0
9116,2.04,31.63,9.503,74.6,0
9117,1.9079,31.68,8.123,74.23,0
9118,1.7864,29.04,8.612,66.98,0
9119,2.0057,31.07,8.723,71.36,0
9120,1.4706,34.14,8.422,49.84,1
9121,1.5863,29.96,8.495,78.94,0
9122,1.902,28.13,7.998,85.68,0
9123,1.802,30.1,8.302,72.47,0
9124,1.8908,28.77,8.21,58.89,0
9125,1.8097,27.32,7.718,78.55,0
9126,1.8856,30.08,8.29,64.84,1
9127,1.6777,28.18,8.078,73.55,0
9128,1.8854,28.15,8.32,77.59,0
9129,1.9488,29.51,7.719,75.67,0
9130,1.9825,25.93,8.316,82.09,0
9131,2.1012,25.32,7.177,74.98,0
9132,1.8355,29.94,8.597,72.42,0
9133,1.8396,24.54,7.463,80.17,0
9134,1.5696,26.25,7.286,72.68,0
9135,1.7179,24.4,7.645,68.86,0
9136,1.7682,26.83,7.459,76.52,0
9137,1.9541,28.46,8.552,62.9,0
9138,1.7044,27.62,7.646,71.78,0
9139,1.9148,31.98,8.097,58.79,0
9140,1.7944,29.17,8.973,67.06,0
9141,1.7674,24.94,7.566,69.93,0
9142,1.8305,24.21,7.796,66.6,1
9143,1.7337,31.81,8.233,78.72,0
9144,1.7271,28.33,7.468,80.15,0
9145,1.5349,27.18,8.781,83.2,0
9146,1.7524,25.95,7.64,71.93,0
9147,1.7166,26.15,7.889,69.84,0
9148,1.7102,22.44,7.416,81.97,1
9149,1.849,25.51,7.452,74.72,0
9150,1.8841,25.14,7.616,74.9,0
9151,1.819,22.99,8.091,54.85,1
9152,1.9322,23.52,7.266,80.94,0
9153,1.868,27.43,8.322,77.53,0
9154,1.736,23.95,6.793,74.59,0
9155,1.7095,28.14,8.539,78.64,0
9156,1.8244,20.32,6.342,81.62,0
9157,1.8621,22.56,7.631,69.89,0
9158,1.9842,20.31,6.965,75.06,0
9159,1.9517,20.78,6.83,68.47,0
9160,1.6902,21.34,6.912,87.89,0
9161,1.7545,23.43,7.168,82.76,0
9162,1.8688,23.13,6.94,68.61,0
9163,1.9266,21.04,6.827,81.33,0
9164,1.9055,17.74,7.83,80.58,0
9165,1.7533,24.96,8.177,68.54,0
9166,1.573,21.23,6.64,77.26,0
9167,1.6093,19.37,6.768,84.25,0
9168,1.7982,21.95,7.082,83.35,0
9169,1.8066,21.61,6.936,94.69,0
9170,1.5885,20.35,6.473,77.54,0
9171,1.7579,21.1,7.11,74.44,0
9172,1.8439,18.29,6.896,82.52,0
9173,1.5744,21.92,6.754,74.38,0
9174,1.9107,18.21,7.667,73.4,0
9175,1.6861,18.79,7.407,70.32,0
9176,1.9291,21.1,7.16,48.92,0
9177,1.6582,22.01,6.662,81.67,0
9178,1.5819,22.57,7.31,62.35,0
9179,1.6648,21.31,7.066,69.17,0
9180,1.7169,18.35,6.731,80.33,0
9181,1.6705,15.72,6.997,77.0,0
9182,1.6939,21.41,6.894,93.35,0
9183,1.7739,21.14,8.19,64.24,0
9184,1.6956,16.86,6.455,96.8,0
9185,1.7088,19.84,6.617,88.14,0
9186,1.4597,17.14,7.931,85.99,0
9187,1.7722,20.6,7.234,88.15,0
9188,1.6974,16.37,6.039,82.41,0
9189,1.9496,21.16,6.958,62.68,1
9190,1.5644,18.57,6.825,81.98,0
9191,1.4314,20.4,6.751,64.92,0
9192,1.7925,15.67,6.156,75.37,0
9193,1.749,17.21,6.053,78.05,0
9194,1.5429,14.26,5.399,72.71,0
9195,1.4618,17.69,6.447,85.96,0
9196,1.9189,17.6,6.447,76.73,0
9197,1.8975,20.39,7.044,80.04,0
9198,1.3093,16.36,5.999,79.11,0
9199,1.6106,16.65,5.832,80.02,0
9200,1.926,14.06,5.538,72.91,0
9201,1.6019,16.28,6.718,69.84,0
9202,1.5966,14.64,5.712,78.77,0
9203,1.6246,15.83,5.963,71.77,0
9204,1.4958,16.15,6.055,90.46,0
9205,1.405,15.3,5.825,68.81,0
9206,1.8154,16.33,5.957,97.9,0
9207,1.3779,15.65,5.803,82.03,0
9208,1.6882,15.84,6.877,80.05,0
9209,1.7808,18.95,6.906,73.31,0
9210,1.4268,17.35,7.0,83.84,0
9211,1.5026,17.89,7.22,76.63,0
9212,1.8199,14.49,5.313,82.4,0
9213,1.7144,18.45,6.664,84.67,0
9214,1.5385,18.86,6.37,83.04,0
9215,1.8081,17.2,6.894,88.6,0
9216,1.8053,22.37,6.849,79.88,0
9217,1.6612,13.82,5.479,72.39,0
9218,1.4824,20.17,6.339,60.26,0
9219,1.5519,20.23,6.67,78.55,0
9220,1.6534,20.08,7.204,78.75,0
9221,1.5786,19.55,6.791,92.68,0
9222,1.7442,20.5,6.443,75.77,0
9223,1.3704,21.34,8.316,79.19,0
9224,1.3721,18.35,6.799,84.21,0
9225,1.6198,20.6,7.204,80.75,0
9226,1.5154,19.83,7.397,83.85,0
9227,1.4914,18.21,6.001,71.53,0
9228,1.3167,22.03,6.75,67.97,0
9229,1.5812,19.67,7.091,74.95,0
9230,1.5667,18.0,6.174,60.8,0
9231,1.669,20.12,6.664,76.61,0
9232,1.5776,19.8,6.69,71.84,0
9233,1.5437,23.66,6.898,77.38,0
9234,1.7365,22.11,6.932,73.62,0
9235,1.3593,24.76,7.906,66.02,0
9236,1.633,20.87,7.219,86.97,1
9237,1.2981,24.15,7.933,75.17,0
9238,1.4193,28.28,8.49,78.94,0
9239,1.3594,23.51,7.453,76.36,0
9240,1.6549,24.72,7.598,77.88,0
9241,1.524,24.59,7.545,63.36,0
9242,1.5281,20.56,6.612,86.89,0
9243,1.3603,24.77,7.128,81.17,0
9244,1.4776,24.41,7.171,74.2,0
9245,1.4043,23.48,7.15,77.22,0
9246,1.5726,22.43,6.884,83.56,0
9247,1.3626,25.79,7.798,70.55,0
9248,1.707,22.66,7.232,62.74,0
9249,1.2524,29.07,8.242,68.73,0
9250,1.379,25.23,7.685,75.08,1
9251,1.7478,22.75,7.776,75.09,0
9252,1.4272,24.37,7.402,84.92,1
9253,1.2915,25.04,8.003,66.29,0
9254,1.5178,30.62,8.573,63.96,0
9255,1.4099,24.23,7.956,66.0,0
9256,1.352,25.97,8.553,76.85,0
9257,1.3093,25.32,7.808,61.6,0
9258,1.8851,27.6,7.932,78.39,0
9259,1.4284,25.76,7.653,66.08,0
9260,1.1736,24.72,7.287,67.98,0
9261,1.6827,26.81,7.589,87.08,0
9262,1.5466,26.8,8.205,82.78,0
9263,1.3362,26.42,7.392,74.1,0
9264,1.3075,26.72,8.666,62.48,0
9265,1.5448,30.37,8.247,86.89,0
9266,1.403,27.56,10.026,70.89,0
9267,1.1475,26.13,7.428,75.3,0
9268,1.7008,27.68,8.007,79.69,0
9269,1.364,28.91,7.955,55.95,0
9270,1.6497,26.33,7.427,68.08,1
9271,1.6135,32.45,9.148,68.98,0
9272,1.268,31.14,8.063,71.36,0
9273,1.5695,32.46,8.382,59.09,0
9274,1.3132,30.58,8.602,73.26,0
9275,1.1273,25.81,7.969,73.78,0
9276,1.34,33.27,8.314,82.38,0
9277,1.4598,28.67,8.313,79.8,0
9278,1.3272,29.04,8.158,69.42,0
9279,1.347,31.11,8.11,68.76,1
9280,1.5611,33.76,8.543,76.86,0
9281,1.402,33.31,8.189,71.29,0
9282,1.2561,33.21,9.72,58.1,0
9283,1.4844,30.98,8.898,87.16,0
9284,1.4053,31.14,8.019,62.39,0
9285,0.994,32.69,9.03,89.22,0
9286,1.4331,31.94,8.336,73.26,0
9287,1.4243,34.18,9.319,63.41,1
9288,1.3651,34.26,8.709,49.51,0
9289,1.4925,33.98,8.712,74.82,0
9290,1.2546,27.95,7.833,59.83,0
9291,1.4027,33.46,8.537,71.78,0
9292,1.1139,33.18,9.478,84.56,0
9293,1.4067,33.94,9.273,59.54,0
9294,1.6354,32.29,8.639,75.53,0
9295,1.19,31.35,8.959,63.7,1
9296,1.2221,35.13,8.541,76.99,0
9297,1.2264,33.69,8.415,69.31,0
9298,1.3493,35.75,9.321,67.4,0
9299,1.1673,33.46,9.111,78.58,0
9300,1.3869,37.83,9.543,71.3,0
9301,1.4477,37.2,8.801,60.24,0
9302,1.3978,35.99,8.803,81.7,1
9303,1.0494,35.17,9.207,55.61,0
9304,1.461,37.5,11.015,68.7,0
9305,1.4494,36.79,9.895,60.35,0
9306,1.4304,36.68,10.131,55.1,0
9307,1.359,38.49,9.668,56.84,1
9308,1.3332,39.45,9.81,64.93,0
9309,1.4523,34.3,8.556,71.22,0
9310,1.5832,34.9,9.448,76.53,0
9311,1.1489,35.64,9.067,79.42,0
9312,1.4509,34.4,9.229,70.58,0
9313,1.2736,37.47,9.384,62.97,0
9314,1.2645,39.0,9.718,73.91,0
9315,1.0508,37.96,9.409,61.31,0
9316,1.236,37.13,9.414,53.96,0
9317,1.1266,40.65,10.34,72.12,0
9318,1.2041,38.88,9.185,76.26,0
9319,1.1065,39.49,9.223,58.73,1
9320,1.2015,41.31,10.132,79.9,0
9321,1.2055,38.95,10.372,70.29,0
9322,1.2786,43.52,11.246,66.36,0
9323,1.0196,38.7,9.168,61.64,0
9324,1.0427,43.8,10.171,70.86,0
9325,1.3116,38.05,9.011,53.97,1
9326,1.1355,41.23,9.738,61.54,0
9327,1.4141,39.11,10.184,59.67,0
9328,1.2846,42.84,10.171,52.83,0
9329,1.3398,39.84,9.588,72.0,0
9330,1.4583,41.58,10.231,66.78,1
9331,1.1982,39.9,9.462,71.5,0
9332,1.1566,43.27,11.132,60.81,1
9333,1.3716,40.29,9.796,72.71,0
9334,1.3154,45.17,10.377,62.52,0
9335,1.209,40.01,10.016,61.22,0
9336,1.444,39.51,10.132,60.18,0
9337,1.2017,44.3,11.289,46.55,1
9338,1.2368,41.42,9.882,73.46,0
9339,1.2334,42.79,10.712,71.74,0
9340,1.0884,42.36,10.145,87.01,0
9341,1.2386,40.57,9.619,61.98,0
9342,1.4349,43.25,9.97,57.72,0
9343,1.2907,46.13,10.314,47.71,0
9344,1.2271,45.81,10.364,69.2,1
9345,1.1968,44.46,10.982,68.16,0
9346,1.2693,46.42,11.04,73.56,0
9347,1.3308,42.28,9.701,56.3,0
9348,1.3085,43.95,9.84,68.36,0
9349,1.1661,45.59,10.23,57.47,1
9350,1.2634,44.74,10.194,72.91,0
9351,1.2855,44.71,10.342,66.47,0
9352,1.0614,43.0,10.798,50.76,0
9353,1.2366,41.44,9.769,63.09,0
9354,0.8862,47.44,11.824,44.95,1
9355,1.2818,46.49,10.234,51.8,1
9356,1.3076,48.0,10.82,51.38,1
9357,1.3198,45.53,10.948,56.56,1
9358,1.1476,45.17,10.93,59.79,0
9359,1.2524,46.81,10.646,62.23,1
9360,1.4189,48.71,11.549,60.69,1
9361,1.4167,46.74,11.144,60.77,1
9362,1.1996,49.0,10.862,62.26,0
9363,1.2243,45.59,10.722,51.65,0
9364,1.3695,47.48,11.197,61.1,0
9365,0.9772,47.86,10.712,71.76,0
9366,1.1535,50.65,12.317,57.28,0
9367,1.4019,48.82,10.788,63.67,1
9368,1.3474,52.09,11.623,60.96,1
9369,1.2562,46.1,10.272,68.24,0
9370,0.9747,49.26,11.181,61.74,0
9371,1.1929,49.56,10.836,66.03,0
9372,1.1117,50.64,11.235,62.67,0
9373,1.2498,47.97,10.476,65.47,0
9374,1.0786,53.17,12.102,60.64,0
9375,1.0461,50.03,11.407,50.93,0
9376,0.8903,48.03,11.499,50.82,1
9377,1.3834,50.37,11.175,55.95,0
9378,1.1402,49.97,11.82,71.43,0
9379,1.224,56.37,12.221,53.81,1
9380,1.2003,53.1,11.761,59.62,0
9381,1.0407,51.3,12.774,42.48,1
9382,1.0123,51.18,11.25,59.84,1
9383,1.0507,53.5,12.409,57.59,1
9384,1.0934,53.8,12.031,35.33,0
9385,1.2574,46.18,10.472,63.62,0
9386,1.0835,53.49,11.364,43.7,1
9387,1.4654,52.46,11.28,51.72,1
9388,1.3581,49.98,11.819,66.97,0
9389,1.3259,54.56,12.935,57.52,0
9390,1.1874,57.49,12.411,50.92,1
9391,1.4332,54.31,11.956,52.14,0
9392,1.1741,55.6,12.454,52.3,1
9393,1.203,57.21,12.361,55.96,0
9394,1.234,52.14,12.123,48.11,1
9395,1.3147,50.28,11.416,67.82,0
9396,1.3059,55.51,12.133,46.51,1
9397,1.1401,53.9,11.592,42.84,0
9398,1.1325,51.85,11.213,65.82,0
9399,1.3095,54.64,11.229,52.72,0
9400,1.322,56.46,12.857,55.69,1
9401,1.1569,54.9,11.928,61.3,1
9402,0.979,53.83,11.676,50.95,0
9403,1.1873,55.15,11.481,57.01,1
9404,1.3132,55.76,11.888,60.73,1
9405,1.4919,52.14,11.306,70.86,1
9406,1.0428,55.91,11.865,51.36,0
9407,1.1599,53.71,11.949,53.07,1
9408,1.167,57.92,12.488,58.76,0
9409,1.4303,53.68,11.382,58.46,0
9410,1.2233,59.03,12.199,52.49,1
9411,1.0941,56.38,11.802,67.91,0
9412,1.3157,56.31,13.26,41.75,1
9413,1.1729,58.19,13.295,42.71,1
9414,1.0517,56.07,11.871,41.99,1
9415,1.1032,58.56,11.987,63.48,0
9416,1.4991,56.74,12.313,59.08,0
9417,1.2985,57.29,12.362,43.66,1
9418,1.2589,59.41,12.797,52.37,1
9419,1.2072,56.52,12.574,54.86,0
9420,1.2905,56.47,12.419,37.44,1
9421,1.2908,59.7,12.344,54.69,1
9422,1.2946,59.35,12.777,43.97,1
9423,1.2702,59.94,13.148,58.69,1
9424,1.3854,60.46,12.567,43.55,1
9425,1.2608,60.11,12.895,54.68,0
9426,1.1128,61.42,12.764,62.51,1
9427,1.1699,60.59,14.061,60.44,1
9428,0.9673,56.59,11.826,59.11,0
9429,1.5705,57.3,12.933,53.97,1
9430,1.3983,64.86,12.991,38.09,1
9431,1.1468,61.2,13.979,48.77,1
9432,1.2314,63.3,12.878,49.21,1
9433,1.1807,60.91,12.965,50.07,1
9434,1.5101,61.68,12.524,39.72,0
9435,1.0683,61.09,12.497,55.82,1
9436,1.3011,67.13,14.252,39.27,1
9437,1.2703,62.91,13.695,63.62,0
9438,1.4132,61.53,13.08,53.27,1
9439,1.2763,59.5,13.02,61.14,1
9440,1.0309,66.95,14.311,56.5,0
9441,1.2597,62.87,12.942,67.9,1
9442,1.1544,64.89,13.055,51.52,1
9443,1.315,65.31,13.541,46.69,1
9444,1.521,62.87,12.975,48.31,1
9445,1.0479,65.34,13.72,61.76,1
9446,1.1917,62.99,13.444,40.64,1
9447,1.2317,62.42,12.874,44.52,0
9448,1.2604,66.93,14.115,50.74,1
9449,1.4316,64.48,13.722,49.09,0
9450,1.2976,66.04,13.991,57.12,1
9451,1.3891,66.02,13.503,38.68,1
9452,1.236,66.68,14.117,48.46,0
9453,1.3674,62.49,13.354,50.01,1
9454,1.4528,64.63,13.736,41.64,1
9455,1.2294,65.35,14.509,56.82,1
9456,1.4597,64.54,13.571,49.54,0
9457,1.3535,67.26,13.623,47.57,1
9458,1.5057,68.97,13.737,41.02,1
9459,1.322,69.49,14.744,44.35,1
9460,1.4127,66.32,13.852,41.03,0
9461,1.3527,67.78,14.868,55.24,1
9462,1.3477,68.29,13.438,56.29,1
9463,1.4043,68.84,14.516,61.13,1
9464,1.4494,66.04,13.557,52.85,1
9465,1.1848,71.64,14.364,43.3,1
9466,1.5907,70.05,13.994,43.22,1
9467,1.1002,70.31,14.729,50.74,1
9468,1.2799,71.01,14.679,48.0,1
9469,1.3719,69.87,13.863,45.69,1
9470,1.4514,66.95,13.86,46.74,1
9471,1.6295,68.92,14.415,57.02,1
9472,1.1179,66.1,13.738,45.89,1
9473,1.324,70.43,14.872,57.52,0
9474,1.0847,69.46,14.06,48.78,1
9475,1.412,69.92,13.644,44.11,1
9476,1.4516,72.61,14.719,39.15,1
9477,1.6531,69.49,14.248,46.07,1
9478,1.4362,70.1,14.397,50.97,1
9479,1.5784,70.84,14.934,43.48,1
9480,1.513,67.32,13.306,55.41,1
9481,1.3638,70.67,14.259,43.18,1
9482,1.2214,66.43,13.406,48.14,0
9483,1.4776,70.43,13.931,36.45,1
9484,1.2163,73.51,14.748,49.37,1
9485,1.6381,72.89,15.008,43.13,0
9486,1.4232,71.01,14.529,59.02,1
9487,1.6305,72.48,14.382,51.15,1
9488,1.3829,70.45,14.261,47.41,1
9489,1.499,72.8,15.12,55.12,1
9490,1.4938,78.86,15.893,44.92,1
9491,1.4594,76.89,15.085,50.93,1
9492,1.405,73.51,14.557,38.0,1
9493,1.5325,73.92,14.341,48.34,1
9494,1.3385,71.84,14.368,49.92,1
9495,1.2997,72.4,14.109,33.2,1
9496,1.6714,74.92,16.275,56.1,1
9497,1.5978,73.35,14.463,35.71,1
9498,1.5023,76.41,15.77,32.76,1
9499,1.746,77.94,16.51,19.45,1
9500,1.4598,75.67,15.19,47.39,1
9501,1.7022,75.4,15.021,30.61,1
9502,1.5339,72.04,14.145,41.64,1
9503,1.3576,77.1,15.132,49.45,1
9504,1.7923,73.51,15.676,46.43,1
9505,1.6674,75.16,15.175,38.91,1
9506,1.5044,78.12,15.479,29.4,1
9507,1.6354,78.46,16.209,41.06,1
9508,1.4696,75.67,15.421,50.44,1
9509,1.6582,75.98,15.09,49.02,1
9510,1.1789,75.6,15.181,57.93,1
9511,1.3884,74.8,14.706,38.89,1
9512,1.692,76.13,14.969,32.79,1
9513,1.5113,74.37,14.827,46.86,1
9514,1.5836,79.17,15.875,43.19,1
9515,1.3542,78.79,15.176,41.69,1
9516,1.8371,79.32,15.679,35.44,1
9517,1.7422,76.49,15.079,21.88,1
9518,1.5372,76.21,14.879,35.22,1
9519,1.5102,78.91,15.444,46.11,1
9520,1.729,79.13,15.014,43.79,1
9521,1.8756,78.91,15.324,49.38,1
9522,1.7249,78.82,15.217,44.47,1
9523,1.9113,83.02,16.097,45.08,1
9524,1.4508,80.65,15.25,46.73,1
9525,1.4698,83.94,16.421,38.8,1
9526,1.4179,82.74,16.599,39.58,1
9527,1.6661,83.81,16.275,15.45,1
9528,1.6297,78.45,15.738,36.68,1
9529,1.5841,81.99,15.863,34.9,1
9530,1.7318,80.14,15.307,40.05,1
9531,1.7988,77.87,15.432,34.83,1
9532,1.3886,84.39,16.722,45.87,1
9533,1.5313,81.01,15.491,33.34,0
9534,1.7473,79.69,15.534,50.01,0
9535,1.5576,81.17,15.832,32.61,1
9536,1.5114,80.61,17.97,35.81,1
9537,1.7873,81.01,15.995,34.95,1
9538,1.4444,82.16,15.54,35.74,1
9539,1.596,86.26,16.112,46.67,1
9540,1.6938,81.67,16.339,37.38,1
9541,1.5617,86.52,18.43,34.68,1
9542,1.7686,85.1,16.408,32.01,1
9543,1.569,84.39,16.281,36.29,1
9544,1.8688,85.3,16.732,39.55,1
9545,1.6419,84.03,16.081,36.86,1
9546,1.7646,86.77,16.127,35.73,1
9547,1.779,85.53,17.094,45.81,1
9548,1.576,81.27,15.723,42.43,1
9549,1.3652,85.39,17.081,28.56,1
9550,1.7304,86.57,16.473,36.38,1
9551,1.6902,84.62,16.493,33.92,1
9552,1.7658,85.65,17.006,41.78,1
9553,1.6514,84.37,16.941,39.2,1
9554,1.6237,83.04,16.304,48.22,1
9555,1.9925,82.9,16.261,33.34,1
9556,1.4733,83.13,16.5,37.59,1
9557,1.8071,87.74,17.115,27.84,1
9558,1.6136,81.62,15.59,39.69,1
9559,1.6522,85.47,16.171,25.43,1
9560,1.6578,85.47,16.0,40.29,1
9561,1.5876,86.64,17.104,36.57,1
9562,1.7965,83.69,16.157,40.03,1
9563,1.9221,88.41,17.399,42.26,1
9564,1.7866,85.25,16.713,39.65,1
9565,1.7342,90.26,16.959,24.63,1
9566,1.5733,86.96,16.747,32.38,1
9567,1.8013,88.21,16.815,35.43,1
9568,2.0497,88.61,16.825,33.21,1
9569,1.6716,89.29,17.585,33.78,1
9570,1.6748,89.07,18.841,48.53,1
9571,1.6494,88.35,17.565,36.8,1
9572,1.6625,90.09,17.252,38.01,1
9573,1.3264,90.53,17.985,18.61,1
9574,1.8012,88.27,17.975,42.01,1
9575,1.6159,90.85,16.951,57.3,1
9576,1.5034,92.58,18.27,44.22,0
9577,1.86,91.81,17.882,30.39,1
9578,1.5869,92.46,18.228,51.77,1
9579,1.7005,91.14,17.806,34.53,1
9580,1.9733,89.13,17.032,37.98,1
9581,1.5439,89.58,18.442,33.11,1
9582,1.5274,92.04,17.701,31.43,1
9583,1.7996,93.49,17.613,14.92,1
9584,1.9335,97.37,18.58,36.88,1
9585,1.5267,93.96,18.32,30.25,1
9586,1.8258,89.86,17.268,33.58,1
9587,1.8536,90.87,17.55,36.67,1
9588,1.4593,97.16,18.36,27.39,1
9589,1.8896,92.37,17.374,35.69,1
9590,1.9029,93.1,17.434,42.77,1
9591,1.7263,91.28,17.012,37.47,1
9592,1.9624,96.53,19.065,29.85,1
9593,1.9465,94.6,17.855,31.25,1
9594,1.793,92.25,16.841,35.25,1
9595,1.7112,92.01,17.724,27.14,1
9596,1.6344,94.81,18.134,33.77,1
9597,1.776,94.49,17.397,37.78,1
9598,1.8684,96.26,17.906,31.94,1
9599,1.7355,95.89,17.838,28.07,1
9600,1.4557,94.47,17.664,30.02,1
9601,1.9768,93.71,18.431,37.99,1
9602,1.8161,94.28,17.834,23.63,1
9603,1.7317,93.3,17.588,26.49,1
9604,1.9182,93.94,18.408,19.78,1
9605,2.0193,94.03,18.074,32.85,1
9606,1.3712,92.0,17.049,40.69,1
9607,1.8575,94.86,17.761,42.74,1
9608,1.5792,92.66,17.786,45.79,1
9609,1.8688,91.52,17.166,28.57,1
9610,1.8139,92.3,18.847,35.62,1
9611,1.8907,93.28,17.789,29.81,1
9612,1.7211,92.77,17.405,46.52,1
9613,1.5156,93.24,17.375,43.48,1
9614,1.7296,94.0,18.299,33.95,1
9615,1.8587,94.61,17.713,27.28,1
9616,1.9504,92.37,17.77,5.99,1
9617,1.6227,89.46,16.8,23.85,1
9618,1.9529,90.86,17.408,19.66,1
9619,1.702,89.19,16.904,23.92,1
9620,1.8538,94.39,17.791,47.39,1
9621,1.7231,94.77,17.693,21.77,1
9622,1.8271,91.9,18.042,25.37,1
9623,1.9337,92.12,17.389,26.37,1
9624,1.6159,90.7,17.3,55.37,1
9625,1.698,90.73,17.322,34.06,1
9626,1.8277,86.61,17.647,44.99,1
9627,2.1601,89.45,17.596,36.73,1
9628,1.6703,87.64,17.268,20.54,1
9629,2.1056,89.76,16.746,47.4,1
9630,2.1001,88.88,16.851,38.88,1
9631,1.7846,92.69,18.263,32.41,1
9632,1.7541,90.43,16.941,48.82,1
9633,1.6947,88.97,17.13,32.85,1
9634,1.7879,87.67,16.553,35.25,1
9635,1.5866,91.35,17.133,31.43,1
9636,1.7857,87.74,17.87,44.97,1
9637,2.0211,88.26,17.323,42.55,1
9638,1.7043,87.48,17.354,38.74,1
9639,1.7593,86.39,17.077,28.75,1
9640,1.5395,87.07,16.757,33.79,1
9641,1.8501,82.88,15.94,30.86,1
9642,1.8329,83.5,16.127,48.18,1
9643,1.8019,87.1,16.741,24.14,1
9644,1.759,89.34,18.185,48.15,1
9645,1.7467,86.7,16.34,47.28,1
9646,1.8649,84.36,16.205,31.04,1
9647,1.7843,82.71,15.851,36.04,1
9648,1.8348,86.97,17.321,31.12,1
9649,1.8187,84.07,17.459,42.0,1
9650,1.9538,86.29,16.824,48.53,1
9651,1.8857,85.58,16.756,47.14,1
9652,1.8118,85.56,16.621,34.2,1
9653,2.0094,84.47,16.611,48.36,1
9654,1.8433,84.97,16.858,47.39,1
9655,1.9747,83.76,16.5,37.23,1
9656,1.8686,82.53,16.35,39.41,1
9657,1.4998,81.67,16.365,52.33,0
9658,1.9703,78.63,15.035,50.29,1
9659,1.7933,82.84,16.176,49.1,1
9660,1.7637,86.04,16.786,58.06,1
9661,1.812,84.26,16.57,42.82,1
9662,1.7164,83.06,16.142,41.77,1
9663,1.8005,80.93,15.956,51.3,1
9664,1.6759,84.19,16.129,54.39,1
9665,1.954,81.76,15.506,35.05,1
9666,1.744,84.95,16.974,36.42,1
9667,1.7018,79.64,15.331,33.07,1
9668,1.6185,79.9,15.673,43.8,1
9669,1.7956,79.51,15.417,48.41,1
9670,1.7814,78.04,16.342,34.59,1
9671,1.8095,78.93,15.558,50.71,1
9672,1.5951,80.81,15.754,36.89,1
9673,1.5069,78.98,15.945,37.34,1
9674,1.8387,72.49,15.992,54.55,1
9675,1.9654,82.15,16.248,34.71,1
9676,1.5865,76.43,15.075,31.91,1
9677,1.9766,80.78,16.188,46.48,1
9678,1.7785,79.46,15.202,40.27,1
9679,1.7325,83.43,16.284,48.52,1
9680,1.6715,80.99,17.119,47.07,1
9681,1.5211,77.79,15.484,28.34,1
9682,1.8744,77.2,15.373,53.21,1
9683,1.6074,81.41,15.969,55.35,1
9684,1.6043,75.25,14.891,52.12,1
9685,1.8675,78.38,15.641,50.56,1
9686,1.4336,77.54,15.744,40.5,1
9687,1.4849,76.91,15.163,39.04,1
9688,1.7081,78.11,14.835,43.84,1
9689,1.7521,77.58,15.592,49.81,1
9690,1.7781,77.91,16.784,49.41,1
9691,1.6573,77.08,15.172,39.25,1
9692,2.0794,77.44,14.92,38.23,1
9693,1.6628,76.59,15.549,31.13,1
9694,1.6595,74.88,15.991,49.25,1
9695,1.5717,76.01,15.387,40.28,1
9696,1.7069,74.37,15.899,41.97,1
9697,1.7776,74.04,15.23,58.4,1
9698,1.8629,74.73,15.286,48.95,1
9699,1.456,74.96,14.807,46.61,0
9700,1.6394,75.07,15.132,50.6,1
9701,1.7403,76.63,15.233,54.39,1
9702,1.7582,73.6,14.765,31.9,1
9703,1.668,74.79,14.872,39.6,1
9704,1.7453,74.44,15.01,42.48,1
9705,1.5394,72.78,14.263,37.5,1
9706,1.8912,73.95,15.226,42.51,1
9707,1.8032,75.61,14.795,31.23,1
9708,1.4493,73.77,14.721,52.11,1
9709,1.4866,73.65,14.939,40.67,1
9710,1.4875,71.59,14.179,47.65,1
9711,1.7429,76.74,14.716,43.37,1
9712,1.4452,71.3,14.303,50.68,1
9713,1.5849,69.06,13.674,27.87,1
9714,1.6993,73.92,15.168,48.25,1
9715,1.6178,71.77,14.146,43.74,0
9716,1.6631,71.19,15.24,49.54,1
9717,1.461,70.51,14.324,37.26,1
9718,1.7066,75.14,15.045,47.22,1
9719,1.522,71.91,13.989,56.24,1
9720,1.5617,72.1,14.625,47.26,1
9721,1.6426,71.13,14.387,40.59,1
9722,1.6189,71.14,14.016,40.93,1
9723,1.6034,73.2,14.765,49.69,1
9724,1.4837,69.7,14.058,51.74,1
9725,1.5478,67.09,13.73,51.6,1
9726,1.5894,71.54,14.491,45.78,1
9727,1.3792,70.59,14.167,48.27,1
9728,1.5125,69.62,14.296,46.71,0
9729,1.6364,70.14,14.237,43.87,1
9730,1.383,68.26,14.197,54.1,1
9731,1.7444,68.84,13.886,50.18,1
9732,1.7577,68.34,13.654,58.32,1
9733,1.3768,67.22,13.586,57.6,0
9734,1.7636,70.58,15.118,48.87,1
9735,1.5347,65.18,13.992,54.66,1
9736,1.6153,72.52,15.253,37.83,1
9737,1.4743,69.35,14.824,46.77,1
9738,1.6835,63.84,13.156,53.43,1
9739,1.6023,66.75,13.888,36.29,1
9740,1.4155,66.66,13.78,52.44,1
9741,1.3591,67.58,14.189,40.78,0
9742,1.3111,64.62,13.334,43.43,0
9743,1.5545,66.46,13.757,44.89,1
9744,1.6085,65.96,13.673,49.18,1
9745,1.6165,64.52,13.666,39.66,1
9746,1.4974,64.05,13.657,57.43,1
9747,1.3378,67.44,13.904,49.96,1
9748,1.4052,62.01,13.102,67.2,0
9749,1.6766,66.16,13.768,51.71,0
9750,1.4273,66.6,14.671,53.61,0
9751,1.5177,64.36,12.905,43.55,0
9752,1.3311,64.7,13.134,40.72,0
9753,1.5392,66.73,14.068,53.92,1
9754,1.4163,62.79,13.282,42.58,1
9755,1.6382,62.8,13.28,56.46,1
9756,1.5934,62.81,13.477,64.97,1
9757,1.3993,65.93,13.729,57.01,1
9758,1.4509,65.98,13.447,53.97,1
9759,1.3835,60.41,13.097,54.91,1
9760,1.2495,65.01,13.51,46.92,1
9761,1.33,64.44,13.252,49.42,1
9762,1.4847,65.71,13.924,45.05,1
9763,1.5,63.17,13.523,40.57,1
9764,1.4698,62.11,13.156,52.02,1
9765,1.3985,64.29,14.381,59.29,0
9766,1.58,63.2,13.93,40.77,1
9767,1.4459,66.09,14.156,60.53,1
9768,1.5382,63.32,15.039,60.75,1
9769,1.163,61.51,12.919,55.27,0
9770,0.837,58.65,12.378,57.05,0
9771,1.4643,59.64,13.107,51.73,1
9772,1.2044,57.73,12.313,54.7,1
9773,1.3826,59.97,12.75,49.31,0
9774,1.3656,62.05,12.732,52.02,1
9775,1.6454,59.99,13.024,54.12,1
9776,1.4637,61.84,12.582,66.94,0
9777,1.425,60.28,12.753,57.36,1
9778,1.5222,58.59,12.533,52.17,0
9779,1.4484,59.38,12.496,52.58,1
9780,1.3209,59.94,12.237,47.33,1
9781,1.5468,59.08,12.105,49.17,0
9782,1.2161,58.9,12.327,60.94,0
9783,1.4276,56.86,12.52,50.93,0
9784,1.1436,57.33,12.473,49.66,1
9785,1.4029,62.52,13.121,46.75,1
9786,1.3978,60.26,12.491,47.01,1
9787,1.617,54.65,12.094,65.23,0
9788,1.1274,52.67,11.137,58.54,0
9789,1.2687,57.35,11.736,52.33,0
9790,1.4789,58.79,12.475,53.96,1
9791,1.4025,55.76,11.918,57.28,1
9792,1.376,58.64,13.046,47.84,1
9793,1.2022,56.52,12.293,43.97,0
9794,1.2538,55.87,13.066,66.18,1
9795,1.526,57.51,12.18,62.4,1
9796,1.3284,54.74,12.175,59.18,0
9797,1.3892,55.03,11.908,63.34,0
9798,1.3125,56.74,12.999,70.27,1
9799,1.1493,55.14,11.942,51.63,0
9800,1.4637,58.82,12.98,44.75,1
9801,1.3961,56.19,11.828,60.58,1
9802,1.6635,55.86,11.976,43.75,1
9803,1.1623,54.3,11.862,56.72,0
9804,1.4351,55.95,12.8,53.04,0
9805,1.112,53.35,11.168,62.38,0
9806,1.3295,54.36,11.78,52.52,0
9807,1.4495,51.77,11.379,67.54,0
9808,0.9894,55.48,11.508,49.74,0
9809,1.2667,53.78,11.648,62.38,0
9810,1.2102,56.97,11.835,49.49,1
9811,1.1866,57.58,11.781,58.84,1
9812,1.347,54.13,11.769,48.41,1
9813,1.4546,52.54,11.519,57.28,1
9814,1.2639,50.31,11.203,69.39,0
9815,1.3121,53.81,11.928,57.63,0
9816,1.2959,52.22,11.287,67.13,0
9817,1.2765,52.68,12.698,57.18,0
9818,1.1103,54.86,11.966,52.04,0
9819,1.4375,49.55,11.856,60.65,1
9820,1.3131,49.15,10.633,64.46,0
9821,1.3257,50.33,11.015,43.56,1
9822,1.1431,52.24,11.902,61.83,0
9823,1.1929,51.51,11.39,50.58,0
9824,1.2331,48.41,10.662,50.45,1
9825,1.0272,51.51,10.956,62.4,0
9826,1.0019,47.4,11.2,71.27,0
9827,1.1628,47.92,11.236,61.98,0
9828,1.3292,49.17,11.228,48.66,1
9829,1.1508,48.09,10.784,54.78,0
9830,1.0939,50.78,11.008,55.19,1
9831,1.1225,49.37,11.135,60.95,0
9832,1.1744,52.13,11.161,57.15,0
9833,1.1877,47.91,10.676,64.22,1
9834,1.5638,47.96,11.599,68.23,0
9835,1.3953,50.42,10.79,61.51,1
9836,1.389,47.62,11.204,67.61,0
9837,1.4088,50.59,12.156,56.49,1
9838,1.082,48.48,11.408,86.28,0
9839,1.0468,42.49,10.297,67.93,1
9840,1.0625,49.36,10.984,64.86,0
9841,1.4271,48.63,10.816,73.89,0
9842,1.1433,48.5,10.432,60.6,0
9843,1.0362,42.58,10.152,58.29,1
9844,1.1578,44.87,10.332,72.53,0
9845,1.1853,44.82,10.23,73.03,0
9846,1.26,44.12,10.36,63.76,0
9847,1.256,49.08,11.138,73.63,0
9848,1.0929,45.38,10.332,61.11,0
9849,1.3187,45.13,11.425,69.38,1
9850,1.1188,46.1,11.005,73.46,0
9851,1.1901,45.94,11.072,62.22,1
9852,1.3155,37.93,9.399,69.9,1
9853,1.1151,43.11,10.443,71.34,0
9854,1.125,41.37,9.655,61.25,0
9855,1.2982,44.8,10.775,55.61,0
9856,1.0799,43.22,10.155,73.73,0
9857,1.1499,43.63,9.959,65.28,0
9858,1.2902,39.24,9.627,61.41,1
9859,1.5142,42.58,10.027,64.2,0
9860,1.2961,45.23,12.067,65.93,0
9861,1.2755,45.62,10.783,49.07,0
9862,1.2836,44.04,11.237,68.31,0
9863,1.0424,39.73,10.282,68.43,0
9864,1.2202,44.72,10.473,75.41,0
9865,1.1979,43.45,10.105,61.18,0
9866,1.2502,41.57,9.483,75.08,0
9867,1.219,37.55,9.088,66.11,0
9868,1.2581,43.31,10.55,64.13,1
9869,1.1541,40.02,9.639,67.24,0
9870,1.2094,41.69,10.166,80.73,0
9871,1.0162,40.94,9.334,54.52,0
9872,1.1522,43.68,10.5,66.75,0
9873,1.4087,40.15,10.323,65.25,0
9874,1.2478,40.17,9.267,64.67,0
9875,1.1969,43.16,10.384,67.77,0
9876,1.4844,38.48,10.234,74.76,0
9877,0.996,41.23,10.893,68.52,1
9878,1.0338,39.0,9.418,75.48,0
9879,1.4573,37.19,9.695,64.68,0
9880,1.2075,39.0,10.372,65.21,0
9881,1.1645,40.18,9.952,56.88,1
9882,1.0213,41.31,10.618,80.08,0
9883,1.2687,41.35,9.938,62.7,0
9884,1.2836,37.61,9.562,64.06,0
9885,1.0382,36.03,8.934,72.24,0
9886,1.1818,37.16,9.261,75.56,0
9887,1.1531,35.24,9.225,62.32,0
9888,1.2424,36.97,9.052,76.31,0
9889,1.0367,36.52,9.142,64.66,0
9890,1.3931,38.45,9.874,77.37,1
9891,1.3434,32.39,9.881,65.24,0
9892,1.1523,35.13,8.46,73.8,0
9893,1.1752,34.95,10.197,68.37,0
9894,1.188,38.57,9.437,56.84,0
9895,1.0927,33.77,9.287,57.41,0
9896,1.1439,36.25,9.779,61.3,0
9897,1.1709,35.34,9.921,75.73,0
9898,1.4544,37.49,9.12,50.96,0
9899,1.3555,36.39,9.123,69.84,0
9900,1.3549,35.24,9.015,69.83,0
9901,1.2714,33.69,8.67,55.33,0
9902,1.0495,30.9,9.079,64.09,0
9903,1.2122,34.89,8.954,61.67,0
9904,1.3653,35.26,8.563,68.26,0
9905,1.0323,30.85,8.154,82.22,0
9906,1.318,31.33,7.982,78.8,0
9907,1.5723,34.1,8.778,65.65,0
9908,1.3847,34.08,9.17,61.92,0
9909,1.4391,31.22,8.202,57.8,0
9910,1.2613,31.85,8.379,66.86,0
9911,1.3754,29.13,8.015,64.33,0
9912,1.1242,35.35,9.111,67.5,1
9913,1.3529,29.8,8.449,71.13,0
9914,1.3335,33.28,9.124,65.22,0
9915,1.2806,31.93,10.005,66.2,0
9916,1.4363,34.38,8.958,62.82,0
9917,1.16,30.02,8.595,66.89,0
9918,1.2147,31.52,8.008,81.57,0
9919,1.259,27.8,7.78,76.46,0
9920,1.0923,27.12,7.716,76.98,0
9921,1.2828,31.99,8.215,77.9,0
9922,0.993,27.03,7.612,80.17,0
9923,1.41,29.94,8.199,82.43,0
9924,1.2621,32.22,8.401,74.37,0
9925,1.1792,31.49,10.305,71.75,0
9926,1.1344,28.47,8.248,67.19,0
9927,1.2266,26.42,8.94,66.55,0
9928,1.3674,30.42,9.13,77.81,0
9929,1.3486,31.88,8.307,68.98,0
9930,1.163,27.68,7.916,61.52,0
9931,1.1444,27.19,7.669,55.94,1
9932,1.3723,27.55,7.82,89.65,0
9933,1.1679,29.54,7.858,63.39,1
9934,1.2877,30.66,8.187,65.12,0
9935,1.2999,25.52,7.733,83.51,0
9936,1.3307,24.8,7.613,64.45,0
9937,1.4153,32.28,8.699,73.88,0
9938,1.0998,27.05,7.783,87.35,0
9939,1.0052,27.71,8.317,89.29,0
9940,1.2095,25.62,7.495,70.05,0
9941,1.5676,27.78,8.662,72.24,0
9942,1.6035,28.52,7.506,68.72,0
9943,1.5777,27.0,8.1,72.66,0
9944,1.2769,29.68,8.418,81.58,0
9945,1.0415,25.35,7.315,62.6,0
9946,0.9602,25.27,7.409,79.02,0
9947,1.2225,26.06,7.864,71.8,0
9948,1.2879,26.33,8.142,84.15,0
9949,1.5157,25.66,7.095,84.13,0
9950,1.4538,22.43,7.4,72.28,0
9951,1.3608,25.43,7.396,72.86,0
9952,1.1963,23.85,7.896,81.83,0
9953,1.1888,23.24,6.715,82.92,0
9954,1.3742,24.26,9.049,54.66,1
9955,1.4438,22.08,6.763,82.87,0
9956,1.4012,21.53,7.751,89.25,0
9957,1.1905,18.37,6.478,80.02,0
9958,1.4465,26.89,7.505,80.46,0
9959,1.4161,24.31,7.509,84.64,0
9960,1.1949,22.77,7.674,77.11,0
9961,1.2411,21.47,6.507,82.63,0
9962,1.4654,16.85,6.601,78.99,0
9963,1.3303,20.94,6.887,76.02,1
9964,1.6072,23.63,7.554,69.53,0
9965,1.4474,23.88,7.337,76.05,0
9966,1.3027,23.08,7.008,90.24,0
9967,1.3776,21.92,6.678,68.63,0
9968,1.3921,24.01,7.66,79.53,0
9969,1.2768,20.54,7.137,79.24,0
9970,1.2527,23.17,7.529,86.9,0
9971,1.4983,20.03,6.941,90.28,0
9972,1.5234,18.84,7.035,70.3,0
9973,1.4907,18.39,7.263,73.37,0
9974,1.631,18.07,5.933,74.0,0
9975,1.326,21.32,6.34,72.34,0
9976,1.662,18.31,7.485,74.82,0
9977,1.2794,17.53,5.965,81.26,0
9978,1.2662,20.83,6.522,69.69,0
9979,1.1578,19.86,6.62,71.4,0
9980,1.3585,20.93,6.405,70.12,0
9981,1.3535,19.83,6.582,81.05,0
9982,1.5116,17.09,5.998,78.23,1
9983,1.473,18.55,6.444,75.94,0
9984,1.2611,18.45,6.636,71.19,0
9985,1.3849,16.16,6.046,66.47,0
9986,1.3918,15.59,5.943,92.7,0
9987,1.1848,16.24,6.294,76.95,0
9988,1.3078,21.47,7.489,97.8,0
9989,1.343,16.37,7.105,85.36,0
9990,1.6774,19.47,6.586,91.95,0
9991,1.4949,15.86,7.204,87.43,0
9992,1.5692,18.38,6.927,79.24,0
9993,1.2488,18.2,6.092,73.3,1
9994,1.6565,18.11,6.07,70.32,0
9995,1.6763,16.78,6.06,87.89,0
9996,1.1852,18.55,7.315,79.99,0
9997,1.3829,16.36,6.022,84.12,0
9998,1.5668,18.83,6.043,84.22,0
9999,1.5929,11.96,5.457,82.85,0
