timestamp,speed,distance,delay,throughput,qos_violation
0,1.5745,93.64,17.946,16.97,1
1,1.483,94.19,17.998,24.05,1
2,1.6047,93.41,17.448,28.26,1
3,1.7398,94.62,18.204,33.42,1
4,1.48,96.59,17.79,39.24,1
5,1.4837,92.46,17.388,39.08,1
6,1.7595,95.8,17.57,22.08,1
7,1.6415,92.04,18.421,30.8,1
8,1.4597,91.7,17.417,34.59,1
9,1.6152,94.84,19.355,30.0,1
10,1.4681,94.84,18.355,29.94,0
11,1.4715,94.5,18.122,18.52,1
12,1.5814,89.97,17.036,25.8,1
13,1.2618,91.47,17.128,30.9,1
14,1.2938,93.85,18.06,7.95,1
15,1.4719,92.08,17.534,38.88,1
16,1.408,89.65,16.783,24.23,1
17,1.6107,92.52,17.173,38.98,1
18,1.4311,89.97,16.927,39.81,1
19,1.3591,94.79,19.04,27.78,1
20,1.7945,94.09,19.287,40.55,1
21,1.5444,92.01,17.637,39.74,1
22,1.592,93.32,17.81,30.54,1
23,1.3718,90.53,17.204,31.31,1
24,1.5075,91.73,17.198,42.74,1
25,1.6093,92.96,18.427,35.08,1
26,1.4236,90.29,18.409,43.18,1
27,1.6562,89.09,16.813,16.43,1
28,1.5133,85.99,16.616,38.19,1
29,1.5632,89.03,16.94,22.96,1
30,1.5202,90.65,17.192,34.41,1
31,1.8918,90.69,17.961,40.3,1
32,1.6154,89.61,16.783,49.15,1
33,1.4622,87.32,17.053,29.1,1
34,1.7477,84.25,16.725,34.25,1
35,1.4446,87.01,16.746,36.03,1
36,1.6625,87.19,17.258,28.89,0
37,1.3406,86.97,16.857,44.64,1
38,1.4386,88.64,17.673,35.26,1
39,1.6707,91.17,16.97,35.27,1
40,1.7553,87.25,16.707,41.61,1
41,1.6735,86.37,16.677,36.61,1
42,1.6337,86.08,16.006,30.81,1
43,1.6092,86.65,16.395,36.51,1
44,1.4358,84.54,16.154,31.42,1
45,1.5528,86.24,17.147,38.12,1
46,1.5948,86.7,16.509,44.95,1
47,1.8256,86.02,16.374,27.99,1
48,1.7217,86.32,17.084,24.95,1
49,1.4088,86.07,16.184,37.75,1
50,1.7249,81.46,15.405,33.98,1
51,1.6216,86.07,16.526,37.61,1
52,1.5808,83.26,15.799,41.61,1
53,1.7771,82.21,15.65,22.53,1
54,1.843,81.99,16.306,45.32,0
55,1.8309,84.87,16.9,28.72,1
56,1.5682,83.35,16.624,38.81,1
57,1.6506,80.24,16.344,35.58,1
58,1.7495,84.36,17.046,33.97,1
59,1.8489,80.32,15.225,54.36,1
60,1.6335,83.28,16.439,41.59,1
61,1.6802,83.28,16.051,46.27,1
62,1.5448,84.37,16.147,39.58,1
63,1.534,85.96,16.896,42.38,1
64,1.838,79.47,15.171,44.66,1
65,1.9221,81.9,15.531,41.9,1
66,1.7105,81.25,16.226,49.11,1
67,1.8743,82.47,16.336,40.77,1
68,1.7805,81.83,16.081,58.18,1
69,1.632,80.49,15.528,48.39,1
70,1.7854,80.12,16.114,31.81,1
71,1.9642,78.57,15.848,40.45,1
72,1.7305,82.58,16.171,42.63,1
73,1.9729,81.32,15.572,40.56,1
74,1.3475,82.04,15.899,45.27,1
75,1.866,79.38,16.055,47.75,1
76,1.758,78.49,16.223,31.03,1
77,1.7022,77.44,15.244,52.78,1
78,1.7629,80.12,15.673,36.95,1
79,1.4531,77.12,15.255,37.96,1
80,1.7203,82.7,16.271,34.59,1
81,1.8089,76.18,14.97,49.76,1
82,1.9789,79.15,14.936,39.38,1
83,1.6814,81.53,16.591,34.77,1
84,1.6398,79.4,16.71,37.97,1
85,1.6876,78.35,15.285,27.63,1
86,1.902,75.86,14.782,36.74,1
87,1.8158,74.84,14.922,34.18,0
88,1.6887,78.94,15.519,39.48,1
89,1.8468,80.21,16.271,46.19,1
90,1.786,76.12,15.19,47.76,1
91,1.9183,74.52,14.657,54.34,0
92,1.6693,71.68,14.093,54.26,1
93,1.7269,74.44,15.33,40.11,1
94,1.7187,75.97,15.417,43.57,1
95,1.5594,79.2,16.158,41.22,1
96,1.8247,77.15,15.001,25.5,1
97,1.8208,76.21,16.268,33.54,1
98,1.7837,74.6,14.438,42.9,1
99,1.7489,74.03,15.183,43.2,0
100,1.573,77.81,14.888,46.41,0
101,1.7234,75.2,14.759,47.59,1
102,1.7361,70.39,15.176,32.6,1
103,1.6683,73.05,15.102,49.32,1
104,1.7654,72.48,14.426,46.94,0
105,1.8512,72.91,14.499,50.24,0
106,2.0744,74.93,15.03,52.58,1
107,1.8185,73.39,14.986,43.83,1
108,1.8318,73.25,15.387,55.02,1
109,1.7828,75.83,14.957,36.39,1
110,1.5069,71.61,14.016,38.47,0
111,1.7914,76.53,15.294,46.51,1
112,1.805,71.26,14.271,43.3,1
113,2.1661,72.58,14.231,47.55,1
114,1.7683,71.64,14.622,61.96,0
115,1.8429,72.25,14.505,48.8,1
116,1.7929,72.69,14.784,47.08,1
117,1.6232,72.47,14.319,38.57,1
118,1.9703,69.89,14.449,33.46,1
119,1.9119,68.95,13.684,47.05,1
120,1.9181,76.01,14.869,51.93,1
121,1.6632,69.83,14.132,44.52,0
122,2.0102,72.0,15.557,49.01,1
123,1.5896,67.18,14.197,60.1,1
124,1.888,69.64,14.735,58.43,1
125,2.1286,69.75,14.975,50.58,1
126,1.6514,70.75,17.587,47.91,1
127,1.715,64.16,13.39,38.36,1
128,1.8147,69.73,14.975,42.12,0
129,1.7241,66.9,14.284,46.61,1
130,1.5668,69.65,14.687,40.39,1
131,1.8094,66.73,14.792,50.95,1
132,1.6395,66.89,13.629,64.16,1
133,1.8695,67.85,13.747,60.43,1
134,1.6602,66.1,13.801,51.29,1
135,2.0301,67.05,13.737,55.01,0
136,1.6797,65.41,13.698,43.92,0
137,1.7483,63.93,14.208,62.35,1
138,1.918,69.44,13.991,34.84,1
139,1.6107,64.61,13.326,57.54,0
140,1.8288,66.64,13.819,52.98,1
141,1.99,68.31,13.909,41.97,1
142,1.5521,65.37,13.021,48.11,1
143,1.8201,64.75,13.255,41.08,1
144,1.8305,66.65,14.064,40.28,1
145,1.9078,68.24,14.763,35.33,1
146,1.6041,63.46,12.899,57.06,0
147,1.5905,65.3,13.174,59.46,0
148,1.8658,61.94,13.052,34.54,1
149,1.831,64.41,12.848,65.06,1
150,1.8229,65.07,13.347,49.86,1
151,1.8361,63.09,12.713,53.46,0
152,1.6809,63.69,14.032,39.01,1
153,1.8165,61.58,12.723,62.62,0
154,1.8243,64.35,14.34,51.99,1
155,1.6718,66.11,14.228,58.44,1
156,2.0574,61.61,12.763,61.8,0
157,1.8471,62.35,12.754,62.27,0
158,1.5959,64.41,13.336,45.17,1
159,1.8715,65.62,13.553,47.96,1
160,1.6252,60.01,12.901,48.1,0
161,1.8879,62.46,12.852,58.68,1
162,1.9419,63.17,13.573,53.76,0
163,1.6433,62.2,13.191,60.24,0
164,1.9092,57.25,12.21,63.55,0
165,1.8248,63.0,12.952,37.38,0
166,1.8844,64.84,13.405,60.9,1
167,2.0437,61.83,12.746,59.51,1
168,1.7204,59.34,12.674,50.44,0
169,1.6422,60.17,12.811,55.69,1
170,1.6199,64.54,13.541,49.29,0
171,1.6289,62.62,14.17,56.36,1
172,1.7376,61.88,12.98,48.9,0
173,1.7982,61.11,13.411,56.16,1
174,1.7864,58.88,12.678,54.21,0
175,1.8668,59.6,12.599,49.78,0
176,1.7424,59.64,12.65,54.73,0
177,1.9562,60.7,12.832,74.23,0
178,1.6962,62.42,13.231,46.07,1
179,2.1416,61.44,12.647,50.14,0
180,1.825,56.16,11.731,49.96,1
181,1.6002,59.25,12.936,48.95,0
182,1.5656,60.07,13.193,59.48,0
183,1.7962,59.64,13.043,58.94,1
184,1.6877,56.94,12.355,54.79,1
185,1.8258,63.83,13.683,58.91,1
186,1.7871,55.25,12.367,62.2,1
187,1.7025,55.43,12.435,54.44,0
188,1.5838,57.87,12.139,42.01,0
189,1.4809,61.43,12.61,58.78,1
190,1.6384,55.33,11.905,57.16,0
191,1.8311,56.27,12.183,55.42,0
192,1.7319,58.75,12.471,50.02,0
193,1.5101,56.36,11.677,61.14,0
194,1.7201,55.53,13.071,58.47,1
195,1.749,57.13,12.216,52.83,1
196,1.5557,56.35,12.273,45.39,1
197,1.7084,57.66,13.044,62.95,1
198,1.6911,57.98,11.839,59.05,0
199,1.5079,55.81,11.937,57.55,0
200,1.73,55.58,11.944,34.4,1
201,1.7574,55.23,11.908,55.56,0
202,1.8326,55.58,12.02,53.72,1
203,1.8251,54.51,12.711,51.35,1
204,1.4573,54.2,12.189,62.51,1
205,1.5201,56.39,12.676,60.88,0
206,1.7348,56.83,12.294,58.4,0
207,1.7314,50.58,10.909,66.95,0
208,1.7283,53.42,11.198,48.77,0
209,2.2257,51.82,11.066,54.28,1
210,1.7302,52.38,11.761,58.17,1
211,1.8115,53.61,11.804,51.86,1
212,1.781,53.94,11.76,62.45,1
213,1.7322,52.18,11.439,53.52,1
214,1.5838,48.37,12.242,70.36,0
215,1.7416,50.07,10.98,51.51,1
216,1.5084,53.59,12.238,73.9,1
217,1.5853,46.12,10.669,77.56,0
218,1.5446,53.77,11.792,55.98,0
219,1.6262,52.24,12.187,66.82,1
220,1.9576,53.63,12.59,53.62,1
221,1.3268,50.4,11.219,66.86,1
222,1.7063,46.48,11.098,59.71,0
223,1.3579,51.26,11.596,47.96,1
224,1.5255,52.75,11.665,29.09,1
225,1.756,51.85,11.613,55.74,0
226,1.5988,48.47,10.781,62.15,1
227,1.4238,49.77,11.101,69.78,1
228,1.4746,48.33,10.793,60.29,0
229,1.6802,47.56,11.318,68.49,1
230,1.4651,50.91,11.349,54.82,1
231,1.6034,46.4,10.306,58.46,0
232,1.5741,46.81,10.521,69.34,0
233,1.4659,46.19,9.957,41.57,1
234,1.8815,45.22,10.353,61.97,0
235,1.6513,48.29,11.009,56.82,1
236,1.2487,50.12,11.215,69.81,0
237,1.5768,47.23,12.042,56.44,1
238,1.4458,44.39,10.667,66.5,0
239,1.6692,48.88,11.318,67.04,0
240,1.4187,50.37,10.824,46.84,1
241,1.5166,45.51,10.44,60.58,0
242,1.6059,45.64,10.42,58.16,0
243,1.6562,47.43,10.595,68.11,0
244,1.3426,49.44,10.893,64.73,0
245,1.4687,44.96,9.979,60.16,0
246,1.4438,43.14,9.821,54.74,0
247,1.4133,46.86,11.198,69.19,0
248,1.7724,47.0,10.744,60.26,0
249,1.5645,45.21,10.348,48.93,0
250,1.3109,43.88,10.33,50.41,0
251,1.6339,46.79,11.363,64.43,0
252,1.8108,45.66,10.6,51.4,1
253,1.6436,42.86,10.421,78.16,1
254,1.257,44.3,10.107,54.92,1
255,1.4085,41.3,9.725,64.22,0
256,1.6674,45.17,10.678,63.17,1
257,1.3675,43.08,11.343,57.32,0
258,1.5365,42.53,10.901,45.56,0
259,1.5823,43.13,10.483,64.65,0
260,1.3234,43.08,10.275,57.13,1
261,1.4497,44.59,11.19,63.18,1
262,0.9687,43.78,10.692,61.75,1
263,1.2976,42.09,9.463,65.85,0
264,1.4096,43.73,9.965,75.26,0
265,1.2566,42.8,10.315,58.95,0
266,1.6849,40.95,9.381,60.68,0
267,1.2219,41.35,9.651,50.86,0
268,1.3667,41.1,9.671,62.78,1
269,1.4487,42.21,9.984,66.95,0
270,1.6416,40.27,9.681,60.97,1
271,1.2064,40.02,9.644,68.32,0
272,1.5926,44.54,10.822,60.86,0
273,1.416,42.28,9.991,53.21,0
274,1.2637,38.68,9.409,68.29,0
275,1.4766,41.14,9.504,62.67,0
276,1.4336,40.04,10.262,65.96,0
277,1.3101,40.38,9.572,60.23,0
278,1.4071,39.67,9.349,59.95,0
279,1.3353,41.58,10.076,65.31,0
280,1.4066,39.69,9.44,63.34,0
281,1.4854,38.68,9.362,79.59,0
282,1.6205,40.68,9.962,70.98,1
283,1.1935,38.87,9.458,70.04,0
284,1.6956,38.44,11.037,64.51,0
285,1.0795,38.63,9.515,49.61,0
286,1.3461,37.61,9.672,59.97,0
287,1.4537,37.62,8.853,61.25,1
288,1.4043,36.23,8.893,65.06,0
289,1.2654,35.7,8.752,67.31,0
290,1.3243,35.0,8.683,73.25,1
291,1.2782,34.02,9.033,70.78,0
292,1.2605,34.84,9.489,77.37,0
293,1.4731,36.05,9.306,64.87,0
294,1.396,36.41,9.124,69.21,1
295,1.2353,35.46,8.846,70.48,0
296,1.471,31.09,8.974,72.31,0
297,1.379,38.75,10.852,76.01,1
298,1.4517,37.57,9.441,72.89,1
299,1.4212,36.09,9.62,56.79,1
300,1.1993,38.81,9.719,64.8,0
301,1.2366,32.85,9.03,69.18,0
302,1.4297,38.38,9.134,83.19,0
303,1.4062,32.47,8.443,66.88,0
304,1.3086,34.68,9.123,60.33,0
305,1.3264,31.45,9.092,73.64,0
306,1.4975,33.83,8.545,72.68,0
307,1.2143,34.37,8.349,67.79,0
308,1.3823,33.09,8.533,67.38,0
309,1.2671,34.63,9.442,75.81,0
310,1.262,33.2,8.26,62.25,0
311,1.4567,31.76,8.138,67.22,0
312,1.413,31.47,8.534,65.94,0
313,1.4086,34.02,8.808,77.34,0
314,1.4797,30.89,8.652,72.75,0
315,1.2845,33.83,8.436,60.18,0
316,1.381,34.25,8.765,60.74,0
317,1.2297,28.26,8.602,87.03,0
318,1.3223,33.67,8.42,77.47,0
319,1.2517,35.32,9.853,74.54,0
320,1.2834,31.5,8.128,70.2,0
321,1.3557,32.0,8.954,81.87,0
322,1.1414,32.67,8.513,60.57,0
323,1.5757,29.85,7.86,77.11,0
324,1.1086,30.56,8.154,67.12,1
325,1.0752,27.37,8.099,70.59,0
326,1.4288,30.08,8.259,76.76,0
327,1.3717,30.6,8.904,69.49,0
328,1.3444,30.43,9.091,67.26,0
329,1.343,31.33,8.073,66.24,0
330,1.2449,27.45,7.473,56.64,0
331,1.1101,27.73,7.504,78.46,1
332,1.2541,32.39,8.307,61.51,0
333,1.1392,28.1,8.52,87.01,0
334,1.3852,28.6,8.291,69.54,0
335,1.215,27.87,7.734,82.76,0
336,1.1115,26.16,7.669,58.83,0
337,1.1854,30.85,9.131,76.34,0
338,1.2938,26.34,8.847,81.1,0
339,1.1456,24.95,7.601,84.46,0
340,1.1052,26.1,7.01,61.12,0
341,1.2635,22.8,7.296,69.7,0
342,1.2622,25.3,7.998,78.43,0
343,1.1479,24.46,7.514,75.51,0
344,1.1518,27.43,8.202,74.89,0
345,1.2559,24.65,7.602,71.33,0
346,1.0025,27.58,7.497,84.86,0
347,1.0073,28.4,7.711,92.83,0
348,1.1093,26.96,7.674,73.65,0
349,1.1839,24.77,7.997,77.77,0
350,1.2613,25.28,7.278,74.28,0
351,1.4348,21.75,7.213,86.22,0
352,1.3411,24.33,7.529,81.03,0
353,1.1874,22.68,8.038,66.86,0
354,1.2075,25.59,7.572,68.75,0
355,1.059,29.15,7.617,63.44,0
356,1.2057,24.8,7.765,95.68,0
357,1.1643,19.62,8.045,82.31,0
358,1.2552,22.68,7.481,70.63,0
359,1.082,23.44,6.996,69.53,0
360,1.2832,23.17,6.875,81.54,0
361,1.4345,21.34,6.634,83.44,0
362,1.1877,23.09,8.442,81.53,0
363,1.2637,19.91,6.615,73.65,0
364,1.3064,20.31,6.564,79.26,0
365,1.1422,23.29,7.182,75.91,0
366,1.2355,19.77,6.596,69.65,0
367,1.2034,22.68,8.024,67.98,0
368,1.2158,18.66,6.216,81.1,0
369,1.0849,24.73,8.063,75.73,0
370,1.2043,19.45,6.718,81.76,0
371,1.2751,20.35,7.424,83.12,0
372,1.4179,21.26,7.823,88.24,0
373,1.344,19.27,6.675,71.23,0
374,1.523,20.49,6.705,81.75,0
375,1.0849,21.15,6.949,82.3,0
376,1.3309,21.72,6.971,73.47,0
377,1.2276,21.18,6.443,77.27,0
378,1.5287,19.06,7.469,75.27,0
379,1.0791,18.91,6.689,94.52,0
380,1.0746,23.7,6.933,75.62,0
381,1.1109,20.7,6.292,80.19,0
382,0.8826,16.76,5.658,76.83,0
383,1.1227,18.6,6.901,74.0,0
384,1.088,17.53,6.16,68.07,0
385,1.2249,17.73,6.243,87.16,0
386,1.2541,15.34,6.267,85.94,0
387,1.4848,16.78,6.08,76.53,0
388,1.3466,21.02,7.148,69.18,0
389,1.1181,18.36,6.543,79.42,0
390,1.0706,12.02,5.52,76.02,0
391,1.2798,19.23,6.168,75.68,0
392,1.0088,18.78,6.287,67.62,0
393,1.4824,15.68,6.375,81.33,0
394,1.3854,17.63,6.156,80.32,0
395,1.139,14.28,6.512,88.76,0
396,0.9534,14.86,7.535,78.79,0
397,1.4145,18.6,6.84,75.17,0
398,1.1953,14.86,6.795,67.55,0
399,1.3992,11.46,5.803,88.81,0
400,0.9755,14.87,5.789,87.14,0
401,1.126,15.04,6.09,80.2,0
402,1.2179,17.8,7.657,67.69,0
403,1.2254,15.63,5.905,69.91,0
404,1.1522,14.96,5.653,75.62,0
405,1.3145,18.09,6.099,85.87,0
406,1.0623,16.44,6.133,81.46,0
407,1.2026,14.9,5.654,68.05,0
408,1.2435,18.91,7.54,80.89,0
409,1.3041,17.19,6.418,71.97,0
410,1.3353,17.01,6.776,74.62,0
411,1.0615,17.56,6.271,86.24,0
412,1.0017,15.26,5.673,85.97,0
413,1.4252,16.54,5.824,87.82,0
414,1.2852,17.81,6.117,78.13,0
415,1.1248,17.61,6.541,85.5,0
416,1.4716,20.74,7.093,71.86,0
417,1.2582,18.83,6.848,75.64,0
418,1.4196,20.31,6.348,74.2,1
419,1.2548,18.82,6.573,77.9,0
420,1.5558,21.11,6.58,66.04,0
421,1.512,20.0,6.923,75.2,1
422,1.2135,19.43,6.875,88.96,0
423,1.3987,19.57,6.312,68.52,0
424,1.3519,17.89,6.907,67.63,0
425,1.4626,21.01,8.451,66.4,0
426,1.1148,20.12,7.164,98.22,0
427,1.3647,19.4,6.596,81.08,0
428,1.4229,22.81,7.053,73.15,0
429,1.0027,18.3,6.415,78.57,0
430,1.0914,20.16,6.511,78.73,0
431,0.9654,23.26,7.345,69.92,0
432,1.2333,22.03,6.689,71.64,0
433,1.3838,21.5,6.445,74.84,0
434,1.5041,22.3,7.187,69.82,0
435,1.2924,22.36,7.112,72.41,0
436,1.5282,19.17,6.421,80.32,0
437,1.0795,21.7,6.604,68.0,0
438,1.0337,25.83,7.748,94.38,0
439,1.2836,21.48,6.645,82.14,0
440,1.3522,22.36,7.05,65.42,0
441,1.2925,22.12,8.093,55.91,0
442,0.9901,23.23,7.531,69.56,0
443,1.2897,22.43,6.693,81.01,0
444,1.1102,24.77,7.067,78.06,0
445,1.4092,24.39,7.472,73.48,0
446,1.3667,25.75,7.189,68.74,0
447,1.1737,22.3,6.544,68.39,0
448,1.2405,23.92,7.575,71.43,0
449,1.1617,24.35,7.539,66.29,0
450,1.3143,25.91,7.834,70.26,0
451,1.47,23.61,7.403,85.48,0
452,1.182,27.23,7.809,66.49,1
453,1.4085,27.97,7.713,77.1,0
454,1.2565,23.82,7.553,80.81,0
455,1.2203,25.02,8.347,65.35,0
456,1.3264,25.14,7.339,67.17,0
457,1.1904,31.66,8.164,78.55,0
458,1.2659,25.74,7.246,66.15,1
459,1.1725,30.16,7.98,70.45,0
460,1.6502,24.47,7.504,90.64,0
461,1.3641,25.22,6.958,81.71,0
462,1.2572,26.03,7.846,74.07,0
463,1.3976,25.91,7.93,80.18,0
464,1.352,27.26,7.327,72.19,0
465,1.3391,26.58,7.413,81.2,0
466,1.4678,26.56,7.767,56.69,0
467,1.4928,30.72,8.302,69.46,0
468,1.303,31.05,8.638,53.68,0
469,1.2997,30.7,8.3,71.87,0
470,1.3483,30.05,8.916,69.08,0
471,1.0478,29.39,8.037,82.25,0
472,1.1693,28.41,7.686,77.65,0
473,1.6052,27.69,7.558,68.18,0
474,1.6505,30.53,8.671,67.43,0
475,1.3699,27.65,7.91,75.45,0
476,1.4974,28.21,8.27,67.49,0
477,1.4612,32.71,8.934,69.12,0
478,1.8799,34.4,8.356,78.89,0
479,1.5897,31.59,8.122,63.42,0
480,1.4062,33.21,8.397,65.49,0
481,1.2857,30.71,8.078,68.12,0
482,1.1918,28.72,7.904,97.03,0
483,1.4669,32.82,9.165,74.17,0
484,1.3266,32.94,9.306,78.29,1
485,1.2304,32.14,8.461,75.86,0
486,1.3505,31.72,8.412,76.65,0
487,1.289,34.32,8.653,72.19,0
488,1.708,30.63,8.381,73.55,0
489,1.5909,31.25,8.522,58.64,1
490,1.4612,30.98,8.778,73.27,0
491,1.6881,33.37,9.132,68.11,0
492,1.4815,31.22,7.832,74.63,0
493,1.3445,32.23,8.526,69.09,0
494,1.7059,32.39,9.348,75.67,0
495,1.562,33.48,8.611,76.43,0
496,1.3293,31.23,9.011,46.97,0
497,1.4601,34.57,8.821,64.78,1
498,1.3611,37.09,9.387,51.88,1
499,1.2888,35.07,8.645,69.87,0
500,1.6389,38.08,9.107,63.74,1
501,1.7902,37.87,9.767,77.13,0
502,1.2978,36.96,9.716,68.48,0
503,1.5958,35.75,9.123,63.67,0
504,1.4175,35.85,8.739,75.0,0
505,1.4458,37.53,9.397,63.94,1
506,1.4337,35.42,9.716,63.77,0
507,1.3968,32.63,9.653,72.57,0
508,1.5374,37.58,9.269,79.35,0
509,1.4092,34.54,8.445,75.11,0
510,1.5782,35.08,9.411,72.49,0
511,1.5338,37.2,9.226,88.69,0
512,1.5092,37.21,9.79,60.81,0
513,1.4127,34.78,9.085,62.1,1
514,1.466,38.13,9.172,67.29,0
515,1.6695,39.93,9.763,77.16,0
516,1.6351,35.94,9.829,59.9,1
517,1.417,40.94,9.834,78.47,0
518,1.5822,35.48,8.733,56.2,0
519,1.6837,43.03,9.735,62.21,0
520,1.3242,38.18,9.211,67.48,0
521,1.6598,39.49,9.522,58.24,0
522,1.4825,35.62,9.481,62.66,1
523,1.6711,39.48,9.31,71.69,0
524,1.4746,40.26,10.65,76.38,0
525,1.322,39.83,9.31,48.19,0
526,1.3522,39.07,11.152,67.0,1
527,1.6071,38.51,10.52,64.99,0
528,1.6424,42.86,10.237,64.14,0
529,1.4713,40.86,9.397,61.95,0
530,1.7062,44.08,10.34,52.23,1
531,1.3647,40.15,9.629,77.25,0
532,1.6075,40.53,9.43,73.96,0
533,1.4392,43.23,10.358,62.23,0
534,1.5265,38.55,9.252,61.96,1
535,1.6348,39.57,9.437,60.38,0
536,1.5021,44.39,10.331,41.68,1
537,1.5768,40.06,9.553,67.8,0
538,1.7888,38.96,10.891,71.87,0
539,1.5547,46.54,10.538,62.18,1
540,1.7699,40.21,9.975,64.18,0
541,1.4784,43.57,10.345,63.93,0
542,1.7306,43.54,10.432,56.05,1
543,1.8706,37.98,9.634,62.22,1
544,1.2868,43.27,10.662,61.71,0
545,1.5412,44.9,10.597,67.64,0
546,1.7505,44.91,10.58,73.09,1
547,1.6366,46.21,10.705,59.44,0
548,1.7259,43.83,10.27,54.35,1
549,1.5827,46.23,10.378,61.55,0
550,1.6893,43.62,10.269,78.92,0
551,1.656,42.38,10.208,55.91,1
552,1.8575,42.8,10.345,70.4,0
553,1.7235,42.68,10.226,74.08,1
554,1.7389,47.82,10.834,57.43,0
555,1.6294,42.97,10.173,57.61,1
556,1.621,46.75,10.564,65.55,1
557,1.6321,45.87,10.764,64.3,1
558,1.759,46.39,10.625,66.72,1
559,1.6395,49.53,11.254,75.87,0
560,1.7488,46.12,11.161,62.66,0
561,2.0194,48.42,10.766,50.41,1
562,1.8415,47.48,11.141,61.05,0
563,1.6646,47.3,10.858,62.55,0
564,1.8963,52.4,12.854,67.7,0
565,1.6575,45.12,10.435,60.36,0
566,1.4155,50.78,11.687,55.26,0
567,1.5726,49.71,11.213,48.2,0
568,1.4457,47.64,10.47,64.79,0
569,1.676,52.06,11.371,84.55,0
570,1.7339,45.3,10.968,60.04,0
571,1.985,48.16,10.815,63.72,1
572,1.7849,46.98,10.209,56.43,1
573,1.7053,50.42,11.301,48.5,0
574,1.8649,47.57,10.532,63.93,0
575,1.411,50.87,11.434,58.71,0
576,1.7802,49.83,12.084,40.02,1
577,1.8627,49.44,11.527,72.22,1
578,1.5274,51.38,12.306,61.5,0
579,1.9228,50.26,11.088,59.43,0
580,1.8041,48.82,11.018,56.33,0
581,1.693,56.8,11.929,58.16,1
582,1.8522,50.43,11.074,62.36,0
583,2.0998,47.16,10.515,63.91,0
584,1.7883,50.12,10.86,67.47,0
585,1.8001,49.47,11.897,69.68,1
586,1.6958,53.85,11.261,72.73,0
587,1.639,53.04,12.436,50.48,1
588,1.8927,53.4,12.406,52.37,0
589,1.6414,52.06,11.78,60.65,0
590,1.7822,52.44,11.257,51.3,0
591,1.7014,52.46,11.15,52.58,0
592,1.8464,53.24,11.539,60.86,0
593,1.8261,55.27,12.325,63.04,0
594,1.9332,54.47,11.922,66.52,0
595,1.7024,55.0,11.659,54.46,1
596,1.7398,55.2,12.613,59.59,0
597,1.6348,56.17,13.137,57.24,1
598,1.7163,55.18,11.94,56.04,1
599,1.8407,55.52,12.122,49.16,0
600,1.8989,57.38,11.904,47.03,0
601,1.6481,53.87,11.678,62.01,0
602,1.918,53.69,12.03,50.12,1
603,1.992,53.23,11.887,42.85,0
604,1.8516,56.17,11.991,55.05,0
605,2.0721,52.29,11.49,69.27,1
606,1.6754,57.12,12.155,32.37,0
607,1.6057,56.18,12.072,52.98,1
608,1.5264,58.87,12.765,59.08,0
609,2.0184,55.46,11.524,41.14,1
610,1.8928,56.59,12.21,53.34,1
611,1.787,59.44,12.817,44.22,0
612,1.838,60.17,12.571,44.84,1
613,1.6278,56.24,12.011,52.04,0
614,2.164,58.16,12.31,45.12,1
615,1.817,58.59,12.364,44.2,1
616,1.8145,58.95,12.594,53.16,1
617,1.9074,57.87,12.484,72.09,0
618,1.871,61.16,12.356,58.36,0
619,1.8327,55.02,12.302,64.07,0
620,1.6808,58.16,12.364,60.48,1
621,1.8703,60.1,13.931,47.36,0
622,2.0821,60.31,12.418,55.3,1
623,2.0017,62.31,12.803,60.4,1
624,2.039,62.2,13.002,58.31,1
625,1.7233,59.43,12.844,54.9,1
626,1.6515,62.8,12.628,55.48,1
627,1.781,58.97,12.314,73.32,1
628,1.8081,62.46,13.386,58.24,0
629,1.9637,64.42,13.098,47.83,1
630,1.5455,63.43,13.994,50.35,1
631,2.0286,61.41,12.796,43.72,1
632,1.7751,60.74,12.558,71.33,0
633,1.7345,58.54,12.808,66.71,0
634,1.6463,62.42,14.015,52.21,1
635,1.5494,59.77,12.897,70.58,0
636,1.9206,60.61,13.498,57.69,0
637,1.8076,60.02,13.708,49.54,0
638,1.6025,61.68,12.693,59.24,0
639,1.6011,62.74,13.617,54.54,0
640,1.7443,63.55,12.826,57.57,1
641,2.0443,62.0,13.235,40.85,1
642,1.7542,65.54,13.553,43.19,1
643,1.5669,63.18,13.872,63.0,0
644,1.7546,62.22,13.682,65.21,1
645,1.7497,64.45,13.674,61.65,0
646,1.3851,68.13,14.096,65.87,0
647,1.7805,65.07,13.736,54.58,1
648,1.7529,63.87,13.356,54.73,1
649,1.8909,61.75,12.988,44.65,0
650,2.0627,64.56,14.215,45.62,1
651,1.9531,65.67,14.469,33.69,1
652,1.7426,64.62,13.389,47.65,1
653,1.6156,62.27,13.19,35.17,1
654,2.1663,64.1,13.398,59.19,1
655,1.7878,68.91,13.611,50.76,0
656,1.7796,69.07,13.984,31.35,1
657,1.7725,64.63,14.34,48.71,1
658,1.8043,67.95,13.683,63.97,0
659,1.7514,64.44,14.746,49.33,1
660,1.6854,69.81,14.819,39.13,1
661,1.6878,67.69,14.078,34.1,1
662,1.7632,69.3,14.396,33.38,0
663,1.6849,64.17,13.068,54.78,1
664,1.6578,69.16,14.023,44.04,1
665,1.7789,67.98,14.728,45.4,1
666,1.7228,69.9,14.018,43.62,1
667,1.9848,70.23,14.813,45.74,1
668,1.3596,68.73,13.636,37.94,0
669,1.919,67.6,13.509,50.97,1
670,1.9402,70.56,15.473,35.28,1
671,1.4402,69.08,14.107,41.51,1
672,1.6978,67.65,13.704,56.49,1
673,1.6913,67.76,14.639,51.35,0
674,1.5338,66.85,14.423,54.38,1
675,1.626,68.98,14.542,64.82,0
676,1.5739,72.41,14.407,45.08,1
677,2.001,70.76,14.255,46.72,1
678,1.8762,69.54,14.314,45.16,1
679,1.9243,72.41,14.932,42.01,1
680,1.8394,69.34,13.966,39.31,1
681,1.5594,71.39,14.529,46.84,1
682,1.6476,71.04,14.519,49.22,1
683,1.7972,73.16,15.397,48.39,1
684,1.5379,68.65,14.399,48.33,0
685,1.8256,70.3,13.842,54.23,0
686,1.68,68.92,14.007,47.88,1
687,1.6572,71.88,14.222,42.6,0
688,1.8174,75.02,15.259,36.57,1
689,1.7747,71.79,14.965,33.53,1
690,1.6512,71.98,14.588,57.5,1
691,1.8765,74.94,14.89,38.44,1
692,1.5376,75.54,15.109,36.27,1
693,1.7894,73.42,14.851,41.61,1
694,1.7831,75.17,14.8,41.67,1
695,1.6448,71.85,14.141,59.0,1
696,1.7372,76.96,14.734,40.2,1
697,1.4977,78.7,16.215,62.85,1
698,1.821,75.64,15.316,44.12,1
699,1.6516,70.63,14.501,63.08,1
700,1.5979,73.88,15.491,51.82,0
701,1.8306,76.43,14.819,46.03,1
702,1.5645,74.56,14.433,56.89,0
703,1.4558,78.14,15.638,51.09,1
704,1.4304,76.98,15.421,47.89,1
705,1.7516,74.59,14.438,62.79,1
706,1.4655,76.26,15.344,39.25,1
707,1.9176,74.61,14.794,36.27,1
708,1.3388,76.23,14.909,37.85,1
709,1.9023,75.69,14.979,57.6,1
710,1.6762,79.35,15.029,53.0,1
711,1.6267,81.43,15.754,35.94,1
712,1.5561,74.54,14.685,25.44,0
713,1.6944,73.75,15.063,43.1,1
714,1.6255,77.31,15.285,34.51,1
715,1.7932,74.96,15.286,40.07,1
716,1.6414,78.29,14.855,33.59,1
717,1.6434,79.9,15.45,28.18,0
718,1.5629,81.59,16.237,55.11,1
719,1.6054,79.2,15.514,36.01,1
720,1.6566,78.61,15.944,53.13,1
721,1.3504,75.24,14.522,42.08,1
722,1.4012,79.45,16.008,32.28,1
723,1.7113,79.74,15.486,45.23,1
724,1.6219,81.08,15.657,37.22,0
725,1.5651,78.58,16.024,40.19,1
726,1.5919,79.33,16.241,42.56,1
727,1.6376,77.44,15.879,36.04,1
728,1.5009,76.02,16.413,30.42,1
729,1.4615,78.58,16.197,41.44,1
730,1.604,77.86,15.156,50.0,1
731,1.4242,81.87,16.089,32.66,1
732,1.6285,80.36,15.67,42.01,1
733,1.3082,80.52,17.08,52.73,1
734,1.7143,79.83,16.28,40.38,1
735,1.6271,75.53,15.007,44.37,1
736,1.5909,85.22,16.953,38.31,1
737,1.6962,80.4,15.421,35.3,1
738,1.7949,81.78,16.122,31.99,1
739,1.6935,79.89,15.421,33.15,1
740,1.2615,84.94,16.001,40.98,1
741,1.3419,83.49,16.642,44.97,1
742,1.4364,81.75,16.45,46.39,1
743,1.5303,82.82,16.373,36.28,1
744,1.6002,87.16,16.753,45.45,1
745,1.41,83.85,15.931,41.15,1
746,1.5431,83.84,15.954,39.26,1
747,1.398,82.52,15.806,12.77,1
748,1.4158,80.81,15.782,33.97,1
749,1.2928,84.48,16.96,26.14,1
750,1.3615,85.65,17.126,42.63,1
751,1.2935,87.4,16.377,37.32,1
752,1.3461,80.9,15.643,31.88,1
753,1.6467,83.35,16.002,41.43,1
754,1.3425,84.64,15.809,26.83,1
755,1.876,85.99,16.903,29.05,1
756,1.5514,85.91,16.543,31.77,1
757,1.5014,86.16,16.629,41.63,1
758,1.3411,87.42,17.576,47.75,0
759,1.5712,84.99,16.535,33.32,1
760,1.3761,88.87,16.922,46.26,1
761,1.477,88.07,17.217,36.54,1
762,1.8389,86.76,17.291,38.83,1
763,1.4368,90.8,17.496,34.01,1
764,1.6199,90.91,17.704,32.87,1
765,1.3383,89.87,17.173,38.59,1
766,1.4348,82.16,16.042,45.62,1
767,1.702,91.56,17.53,26.99,1
768,1.3387,90.19,17.018,33.37,1
769,1.7009,92.81,17.469,46.67,1
770,1.5316,91.47,18.206,35.53,1
771,1.3374,92.36,18.836,35.88,1
772,1.513,91.16,18.314,43.64,1
773,1.5604,92.3,17.184,29.61,1
774,1.5042,93.79,17.385,32.46,1
775,1.1718,90.43,16.936,41.27,1
776,1.2946,87.06,16.864,46.68,1
777,1.363,89.79,16.543,16.21,1
778,1.3854,91.38,17.247,28.28,1
779,1.4862,90.95,18.148,26.44,1
780,1.4162,88.51,17.507,34.91,1
781,1.1858,87.94,16.756,28.86,1
782,1.4396,89.92,17.079,40.36,1
783,1.4707,93.22,17.987,34.45,1
784,1.4597,94.96,18.448,39.14,1
785,1.5344,93.83,17.633,40.32,1
786,1.494,94.31,17.808,37.84,1
787,1.4344,92.24,17.383,30.97,1
788,1.3516,89.12,16.704,36.36,1
789,1.1096,91.89,17.449,30.18,1
790,1.4199,92.48,17.511,22.59,1
791,1.3833,92.21,17.185,41.31,1
792,1.3896,93.51,18.071,32.22,1
793,1.1542,94.48,18.136,20.29,1
794,1.1803,95.51,18.397,35.99,1
795,1.4972,93.44,17.502,31.14,1
796,1.3301,90.39,16.761,18.29,1
797,1.4352,93.43,17.971,21.95,1
798,1.3341,94.69,17.72,26.58,0
799,1.3312,97.25,18.037,32.34,1
800,1.4644,93.86,17.434,38.99,1
801,1.2432,95.83,18.019,37.54,1
802,1.332,95.18,18.906,36.71,1
803,1.2453,94.49,17.74,32.03,1
804,1.2465,96.06,17.806,45.14,1
805,1.2624,92.68,17.95,38.99,0
806,1.3392,92.65,17.719,35.19,1
807,1.2312,93.58,17.215,37.39,1
808,1.4886,92.12,17.871,30.54,1
809,1.1632,94.22,19.225,32.01,1
810,1.2666,91.57,16.839,17.4,1
811,1.2259,93.25,17.348,29.95,1
812,1.5063,92.4,16.93,47.64,1
813,1.316,92.83,17.645,34.49,1
814,1.4387,91.28,17.928,35.09,1
815,1.0585,91.32,17.491,42.2,1
816,1.3188,91.99,18.294,36.67,1
817,1.4097,92.0,17.945,27.51,1
818,1.2861,91.39,18.434,34.35,1
819,1.4311,94.61,18.532,23.15,1
820,1.1913,89.02,16.954,37.06,1
821,1.4779,90.67,17.378,27.9,0
822,1.6089,87.45,16.574,43.95,0
823,1.2074,91.14,17.333,30.23,1
824,1.1927,87.97,16.97,29.62,1
825,1.4753,89.44,17.133,34.43,1
826,1.492,89.06,17.819,38.49,1
827,1.1745,90.16,17.151,25.24,1
828,1.1878,88.29,16.683,31.85,1
829,1.2065,88.01,16.658,37.04,1
830,1.045,91.87,17.83,44.58,1
831,1.1069,89.37,16.726,15.15,1
832,1.0921,87.48,16.794,41.43,1
833,1.1257,87.9,17.635,33.19,1
834,1.2337,91.49,17.598,30.15,1
835,1.2722,87.53,16.85,31.03,1
836,1.4679,86.42,16.699,34.24,1
837,1.0838,86.23,16.347,42.23,1
838,1.3795,86.3,16.405,32.92,1
839,1.1981,86.01,16.577,50.66,1
840,1.2211,84.44,16.531,43.33,1
841,1.3282,84.55,16.894,39.85,1
842,1.057,84.94,16.529,36.71,1
843,1.2813,87.58,17.605,45.97,1
844,1.2474,85.44,17.466,48.43,1
845,1.2949,85.59,16.962,28.36,1
846,1.2631,88.34,17.633,30.38,1
847,1.5867,88.19,16.651,41.16,1
848,1.1214,84.84,16.107,45.59,1
849,1.1362,83.94,16.571,36.23,0
850,1.1212,83.27,15.825,33.1,1
851,1.1302,86.19,16.568,37.92,1
852,1.1168,84.19,16.74,50.3,1
853,1.3897,83.63,17.054,39.15,1
854,1.4235,82.57,16.039,29.34,1
855,1.1238,82.46,15.89,40.4,1
856,1.0837,84.44,16.553,44.6,1
857,1.2784,80.97,15.546,39.61,1
858,1.124,85.39,16.491,47.83,1
859,1.301,82.13,16.067,46.65,1
860,1.2358,82.7,16.144,38.89,1
861,0.9773,80.13,15.805,41.27,1
862,1.4361,82.58,15.852,24.72,1
863,1.4728,81.74,15.759,49.64,1
864,1.1109,82.1,15.807,37.1,1
865,1.1442,84.94,16.015,34.83,1
866,1.2448,82.16,16.22,35.31,1
867,1.2517,80.01,16.182,44.65,1
868,1.2999,79.98,16.122,31.98,1
869,1.5024,82.39,16.009,31.69,1
870,1.174,83.6,16.013,38.42,1
871,1.0806,81.36,16.301,35.17,1
872,0.9933,81.98,16.338,42.5,1
873,1.0905,81.62,16.084,35.31,1
874,1.1951,83.04,17.215,51.94,1
875,1.4692,76.1,15.155,48.89,1
876,1.1224,81.13,15.823,45.77,0
877,1.2337,81.57,15.837,35.22,1
878,1.1977,76.72,14.794,62.21,0
879,1.3786,77.43,15.667,39.03,0
880,1.5796,77.3,15.303,36.91,0
881,1.1212,77.34,15.578,48.25,1
882,1.1277,77.64,16.485,43.98,1
883,1.3581,78.89,15.438,35.12,1
884,1.3042,79.93,15.132,58.61,0
885,1.4794,80.16,15.987,48.71,1
886,1.2905,76.12,15.238,43.36,1
887,1.1495,75.91,14.883,62.66,0
888,1.2926,80.03,15.927,47.47,0
889,1.3709,78.49,15.894,41.81,1
890,1.3284,77.17,15.01,60.95,0
891,1.2821,77.75,15.298,47.62,1
892,1.3668,76.54,16.036,48.0,1
893,1.383,77.45,15.117,39.44,1
894,1.4158,75.53,15.106,44.08,1
895,1.3067,76.54,14.581,39.79,1
896,1.1853,72.78,14.22,56.85,0
897,1.2334,74.22,14.949,31.59,1
898,1.3934,74.05,15.491,55.5,1
899,1.091,74.45,14.498,37.31,1
900,1.27,73.15,14.752,44.65,0
901,1.1569,73.73,14.67,42.4,1
902,1.2214,71.57,14.95,41.9,0
903,1.4101,75.5,14.689,49.22,1
904,1.2484,74.03,15.043,44.54,1
905,1.228,70.59,14.108,41.3,1
906,1.0185,72.13,14.663,46.95,1
907,1.3359,74.27,14.919,38.87,1
908,1.3223,72.31,14.501,41.31,1
909,1.5515,71.81,14.732,33.94,1
910,1.1824,72.85,14.695,41.69,1
911,1.2631,73.49,14.721,48.86,1
912,1.2693,69.73,14.076,47.46,0
913,1.4702,73.5,14.807,59.42,1
914,1.221,70.6,14.433,67.54,1
915,1.279,71.96,14.218,42.11,1
916,1.3301,71.73,14.379,39.3,1
917,1.2688,70.55,13.988,55.71,0
918,1.1758,69.35,14.137,50.07,1
919,1.2738,70.63,14.133,55.71,1
920,1.4077,74.25,15.249,47.64,1
921,1.0948,68.08,14.27,46.6,0
922,1.2708,73.98,14.539,43.1,1
923,1.1479,69.88,14.231,50.53,1
924,1.4344,70.27,14.582,45.15,1
925,1.0288,67.83,13.856,58.06,1
926,1.1757,68.26,13.736,37.63,1
927,1.3184,68.59,13.685,57.56,0
928,1.4989,67.31,14.254,33.63,1
929,1.2566,68.78,14.502,48.89,1
930,1.1856,68.19,13.898,45.44,1
931,1.5534,72.5,14.984,33.37,1
932,1.0565,66.27,12.996,32.76,1
933,0.9464,68.61,14.741,39.06,1
934,1.3447,68.7,13.994,48.15,1
935,1.206,65.86,13.687,44.67,1
936,1.1307,69.17,14.006,39.17,1
937,1.3928,66.8,14.518,59.74,1
938,1.3258,62.42,12.767,41.69,1
939,1.2073,68.52,14.832,53.32,0
940,1.1026,64.77,13.637,43.03,1
941,1.4283,64.7,13.738,41.19,1
942,1.3977,67.98,13.823,43.38,1
943,1.2881,65.71,13.198,54.54,0
944,1.5829,68.04,14.406,37.21,1
945,1.1483,68.42,14.146,50.25,1
946,1.0829,64.51,14.151,42.61,1
947,1.2109,67.19,13.753,42.44,0
948,1.3108,63.89,13.179,53.87,1
949,1.3571,69.67,14.942,64.59,1
950,1.2875,63.61,14.441,43.54,1
951,1.3795,66.85,13.782,54.65,1
952,1.1421,66.29,13.433,46.73,1
953,1.5495,65.03,13.888,46.18,1
954,1.3238,62.86,13.082,59.86,0
955,1.5068,63.7,13.575,44.03,1
956,1.3939,59.49,12.575,44.07,1
957,1.4142,64.05,14.227,54.25,1
958,1.4344,64.1,13.121,63.3,1
959,1.4193,63.47,13.482,56.92,1
960,1.4519,57.05,12.13,43.51,0
961,1.5582,60.27,12.684,47.92,1
962,1.3916,61.1,12.764,60.17,1
963,1.4718,62.98,13.541,63.86,0
964,1.3554,62.78,13.611,53.16,1
965,1.5883,61.66,13.249,47.37,1
966,1.2742,63.07,13.168,64.33,0
967,1.6493,59.55,12.74,52.67,0
968,1.3766,62.62,13.575,46.58,0
969,1.1715,62.15,13.523,45.51,0
970,1.4088,61.76,12.354,42.39,1
971,1.2909,60.44,12.712,75.41,0
972,1.5227,64.26,13.303,61.81,0
973,1.3023,61.39,13.265,46.92,0
974,1.3368,58.26,12.463,67.9,0
975,1.1239,60.5,13.158,56.97,0
976,1.343,61.3,12.595,56.01,1
977,1.0509,58.42,12.623,48.2,1
978,1.1805,61.58,13.42,47.94,0
979,1.5358,59.96,12.299,52.68,1
980,1.5433,54.32,13.63,40.69,1
981,1.4929,59.4,13.27,49.47,1
982,1.2877,57.79,12.419,54.36,0
983,1.4292,59.47,12.389,63.79,1
984,1.4395,60.09,12.696,48.01,1
985,1.27,58.39,12.543,60.46,1
986,1.673,61.13,13.112,35.84,1
987,1.5828,57.24,13.159,63.99,1
988,1.4218,58.65,12.374,46.61,1
989,1.4627,58.81,12.824,54.76,1
990,1.4937,56.81,11.867,58.17,0
991,1.1599,58.36,12.351,55.67,0
992,1.4328,55.41,12.224,54.9,1
993,1.3713,55.55,12.402,45.73,1
994,1.3272,53.58,11.526,49.74,1
995,1.439,56.48,12.061,63.08,0
996,1.7546,56.45,13.011,50.35,1
997,1.5848,57.96,13.035,53.4,1
998,1.4068,56.98,12.384,42.87,1
999,1.5821,54.63,11.353,63.09,0
1000,1.7099,52.64,13.377,46.86,0
1001,1.6425,55.67,12.092,62.93,1
1002,1.5165,56.82,12.156,46.41,1
1003,1.4143,55.91,11.948,63.57,0
1004,1.6198,56.37,12.368,55.26,1
1005,1.5779,53.58,11.954,52.38,1
1006,1.6569,52.87,12.143,70.08,0
1007,1.6216,52.13,11.259,57.17,1
1008,1.6875,53.29,11.626,54.13,1
1009,1.4536,53.04,12.959,64.45,0
1010,1.7352,53.41,11.856,45.11,1
1011,1.571,52.54,11.565,37.26,0
1012,1.8564,52.33,11.286,66.86,0
1013,1.4454,50.85,11.601,51.8,0
1014,1.8129,54.08,12.373,63.47,1
1015,1.5859,52.15,11.992,58.08,0
1016,1.4622,51.45,11.369,48.82,0
1017,1.491,50.11,11.421,63.8,1
1018,1.5192,48.74,12.012,56.48,1
1019,1.6346,53.82,12.357,48.09,0
1020,1.653,52.11,11.297,49.32,1
1021,1.4922,47.55,10.244,46.61,1
1022,1.5782,52.13,11.695,60.95,0
1023,1.9068,52.24,11.963,50.17,1
1024,1.8482,50.45,10.964,58.45,0
1025,1.6582,53.2,11.726,55.63,1
1026,1.602,50.23,11.185,51.33,1
1027,1.6179,46.77,10.808,48.76,0
1028,1.6954,50.13,11.074,79.19,1
1029,1.4535,49.69,11.879,58.8,0
1030,1.5718,47.79,10.98,74.91,1
1031,1.3636,49.95,10.946,68.35,0
1032,1.6773,45.26,10.983,59.27,0
1033,1.718,50.38,10.91,60.22,1
1034,1.5518,46.44,11.388,62.35,1
1035,1.8638,46.03,11.141,76.14,0
1036,1.4473,47.57,11.629,67.1,0
1037,1.4149,48.47,10.959,53.46,0
1038,1.6715,47.73,10.729,63.18,0
1039,1.7983,45.71,10.641,68.01,1
1040,1.8971,45.99,10.615,52.0,0
1041,1.579,44.53,10.2,66.23,0
1042,1.8129,46.15,10.474,72.07,1
1043,1.6486,48.55,10.896,53.01,1
1044,1.6317,46.19,10.305,55.53,1
1045,1.7933,47.72,11.219,69.65,1
1046,1.7618,48.71,11.036,56.94,0
1047,1.4306,44.42,10.298,54.49,0
1048,1.8917,45.03,10.145,69.04,0
1049,1.8803,49.54,10.81,63.89,1
1050,1.5825,47.89,12.103,61.02,1
1051,1.7387,41.46,9.746,73.12,1
1052,1.7565,45.37,10.833,71.34,1
1053,1.7245,44.4,10.477,61.7,1
1054,1.6058,45.85,9.957,77.28,1
1055,1.5905,42.51,11.175,76.16,1
1056,1.6903,42.12,10.383,47.85,0
1057,1.8729,42.25,9.823,55.41,0
1058,1.7813,42.26,10.077,45.6,1
1059,1.647,44.83,10.106,59.5,0
1060,1.8211,40.64,10.922,54.93,0
1061,1.2808,41.55,9.679,57.55,1
1062,1.8831,39.02,9.415,74.31,0
1063,1.4525,44.41,10.159,48.31,0
1064,1.6617,44.74,10.494,63.19,0
1065,1.5507,41.35,10.682,65.18,0
1066,1.5271,41.2,10.976,63.62,0
1067,1.8979,42.51,9.978,64.54,0
1068,1.6561,44.35,10.566,44.53,0
1069,1.7807,42.02,10.086,57.31,0
1070,1.7241,39.6,9.366,77.58,0
1071,1.8051,37.56,11.02,56.89,0
1072,1.7474,38.37,10.23,79.31,1
1073,1.5457,40.55,9.911,53.42,0
1074,1.8899,38.89,10.466,53.45,0
1075,1.6686,40.39,10.432,57.15,1
1076,1.5114,38.69,9.587,74.82,0
1077,1.6828,37.48,9.512,62.14,0
1078,1.9743,37.05,10.138,69.54,0
1079,1.8788,42.32,9.784,64.19,0
1080,1.701,40.78,10.82,64.1,0
1081,1.7029,42.26,10.003,73.84,0
1082,1.709,39.68,10.542,71.36,0
1083,2.0707,37.54,9.379,57.33,0
1084,1.8183,40.85,10.022,62.29,1
1085,1.8274,37.93,9.426,80.19,1
1086,1.9192,38.24,9.295,68.61,0
1087,1.8023,37.51,9.275,54.43,0
1088,1.7293,31.51,9.212,58.6,0
1089,1.7404,40.41,9.208,71.88,0
1090,1.7607,37.98,9.057,71.83,0
1091,1.7674,37.46,9.117,59.15,0
1092,1.8837,36.48,8.871,73.1,0
1093,1.7839,36.73,10.088,79.76,0
1094,1.8874,35.01,9.655,79.66,0
1095,1.7668,37.23,9.602,79.49,0
1096,1.7921,33.19,8.503,73.53,0
1097,1.4819,35.97,9.852,66.0,0
1098,1.9203,36.52,8.758,63.87,0
1099,1.8361,34.8,10.326,67.98,0
1100,1.935,35.74,8.872,60.55,0
1101,1.352,32.82,8.573,66.44,0
1102,2.1008,32.67,8.492,79.6,0
1103,1.7677,34.87,8.632,55.2,1
1104,1.9558,35.56,10.243,55.34,1
1105,1.6346,30.25,8.659,77.49,0
1106,1.8834,34.84,9.603,65.29,0
1107,1.6343,32.51,8.24,54.09,0
1108,1.6996,33.01,8.777,68.7,0
1109,2.0811,30.52,8.56,69.05,0
1110,1.7661,31.3,8.559,66.77,0
1111,1.828,34.73,8.589,73.65,1
1112,1.9265,32.67,9.187,58.73,0
1113,1.8709,31.63,8.545,70.12,0
1114,1.8197,31.97,8.228,68.13,0
1115,1.8524,32.98,8.173,69.52,1
1116,2.1586,32.68,8.927,55.53,0
1117,1.7898,31.45,10.132,65.95,1
1118,1.829,33.59,8.454,69.01,0
1119,1.9567,33.14,8.792,73.44,0
1120,1.9652,31.83,9.083,84.68,1
1121,1.9777,30.91,7.988,76.9,1
1122,1.8956,31.91,8.363,73.54,0
1123,1.6285,31.03,8.113,80.55,0
1124,2.045,32.32,9.081,67.18,0
1125,1.628,31.8,9.219,82.35,0
1126,1.8454,27.76,7.98,81.3,1
1127,1.6868,27.43,7.578,68.98,0
1128,1.7902,28.0,7.787,87.59,0
1129,1.8489,31.15,8.2,73.88,0
1130,1.8476,25.85,7.304,91.04,0
1131,1.8624,29.59,8.148,73.67,0
1132,2.0409,29.33,8.407,66.91,0
1133,1.8665,30.73,8.575,64.42,0
1134,1.7615,28.56,8.031,69.02,0
1135,1.9422,25.31,7.57,69.24,0
1136,1.9756,25.88,7.6,83.64,0
1137,1.6125,25.24,7.131,73.63,0
1138,1.8856,26.32,7.765,60.29,0
1139,1.9005,26.83,7.567,74.6,0
1140,1.7501,24.67,7.034,75.2,0
1141,2.0003,29.74,8.371,67.41,0
1142,1.7707,23.95,7.125,76.77,0
1143,1.8112,29.09,8.209,71.19,0
1144,1.7655,28.57,8.439,76.93,0
1145,1.7929,27.8,7.603,76.92,0
1146,1.6252,24.41,7.449,77.27,0
1147,1.5726,26.28,7.177,62.84,0
1148,2.0267,22.85,8.023,92.24,0
1149,1.6594,27.02,7.384,60.34,0
1150,1.6366,24.85,7.292,73.06,0
1151,1.4611,23.98,8.055,65.86,0
1152,1.6871,22.15,6.983,78.88,0
1153,1.5832,19.44,6.286,78.44,0
1154,2.0266,22.12,7.399,74.38,0
1155,1.9304,26.23,8.002,85.41,0
1156,1.6743,22.99,6.975,84.07,0
1157,2.1139,23.26,7.05,72.43,0
1158,1.9218,24.71,7.297,80.61,0
1159,1.7243,26.81,7.692,85.43,0
1160,1.3965,25.65,7.066,82.42,0
1161,2.1135,20.86,6.808,75.4,0
1162,1.5597,18.71,7.598,65.05,1
1163,1.5196,27.12,7.517,75.33,0
1164,1.9181,26.74,7.553,78.31,0
1165,2.1289,22.38,6.729,69.42,0
1166,1.9687,19.26,6.916,77.62,0
1167,1.8438,23.53,7.897,74.22,0
1168,1.8465,21.18,7.531,87.39,0
1169,1.8833,20.97,6.503,91.25,0
1170,1.8671,22.79,7.39,84.73,0
1171,1.7934,21.47,7.745,75.43,0
1172,1.7648,18.23,6.71,87.24,0
1173,1.7377,19.75,6.923,82.34,0
1174,1.6318,21.52,6.806,75.49,1
1175,1.7006,21.02,6.995,93.13,0
1176,1.4865,20.32,7.438,70.9,0
1177,1.7234,21.47,7.11,80.95,0
1178,1.5876,18.68,6.158,84.51,0
1179,1.568,19.56,6.517,74.97,0
1180,1.7581,12.25,6.209,84.47,0
1181,1.9375,17.9,6.574,85.82,0
1182,1.864,20.13,6.818,78.88,0
1183,1.4882,17.62,6.194,82.21,0
1184,1.5728,17.27,6.949,79.48,0
1185,1.8598,15.92,7.082,85.83,0
1186,1.5687,19.81,7.378,75.28,1
1187,1.6798,18.7,7.335,75.29,0
1188,1.7933,19.05,6.474,77.73,0
1189,1.5628,13.75,5.631,89.47,0
1190,1.7212,16.68,6.191,65.01,1
1191,1.5025,16.24,6.202,71.98,0
1192,1.6096,16.04,6.928,97.58,0
1193,1.7449,15.17,6.619,82.1,0
1194,1.4552,15.51,6.317,76.44,0
1195,1.7573,17.7,5.969,84.74,0
1196,1.6854,11.97,5.055,73.72,0
1197,1.7682,19.15,6.724,60.68,0
1198,1.716,16.37,6.627,82.02,0
1199,1.884,15.12,5.986,74.08,0
1200,1.6951,16.81,7.423,79.72,0
1201,1.6089,12.3,5.243,82.64,0
1202,1.6885,14.07,5.477,81.14,0
1203,1.7486,15.36,5.82,66.11,0
1204,1.6712,18.53,6.285,78.09,0
1205,1.6668,15.91,6.37,83.01,0
1206,1.5523,17.1,6.16,67.54,0
1207,1.5549,15.22,5.572,67.71,0
1208,1.4407,17.57,6.815,69.9,0
1209,1.9103,20.15,6.268,82.88,0
1210,1.4579,18.99,6.25,61.62,0
1211,1.5373,17.04,5.828,85.42,0
1212,1.5301,18.75,6.649,80.89,0
1213,1.7688,18.76,6.641,75.69,0
1214,1.5869,18.81,7.724,65.87,0
1215,1.8149,20.22,7.225,70.49,0
1216,1.5233,20.41,7.591,83.01,0
1217,1.6627,18.15,6.594,88.17,0
1218,1.4921,19.88,6.409,68.82,0
1219,1.9357,18.03,6.508,87.31,0
1220,1.4323,17.15,6.59,84.19,0
1221,1.6534,18.66,6.874,77.75,0
1222,1.6985,19.25,6.465,71.55,0
1223,1.6619,16.28,6.407,74.58,0
1224,1.5685,21.52,6.667,90.67,0
1225,1.5732,14.47,5.579,81.43,0
1226,1.5957,25.63,7.234,84.26,0
1227,1.5635,23.4,7.27,76.89,0
1228,1.7265,20.08,6.386,73.33,0
1229,1.9098,20.82,6.717,81.18,0
1230,1.491,21.61,7.426,93.3,0
1231,1.3655,20.02,6.416,71.83,0
1232,1.554,21.79,6.835,83.24,0
1233,1.9506,21.31,6.976,77.74,0
1234,1.4394,21.61,7.096,64.44,0
1235,1.8021,22.36,6.923,63.81,0
1236,1.8042,19.57,7.056,73.64,0
1237,1.4658,22.48,7.388,78.29,0
1238,1.6304,22.93,7.767,82.27,0
1239,1.7856,23.06,7.177,62.6,0
1240,1.4807,22.57,6.95,80.68,0
1241,1.5033,25.48,7.332,72.77,0
1242,1.4429,22.69,7.285,75.41,0
1243,1.3741,24.05,7.218,79.28,0
1244,1.4252,26.39,7.506,87.13,0
1245,1.3352,23.84,7.162,77.12,0
1246,1.5202,24.63,7.205,63.37,0
1247,1.3958,24.21,7.464,72.98,0
1248,1.5426,27.07,7.38,79.57,0
1249,1.2704,24.28,7.522,81.51,0
1250,1.5496,27.57,8.196,77.79,1
1251,1.6213,24.99,7.292,69.92,1
1252,1.1934,23.68,8.459,63.85,0
1253,1.5448,26.96,7.801,77.54,0
1254,1.6691,25.19,7.064,64.17,0
1255,1.2997,27.24,7.73,78.2,0
1256,1.7283,20.74,6.887,82.1,0
1257,1.5365,26.41,7.908,69.41,0
1258,1.3641,25.68,7.504,72.69,0
1259,1.4578,24.67,7.118,75.79,0
1260,1.5461,25.89,7.279,68.55,0
1261,1.4701,26.05,7.428,62.32,0
1262,1.5357,27.3,7.646,72.3,0
1263,1.3131,24.87,7.115,74.6,0
1264,1.4729,28.43,7.761,82.83,0
1265,1.2317,30.73,8.662,64.3,0
1266,1.4234,28.76,8.998,80.29,0
1267,1.3008,30.02,8.606,61.81,0
1268,1.3224,30.79,9.054,59.77,0
1269,1.6145,31.27,8.917,67.83,1
1270,1.5891,32.74,9.057,61.83,1
1271,1.5131,28.2,7.854,61.21,0
1272,1.2543,27.96,8.002,87.78,0
1273,1.367,31.17,8.27,66.69,0
1274,1.5929,31.22,8.349,88.76,0
1275,1.4286,31.55,8.51,62.11,0
1276,1.7516,33.98,9.177,54.94,0
1277,1.4592,30.42,8.498,81.08,0
1278,1.4254,31.45,8.405,64.32,0
1279,1.3467,28.84,8.098,72.81,0
1280,1.4096,35.27,9.23,56.99,0
1281,1.3632,30.53,8.635,70.38,0
1282,1.4888,30.78,7.912,59.56,1
1283,1.5226,30.91,8.036,69.86,0
1284,1.2578,30.51,8.884,66.9,0
1285,1.1726,30.54,8.307,72.52,0
1286,1.0934,31.15,8.267,75.31,0
1287,1.4417,29.67,8.1,73.13,0
1288,1.1966,31.03,8.304,73.99,0
1289,1.0359,36.7,9.505,66.11,0
1290,1.4138,34.47,8.563,64.83,0
1291,1.7261,35.05,9.018,71.73,0
1292,1.348,35.75,9.217,66.66,0
1293,1.4714,37.27,9.512,66.05,0
1294,1.3547,30.26,8.382,74.03,0
1295,1.3244,31.54,8.71,61.81,0
1296,1.4739,32.59,8.434,80.88,0
1297,1.2894,33.46,8.455,66.93,0
1298,1.3699,34.0,10.522,69.59,0
1299,1.375,33.91,8.722,68.3,0
1300,1.2235,35.44,8.995,72.96,1
1301,1.4694,35.27,9.352,70.55,0
1302,1.2914,33.95,9.737,68.23,0
1303,1.2013,31.25,8.242,81.84,0
1304,1.3922,33.81,8.493,43.08,1
1305,1.174,34.9,8.594,78.0,0
1306,1.3101,35.71,9.997,74.94,0
1307,1.3017,34.14,8.531,53.83,0
1308,1.4631,35.62,9.082,75.06,0
1309,1.3686,34.54,8.607,76.74,0
1310,1.2909,36.75,8.823,71.45,0
1311,1.4146,35.05,8.898,55.5,0
1312,1.4977,35.7,8.793,73.04,0
1313,1.3702,34.98,8.756,76.07,0
1314,1.2855,37.49,10.605,61.93,1
1315,1.0845,36.27,9.375,70.77,0
1316,1.119,40.01,10.204,62.17,0
1317,1.2304,39.21,10.023,72.56,0
1318,1.1823,38.46,9.48,63.42,0
1319,1.2432,37.21,9.169,62.04,1
1320,1.2773,39.76,9.819,64.83,0
1321,1.3459,40.58,9.907,53.92,0
1322,1.2535,39.69,9.499,64.08,0
1323,1.3348,42.81,10.224,66.21,0
1324,1.2692,40.72,9.612,71.53,0
1325,0.961,41.83,9.958,65.9,0
1326,1.1142,40.47,9.695,53.26,0
1327,1.2313,41.75,9.615,74.77,0
1328,1.0694,39.01,8.991,77.09,0
1329,1.3387,39.88,9.419,65.97,0
1330,1.4763,41.7,11.063,57.97,1
1331,1.4275,41.88,9.916,59.62,0
1332,1.2107,42.42,10.476,61.92,0
1333,1.4644,43.8,9.748,64.95,0
1334,1.2612,38.95,9.261,63.19,0
1335,1.1865,40.05,9.339,58.1,0
1336,1.1433,42.66,10.071,71.59,0
1337,1.1882,40.95,11.527,66.49,0
1338,1.1736,49.36,11.355,50.97,0
1339,1.2557,43.83,11.295,65.03,0
1340,1.2526,42.84,10.08,64.59,0
1341,1.2274,42.17,10.802,57.95,0
1342,1.291,42.44,11.408,73.1,0
1343,1.4025,43.66,10.256,63.88,0
1344,1.3649,44.02,10.16,60.85,0
1345,0.9983,43.09,9.803,62.48,0
1346,0.8366,43.65,10.182,66.36,0
1347,1.3585,47.09,10.847,60.17,1
1348,1.0121,47.37,12.109,59.93,1
1349,1.1822,45.3,10.141,70.35,1
1350,1.0392,42.32,10.122,52.26,0
1351,0.9432,46.28,10.176,51.22,0
1352,1.2937,48.51,10.869,66.11,1
1353,1.3253,48.34,11.134,79.32,0
1354,1.1239,47.27,11.068,67.65,0
1355,0.8208,48.84,11.342,74.61,0
1356,1.1266,46.31,10.868,57.74,0
1357,1.2664,47.66,11.16,55.31,1
1358,0.985,45.24,10.554,65.51,1
1359,1.2335,47.38,10.515,68.2,0
1360,1.203,49.66,10.676,48.71,0
1361,1.2915,46.02,10.457,59.68,0
1362,1.2219,45.68,10.549,61.38,0
1363,1.0574,47.79,11.571,54.89,0
1364,1.3823,47.35,10.813,56.09,1
1365,1.1786,49.3,11.069,66.17,0
1366,1.1978,47.29,11.011,64.38,0
1367,1.0615,51.84,11.423,64.29,0
1368,1.1347,46.02,11.036,64.08,0
1369,1.0681,51.31,12.653,51.23,0
1370,1.1747,47.47,12.273,63.9,0
1371,1.4571,45.61,10.631,54.02,0
1372,0.9944,49.88,11.376,56.58,1
1373,0.9581,49.09,11.994,51.26,1
1374,1.4207,47.58,10.829,55.56,0
1375,1.1686,46.64,11.058,61.74,0
1376,1.0997,50.18,10.913,55.23,0
1377,1.3561,52.35,11.486,50.52,0
1378,1.1094,51.77,12.103,67.04,1
1379,1.4743,50.91,11.137,57.5,0
1380,1.3023,51.96,11.494,53.6,0
1381,1.1277,51.15,10.955,49.65,0
1382,1.5248,48.54,12.262,44.9,0
1383,1.1107,48.76,11.721,57.97,0
1384,1.3132,51.39,11.537,47.14,0
1385,1.2473,51.68,11.727,63.69,0
1386,1.3981,53.9,12.007,56.89,0
1387,1.4376,53.91,12.577,69.12,1
1388,1.2088,53.81,11.634,58.5,0
1389,1.0916,52.24,11.926,51.84,1
1390,1.2743,50.24,11.825,43.82,0
1391,1.1044,54.02,12.48,63.04,0
1392,1.5088,54.45,11.323,45.94,1
1393,1.2281,48.82,10.86,56.44,0
1394,1.1537,52.13,11.235,71.11,0
1395,1.2371,52.62,11.704,62.32,1
1396,1.0083,54.44,11.362,59.46,0
1397,1.0656,52.79,11.11,64.88,0
1398,1.3925,54.52,13.311,63.54,1
1399,1.115,54.38,12.187,69.02,0
1400,1.0576,54.68,12.002,51.37,1
1401,1.2964,53.77,11.972,53.73,0
1402,1.395,54.12,11.929,49.15,0
1403,1.3262,53.44,12.256,56.67,0
1404,1.3691,56.56,12.011,54.01,0
1405,1.1075,57.14,12.399,40.68,1
1406,1.0092,54.66,12.044,50.97,0
1407,1.4491,59.44,12.324,64.85,1
1408,1.177,55.97,12.812,57.37,1
1409,1.1893,59.86,12.566,58.81,0
1410,1.4278,55.72,12.61,54.61,1
1411,1.3136,53.15,11.769,42.02,1
1412,1.3002,58.2,13.403,53.05,1
1413,1.5583,58.1,12.124,62.48,1
1414,1.1388,57.87,12.078,44.79,0
1415,1.3763,56.72,11.953,60.95,0
1416,1.2475,58.13,12.524,40.51,1
1417,1.2811,57.38,13.209,54.74,1
1418,1.472,58.0,13.341,58.56,0
1419,1.3209,60.48,12.219,50.21,1
1420,1.3274,59.37,12.76,73.16,1
1421,1.4096,60.42,12.09,48.8,1
1422,1.1961,58.94,12.965,49.01,0
1423,1.1271,58.92,13.151,55.29,0
1424,1.0984,57.49,12.358,48.46,0
1425,0.9623,59.26,12.673,41.91,0
1426,1.568,53.56,11.814,48.08,1
1427,1.0963,59.22,12.364,59.53,0
1428,1.2309,60.44,13.004,50.3,1
1429,1.2249,61.93,12.951,65.46,0
1430,1.315,60.46,13.27,49.19,0
1431,1.3936,61.9,12.99,57.55,0
1432,1.4028,57.04,12.015,58.86,1
1433,1.1888,61.49,12.514,48.46,1
1434,1.2537,58.44,11.991,46.9,0
1435,1.3237,59.58,13.378,39.4,1
1436,1.2466,61.83,12.857,56.33,0
1437,1.5276,64.95,13.638,59.61,1
1438,1.3629,63.34,14.292,38.28,0
1439,1.4021,62.84,12.974,48.33,1
1440,1.3941,62.96,12.972,45.89,0
1441,1.4734,61.77,12.964,56.35,1
1442,1.3273,62.31,13.109,48.98,1
1443,1.1085,64.45,14.546,60.91,0
1444,1.3658,61.03,13.775,49.31,1
1445,1.2111,65.19,13.81,40.0,1
1446,1.2324,63.42,14.049,47.2,1
1447,1.4026,66.05,13.589,46.5,1
1448,1.5034,66.52,13.855,53.3,0
1449,1.3238,61.45,12.854,49.14,1
1450,1.37,63.84,12.922,54.22,0
1451,1.5821,63.49,13.892,44.58,1
1452,1.3659,61.77,13.253,49.58,1
1453,1.7232,63.53,13.287,44.6,1
1454,1.4209,70.68,14.351,39.82,1
1455,1.0751,67.22,13.38,58.87,1
1456,1.4554,70.03,13.932,41.26,0
1457,1.4028,68.06,14.103,45.38,1
1458,1.5424,65.12,13.327,58.29,0
1459,1.4532,66.04,13.572,55.38,1
1460,1.3347,68.18,13.936,61.22,1
1461,1.1751,68.08,13.722,52.02,1
1462,1.3308,66.25,13.366,44.45,1
1463,1.2379,64.58,12.962,66.71,1
1464,1.2818,74.38,14.849,49.03,1
1465,1.4606,67.72,14.188,47.13,1
1466,1.6262,67.55,13.4,48.93,1
1467,1.4383,68.63,14.034,49.26,1
1468,1.2032,68.11,14.086,46.24,1
1469,1.4528,69.05,13.78,36.57,1
1470,1.5691,71.57,15.252,59.07,1
1471,1.3016,68.95,13.95,47.45,1
1472,1.3765,67.07,13.771,50.22,0
1473,1.4024,69.28,14.079,64.06,0
1474,1.286,68.87,13.573,42.21,1
1475,1.5045,72.85,15.174,50.54,1
1476,1.3927,72.54,14.314,39.14,1
1477,1.4774,70.62,14.252,49.2,1
1478,1.285,68.04,14.226,49.79,0
1479,1.3561,68.35,14.796,54.32,0
1480,1.5338,71.03,14.054,56.05,0
1481,1.3731,71.87,14.367,41.24,1
1482,1.6918,70.65,15.086,57.94,0
1483,1.3765,70.64,14.55,58.52,1
1484,1.4738,70.61,14.65,44.63,1
1485,1.5837,71.95,14.2,45.78,1
1486,1.2347,67.43,13.724,44.58,1
1487,1.1871,70.2,14.215,44.44,0
1488,1.2261,71.35,14.161,36.56,1
1489,1.6481,75.22,14.544,50.09,1
1490,1.3796,71.37,14.271,29.77,1
1491,1.8499,73.56,15.503,39.29,1
1492,1.3853,73.85,14.852,44.32,0
1493,1.5013,76.2,15.912,53.68,1
1494,1.7087,76.33,15.273,38.84,1
1495,1.7821,73.88,14.569,48.09,1
1496,1.7942,73.25,15.404,44.4,0
1497,1.6699,73.07,14.799,52.72,1
1498,1.6461,74.12,15.337,47.53,1
1499,1.5851,73.93,14.492,51.28,1
1500,1.6168,76.11,15.681,38.93,0
1501,1.4211,76.04,15.69,35.26,1
1502,1.3848,76.58,15.36,45.99,1
1503,1.5108,78.12,15.192,38.23,1
1504,1.4895,79.53,15.661,41.53,1
1505,1.4509,76.25,15.464,45.79,1
1506,1.6271,78.4,15.608,51.9,0
1507,1.6697,75.7,15.376,49.87,0
1508,1.5434,78.97,16.095,36.17,1
1509,1.7555,78.92,15.36,32.49,1
1510,1.3663,79.02,15.233,55.25,1
1511,1.5123,77.39,15.343,29.91,1
1512,1.4375,76.06,15.036,39.74,1
1513,1.2688,74.81,15.341,49.28,1
1514,1.5401,77.72,15.059,55.48,1
1515,1.538,81.07,16.414,38.84,1
1516,1.7869,77.58,16.106,42.67,1
1517,1.6582,79.97,15.746,34.02,1
1518,1.4137,80.29,15.818,41.84,1
1519,1.8491,78.23,15.221,32.86,1
1520,1.7578,81.63,15.8,34.02,1
1521,1.6656,73.38,14.607,51.08,1
1522,1.5479,76.95,16.074,39.36,1
1523,1.4416,77.77,15.387,49.68,1
1524,1.5333,78.16,15.063,40.88,1
1525,1.756,80.67,15.958,29.65,1
1526,1.879,80.78,16.259,49.88,1
1527,1.8313,81.19,15.918,29.76,1
1528,1.5301,81.79,16.819,35.11,1
1529,1.439,78.9,15.95,40.06,1
1530,1.6316,78.56,15.192,49.91,1
1531,1.3487,81.99,15.851,35.59,1
1532,1.6659,80.14,15.866,33.5,1
1533,1.5987,78.46,15.032,43.23,1
1534,1.5544,83.74,16.455,37.04,1
1535,1.3885,84.79,15.963,34.39,1
1536,1.7082,85.31,17.053,39.54,1
1537,1.5546,82.77,16.604,29.71,1
1538,1.4624,83.85,16.552,24.91,1
1539,1.2104,85.54,16.344,54.79,1
1540,1.6404,81.72,16.078,40.8,1
1541,1.9137,85.42,16.378,39.14,1
1542,1.9003,83.95,16.005,32.37,1
1543,1.5858,85.43,16.437,44.93,1
1544,1.5672,84.17,16.698,34.23,1
1545,1.7311,86.59,16.757,14.76,1
1546,1.5142,84.65,17.234,33.68,1
1547,1.7123,81.43,16.323,37.89,1
1548,1.7851,87.5,17.177,35.14,1
1549,1.8573,82.9,15.711,37.66,1
1550,1.6613,87.51,16.768,31.34,1
1551,1.6488,85.02,16.156,32.06,1
1552,1.5507,87.75,16.842,33.96,1
1553,1.5613,87.87,16.688,23.11,1
1554,1.6543,86.66,16.609,21.34,1
1555,1.7463,87.02,17.331,37.57,1
1556,1.8312,87.05,17.016,37.69,1
1557,1.5765,82.37,16.602,46.61,1
1558,1.9237,86.84,16.303,34.85,1
1559,1.6619,84.57,16.459,28.71,1
1560,1.7022,87.34,17.323,21.08,1
1561,1.596,84.91,17.314,30.93,1
1562,1.3472,85.03,16.043,41.36,1
1563,1.8461,90.81,17.24,46.05,1
1564,1.8266,89.94,17.753,35.47,1
1565,1.6765,87.99,16.875,26.5,1
1566,1.7313,88.57,16.73,28.82,1
1567,1.8012,87.9,16.474,29.47,1
1568,1.4919,89.74,16.895,31.91,1
1569,1.6494,87.45,16.376,45.5,1
1570,1.8503,90.99,17.422,44.0,1
1571,1.5454,88.69,17.485,34.41,1
1572,1.7799,88.56,16.638,37.33,1
1573,1.5347,89.64,17.305,28.83,1
1574,1.8104,88.62,17.445,22.15,1
1575,1.7374,90.66,17.348,48.91,1
1576,1.5026,89.13,16.644,16.94,1
1577,1.9218,91.34,17.618,19.51,1
1578,1.639,93.03,17.683,47.55,1
1579,1.6297,89.36,17.094,35.52,1
1580,1.7834,90.74,17.164,25.55,1
1581,1.9276,92.12,17.604,39.19,1
1582,1.6049,90.53,17.555,40.87,1
1583,1.7684,92.53,19.231,22.82,1
1584,1.8254,92.91,17.733,28.99,1
1585,1.8669,94.17,18.705,39.51,1
1586,1.7912,90.99,17.552,27.87,1
1587,1.7114,90.51,17.288,36.95,1
1588,1.644,91.98,17.609,45.21,1
1589,1.7827,90.86,16.993,15.34,1
1590,1.6106,94.13,17.999,29.79,0
1591,1.3348,90.88,16.832,36.57,1
1592,1.8401,98.07,18.168,15.82,1
1593,1.9117,96.19,18.224,27.05,1
1594,1.4231,93.83,18.436,41.06,1
1595,1.6275,95.73,18.882,25.92,1
1596,1.8732,90.93,17.299,22.57,1
1597,2.0902,99.45,18.731,38.38,1
1598,1.786,93.42,18.245,36.5,1
1599,1.6749,94.56,17.521,31.71,1
1600,1.7579,91.29,17.619,33.44,0
1601,1.9927,95.77,17.834,39.76,1
1602,1.6907,92.39,17.542,35.92,1
1603,1.6687,94.6,17.773,37.4,1
1604,1.7172,93.11,17.907,27.59,1
1605,1.6476,91.84,17.773,18.55,1
1606,1.8099,92.19,18.007,38.66,1
1607,2.0361,94.05,18.007,41.38,1
1608,1.8416,90.84,17.447,32.7,1
1609,1.7561,91.7,18.605,41.08,1
1610,1.7509,94.33,17.442,29.72,1
1611,1.5609,98.0,19.421,29.47,1
1612,1.9285,93.56,17.674,46.89,1
1613,1.7849,90.57,17.591,32.33,1
1614,1.7701,91.47,17.348,31.32,1
1615,2.2766,92.06,17.314,18.8,1
1616,1.8429,91.1,17.629,39.86,1
1617,1.6857,93.41,18.278,27.28,1
1618,1.7349,91.83,17.734,35.08,1
1619,1.9714,93.02,17.507,30.67,1
1620,1.8164,90.37,20.546,31.21,1
1621,1.5839,93.45,18.383,31.99,1
1622,1.9377,90.27,17.743,34.51,1
1623,1.6997,88.46,16.887,45.33,1
1624,2.081,94.55,17.712,44.43,1
1625,1.962,86.35,16.597,42.4,1
1626,1.7329,88.32,17.54,46.18,0
1627,1.9921,88.35,16.675,42.83,1
1628,1.81,94.42,17.565,36.31,1
1629,1.9275,92.81,17.913,44.95,1
1630,1.8721,91.99,17.684,23.34,1
1631,1.6722,88.14,16.706,30.64,1
1632,1.7023,93.45,17.414,26.36,1
1633,1.953,89.14,17.898,33.11,1
1634,1.7479,90.15,17.427,40.39,1
1635,1.7371,88.36,16.584,27.06,1
1636,1.6539,87.7,16.501,40.4,1
1637,1.8601,87.1,16.68,32.05,1
1638,2.1054,86.98,17.138,34.04,1
1639,1.6352,88.42,17.281,37.55,1
1640,1.7983,87.73,17.483,49.81,1
1641,2.0058,86.74,16.311,31.26,1
1642,1.7812,89.62,17.287,34.59,1
1643,1.8602,80.47,16.589,32.09,1
1644,1.6321,87.22,17.537,30.89,1
1645,1.8548,87.44,17.02,27.84,1
1646,1.7615,88.09,18.522,38.1,1
1647,1.9365,85.47,16.847,41.12,1
1648,1.9657,85.82,17.14,43.01,1
1649,2.1749,87.17,16.844,30.67,1
1650,1.8723,87.98,16.679,40.27,1
1651,1.833,84.2,16.084,39.39,1
1652,1.8121,85.13,16.595,37.46,1
1653,1.7286,87.76,16.832,26.41,1
1654,1.8311,79.95,15.236,42.25,1
1655,1.7346,82.62,15.806,40.91,1
1656,1.8028,86.73,16.64,37.77,1
1657,1.9737,85.79,16.955,40.73,1
1658,1.6236,84.44,16.41,43.89,1
1659,1.944,82.3,16.067,30.83,1
1660,1.969,81.24,15.609,38.52,1
1661,1.7521,81.62,16.002,44.16,1
1662,1.4499,85.7,17.299,35.44,1
1663,1.6753,81.14,15.986,47.99,0
1664,1.9592,82.4,15.658,40.28,1
1665,1.7595,80.49,15.43,25.07,1
1666,1.6112,83.49,16.538,45.62,0
1667,1.6835,80.52,15.743,39.75,1
1668,1.8834,81.2,15.901,26.12,1
1669,1.8373,77.83,15.208,40.28,1
1670,1.7175,77.77,15.639,32.19,1
1671,1.6962,80.82,15.759,46.54,1
1672,1.6904,77.95,15.371,41.94,1
1673,1.6087,84.61,16.153,30.84,1
1674,1.9872,76.08,15.607,49.84,1
1675,1.6944,78.4,15.425,45.63,1
1676,1.923,79.83,16.0,39.21,0
1677,1.9664,78.87,15.201,31.71,1
1678,1.8856,77.19,16.33,35.95,1
1679,1.6688,77.28,16.009,35.77,1
1680,1.7917,77.02,14.769,48.76,0
1681,1.7251,78.23,15.21,28.62,1
1682,1.5907,82.5,16.336,39.12,1
1683,1.7724,78.56,15.123,39.86,1
1684,1.5444,80.57,15.784,48.94,1
1685,1.8968,79.01,15.788,43.45,1
1686,1.6464,80.03,15.683,45.27,1
1687,1.7436,72.0,14.791,41.6,1
1688,1.7533,76.79,15.026,33.08,1
1689,1.6693,79.81,15.13,38.51,0
1690,1.7934,75.86,15.61,49.7,1
1691,1.6314,80.32,16.276,47.0,1
1692,1.8305,79.57,17.407,37.81,0
1693,1.4951,75.46,14.483,36.84,1
1694,1.7131,75.19,15.379,35.43,1
1695,1.9821,73.97,14.301,43.52,1
1696,1.5383,74.54,15.95,45.37,0
1697,1.5837,73.13,14.936,56.9,1
1698,1.7595,76.26,14.872,44.23,0
1699,1.7063,72.29,14.959,50.54,1
1700,1.7289,76.21,14.983,37.03,1
1701,1.7466,76.06,15.286,43.7,1
1702,1.7654,71.28,14.528,47.35,1
1703,1.8335,77.5,16.384,41.38,1
1704,1.7254,75.23,16.101,43.69,1
1705,1.6246,75.5,14.862,44.71,1
1706,1.7584,72.28,15.119,49.48,1
1707,1.9393,74.84,15.129,53.45,1
1708,1.6312,75.65,14.666,25.48,1
1709,1.5016,73.0,14.457,54.11,1
1710,1.8106,77.0,16.846,29.11,1
1711,1.6232,72.89,14.837,47.74,1
1712,1.312,74.88,15.474,62.92,0
1713,1.7616,72.99,14.617,44.87,1
1714,1.5508,73.37,14.561,46.42,1
1715,1.6142,68.66,14.06,45.32,1
1716,1.6741,72.54,14.53,50.81,0
1717,1.6494,70.13,13.82,49.82,1
1718,1.7238,69.71,13.876,41.77,1
1719,1.5486,74.69,15.281,43.27,1
1720,1.6874,70.57,14.195,37.71,1
1721,1.568,68.79,14.079,46.77,1
1722,1.7142,69.88,14.331,43.72,1
1723,1.6922,67.8,14.053,49.41,1
1724,1.456,73.07,15.292,39.48,1
1725,1.7556,68.61,13.686,46.12,0
1726,1.5087,70.86,14.635,46.56,1
1727,1.7067,72.31,14.949,46.24,1
1728,1.637,68.4,14.493,50.15,1
1729,1.854,70.26,13.858,45.45,1
1730,1.5411,66.94,13.898,42.54,0
1731,1.5186,73.69,15.79,45.44,1
1732,1.5644,70.47,14.282,45.29,1
1733,1.5181,68.01,14.166,56.39,1
1734,1.6799,66.65,14.115,58.21,1
1735,1.3138,67.77,13.579,37.36,1
1736,1.3945,67.12,14.9,53.67,0
1737,1.3886,71.51,14.697,52.64,1
1738,1.6876,64.95,13.723,39.26,1
1739,1.7979,67.47,13.385,53.15,0
1740,1.5219,66.96,14.169,55.99,1
1741,1.5085,66.57,13.959,41.46,1
1742,1.5406,66.38,14.622,47.28,1
1743,1.7006,66.17,13.558,50.79,1
1744,1.3835,67.95,13.616,52.8,0
1745,1.5546,67.22,13.594,40.76,1
1746,1.6614,66.64,13.563,58.27,1
1747,1.5865,59.53,12.319,37.05,1
1748,1.536,66.0,14.325,59.99,1
1749,1.6539,61.89,13.734,56.27,0
1750,1.0945,66.29,13.619,44.25,1
1751,1.5979,67.75,13.767,55.27,0
1752,1.3943,62.75,12.646,42.97,1
1753,1.2141,63.88,13.652,51.59,0
1754,1.5616,63.0,14.138,53.11,0
1755,1.6872,66.47,13.496,51.01,1
1756,1.4568,63.99,13.303,43.89,1
1757,1.6166,67.06,13.998,44.8,1
1758,1.7117,64.23,14.377,51.48,0
1759,1.6634,63.68,13.386,44.98,0
1760,1.7084,63.14,13.302,53.29,0
1761,1.57,64.44,13.49,45.43,1
1762,1.4662,59.12,12.184,61.53,1
1763,1.2109,62.57,12.696,63.96,1
1764,1.4106,62.06,12.783,49.38,0
1765,1.3173,63.45,13.767,58.29,1
1766,1.7657,61.42,12.838,50.45,1
1767,1.41,59.52,12.487,45.8,0
1768,1.4512,61.41,12.766,48.75,0
1769,1.5118,59.03,12.552,54.26,1
1770,1.4319,57.15,13.298,40.41,1
1771,1.676,62.25,13.029,56.65,1
1772,1.3247,61.76,12.744,52.63,1
1773,1.4437,61.33,12.96,60.2,0
1774,1.2995,62.81,14.189,56.18,1
1775,1.2093,58.67,12.368,54.76,1
1776,1.312,56.94,11.914,51.99,0
1777,1.3946,59.46,12.487,65.51,1
1778,1.3322,58.7,12.609,71.14,0
1779,1.2892,57.52,12.694,51.78,0
1780,1.1786,58.84,13.072,62.03,0
1781,1.3736,57.58,12.045,48.8,1
1782,1.1569,54.93,11.673,51.34,0
1783,1.4931,57.52,12.256,51.4,1
1784,1.3881,55.93,12.454,60.92,0
1785,1.1536,58.46,12.124,45.32,0
1786,1.3225,56.49,12.008,67.51,1
1787,1.2527,59.82,12.512,60.61,1
1788,1.41,60.61,13.299,57.93,0
1789,1.5599,58.56,12.769,51.51,1
1790,1.0742,53.9,12.27,63.3,0
1791,1.3694,59.81,13.43,29.77,1
1792,1.3249,59.75,12.598,56.68,0
1793,1.4464,56.44,11.838,56.42,0
1794,1.3744,58.85,12.2,38.6,1
1795,1.2265,54.9,11.464,59.31,0
1796,1.2882,52.07,11.392,62.49,1
1797,1.2135,54.08,11.719,41.72,1
1798,1.4912,58.86,12.949,44.19,1
1799,1.3299,52.22,11.589,74.18,1
1800,1.6088,55.0,11.822,54.51,1
1801,1.3115,54.87,11.935,63.88,1
1802,1.2114,53.57,11.446,65.87,0
1803,1.0876,53.51,12.284,60.04,0
1804,1.0412,54.34,11.632,64.53,1
1805,1.0712,52.88,11.315,40.37,0
1806,1.346,50.96,11.78,56.58,0
1807,1.3793,54.03,12.113,31.94,1
1808,1.063,55.55,11.584,41.7,1
1809,1.4317,54.94,12.399,51.67,1
1810,1.2222,51.38,11.2,52.85,1
1811,1.3139,50.3,11.156,59.15,0
1812,1.531,52.03,11.632,57.62,0
1813,1.4211,55.54,12.345,56.75,0
1814,1.2436,53.49,11.969,58.3,0
1815,1.1476,53.41,11.741,59.62,1
1816,0.956,53.58,11.631,49.18,1
1817,1.1683,52.44,11.795,51.74,0
1818,1.2421,51.64,11.45,57.72,1
1819,1.1232,52.52,12.688,57.31,1
1820,1.2492,49.91,11.501,50.4,0
1821,1.278,47.97,10.637,68.87,0
1822,1.2304,52.05,11.383,63.57,0
1823,1.1643,52.88,11.701,50.4,1
1824,1.2848,47.96,11.626,58.55,1
1825,1.3236,51.64,12.255,74.09,0
1826,1.0915,53.16,11.578,58.39,1
1827,1.4646,49.6,10.878,62.41,1
1828,1.236,47.76,10.569,55.47,0
1829,1.2516,49.45,11.273,56.83,0
1830,1.3529,47.9,12.448,72.35,1
1831,1.2797,47.57,11.126,61.37,0
1832,1.3857,49.47,10.699,58.75,0
1833,1.2839,45.19,10.277,61.95,0
1834,1.1471,45.31,10.326,82.18,0
1835,1.2913,48.04,10.676,60.5,0
1836,1.0638,47.76,10.77,53.71,0
1837,1.2498,48.29,11.152,54.78,0
1838,1.2269,51.15,11.736,64.56,0
1839,1.199,47.41,11.409,49.13,0
1840,1.2093,48.2,11.213,63.69,0
1841,0.9447,44.85,9.935,56.3,0
1842,1.1431,48.14,10.626,45.25,0
1843,1.2379,45.35,10.491,53.95,0
1844,1.2465,46.34,10.762,61.41,0
1845,1.0669,45.78,11.029,72.69,0
1846,1.4096,47.87,10.947,67.59,1
1847,1.0885,42.98,10.217,60.86,0
1848,1.3625,40.83,9.975,72.28,1
1849,1.2799,44.77,10.369,59.28,0
1850,1.1177,45.94,10.676,49.71,1
1851,1.4798,45.1,11.085,62.11,0
1852,1.0334,47.06,10.777,48.71,0
1853,1.3493,45.27,10.529,68.17,0
1854,1.3605,43.07,10.198,69.6,0
1855,1.1088,39.35,10.333,58.35,1
1856,1.4174,43.33,9.891,64.17,1
1857,1.1701,45.66,11.633,62.69,0
1858,1.2501,42.62,9.767,70.41,0
1859,1.2451,43.26,10.008,53.09,1
1860,1.1852,43.84,10.673,67.49,0
1861,1.3263,40.77,10.375,54.0,0
1862,1.323,43.85,9.897,68.91,0
1863,0.9411,45.67,10.247,70.1,0
1864,1.3985,41.85,10.146,58.53,1
1865,0.953,39.74,11.266,74.91,0
1866,1.3568,41.67,10.646,51.41,0
1867,1.3705,37.15,9.228,75.51,0
1868,1.0375,42.07,9.441,75.26,0
1869,1.1392,42.1,10.099,66.5,0
1870,1.0347,44.35,10.559,60.83,0
1871,1.1681,40.41,9.67,67.25,0
1872,1.154,41.42,9.674,59.32,0
1873,1.317,38.68,9.617,86.79,0
1874,1.3966,39.49,9.359,60.62,1
1875,1.4094,36.95,10.407,77.37,1
1876,1.1157,39.41,10.496,59.42,0
1877,1.1687,38.99,9.899,78.38,0
1878,0.9477,40.0,9.786,81.1,0
1879,1.0795,37.95,9.211,69.32,1
1880,1.3453,39.17,9.617,67.79,0
1881,1.4432,38.13,10.397,58.47,0
1882,1.016,37.94,9.856,57.63,0
1883,1.1126,38.56,9.619,68.25,0
1884,1.198,38.28,9.939,77.7,1
1885,1.2444,39.52,9.922,60.9,1
1886,1.0814,37.56,9.556,84.13,0
1887,1.267,36.9,9.765,61.98,0
1888,1.1329,37.04,9.536,68.61,0
1889,1.2025,35.77,9.525,69.39,0
1890,1.2873,36.28,9.259,66.42,0
1891,1.207,40.86,9.783,48.13,0
1892,1.1414,34.77,8.769,63.18,0
1893,1.1912,35.84,8.892,69.09,1
1894,1.1953,35.43,8.59,66.98,0
1895,1.1539,35.51,8.77,72.79,0
1896,1.1716,35.14,8.707,73.97,0
1897,1.4512,36.16,8.99,65.38,0
1898,1.2966,31.98,9.415,62.11,0
1899,1.1692,37.27,9.28,79.02,0
1900,1.3192,36.27,9.291,56.4,0
1901,1.1658,32.31,8.713,64.85,0
1902,1.3931,30.06,9.146,64.16,0
1903,1.2738,32.45,8.411,75.5,0
1904,1.2036,33.71,8.722,79.31,0
1905,1.2882,39.16,9.582,64.11,0
1906,0.9868,34.89,9.559,69.91,0
1907,1.0549,29.98,8.96,74.44,0
1908,1.0463,32.02,8.762,84.22,0
1909,1.2484,33.09,9.352,54.96,0
1910,1.4884,33.51,8.85,74.85,0
1911,1.5649,30.17,8.209,73.91,0
1912,1.3276,32.33,9.202,66.64,0
1913,1.3087,30.96,8.61,73.03,1
1914,0.9652,29.99,7.994,76.93,0
1915,1.1557,32.52,9.118,74.15,0
1916,1.1208,33.35,8.672,86.26,0
1917,1.1477,33.28,8.618,70.05,0
1918,1.2175,32.55,9.062,69.69,0
1919,1.1739,30.21,8.246,69.43,0
1920,0.9498,32.43,8.783,73.97,0
1921,1.3609,31.42,8.766,69.89,0
1922,1.0899,30.87,8.111,70.58,1
1923,1.2888,29.18,8.293,71.64,0
1924,1.5662,29.21,8.847,70.4,0
1925,1.1194,30.15,7.954,66.04,0
1926,0.88,34.68,9.149,71.54,0
1927,1.2189,30.2,7.998,68.6,1
1928,1.4293,28.18,8.481,77.0,0
1929,1.5602,27.54,8.379,73.37,0
1930,1.0844,28.02,7.82,69.1,1
1931,1.3458,33.15,10.143,81.63,0
1932,1.2039,27.8,8.477,71.5,0
1933,1.2603,30.21,8.609,75.85,0
1934,1.6754,27.45,8.164,66.93,1
1935,1.0559,28.52,8.511,55.68,0
1936,1.322,29.38,7.829,66.83,0
1937,1.3567,26.46,7.799,56.03,0
1938,1.4521,26.12,7.833,71.43,0
1939,1.3066,30.52,8.18,82.44,0
1940,1.3408,28.97,8.3,64.38,0
1941,1.2387,28.38,8.644,55.12,1
1942,1.3406,28.17,7.821,84.1,0
1943,1.2515,27.32,7.826,68.81,0
1944,1.3991,30.24,8.006,70.73,0
1945,1.2533,26.09,7.152,79.65,0
1946,1.3683,26.95,8.159,77.01,0
1947,1.3103,22.7,7.144,81.39,0
1948,1.4865,23.75,7.332,81.95,0
1949,1.3129,22.8,6.844,61.35,0
1950,1.0577,27.55,7.811,61.16,0
1951,1.516,19.69,7.255,86.55,0
1952,1.194,23.8,7.32,68.47,0
1953,1.2349,18.41,6.524,72.57,0
1954,1.2467,22.54,7.217,65.37,0
1955,1.5454,23.02,6.813,71.95,0
1956,1.0221,26.57,8.019,70.26,0
1957,1.8163,24.39,7.014,66.86,0
1958,1.5073,21.73,6.697,67.54,0
1959,1.3857,25.33,7.207,76.35,0
1960,1.3472,23.04,7.138,68.72,0
1961,1.4016,22.88,7.05,70.42,0
1962,1.4403,20.19,6.779,59.39,0
1963,1.4623,20.42,6.509,92.25,0
1964,1.4522,20.55,7.328,84.2,0
1965,1.3857,22.09,7.46,71.79,0
1966,1.3461,21.96,6.976,68.63,0
1967,1.3564,24.69,7.279,74.27,0
1968,1.3534,22.17,6.869,75.57,0
1969,1.5561,15.78,6.001,69.32,0
1970,1.4786,21.53,6.55,55.68,0
1971,0.952,17.9,6.116,74.05,0
1972,1.495,18.67,6.961,65.29,0
1973,1.4294,18.78,6.695,79.11,0
1974,1.4009,18.87,7.504,79.1,0
1975,1.349,17.25,6.225,70.86,0
1976,1.5795,20.21,6.646,72.6,0
1977,1.5566,16.78,6.116,93.04,0
1978,1.3022,20.11,6.647,83.13,0
1979,1.4828,23.67,7.069,71.18,0
1980,1.2796,16.34,6.316,97.53,0
1981,1.2221,18.23,6.496,68.49,0
1982,1.3387,13.55,5.598,73.5,1
1983,1.5658,17.8,7.069,77.44,0
1984,1.5831,19.49,7.808,65.06,0
1985,1.5207,19.44,7.261,91.66,0
1986,1.5563,17.95,6.693,79.69,0
1987,1.5286,19.38,7.013,71.05,0
1988,1.3587,22.49,8.225,79.09,0
1989,1.5235,20.62,7.199,77.79,0
1990,1.5825,15.95,5.935,76.99,0
1991,1.5793,13.9,6.005,70.33,0
1992,1.6482,15.79,6.403,68.04,0
1993,1.5799,14.51,5.598,97.49,0
1994,1.5301,17.1,6.208,67.92,1
1995,1.6417,13.64,6.349,93.58,0
1996,1.4809,15.65,5.58,72.85,0
1997,1.3564,17.28,5.948,84.95,0
1998,1.468,15.2,5.962,83.6,0
1999,1.3845,13.31,5.898,85.32,0
2000,1.7565,28.24,8.968,77.22,0
2001,1.7911,22.7,8.216,59.6,0
2002,1.7351,25.02,9.651,67.61,0
2003,1.8355,26.52,9.109,61.73,1
2004,1.5814,25.91,9.462,73.4,0
2005,1.8964,26.49,8.869,61.96,0
2006,1.8478,27.99,9.071,55.2,1
2007,1.7654,26.74,9.264,69.6,0
2008,1.9877,27.18,9.176,55.36,0
2009,2.043,25.72,8.587,74.7,1
2010,1.6569,26.03,8.563,61.86,0
2011,1.8038,29.76,10.368,64.17,0
2012,1.7877,26.44,8.493,53.6,0
2013,1.7277,29.71,9.865,83.16,0
2014,2.0398,28.31,8.927,59.86,0
2015,1.8879,27.75,8.966,68.71,0
2016,1.8708,30.59,9.552,56.01,0
2017,1.5968,27.42,8.801,64.84,0
2018,2.0051,30.63,9.039,83.87,0
2019,1.7489,29.32,9.573,72.47,0
2020,1.9465,28.18,8.997,66.14,0
2021,1.9598,30.39,10.069,69.57,1
2022,2.1317,31.36,9.118,64.76,0
2023,1.7624,33.1,10.226,68.06,0
2024,1.5327,32.53,9.37,75.37,0
2025,1.972,32.16,9.604,66.46,0
2026,2.1925,28.58,8.559,72.92,0
2027,2.1401,34.63,11.596,68.92,0
2028,1.9587,27.53,8.649,68.44,0
2029,1.8845,34.05,9.965,62.84,1
2030,2.1037,32.56,9.388,64.87,1
2031,1.7894,29.58,10.363,76.75,0
2032,2.033,31.96,10.047,75.34,0
2033,2.0598,32.22,9.994,59.84,0
2034,2.1732,34.2,10.855,65.43,0
2035,2.3939,32.5,9.717,63.86,1
2036,2.0464,32.66,9.866,75.61,0
2037,1.8818,28.11,9.232,67.46,0
2038,1.9585,35.62,10.665,84.25,1
2039,1.7329,31.85,9.58,70.81,0
2040,1.871,34.66,9.909,77.51,0
2041,1.9376,33.36,10.48,60.15,0
2042,1.94,34.11,10.087,68.5,0
2043,2.0229,35.69,10.575,71.7,1
2044,1.8375,37.75,10.231,56.66,0
2045,2.1531,35.11,11.435,67.86,0
2046,2.0288,35.65,10.066,74.87,0
2047,2.0198,36.6,10.905,64.19,0
2048,1.9625,37.72,10.726,59.35,1
2049,2.0354,34.72,9.709,81.75,0
2050,2.1392,38.07,11.369,57.02,1
2051,1.8895,38.3,10.854,67.12,0
2052,1.9445,38.29,11.372,60.48,1
2053,1.9651,35.31,10.421,60.04,0
2054,1.82,36.3,10.61,72.1,0
2055,1.9363,37.6,9.824,64.74,0
2056,1.9612,33.32,9.985,71.63,1
2057,2.1863,40.09,10.586,46.28,1
2058,2.0874,36.78,10.605,69.87,0
2059,2.0763,38.9,11.041,59.72,1
2060,2.1969,36.88,10.126,51.11,0
2061,2.0223,35.55,10.592,81.75,0
2062,2.1201,36.06,10.315,71.4,0
2063,2.0776,38.83,11.407,67.22,1
2064,2.0616,40.67,11.336,74.43,0
2065,1.9804,38.77,11.328,66.5,0
2066,1.711,38.59,10.814,58.22,1
2067,2.0299,38.65,10.027,64.54,1
2068,2.318,40.04,11.139,58.45,0
2069,2.2288,41.78,11.264,58.56,1
2070,2.2252,40.14,10.861,53.32,1
2071,2.2722,41.36,10.99,55.55,1
2072,2.0769,40.87,11.566,70.8,0
2073,2.0946,37.49,10.111,69.01,0
2074,2.0249,38.48,10.962,61.5,1
2075,2.058,41.23,11.19,55.78,1
2076,2.2067,40.35,11.229,60.64,0
2077,2.2778,41.34,11.361,50.03,0
2078,2.0859,45.45,12.665,63.05,0
2079,2.0634,42.54,11.144,69.87,0
2080,2.1374,43.77,11.468,80.92,0
2081,2.155,41.71,11.597,54.58,0
2082,1.8822,40.13,11.532,71.06,1
2083,1.7432,41.69,11.103,56.56,0
2084,2.0049,40.48,10.906,54.99,0
2085,1.9117,45.49,11.248,51.94,1
2086,2.0261,44.27,11.538,62.96,0
2087,2.0704,43.71,10.954,54.94,0
2088,2.0942,45.18,12.155,56.36,0
2089,2.3288,39.1,10.737,60.76,0
2090,2.1908,45.08,11.421,55.82,1
2091,2.2008,40.81,11.379,57.39,0
2092,2.2353,42.81,11.247,42.37,1
2093,1.9611,44.47,12.45,62.82,1
2094,2.2898,45.46,12.516,61.05,0
2095,2.1028,44.79,12.623,54.25,0
2096,2.2307,47.02,12.244,62.65,1
2097,1.9745,44.95,11.656,73.33,1
2098,1.9163,46.58,12.682,60.98,0
2099,2.2432,45.3,11.493,71.48,0
2100,2.2142,42.75,10.921,81.21,0
2101,1.9916,44.31,11.533,82.2,0
2102,2.024,46.02,12.173,51.62,1
2103,2.316,47.99,11.889,50.25,1
2104,1.9089,47.39,11.808,56.22,1
2105,2.4134,43.71,10.851,62.65,0
2106,2.0029,46.4,12.423,72.8,0
2107,2.2421,50.74,12.402,63.1,1
2108,2.093,47.27,12.032,50.08,1
2109,2.2611,46.56,12.359,55.75,0
2110,2.0819,48.39,12.513,58.53,0
2111,2.11,49.23,12.173,46.46,1
2112,2.1713,47.2,12.055,60.15,1
2113,2.013,49.21,12.123,48.87,1
2114,2.2732,47.24,11.779,46.26,1
2115,2.078,50.36,11.998,50.68,1
2116,2.1087,48.99,11.937,62.3,0
2117,1.9706,49.32,12.435,62.17,0
2118,1.7658,46.95,12.225,60.63,0
2119,2.1214,47.98,11.804,67.21,0
2120,2.4843,51.95,13.553,64.83,1
2121,2.2566,48.75,12.55,60.61,1
2122,2.1036,50.58,12.698,58.17,0
2123,2.0817,48.82,11.978,59.66,0
2124,2.1072,52.78,12.929,56.02,1
2125,2.223,50.11,12.673,41.02,1
2126,1.953,50.09,12.448,66.99,1
2127,2.3078,53.12,13.901,59.75,1
2128,2.2629,54.63,12.973,46.35,0
2129,2.2296,49.85,12.323,69.36,0
2130,2.2003,56.4,13.593,50.31,1
2131,2.1662,51.79,12.594,56.07,1
2132,2.243,50.46,13.257,67.15,0
2133,2.2444,52.81,12.711,58.22,1
2134,2.0842,51.11,13.008,68.24,0
2135,2.0755,51.98,12.742,53.68,1
2136,2.1097,52.95,12.979,70.5,0
2137,2.3902,53.29,13.239,50.27,1
2138,1.9522,51.78,12.7,67.92,1
2139,1.9092,54.96,12.834,37.28,1
2140,2.1812,50.59,12.276,49.2,1
2141,2.1877,50.43,12.531,59.8,1
2142,2.1573,53.66,12.55,52.31,1
2143,2.1526,58.49,14.062,53.27,1
2144,2.0816,54.14,13.112,56.76,1
2145,2.3183,55.93,12.94,44.95,1
2146,1.8995,56.59,14.479,45.37,0
2147,1.9972,56.33,13.101,55.5,1
2148,2.0831,54.73,13.372,50.52,1
2149,1.8742,53.56,12.735,67.02,0
2150,2.0975,50.58,12.436,56.0,1
2151,2.367,54.92,12.992,60.92,1
2152,2.1384,58.78,13.734,56.63,1
2153,2.1768,54.27,13.52,51.78,1
2154,1.9321,57.52,13.762,37.92,1
2155,2.0261,54.23,13.386,65.06,1
2156,2.0779,56.23,12.932,46.21,1
2157,2.0793,58.65,14.411,50.14,1
2158,2.2968,55.81,13.511,53.48,1
2159,2.2014,57.59,13.42,53.37,1
2160,1.9282,56.75,14.258,62.19,1
2161,2.1726,58.79,14.279,52.87,1
2162,2.203,58.36,14.262,52.33,1
2163,2.259,58.56,13.607,60.9,1
2164,2.3316,61.69,13.861,56.44,1
2165,1.9551,60.45,14.5,46.64,0
2166,1.973,57.23,13.255,44.56,1
2167,1.9324,58.09,14.805,46.33,1
2168,2.0769,59.0,13.763,52.17,1
2169,2.1439,59.9,13.511,42.66,0
2170,2.2799,65.51,14.229,50.07,0
2171,2.102,60.35,13.662,50.72,1
2172,2.0655,56.73,13.518,33.78,0
2173,2.1113,59.79,13.408,41.68,0
2174,1.9994,56.05,12.911,31.02,1
2175,2.4124,60.2,13.891,49.91,1
2176,1.8361,56.54,13.07,62.88,0
2177,2.1009,59.0,13.992,37.27,1
2178,2.3991,58.23,13.508,43.1,1
2179,2.0738,61.87,14.116,50.59,1
2180,2.0594,61.17,13.584,42.8,0
2181,2.0275,62.87,14.335,41.79,1
2182,2.0785,62.05,14.312,55.94,1
2183,2.2764,59.9,13.899,48.65,0
2184,1.7241,63.39,14.56,38.19,1
2185,2.3302,65.63,15.409,31.8,1
2186,1.8562,62.62,14.374,68.18,0
2187,2.0619,63.1,13.545,60.34,1
2188,1.9954,60.91,14.604,48.58,1
2189,2.1458,61.07,14.083,51.68,1
2190,1.7969,63.73,14.265,45.2,1
2191,2.1268,66.14,14.597,52.77,1
2192,2.3375,64.07,14.577,42.93,1
2193,1.8607,67.09,14.694,44.32,1
2194,2.0767,65.78,14.76,52.51,1
2195,1.9593,65.43,14.602,60.31,0
2196,2.0938,63.27,15.329,56.25,1
2197,2.0347,65.68,14.877,58.93,1
2198,1.9026,63.61,14.151,47.37,1
2199,2.0946,64.54,14.383,44.13,1
2200,2.301,66.16,14.777,33.35,1
2201,2.0047,69.27,15.645,47.68,1
2202,2.1213,63.56,14.593,53.36,1
2203,1.8362,68.06,15.054,46.32,1
2204,1.8775,69.14,15.123,40.71,1
2205,2.0719,68.49,15.076,57.82,1
2206,2.2204,68.02,15.66,52.84,1
2207,2.043,67.62,15.052,57.27,1
2208,1.9628,70.27,15.172,38.53,1
2209,1.976,64.87,15.017,44.2,1
2210,1.8011,64.15,15.05,58.99,0
2211,2.0993,67.54,14.943,47.16,1
2212,2.0998,64.08,14.491,45.53,0
2213,1.8964,71.4,14.8,41.15,1
2214,1.9071,71.38,15.627,45.59,1
2215,2.0267,66.83,15.864,55.49,1
2216,1.8796,69.35,16.844,46.52,1
2217,1.9384,69.66,15.68,53.43,1
2218,2.3024,69.55,15.254,50.56,1
2219,1.9155,69.41,15.226,40.28,1
2220,1.9176,70.92,15.112,38.96,1
2221,1.8835,69.26,15.598,43.02,1
2222,2.0635,71.53,17.502,34.14,1
2223,1.9038,70.06,16.408,41.16,1
2224,1.853,69.2,16.262,59.42,1
2225,2.1573,72.72,16.154,44.44,1
2226,2.1487,67.94,15.315,41.75,1
2227,1.8669,69.92,14.741,61.4,1
2228,1.6515,72.23,16.491,36.85,1
2229,2.1012,70.93,15.305,38.24,1
2230,1.8328,72.38,15.531,55.33,1
2231,2.024,73.31,15.641,49.99,1
2232,1.6221,70.1,15.43,44.57,0
2233,2.0508,71.33,15.621,51.86,1
2234,1.743,72.12,15.872,47.04,1
2235,2.016,70.68,15.554,36.04,1
2236,1.8991,77.7,16.395,22.51,1
2237,1.7663,71.29,15.432,42.03,1
2238,1.8256,74.39,16.085,52.03,1
2239,2.0253,72.48,15.619,40.77,1
2240,1.8949,71.49,15.261,49.75,1
2241,1.9822,73.88,16.317,44.88,1
2242,2.1864,75.32,15.824,29.83,1
2243,1.6524,75.82,16.054,39.27,1
2244,2.0743,78.33,16.739,44.78,1
2245,1.875,80.36,16.512,33.99,1
2246,1.7375,75.27,17.175,40.36,1
2247,1.6672,73.14,16.512,47.14,1
2248,1.83,75.41,16.32,43.29,0
2249,2.018,75.15,15.961,51.69,0
2250,1.8331,77.91,16.719,45.38,1
2251,2.0647,72.44,15.463,36.49,1
2252,1.6057,81.95,16.618,36.83,1
2253,1.8616,77.2,16.541,41.76,1
2254,1.6516,73.1,15.76,55.27,1
2255,1.9049,74.9,16.447,39.15,1
2256,1.9664,78.13,16.258,27.14,1
2257,1.7409,79.59,17.577,44.5,1
2258,1.3962,74.39,15.605,37.16,1
2259,1.8346,78.96,16.572,30.3,1
2260,1.8893,73.97,16.24,43.38,1
2261,1.8386,76.95,16.159,50.0,1
2262,2.0034,80.72,16.584,35.34,1
2263,1.6469,77.25,16.551,45.71,1
2264,1.9023,76.88,15.996,48.71,1
2265,1.9865,78.67,16.806,47.14,1
2266,1.5257,77.23,16.567,36.29,1
2267,1.8467,80.5,16.368,31.26,1
2268,1.6914,77.85,16.027,34.37,1
2269,1.7244,76.53,16.563,47.72,0
2270,1.8202,75.98,16.057,47.86,1
2271,1.6751,79.57,16.973,32.86,1
2272,1.6563,79.93,16.72,57.75,1
2273,1.7739,79.15,16.458,32.32,0
2274,1.5874,80.38,16.911,47.02,1
2275,1.5503,82.11,17.362,51.55,1
2276,1.8259,80.98,16.95,41.51,1
2277,1.5863,81.8,18.144,33.48,1
2278,1.8444,82.35,16.605,33.7,1
2279,1.8231,80.33,16.454,38.87,1
2280,1.4982,85.45,18.29,45.37,1
2281,1.6308,81.02,17.137,30.84,1
2282,1.925,83.28,17.047,23.47,1
2283,1.5963,84.0,17.17,41.45,1
2284,1.6265,82.35,16.978,43.8,1
2285,1.7965,83.19,17.642,53.74,1
2286,1.8373,82.71,17.134,27.7,1
2287,1.7088,79.85,16.979,38.6,1
2288,1.6282,82.7,17.786,48.3,1
2289,1.9061,81.92,19.104,39.61,1
2290,1.9862,82.51,17.193,37.63,1
2291,1.868,81.56,16.843,45.73,1
2292,1.7181,84.9,17.451,31.63,1
2293,1.5915,87.43,17.946,42.6,1
2294,1.5987,87.39,18.035,26.43,1
2295,1.7689,88.23,17.512,24.2,1
2296,1.7389,83.72,17.43,35.66,1
2297,1.8693,83.5,17.724,18.07,1
2298,1.8129,84.78,17.602,39.22,1
2299,1.4409,86.96,18.279,22.39,1
2300,1.8154,85.42,17.672,39.31,1
2301,1.5334,85.14,18.075,38.83,1
2302,1.5788,88.59,18.685,35.12,1
2303,1.6876,87.47,18.096,39.57,1
2304,1.9631,84.91,17.139,38.68,1
2305,2.1335,84.72,17.73,35.1,1
2306,1.7489,87.98,18.213,49.91,1
2307,1.6057,88.6,17.767,37.74,1
2308,1.7578,88.35,18.026,41.5,1
2309,1.7274,91.08,18.165,41.8,1
2310,1.5923,90.97,19.012,38.45,1
2311,1.9392,88.25,18.479,51.19,1
2312,1.6685,85.97,17.741,38.04,1
2313,1.7047,85.23,17.48,37.11,1
2314,1.7442,88.05,17.911,30.37,1
2315,1.7141,91.12,18.325,31.65,1
2316,1.7383,92.7,19.146,27.08,1
2317,1.5153,89.2,18.532,39.62,1
2318,1.527,90.57,18.656,25.98,1
2319,1.4388,90.1,18.173,35.67,1
2320,1.6644,91.31,18.24,38.83,1
2321,1.7429,91.99,19.478,34.96,1
2322,1.6751,86.32,17.8,29.85,1
2323,1.8775,89.27,19.239,40.29,1
2324,1.598,91.96,19.026,31.92,1
2325,1.7135,90.69,19.866,10.66,1
2326,1.446,88.59,18.359,27.89,1
2327,1.5322,85.71,17.348,48.06,1
2328,1.6966,89.51,18.355,45.38,1
2329,1.7102,91.42,18.564,37.51,1
2330,1.5801,89.85,18.113,40.4,1
2331,1.5855,91.13,18.731,26.59,1
2332,1.3917,93.33,18.541,30.36,1
2333,1.5361,93.36,18.936,41.93,1
2334,1.727,87.81,18.037,38.64,1
2335,1.6653,90.09,18.171,34.95,1
2336,1.6633,91.97,19.882,31.4,1
2337,1.6087,94.96,18.894,41.93,1
2338,1.5802,93.56,19.077,40.54,1
2339,1.4896,93.62,18.859,36.71,1
2340,1.6947,92.52,18.959,33.33,0
2341,1.6506,93.44,18.891,29.77,1
2342,1.6569,91.37,18.863,38.36,1
2343,1.4856,95.46,19.449,22.39,1
2344,1.218,91.86,18.391,25.97,1
2345,1.73,96.09,20.168,19.43,1
2346,1.5047,94.83,19.585,41.32,1
2347,1.4398,95.13,19.046,25.71,1
2348,1.6615,93.71,19.288,35.37,1
2349,1.509,92.12,19.304,32.16,1
2350,1.7581,93.57,18.589,55.27,1
2351,1.6281,95.0,19.32,35.04,1
2352,1.642,91.31,18.601,18.28,1
2353,1.3811,95.73,19.368,40.29,1
2354,1.7628,98.19,19.485,26.69,1
2355,1.6093,97.44,19.297,28.13,1
2356,1.5022,95.55,20.306,25.83,1
2357,1.5772,97.19,20.267,31.92,1
2358,1.2576,96.16,18.852,32.21,1
2359,1.6211,96.95,20.065,24.7,1
2360,1.3922,100.33,20.197,23.72,1
2361,1.3589,99.59,19.811,29.42,1
2362,1.3284,98.74,19.564,10.51,1
2363,1.7224,97.84,19.19,19.0,1
2364,1.4796,100.04,19.83,41.84,1
2365,1.768,94.75,18.856,33.7,1
2366,1.4576,97.58,19.178,25.44,1
2367,1.3004,99.58,19.774,15.24,1
2368,1.3533,99.69,20.079,27.38,1
2369,1.7476,100.61,20.335,35.86,1
2370,1.5304,99.55,20.312,49.91,0
2371,1.4683,99.73,19.883,43.73,1
2372,1.543,101.35,19.589,20.5,1
2373,1.6243,98.55,19.739,25.22,1
2374,1.7445,98.4,19.34,17.67,1
2375,1.7755,100.89,20.12,21.05,1
2376,1.4977,102.24,19.591,26.15,1
2377,1.3668,96.78,19.231,26.9,1
2378,1.4791,102.02,19.891,44.01,1
2379,1.5867,102.89,20.701,15.97,1
2380,1.4335,102.16,20.348,26.98,1
2381,1.3706,106.68,21.005,7.56,1
2382,1.585,100.14,21.113,30.31,1
2383,1.5452,100.66,19.92,16.79,1
2384,1.5529,101.5,19.817,35.58,1
2385,1.4282,102.55,19.906,24.9,1
2386,1.4867,102.48,19.905,15.84,1
2387,1.4317,100.53,19.767,12.44,1
2388,1.6953,101.85,20.599,19.04,1
2389,1.7265,103.72,20.305,28.35,1
2390,1.2838,105.12,20.875,28.78,1
2391,1.4104,107.73,20.783,19.28,1
2392,1.3271,106.88,20.848,31.69,1
2393,1.4856,102.75,20.206,16.69,1
2394,1.5305,102.63,20.868,3.56,1
2395,1.3611,103.85,20.124,28.78,1
2396,1.4211,108.33,21.155,33.12,1
2397,1.4113,105.12,21.33,36.43,1
2398,1.5987,101.91,20.3,16.33,1
2399,1.5877,104.91,20.124,20.81,1
2400,1.4745,106.79,21.705,29.52,1
2401,1.5983,106.97,21.173,19.22,1
2402,1.4797,103.65,21.113,26.83,1
2403,1.5287,106.58,20.35,18.71,1
2404,1.8017,99.82,20.998,20.07,1
2405,1.7247,104.38,20.641,17.88,1
2406,1.356,106.78,20.747,32.51,1
2407,1.6616,101.4,20.015,27.38,1
2408,1.6997,101.77,20.968,37.24,1
2409,1.4097,100.25,19.77,32.02,1
2410,1.6767,106.87,21.245,37.78,1
2411,1.8187,102.02,20.339,33.73,1
2412,1.4063,104.27,20.547,32.12,1
2413,1.4094,103.41,20.342,24.59,1
2414,1.745,106.95,21.721,49.03,1
2415,1.6036,101.98,19.881,27.65,1
2416,1.699,101.72,20.254,11.87,1
2417,1.6573,101.57,20.533,28.99,1
2418,1.6752,104.42,21.402,17.48,1
2419,1.424,101.21,20.858,35.37,1
2420,1.7548,98.75,19.671,34.54,1
2421,1.7791,98.58,19.973,27.49,1
2422,1.5769,98.71,20.573,22.34,1
2423,1.5721,101.93,20.384,27.84,1
2424,1.3777,100.71,19.625,23.68,1
2425,1.6969,99.29,19.788,33.88,1
2426,1.6857,98.62,19.618,33.51,1
2427,1.5927,99.78,20.187,51.67,1
2428,1.7933,99.47,20.551,24.57,1
2429,1.5544,98.92,19.868,25.96,1
2430,1.7027,101.39,19.808,25.81,1
2431,1.4481,103.87,20.83,24.84,1
2432,1.6164,95.5,18.964,39.78,1
2433,1.6096,99.97,19.459,26.53,1
2434,1.6436,97.11,19.379,45.8,0
2435,1.5775,97.41,19.841,34.12,1
2436,1.6353,98.42,20.164,25.2,1
2437,1.7618,97.41,19.728,24.36,1
2438,1.5397,98.08,20.823,37.94,1
2439,1.4123,98.7,19.66,28.89,1
2440,1.9071,98.33,20.364,29.31,1
2441,1.8602,96.01,19.844,25.84,1
2442,1.4622,96.11,18.969,30.04,1
2443,1.7315,94.39,18.809,26.78,1
2444,1.5778,94.48,20.447,42.0,1
2445,1.699,100.75,19.718,33.85,1
2446,1.7354,96.04,18.948,30.12,1
2447,1.6024,93.92,19.159,30.43,1
2448,1.5697,97.4,19.412,31.14,1
2449,1.5468,95.36,19.388,30.92,1
2450,1.5036,95.03,19.219,23.66,1
2451,1.5666,98.48,20.646,13.98,1
2452,1.6446,96.98,19.329,24.25,1
2453,1.5744,94.03,18.415,30.75,1
2454,1.7918,93.22,18.606,25.83,1
2455,1.9383,93.06,20.337,38.64,1
2456,1.6174,96.08,19.009,28.78,1
2457,1.7337,93.2,19.312,47.58,1
2458,1.7846,90.62,18.29,29.94,1
2459,1.7688,93.2,19.149,33.01,1
2460,1.7206,90.95,19.318,32.33,1
2461,1.819,98.02,19.463,33.26,1
2462,1.8093,92.0,18.939,41.86,1
2463,1.5422,91.66,18.183,37.47,1
2464,1.8301,93.05,20.502,15.38,1
2465,1.8642,92.44,18.883,37.36,1
2466,1.5758,91.33,18.483,25.46,1
2467,1.7044,93.78,18.671,30.08,1
2468,1.7991,95.02,18.889,36.87,1
2469,1.7193,91.79,18.961,22.73,1
2470,1.9064,94.52,18.57,41.05,1
2471,2.0866,89.46,18.217,31.58,1
2472,1.6325,91.2,18.575,51.17,1
2473,1.533,90.91,18.63,33.7,1
2474,1.8094,92.12,18.527,47.03,1
2475,1.857,92.84,18.662,41.92,1
2476,1.7048,89.74,18.347,29.76,1
2477,1.9514,88.7,17.821,24.52,1
2478,1.5884,91.38,18.758,35.05,1
2479,1.8581,85.8,17.557,31.43,1
2480,1.6781,89.26,18.691,47.26,1
2481,2.036,88.73,18.698,32.81,1
2482,2.0746,86.57,17.716,33.65,1
2483,1.6498,90.21,18.868,22.68,1
2484,1.7077,87.05,18.08,40.15,1
2485,1.901,88.08,17.95,25.78,1
2486,1.7315,89.05,17.817,38.42,1
2487,1.8254,90.69,18.593,37.96,1
2488,1.8367,88.69,17.979,29.47,1
2489,1.5216,88.89,19.009,41.6,1
2490,1.8058,89.03,18.525,32.53,1
2491,1.6862,88.01,17.908,24.02,1
2492,1.7339,86.13,19.014,49.88,1
2493,2.0293,84.83,18.057,30.68,1
2494,1.6075,87.92,17.195,39.92,1
2495,1.9621,85.16,17.475,40.06,1
2496,1.7638,88.27,17.722,38.31,0
2497,1.8094,86.88,17.953,38.68,1
2498,1.9508,85.15,17.84,29.5,1
2499,1.897,82.76,17.67,51.99,0
2500,1.9359,86.84,18.002,44.75,1
2501,2.0202,83.84,17.751,41.96,1
2502,1.7984,83.03,18.0,27.76,1
2503,1.7412,82.9,17.486,30.44,1
2504,1.729,85.12,17.553,43.35,1
2505,1.7385,86.61,18.669,20.5,1
2506,2.3177,84.5,17.661,39.75,1
2507,2.0638,82.61,17.257,27.57,1
2508,1.6806,81.18,16.674,33.01,1
2509,1.6741,84.9,18.211,25.5,1
2510,1.9672,82.68,17.35,41.07,1
2511,1.9989,83.64,19.475,46.6,1
2512,1.9647,82.91,17.291,41.4,1
2513,1.8546,84.69,17.713,40.94,1
2514,1.8976,81.27,17.458,40.11,1
2515,1.9835,83.27,17.202,43.94,1
2516,1.9392,83.67,17.482,42.36,1
2517,1.5764,85.52,17.946,14.99,1
2518,1.8913,83.88,17.592,45.29,1
2519,1.802,81.61,17.827,45.97,1
2520,1.9484,82.29,16.613,36.53,0
2521,2.3634,80.2,17.11,24.56,1
2522,1.9756,79.82,17.659,42.57,1
2523,1.889,79.22,16.343,43.67,1
2524,2.0658,79.27,17.03,37.32,1
2525,1.9912,81.71,18.783,40.31,1
2526,2.0425,78.27,16.892,49.21,1
2527,2.0549,82.55,17.205,57.9,1
2528,2.2967,81.94,17.629,40.73,1
2529,1.7716,80.56,16.734,42.66,1
2530,2.0582,79.29,16.543,33.96,1
2531,1.828,78.92,17.219,37.51,1
2532,2.0523,79.41,16.474,39.72,1
2533,1.8446,80.97,18.677,49.59,1
2534,1.92,77.61,16.459,48.37,1
2535,1.8898,73.97,17.841,59.11,1
2536,2.1105,80.52,16.386,28.57,1
2537,2.1301,78.51,17.372,30.45,1
2538,1.7976,75.41,16.482,51.48,1
2539,1.9757,76.36,17.055,53.37,1
2540,1.8524,75.76,16.78,43.09,1
2541,1.7934,76.37,16.189,6.56,1
2542,1.9474,76.56,16.027,36.54,1
2543,1.9412,75.97,16.291,45.87,1
2544,2.342,75.61,16.175,35.84,1
2545,2.0624,74.97,16.037,44.25,1
2546,1.7997,76.06,16.522,57.56,1
2547,1.944,76.6,16.531,53.76,1
2548,2.1552,74.66,15.905,49.26,1
2549,2.3604,77.67,16.952,41.51,1
2550,1.7829,76.85,16.129,37.7,1
2551,1.7255,72.31,15.556,51.15,1
2552,2.2803,74.97,16.636,42.7,1
2553,2.1007,76.69,16.06,43.08,1
2554,1.8912,73.79,16.076,31.72,1
2555,2.1199,71.71,15.999,39.9,1
2556,1.6472,74.64,16.763,49.9,1
2557,2.0232,74.58,16.341,35.07,1
2558,2.1026,71.8,15.964,47.13,0
2559,2.2027,71.49,15.44,49.28,1
2560,1.913,73.88,16.288,47.73,1
2561,2.0436,72.59,16.009,48.53,1
2562,1.9075,72.38,15.838,49.9,1
2563,2.0817,72.51,15.561,39.59,1
2564,1.9352,70.17,16.28,34.19,1
2565,2.0114,71.4,15.625,38.46,1
2566,1.9336,73.69,15.357,50.27,1
2567,2.1609,71.34,17.712,36.15,1
2568,2.2258,69.13,15.023,38.83,0
2569,2.0709,71.68,16.282,36.9,1
2570,2.0897,68.7,16.22,31.38,1
2571,1.8676,72.36,16.483,35.91,1
2572,2.0419,71.98,15.656,53.06,1
2573,2.0653,68.27,15.077,41.52,1
2574,2.4813,72.6,15.479,30.2,1
2575,1.9513,68.51,16.242,42.62,1
2576,2.2792,73.9,15.856,48.6,1
2577,2.2585,70.16,15.29,32.02,1
2578,2.1622,67.61,15.369,55.19,1
2579,2.3488,67.23,15.234,36.53,1
2580,2.1629,70.2,15.44,42.94,1
2581,2.1751,68.76,15.784,43.88,0
2582,2.084,69.67,15.482,42.74,1
2583,2.2802,71.47,16.041,43.78,1
2584,2.2525,66.76,14.821,54.2,1
2585,2.0289,68.95,15.65,46.81,1
2586,1.9157,71.39,15.473,40.27,1
2587,2.0942,68.67,16.368,50.61,1
2588,1.9919,65.53,14.724,50.46,1
2589,2.1143,68.14,15.948,41.6,1
2590,2.3412,66.39,14.704,48.99,1
2591,2.0919,70.16,15.741,40.43,1
2592,2.0932,65.74,15.393,42.38,1
2593,2.1257,72.97,16.975,51.0,1
2594,2.2537,69.35,16.261,50.69,1
2595,1.7945,64.62,15.145,54.99,1
2596,2.0258,66.66,15.212,53.9,1
2597,2.1525,67.88,15.057,40.56,1
2598,2.2926,66.74,15.502,56.0,1
2599,2.1034,67.03,14.636,45.54,0
2600,1.8462,67.61,15.511,55.08,1
2601,2.2276,65.32,14.881,47.72,0
2602,2.0626,63.7,13.814,51.93,1
2603,1.9552,64.26,14.817,52.35,1
2604,2.0352,66.61,15.1,54.6,1
2605,2.103,63.54,14.537,36.44,1
2606,2.0391,65.35,15.064,35.89,0
2607,1.7767,65.36,14.508,54.32,1
2608,2.252,59.83,13.636,55.28,0
2609,2.3405,63.7,15.154,43.37,1
2610,2.2563,63.92,14.643,53.24,1
2611,1.9798,66.31,15.174,37.39,1
2612,2.1523,59.43,13.905,78.31,0
2613,2.1192,67.17,14.995,59.02,1
2614,2.2447,62.9,13.898,55.81,1
2615,2.2631,62.98,14.908,50.6,1
2616,2.0366,65.79,16.059,44.02,1
2617,2.1591,63.25,14.013,39.93,1
2618,2.2011,61.82,14.117,50.16,1
2619,2.3708,62.49,14.526,43.95,1
2620,2.2384,60.59,14.972,45.63,1
2621,2.2419,60.76,14.204,40.18,1
2622,2.1583,59.38,13.763,54.67,0
2623,2.3755,60.31,13.953,48.14,0
2624,2.2139,56.46,12.88,59.01,1
2625,2.0206,62.26,13.797,55.03,1
2626,2.3821,60.24,13.998,54.38,1
2627,2.2752,60.39,13.125,74.48,1
2628,2.1007,60.52,13.965,58.73,1
2629,2.0792,56.42,13.581,44.68,1
2630,2.1975,63.39,14.59,53.81,1
2631,2.2299,57.77,13.427,52.52,1
2632,2.1889,58.29,13.747,42.27,1
2633,2.1854,55.92,13.452,42.38,1
2634,2.3871,59.31,14.316,56.54,0
2635,2.2888,61.81,14.638,57.47,1
2636,2.1832,59.69,13.768,43.64,0
2637,2.2904,59.35,14.468,60.0,1
2638,2.0079,59.62,13.582,55.21,0
2639,2.2057,56.87,14.205,63.29,1
2640,2.4186,54.49,12.762,64.1,1
2641,2.128,56.23,13.517,52.12,1
2642,1.9993,56.95,13.29,67.42,1
2643,2.0212,58.48,13.626,43.11,1
2644,1.9864,56.44,14.055,73.01,0
2645,2.0263,59.73,13.644,45.78,1
2646,2.1277,58.51,13.328,52.43,1
2647,1.888,55.9,12.469,50.24,0
2648,2.1628,52.29,12.423,53.93,0
2649,2.2692,57.05,14.463,76.55,1
2650,2.0184,57.55,14.314,49.62,1
2651,2.3844,52.77,12.564,63.92,0
2652,2.1823,58.23,13.47,50.97,1
2653,2.2606,55.78,13.24,62.62,1
2654,2.02,54.28,12.881,51.56,0
2655,2.2924,57.86,13.202,56.29,1
2656,1.9563,56.2,14.086,59.06,0
2657,2.2751,55.28,13.51,49.12,1
2658,2.1451,54.9,13.393,78.01,0
2659,2.2269,55.3,12.624,60.18,0
2660,1.923,52.36,12.722,55.14,1
2661,1.9584,53.54,12.535,50.32,0
2662,2.2253,51.84,13.02,58.42,1
2663,1.9797,51.43,12.918,47.03,0
2664,2.2018,52.89,12.345,71.19,1
2665,1.9481,50.97,13.477,60.28,1
2666,2.2198,53.19,12.409,56.59,1
2667,1.9603,51.11,13.134,65.58,0
2668,2.189,53.14,13.184,50.76,0
2669,2.216,48.18,11.752,49.72,1
2670,2.0121,51.36,12.916,56.12,0
2671,2.1814,51.86,12.293,58.82,0
2672,2.1168,49.31,11.529,62.16,1
2673,1.9977,50.65,12.303,46.13,0
2674,1.9242,47.55,11.923,55.46,0
2675,1.8165,50.93,12.92,33.09,1
2676,2.1333,51.65,12.857,48.54,1
2677,1.8545,51.26,12.797,63.95,1
2678,2.0786,52.19,12.128,65.0,1
2679,2.0462,49.43,12.378,48.65,1
2680,2.2041,50.34,12.138,55.65,0
2681,2.0458,49.01,11.878,58.42,0
2682,2.0501,50.47,12.386,67.18,1
2683,2.2148,45.26,11.561,72.99,0
2684,2.1316,47.67,11.61,61.23,1
2685,2.1043,52.21,12.572,55.15,1
2686,2.137,44.76,11.703,50.65,0
2687,1.847,47.91,11.842,60.06,1
2688,2.1745,49.88,11.956,75.81,0
2689,2.1874,47.51,12.466,70.1,0
2690,1.8847,46.63,12.117,61.39,1
2691,2.0013,47.94,12.345,62.34,1
2692,2.0427,45.84,12.049,54.61,1
2693,2.0287,46.82,12.224,56.55,0
2694,2.068,46.57,11.852,62.1,0
2695,2.2591,48.08,13.817,60.48,0
2696,2.2065,49.81,11.86,66.51,1
2697,1.8488,45.73,11.621,68.48,0
2698,2.1179,43.55,11.968,66.28,0
2699,2.24,45.8,11.87,53.64,1
2700,2.0849,44.68,12.143,53.17,0
2701,2.1683,45.84,12.055,53.96,1
2702,2.3306,42.89,12.134,64.58,1
2703,2.1662,42.77,10.938,46.27,1
2704,2.0346,45.38,12.666,60.55,1
2705,2.1553,46.73,12.509,72.04,1
2706,2.0263,42.85,11.024,68.19,0
2707,1.9755,41.45,11.371,61.09,0
2708,1.9512,49.59,12.895,52.74,1
2709,2.2818,45.02,11.611,67.72,1
2710,1.8708,43.07,10.833,65.11,1
2711,2.2055,44.93,11.619,60.16,0
2712,2.0379,43.61,11.684,58.29,1
2713,1.7925,45.21,11.731,61.68,0
2714,2.0379,42.8,11.166,60.23,0
2715,1.6526,43.04,11.851,68.73,1
2716,2.0896,41.27,11.711,73.21,0
2717,2.0808,38.22,10.855,54.14,1
2718,1.8985,45.24,11.531,51.36,1
2719,1.9608,39.46,11.216,75.26,1
2720,2.2662,39.58,10.719,66.05,0
2721,1.8638,41.43,11.117,54.6,0
2722,1.7801,39.9,11.152,72.82,0
2723,2.1854,41.16,10.675,66.89,0
2724,2.2373,42.02,11.033,80.22,0
2725,1.9498,42.66,10.889,60.32,0
2726,2.0771,41.64,11.768,71.65,0
2727,2.1598,39.92,10.706,53.2,1
2728,1.8379,40.49,10.857,75.6,0
2729,1.8486,40.31,10.44,71.45,0
2730,2.0996,35.87,11.23,79.37,0
2731,2.1776,40.12,10.477,73.07,0
2732,2.0293,36.38,10.683,66.24,0
2733,1.8121,43.04,11.307,53.52,0
2734,2.2143,37.45,10.416,60.95,1
2735,1.8362,37.21,10.558,50.88,0
2736,1.8635,37.59,10.343,58.87,0
2737,1.9607,36.51,11.056,69.45,0
2738,2.0883,43.43,11.358,62.2,0
2739,2.0277,39.22,10.589,63.16,0
2740,1.9672,34.01,9.847,61.66,1
2741,1.9432,40.5,10.964,49.71,0
2742,1.8962,39.03,11.302,65.73,1
2743,1.9694,36.21,9.986,69.4,0
2744,1.4831,37.39,10.471,58.1,0
2745,1.8192,35.51,10.316,61.63,0
2746,1.8986,39.83,11.482,76.63,0
2747,1.69,34.8,9.766,76.86,0
2748,1.9298,36.3,10.549,54.8,1
2749,1.8085,35.11,9.854,66.77,0
2750,2.1238,32.62,9.847,80.08,0
2751,2.0739,39.55,12.255,61.75,1
2752,1.7851,33.23,9.906,66.23,0
2753,1.8261,35.71,10.557,75.7,0
2754,1.7955,31.38,10.028,77.35,0
2755,1.761,34.55,9.692,75.38,0
2756,1.862,35.33,9.516,64.61,0
2757,1.7178,32.35,10.253,74.08,0
2758,1.6419,35.36,9.892,79.73,0
2759,1.9166,32.43,9.478,68.02,0
2760,1.9069,35.35,10.76,63.81,1
2761,1.6743,36.18,10.04,76.64,0
2762,1.9396,31.34,9.455,85.88,0
2763,1.7131,33.29,11.191,85.36,0
2764,1.8099,31.88,9.466,65.99,0
2765,1.9422,33.98,9.72,65.67,0
2766,1.782,32.24,9.677,60.93,0
2767,1.886,32.94,9.661,70.22,0
2768,1.7021,30.84,9.49,60.76,0
2769,1.7541,31.88,9.59,65.55,0
2770,1.7604,35.2,10.93,73.36,0
2771,1.6759,32.09,10.056,71.84,0
2772,1.7565,32.34,10.119,54.15,0
2773,1.5121,33.12,9.45,81.14,0
2774,1.7164,29.91,9.55,61.29,0
2775,1.6967,31.2,10.163,62.02,0
2776,1.7195,28.0,8.897,61.48,0
2777,1.7557,32.6,9.773,62.95,0
2778,1.7387,25.45,8.996,65.51,0
2779,1.8256,29.49,10.118,63.59,0
2780,1.8729,31.8,11.247,49.72,1
2781,1.651,27.69,9.007,73.55,0
2782,1.5377,29.91,9.999,72.78,0
2783,1.5596,28.13,8.537,89.46,0
2784,1.6452,26.6,10.167,75.74,0
2785,1.6762,31.15,9.494,66.04,1
2786,1.6288,29.21,9.034,61.06,0
2787,1.5036,23.86,8.731,71.9,0
2788,1.6523,25.74,8.891,76.77,0
2789,1.7184,30.17,9.634,66.33,0
2790,1.8096,28.19,10.184,70.96,0
2791,1.6285,31.34,9.273,85.25,0
2792,1.6543,30.69,9.391,67.23,1
2793,1.5498,26.99,9.856,57.42,0
2794,1.6741,32.11,9.931,76.18,1
2795,1.5573,26.63,10.139,74.97,0
2796,1.7925,24.59,8.528,60.14,1
2797,1.4323,24.94,8.172,76.48,0
2798,1.6054,21.15,8.23,64.98,1
2799,1.7139,28.76,8.871,74.7,0
2800,1.711,28.0,9.363,86.45,0
2801,2.0629,23.57,8.695,71.57,0
2802,1.7175,24.85,8.061,81.5,0
2803,1.5003,26.17,8.756,62.58,0
2804,1.62,24.65,10.068,61.31,0
2805,1.3826,23.03,8.563,89.38,0
2806,1.6542,26.42,8.608,74.97,0
2807,1.5523,27.03,9.724,77.8,0
2808,1.7926,26.2,8.742,81.72,0
2809,1.5508,27.56,9.115,66.92,0
2810,1.6314,30.33,10.043,76.54,0
2811,1.5593,26.09,8.867,77.08,0
2812,1.9246,29.15,8.883,61.71,0
2813,1.555,30.98,8.682,82.48,0
2814,1.9186,29.58,8.958,80.63,0
2815,1.7365,27.74,8.842,61.36,0
2816,1.6761,28.9,9.448,72.91,0
2817,1.6732,30.1,9.318,68.68,0
2818,1.7052,27.11,10.358,83.65,0
2819,1.3329,31.69,9.322,57.76,0
2820,1.5802,32.52,10.373,98.07,0
2821,1.7484,28.41,9.018,70.25,1
2822,1.5981,30.79,9.751,76.43,0
2823,1.4392,30.7,10.009,80.18,0
2824,1.6138,30.12,8.487,69.44,0
2825,1.8225,30.76,9.596,68.56,0
2826,1.7981,30.95,9.256,65.1,0
2827,1.5731,27.17,9.065,63.93,0
2828,1.7428,31.86,9.91,71.52,0
2829,1.5386,29.22,10.358,70.1,0
2830,1.3413,33.93,9.529,65.17,0
2831,1.4699,30.7,9.451,66.55,1
2832,1.8513,30.95,9.091,73.75,0
2833,1.5061,34.62,10.278,60.62,0
2834,1.5488,32.51,9.786,66.42,0
2835,1.5533,30.06,9.298,77.86,0
2836,1.842,30.88,9.902,72.1,0
2837,1.8358,31.86,10.626,61.14,0
2838,1.9161,34.52,12.028,67.6,1
2839,1.5891,34.17,9.807,71.36,0
2840,1.6134,32.23,8.991,76.91,0
2841,1.3565,30.6,9.76,63.97,1
2842,1.8234,34.33,10.885,63.08,1
2843,1.3747,34.33,10.562,62.48,0
2844,1.6488,38.43,11.779,60.04,1
2845,1.3756,33.98,10.203,70.74,0
2846,1.4836,37.78,10.632,69.74,0
2847,1.4626,32.69,9.856,76.91,0
2848,1.4534,31.55,9.574,67.9,0
2849,1.477,32.35,10.264,57.14,0
2850,1.4675,38.59,11.098,70.68,0
2851,1.6824,39.32,11.714,66.3,1
2852,1.4038,34.61,10.261,69.04,0
2853,1.5997,34.49,10.244,57.37,1
2854,1.7223,34.19,10.503,66.23,0
2855,1.5017,33.42,9.499,59.23,0
2856,1.4511,36.84,10.749,69.2,0
2857,1.5576,38.13,10.646,62.3,0
2858,1.7224,37.08,10.772,62.39,1
2859,1.5932,35.47,10.096,54.49,0
2860,1.4772,41.71,11.184,72.48,0
2861,1.6203,36.34,10.453,64.41,0
2862,1.3665,38.58,11.393,64.94,0
2863,1.6771,35.93,10.466,61.35,1
2864,1.6023,37.02,10.783,52.14,0
2865,1.5429,40.49,10.966,60.43,0
2866,1.4491,40.13,11.286,61.52,0
2867,1.4087,38.95,10.96,67.08,0
2868,1.6293,39.38,10.922,60.39,0
2869,1.7066,37.26,10.521,60.39,0
2870,1.4751,39.0,11.078,52.51,0
2871,1.6164,39.96,11.352,64.77,0
2872,1.2212,39.93,11.046,57.43,1
2873,1.4655,39.97,11.077,74.31,1
2874,1.5517,37.2,11.224,67.04,1
2875,1.4123,38.29,11.128,69.76,0
2876,1.4003,36.14,10.845,64.99,0
2877,1.4268,41.35,10.987,64.38,0
2878,1.573,42.37,10.935,55.98,1
2879,1.5385,42.57,11.049,52.85,0
2880,1.1867,41.74,12.708,63.4,0
2881,1.2488,37.27,10.844,70.9,0
2882,1.456,40.2,12.142,49.18,0
2883,1.621,42.88,11.376,58.67,0
2884,1.1388,41.85,11.281,77.59,0
2885,1.4725,41.96,11.225,66.96,0
2886,1.4808,44.42,11.434,74.33,1
2887,1.7926,42.07,11.009,56.78,0
2888,1.4655,43.28,10.96,58.56,0
2889,1.6205,41.64,11.61,70.75,0
2890,1.5861,45.35,12.349,65.92,1
2891,1.2191,42.08,13.27,61.86,0
2892,1.686,41.98,10.934,53.48,0
2893,1.5771,41.67,11.107,71.5,0
2894,1.6806,43.53,11.322,82.56,0
2895,2.1182,46.24,12.508,46.91,0
2896,1.2177,44.87,11.911,72.72,0
2897,1.8279,44.47,11.13,58.0,1
2898,1.5052,42.23,11.139,59.6,0
2899,1.5933,46.76,12.583,62.5,0
2900,1.5652,43.82,11.739,52.71,1
2901,1.4968,45.0,12.211,61.24,0
2902,1.4748,49.15,12.031,46.11,1
2903,1.6178,47.39,11.488,63.62,0
2904,1.3343,42.84,11.383,80.36,0
2905,1.7011,42.72,11.876,57.56,1
2906,1.5095,47.45,13.201,59.5,0
2907,1.4099,43.12,11.338,60.56,1
2908,1.4898,47.97,13.584,67.1,1
2909,1.7642,47.08,12.669,62.87,1
2910,1.5182,47.08,11.521,67.16,0
2911,1.6114,46.18,11.953,56.45,0
2912,1.4555,50.91,13.089,60.67,0
2913,1.6836,54.03,12.31,28.78,1
2914,1.6682,46.68,12.507,64.8,1
2915,1.8381,49.54,12.71,49.69,0
2916,1.5718,48.85,12.238,56.81,1
2917,1.7393,48.64,12.255,65.61,0
2918,1.624,48.62,11.928,47.58,0
2919,1.7926,46.36,11.74,68.31,1
2920,1.5038,47.08,12.037,58.65,0
2921,1.6974,51.18,12.409,69.45,0
2922,1.5643,49.25,12.048,51.77,0
2923,1.5762,45.35,11.658,46.5,0
2924,1.6185,50.39,12.744,57.03,0
2925,1.6477,51.02,12.343,62.61,0
2926,1.5859,53.31,13.332,61.82,0
2927,1.6349,50.92,12.895,48.76,1
2928,1.8679,48.0,11.903,46.4,1
2929,1.7872,47.89,12.157,57.35,0
2930,1.7381,50.18,12.145,62.84,0
2931,1.5233,50.61,12.326,61.88,0
2932,1.4361,53.26,13.446,68.54,0
2933,1.7853,52.13,12.424,54.01,0
2934,1.7687,54.05,12.987,40.65,1
2935,1.8578,49.38,12.529,67.99,1
2936,1.5524,53.98,12.687,56.94,0
2937,1.6057,54.69,13.042,58.48,1
2938,1.3825,48.77,12.236,65.08,1
2939,1.6147,55.1,12.929,64.69,0
2940,1.8097,53.4,13.279,55.5,1
2941,1.564,54.48,13.221,64.64,0
2942,1.736,52.18,13.57,61.42,0
2943,1.6151,56.95,13.693,49.06,1
2944,1.7094,52.28,12.946,55.24,1
2945,1.4721,56.39,13.957,59.7,1
2946,1.6883,56.99,13.2,49.13,0
2947,1.2379,52.12,12.781,63.99,1
2948,1.666,59.27,13.502,53.97,1
2949,1.4025,55.71,14.124,58.11,1
2950,1.847,56.2,13.361,66.29,1
2951,1.799,53.08,12.34,59.57,1
2952,1.7662,60.21,14.167,52.84,1
2953,1.9103,54.48,12.197,55.18,1
2954,1.5117,58.22,13.882,52.59,1
2955,1.9431,53.54,13.678,58.14,1
2956,1.8385,56.1,13.035,65.83,1
2957,1.6678,58.13,13.659,48.28,1
2958,1.8593,59.9,13.643,47.3,1
2959,1.5224,55.55,12.645,65.64,0
2960,1.5726,59.83,14.135,48.09,1
2961,1.6223,60.33,14.253,54.65,0
2962,1.6545,56.26,12.974,50.29,0
2963,1.5493,61.26,14.046,37.69,1
2964,1.8998,54.18,13.387,56.69,1
2965,1.6739,57.63,13.574,63.23,0
2966,1.7793,59.35,14.065,51.98,1
2967,1.6541,57.39,13.191,42.9,0
2968,1.4408,59.88,13.734,53.88,1
2969,1.7811,59.52,14.337,46.58,1
2970,1.4517,59.27,13.964,31.6,1
2971,1.7346,61.63,14.472,50.4,1
2972,1.551,60.83,13.968,57.16,1
2973,2.05,60.65,14.817,61.47,1
2974,1.888,62.36,15.242,64.97,0
2975,1.7577,61.67,14.722,56.29,1
2976,1.9802,62.2,13.826,58.2,1
2977,1.6326,58.15,13.517,42.77,1
2978,1.846,61.88,15.106,64.47,1
2979,1.8468,59.25,13.366,62.98,0
2980,1.8186,58.63,13.704,50.44,0
2981,1.9582,61.33,13.989,56.81,1
2982,1.8766,60.8,13.64,57.6,0
2983,1.8144,63.42,15.082,62.07,1
2984,1.5162,63.81,14.847,48.79,1
2985,1.677,58.68,13.385,47.62,1
2986,1.7657,61.55,14.385,47.87,1
2987,1.776,59.78,13.891,59.87,1
2988,1.6196,62.64,13.802,35.68,1
2989,2.1931,64.17,14.512,25.81,0
2990,2.0574,61.56,14.586,57.03,1
2991,1.9074,63.55,14.949,52.85,1
2992,1.8382,66.17,14.768,47.63,1
2993,1.8023,59.14,14.169,42.36,1
2994,1.6827,67.41,16.067,34.68,1
2995,1.8342,63.42,13.952,45.86,1
2996,1.8764,64.15,14.801,52.81,1
2997,1.6686,64.86,15.049,45.48,0
2998,1.8946,69.17,15.611,55.18,1
2999,1.8328,63.07,14.94,43.15,1
3000,1.5505,64.97,16.168,45.2,1
3001,1.7404,65.75,15.371,53.42,1
3002,1.816,63.2,14.413,47.32,1
3003,2.1459,63.47,15.182,46.83,1
3004,1.9755,65.41,15.337,43.65,1
3005,1.6345,64.44,14.131,42.85,1
3006,1.9718,65.1,14.897,51.72,0
3007,1.6338,65.77,14.638,52.82,1
3008,2.0468,68.55,15.383,49.93,1
3009,1.8026,66.63,14.792,43.41,1
3010,1.8956,70.42,15.572,44.71,1
3011,2.1132,65.27,14.462,60.76,1
3012,1.6844,66.2,15.141,37.39,1
3013,1.7159,71.51,16.74,60.52,0
3014,1.8225,67.3,14.775,48.93,0
3015,2.0477,66.34,14.418,47.07,1
3016,1.6512,65.51,14.82,57.8,1
3017,1.4614,71.19,15.421,29.0,1
3018,1.8364,69.06,15.908,58.72,1
3019,1.9974,69.14,14.931,61.9,1
3020,2.1046,69.14,15.13,55.7,1
3021,1.8569,71.83,15.05,28.26,1
3022,1.8811,69.25,15.927,53.07,1
3023,2.1132,74.92,16.219,56.86,1
3024,1.6434,70.17,15.415,58.56,1
3025,1.8909,72.71,15.459,33.13,1
3026,1.9761,72.26,15.69,52.88,1
3027,1.9988,70.87,15.917,60.62,1
3028,1.8776,69.06,15.088,46.01,0
3029,1.9854,71.47,15.882,32.95,1
3030,1.5995,73.11,16.854,51.83,1
3031,1.8474,71.02,15.301,54.2,1
3032,2.0138,71.83,15.609,43.64,1
3033,1.7974,73.98,16.154,34.19,1
3034,1.971,76.78,16.044,50.4,1
3035,2.027,74.24,17.031,37.53,0
3036,1.9294,75.88,17.239,44.97,1
3037,1.9843,72.92,15.379,58.14,1
3038,1.8483,73.85,16.06,31.02,1
3039,1.9566,75.95,16.333,49.98,1
3040,2.0638,72.23,15.621,43.44,1
3041,2.0273,72.5,16.12,42.94,1
3042,1.912,77.35,17.224,46.05,1
3043,2.046,71.91,15.299,39.01,1
3044,2.1009,71.25,16.226,36.01,1
3045,1.6826,78.54,16.792,27.62,1
3046,2.2105,77.76,16.201,51.44,1
3047,1.9617,75.64,16.096,39.51,1
3048,2.0814,75.14,16.379,47.99,1
3049,2.2191,74.56,15.695,39.8,1
3050,1.8273,75.36,16.835,32.99,1
3051,1.9293,79.24,16.767,46.15,1
3052,1.9929,76.01,16.591,44.68,1
3053,1.9156,80.47,16.987,38.12,1
3054,2.2979,73.92,16.247,46.13,0
3055,1.9269,76.43,16.49,34.47,1
3056,1.9626,75.84,16.922,51.23,1
3057,2.069,74.39,16.036,54.0,1
3058,1.8623,77.12,16.368,48.69,1
3059,1.9881,77.8,16.358,38.55,1
3060,2.0953,77.92,16.926,41.61,1
3061,1.9965,82.19,17.154,51.31,1
3062,2.0788,78.67,16.007,51.47,0
3063,1.9957,80.28,16.786,55.59,1
3064,1.8182,78.23,17.79,34.99,1
3065,2.1053,81.51,17.635,31.75,1
3066,2.3466,83.69,17.458,38.9,1
3067,2.0445,80.56,17.01,43.17,1
3068,2.081,77.55,16.462,40.76,1
3069,2.1888,78.93,16.462,38.55,1
3070,1.9093,81.11,17.036,51.08,1
3071,2.3467,80.76,16.925,38.89,1
3072,2.1287,81.04,16.85,30.01,1
3073,2.3111,80.67,17.4,31.02,1
3074,2.0208,79.94,16.188,41.65,1
3075,2.3628,79.54,17.171,64.59,1
3076,2.2242,80.94,16.895,31.52,1
3077,2.1748,84.93,17.929,34.69,1
3078,2.1491,83.8,17.159,57.85,1
3079,2.0748,83.77,17.356,34.81,1
3080,2.3027,83.4,17.74,41.61,1
3081,2.1059,81.48,17.896,54.69,1
3082,1.8297,80.34,16.632,31.99,1
3083,1.9246,80.8,17.568,37.29,1
3084,2.0805,81.43,17.423,35.61,1
3085,2.1612,81.43,17.25,27.49,1
3086,2.0833,85.22,17.91,49.96,1
3087,2.299,82.5,17.047,34.91,1
3088,1.836,81.48,17.593,32.22,1
3089,2.1259,87.12,18.095,32.67,1
3090,1.8169,82.28,17.045,45.19,1
3091,2.2347,84.02,17.878,39.14,1
3092,2.1323,85.18,18.657,30.7,1
3093,2.1877,81.5,17.223,42.93,1
3094,1.9883,87.67,17.193,43.04,1
3095,2.3183,85.34,17.685,36.14,1
3096,2.3019,87.09,18.187,33.78,1
3097,2.2203,83.36,17.56,46.31,1
3098,2.0986,85.58,17.978,35.85,1
3099,2.2245,86.32,17.609,49.94,0
3100,2.0305,86.18,18.189,30.0,1
3101,2.2712,82.79,16.663,32.65,1
3102,2.3656,86.42,18.71,29.02,1
3103,2.3044,82.62,18.236,36.6,1
3104,2.0451,87.34,17.892,36.44,1
3105,2.1574,81.74,17.011,28.77,1
3106,1.9368,83.48,17.789,39.68,1
3107,2.2069,88.06,18.036,39.5,1
3108,2.2126,86.24,17.662,25.1,1
3109,1.8609,85.64,18.501,32.77,1
3110,1.97,90.55,18.989,39.11,1
3111,2.1156,87.62,19.489,26.67,1
3112,2.1135,90.02,18.641,32.18,1
3113,1.97,87.96,17.814,44.31,1
3114,2.2139,94.09,19.095,46.65,1
3115,2.1877,86.95,18.015,39.59,1
3116,2.1173,91.79,18.748,32.64,1
3117,2.0094,89.64,18.382,31.22,1
3118,2.2687,85.49,17.566,43.53,1
3119,2.3912,90.83,18.704,43.1,1
3120,2.1101,90.24,17.91,24.77,1
3121,2.0707,87.39,17.825,43.24,1
3122,2.2213,88.54,18.215,30.79,1
3123,2.0754,89.96,17.856,27.09,1
3124,2.1177,90.9,19.063,32.36,1
3125,2.2502,84.89,17.418,45.09,1
3126,1.8673,93.22,19.262,34.69,1
3127,2.3557,90.18,17.842,36.33,1
3128,2.1599,89.03,18.233,37.75,1
3129,2.0686,92.19,19.297,36.36,1
3130,2.1399,91.73,20.508,32.23,1
3131,2.1442,93.76,19.038,36.94,1
3132,1.9058,92.35,18.443,26.92,1
3133,2.3711,91.07,19.506,37.63,1
3134,2.1422,92.42,18.964,40.56,1
3135,2.2165,93.75,19.017,38.14,1
3136,2.2928,91.86,18.972,38.78,1
3137,1.9762,91.72,18.073,36.97,1
3138,2.2391,94.73,19.076,41.6,1
3139,2.1076,93.58,18.728,14.36,1
3140,2.2747,94.09,19.654,39.56,1
3141,1.8058,96.65,19.818,46.13,1
3142,2.0853,94.65,18.465,26.69,1
3143,2.0172,93.71,19.775,26.47,1
3144,2.234,92.58,19.204,42.45,1
3145,2.214,95.01,18.579,24.2,1
3146,2.0398,95.61,19.429,25.46,1
3147,2.0259,96.88,19.801,32.34,1
3148,2.0805,94.09,18.481,25.74,1
3149,1.9583,94.84,19.816,38.34,1
3150,2.266,96.56,19.22,23.98,1
3151,2.0686,96.41,19.199,33.3,1
3152,1.6642,94.24,18.851,33.82,1
3153,2.0667,98.97,20.444,42.08,1
3154,1.9894,93.32,18.714,41.27,1
3155,1.9002,97.52,19.245,25.46,1
3156,1.9316,94.4,19.122,21.29,1
3157,2.1485,100.3,20.483,34.86,1
3158,2.3286,92.95,19.403,27.15,1
3159,2.1778,99.68,19.769,25.49,1
3160,2.046,97.55,19.621,21.13,1
3161,2.1751,97.28,19.135,35.44,1
3162,2.0488,97.86,20.511,23.99,1
3163,2.0453,99.69,20.297,28.11,1
3164,1.9362,97.18,19.998,29.72,1
3165,1.8457,96.84,20.059,32.32,1
3166,2.0703,99.53,20.116,33.56,1
3167,2.111,95.23,18.952,28.49,1
3168,2.0749,97.2,19.725,23.47,1
3169,2.0611,104.6,20.781,9.34,1
3170,1.9813,97.45,20.319,30.7,1
3171,2.1769,101.59,20.711,25.93,1
3172,1.8855,98.65,20.142,23.14,1
3173,2.1907,100.52,19.648,27.81,1
3174,1.9463,102.89,20.236,34.47,1
3175,1.9544,102.79,20.104,35.26,1
3176,1.8679,100.86,20.129,16.11,1
3177,2.0204,104.66,20.52,22.45,1
3178,2.2157,99.62,19.99,36.64,1
3179,2.1829,102.65,20.28,40.53,1
3180,2.2188,101.67,20.289,20.44,1
3181,2.1422,99.42,19.723,39.49,1
3182,1.8957,100.56,19.725,16.68,1
3183,2.0264,102.27,20.109,35.82,1
3184,1.9657,99.96,20.551,25.01,1
3185,2.2565,107.17,20.624,36.21,1
3186,1.8828,101.73,20.595,24.29,1
3187,2.2028,104.74,21.246,22.38,1
3188,2.1751,104.74,20.69,24.22,1
3189,2.3218,102.3,22.699,13.9,1
3190,1.9887,102.03,20.97,13.14,1
3191,2.1868,102.76,20.104,30.76,1
3192,2.3808,102.2,20.634,34.83,1
3193,1.9606,101.37,20.041,32.79,1
3194,1.8182,101.77,19.805,16.7,1
3195,1.7454,101.73,19.68,31.24,1
3196,2.1567,107.62,21.565,15.95,1
3197,1.742,105.72,20.882,28.2,1
3198,1.9625,107.41,20.852,33.62,1
3199,2.1334,106.85,20.529,27.58,1
3200,2.0173,105.58,20.639,36.92,1
3201,2.0917,108.11,21.026,21.7,1
3202,2.049,104.15,20.81,24.52,1
3203,2.1969,105.03,20.065,25.29,1
3204,1.8757,106.22,20.839,13.27,1
3205,1.9459,101.88,20.13,24.43,1
3206,1.9005,110.34,22.122,19.05,1
3207,2.1282,104.79,22.602,23.74,1
3208,2.1463,104.75,20.457,27.88,1
3209,2.0685,105.46,20.613,13.0,1
3210,2.1848,106.3,20.851,15.37,1
3211,1.7891,103.89,20.587,35.6,1
3212,2.2209,104.02,21.655,10.3,1
3213,2.2114,100.16,20.839,32.95,1
3214,2.0522,101.99,20.682,24.58,1
3215,2.2243,102.79,20.035,27.96,1
3216,1.7542,102.02,20.667,38.42,1
3217,1.9053,104.99,20.655,24.49,1
3218,1.8548,102.33,20.669,31.74,1
3219,2.0953,98.18,19.504,29.35,1
3220,1.8315,103.9,21.04,25.16,1
3221,2.0768,104.34,20.772,23.57,1
3222,2.1594,102.96,20.437,32.06,1
3223,2.0549,100.72,19.942,22.22,1
3224,1.9854,102.8,20.112,17.6,1
3225,1.8178,107.15,21.231,24.36,1
3226,1.8162,100.83,19.596,29.67,1
3227,2.1008,97.19,20.089,15.29,1
3228,2.0408,98.04,19.414,29.26,1
3229,1.8978,101.84,19.583,18.51,1
3230,1.873,96.2,20.331,35.29,1
3231,1.6433,98.96,19.594,14.13,1
3232,1.7594,100.45,19.588,43.65,1
3233,2.1823,100.49,21.017,24.58,1
3234,1.7601,99.97,21.006,20.91,1
3235,1.9456,100.46,19.376,26.15,1
3236,2.0416,94.17,18.706,36.27,1
3237,1.6998,100.22,19.851,35.15,1
3238,1.9292,99.63,20.231,27.12,1
3239,2.0209,98.25,20.484,18.12,1
3240,1.9,93.92,18.804,21.88,1
3241,2.2896,94.9,20.087,32.81,1
3242,1.6305,95.3,18.888,39.39,1
3243,2.0059,92.38,19.078,41.47,1
3244,1.8642,96.63,19.262,31.97,1
3245,1.9991,95.24,19.271,38.6,1
3246,1.9218,101.46,20.135,43.04,1
3247,1.7406,95.76,19.241,40.16,1
3248,1.8795,99.27,19.932,36.29,1
3249,1.5649,92.6,18.582,26.46,1
3250,1.9399,95.0,18.912,38.94,1
3251,1.8662,94.96,19.462,35.48,1
3252,1.9379,93.64,19.619,37.53,1
3253,1.9878,93.62,19.191,42.07,1
3254,1.8988,94.29,19.276,34.45,1
3255,1.8855,94.6,19.361,31.0,1
3256,1.7099,97.27,20.116,20.95,1
3257,1.6841,95.58,18.95,28.82,1
3258,2.0419,95.21,18.724,32.66,1
3259,2.0127,94.85,18.904,33.71,1
3260,1.7902,94.23,20.557,32.99,1
3261,1.8142,93.11,19.262,40.28,1
3262,1.6897,93.19,19.03,39.88,1
3263,1.9731,93.28,19.354,31.87,1
3264,1.9122,94.77,19.016,24.41,1
3265,2.1031,93.98,20.44,34.93,1
3266,1.6499,91.54,18.984,51.38,1
3267,1.7381,93.88,19.215,34.86,1
3268,1.8318,90.8,18.152,30.77,1
3269,1.8598,91.69,19.354,37.88,1
3270,1.7502,91.04,18.495,39.16,1
3271,1.6459,90.0,18.151,38.24,1
3272,1.9205,92.64,18.378,42.49,1
3273,1.8569,91.52,18.37,36.51,1
3274,1.6449,90.21,18.148,44.01,1
3275,1.9735,88.14,18.31,37.65,1
3276,1.9079,89.8,18.097,46.46,1
3277,1.765,89.89,18.775,43.83,1
3278,1.7747,88.46,19.234,42.74,1
3279,1.8715,90.7,18.395,40.56,1
3280,1.6093,88.5,17.484,53.09,1
3281,1.7494,89.27,18.309,43.45,1
3282,1.4318,89.49,19.228,28.36,1
3283,1.8663,86.62,18.259,38.79,1
3284,1.482,88.36,18.83,33.5,1
3285,1.9512,88.92,18.86,51.66,1
3286,1.6832,90.08,17.915,43.31,1
3287,1.6381,88.19,18.172,51.49,1
3288,1.5877,86.73,17.93,30.27,1
3289,1.7085,87.52,18.861,44.36,1
3290,1.9375,91.06,19.623,22.12,1
3291,1.3265,89.05,19.125,22.27,1
3292,1.8835,87.9,18.506,31.83,1
3293,1.7646,88.42,18.64,47.24,1
3294,1.4811,90.23,18.41,26.7,1
3295,1.5355,88.39,17.899,35.72,1
3296,1.9501,87.39,18.008,44.9,1
3297,1.5292,88.2,18.207,42.5,1
3298,1.5372,83.91,17.099,55.91,0
3299,1.8506,81.84,18.038,38.77,1
3300,1.7034,85.87,18.449,32.83,1
3301,1.5371,85.08,17.591,28.57,1
3302,1.6825,83.95,18.205,35.55,1
3303,1.5407,86.06,17.925,27.84,1
3304,1.7956,79.89,16.993,25.11,1
3305,1.7868,83.28,18.208,54.2,1
3306,1.7538,83.07,17.616,38.39,1
3307,1.69,80.29,18.04,59.83,1
3308,1.9067,85.49,17.653,29.95,1
3309,1.6398,81.04,16.392,35.91,1
3310,1.4668,82.66,17.261,32.93,1
3311,1.7178,84.98,17.872,31.75,1
3312,1.9528,84.37,17.181,44.84,1
3313,1.4576,80.11,16.639,45.03,1
3314,1.5657,84.4,17.589,45.3,1
3315,1.688,83.36,17.072,49.78,1
3316,1.6067,87.23,17.962,45.14,1
3317,1.4829,81.7,17.098,31.51,1
3318,1.7952,81.26,17.43,34.54,1
3319,1.9865,80.23,16.556,41.38,1
3320,1.6492,79.48,17.886,69.62,1
3321,1.4809,79.91,17.006,47.09,1
3322,1.3819,83.63,17.955,38.88,1
3323,1.6533,80.76,17.755,45.12,1
3324,1.7867,81.91,16.952,34.89,1
3325,1.6861,83.47,17.881,40.1,1
3326,1.584,75.04,15.954,50.43,1
3327,1.5027,82.31,17.173,38.43,1
3328,1.431,78.97,18.041,34.56,1
3329,1.7306,81.0,17.757,39.63,1
3330,1.7321,77.24,17.948,38.6,1
3331,1.3664,76.82,16.534,30.17,1
3332,1.8435,80.79,17.11,35.79,1
3333,1.7029,84.21,17.605,26.79,1
3334,1.7676,81.35,17.191,29.74,1
3335,1.4102,80.68,16.865,31.03,1
3336,1.3825,77.85,16.212,49.23,0
3337,1.5597,77.28,16.695,54.5,1
3338,1.6205,76.43,15.857,29.05,1
3339,1.8692,77.54,16.015,54.46,1
3340,1.6827,73.59,15.812,34.93,1
3341,1.5376,75.96,16.301,49.29,1
3342,1.4338,75.7,16.812,44.25,1
3343,1.7476,77.36,16.515,47.0,1
3344,1.4056,76.81,16.503,32.64,1
3345,1.8238,77.06,16.717,26.81,1
3346,1.5431,77.09,15.999,35.84,1
3347,1.8139,74.99,15.983,46.18,1
3348,1.6461,71.98,15.501,60.58,1
3349,1.5775,75.01,16.02,35.01,0
3350,1.4878,73.57,17.048,43.23,1
3351,1.5435,76.4,16.236,36.73,1
3352,1.6382,77.28,16.921,42.32,1
3353,1.5633,76.49,16.643,26.78,1
3354,1.4687,76.18,17.122,53.96,1
3355,1.5393,74.33,18.687,43.5,1
3356,1.5518,73.66,16.842,51.91,1
3357,1.2279,73.33,16.277,43.23,1
3358,1.6082,70.76,14.879,47.36,1
3359,1.3781,76.23,15.972,52.21,1
3360,1.3613,73.84,16.179,45.46,0
3361,1.2903,71.04,15.247,48.42,1
3362,1.2965,70.87,15.787,39.07,1
3363,1.3476,70.58,15.102,42.58,1
3364,1.477,73.11,16.405,36.11,1
3365,1.8518,75.18,16.097,37.52,1
3366,1.4927,71.53,15.742,56.23,1
3367,1.594,68.18,14.839,61.82,0
3368,1.6042,71.49,15.294,35.88,1
3369,1.5885,72.09,16.318,48.54,1
3370,1.5051,71.09,16.195,43.52,1
3371,1.3532,69.71,15.484,57.78,0
3372,1.7822,70.63,16.047,46.3,0
3373,1.8008,70.76,15.615,46.18,0
3374,1.2922,71.31,15.711,40.26,0
3375,1.3882,71.38,15.832,33.5,1
3376,1.5137,68.34,15.694,52.5,1
3377,1.4141,68.64,15.998,50.16,1
3378,1.6366,73.68,16.24,47.61,1
3379,1.4561,70.54,15.472,40.58,1
3380,1.8582,71.63,15.546,44.29,1
3381,1.7009,71.63,15.689,52.25,1
3382,1.5803,70.04,15.723,53.49,0
3383,1.7035,70.77,14.89,36.3,1
3384,1.7051,65.99,15.4,44.0,1
3385,1.4478,68.57,15.321,35.71,0
3386,1.4463,68.05,14.957,48.93,1
3387,1.5504,71.59,15.474,52.41,1
3388,1.6591,69.75,15.819,44.51,1
3389,1.5808,66.25,15.049,43.1,0
3390,1.3439,69.01,16.026,44.44,1
3391,1.4506,68.45,14.703,66.16,0
3392,1.4978,68.23,15.11,57.73,1
3393,1.54,64.63,14.753,55.17,0
3394,1.8269,67.55,14.682,51.06,1
3395,1.3585,67.06,14.789,48.13,1
3396,1.6393,66.46,15.034,40.82,0
3397,1.7949,64.35,15.138,41.19,1
3398,1.9053,64.42,15.55,44.2,1
3399,1.5156,68.46,14.421,39.63,1
3400,1.6495,63.98,14.447,45.66,1
3401,1.6441,62.76,14.33,50.13,0
3402,1.5994,65.38,15.08,49.52,1
3403,1.5486,63.27,14.561,46.14,1
3404,1.6749,62.62,13.979,54.78,1
3405,1.189,64.4,14.19,48.0,0
3406,1.7033,61.53,14.5,53.39,1
3407,1.5974,62.44,14.235,44.99,1
3408,1.548,68.21,15.114,53.05,1
3409,1.8942,64.95,14.834,44.79,1
3410,1.5072,61.86,14.624,63.49,0
3411,1.5136,64.73,14.256,47.97,1
3412,1.8743,63.97,14.496,48.9,0
3413,1.4772,64.84,14.091,54.36,0
3414,1.4868,61.89,14.238,57.22,0
3415,1.5814,64.92,14.084,56.54,1
3416,1.7148,59.15,13.765,67.82,0
3417,1.6119,59.15,14.769,57.64,1
3418,1.418,62.1,14.306,50.35,0
3419,1.4927,62.22,13.958,46.47,1
3420,1.5018,58.92,15.135,51.72,0
3421,1.6192,61.73,14.826,62.88,1
3422,1.6573,60.26,13.6,40.99,1
3423,1.6965,59.15,14.261,45.44,1
3424,1.3593,61.82,14.23,49.18,1
3425,1.7437,62.71,14.575,44.32,0
3426,1.6491,58.18,14.536,50.01,1
3427,1.8324,58.81,13.738,67.86,1
3428,1.6845,58.77,13.965,50.47,1
3429,1.7665,60.39,14.149,56.17,1
3430,1.6893,57.5,14.359,40.56,0
3431,1.8007,60.88,14.745,42.85,1
3432,1.6966,59.94,14.15,60.17,1
3433,1.6324,59.44,13.523,66.43,1
3434,1.9894,55.65,13.288,57.26,1
3435,1.7772,61.19,14.704,48.58,1
3436,1.716,52.87,12.951,61.14,1
3437,1.4561,59.4,14.303,31.83,1
3438,1.4304,60.19,14.819,54.41,1
3439,1.6928,56.74,13.279,45.96,1
3440,1.6612,59.88,14.278,58.85,1
3441,1.5332,57.48,13.366,36.49,0
3442,1.6931,56.96,14.154,48.68,1
3443,1.8757,58.35,13.598,53.35,1
3444,1.7266,63.23,15.691,44.0,1
3445,1.4906,58.55,13.862,50.28,1
3446,1.6387,57.4,13.408,61.14,0
3447,1.5136,53.89,13.679,56.2,0
3448,1.5965,57.27,13.639,47.18,1
3449,1.6304,54.21,13.847,64.08,1
3450,1.6049,57.79,13.815,55.73,0
3451,1.5013,56.22,15.066,57.2,1
3452,1.6622,53.03,12.855,49.24,0
3453,1.6058,54.62,13.306,34.65,0
3454,1.2277,51.74,12.92,49.14,1
3455,2.0084,55.13,13.1,47.34,0
3456,1.8431,52.17,12.828,51.88,1
3457,1.6551,53.82,13.143,48.3,0
3458,1.7118,55.33,13.507,56.21,1
3459,1.5271,52.36,12.608,63.21,0
3460,1.9261,53.81,12.518,65.5,0
3461,1.9728,53.61,12.636,62.63,0
3462,1.7313,55.05,13.861,48.49,1
3463,1.8556,50.13,13.299,59.25,1
3464,1.747,53.64,12.729,68.63,1
3465,1.5565,55.16,13.11,42.39,1
3466,1.6688,52.58,13.0,67.64,1
3467,1.7699,52.94,13.879,49.06,0
3468,1.6329,53.24,13.468,57.73,0
3469,1.6964,51.75,13.157,59.6,0
3470,1.7322,53.54,13.053,57.44,0
3471,1.7137,47.05,12.755,78.03,0
3472,1.7506,48.18,11.873,57.07,0
3473,1.5433,52.99,12.956,43.69,0
3474,1.6569,48.28,12.109,62.34,0
3475,1.5886,51.96,12.922,56.04,1
3476,1.9029,49.22,12.534,62.26,1
3477,1.4483,49.02,12.464,66.04,0
3478,1.9351,49.81,12.329,57.77,1
3479,1.9779,50.27,13.368,61.24,0
3480,1.7378,54.27,12.83,57.27,0
3481,1.406,47.38,12.582,73.59,0
3482,1.7536,51.69,13.124,53.43,0
3483,1.766,50.35,13.178,53.14,0
3484,1.6352,47.95,12.518,66.96,1
3485,1.7562,50.06,13.069,50.08,1
3486,2.0417,49.19,13.54,61.78,1
3487,1.8997,48.2,12.266,58.23,1
3488,1.6925,48.17,11.857,58.06,1
3489,1.5823,46.99,12.144,79.88,0
3490,1.7902,45.26,11.659,70.31,0
3491,1.7858,48.97,11.782,66.96,0
3492,1.8945,47.44,12.257,64.83,1
3493,1.7336,46.84,12.072,54.72,0
3494,1.9363,48.22,12.694,61.67,1
3495,2.1356,46.91,11.881,64.43,0
3496,1.9498,43.18,10.954,64.28,0
3497,1.8256,49.33,12.474,60.17,1
3498,1.8303,45.28,12.239,56.97,0
3499,1.7946,44.92,11.77,63.63,0
3500,2.048,46.07,11.826,56.05,1
3501,1.7469,45.11,11.723,66.85,0
3502,1.8633,46.56,11.908,44.3,1
3503,1.8684,45.76,11.514,71.67,1
3504,1.8016,46.87,12.301,50.07,1
3505,1.6673,46.34,12.29,51.97,1
3506,1.9407,46.67,11.77,63.81,0
3507,1.848,42.87,12.521,65.76,1
3508,1.925,41.75,11.342,79.88,0
3509,1.7896,47.02,12.206,61.99,1
3510,2.0593,42.69,11.264,62.66,1
3511,1.7406,42.33,12.34,64.11,0
3512,2.1536,39.05,10.877,77.02,0
3513,1.6224,43.93,11.495,81.72,1
3514,1.9881,42.29,11.508,61.29,0
3515,1.9795,39.14,10.669,69.03,0
3516,1.8157,42.72,12.037,61.8,1
3517,1.9617,41.93,11.413,63.13,0
3518,2.1,47.3,11.872,75.22,1
3519,1.5776,40.05,11.925,56.45,1
3520,2.0221,41.76,11.321,45.69,1
3521,1.5497,39.81,10.887,66.72,1
3522,1.7861,43.75,11.295,71.84,0
3523,2.1977,40.28,10.723,66.19,1
3524,1.8416,40.1,10.93,68.45,1
3525,1.7648,41.74,11.482,69.79,0
3526,1.8991,37.79,11.471,66.65,0
3527,2.2658,41.67,10.984,67.75,0
3528,1.6645,42.94,11.327,66.89,0
3529,1.7957,42.06,10.701,47.44,0
3530,2.2005,40.86,10.668,64.84,0
3531,2.2515,41.1,10.866,50.75,0
3532,1.9249,43.07,11.444,62.44,0
3533,1.806,41.84,11.466,59.72,0
3534,2.2857,40.05,10.513,73.53,0
3535,2.2155,40.41,10.619,65.78,0
3536,2.0751,35.84,9.923,70.46,0
3537,1.8399,39.65,11.113,62.91,1
3538,1.9835,36.32,10.045,75.28,0
3539,1.9809,36.77,11.246,53.82,1
3540,2.0535,31.78,9.747,62.67,1
3541,2.2151,39.06,10.621,75.83,1
3542,2.0921,35.29,10.139,63.2,0
3543,1.8272,37.63,10.367,47.48,0
3544,2.1999,36.92,10.003,76.99,0
3545,2.0904,39.14,10.713,73.24,0
3546,2.1056,33.67,9.818,73.39,0
3547,2.2363,38.02,10.482,66.71,0
3548,1.9001,40.77,11.215,76.97,0
3549,2.0289,37.4,10.786,76.2,0
3550,1.9051,37.29,10.419,78.23,0
3551,1.774,36.35,11.448,72.25,0
3552,2.1162,34.22,9.379,68.9,1
3553,2.415,35.88,10.359,63.73,0
3554,1.7429,31.96,9.518,58.69,0
3555,2.0176,32.8,9.853,72.23,1
3556,2.1339,30.76,9.449,75.06,0
3557,2.0599,32.66,9.993,65.43,0
3558,2.0056,35.21,10.103,72.14,0
3559,1.853,35.19,10.179,65.32,1
3560,2.0982,33.49,9.684,75.27,0
3561,1.926,33.47,9.538,60.84,0
3562,1.7048,29.05,9.566,62.38,1
3563,2.2329,30.77,9.674,66.53,1
3564,2.1816,31.74,9.472,75.43,0
3565,2.0603,30.74,9.798,60.77,1
3566,2.105,33.73,9.581,76.64,0
3567,2.2535,30.73,9.351,57.02,0
3568,2.1128,30.51,9.192,67.94,0
3569,2.2312,27.11,9.677,60.42,0
3570,2.0226,31.61,9.429,48.63,0
3571,2.2886,29.57,9.256,73.84,1
3572,2.1129,31.72,9.583,67.8,1
3573,2.1211,29.7,9.185,59.37,0
3574,1.9187,30.62,9.615,65.41,0
3575,2.1407,31.0,9.374,73.63,0
3576,1.9519,33.08,10.167,65.42,0
3577,2.0075,31.77,9.583,67.26,0
3578,1.9743,27.04,8.843,68.98,0
3579,1.9423,27.28,9.138,67.6,0
3580,2.4286,29.0,10.557,65.0,0
3581,2.3063,27.25,8.795,67.33,0
3582,2.3854,23.03,8.65,66.92,0
3583,1.9424,31.98,9.667,61.61,0
3584,2.1252,29.42,9.746,67.78,0
3585,1.9317,29.95,9.414,65.87,0
3586,1.995,27.61,9.233,63.13,1
3587,1.9801,29.04,9.136,77.11,0
3588,2.3078,26.35,8.796,82.03,0
3589,2.0847,28.07,8.88,71.56,0
3590,2.2732,26.26,8.913,73.93,0
3591,2.235,30.67,9.005,63.77,0
3592,2.4814,24.76,8.603,81.62,0
3593,1.9079,29.24,10.03,84.86,0
3594,2.3258,25.91,8.875,70.95,0
3595,2.2853,23.63,9.292,69.26,0
3596,1.9992,26.7,9.762,75.32,0
3597,2.2539,28.25,9.017,72.55,0
3598,2.1707,27.78,9.583,67.51,0
3599,2.092,26.14,8.725,76.35,0
3600,2.0195,24.13,8.097,80.01,0
3601,2.0127,26.55,8.534,66.46,0
3602,2.4316,28.46,9.629,91.16,0
3603,2.1578,29.01,9.464,58.8,0
3604,2.2435,28.28,10.395,64.53,0
3605,2.0083,28.27,9.519,73.72,0
3606,2.0404,28.22,8.83,89.18,0
3607,2.3015,29.4,9.756,66.77,0
3608,1.9297,25.9,8.836,64.06,0
3609,2.0801,24.23,9.321,77.94,0
3610,2.1676,27.24,9.04,69.87,0
3611,2.1475,26.18,8.424,77.7,0
3612,2.119,25.6,8.34,72.71,0
3613,2.1928,26.03,8.831,65.54,0
3614,2.2647,33.22,9.581,87.29,0
3615,2.275,29.12,8.923,47.66,1
3616,2.0009,29.47,9.65,85.17,1
3617,2.1,27.03,10.214,79.87,0
3618,2.3048,25.19,8.11,67.15,0
3619,2.2433,27.16,9.673,87.21,0
3620,1.9132,32.53,9.373,57.55,1
3621,2.1954,30.49,9.514,78.13,0
3622,1.8531,30.84,9.188,52.72,0
3623,2.144,31.06,9.808,60.01,1
3624,2.4443,28.26,8.95,61.76,0
3625,2.0272,33.29,10.162,62.72,0
3626,2.0076,29.47,9.263,70.74,0
3627,2.2842,33.56,9.994,61.09,1
3628,1.9132,32.15,9.839,53.03,1
3629,2.0621,27.08,9.477,75.26,1
3630,2.2336,28.84,9.515,70.31,0
3631,2.0618,27.77,9.141,73.96,0
3632,2.1119,34.36,10.603,69.04,0
3633,2.2896,32.21,9.647,76.32,0
3634,2.2118,27.62,9.409,70.76,0
3635,2.1428,32.27,10.014,75.98,0
3636,2.0932,31.08,9.89,63.09,0
3637,2.237,29.75,9.657,64.41,1
3638,2.1396,35.84,10.233,77.58,1
3639,2.2487,33.19,9.548,78.53,0
3640,2.0943,33.26,9.809,72.75,0
3641,2.107,33.4,10.675,61.72,1
3642,1.9922,30.92,9.794,62.16,0
3643,2.1687,31.9,9.872,80.03,0
3644,2.0049,37.29,10.418,76.19,0
3645,1.9577,33.0,10.402,67.18,0
3646,2.1456,35.24,10.159,86.54,0
3647,2.1558,31.13,9.499,73.85,0
3648,2.2216,33.32,10.548,59.87,1
3649,2.0916,35.9,10.325,63.84,0
3650,2.1871,36.0,10.679,66.65,0
3651,2.1945,39.06,11.155,65.77,0
3652,2.1867,38.81,11.008,74.83,0
3653,1.9716,35.98,9.803,59.95,0
3654,2.1584,36.45,10.584,55.69,0
3655,2.1893,35.82,10.317,72.12,0
3656,2.1274,40.19,11.07,59.58,0
3657,1.8201,38.37,10.731,83.76,0
3658,2.1233,37.51,10.8,74.05,0
3659,2.4364,37.96,10.356,61.11,1
3660,2.1132,39.43,11.052,73.79,1
3661,1.975,39.8,10.838,71.26,0
3662,2.1669,40.82,11.717,69.33,0
3663,2.188,34.57,9.99,67.41,0
3664,2.2991,39.39,10.337,68.29,0
3665,1.907,36.93,9.991,48.74,1
3666,2.2146,42.52,11.348,74.03,0
3667,2.1718,42.58,10.925,35.38,1
3668,2.1037,40.15,11.245,60.63,0
3669,2.1586,41.35,10.857,49.98,1
3670,2.2404,43.45,11.155,58.63,1
3671,2.224,39.71,10.731,63.75,0
3672,1.92,44.84,11.966,51.77,0
3673,2.2392,40.0,11.248,42.08,1
3674,2.1026,39.33,11.139,65.54,0
3675,2.0849,42.36,10.77,79.34,0
3676,2.0921,39.58,10.814,61.11,1
3677,2.0688,40.61,11.248,71.42,0
3678,2.2363,44.21,10.897,73.65,0
3679,2.0737,41.98,10.974,48.43,0
3680,1.9024,38.79,11.503,61.89,1
3681,2.0497,42.86,11.185,52.86,1
3682,2.07,40.29,10.661,57.68,0
3683,2.2464,44.69,11.216,75.66,0
3684,2.1509,43.9,11.099,64.28,1
3685,1.9597,45.9,13.208,67.43,0
3686,2.4486,44.17,12.615,60.6,1
3687,2.1128,45.56,12.181,51.68,1
3688,2.2676,40.94,11.209,67.92,0
3689,2.0263,45.19,12.508,71.78,0
3690,2.1432,46.9,11.453,62.59,1
3691,2.1826,41.19,11.719,66.54,1
3692,2.2081,47.39,12.484,50.1,1
3693,2.202,43.21,11.23,67.74,0
3694,2.186,43.65,12.056,73.4,1
3695,1.9718,44.96,11.827,64.89,1
3696,1.9753,45.87,11.394,46.7,0
3697,2.0947,47.02,12.283,73.55,0
3698,2.1664,43.77,11.537,55.42,1
3699,2.0152,45.83,12.072,63.6,1
3700,2.2109,43.47,12.827,69.56,0
3701,2.275,43.52,11.516,70.98,1
3702,1.8875,43.16,11.467,47.47,0
3703,1.9072,44.6,12.487,61.97,0
3704,1.9882,47.36,12.297,60.32,0
3705,2.0628,48.44,11.874,70.46,0
3706,1.9261,43.6,11.164,65.94,0
3707,2.2224,47.28,11.766,71.49,0
3708,2.0499,44.92,11.462,65.79,1
3709,1.9952,48.81,12.178,58.53,0
3710,1.8149,45.56,11.876,61.51,1
3711,1.7934,45.71,11.991,72.65,0
3712,2.0345,50.62,12.085,48.49,0
3713,1.6318,48.14,11.631,67.46,1
3714,2.1235,47.89,11.345,55.35,0
3715,1.9632,42.67,11.788,54.81,0
3716,2.473,51.1,13.121,65.85,0
3717,2.2841,51.2,12.268,51.45,1
3718,1.917,49.23,12.505,62.05,0
3719,1.918,46.8,11.588,57.12,1
3720,2.0844,52.18,13.035,38.35,0
3721,2.2192,48.35,12.187,63.2,0
3722,1.7017,49.14,12.566,59.51,1
3723,1.6856,54.05,13.274,40.05,1
3724,1.8584,47.77,12.932,53.47,0
3725,2.0218,52.47,12.896,42.95,1
3726,2.0359,51.09,12.357,62.76,0
3727,2.0602,51.18,12.872,68.7,0
3728,1.76,51.36,12.626,63.92,0
3729,1.6198,53.06,12.849,65.28,0
3730,2.0355,52.96,12.801,52.48,1
3731,1.7884,51.25,12.5,61.58,1
3732,1.571,54.34,13.4,55.49,1
3733,1.94,48.9,12.479,60.33,1
3734,2.0358,54.71,13.619,63.78,0
3735,1.8563,55.32,12.951,64.99,1
3736,1.8295,54.53,12.592,51.82,0
3737,1.8892,55.34,13.095,44.16,1
3738,1.855,51.97,12.41,54.71,1
3739,1.6989,49.61,12.67,56.46,0
3740,1.7757,53.89,12.466,59.1,0
3741,1.9498,52.11,12.412,63.72,1
3742,1.9538,52.97,12.806,41.55,0
3743,1.93,51.65,13.638,51.88,1
3744,1.7042,53.16,12.563,48.3,0
3745,1.7999,53.43,12.972,66.25,1
3746,1.5211,50.95,12.769,56.9,0
3747,1.888,55.71,14.42,50.92,1
3748,2.0583,59.7,14.394,57.2,0
3749,1.6548,56.63,14.153,49.05,1
3750,1.7742,54.32,13.613,54.72,0
3751,1.9242,55.83,12.839,68.94,0
3752,2.0329,54.5,13.632,68.62,1
3753,1.7922,55.84,13.987,51.75,1
3754,1.7356,56.4,13.148,53.96,1
3755,1.5564,54.6,13.207,50.87,1
3756,1.845,60.04,13.664,36.89,1
3757,2.1132,54.21,13.35,63.93,0
3758,1.835,58.73,13.42,72.9,0
3759,1.8386,56.07,13.278,50.57,0
3760,1.8389,60.96,13.817,45.09,1
3761,1.7973,57.93,13.623,51.13,0
3762,1.6847,56.89,13.38,54.81,1
3763,1.893,57.26,13.639,45.05,1
3764,1.8202,58.23,13.314,49.53,1
3765,1.8159,55.72,13.468,62.3,0
3766,1.6335,57.29,13.351,54.99,1
3767,1.9808,55.35,13.035,65.23,1
3768,1.8708,57.03,12.873,57.14,1
3769,1.6958,59.19,13.414,43.55,1
3770,1.9389,60.08,13.926,48.01,1
3771,1.7076,55.02,13.384,57.01,1
3772,1.6576,59.51,14.178,43.81,1
3773,1.6387,60.83,14.015,41.23,1
3774,1.5091,59.51,13.682,42.73,0
3775,1.833,59.65,14.444,55.94,1
3776,1.4725,60.37,13.814,49.45,1
3777,1.5889,59.3,14.176,61.17,1
3778,1.4522,59.93,13.928,45.0,0
3779,1.7181,61.28,14.373,31.94,0
3780,1.7125,65.95,14.592,47.74,0
3781,1.682,59.52,14.137,65.18,1
3782,1.5619,61.43,14.006,52.13,1
3783,1.5752,62.15,14.559,39.79,1
3784,1.8059,60.7,13.833,38.17,1
3785,1.6451,65.34,14.103,58.79,1
3786,1.7502,57.31,13.218,46.67,0
3787,1.5628,63.22,14.774,63.82,1
3788,1.7453,64.71,14.541,54.81,1
3789,1.8938,62.69,14.192,44.54,1
3790,1.7796,61.72,13.87,60.71,1
3791,1.6501,65.76,14.516,43.0,1
3792,1.7453,65.76,14.63,37.68,1
3793,1.6328,64.17,14.119,42.36,1
3794,1.6985,63.35,14.35,56.92,1
3795,1.6209,64.71,15.06,58.13,1
3796,1.64,63.34,14.631,47.0,1
3797,1.7254,65.5,15.029,33.68,1
3798,1.5277,67.55,14.695,34.81,1
3799,1.5116,59.8,13.863,43.81,1
3800,1.5016,65.72,14.65,38.36,1
3801,1.4266,61.3,13.734,52.86,1
3802,1.4809,70.6,15.477,60.44,1
3803,1.6989,64.9,14.657,55.71,1
3804,1.5143,67.26,15.352,38.68,1
3805,1.7554,65.9,15.104,42.96,1
3806,1.6766,64.81,14.425,44.89,1
3807,1.3881,65.45,15.494,52.37,1
3808,1.7358,68.88,14.921,59.17,1
3809,1.7796,69.21,15.384,43.35,1
3810,1.4835,71.14,15.194,57.69,1
3811,1.7167,68.58,14.778,64.55,1
3812,1.5187,69.04,15.422,44.57,1
3813,1.6801,68.11,14.841,45.06,0
3814,1.4581,68.98,14.943,45.13,0
3815,1.3438,66.26,16.534,48.56,1
3816,1.5542,68.43,15.053,43.56,1
3817,1.6099,67.75,15.703,54.48,0
3818,1.5591,69.62,15.5,33.72,1
3819,1.4252,69.04,15.263,42.46,1
3820,1.545,69.89,15.504,48.78,0
3821,1.6372,72.89,16.631,51.31,1
3822,1.5948,70.16,15.095,64.22,1
3823,1.6333,71.1,15.475,34.63,0
3824,1.5076,74.44,16.621,38.46,1
3825,1.7858,72.72,16.124,26.03,1
3826,1.3873,72.52,16.58,35.68,1
3827,1.6656,70.25,15.801,32.07,1
3828,1.7581,71.78,16.886,41.13,1
3829,1.7162,69.15,15.207,45.35,0
3830,1.5482,72.11,16.205,48.24,1
3831,1.5421,73.34,16.028,42.88,1
3832,1.7498,71.21,15.519,48.57,1
3833,1.3646,73.79,16.546,44.35,1
3834,1.436,70.5,15.736,37.77,1
3835,1.527,75.73,16.756,29.6,1
3836,1.7814,74.25,16.931,48.56,1
3837,1.6587,72.87,16.413,58.37,0
3838,1.4268,72.73,16.138,65.43,1
3839,1.5162,74.31,15.816,50.48,1
3840,1.4985,77.28,16.359,54.64,1
3841,1.5218,72.6,16.379,47.92,1
3842,1.7184,73.71,16.859,46.2,1
3843,1.365,73.83,15.909,44.94,1
3844,1.8087,78.15,16.495,40.69,1
3845,1.6854,73.67,16.131,48.46,0
3846,1.7339,73.94,15.718,39.17,1
3847,1.5261,78.0,16.257,40.5,1
3848,1.5277,75.36,16.538,33.86,1
3849,1.3362,77.82,17.495,45.55,1
3850,1.4788,73.11,15.621,36.59,1
3851,1.6325,75.79,16.416,43.28,1
3852,1.7453,79.42,16.72,45.23,1
3853,1.3949,74.13,16.704,47.88,1
3854,1.503,76.9,16.322,48.96,1
3855,1.5218,78.84,17.534,40.42,1
3856,1.3427,75.53,16.296,47.12,1
3857,1.6334,76.8,16.931,38.89,1
3858,1.4114,78.13,16.485,25.62,1
3859,1.5021,77.94,16.967,46.37,1
3860,1.4811,79.81,16.84,42.67,1
3861,1.436,81.27,17.729,48.3,1
3862,1.5737,75.79,16.625,42.64,1
3863,1.4985,78.38,16.93,28.17,1
3864,1.518,78.43,16.881,39.62,1
3865,1.4434,81.97,17.318,46.59,1
3866,1.587,80.36,17.274,43.86,1
3867,1.7952,79.94,16.598,39.63,1
3868,1.5832,79.63,16.72,26.91,1
3869,1.6954,79.87,16.985,32.35,1
3870,1.3474,76.69,17.103,44.83,1
3871,1.5536,79.4,18.04,26.76,1
3872,1.4016,82.81,17.432,36.29,1
3873,1.3616,80.11,17.364,40.98,1
3874,1.4623,79.69,16.547,49.21,1
3875,1.7426,80.05,18.346,45.34,1
3876,1.6939,75.61,16.539,50.67,1
3877,1.576,81.16,17.269,41.66,1
3878,1.3496,82.27,17.143,32.24,1
3879,1.5129,80.27,16.599,34.88,1
3880,1.5974,78.83,16.499,33.58,1
3881,1.5874,79.79,18.199,44.66,1
3882,1.2718,83.08,17.48,32.19,1
3883,1.3885,86.11,17.61,33.89,1
3884,1.4941,85.64,17.392,36.91,1
3885,1.6304,78.96,16.537,53.65,1
3886,1.2174,84.43,17.719,43.32,1
3887,1.5407,81.7,17.519,33.66,1
3888,1.5932,82.29,17.313,40.55,1
3889,1.6796,82.7,16.959,52.13,1
3890,1.6418,85.75,17.517,42.2,1
3891,1.6391,85.33,17.871,23.96,1
3892,1.4183,83.66,18.194,31.31,1
3893,1.2626,84.68,17.586,30.26,1
3894,1.5109,85.89,17.452,48.72,1
3895,1.6727,85.43,17.822,46.87,1
3896,1.7748,86.98,18.076,30.76,1
3897,1.6669,82.74,17.181,33.68,1
3898,1.6249,85.75,17.641,37.37,1
3899,1.607,83.46,16.954,39.54,1
3900,1.4567,85.48,17.576,29.61,1
3901,1.5401,85.26,18.524,34.82,1
3902,1.8137,85.24,18.195,25.41,1
3903,1.4209,85.28,17.543,47.87,1
3904,1.8013,82.82,18.297,24.14,1
3905,1.5177,82.97,17.428,25.12,1
3906,1.733,86.29,17.677,39.71,1
3907,1.3701,86.9,17.519,26.17,1
3908,1.6658,86.15,18.269,32.95,1
3909,1.4746,89.06,18.46,34.62,1
3910,1.371,85.6,17.513,42.29,1
3911,1.6151,91.15,17.753,31.84,1
3912,1.7154,90.66,18.425,47.53,1
3913,1.466,84.05,17.809,37.52,1
3914,1.3609,89.52,18.013,44.79,1
3915,1.5633,87.4,17.883,37.86,1
3916,1.5548,83.24,17.259,55.8,1
3917,1.6874,85.73,18.488,44.75,1
3918,1.7529,91.47,18.011,34.24,1
3919,1.5815,93.32,18.72,37.43,1
3920,1.8379,91.27,19.132,31.05,1
3921,1.6231,90.17,18.764,31.98,1
3922,1.5527,89.83,18.5,23.94,1
3923,1.3422,93.28,18.819,25.88,1
3924,1.5541,94.82,19.332,48.11,1
3925,1.5539,88.79,18.462,25.33,0
3926,1.7595,86.36,17.985,31.28,1
3927,1.6667,87.46,17.527,35.54,1
3928,1.4491,92.99,19.361,31.55,1
3929,1.6574,91.24,18.801,37.13,1
3930,1.7266,91.66,18.882,29.43,1
3931,1.8511,88.27,18.146,39.12,1
3932,1.723,89.31,18.661,43.49,1
3933,1.7339,90.77,18.523,43.89,1
3934,1.6311,92.57,18.707,29.83,1
3935,1.7085,92.0,18.48,38.28,1
3936,1.8133,90.07,18.31,25.2,1
3937,1.4098,91.36,18.283,28.43,1
3938,1.5937,95.73,19.335,21.23,1
3939,1.5014,94.08,18.622,31.57,1
3940,1.7357,95.77,18.899,24.18,1
3941,1.8372,92.67,19.205,20.68,1
3942,1.5468,88.12,17.972,32.44,1
3943,1.325,93.02,18.511,19.0,1
3944,1.6069,93.18,20.297,44.08,1
3945,1.7986,95.35,18.83,27.41,1
3946,1.7083,100.55,20.833,35.5,1
3947,1.7353,95.8,19.483,26.12,1
3948,1.5948,99.88,20.449,18.12,1
3949,1.4829,97.03,19.598,39.38,1
3950,1.7535,94.84,18.627,32.24,1
3951,1.5328,96.94,19.531,45.08,1
3952,2.0131,100.02,20.154,25.58,1
3953,1.788,99.66,19.313,25.01,1
3954,1.5978,95.26,20.147,38.77,1
3955,1.5988,98.12,19.86,37.93,1
3956,1.6777,93.48,19.572,32.46,1
3957,1.6596,99.41,19.526,55.4,1
3958,1.9056,100.91,20.392,25.22,1
3959,1.7245,97.62,20.112,19.36,1
3960,1.5899,96.15,19.816,22.55,1
3961,1.9783,98.49,19.817,26.69,1
3962,1.7339,98.46,19.18,41.69,1
3963,1.8516,97.84,19.535,27.69,1
3964,1.6247,98.51,19.682,41.46,1
3965,1.7748,97.85,19.937,33.15,1
3966,1.8058,101.2,19.675,36.0,1
3967,1.4787,100.84,20.169,31.34,1
3968,2.0506,97.03,19.282,33.52,1
3969,1.9422,97.03,19.261,35.63,1
3970,1.6856,99.08,20.233,24.58,1
3971,1.5348,101.16,20.216,23.21,1
3972,1.8048,99.68,20.236,31.0,1
3973,1.7699,98.77,20.145,44.22,1
3974,1.7903,100.04,19.829,15.96,1
3975,1.7853,100.18,20.482,12.57,1
3976,1.8612,102.59,20.42,25.13,1
3977,1.971,101.58,20.612,35.1,1
3978,1.8651,101.43,21.203,28.82,1
3979,1.6139,102.36,20.275,17.84,1
3980,1.9758,104.44,20.671,26.05,1
3981,2.012,99.73,19.928,13.69,1
3982,2.2573,102.05,20.062,31.84,1
3983,1.6329,101.13,20.034,24.18,1
3984,1.8325,103.78,20.102,25.39,1
3985,1.4725,101.12,19.786,31.19,1
3986,1.8736,103.03,20.806,28.33,1
3987,1.7156,104.51,20.609,20.41,1
3988,2.1084,100.81,20.622,35.89,1
3989,1.6831,100.63,20.123,34.45,1
3990,1.5542,101.01,21.253,13.69,1
3991,1.7626,100.83,20.472,25.44,1
3992,1.5339,105.12,21.251,16.76,1
3993,1.936,101.83,20.513,17.61,1
3994,1.5362,103.08,20.704,30.62,1
3995,1.8409,107.18,21.457,21.13,1
3996,1.5053,106.13,21.365,23.79,1
3997,1.756,103.52,20.817,20.94,1
3998,2.0826,104.62,20.915,27.78,1
3999,1.8941,105.63,20.895,29.99,1
4000,1.7123,104.01,20.562,42.97,1
4001,1.8746,104.32,20.539,23.91,1
4002,1.8462,108.63,22.235,10.28,1
4003,1.9296,107.23,22.187,19.8,1
4004,1.6952,108.73,21.117,29.21,1
4005,1.9633,103.43,20.067,19.65,1
4006,1.4505,104.02,21.152,14.29,1
4007,1.7766,101.13,20.556,21.46,1
4008,1.7994,102.11,20.57,22.95,1
4009,1.9964,106.91,21.546,15.01,1
4010,1.8428,102.58,20.488,28.24,1
4011,1.6699,106.14,20.851,23.79,1
4012,1.7128,100.04,20.323,34.64,1
4013,1.9192,101.03,19.708,24.02,1
4014,1.8801,101.92,20.401,31.66,1
4015,1.8132,103.34,21.157,23.16,1
4016,1.8216,104.29,20.716,17.04,1
4017,2.0321,102.83,20.432,21.98,1
4018,1.845,100.84,20.516,15.13,1
4019,1.9162,102.13,20.296,41.59,1
4020,2.2558,100.65,20.439,29.08,1
4021,1.6685,98.9,19.92,21.85,1
4022,1.6487,98.79,20.45,25.73,1
4023,2.0528,102.31,20.786,7.48,1
4024,1.8425,97.56,19.059,41.09,1
4025,1.8768,102.91,21.585,37.3,1
4026,1.8554,99.47,19.988,29.78,1
4027,1.8981,98.13,19.373,31.86,1
4028,2.22,101.15,20.625,17.64,1
4029,2.0601,104.01,20.538,16.64,1
4030,2.1053,101.3,19.904,13.92,1
4031,1.7577,100.69,19.685,26.85,1
4032,1.8052,99.75,20.287,35.71,1
4033,1.5807,95.77,18.706,28.44,1
4034,1.8714,97.2,19.907,33.22,1
4035,2.1349,97.34,19.961,38.22,1
4036,2.0649,100.57,19.72,14.88,1
4037,1.9624,98.38,19.835,44.4,1
4038,1.9904,99.54,19.994,37.5,1
4039,1.8734,98.99,19.217,33.09,1
4040,2.0215,95.98,19.965,38.26,1
4041,2.08,96.25,19.752,37.94,1
4042,1.7676,99.69,19.495,30.79,1
4043,2.0565,95.02,19.506,42.25,1
4044,2.1289,96.37,19.945,26.61,1
4045,1.9669,94.98,19.093,35.2,1
4046,2.147,96.32,18.638,41.22,1
4047,2.4176,95.82,19.591,9.49,1
4048,1.9819,94.13,18.953,35.78,1
4049,2.0863,93.71,18.822,37.85,1
4050,1.9171,96.92,20.41,17.23,1
4051,2.082,94.05,19.121,34.89,1
4052,2.1115,92.79,19.106,26.09,1
4053,2.0619,93.02,19.127,35.66,1
4054,1.8537,94.43,19.423,30.82,1
4055,2.1028,95.86,19.214,22.92,1
4056,2.223,97.13,19.364,38.69,1
4057,2.1328,91.97,19.199,29.14,1
4058,2.1914,97.77,19.943,31.4,1
4059,2.0099,91.28,18.921,43.73,1
4060,2.1325,96.24,21.01,24.23,1
4061,2.1175,91.5,18.346,33.21,1
4062,1.9458,91.1,19.045,29.92,1
4063,2.1216,91.21,19.308,31.13,1
4064,1.927,93.33,19.111,50.31,1
4065,1.9658,93.76,18.867,35.96,1
4066,2.1172,93.44,19.833,34.15,1
4067,2.0937,89.81,17.829,38.55,1
4068,1.9126,89.12,18.469,37.42,1
4069,2.2456,89.5,18.619,19.9,1
4070,2.1552,90.88,18.679,51.54,1
4071,1.9749,91.18,19.489,22.14,1
4072,1.8879,89.11,17.957,48.17,1
4073,2.0536,91.66,18.132,37.9,1
4074,2.0274,94.73,19.191,32.64,1
4075,2.1076,89.41,18.5,32.22,1
4076,2.0183,90.0,18.239,55.83,1
4077,1.8164,89.55,18.504,39.04,1
4078,2.0128,88.62,19.318,35.37,1
4079,2.0148,91.4,19.472,29.9,1
4080,2.205,88.5,17.896,30.08,1
4081,2.001,93.41,18.658,32.38,1
4082,2.3618,89.69,17.731,26.97,1
4083,1.8296,87.08,18.309,41.19,1
4084,2.339,88.08,18.133,30.74,1
4085,2.0819,87.15,17.973,43.93,1
4086,2.2438,90.4,18.572,41.48,1
4087,2.1425,85.24,17.407,37.1,1
4088,2.2928,85.83,18.428,41.0,1
4089,2.0707,86.87,19.16,42.05,1
4090,1.9465,87.41,17.442,24.48,1
4091,2.3349,86.63,17.793,50.1,1
4092,2.0971,83.36,17.254,35.83,1
4093,2.1626,85.47,17.454,42.5,1
4094,2.2844,87.14,17.766,42.08,1
4095,1.9676,85.73,17.865,17.61,1
4096,2.2284,86.28,18.447,30.39,1
4097,2.0616,87.79,18.756,42.18,1
4098,2.1164,85.81,17.748,37.7,1
4099,2.1609,86.47,17.27,42.1,1
4100,1.8948,80.77,17.103,39.98,1
4101,1.9881,85.33,17.162,48.06,1
4102,2.3611,87.19,17.638,37.22,1
4103,2.274,83.8,17.794,49.28,1
4104,2.1239,83.34,17.714,30.37,1
4105,2.1683,88.72,18.361,33.86,1
4106,2.1206,88.17,17.939,30.24,1
4107,2.3738,84.8,17.971,40.48,1
4108,2.117,86.86,17.983,34.19,1
4109,2.1903,79.52,17.362,38.59,1
4110,2.3223,81.58,17.452,33.84,1
4111,2.044,82.08,17.301,35.23,1
4112,2.4122,81.75,17.617,38.87,1
4113,1.9023,82.49,17.067,22.57,1
4114,2.3896,77.14,17.404,24.12,1
4115,2.0896,83.9,17.7,39.09,1
4116,2.1046,84.58,17.599,15.68,1
4117,1.8389,86.06,17.911,35.31,1
4118,2.0712,79.72,17.404,37.28,1
4119,2.0087,79.79,17.271,44.76,1
4120,2.0463,75.94,16.4,37.0,1
4121,2.1082,81.07,16.514,51.92,1
4122,2.3126,82.54,17.124,45.34,1
4123,2.1758,79.47,17.206,28.73,1
4124,2.1736,85.75,18.452,34.7,1
4125,1.9936,79.85,16.732,52.64,1
4126,1.9755,80.93,16.687,34.8,1
4127,2.4428,76.3,16.051,41.28,1
4128,2.0297,80.12,17.915,51.38,1
4129,2.4208,75.32,16.44,38.66,1
4130,2.0852,80.79,17.361,49.27,0
4131,2.1143,80.06,17.407,32.22,1
4132,2.324,81.85,17.202,16.2,1
4133,2.3641,76.89,16.585,51.7,1
4134,2.1098,78.71,17.609,43.92,1
4135,2.0559,79.92,16.839,44.69,1
4136,2.1137,80.27,16.901,32.47,1
4137,2.1913,75.63,16.948,34.67,1
4138,2.2551,73.31,16.278,54.22,1
4139,2.1628,79.0,16.858,42.93,1
4140,2.2475,77.62,16.274,41.45,1
4141,2.3901,75.87,16.717,44.25,1
4142,2.1926,78.55,17.222,53.01,1
4143,2.2113,76.43,17.182,47.13,1
4144,1.9098,73.75,16.13,40.25,1
4145,1.7453,73.53,16.012,33.39,1
4146,2.1936,74.77,15.783,48.82,1
4147,2.1135,80.49,16.9,32.74,1
4148,2.0554,77.67,16.936,32.48,1
4149,2.1947,76.65,16.245,53.6,1
4150,2.1033,74.71,16.523,50.27,1
4151,2.2891,75.11,16.824,46.9,1
4152,2.1572,77.57,17.215,32.46,1
4153,2.0215,73.72,16.184,59.03,1
4154,2.2879,75.23,15.856,50.97,0
4155,2.0767,74.43,15.763,42.05,1
4156,2.2259,78.03,17.07,37.65,1
4157,2.0715,76.09,16.171,43.65,1
4158,2.0335,76.53,16.186,39.1,0
4159,2.1463,72.22,16.478,62.69,0
4160,2.1222,75.56,16.168,40.72,1
4161,2.2109,73.48,15.69,35.82,1
4162,2.0717,73.2,16.095,56.77,1
4163,1.8408,77.16,16.887,37.79,1
4164,2.0341,70.26,15.132,51.99,1
4165,2.22,73.58,15.699,49.81,1
4166,2.0521,72.77,15.695,44.44,1
4167,2.0912,73.25,16.102,37.3,1
4168,2.2641,71.31,15.789,45.22,1
4169,1.9968,75.67,16.356,33.03,1
4170,1.8538,68.06,14.679,47.12,0
4171,2.0783,74.02,16.6,50.06,0
4172,2.0011,73.67,15.518,58.14,0
4173,1.9522,74.07,15.912,34.3,1
4174,2.0854,67.69,15.022,46.31,1
4175,2.1515,68.83,15.497,42.79,1
4176,2.112,73.09,16.939,46.21,1
4177,2.1294,65.69,17.425,36.24,1
4178,2.359,66.49,14.61,41.96,0
4179,2.0067,69.81,15.887,34.09,0
4180,2.1379,69.22,15.739,34.73,1
4181,2.0026,71.8,16.279,39.12,1
4182,1.9327,69.57,15.626,60.42,1
4183,1.9832,67.86,15.986,50.98,1
4184,2.0372,69.39,15.409,47.14,1
4185,2.1212,68.89,15.275,58.11,1
4186,2.4169,68.59,15.734,50.31,1
4187,1.9608,67.26,14.983,51.06,1
4188,2.0132,62.96,14.447,46.07,1
4189,2.0776,66.44,14.828,43.32,1
4190,2.0963,69.09,15.917,36.13,1
4191,2.1098,67.02,16.006,43.63,1
4192,2.2491,67.09,14.279,46.74,0
4193,1.715,69.42,15.57,49.53,1
4194,1.6762,63.61,14.627,48.93,1
4195,1.9587,66.41,14.594,45.7,1
4196,2.1971,67.16,14.915,40.88,1
4197,1.7969,65.3,14.676,52.17,1
4198,1.5821,66.23,14.531,44.74,1
4199,2.1106,65.01,14.497,51.98,1
4200,2.0761,62.92,13.914,35.18,1
4201,1.8584,65.81,14.405,51.84,1
4202,1.8292,62.55,14.018,56.63,1
4203,1.8509,65.63,14.784,53.74,0
4204,2.0114,68.54,14.922,46.07,0
4205,1.9034,63.69,14.504,57.77,1
4206,2.0668,62.05,14.695,40.49,1
4207,1.5465,63.77,14.57,49.42,0
4208,1.8667,62.76,14.501,49.43,1
4209,1.8241,65.38,14.554,57.69,1
4210,1.9368,63.44,14.269,34.05,0
4211,1.9149,66.22,14.598,39.32,0
4212,2.1086,64.65,15.167,63.19,0
4213,1.723,63.14,13.659,30.66,1
4214,1.9906,64.22,14.435,55.95,1
4215,2.0663,60.7,14.241,45.7,1
4216,2.2275,62.11,14.941,53.45,0
4217,1.9105,61.91,13.564,63.15,1
4218,2.0278,63.47,14.585,52.49,1
4219,1.7182,64.37,14.798,60.86,0
4220,1.5957,61.96,14.078,46.83,0
4221,2.0724,62.12,14.265,47.45,1
4222,1.949,62.59,14.51,56.93,1
4223,2.1163,61.55,14.313,47.44,1
4224,1.7594,57.66,13.789,57.83,1
4225,2.0203,63.35,14.794,59.6,1
4226,2.2325,62.97,14.158,56.69,0
4227,1.9863,59.8,13.514,39.64,1
4228,1.9618,59.29,13.992,50.14,1
4229,1.9264,61.12,13.349,54.11,1
4230,1.7101,61.09,13.698,50.66,0
4231,2.1073,58.74,14.558,53.95,1
4232,1.8476,56.8,13.612,56.78,0
4233,1.9604,58.74,13.703,48.3,1
4234,1.6847,60.08,13.562,51.24,0
4235,1.7549,60.07,14.237,43.09,1
4236,2.0999,59.52,13.854,48.36,1
4237,1.8026,57.48,13.304,41.8,1
4238,2.1181,60.51,13.485,52.56,1
4239,1.867,57.45,15.052,52.28,1
4240,1.6162,56.27,13.068,47.45,1
4241,2.0272,57.32,13.725,68.21,0
4242,1.7852,54.55,13.872,53.61,1
4243,1.9878,56.53,13.491,56.4,1
4244,1.8824,58.48,13.384,48.35,1
4245,1.6362,57.13,12.967,50.41,1
4246,1.8456,60.05,13.439,55.4,1
4247,2.1669,55.37,13.516,52.58,1
4248,1.9435,57.07,14.428,54.51,0
4249,1.8421,56.78,13.427,60.24,0
4250,2.0235,59.76,13.863,48.14,0
4251,1.9129,55.32,13.545,44.35,1
4252,1.8797,52.59,12.546,44.08,1
4253,1.6607,56.03,13.783,65.57,0
4254,1.8505,59.24,13.585,60.73,1
4255,1.9639,54.83,12.8,60.89,0
4256,1.6814,56.18,13.485,51.38,0
4257,2.0306,56.46,14.26,43.81,1
4258,1.818,55.98,13.582,52.57,1
4259,1.6913,54.61,13.915,55.49,0
4260,1.9287,52.11,12.548,48.13,1
4261,1.771,52.93,13.652,44.7,1
4262,1.9288,54.25,13.34,42.04,1
4263,1.748,54.56,12.72,60.65,1
4264,1.7965,52.81,13.2,46.88,1
4265,1.8641,51.55,12.594,59.55,1
4266,1.8158,52.92,12.396,52.63,1
4267,1.4926,53.33,12.932,60.71,1
4268,1.6586,52.6,13.166,59.24,1
4269,1.9228,50.13,12.491,56.65,1
4270,1.7303,51.15,12.61,58.64,0
4271,1.7129,52.14,12.942,56.04,1
4272,1.574,47.95,14.099,54.06,0
4273,1.6083,46.44,11.679,68.69,0
4274,1.4524,53.5,13.276,53.26,1
4275,1.7426,51.84,12.811,55.7,1
4276,1.6646,52.25,12.206,46.23,1
4277,1.5711,48.01,12.258,61.1,1
4278,1.748,50.89,12.049,52.84,0
4279,1.8124,49.01,12.253,54.84,1
4280,2.0745,45.81,12.0,53.37,1
4281,1.4787,51.17,12.3,55.82,0
4282,1.8829,49.38,12.798,41.96,1
4283,1.8693,48.27,11.99,64.87,0
4284,1.5896,47.19,11.734,58.81,1
4285,1.7737,44.72,11.309,57.73,1
4286,1.6484,49.23,13.823,46.72,0
4287,1.759,49.1,11.533,62.2,1
4288,1.9156,47.5,12.106,54.92,0
4289,1.7865,50.65,12.286,68.51,0
4290,1.7919,44.22,11.369,65.34,1
4291,1.6521,45.89,12.171,73.0,0
4292,1.482,45.46,11.799,62.94,1
4293,1.66,46.22,11.638,69.39,1
4294,1.8855,45.66,11.525,63.46,0
4295,1.452,47.38,12.311,56.59,0
4296,1.5261,44.82,11.96,61.84,0
4297,1.7196,44.39,11.649,55.4,0
4298,1.5201,48.97,12.422,75.22,0
4299,1.5474,50.85,12.367,57.78,0
4300,1.621,46.44,11.809,61.22,0
4301,1.4647,44.02,11.36,65.5,0
4302,1.5259,48.12,12.313,50.52,0
4303,1.7756,42.32,11.631,73.65,1
4304,1.4729,43.42,12.057,54.31,0
4305,1.4091,43.68,10.879,52.59,1
4306,1.5776,41.84,12.148,62.12,0
4307,1.7696,44.31,11.288,51.58,1
4308,1.6073,42.68,11.34,75.12,0
4309,1.6074,44.34,11.292,59.95,1
4310,1.658,43.08,11.428,36.66,1
4311,1.3683,42.01,11.524,64.72,0
4312,1.706,42.73,11.627,67.1,0
4313,1.6887,42.34,12.071,59.67,0
4314,1.5982,44.33,11.783,50.57,0
4315,1.771,41.59,11.344,61.88,1
4316,1.4573,44.88,11.349,57.69,0
4317,1.7858,43.09,11.31,54.88,1
4318,1.6424,42.6,11.847,54.27,0
4319,1.5658,44.82,11.978,63.2,1
4320,1.6391,39.71,10.427,71.4,0
4321,1.5956,40.49,11.517,68.13,0
4322,1.7982,44.23,12.041,47.35,1
4323,1.4359,40.63,10.668,69.18,0
4324,1.5083,35.52,10.346,73.29,0
4325,1.7605,40.51,10.699,75.16,0
4326,1.4754,40.42,10.538,55.49,0
4327,1.7107,33.99,10.072,66.9,0
4328,1.8624,42.59,11.433,67.45,0
4329,1.536,38.38,10.687,61.41,0
4330,1.6793,39.39,13.263,68.12,0
4331,1.3874,39.26,11.133,65.04,1
4332,1.7061,37.26,10.577,59.14,0
4333,1.6147,36.71,10.672,59.7,0
4334,1.6633,37.62,10.515,75.95,1
4335,1.4831,40.49,11.462,55.75,0
4336,1.3206,38.9,10.764,56.3,1
4337,1.6432,36.65,10.78,68.66,0
4338,1.3047,35.7,10.237,66.66,1
4339,1.5263,40.32,10.502,53.49,1
4340,1.7308,40.52,10.752,59.36,1
4341,1.6217,38.53,10.989,57.89,0
4342,1.8919,38.21,10.496,60.56,1
4343,1.7398,37.36,10.653,86.07,1
4344,1.4774,33.7,10.166,65.09,0
4345,1.576,35.28,10.623,60.06,1
4346,1.5612,35.42,9.914,83.9,0
4347,1.3329,32.8,9.928,75.78,0
4348,1.3927,39.06,10.516,71.45,0
4349,1.4584,33.79,9.625,61.5,0
4350,1.2446,38.1,10.495,74.86,0
4351,1.5633,38.11,11.331,73.0,0
4352,1.5216,37.58,9.899,68.21,0
4353,1.3194,35.61,10.721,53.35,0
4354,1.6273,33.33,10.304,67.44,0
4355,1.6466,39.17,12.134,79.57,0
4356,1.5698,34.11,9.748,69.57,0
4357,1.5188,34.28,9.884,64.24,0
4358,1.6559,32.77,9.493,66.69,0
4359,1.684,33.32,10.274,67.97,0
4360,1.6395,34.44,9.824,60.62,0
4361,1.4603,34.7,9.875,68.6,0
4362,1.6204,30.84,9.29,80.95,0
4363,1.7187,30.78,10.177,80.86,0
4364,1.4437,30.81,9.912,64.59,1
4365,1.8349,35.01,10.674,77.41,0
4366,1.4953,30.95,9.054,75.54,0
4367,1.5534,30.94,9.89,74.87,1
4368,1.459,35.13,9.69,71.02,0
4369,1.5709,30.65,9.726,63.43,0
4370,1.2699,29.94,9.592,67.48,0
4371,1.4714,29.68,9.594,77.39,0
4372,1.3579,33.6,10.495,58.3,0
4373,1.5573,34.45,10.345,59.35,0
4374,1.6934,31.66,9.237,71.27,0
4375,1.664,32.15,9.976,62.67,0
4376,1.1892,28.13,9.446,77.92,0
4377,1.8518,34.4,9.922,61.17,0
4378,1.5622,30.36,9.102,72.09,0
4379,1.4281,31.61,10.721,71.99,0
4380,1.5744,29.2,10.079,67.15,0
4381,1.5739,28.67,9.285,68.88,0
4382,1.453,32.31,9.813,63.84,0
4383,1.568,30.23,8.798,69.91,0
4384,1.4697,32.25,10.018,61.88,0
4385,1.4925,28.94,9.336,68.79,0
4386,1.4281,27.43,8.813,78.27,0
4387,1.3021,27.27,9.413,62.91,1
4388,1.5545,28.09,9.647,68.05,0
4389,1.666,25.75,8.92,76.75,0
4390,1.6319,25.78,8.777,56.23,0
4391,1.6809,29.98,9.562,85.56,0
4392,1.6259,25.24,9.024,80.83,0
4393,1.4647,26.6,8.781,59.57,0
4394,1.6782,26.86,9.342,55.15,0
4395,1.3694,24.16,8.451,73.34,0
4396,1.4255,28.81,9.949,61.96,0
4397,1.4352,24.38,8.814,80.68,0
4398,1.7423,26.24,8.74,76.25,1
4399,1.6701,26.27,8.757,73.76,0
4400,1.6387,25.33,8.524,68.33,0
4401,1.7333,22.81,9.279,85.7,0
4402,1.4313,27.79,9.924,78.34,0
4403,1.6003,27.04,9.414,76.68,0
4404,1.5824,25.38,9.354,83.0,0
4405,1.6743,28.17,9.251,62.96,0
4406,1.5016,27.72,9.543,81.95,0
4407,1.5265,23.93,9.108,70.85,0
4408,1.6632,25.43,8.562,76.07,0
4409,1.7221,30.0,9.643,68.84,0
4410,1.4672,27.89,9.625,56.28,0
4411,1.5708,26.48,9.277,80.01,0
4412,1.4278,27.01,8.613,57.92,0
4413,1.1928,27.67,8.564,63.79,0
4414,1.6207,26.95,9.02,68.22,0
4415,1.6757,26.84,8.518,56.2,0
4416,1.6356,25.16,8.308,64.28,0
4417,1.2823,30.75,9.398,71.69,1
4418,1.554,31.08,9.4,66.59,0
4419,1.265,26.93,9.368,70.5,0
4420,1.7919,30.45,9.712,63.14,0
4421,1.4196,28.38,9.054,71.11,1
4422,1.7793,29.87,9.741,68.36,0
4423,1.7433,29.4,9.568,57.42,0
4424,1.4535,29.71,8.764,68.72,0
4425,1.4164,34.31,10.27,57.91,0
4426,1.6349,30.16,8.927,77.64,0
4427,1.5078,28.76,9.521,67.57,0
4428,1.6515,29.38,8.828,90.65,0
4429,1.5443,32.36,10.071,75.95,0
4430,1.306,27.77,9.574,70.21,0
4431,1.2881,29.76,9.32,74.74,0
4432,1.6535,34.89,10.756,51.23,1
4433,1.5234,32.58,10.086,76.54,0
4434,1.51,32.52,10.149,62.32,0
4435,1.7178,35.58,10.884,67.34,0
4436,1.8161,32.78,10.071,61.95,0
4437,1.575,31.08,9.85,64.51,0
4438,1.6097,33.24,9.648,67.46,0
4439,1.7271,30.57,9.69,70.5,0
4440,1.4644,36.38,10.086,66.67,0
4441,1.648,34.74,9.766,67.03,0
4442,1.7637,36.44,10.171,52.85,0
4443,1.7499,36.36,10.491,84.94,0
4444,1.3901,34.1,9.92,70.64,0
4445,1.525,32.52,10.476,72.52,0
4446,1.5503,34.44,9.751,64.13,0
4447,1.6857,32.87,9.776,61.26,0
4448,1.7118,35.65,10.785,68.63,0
4449,1.8782,36.75,10.894,67.83,1
4450,1.6261,36.52,10.887,78.2,0
4451,1.5895,36.13,9.948,83.84,0
4452,1.8622,35.15,10.803,79.13,0
4453,1.7144,38.09,10.407,51.49,1
4454,1.9126,33.62,10.221,63.63,0
4455,1.7617,32.06,10.071,71.84,0
4456,1.5278,37.37,10.524,62.39,0
4457,1.5083,39.02,10.552,64.5,0
4458,1.4348,38.39,10.57,48.77,0
4459,1.7971,35.51,9.9,73.9,0
4460,1.9321,35.49,10.569,52.19,1
4461,2.0311,38.67,10.835,53.18,1
4462,1.8505,38.16,10.615,57.31,0
4463,1.8798,37.74,10.739,64.41,0
4464,1.635,42.88,11.301,50.25,1
4465,1.566,36.97,10.66,57.57,0
4466,1.8457,42.39,11.436,72.51,0
4467,1.7876,39.35,11.555,63.78,0
4468,1.7524,35.3,10.386,70.47,0
4469,1.7914,39.71,10.876,54.64,1
4470,1.7993,41.54,11.234,62.7,0
4471,1.9233,39.08,10.719,64.26,0
4472,1.9424,37.63,10.797,59.73,1
4473,1.8324,39.94,11.786,63.91,0
4474,1.8898,38.98,10.224,50.63,0
4475,1.8046,41.23,11.474,66.71,1
4476,1.7066,42.69,11.895,59.87,0
4477,1.8588,38.44,10.495,62.78,0
4478,1.568,39.74,10.989,71.5,0
4479,1.9141,42.81,10.93,66.02,0
4480,1.5727,40.16,11.011,61.48,1
4481,1.8212,39.69,10.752,55.41,0
4482,1.6532,39.26,10.626,75.53,0
4483,1.9013,41.67,11.258,52.39,1
4484,1.786,42.05,11.605,67.01,1
4485,1.5539,40.93,11.46,50.98,0
4486,1.8837,42.86,11.577,69.62,0
4487,1.7213,45.14,12.04,68.83,1
4488,1.9268,41.28,11.367,48.58,0
4489,1.786,39.41,10.909,68.53,0
4490,1.8862,44.33,12.59,64.62,1
4491,1.6723,43.14,11.017,67.85,0
4492,1.7322,42.29,10.563,65.72,0
4493,1.7728,44.42,11.263,53.06,1
4494,1.9571,46.44,11.598,59.25,1
4495,2.0965,39.83,11.341,77.06,1
4496,1.7079,44.75,11.676,53.78,0
4497,1.9976,49.67,12.792,60.87,1
4498,1.5206,45.79,11.559,70.02,0
4499,1.6678,46.96,12.483,52.19,1
4500,1.7191,48.12,12.275,47.84,0
4501,1.6559,46.88,11.808,50.44,1
4502,1.6136,47.41,12.567,62.86,0
4503,1.9189,47.23,11.834,50.13,0
4504,1.8132,46.87,13.828,58.4,0
4505,1.9237,46.72,12.753,72.04,1
4506,1.972,46.47,11.585,58.91,1
4507,1.9376,45.87,11.863,54.87,0
4508,1.9635,46.89,12.091,61.15,0
4509,1.8697,44.78,11.694,60.47,0
4510,1.7334,45.83,12.406,65.28,0
4511,2.0387,47.33,11.767,72.33,1
4512,1.7743,46.65,12.194,63.99,1
4513,1.7506,46.38,11.618,76.76,0
4514,1.8451,48.01,12.134,63.61,1
4515,1.768,48.77,12.586,53.04,1
4516,1.8376,50.08,13.439,76.28,0
4517,1.9856,48.19,11.77,58.19,0
4518,1.9797,51.48,13.567,48.8,0
4519,1.7834,49.84,12.109,75.84,0
4520,1.8852,50.66,12.067,52.86,1
4521,2.1011,50.41,11.836,51.79,0
4522,2.0023,49.93,12.632,53.86,1
4523,2.2275,52.1,12.496,58.43,1
4524,2.1273,53.19,12.522,64.44,1
4525,2.1056,53.22,13.03,35.69,1
4526,1.7458,51.13,12.664,65.01,1
4527,2.0717,52.84,12.649,52.87,0
4528,1.9755,53.85,13.053,52.14,0
4529,1.8946,50.23,13.55,71.41,0
4530,2.0,52.15,12.55,59.68,1
4531,2.1276,52.08,13.149,60.75,1
4532,2.0244,54.06,13.276,55.85,1
4533,1.8191,53.41,12.604,61.83,1
4534,2.1134,51.73,12.994,69.75,1
4535,1.8635,49.43,11.979,39.15,0
4536,2.0259,53.04,12.713,65.52,0
4537,1.9399,50.69,12.596,69.98,0
4538,1.9536,49.04,11.894,62.19,0
4539,2.124,50.49,12.628,52.12,1
4540,1.8373,54.8,13.46,46.98,1
4541,2.27,56.7,13.092,73.5,1
4542,1.7278,54.14,12.732,48.21,1
4543,1.8989,54.1,13.119,66.87,1
4544,2.0634,56.81,13.31,57.52,1
4545,2.0999,51.54,12.775,73.91,0
4546,2.0104,54.52,12.789,52.41,1
4547,1.9926,54.53,13.468,43.01,1
4548,2.0722,55.17,13.247,53.97,0
4549,1.9686,53.58,13.142,43.89,1
4550,2.2793,53.89,13.629,77.46,0
4551,2.1597,56.93,13.374,59.73,1
4552,2.1523,59.47,14.122,59.04,1
4553,1.8721,58.22,13.64,59.87,1
4554,2.0332,55.59,13.658,49.33,1
4555,1.9918,53.23,13.328,54.87,1
4556,1.8942,54.37,12.917,57.57,0
4557,2.1063,59.45,14.112,68.18,0
4558,1.9735,55.68,13.961,45.45,1
4559,2.1761,56.94,13.65,48.62,1
4560,1.9102,60.29,14.193,49.27,1
4561,2.3114,54.61,13.232,49.85,1
4562,1.9149,61.38,14.999,39.8,1
4563,2.1257,58.08,13.749,32.16,1
4564,2.2044,55.42,13.138,40.02,1
4565,1.9681,57.25,13.727,62.94,1
4566,2.1903,57.38,14.007,52.97,1
4567,1.8721,59.14,13.51,58.8,1
4568,2.3021,57.78,13.148,49.02,1
4569,2.0819,55.78,13.329,54.46,1
4570,2.0068,58.25,14.671,65.79,0
4571,2.0513,57.43,14.472,66.6,0
4572,2.2534,59.77,13.911,59.03,1
4573,1.9787,58.44,13.937,54.94,1
4574,1.9745,59.47,13.981,56.4,1
4575,2.0684,61.17,14.129,54.31,1
4576,1.9441,59.76,14.525,50.54,1
4577,2.4129,61.76,14.115,47.86,1
4578,2.0218,63.22,14.766,60.02,0
4579,2.2342,59.26,14.156,42.98,1
4580,2.166,60.6,14.406,63.22,0
4581,1.9523,55.29,13.192,52.82,1
4582,2.1335,62.84,15.447,40.45,0
4583,2.27,61.19,14.513,46.78,1
4584,2.0786,61.54,14.217,45.62,0
4585,2.2724,62.89,14.229,45.52,1
4586,2.2622,64.93,14.866,44.14,1
4587,2.2368,62.56,14.613,45.94,0
4588,2.0582,61.29,14.105,48.93,1
4589,1.9815,64.87,14.576,49.37,1
4590,2.017,60.74,14.09,57.77,1
4591,2.1855,62.79,14.39,48.99,1
4592,2.2084,66.09,14.103,50.7,0
4593,1.8043,63.09,14.674,49.81,1
4594,2.141,60.0,13.939,56.34,1
4595,2.1897,60.95,14.137,52.34,1
4596,2.1025,64.97,15.251,43.61,1
4597,2.3239,67.96,16.223,40.86,1
4598,2.2194,62.05,14.563,52.41,1
4599,2.2964,66.69,14.689,59.11,1
4600,2.0719,68.77,14.83,45.84,1
4601,2.2619,69.71,15.785,40.46,1
4602,2.3638,66.17,14.972,45.92,1
4603,2.3228,67.76,15.5,43.52,1
4604,1.9737,61.76,14.127,45.91,1
4605,2.0968,70.59,15.455,34.45,1
4606,2.0868,66.38,15.856,46.25,1
4607,2.2278,65.5,14.937,51.57,0
4608,2.2479,66.28,14.884,39.65,1
4609,2.0075,69.75,16.459,39.09,1
4610,2.138,72.07,15.262,38.21,1
4611,1.8468,67.8,14.482,36.62,1
4612,2.3618,71.65,15.757,38.5,1
4613,2.0793,68.98,15.68,46.04,0
4614,2.1486,66.12,15.112,37.73,0
4615,2.1121,71.39,15.575,44.63,1
4616,2.3169,68.1,15.142,41.68,1
4617,1.7135,72.07,15.481,37.65,1
4618,2.1351,71.81,15.754,47.82,1
4619,2.114,71.47,16.148,40.87,1
4620,2.0955,73.37,15.786,40.5,1
4621,2.4245,72.96,16.202,54.42,1
4622,1.9824,69.12,16.015,39.03,1
4623,2.2733,68.4,15.504,60.0,1
4624,2.2046,66.43,15.552,45.84,1
4625,2.335,74.45,16.487,34.85,1
4626,2.0306,71.26,15.566,41.62,1
4627,2.0789,72.49,16.125,44.89,1
4628,2.3003,69.72,15.496,56.99,1
4629,2.216,73.99,16.258,50.93,1
4630,1.9351,70.09,15.086,46.8,1
4631,2.0679,69.94,15.624,57.07,1
4632,2.2277,71.34,16.085,30.63,1
4633,2.2534,71.02,15.919,47.47,1
4634,2.0594,73.24,15.778,46.66,1
4635,1.6894,72.79,15.275,47.23,1
4636,2.2307,74.34,16.116,30.72,1
4637,1.9613,72.77,15.317,36.95,1
4638,1.8434,71.53,15.437,43.97,1
4639,1.7239,72.09,15.744,54.7,1
4640,2.2803,76.82,16.14,56.92,1
4641,2.1587,74.67,16.246,38.65,1
4642,2.1318,69.82,15.444,35.68,1
4643,2.3538,73.01,15.711,51.72,1
4644,2.236,74.76,15.669,64.96,1
4645,2.3996,77.49,16.409,50.22,1
4646,1.9281,76.3,16.263,36.23,1
4647,2.1435,71.77,15.576,67.19,1
4648,1.9092,79.74,16.855,46.37,1
4649,2.1189,75.13,15.746,36.66,1
4650,2.1217,78.72,16.593,56.72,1
4651,2.2147,73.35,16.16,37.23,1
4652,2.1277,71.75,15.281,40.43,1
4653,2.2069,73.99,16.378,50.09,1
4654,2.2285,70.19,14.786,46.34,1
4655,2.4479,80.8,16.736,40.24,1
4656,2.0906,76.48,16.67,42.42,1
4657,2.0073,74.96,16.62,51.8,1
4658,2.1696,77.21,17.394,22.51,1
4659,1.9825,77.55,17.258,43.92,1
4660,2.3438,78.53,16.608,39.11,1
4661,2.0714,80.18,17.19,34.18,1
4662,2.0286,77.6,16.504,35.88,1
4663,2.0652,76.17,16.024,21.27,1
4664,2.2478,80.29,17.165,34.07,1
4665,2.1033,80.24,16.637,50.95,1
4666,2.0051,78.68,17.519,47.59,1
4667,2.3808,83.15,16.977,36.79,1
4668,1.9384,78.2,16.98,30.09,1
4669,2.1018,77.5,16.434,48.22,1
4670,2.1953,80.73,16.902,50.61,1
4671,1.8377,78.46,17.047,49.4,1
4672,2.1973,80.91,16.974,32.27,1
4673,1.9244,79.62,16.516,33.84,1
4674,2.2203,78.53,16.469,53.8,1
4675,1.9698,84.35,18.505,27.79,1
4676,2.1771,80.2,16.532,43.85,1
4677,2.2478,79.72,16.892,26.94,1
4678,2.218,82.66,17.472,35.31,1
4679,2.1226,78.97,16.688,45.12,1
4680,2.0612,80.66,16.684,39.74,1
4681,1.9979,82.9,17.18,42.66,1
4682,2.2998,83.55,17.511,27.97,1
4683,1.9744,84.29,17.373,30.29,1
4684,1.9509,81.09,17.582,43.84,1
4685,2.1539,83.99,18.005,43.65,1
4686,1.9367,81.08,17.031,41.46,1
4687,1.9085,81.94,17.319,47.22,1
4688,1.8583,85.29,16.943,24.16,1
4689,2.0187,83.31,17.719,35.49,1
4690,2.0536,83.23,17.555,52.86,1
4691,2.1095,83.66,17.387,48.68,1
4692,2.1944,82.94,16.801,44.41,1
4693,2.1425,86.23,18.239,35.77,1
4694,2.0252,85.69,17.429,45.34,1
4695,2.0286,79.71,17.318,43.71,1
4696,2.1171,85.18,18.157,25.34,1
4697,2.2349,83.26,17.041,46.26,1
4698,2.0705,88.51,18.699,28.47,1
4699,1.9419,82.09,17.194,44.1,1
4700,1.8668,85.05,17.993,24.92,1
4701,1.8178,86.99,17.48,49.37,1
4702,2.1283,85.81,18.648,34.11,1
4703,2.1314,87.51,18.546,27.11,1
4704,2.095,83.34,17.623,32.63,1
4705,1.9835,89.99,18.522,31.93,1
4706,2.2395,88.18,17.636,36.19,1
4707,1.9538,89.05,18.056,45.05,0
4708,2.1298,88.44,19.061,35.25,1
4709,2.0101,87.33,18.27,18.97,1
4710,1.9068,85.15,17.217,27.46,1
4711,2.0811,86.85,17.669,58.42,1
4712,2.0071,91.31,19.328,34.86,1
4713,2.0441,90.99,18.894,40.85,1
4714,1.9961,86.96,17.756,33.85,1
4715,1.964,82.98,16.79,30.33,1
4716,2.3269,88.43,18.125,30.93,1
4717,2.1602,88.62,17.69,36.5,1
4718,2.0863,86.96,18.087,31.24,1
4719,1.9673,91.1,19.965,49.46,1
4720,2.0676,91.03,18.292,28.75,1
4721,2.0499,91.26,18.485,24.58,1
4722,1.9797,90.95,19.131,40.34,1
4723,1.8982,86.15,18.323,43.47,1
4724,1.8975,89.37,18.181,35.09,1
4725,1.4615,95.19,19.117,26.35,1
4726,1.9992,90.89,18.261,17.51,1
4727,1.8665,91.62,18.613,43.38,1
4728,2.1539,91.87,18.9,39.72,1
4729,1.9358,91.98,19.385,29.58,1
4730,1.7417,85.73,17.633,36.8,1
4731,1.9253,91.27,18.599,31.7,1
4732,1.7704,92.06,18.232,46.52,1
4733,2.005,95.28,19.214,22.73,1
4734,1.9404,91.9,19.196,27.39,1
4735,2.0609,89.44,18.744,28.51,1
4736,1.7883,94.28,18.879,34.69,1
4737,1.9039,90.72,18.605,34.45,1
4738,1.7068,91.28,18.209,35.24,1
4739,1.9892,91.68,19.398,26.05,1
4740,1.9493,95.17,18.948,43.15,1
4741,1.9382,96.16,19.004,26.91,1
4742,1.9058,94.6,19.597,40.77,1
4743,1.9495,94.53,19.399,55.95,1
4744,2.0978,96.39,19.359,24.22,1
4745,1.8356,94.85,19.063,34.09,1
4746,1.9,96.76,19.281,29.52,1
4747,1.7134,89.14,18.28,50.21,1
4748,1.7388,95.75,18.881,28.69,1
4749,1.8492,93.95,18.666,34.43,1
4750,2.0132,98.55,20.272,31.51,1
4751,1.8109,94.34,18.914,29.78,1
4752,1.8095,96.19,19.283,36.53,1
4753,1.788,92.8,18.821,33.27,1
4754,1.7567,98.36,19.977,33.11,1
4755,1.8694,97.51,20.278,31.78,1
4756,1.5921,97.34,19.902,24.69,1
4757,1.99,95.49,19.439,28.83,1
4758,1.7017,95.26,19.028,34.97,1
4759,1.907,98.17,19.453,34.55,1
4760,1.6236,95.93,19.196,40.96,1
4761,1.9111,99.01,19.979,43.52,1
4762,1.9189,93.09,19.227,27.59,1
4763,1.8422,97.12,19.913,31.69,1
4764,1.6561,101.89,20.768,25.56,1
4765,1.8263,98.95,19.544,20.24,1
4766,1.5881,98.94,19.912,33.35,1
4767,1.7563,103.14,20.401,32.56,1
4768,1.9731,94.67,18.911,22.86,1
4769,1.8795,98.33,19.785,26.76,1
4770,1.7812,98.28,20.298,25.64,1
4771,1.6121,101.11,20.18,15.1,1
4772,1.8669,102.2,20.295,26.7,1
4773,1.7751,98.19,19.319,19.9,1
4774,1.4219,103.1,20.473,27.8,1
4775,1.9018,99.46,19.88,30.69,1
4776,1.7677,102.81,20.632,30.21,1
4777,1.9001,99.69,19.985,32.66,1
4778,1.5926,100.51,20.136,40.02,1
4779,1.2556,101.13,19.888,22.03,1
4780,1.7865,104.12,20.464,19.57,1
4781,1.7665,100.61,20.103,33.19,1
4782,1.4716,102.78,20.119,26.41,1
4783,1.5938,103.17,20.433,35.27,1
4784,2.1336,104.54,20.606,30.69,1
4785,1.6863,104.65,20.81,41.39,1
4786,1.8334,102.63,20.155,25.91,1
4787,1.6354,101.91,20.159,15.13,1
4788,1.4017,101.77,20.476,29.2,1
4789,1.6988,103.49,20.286,26.28,1
4790,1.7075,104.34,21.096,30.21,1
4791,1.6499,102.72,21.008,31.09,1
4792,1.6856,104.45,20.262,22.0,1
4793,1.7518,101.54,20.324,20.12,1
4794,1.6399,104.49,20.918,23.25,1
4795,1.5264,104.76,20.525,6.43,1
4796,1.7636,106.62,20.831,24.45,1
4797,1.3831,105.28,20.951,22.08,1
4798,1.3652,101.58,20.286,34.11,1
4799,1.786,104.76,21.348,9.71,1
4800,1.778,105.54,20.845,25.42,1
4801,1.6709,107.31,20.822,36.57,1
4802,1.453,100.38,19.813,33.21,1
4803,1.5387,105.06,21.172,33.07,1
4804,1.6028,105.78,20.405,27.5,1
4805,1.4233,103.49,19.813,12.74,1
4806,1.544,104.64,20.739,26.91,1
4807,1.7247,102.92,20.991,30.2,1
4808,1.8377,102.39,21.15,17.88,1
4809,1.5834,102.73,20.52,25.62,1
4810,1.7702,101.77,20.897,3.69,1
4811,1.3945,105.21,20.895,22.68,1
4812,1.7203,101.01,19.858,23.54,1
4813,1.4983,101.06,20.218,39.25,1
4814,1.6693,106.73,20.694,20.09,1
4815,1.5745,104.26,20.803,23.27,1
4816,1.879,98.77,19.875,29.02,1
4817,1.4771,100.35,19.739,23.02,1
4818,1.7278,102.13,19.704,32.48,1
4819,1.5826,101.9,20.271,11.21,1
4820,1.5891,97.61,19.084,38.68,1
4821,1.5976,103.15,20.226,26.12,1
4822,1.4695,101.92,20.658,36.86,1
4823,1.6363,101.46,19.828,5.33,1
4824,1.5714,103.32,21.119,7.14,1
4825,1.6206,102.04,20.94,24.85,1
4826,1.5878,100.64,19.812,31.4,1
4827,1.7218,102.98,20.313,21.94,1
4828,1.7249,101.78,20.814,31.69,1
4829,1.4556,98.97,19.536,37.18,1
4830,1.7339,99.53,19.661,33.24,1
4831,1.4285,97.9,19.95,30.97,1
4832,1.6971,100.59,19.604,29.36,1
4833,1.6582,100.39,20.717,23.75,1
4834,1.2977,95.96,19.644,30.64,1
4835,1.6187,98.32,19.909,21.22,1
4836,1.4936,98.57,19.843,22.64,1
4837,1.4685,96.74,19.219,33.77,1
4838,1.7689,98.87,19.636,25.81,1
4839,1.4442,98.89,20.708,22.93,1
4840,1.4837,97.94,19.629,33.72,1
4841,1.5921,97.51,20.097,32.66,1
4842,1.674,100.19,20.217,27.07,1
4843,1.5323,97.79,20.475,28.67,1
4844,1.7394,97.3,19.088,33.39,1
4845,1.639,94.88,19.122,39.4,1
4846,1.2443,97.98,20.402,31.34,1
4847,1.5185,97.61,19.905,20.47,1
4848,1.4988,98.36,20.459,27.53,1
4849,1.635,96.29,19.459,27.93,1
4850,1.1634,91.35,18.486,25.33,1
4851,1.9468,92.21,18.67,36.87,1
4852,1.6466,96.38,19.233,34.67,1
4853,1.5567,93.45,19.542,37.99,1
4854,1.7455,94.97,19.634,22.89,1
4855,1.921,94.86,19.182,33.31,1
4856,1.6869,94.09,19.214,31.68,1
4857,1.6903,93.54,19.185,34.16,1
4858,1.6136,92.61,19.141,33.87,1
4859,1.502,93.33,19.525,32.28,1
4860,1.48,91.96,18.434,31.55,1
4861,1.4505,93.18,18.925,41.83,1
4862,1.443,92.4,18.478,26.09,1
4863,1.3346,91.76,18.72,30.96,1
4864,1.4978,94.37,19.568,40.42,1
4865,1.2938,91.97,18.52,26.71,1
4866,1.5963,94.37,18.859,26.49,1
4867,1.5465,95.66,19.22,37.5,1
4868,1.5661,93.62,19.213,20.34,1
4869,1.4636,93.08,18.658,38.15,1
4870,2.0138,92.22,18.511,28.12,1
4871,1.7792,92.76,18.791,35.67,1
4872,1.3476,91.45,18.311,23.03,1
4873,1.6011,92.73,18.753,41.93,1
4874,1.426,92.44,18.8,24.06,1
4875,1.3881,89.39,18.366,39.56,1
4876,1.3466,92.16,18.389,23.41,1
4877,1.5965,90.72,18.006,48.28,1
4878,1.4659,89.25,18.428,34.06,1
4879,1.6878,89.46,18.75,50.27,1
4880,1.7028,89.56,19.278,27.58,1
4881,1.7415,91.06,20.376,30.27,1
4882,1.4145,91.07,19.508,43.45,1
4883,1.6157,90.08,17.915,22.97,1
4884,1.6466,90.25,17.969,28.43,1
4885,1.4704,91.04,18.754,38.16,1
4886,1.4222,88.66,17.94,27.16,1
4887,1.7853,85.92,17.726,40.65,1
4888,1.5676,90.26,20.005,35.35,1
4889,1.6372,86.72,17.699,24.18,1
4890,1.4578,86.09,17.626,43.66,1
4891,1.3558,84.23,18.286,27.63,1
4892,1.4784,87.92,17.84,42.17,1
4893,1.5504,84.64,17.598,39.45,1
4894,1.3797,84.44,18.381,33.56,1
4895,1.5717,88.19,18.113,27.12,1
4896,1.2901,87.98,18.022,38.88,1
4897,1.3992,85.35,18.17,30.7,1
4898,1.6975,84.8,17.615,46.28,1
4899,1.6273,82.92,17.311,47.69,1
4900,1.5206,83.66,17.766,50.8,0
4901,1.3933,85.65,17.311,38.94,1
4902,1.4046,84.36,18.383,34.44,1
4903,1.5306,84.59,17.963,35.4,1
4904,1.6867,81.97,17.247,36.62,1
4905,1.7134,87.35,17.232,38.49,1
4906,1.4619,85.86,17.293,40.15,1
4907,1.3954,84.98,17.808,46.91,1
4908,1.6169,86.59,18.572,36.12,1
4909,1.4539,81.03,16.999,27.56,1
4910,1.4658,82.6,17.668,35.83,1
4911,1.752,79.32,16.471,53.13,1
4912,1.7143,89.16,18.42,22.16,1
4913,1.6193,81.65,17.574,44.77,1
4914,1.3809,84.87,18.035,33.59,1
4915,1.6189,80.3,16.697,33.36,1
4916,1.7315,83.37,17.726,41.46,1
4917,1.5288,85.28,17.329,48.94,0
4918,1.8159,81.91,17.014,42.55,1
4919,1.7321,79.27,16.972,38.81,1
4920,1.8293,81.21,17.028,28.69,1
4921,1.6037,76.78,16.099,40.62,1
4922,1.6729,80.92,17.523,28.69,1
4923,1.8206,83.43,16.609,36.0,1
4924,1.6877,80.36,16.98,39.5,1
4925,1.5075,80.04,17.025,21.24,1
4926,1.5388,80.84,16.991,51.11,1
4927,1.6077,81.25,17.9,29.92,1
4928,1.3953,76.43,16.058,41.32,0
4929,1.5604,79.69,16.953,44.89,0
4930,1.7869,84.25,17.459,47.9,1
4931,1.2934,76.42,16.866,35.48,1
4932,1.8631,79.46,17.819,21.24,1
4933,1.7999,81.92,17.39,47.15,1
4934,1.5473,80.86,17.478,29.39,1
4935,1.6737,77.54,17.459,44.84,1
4936,1.6192,78.44,17.802,44.42,1
4937,1.8152,78.42,16.806,15.15,1
4938,1.7948,76.59,16.894,29.75,1
4939,1.4439,76.58,16.79,38.97,1
4940,1.7513,76.45,17.156,20.9,1
4941,1.6265,78.37,16.855,31.24,1
4942,1.6723,75.17,16.525,43.74,0
4943,1.5653,74.48,16.379,42.84,1
4944,1.9154,76.98,16.546,44.95,1
4945,1.8039,79.63,17.077,43.92,1
4946,1.5494,77.14,16.188,29.02,1
4947,1.4676,76.09,16.264,32.89,1
4948,1.5818,78.3,17.32,48.47,1
4949,1.7518,74.78,16.495,55.13,1
4950,1.7282,79.38,16.496,32.83,1
4951,1.879,75.46,16.134,45.15,1
4952,1.8089,76.72,16.921,49.65,1
4953,1.8419,73.36,15.728,46.22,1
4954,1.7483,75.4,15.837,41.23,1
4955,1.4723,76.17,15.813,37.94,1
4956,1.6767,74.09,15.782,60.02,1
4957,1.8736,73.09,15.775,44.56,1
4958,1.6781,72.05,15.548,47.47,1
4959,1.7544,73.95,16.858,46.28,1
4960,1.6768,74.25,16.067,36.97,1
4961,1.5743,73.26,15.651,44.74,0
4962,1.6849,73.83,15.661,41.36,0
4963,1.7476,72.7,15.894,41.66,1
4964,1.6026,72.81,15.223,47.05,0
4965,1.6871,71.77,15.54,37.4,1
4966,1.5832,73.35,17.122,35.54,1
4967,1.9002,77.1,16.787,45.63,1
4968,1.6971,71.48,16.047,41.35,1
4969,1.9646,73.85,16.542,41.27,1
4970,1.9498,72.26,15.684,29.66,1
4971,1.7022,70.65,15.388,53.32,0
4972,1.5782,73.78,16.909,48.65,1
4973,1.4342,71.59,15.31,51.49,1
4974,1.5195,73.15,15.81,47.77,1
4975,1.5636,69.2,15.45,33.96,1
4976,1.9625,67.76,15.106,48.88,1
4977,1.7706,70.57,15.661,41.24,1
4978,1.8081,68.03,15.185,39.93,1
4979,1.4146,69.96,16.039,49.96,1
4980,1.625,66.3,15.403,61.71,0
4981,1.8804,69.11,15.336,58.99,0
4982,1.8404,65.86,15.881,53.48,1
4983,1.7597,73.58,15.887,43.87,1
4984,1.8554,65.63,15.413,47.45,1
4985,2.0221,68.17,15.757,39.3,1
4986,1.7585,71.1,16.43,43.88,1
4987,1.7897,69.61,15.785,53.34,1
4988,1.8679,69.81,15.342,61.5,1
4989,2.1745,65.97,16.319,41.34,1
4990,1.5033,69.89,15.494,30.4,1
4991,1.9373,69.81,14.749,42.4,1
4992,1.8489,66.66,14.991,54.36,0
4993,1.9369,67.22,14.866,64.03,1
4994,1.7296,66.98,15.241,59.62,0
4995,1.8164,65.33,14.792,59.78,1
4996,1.9418,68.38,15.188,40.73,1
4997,2.2683,69.09,15.86,40.73,1
4998,1.9587,63.81,14.924,38.98,1
4999,1.7045,65.71,15.204,43.81,1
5000,1.8177,64.74,14.661,56.52,1
5001,1.7931,66.49,14.716,62.21,1
5002,1.5936,65.45,14.495,52.41,1
5003,1.7926,67.0,15.028,46.19,1
5004,1.992,63.9,14.911,41.69,1
5005,1.6578,62.88,14.542,48.7,1
5006,2.0222,67.4,15.151,49.74,0
5007,1.9218,62.98,14.2,37.99,1
5008,1.7756,61.59,13.955,58.85,0
5009,1.8629,62.69,14.138,47.57,1
5010,2.126,62.43,14.152,57.78,1
5011,2.0232,66.92,15.598,48.72,0
5012,1.8883,63.65,15.062,50.75,1
5013,1.8731,65.58,14.68,43.79,1
5014,1.8873,64.2,14.801,47.23,1
5015,1.811,64.09,14.274,54.21,1
5016,1.571,61.27,13.787,51.07,1
5017,2.2253,61.96,13.651,42.68,1
5018,1.9398,60.34,14.338,52.94,1
5019,1.9557,60.86,13.866,55.43,1
5020,1.8931,62.68,14.526,61.12,0
5021,1.8031,62.92,14.086,60.59,1
5022,1.8962,62.79,15.037,49.44,1
5023,1.6996,59.14,13.717,48.85,1
5024,2.2761,61.7,14.212,49.89,1
5025,1.7426,58.05,13.661,50.39,1
5026,1.813,60.38,14.027,55.6,1
5027,1.8966,62.1,14.325,59.75,0
5028,2.1435,60.05,13.678,62.79,1
5029,1.9672,60.91,13.864,47.68,1
5030,1.7726,58.41,13.268,49.54,1
5031,2.1759,55.17,13.076,51.37,1
5032,2.0877,60.05,14.467,36.38,1
5033,2.0461,61.79,14.247,41.83,1
5034,2.0634,56.93,13.22,54.08,0
5035,2.3624,61.33,13.557,54.41,0
5036,2.3008,58.19,13.381,57.14,0
5037,1.9162,55.03,13.069,47.97,0
5038,2.2303,55.94,13.829,50.74,1
5039,2.0391,57.17,13.665,51.54,1
5040,2.0593,57.29,13.708,51.22,0
5041,1.7588,54.36,13.013,60.2,1
5042,1.9409,53.57,13.584,46.21,0
5043,1.8866,55.59,13.239,46.45,1
5044,2.1433,57.93,13.37,50.97,0
5045,2.1722,56.3,13.483,43.6,1
5046,1.6692,55.04,14.304,39.59,1
5047,2.0399,56.6,14.572,42.56,1
5048,2.1768,58.76,13.776,51.48,1
5049,1.9962,56.11,13.48,59.53,1
5050,2.1482,56.0,13.189,60.48,1
5051,2.0882,56.54,13.832,66.64,1
5052,2.0807,53.79,12.857,57.53,1
5053,1.9964,54.79,13.231,57.27,1
5054,1.8803,53.39,13.233,53.51,1
5055,1.8826,51.58,12.538,55.66,1
5056,2.1291,53.77,12.694,72.77,1
5057,2.0722,49.9,12.485,60.74,1
5058,2.0315,57.56,13.979,56.32,0
5059,1.9639,51.08,12.494,47.89,0
5060,2.0086,57.81,13.522,56.81,1
5061,2.1772,53.29,12.79,61.81,1
5062,1.9981,54.48,12.759,64.65,1
5063,1.8606,52.61,12.743,62.61,1
5064,2.1804,51.96,12.691,55.01,1
5065,2.0324,53.94,12.581,54.67,0
5066,2.0727,53.91,13.661,55.35,1
5067,2.3379,53.85,12.918,57.71,1
5068,2.0544,51.61,12.338,67.56,0
5069,2.1107,50.2,13.635,66.16,0
5070,1.9265,47.51,12.744,65.9,1
5071,2.0377,52.82,12.846,73.04,1
5072,2.166,52.73,13.211,35.14,0
5073,1.8708,54.09,12.84,52.13,1
5074,2.1184,51.87,12.349,57.32,1
5075,2.122,48.66,12.638,53.61,1
5076,2.1206,47.67,11.651,52.46,0
5077,2.2784,51.63,12.373,43.38,1
5078,2.1462,45.95,12.441,57.83,1
5079,2.3078,48.44,12.979,66.1,0
5080,1.9243,48.7,12.2,64.99,0
5081,2.1165,49.07,12.585,52.35,1
5082,2.1369,48.61,11.943,60.98,1
5083,1.9408,50.45,12.564,69.26,1
5084,2.2362,44.37,11.785,49.37,0
5085,2.4357,48.75,12.687,57.74,1
5086,2.1109,43.79,11.611,64.01,0
5087,2.2097,50.77,13.81,58.22,1
5088,2.0865,46.3,11.734,67.54,1
5089,2.0045,43.03,11.766,50.18,1
5090,1.8441,46.41,11.38,53.05,1
5091,2.0538,46.48,12.205,66.58,0
5092,1.9241,49.89,12.578,44.9,1
5093,2.3727,46.83,12.104,66.54,0
5094,2.0967,46.98,11.842,62.9,0
5095,2.0615,48.57,12.249,64.19,0
5096,2.3016,46.33,12.011,56.67,1
5097,1.9261,48.81,13.182,63.48,1
5098,2.0233,47.4,11.897,50.88,1
5099,2.1336,42.53,11.379,58.75,0
5100,2.3109,48.94,12.492,59.85,1
5101,2.2566,42.91,11.189,55.59,1
5102,2.1639,46.86,11.829,62.16,1
5103,2.135,42.74,11.622,54.2,0
5104,2.2112,45.82,11.291,63.29,1
5105,2.1689,49.13,11.788,73.7,1
5106,1.996,43.81,11.094,52.13,0
5107,2.1509,43.43,11.431,61.75,1
5108,2.0112,44.65,13.464,48.47,1
5109,2.1556,42.73,11.631,55.58,0
5110,2.0812,47.16,12.353,65.74,1
5111,2.5375,44.15,11.447,57.99,0
5112,2.0816,43.39,12.062,68.56,0
5113,1.9179,41.34,10.727,65.88,0
5114,2.1524,40.36,11.525,63.11,1
5115,2.1936,40.73,10.87,54.88,0
5116,2.3847,41.5,10.872,68.75,0
5117,2.0732,39.89,11.375,66.31,1
5118,1.9388,40.55,11.204,51.78,1
5119,2.2928,45.17,11.727,52.71,0
5120,1.9507,39.65,10.443,42.53,0
5121,2.0617,41.27,10.978,52.15,0
5122,2.1086,41.91,11.912,60.0,0
5123,2.1412,41.32,10.856,54.47,0
5124,2.2244,41.76,11.953,57.31,0
5125,2.0276,40.91,10.916,75.48,0
5126,2.1184,41.36,11.075,71.72,0
5127,2.1564,40.31,11.753,58.14,0
5128,2.1836,40.08,10.469,70.68,0
5129,2.1461,36.21,11.119,75.96,0
5130,2.2169,39.07,11.768,69.81,0
5131,2.2481,36.62,10.348,68.78,0
5132,2.1926,37.39,10.702,74.74,0
5133,2.2073,39.04,10.494,71.29,0
5134,1.9072,39.37,11.286,54.81,0
5135,2.1539,41.74,11.905,61.92,0
5136,2.2608,36.05,11.038,61.3,1
5137,2.2316,40.01,10.786,74.32,0
5138,2.0563,38.13,11.615,60.65,1
5139,2.0547,40.91,10.83,58.43,0
5140,2.0758,38.78,10.505,73.21,1
5141,2.2171,34.88,10.704,68.87,0
5142,2.2751,34.22,10.858,85.41,1
5143,2.0655,37.1,10.296,58.69,0
5144,2.269,34.79,10.09,62.99,0
5145,2.1716,35.7,9.915,77.12,0
5146,2.1045,33.97,10.468,57.97,0
5147,2.085,36.64,10.379,77.0,0
5148,2.27,38.2,10.841,55.54,0
5149,2.1857,34.74,10.157,72.26,0
5150,2.4801,37.34,10.663,51.33,1
5151,2.0104,34.89,9.89,68.16,1
5152,2.1938,32.63,10.453,58.39,1
5153,2.056,37.22,10.459,82.05,0
5154,1.9718,32.7,9.473,59.63,1
5155,2.1353,34.09,10.15,60.54,0
5156,2.1426,33.64,9.375,72.32,1
5157,2.5532,35.41,10.07,62.33,0
5158,2.0838,31.7,9.876,74.34,1
5159,1.9708,33.89,9.452,62.02,0
5160,2.1518,32.63,8.978,62.43,1
5161,1.8232,32.37,9.261,69.11,0
5162,2.0969,25.4,9.579,63.04,1
5163,2.1316,36.98,10.322,69.0,0
5164,2.2336,33.85,9.84,75.17,1
5165,2.2648,30.99,10.124,74.47,0
5166,2.017,29.55,9.394,75.43,0
5167,2.1034,31.44,9.694,54.44,0
5168,1.9668,32.91,10.03,64.08,1
5169,1.9409,27.83,8.915,69.34,0
5170,2.1545,30.8,9.685,81.33,1
5171,1.9172,35.32,10.495,62.84,0
5172,2.0141,28.21,9.01,51.86,1
5173,1.9533,30.55,9.334,61.6,1
5174,2.1888,35.46,10.24,61.44,0
5175,2.3723,31.37,8.945,51.58,1
5176,1.9016,30.54,9.569,77.33,1
5177,1.7964,30.45,9.194,57.6,1
5178,2.0849,29.16,9.512,74.77,0
5179,2.0912,32.59,9.457,60.56,0
5180,2.1195,29.83,9.44,83.1,0
5181,2.0161,25.21,9.172,70.62,0
5182,2.0109,28.3,8.947,67.38,0
5183,2.1293,26.3,9.294,76.6,0
5184,2.2209,28.7,9.154,63.36,0
5185,1.7925,27.51,9.06,75.46,0
5186,2.0093,30.82,9.046,65.76,1
5187,2.0917,28.82,9.75,65.19,0
5188,1.9581,27.17,9.714,70.66,0
5189,2.3379,28.33,9.187,62.79,0
5190,1.9661,25.66,8.62,71.93,0
5191,2.0369,23.9,8.234,75.4,0
5192,2.1387,27.6,9.17,53.84,0
5193,1.9504,28.88,9.351,79.61,0
5194,1.7875,26.91,8.592,78.56,0
5195,1.9822,24.64,8.441,57.72,0
5196,2.22,27.86,8.928,55.78,1
5197,1.9737,26.41,8.87,79.46,0
5198,1.8798,28.59,8.899,76.22,0
5199,2.1699,27.53,9.03,75.92,0
5200,1.9901,27.88,9.11,61.01,1
5201,1.9316,26.4,8.778,86.98,0
5202,2.0434,23.92,8.659,66.49,0
5203,2.132,27.48,9.099,73.75,0
5204,2.3581,26.9,9.519,73.72,0
5205,2.1476,27.43,8.822,84.73,0
5206,2.2082,27.84,8.905,73.02,1
5207,1.9139,28.68,8.798,74.84,0
5208,1.8542,32.74,9.618,68.61,1
5209,2.0375,27.38,9.283,61.79,0
5210,2.0174,29.29,9.445,52.49,0
5211,1.8224,26.74,9.103,72.63,0
5212,1.9707,29.27,9.375,59.09,0
5213,2.0497,30.86,8.85,73.34,1
5214,2.0304,28.75,10.183,71.15,0
5215,2.0516,31.59,10.094,70.11,0
5216,2.0439,26.62,9.442,64.13,0
5217,1.8908,28.5,8.359,79.79,0
5218,1.8762,29.44,9.255,74.64,0
5219,1.7857,32.02,9.675,60.09,0
5220,2.2228,30.0,8.751,86.94,0
5221,1.9657,32.15,10.363,67.61,0
5222,1.9002,28.67,10.123,60.93,1
5223,1.8268,27.74,10.38,65.19,0
5224,2.3963,30.67,9.399,58.23,0
5225,1.8051,30.06,9.367,81.28,0
5226,1.8741,31.89,10.292,78.31,1
5227,2.0115,30.87,9.566,76.21,0
5228,2.0315,30.64,9.379,74.36,0
5229,2.0468,30.77,9.053,79.72,0
5230,2.2188,32.0,10.268,67.43,1
5231,2.027,31.93,9.79,73.1,0
5232,1.7489,31.48,9.384,62.78,0
5233,1.8847,31.22,9.994,68.15,0
5234,1.943,34.48,10.523,71.98,0
5235,2.2033,32.77,9.745,43.89,1
5236,1.6657,36.68,10.362,60.6,0
5237,2.0997,32.86,10.816,69.82,1
5238,1.9157,33.61,9.829,68.4,0
5239,2.0087,38.64,11.608,60.99,1
5240,1.8873,33.48,10.224,72.11,0
5241,1.7565,35.98,10.548,61.54,0
5242,1.9615,36.34,10.113,56.75,0
5243,1.9858,34.98,10.695,76.3,0
5244,2.0127,35.02,10.263,75.96,1
5245,1.8513,32.66,9.483,63.9,1
5246,1.7937,35.8,10.036,66.1,0
5247,1.6409,31.92,9.962,75.3,0
5248,1.9749,35.33,9.776,68.19,0
5249,1.9293,33.28,9.969,72.09,0
5250,1.6903,35.42,10.822,71.13,0
5251,1.7492,37.43,10.626,63.68,1
5252,1.7755,36.5,10.279,69.99,0
5253,1.6014,36.92,11.378,58.18,0
5254,1.7516,34.82,10.419,70.11,0
5255,1.6622,35.25,11.107,66.12,0
5256,1.7618,39.03,9.964,62.31,0
5257,1.7012,39.37,11.009,54.86,0
5258,1.5618,35.2,10.518,68.26,0
5259,2.1284,34.09,11.15,68.38,0
5260,1.9795,36.0,9.985,59.99,0
5261,1.669,39.43,11.539,52.13,1
5262,1.8622,39.67,11.985,50.72,0
5263,1.8553,37.2,9.606,65.02,0
5264,1.9899,39.64,11.148,67.57,0
5265,1.6851,41.31,11.58,77.15,0
5266,1.9728,39.91,10.908,64.53,0
5267,1.7418,42.66,11.069,50.58,0
5268,1.6022,40.99,11.481,61.97,0
5269,1.9116,36.31,10.285,75.84,0
5270,1.933,39.88,10.696,59.29,1
5271,2.1614,40.25,11.046,73.57,0
5272,1.5972,40.52,12.015,65.63,1
5273,1.8544,41.75,11.545,68.48,1
5274,1.685,41.19,11.346,78.0,0
5275,1.8653,34.81,10.266,52.16,0
5276,1.5578,37.89,10.35,72.89,1
5277,1.5272,36.38,11.094,65.72,1
5278,1.6436,40.56,11.046,55.86,0
5279,1.7669,41.76,12.02,62.48,0
5280,1.6693,42.28,11.126,76.83,0
5281,1.8173,40.47,10.767,75.06,0
5282,1.9115,42.91,11.916,46.06,1
5283,1.7799,44.04,11.492,55.56,0
5284,1.9613,39.12,10.531,72.19,0
5285,1.7578,38.88,11.935,64.4,0
5286,1.5408,42.96,11.318,62.72,1
5287,1.9096,46.79,12.389,47.74,1
5288,1.5714,46.51,12.266,53.7,0
5289,1.8503,44.67,11.174,50.41,1
5290,1.9733,41.51,11.069,50.13,0
5291,1.7338,45.74,11.497,50.5,0
5292,1.4771,42.97,11.129,54.98,0
5293,1.5621,42.93,12.604,56.23,0
5294,1.8757,39.5,10.619,57.53,1
5295,1.679,44.64,12.181,69.49,0
5296,1.711,43.12,11.886,55.07,1
5297,1.809,44.18,11.791,73.97,0
5298,1.763,40.43,10.968,59.96,0
5299,1.718,45.68,12.267,64.37,1
5300,1.6557,41.34,10.808,67.95,0
5301,1.6268,48.69,13.03,52.02,0
5302,1.7926,47.62,11.615,57.41,0
5303,1.7677,45.94,12.137,57.21,0
5304,1.6088,47.14,11.58,63.1,0
5305,1.8531,46.08,11.605,61.23,0
5306,1.6154,47.47,12.044,54.05,1
5307,1.5373,48.15,12.14,59.86,0
5308,1.5382,40.79,10.749,66.2,1
5309,1.5181,47.7,11.392,74.48,0
5310,1.595,47.2,11.809,60.37,0
5311,1.8194,47.12,12.2,60.51,1
5312,1.5069,51.28,12.717,60.97,0
5313,1.6516,46.78,11.944,53.38,1
5314,1.5424,47.35,12.828,46.66,1
5315,1.583,45.29,11.422,58.94,0
5316,1.4126,51.64,12.591,66.37,1
5317,1.598,48.21,12.357,69.04,0
5318,1.5942,48.58,12.484,44.07,1
5319,1.7084,49.36,12.244,64.75,0
5320,1.6584,50.43,12.303,40.59,0
5321,1.4277,51.18,11.916,61.93,0
5322,1.7788,54.62,13.646,58.01,0
5323,1.6619,50.41,12.814,43.69,1
5324,1.6477,48.94,12.408,66.76,1
5325,1.6333,50.04,12.422,72.71,1
5326,1.5094,49.73,12.091,58.33,1
5327,1.635,47.79,13.124,61.1,0
5328,1.6655,50.71,11.952,69.14,1
5329,1.3266,53.24,12.636,47.31,0
5330,1.4842,50.84,13.204,49.33,1
5331,1.5696,50.59,12.849,51.72,1
5332,1.6259,54.05,12.958,55.86,0
5333,1.7809,49.99,12.904,58.84,1
5334,1.482,47.51,12.566,55.48,0
5335,1.5028,50.54,12.617,55.77,0
5336,1.5152,49.75,12.355,53.77,1
5337,1.4738,52.82,13.308,52.04,1
5338,1.5614,52.32,13.082,50.87,1
5339,1.6913,52.35,14.499,50.68,1
5340,1.4181,55.4,13.305,38.8,1
5341,1.6481,51.86,12.719,54.32,1
5342,1.3364,55.97,12.69,39.42,0
5343,1.4934,57.11,13.639,59.83,0
5344,1.5078,53.48,14.093,51.62,0
5345,1.8237,55.85,14.267,53.59,1
5346,1.5017,53.49,12.85,52.86,1
5347,1.2408,56.5,13.542,52.18,1
5348,1.2541,52.27,12.31,67.12,0
5349,1.5807,51.62,12.549,46.04,1
5350,1.6559,54.16,13.068,42.28,1
5351,1.6227,54.02,12.8,57.16,1
5352,1.5837,56.05,12.72,51.08,0
5353,1.7374,55.48,13.902,57.49,1
5354,1.5262,58.3,13.82,58.71,1
5355,1.7071,56.3,12.819,45.91,0
5356,1.2955,55.09,12.318,60.12,1
5357,1.3962,57.01,13.295,46.25,1
5358,1.3034,56.1,12.656,56.02,1
5359,1.5576,54.47,12.796,45.46,1
5360,1.542,54.09,13.697,56.97,1
5361,1.5599,58.48,13.446,54.03,0
5362,1.5448,57.39,13.304,45.64,0
5363,1.407,60.6,13.698,42.03,1
5364,1.4928,55.35,12.838,61.13,0
5365,1.3364,56.93,13.855,50.17,1
5366,1.784,62.43,14.155,59.41,1
5367,1.4913,56.41,13.307,49.74,0
5368,1.4878,57.67,13.539,63.81,1
5369,1.7715,56.87,13.038,46.08,1
5370,1.3753,55.78,13.43,66.72,0
5371,1.3328,62.57,14.486,51.4,1
5372,1.3808,60.23,13.839,55.01,1
5373,1.5164,60.24,14.082,43.85,1
5374,1.5966,57.01,13.54,60.31,0
5375,1.6608,61.44,14.304,57.49,0
5376,1.9271,62.48,15.135,47.76,1
5377,1.2248,63.07,14.765,33.06,1
5378,1.6217,62.26,14.559,42.0,1
5379,1.461,57.9,13.544,44.1,1
5380,1.4842,62.7,13.996,55.12,0
5381,1.4362,62.71,15.074,46.3,1
5382,1.4276,58.02,14.015,49.89,1
5383,1.8053,58.82,13.932,48.37,0
5384,1.667,63.8,14.598,61.52,0
5385,1.5593,63.46,14.188,50.33,0
5386,1.7477,59.72,14.161,54.47,1
5387,1.3167,65.48,14.543,43.96,1
5388,1.3509,63.46,14.042,50.1,1
5389,1.2256,65.52,14.376,41.5,1
5390,1.4366,63.02,15.659,53.51,1
5391,1.551,64.73,15.077,39.76,1
5392,1.5638,66.3,16.785,55.14,1
5393,1.5923,64.15,13.942,44.15,1
5394,1.3622,64.75,14.955,57.28,1
5395,1.678,62.17,13.849,65.78,1
5396,1.6058,68.11,15.294,47.17,1
5397,1.6799,65.02,14.996,59.63,1
5398,1.3029,62.45,14.623,56.77,0
5399,1.5945,64.51,14.274,38.83,1
5400,1.4218,66.73,15.317,50.09,0
5401,1.4976,67.33,14.979,52.19,1
5402,1.6615,62.57,14.345,55.27,1
5403,1.6083,70.13,15.251,48.02,1
5404,1.4847,67.48,14.519,50.24,0
5405,1.5716,67.23,16.215,48.18,1
5406,1.3097,66.31,14.966,49.58,0
5407,1.7309,66.61,15.635,38.31,1
5408,1.5663,66.9,15.783,46.37,1
5409,1.7513,70.16,15.208,34.71,1
5410,1.5151,67.02,15.826,44.15,1
5411,1.4973,68.34,15.567,42.25,1
5412,1.4796,67.63,14.756,42.82,1
5413,1.6821,68.69,15.311,38.93,1
5414,1.4834,66.64,14.436,50.96,0
5415,1.6632,71.23,16.555,43.34,1
5416,1.5105,67.43,15.458,44.4,1
5417,1.284,68.17,15.286,36.3,0
5418,1.5032,68.64,15.866,45.04,1
5419,1.4538,68.91,14.709,55.86,1
5420,1.5977,71.81,15.381,55.29,1
5421,1.4259,69.35,15.235,50.33,1
5422,1.7371,72.61,17.224,42.57,1
5423,1.5853,68.57,14.91,52.16,0
5424,1.5865,70.36,15.022,40.74,1
5425,1.7301,68.37,14.977,44.9,1
5426,1.744,71.9,16.138,39.38,1
5427,1.6139,70.79,15.24,53.0,1
5428,1.4782,70.55,15.752,52.31,1
5429,1.364,72.58,16.415,43.63,1
5430,1.5104,70.69,15.505,60.32,1
5431,1.5177,72.62,15.991,48.03,1
5432,1.6245,69.54,15.669,49.64,1
5433,1.593,72.17,15.633,46.55,1
5434,1.7533,70.68,15.244,36.38,1
5435,1.5548,71.38,15.73,38.02,0
5436,1.625,73.28,16.206,45.07,1
5437,1.791,76.6,16.079,41.37,1
5438,1.7152,73.51,15.433,48.56,1
5439,1.6408,78.42,16.617,36.33,1
5440,1.5328,74.23,16.742,44.46,1
5441,1.5312,73.36,15.915,45.18,1
5442,1.5245,77.31,16.776,43.31,1
5443,1.5508,75.63,15.723,43.37,1
5444,1.7698,73.08,16.033,33.27,1
5445,1.6133,75.26,16.685,24.57,1
5446,1.4768,73.69,16.072,35.85,1
5447,1.9439,71.38,17.445,41.5,0
5448,1.6974,76.94,15.872,33.27,1
5449,1.4632,77.2,16.548,41.23,1
5450,1.6163,79.08,16.435,49.77,0
5451,1.6943,76.51,16.832,48.27,1
5452,1.9246,75.15,15.826,46.5,1
5453,1.4847,77.92,16.032,49.88,1
5454,1.8298,77.52,16.409,33.75,1
5455,1.9093,79.48,17.284,36.72,1
5456,1.5942,76.43,16.468,47.01,1
5457,1.659,76.88,16.136,38.61,1
5458,1.5438,76.06,16.154,39.72,0
5459,1.6811,78.19,16.857,56.41,1
5460,1.7193,74.82,17.04,43.52,1
5461,1.8021,78.83,17.157,54.91,1
5462,1.8709,78.84,16.771,26.54,1
5463,1.6049,78.11,18.375,36.0,1
5464,1.4008,78.12,17.197,45.38,1
5465,1.6914,82.6,17.17,40.15,1
5466,1.7738,80.13,17.296,22.85,1
5467,1.8034,77.23,16.688,39.43,1
5468,1.6762,78.73,16.332,61.39,1
5469,1.7636,77.91,16.294,43.98,1
5470,1.9787,81.53,17.36,44.73,1
5471,1.7912,77.74,16.315,35.91,1
5472,1.6659,81.62,17.975,40.85,1
5473,1.6419,82.42,17.529,38.62,1
5474,1.757,77.79,16.383,50.05,1
5475,1.9987,80.02,17.429,48.38,1
5476,1.743,81.33,17.76,43.54,1
5477,1.7801,83.41,16.965,39.89,0
5478,1.6896,84.07,17.248,23.99,1
5479,1.9305,78.19,16.536,27.87,1
5480,2.0567,79.97,16.983,41.06,1
5481,1.8309,81.22,16.943,46.8,1
5482,1.7746,79.29,16.853,51.85,1
5483,1.8014,80.73,16.869,32.76,1
5484,1.4227,83.55,17.767,26.1,1
5485,1.9155,81.99,17.853,46.7,1
5486,1.8385,79.38,16.936,34.06,1
5487,1.8746,88.43,20.291,21.66,1
5488,1.6867,82.82,18.841,34.2,1
5489,1.7668,83.51,18.083,34.14,1
5490,1.7481,81.08,17.557,50.42,0
5491,1.9471,83.43,18.825,43.9,1
5492,1.7559,83.73,17.486,31.83,1
5493,2.1455,79.7,16.608,51.39,1
5494,1.8998,83.51,17.172,40.7,0
5495,1.6412,85.96,17.289,44.57,1
5496,1.8236,87.09,18.543,45.61,1
5497,1.7491,85.58,17.923,34.94,1
5498,1.5402,88.0,18.307,40.1,1
5499,2.064,84.52,17.803,34.48,1
5500,1.956,84.87,17.677,44.07,1
5501,1.941,88.08,19.358,36.36,1
5502,1.8747,89.88,18.402,43.22,1
5503,1.656,88.5,18.635,46.95,1
5504,1.8034,85.12,17.665,42.0,1
5505,2.007,86.5,17.233,35.69,1
5506,1.7205,87.1,17.545,35.66,0
5507,1.4989,86.36,19.391,12.87,1
5508,1.8421,86.9,17.862,30.29,1
5509,1.8615,89.32,18.121,42.43,1
5510,1.9196,89.15,18.725,41.89,1
5511,2.0364,90.24,18.83,27.9,1
5512,2.0026,87.02,18.377,37.58,1
5513,1.9217,86.09,18.817,36.1,1
5514,2.0875,89.31,19.214,40.69,1
5515,1.6601,92.59,18.599,50.64,1
5516,1.9959,87.94,18.125,41.06,1
5517,2.0104,90.64,18.405,28.91,1
5518,1.7647,90.35,18.293,33.04,1
5519,1.6897,90.16,17.936,45.78,1
5520,1.8193,88.83,18.006,23.14,1
5521,1.8352,87.03,18.38,30.14,1
5522,2.0536,84.78,17.436,43.06,1
5523,1.8223,87.56,18.796,45.99,1
5524,1.8303,90.25,18.098,39.64,1
5525,1.8304,93.18,19.065,27.38,1
5526,2.1227,90.23,19.225,38.59,1
5527,1.9505,90.01,17.995,37.86,1
5528,1.8855,89.16,18.205,37.08,1
5529,1.9381,92.59,18.892,32.24,1
5530,2.1719,93.6,19.27,32.42,1
5531,1.8395,93.99,19.814,24.42,1
5532,2.173,92.83,19.687,51.69,1
5533,2.0241,89.65,18.436,36.32,1
5534,1.9184,92.38,18.735,38.31,1
5535,2.3533,96.34,19.405,28.72,1
5536,1.8182,95.37,18.665,38.1,1
5537,1.9362,89.04,18.348,23.7,1
5538,1.8065,93.16,19.142,18.96,1
5539,2.145,93.88,19.297,31.61,1
5540,2.239,92.15,18.749,50.23,1
5541,2.2098,89.43,17.975,44.85,1
5542,2.1914,94.04,18.978,24.92,1
5543,1.9812,92.57,19.935,36.8,1
5544,1.9657,92.89,18.656,26.94,1
5545,1.7545,93.97,19.461,35.61,1
5546,2.3064,94.81,20.212,35.3,1
5547,2.0897,95.56,19.267,38.3,1
5548,1.9625,92.53,18.693,19.69,0
5549,2.2034,93.72,19.322,21.12,1
5550,1.8644,92.98,18.615,33.31,1
5551,2.0742,97.69,19.03,21.96,1
5552,2.0145,88.89,18.132,25.24,1
5553,2.1449,96.08,19.468,33.46,1
5554,2.018,98.07,20.357,21.87,1
5555,1.8086,94.26,18.952,49.3,1
5556,2.0466,98.37,19.636,24.78,1
5557,2.1609,99.9,20.311,26.69,1
5558,2.0604,90.92,18.609,36.14,1
5559,2.1518,96.89,19.535,18.2,1
5560,1.9095,91.7,18.757,37.33,1
5561,2.047,97.41,19.513,32.35,1
5562,1.9468,97.9,21.698,26.65,1
5563,2.1809,93.86,18.925,34.99,1
5564,2.0659,102.34,20.937,30.51,1
5565,2.1605,99.44,20.862,40.74,1
5566,2.2316,96.54,19.369,49.43,0
5567,2.1899,100.97,20.363,18.97,1
5568,2.1204,95.93,19.476,20.75,1
5569,1.9356,97.0,18.714,31.62,1
5570,2.0792,95.22,18.548,14.35,1
5571,2.0142,103.7,20.484,30.98,1
5572,2.0391,100.92,19.912,28.61,1
5573,2.0391,101.48,21.164,30.38,1
5574,1.9396,100.45,19.954,25.15,1
5575,1.8056,102.13,21.6,28.94,1
5576,1.9578,100.49,19.884,31.5,1
5577,2.1281,101.32,21.355,29.42,1
5578,1.9015,101.42,20.189,17.09,1
5579,2.0855,101.18,20.272,29.3,1
5580,2.3931,100.44,19.874,42.52,1
5581,2.255,102.9,20.842,28.96,1
5582,2.3802,101.65,20.918,28.15,1
5583,2.1761,98.89,19.973,41.01,1
5584,2.3254,99.44,19.615,22.68,1
5585,1.9843,104.2,20.628,32.84,1
5586,2.0442,103.53,21.139,22.78,1
5587,1.7112,104.13,20.76,34.68,1
5588,2.3045,100.04,20.936,33.92,1
5589,2.3526,100.59,20.364,25.05,1
5590,2.0569,102.12,20.526,25.33,1
5591,2.0586,103.43,20.605,34.23,1
5592,2.0443,102.78,20.871,11.81,1
5593,2.2153,106.81,21.009,21.0,1
5594,2.2792,105.19,21.346,30.95,1
5595,1.8711,108.7,21.186,21.38,1
5596,2.1971,105.76,20.079,25.58,1
5597,2.1013,100.43,20.24,11.98,1
5598,2.1552,106.73,20.62,16.56,1
5599,2.1959,102.55,20.637,32.42,1
5600,2.1137,106.16,21.458,18.89,1
5601,2.1419,102.13,20.67,15.36,1
5602,2.1063,109.31,21.516,31.38,1
5603,2.2689,108.6,21.757,27.76,1
5604,2.1975,103.73,20.547,18.47,1
5605,2.1484,104.92,20.931,27.08,1
5606,1.9758,105.33,21.348,17.15,1
5607,2.1146,105.66,21.691,23.26,1
5608,2.2785,103.68,20.542,27.2,1
5609,2.1562,101.79,20.597,21.1,1
5610,2.24,102.03,20.043,32.22,1
5611,2.4081,103.08,20.109,33.52,1
5612,2.3055,105.08,21.229,27.03,1
5613,2.1766,103.78,20.543,29.87,1
5614,2.068,100.43,20.811,16.17,1
5615,1.7562,103.25,20.42,37.04,1
5616,2.1417,101.5,20.122,26.35,1
5617,2.0875,103.71,20.555,17.89,1
5618,2.2432,107.39,20.704,25.14,1
5619,2.1512,100.77,19.508,33.87,1
5620,2.0844,102.6,21.034,31.24,1
5621,1.8814,100.19,19.746,19.49,1
5622,2.0022,101.1,20.606,33.66,1
5623,2.214,101.68,20.51,26.77,1
5624,2.4402,101.11,19.701,32.27,1
5625,2.1248,105.02,20.93,18.71,1
5626,2.1816,100.43,20.136,36.92,1
5627,2.2754,101.65,20.145,29.53,1
5628,2.021,96.46,19.296,40.34,1
5629,2.2038,99.89,19.836,16.11,1
5630,2.03,102.17,21.157,15.6,1
5631,2.2949,98.06,19.637,26.99,1
5632,2.1561,93.85,18.814,43.63,1
5633,2.2177,98.02,19.859,44.15,1
5634,2.0172,98.78,19.438,21.06,1
5635,2.197,100.28,19.836,28.74,1
5636,2.4394,102.37,20.399,28.09,1
5637,1.9998,97.09,19.31,35.3,1
5638,2.1298,95.42,19.217,37.8,1
5639,2.2107,95.18,19.448,22.38,1
5640,2.2544,96.1,19.632,30.44,1
5641,2.0538,97.91,20.579,13.2,1
5642,1.7332,95.37,19.084,37.63,1
5643,2.3626,98.5,19.168,26.03,1
5644,2.2654,98.16,19.75,19.59,1
5645,1.9053,96.43,20.584,33.39,1
5646,2.0137,94.85,19.317,28.66,1
5647,2.3538,95.39,21.676,41.3,1
5648,2.3592,91.1,18.867,26.35,1
5649,2.2818,96.12,19.638,48.51,1
5650,2.1116,94.5,18.666,37.53,1
5651,2.1573,95.49,19.471,41.07,1
5652,2.1351,96.36,19.518,22.85,1
5653,2.3273,96.1,19.307,45.58,1
5654,1.9567,94.83,18.943,22.34,1
5655,2.0154,93.98,19.249,29.6,1
5656,2.2763,91.95,18.562,43.45,1
5657,2.1251,92.34,20.203,36.61,1
5658,2.3382,93.7,18.947,21.8,1
5659,2.0047,91.79,18.788,42.1,1
5660,2.1358,94.67,19.074,33.91,1
5661,1.9661,91.19,18.961,29.4,0
5662,2.1389,93.53,19.168,19.62,1
5663,1.8912,92.95,18.879,35.95,1
5664,2.0443,93.82,18.621,30.65,1
5665,1.8975,94.68,19.142,33.02,1
5666,2.24,93.88,18.54,19.89,1
5667,2.2267,87.68,17.956,32.02,1
5668,1.8803,94.91,18.761,35.52,1
5669,2.3278,94.62,19.924,46.24,1
5670,2.492,91.49,19.1,32.48,1
5671,2.1063,91.24,19.734,44.64,1
5672,1.9807,89.98,18.905,40.72,1
5673,2.5269,86.88,18.251,37.85,1
5674,1.894,89.12,17.98,26.73,1
5675,2.1066,89.95,19.501,27.2,1
5676,2.1177,89.37,18.112,40.03,1
5677,2.3138,88.59,18.186,30.86,1
5678,2.1394,88.33,18.605,29.77,1
5679,2.0072,88.7,18.75,32.74,1
5680,1.946,88.01,18.562,33.81,1
5681,2.0342,89.34,18.5,41.7,1
5682,1.9424,90.67,18.32,30.44,1
5683,2.0706,93.47,20.988,38.77,1
5684,2.003,90.73,18.508,37.47,1
5685,1.8725,88.58,18.436,21.64,1
5686,2.2789,86.5,17.791,38.59,1
5687,2.0068,87.88,18.553,13.9,1
5688,1.8678,88.73,18.497,28.12,1
5689,2.0294,87.41,17.766,40.05,1
5690,2.0381,88.68,18.724,34.57,1
5691,1.7826,84.28,18.712,22.78,1
5692,2.0923,86.67,17.946,28.09,1
5693,1.8849,88.03,18.192,14.36,1
5694,2.2691,86.38,17.467,25.81,1
5695,2.1363,85.33,17.895,40.78,1
5696,1.9699,85.41,17.654,32.32,1
5697,1.9279,84.16,17.709,38.73,1
5698,2.0243,88.31,17.554,35.22,1
5699,2.105,83.98,17.521,37.62,1
5700,2.0044,87.18,18.312,44.77,0
5701,1.9774,86.09,19.1,35.76,1
5702,2.0562,83.12,17.868,45.9,1
5703,1.923,85.24,17.613,17.13,1
5704,1.9804,82.91,17.275,48.02,1
5705,1.6702,87.0,17.717,25.08,1
5706,2.1442,82.36,16.84,30.4,1
5707,2.0502,82.9,18.688,32.97,1
5708,1.849,81.41,17.476,48.11,1
5709,2.3028,80.79,16.641,32.13,1
5710,2.0039,86.29,17.696,30.36,1
5711,1.8366,84.56,17.433,29.45,1
5712,2.1245,83.55,17.254,40.37,1
5713,2.0036,81.99,17.941,45.37,1
5714,2.0626,83.18,17.784,50.74,1
5715,1.9176,80.8,16.885,59.21,1
5716,2.047,83.98,18.894,43.05,1
5717,1.9207,80.44,16.621,42.8,1
5718,2.0657,79.86,16.783,30.02,0
5719,1.6858,82.55,18.154,53.64,1
5720,1.8927,82.91,17.702,40.99,1
5721,2.2066,82.74,17.151,36.86,1
5722,1.8038,79.27,16.329,44.03,1
5723,1.8709,79.84,16.637,35.47,1
5724,1.8524,81.67,16.841,20.66,1
5725,1.7842,79.56,16.649,45.76,1
5726,1.6268,83.41,17.302,48.63,1
5727,1.8835,75.32,16.428,47.81,1
5728,1.9625,78.58,16.581,40.64,1
5729,1.9197,78.93,16.429,41.56,1
5730,1.9102,73.93,16.195,45.17,0
5731,1.935,76.73,16.901,43.78,1
5732,2.0795,80.29,17.188,39.56,1
5733,1.8738,78.45,16.648,41.28,1
5734,1.8204,81.55,17.128,51.47,1
5735,1.8328,81.1,18.019,43.01,1
5736,1.9817,79.03,16.495,41.99,1
5737,2.1182,78.03,17.409,46.33,1
5738,1.77,77.42,16.662,47.06,1
5739,1.9179,72.37,15.889,52.74,0
5740,1.9689,73.97,17.026,37.47,1
5741,1.7533,76.56,16.26,38.35,1
5742,1.8824,77.03,16.975,34.26,1
5743,1.6755,77.29,16.836,47.99,1
5744,1.6229,75.42,15.824,49.86,1
5745,1.9241,77.26,16.734,30.87,1
5746,1.8013,79.0,16.886,44.12,1
5747,1.9332,77.74,16.452,52.96,1
5748,1.8132,78.32,16.958,40.17,1
5749,1.748,74.92,16.077,46.68,1
5750,1.8714,78.38,16.908,47.17,1
5751,1.6494,76.0,15.998,32.62,0
5752,2.068,75.61,16.101,43.77,1
5753,1.6276,76.74,16.478,52.98,0
5754,1.8018,74.41,16.222,38.59,1
5755,1.6889,72.34,15.341,51.13,1
5756,1.8918,74.28,15.646,43.5,1
5757,1.7616,75.34,16.88,37.27,1
5758,1.7449,72.85,15.279,43.63,1
5759,1.9158,74.42,16.34,38.83,1
5760,1.8232,73.8,16.122,36.92,1
5761,1.8985,73.02,15.476,43.2,1
5762,1.6531,76.05,17.583,43.71,1
5763,1.625,71.85,16.087,43.96,1
5764,1.8193,75.4,16.452,40.64,1
5765,1.749,74.02,15.927,46.11,1
5766,1.8863,71.94,15.86,49.75,1
5767,1.7727,70.24,15.417,37.6,1
5768,1.8166,71.16,16.603,43.54,1
5769,1.4793,70.96,16.099,30.12,1
5770,2.0687,68.25,16.351,45.62,1
5771,1.7332,70.79,15.77,47.07,1
5772,1.8837,69.73,15.105,50.33,1
5773,1.6381,72.06,15.645,46.07,1
5774,1.8216,73.2,15.766,49.02,1
5775,1.5972,66.94,15.547,47.68,0
5776,1.8207,72.88,15.94,38.84,1
5777,1.7068,69.11,14.596,37.37,1
5778,1.7519,68.48,16.814,45.57,1
5779,1.8669,71.1,15.451,39.55,1
5780,1.5481,68.48,14.955,46.4,1
5781,1.6281,69.24,16.211,43.08,1
5782,1.7724,68.52,14.948,50.76,1
5783,2.0612,66.99,15.798,49.0,1
5784,1.6733,69.56,15.183,49.36,1
5785,1.7835,67.75,14.801,51.06,1
5786,1.7078,64.79,15.635,47.73,0
5787,1.9936,69.13,15.496,45.86,1
5788,1.4218,66.26,15.503,52.78,1
5789,1.696,65.87,15.021,67.91,1
5790,1.4862,69.82,15.691,38.27,1
5791,1.3441,65.11,14.163,49.8,0
5792,1.758,62.21,14.228,40.96,0
5793,1.7543,68.49,14.942,47.42,1
5794,1.6273,65.29,14.349,42.97,1
5795,1.6973,66.43,14.959,48.26,1
5796,2.1827,66.45,15.259,50.29,1
5797,1.6307,66.09,14.786,44.37,1
5798,1.7686,64.14,14.744,35.83,1
5799,1.5695,69.66,14.93,58.46,0
5800,1.7136,62.07,14.351,57.53,1
5801,1.6657,66.72,15.07,47.7,1
5802,1.6154,66.2,15.436,41.54,1
5803,1.9528,63.4,14.848,50.96,0
5804,1.8183,62.75,14.176,53.73,1
5805,1.6914,67.02,14.705,54.26,1
5806,1.3142,62.01,14.587,56.94,1
5807,1.6046,61.95,14.636,59.34,1
5808,2.0561,64.22,14.974,35.2,1
5809,1.5849,62.99,14.558,47.13,1
5810,1.7922,59.92,14.671,60.21,1
5811,1.871,65.92,14.673,40.53,1
5812,1.6273,61.94,14.507,61.12,1
5813,1.5065,61.42,13.94,65.41,1
5814,1.2649,63.38,14.105,59.47,0
5815,1.7399,63.89,15.529,55.21,1
5816,1.5179,65.81,15.15,44.73,1
5817,1.677,58.72,13.637,55.76,0
5818,1.4602,64.24,13.953,39.55,1
5819,1.5728,63.33,14.079,43.99,1
5820,1.6425,61.53,13.908,46.2,0
5821,1.6417,63.02,15.908,51.31,1
5822,1.4803,63.12,14.219,47.2,1
5823,1.7943,58.47,14.547,54.97,1
5824,1.5238,64.21,14.525,56.36,0
5825,1.3641,57.37,13.252,48.14,1
5826,1.6166,58.6,13.444,55.18,0
5827,1.616,58.93,13.585,49.69,1
5828,1.6156,63.25,14.288,51.6,1
5829,1.8284,58.24,13.438,58.5,0
5830,1.5803,60.21,13.235,59.94,1
5831,1.5728,62.49,15.129,56.12,1
5832,1.4316,57.51,13.699,56.4,1
5833,1.6918,56.21,13.22,43.43,1
5834,1.6348,56.89,13.647,44.68,0
5835,1.5419,61.11,13.726,44.78,1
5836,1.2921,58.47,13.107,56.09,1
5837,1.7694,61.19,16.714,40.86,1
5838,1.4043,59.92,13.977,55.57,0
5839,1.496,56.78,13.245,56.59,1
5840,1.6237,57.75,12.857,38.18,1
5841,1.4088,55.98,12.905,45.84,1
5842,1.3331,55.86,14.233,63.01,0
5843,1.272,65.48,15.73,53.92,1
5844,1.6611,58.66,13.955,46.59,1
5845,1.4842,58.66,13.147,44.67,0
5846,1.9825,55.02,14.049,36.15,1
5847,1.41,58.99,13.998,64.47,0
5848,1.447,59.62,14.065,54.32,1
5849,1.4344,60.04,13.913,68.02,0
5850,1.6198,58.43,13.177,51.28,0
5851,1.4993,51.57,12.171,59.32,0
5852,1.6643,51.64,12.757,63.77,1
5853,1.4261,52.88,13.442,69.58,0
5854,1.3332,52.49,12.365,60.04,0
5855,1.266,54.7,13.088,55.07,0
5856,1.2283,53.15,12.716,56.19,1
5857,1.4642,58.44,13.902,45.77,1
5858,1.526,57.94,13.852,50.51,0
5859,1.4611,53.33,12.805,57.03,1
5860,1.7602,57.83,14.135,64.91,1
5861,1.7416,56.17,13.126,51.34,0
5862,1.5074,51.83,13.299,65.92,0
5863,1.2808,48.86,12.08,57.84,0
5864,1.459,52.83,12.763,66.49,0
5865,1.4555,51.59,12.791,63.36,0
5866,1.4625,52.53,12.798,61.53,1
5867,1.4484,51.89,13.224,64.54,0
5868,1.4741,52.45,13.09,63.46,1
5869,1.4757,52.5,13.229,64.84,0
5870,1.4778,49.1,12.563,75.91,0
5871,1.5805,52.42,12.582,70.39,0
5872,1.588,50.37,12.602,62.11,1
5873,1.4252,50.45,12.424,53.56,0
5874,1.7391,52.1,12.377,59.6,1
5875,1.4195,48.07,12.119,44.19,1
5876,1.326,50.3,12.434,64.94,0
5877,1.613,50.33,12.454,49.82,0
5878,1.4455,49.61,12.861,68.45,0
5879,1.6309,51.05,13.474,73.35,0
5880,1.2069,48.68,12.368,48.19,0
5881,1.7723,47.94,12.533,58.48,1
5882,1.6369,47.43,12.169,51.25,0
5883,1.3106,50.23,12.976,44.0,1
5884,1.2923,47.68,12.314,58.46,0
5885,1.8141,49.75,12.32,63.75,0
5886,1.4948,52.39,14.296,63.02,1
5887,1.4209,47.41,12.059,61.14,0
5888,1.2059,49.13,13.274,45.07,1
5889,1.4508,51.16,12.023,58.35,1
5890,1.5304,49.64,12.721,47.28,1
5891,1.6926,47.69,13.038,48.34,1
5892,1.3486,49.1,12.046,51.12,0
5893,1.3427,44.65,11.86,70.04,0
5894,1.599,44.26,12.006,65.26,0
5895,1.7293,46.34,11.934,63.2,0
5896,1.3114,50.38,12.975,50.88,1
5897,1.688,44.57,11.576,57.86,0
5898,1.5539,43.78,11.324,50.39,0
5899,1.7202,44.03,13.116,72.65,0
5900,1.5407,46.44,11.692,78.13,0
5901,1.2117,45.41,12.067,64.88,0
5902,1.5606,47.8,11.905,65.94,0
5903,1.7517,46.0,11.276,59.23,1
5904,1.4321,42.54,10.937,50.69,1
5905,1.5018,43.04,10.896,55.37,1
5906,1.5367,47.59,12.482,55.86,0
5907,1.1363,43.86,11.409,58.75,1
5908,1.8352,46.9,11.63,54.99,1
5909,1.4575,42.25,11.169,61.97,0
5910,1.6752,41.24,11.417,56.79,0
5911,1.5751,43.24,11.049,80.09,0
5912,1.736,40.88,11.587,52.75,1
5913,1.6404,41.47,11.215,70.3,0
5914,1.5428,43.04,11.066,60.31,0
5915,1.4585,43.62,11.944,66.18,1
5916,1.7343,39.0,10.857,69.31,0
5917,1.3342,42.53,11.235,63.66,1
5918,1.6726,40.27,10.485,54.64,0
5919,1.4262,39.46,10.81,61.52,0
5920,1.7728,42.16,11.336,64.43,1
5921,1.598,39.34,11.89,65.26,0
5922,1.6979,43.89,11.469,53.77,1
5923,1.615,43.62,12.888,72.86,1
5924,1.3313,43.16,11.567,42.25,1
5925,1.4803,39.21,10.596,62.06,0
5926,1.7018,37.94,10.455,58.71,0
5927,1.6361,39.28,12.011,65.55,0
5928,1.7394,39.47,11.685,72.41,0
5929,1.6683,39.06,10.769,54.11,1
5930,1.4639,36.91,10.559,85.37,1
5931,1.5111,39.29,10.452,65.86,0
5932,1.6396,37.66,11.365,68.07,0
5933,1.2637,40.24,10.604,53.18,0
5934,1.8815,40.16,11.071,64.34,1
5935,1.6857,40.12,11.766,71.52,1
5936,1.7977,35.1,10.33,68.14,0
5937,1.3798,39.32,11.391,66.45,0
5938,1.8569,36.94,11.546,65.95,0
5939,1.9901,35.49,10.337,56.94,0
5940,1.4569,36.8,10.589,55.44,0
5941,1.7512,38.77,10.769,73.52,0
5942,1.6495,36.77,9.986,73.73,0
5943,1.4073,39.84,10.739,72.33,0
5944,1.6903,37.77,10.927,58.96,0
5945,1.7741,36.74,10.274,65.03,1
5946,1.5531,38.38,11.026,74.67,0
5947,1.877,37.31,10.209,56.44,1
5948,1.4116,33.92,9.93,76.53,0
5949,1.4507,39.62,11.499,59.45,1
5950,1.7267,36.18,9.961,59.91,0
5951,1.6816,35.45,10.135,66.54,0
5952,1.5695,34.91,9.478,59.83,0
5953,1.8161,37.19,10.052,50.85,1
5954,1.7547,35.79,10.444,67.87,0
5955,1.8253,35.16,10.27,70.64,0
5956,1.6646,33.81,11.304,78.46,0
5957,1.7728,36.06,10.463,71.49,0
5958,1.6654,36.16,10.55,82.76,0
5959,2.0162,31.86,9.494,79.11,0
5960,1.5895,31.91,9.22,75.64,0
5961,2.0639,34.39,10.022,71.52,1
5962,1.7037,29.89,9.088,80.5,0
5963,1.5033,33.59,10.326,50.87,0
5964,1.9166,31.8,10.329,65.54,0
5965,1.738,34.84,10.556,52.58,0
5966,1.8572,32.4,9.507,74.09,0
5967,1.9152,34.51,10.425,61.71,0
5968,1.7808,29.46,9.073,93.38,0
5969,1.6665,33.57,10.397,63.9,0
5970,1.9028,35.44,10.076,67.65,1
5971,1.7513,29.24,9.159,67.01,0
5972,1.7947,30.92,9.895,65.28,1
5973,1.4345,35.56,10.402,56.3,0
5974,1.8091,30.95,9.419,59.58,0
5975,1.6627,30.33,9.16,52.65,0
5976,2.0083,31.68,10.361,73.6,0
5977,1.85,28.96,9.16,66.94,0
5978,1.7846,25.75,8.426,88.06,0
5979,1.8325,32.41,9.886,59.37,0
5980,1.6441,24.98,8.41,84.58,0
5981,2.0159,29.25,10.1,84.09,0
5982,2.0783,31.23,9.317,79.38,0
5983,1.8346,28.09,9.968,72.52,0
5984,1.9999,28.11,9.555,69.64,0
5985,1.7046,30.91,10.152,80.14,0
5986,1.6627,27.23,10.361,66.01,0
5987,1.8054,25.44,8.985,75.54,1
5988,1.8613,27.51,8.806,71.05,0
5989,1.7452,28.07,9.056,65.24,0
5990,1.916,25.94,8.155,75.41,0
5991,1.8569,28.71,8.936,77.6,1
5992,1.6593,27.83,9.328,64.19,0
5993,1.8905,26.33,8.735,76.31,0
5994,1.9717,26.01,8.661,55.47,1
5995,1.8386,27.48,8.798,63.52,0
5996,2.012,28.9,9.358,67.53,0
5997,1.6513,24.9,9.071,75.85,0
5998,1.9145,28.0,8.637,79.12,0
5999,1.6618,27.16,9.013,72.56,0
6000,1.6618,26.45,8.778,76.46,0
6001,1.7576,25.77,8.272,71.31,0
6002,1.7042,24.66,8.437,76.31,0
6003,1.7913,24.65,8.635,75.71,0
6004,1.8347,27.19,9.083,67.77,0
6005,2.0011,30.82,9.615,67.23,0
6006,1.8282,25.45,8.527,77.28,0
6007,1.6171,29.35,10.531,85.54,0
6008,2.0512,26.21,9.186,82.31,0
6009,1.7732,27.6,9.312,63.0,0
6010,1.8647,31.02,10.074,61.23,0
6011,1.9301,29.22,9.319,66.38,0
6012,1.9648,25.12,9.629,74.22,0
6013,2.0439,27.04,9.048,72.08,0
6014,2.0129,30.41,9.343,80.16,1
6015,1.7849,29.06,9.54,81.87,0
6016,2.2303,26.93,9.667,72.65,0
6017,1.948,27.64,9.873,70.36,1
6018,1.8956,29.72,9.772,74.35,0
6019,2.0375,31.93,9.795,78.39,0
6020,1.9459,28.35,9.685,74.71,1
6021,1.9915,34.76,10.869,64.12,1
6022,2.328,31.36,10.115,64.57,0
6023,1.9035,29.55,9.357,61.39,0
6024,1.9175,27.62,9.817,72.82,0
6025,1.9612,27.97,9.397,75.88,0
6026,2.0883,30.42,9.729,75.33,0
6027,1.7223,29.79,10.327,79.34,0
6028,1.6439,34.74,10.491,79.28,0
6029,1.867,34.67,10.526,56.18,0
6030,1.7175,32.64,10.024,71.21,1
6031,1.9114,29.6,10.068,73.78,0
6032,2.0352,30.19,9.838,69.73,0
6033,1.8121,34.17,10.129,61.24,0
6034,1.7689,30.99,10.289,81.48,0
6035,2.0024,33.81,12.215,62.86,0
6036,2.1105,34.1,9.751,50.96,1
6037,1.7489,32.41,9.695,68.27,0
6038,2.1145,31.84,11.508,67.46,1
6039,2.1054,33.41,9.85,83.32,0
6040,2.128,34.33,9.984,71.99,0
6041,2.1717,35.92,10.235,63.73,0
6042,2.3087,32.48,10.25,67.13,0
6043,1.9621,33.98,11.829,66.24,1
6044,2.0484,34.29,9.836,85.25,0
6045,1.9346,35.94,10.161,72.23,0
6046,2.0492,32.0,9.609,57.29,0
6047,2.2459,32.2,9.975,66.9,1
6048,1.8318,36.17,11.28,66.17,1
6049,1.9049,31.47,10.624,60.31,0
6050,2.2457,38.28,11.133,51.64,1
6051,2.2162,34.96,12.37,71.92,0
6052,1.9876,33.23,9.758,62.1,1
6053,2.1941,35.39,10.226,77.36,0
6054,2.0837,37.05,11.203,65.85,0
6055,2.2775,36.08,10.601,63.39,0
6056,2.0788,37.05,9.983,46.94,0
6057,2.1909,37.36,10.928,75.58,0
6058,2.4374,36.53,10.629,68.99,1
6059,2.1206,35.33,10.149,63.73,1
6060,2.0777,37.21,10.236,58.51,1
6061,2.146,40.1,10.822,76.98,0
6062,2.0028,40.61,10.451,55.29,0
6063,2.394,34.32,10.34,64.47,0
6064,2.0906,41.1,10.531,68.56,0
6065,2.0408,40.06,10.899,76.24,0
6066,1.9906,40.2,11.287,62.33,0
6067,2.2352,38.27,10.366,59.91,0
6068,2.1859,35.14,10.898,66.0,0
6069,1.9991,40.55,10.632,71.44,0
6070,2.2042,37.43,10.26,74.84,0
6071,1.8604,37.29,10.821,55.3,0
6072,2.1385,36.7,10.893,67.12,0
6073,2.1388,40.95,11.272,52.17,0
6074,2.3383,41.28,12.414,70.77,1
6075,1.9482,40.89,11.132,65.48,0
6076,1.8877,42.19,10.838,55.3,0
6077,1.9805,39.93,12.041,77.2,0
6078,1.8849,40.57,10.599,67.03,0
6079,2.3306,40.8,11.378,66.03,0
6080,2.3246,40.94,10.884,62.18,1
6081,2.1579,39.92,10.386,64.14,1
6082,2.3075,43.36,11.061,59.09,0
6083,2.1225,44.39,12.197,55.48,1
6084,2.111,40.81,10.619,73.69,0
6085,2.0723,46.15,12.031,57.79,1
6086,2.0807,42.36,11.839,58.14,0
6087,1.8837,43.99,11.301,61.22,0
6088,2.1525,39.42,10.84,75.61,0
6089,2.0881,39.87,11.778,73.74,0
6090,2.2698,44.41,12.038,58.9,1
6091,2.1368,45.17,11.477,71.25,0
6092,2.0743,42.1,11.641,63.14,0
6093,2.0048,47.35,11.789,52.66,0
6094,2.0995,46.61,12.47,56.42,1
6095,2.2198,42.36,11.969,73.78,1
6096,1.9224,43.42,11.812,78.49,1
6097,2.1327,49.64,12.451,61.03,0
6098,2.1818,42.25,11.14,58.71,1
6099,2.013,46.07,11.521,60.0,1
6100,2.0503,44.49,11.513,55.61,1
6101,2.1515,47.71,12.006,55.3,0
6102,1.9853,48.28,12.898,54.06,0
6103,2.1947,45.25,12.33,59.88,1
6104,1.9798,48.43,12.234,60.29,1
6105,2.3214,51.31,12.841,56.31,1
6106,2.4961,47.67,11.689,57.82,0
6107,2.0499,48.61,12.757,65.96,0
6108,2.2111,45.67,11.548,58.72,1
6109,2.0422,47.02,12.714,58.83,0
6110,2.2615,46.68,11.983,59.07,0
6111,1.9367,50.19,11.921,70.77,1
6112,2.2428,49.38,12.938,54.11,1
6113,2.0383,47.46,12.302,64.37,1
6114,2.1268,52.46,12.522,52.05,0
6115,2.0085,51.71,12.782,60.23,1
6116,2.2651,50.6,12.55,62.68,1
6117,2.0038,48.03,11.538,67.56,1
6118,2.2558,47.65,11.668,55.96,1
6119,2.1154,47.11,12.698,50.68,0
6120,2.146,51.49,12.278,51.4,1
6121,2.1675,47.04,13.204,67.44,0
6122,2.024,50.9,13.571,74.38,0
6123,2.178,46.79,13.264,65.32,1
6124,2.4158,52.26,12.792,46.65,1
6125,2.0255,50.55,12.025,64.33,1
6126,2.3431,53.39,12.665,48.26,1
6127,2.3782,53.36,12.904,53.44,1
6128,2.044,53.14,12.469,57.44,0
6129,1.9313,53.65,12.882,58.52,1
6130,2.1568,50.48,12.643,57.8,1
6131,2.0879,48.91,11.903,53.28,1
6132,2.4212,50.25,12.036,67.46,1
6133,2.1616,47.76,11.948,55.49,1
6134,2.0433,50.2,12.649,68.59,1
6135,2.0063,52.69,12.661,45.68,1
6136,2.3153,52.4,12.773,58.74,1
6137,2.0435,53.15,12.852,46.56,1
6138,2.1369,53.23,13.075,49.02,1
6139,2.2903,52.14,12.641,52.67,0
6140,2.0412,52.16,12.279,70.1,1
6141,2.1632,53.77,14.121,66.69,0
6142,2.1524,52.18,12.936,63.84,0
6143,2.2369,54.27,13.551,56.47,0
6144,2.248,56.55,13.795,55.43,1
6145,2.0945,53.35,13.194,66.3,1
6146,2.1461,58.31,13.922,59.14,1
6147,2.1026,57.27,12.929,54.42,1
6148,1.9056,53.25,12.756,67.24,1
6149,2.172,53.0,12.696,62.86,1
6150,2.4318,54.78,13.2,56.84,1
6151,2.0211,57.05,13.28,50.4,1
6152,2.0171,55.04,13.203,50.98,1
6153,1.9992,57.96,13.548,50.68,1
6154,2.2437,58.26,14.419,56.62,0
6155,2.1914,55.81,14.619,61.59,1
6156,2.0996,55.54,12.858,44.06,1
6157,1.9737,57.79,13.466,37.88,1
6158,2.1417,58.17,13.517,46.05,1
6159,1.9036,55.95,13.429,50.88,1
6160,2.1774,57.11,13.26,64.22,1
6161,2.2482,56.79,13.174,50.82,1
6162,1.9158,54.6,13.415,57.75,0
6163,1.8832,60.14,13.569,56.17,1
6164,2.3587,57.53,13.88,44.95,1
6165,2.0194,53.18,12.687,68.02,1
6166,2.2783,58.41,13.898,47.93,1
6167,2.1187,58.04,13.393,66.38,0
6168,2.0814,62.96,14.378,49.81,1
6169,2.1514,57.21,13.361,51.07,1
6170,1.9677,56.8,13.745,45.38,0
6171,2.1286,60.91,14.792,53.59,0
6172,2.0395,58.11,13.818,71.07,1
6173,1.9056,58.71,13.94,56.38,1
6174,2.1307,61.78,14.705,53.85,1
6175,2.0371,58.73,13.307,48.75,1
6176,2.0737,58.13,14.459,58.17,1
6177,1.9098,64.39,14.031,51.16,0
6178,2.3431,62.5,14.589,50.36,1
6179,2.1983,59.96,14.602,55.28,0
6180,2.2483,61.36,13.983,37.1,1
6181,2.0011,63.4,14.643,49.71,1
6182,1.7948,63.64,14.85,40.24,1
6183,2.3575,60.35,14.943,52.11,1
6184,2.0547,63.43,14.385,44.36,0
6185,1.9576,60.9,14.317,46.08,1
6186,2.139,63.26,13.911,39.99,1
6187,2.2723,63.23,13.799,59.72,1
6188,2.0592,63.19,14.157,44.53,1
6189,2.2699,63.66,14.703,44.22,0
6190,2.213,64.93,14.892,62.1,1
6191,1.8465,60.89,13.621,56.57,1
6192,1.9429,61.66,14.275,35.05,1
6193,2.2117,63.45,14.845,61.11,1
6194,1.6221,67.16,15.479,60.83,0
6195,2.0223,62.44,14.146,63.03,0
6196,1.8104,65.05,14.979,55.06,1
6197,1.9264,64.87,14.574,41.19,1
6198,1.9854,64.61,14.465,49.85,1
6199,1.9657,66.07,14.351,37.85,1
6200,1.9407,67.9,15.899,39.94,1
6201,1.877,66.76,15.003,39.24,1
6202,2.3628,64.75,13.982,44.88,1
6203,2.3112,71.38,15.981,46.91,1
6204,1.8394,66.15,15.075,44.87,1
6205,2.2559,65.78,15.107,45.38,1
6206,1.963,69.19,15.341,44.48,1
6207,2.012,66.28,14.607,60.46,1
6208,1.9747,69.81,15.281,63.33,1
6209,1.9188,65.18,15.29,45.58,1
6210,2.1457,70.53,15.204,48.99,0
6211,1.987,69.3,14.923,40.94,1
6212,1.9327,70.34,15.461,52.64,1
6213,1.7896,72.64,15.378,41.48,1
6214,1.8391,64.8,15.68,43.5,1
6215,1.75,69.59,16.718,61.53,1
6216,1.971,65.41,14.844,37.87,0
6217,1.7761,65.78,14.68,28.6,1
6218,1.9149,67.94,15.288,53.57,1
6219,2.1246,70.16,15.224,42.92,1
6220,2.1264,70.12,16.053,41.87,1
6221,1.9511,68.77,15.053,68.85,1
6222,1.9372,70.21,15.455,51.98,0
6223,2.2455,70.26,15.644,43.97,1
6224,2.0205,72.44,15.297,39.67,1
6225,1.8801,72.03,15.786,47.97,1
6226,1.7038,73.58,16.579,30.74,1
6227,2.0172,71.03,15.754,41.45,1
6228,2.0537,69.73,15.529,46.32,1
6229,1.8378,71.85,15.866,46.38,1
6230,1.9892,68.43,16.026,45.22,1
6231,1.8733,70.37,15.819,40.42,0
6232,1.9187,74.25,16.013,51.52,1
6233,1.5531,71.91,15.695,32.22,1
6234,1.8991,69.44,16.169,43.99,1
6235,2.0488,69.06,14.863,42.16,1
6236,1.8055,72.98,16.175,53.07,1
6237,1.9305,74.57,16.038,39.34,1
6238,1.7948,75.21,16.953,46.34,0
6239,1.9157,73.99,16.082,47.01,1
6240,1.869,77.32,17.358,26.79,1
6241,1.7404,73.42,15.838,42.98,1
6242,2.0912,73.68,15.685,30.51,1
6243,2.0248,69.0,15.188,49.42,1
6244,1.8089,73.34,16.137,38.62,1
6245,1.8958,75.82,16.314,51.88,1
6246,1.9131,78.22,17.125,39.96,1
6247,1.968,73.0,16.086,38.16,1
6248,1.6252,75.55,15.733,52.18,0
6249,2.0124,77.84,16.89,34.57,1
6250,1.7556,75.57,16.169,50.02,1
6251,1.7566,71.14,15.429,48.9,1
6252,2.2418,75.65,17.37,39.91,1
6253,1.8841,77.79,17.654,31.36,1
6254,1.7604,73.35,15.791,53.07,1
6255,1.4922,75.25,16.681,46.4,1
6256,2.0809,74.85,15.73,38.26,1
6257,1.6094,71.25,15.675,47.39,1
6258,1.662,78.25,16.643,48.82,1
6259,1.7673,78.27,16.029,42.96,1
6260,2.0652,80.4,17.048,42.1,1
6261,1.9438,78.48,17.02,49.3,0
6262,1.7898,77.38,16.375,54.03,1
6263,1.8683,77.91,17.203,40.3,1
6264,1.6855,80.03,16.824,30.21,1
6265,1.8175,80.5,16.735,29.64,1
6266,1.8113,79.62,16.971,34.95,1
6267,1.9237,80.66,16.717,32.15,1
6268,1.925,79.17,17.167,27.6,1
6269,1.8486,77.9,16.478,56.45,1
6270,1.7193,79.25,17.486,44.24,1
6271,1.8573,80.04,17.766,35.97,1
6272,1.7891,77.23,16.826,41.07,1
6273,1.5963,76.13,16.46,27.57,1
6274,1.6836,81.98,16.841,49.07,1
6275,1.7508,79.98,16.442,24.75,1
6276,1.8915,80.05,17.466,43.75,0
6277,1.7318,80.01,17.146,24.92,1
6278,1.5964,83.46,17.368,34.72,0
6279,1.74,83.68,17.561,47.36,1
6280,1.7621,78.81,17.297,28.66,0
6281,1.7592,80.21,17.581,39.38,1
6282,1.8537,83.46,17.843,43.67,1
6283,1.9024,82.36,17.928,42.56,1
6284,1.5988,82.18,17.374,39.61,1
6285,1.6515,80.49,17.065,44.0,1
6286,1.5649,81.16,17.321,34.89,1
6287,1.8028,82.55,17.288,55.11,1
6288,1.908,83.96,18.119,25.45,1
6289,1.6812,86.59,17.965,45.01,1
6290,1.6843,81.71,17.2,40.51,1
6291,1.9195,82.74,17.34,44.78,1
6292,1.7644,83.56,18.018,44.92,1
6293,1.7517,85.83,18.152,41.37,1
6294,1.4735,81.46,17.075,33.72,1
6295,1.793,87.07,18.363,33.19,1
6296,1.5492,84.26,17.406,25.9,1
6297,1.5161,83.4,17.948,35.59,1
6298,1.637,81.45,17.033,42.02,1
6299,1.6042,87.25,17.578,40.89,1
6300,1.6518,85.45,18.083,40.72,1
6301,1.476,85.69,17.675,22.9,1
6302,1.8159,84.05,19.011,32.81,1
6303,1.8172,85.97,18.024,31.83,1
6304,1.3672,84.72,17.602,26.89,1
6305,1.8099,86.28,18.289,29.86,1
6306,1.5448,85.01,17.604,37.25,1
6307,1.7738,82.66,18.203,48.83,1
6308,1.6193,93.22,19.452,24.81,1
6309,1.6487,84.24,18.126,28.33,1
6310,1.6223,87.64,17.941,30.45,1
6311,1.8279,84.7,17.105,40.93,1
6312,1.4171,83.72,17.173,47.72,1
6313,1.7263,88.06,17.854,34.98,1
6314,1.82,89.65,19.102,23.41,1
6315,1.7198,91.35,20.137,23.54,1
6316,1.9752,88.96,18.674,36.16,1
6317,1.5387,88.46,18.065,43.46,1
6318,1.7786,87.4,18.123,50.69,1
6319,1.6132,92.56,19.194,22.56,1
6320,1.8098,90.41,20.408,34.43,1
6321,1.6071,87.13,18.951,27.31,1
6322,1.5597,89.72,19.123,26.89,1
6323,1.7982,91.26,19.278,26.0,1
6324,1.5412,89.07,18.817,32.03,1
6325,1.4141,91.74,18.895,25.87,0
6326,1.4994,92.31,18.7,52.77,1
6327,1.7037,91.76,18.524,30.13,1
6328,1.8228,90.68,18.982,41.72,1
6329,1.6241,95.03,18.63,26.03,1
6330,1.7845,93.46,18.713,50.73,0
6331,1.3986,92.19,18.427,36.13,1
6332,1.5254,88.7,18.778,41.73,1
6333,1.5251,92.38,18.825,27.61,1
6334,1.5902,94.32,19.015,39.75,1
6335,1.6217,86.92,17.71,38.82,1
6336,1.7055,93.4,19.751,29.34,1
6337,1.5192,92.39,18.207,25.01,1
6338,1.6239,93.18,19.043,30.72,1
6339,1.5814,91.03,18.279,30.77,1
6340,1.4597,92.96,18.644,39.03,1
6341,1.5248,96.53,19.489,29.08,1
6342,1.6016,92.21,18.799,17.17,1
6343,1.5249,96.72,19.644,35.54,1
6344,1.5916,93.54,18.781,42.82,1
6345,1.5935,96.13,19.08,17.72,1
6346,1.5062,95.06,18.952,45.8,1
6347,1.7881,95.73,19.326,42.11,1
6348,1.4113,95.37,19.542,26.17,1
6349,1.4519,96.85,19.372,21.18,1
6350,1.9885,90.61,18.828,42.55,1
6351,1.4012,92.67,18.99,21.55,1
6352,1.3695,97.79,19.556,24.88,1
6353,1.6693,91.95,18.537,22.39,1
6354,1.2629,94.66,18.922,30.82,1
6355,1.5367,96.18,19.494,41.47,1
6356,1.8967,94.66,19.622,34.12,1
6357,1.3315,95.37,19.398,39.22,1
6358,1.2569,98.1,19.349,26.87,1
6359,1.321,98.9,20.166,29.52,1
6360,1.671,95.48,19.194,20.77,1
6361,1.6964,95.38,19.667,29.25,1
6362,1.4605,96.01,19.266,23.89,1
6363,1.6536,91.79,19.157,31.19,1
6364,1.7805,98.71,19.688,27.67,1
6365,1.7916,100.95,20.02,25.64,1
6366,1.5019,100.8,19.543,44.45,1
6367,1.2066,98.14,19.79,44.15,1
6368,1.3927,96.17,19.91,41.46,1
6369,1.4931,100.08,20.036,42.73,1
6370,1.5125,101.21,20.119,38.9,1
6371,1.4803,101.33,19.984,28.08,1
6372,1.7075,101.4,20.702,26.61,1
6373,1.7289,102.33,20.835,29.18,1
6374,1.5455,98.58,19.566,26.89,1
6375,1.7233,100.14,20.265,19.63,1
6376,1.6117,103.86,20.786,27.75,1
6377,1.5588,100.0,19.919,15.06,1
6378,1.6705,98.88,19.734,29.99,1
6379,1.5753,100.38,20.564,20.82,1
6380,1.8354,99.96,19.408,27.56,1
6381,1.3347,103.01,19.958,27.96,1
6382,1.4819,99.98,19.778,24.97,1
6383,1.5407,102.65,19.666,13.87,1
6384,1.6116,100.85,20.487,18.29,1
6385,1.7946,98.5,19.398,32.97,0
6386,1.5569,103.08,20.747,22.22,1
6387,1.3677,103.36,20.483,31.06,1
6388,1.7093,104.52,20.418,26.06,1
6389,1.6578,102.44,19.859,25.16,1
6390,1.2653,101.84,20.251,30.23,1
6391,1.5733,102.85,20.682,20.68,1
6392,1.3222,106.59,21.584,27.09,1
6393,1.4429,104.83,20.025,22.18,1
6394,1.4304,105.91,20.507,45.67,1
6395,1.6719,103.26,20.879,16.65,1
6396,1.584,100.68,20.428,24.46,1
6397,1.3541,106.83,21.583,21.75,1
6398,1.6887,107.71,21.196,13.41,1
6399,1.3442,106.29,20.845,30.07,1
6400,1.6018,105.04,20.388,21.31,1
6401,1.4256,107.0,22.648,5.5,1
6402,1.4838,106.77,21.694,29.99,1
6403,1.6648,108.15,21.392,18.66,1
6404,1.6346,107.11,21.164,23.14,1
6405,1.7595,104.76,20.99,31.02,1
6406,1.5569,100.86,20.37,24.8,1
6407,1.6167,104.82,20.926,22.17,1
6408,1.5291,104.6,20.256,44.96,1
6409,1.62,105.75,21.831,7.4,1
6410,1.6424,105.99,21.269,13.62,1
6411,1.5638,103.15,21.592,17.07,1
6412,1.318,107.64,21.272,37.96,1
6413,1.6421,98.72,19.677,23.42,1
6414,1.6301,103.5,21.522,28.4,1
6415,1.4914,101.04,20.558,24.01,1
6416,1.3696,98.44,19.526,33.56,1
6417,1.8234,102.04,19.891,27.26,1
6418,1.6641,99.03,20.013,31.58,1
6419,1.5524,102.25,19.934,38.22,1
6420,1.4309,102.19,20.271,30.89,1
6421,1.4813,104.54,20.591,20.66,1
6422,1.7985,97.78,20.173,32.02,1
6423,1.6032,102.96,19.892,46.44,1
6424,1.5337,101.07,19.931,32.63,1
6425,1.7025,103.11,20.713,27.98,1
6426,1.4439,98.84,19.404,17.79,1
6427,1.8485,97.36,19.688,35.54,1
6428,1.8139,97.39,19.278,36.86,1
6429,1.512,96.53,19.277,32.86,1
6430,1.5406,99.9,21.166,28.79,1
6431,1.2617,103.09,19.743,49.53,1
6432,1.4219,98.71,20.111,36.28,1
6433,1.4177,100.4,19.817,38.31,1
6434,1.6609,95.89,19.28,31.52,1
6435,1.5561,98.92,19.711,28.01,1
6436,1.4179,99.47,20.215,33.44,1
6437,1.5995,94.74,19.167,29.77,1
6438,1.6969,96.39,19.618,29.36,1
6439,1.7125,99.4,20.191,32.04,1
6440,1.3472,91.95,18.7,29.64,1
6441,1.6486,100.01,19.599,29.23,1
6442,1.4573,98.36,19.449,29.95,1
6443,1.802,98.4,19.998,36.69,0
6444,1.7915,95.99,19.137,26.04,1
6445,1.5485,92.78,18.605,16.59,1
6446,1.5122,97.19,19.528,27.18,1
6447,1.6114,96.63,19.051,33.43,1
6448,1.3472,95.95,19.404,38.53,1
6449,1.7441,97.81,19.588,24.45,1
6450,1.6436,95.96,19.374,34.81,1
6451,1.8292,100.24,20.017,37.99,1
6452,1.5056,94.93,19.629,37.0,1
6453,1.6134,93.37,19.7,25.55,1
6454,1.4511,94.77,19.309,26.25,1
6455,1.5406,94.86,20.458,34.27,1
6456,1.5314,96.94,19.238,43.18,1
6457,1.8421,91.17,18.875,34.26,1
6458,1.598,94.39,20.32,30.09,1
6459,1.696,97.12,19.71,19.42,1
6460,1.6749,92.92,18.362,30.36,1
6461,1.5046,96.16,19.258,25.41,1
6462,1.694,94.09,19.068,32.1,1
6463,1.8153,95.26,18.942,18.85,1
6464,1.5186,90.72,19.689,31.05,1
6465,1.8586,90.23,18.439,25.53,1
6466,1.6029,91.17,18.864,40.04,1
6467,1.6594,89.54,17.723,28.23,1
6468,1.7984,92.2,18.795,28.39,1
6469,1.6328,92.87,19.185,35.61,1
6470,1.7495,95.35,19.338,27.98,1
6471,1.7029,92.3,18.613,51.89,1
6472,1.7759,92.62,18.833,40.62,1
6473,1.3511,93.42,19.097,32.2,1
6474,1.4918,89.3,19.247,37.75,1
6475,1.8438,89.81,18.405,15.37,1
6476,1.9049,94.88,20.299,40.72,1
6477,1.5961,89.58,19.244,38.47,1
6478,1.7283,92.24,19.579,32.38,1
6479,1.8465,91.8,18.765,37.75,1
6480,1.8585,87.02,18.829,41.97,1
6481,1.4962,89.31,18.07,31.25,1
6482,1.6348,89.1,18.234,38.02,1
6483,1.7178,88.86,18.854,43.46,1
6484,1.9142,88.37,18.044,39.5,1
6485,2.1661,87.24,17.82,34.31,1
6486,1.769,86.52,17.565,38.07,1
6487,1.5779,88.38,18.117,46.1,1
6488,1.8709,89.64,18.217,40.74,1
6489,2.0009,92.23,18.784,24.34,1
6490,1.8635,89.79,18.349,38.13,1
6491,1.6474,89.4,18.332,38.91,1
6492,1.9522,85.93,19.495,46.04,1
6493,1.9613,86.04,18.474,37.07,1
6494,1.6909,87.8,18.451,32.78,1
6495,1.8857,84.4,19.148,26.72,1
6496,1.9889,87.0,18.533,29.63,1
6497,2.0226,88.29,17.799,44.91,1
6498,1.8626,86.49,17.68,38.09,1
6499,1.7723,87.95,18.707,34.02,1
6500,2.0221,84.15,16.969,48.46,1
6501,1.6443,86.98,18.124,44.44,1
6502,1.9228,83.58,17.0,31.98,1
6503,1.6542,83.45,17.498,47.86,1
6504,1.9984,86.54,18.052,23.38,0
6505,1.8123,87.15,18.327,40.47,1
6506,2.043,85.8,17.957,40.32,1
6507,1.9558,84.14,18.781,46.53,1
6508,1.6923,84.8,17.459,40.74,1
6509,2.1073,83.67,20.046,35.74,1
6510,2.1086,80.49,16.874,37.59,1
6511,2.0165,80.19,17.504,61.79,1
6512,1.7542,82.73,17.137,39.53,1
6513,1.8582,83.43,18.286,43.66,1
6514,1.9346,82.36,17.824,22.41,1
6515,1.7888,83.83,18.311,31.7,1
6516,2.1918,81.88,17.451,43.63,1
6517,1.9469,83.17,16.929,25.45,0
6518,1.5052,80.88,17.231,43.34,1
6519,1.9777,85.59,17.593,31.32,1
6520,1.846,81.81,17.287,31.03,1
6521,1.8961,86.02,17.825,30.9,1
6522,1.886,81.35,18.891,51.53,1
6523,2.0395,80.22,17.145,43.33,1
6524,2.1258,79.88,16.863,33.42,1
6525,1.9762,77.72,16.568,48.1,1
6526,1.8715,78.46,16.557,48.02,1
6527,1.9723,77.61,16.823,38.07,1
6528,1.9382,80.96,16.84,47.81,0
6529,1.8346,79.0,16.382,49.3,0
6530,2.0199,80.63,16.747,47.12,1
6531,2.0335,83.08,16.902,33.4,1
6532,2.232,79.44,16.999,31.47,1
6533,2.1794,83.54,17.488,24.94,1
6534,1.889,77.39,16.257,37.25,1
6535,2.0972,77.84,16.944,38.68,0
6536,1.8205,78.09,16.925,39.51,1
6537,2.0813,80.25,16.948,40.22,1
6538,1.891,73.14,15.784,57.98,1
6539,1.8448,74.77,16.517,41.14,1
6540,2.0172,78.1,16.584,41.54,1
6541,1.5718,80.06,16.598,25.1,1
6542,1.7357,77.22,17.243,59.85,1
6543,1.9777,75.01,16.266,33.17,1
6544,2.0365,73.17,16.251,37.95,1
6545,1.9605,79.6,16.451,45.96,1
6546,1.7916,75.21,16.093,44.66,1
6547,1.8729,74.64,17.12,57.33,1
6548,2.1003,79.45,16.467,46.98,1
6549,2.0821,77.66,16.59,40.79,1
6550,2.0445,78.38,16.547,49.89,1
6551,2.195,73.78,16.084,53.49,1
6552,2.0846,71.44,15.532,39.43,1
6553,1.8892,75.24,16.237,50.44,1
6554,2.0348,74.81,15.626,40.97,1
6555,1.8489,74.97,16.335,41.95,1
6556,2.0061,77.4,16.393,43.79,1
6557,2.2145,69.48,15.382,42.2,1
6558,2.1455,75.59,16.703,39.48,1
6559,2.2881,71.47,15.505,53.37,1
6560,2.0091,74.24,16.68,30.44,1
6561,2.2621,72.91,16.034,36.34,1
6562,2.0226,70.6,16.184,50.54,1
6563,2.2971,72.1,15.556,44.48,1
6564,2.0432,69.82,16.046,54.76,1
6565,2.164,73.15,15.922,47.8,1
6566,2.3011,70.57,15.382,34.98,1
6567,2.0788,73.2,15.464,43.79,1
6568,2.082,72.92,16.366,48.35,1
6569,2.3035,74.41,16.033,44.92,1
6570,2.0748,72.1,16.23,41.31,1
6571,1.8772,72.01,17.121,43.0,1
6572,2.4061,73.33,16.686,39.56,1
6573,2.0174,70.29,16.364,35.78,1
6574,2.1028,66.32,14.758,35.64,1
6575,2.2921,70.24,15.888,48.92,1
6576,2.0076,66.96,14.617,40.75,0
6577,1.9409,76.12,15.954,48.24,1
6578,2.1284,71.59,16.944,39.77,1
6579,1.8243,74.62,15.854,33.29,1
6580,2.0382,69.49,15.98,42.86,1
6581,2.1413,70.38,16.024,62.43,1
6582,2.0626,68.51,15.418,46.66,1
6583,1.8777,71.38,15.167,51.55,1
6584,2.3329,65.26,15.143,49.51,1
6585,2.1344,63.19,14.464,39.04,1
6586,2.32,66.11,15.609,59.28,1
6587,2.0801,64.78,14.187,46.56,1
6588,1.9707,70.68,15.736,35.31,1
6589,2.1347,71.27,15.66,41.49,1
6590,2.0878,64.48,14.271,47.89,1
6591,1.9537,69.31,15.381,52.56,1
6592,2.3537,69.85,14.773,42.21,1
6593,2.0465,63.8,14.421,71.03,0
6594,1.8431,65.62,15.029,41.25,1
6595,2.3258,66.05,14.887,54.38,1
6596,2.0478,67.85,15.169,31.55,1
6597,2.0342,63.8,14.398,49.66,1
6598,1.8598,65.77,15.251,51.58,1
6599,2.3915,63.69,14.594,40.89,1
6600,1.9439,66.67,14.78,59.9,0
6601,2.1525,64.83,15.04,52.92,1
6602,2.2717,64.12,14.381,47.65,1
6603,2.2101,64.14,14.819,53.13,1
6604,2.1511,68.03,15.405,43.28,1
6605,1.8898,63.93,14.448,59.38,0
6606,2.0424,62.11,14.719,59.22,1
6607,2.1938,65.21,15.18,52.18,1
6608,2.0263,62.37,14.538,55.03,1
6609,2.198,59.67,14.006,39.75,1
6610,2.2617,68.14,15.362,59.49,1
6611,2.2772,63.22,14.711,50.36,0
6612,1.9613,61.8,14.14,59.23,1
6613,2.489,63.66,14.772,56.27,1
6614,2.2175,65.66,15.296,56.48,1
6615,2.1868,59.2,13.282,44.47,1
6616,2.314,62.79,14.245,43.59,1
6617,2.5179,66.22,15.574,66.67,1
6618,1.9115,62.4,14.302,39.01,1
6619,2.1289,59.2,13.688,44.35,1
6620,1.8047,60.29,14.812,52.11,1
6621,2.1715,62.14,14.384,52.14,0
6622,2.1555,64.17,14.408,45.38,0
6623,2.1535,60.51,13.488,57.15,0
6624,2.0535,63.33,14.425,58.23,1
6625,1.8469,57.66,13.632,52.85,0
6626,2.223,57.52,13.495,51.9,1
6627,2.359,59.35,13.497,52.63,1
6628,2.0632,62.61,16.376,46.29,1
6629,2.1875,59.19,13.842,38.88,1
6630,1.9353,59.35,13.771,54.66,1
6631,2.2326,59.71,14.401,58.87,1
6632,2.0766,61.29,14.076,50.23,1
6633,2.0263,58.09,13.168,35.67,1
6634,2.0512,60.26,14.3,47.28,1
6635,2.067,56.55,13.151,61.22,0
6636,2.1997,61.82,15.244,39.42,1
6637,1.9384,56.48,13.483,59.34,1
6638,2.0892,56.77,13.142,51.09,1
6639,2.1413,59.63,13.766,53.75,1
6640,1.9459,58.22,14.027,47.95,1
6641,2.4022,56.86,13.905,44.09,0
6642,1.9813,57.25,15.181,65.58,1
6643,2.0276,54.57,13.639,61.9,1
6644,1.9585,60.06,14.229,57.66,1
6645,2.4314,57.93,13.539,60.5,0
6646,2.2476,58.97,14.034,57.22,1
6647,2.0178,55.03,13.477,62.06,0
6648,2.3074,58.16,13.202,48.9,1
6649,2.1555,56.09,13.913,65.84,1
6650,2.1858,58.13,13.433,63.43,1
6651,2.088,57.88,13.207,57.44,1
6652,2.025,55.74,13.219,52.83,0
6653,2.2061,50.23,13.13,47.9,1
6654,2.0554,59.5,13.615,54.87,1
6655,2.3751,55.4,12.751,68.42,0
6656,1.9123,53.63,13.384,46.29,1
6657,2.3541,55.23,12.851,63.71,0
6658,2.1127,51.09,12.008,54.28,0
6659,2.1395,56.09,13.128,52.03,0
6660,2.2488,50.38,13.346,48.92,0
6661,2.0273,53.41,12.47,50.56,1
6662,2.2306,52.61,12.975,61.7,1
6663,1.6911,55.38,12.957,61.08,0
6664,1.9969,52.94,12.516,58.4,1
6665,1.9827,53.18,12.582,52.14,1
6666,1.8922,53.42,12.491,48.26,0
6667,2.0852,53.15,13.173,57.31,1
6668,2.1699,52.36,12.89,53.78,1
6669,2.2069,50.96,14.291,59.86,1
6670,2.1162,47.87,11.981,56.95,1
6671,2.0056,48.98,12.401,56.11,1
6672,2.1449,50.43,13.584,58.35,0
6673,2.1114,50.73,13.024,61.57,1
6674,2.2435,50.6,12.691,68.75,1
6675,2.2185,50.53,11.826,55.69,0
6676,2.094,48.19,13.308,63.57,0
6677,1.9928,49.29,12.374,73.61,0
6678,1.9829,49.54,12.077,64.02,0
6679,2.0253,49.94,13.026,68.09,1
6680,2.0428,50.6,12.698,53.05,1
6681,2.1281,49.26,12.075,53.22,0
6682,2.1849,47.26,12.099,58.41,1
6683,2.0667,45.6,11.536,60.4,1
6684,2.1008,54.12,12.691,64.79,1
6685,2.078,47.45,11.592,55.16,0
6686,1.9913,47.89,11.854,58.64,1
6687,1.9231,48.63,11.997,67.65,0
6688,1.7875,48.77,12.422,60.8,1
6689,1.9538,49.41,12.151,59.44,0
6690,2.1159,46.58,12.329,61.9,0
6691,1.9475,46.61,11.763,50.9,1
6692,2.0211,47.68,12.481,50.31,1
6693,2.1234,45.95,11.276,47.73,1
6694,2.1261,46.45,11.362,61.57,0
6695,1.8837,49.43,12.842,66.42,0
6696,2.1865,46.68,11.773,66.78,1
6697,2.2135,46.51,12.859,69.8,1
6698,1.8455,47.92,12.359,71.95,0
6699,1.8881,46.92,12.577,60.52,0
6700,2.2153,47.95,12.567,58.25,0
6701,2.0098,42.69,11.289,75.39,0
6702,1.7168,47.25,11.809,55.07,0
6703,1.7996,44.84,12.358,51.43,1
6704,1.9945,42.95,11.327,60.22,0
6705,1.8347,44.49,11.419,57.71,0
6706,1.9244,46.58,12.331,60.64,0
6707,2.0109,42.46,10.726,55.91,0
6708,2.206,45.5,12.174,64.47,0
6709,1.9582,46.44,12.504,57.05,0
6710,2.1556,41.45,11.901,73.65,0
6711,2.2023,43.4,12.085,52.72,0
6712,2.2127,43.2,11.602,61.2,0
6713,2.0463,41.04,11.438,60.11,1
6714,1.6959,41.68,10.708,65.76,0
6715,2.0399,42.01,12.348,69.84,1
6716,2.0965,43.26,11.607,64.0,0
6717,1.9566,43.59,11.343,61.57,1
6718,2.2059,40.57,11.216,69.47,0
6719,2.0891,42.19,11.065,69.67,0
6720,2.0218,40.41,10.615,66.61,0
6721,2.11,37.95,10.794,68.87,0
6722,1.987,39.65,10.698,69.27,0
6723,1.588,43.07,11.452,49.5,0
6724,1.8797,41.89,12.061,60.13,1
6725,2.1012,40.64,11.001,66.7,0
6726,1.7844,39.5,11.108,62.07,1
6727,1.9052,39.2,11.02,62.37,0
6728,1.7665,40.09,10.978,67.55,0
6729,2.2146,37.31,10.556,69.35,0
6730,2.1873,38.48,11.085,68.18,1
6731,1.8027,38.73,11.097,58.82,1
6732,1.9473,35.08,10.903,54.5,0
6733,1.7956,36.75,10.652,72.2,1
6734,2.0078,40.0,10.91,58.99,0
6735,1.9853,38.82,10.766,58.16,0
6736,2.0482,37.09,10.433,58.38,0
6737,1.9409,35.84,11.273,76.4,0
6738,2.3137,41.46,11.506,65.33,0
6739,1.7303,35.65,9.951,69.14,0
6740,1.6362,38.16,10.933,70.92,0
6741,1.8374,36.84,9.593,66.47,0
6742,1.6222,37.07,10.872,74.51,1
6743,1.6395,37.72,10.465,56.22,1
6744,1.7128,34.16,10.212,59.45,0
6745,1.7713,36.45,9.853,57.51,0
6746,1.7254,38.31,10.336,68.22,1
6747,1.9419,39.41,11.453,68.75,0
6748,1.7935,35.87,9.91,63.78,0
6749,1.8017,36.4,10.014,64.8,0
6750,1.9852,39.19,11.655,74.52,1
6751,1.7459,38.0,11.783,60.23,1
6752,1.782,33.4,10.226,70.41,0
6753,1.8647,32.74,9.878,62.75,0
6754,1.5487,37.01,11.352,75.89,0
6755,1.4861,31.59,9.243,74.05,0
6756,1.8688,35.69,10.216,55.33,1
6757,1.8909,34.66,10.162,65.13,0
6758,2.1498,33.68,11.347,50.75,1
6759,1.8607,32.51,10.296,75.26,0
6760,1.9095,32.39,9.531,85.43,0
6761,1.761,35.68,10.237,48.66,0
6762,1.8321,33.33,10.236,57.05,0
6763,2.0557,31.27,9.408,70.44,1
6764,1.5211,32.36,9.74,68.69,0
6765,1.8668,33.09,9.347,65.12,0
6766,2.1188,31.09,9.394,56.7,0
6767,1.8177,32.03,9.971,73.09,0
6768,2.0206,30.67,9.132,77.31,0
6769,1.6804,34.1,10.484,90.86,0
6770,1.7843,29.32,9.81,80.75,0
6771,1.7714,27.78,9.397,60.44,1
6772,1.4579,27.95,8.935,72.07,0
6773,1.596,28.57,9.371,76.19,0
6774,1.6061,32.84,10.018,62.93,0
6775,1.8686,30.92,9.489,76.93,1
6776,1.8587,31.74,9.919,74.99,0
6777,1.7991,31.09,10.386,79.48,0
6778,1.8993,29.67,9.98,77.18,0
6779,1.7404,29.35,9.155,73.01,0
6780,1.9171,32.18,10.161,63.77,0
6781,1.7077,29.79,9.816,60.73,0
6782,1.7537,32.41,9.67,70.26,0
6783,1.6932,30.91,9.853,66.86,1
6784,1.8372,27.89,9.532,69.33,0
6785,1.6541,26.93,8.909,80.88,0
6786,1.8664,27.23,8.912,83.05,0
6787,1.5312,31.21,9.78,60.26,0
6788,1.5611,27.36,8.823,70.09,0
6789,1.783,25.52,9.118,68.87,1
6790,1.7043,28.95,9.831,73.92,0
6791,1.6491,27.31,9.591,53.86,0
6792,1.8488,27.38,10.31,59.61,0
6793,1.623,30.07,9.69,69.35,0
6794,1.6391,27.87,9.364,77.82,0
6795,1.9055,26.71,9.131,72.77,0
6796,1.9146,23.71,8.634,78.66,0
6797,1.9192,25.41,8.875,74.52,1
6798,1.628,27.8,8.861,81.96,0
6799,1.8585,23.25,8.433,84.68,0
6800,1.531,29.33,9.062,64.12,0
6801,1.5008,26.26,8.545,79.81,0
6802,1.3057,26.21,8.993,76.71,0
6803,1.8924,24.48,8.606,92.78,0
6804,1.5167,27.41,9.388,65.39,1
6805,1.611,23.27,8.36,71.27,0
6806,1.5169,30.72,10.263,61.35,0
6807,1.7849,29.67,9.173,62.31,0
6808,1.6081,28.11,8.834,73.95,0
6809,1.4846,24.92,8.735,74.64,0
6810,1.7143,27.83,8.54,75.76,0
6811,1.447,29.49,9.226,74.76,0
6812,1.508,29.24,9.044,69.13,0
6813,1.3194,26.1,8.465,70.88,0
6814,1.4229,26.2,8.933,64.55,0
6815,1.6666,26.49,8.765,66.45,0
6816,1.345,27.75,8.541,71.43,0
6817,1.3731,31.99,10.739,71.24,0
6818,1.6017,26.13,8.11,78.54,0
6819,1.5455,31.29,8.977,74.59,0
6820,1.9117,27.09,8.859,84.14,0
6821,1.8925,28.43,8.957,63.56,0
6822,1.471,25.94,8.451,71.38,0
6823,1.7064,29.3,9.544,63.42,1
6824,1.7084,33.03,9.633,78.85,0
6825,1.4829,31.9,9.262,65.25,0
6826,1.371,27.83,9.622,80.42,0
6827,1.6123,33.23,10.239,79.75,0
6828,1.5749,33.84,10.291,71.19,0
6829,1.5572,31.58,9.425,71.48,0
6830,1.6434,35.66,9.75,67.13,1
6831,1.5133,32.82,9.987,66.09,0
6832,1.4186,32.96,9.818,64.94,1
6833,1.6156,30.73,9.272,69.18,0
6834,1.6187,32.8,9.824,83.04,0
6835,1.4036,33.83,9.401,60.77,0
6836,1.7279,33.11,11.19,69.66,0
6837,1.307,31.28,10.031,75.44,0
6838,1.4673,33.76,10.051,65.83,0
6839,1.5289,31.49,9.517,72.68,0
6840,1.4828,29.65,9.33,59.0,0
6841,1.4987,36.71,9.913,78.28,0
6842,1.8146,31.26,9.537,78.53,0
6843,1.4515,34.18,9.786,67.1,0
6844,1.9132,34.49,10.398,60.18,0
6845,1.6437,35.16,10.042,73.81,0
6846,1.595,33.44,10.888,58.81,1
6847,1.6523,35.21,10.371,58.79,0
6848,1.9427,35.79,10.029,66.12,1
6849,1.4397,37.43,11.216,78.35,0
6850,1.3667,39.2,10.861,70.28,1
6851,1.4691,36.59,10.523,61.91,0
6852,1.5628,35.88,11.814,53.55,0
6853,1.3402,33.76,11.301,67.93,0
6854,1.6049,37.0,10.791,68.08,0
6855,1.8213,37.39,10.662,65.52,1
6856,1.5759,36.75,10.827,81.21,0
6857,1.52,38.85,10.496,65.3,0
6858,1.4645,37.35,10.139,47.7,0
6859,1.6803,38.77,11.395,62.51,0
6860,1.3996,39.37,10.435,68.79,0
6861,1.8152,39.08,11.389,67.87,0
6862,1.8285,38.32,10.961,64.08,1
6863,1.6034,36.64,10.25,64.44,0
6864,1.557,36.79,10.431,50.28,0
6865,1.7049,39.79,11.653,65.14,0
6866,1.7088,43.64,11.714,59.94,1
6867,1.4492,38.06,10.902,66.44,1
6868,1.4409,40.8,11.277,67.95,0
6869,1.3607,39.05,10.983,75.32,0
6870,1.5987,37.32,10.217,57.83,0
6871,1.638,37.8,10.808,54.78,0
6872,1.3524,34.78,9.97,61.82,1
6873,1.4379,41.95,11.288,56.74,1
6874,1.376,35.12,10.333,60.28,0
6875,1.4522,39.59,10.969,75.76,0
6876,1.6579,38.46,10.777,66.28,0
6877,1.449,39.36,10.943,80.89,0
6878,1.5092,43.75,11.993,61.83,0
6879,1.2956,41.4,11.292,54.16,0
6880,1.5837,39.58,10.733,57.66,0
6881,1.5466,41.21,10.815,72.43,1
6882,1.472,39.97,10.81,54.64,0
6883,1.5225,42.53,11.088,67.55,0
6884,1.5601,43.22,11.615,59.31,0
6885,1.4388,46.59,11.74,53.52,0
6886,1.3179,40.13,10.443,76.38,1
6887,1.8438,42.53,11.49,58.24,1
6888,1.4426,42.52,12.106,55.86,1
6889,1.5509,45.55,12.091,60.17,0
6890,1.7116,44.49,11.528,57.97,0
6891,2.0666,44.28,12.411,79.21,0
6892,1.3589,44.36,10.87,70.46,0
6893,1.6279,41.8,12.393,58.66,0
6894,1.4456,45.93,12.227,56.04,1
6895,1.4742,46.27,11.959,44.65,0
6896,1.443,46.17,11.506,60.92,0
6897,1.4025,47.71,11.883,53.27,1
6898,1.5715,46.06,12.094,61.33,0
6899,1.3465,47.95,12.569,43.81,0
6900,1.6848,46.43,12.378,60.73,0
6901,1.5641,45.1,11.612,74.49,0
6902,1.6447,46.02,11.755,61.85,0
6903,1.5111,46.03,11.852,54.57,0
6904,1.4974,45.59,12.258,60.83,0
6905,1.596,50.23,12.287,58.21,0
6906,1.3944,47.44,12.969,77.6,0
6907,1.5474,46.74,12.076,57.37,0
6908,1.4601,48.36,12.044,50.2,0
6909,1.4546,54.13,13.351,56.86,1
6910,1.2447,45.78,12.427,62.76,0
6911,1.7679,45.58,11.41,64.54,0
6912,1.4731,45.77,11.309,66.83,0
6913,1.785,47.73,12.042,75.57,0
6914,1.7291,48.05,14.964,54.53,1
6915,1.4283,47.96,12.153,54.55,0
6916,1.4315,47.32,12.043,45.09,0
6917,1.9986,48.61,12.602,64.46,1
6918,1.8358,48.0,12.463,51.93,1
6919,1.5823,50.22,12.751,65.77,0
6920,1.6015,51.96,13.325,53.37,0
6921,1.4856,51.19,12.042,71.98,0
6922,1.6694,52.23,12.425,45.98,1
6923,1.5069,52.09,13.373,65.76,0
6924,1.3035,49.8,12.496,65.43,0
6925,1.4483,50.28,12.081,62.3,0
6926,1.6168,49.11,11.878,50.01,0
6927,1.4293,49.8,12.29,62.2,0
6928,1.6037,50.5,12.496,59.3,0
6929,1.4762,52.84,13.119,42.03,1
6930,1.4915,51.73,12.556,68.65,0
6931,1.7508,53.66,13.17,53.81,1
6932,1.6832,49.9,12.125,70.3,0
6933,1.6242,55.69,14.006,54.92,1
6934,1.76,50.5,14.343,64.74,1
6935,1.7056,50.27,12.173,51.03,1
6936,1.844,51.68,13.053,58.42,1
6937,1.5755,57.97,13.867,54.71,0
6938,1.5636,52.54,12.778,54.37,1
6939,1.443,53.01,13.26,50.35,0
6940,1.5554,53.18,13.169,31.8,1
6941,1.7796,54.15,12.659,49.05,1
6942,1.8149,52.37,13.505,62.66,1
6943,1.8227,54.3,13.199,44.33,0
6944,1.385,55.77,13.429,45.01,1
6945,1.8262,55.65,14.814,43.39,1
6946,1.3776,52.74,12.773,58.63,0
6947,1.7863,53.81,13.299,49.0,1
6948,1.6039,54.22,13.057,65.68,0
6949,1.7396,55.01,13.237,61.33,1
6950,1.479,58.27,13.908,55.53,0
6951,1.8423,55.67,12.963,57.08,1
6952,1.4443,55.21,13.606,48.3,1
6953,1.5644,58.93,13.405,46.91,1
6954,1.5034,57.83,13.127,58.88,1
6955,1.4437,58.05,14.806,61.24,1
6956,1.7072,61.19,13.564,57.52,0
6957,1.9654,57.62,13.076,48.93,1
6958,2.0987,52.77,12.401,53.51,1
6959,1.6977,59.39,14.804,45.29,1
6960,1.8622,54.56,12.519,62.4,1
6961,1.7687,57.66,13.228,37.66,1
6962,1.8084,54.01,12.756,38.03,1
6963,1.6619,58.08,13.438,38.8,1
6964,1.7683,58.67,13.483,36.29,0
6965,1.8021,58.09,13.115,64.83,1
6966,1.6678,58.23,14.818,59.62,1
6967,1.7256,60.93,13.681,42.27,0
6968,1.711,57.31,13.623,53.4,0
6969,1.8581,60.77,14.2,64.0,1
6970,1.5932,57.04,13.275,58.53,0
6971,1.7531,59.58,14.259,69.32,0
6972,2.03,59.66,13.803,51.17,1
6973,1.9232,58.45,13.855,48.37,1
6974,1.9527,58.28,13.457,45.63,1
6975,1.7659,61.75,13.525,51.89,0
6976,1.827,63.19,14.988,57.81,1
6977,1.9192,60.45,15.287,52.53,1
6978,1.9834,60.05,14.312,49.56,1
6979,1.4679,61.51,13.944,61.37,0
6980,1.5763,62.07,15.129,55.96,1
6981,1.9499,62.8,15.533,50.41,0
6982,1.7774,55.61,13.294,48.55,1
6983,1.68,59.92,14.11,50.31,0
6984,1.629,60.73,13.85,55.26,0
6985,1.7219,62.79,13.85,44.71,1
6986,1.5932,62.75,14.44,40.11,1
6987,2.1477,65.26,15.241,46.38,1
6988,1.8068,63.72,14.367,49.72,0
6989,1.8114,60.87,13.877,63.01,1
6990,1.8843,66.25,14.908,39.35,1
6991,1.9466,65.72,14.565,50.23,1
6992,1.9467,60.57,14.107,49.32,1
6993,1.9764,64.69,14.306,47.29,1
6994,1.7406,63.48,13.932,62.23,0
6995,1.773,64.27,14.936,50.4,1
6996,1.9641,66.53,14.829,40.54,1
6997,1.7344,68.81,15.181,54.04,1
6998,1.8512,66.9,14.807,54.48,1
6999,1.8975,65.72,14.853,40.8,1
7000,1.943,64.69,14.26,40.17,1
7001,1.5572,67.23,15.382,52.09,1
7002,1.9612,67.78,15.549,46.83,1
7003,1.8376,65.47,14.721,44.84,1
7004,1.9985,64.53,14.744,58.01,1
7005,1.9727,63.66,14.408,45.98,0
7006,2.0943,67.35,15.355,50.43,1
7007,2.0878,67.09,14.761,57.46,0
7008,2.0926,66.19,15.623,46.0,1
7009,2.1145,68.06,15.602,32.42,1
7010,1.955,65.4,14.668,45.13,1
7011,1.8653,68.54,14.938,48.57,1
7012,2.0287,67.55,15.592,55.18,0
7013,1.972,66.74,14.981,44.31,1
7014,1.8528,68.66,14.796,60.54,1
7015,1.9675,70.33,15.547,35.97,1
7016,1.8751,67.01,15.185,49.87,1
7017,1.8155,70.37,14.89,44.75,1
7018,2.1012,69.05,15.19,57.7,1
7019,1.9165,70.26,15.981,34.25,1
7020,2.2086,70.83,15.641,49.46,1
7021,1.6563,69.29,15.577,44.52,1
7022,1.8243,71.33,16.179,57.32,1
7023,1.9123,71.79,16.266,38.43,1
7024,2.1291,69.38,15.128,50.43,1
7025,1.9839,71.21,15.699,38.73,1
7026,2.0245,70.61,15.79,48.25,1
7027,1.8066,70.96,16.004,43.21,1
7028,1.7884,70.17,15.41,42.9,1
7029,2.0036,72.41,15.82,29.23,1
7030,1.764,71.3,15.621,48.26,1
7031,1.8712,72.07,16.446,36.38,1
7032,2.0547,71.95,16.259,36.79,1
7033,1.852,68.16,15.542,34.38,1
7034,2.1954,71.5,15.205,36.56,1
7035,2.1459,73.01,15.775,49.34,0
7036,1.7749,73.79,15.719,48.05,1
7037,1.8661,70.99,16.297,50.18,1
7038,1.6574,70.63,15.555,37.79,1
7039,1.8955,74.86,16.927,45.37,1
7040,2.0971,73.33,15.661,39.79,1
7041,1.9011,74.12,15.63,51.79,1
7042,2.0507,73.82,16.366,47.39,1
7043,1.7728,74.18,17.114,38.62,1
7044,2.0496,73.34,15.903,52.76,1
7045,1.9255,72.14,15.239,48.6,1
7046,2.0206,75.01,15.9,32.07,1
7047,2.0119,73.78,16.024,30.69,1
7048,1.8102,75.55,15.774,31.75,1
7049,1.8598,75.34,16.213,56.46,1
7050,2.1459,74.07,16.016,35.81,1
7051,2.1187,73.07,15.371,59.11,1
7052,2.1736,80.35,16.921,31.05,1
7053,2.0757,74.95,15.94,33.92,1
7054,2.084,77.48,16.228,48.46,0
7055,1.7792,79.7,16.925,47.5,1
7056,1.9978,78.14,16.295,45.67,1
7057,2.0374,75.92,16.562,48.05,1
7058,2.3486,76.88,17.216,36.41,1
7059,2.1491,74.72,15.95,50.25,0
7060,2.3253,79.42,16.674,42.81,1
7061,2.1357,78.35,16.729,38.3,1
7062,1.9817,77.15,16.249,42.87,1
7063,2.0847,76.4,15.844,51.33,1
7064,2.0773,75.57,15.817,45.92,1
7065,1.9277,80.22,16.592,22.8,1
7066,2.0433,79.02,18.007,47.94,1
7067,2.0441,78.67,16.579,47.62,1
7068,2.3217,78.01,15.88,39.08,1
7069,1.7793,77.03,16.286,43.62,1
7070,2.2852,81.98,16.682,40.34,1
7071,1.9271,80.04,16.957,25.41,1
7072,1.8584,81.63,17.166,35.55,1
7073,2.2656,79.66,16.882,37.62,1
7074,2.2046,80.5,16.954,38.88,1
7075,2.3055,82.01,17.158,35.61,1
7076,2.2152,81.84,16.943,43.86,1
7077,2.3863,82.94,17.209,32.1,1
7078,2.1757,80.8,17.723,47.84,1
7079,2.091,83.09,18.378,43.64,1
7080,2.1513,83.68,17.641,48.83,1
7081,2.2668,81.21,17.034,53.24,1
7082,1.9893,81.77,17.189,53.1,0
7083,2.0202,84.9,18.632,27.76,1
7084,2.0644,81.51,16.842,42.49,1
7085,1.7665,83.37,17.999,32.71,1
7086,2.1414,81.68,17.223,65.02,1
7087,1.8082,79.63,17.144,46.08,1
7088,2.108,85.15,18.155,48.12,1
7089,2.2326,78.38,15.956,44.98,1
7090,2.0575,78.84,16.68,19.95,1
7091,2.3592,85.21,18.13,31.5,1
7092,1.9326,86.32,18.12,32.42,1
7093,2.3274,83.39,18.244,34.96,1
7094,2.2458,85.05,18.013,40.23,1
7095,1.8438,80.08,16.659,44.18,1
7096,2.557,85.53,19.261,15.03,1
7097,2.0997,85.19,17.619,34.97,1
7098,1.9877,85.08,16.944,33.45,1
7099,1.9149,85.6,17.997,48.57,1
7100,2.0925,85.82,17.568,41.41,1
7101,2.1192,86.19,18.057,35.75,1
7102,2.1365,82.07,17.082,40.76,1
7103,2.1023,91.1,19.073,20.47,1
7104,2.2194,89.0,18.321,40.51,1
7105,2.0831,83.87,17.413,35.4,1
7106,1.8606,86.9,17.999,30.14,1
7107,2.1467,86.7,17.58,46.76,1
7108,1.7877,89.44,18.267,36.79,1
7109,2.1742,82.92,17.145,32.86,1
7110,1.9908,85.71,18.084,31.09,1
7111,2.1936,84.36,17.614,40.71,1
7112,2.3535,87.8,18.17,38.11,1
7113,2.0117,86.42,19.493,36.0,1
7114,2.3033,88.42,18.055,25.72,1
7115,2.0712,88.43,17.498,27.44,1
7116,2.4262,87.4,18.811,29.77,1
7117,2.0893,89.24,18.92,32.7,1
7118,2.0337,90.28,17.881,34.35,1
7119,2.2679,92.07,18.122,33.43,1
7120,2.0836,88.57,18.553,34.02,1
7121,2.0513,89.29,18.755,50.98,1
7122,2.0902,89.01,18.476,41.97,1
7123,2.1477,90.61,18.628,43.05,1
7124,2.3559,86.12,17.656,40.6,1
7125,1.842,90.45,18.287,33.93,1
7126,2.1565,91.45,19.718,37.18,1
7127,2.2464,90.9,18.048,35.59,1
7128,2.1709,90.74,18.953,40.3,1
7129,2.3269,86.6,17.914,28.77,1
7130,2.1333,90.84,19.391,39.52,1
7131,2.1333,96.31,19.544,33.05,1
7132,2.241,92.34,18.651,18.65,1
7133,2.1576,91.53,18.219,33.61,1
7134,2.1141,92.78,18.47,22.06,1
7135,2.236,92.75,19.521,28.12,1
7136,2.0437,92.9,19.425,31.2,1
7137,2.0411,92.0,18.637,20.56,1
7138,2.1058,94.35,18.593,31.32,1
7139,2.3514,96.79,19.498,30.95,1
7140,1.6578,96.38,18.681,37.12,1
7141,2.2022,98.48,19.426,25.32,1
7142,2.1647,92.42,19.801,35.01,1
7143,1.9167,97.05,20.185,29.14,1
7144,2.1677,93.1,19.219,29.09,1
7145,2.2319,94.85,19.393,17.86,1
7146,2.2234,96.05,18.86,29.42,1
7147,1.7177,94.05,18.742,37.21,1
7148,2.2991,95.32,18.791,23.38,1
7149,2.0467,97.53,19.253,27.73,1
7150,2.2478,94.48,19.024,31.05,1
7151,2.2273,98.16,20.309,38.3,1
7152,2.0026,93.27,18.785,32.78,1
7153,2.2279,100.73,19.916,30.54,1
7154,2.0706,98.08,20.178,29.53,1
7155,1.8155,95.84,18.737,26.82,1
7156,2.2872,95.73,19.33,21.54,1
7157,1.9937,96.51,19.196,28.51,1
7158,1.9945,97.17,19.549,33.33,1
7159,2.0371,97.3,19.401,31.19,1
7160,2.1469,100.08,19.552,39.91,1
7161,2.1087,101.81,20.149,34.89,1
7162,2.2098,98.45,19.165,39.47,1
7163,1.9078,96.17,19.622,14.11,1
7164,1.9965,96.99,19.544,42.51,1
7165,2.0601,98.21,20.162,32.05,1
7166,2.3954,97.04,19.007,33.01,1
7167,2.1023,95.59,19.452,37.36,1
7168,2.2773,103.45,20.424,26.39,1
7169,2.1411,100.27,20.12,20.29,1
7170,2.0416,98.05,19.924,40.89,1
7171,2.0976,100.48,19.904,21.4,1
7172,2.0609,98.18,20.268,21.91,1
7173,2.1786,97.83,19.797,27.4,1
7174,2.2658,98.95,19.616,26.03,1
7175,2.1133,102.34,20.281,26.2,1
7176,2.2615,100.14,20.638,27.34,1
7177,1.9534,95.99,19.074,42.07,1
7178,1.9979,103.45,20.697,29.96,1
7179,1.9866,100.18,20.225,20.87,1
7180,2.1628,97.5,19.56,23.88,1
7181,2.0414,101.44,20.035,24.24,1
7182,2.1524,102.74,20.244,23.51,1
7183,1.9434,102.5,19.84,22.72,0
7184,2.1117,106.7,21.482,16.29,1
7185,2.1695,100.33,19.778,29.7,1
7186,1.7905,101.88,20.596,23.05,1
7187,2.3782,101.8,20.361,19.84,1
7188,2.0464,99.72,20.601,32.12,1
7189,1.7469,104.98,21.571,31.5,1
7190,2.0749,104.68,20.619,23.71,1
7191,2.022,103.74,20.511,40.12,1
7192,2.0504,104.95,20.54,42.9,1
7193,2.2,102.57,19.743,30.85,1
7194,2.1484,102.44,19.831,23.43,1
7195,2.0744,104.56,20.5,27.59,1
7196,2.0844,106.6,20.495,14.33,1
7197,1.9956,108.53,21.882,16.12,1
7198,2.2683,106.63,21.116,10.6,1
7199,1.7999,105.15,20.625,19.17,1
7200,2.0571,106.35,21.319,15.05,1
7201,2.0379,105.43,20.648,30.79,1
7202,2.1347,102.37,20.16,20.26,1
7203,1.8909,104.68,20.352,27.56,1
7204,1.756,102.94,20.652,33.57,1
7205,2.0375,104.1,20.242,35.58,1
7206,2.0358,107.35,21.014,20.1,1
7207,2.234,106.37,21.36,27.32,1
7208,1.797,101.68,21.196,30.13,1
7209,2.1933,104.47,20.565,36.23,1
7210,2.3411,102.23,20.282,34.01,1
7211,1.9176,103.16,19.975,36.64,1
7212,1.7869,105.16,21.793,12.11,1
7213,1.905,104.2,20.393,20.9,1
7214,1.9676,108.24,21.328,31.77,1
7215,2.0452,105.12,20.811,29.8,1
7216,1.9043,103.23,21.12,25.75,1
7217,2.2215,103.63,20.774,22.93,1
7218,1.8013,101.79,20.961,34.27,1
7219,1.7118,99.68,20.037,12.68,1
7220,2.1228,103.44,20.352,32.32,1
7221,1.6226,103.73,20.923,26.95,1
7222,1.9417,100.65,20.15,24.41,1
7223,2.4063,101.47,19.911,31.58,1
7224,1.9642,102.18,20.018,23.38,1
7225,1.8005,102.35,20.489,26.92,1
7226,1.9258,97.42,20.116,29.42,1
7227,1.9373,100.87,20.912,34.14,1
7228,1.959,100.25,19.511,29.06,1
7229,2.0543,101.95,20.184,12.45,1
7230,1.7418,101.66,20.307,15.78,1
7231,2.1932,101.92,20.462,18.15,1
7232,1.9413,97.06,20.116,33.86,1
7233,2.0336,97.48,20.099,34.28,1
7234,1.8186,100.81,19.737,40.78,1
7235,2.0905,96.77,18.991,21.74,1
7236,1.8601,95.38,19.524,41.4,1
7237,1.9379,99.36,20.562,13.42,1
7238,1.7592,97.05,19.474,30.56,1
7239,1.7218,100.56,19.888,29.79,1
7240,2.0029,98.44,19.51,31.94,1
7241,1.8006,98.13,19.977,27.16,1
7242,1.7314,95.31,19.178,32.1,1
7243,1.7881,98.94,19.9,18.16,1
7244,1.9817,97.97,20.055,37.28,1
7245,1.7401,94.93,18.806,32.51,1
7246,1.8194,94.66,18.993,35.12,1
7247,1.8265,95.14,19.122,28.11,1
7248,1.5812,94.48,19.127,29.81,1
7249,1.6251,98.18,20.068,33.74,1
7250,1.8874,92.07,18.104,45.64,1
7251,1.7597,94.84,19.224,20.26,1
7252,1.9618,95.31,20.007,18.76,1
7253,1.9778,95.47,18.845,33.12,1
7254,1.9534,93.87,19.065,29.46,1
7255,2.1188,95.98,18.769,31.89,1
7256,1.799,93.02,18.545,31.88,1
7257,1.9467,94.52,18.269,37.0,1
7258,1.7344,94.86,19.928,28.38,1
7259,2.1808,94.78,19.082,22.13,1
7260,2.1345,92.65,18.203,26.57,1
7261,1.7976,95.6,19.879,29.92,1
7262,1.8731,92.87,18.567,21.93,1
7263,1.9922,93.54,18.808,31.73,1
7264,1.8079,96.15,20.11,31.65,1
7265,1.702,94.27,20.256,28.51,1
7266,1.8942,94.98,18.976,33.53,1
7267,1.7822,93.08,19.518,20.01,1
7268,1.8036,93.64,19.093,25.11,1
7269,1.6463,91.03,18.496,23.53,1
7270,1.5023,89.96,17.951,42.02,1
7271,1.8066,91.34,19.537,52.2,1
7272,1.8821,91.99,18.398,26.26,1
7273,1.7279,91.47,20.257,30.93,1
7274,1.9592,90.18,18.564,28.12,1
7275,1.663,88.59,19.343,36.44,1
7276,1.5881,91.61,18.465,28.67,1
7277,1.7444,87.43,18.276,37.83,1
7278,1.7424,93.43,19.874,38.26,1
7279,1.8726,89.93,19.228,25.03,1
7280,1.6203,90.18,18.302,36.9,1
7281,1.95,90.77,18.227,19.86,1
7282,1.987,89.43,18.447,31.81,1
7283,1.6854,86.86,17.591,33.8,1
7284,1.9238,90.48,18.739,32.1,1
7285,1.5705,90.53,18.065,31.59,1
7286,1.879,87.25,18.595,32.14,1
7287,1.8773,87.27,17.732,34.79,1
7288,1.8378,87.1,17.443,37.81,1
7289,1.712,84.49,18.241,39.21,1
7290,1.2609,90.55,18.871,34.65,1
7291,1.6274,89.47,18.551,29.78,1
7292,1.6017,88.33,18.763,43.96,1
7293,1.5574,86.63,18.281,48.65,1
7294,1.6935,85.61,17.714,25.46,1
7295,1.6193,86.98,18.088,37.11,1
7296,1.5728,90.19,18.124,30.75,1
7297,1.5217,85.3,17.007,44.52,1
7298,1.5933,83.51,17.882,37.64,1
7299,1.8347,88.16,18.587,34.98,1
7300,1.5993,82.04,17.621,42.59,1
7301,1.5871,82.9,17.95,35.89,1
7302,1.5994,84.44,18.052,51.25,1
7303,1.7183,81.3,17.585,43.23,1
7304,1.7398,87.31,17.452,43.46,1
7305,1.1879,85.25,17.851,34.63,1
7306,1.7991,83.31,17.923,37.13,1
7307,1.8552,86.68,17.65,42.7,1
7308,1.5099,87.85,18.122,41.61,1
7309,1.5168,83.33,17.685,28.5,1
7310,1.5926,82.53,17.498,39.47,1
7311,1.5586,87.65,18.163,39.0,1
7312,1.6796,84.8,17.877,36.62,1
7313,1.3333,84.06,17.462,41.15,1
7314,1.4551,86.1,17.507,35.97,1
7315,1.8824,83.04,17.852,19.8,1
7316,1.4956,81.44,17.209,28.97,1
7317,1.7989,82.37,16.963,46.78,1
7318,1.6746,83.51,18.431,35.4,1
7319,1.348,77.95,16.8,43.56,1
7320,1.7197,81.75,16.927,39.93,1
7321,1.589,84.18,17.321,31.63,1
7322,1.5523,81.04,16.86,36.68,1
7323,1.6317,84.36,17.368,40.5,1
7324,1.6861,83.13,17.513,41.39,1
7325,1.714,80.22,16.618,58.03,1
7326,1.8164,78.29,17.328,37.2,1
7327,1.6635,79.8,17.562,54.42,1
7328,1.4279,84.86,18.182,30.36,1
7329,1.5253,83.9,17.392,42.4,1
7330,2.0468,79.84,17.251,41.35,1
7331,1.6922,77.25,16.614,40.33,1
7332,1.9484,79.78,16.841,40.07,0
7333,1.8023,78.55,17.693,34.97,1
7334,1.6197,76.14,16.384,49.43,1
7335,1.6366,78.63,16.556,34.25,1
7336,1.6181,80.56,16.973,42.43,1
7337,1.3289,73.67,16.023,49.61,1
7338,1.5727,79.52,18.345,51.55,1
7339,1.8024,80.37,17.055,48.01,1
7340,1.4727,76.35,16.531,47.83,1
7341,1.6482,81.31,17.409,34.72,1
7342,1.7098,75.56,15.8,36.83,1
7343,1.4324,77.61,17.244,31.87,1
7344,1.5152,76.1,15.97,33.01,1
7345,1.4073,75.82,17.577,42.95,1
7346,1.4754,74.14,16.259,37.58,1
7347,1.3997,78.06,17.117,51.07,1
7348,1.4579,77.55,15.997,38.01,1
7349,1.7904,75.7,16.066,43.87,1
7350,1.4003,72.43,15.619,42.55,1
7351,1.5636,76.15,15.778,31.26,1
7352,1.4658,77.32,16.59,51.63,1
7353,1.7421,74.07,16.051,49.4,1
7354,1.7551,78.27,16.576,47.95,1
7355,1.7056,71.21,15.77,49.91,1
7356,1.6086,69.46,15.557,40.2,1
7357,1.5084,72.42,15.32,38.63,1
7358,1.3729,75.9,15.893,47.3,1
7359,1.8763,71.69,15.571,57.67,1
7360,1.4557,71.04,15.728,48.18,1
7361,1.6657,75.23,16.233,50.91,1
7362,1.7181,73.5,16.381,40.11,0
7363,1.4923,72.7,15.984,52.99,0
7364,1.7235,74.16,16.516,40.12,1
7365,1.6839,72.34,15.441,47.27,0
7366,1.8325,72.52,15.601,42.18,1
7367,1.4935,73.07,15.981,50.65,1
7368,1.3344,69.01,16.292,54.91,1
7369,1.4751,67.28,15.261,36.46,1
7370,1.618,70.08,15.049,56.82,1
7371,1.5405,73.21,16.732,63.36,1
7372,1.4822,72.43,16.007,42.34,1
7373,1.2513,72.76,15.7,43.28,1
7374,1.6115,67.72,15.004,57.97,1
7375,1.8659,70.46,15.473,46.03,1
7376,1.6482,71.44,16.328,44.75,1
7377,1.6519,68.15,15.244,63.17,0
7378,1.6216,71.29,16.082,34.88,1
7379,1.6166,69.19,15.123,40.61,1
7380,1.7159,75.55,16.491,46.07,1
7381,1.6046,64.02,15.539,36.46,1
7382,1.4926,71.5,15.629,42.1,0
7383,1.4286,67.41,15.384,44.03,1
7384,1.5225,65.63,14.478,56.93,1
7385,1.6053,67.22,14.742,53.66,1
7386,1.495,68.59,15.692,33.06,1
7387,1.5967,70.47,14.972,40.95,0
7388,1.5907,72.35,16.371,40.21,1
7389,1.6816,70.56,15.318,44.26,0
7390,1.7552,66.46,15.16,40.49,1
7391,1.5806,70.75,15.547,49.69,0
7392,1.3896,67.95,15.369,42.14,1
7393,1.5494,65.11,15.76,52.97,1
7394,1.5791,66.88,14.296,47.94,1
7395,1.3023,64.89,14.649,41.63,1
7396,1.7447,66.86,14.28,59.16,0
7397,1.5506,65.22,14.33,61.04,0
7398,1.6067,64.95,14.039,51.97,0
7399,1.7495,66.91,15.254,46.84,0
7400,1.4742,66.1,14.558,39.43,1
7401,1.6564,65.08,15.275,58.35,1
7402,1.5481,67.67,15.143,53.92,0
7403,1.5217,64.49,14.482,43.19,0
7404,1.4333,63.8,14.671,44.84,0
7405,1.8072,65.91,14.808,52.47,1
7406,1.5194,63.72,14.511,40.42,1
7407,1.6796,64.23,14.43,44.39,1
7408,1.3104,58.05,14.377,44.14,1
7409,1.7621,63.78,14.366,42.58,1
7410,1.7407,60.09,13.843,46.52,1
7411,1.6227,61.7,14.381,59.06,1
7412,1.5702,60.3,14.27,38.41,1
7413,1.6421,60.08,13.759,55.22,0
7414,1.9378,61.24,14.515,54.0,1
7415,1.3351,61.0,14.366,59.24,1
7416,1.7289,64.07,14.483,52.12,1
7417,1.4263,62.39,14.285,48.03,1
7418,1.6017,58.23,13.514,47.05,0
7419,1.5757,61.06,14.22,59.33,1
7420,1.5149,62.27,13.859,55.0,1
7421,1.6283,61.09,13.941,47.58,0
7422,1.4221,61.5,14.385,58.93,1
7423,1.7777,60.56,14.553,47.82,1
7424,1.3472,62.63,14.335,51.11,0
7425,1.7198,56.65,14.403,49.49,1
7426,1.5522,59.48,14.936,56.56,0
7427,1.4557,63.32,14.31,42.27,1
7428,1.6217,62.89,14.863,48.31,1
7429,1.3719,61.37,13.618,46.34,1
7430,1.6425,61.14,13.766,54.41,1
7431,1.4202,62.92,14.173,53.97,0
7432,1.6705,63.55,14.213,41.58,1
7433,1.4592,58.52,14.815,56.73,0
7434,1.5563,56.93,13.693,42.99,1
7435,1.6468,57.82,14.3,70.93,0
7436,1.5089,64.21,14.541,46.05,1
7437,1.6155,54.48,12.82,64.11,0
7438,1.4191,57.73,13.502,55.6,1
7439,1.7345,55.28,13.595,57.34,1
7440,1.9159,57.98,13.39,44.26,1
7441,2.064,54.41,13.406,62.07,1
7442,1.6478,56.6,13.788,55.22,1
7443,1.7846,53.39,12.679,60.04,0
7444,1.4085,58.55,13.06,53.1,0
7445,1.8967,58.92,15.152,54.01,0
7446,1.7963,56.41,13.392,48.01,1
7447,1.5971,55.09,15.321,53.23,1
7448,1.8839,55.97,13.68,51.59,1
7449,1.6054,55.05,12.984,48.81,1
7450,1.601,55.34,13.543,55.82,1
7451,1.7426,57.92,12.847,56.45,0
7452,1.5109,58.11,14.121,56.37,0
7453,1.808,53.12,14.575,56.18,0
7454,1.5542,55.03,12.212,59.22,0
7455,1.5581,56.66,13.294,56.98,0
7456,1.5581,50.62,12.916,57.94,0
7457,1.7739,50.11,12.945,59.43,0
7458,1.6213,53.9,14.541,64.66,1
7459,1.4974,54.74,13.409,45.67,0
7460,1.6222,51.44,14.282,54.55,1
7461,1.6873,52.52,12.745,59.45,0
7462,1.5512,50.95,13.0,44.54,0
7463,1.546,50.08,12.914,68.31,0
7464,2.0388,54.22,13.755,58.13,1
7465,1.5832,49.85,12.196,66.53,1
7466,1.7006,51.82,12.94,66.01,0
7467,1.6819,50.21,12.235,60.51,0
7468,1.6587,49.21,12.009,41.17,0
7469,1.7987,53.55,12.706,57.26,1
7470,1.8976,50.58,12.563,59.61,1
7471,1.7029,51.36,12.686,48.88,1
7472,1.5695,48.2,12.738,45.03,0
7473,1.9611,49.55,12.285,63.05,0
7474,1.744,52.57,12.527,47.08,0
7475,2.0244,55.88,12.843,71.28,1
7476,1.4074,46.2,12.629,63.35,0
7477,1.776,49.21,12.232,69.16,0
7478,2.0576,50.95,12.882,58.43,0
7479,1.7193,48.55,12.087,65.23,1
7480,1.7211,51.13,13.077,57.99,0
7481,1.8475,47.48,11.57,67.8,0
7482,1.6865,49.01,14.301,42.14,0
7483,1.7176,47.83,13.51,67.1,1
7484,1.7385,50.86,12.301,62.7,1
7485,1.7017,46.91,11.944,58.53,1
7486,1.9798,47.64,14.62,56.13,1
7487,1.8816,49.54,11.835,55.79,0
7488,1.8465,45.54,11.864,62.68,0
7489,1.9386,47.41,12.394,69.45,0
7490,1.7643,44.17,11.473,57.28,1
7491,1.6826,45.77,11.143,47.58,0
7492,1.7067,47.22,12.332,79.01,0
7493,1.8263,45.39,11.304,66.97,0
7494,1.6664,45.41,12.308,57.69,0
7495,1.7931,47.68,11.455,69.14,0
7496,1.7516,44.55,11.771,68.11,0
7497,2.1485,47.35,11.603,63.95,0
7498,1.4364,46.62,11.491,57.02,0
7499,1.8325,47.2,11.555,65.24,0
7500,2.1202,47.08,11.908,68.49,1
7501,1.8429,45.08,12.772,47.21,1
7502,1.966,48.06,12.071,61.09,1
7503,1.864,46.43,12.811,63.13,1
7504,1.7649,43.76,11.409,63.84,0
7505,1.5375,47.23,12.331,60.3,1
7506,1.8902,44.11,11.642,70.6,0
7507,1.7639,42.88,11.202,60.47,1
7508,1.7441,44.81,11.02,61.96,1
7509,1.7871,46.49,12.179,63.01,0
7510,2.1347,44.33,11.737,59.74,0
7511,2.2398,47.18,12.216,48.6,1
7512,1.9052,45.78,11.956,62.19,1
7513,1.8076,43.89,12.999,63.56,1
7514,1.7482,39.77,10.93,60.83,0
7515,1.9587,42.39,11.783,62.47,0
7516,2.2075,42.29,11.132,37.02,1
7517,1.9232,42.76,11.343,71.79,1
7518,1.5543,42.78,11.87,69.4,0
7519,2.0347,42.7,11.316,52.94,1
7520,2.1047,40.75,11.65,58.24,1
7521,1.7099,42.85,11.662,74.76,1
7522,1.9706,39.6,10.533,55.32,0
7523,2.0192,45.34,11.984,65.23,1
7524,1.9297,36.81,10.198,62.96,0
7525,1.8191,44.17,11.809,64.79,0
7526,2.1109,39.64,11.862,64.69,1
7527,1.8837,42.68,11.034,60.89,0
7528,1.7406,41.08,11.721,66.57,0
7529,1.6529,39.35,11.13,60.14,1
7530,2.1771,40.72,11.315,49.69,1
7531,2.0247,40.83,10.661,56.24,1
7532,1.9866,38.82,10.775,56.42,0
7533,1.8922,39.85,10.485,51.19,1
7534,1.8923,36.28,11.486,69.13,1
7535,1.8074,38.44,10.355,64.23,1
7536,1.916,40.25,10.858,67.62,0
7537,1.6543,39.93,10.969,68.05,0
7538,1.8754,38.22,11.181,71.0,0
7539,1.9356,37.03,11.632,69.41,0
7540,2.086,39.62,11.093,57.23,0
7541,1.976,35.98,12.628,71.65,0
7542,2.1248,40.89,10.324,65.37,0
7543,2.2108,36.6,9.956,84.17,0
7544,2.1703,33.42,9.656,68.27,0
7545,2.0487,32.52,10.265,71.57,0
7546,2.0282,36.08,10.152,65.93,1
7547,1.8801,36.04,10.146,66.39,1
7548,2.1373,40.45,11.212,64.22,1
7549,2.2835,33.86,9.644,64.99,1
7550,2.1193,34.94,9.958,68.18,0
7551,2.3071,34.19,9.776,73.12,0
7552,1.8118,34.13,9.881,64.41,0
7553,1.8675,38.42,11.093,71.93,0
7554,2.1556,32.14,9.595,74.75,0
7555,2.0665,35.28,10.425,61.03,1
7556,2.2518,35.43,10.41,59.65,0
7557,2.0385,34.49,10.513,71.53,0
7558,1.9333,34.42,10.935,62.04,1
7559,1.9953,31.02,9.865,60.75,0
7560,1.8058,37.08,10.425,79.84,0
7561,1.8516,36.95,10.723,58.48,0
7562,2.2321,33.64,9.646,55.55,1
7563,2.1719,36.88,10.508,58.88,1
7564,2.0959,31.0,9.185,71.01,0
7565,1.8127,33.6,10.419,69.06,0
7566,2.0511,35.13,10.381,82.07,0
7567,1.8833,31.59,10.164,62.75,0
7568,2.2735,29.32,8.618,72.93,0
7569,1.9875,28.8,9.306,79.65,0
7570,1.9216,35.18,10.169,61.77,1
7571,2.0629,30.18,10.37,75.37,0
7572,1.9795,30.22,9.952,55.15,0
7573,2.3034,29.01,9.511,85.47,0
7574,1.9816,33.06,10.022,76.61,0
7575,1.8702,28.62,9.566,65.9,0
7576,1.7627,29.62,8.945,76.94,0
7577,2.088,30.92,9.467,80.5,1
7578,2.0018,27.53,9.037,61.09,0
7579,1.8608,28.65,10.694,65.71,0
7580,2.3,32.03,10.747,78.95,0
7581,2.2072,30.33,9.825,70.77,0
7582,2.1111,29.53,8.791,74.67,0
7583,2.3004,29.43,9.91,70.87,0
7584,2.2316,28.41,9.083,78.66,1
7585,1.9797,33.37,10.374,72.63,0
7586,1.9554,26.1,9.344,73.77,0
7587,2.2687,29.19,9.189,54.02,1
7588,2.1953,28.02,9.29,76.27,0
7589,2.1298,29.98,9.111,76.57,0
7590,2.0013,29.95,9.144,60.16,0
7591,2.2155,26.8,9.266,62.32,0
7592,2.045,28.34,9.72,75.67,0
7593,2.1072,27.42,8.879,73.47,1
7594,2.355,22.26,8.2,57.51,0
7595,2.0684,23.25,8.002,66.3,0
7596,1.8817,25.09,9.533,74.93,0
7597,1.983,25.32,9.423,77.41,0
7598,2.2621,23.14,8.96,68.23,0
7599,2.1622,27.36,9.253,71.2,0
7600,2.1386,25.45,9.714,65.73,0
7601,2.0591,24.77,8.599,83.36,0
7602,2.1817,23.43,8.131,74.73,1
7603,2.0163,25.96,9.452,66.84,0
7604,2.1747,21.7,8.394,64.12,0
7605,2.0387,26.57,8.654,62.07,0
7606,2.0174,26.83,8.931,86.64,0
7607,2.0388,28.21,9.979,70.32,0
7608,2.0786,23.57,8.715,70.31,0
7609,2.1132,29.19,9.443,70.13,0
7610,2.1906,25.05,8.545,67.99,0
7611,1.5808,26.61,9.197,72.15,0
7612,1.9845,29.69,8.821,70.57,0
7613,2.085,32.03,9.19,68.41,0
7614,2.3777,27.76,9.594,61.12,0
7615,1.9783,26.59,9.685,79.08,1
7616,2.207,28.46,9.418,66.69,0
7617,2.3687,31.54,9.272,64.87,1
7618,1.9391,30.44,10.539,64.94,1
7619,2.1835,35.18,10.092,58.54,0
7620,2.0275,27.76,9.405,73.25,0
7621,2.0783,30.3,10.644,77.41,0
7622,2.0191,31.91,9.7,62.57,0
7623,2.0355,32.02,9.583,53.95,0
7624,2.5625,26.18,9.431,64.66,0
7625,2.2621,30.89,9.234,66.18,0
7626,2.3076,34.14,9.907,58.02,0
7627,2.2325,36.5,9.929,61.28,0
7628,1.9206,32.41,10.024,64.27,0
7629,2.1889,30.43,9.622,70.11,0
7630,2.3207,29.17,9.79,58.82,0
7631,2.0423,35.36,10.773,70.96,0
7632,2.2834,33.64,9.934,81.38,0
7633,2.2273,30.68,9.82,81.36,1
7634,2.4157,32.66,9.642,64.59,0
7635,2.0536,32.83,10.025,73.57,1
7636,1.995,33.37,9.943,72.01,0
7637,2.0887,32.53,8.974,69.09,0
7638,2.3599,31.27,10.37,70.83,0
7639,1.8621,29.93,9.717,75.47,0
7640,1.8495,35.62,10.456,74.42,1
7641,2.1474,33.02,10.515,62.44,0
7642,2.08,34.9,10.234,73.67,0
7643,2.1483,37.89,10.482,79.45,0
7644,2.2494,34.16,9.968,74.89,0
7645,2.0676,34.84,10.422,80.01,0
7646,1.8303,34.93,9.694,46.88,0
7647,2.4267,34.39,10.179,71.42,0
7648,2.0113,38.1,10.595,68.3,1
7649,1.9878,36.88,9.997,74.49,1
7650,2.2893,34.39,9.929,58.12,1
7651,2.0649,37.93,10.197,61.58,0
7652,2.1346,38.91,11.011,71.51,0
7653,2.2174,33.56,9.604,59.59,1
7654,2.3047,38.82,10.554,66.24,1
7655,2.0734,36.98,10.236,65.41,0
7656,2.3734,36.42,10.325,64.36,1
7657,1.7971,39.3,10.097,69.34,1
7658,2.2399,35.54,11.472,57.66,0
7659,1.9765,39.96,9.871,58.61,0
7660,2.3253,35.9,10.557,64.79,0
7661,2.1576,34.69,10.344,57.46,0
7662,2.0299,36.35,10.426,76.46,0
7663,2.2013,39.35,10.889,58.83,1
7664,2.2567,36.1,10.103,72.67,1
7665,2.2197,41.7,11.819,56.54,1
7666,1.9746,41.42,10.914,69.16,0
7667,2.0371,41.84,10.414,50.3,1
7668,2.1059,39.67,10.294,75.85,0
7669,2.1026,39.57,11.324,73.26,0
7670,2.214,36.58,10.409,61.72,0
7671,1.7969,41.61,11.352,56.82,0
7672,2.1576,41.03,11.245,68.18,1
7673,2.0193,41.87,10.952,51.06,1
7674,1.96,44.62,11.244,62.4,0
7675,1.9972,38.25,10.72,58.25,0
7676,2.0624,39.86,12.186,61.48,1
7677,1.5673,42.51,11.579,58.37,0
7678,1.9638,38.63,11.95,58.6,1
7679,1.9817,41.06,11.071,77.71,0
7680,2.1545,43.09,11.246,69.46,1
7681,1.9641,41.06,10.768,51.6,1
7682,2.0131,45.9,11.81,54.55,0
7683,2.3087,39.83,10.884,72.05,1
7684,2.2178,45.71,11.701,69.5,1
7685,2.2074,44.26,11.404,50.2,1
7686,1.975,41.72,10.645,68.93,0
7687,2.1403,40.7,11.897,65.62,1
7688,2.0161,38.86,10.731,49.57,0
7689,2.0011,41.28,10.899,59.84,0
7690,2.1102,45.35,12.058,59.66,1
7691,1.9706,44.23,11.139,62.26,1
7692,2.2682,45.57,12.311,49.91,0
7693,1.9955,42.58,11.984,56.37,0
7694,2.1245,46.44,12.427,55.89,0
7695,2.2625,43.23,11.378,57.96,1
7696,2.1746,42.37,11.222,58.27,1
7697,1.8211,45.28,11.545,60.0,0
7698,2.1273,43.66,11.284,64.2,1
7699,2.1398,41.87,11.244,77.3,1
7700,2.1803,45.21,11.725,68.11,1
7701,1.8226,45.75,11.343,71.58,1
7702,1.9418,47.94,11.654,54.99,0
7703,2.1425,47.16,12.386,51.6,1
7704,1.895,49.03,12.483,65.07,1
7705,1.9548,47.85,11.971,58.54,0
7706,2.223,47.77,12.305,65.79,0
7707,2.0074,44.73,12.619,54.78,0
7708,1.8831,47.65,12.756,64.43,1
7709,1.8398,47.94,12.105,58.07,1
7710,2.0527,50.36,12.361,54.06,0
7711,1.7652,49.24,12.998,55.79,0
7712,1.9549,50.57,12.024,61.75,0
7713,2.0321,46.29,12.218,67.24,1
7714,2.1741,48.11,11.624,56.6,1
7715,2.0722,49.88,13.358,61.64,1
7716,1.8907,51.14,12.467,60.61,1
7717,2.1483,47.6,13.76,65.53,0
7718,1.9233,49.21,13.458,66.98,1
7719,1.7439,50.39,12.617,72.76,0
7720,1.9564,46.93,11.817,56.67,1
7721,2.1322,52.9,13.071,67.84,1
7722,1.9747,47.76,12.189,60.04,0
7723,1.9269,46.55,11.908,51.5,0
7724,2.191,50.04,11.945,53.15,0
7725,1.6994,53.59,12.683,59.73,0
7726,1.7593,51.24,12.541,62.65,1
7727,1.6897,52.44,13.129,48.85,0
7728,2.0138,52.11,13.287,50.91,1
7729,1.9619,50.88,13.034,53.31,0
7730,2.1614,47.9,12.46,53.05,1
7731,1.9767,46.27,11.873,44.74,1
7732,1.8416,52.45,12.86,39.24,1
7733,1.9155,54.89,13.531,52.15,0
7734,1.9246,52.81,12.925,58.7,0
7735,1.6775,54.11,13.033,61.25,0
7736,2.303,56.15,13.201,44.33,1
7737,1.9713,53.49,13.829,44.8,1
7738,1.9266,52.17,13.398,52.2,1
7739,1.9596,51.47,13.016,57.13,0
7740,2.0109,56.63,12.901,62.05,1
7741,1.858,54.95,13.083,60.91,0
7742,1.7737,52.24,12.808,54.41,0
7743,1.9689,51.04,12.63,60.33,0
7744,1.9441,56.82,12.916,47.31,0
7745,1.7629,53.06,12.28,57.79,0
7746,2.0615,59.14,13.687,53.08,1
7747,1.8604,49.83,12.697,69.79,0
7748,1.9725,57.1,13.654,57.15,0
7749,2.0451,55.42,13.413,48.34,0
7750,1.8778,56.62,14.489,48.8,1
7751,1.9008,55.82,13.202,52.23,1
7752,1.9999,59.97,14.088,38.89,1
7753,1.699,57.85,13.78,52.21,1
7754,1.83,54.25,12.952,54.03,0
7755,1.8549,52.2,13.304,60.6,1
7756,1.6895,57.14,13.395,58.97,0
7757,2.1677,57.5,13.464,54.82,0
7758,1.6081,54.26,13.223,43.15,1
7759,1.6279,56.95,14.707,44.38,1
7760,2.0053,55.76,12.982,49.22,0
7761,1.9342,57.83,14.256,58.62,1
7762,1.6622,59.55,14.542,57.65,1
7763,1.8659,60.92,13.708,49.34,0
7764,1.9839,60.03,14.052,71.45,1
7765,1.7675,56.73,14.36,66.46,0
7766,2.1857,59.38,13.786,62.38,0
7767,1.5384,58.59,13.728,58.86,1
7768,1.8856,57.22,13.406,57.75,1
7769,1.951,60.89,14.242,55.62,0
7770,1.907,63.7,14.764,35.83,1
7771,1.7595,58.4,14.225,44.52,1
7772,1.7145,56.4,13.7,52.49,0
7773,1.8165,60.03,13.783,53.61,0
7774,1.894,58.8,13.671,52.96,1
7775,1.8545,62.5,14.173,53.12,0
7776,1.9214,61.07,13.784,35.17,1
7777,1.6207,60.37,13.991,56.17,1
7778,1.6969,60.73,14.4,52.9,0
7779,1.6031,61.1,14.209,50.61,0
7780,1.6945,61.09,13.679,59.13,0
7781,1.899,60.26,13.881,43.57,1
7782,1.7619,58.54,14.317,51.11,1
7783,2.1082,63.87,14.932,52.34,0
7784,1.7418,61.67,14.671,44.99,1
7785,1.7519,62.19,15.265,35.16,1
7786,1.7084,63.48,14.791,41.27,1
7787,1.6084,63.61,14.005,49.49,1
7788,1.6822,60.82,14.263,50.06,1
7789,1.9014,60.51,14.922,51.63,1
7790,1.7412,62.55,16.275,45.46,0
7791,1.5761,64.39,14.564,39.08,1
7792,1.5628,61.65,14.555,51.72,1
7793,1.6281,63.56,14.793,48.78,1
7794,1.7045,68.58,15.208,52.33,1
7795,1.8972,59.75,14.567,45.74,1
7796,1.5063,63.84,15.071,33.77,0
7797,1.6319,69.61,15.273,25.96,1
7798,1.7066,64.08,14.787,46.0,1
7799,1.3975,63.55,14.04,50.82,0
7800,1.5324,68.11,15.421,45.95,1
7801,1.5819,65.51,14.876,44.12,0
7802,1.5288,64.86,14.594,35.98,1
7803,1.6849,66.79,14.539,33.39,1
7804,1.6192,64.59,15.054,52.7,0
7805,1.5433,64.03,14.24,48.63,1
7806,1.7327,66.04,14.834,45.5,1
7807,1.8919,65.1,15.263,36.94,1
7808,1.9028,67.58,15.339,40.31,1
7809,1.3947,67.32,15.113,47.61,1
7810,1.717,68.74,14.829,48.75,1
7811,1.6155,69.01,15.573,45.02,1
7812,1.6662,66.81,15.852,59.04,1
7813,1.6228,68.43,15.297,42.3,1
7814,1.6726,69.22,15.57,56.64,1
7815,1.6402,69.44,16.38,48.45,1
7816,1.5267,67.5,15.302,48.65,1
7817,1.4943,67.7,14.805,55.97,0
7818,1.5898,70.21,16.162,41.84,1
7819,1.6404,64.66,14.706,46.11,1
7820,1.689,69.34,15.025,36.66,1
7821,1.7751,64.4,15.074,55.95,1
7822,1.543,66.94,14.65,50.6,1
7823,1.6497,68.84,14.994,56.0,0
7824,1.7541,72.65,15.659,46.98,0
7825,1.7842,71.55,15.525,53.46,1
7826,1.6039,70.12,16.361,40.58,1
7827,1.6002,72.84,16.968,52.93,1
7828,1.6402,72.81,16.952,41.39,1
7829,1.427,70.77,16.342,45.47,1
7830,1.5487,69.49,15.349,52.4,1
7831,1.7093,70.43,15.441,64.43,1
7832,1.67,71.93,15.583,51.07,0
7833,1.5639,69.57,16.779,53.72,0
7834,1.6245,73.01,15.578,39.62,1
7835,1.4588,73.07,16.646,45.95,0
7836,1.6793,74.26,16.103,43.01,1
7837,1.5579,74.27,15.461,55.1,0
7838,1.5264,74.21,16.574,42.16,1
7839,1.5094,73.1,16.506,54.58,1
7840,1.5831,73.29,16.17,33.4,1
7841,1.5133,72.45,16.396,55.84,1
7842,1.7005,73.48,15.301,37.34,1
7843,1.4919,76.96,15.818,49.33,1
7844,1.7852,69.44,15.8,38.98,1
7845,1.8097,75.97,16.617,47.37,1
7846,1.4355,73.52,16.531,36.56,1
7847,1.5919,73.28,16.42,52.81,0
7848,1.4461,75.96,15.9,50.2,1
7849,1.5134,72.23,16.098,39.72,1
7850,1.8809,73.92,15.968,48.3,1
7851,1.519,74.92,15.54,51.55,1
7852,1.6242,74.73,15.989,35.82,1
7853,1.6371,74.2,15.952,35.59,1
7854,1.4224,79.63,16.814,31.55,1
7855,1.442,80.31,17.126,30.47,1
7856,1.3461,73.2,15.562,35.97,1
7857,1.3962,78.66,16.701,48.78,1
7858,1.1109,78.59,17.257,45.91,1
7859,1.6357,78.86,17.155,26.99,1
7860,1.8809,75.33,15.879,39.19,1
7861,1.5509,77.25,16.245,32.14,1
7862,1.3266,76.62,16.507,49.23,1
7863,1.4452,77.28,16.538,38.39,1
7864,1.4726,76.07,18.672,30.9,1
7865,1.3983,78.71,16.855,42.92,1
7866,1.6707,75.19,16.447,47.64,0
7867,1.6874,77.96,16.793,33.48,1
7868,1.3893,76.43,16.087,39.64,1
7869,1.6478,79.88,16.968,33.34,1
7870,1.7685,78.31,16.674,50.95,1
7871,1.8306,79.66,16.805,36.92,1
7872,2.0016,81.5,17.338,33.66,1
7873,1.4088,83.16,17.778,37.57,1
7874,1.9725,75.08,15.642,41.88,1
7875,1.5127,78.99,17.239,46.58,1
7876,1.4629,80.67,16.658,49.86,1
7877,1.6055,81.4,17.08,48.02,1
7878,1.4373,78.28,17.298,38.93,1
7879,1.5989,80.01,17.673,43.22,1
7880,1.3643,81.64,16.773,50.32,1
7881,1.5032,82.29,17.281,51.17,1
7882,1.7608,81.49,17.607,32.09,1
7883,1.5308,83.1,17.003,43.01,1
7884,1.5738,83.65,17.784,41.84,1
7885,1.6125,83.77,17.593,46.11,1
7886,1.7,82.76,17.719,48.45,1
7887,1.3534,84.44,17.386,29.99,1
7888,1.6342,78.14,16.826,35.75,1
7889,1.5214,86.5,18.382,43.61,1
7890,1.5773,79.56,16.622,41.88,1
7891,1.7193,81.36,17.096,21.71,1
7892,1.4191,83.75,17.314,25.4,1
7893,1.4126,84.75,17.833,42.23,1
7894,1.2842,79.2,16.615,48.72,1
7895,1.488,83.77,18.166,26.78,0
7896,1.7469,86.04,17.535,45.09,1
7897,1.5255,86.66,17.508,35.14,1
7898,1.3727,82.63,17.904,29.43,1
7899,1.5055,85.38,17.294,32.37,1
7900,1.357,83.58,18.139,27.67,1
7901,1.3976,85.19,17.886,32.55,1
7902,1.603,83.42,17.988,22.88,1
7903,1.3653,84.16,17.505,36.96,1
7904,1.73,86.62,18.233,40.81,1
7905,1.5801,87.17,17.633,25.32,1
7906,1.5991,87.76,17.826,35.95,1
7907,1.5586,86.85,17.761,29.67,1
7908,1.6769,89.32,18.242,40.77,1
7909,1.6967,88.44,19.176,16.38,1
7910,1.5903,83.62,17.421,44.2,1
7911,1.6651,86.42,17.361,22.61,1
7912,1.5513,86.26,18.032,34.03,1
7913,1.6478,87.45,18.105,29.86,1
7914,1.5105,86.68,17.932,33.39,1
7915,1.5599,90.76,18.493,21.91,1
7916,1.5577,92.74,19.281,46.38,1
7917,1.5348,89.27,18.52,24.47,1
7918,1.4671,88.57,18.625,25.44,1
7919,1.6862,91.15,17.778,48.12,1
7920,1.7739,85.51,20.171,39.44,1
7921,1.7803,91.33,18.958,24.33,1
7922,1.4335,91.7,18.984,32.36,1
7923,1.7742,89.19,17.955,33.3,1
7924,1.5801,89.06,18.71,21.79,1
7925,1.6554,90.71,18.545,28.6,0
7926,1.5047,90.98,18.511,33.68,1
7927,1.6187,90.69,17.688,44.73,1
7928,1.6483,94.31,18.76,29.66,1
7929,1.4238,90.67,18.761,33.06,1
7930,1.7159,89.07,19.111,28.37,1
7931,1.8292,91.46,19.022,42.07,1
7932,1.5978,93.51,18.979,39.23,1
7933,1.8487,91.66,18.71,39.35,1
7934,1.6049,93.06,18.588,33.47,1
7935,1.7834,90.43,18.769,21.08,1
7936,1.2805,94.67,19.69,39.25,1
7937,2.0258,93.35,19.037,32.58,1
7938,1.8835,95.3,20.032,28.72,1
7939,1.5813,94.34,19.02,34.93,1
7940,1.3271,94.3,18.945,33.12,1
7941,1.7093,92.09,18.802,24.8,1
7942,1.415,91.88,18.839,30.26,1
7943,1.7329,96.56,19.667,14.84,1
7944,1.7216,97.43,20.292,31.09,1
7945,1.5092,92.37,19.28,42.78,1
7946,1.8447,95.53,18.928,16.57,1
7947,1.7868,94.58,19.803,32.81,1
7948,1.8308,93.98,18.724,37.74,1
7949,1.6752,96.08,20.563,36.8,1
7950,1.4499,97.76,19.642,23.58,1
7951,1.8134,96.9,19.507,21.67,1
7952,1.6224,96.26,19.229,26.08,1
7953,1.4874,97.0,19.681,40.39,1
7954,1.8723,95.7,19.175,17.34,1
7955,2.001,97.21,19.647,19.98,1
7956,1.7055,99.48,20.509,25.11,1
7957,2.0286,92.08,19.189,24.91,1
7958,1.7177,98.27,19.295,27.94,1
7959,1.6249,94.25,19.435,42.95,1
7960,1.6163,100.77,20.074,18.68,1
7961,1.9253,97.31,19.314,29.33,1
7962,1.6106,94.89,19.529,30.74,1
7963,1.8053,99.51,19.979,25.98,1
7964,1.6299,98.62,19.553,15.34,1
7965,1.6417,96.26,19.59,24.83,1
7966,1.8957,96.61,18.922,25.6,1
7967,1.6671,99.65,19.646,34.28,1
7968,1.6868,97.33,19.922,33.55,1
7969,1.9416,97.67,19.497,18.19,1
7970,1.9854,99.09,19.447,25.22,1
7971,1.8144,98.35,19.929,25.48,0
7972,1.6648,101.98,20.084,43.91,1
7973,1.6744,102.81,20.335,28.63,1
7974,1.759,100.38,21.382,19.67,1
7975,1.7844,100.58,19.621,21.76,1
7976,1.6574,104.5,20.953,22.57,1
7977,1.853,98.15,19.475,32.1,1
7978,1.8072,103.48,20.55,30.19,1
7979,1.5352,103.34,20.055,27.87,1
7980,1.6332,102.69,19.959,24.53,1
7981,1.6852,103.81,20.996,24.4,1
7982,1.8037,102.3,20.445,25.64,1
7983,2.0538,101.4,20.646,13.3,1
7984,1.8417,104.29,20.609,24.83,1
7985,1.6599,104.43,22.248,20.49,1
7986,1.7926,105.19,20.823,11.64,1
7987,1.7147,103.7,20.726,45.34,1
7988,1.8255,101.42,20.018,29.72,1
7989,1.9227,103.23,20.141,26.1,1
7990,2.0119,105.55,20.908,21.82,1
7991,1.8035,105.3,20.802,31.13,1
7992,2.0944,102.44,20.248,16.63,1
7993,1.9599,105.12,20.305,23.09,1
7994,1.7347,102.61,20.294,19.68,1
7995,2.1975,106.57,21.113,29.76,1
7996,1.8805,103.45,20.149,19.69,1
7997,1.7048,106.61,21.363,33.55,1
7998,2.0974,103.27,20.06,25.87,1
7999,2.1434,107.46,21.175,30.71,1
8000,1.8413,105.93,21.647,27.98,1
8001,1.7947,104.19,20.712,34.86,1
8002,1.8593,106.98,21.372,16.7,1
8003,1.9632,103.82,20.324,33.28,1
8004,2.0603,106.35,21.946,9.9,1
8005,1.9565,104.12,21.353,25.67,1
8006,1.8822,101.32,19.805,23.08,1
8007,2.0655,101.85,20.072,15.81,1
8008,1.8665,103.76,21.083,19.81,1
8009,2.0098,106.92,21.991,19.48,1
8010,1.798,106.53,20.626,23.69,1
8011,1.9654,106.15,20.7,20.39,1
8012,1.9013,106.17,20.837,24.64,1
8013,1.8978,101.54,19.719,20.08,1
8014,1.8379,101.95,20.475,22.5,1
8015,2.1136,101.4,20.605,25.01,1
8016,1.8087,100.75,19.921,29.37,1
8017,1.8179,98.53,19.83,35.61,1
8018,2.2728,101.54,20.083,34.11,1
8019,2.0435,99.41,20.72,31.12,1
8020,1.5645,101.63,20.167,30.25,1
8021,1.8445,105.34,21.457,27.71,1
8022,1.6737,100.5,19.867,26.26,1
8023,1.7756,100.93,20.433,34.57,1
8024,1.4523,101.85,20.364,19.56,1
8025,1.8963,100.49,19.995,11.71,1
8026,1.7915,100.48,19.654,19.41,1
8027,1.9514,99.22,20.124,39.69,1
8028,1.6991,98.82,19.75,25.64,1
8029,1.9723,98.14,19.58,31.24,1
8030,1.9197,102.11,20.879,25.74,1
8031,2.1893,95.21,19.426,35.17,1
8032,2.1672,101.86,20.423,28.36,1
8033,2.0419,96.66,19.433,29.82,1
8034,1.9308,101.35,19.938,33.04,1
8035,2.2927,97.91,19.452,25.91,1
8036,1.7497,95.71,19.698,34.14,1
8037,1.7665,98.88,20.107,27.57,1
8038,2.0146,99.86,19.824,27.95,1
8039,2.3391,97.24,19.132,23.69,1
8040,1.9663,99.52,20.163,27.36,1
8041,1.9902,92.27,18.912,27.78,1
8042,1.7726,93.61,18.699,40.85,1
8043,2.1221,99.4,19.378,15.8,1
8044,2.1615,95.58,19.334,38.55,1
8045,2.1275,93.34,18.579,17.63,1
8046,1.9042,94.07,19.261,35.47,1
8047,1.9496,94.09,18.815,25.06,1
8048,1.8285,94.43,19.462,35.55,1
8049,2.0298,93.57,19.089,30.38,1
8050,1.8243,95.26,20.597,18.62,1
8051,1.8482,95.38,19.779,41.79,1
8052,1.976,97.76,20.234,35.52,1
8053,1.9585,95.35,19.289,34.88,1
8054,1.9829,95.25,19.81,26.01,1
8055,2.1327,96.9,19.435,36.14,1
8056,2.0603,92.8,19.975,22.04,1
8057,2.0122,91.98,18.747,16.31,1
8058,2.0626,95.57,18.827,18.09,1
8059,1.9191,93.44,18.583,24.5,1
8060,2.0771,93.89,19.939,25.89,1
8061,2.0946,92.33,18.938,29.58,1
8062,1.8438,91.11,18.995,29.99,1
8063,2.2374,94.75,19.9,26.2,1
8064,1.9433,94.56,18.756,14.7,1
8065,2.0907,94.66,19.069,33.3,1
8066,2.2433,95.21,18.961,29.4,1
8067,2.1971,94.28,19.25,26.07,1
8068,2.0508,91.93,18.702,44.24,1
8069,2.0115,91.25,18.461,31.58,1
8070,2.2236,94.03,18.693,32.27,1
8071,2.1794,91.15,19.319,40.75,0
8072,1.9826,91.74,18.427,20.66,1
8073,1.9643,88.83,18.275,34.6,1
8074,1.7846,89.6,18.464,41.63,1
8075,2.111,89.53,18.271,33.53,1
8076,2.0777,89.45,17.618,24.7,1
8077,2.258,92.51,18.098,29.66,1
8078,2.1706,87.25,18.008,38.0,1
8079,2.2927,89.04,18.468,17.52,1
8080,2.0238,89.32,18.508,23.7,1
8081,2.2512,85.86,17.893,52.52,1
8082,2.0578,88.44,17.859,39.53,1
8083,2.2167,90.04,17.63,46.87,1
8084,1.884,89.62,19.616,41.11,1
8085,2.1446,87.96,18.963,38.25,1
8086,1.8084,89.66,18.772,31.01,1
8087,2.0607,88.29,17.973,38.78,1
8088,2.1808,87.68,18.173,46.61,1
8089,2.0543,87.92,18.541,41.61,1
8090,1.9675,89.45,19.007,36.51,1
8091,2.2683,85.9,17.871,35.04,1
8092,2.0955,86.69,18.157,40.69,1
8093,2.0596,85.95,17.798,32.55,1
8094,2.1411,86.26,18.296,40.26,1
8095,2.5466,90.65,18.53,29.32,1
8096,2.3211,87.42,18.264,32.62,1
8097,2.3253,83.08,17.179,29.9,1
8098,2.2008,84.6,17.483,33.38,1
8099,2.1824,86.33,17.662,30.92,1
8100,1.7603,83.59,17.629,51.53,1
8101,2.0219,84.36,17.377,30.74,1
8102,2.0675,87.63,17.503,38.86,1
8103,1.8493,83.04,17.347,30.49,1
8104,1.9704,86.18,17.644,36.31,1
8105,1.8213,86.85,18.225,38.76,1
8106,2.1111,83.61,17.882,23.04,1
8107,2.2611,82.27,17.348,27.82,1
8108,2.2974,83.22,17.817,30.57,1
8109,2.1652,82.11,17.696,28.73,1
8110,1.9884,83.81,17.506,38.35,1
8111,1.8712,83.01,18.288,40.46,1
8112,1.9127,83.09,17.202,28.98,1
8113,1.9667,86.83,18.664,37.39,1
8114,1.9786,84.33,17.707,34.15,1
8115,2.1058,83.19,17.344,37.56,1
8116,2.0019,77.6,16.505,35.71,1
8117,2.2139,82.96,17.204,43.09,1
8118,2.0996,84.62,17.93,49.73,1
8119,2.1329,75.97,15.647,48.42,1
8120,2.3076,82.21,18.256,49.85,1
8121,1.9884,81.22,16.709,28.24,1
8122,2.2135,78.67,17.248,34.48,1
8123,2.1623,82.22,17.453,43.57,1
8124,2.0854,83.48,17.543,50.44,1
8125,2.2853,82.66,17.106,43.89,1
8126,2.2799,79.53,17.003,32.12,1
8127,2.0113,77.58,16.687,37.82,1
8128,2.1346,80.23,16.525,43.27,1
8129,2.1849,81.52,17.109,38.44,1
8130,2.1034,78.77,16.65,34.27,1
8131,2.2376,79.01,16.582,38.19,1
8132,2.1956,84.16,18.23,37.14,1
8133,2.405,80.66,17.374,30.92,1
8134,1.8855,81.76,16.823,47.31,1
8135,2.1496,75.53,16.177,39.09,1
8136,2.0283,77.11,16.38,41.54,1
8137,2.2104,78.33,16.603,49.48,1
8138,1.8872,75.28,16.03,42.03,1
8139,2.1871,80.64,16.776,47.94,1
8140,2.0306,79.93,17.598,32.2,1
8141,2.0252,76.5,16.374,45.63,1
8142,1.9596,80.88,17.215,46.8,1
8143,2.0628,76.7,16.346,35.98,1
8144,2.3193,81.63,17.349,37.51,1
8145,2.1329,76.45,16.562,40.78,1
8146,2.2203,77.69,16.667,43.57,1
8147,2.3922,78.73,16.736,45.2,1
8148,2.1796,79.34,16.595,33.54,1
8149,2.0357,77.15,16.54,41.65,1
8150,2.1908,74.72,15.988,55.29,1
8151,2.0525,76.19,16.732,50.42,1
8152,2.0465,73.61,16.416,50.44,1
8153,1.9051,75.58,16.059,41.39,1
8154,2.2947,72.48,15.805,61.09,0
8155,2.0664,70.86,15.138,54.09,0
8156,2.1893,74.51,16.545,43.82,1
8157,2.0007,76.89,16.75,44.01,1
8158,2.1962,75.02,16.624,39.21,1
8159,1.9982,74.05,16.815,47.86,0
8160,2.098,76.47,16.37,47.16,1
8161,2.2552,72.6,15.994,50.67,1
8162,2.2471,69.03,16.224,45.5,1
8163,2.1189,67.66,14.849,35.18,1
8164,1.8469,69.6,15.485,47.87,0
8165,2.5551,74.24,16.099,49.82,1
8166,2.3618,71.03,16.034,38.01,1
8167,2.2209,72.86,15.261,43.84,1
8168,1.9653,75.09,17.098,53.56,1
8169,2.0927,69.91,15.482,37.21,1
8170,2.0267,72.65,16.342,42.09,1
8171,2.3059,72.06,15.704,56.47,1
8172,2.1453,69.7,15.685,47.73,0
8173,1.9547,74.11,15.558,39.57,1
8174,2.029,69.89,15.369,46.34,1
8175,2.2639,69.28,15.805,53.43,1
8176,2.3223,73.94,16.25,41.69,1
8177,2.3086,71.7,15.232,50.1,1
8178,2.2012,72.61,15.916,46.83,1
8179,2.025,72.25,15.626,47.47,1
8180,1.6229,68.55,14.794,52.39,0
8181,2.1159,72.05,15.219,42.38,1
8182,2.0836,68.69,15.258,39.52,1
8183,2.0847,68.25,15.845,51.48,1
8184,2.0914,67.9,16.814,46.92,1
8185,1.8494,66.8,14.721,44.5,1
8186,2.146,69.19,15.762,50.48,1
8187,2.1341,68.24,15.628,57.1,1
8188,2.1394,67.67,14.78,47.13,1
8189,2.198,69.21,15.154,47.33,1
8190,2.1402,66.7,14.728,38.55,1
8191,2.0383,67.63,14.764,46.81,1
8192,2.0579,67.2,15.159,49.7,1
8193,2.0575,67.87,15.822,47.33,1
8194,2.063,67.37,15.749,44.84,1
8195,2.2041,66.19,14.164,55.41,1
8196,2.1493,67.88,15.126,48.33,1
8197,2.3595,65.79,15.681,69.73,1
8198,2.386,64.91,14.585,51.02,1
8199,2.0405,62.44,14.508,28.05,1
8200,1.4662,67.6,14.711,38.43,1
8201,2.2153,64.87,15.129,53.3,1
8202,1.9149,65.06,14.289,43.56,1
8203,1.9338,66.5,14.581,42.99,1
8204,1.9524,63.87,14.943,40.44,1
8205,1.9568,61.6,15.411,47.82,1
8206,2.1069,64.36,14.489,51.29,1
8207,1.7865,64.06,14.865,52.49,1
8208,1.8436,63.35,14.846,41.86,1
8209,2.0528,66.73,15.154,55.06,0
8210,2.0847,58.24,13.609,43.93,0
8211,2.0494,65.79,14.8,52.6,1
8212,1.8734,64.17,14.164,51.97,1
8213,1.8357,62.3,14.728,42.54,1
8214,1.9045,56.41,13.37,46.67,1
8215,2.0135,64.48,14.572,52.32,0
8216,2.1695,60.19,13.917,47.69,1
8217,1.6267,60.0,13.742,50.46,1
8218,1.9282,62.27,14.471,57.23,0
8219,1.777,62.32,14.929,54.56,1
8220,1.7181,61.96,14.112,43.72,1
8221,2.1031,63.49,14.356,49.47,1
8222,2.0443,62.67,14.533,42.83,1
8223,2.0286,62.57,14.821,58.55,0
8224,2.0762,62.33,14.121,63.25,1
8225,1.8596,58.15,13.664,46.78,1
8226,1.8653,58.51,14.083,53.29,1
8227,2.288,62.31,14.233,59.01,1
8228,1.9014,61.61,13.631,51.53,1
8229,2.0456,61.48,13.829,55.88,1
8230,1.9153,59.4,14.369,52.84,1
8231,1.6568,61.23,13.673,43.36,0
8232,1.6104,57.23,13.548,54.84,1
8233,1.8117,61.39,13.672,60.77,1
8234,2.0576,57.95,13.172,55.28,1
8235,2.022,61.85,14.102,64.35,1
8236,2.0432,55.02,14.113,41.05,1
8237,1.7864,62.22,14.593,53.76,1
8238,2.1301,56.75,13.347,49.28,1
8239,1.7403,56.34,14.179,46.82,0
8240,1.955,58.34,13.547,64.08,0
8241,1.8604,56.35,14.257,52.94,1
8242,1.8152,56.84,14.862,51.3,1
8243,2.0508,55.66,13.977,58.14,1
8244,1.8058,54.71,13.43,38.1,1
8245,1.6682,56.81,13.689,64.73,1
8246,1.8857,54.19,13.304,70.71,1
8247,1.8101,53.5,12.802,63.3,1
8248,2.3708,53.16,12.572,59.93,0
8249,1.9392,55.66,12.774,54.07,0
8250,1.7925,58.11,13.391,44.96,1
8251,1.6722,53.44,14.117,65.91,0
8252,1.5427,53.52,13.463,63.77,1
8253,1.6658,55.5,13.494,58.77,1
8254,1.8545,52.76,13.412,57.52,1
8255,2.0575,59.05,13.232,55.57,0
8256,1.996,54.02,13.464,52.07,1
8257,1.8967,54.48,13.756,75.19,1
8258,1.7614,55.74,12.854,52.84,1
8259,1.8682,55.28,13.625,51.52,1
8260,1.7588,53.48,12.714,64.16,0
8261,2.0909,52.95,12.49,55.61,1
8262,1.78,57.45,14.305,53.16,0
8263,1.7916,53.05,12.765,68.47,1
8264,1.4606,53.05,12.348,63.68,0
8265,1.7827,50.6,13.003,63.39,0
8266,1.912,48.57,12.297,48.27,1
8267,1.6328,53.2,12.835,59.04,0
8268,1.6627,47.74,11.789,52.42,0
8269,1.9102,52.29,13.089,52.91,1
8270,1.5695,51.82,12.534,59.16,1
8271,1.9125,55.81,13.457,54.44,1
8272,1.6926,47.61,11.683,64.98,0
8273,1.6902,49.16,12.285,65.07,0
8274,1.6102,50.43,12.968,64.7,1
8275,1.8221,50.5,13.56,47.26,1
8276,2.1218,48.76,12.261,77.28,0
8277,1.8841,50.13,12.215,58.23,1
8278,1.6103,47.65,12.118,69.39,0
8279,1.9082,51.71,13.092,38.41,1
8280,1.7349,45.34,11.222,59.68,0
8281,1.9377,49.83,12.372,46.43,1
8282,1.8452,48.56,11.356,52.79,1
8283,1.2787,50.41,12.319,58.45,0
8284,1.5891,53.21,13.306,54.77,0
8285,1.8617,48.48,11.801,70.17,0
8286,1.7469,50.87,12.923,72.28,1
8287,1.5626,47.98,11.486,52.17,0
8288,1.6293,46.76,11.452,56.33,0
8289,1.4196,50.43,13.26,49.18,0
8290,1.7079,47.51,11.935,67.84,1
8291,2.034,47.13,12.193,61.92,1
8292,1.7814,48.21,12.035,59.77,0
8293,1.9739,48.0,11.883,62.29,1
8294,1.8422,46.93,11.949,57.81,0
8295,1.8469,44.2,11.139,55.1,1
8296,2.003,45.49,12.358,61.24,0
8297,1.737,47.76,11.68,57.11,0
8298,1.6651,44.97,11.535,64.07,0
8299,1.8301,47.43,12.025,46.78,0
8300,1.8799,46.59,12.446,61.41,1
8301,1.597,44.11,11.353,57.06,0
8302,1.565,43.15,11.822,64.55,0
8303,1.6785,44.0,11.776,69.24,1
8304,1.795,43.62,11.633,57.43,1
8305,1.8101,44.18,11.639,71.04,0
8306,1.4134,42.74,11.85,48.28,1
8307,1.9313,43.16,11.112,75.01,0
8308,1.5347,46.37,11.312,70.66,1
8309,1.6181,43.33,11.292,54.94,1
8310,1.5214,42.48,11.659,56.32,0
8311,2.0703,43.19,10.816,50.11,1
8312,1.6679,45.96,11.667,68.05,0
8313,1.5171,42.85,11.167,59.71,1
8314,1.7784,43.74,11.911,59.01,0
8315,1.7676,40.81,11.864,54.56,1
8316,1.611,44.05,11.308,75.56,1
8317,1.7422,46.26,12.312,51.88,1
8318,1.4607,40.38,11.363,63.7,1
8319,1.569,40.2,11.65,66.17,0
8320,1.3123,41.58,10.986,59.5,0
8321,1.4055,43.43,11.363,57.42,1
8322,1.902,40.59,10.903,60.82,0
8323,1.8511,38.05,10.768,69.23,0
8324,1.6215,40.66,12.817,61.63,1
8325,1.8801,41.41,11.3,76.22,1
8326,1.5675,39.58,10.817,58.51,0
8327,1.5749,41.42,10.672,69.76,0
8328,1.6271,42.0,11.865,48.54,1
8329,1.5558,39.93,10.875,57.5,1
8330,1.5521,39.12,10.928,58.08,0
8331,1.7474,40.87,10.736,55.46,0
8332,1.5623,38.26,10.232,68.2,0
8333,1.6718,37.68,10.768,65.68,0
8334,1.7335,37.38,10.452,47.94,0
8335,1.6328,37.7,10.905,81.94,0
8336,1.429,36.98,10.767,67.73,0
8337,1.3657,42.08,11.227,63.49,0
8338,1.597,42.37,11.185,73.1,1
8339,1.5166,37.09,10.965,73.69,0
8340,1.572,37.7,10.327,63.17,1
8341,1.5962,37.3,10.154,50.5,1
8342,2.0063,40.27,11.169,69.21,0
8343,1.3691,39.03,10.918,57.45,0
8344,1.276,33.69,9.469,78.33,0
8345,1.6471,37.95,10.194,59.85,0
8346,1.4945,33.18,9.297,64.08,0
8347,1.6119,39.36,10.974,53.34,1
8348,1.6695,37.48,11.324,56.05,0
8349,1.7444,34.55,9.971,66.64,0
8350,1.3187,36.15,10.068,65.16,0
8351,1.4811,35.08,10.229,63.64,0
8352,1.6406,35.64,11.725,82.84,0
8353,1.6571,36.75,10.689,71.65,1
8354,1.8859,32.92,9.55,68.43,1
8355,1.6965,38.06,10.766,42.6,1
8356,1.5448,36.8,10.354,72.77,0
8357,1.4125,33.22,9.623,92.53,0
8358,1.4872,33.54,10.533,66.42,1
8359,1.4712,36.8,10.327,59.18,0
8360,1.672,36.2,9.705,68.87,1
8361,1.581,32.94,10.165,57.75,1
8362,1.3341,34.44,10.268,71.18,1
8363,1.486,38.88,10.702,76.65,1
8364,1.6815,33.48,9.612,62.9,0
8365,1.6245,30.76,9.363,64.49,0
8366,1.6081,32.18,10.647,68.37,0
8367,1.589,33.19,10.076,64.22,0
8368,1.8001,30.49,9.273,57.93,0
8369,1.5658,32.97,9.272,65.48,0
8370,1.5125,28.57,9.187,66.24,0
8371,1.4153,29.76,9.5,81.88,0
8372,1.5736,32.47,9.506,77.85,1
8373,1.1948,27.67,8.821,82.48,0
8374,1.5409,31.79,9.88,75.17,0
8375,1.5455,26.87,8.97,74.28,0
8376,1.3014,27.99,9.523,65.41,0
8377,1.3907,28.9,9.481,81.94,0
8378,1.6645,30.61,9.5,72.75,0
8379,1.5927,32.02,9.892,58.59,0
8380,1.5374,29.94,9.235,62.99,0
8381,1.6243,29.32,9.837,60.89,0
8382,1.5633,30.21,9.755,53.48,1
8383,1.7673,26.76,10.31,74.76,0
8384,1.5895,29.16,9.59,60.95,1
8385,1.3408,25.91,8.783,66.05,0
8386,1.8245,27.95,8.96,71.53,0
8387,1.639,28.39,9.599,69.85,0
8388,1.4647,25.79,8.865,67.61,1
8389,1.3666,28.33,9.414,84.29,0
8390,1.6401,27.84,8.912,60.0,0
8391,1.5216,29.78,9.534,58.3,0
8392,1.8379,24.28,8.457,77.1,0
8393,1.5081,27.01,9.404,67.16,0
8394,1.4417,24.95,8.512,67.08,0
8395,1.6763,28.27,8.949,62.95,1
8396,1.6961,27.34,8.991,74.17,0
8397,1.5633,26.96,9.077,73.59,0
8398,1.6778,24.08,8.351,73.91,0
8399,1.5709,26.71,9.15,67.21,0
8400,1.5927,21.73,8.265,66.68,0
8401,1.7556,22.65,7.992,71.48,0
8402,1.6378,23.14,7.996,80.78,0
8403,1.537,25.83,8.691,85.2,0
8404,1.8067,27.47,9.144,80.55,0
8405,1.2013,21.31,7.861,77.15,0
8406,1.8906,29.86,9.965,79.16,0
8407,1.3208,27.6,9.0,62.25,0
8408,1.4966,23.58,8.531,67.11,0
8409,1.5774,27.35,8.721,75.23,1
8410,1.5346,29.73,10.733,69.15,0
8411,1.7128,28.52,11.077,73.48,0
8412,1.4527,29.77,9.286,78.67,0
8413,1.5863,25.11,9.529,79.61,0
8414,1.4855,26.85,9.158,63.11,0
8415,1.6053,25.66,10.095,73.39,1
8416,1.5951,32.09,10.061,61.62,0
8417,1.6078,30.16,9.926,63.37,0
8418,1.4961,34.61,9.382,54.26,0
8419,1.5335,27.96,8.882,72.15,1
8420,1.6031,28.08,8.959,57.89,0
8421,1.7717,29.28,9.41,73.96,0
8422,1.4768,32.5,9.334,79.59,0
8423,1.4636,28.95,9.153,74.91,0
8424,1.6868,30.58,9.731,70.42,0
8425,1.6258,30.79,9.022,82.35,0
8426,1.7286,30.92,9.671,72.54,1
8427,1.4752,28.81,10.195,63.27,0
8428,1.342,30.12,9.802,70.77,1
8429,1.5332,30.92,9.816,85.6,0
8430,1.5043,31.14,9.276,60.65,0
8431,1.6219,33.95,9.556,57.25,0
8432,1.5021,35.65,11.764,71.98,0
8433,1.7245,29.61,9.389,68.26,0
8434,1.5854,31.03,10.58,65.28,0
8435,1.6473,31.13,9.506,59.65,1
8436,1.6636,33.37,9.691,53.28,1
8437,1.6589,31.3,9.806,57.77,0
8438,1.6066,33.42,9.915,81.0,0
8439,1.716,36.28,10.437,67.41,1
8440,1.5335,27.7,8.8,54.79,1
8441,1.8179,34.2,9.781,76.79,1
8442,1.5684,32.48,9.608,78.37,0
8443,1.4452,34.93,9.931,77.5,0
8444,1.6648,33.65,9.804,65.22,1
8445,1.5277,36.86,11.229,63.86,0
8446,1.7383,36.21,10.615,66.56,0
8447,2.0002,36.24,10.621,78.06,0
8448,1.5707,36.81,10.524,61.37,0
8449,1.6997,34.06,9.466,61.93,0
8450,1.403,33.77,10.14,73.57,0
8451,1.7322,37.07,10.763,75.53,1
8452,1.5636,34.29,10.608,67.15,1
8453,1.5915,38.7,10.418,70.6,0
8454,1.5321,35.2,9.67,67.14,1
8455,1.7969,36.95,10.628,63.53,1
8456,1.8574,40.71,11.32,57.32,1
8457,1.6784,35.85,10.326,58.21,0
8458,1.5747,37.62,10.443,61.43,0
8459,1.9479,39.69,11.38,56.57,0
8460,1.5949,39.75,10.628,67.06,0
8461,1.3956,36.69,10.262,75.89,0
8462,1.7602,36.45,10.493,68.48,1
8463,1.5496,38.27,10.156,58.39,0
8464,1.8835,41.52,10.91,70.49,0
8465,1.6841,37.42,10.423,67.99,0
8466,1.8268,39.6,11.761,68.97,1
8467,1.9475,38.86,10.584,61.37,1
8468,1.5617,39.09,11.241,73.22,0
8469,1.6644,38.96,11.528,73.43,1
8470,1.7526,37.23,10.521,64.25,1
8471,1.982,37.52,11.352,71.79,0
8472,1.6896,36.68,11.374,75.35,0
8473,1.6633,38.03,10.407,61.63,1
8474,1.7933,41.55,10.932,62.37,0
8475,1.6506,42.84,12.208,62.47,0
8476,1.7793,41.64,11.854,54.47,0
8477,1.5399,42.42,11.174,66.96,1
8478,2.0779,40.54,11.914,72.51,0
8479,1.5576,43.47,12.075,61.43,0
8480,1.7431,41.8,10.967,65.3,0
8481,1.786,44.31,11.882,71.77,0
8482,2.0443,42.0,11.771,60.13,1
8483,1.5959,44.68,11.594,64.57,0
8484,2.0998,44.16,11.033,57.46,1
8485,1.9,43.79,11.068,57.49,0
8486,1.8919,37.68,10.689,67.69,1
8487,1.654,45.28,11.85,62.98,1
8488,1.8932,42.55,11.031,66.77,0
8489,1.715,43.44,11.451,63.83,0
8490,2.0017,40.52,12.019,68.05,1
8491,1.6617,43.74,12.131,75.75,0
8492,1.8137,44.91,10.946,70.16,0
8493,1.7295,42.25,10.936,65.52,0
8494,1.6748,41.12,10.947,68.09,0
8495,1.9373,45.09,11.44,58.57,0
8496,1.8901,46.22,11.574,59.08,0
8497,1.9944,45.55,11.786,64.86,1
8498,1.5625,47.88,12.658,60.33,1
8499,2.0086,45.2,12.13,67.55,0
8500,2.2131,45.84,11.829,70.75,1
8501,1.817,43.8,11.736,61.25,0
8502,2.1513,43.53,11.515,46.49,1
8503,1.8102,50.13,12.456,75.08,0
8504,1.6687,48.6,12.611,54.06,0
8505,1.8241,43.84,11.539,63.82,0
8506,2.0662,47.2,12.055,65.59,0
8507,1.7627,46.79,11.516,71.8,0
8508,1.7812,46.88,12.58,74.3,0
8509,2.0073,46.61,11.913,56.9,1
8510,1.8622,48.86,12.133,68.46,0
8511,1.9724,49.9,11.629,60.53,1
8512,1.9675,47.64,12.256,80.8,0
8513,1.9387,47.9,12.248,68.93,0
8514,1.8588,48.22,12.409,57.28,1
8515,1.9415,49.75,14.772,51.72,1
8516,1.7682,49.59,12.267,37.74,1
8517,2.1099,48.6,12.6,64.24,1
8518,1.8186,49.02,12.479,66.74,0
8519,2.1023,50.34,12.295,64.23,0
8520,1.896,48.23,12.459,40.22,0
8521,2.0075,51.53,12.454,47.36,0
8522,1.8626,47.52,12.406,63.68,1
8523,1.7771,49.2,13.598,73.09,0
8524,1.6686,51.62,13.001,56.25,1
8525,1.7951,46.96,12.121,67.62,1
8526,1.8753,48.02,12.819,52.34,1
8527,2.0211,50.06,13.447,59.07,0
8528,2.1208,48.31,11.812,57.32,1
8529,1.8828,48.35,12.031,68.16,0
8530,1.8378,52.54,13.241,52.5,1
8531,1.747,50.61,12.554,70.36,1
8532,2.0368,54.24,13.049,52.99,1
8533,2.2073,49.62,12.561,50.4,1
8534,2.1622,51.63,12.969,48.94,1
8535,2.0634,54.21,12.673,51.16,1
8536,2.0703,50.11,12.425,61.64,0
8537,2.2435,55.0,13.154,50.92,0
8538,2.0137,53.55,13.062,49.5,1
8539,2.095,50.38,12.168,65.08,0
8540,1.9399,53.25,13.155,30.24,1
8541,1.8011,54.34,12.585,51.8,0
8542,1.9005,52.78,12.809,45.92,0
8543,2.0239,50.93,12.368,51.7,1
8544,2.0109,54.73,13.801,56.91,1
8545,2.306,58.51,13.828,51.32,1
8546,2.0086,54.26,12.351,54.03,1
8547,2.1957,57.45,13.439,63.86,1
8548,1.9608,53.86,12.757,56.1,1
8549,1.9893,54.99,13.502,69.81,0
8550,1.8211,56.82,13.472,59.77,1
8551,1.8906,55.95,12.593,47.08,1
8552,2.0808,54.95,16.664,70.17,1
8553,2.0423,57.38,13.646,56.33,1
8554,2.1746,60.14,14.156,66.61,1
8555,2.0564,56.31,13.05,51.59,0
8556,1.9917,56.4,12.985,57.6,0
8557,2.4192,56.43,13.326,57.72,0
8558,2.0174,63.05,14.459,49.58,0
8559,2.2349,57.75,14.372,64.03,0
8560,1.991,57.01,13.404,69.72,1
8561,2.1432,54.47,12.908,35.85,1
8562,2.2375,53.91,12.565,62.01,1
8563,2.073,58.91,13.709,45.94,1
8564,1.7224,59.17,13.689,32.08,0
8565,2.0676,57.11,13.003,58.07,1
8566,2.2481,58.69,14.179,56.98,1
8567,2.1597,57.08,12.984,60.05,1
8568,2.1359,59.1,14.056,55.46,1
8569,1.8534,59.31,13.545,58.62,0
8570,1.9803,58.94,13.831,48.54,1
8571,2.1327,63.07,15.078,51.53,1
8572,2.1688,57.96,13.578,58.88,1
8573,2.2818,60.1,14.769,61.9,1
8574,2.087,60.53,15.433,51.63,1
8575,2.1728,60.35,14.165,51.06,1
8576,2.1022,60.01,14.244,51.9,1
8577,1.9504,58.53,14.271,44.54,1
8578,1.7411,63.31,14.803,56.04,1
8579,2.2165,61.2,14.173,39.53,0
8580,2.1213,61.69,14.137,54.05,1
8581,2.0252,62.62,14.008,50.89,0
8582,1.8414,61.11,13.551,39.42,1
8583,2.1824,61.39,16.036,39.41,1
8584,2.0668,64.75,14.99,42.25,1
8585,2.1987,60.56,14.121,48.74,1
8586,2.4247,66.27,15.551,59.9,1
8587,1.7793,61.32,13.811,50.61,0
8588,2.0294,61.17,14.349,56.39,1
8589,2.0744,64.2,14.47,60.01,1
8590,2.3366,67.51,15.362,56.03,1
8591,1.8837,60.15,13.715,51.87,1
8592,2.3886,63.66,14.177,45.04,1
8593,2.1661,65.04,14.515,53.02,1
8594,2.118,64.49,14.251,44.13,1
8595,2.0784,65.61,14.576,63.39,1
8596,2.0533,63.24,13.863,57.55,1
8597,2.2936,62.66,14.009,52.17,1
8598,1.964,64.0,14.554,53.88,0
8599,2.2001,63.14,14.144,52.17,1
8600,2.0878,66.01,15.018,46.44,1
8601,2.0274,65.06,14.695,52.98,1
8602,2.5196,65.37,16.456,47.22,1
8603,2.1905,66.36,14.998,63.69,0
8604,2.2168,63.45,14.08,45.53,1
8605,2.3087,65.69,14.924,52.73,1
8606,1.9027,71.33,16.343,39.43,1
8607,2.3968,63.89,14.74,43.02,1
8608,1.7478,70.4,15.605,32.63,1
8609,2.0401,67.95,15.296,50.57,1
8610,2.0864,65.62,14.985,44.81,1
8611,2.2588,65.15,14.883,58.1,1
8612,2.1771,68.39,16.094,50.19,1
8613,2.1119,71.67,15.856,46.7,1
8614,2.1267,68.1,14.743,37.29,1
8615,1.9883,68.69,14.971,52.33,1
8616,1.9264,70.44,14.778,40.65,1
8617,2.2692,70.47,15.706,34.47,1
8618,2.2451,65.77,15.607,51.43,1
8619,2.3715,69.89,15.022,36.87,1
8620,2.0371,72.24,15.691,28.35,1
8621,2.2548,69.87,15.878,56.99,0
8622,2.1177,64.15,15.014,45.18,1
8623,2.321,70.37,16.305,31.96,1
8624,2.3151,69.92,15.308,38.85,1
8625,2.2103,66.84,14.806,42.27,1
8626,2.1014,67.1,14.475,56.73,1
8627,2.2657,72.97,15.479,30.37,1
8628,2.2565,69.27,16.092,36.13,1
8629,2.039,70.11,15.424,54.34,1
8630,1.9455,72.04,16.124,41.78,1
8631,2.1294,71.15,15.219,48.37,1
8632,2.3803,73.0,16.617,40.27,1
8633,2.3231,71.04,16.046,61.43,1
8634,1.9848,69.85,15.939,35.96,1
8635,1.9659,70.96,15.569,47.73,1
8636,2.3256,73.97,16.73,55.85,1
8637,1.99,72.62,15.867,41.36,1
8638,2.2212,71.97,15.613,39.11,1
8639,2.0387,78.16,16.668,48.88,1
8640,2.3718,75.3,16.379,51.82,1
8641,2.0261,74.82,16.075,36.66,1
8642,2.3226,73.3,17.418,56.18,1
8643,2.1879,74.53,17.065,44.33,1
8644,2.1808,74.35,16.386,48.57,1
8645,1.8585,75.75,16.399,54.19,1
8646,1.8224,74.71,16.245,49.54,1
8647,2.1334,75.04,15.71,43.02,1
8648,2.1908,75.38,16.457,37.28,1
8649,1.9512,75.31,16.31,64.64,1
8650,1.981,81.73,16.837,33.33,1
8651,2.242,74.86,16.007,46.53,1
8652,2.1989,74.52,15.555,47.8,1
8653,2.1358,78.95,16.189,46.18,1
8654,2.2263,75.29,16.683,60.25,0
8655,1.9485,75.52,17.276,43.68,1
8656,2.0769,75.17,15.837,43.07,1
8657,2.3862,77.67,16.858,53.72,1
8658,2.1218,77.49,17.308,40.16,1
8659,2.1577,76.66,16.179,48.55,1
8660,2.4644,79.57,17.055,42.56,1
8661,1.9211,75.11,15.784,51.79,0
8662,2.2235,75.88,17.156,48.77,1
8663,2.3606,77.24,16.107,39.1,1
8664,2.0604,76.5,16.163,28.02,1
8665,2.2327,75.04,16.447,29.4,1
8666,1.9721,77.76,16.694,26.23,1
8667,2.0195,80.63,16.915,39.25,1
8668,2.1655,81.5,17.511,20.39,1
8669,2.2239,78.35,16.437,40.53,1
8670,2.2628,81.07,16.662,41.19,1
8671,2.3413,80.36,16.927,46.97,1
8672,2.0902,81.88,17.405,43.62,1
8673,2.2901,78.62,16.862,47.63,1
8674,2.0668,76.88,17.351,45.5,1
8675,2.2585,81.09,17.349,37.76,1
8676,2.1026,78.56,17.22,40.0,1
8677,2.1697,79.89,17.083,33.62,1
8678,2.1914,80.18,17.013,41.36,1
8679,1.841,81.6,16.983,27.82,1
8680,1.9058,82.34,16.996,48.41,1
8681,2.0934,83.03,17.13,30.53,1
8682,1.8008,81.53,17.336,40.88,1
8683,2.1794,83.82,16.987,40.94,1
8684,2.1955,81.75,17.337,48.0,1
8685,2.1456,84.4,17.715,23.98,1
8686,1.9022,82.09,17.434,36.45,1
8687,2.2648,83.1,18.039,42.55,1
8688,2.3483,82.52,16.766,53.23,1
8689,2.0726,81.65,17.407,37.82,1
8690,2.1343,80.9,16.633,34.42,1
8691,2.0948,81.43,17.328,55.72,0
8692,2.1303,86.25,18.027,43.76,1
8693,2.0272,81.72,16.851,50.59,1
8694,2.0681,83.86,17.065,28.41,1
8695,2.1709,87.07,17.425,40.51,1
8696,2.3754,83.58,17.605,29.3,1
8697,1.8411,86.52,17.981,25.98,1
8698,2.0067,83.43,17.53,42.52,1
8699,1.8426,82.5,17.643,44.06,1
8700,2.2378,81.92,17.027,35.0,1
8701,1.9364,88.5,18.661,46.8,1
8702,1.8115,84.12,17.918,35.43,1
8703,2.0968,88.68,17.51,34.01,1
8704,2.2844,84.4,17.416,37.07,1
8705,2.1195,89.24,18.052,33.21,1
8706,2.0252,91.74,19.423,43.6,1
8707,2.059,83.66,17.996,29.72,1
8708,2.2312,84.82,17.605,31.49,1
8709,1.882,88.96,19.176,25.39,1
8710,1.9809,89.27,19.105,50.38,1
8711,1.9187,89.03,18.101,32.4,1
8712,1.7963,86.85,17.82,30.36,1
8713,1.9275,92.62,18.919,30.84,1
8714,2.135,89.02,17.77,41.55,1
8715,2.0741,86.06,19.073,41.72,1
8716,2.0609,88.74,17.886,30.89,1
8717,1.9996,85.57,18.326,33.93,1
8718,2.0742,92.2,19.123,21.32,1
8719,1.8424,88.88,18.237,36.58,1
8720,1.9408,89.49,19.736,44.66,1
8721,1.9812,88.61,17.939,30.19,1
8722,1.9773,87.98,18.154,40.38,0
8723,1.985,86.05,17.847,32.25,1
8724,1.9419,91.17,19.283,24.2,1
8725,1.8675,93.83,19.37,38.0,1
8726,2.4114,89.13,18.03,54.04,1
8727,2.0612,86.65,18.277,39.93,1
8728,1.9855,92.99,19.214,29.31,1
8729,1.9002,87.78,17.946,32.16,1
8730,1.8681,93.18,19.025,47.18,1
8731,1.9075,89.84,18.193,36.3,1
8732,1.9459,88.7,18.431,27.71,1
8733,1.6379,92.59,18.965,32.69,1
8734,1.7003,91.28,18.389,35.38,1
8735,1.7963,90.64,18.231,37.25,1
8736,1.946,94.01,18.625,44.45,1
8737,1.8502,88.73,18.39,45.85,1
8738,2.1266,96.77,18.953,32.44,1
8739,1.6765,93.81,18.82,32.3,1
8740,1.7667,89.97,17.978,37.14,1
8741,2.1141,91.96,18.465,28.62,1
8742,1.915,94.99,19.709,38.28,1
8743,2.0166,95.45,19.665,29.93,1
8744,2.1831,97.24,19.783,33.96,1
8745,1.7832,93.98,19.375,45.96,1
8746,1.845,94.59,18.852,35.58,1
8747,1.8432,94.57,19.296,33.45,1
8748,1.5698,96.32,20.741,26.46,1
8749,1.804,97.68,19.677,29.01,1
8750,1.969,94.37,18.755,22.74,1
8751,1.9287,93.84,19.151,34.82,0
8752,1.9396,94.27,18.899,14.76,1
8753,1.7968,95.3,19.045,38.49,1
8754,1.7383,97.37,19.893,35.31,1
8755,2.0491,93.42,19.266,33.03,1
8756,1.7476,98.61,19.285,24.88,1
8757,1.8622,95.32,19.042,30.92,1
8758,1.8574,95.75,19.023,16.62,1
8759,2.0348,99.86,19.488,34.98,1
8760,1.9434,98.51,19.201,28.56,1
8761,1.5956,98.3,19.26,41.05,1
8762,1.6055,95.43,19.335,33.96,1
8763,1.8825,96.64,19.177,32.85,1
8764,1.8024,99.83,19.98,31.4,1
8765,1.7179,97.63,19.444,22.34,1
8766,1.9481,98.35,20.023,26.62,1
8767,1.8076,100.25,20.288,29.13,1
8768,1.8211,97.81,19.947,27.6,1
8769,1.8805,100.24,20.029,23.89,1
8770,1.731,98.94,20.685,26.26,1
8771,1.9978,99.16,20.312,28.77,1
8772,1.6629,97.73,19.856,46.92,1
8773,1.8579,99.61,20.235,25.42,1
8774,1.9685,98.77,19.465,23.88,1
8775,1.5573,100.95,20.186,26.75,1
8776,1.6764,99.31,20.083,41.33,1
8777,1.936,102.2,20.615,38.79,1
8778,1.9144,100.01,20.089,42.99,1
8779,1.7103,99.36,21.897,29.14,1
8780,1.6222,101.34,20.113,32.9,1
8781,1.8896,100.71,19.636,19.26,1
8782,1.8913,104.15,21.175,23.38,1
8783,1.5543,101.45,20.541,18.63,1
8784,1.5402,101.45,20.092,31.26,1
8785,1.7422,104.99,20.461,25.37,1
8786,1.8478,103.47,20.685,28.2,1
8787,1.6931,106.07,21.772,17.38,1
8788,1.813,105.45,21.275,31.5,1
8789,1.608,100.97,19.711,8.25,1
8790,1.3685,105.76,20.088,23.19,1
8791,1.6337,106.58,20.889,22.62,1
8792,1.7144,106.77,20.498,7.86,1
8793,1.6507,105.99,20.822,28.18,1
8794,1.5347,105.39,20.573,22.5,1
8795,1.4462,103.27,20.166,30.53,1
8796,1.6015,103.41,19.966,42.11,1
8797,1.8347,104.51,20.404,28.22,1
8798,1.8629,102.01,20.471,35.19,1
8799,1.8484,107.41,21.479,34.6,1
8800,1.4996,105.28,20.331,29.15,1
8801,1.5117,108.46,20.699,16.31,1
8802,1.7468,101.83,20.542,13.58,1
8803,1.7396,106.74,21.554,27.2,1
8804,1.7112,103.65,20.896,22.72,1
8805,1.3599,101.46,19.941,37.43,1
8806,1.5078,107.25,21.7,20.31,1
8807,1.6329,105.29,20.138,24.6,1
8808,1.7206,104.52,20.478,16.8,1
8809,1.7421,102.21,20.786,23.68,1
8810,1.6442,104.52,20.129,17.8,1
8811,1.6885,102.96,21.981,19.54,1
8812,1.6675,101.17,20.785,26.34,1
8813,1.7177,101.94,20.485,22.93,1
8814,1.6588,105.93,20.586,44.68,1
8815,1.6441,107.5,21.162,30.19,1
8816,1.5598,104.89,20.821,33.33,1
8817,1.6387,102.09,20.118,26.11,1
8818,1.6957,101.59,19.998,28.35,1
8819,1.6679,100.63,20.436,24.46,1
8820,1.6934,100.1,19.552,49.57,1
8821,1.8036,100.2,20.042,28.05,1
8822,1.652,105.44,20.257,20.02,1
8823,1.4986,104.77,20.264,19.52,1
8824,1.7341,101.98,19.99,29.69,1
8825,1.4359,98.21,19.966,40.32,1
8826,1.4404,102.79,20.114,35.87,1
8827,1.644,99.79,19.826,22.71,1
8828,1.7006,95.65,18.903,25.24,1
8829,1.4142,100.15,19.899,38.33,1
8830,1.541,96.78,20.205,46.91,1
8831,1.4939,97.73,19.141,28.62,1
8832,1.5261,98.26,20.094,38.26,1
8833,1.7468,97.89,19.723,17.73,1
8834,1.6956,98.37,19.575,21.81,1
8835,1.5816,98.1,19.212,20.85,1
8836,1.5277,94.51,19.028,34.63,1
8837,1.3765,100.61,19.811,26.14,1
8838,1.8071,96.06,19.229,33.05,1
8839,1.6678,95.48,19.517,40.94,1
8840,1.4735,96.71,19.307,25.11,1
8841,1.7101,97.37,19.643,31.14,1
8842,1.5698,99.64,19.825,17.71,1
8843,1.5076,97.09,19.871,38.88,1
8844,1.6211,98.28,19.972,38.19,1
8845,1.479,97.41,19.009,32.74,1
8846,1.5206,97.29,19.366,31.0,1
8847,1.5739,97.06,19.992,26.57,1
8848,1.505,90.94,18.471,21.83,1
8849,1.6668,94.73,19.305,34.08,1
8850,1.8554,97.47,19.601,35.5,1
8851,1.4346,103.86,20.199,42.56,1
8852,1.2887,92.82,19.77,29.41,1
8853,1.258,96.56,19.522,33.08,1
8854,1.5369,93.52,19.805,41.29,1
8855,1.4164,98.5,19.637,38.98,1
8856,1.5811,91.26,18.998,28.04,1
8857,1.5791,94.49,19.169,29.34,1
8858,1.3381,91.17,18.654,30.02,1
8859,1.2853,92.52,19.184,24.95,1
8860,1.5937,93.46,19.124,44.5,1
8861,1.5781,95.31,19.61,31.19,1
8862,1.5208,90.38,18.845,32.98,1
8863,1.2693,93.79,18.695,34.02,1
8864,1.663,92.14,18.739,34.17,1
8865,1.725,92.79,19.43,30.98,1
8866,1.5998,94.3,18.453,26.4,1
8867,1.4472,90.63,18.727,47.2,1
8868,1.5585,93.67,19.015,27.08,1
8869,1.3616,90.64,19.159,25.98,1
8870,1.6947,94.0,19.419,31.11,1
8871,1.5702,90.86,18.711,50.31,1
8872,1.3127,90.89,18.383,26.72,1
8873,1.4777,89.34,18.215,40.21,1
8874,1.6116,92.1,19.032,31.34,1
8875,1.4795,92.36,18.211,34.61,1
8876,1.4997,88.48,18.477,42.39,1
8877,1.3836,87.65,17.964,21.55,0
8878,1.6253,91.75,18.91,26.39,1
8879,1.4608,86.38,18.067,43.3,1
8880,1.2403,86.5,17.368,37.07,1
8881,1.5009,86.56,18.162,37.78,1
8882,1.6882,88.14,18.324,40.57,0
8883,1.4846,86.15,17.836,29.96,1
8884,1.8189,85.47,17.577,46.06,1
8885,1.6256,85.94,17.359,42.61,1
8886,1.6253,89.63,18.321,36.95,1
8887,1.5418,85.14,17.457,40.87,1
8888,1.5377,86.55,18.305,45.29,1
8889,1.516,91.41,18.653,28.76,1
8890,1.5077,88.04,18.161,41.25,1
8891,1.6226,87.03,17.915,49.87,1
8892,1.4141,85.38,17.908,43.37,1
8893,1.3772,90.3,18.969,31.81,1
8894,1.3889,86.18,17.134,55.19,1
8895,1.8837,87.14,17.56,39.06,1
8896,1.6346,89.6,17.868,45.68,1
8897,1.6123,85.94,17.787,33.58,1
8898,1.403,86.03,17.625,45.27,1
8899,1.6617,85.72,17.75,33.23,1
8900,1.5251,85.62,17.603,39.36,1
8901,1.6444,85.42,18.561,32.04,1
8902,1.3672,86.74,17.994,51.39,0
8903,1.5845,83.65,17.698,36.94,1
8904,1.5029,82.01,17.281,29.61,1
8905,1.4477,84.41,17.105,38.78,1
8906,1.661,81.18,17.531,44.03,1
8907,1.3581,80.81,17.629,39.45,1
8908,1.6395,84.37,18.016,30.92,1
8909,1.67,85.21,17.932,45.57,1
8910,1.4393,85.6,17.484,46.96,1
8911,1.4534,78.16,17.283,27.87,1
8912,1.537,82.26,17.753,31.77,1
8913,1.6374,81.0,18.265,38.45,1
8914,1.5616,83.12,17.086,34.24,1
8915,1.6375,81.31,17.966,43.37,1
8916,1.8437,84.91,17.659,52.85,0
8917,1.5031,82.59,17.148,35.61,1
8918,1.3196,78.03,17.532,54.69,1
8919,1.6897,80.13,17.201,28.32,1
8920,1.8343,82.39,16.934,43.21,1
8921,1.6878,80.87,17.322,33.79,1
8922,1.4328,78.72,16.275,45.49,1
8923,1.5765,78.31,16.353,27.46,1
8924,1.4387,80.51,17.457,29.15,1
8925,1.7315,78.25,17.182,45.47,1
8926,1.4138,76.47,16.615,37.45,1
8927,1.5424,79.59,16.469,37.98,1
8928,1.472,78.97,16.884,55.66,1
8929,1.6123,77.82,16.962,42.78,1
8930,1.5907,77.37,16.275,49.03,0
8931,1.6164,79.6,16.908,34.33,1
8932,1.6325,77.24,16.441,31.25,1
8933,1.4927,78.84,17.007,40.05,1
8934,1.6941,78.24,16.574,29.36,1
8935,1.6063,78.78,16.852,35.3,1
8936,1.4819,80.43,17.07,42.25,1
8937,1.993,79.71,16.96,39.22,1
8938,1.6969,80.61,17.346,42.77,1
8939,1.6131,79.28,16.826,45.16,1
8940,1.8579,77.29,16.686,31.57,1
8941,1.9281,75.95,16.104,34.88,1
8942,1.6247,76.14,16.347,24.68,1
8943,1.6855,75.5,15.73,40.68,1
8944,1.5007,76.09,15.981,47.79,1
8945,1.6238,77.57,16.806,53.16,1
8946,1.644,75.01,16.544,45.24,1
8947,1.695,75.52,15.845,53.26,1
8948,1.6953,74.41,16.667,46.66,1
8949,1.7424,74.91,17.275,43.42,1
8950,1.7135,75.27,15.802,38.48,1
8951,1.5301,73.35,15.645,25.29,1
8952,1.5758,73.63,16.288,54.05,1
8953,1.6286,75.62,16.19,42.52,1
8954,1.6689,74.31,16.006,54.04,1
8955,1.8365,73.71,16.222,37.22,1
8956,1.5204,75.12,17.555,62.51,1
8957,1.6508,73.86,15.55,42.16,1
8958,1.829,76.11,16.096,36.79,1
8959,1.6514,72.12,15.55,42.92,1
8960,1.7766,72.8,15.644,45.49,0
8961,1.6765,71.21,16.507,45.3,1
8962,1.7743,72.29,15.503,41.16,0
8963,1.687,68.97,15.252,32.01,1
8964,1.8589,74.46,17.073,36.55,1
8965,1.5132,73.51,16.41,52.92,1
8966,1.7137,73.16,16.566,36.87,1
8967,1.7844,70.92,15.172,31.32,1
8968,1.8257,69.52,15.237,38.07,0
8969,1.9719,69.49,15.204,45.91,1
8970,1.6749,75.24,16.711,36.86,1
8971,1.9621,74.51,16.697,42.06,1
8972,1.6759,71.41,15.493,38.96,1
8973,1.9518,70.24,15.554,53.99,1
8974,1.8568,73.31,15.818,48.22,1
8975,1.5849,69.47,14.835,64.72,0
8976,1.7859,70.78,15.381,42.52,1
8977,1.7648,72.72,16.118,42.18,1
8978,1.8829,68.92,15.092,56.97,1
8979,1.7704,70.89,15.677,49.59,1
8980,1.7266,70.85,15.272,37.98,1
8981,1.9604,68.73,15.463,51.2,1
8982,1.7826,67.23,14.853,51.34,1
8983,1.9103,67.32,14.633,33.94,1
8984,1.7595,68.75,15.691,40.99,1
8985,2.0358,64.97,15.043,49.9,1
8986,1.6775,68.79,15.221,59.37,1
8987,1.7014,68.99,15.228,52.06,1
8988,2.0403,71.26,15.45,41.23,1
8989,1.7615,64.48,14.292,44.08,1
8990,2.0216,70.22,14.864,52.44,1
8991,1.9357,70.31,16.168,26.69,1
8992,1.7951,67.49,14.728,41.37,1
8993,1.5352,65.29,15.325,60.56,0
8994,1.8048,65.49,14.538,50.66,0
8995,1.8168,66.57,15.282,42.4,1
8996,1.9857,67.27,15.092,38.52,1
8997,2.0626,66.58,14.778,55.57,1
8998,1.7641,65.88,16.272,49.17,1
8999,1.9778,66.38,14.155,47.7,1
9000,1.9659,65.72,15.085,52.18,1
9001,2.0423,64.44,14.932,51.08,1
9002,1.9421,64.22,17.455,50.38,1
9003,1.5745,63.42,13.934,39.38,1
9004,1.8364,67.96,15.322,38.82,1
9005,1.7004,67.28,15.295,54.21,1
9006,1.8682,65.29,14.898,53.41,1
9007,2.0308,65.93,14.811,51.36,0
9008,1.9208,65.23,15.18,44.01,1
9009,2.0533,64.75,14.236,56.27,1
9010,1.9421,60.59,13.927,48.8,0
9011,1.6926,62.51,14.726,60.68,0
9012,1.5071,62.23,14.712,45.15,1
9013,1.9082,59.55,13.929,47.92,1
9014,1.8748,59.83,13.978,51.01,1
9015,1.7308,63.77,14.244,57.64,1
9016,1.652,63.8,15.068,49.19,1
9017,1.788,60.17,14.012,52.33,0
9018,1.909,59.9,13.723,48.65,1
9019,2.0073,63.98,14.17,51.5,0
9020,1.9406,59.38,14.062,51.22,1
9021,2.1728,62.12,13.964,45.36,1
9022,1.7361,61.33,13.731,52.8,1
9023,2.057,62.47,14.142,52.57,1
9024,1.9575,59.25,13.658,71.53,0
9025,2.042,60.1,13.957,46.96,1
9026,1.8759,60.75,13.98,45.43,1
9027,2.0756,59.72,13.91,53.91,1
9028,1.9888,60.48,13.515,44.51,1
9029,1.8721,60.7,13.717,43.69,1
9030,1.9493,63.82,15.132,39.22,1
9031,1.9273,64.75,15.169,43.34,1
9032,2.066,57.95,13.954,48.36,0
9033,1.7836,54.03,13.325,45.33,1
9034,2.0126,59.82,14.284,50.6,1
9035,2.0252,58.94,13.594,33.75,1
9036,2.0071,59.76,14.03,55.63,1
9037,2.2245,59.16,13.337,47.94,1
9038,2.0946,58.1,13.182,50.26,1
9039,2.0224,60.64,14.059,57.33,0
9040,2.0213,59.78,14.343,55.26,0
9041,2.058,53.96,13.051,50.91,0
9042,2.03,55.38,14.256,59.28,1
9043,1.7514,56.81,13.731,66.79,1
9044,1.9536,56.91,13.241,45.79,1
9045,1.7619,56.53,12.835,61.12,0
9046,2.2001,57.85,14.036,44.79,1
9047,1.9768,58.87,13.719,63.31,1
9048,1.9617,59.52,14.39,47.2,1
9049,2.1617,56.97,13.017,48.38,1
9050,2.0973,54.93,13.229,64.96,0
9051,1.8579,54.59,13.095,61.73,0
9052,1.9806,55.28,12.865,49.91,0
9053,1.9821,55.83,13.123,55.36,1
9054,1.7951,55.92,13.719,49.52,1
9055,1.9284,58.58,15.162,40.38,1
9056,1.9939,52.27,13.059,57.94,1
9057,2.0669,55.04,13.194,52.91,1
9058,1.8515,57.72,13.309,45.74,0
9059,2.2242,51.93,13.372,67.02,1
9060,2.0392,54.33,12.563,48.55,1
9061,2.0929,51.6,12.975,58.78,0
9062,2.1225,53.27,13.292,65.14,1
9063,1.9829,51.69,13.048,54.67,1
9064,2.1275,54.36,12.661,49.21,1
9065,2.0075,52.53,12.558,59.25,0
9066,1.8889,50.07,11.953,61.71,1
9067,2.1515,53.0,12.996,62.89,0
9068,2.2828,52.98,13.358,71.67,1
9069,2.1779,54.47,13.621,52.63,0
9070,2.228,50.13,12.391,60.21,0
9071,2.0181,52.24,12.778,47.18,1
9072,1.8783,52.95,13.878,62.09,1
9073,2.2981,49.67,12.406,59.61,1
9074,2.3748,47.66,11.678,57.29,0
9075,2.3449,51.3,12.786,52.69,1
9076,2.074,53.14,12.883,53.49,1
9077,1.9345,51.89,12.645,58.58,0
9078,1.9233,49.52,12.808,51.29,1
9079,1.8287,46.56,12.299,57.94,1
9080,2.0725,48.2,12.394,59.26,0
9081,2.3516,48.51,12.366,46.29,0
9082,2.0649,49.96,12.208,50.5,0
9083,2.1608,49.13,12.646,54.25,1
9084,2.3332,46.88,11.884,72.75,0
9085,2.0239,50.81,12.356,51.38,1
9086,2.4505,47.93,11.96,59.22,0
9087,2.4071,48.82,12.189,51.07,1
9088,2.084,44.79,11.362,55.58,0
9089,2.018,42.56,11.321,51.63,1
9090,2.2526,45.34,11.529,67.27,0
9091,2.0851,45.8,11.648,49.3,1
9092,1.9544,48.68,11.946,67.04,0
9093,2.3251,42.13,12.912,67.18,1
9094,2.2818,49.77,12.206,57.69,1
9095,2.1502,46.11,11.686,68.04,0
9096,1.9522,49.1,12.373,83.63,0
9097,1.9322,43.96,11.63,65.9,0
9098,2.1365,47.43,11.784,51.55,0
9099,2.0629,45.93,11.706,72.69,0
9100,2.0594,47.44,11.597,61.78,1
9101,2.2936,44.94,12.077,78.53,0
9102,2.2538,46.82,11.831,56.78,1
9103,2.3347,47.91,11.628,70.13,1
9104,1.9874,43.28,11.789,62.51,0
9105,2.0927,45.36,11.286,81.98,0
9106,2.2345,39.86,10.502,61.56,0
9107,2.2279,45.4,11.992,84.75,0
9108,2.3579,47.6,13.246,62.76,0
9109,2.1955,41.41,10.92,70.36,1
9110,2.4361,43.91,10.838,76.57,0
9111,2.2433,45.05,12.152,55.4,1
9112,2.2852,43.07,11.247,70.37,1
9113,2.1034,42.95,11.662,60.17,1
9114,2.1211,42.85,10.998,63.98,1
9115,2.2441,41.01,11.313,64.16,1
9116,2.3426,42.21,11.985,67.99,1
9117,2.3004,41.94,10.976,67.7,1
9118,2.1379,39.67,11.127,59.93,0
9119,2.3525,42.04,11.571,64.8,0
9120,1.826,44.63,11.024,43.1,1
9121,1.9312,40.91,11.427,71.94,0
9122,2.2515,37.9,11.063,78.34,0
9123,2.1448,40.13,10.88,65.41,1
9124,2.2506,38.91,11.09,51.42,1
9125,2.1474,38.54,10.532,71.26,0
9126,2.2323,39.8,11.14,57.75,1
9127,2.0287,38.99,10.967,66.26,1
9128,2.2588,39.09,11.285,70.38,0
9129,2.2997,39.34,10.61,68.87,1
9130,2.2985,35.0,10.949,75.08,0
9131,2.4369,35.69,10.086,68.03,0
9132,2.1823,40.36,11.444,65.82,0
9133,2.1702,35.01,10.478,73.35,0
9134,1.927,36.08,10.22,65.42,1
9135,2.1,35.29,10.462,61.94,1
9136,2.1097,37.2,10.399,69.52,1
9137,2.2629,38.67,11.418,56.12,0
9138,2.063,37.39,10.545,64.17,0
9139,2.2426,43.26,10.819,51.52,0
9140,2.1449,38.83,11.531,59.38,0
9141,2.111,36.26,10.223,62.39,1
9142,2.1829,34.29,10.651,59.79,1
9143,2.0762,41.75,11.07,71.43,0
9144,2.0718,38.42,10.0,72.95,0
9145,1.8984,37.42,11.551,76.12,0
9146,2.0832,36.66,10.7,65.21,0
9147,2.052,36.54,10.96,63.36,0
9148,2.0432,32.67,10.39,74.95,1
9149,2.2088,35.88,10.242,67.5,1
9150,2.2021,35.96,10.368,67.45,0
9151,2.1701,33.91,11.165,48.1,1
9152,2.2815,33.42,10.206,73.56,0
9153,2.1998,38.32,11.218,71.02,0
9154,2.1106,35.03,9.509,68.23,0
9155,2.0236,38.21,11.29,71.42,0
9156,2.1675,30.96,9.221,74.68,0
9157,2.2036,32.96,10.335,62.86,0
9158,2.3438,30.88,9.755,67.7,0
9159,2.2924,31.68,9.74,61.7,0
9160,2.0352,32.82,9.797,80.59,1
9161,2.0666,34.29,10.047,76.45,0
9162,2.2194,33.57,9.571,61.68,0
9163,2.3034,32.12,9.564,74.14,0
9164,2.25,28.21,10.437,74.09,0
9165,2.1094,36.22,11.191,61.37,0
9166,1.9016,32.78,9.29,70.08,0
9167,1.9635,29.55,9.525,76.36,0
9168,2.1495,32.6,9.631,75.84,0
9169,2.1793,32.23,9.705,88.06,0
9170,1.9736,31.04,9.556,70.65,0
9171,2.1103,32.12,9.991,67.88,0
9172,2.2048,28.95,9.625,74.88,0
9173,1.943,32.58,9.542,66.98,1
9174,2.2598,28.61,10.384,66.24,1
9175,2.0076,29.79,10.363,62.96,0
9176,2.2809,31.45,9.618,41.69,0
9177,2.0011,31.51,9.469,74.93,0
9178,1.9147,32.98,10.064,55.34,1
9179,2.011,31.44,9.903,62.08,0
9180,2.0813,28.79,9.647,73.48,0
9181,1.9886,25.66,9.87,70.46,0
9182,2.0478,31.65,9.82,86.89,0
9183,2.1445,30.75,10.995,57.58,0
9184,2.0429,27.12,9.135,90.05,0
9185,2.028,30.44,9.291,81.44,0
9186,1.8108,28.16,10.641,78.88,0
9187,2.1438,31.03,9.952,80.67,0
9188,2.1036,27.14,8.848,76.19,0
9189,2.2856,31.81,9.887,55.85,1
9190,1.9351,29.01,9.417,74.85,0
9191,1.7787,30.92,9.28,57.78,1
9192,2.1349,26.01,9.005,68.59,0
9193,2.1021,27.21,8.892,71.7,0
9194,1.8981,24.73,8.378,65.32,0
9195,1.8086,27.83,9.176,79.11,1
9196,2.2751,27.46,9.289,70.22,0
9197,2.2385,31.0,9.96,73.01,0
9198,1.6908,26.16,8.896,72.44,1
9199,1.9296,26.29,8.686,72.89,0
9200,2.2603,25.28,8.302,65.53,0
9201,1.9411,26.57,9.433,62.97,0
9202,1.9376,24.87,8.796,71.64,0
9203,1.9803,27.02,8.833,64.42,0
9204,1.8227,26.69,8.825,83.41,0
9205,1.7654,26.34,8.552,61.91,0
9206,2.1529,26.21,8.87,91.09,0
9207,1.7335,26.14,8.564,74.82,0
9208,2.0723,26.49,9.514,73.21,0
9209,2.111,30.09,9.651,65.66,0
9210,1.7673,27.54,9.969,76.8,0
9211,1.8489,28.09,10.026,69.22,0
9212,2.1643,24.69,8.134,75.25,0
9213,2.0754,28.78,9.411,77.42,0
9214,1.8823,28.38,9.143,76.21,1
9215,2.1609,27.29,9.771,81.27,0
9216,2.1702,32.7,9.621,72.7,0
9217,1.9724,24.67,8.189,65.29,0
9218,1.8431,29.78,9.036,53.66,0
9219,1.9153,29.83,9.476,72.15,0
9220,2.0117,30.4,10.089,72.24,0
9221,1.9291,29.28,9.523,85.7,0
9222,2.1341,30.8,9.44,68.78,0
9223,1.7438,31.07,10.812,72.25,0
9224,1.7059,28.78,9.518,77.57,0
9225,1.9438,32.11,9.834,74.0,0
9226,1.8712,30.76,10.055,76.4,0
9227,1.8297,29.05,8.81,63.96,0
9228,1.6366,33.58,9.658,60.64,0
9229,1.9205,31.61,9.893,67.58,0
9230,1.8894,29.23,9.008,53.85,0
9231,2.0534,30.73,9.651,69.74,0
9232,1.9013,30.85,9.487,64.54,1
9233,1.9186,33.55,9.932,70.31,0
9234,2.0904,32.67,9.602,65.99,0
9235,1.7095,35.48,10.873,58.97,0
9236,1.9752,31.08,10.086,80.34,1
9237,1.6464,34.55,10.684,68.13,0
9238,1.7733,37.48,11.326,72.32,0
9239,1.7174,34.53,10.188,69.11,0
9240,1.9938,35.89,10.261,70.91,0
9241,1.8958,34.56,10.184,56.29,0
9242,1.8913,31.11,9.613,80.66,0
9243,1.759,35.14,9.964,74.08,0
9244,1.8369,34.88,10.109,67.06,0
9245,1.754,34.82,9.816,69.7,0
9246,1.9531,32.77,9.546,76.44,0
9247,1.715,36.35,10.473,63.52,1
9248,2.0638,32.95,10.085,55.22,1
9249,1.629,40.4,11.21,61.32,1
9250,1.7313,36.44,10.116,68.76,1
9251,2.0756,33.37,10.92,68.06,0
9252,1.7916,34.21,9.902,77.92,1
9253,1.63,35.68,11.062,59.88,0
9254,1.879,41.38,11.337,56.53,0
9255,1.7754,34.39,10.894,58.68,0
9256,1.7178,37.13,11.619,70.14,0
9257,1.6724,36.0,10.59,54.21,0
9258,2.2332,38.42,10.539,71.35,0
9259,1.7933,35.04,10.591,58.27,0
9260,1.5301,35.34,9.927,60.88,1
9261,2.0491,36.52,10.652,79.96,0
9262,1.9101,37.59,10.943,76.08,0
9263,1.6996,36.96,10.222,66.69,1
9264,1.6377,36.98,11.624,55.93,0
9265,1.8702,41.03,11.159,80.02,0
9266,1.7629,38.1,12.961,63.31,1
9267,1.4857,36.83,10.192,68.83,0
9268,2.0558,38.45,10.929,73.02,0
9269,1.6917,39.73,10.547,48.34,0
9270,2.0207,36.55,10.18,61.13,1
9271,1.96,42.75,11.953,61.91,0
9272,1.6234,41.67,10.931,64.19,0
9273,1.9274,43.59,11.114,52.15,0
9274,1.6461,41.18,11.163,66.42,0
9275,1.4882,35.53,10.87,66.86,0
9276,1.685,44.41,11.041,75.49,0
9277,1.8309,39.26,11.163,72.33,1
9278,1.6834,38.41,11.187,62.15,0
9279,1.7286,41.68,10.619,62.04,1
9280,1.9147,44.45,11.345,69.63,0
9281,1.7565,43.34,10.954,63.26,0
9282,1.6225,44.4,12.61,50.83,0
9283,1.8715,42.09,11.873,80.36,0
9284,1.7653,41.45,10.768,55.19,0
9285,1.3488,41.96,11.877,82.22,0
9286,1.8088,42.31,11.169,65.79,0
9287,1.7787,44.93,12.083,56.85,1
9288,1.7022,45.09,11.284,42.79,0
9289,1.8309,44.07,11.581,68.09,0
9290,1.5872,38.72,10.553,52.69,0
9291,1.7631,43.7,11.468,64.61,0
9292,1.4396,44.82,11.942,77.34,0
9293,1.7246,43.53,11.949,52.64,1
9294,1.9648,42.61,11.39,67.67,1
9295,1.567,42.29,11.78,56.93,1
9296,1.599,44.89,11.423,70.21,0
9297,1.5819,44.42,11.057,62.47,0
9298,1.7032,46.86,12.471,60.35,1
9299,1.5493,43.67,11.912,72.11,0
9300,1.7313,48.01,12.387,64.02,1
9301,1.8143,47.11,11.584,53.15,0
9302,1.7543,46.87,11.826,74.6,1
9303,1.4142,45.76,11.984,48.79,1
9304,1.8046,47.36,13.836,61.31,1
9305,1.7942,48.25,12.707,53.62,1
9306,1.7836,46.75,12.792,47.93,1
9307,1.744,49.45,12.423,50.09,1
9308,1.669,50.33,12.723,58.0,1
9309,1.7876,44.6,11.259,64.13,0
9310,1.9322,45.57,12.56,69.13,1
9311,1.4534,46.25,11.927,72.39,0
9312,1.7914,44.8,12.02,63.57,1
9313,1.6542,47.52,12.292,55.86,0
9314,1.6253,49.24,12.723,66.76,0
9315,1.4126,48.49,12.424,54.62,1
9316,1.6057,47.97,12.178,46.99,1
9317,1.4975,50.98,13.104,64.68,0
9318,1.5497,50.07,11.886,69.58,0
9319,1.4428,50.51,11.711,51.93,1
9320,1.5189,51.59,12.967,73.05,0
9321,1.5811,49.42,13.176,63.11,1
9322,1.6467,53.81,13.835,59.48,0
9323,1.3668,49.26,11.991,54.04,0
9324,1.388,54.55,12.785,63.84,0
9325,1.6901,48.99,11.88,46.21,1
9326,1.4631,51.15,12.313,54.38,0
9327,1.7733,50.37,13.01,52.88,0
9328,1.6124,53.68,12.964,46.03,1
9329,1.6821,50.35,12.382,64.61,1
9330,1.7961,51.44,12.913,59.57,1
9331,1.5224,50.86,12.01,63.98,1
9332,1.4944,54.18,13.742,53.87,1
9333,1.7089,51.22,12.593,66.12,1
9334,1.6638,55.01,13.01,56.06,0
9335,1.5518,50.55,12.992,54.35,1
9336,1.7969,49.9,12.916,53.45,1
9337,1.5307,54.35,14.35,39.64,1
9338,1.5853,51.82,12.586,66.52,0
9339,1.5724,54.22,13.481,64.31,0
9340,1.4454,52.47,13.043,80.27,0
9341,1.6073,51.05,12.578,54.71,1
9342,1.8002,53.49,12.958,50.72,0
9343,1.6355,57.22,12.999,40.59,0
9344,1.5984,56.32,12.851,61.41,1
9345,1.5609,55.23,13.757,60.78,1
9346,1.6362,57.38,13.699,66.57,0
9347,1.6941,53.07,12.818,49.19,0
9348,1.6685,53.72,12.743,62.04,0
9349,1.5152,56.12,12.852,49.96,1
9350,1.633,55.35,13.168,66.0,1
9351,1.646,55.84,13.162,59.67,0
9352,1.4038,54.17,13.757,43.65,1
9353,1.5964,50.54,12.813,55.74,0
9354,1.2547,57.76,14.581,37.74,1
9355,1.6344,56.48,13.028,45.03,1
9356,1.6707,58.58,13.671,44.6,1
9357,1.6885,56.28,13.63,49.3,1
9358,1.4682,55.57,13.773,52.25,0
9359,1.5998,57.22,13.822,55.48,1
9360,1.7601,59.24,14.345,53.19,1
9361,1.7714,57.69,13.79,53.9,1
9362,1.532,59.9,13.626,55.07,1
9363,1.558,55.92,13.624,46.0,1
9364,1.7122,56.71,14.184,54.04,1
9365,1.2914,57.66,13.614,64.46,0
9366,1.4956,60.94,15.141,50.74,1
9367,1.7362,58.72,13.39,56.02,1
9368,1.6879,62.97,14.394,53.86,1
9369,1.6562,57.25,13.197,61.43,1
9370,1.295,59.33,13.989,55.03,0
9371,1.539,60.31,13.928,59.11,1
9372,1.4577,61.17,14.001,56.12,1
9373,1.5965,58.93,13.15,57.75,0
9374,1.4211,64.22,15.101,54.24,0
9375,1.4203,60.89,14.292,43.99,1
9376,1.2315,58.12,14.491,43.53,1
9377,1.7528,61.4,13.808,48.95,0
9378,1.4897,61.18,14.775,63.99,0
9379,1.5701,66.1,14.971,47.17,1
9380,1.5369,63.09,14.737,52.31,1
9381,1.3818,61.03,15.825,35.46,1
9382,1.359,61.78,14.085,52.87,1
9383,1.4005,64.65,15.123,50.73,1
9384,1.4373,64.22,14.861,28.8,1
9385,1.604,57.39,13.204,57.01,0
9386,1.4605,63.21,14.268,36.5,1
9387,1.8001,62.64,14.019,44.79,1
9388,1.7353,60.79,14.587,59.34,1
9389,1.6833,65.51,16.045,50.31,0
9390,1.5589,68.28,15.254,44.37,1
9391,1.7704,64.55,14.901,45.36,1
9392,1.5101,66.28,15.096,45.39,1
9393,1.5675,68.16,15.165,49.43,1
9394,1.5854,62.21,14.902,40.65,1
9395,1.6571,60.48,14.134,60.33,0
9396,1.6244,65.51,14.885,39.68,1
9397,1.4915,65.65,14.192,35.5,0
9398,1.4741,61.96,13.981,58.46,1
9399,1.6895,65.7,14.223,45.9,0
9400,1.6688,66.21,15.782,49.14,1
9401,1.5163,64.52,14.71,53.94,1
9402,1.3481,65.53,14.493,44.07,0
9403,1.5578,66.48,14.399,50.12,1
9404,1.6881,65.81,14.568,53.77,1
9405,1.8352,62.64,14.324,63.74,1
9406,1.3871,67.17,14.547,44.26,1
9407,1.4983,64.11,14.846,45.95,1
9408,1.5412,69.1,15.26,51.74,1
9409,1.7724,63.05,14.273,51.16,0
9410,1.5656,69.64,15.055,45.26,1
9411,1.4291,67.21,14.596,61.24,1
9412,1.6761,67.2,16.154,34.9,1
9413,1.5205,68.26,16.203,35.79,1
9414,1.4014,68.0,14.632,34.3,1
9415,1.4389,68.4,14.87,56.26,0
9416,1.8301,67.42,14.986,51.86,1
9417,1.6454,68.04,15.276,36.99,1
9418,1.6401,69.48,15.425,44.98,1
9419,1.582,67.25,15.55,48.06,0
9420,1.6432,67.44,15.31,31.16,1
9421,1.6341,70.64,15.146,47.16,1
9422,1.655,69.78,15.606,36.71,1
9423,1.6317,70.6,15.837,52.19,1
9424,1.7442,71.43,15.401,36.48,1
9425,1.5773,69.92,15.556,48.32,0
9426,1.5001,72.4,15.449,56.16,1
9427,1.5559,71.07,16.541,53.05,1
9428,1.2845,66.84,14.778,52.93,0
9429,1.9159,67.72,15.866,47.11,1
9430,1.7723,74.98,15.86,31.68,1
9431,1.5194,71.7,16.962,42.47,1
9432,1.6029,73.87,15.59,42.23,1
9433,1.479,71.31,15.628,43.0,1
9434,1.831,72.66,15.411,33.04,1
9435,1.4293,70.97,15.032,49.23,1
9436,1.6584,77.66,17.162,32.15,1
9437,1.6035,73.42,16.582,56.68,1
9438,1.7484,71.94,15.863,46.15,1
9439,1.6254,69.04,15.841,54.29,1
9440,1.3604,78.41,17.438,49.39,0
9441,1.6051,73.4,15.718,61.49,1
9442,1.4702,74.28,15.928,44.41,1
9443,1.6852,76.54,16.295,39.84,1
9444,1.9011,73.12,15.842,41.22,1
9445,1.3939,75.03,16.931,55.01,1
9446,1.5409,73.6,16.002,34.3,1
9447,1.5917,72.04,15.639,37.23,1
9448,1.622,77.59,16.948,43.73,1
9449,1.7712,74.79,16.564,41.85,1
9450,1.6435,77.19,16.62,50.39,1
9451,1.7498,76.46,16.152,31.35,1
9452,1.5956,78.06,16.94,41.36,1
9453,1.7218,73.01,16.153,42.74,1
9454,1.8267,75.87,16.607,34.79,1
9455,1.5913,75.5,17.289,49.82,1
9456,1.8088,75.45,16.517,42.48,0
9457,1.7053,77.5,16.34,40.53,1
9458,1.8333,79.83,16.887,33.84,1
9459,1.6889,79.18,17.625,36.77,1
9460,1.7479,75.84,16.512,34.39,1
9461,1.702,78.65,17.511,47.89,1
9462,1.7259,79.65,16.469,48.96,1
9463,1.7465,78.98,17.39,54.41,1
9464,1.8095,77.23,16.291,45.46,1
9465,1.517,83.45,17.257,36.71,1
9466,1.9013,80.04,16.719,35.69,1
9467,1.4468,80.67,17.598,43.63,1
9468,1.6206,81.52,17.477,40.82,1
9469,1.7222,80.27,16.707,37.96,1
9470,1.7909,77.72,16.868,39.7,1
9471,1.9926,79.03,17.033,49.1,1
9472,1.455,76.74,16.35,38.67,1
9473,1.6652,81.45,17.764,51.03,1
9474,1.4248,80.08,16.958,41.77,1
9475,1.7368,80.23,16.189,36.47,1
9476,1.8122,82.92,17.494,32.49,1
9477,2.024,79.39,16.978,39.31,1
9478,1.7709,81.46,17.166,44.46,1
9479,1.925,81.49,17.605,36.07,1
9480,1.894,78.37,16.222,48.39,1
9481,1.6985,80.77,17.17,36.35,1
9482,1.5695,76.54,16.31,40.67,1
9483,1.8176,81.42,16.926,29.76,1
9484,1.5632,84.39,17.557,42.74,1
9485,2.0248,84.62,17.721,36.07,0
9486,1.7646,81.98,17.249,52.12,1
9487,1.94,82.36,17.251,43.95,1
9488,1.7313,80.81,16.847,40.85,1
9489,1.8469,83.99,17.945,47.78,1
9490,1.8378,88.98,18.486,38.18,1
9491,1.8104,87.93,18.042,44.27,1
9492,1.759,83.63,17.34,30.92,1
9493,1.89,84.67,17.168,41.72,1
9494,1.6769,82.69,16.994,42.51,1
9495,1.6263,83.14,16.792,26.72,1
9496,2.0262,86.26,19.134,49.49,1
9497,1.962,83.47,17.392,28.67,1
9498,1.877,86.67,18.569,26.12,1
9499,2.0705,89.39,19.174,12.44,1
9500,1.818,85.82,18.049,40.5,1
9501,2.0366,86.11,17.875,23.93,1
9502,1.8587,81.55,17.16,34.42,1
9503,1.7213,87.99,17.96,42.41,1
9504,2.1791,83.99,18.559,39.62,1
9505,2.0035,85.74,17.929,32.29,1
9506,1.8622,89.85,18.467,21.82,1
9507,1.951,88.89,18.839,34.87,1
9508,1.7898,85.64,18.22,43.32,1
9509,2.0346,86.66,17.661,42.85,1
9510,1.5292,86.42,17.889,50.31,1
9511,1.7159,84.29,17.58,31.89,1
9512,2.0191,86.19,17.741,25.24,1
9513,1.8631,84.44,17.725,40.07,1
9514,1.9594,88.86,18.567,36.58,1
9515,1.6961,89.25,17.786,34.7,1
9516,2.2049,89.81,18.492,28.39,1
9517,2.0863,86.8,17.714,15.2,1
9518,1.8936,86.09,17.657,28.16,1
9519,1.8471,88.75,18.33,38.99,1
9520,2.0777,89.88,17.773,36.47,1
9521,2.2353,88.73,18.058,43.18,1
9522,2.0564,88.71,18.065,37.16,1
9523,2.2627,93.05,18.964,37.81,1
9524,1.815,91.26,18.466,39.32,1
9525,1.8033,94.66,19.073,31.83,1
9526,1.7702,92.53,19.365,32.54,1
9527,2.0282,94.05,19.256,8.7,1
9528,1.9597,88.85,18.559,30.0,1
9529,1.938,93.18,18.766,28.51,1
9530,2.0773,91.13,18.037,32.98,1
9531,2.1201,88.89,18.432,27.67,1
9532,1.7542,95.33,19.409,37.72,1
9533,1.8671,90.87,18.333,26.52,0
9534,2.0802,89.74,18.174,43.17,1
9535,1.8986,91.4,18.634,25.8,1
9536,1.8617,91.71,20.865,28.64,1
9537,2.1265,91.98,18.85,28.01,1
9538,1.8045,92.55,18.322,28.26,1
9539,1.9564,96.83,18.884,40.49,1
9540,2.0646,92.13,19.08,29.97,1
9541,1.8913,98.53,21.077,27.32,1
9542,2.1078,95.84,19.177,25.55,1
9543,1.8962,94.76,18.849,29.44,1
9544,2.237,95.78,19.524,32.57,1
9545,2.0114,95.12,19.086,29.91,1
9546,2.1042,97.71,18.944,29.32,1
9547,2.134,95.9,19.883,39.11,1
9548,1.946,92.83,18.446,35.47,1
9549,1.7545,95.67,19.803,21.58,1
9550,2.0962,97.48,19.089,29.05,1
9551,2.0352,96.08,19.205,27.03,1
9552,2.123,95.96,19.703,34.38,1
9553,2.0032,95.31,19.741,31.85,1
9554,1.9781,93.3,18.999,40.99,1
9555,2.3475,93.87,18.686,26.52,1
9556,1.8211,94.9,19.382,30.61,1
9557,2.1499,97.91,19.903,21.78,1
9558,1.9787,92.29,18.709,32.5,1
9559,2.0062,95.14,19.259,18.07,1
9560,2.0105,97.32,18.946,33.19,1
9561,1.9297,97.55,19.961,30.35,1
9562,2.1563,94.32,19.047,32.9,1
9563,2.2754,99.26,20.259,34.66,1
9564,2.1278,95.45,19.014,32.32,1
9565,2.1061,100.73,20.011,18.02,1
9566,1.9457,97.5,19.616,25.03,1
9567,2.1818,98.69,19.563,28.63,1
9568,2.3777,99.0,19.325,25.95,1
9569,2.019,100.36,20.381,26.67,1
9570,2.0418,98.98,21.608,41.27,1
9571,2.0024,99.02,20.334,29.62,1
9572,2.0199,100.52,20.13,30.72,1
9573,1.6959,100.72,20.923,11.78,1
9574,2.1679,100.08,20.939,35.11,1
9575,1.9925,101.43,19.713,50.34,1
9576,1.8564,103.56,21.153,37.17,0
9577,2.2322,102.84,20.752,23.1,1
9578,1.9518,102.81,20.898,45.07,1
9579,2.0383,100.92,20.391,27.78,1
9580,2.357,99.93,19.863,30.94,1
9581,1.9,99.55,21.306,26.32,1
9582,1.8847,102.33,20.568,23.99,1
9583,2.1072,103.52,20.322,7.9,1
9584,2.2801,108.29,21.47,29.62,1
9585,1.887,104.34,21.101,23.87,1
9586,2.1639,100.31,20.03,26.55,1
9587,2.2558,101.49,20.327,30.29,1
9588,1.825,107.78,21.203,19.99,1
9589,2.2453,101.82,20.224,28.19,1
9590,2.2713,103.18,20.209,36.37,1
9591,2.0846,102.18,19.702,30.64,1
9592,2.2928,106.49,21.922,23.08,1
9593,2.3005,104.51,20.451,24.24,1
9594,2.1392,102.97,19.646,28.85,1
9595,2.0659,103.05,20.544,19.48,1
9596,2.0071,105.45,21.243,26.61,1
9597,2.1157,103.93,20.285,30.89,1
9598,2.22,106.57,20.961,25.16,1
9599,2.0844,106.37,20.627,20.55,1
9600,1.8267,105.17,20.357,22.99,1
9601,2.3183,105.19,21.361,30.42,1
9602,2.1678,104.88,20.674,16.7,1
9603,2.0654,103.95,20.445,19.34,1
9604,2.2779,104.42,21.022,12.56,1
9605,2.3915,103.88,20.852,26.63,1
9606,1.7143,102.72,19.768,33.75,1
9607,2.196,104.94,20.732,35.5,1
9608,1.9232,102.94,20.474,38.7,1
9609,2.2279,102.59,20.262,21.86,1
9610,2.1712,102.79,21.9,28.6,1
9611,2.2515,103.57,20.46,23.24,1
9612,2.0715,103.09,20.207,39.11,1
9613,1.879,104.61,19.966,36.38,1
9614,2.0928,104.29,21.059,27.12,1
9615,2.1762,104.48,20.646,21.17,1
9616,2.2762,102.14,20.33,1.0,1
9617,1.9882,99.92,19.502,16.52,1
9618,2.3099,101.55,20.315,12.35,1
9619,2.0791,99.34,19.745,17.25,1
9620,2.2276,104.84,20.625,40.24,1
9621,2.114,105.31,20.655,14.32,1
9622,2.1658,102.44,20.973,17.97,1
9623,2.2876,102.23,20.207,18.82,1
9624,1.9591,102.24,20.416,49.14,1
9625,2.0388,100.79,20.31,27.03,1
9626,2.1602,96.99,20.451,38.62,1
9627,2.5013,100.38,20.383,29.88,1
9628,2.0171,98.56,20.058,13.32,1
9629,2.4593,99.75,19.69,40.06,1
9630,2.4371,100.61,19.519,31.91,1
9631,2.1089,103.36,20.811,25.19,1
9632,2.0838,101.45,19.497,41.57,1
9633,2.0359,99.53,19.867,26.42,1
9634,2.1277,99.3,19.192,28.43,1
9635,1.9496,102.37,19.887,24.53,1
9636,2.1343,97.17,20.654,37.97,1
9637,2.4039,98.41,20.088,35.17,1
9638,2.0539,97.85,20.135,31.27,1
9639,2.1122,96.7,20.105,21.32,1
9640,1.893,97.85,19.744,26.9,1
9641,2.2074,92.83,18.969,24.25,1
9642,2.1929,94.06,18.887,41.2,1
9643,2.1543,98.08,19.465,17.1,1
9644,2.109,99.71,21.138,40.34,1
9645,2.11,97.58,19.005,41.05,1
9646,2.2246,95.57,19.056,24.09,1
9647,2.1412,92.81,18.467,29.35,1
9648,2.1527,96.87,19.965,24.01,1
9649,2.1945,93.9,20.323,35.13,1
9650,2.3299,96.76,19.721,41.85,1
9651,2.2395,96.2,19.406,40.44,1
9652,2.1339,96.63,19.651,27.22,1
9653,2.3988,94.79,19.195,41.16,1
9654,2.1633,95.59,19.581,40.21,1
9655,2.3123,94.75,19.313,29.91,1
9656,2.2136,93.14,18.981,33.15,1
9657,1.8627,91.42,19.042,45.39,0
9658,2.3043,89.92,18.103,43.68,1
9659,2.1436,92.92,18.935,42.51,1
9660,2.1419,95.41,19.4,50.89,1
9661,2.17,93.8,19.501,35.99,1
9662,2.0569,93.7,18.767,34.79,1
9663,2.1219,91.8,18.849,44.66,1
9664,2.0143,93.69,18.826,47.66,1
9665,2.3249,91.91,18.256,28.02,1
9666,2.1036,95.68,19.635,29.61,1
9667,2.0814,89.27,18.093,26.44,1
9668,1.9579,88.71,18.255,37.36,1
9669,2.1444,89.5,18.024,41.45,1
9670,2.1275,89.33,19.375,27.4,1
9671,2.1872,89.87,18.155,43.74,1
9672,1.9326,91.19,18.444,29.8,1
9673,1.8869,90.76,18.72,30.51,1
9674,2.1915,83.8,18.775,47.31,1
9675,2.3086,93.01,19.077,28.23,1
9676,1.9123,86.15,18.242,24.83,1
9677,2.3211,91.32,19.028,39.63,1
9678,2.1101,90.68,17.892,33.26,1
9679,2.0879,94.29,19.143,41.56,1
9680,2.025,91.17,20.046,39.94,1
9681,1.867,87.82,18.4,21.33,1
9682,2.2471,88.08,18.282,45.75,1
9683,1.9364,91.37,18.565,48.63,1
9684,1.9547,85.43,17.707,45.36,1
9685,2.2039,88.41,18.512,43.39,1
9686,1.7706,88.44,18.653,33.62,1
9687,1.8033,87.51,17.723,32.05,1
9688,2.0536,88.45,17.619,37.46,1
9689,2.1108,88.46,18.425,43.14,1
9690,2.0986,88.08,19.723,42.68,1
9691,2.0173,87.58,17.819,32.34,1
9692,2.4428,87.64,17.669,31.16,1
9693,1.9881,86.83,18.254,24.77,1
9694,2.0096,84.8,18.767,41.81,1
9695,1.9194,86.25,17.876,32.94,1
9696,2.0648,84.66,18.626,34.99,1
9697,2.1324,84.58,18.139,51.53,1
9698,2.2243,85.01,18.093,42.18,1
9699,1.8126,85.57,17.652,39.49,1
9700,1.97,85.02,18.075,44.01,1
9701,2.094,86.77,18.104,47.67,1
9702,2.1387,84.5,17.633,24.69,1
9703,2.0441,85.68,17.609,32.47,1
9704,2.1483,85.59,17.758,34.93,1
9705,1.8971,82.95,17.277,30.66,1
9706,2.2606,83.72,18.008,35.63,1
9707,2.1337,85.62,17.97,24.01,1
9708,1.8191,84.26,17.443,45.36,1
9709,1.8182,84.9,17.756,33.55,1
9710,1.8316,82.41,17.015,40.84,1
9711,2.0973,87.41,17.713,36.95,1
9712,1.813,81.36,17.002,43.82,1
9713,1.995,79.22,16.345,20.38,1
9714,2.0161,84.61,17.708,41.42,1
9715,1.9701,82.21,17.153,36.54,1
9716,2.0125,81.67,17.773,42.89,1
9717,1.809,81.32,17.212,29.96,1
9718,2.0913,85.59,17.856,39.57,1
9719,1.8744,81.95,16.747,49.34,1
9720,1.9292,82.5,17.722,40.56,1
9721,1.9639,80.85,17.109,33.48,1
9722,1.9389,82.39,16.922,33.91,1
9723,1.9815,83.75,17.412,43.45,1
9724,1.842,81.23,17.013,44.68,1
9725,1.8739,77.37,16.609,44.18,1
9726,1.9242,81.47,17.481,38.88,1
9727,1.7286,80.72,16.955,41.21,1
9728,1.8655,80.23,17.057,39.8,0
9729,1.9696,81.05,17.062,36.89,1
9730,1.7202,79.42,16.962,46.85,1
9731,2.0738,78.96,16.787,43.25,1
9732,2.1161,78.77,16.539,52.17,1
9733,1.7343,76.72,16.527,51.29,0
9734,2.1113,81.56,17.755,41.95,1
9735,1.8309,76.39,16.877,47.81,1
9736,1.9602,82.94,18.191,30.53,1
9737,1.8241,79.76,17.568,39.57,1
9738,2.0515,74.9,16.07,46.22,1
9739,1.9629,77.1,16.695,29.4,1
9740,1.7988,77.79,16.725,46.29,1
9741,1.7209,77.64,16.973,33.78,1
9742,1.6198,74.64,16.085,36.78,0
9743,1.8968,76.53,16.691,38.47,1
9744,2.0136,76.59,16.668,42.1,1
9745,1.993,75.05,16.369,33.47,1
9746,1.8393,74.69,16.411,50.42,1
9747,1.711,77.71,16.632,42.97,1
9748,1.7403,73.51,15.993,59.84,1
9749,2.0437,76.39,16.57,44.75,0
9750,1.7797,77.34,17.297,46.73,1
9751,1.8788,75.8,15.875,36.46,0
9752,1.7013,74.3,16.04,33.99,0
9753,1.8835,76.48,16.667,47.43,1
9754,1.762,73.5,16.23,36.15,1
9755,1.9903,74.3,16.166,49.84,1
9756,1.9435,73.42,16.011,58.2,1
9757,1.7362,76.76,16.405,50.4,1
9758,1.8164,76.72,16.047,46.23,1
9759,1.7214,70.29,15.667,47.07,1
9760,1.5952,75.56,16.206,40.21,1
9761,1.6604,74.68,16.006,42.09,1
9762,1.8366,76.15,16.81,38.12,1
9763,1.8421,73.14,16.513,33.78,1
9764,1.8168,73.56,15.833,44.86,1
9765,1.7345,75.07,17.02,52.19,0
9766,1.9155,73.42,16.759,33.71,1
9767,1.8012,76.0,16.774,53.57,1
9768,1.8841,73.46,18.119,53.89,1
9769,1.4969,71.97,15.739,48.45,1
9770,1.1714,68.65,15.212,50.16,1
9771,1.7856,70.07,16.102,44.57,1
9772,1.5585,68.71,15.491,47.39,1
9773,1.7212,69.72,15.482,42.64,1
9774,1.7035,72.71,15.514,45.54,1
9775,2.0221,70.47,15.931,47.41,1
9776,1.8001,73.14,15.491,60.26,1
9777,1.7811,70.73,15.381,50.71,1
9778,1.8854,70.29,15.279,44.75,1
9779,1.794,70.53,15.295,45.82,1
9780,1.7014,69.88,15.125,41.09,1
9781,1.9027,70.16,15.005,42.01,1
9782,1.5753,69.38,15.176,54.02,1
9783,1.7694,67.95,15.381,43.77,0
9784,1.468,67.51,15.268,42.96,1
9785,1.7661,72.12,16.039,39.38,1
9786,1.7624,71.43,15.198,40.21,1
9787,1.9637,65.48,15.156,57.7,1
9788,1.4726,63.16,13.778,51.34,1
9789,1.6248,67.89,14.381,44.7,0
9790,1.854,70.08,15.272,46.41,1
9791,1.7388,65.78,14.673,50.54,1
9792,1.7302,69.43,16.1,40.87,1
9793,1.5604,67.34,15.239,36.81,1
9794,1.6155,66.68,16.06,59.13,1
9795,1.8893,68.04,15.064,55.72,1
9796,1.6669,65.98,14.873,52.17,0
9797,1.7611,66.5,14.623,56.36,0
9798,1.6924,67.11,15.79,62.73,1
9799,1.5089,65.54,14.711,44.86,1
9800,1.8254,68.92,15.907,37.73,1
9801,1.7664,65.98,14.421,54.0,1
9802,2.0165,66.6,14.668,37.03,1
9803,1.5355,64.1,14.658,49.81,1
9804,1.7702,65.63,15.37,45.24,1
9805,1.4732,63.89,13.998,55.64,0
9806,1.683,65.23,14.637,45.79,1
9807,1.8184,61.48,14.182,60.45,0
9808,1.3029,66.04,14.267,42.78,0
9809,1.6022,64.4,14.501,55.03,0
9810,1.5816,68.1,14.834,42.53,1
9811,1.5348,67.94,14.6,51.41,1
9812,1.7422,64.48,14.562,41.43,1
9813,1.8022,63.23,14.339,50.27,1
9814,1.6238,59.96,14.125,62.42,1
9815,1.6541,64.3,14.89,50.29,0
9816,1.6444,62.25,14.339,59.99,0
9817,1.6155,62.57,15.471,50.04,0
9818,1.471,65.52,14.744,45.01,1
9819,1.8295,61.52,14.799,53.56,1
9820,1.6468,59.51,13.226,56.59,0
9821,1.6735,60.22,14.018,36.79,1
9822,1.4925,62.46,14.699,54.49,1
9823,1.5485,61.72,14.163,42.99,0
9824,1.5924,59.21,13.182,43.99,1
9825,1.3426,61.28,14.012,55.35,1
9826,1.3521,57.45,14.068,64.07,0
9827,1.5077,59.04,14.121,54.73,0
9828,1.6883,60.83,13.962,42.08,1
9829,1.4838,58.06,13.695,47.67,0
9830,1.428,60.65,13.766,48.18,1
9831,1.4643,59.0,13.974,53.74,1
9832,1.5455,62.2,13.817,50.41,0
9833,1.5505,58.04,13.625,56.74,1
9834,1.923,58.22,14.396,60.88,0
9835,1.7335,61.68,13.539,55.03,1
9836,1.7545,57.98,14.006,60.1,0
9837,1.7693,61.54,15.103,49.5,1
9838,1.4266,58.83,14.305,79.08,0
9839,1.385,52.59,12.884,61.49,1
9840,1.3969,60.38,13.58,58.06,0
9841,1.7963,58.64,13.716,67.36,1
9842,1.5083,58.49,13.181,53.6,0
9843,1.386,52.53,12.879,51.63,1
9844,1.518,55.19,13.199,65.97,0
9845,1.5419,55.67,12.872,65.42,1
9846,1.5992,54.82,13.139,57.04,1
9847,1.5994,59.65,13.988,66.16,1
9848,1.4146,56.91,12.991,53.49,1
9849,1.6386,55.49,14.138,62.26,1
9850,1.4551,56.83,13.638,66.7,0
9851,1.545,56.66,13.853,55.31,1
9852,1.6402,48.36,12.292,62.98,1
9853,1.4516,54.09,13.366,63.97,0
9854,1.4546,51.86,12.289,54.68,0
9855,1.635,55.58,13.699,49.01,0
9856,1.4039,55.23,13.108,66.63,0
9857,1.5125,55.08,12.704,58.39,0
9858,1.6174,49.03,12.732,54.8,1
9859,1.8528,53.07,13.087,56.69,1
9860,1.6265,56.66,14.879,58.71,0
9861,1.6339,56.33,13.573,41.58,0
9862,1.6192,53.86,14.083,61.6,1
9863,1.3606,50.33,12.985,61.63,0
9864,1.5774,56.78,13.097,68.07,1
9865,1.5264,53.51,13.176,54.32,1
9866,1.6156,52.1,12.328,68.47,0
9867,1.5469,47.86,12.048,59.42,0
9868,1.6046,53.05,13.523,57.41,1
9869,1.5031,51.01,12.604,60.18,1
9870,1.603,52.25,12.99,73.51,1
9871,1.3556,51.37,12.148,47.5,1
9872,1.4889,54.79,13.337,59.31,1
9873,1.7921,51.22,13.268,58.46,1
9874,1.5857,51.32,12.144,57.88,1
9875,1.5492,53.98,13.344,60.21,0
9876,1.808,48.75,13.173,67.7,0
9877,1.3571,51.09,13.623,61.69,1
9878,1.3956,49.28,12.177,68.5,1
9879,1.7973,47.43,12.639,56.99,0
9880,1.5518,48.88,13.268,58.61,1
9881,1.5317,51.03,12.537,50.28,1
9882,1.3352,51.96,13.514,73.16,0
9883,1.6106,51.69,12.53,55.94,0
9884,1.6447,48.04,12.248,57.1,0
9885,1.4064,46.05,11.668,65.29,0
9886,1.5499,48.31,12.053,68.3,0
9887,1.489,46.47,12.081,55.55,1
9888,1.5965,47.57,11.826,69.17,0
9889,1.4115,46.94,11.827,57.38,0
9890,1.7452,49.08,12.731,70.18,1
9891,1.711,43.5,12.909,57.83,0
9892,1.488,45.93,11.376,66.36,0
9893,1.5192,45.83,12.822,61.26,1
9894,1.5577,48.6,12.416,49.8,0
9895,1.4686,43.98,12.261,50.5,1
9896,1.5073,47.09,12.422,54.53,0
9897,1.5119,47.08,12.451,68.64,0
9898,1.814,48.05,12.164,43.98,0
9899,1.7053,46.82,11.978,62.17,0
9900,1.7305,46.11,11.759,63.6,1
9901,1.6251,43.28,11.585,48.03,0
9902,1.3888,40.93,11.871,57.48,0
9903,1.5485,45.27,11.668,54.19,0
9904,1.7354,46.52,11.5,61.31,1
9905,1.3993,41.65,10.745,74.88,0
9906,1.6448,40.88,10.603,71.94,0
9907,1.9327,45.45,11.687,59.15,0
9908,1.7277,44.13,11.96,54.99,0
9909,1.7894,40.81,11.107,50.73,0
9910,1.6282,41.96,11.378,60.24,0
9911,1.6904,40.24,10.689,56.72,1
9912,1.4952,45.48,12.003,60.49,1
9913,1.7026,41.48,11.206,63.38,0
9914,1.6948,43.53,11.73,58.76,0
9915,1.6326,41.9,12.907,58.94,0
9916,1.7877,44.3,11.542,55.85,1
9917,1.5173,40.18,11.216,59.63,0
9918,1.5745,42.04,10.758,74.49,0
9919,1.6312,38.53,10.624,69.5,0
9920,1.4433,38.0,10.767,69.66,1
9921,1.623,42.78,11.189,70.19,1
9922,1.3496,37.75,10.508,73.4,0
9923,1.7731,40.9,11.15,75.55,0
9924,1.6126,42.33,11.24,67.27,1
9925,1.5375,42.82,12.865,64.39,0
9926,1.4871,38.82,10.992,60.34,0
9927,1.5955,36.65,11.69,59.39,0
9928,1.6715,41.16,12.06,70.68,0
9929,1.7321,42.96,10.888,62.43,0
9930,1.5448,37.97,10.808,54.67,1
9931,1.5072,37.02,10.532,48.81,1
9932,1.7175,38.26,10.625,82.08,0
9933,1.543,40.24,10.891,56.89,1
9934,1.6225,41.45,10.733,57.56,0
9935,1.6305,36.0,10.422,76.88,0
9936,1.6522,35.41,10.357,57.35,0
9937,1.7786,42.31,11.686,66.99,0
9938,1.4449,37.5,10.522,80.64,0
9939,1.3406,37.43,11.127,82.82,0
9940,1.5932,35.19,10.117,62.97,0
9941,1.8998,38.85,11.494,64.9,0
9942,1.9845,38.73,10.269,61.97,0
9943,1.9166,36.88,10.755,65.85,1
9944,1.6244,40.77,11.106,75.7,0
9945,1.3606,35.85,10.084,56.01,0
9946,1.3054,36.29,10.227,72.03,0
9947,1.5776,35.95,10.775,64.2,0
9948,1.6132,36.35,11.093,76.96,1
9949,1.8742,36.78,10.054,76.85,0
9950,1.8366,32.41,10.046,65.35,1
9951,1.6936,35.92,10.267,65.49,0
9952,1.5521,33.58,10.504,74.36,0
9953,1.531,34.94,9.572,75.9,0
9954,1.7562,34.62,12.047,47.59,1
9955,1.7692,32.35,9.712,76.62,0
9956,1.7381,32.53,10.517,81.76,0
9957,1.5404,28.06,9.145,73.36,0
9958,1.7752,38.53,10.258,73.07,0
9959,1.7721,35.51,10.353,77.4,0
9960,1.5674,33.03,10.316,70.1,0
9961,1.6092,31.77,9.13,75.9,0
9962,1.8459,26.46,9.276,71.76,0
9963,1.6535,31.92,9.439,69.36,1
9964,1.9447,33.76,10.445,61.74,0
9965,1.8092,34.21,10.146,69.27,0
9966,1.6512,33.03,9.993,83.38,1
9967,1.7447,32.37,9.514,61.69,1
9968,1.7556,33.5,10.454,72.32,0
9969,1.6307,31.62,9.902,71.81,0
9970,1.6102,34.58,10.515,79.62,1
9971,1.8496,29.96,9.544,83.22,0
9972,1.8663,28.64,9.815,63.0,0
9973,1.8349,29.22,9.97,67.02,1
9974,1.9937,28.68,8.941,67.08,0
9975,1.6945,31.23,9.274,65.91,0
9976,2.0445,29.83,10.144,67.69,0
9977,1.6501,27.66,8.731,74.36,0
9978,1.6191,31.13,9.486,63.15,0
9979,1.5024,30.64,9.472,64.48,0
9980,1.7054,32.52,9.417,63.38,0
9981,1.6955,30.2,9.266,74.38,0
9982,1.8892,27.93,8.531,71.05,1
9983,1.8206,28.56,9.254,68.55,0
9984,1.604,29.34,9.335,64.11,0
9985,1.7222,27.37,8.795,59.39,0
9986,1.7265,26.27,8.71,85.76,0
9987,1.505,25.29,8.987,70.12,0
9988,1.6518,31.94,10.269,90.83,0
9989,1.6913,26.53,10.041,78.55,0
9990,2.0258,29.97,9.235,84.71,0
9991,1.8571,26.54,9.793,80.64,0
9992,1.9143,28.89,9.845,72.12,0
9993,1.6012,28.83,8.902,66.04,1
9994,2.0445,28.39,8.876,63.14,0
9995,2.0519,27.52,8.893,81.42,0
9996,1.5331,29.28,9.99,73.24,0
9997,1.7512,27.39,8.902,77.25,0
9998,1.8738,28.43,9.012,77.19,0
9999,1.9426,21.43,8.06,75.66,0
