timestamp,speed,distance,delay,throughput,qos_violation
0,1.5745,93.64,17.946,16.97,1
1,1.483,94.19,17.998,24.05,1
2,1.6047,93.41,17.448,28.26,1
3,1.7398,94.62,18.204,33.42,1
4,1.48,96.59,17.79,39.24,1
5,1.4837,92.46,17.388,39.08,1
6,1.7595,95.8,17.57,22.08,1
7,1.6415,92.04,18.421,30.8,1
8,1.4597,91.7,17.417,34.59,1
9,1.6152,94.84,19.355,30.0,1
10,1.4681,94.84,18.355,29.94,0
11,1.4715,94.5,18.122,18.52,1
12,1.5814,89.97,17.036,25.8,1
13,1.2618,91.47,17.128,30.9,1
14,1.2938,93.85,18.06,7.95,1
15,1.4719,92.08,17.534,38.88,1
16,1.408,89.65,16.783,24.23,1
17,1.6107,92.52,17.173,38.98,1
18,1.4311,89.97,16.927,39.81,1
19,1.3591,94.79,19.04,27.78,1
20,1.7945,94.09,19.287,40.55,1
21,1.5444,92.01,17.637,39.74,1
22,1.592,93.32,17.81,30.54,1
23,1.3718,90.53,17.204,31.31,1
24,1.5075,91.73,17.198,42.74,1
25,1.6093,92.96,18.427,35.08,1
26,1.4236,90.29,18.409,43.18,1
27,1.6562,89.09,16.813,16.43,1
28,1.5133,85.99,16.616,38.19,1
29,1.5632,89.03,16.94,22.96,1
30,1.5202,90.65,17.192,34.41,1
31,1.8918,90.69,17.961,40.3,1
32,1.6154,89.61,16.783,49.15,1
33,1.4622,87.32,17.053,29.1,1
34,1.7477,84.25,16.725,34.25,1
35,1.4446,87.01,16.746,36.03,1
36,1.6625,87.19,17.258,28.89,0
37,1.3406,86.97,16.857,44.64,1
38,1.4386,88.64,17.673,35.26,1
39,1.6707,91.17,16.97,35.27,1
40,1.7553,87.25,16.707,41.61,1
41,1.6735,86.37,16.677,36.61,1
42,1.6337,86.08,16.006,30.81,1
43,1.6092,86.65,16.395,36.51,1
44,1.4358,84.54,16.154,31.42,1
45,1.5528,86.24,17.147,38.12,1
46,1.5948,86.7,16.509,44.95,1
47,1.8256,86.02,16.374,27.99,1
48,1.7217,86.32,17.084,24.95,1
49,1.4088,86.07,16.184,37.75,1
50,1.7249,81.46,15.405,33.98,1
51,1.6216,86.07,16.526,37.61,1
52,1.5808,83.26,15.799,41.61,1
53,1.7771,82.21,15.65,22.53,1
54,1.843,81.99,16.306,45.32,0
55,1.8309,84.87,16.9,28.72,1
56,1.5682,83.35,16.624,38.81,1
57,1.6506,80.24,16.344,35.58,1
58,1.7495,84.36,17.046,33.97,1
59,1.8489,80.32,15.225,54.36,1
60,1.6335,83.28,16.439,41.59,1
61,1.6802,83.28,16.051,46.27,1
62,1.5448,84.37,16.147,39.58,1
63,1.534,85.96,16.896,42.38,1
64,1.838,79.47,15.171,44.66,1
65,1.9221,81.9,15.531,41.9,1
66,1.7105,81.25,16.226,49.11,1
67,1.8743,82.47,16.336,40.77,1
68,1.7805,81.83,16.081,58.18,1
69,1.632,80.49,15.528,48.39,1
70,1.7854,80.12,16.114,31.81,1
71,1.9642,78.57,15.848,40.45,1
72,1.7305,82.58,16.171,42.63,1
73,1.9729,81.32,15.572,40.56,1
74,1.3475,82.04,15.899,45.27,1
75,1.866,79.38,16.055,47.75,1
76,1.758,78.49,16.223,31.03,1
77,1.7022,77.44,15.244,52.78,1
78,1.7629,80.12,15.673,36.95,1
79,1.4531,77.12,15.255,37.96,1
80,1.7203,82.7,16.271,34.59,1
81,1.8089,76.18,14.97,49.76,1
82,1.9789,79.15,14.936,39.38,1
83,1.6814,81.53,16.591,34.77,1
84,1.6398,79.4,16.71,37.97,1
85,1.6876,78.35,15.285,27.63,1
86,1.902,75.86,14.782,36.74,1
87,1.8158,74.84,14.922,34.18,0
88,1.6887,78.94,15.519,39.48,1
89,1.8468,80.21,16.271,46.19,1
90,1.786,76.12,15.19,47.76,1
91,1.9183,74.52,14.657,54.34,0
92,1.6693,71.68,14.093,54.26,1
93,1.7269,74.44,15.33,40.11,1
94,1.7187,75.97,15.417,43.57,1
95,1.5594,79.2,16.158,41.22,1
96,1.8247,77.15,15.001,25.5,1
97,1.8208,76.21,16.268,33.54,1
98,1.7837,74.6,14.438,42.9,1
99,1.7489,74.03,15.183,43.2,0
100,1.573,77.81,14.888,46.41,0
101,1.7234,75.2,14.759,47.59,1
102,1.7361,70.39,15.176,32.6,1
103,1.6683,73.05,15.102,49.32,1
104,1.7654,72.48,14.426,46.94,0
105,1.8512,72.91,14.499,50.24,0
106,2.0744,74.93,15.03,52.58,1
107,1.8185,73.39,14.986,43.83,1
108,1.8318,73.25,15.387,55.02,1
109,1.7828,75.83,14.957,36.39,1
110,1.5069,71.61,14.016,38.47,0
111,1.7914,76.53,15.294,46.51,1
112,1.805,71.26,14.271,43.3,1
113,2.1661,72.58,14.231,47.55,1
114,1.7683,71.64,14.622,61.96,0
115,1.8429,72.25,14.505,48.8,1
116,1.7929,72.69,14.784,47.08,1
117,1.6232,72.47,14.319,38.57,1
118,1.9703,69.89,14.449,33.46,1
119,1.9119,68.95,13.684,47.05,1
120,1.9181,76.01,14.869,51.93,1
121,1.6632,69.83,14.132,44.52,0
122,2.0102,72.0,15.557,49.01,1
123,1.5896,67.18,14.197,60.1,1
124,1.888,69.64,14.735,58.43,1
125,2.1286,69.75,14.975,50.58,1
126,1.6514,70.75,17.587,47.91,1
127,1.715,64.16,13.39,38.36,1
128,1.8147,69.73,14.975,42.12,0
129,1.7241,66.9,14.284,46.61,1
130,1.5668,69.65,14.687,40.39,1
131,1.8094,66.73,14.792,50.95,1
132,1.6395,66.89,13.629,64.16,1
133,1.8695,67.85,13.747,60.43,1
134,1.6602,66.1,13.801,51.29,1
135,2.0301,67.05,13.737,55.01,0
136,1.6797,65.41,13.698,43.92,0
137,1.7483,63.93,14.208,62.35,1
138,1.918,69.44,13.991,34.84,1
139,1.6107,64.61,13.326,57.54,0
140,1.8288,66.64,13.819,52.98,1
141,1.99,68.31,13.909,41.97,1
142,1.5521,65.37,13.021,48.11,1
143,1.8201,64.75,13.255,41.08,1
144,1.8305,66.65,14.064,40.28,1
145,1.9078,68.24,14.763,35.33,1
146,1.6041,63.46,12.899,57.06,0
147,1.5905,65.3,13.174,59.46,0
148,1.8658,61.94,13.052,34.54,1
149,1.831,64.41,12.848,65.06,1
150,1.8229,65.07,13.347,49.86,1
151,1.8361,63.09,12.713,53.46,0
152,1.6809,63.69,14.032,39.01,1
153,1.8165,61.58,12.723,62.62,0
154,1.8243,64.35,14.34,51.99,1
155,1.6718,66.11,14.228,58.44,1
156,2.0574,61.61,12.763,61.8,0
157,1.8471,62.35,12.754,62.27,0
158,1.5959,64.41,13.336,45.17,1
159,1.8715,65.62,13.553,47.96,1
160,1.6252,60.01,12.901,48.1,0
161,1.8879,62.46,12.852,58.68,1
162,1.9419,63.17,13.573,53.76,0
163,1.6433,62.2,13.191,60.24,0
164,1.9092,57.25,12.21,63.55,0
165,1.8248,63.0,12.952,37.38,0
166,1.8844,64.84,13.405,60.9,1
167,2.0437,61.83,12.746,59.51,1
168,1.7204,59.34,12.674,50.44,0
169,1.6422,60.17,12.811,55.69,1
170,1.6199,64.54,13.541,49.29,0
171,1.6289,62.62,14.17,56.36,1
172,1.7376,61.88,12.98,48.9,0
173,1.7982,61.11,13.411,56.16,1
174,1.7864,58.88,12.678,54.21,0
175,1.8668,59.6,12.599,49.78,0
176,1.7424,59.64,12.65,54.73,0
177,1.9562,60.7,12.832,74.23,0
178,1.6962,62.42,13.231,46.07,1
179,2.1416,61.44,12.647,50.14,0
180,1.825,56.16,11.731,49.96,1
181,1.6002,59.25,12.936,48.95,0
182,1.5656,60.07,13.193,59.48,0
183,1.7962,59.64,13.043,58.94,1
184,1.6877,56.94,12.355,54.79,1
185,1.8258,63.83,13.683,58.91,1
186,1.7871,55.25,12.367,62.2,1
187,1.7025,55.43,12.435,54.44,0
188,1.5838,57.87,12.139,42.01,0
189,1.4809,61.43,12.61,58.78,1
190,1.6384,55.33,11.905,57.16,0
191,1.8311,56.27,12.183,55.42,0
192,1.7319,58.75,12.471,50.02,0
193,1.5101,56.36,11.677,61.14,0
194,1.7201,55.53,13.071,58.47,1
195,1.749,57.13,12.216,52.83,1
196,1.5557,56.35,12.273,45.39,1
197,1.7084,57.66,13.044,62.95,1
198,1.6911,57.98,11.839,59.05,0
199,1.5079,55.81,11.937,57.55,0
200,1.73,55.58,11.944,34.4,1
201,1.7574,55.23,11.908,55.56,0
202,1.8326,55.58,12.02,53.72,1
203,1.8251,54.51,12.711,51.35,1
204,1.4573,54.2,12.189,62.51,1
205,1.5201,56.39,12.676,60.88,0
206,1.7348,56.83,12.294,58.4,0
207,1.7314,50.58,10.909,66.95,0
208,1.7283,53.42,11.198,48.77,0
209,2.2257,51.82,11.066,54.28,1
210,1.7302,52.38,11.761,58.17,1
211,1.8115,53.61,11.804,51.86,1
212,1.781,53.94,11.76,62.45,1
213,1.7322,52.18,11.439,53.52,1
214,1.5838,48.37,12.242,70.36,0
215,1.7416,50.07,10.98,51.51,1
216,1.5084,53.59,12.238,73.9,1
217,1.5853,46.12,10.669,77.56,0
218,1.5446,53.77,11.792,55.98,0
219,1.6262,52.24,12.187,66.82,1
220,1.9576,53.63,12.59,53.62,1
221,1.3268,50.4,11.219,66.86,1
222,1.7063,46.48,11.098,59.71,0
223,1.3579,51.26,11.596,47.96,1
224,1.5255,52.75,11.665,29.09,1
225,1.756,51.85,11.613,55.74,0
226,1.5988,48.47,10.781,62.15,1
227,1.4238,49.77,11.101,69.78,1
228,1.4746,48.33,10.793,60.29,0
229,1.6802,47.56,11.318,68.49,1
230,1.4651,50.91,11.349,54.82,1
231,1.6034,46.4,10.306,58.46,0
232,1.5741,46.81,10.521,69.34,0
233,1.4659,46.19,9.957,41.57,1
234,1.8815,45.22,10.353,61.97,0
235,1.6513,48.29,11.009,56.82,1
236,1.2487,50.12,11.215,69.81,0
237,1.5768,47.23,12.042,56.44,1
238,1.4458,44.39,10.667,66.5,0
239,1.6692,48.88,11.318,67.04,0
240,1.4187,50.37,10.824,46.84,1
241,1.5166,45.51,10.44,60.58,0
242,1.6059,45.64,10.42,58.16,0
243,1.6562,47.43,10.595,68.11,0
244,1.3426,49.44,10.893,64.73,0
245,1.4687,44.96,9.979,60.16,0
246,1.4438,43.14,9.821,54.74,0
247,1.4133,46.86,11.198,69.19,0
248,1.7724,47.0,10.744,60.26,0
249,1.5645,45.21,10.348,48.93,0
250,1.3109,43.88,10.33,50.41,0
251,1.6339,46.79,11.363,64.43,0
252,1.8108,45.66,10.6,51.4,1
253,1.6436,42.86,10.421,78.16,1
254,1.257,44.3,10.107,54.92,1
255,1.4085,41.3,9.725,64.22,0
256,1.6674,45.17,10.678,63.17,1
257,1.3675,43.08,11.343,57.32,0
258,1.5365,42.53,10.901,45.56,0
259,1.5823,43.13,10.483,64.65,0
260,1.3234,43.08,10.275,57.13,1
261,1.4497,44.59,11.19,63.18,1
262,0.9687,43.78,10.692,61.75,1
263,1.2976,42.09,9.463,65.85,0
264,1.4096,43.73,9.965,75.26,0
265,1.2566,42.8,10.315,58.95,0
266,1.6849,40.95,9.381,60.68,0
267,1.2219,41.35,9.651,50.86,0
268,1.3667,41.1,9.671,62.78,1
269,1.4487,42.21,9.984,66.95,0
270,1.6416,40.27,9.681,60.97,1
271,1.2064,40.02,9.644,68.32,0
272,1.5926,44.54,10.822,60.86,0
273,1.416,42.28,9.991,53.21,0
274,1.2637,38.68,9.409,68.29,0
275,1.4766,41.14,9.504,62.67,0
276,1.4336,40.04,10.262,65.96,0
277,1.3101,40.38,9.572,60.23,0
278,1.4071,39.67,9.349,59.95,0
279,1.3353,41.58,10.076,65.31,0
280,1.4066,39.69,9.44,63.34,0
281,1.4854,38.68,9.362,79.59,0
282,1.6205,40.68,9.962,70.98,1
283,1.1935,38.87,9.458,70.04,0
284,1.6956,38.44,11.037,64.51,0
285,1.0795,38.63,9.515,49.61,0
286,1.3461,37.61,9.672,59.97,0
287,1.4537,37.62,8.853,61.25,1
288,1.4043,36.23,8.893,65.06,0
289,1.2654,35.7,8.752,67.31,0
290,1.3243,35.0,8.683,73.25,1
291,1.2782,34.02,9.033,70.78,0
292,1.2605,34.84,9.489,77.37,0
293,1.4731,36.05,9.306,64.87,0
294,1.396,36.41,9.124,69.21,1
295,1.2353,35.46,8.846,70.48,0
296,1.471,31.09,8.974,72.31,0
297,1.379,38.75,10.852,76.01,1
298,1.4517,37.57,9.441,72.89,1
299,1.4212,36.09,9.62,56.79,1
300,1.1993,38.81,9.719,64.8,0
301,1.2366,32.85,9.03,69.18,0
302,1.4297,38.38,9.134,83.19,0
303,1.4062,32.47,8.443,66.88,0
304,1.3086,34.68,9.123,60.33,0
305,1.3264,31.45,9.092,73.64,0
306,1.4975,33.83,8.545,72.68,0
307,1.2143,34.37,8.349,67.79,0
308,1.3823,33.09,8.533,67.38,0
309,1.2671,34.63,9.442,75.81,0
310,1.262,33.2,8.26,62.25,0
311,1.4567,31.76,8.138,67.22,0
312,1.413,31.47,8.534,65.94,0
313,1.4086,34.02,8.808,77.34,0
314,1.4797,30.89,8.652,72.75,0
315,1.2845,33.83,8.436,60.18,0
316,1.381,34.25,8.765,60.74,0
317,1.2297,28.26,8.602,87.03,0
318,1.3223,33.67,8.42,77.47,0
319,1.2517,35.32,9.853,74.54,0
320,1.2834,31.5,8.128,70.2,0
321,1.3557,32.0,8.954,81.87,0
322,1.1414,32.67,8.513,60.57,0
323,1.5757,29.85,7.86,77.11,0
324,1.1086,30.56,8.154,67.12,1
325,1.0752,27.37,8.099,70.59,0
326,1.4288,30.08,8.259,76.76,0
327,1.3717,30.6,8.904,69.49,0
328,1.3444,30.43,9.091,67.26,0
329,1.343,31.33,8.073,66.24,0
330,1.2449,27.45,7.473,56.64,0
331,1.1101,27.73,7.504,78.46,1
332,1.2541,32.39,8.307,61.51,0
333,1.1392,28.1,8.52,87.01,0
334,1.3852,28.6,8.291,69.54,0
335,1.215,27.87,7.734,82.76,0
336,1.1115,26.16,7.669,58.83,0
337,1.1854,30.85,9.131,76.34,0
338,1.2938,26.34,8.847,81.1,0
339,1.1456,24.95,7.601,84.46,0
340,1.1052,26.1,7.01,61.12,0
341,1.2635,22.8,7.296,69.7,0
342,1.2622,25.3,7.998,78.43,0
343,1.1479,24.46,7.514,75.51,0
344,1.1518,27.43,8.202,74.89,0
345,1.2559,24.65,7.602,71.33,0
346,1.0025,27.58,7.497,84.86,0
347,1.0073,28.4,7.711,92.83,0
348,1.1093,26.96,7.674,73.65,0
349,1.1839,24.77,7.997,77.77,0
350,1.2613,25.28,7.278,74.28,0
351,1.4348,21.75,7.213,86.22,0
352,1.3411,24.33,7.529,81.03,0
353,1.1874,22.68,8.038,66.86,0
354,1.2075,25.59,7.572,68.75,0
355,1.059,29.15,7.617,63.44,0
356,1.2057,24.8,7.765,95.68,0
357,1.1643,19.62,8.045,82.31,0
358,1.2552,22.68,7.481,70.63,0
359,1.082,23.44,6.996,69.53,0
360,1.2832,23.17,6.875,81.54,0
361,1.4345,21.34,6.634,83.44,0
362,1.1877,23.09,8.442,81.53,0
363,1.2637,19.91,6.615,73.65,0
364,1.3064,20.31,6.564,79.26,0
365,1.1422,23.29,7.182,75.91,0
366,1.2355,19.77,6.596,69.65,0
367,1.2034,22.68,8.024,67.98,0
368,1.2158,18.66,6.216,81.1,0
369,1.0849,24.73,8.063,75.73,0
370,1.2043,19.45,6.718,81.76,0
371,1.2751,20.35,7.424,83.12,0
372,1.4179,21.26,7.823,88.24,0
373,1.344,19.27,6.675,71.23,0
374,1.523,20.49,6.705,81.75,0
375,1.0849,21.15,6.949,82.3,0
376,1.3309,21.72,6.971,73.47,0
377,1.2276,21.18,6.443,77.27,0
378,1.5287,19.06,7.469,75.27,0
379,1.0791,18.91,6.689,94.52,0
380,1.0746,23.7,6.933,75.62,0
381,1.1109,20.7,6.292,80.19,0
382,0.8826,16.76,5.658,76.83,0
383,1.1227,18.6,6.901,74.0,0
384,1.088,17.53,6.16,68.07,0
385,1.2249,17.73,6.243,87.16,0
386,1.2541,15.34,6.267,85.94,0
387,1.4848,16.78,6.08,76.53,0
388,1.3466,21.02,7.148,69.18,0
389,1.1181,18.36,6.543,79.42,0
390,1.0706,12.02,5.52,76.02,0
391,1.2798,19.23,6.168,75.68,0
392,1.0088,18.78,6.287,67.62,0
393,1.4824,15.68,6.375,81.33,0
394,1.3854,17.63,6.156,80.32,0
395,1.139,14.28,6.512,88.76,0
396,0.9534,14.86,7.535,78.79,0
397,1.4145,18.6,6.84,75.17,0
398,1.1953,14.86,6.795,67.55,0
399,1.3992,11.46,5.803,88.81,0
400,0.9755,14.87,5.789,87.14,0
401,1.126,15.04,6.09,80.2,0
402,1.2179,17.8,7.657,67.69,0
403,1.2254,15.63,5.905,69.91,0
404,1.1522,14.96,5.653,75.62,0
405,1.3145,18.09,6.099,85.87,0
406,1.0623,16.44,6.133,81.46,0
407,1.2026,14.9,5.654,68.05,0
408,1.2435,18.91,7.54,80.89,0
409,1.3041,17.19,6.418,71.97,0
410,1.3353,17.01,6.776,74.62,0
411,1.0615,17.56,6.271,86.24,0
412,1.0017,15.26,5.673,85.97,0
413,1.4252,16.54,5.824,87.82,0
414,1.2852,17.81,6.117,78.13,0
415,1.1248,17.61,6.541,85.5,0
416,1.4716,20.74,7.093,71.86,0
417,1.2582,18.83,6.848,75.64,0
418,1.4196,20.31,6.348,74.2,1
419,1.2548,18.82,6.573,77.9,0
420,1.5558,21.11,6.58,66.04,0
421,1.512,20.0,6.923,75.2,1
422,1.2135,19.43,6.875,88.96,0
423,1.3987,19.57,6.312,68.52,0
424,1.3519,17.89,6.907,67.63,0
425,1.4626,21.01,8.451,66.4,0
426,1.1148,20.12,7.164,98.22,0
427,1.3647,19.4,6.596,81.08,0
428,1.4229,22.81,7.053,73.15,0
429,1.0027,18.3,6.415,78.57,0
430,1.0914,20.16,6.511,78.73,0
431,0.9654,23.26,7.345,69.92,0
432,1.2333,22.03,6.689,71.64,0
433,1.3838,21.5,6.445,74.84,0
434,1.5041,22.3,7.187,69.82,0
435,1.2924,22.36,7.112,72.41,0
436,1.5282,19.17,6.421,80.32,0
437,1.0795,21.7,6.604,68.0,0
438,1.0337,25.83,7.748,94.38,0
439,1.2836,21.48,6.645,82.14,0
440,1.3522,22.36,7.05,65.42,0
441,1.2925,22.12,8.093,55.91,0
442,0.9901,23.23,7.531,69.56,0
443,1.2897,22.43,6.693,81.01,0
444,1.1102,24.77,7.067,78.06,0
445,1.4092,24.39,7.472,73.48,0
446,1.3667,25.75,7.189,68.74,0
447,1.1737,22.3,6.544,68.39,0
448,1.2405,23.92,7.575,71.43,0
449,1.1617,24.35,7.539,66.29,0
450,1.3143,25.91,7.834,70.26,0
451,1.47,23.61,7.403,85.48,0
452,1.182,27.23,7.809,66.49,1
453,1.4085,27.97,7.713,77.1,0
454,1.2565,23.82,7.553,80.81,0
455,1.2203,25.02,8.347,65.35,0
456,1.3264,25.14,7.339,67.17,0
457,1.1904,31.66,8.164,78.55,0
458,1.2659,25.74,7.246,66.15,1
459,1.1725,30.16,7.98,70.45,0
460,1.6502,24.47,7.504,90.64,0
461,1.3641,25.22,6.958,81.71,0
462,1.2572,26.03,7.846,74.07,0
463,1.3976,25.91,7.93,80.18,0
464,1.352,27.26,7.327,72.19,0
465,1.3391,26.58,7.413,81.2,0
466,1.4678,26.56,7.767,56.69,0
467,1.4928,30.72,8.302,69.46,0
468,1.303,31.05,8.638,53.68,0
469,1.2997,30.7,8.3,71.87,0
470,1.3483,30.05,8.916,69.08,0
471,1.0478,29.39,8.037,82.25,0
472,1.1693,28.41,7.686,77.65,0
473,1.6052,27.69,7.558,68.18,0
474,1.6505,30.53,8.671,67.43,0
475,1.3699,27.65,7.91,75.45,0
476,1.4974,28.21,8.27,67.49,0
477,1.4612,32.71,8.934,69.12,0
478,1.8799,34.4,8.356,78.89,0
479,1.5897,31.59,8.122,63.42,0
480,1.4062,33.21,8.397,65.49,0
481,1.2857,30.71,8.078,68.12,0
482,1.1918,28.72,7.904,97.03,0
483,1.4669,32.82,9.165,74.17,0
484,1.3266,32.94,9.306,78.29,1
485,1.2304,32.14,8.461,75.86,0
486,1.3505,31.72,8.412,76.65,0
487,1.289,34.32,8.653,72.19,0
488,1.708,30.63,8.381,73.55,0
489,1.5909,31.25,8.522,58.64,1
490,1.4612,30.98,8.778,73.27,0
491,1.6881,33.37,9.132,68.11,0
492,1.4815,31.22,7.832,74.63,0
493,1.3445,32.23,8.526,69.09,0
494,1.7059,32.39,9.348,75.67,0
495,1.562,33.48,8.611,76.43,0
496,1.3293,31.23,9.011,46.97,0
497,1.4601,34.57,8.821,64.78,1
498,1.3611,37.09,9.387,51.88,1
499,1.2888,35.07,8.645,69.87,0
500,1.6389,38.08,9.107,63.74,1
501,1.7902,37.87,9.767,77.13,0
502,1.2978,36.96,9.716,68.48,0
503,1.5958,35.75,9.123,63.67,0
504,1.4175,35.85,8.739,75.0,0
505,1.4458,37.53,9.397,63.94,1
506,1.4337,35.42,9.716,63.77,0
507,1.3968,32.63,9.653,72.57,0
508,1.5374,37.58,9.269,79.35,0
509,1.4092,34.54,8.445,75.11,0
510,1.5782,35.08,9.411,72.49,0
511,1.5338,37.2,9.226,88.69,0
512,1.5092,37.21,9.79,60.81,0
513,1.4127,34.78,9.085,62.1,1
514,1.466,38.13,9.172,67.29,0
515,1.6695,39.93,9.763,77.16,0
516,1.6351,35.94,9.829,59.9,1
517,1.417,40.94,9.834,78.47,0
518,1.5822,35.48,8.733,56.2,0
519,1.6837,43.03,9.735,62.21,0
520,1.3242,38.18,9.211,67.48,0
521,1.6598,39.49,9.522,58.24,0
522,1.4825,35.62,9.481,62.66,1
523,1.6711,39.48,9.31,71.69,0
524,1.4746,40.26,10.65,76.38,0
525,1.322,39.83,9.31,48.19,0
526,1.3522,39.07,11.152,67.0,1
527,1.6071,38.51,10.52,64.99,0
528,1.6424,42.86,10.237,64.14,0
529,1.4713,40.86,9.397,61.95,0
530,1.7062,44.08,10.34,52.23,1
531,1.3647,40.15,9.629,77.25,0
532,1.6075,40.53,9.43,73.96,0
533,1.4392,43.23,10.358,62.23,0
534,1.5265,38.55,9.252,61.96,1
535,1.6348,39.57,9.437,60.38,0
536,1.5021,44.39,10.331,41.68,1
537,1.5768,40.06,9.553,67.8,0
538,1.7888,38.96,10.891,71.87,0
539,1.5547,46.54,10.538,62.18,1
540,1.7699,40.21,9.975,64.18,0
541,1.4784,43.57,10.345,63.93,0
542,1.7306,43.54,10.432,56.05,1
543,1.8706,37.98,9.634,62.22,1
544,1.2868,43.27,10.662,61.71,0
545,1.5412,44.9,10.597,67.64,0
546,1.7505,44.91,10.58,73.09,1
547,1.6366,46.21,10.705,59.44,0
548,1.7259,43.83,10.27,54.35,1
549,1.5827,46.23,10.378,61.55,0
550,1.6893,43.62,10.269,78.92,0
551,1.656,42.38,10.208,55.91,1
552,1.8575,42.8,10.345,70.4,0
553,1.7235,42.68,10.226,74.08,1
554,1.7389,47.82,10.834,57.43,0
555,1.6294,42.97,10.173,57.61,1
556,1.621,46.75,10.564,65.55,1
557,1.6321,45.87,10.764,64.3,1
558,1.759,46.39,10.625,66.72,1
559,1.6395,49.53,11.254,75.87,0
560,1.7488,46.12,11.161,62.66,0
561,2.0194,48.42,10.766,50.41,1
562,1.8415,47.48,11.141,61.05,0
563,1.6646,47.3,10.858,62.55,0
564,1.8963,52.4,12.854,67.7,0
565,1.6575,45.12,10.435,60.36,0
566,1.4155,50.78,11.687,55.26,0
567,1.5726,49.71,11.213,48.2,0
568,1.4457,47.64,10.47,64.79,0
569,1.676,52.06,11.371,84.55,0
570,1.7339,45.3,10.968,60.04,0
571,1.985,48.16,10.815,63.72,1
572,1.7849,46.98,10.209,56.43,1
573,1.7053,50.42,11.301,48.5,0
574,1.8649,47.57,10.532,63.93,0
575,1.411,50.87,11.434,58.71,0
576,1.7802,49.83,12.084,40.02,1
577,1.8627,49.44,11.527,72.22,1
578,1.5274,51.38,12.306,61.5,0
579,1.9228,50.26,11.088,59.43,0
580,1.8041,48.82,11.018,56.33,0
581,1.693,56.8,11.929,58.16,1
582,1.8522,50.43,11.074,62.36,0
583,2.0998,47.16,10.515,63.91,0
584,1.7883,50.12,10.86,67.47,0
585,1.8001,49.47,11.897,69.68,1
586,1.6958,53.85,11.261,72.73,0
587,1.639,53.04,12.436,50.48,1
588,1.8927,53.4,12.406,52.37,0
589,1.6414,52.06,11.78,60.65,0
590,1.7822,52.44,11.257,51.3,0
591,1.7014,52.46,11.15,52.58,0
592,1.8464,53.24,11.539,60.86,0
593,1.8261,55.27,12.325,63.04,0
594,1.9332,54.47,11.922,66.52,0
595,1.7024,55.0,11.659,54.46,1
596,1.7398,55.2,12.613,59.59,0
597,1.6348,56.17,13.137,57.24,1
598,1.7163,55.18,11.94,56.04,1
599,1.8407,55.52,12.122,49.16,0
600,1.8989,57.38,11.904,47.03,0
601,1.6481,53.87,11.678,62.01,0
602,1.918,53.69,12.03,50.12,1
603,1.992,53.23,11.887,42.85,0
604,1.8516,56.17,11.991,55.05,0
605,2.0721,52.29,11.49,69.27,1
606,1.6754,57.12,12.155,32.37,0
607,1.6057,56.18,12.072,52.98,1
608,1.5264,58.87,12.765,59.08,0
609,2.0184,55.46,11.524,41.14,1
610,1.8928,56.59,12.21,53.34,1
611,1.787,59.44,12.817,44.22,0
612,1.838,60.17,12.571,44.84,1
613,1.6278,56.24,12.011,52.04,0
614,2.164,58.16,12.31,45.12,1
615,1.817,58.59,12.364,44.2,1
616,1.8145,58.95,12.594,53.16,1
617,1.9074,57.87,12.484,72.09,0
618,1.871,61.16,12.356,58.36,0
619,1.8327,55.02,12.302,64.07,0
620,1.6808,58.16,12.364,60.48,1
621,1.8703,60.1,13.931,47.36,0
622,2.0821,60.31,12.418,55.3,1
623,2.0017,62.31,12.803,60.4,1
624,2.039,62.2,13.002,58.31,1
625,1.7233,59.43,12.844,54.9,1
626,1.6515,62.8,12.628,55.48,1
627,1.781,58.97,12.314,73.32,1
628,1.8081,62.46,13.386,58.24,0
629,1.9637,64.42,13.098,47.83,1
630,1.5455,63.43,13.994,50.35,1
631,2.0286,61.41,12.796,43.72,1
632,1.7751,60.74,12.558,71.33,0
633,1.7345,58.54,12.808,66.71,0
634,1.6463,62.42,14.015,52.21,1
635,1.5494,59.77,12.897,70.58,0
636,1.9206,60.61,13.498,57.69,0
637,1.8076,60.02,13.708,49.54,0
638,1.6025,61.68,12.693,59.24,0
639,1.6011,62.74,13.617,54.54,0
640,1.7443,63.55,12.826,57.57,1
641,2.0443,62.0,13.235,40.85,1
642,1.7542,65.54,13.553,43.19,1
643,1.5669,63.18,13.872,63.0,0
644,1.7546,62.22,13.682,65.21,1
645,1.7497,64.45,13.674,61.65,0
646,1.3851,68.13,14.096,65.87,0
647,1.7805,65.07,13.736,54.58,1
648,1.7529,63.87,13.356,54.73,1
649,1.8909,61.75,12.988,44.65,0
650,2.0627,64.56,14.215,45.62,1
651,1.9531,65.67,14.469,33.69,1
652,1.7426,64.62,13.389,47.65,1
653,1.6156,62.27,13.19,35.17,1
654,2.1663,64.1,13.398,59.19,1
655,1.7878,68.91,13.611,50.76,0
656,1.7796,69.07,13.984,31.35,1
657,1.7725,64.63,14.34,48.71,1
658,1.8043,67.95,13.683,63.97,0
659,1.7514,64.44,14.746,49.33,1
660,1.6854,69.81,14.819,39.13,1
661,1.6878,67.69,14.078,34.1,1
662,1.7632,69.3,14.396,33.38,0
663,1.6849,64.17,13.068,54.78,1
664,1.6578,69.16,14.023,44.04,1
665,1.7789,67.98,14.728,45.4,1
666,1.7228,69.9,14.018,43.62,1
667,1.9848,70.23,14.813,45.74,1
668,1.3596,68.73,13.636,37.94,0
669,1.919,67.6,13.509,50.97,1
670,1.9402,70.56,15.473,35.28,1
671,1.4402,69.08,14.107,41.51,1
672,1.6978,67.65,13.704,56.49,1
673,1.6913,67.76,14.639,51.35,0
674,1.5338,66.85,14.423,54.38,1
675,1.626,68.98,14.542,64.82,0
676,1.5739,72.41,14.407,45.08,1
677,2.001,70.76,14.255,46.72,1
678,1.8762,69.54,14.314,45.16,1
679,1.9243,72.41,14.932,42.01,1
680,1.8394,69.34,13.966,39.31,1
681,1.5594,71.39,14.529,46.84,1
682,1.6476,71.04,14.519,49.22,1
683,1.7972,73.16,15.397,48.39,1
684,1.5379,68.65,14.399,48.33,0
685,1.8256,70.3,13.842,54.23,0
686,1.68,68.92,14.007,47.88,1
687,1.6572,71.88,14.222,42.6,0
688,1.8174,75.02,15.259,36.57,1
689,1.7747,71.79,14.965,33.53,1
690,1.6512,71.98,14.588,57.5,1
691,1.8765,74.94,14.89,38.44,1
692,1.5376,75.54,15.109,36.27,1
693,1.7894,73.42,14.851,41.61,1
694,1.7831,75.17,14.8,41.67,1
695,1.6448,71.85,14.141,59.0,1
696,1.7372,76.96,14.734,40.2,1
697,1.4977,78.7,16.215,62.85,1
698,1.821,75.64,15.316,44.12,1
699,1.6516,70.63,14.501,63.08,1
700,1.5979,73.88,15.491,51.82,0
701,1.8306,76.43,14.819,46.03,1
702,1.5645,74.56,14.433,56.89,0
703,1.4558,78.14,15.638,51.09,1
704,1.4304,76.98,15.421,47.89,1
705,1.7516,74.59,14.438,62.79,1
706,1.4655,76.26,15.344,39.25,1
707,1.9176,74.61,14.794,36.27,1
708,1.3388,76.23,14.909,37.85,1
709,1.9023,75.69,14.979,57.6,1
710,1.6762,79.35,15.029,53.0,1
711,1.6267,81.43,15.754,35.94,1
712,1.5561,74.54,14.685,25.44,0
713,1.6944,73.75,15.063,43.1,1
714,1.6255,77.31,15.285,34.51,1
715,1.7932,74.96,15.286,40.07,1
716,1.6414,78.29,14.855,33.59,1
717,1.6434,79.9,15.45,28.18,0
718,1.5629,81.59,16.237,55.11,1
719,1.6054,79.2,15.514,36.01,1
720,1.6566,78.61,15.944,53.13,1
721,1.3504,75.24,14.522,42.08,1
722,1.4012,79.45,16.008,32.28,1
723,1.7113,79.74,15.486,45.23,1
724,1.6219,81.08,15.657,37.22,0
725,1.5651,78.58,16.024,40.19,1
726,1.5919,79.33,16.241,42.56,1
727,1.6376,77.44,15.879,36.04,1
728,1.5009,76.02,16.413,30.42,1
729,1.4615,78.58,16.197,41.44,1
730,1.604,77.86,15.156,50.0,1
731,1.4242,81.87,16.089,32.66,1
732,1.6285,80.36,15.67,42.01,1
733,1.3082,80.52,17.08,52.73,1
734,1.7143,79.83,16.28,40.38,1
735,1.6271,75.53,15.007,44.37,1
736,1.5909,85.22,16.953,38.31,1
737,1.6962,80.4,15.421,35.3,1
738,1.7949,81.78,16.122,31.99,1
739,1.6935,79.89,15.421,33.15,1
740,1.2615,84.94,16.001,40.98,1
741,1.3419,83.49,16.642,44.97,1
742,1.4364,81.75,16.45,46.39,1
743,1.5303,82.82,16.373,36.28,1
744,1.6002,87.16,16.753,45.45,1
745,1.41,83.85,15.931,41.15,1
746,1.5431,83.84,15.954,39.26,1
747,1.398,82.52,15.806,12.77,1
748,1.4158,80.81,15.782,33.97,1
749,1.2928,84.48,16.96,26.14,1
750,1.3615,85.65,17.126,42.63,1
751,1.2935,87.4,16.377,37.32,1
752,1.3461,80.9,15.643,31.88,1
753,1.6467,83.35,16.002,41.43,1
754,1.3425,84.64,15.809,26.83,1
755,1.876,85.99,16.903,29.05,1
756,1.5514,85.91,16.543,31.77,1
757,1.5014,86.16,16.629,41.63,1
758,1.3411,87.42,17.576,47.75,0
759,1.5712,84.99,16.535,33.32,1
760,1.3761,88.87,16.922,46.26,1
761,1.477,88.07,17.217,36.54,1
762,1.8389,86.76,17.291,38.83,1
763,1.4368,90.8,17.496,34.01,1
764,1.6199,90.91,17.704,32.87,1
765,1.3383,89.87,17.173,38.59,1
766,1.4348,82.16,16.042,45.62,1
767,1.702,91.56,17.53,26.99,1
768,1.3387,90.19,17.018,33.37,1
769,1.7009,92.81,17.469,46.67,1
770,1.5316,91.47,18.206,35.53,1
771,1.3374,92.36,18.836,35.88,1
772,1.513,91.16,18.314,43.64,1
773,1.5604,92.3,17.184,29.61,1
774,1.5042,93.79,17.385,32.46,1
775,1.1718,90.43,16.936,41.27,1
776,1.2946,87.06,16.864,46.68,1
777,1.363,89.79,16.543,16.21,1
778,1.3854,91.38,17.247,28.28,1
779,1.4862,90.95,18.148,26.44,1
780,1.4162,88.51,17.507,34.91,1
781,1.1858,87.94,16.756,28.86,1
782,1.4396,89.92,17.079,40.36,1
783,1.4707,93.22,17.987,34.45,1
784,1.4597,94.96,18.448,39.14,1
785,1.5344,93.83,17.633,40.32,1
786,1.494,94.31,17.808,37.84,1
787,1.4344,92.24,17.383,30.97,1
788,1.3516,89.12,16.704,36.36,1
789,1.1096,91.89,17.449,30.18,1
790,1.4199,92.48,17.511,22.59,1
791,1.3833,92.21,17.185,41.31,1
792,1.3896,93.51,18.071,32.22,1
793,1.1542,94.48,18.136,20.29,1
794,1.1803,95.51,18.397,35.99,1
795,1.4972,93.44,17.502,31.14,1
796,1.3301,90.39,16.761,18.29,1
797,1.4352,93.43,17.971,21.95,1
798,1.3341,94.69,17.72,26.58,0
799,1.3312,97.25,18.037,32.34,1
800,1.4644,93.86,17.434,38.99,1
801,1.2432,95.83,18.019,37.54,1
802,1.332,95.18,18.906,36.71,1
803,1.2453,94.49,17.74,32.03,1
804,1.2465,96.06,17.806,45.14,1
805,1.2624,92.68,17.95,38.99,0
806,1.3392,92.65,17.719,35.19,1
807,1.2312,93.58,17.215,37.39,1
808,1.4886,92.12,17.871,30.54,1
809,1.1632,94.22,19.225,32.01,1
810,1.2666,91.57,16.839,17.4,1
811,1.2259,93.25,17.348,29.95,1
812,1.5063,92.4,16.93,47.64,1
813,1.316,92.83,17.645,34.49,1
814,1.4387,91.28,17.928,35.09,1
815,1.0585,91.32,17.491,42.2,1
816,1.3188,91.99,18.294,36.67,1
817,1.4097,92.0,17.945,27.51,1
818,1.2861,91.39,18.434,34.35,1
819,1.4311,94.61,18.532,23.15,1
820,1.1913,89.02,16.954,37.06,1
821,1.4779,90.67,17.378,27.9,0
822,1.6089,87.45,16.574,43.95,0
823,1.2074,91.14,17.333,30.23,1
824,1.1927,87.97,16.97,29.62,1
825,1.4753,89.44,17.133,34.43,1
826,1.492,89.06,17.819,38.49,1
827,1.1745,90.16,17.151,25.24,1
828,1.1878,88.29,16.683,31.85,1
829,1.2065,88.01,16.658,37.04,1
830,1.045,91.87,17.83,44.58,1
831,1.1069,89.37,16.726,15.15,1
832,1.0921,87.48,16.794,41.43,1
833,1.1257,87.9,17.635,33.19,1
834,1.2337,91.49,17.598,30.15,1
835,1.2722,87.53,16.85,31.03,1
836,1.4679,86.42,16.699,34.24,1
837,1.0838,86.23,16.347,42.23,1
838,1.3795,86.3,16.405,32.92,1
839,1.1981,86.01,16.577,50.66,1
840,1.2211,84.44,16.531,43.33,1
841,1.3282,84.55,16.894,39.85,1
842,1.057,84.94,16.529,36.71,1
843,1.2813,87.58,17.605,45.97,1
844,1.2474,85.44,17.466,48.43,1
845,1.2949,85.59,16.962,28.36,1
846,1.2631,88.34,17.633,30.38,1
847,1.5867,88.19,16.651,41.16,1
848,1.1214,84.84,16.107,45.59,1
849,1.1362,83.94,16.571,36.23,0
850,1.1212,83.27,15.825,33.1,1
851,1.1302,86.19,16.568,37.92,1
852,1.1168,84.19,16.74,50.3,1
853,1.3897,83.63,17.054,39.15,1
854,1.4235,82.57,16.039,29.34,1
855,1.1238,82.46,15.89,40.4,1
856,1.0837,84.44,16.553,44.6,1
857,1.2784,80.97,15.546,39.61,1
858,1.124,85.39,16.491,47.83,1
859,1.301,82.13,16.067,46.65,1
860,1.2358,82.7,16.144,38.89,1
861,0.9773,80.13,15.805,41.27,1
862,1.4361,82.58,15.852,24.72,1
863,1.4728,81.74,15.759,49.64,1
864,1.1109,82.1,15.807,37.1,1
865,1.1442,84.94,16.015,34.83,1
866,1.2448,82.16,16.22,35.31,1
867,1.2517,80.01,16.182,44.65,1
868,1.2999,79.98,16.122,31.98,1
869,1.5024,82.39,16.009,31.69,1
870,1.174,83.6,16.013,38.42,1
871,1.0806,81.36,16.301,35.17,1
872,0.9933,81.98,16.338,42.5,1
873,1.0905,81.62,16.084,35.31,1
874,1.1951,83.04,17.215,51.94,1
875,1.4692,76.1,15.155,48.89,1
876,1.1224,81.13,15.823,45.77,0
877,1.2337,81.57,15.837,35.22,1
878,1.1977,76.72,14.794,62.21,0
879,1.3786,77.43,15.667,39.03,0
880,1.5796,77.3,15.303,36.91,0
881,1.1212,77.34,15.578,48.25,1
882,1.1277,77.64,16.485,43.98,1
883,1.3581,78.89,15.438,35.12,1
884,1.3042,79.93,15.132,58.61,0
885,1.4794,80.16,15.987,48.71,1
886,1.2905,76.12,15.238,43.36,1
887,1.1495,75.91,14.883,62.66,0
888,1.2926,80.03,15.927,47.47,0
889,1.3709,78.49,15.894,41.81,1
890,1.3284,77.17,15.01,60.95,0
891,1.2821,77.75,15.298,47.62,1
892,1.3668,76.54,16.036,48.0,1
893,1.383,77.45,15.117,39.44,1
894,1.4158,75.53,15.106,44.08,1
895,1.3067,76.54,14.581,39.79,1
896,1.1853,72.78,14.22,56.85,0
897,1.2334,74.22,14.949,31.59,1
898,1.3934,74.05,15.491,55.5,1
899,1.091,74.45,14.498,37.31,1
900,1.27,73.15,14.752,44.65,0
901,1.1569,73.73,14.67,42.4,1
902,1.2214,71.57,14.95,41.9,0
903,1.4101,75.5,14.689,49.22,1
904,1.2484,74.03,15.043,44.54,1
905,1.228,70.59,14.108,41.3,1
906,1.0185,72.13,14.663,46.95,1
907,1.3359,74.27,14.919,38.87,1
908,1.3223,72.31,14.501,41.31,1
909,1.5515,71.81,14.732,33.94,1
910,1.1824,72.85,14.695,41.69,1
911,1.2631,73.49,14.721,48.86,1
912,1.2693,69.73,14.076,47.46,0
913,1.4702,73.5,14.807,59.42,1
914,1.221,70.6,14.433,67.54,1
915,1.279,71.96,14.218,42.11,1
916,1.3301,71.73,14.379,39.3,1
917,1.2688,70.55,13.988,55.71,0
918,1.1758,69.35,14.137,50.07,1
919,1.2738,70.63,14.133,55.71,1
920,1.4077,74.25,15.249,47.64,1
921,1.0948,68.08,14.27,46.6,0
922,1.2708,73.98,14.539,43.1,1
923,1.1479,69.88,14.231,50.53,1
924,1.4344,70.27,14.582,45.15,1
925,1.0288,67.83,13.856,58.06,1
926,1.1757,68.26,13.736,37.63,1
927,1.3184,68.59,13.685,57.56,0
928,1.4989,67.31,14.254,33.63,1
929,1.2566,68.78,14.502,48.89,1
930,1.1856,68.19,13.898,45.44,1
931,1.5534,72.5,14.984,33.37,1
932,1.0565,66.27,12.996,32.76,1
933,0.9464,68.61,14.741,39.06,1
934,1.3447,68.7,13.994,48.15,1
935,1.206,65.86,13.687,44.67,1
936,1.1307,69.17,14.006,39.17,1
937,1.3928,66.8,14.518,59.74,1
938,1.3258,62.42,12.767,41.69,1
939,1.2073,68.52,14.832,53.32,0
940,1.1026,64.77,13.637,43.03,1
941,1.4283,64.7,13.738,41.19,1
942,1.3977,67.98,13.823,43.38,1
943,1.2881,65.71,13.198,54.54,0
944,1.5829,68.04,14.406,37.21,1
945,1.1483,68.42,14.146,50.25,1
946,1.0829,64.51,14.151,42.61,1
947,1.2109,67.19,13.753,42.44,0
948,1.3108,63.89,13.179,53.87,1
949,1.3571,69.67,14.942,64.59,1
950,1.2875,63.61,14.441,43.54,1
951,1.3795,66.85,13.782,54.65,1
952,1.1421,66.29,13.433,46.73,1
953,1.5495,65.03,13.888,46.18,1
954,1.3238,62.86,13.082,59.86,0
955,1.5068,63.7,13.575,44.03,1
956,1.3939,59.49,12.575,44.07,1
957,1.4142,64.05,14.227,54.25,1
958,1.4344,64.1,13.121,63.3,1
959,1.4193,63.47,13.482,56.92,1
960,1.4519,57.05,12.13,43.51,0
961,1.5582,60.27,12.684,47.92,1
962,1.3916,61.1,12.764,60.17,1
963,1.4718,62.98,13.541,63.86,0
964,1.3554,62.78,13.611,53.16,1
965,1.5883,61.66,13.249,47.37,1
966,1.2742,63.07,13.168,64.33,0
967,1.6493,59.55,12.74,52.67,0
968,1.3766,62.62,13.575,46.58,0
969,1.1715,62.15,13.523,45.51,0
970,1.4088,61.76,12.354,42.39,1
971,1.2909,60.44,12.712,75.41,0
972,1.5227,64.26,13.303,61.81,0
973,1.3023,61.39,13.265,46.92,0
974,1.3368,58.26,12.463,67.9,0
975,1.1239,60.5,13.158,56.97,0
976,1.343,61.3,12.595,56.01,1
977,1.0509,58.42,12.623,48.2,1
978,1.1805,61.58,13.42,47.94,0
979,1.5358,59.96,12.299,52.68,1
980,1.5433,54.32,13.63,40.69,1
981,1.4929,59.4,13.27,49.47,1
982,1.2877,57.79,12.419,54.36,0
983,1.4292,59.47,12.389,63.79,1
984,1.4395,60.09,12.696,48.01,1
985,1.27,58.39,12.543,60.46,1
986,1.673,61.13,13.112,35.84,1
987,1.5828,57.24,13.159,63.99,1
988,1.4218,58.65,12.374,46.61,1
989,1.4627,58.81,12.824,54.76,1
990,1.4937,56.81,11.867,58.17,0
991,1.1599,58.36,12.351,55.67,0
992,1.4328,55.41,12.224,54.9,1
993,1.3713,55.55,12.402,45.73,1
994,1.3272,53.58,11.526,49.74,1
995,1.439,56.48,12.061,63.08,0
996,1.7546,56.45,13.011,50.35,1
997,1.5848,57.96,13.035,53.4,1
998,1.4068,56.98,12.384,42.87,1
999,1.5821,54.63,11.353,63.09,0
1000,1.7099,52.64,13.377,46.86,0
1001,1.6425,55.67,12.092,62.93,1
1002,1.5165,56.82,12.156,46.41,1
1003,1.4143,55.91,11.948,63.57,0
1004,1.6198,56.37,12.368,55.26,1
1005,1.5779,53.58,11.954,52.38,1
1006,1.6569,52.87,12.143,70.08,0
1007,1.6216,52.13,11.259,57.17,1
1008,1.6875,53.29,11.626,54.13,1
1009,1.4536,53.04,12.959,64.45,0
1010,1.7352,53.41,11.856,45.11,1
1011,1.571,52.54,11.565,37.26,0
1012,1.8564,52.33,11.286,66.86,0
1013,1.4454,50.85,11.601,51.8,0
1014,1.8129,54.08,12.373,63.47,1
1015,1.5859,52.15,11.992,58.08,0
1016,1.4622,51.45,11.369,48.82,0
1017,1.491,50.11,11.421,63.8,1
1018,1.5192,48.74,12.012,56.48,1
1019,1.6346,53.82,12.357,48.09,0
1020,1.653,52.11,11.297,49.32,1
1021,1.4922,47.55,10.244,46.61,1
1022,1.5782,52.13,11.695,60.95,0
1023,1.9068,52.24,11.963,50.17,1
1024,1.8482,50.45,10.964,58.45,0
1025,1.6582,53.2,11.726,55.63,1
1026,1.602,50.23,11.185,51.33,1
1027,1.6179,46.77,10.808,48.76,0
1028,1.6954,50.13,11.074,79.19,1
1029,1.4535,49.69,11.879,58.8,0
1030,1.5718,47.79,10.98,74.91,1
1031,1.3636,49.95,10.946,68.35,0
1032,1.6773,45.26,10.983,59.27,0
1033,1.718,50.38,10.91,60.22,1
1034,1.5518,46.44,11.388,62.35,1
1035,1.8638,46.03,11.141,76.14,0
1036,1.4473,47.57,11.629,67.1,0
1037,1.4149,48.47,10.959,53.46,0
1038,1.6715,47.73,10.729,63.18,0
1039,1.7983,45.71,10.641,68.01,1
1040,1.8971,45.99,10.615,52.0,0
1041,1.579,44.53,10.2,66.23,0
1042,1.8129,46.15,10.474,72.07,1
1043,1.6486,48.55,10.896,53.01,1
1044,1.6317,46.19,10.305,55.53,1
1045,1.7933,47.72,11.219,69.65,1
1046,1.7618,48.71,11.036,56.94,0
1047,1.4306,44.42,10.298,54.49,0
1048,1.8917,45.03,10.145,69.04,0
1049,1.8803,49.54,10.81,63.89,1
1050,1.5825,47.89,12.103,61.02,1
1051,1.7387,41.46,9.746,73.12,1
1052,1.7565,45.37,10.833,71.34,1
1053,1.7245,44.4,10.477,61.7,1
1054,1.6058,45.85,9.957,77.28,1
1055,1.5905,42.51,11.175,76.16,1
1056,1.6903,42.12,10.383,47.85,0
1057,1.8729,42.25,9.823,55.41,0
1058,1.7813,42.26,10.077,45.6,1
1059,1.647,44.83,10.106,59.5,0
1060,1.8211,40.64,10.922,54.93,0
1061,1.2808,41.55,9.679,57.55,1
1062,1.8831,39.02,9.415,74.31,0
1063,1.4525,44.41,10.159,48.31,0
1064,1.6617,44.74,10.494,63.19,0
1065,1.5507,41.35,10.682,65.18,0
1066,1.5271,41.2,10.976,63.62,0
1067,1.8979,42.51,9.978,64.54,0
1068,1.6561,44.35,10.566,44.53,0
1069,1.7807,42.02,10.086,57.31,0
1070,1.7241,39.6,9.366,77.58,0
1071,1.8051,37.56,11.02,56.89,0
1072,1.7474,38.37,10.23,79.31,1
1073,1.5457,40.55,9.911,53.42,0
1074,1.8899,38.89,10.466,53.45,0
1075,1.6686,40.39,10.432,57.15,1
1076,1.5114,38.69,9.587,74.82,0
1077,1.6828,37.48,9.512,62.14,0
1078,1.9743,37.05,10.138,69.54,0
1079,1.8788,42.32,9.784,64.19,0
1080,1.701,40.78,10.82,64.1,0
1081,1.7029,42.26,10.003,73.84,0
1082,1.709,39.68,10.542,71.36,0
1083,2.0707,37.54,9.379,57.33,0
1084,1.8183,40.85,10.022,62.29,1
1085,1.8274,37.93,9.426,80.19,1
1086,1.9192,38.24,9.295,68.61,0
1087,1.8023,37.51,9.275,54.43,0
1088,1.7293,31.51,9.212,58.6,0
1089,1.7404,40.41,9.208,71.88,0
1090,1.7607,37.98,9.057,71.83,0
1091,1.7674,37.46,9.117,59.15,0
1092,1.8837,36.48,8.871,73.1,0
1093,1.7839,36.73,10.088,79.76,0
1094,1.8874,35.01,9.655,79.66,0
1095,1.7668,37.23,9.602,79.49,0
1096,1.7921,33.19,8.503,73.53,0
1097,1.4819,35.97,9.852,66.0,0
1098,1.9203,36.52,8.758,63.87,0
1099,1.8361,34.8,10.326,67.98,0
1100,1.935,35.74,8.872,60.55,0
1101,1.352,32.82,8.573,66.44,0
1102,2.1008,32.67,8.492,79.6,0
1103,1.7677,34.87,8.632,55.2,1
1104,1.9558,35.56,10.243,55.34,1
1105,1.6346,30.25,8.659,77.49,0
1106,1.8834,34.84,9.603,65.29,0
1107,1.6343,32.51,8.24,54.09,0
1108,1.6996,33.01,8.777,68.7,0
1109,2.0811,30.52,8.56,69.05,0
1110,1.7661,31.3,8.559,66.77,0
1111,1.828,34.73,8.589,73.65,1
1112,1.9265,32.67,9.187,58.73,0
1113,1.8709,31.63,8.545,70.12,0
1114,1.8197,31.97,8.228,68.13,0
1115,1.8524,32.98,8.173,69.52,1
1116,2.1586,32.68,8.927,55.53,0
1117,1.7898,31.45,10.132,65.95,1
1118,1.829,33.59,8.454,69.01,0
1119,1.9567,33.14,8.792,73.44,0
1120,1.9652,31.83,9.083,84.68,1
1121,1.9777,30.91,7.988,76.9,1
1122,1.8956,31.91,8.363,73.54,0
1123,1.6285,31.03,8.113,80.55,0
1124,2.045,32.32,9.081,67.18,0
1125,1.628,31.8,9.219,82.35,0
1126,1.8454,27.76,7.98,81.3,1
1127,1.6868,27.43,7.578,68.98,0
1128,1.7902,28.0,7.787,87.59,0
1129,1.8489,31.15,8.2,73.88,0
1130,1.8476,25.85,7.304,91.04,0
1131,1.8624,29.59,8.148,73.67,0
1132,2.0409,29.33,8.407,66.91,0
1133,1.8665,30.73,8.575,64.42,0
1134,1.7615,28.56,8.031,69.02,0
1135,1.9422,25.31,7.57,69.24,0
1136,1.9756,25.88,7.6,83.64,0
1137,1.6125,25.24,7.131,73.63,0
1138,1.8856,26.32,7.765,60.29,0
1139,1.9005,26.83,7.567,74.6,0
1140,1.7501,24.67,7.034,75.2,0
1141,2.0003,29.74,8.371,67.41,0
1142,1.7707,23.95,7.125,76.77,0
1143,1.8112,29.09,8.209,71.19,0
1144,1.7655,28.57,8.439,76.93,0
1145,1.7929,27.8,7.603,76.92,0
1146,1.6252,24.41,7.449,77.27,0
1147,1.5726,26.28,7.177,62.84,0
1148,2.0267,22.85,8.023,92.24,0
1149,1.6594,27.02,7.384,60.34,0
1150,1.6366,24.85,7.292,73.06,0
1151,1.4611,23.98,8.055,65.86,0
1152,1.6871,22.15,6.983,78.88,0
1153,1.5832,19.44,6.286,78.44,0
1154,2.0266,22.12,7.399,74.38,0
1155,1.9304,26.23,8.002,85.41,0
1156,1.6743,22.99,6.975,84.07,0
1157,2.1139,23.26,7.05,72.43,0
1158,1.9218,24.71,7.297,80.61,0
1159,1.7243,26.81,7.692,85.43,0
1160,1.3965,25.65,7.066,82.42,0
1161,2.1135,20.86,6.808,75.4,0
1162,1.5597,18.71,7.598,65.05,1
1163,1.5196,27.12,7.517,75.33,0
1164,1.9181,26.74,7.553,78.31,0
1165,2.1289,22.38,6.729,69.42,0
1166,1.9687,19.26,6.916,77.62,0
1167,1.8438,23.53,7.897,74.22,0
1168,1.8465,21.18,7.531,87.39,0
1169,1.8833,20.97,6.503,91.25,0
1170,1.8671,22.79,7.39,84.73,0
1171,1.7934,21.47,7.745,75.43,0
1172,1.7648,18.23,6.71,87.24,0
1173,1.7377,19.75,6.923,82.34,0
1174,1.6318,21.52,6.806,75.49,1
1175,1.7006,21.02,6.995,93.13,0
1176,1.4865,20.32,7.438,70.9,0
1177,1.7234,21.47,7.11,80.95,0
1178,1.5876,18.68,6.158,84.51,0
1179,1.568,19.56,6.517,74.97,0
1180,1.7581,12.25,6.209,84.47,0
1181,1.9375,17.9,6.574,85.82,0
1182,1.864,20.13,6.818,78.88,0
1183,1.4882,17.62,6.194,82.21,0
1184,1.5728,17.27,6.949,79.48,0
1185,1.8598,15.92,7.082,85.83,0
1186,1.5687,19.81,7.378,75.28,1
1187,1.6798,18.7,7.335,75.29,0
1188,1.7933,19.05,6.474,77.73,0
1189,1.5628,13.75,5.631,89.47,0
1190,1.7212,16.68,6.191,65.01,1
1191,1.5025,16.24,6.202,71.98,0
1192,1.6096,16.04,6.928,97.58,0
1193,1.7449,15.17,6.619,82.1,0
1194,1.4552,15.51,6.317,76.44,0
1195,1.7573,17.7,5.969,84.74,0
1196,1.6854,11.97,5.055,73.72,0
1197,1.7682,19.15,6.724,60.68,0
1198,1.716,16.37,6.627,82.02,0
1199,1.884,15.12,5.986,74.08,0
1200,1.6951,16.81,7.423,79.72,0
1201,1.6089,12.3,5.243,82.64,0
1202,1.6885,14.07,5.477,81.14,0
1203,1.7486,15.36,5.82,66.11,0
1204,1.6712,18.53,6.285,78.09,0
1205,1.6668,15.91,6.37,83.01,0
1206,1.5523,17.1,6.16,67.54,0
1207,1.5549,15.22,5.572,67.71,0
1208,1.4407,17.57,6.815,69.9,0
1209,1.9103,20.15,6.268,82.88,0
1210,1.4579,18.99,6.25,61.62,0
1211,1.5373,17.04,5.828,85.42,0
1212,1.5301,18.75,6.649,80.89,0
1213,1.7688,18.76,6.641,75.69,0
1214,1.5869,18.81,7.724,65.87,0
1215,1.8149,20.22,7.225,70.49,0
1216,1.5233,20.41,7.591,83.01,0
1217,1.6627,18.15,6.594,88.17,0
1218,1.4921,19.88,6.409,68.82,0
1219,1.9357,18.03,6.508,87.31,0
1220,1.4323,17.15,6.59,84.19,0
1221,1.6534,18.66,6.874,77.75,0
1222,1.6985,19.25,6.465,71.55,0
1223,1.6619,16.28,6.407,74.58,0
1224,1.5685,21.52,6.667,90.67,0
1225,1.5732,14.47,5.579,81.43,0
1226,1.5957,25.63,7.234,84.26,0
1227,1.5635,23.4,7.27,76.89,0
1228,1.7265,20.08,6.386,73.33,0
1229,1.9098,20.82,6.717,81.18,0
1230,1.491,21.61,7.426,93.3,0
1231,1.3655,20.02,6.416,71.83,0
1232,1.554,21.79,6.835,83.24,0
1233,1.9506,21.31,6.976,77.74,0
1234,1.4394,21.61,7.096,64.44,0
1235,1.8021,22.36,6.923,63.81,0
1236,1.8042,19.57,7.056,73.64,0
1237,1.4658,22.48,7.388,78.29,0
1238,1.6304,22.93,7.767,82.27,0
1239,1.7856,23.06,7.177,62.6,0
1240,1.4807,22.57,6.95,80.68,0
1241,1.5033,25.48,7.332,72.77,0
1242,1.4429,22.69,7.285,75.41,0
1243,1.3741,24.05,7.218,79.28,0
1244,1.4252,26.39,7.506,87.13,0
1245,1.3352,23.84,7.162,77.12,0
1246,1.5202,24.63,7.205,63.37,0
1247,1.3958,24.21,7.464,72.98,0
1248,1.5426,27.07,7.38,79.57,0
1249,1.2704,24.28,7.522,81.51,0
1250,1.5496,27.57,8.196,77.79,1
1251,1.6213,24.99,7.292,69.92,1
1252,1.1934,23.68,8.459,63.85,0
1253,1.5448,26.96,7.801,77.54,0
1254,1.6691,25.19,7.064,64.17,0
1255,1.2997,27.24,7.73,78.2,0
1256,1.7283,20.74,6.887,82.1,0
1257,1.5365,26.41,7.908,69.41,0
1258,1.3641,25.68,7.504,72.69,0
1259,1.4578,24.67,7.118,75.79,0
1260,1.5461,25.89,7.279,68.55,0
1261,1.4701,26.05,7.428,62.32,0
1262,1.5357,27.3,7.646,72.3,0
1263,1.3131,24.87,7.115,74.6,0
1264,1.4729,28.43,7.761,82.83,0
1265,1.2317,30.73,8.662,64.3,0
1266,1.4234,28.76,8.998,80.29,0
1267,1.3008,30.02,8.606,61.81,0
1268,1.3224,30.79,9.054,59.77,0
1269,1.6145,31.27,8.917,67.83,1
1270,1.5891,32.74,9.057,61.83,1
1271,1.5131,28.2,7.854,61.21,0
1272,1.2543,27.96,8.002,87.78,0
1273,1.367,31.17,8.27,66.69,0
1274,1.5929,31.22,8.349,88.76,0
1275,1.4286,31.55,8.51,62.11,0
1276,1.7516,33.98,9.177,54.94,0
1277,1.4592,30.42,8.498,81.08,0
1278,1.4254,31.45,8.405,64.32,0
1279,1.3467,28.84,8.098,72.81,0
1280,1.4096,35.27,9.23,56.99,0
1281,1.3632,30.53,8.635,70.38,0
1282,1.4888,30.78,7.912,59.56,1
1283,1.5226,30.91,8.036,69.86,0
1284,1.2578,30.51,8.884,66.9,0
1285,1.1726,30.54,8.307,72.52,0
1286,1.0934,31.15,8.267,75.31,0
1287,1.4417,29.67,8.1,73.13,0
1288,1.1966,31.03,8.304,73.99,0
1289,1.0359,36.7,9.505,66.11,0
1290,1.4138,34.47,8.563,64.83,0
1291,1.7261,35.05,9.018,71.73,0
1292,1.348,35.75,9.217,66.66,0
1293,1.4714,37.27,9.512,66.05,0
1294,1.3547,30.26,8.382,74.03,0
1295,1.3244,31.54,8.71,61.81,0
1296,1.4739,32.59,8.434,80.88,0
1297,1.2894,33.46,8.455,66.93,0
1298,1.3699,34.0,10.522,69.59,0
1299,1.375,33.91,8.722,68.3,0
1300,1.2235,35.44,8.995,72.96,1
1301,1.4694,35.27,9.352,70.55,0
1302,1.2914,33.95,9.737,68.23,0
1303,1.2013,31.25,8.242,81.84,0
1304,1.3922,33.81,8.493,43.08,1
1305,1.174,34.9,8.594,78.0,0
1306,1.3101,35.71,9.997,74.94,0
1307,1.3017,34.14,8.531,53.83,0
1308,1.4631,35.62,9.082,75.06,0
1309,1.3686,34.54,8.607,76.74,0
1310,1.2909,36.75,8.823,71.45,0
1311,1.4146,35.05,8.898,55.5,0
1312,1.4977,35.7,8.793,73.04,0
1313,1.3702,34.98,8.756,76.07,0
1314,1.2855,37.49,10.605,61.93,1
1315,1.0845,36.27,9.375,70.77,0
1316,1.119,40.01,10.204,62.17,0
1317,1.2304,39.21,10.023,72.56,0
1318,1.1823,38.46,9.48,63.42,0
1319,1.2432,37.21,9.169,62.04,1
1320,1.2773,39.76,9.819,64.83,0
1321,1.3459,40.58,9.907,53.92,0
1322,1.2535,39.69,9.499,64.08,0
1323,1.3348,42.81,10.224,66.21,0
1324,1.2692,40.72,9.612,71.53,0
1325,0.961,41.83,9.958,65.9,0
1326,1.1142,40.47,9.695,53.26,0
1327,1.2313,41.75,9.615,74.77,0
1328,1.0694,39.01,8.991,77.09,0
1329,1.3387,39.88,9.419,65.97,0
1330,1.4763,41.7,11.063,57.97,1
1331,1.4275,41.88,9.916,59.62,0
1332,1.2107,42.42,10.476,61.92,0
1333,1.4644,43.8,9.748,64.95,0
1334,1.2612,38.95,9.261,63.19,0
1335,1.1865,40.05,9.339,58.1,0
1336,1.1433,42.66,10.071,71.59,0
1337,1.1882,40.95,11.527,66.49,0
1338,1.1736,49.36,11.355,50.97,0
1339,1.2557,43.83,11.295,65.03,0
1340,1.2526,42.84,10.08,64.59,0
1341,1.2274,42.17,10.802,57.95,0
1342,1.291,42.44,11.408,73.1,0
1343,1.4025,43.66,10.256,63.88,0
1344,1.3649,44.02,10.16,60.85,0
1345,0.9983,43.09,9.803,62.48,0
1346,0.8366,43.65,10.182,66.36,0
1347,1.3585,47.09,10.847,60.17,1
1348,1.0121,47.37,12.109,59.93,1
1349,1.1822,45.3,10.141,70.35,1
1350,1.0392,42.32,10.122,52.26,0
1351,0.9432,46.28,10.176,51.22,0
1352,1.2937,48.51,10.869,66.11,1
1353,1.3253,48.34,11.134,79.32,0
1354,1.1239,47.27,11.068,67.65,0
1355,0.8208,48.84,11.342,74.61,0
1356,1.1266,46.31,10.868,57.74,0
1357,1.2664,47.66,11.16,55.31,1
1358,0.985,45.24,10.554,65.51,1
1359,1.2335,47.38,10.515,68.2,0
1360,1.203,49.66,10.676,48.71,0
1361,1.2915,46.02,10.457,59.68,0
1362,1.2219,45.68,10.549,61.38,0
1363,1.0574,47.79,11.571,54.89,0
1364,1.3823,47.35,10.813,56.09,1
1365,1.1786,49.3,11.069,66.17,0
1366,1.1978,47.29,11.011,64.38,0
1367,1.0615,51.84,11.423,64.29,0
1368,1.1347,46.02,11.036,64.08,0
1369,1.0681,51.31,12.653,51.23,0
1370,1.1747,47.47,12.273,63.9,0
1371,1.4571,45.61,10.631,54.02,0
1372,0.9944,49.88,11.376,56.58,1
1373,0.9581,49.09,11.994,51.26,1
1374,1.4207,47.58,10.829,55.56,0
1375,1.1686,46.64,11.058,61.74,0
1376,1.0997,50.18,10.913,55.23,0
1377,1.3561,52.35,11.486,50.52,0
1378,1.1094,51.77,12.103,67.04,1
1379,1.4743,50.91,11.137,57.5,0
1380,1.3023,51.96,11.494,53.6,0
1381,1.1277,51.15,10.955,49.65,0
1382,1.5248,48.54,12.262,44.9,0
1383,1.1107,48.76,11.721,57.97,0
1384,1.3132,51.39,11.537,47.14,0
1385,1.2473,51.68,11.727,63.69,0
1386,1.3981,53.9,12.007,56.89,0
1387,1.4376,53.91,12.577,69.12,1
1388,1.2088,53.81,11.634,58.5,0
1389,1.0916,52.24,11.926,51.84,1
1390,1.2743,50.24,11.825,43.82,0
1391,1.1044,54.02,12.48,63.04,0
1392,1.5088,54.45,11.323,45.94,1
1393,1.2281,48.82,10.86,56.44,0
1394,1.1537,52.13,11.235,71.11,0
1395,1.2371,52.62,11.704,62.32,1
1396,1.0083,54.44,11.362,59.46,0
1397,1.0656,52.79,11.11,64.88,0
1398,1.3925,54.52,13.311,63.54,1
1399,1.115,54.38,12.187,69.02,0
1400,1.0576,54.68,12.002,51.37,1
1401,1.2964,53.77,11.972,53.73,0
1402,1.395,54.12,11.929,49.15,0
1403,1.3262,53.44,12.256,56.67,0
1404,1.3691,56.56,12.011,54.01,0
1405,1.1075,57.14,12.399,40.68,1
1406,1.0092,54.66,12.044,50.97,0
1407,1.4491,59.44,12.324,64.85,1
1408,1.177,55.97,12.812,57.37,1
1409,1.1893,59.86,12.566,58.81,0
1410,1.4278,55.72,12.61,54.61,1
1411,1.3136,53.15,11.769,42.02,1
1412,1.3002,58.2,13.403,53.05,1
1413,1.5583,58.1,12.124,62.48,1
1414,1.1388,57.87,12.078,44.79,0
1415,1.3763,56.72,11.953,60.95,0
1416,1.2475,58.13,12.524,40.51,1
1417,1.2811,57.38,13.209,54.74,1
1418,1.472,58.0,13.341,58.56,0
1419,1.3209,60.48,12.219,50.21,1
1420,1.3274,59.37,12.76,73.16,1
1421,1.4096,60.42,12.09,48.8,1
1422,1.1961,58.94,12.965,49.01,0
1423,1.1271,58.92,13.151,55.29,0
1424,1.0984,57.49,12.358,48.46,0
1425,0.9623,59.26,12.673,41.91,0
1426,1.568,53.56,11.814,48.08,1
1427,1.0963,59.22,12.364,59.53,0
1428,1.2309,60.44,13.004,50.3,1
1429,1.2249,61.93,12.951,65.46,0
1430,1.315,60.46,13.27,49.19,0
1431,1.3936,61.9,12.99,57.55,0
1432,1.4028,57.04,12.015,58.86,1
1433,1.1888,61.49,12.514,48.46,1
1434,1.2537,58.44,11.991,46.9,0
1435,1.3237,59.58,13.378,39.4,1
1436,1.2466,61.83,12.857,56.33,0
1437,1.5276,64.95,13.638,59.61,1
1438,1.3629,63.34,14.292,38.28,0
1439,1.4021,62.84,12.974,48.33,1
1440,1.3941,62.96,12.972,45.89,0
1441,1.4734,61.77,12.964,56.35,1
1442,1.3273,62.31,13.109,48.98,1
1443,1.1085,64.45,14.546,60.91,0
1444,1.3658,61.03,13.775,49.31,1
1445,1.2111,65.19,13.81,40.0,1
1446,1.2324,63.42,14.049,47.2,1
1447,1.4026,66.05,13.589,46.5,1
1448,1.5034,66.52,13.855,53.3,0
1449,1.3238,61.45,12.854,49.14,1
1450,1.37,63.84,12.922,54.22,0
1451,1.5821,63.49,13.892,44.58,1
1452,1.3659,61.77,13.253,49.58,1
1453,1.7232,63.53,13.287,44.6,1
1454,1.4209,70.68,14.351,39.82,1
1455,1.0751,67.22,13.38,58.87,1
1456,1.4554,70.03,13.932,41.26,0
1457,1.4028,68.06,14.103,45.38,1
1458,1.5424,65.12,13.327,58.29,0
1459,1.4532,66.04,13.572,55.38,1
1460,1.3347,68.18,13.936,61.22,1
1461,1.1751,68.08,13.722,52.02,1
1462,1.3308,66.25,13.366,44.45,1
1463,1.2379,64.58,12.962,66.71,1
1464,1.2818,74.38,14.849,49.03,1
1465,1.4606,67.72,14.188,47.13,1
1466,1.6262,67.55,13.4,48.93,1
1467,1.4383,68.63,14.034,49.26,1
1468,1.2032,68.11,14.086,46.24,1
1469,1.4528,69.05,13.78,36.57,1
1470,1.5691,71.57,15.252,59.07,1
1471,1.3016,68.95,13.95,47.45,1
1472,1.3765,67.07,13.771,50.22,0
1473,1.4024,69.28,14.079,64.06,0
1474,1.286,68.87,13.573,42.21,1
1475,1.5045,72.85,15.174,50.54,1
1476,1.3927,72.54,14.314,39.14,1
1477,1.4774,70.62,14.252,49.2,1
1478,1.285,68.04,14.226,49.79,0
1479,1.3561,68.35,14.796,54.32,0
1480,1.5338,71.03,14.054,56.05,0
1481,1.3731,71.87,14.367,41.24,1
1482,1.6918,70.65,15.086,57.94,0
1483,1.3765,70.64,14.55,58.52,1
1484,1.4738,70.61,14.65,44.63,1
1485,1.5837,71.95,14.2,45.78,1
1486,1.2347,67.43,13.724,44.58,1
1487,1.1871,70.2,14.215,44.44,0
1488,1.2261,71.35,14.161,36.56,1
1489,1.6481,75.22,14.544,50.09,1
1490,1.3796,71.37,14.271,29.77,1
1491,1.8499,73.56,15.503,39.29,1
1492,1.3853,73.85,14.852,44.32,0
1493,1.5013,76.2,15.912,53.68,1
1494,1.7087,76.33,15.273,38.84,1
1495,1.7821,73.88,14.569,48.09,1
1496,1.7942,73.25,15.404,44.4,0
1497,1.6699,73.07,14.799,52.72,1
1498,1.6461,74.12,15.337,47.53,1
1499,1.5851,73.93,14.492,51.28,1
1500,1.6168,76.11,15.681,38.93,0
1501,1.4211,76.04,15.69,35.26,1
1502,1.3848,76.58,15.36,45.99,1
1503,1.5108,78.12,15.192,38.23,1
1504,1.4895,79.53,15.661,41.53,1
1505,1.4509,76.25,15.464,45.79,1
1506,1.6271,78.4,15.608,51.9,0
1507,1.6697,75.7,15.376,49.87,0
1508,1.5434,78.97,16.095,36.17,1
1509,1.7555,78.92,15.36,32.49,1
1510,1.3663,79.02,15.233,55.25,1
1511,1.5123,77.39,15.343,29.91,1
1512,1.4375,76.06,15.036,39.74,1
1513,1.2688,74.81,15.341,49.28,1
1514,1.5401,77.72,15.059,55.48,1
1515,1.538,81.07,16.414,38.84,1
1516,1.7869,77.58,16.106,42.67,1
1517,1.6582,79.97,15.746,34.02,1
1518,1.4137,80.29,15.818,41.84,1
1519,1.8491,78.23,15.221,32.86,1
1520,1.7578,81.63,15.8,34.02,1
1521,1.6656,73.38,14.607,51.08,1
1522,1.5479,76.95,16.074,39.36,1
1523,1.4416,77.77,15.387,49.68,1
1524,1.5333,78.16,15.063,40.88,1
1525,1.756,80.67,15.958,29.65,1
1526,1.879,80.78,16.259,49.88,1
1527,1.8313,81.19,15.918,29.76,1
1528,1.5301,81.79,16.819,35.11,1
1529,1.439,78.9,15.95,40.06,1
1530,1.6316,78.56,15.192,49.91,1
1531,1.3487,81.99,15.851,35.59,1
1532,1.6659,80.14,15.866,33.5,1
1533,1.5987,78.46,15.032,43.23,1
1534,1.5544,83.74,16.455,37.04,1
1535,1.3885,84.79,15.963,34.39,1
1536,1.7082,85.31,17.053,39.54,1
1537,1.5546,82.77,16.604,29.71,1
1538,1.4624,83.85,16.552,24.91,1
1539,1.2104,85.54,16.344,54.79,1
1540,1.6404,81.72,16.078,40.8,1
1541,1.9137,85.42,16.378,39.14,1
1542,1.9003,83.95,16.005,32.37,1
1543,1.5858,85.43,16.437,44.93,1
1544,1.5672,84.17,16.698,34.23,1
1545,1.7311,86.59,16.757,14.76,1
1546,1.5142,84.65,17.234,33.68,1
1547,1.7123,81.43,16.323,37.89,1
1548,1.7851,87.5,17.177,35.14,1
1549,1.8573,82.9,15.711,37.66,1
1550,1.6613,87.51,16.768,31.34,1
1551,1.6488,85.02,16.156,32.06,1
1552,1.5507,87.75,16.842,33.96,1
1553,1.5613,87.87,16.688,23.11,1
1554,1.6543,86.66,16.609,21.34,1
1555,1.7463,87.02,17.331,37.57,1
1556,1.8312,87.05,17.016,37.69,1
1557,1.5765,82.37,16.602,46.61,1
1558,1.9237,86.84,16.303,34.85,1
1559,1.6619,84.57,16.459,28.71,1
1560,1.7022,87.34,17.323,21.08,1
1561,1.596,84.91,17.314,30.93,1
1562,1.3472,85.03,16.043,41.36,1
1563,1.8461,90.81,17.24,46.05,1
1564,1.8266,89.94,17.753,35.47,1
1565,1.6765,87.99,16.875,26.5,1
1566,1.7313,88.57,16.73,28.82,1
1567,1.8012,87.9,16.474,29.47,1
1568,1.4919,89.74,16.895,31.91,1
1569,1.6494,87.45,16.376,45.5,1
1570,1.8503,90.99,17.422,44.0,1
1571,1.5454,88.69,17.485,34.41,1
1572,1.7799,88.56,16.638,37.33,1
1573,1.5347,89.64,17.305,28.83,1
1574,1.8104,88.62,17.445,22.15,1
1575,1.7374,90.66,17.348,48.91,1
1576,1.5026,89.13,16.644,16.94,1
1577,1.9218,91.34,17.618,19.51,1
1578,1.639,93.03,17.683,47.55,1
1579,1.6297,89.36,17.094,35.52,1
1580,1.7834,90.74,17.164,25.55,1
1581,1.9276,92.12,17.604,39.19,1
1582,1.6049,90.53,17.555,40.87,1
1583,1.7684,92.53,19.231,22.82,1
1584,1.8254,92.91,17.733,28.99,1
1585,1.8669,94.17,18.705,39.51,1
1586,1.7912,90.99,17.552,27.87,1
1587,1.7114,90.51,17.288,36.95,1
1588,1.644,91.98,17.609,45.21,1
1589,1.7827,90.86,16.993,15.34,1
1590,1.6106,94.13,17.999,29.79,0
1591,1.3348,90.88,16.832,36.57,1
1592,1.8401,98.07,18.168,15.82,1
1593,1.9117,96.19,18.224,27.05,1
1594,1.4231,93.83,18.436,41.06,1
1595,1.6275,95.73,18.882,25.92,1
1596,1.8732,90.93,17.299,22.57,1
1597,2.0902,99.45,18.731,38.38,1
1598,1.786,93.42,18.245,36.5,1
1599,1.6749,94.56,17.521,31.71,1
1600,1.7579,91.29,17.619,33.44,0
1601,1.9927,95.77,17.834,39.76,1
1602,1.6907,92.39,17.542,35.92,1
1603,1.6687,94.6,17.773,37.4,1
1604,1.7172,93.11,17.907,27.59,1
1605,1.6476,91.84,17.773,18.55,1
1606,1.8099,92.19,18.007,38.66,1
1607,2.0361,94.05,18.007,41.38,1
1608,1.8416,90.84,17.447,32.7,1
1609,1.7561,91.7,18.605,41.08,1
1610,1.7509,94.33,17.442,29.72,1
1611,1.5609,98.0,19.421,29.47,1
1612,1.9285,93.56,17.674,46.89,1
1613,1.7849,90.57,17.591,32.33,1
1614,1.7701,91.47,17.348,31.32,1
1615,2.2766,92.06,17.314,18.8,1
1616,1.8429,91.1,17.629,39.86,1
1617,1.6857,93.41,18.278,27.28,1
1618,1.7349,91.83,17.734,35.08,1
1619,1.9714,93.02,17.507,30.67,1
1620,1.8164,90.37,20.546,31.21,1
1621,1.5839,93.45,18.383,31.99,1
1622,1.9377,90.27,17.743,34.51,1
1623,1.6997,88.46,16.887,45.33,1
1624,2.081,94.55,17.712,44.43,1
1625,1.962,86.35,16.597,42.4,1
1626,1.7329,88.32,17.54,46.18,0
1627,1.9921,88.35,16.675,42.83,1
1628,1.81,94.42,17.565,36.31,1
1629,1.9275,92.81,17.913,44.95,1
1630,1.8721,91.99,17.684,23.34,1
1631,1.6722,88.14,16.706,30.64,1
1632,1.7023,93.45,17.414,26.36,1
1633,1.953,89.14,17.898,33.11,1
1634,1.7479,90.15,17.427,40.39,1
1635,1.7371,88.36,16.584,27.06,1
1636,1.6539,87.7,16.501,40.4,1
1637,1.8601,87.1,16.68,32.05,1
1638,2.1054,86.98,17.138,34.04,1
1639,1.6352,88.42,17.281,37.55,1
1640,1.7983,87.73,17.483,49.81,1
1641,2.0058,86.74,16.311,31.26,1
1642,1.7812,89.62,17.287,34.59,1
1643,1.8602,80.47,16.589,32.09,1
1644,1.6321,87.22,17.537,30.89,1
1645,1.8548,87.44,17.02,27.84,1
1646,1.7615,88.09,18.522,38.1,1
1647,1.9365,85.47,16.847,41.12,1
1648,1.9657,85.82,17.14,43.01,1
1649,2.1749,87.17,16.844,30.67,1
1650,1.8723,87.98,16.679,40.27,1
1651,1.833,84.2,16.084,39.39,1
1652,1.8121,85.13,16.595,37.46,1
1653,1.7286,87.76,16.832,26.41,1
1654,1.8311,79.95,15.236,42.25,1
1655,1.7346,82.62,15.806,40.91,1
1656,1.8028,86.73,16.64,37.77,1
1657,1.9737,85.79,16.955,40.73,1
1658,1.6236,84.44,16.41,43.89,1
1659,1.944,82.3,16.067,30.83,1
1660,1.969,81.24,15.609,38.52,1
1661,1.7521,81.62,16.002,44.16,1
1662,1.4499,85.7,17.299,35.44,1
1663,1.6753,81.14,15.986,47.99,0
1664,1.9592,82.4,15.658,40.28,1
1665,1.7595,80.49,15.43,25.07,1
1666,1.6112,83.49,16.538,45.62,0
1667,1.6835,80.52,15.743,39.75,1
1668,1.8834,81.2,15.901,26.12,1
1669,1.8373,77.83,15.208,40.28,1
1670,1.7175,77.77,15.639,32.19,1
1671,1.6962,80.82,15.759,46.54,1
1672,1.6904,77.95,15.371,41.94,1
1673,1.6087,84.61,16.153,30.84,1
1674,1.9872,76.08,15.607,49.84,1
1675,1.6944,78.4,15.425,45.63,1
1676,1.923,79.83,16.0,39.21,0
1677,1.9664,78.87,15.201,31.71,1
1678,1.8856,77.19,16.33,35.95,1
1679,1.6688,77.28,16.009,35.77,1
1680,1.7917,77.02,14.769,48.76,0
1681,1.7251,78.23,15.21,28.62,1
1682,1.5907,82.5,16.336,39.12,1
1683,1.7724,78.56,15.123,39.86,1
1684,1.5444,80.57,15.784,48.94,1
1685,1.8968,79.01,15.788,43.45,1
1686,1.6464,80.03,15.683,45.27,1
1687,1.7436,72.0,14.791,41.6,1
1688,1.7533,76.79,15.026,33.08,1
1689,1.6693,79.81,15.13,38.51,0
1690,1.7934,75.86,15.61,49.7,1
1691,1.6314,80.32,16.276,47.0,1
1692,1.8305,79.57,17.407,37.81,0
1693,1.4951,75.46,14.483,36.84,1
1694,1.7131,75.19,15.379,35.43,1
1695,1.9821,73.97,14.301,43.52,1
1696,1.5383,74.54,15.95,45.37,0
1697,1.5837,73.13,14.936,56.9,1
1698,1.7595,76.26,14.872,44.23,0
1699,1.7063,72.29,14.959,50.54,1
1700,1.7289,76.21,14.983,37.03,1
1701,1.7466,76.06,15.286,43.7,1
1702,1.7654,71.28,14.528,47.35,1
1703,1.8335,77.5,16.384,41.38,1
1704,1.7254,75.23,16.101,43.69,1
1705,1.6246,75.5,14.862,44.71,1
1706,1.7584,72.28,15.119,49.48,1
1707,1.9393,74.84,15.129,53.45,1
1708,1.6312,75.65,14.666,25.48,1
1709,1.5016,73.0,14.457,54.11,1
1710,1.8106,77.0,16.846,29.11,1
1711,1.6232,72.89,14.837,47.74,1
1712,1.312,74.88,15.474,62.92,0
1713,1.7616,72.99,14.617,44.87,1
1714,1.5508,73.37,14.561,46.42,1
1715,1.6142,68.66,14.06,45.32,1
1716,1.6741,72.54,14.53,50.81,0
1717,1.6494,70.13,13.82,49.82,1
1718,1.7238,69.71,13.876,41.77,1
1719,1.5486,74.69,15.281,43.27,1
1720,1.6874,70.57,14.195,37.71,1
1721,1.568,68.79,14.079,46.77,1
1722,1.7142,69.88,14.331,43.72,1
1723,1.6922,67.8,14.053,49.41,1
1724,1.456,73.07,15.292,39.48,1
1725,1.7556,68.61,13.686,46.12,0
1726,1.5087,70.86,14.635,46.56,1
1727,1.7067,72.31,14.949,46.24,1
1728,1.637,68.4,14.493,50.15,1
1729,1.854,70.26,13.858,45.45,1
1730,1.5411,66.94,13.898,42.54,0
1731,1.5186,73.69,15.79,45.44,1
1732,1.5644,70.47,14.282,45.29,1
1733,1.5181,68.01,14.166,56.39,1
1734,1.6799,66.65,14.115,58.21,1
1735,1.3138,67.77,13.579,37.36,1
1736,1.3945,67.12,14.9,53.67,0
1737,1.3886,71.51,14.697,52.64,1
1738,1.6876,64.95,13.723,39.26,1
1739,1.7979,67.47,13.385,53.15,0
1740,1.5219,66.96,14.169,55.99,1
1741,1.5085,66.57,13.959,41.46,1
1742,1.5406,66.38,14.622,47.28,1
1743,1.7006,66.17,13.558,50.79,1
1744,1.3835,67.95,13.616,52.8,0
1745,1.5546,67.22,13.594,40.76,1
1746,1.6614,66.64,13.563,58.27,1
1747,1.5865,59.53,12.319,37.05,1
1748,1.536,66.0,14.325,59.99,1
1749,1.6539,61.89,13.734,56.27,0
1750,1.0945,66.29,13.619,44.25,1
1751,1.5979,67.75,13.767,55.27,0
1752,1.3943,62.75,12.646,42.97,1
1753,1.2141,63.88,13.652,51.59,0
1754,1.5616,63.0,14.138,53.11,0
1755,1.6872,66.47,13.496,51.01,1
1756,1.4568,63.99,13.303,43.89,1
1757,1.6166,67.06,13.998,44.8,1
1758,1.7117,64.23,14.377,51.48,0
1759,1.6634,63.68,13.386,44.98,0
1760,1.7084,63.14,13.302,53.29,0
1761,1.57,64.44,13.49,45.43,1
1762,1.4662,59.12,12.184,61.53,1
1763,1.2109,62.57,12.696,63.96,1
1764,1.4106,62.06,12.783,49.38,0
1765,1.3173,63.45,13.767,58.29,1
1766,1.7657,61.42,12.838,50.45,1
1767,1.41,59.52,12.487,45.8,0
1768,1.4512,61.41,12.766,48.75,0
1769,1.5118,59.03,12.552,54.26,1
1770,1.4319,57.15,13.298,40.41,1
1771,1.676,62.25,13.029,56.65,1
1772,1.3247,61.76,12.744,52.63,1
1773,1.4437,61.33,12.96,60.2,0
1774,1.2995,62.81,14.189,56.18,1
1775,1.2093,58.67,12.368,54.76,1
1776,1.312,56.94,11.914,51.99,0
1777,1.3946,59.46,12.487,65.51,1
1778,1.3322,58.7,12.609,71.14,0
1779,1.2892,57.52,12.694,51.78,0
1780,1.1786,58.84,13.072,62.03,0
1781,1.3736,57.58,12.045,48.8,1
1782,1.1569,54.93,11.673,51.34,0
1783,1.4931,57.52,12.256,51.4,1
1784,1.3881,55.93,12.454,60.92,0
1785,1.1536,58.46,12.124,45.32,0
1786,1.3225,56.49,12.008,67.51,1
1787,1.2527,59.82,12.512,60.61,1
1788,1.41,60.61,13.299,57.93,0
1789,1.5599,58.56,12.769,51.51,1
1790,1.0742,53.9,12.27,63.3,0
1791,1.3694,59.81,13.43,29.77,1
1792,1.3249,59.75,12.598,56.68,0
1793,1.4464,56.44,11.838,56.42,0
1794,1.3744,58.85,12.2,38.6,1
1795,1.2265,54.9,11.464,59.31,0
1796,1.2882,52.07,11.392,62.49,1
1797,1.2135,54.08,11.719,41.72,1
1798,1.4912,58.86,12.949,44.19,1
1799,1.3299,52.22,11.589,74.18,1
1800,1.6088,55.0,11.822,54.51,1
1801,1.3115,54.87,11.935,63.88,1
1802,1.2114,53.57,11.446,65.87,0
1803,1.0876,53.51,12.284,60.04,0
1804,1.0412,54.34,11.632,64.53,1
1805,1.0712,52.88,11.315,40.37,0
1806,1.346,50.96,11.78,56.58,0
1807,1.3793,54.03,12.113,31.94,1
1808,1.063,55.55,11.584,41.7,1
1809,1.4317,54.94,12.399,51.67,1
1810,1.2222,51.38,11.2,52.85,1
1811,1.3139,50.3,11.156,59.15,0
1812,1.531,52.03,11.632,57.62,0
1813,1.4211,55.54,12.345,56.75,0
1814,1.2436,53.49,11.969,58.3,0
1815,1.1476,53.41,11.741,59.62,1
1816,0.956,53.58,11.631,49.18,1
1817,1.1683,52.44,11.795,51.74,0
1818,1.2421,51.64,11.45,57.72,1
1819,1.1232,52.52,12.688,57.31,1
1820,1.2492,49.91,11.501,50.4,0
1821,1.278,47.97,10.637,68.87,0
1822,1.2304,52.05,11.383,63.57,0
1823,1.1643,52.88,11.701,50.4,1
1824,1.2848,47.96,11.626,58.55,1
1825,1.3236,51.64,12.255,74.09,0
1826,1.0915,53.16,11.578,58.39,1
1827,1.4646,49.6,10.878,62.41,1
1828,1.236,47.76,10.569,55.47,0
1829,1.2516,49.45,11.273,56.83,0
1830,1.3529,47.9,12.448,72.35,1
1831,1.2797,47.57,11.126,61.37,0
1832,1.3857,49.47,10.699,58.75,0
1833,1.2839,45.19,10.277,61.95,0
1834,1.1471,45.31,10.326,82.18,0
1835,1.2913,48.04,10.676,60.5,0
1836,1.0638,47.76,10.77,53.71,0
1837,1.2498,48.29,11.152,54.78,0
1838,1.2269,51.15,11.736,64.56,0
1839,1.199,47.41,11.409,49.13,0
1840,1.2093,48.2,11.213,63.69,0
1841,0.9447,44.85,9.935,56.3,0
1842,1.1431,48.14,10.626,45.25,0
1843,1.2379,45.35,10.491,53.95,0
1844,1.2465,46.34,10.762,61.41,0
1845,1.0669,45.78,11.029,72.69,0
1846,1.4096,47.87,10.947,67.59,1
1847,1.0885,42.98,10.217,60.86,0
1848,1.3625,40.83,9.975,72.28,1
1849,1.2799,44.77,10.369,59.28,0
1850,1.1177,45.94,10.676,49.71,1
1851,1.4798,45.1,11.085,62.11,0
1852,1.0334,47.06,10.777,48.71,0
1853,1.3493,45.27,10.529,68.17,0
1854,1.3605,43.07,10.198,69.6,0
1855,1.1088,39.35,10.333,58.35,1
1856,1.4174,43.33,9.891,64.17,1
1857,1.1701,45.66,11.633,62.69,0
1858,1.2501,42.62,9.767,70.41,0
1859,1.2451,43.26,10.008,53.09,1
1860,1.1852,43.84,10.673,67.49,0
1861,1.3263,40.77,10.375,54.0,0
1862,1.323,43.85,9.897,68.91,0
1863,0.9411,45.67,10.247,70.1,0
1864,1.3985,41.85,10.146,58.53,1
1865,0.953,39.74,11.266,74.91,0
1866,1.3568,41.67,10.646,51.41,0
1867,1.3705,37.15,9.228,75.51,0
1868,1.0375,42.07,9.441,75.26,0
1869,1.1392,42.1,10.099,66.5,0
1870,1.0347,44.35,10.559,60.83,0
1871,1.1681,40.41,9.67,67.25,0
1872,1.154,41.42,9.674,59.32,0
1873,1.317,38.68,9.617,86.79,0
1874,1.3966,39.49,9.359,60.62,1
1875,1.4094,36.95,10.407,77.37,1
1876,1.1157,39.41,10.496,59.42,0
1877,1.1687,38.99,9.899,78.38,0
1878,0.9477,40.0,9.786,81.1,0
1879,1.0795,37.95,9.211,69.32,1
1880,1.3453,39.17,9.617,67.79,0
1881,1.4432,38.13,10.397,58.47,0
1882,1.016,37.94,9.856,57.63,0
1883,1.1126,38.56,9.619,68.25,0
1884,1.198,38.28,9.939,77.7,1
1885,1.2444,39.52,9.922,60.9,1
1886,1.0814,37.56,9.556,84.13,0
1887,1.267,36.9,9.765,61.98,0
1888,1.1329,37.04,9.536,68.61,0
1889,1.2025,35.77,9.525,69.39,0
1890,1.2873,36.28,9.259,66.42,0
1891,1.207,40.86,9.783,48.13,0
1892,1.1414,34.77,8.769,63.18,0
1893,1.1912,35.84,8.892,69.09,1
1894,1.1953,35.43,8.59,66.98,0
1895,1.1539,35.51,8.77,72.79,0
1896,1.1716,35.14,8.707,73.97,0
1897,1.4512,36.16,8.99,65.38,0
1898,1.2966,31.98,9.415,62.11,0
1899,1.1692,37.27,9.28,79.02,0
1900,1.3192,36.27,9.291,56.4,0
1901,1.1658,32.31,8.713,64.85,0
1902,1.3931,30.06,9.146,64.16,0
1903,1.2738,32.45,8.411,75.5,0
1904,1.2036,33.71,8.722,79.31,0
1905,1.2882,39.16,9.582,64.11,0
1906,0.9868,34.89,9.559,69.91,0
1907,1.0549,29.98,8.96,74.44,0
1908,1.0463,32.02,8.762,84.22,0
1909,1.2484,33.09,9.352,54.96,0
1910,1.4884,33.51,8.85,74.85,0
1911,1.5649,30.17,8.209,73.91,0
1912,1.3276,32.33,9.202,66.64,0
1913,1.3087,30.96,8.61,73.03,1
1914,0.9652,29.99,7.994,76.93,0
1915,1.1557,32.52,9.118,74.15,0
1916,1.1208,33.35,8.672,86.26,0
1917,1.1477,33.28,8.618,70.05,0
1918,1.2175,32.55,9.062,69.69,0
1919,1.1739,30.21,8.246,69.43,0
1920,0.9498,32.43,8.783,73.97,0
1921,1.3609,31.42,8.766,69.89,0
1922,1.0899,30.87,8.111,70.58,1
1923,1.2888,29.18,8.293,71.64,0
1924,1.5662,29.21,8.847,70.4,0
1925,1.1194,30.15,7.954,66.04,0
1926,0.88,34.68,9.149,71.54,0
1927,1.2189,30.2,7.998,68.6,1
1928,1.4293,28.18,8.481,77.0,0
1929,1.5602,27.54,8.379,73.37,0
1930,1.0844,28.02,7.82,69.1,1
1931,1.3458,33.15,10.143,81.63,0
1932,1.2039,27.8,8.477,71.5,0
1933,1.2603,30.21,8.609,75.85,0
1934,1.6754,27.45,8.164,66.93,1
1935,1.0559,28.52,8.511,55.68,0
1936,1.322,29.38,7.829,66.83,0
1937,1.3567,26.46,7.799,56.03,0
1938,1.4521,26.12,7.833,71.43,0
1939,1.3066,30.52,8.18,82.44,0
1940,1.3408,28.97,8.3,64.38,0
1941,1.2387,28.38,8.644,55.12,1
1942,1.3406,28.17,7.821,84.1,0
1943,1.2515,27.32,7.826,68.81,0
1944,1.3991,30.24,8.006,70.73,0
1945,1.2533,26.09,7.152,79.65,0
1946,1.3683,26.95,8.159,77.01,0
1947,1.3103,22.7,7.144,81.39,0
1948,1.4865,23.75,7.332,81.95,0
1949,1.3129,22.8,6.844,61.35,0
1950,1.0577,27.55,7.811,61.16,0
1951,1.516,19.69,7.255,86.55,0
1952,1.194,23.8,7.32,68.47,0
1953,1.2349,18.41,6.524,72.57,0
1954,1.2467,22.54,7.217,65.37,0
1955,1.5454,23.02,6.813,71.95,0
1956,1.0221,26.57,8.019,70.26,0
1957,1.8163,24.39,7.014,66.86,0
1958,1.5073,21.73,6.697,67.54,0
1959,1.3857,25.33,7.207,76.35,0
1960,1.3472,23.04,7.138,68.72,0
1961,1.4016,22.88,7.05,70.42,0
1962,1.4403,20.19,6.779,59.39,0
1963,1.4623,20.42,6.509,92.25,0
1964,1.4522,20.55,7.328,84.2,0
1965,1.3857,22.09,7.46,71.79,0
1966,1.3461,21.96,6.976,68.63,0
1967,1.3564,24.69,7.279,74.27,0
1968,1.3534,22.17,6.869,75.57,0
1969,1.5561,15.78,6.001,69.32,0
1970,1.4786,21.53,6.55,55.68,0
1971,0.952,17.9,6.116,74.05,0
1972,1.495,18.67,6.961,65.29,0
1973,1.4294,18.78,6.695,79.11,0
1974,1.4009,18.87,7.504,79.1,0
1975,1.349,17.25,6.225,70.86,0
1976,1.5795,20.21,6.646,72.6,0
1977,1.5566,16.78,6.116,93.04,0
1978,1.3022,20.11,6.647,83.13,0
1979,1.4828,23.67,7.069,71.18,0
1980,1.2796,16.34,6.316,97.53,0
1981,1.2221,18.23,6.496,68.49,0
1982,1.3387,13.55,5.598,73.5,1
1983,1.5658,17.8,7.069,77.44,0
1984,1.5831,19.49,7.808,65.06,0
1985,1.5207,19.44,7.261,91.66,0
1986,1.5563,17.95,6.693,79.69,0
1987,1.5286,19.38,7.013,71.05,0
1988,1.3587,22.49,8.225,79.09,0
1989,1.5235,20.62,7.199,77.79,0
1990,1.5825,15.95,5.935,76.99,0
1991,1.5793,13.9,6.005,70.33,0
1992,1.6482,15.79,6.403,68.04,0
1993,1.5799,14.51,5.598,97.49,0
1994,1.5301,17.1,6.208,67.92,1
1995,1.6417,13.64,6.349,93.58,0
1996,1.4809,15.65,5.58,72.85,0
1997,1.3564,17.28,5.948,84.95,0
1998,1.468,15.2,5.962,83.6,0
1999,1.3845,13.31,5.898,85.32,0
2000,1.5521,22.02,7.234,81.35,0
2001,1.6145,16.27,6.616,63.89,0
2002,1.5371,19.15,7.878,71.6,0
2003,1.6238,20.23,7.393,65.74,0
2004,1.3812,20.15,7.815,77.75,0
2005,1.6989,20.7,7.226,65.75,0
2006,1.6621,21.95,7.366,59.48,1
2007,1.5588,20.79,7.744,74.0,0
2008,1.7827,20.72,7.526,59.05,0
2009,1.8324,20.16,6.977,78.58,0
2010,1.4509,20.17,7.008,66.21,0
2011,1.5884,23.48,8.693,68.08,0
2012,1.5831,20.53,6.987,57.88,0
2013,1.5449,23.76,8.283,87.42,0
2014,1.8325,22.33,7.398,63.71,0
2015,1.6818,21.58,7.438,72.83,0
2016,1.6705,24.22,7.974,60.01,0
2017,1.4061,21.44,7.042,69.01,0
2018,1.8094,24.49,7.467,87.99,0
2019,1.541,23.55,7.914,76.69,0
2020,1.7391,22.25,7.381,69.79,0
2021,1.7655,24.6,8.474,73.57,1
2022,1.9342,25.15,7.536,69.02,0
2023,1.5491,26.71,8.549,72.09,0
2024,1.3061,26.36,7.779,79.11,0
2025,1.771,25.77,7.982,70.63,0
2026,2.0061,22.5,7.151,76.96,0
2027,1.9376,29.3,9.932,72.8,0
2028,1.7736,21.96,7.138,72.6,0
2029,1.6838,27.56,8.332,66.64,0
2030,1.891,26.45,7.755,68.76,0
2031,1.6057,23.45,8.712,80.48,0
2032,1.8363,25.79,8.361,79.47,0
2033,1.8523,26.06,8.296,63.95,0
2034,1.9504,28.61,9.347,69.34,0
2035,2.1926,25.69,8.105,67.73,0
2036,1.8428,26.38,8.281,79.48,0
2037,1.6969,22.18,7.65,71.54,0
2038,1.7731,30.16,9.093,88.09,1
2039,1.5289,25.45,7.917,75.12,0
2040,1.682,28.37,8.37,81.37,0
2041,1.7369,27.44,8.824,64.11,0
2042,1.73,27.88,8.522,72.31,0
2043,1.8253,29.71,8.811,75.75,1
2044,1.6642,31.69,8.609,61.11,0
2045,1.9678,29.05,9.613,71.63,0
2046,1.8203,29.86,8.511,79.01,0
2047,1.8175,30.01,9.241,68.28,0
2048,1.7674,31.38,9.064,63.27,1
2049,1.8418,28.52,8.12,85.95,0
2050,1.9454,31.83,9.714,60.63,0
2051,1.6951,32.08,9.206,70.93,0
2052,1.7383,32.16,9.783,64.09,1
2053,1.7792,29.01,8.65,63.98,0
2054,1.6294,30.11,9.059,76.42,0
2055,1.726,31.25,8.334,68.58,0
2056,1.7678,27.69,8.329,75.37,1
2057,1.9816,34.09,8.988,50.24,0
2058,1.8884,30.95,8.886,73.99,0
2059,1.8794,32.31,9.339,63.77,0
2060,1.9889,30.57,8.575,55.31,0
2061,1.831,29.26,9.022,86.09,0
2062,1.9197,30.42,8.643,75.23,0
2063,1.8607,32.66,9.678,71.09,1
2064,1.8869,34.08,9.893,78.47,0
2065,1.7809,32.8,9.711,70.78,0
2066,1.5078,33.05,9.181,62.25,0
2067,1.8435,32.41,8.489,68.21,0
2068,2.1018,34.07,9.603,62.66,0
2069,2.0224,36.06,9.665,62.78,1
2070,2.0256,34.58,9.219,57.53,1
2071,2.0704,35.34,9.38,59.66,0
2072,1.8896,34.65,10.113,75.01,0
2073,1.9078,31.26,8.547,72.83,0
2074,1.8094,32.33,9.334,65.41,1
2075,1.8507,35.33,9.64,59.47,0
2076,1.9956,34.54,9.466,64.64,0
2077,2.0777,35.59,9.861,53.88,0
2078,1.8815,38.88,11.007,66.82,0
2079,1.8464,36.66,9.619,74.06,0
2080,1.918,37.91,9.878,84.86,0
2081,1.9781,35.81,9.965,58.44,0
2082,1.687,34.22,9.892,75.23,0
2083,1.5555,35.86,9.571,61.07,0
2084,1.8184,34.6,9.339,58.92,0
2085,1.722,39.56,9.637,55.92,0
2086,1.8332,38.28,9.83,66.9,0
2087,1.884,37.84,9.495,58.68,0
2088,1.869,39.4,10.538,60.21,0
2089,2.1339,33.19,9.156,65.03,0
2090,1.9792,38.85,9.906,59.68,1
2091,1.9821,34.97,9.638,61.25,0
2092,2.0254,37.43,9.657,46.47,1
2093,1.7578,37.9,10.797,66.87,0
2094,2.0861,39.55,10.907,65.29,0
2095,1.9112,38.88,11.026,58.65,0
2096,2.0308,41.23,10.732,66.71,1
2097,1.7724,38.24,9.977,77.29,1
2098,1.7069,40.54,11.184,64.75,0
2099,2.051,39.48,9.943,75.53,0
2100,2.0014,36.45,9.375,85.01,0
2101,1.797,38.06,9.823,86.21,0
2102,1.8144,39.78,10.501,55.51,0
2103,2.1111,42.18,10.33,54.01,0
2104,1.7388,41.3,10.317,60.33,0
2105,2.1983,37.97,9.408,66.75,0
2106,1.8049,40.41,10.667,76.99,0
2107,2.0398,44.85,10.664,66.9,0
2108,1.8935,41.3,10.278,54.19,1
2109,2.0458,40.61,10.896,59.56,0
2110,1.8711,42.44,11.106,62.73,0
2111,1.9163,43.23,10.772,50.68,0
2112,1.9604,41.08,10.503,64.19,1
2113,1.8034,43.15,10.538,53.13,0
2114,2.0647,41.47,10.223,50.4,1
2115,1.8738,44.12,10.588,54.73,1
2116,1.9116,43.02,10.303,66.22,0
2117,1.787,43.63,10.907,65.85,0
2118,1.565,41.31,10.572,64.57,0
2119,1.9209,41.8,10.209,71.45,0
2120,2.2997,45.63,11.955,68.67,0
2121,2.0627,43.2,11.025,64.38,0
2122,1.9284,44.52,11.193,62.39,0
2123,1.8981,43.2,10.517,63.65,0
2124,1.9336,46.39,11.249,59.93,0
2125,2.0282,43.64,11.061,45.2,1
2126,1.7643,44.28,10.936,71.07,1
2127,2.1131,46.75,12.211,63.89,1
2128,2.0596,47.95,11.339,50.44,0
2129,2.0455,44.08,10.727,73.48,0
2130,2.0088,49.84,11.983,54.32,1
2131,1.9581,46.1,10.899,60.05,0
2132,2.0469,44.09,11.45,70.83,0
2133,2.0403,46.82,10.988,62.3,1
2134,1.8904,45.35,11.401,72.14,0
2135,1.8676,46.78,11.148,57.56,1
2136,1.9398,46.76,11.435,74.36,0
2137,2.1838,47.15,11.714,54.26,1
2138,1.7567,45.49,11.117,72.01,1
2139,1.7184,49.14,11.264,41.13,1
2140,1.9745,44.93,10.719,52.96,1
2141,1.9671,45.03,10.882,63.8,1
2142,1.9641,48.22,11.001,56.31,1
2143,1.9677,51.81,12.507,57.3,1
2144,1.8967,47.83,11.482,60.6,0
2145,2.1444,49.91,11.371,49.11,1
2146,1.6995,50.74,12.772,49.31,0
2147,1.807,50.44,11.563,59.92,1
2148,1.9054,48.59,11.704,54.38,1
2149,1.6832,47.31,11.093,71.1,0
2150,1.904,44.87,10.635,60.06,1
2151,2.1763,49.07,11.3,64.93,1
2152,1.937,52.48,12.028,60.78,1
2153,1.9708,48.03,11.9,55.44,1
2154,1.7373,51.62,12.172,41.87,1
2155,1.832,48.44,11.692,69.04,1
2156,1.8741,50.62,11.347,50.28,1
2157,1.8788,52.46,12.796,54.11,1
2158,2.1082,49.79,11.868,57.56,1
2159,2.0044,51.62,11.908,57.33,0
2160,1.7433,50.7,12.538,66.08,1
2161,1.9636,52.97,12.799,56.88,0
2162,1.9972,52.36,12.694,56.29,1
2163,2.0753,52.36,12.011,65.25,1
2164,2.1431,55.53,12.259,60.33,1
2165,1.7583,54.09,12.862,50.57,0
2166,1.7824,51.28,11.596,48.66,1
2167,1.7256,52.45,13.296,50.41,1
2168,1.8742,52.97,12.2,56.38,1
2169,1.9618,53.65,11.932,46.66,0
2170,2.0636,58.96,12.652,54.2,0
2171,1.8951,54.4,12.05,54.88,1
2172,1.8573,50.21,11.855,38.17,0
2173,1.9162,53.35,12.046,45.66,0
2174,1.7824,50.27,11.391,35.21,1
2175,2.2088,54.0,12.25,53.76,1
2176,1.6437,50.65,11.466,66.87,0
2177,1.9095,53.09,12.462,41.5,1
2178,2.1936,52.13,11.996,46.98,1
2179,1.88,55.99,12.532,54.11,1
2180,1.8555,55.36,12.106,46.85,0
2181,1.8261,56.55,12.662,46.12,0
2182,1.8618,55.84,12.577,59.76,1
2183,2.0783,53.56,12.361,52.71,0
2184,1.5329,57.35,12.95,42.31,1
2185,2.1122,60.04,13.746,35.79,0
2186,1.6541,57.13,12.747,72.0,0
2187,1.84,56.5,12.066,64.2,1
2188,1.796,54.53,12.943,52.56,1
2189,1.9461,55.31,12.37,55.93,0
2190,1.6076,58.12,12.673,49.51,0
2191,1.924,59.97,13.133,56.83,0
2192,2.1466,58.27,13.085,46.86,1
2193,1.6503,60.29,13.062,48.44,1
2194,1.8743,59.74,13.09,56.51,1
2195,1.7494,59.48,13.033,64.49,0
2196,1.8986,57.33,13.681,60.22,1
2197,1.8367,59.43,13.211,62.98,1
2198,1.7218,57.49,12.559,51.59,1
2199,1.8991,58.99,12.825,48.12,1
2200,2.0987,60.16,13.192,37.21,1
2201,1.799,63.15,13.924,51.54,1
2202,1.9252,57.4,13.043,57.36,1
2203,1.6287,61.49,13.472,49.95,1
2204,1.6735,63.21,13.498,44.61,1
2205,1.8774,62.22,13.445,61.6,1
2206,2.026,62.22,14.009,56.55,1
2207,1.8514,61.88,13.319,61.66,1
2208,1.7578,63.94,13.622,42.71,1
2209,1.7884,59.02,13.415,47.83,1
2210,1.6045,58.48,13.481,63.05,0
2211,1.8894,61.62,13.407,51.24,1
2212,1.9115,57.79,12.816,49.57,0
2213,1.708,64.92,13.399,45.62,1
2214,1.7091,65.02,14.137,49.69,1
2215,1.8215,61.29,14.236,59.63,1
2216,1.6963,62.56,15.309,50.36,1
2217,1.7513,63.14,13.952,57.4,0
2218,2.0909,63.35,13.701,54.53,1
2219,1.722,63.49,13.554,43.86,1
2220,1.7114,64.74,13.47,42.92,0
2221,1.67,63.31,13.914,47.06,1
2222,1.8644,65.68,15.788,38.36,1
2223,1.7146,64.59,14.738,45.41,1
2224,1.6507,63.13,14.456,63.16,1
2225,1.9479,66.98,14.497,48.27,1
2226,1.9506,61.96,13.722,45.54,1
2227,1.6546,64.38,13.267,65.28,0
2228,1.4517,66.69,14.774,40.96,1
2229,1.8887,64.32,13.671,42.5,1
2230,1.6266,66.23,13.941,59.07,1
2231,1.8329,67.01,14.116,53.95,1
2232,1.4219,64.14,13.795,48.9,0
2233,1.8489,65.69,13.963,55.81,1
2234,1.5346,66.05,14.219,51.31,1
2235,1.8159,65.09,13.914,40.0,1
2236,1.7023,71.47,14.919,26.64,1
2237,1.5603,65.34,13.718,45.41,1
2238,1.6304,68.8,14.528,55.96,1
2239,1.8076,66.5,13.95,45.11,0
2240,1.6998,65.4,13.768,53.43,1
2241,1.7761,67.89,14.604,49.2,1
2242,1.9808,69.25,14.2,33.72,1
2243,1.4463,69.89,14.472,43.39,1
2244,1.8976,71.81,15.199,48.74,1
2245,1.6804,74.38,14.963,37.86,1
2246,1.5333,69.23,15.642,44.31,1
2247,1.4641,67.39,14.979,51.22,1
2248,1.6295,69.75,14.649,47.28,0
2249,1.8032,68.93,14.338,55.76,0
2250,1.6318,71.59,15.087,49.14,1
2251,1.8694,66.82,13.885,40.66,1
2252,1.4166,75.2,14.962,40.41,1
2253,1.6475,71.55,14.905,45.77,1
2254,1.449,67.0,14.219,59.26,1
2255,1.694,69.01,14.749,43.33,1
2256,1.763,72.24,14.8,31.31,1
2257,1.5521,73.4,15.949,48.37,1
2258,1.2151,68.49,14.064,41.37,1
2259,1.6411,72.82,14.884,34.58,1
2260,1.6828,67.76,14.635,47.9,1
2261,1.6561,71.28,14.601,53.76,1
2262,1.7959,74.38,15.0,39.51,1
2263,1.4433,71.1,14.965,49.92,1
2264,1.7007,69.97,14.355,52.64,1
2265,1.7786,72.74,15.169,51.26,1
2266,1.3243,71.38,14.845,40.09,1
2267,1.6396,74.3,14.962,35.25,0
2268,1.5004,71.55,14.415,38.17,1
2269,1.5487,71.23,15.039,51.87,0
2270,1.6244,69.68,14.368,52.15,1
2271,1.4886,73.84,15.34,36.72,1
2272,1.4623,73.73,15.124,61.67,1
2273,1.5715,72.33,14.913,36.74,0
2274,1.3933,74.56,15.373,51.51,1
2275,1.3755,76.36,15.806,55.19,1
2276,1.6429,74.58,15.243,45.23,1
2277,1.3815,75.59,16.367,37.37,1
2278,1.6456,75.95,15.059,37.49,1
2279,1.617,73.51,15.007,42.87,1
2280,1.2882,79.55,16.647,49.49,1
2281,1.4329,74.87,15.629,34.5,1
2282,1.7174,77.24,15.497,27.58,1
2283,1.3881,77.79,15.612,45.2,1
2284,1.4434,76.16,15.36,47.77,1
2285,1.5937,77.49,16.134,57.79,1
2286,1.6368,76.98,15.57,31.49,1
2287,1.491,73.97,15.444,42.93,1
2288,1.4249,76.55,15.995,52.21,1
2289,1.7153,76.01,17.367,43.85,1
2290,1.7748,76.55,15.765,41.38,0
2291,1.6572,75.29,15.254,49.86,1
2292,1.5145,79.62,15.854,35.73,1
2293,1.3817,81.36,16.358,46.67,1
2294,1.3811,80.74,16.339,30.48,1
2295,1.5682,81.55,15.873,28.04,1
2296,1.5446,77.89,15.772,39.69,1
2297,1.683,77.57,16.079,21.81,1
2298,1.5926,78.07,15.838,43.01,0
2299,1.2468,80.75,16.769,26.45,1
2300,1.6246,79.72,15.919,43.13,1
2301,1.3263,79.37,16.499,42.62,1
2302,1.3966,82.53,17.088,38.86,1
2303,1.4959,81.15,16.714,43.61,1
2304,1.7619,78.75,15.576,42.96,1
2305,1.9288,78.96,16.216,38.97,1
2306,1.5478,82.03,16.463,54.03,0
2307,1.4171,82.82,16.239,41.92,1
2308,1.5421,82.27,16.441,45.53,1
2309,1.5578,85.09,16.662,46.04,1
2310,1.3947,84.86,17.426,42.87,1
2311,1.7232,82.44,16.885,55.46,1
2312,1.4715,80.11,16.026,41.95,1
2313,1.5084,79.37,15.917,41.02,1
2314,1.5382,81.75,16.341,34.5,1
2315,1.5029,84.48,16.795,35.99,1
2316,1.5476,86.5,17.647,31.06,1
2317,1.3258,83.51,17.058,43.77,1
2318,1.3344,85.06,17.088,30.07,1
2319,1.2488,83.36,16.587,39.63,1
2320,1.476,84.99,16.548,42.54,1
2321,1.5374,85.62,17.807,38.81,1
2322,1.4795,80.1,16.144,33.69,1
2323,1.6692,83.27,17.633,44.31,1
2324,1.4041,86.1,17.346,36.14,1
2325,1.5101,84.89,18.274,14.68,1
2326,1.2434,82.43,16.837,31.64,1
2327,1.3395,79.9,15.803,51.96,1
2328,1.5015,84.0,16.731,49.71,0
2329,1.5193,85.27,16.975,41.68,1
2330,1.3644,83.78,16.528,44.59,1
2331,1.3846,85.62,17.075,30.76,1
2332,1.1765,87.09,16.912,34.42,1
2333,1.3368,87.41,17.369,46.04,1
2334,1.5244,81.68,16.538,42.93,1
2335,1.4699,83.97,16.545,38.92,1
2336,1.4616,86.04,18.328,35.49,1
2337,1.3986,88.44,17.416,45.55,1
2338,1.3817,87.85,17.323,44.71,1
2339,1.2847,87.98,17.13,40.85,1
2340,1.4882,86.64,17.331,37.25,0
2341,1.4446,87.21,17.258,33.68,1
2342,1.4525,85.98,17.461,42.37,1
2343,1.291,89.56,17.744,26.23,1
2344,1.036,86.2,16.833,29.8,1
2345,1.5332,90.15,18.675,23.17,1
2346,1.3008,88.99,17.898,45.2,1
2347,1.2393,88.95,17.477,29.67,1
2348,1.467,87.75,17.587,39.31,1
2349,1.3079,86.39,17.572,35.92,1
2350,1.5384,87.93,17.036,59.09,1
2351,1.4441,89.02,17.706,38.91,1
2352,1.4551,85.23,16.934,22.52,1
2353,1.167,89.72,17.875,44.28,1
2354,1.551,92.17,17.86,30.48,1
2355,1.4032,91.55,17.759,32.12,1
2356,1.3027,89.64,18.689,29.64,1
2357,1.3783,91.08,18.606,35.78,0
2358,1.0763,90.06,17.131,36.19,1
2359,1.419,91.32,18.544,28.63,1
2360,1.1972,94.47,18.503,27.82,1
2361,1.1548,93.62,18.133,33.37,1
2362,1.1268,92.86,17.919,14.33,1
2363,1.5212,91.42,17.611,22.71,1
2364,1.2675,93.9,18.16,45.8,1
2365,1.5763,88.97,17.27,37.79,1
2366,1.2656,91.93,17.64,29.29,1
2367,1.0975,93.86,18.1,18.93,1
2368,1.1706,94.2,18.548,31.45,1
2369,1.5411,94.63,18.596,39.82,1
2370,1.3286,93.86,18.669,53.59,0
2371,1.2682,93.49,18.261,47.8,1
2372,1.3608,95.14,18.06,24.57,1
2373,1.4249,92.35,18.244,29.33,1
2374,1.5291,92.52,17.795,21.49,1
2375,1.5708,94.74,18.659,25.13,1
2376,1.2968,95.56,18.087,30.05,1
2377,1.1579,91.05,17.683,30.96,1
2378,1.2843,96.02,18.434,47.74,1
2379,1.3883,96.86,19.107,20.03,1
2380,1.2178,95.69,18.692,31.07,1
2381,1.1916,100.55,19.374,11.77,1
2382,1.3951,94.37,19.552,34.49,1
2383,1.3446,95.07,18.172,20.76,1
2384,1.3552,95.5,18.242,39.94,1
2385,1.2341,96.43,18.346,28.71,1
2386,1.3047,96.23,18.23,19.85,1
2387,1.222,94.28,18.15,15.86,1
2388,1.4909,95.94,18.995,23.17,1
2389,1.517,97.37,18.662,32.35,1
2390,1.0807,99.6,19.2,32.39,1
2391,1.2139,101.95,19.131,23.38,1
2392,1.1301,100.7,19.156,35.73,1
2393,1.271,96.64,18.596,21.26,1
2394,1.3393,96.79,19.174,7.32,1
2395,1.1502,98.04,18.518,32.36,1
2396,1.2217,102.29,19.494,37.43,1
2397,1.211,98.81,19.658,40.16,1
2398,1.3957,96.22,18.631,20.39,1
2399,1.3798,98.56,18.481,25.13,1
2400,1.2642,100.92,20.099,33.73,1
2401,1.3949,100.81,19.656,23.25,1
2402,1.2828,98.25,19.503,30.54,1
2403,1.3281,100.4,18.786,22.76,1
2404,1.6125,94.01,19.302,23.74,1
2405,1.5518,98.57,18.912,22.12,1
2406,1.1683,100.34,19.117,36.41,1
2407,1.4826,95.99,18.461,31.13,1
2408,1.4982,96.03,19.255,41.18,1
2409,1.2069,94.09,18.245,36.29,1
2410,1.4908,100.76,19.613,41.42,1
2411,1.6142,95.93,18.708,37.73,1
2412,1.2104,97.88,18.906,36.18,1
2413,1.2303,97.81,18.704,28.75,1
2414,1.541,100.25,20.222,52.98,1
2415,1.4174,96.1,18.27,31.79,1
2416,1.4834,95.44,18.702,15.82,1
2417,1.4485,96.07,18.917,32.98,1
2418,1.4616,98.45,19.705,21.64,1
2419,1.2079,95.29,19.294,39.51,1
2420,1.5542,93.23,18.179,38.43,1
2421,1.5763,92.38,18.357,31.69,1
2422,1.3709,92.68,19.102,26.15,1
2423,1.386,96.33,18.761,31.87,1
2424,1.1764,94.34,18.032,27.37,1
2425,1.4898,93.29,18.152,38.54,1
2426,1.4912,92.76,17.893,37.46,1
2427,1.3983,94.06,18.581,55.65,1
2428,1.5873,93.44,18.875,28.87,1
2429,1.3612,93.05,18.23,30.2,1
2430,1.5032,95.85,18.219,29.77,1
2431,1.2596,97.02,19.234,29.5,1
2432,1.4186,89.72,17.298,43.33,1
2433,1.4042,93.73,17.852,30.43,1
2434,1.4544,91.13,17.835,49.79,0
2435,1.3766,91.75,18.207,38.14,1
2436,1.4232,92.7,18.469,29.12,1
2437,1.561,91.56,18.055,28.02,1
2438,1.3591,92.24,19.182,41.75,1
2439,1.2058,92.9,18.173,33.01,1
2440,1.7071,92.19,18.671,33.43,1
2441,1.657,90.01,18.188,29.88,1
2442,1.2589,89.96,17.357,34.19,1
2443,1.5458,88.18,17.325,30.78,1
2444,1.3793,88.77,18.913,46.11,1
2445,1.4986,94.56,18.197,37.81,1
2446,1.5185,89.28,17.347,34.09,1
2447,1.4179,87.8,17.527,34.5,1
2448,1.3585,90.91,17.74,35.12,1
2449,1.3584,89.43,17.581,34.95,1
2450,1.3222,89.07,17.531,27.61,1
2451,1.3582,92.27,18.943,18.12,1
2452,1.459,90.53,17.742,28.22,1
2453,1.3751,87.92,16.943,34.88,1
2454,1.5898,87.58,17.002,29.98,1
2455,1.7235,87.31,18.782,42.71,1
2456,1.4106,90.06,17.574,32.81,1
2457,1.5325,87.36,17.641,51.36,1
2458,1.5784,84.44,16.671,33.76,1
2459,1.5712,87.43,17.551,37.16,1
2460,1.5184,84.65,17.726,35.99,1
2461,1.6197,91.82,17.825,37.23,0
2462,1.5951,85.53,17.289,46.01,1
2463,1.3352,86.18,16.725,41.56,0
2464,1.641,87.15,18.731,19.81,0
2465,1.6591,86.14,17.28,41.24,1
2466,1.396,85.55,16.939,29.3,1
2467,1.5218,87.3,17.147,34.07,1
2468,1.6197,88.98,17.372,40.86,1
2469,1.5109,86.62,17.265,27.11,1
2470,1.703,88.48,16.941,44.95,1
2471,1.8929,83.31,16.674,35.79,1
2472,1.4303,85.5,17.035,54.86,1
2473,1.3387,85.08,17.169,37.94,1
2474,1.6036,85.71,16.91,51.07,1
2475,1.6619,87.08,17.082,45.92,1
2476,1.5171,83.81,16.806,33.61,1
2477,1.7692,83.04,16.262,28.4,1
2478,1.3763,85.14,17.113,38.81,1
2479,1.6681,80.0,15.851,35.73,1
2480,1.4818,83.13,17.208,51.41,0
2481,1.8365,82.9,17.067,36.86,1
2482,1.8786,80.96,16.138,37.59,1
2483,1.4621,84.67,17.304,26.59,1
2484,1.5077,80.78,16.438,43.9,1
2485,1.7134,82.17,16.308,29.89,1
2486,1.536,82.96,16.181,42.47,1
2487,1.6077,84.76,17.072,42.24,1
2488,1.6207,82.23,16.325,33.53,1
2489,1.3211,83.28,17.381,45.95,1
2490,1.6084,82.96,16.805,36.66,1
2491,1.5013,81.74,16.282,28.01,1
2492,1.5408,79.44,17.272,53.78,0
2493,1.8355,78.37,16.332,34.57,1
2494,1.4255,81.34,15.623,44.09,1
2495,1.757,79.31,15.952,44.29,1
2496,1.5806,82.2,16.15,42.44,0
2497,1.6022,81.29,16.288,42.7,1
2498,1.7566,79.37,16.188,33.34,1
2499,1.6972,77.12,16.05,55.88,0
2500,1.7357,80.66,16.437,48.34,1
2501,1.8081,77.51,16.295,46.06,1
2502,1.6038,77.35,16.287,31.6,1
2503,1.5574,76.93,15.994,34.59,1
2504,1.5138,78.72,16.05,47.1,1
2505,1.5422,80.74,17.072,24.31,1
2506,2.1161,78.38,15.969,44.14,1
2507,1.8634,76.96,15.709,31.66,1
2508,1.4788,74.99,15.014,36.92,0
2509,1.4806,78.84,16.617,29.86,1
2510,1.763,76.26,15.685,45.09,1
2511,1.7843,77.58,18.025,50.89,1
2512,1.7719,76.61,15.63,45.54,1
2513,1.658,78.63,16.104,45.1,1
2514,1.6896,75.91,15.926,44.17,1
2515,1.7675,76.76,15.473,48.16,1
2516,1.7298,77.44,15.961,46.2,0
2517,1.3789,79.98,16.34,18.87,1
2518,1.6865,77.77,15.889,49.32,1
2519,1.597,75.56,16.212,49.87,1
2520,1.7498,75.84,15.175,40.51,0
2521,2.1706,74.23,15.521,28.45,1
2522,1.7821,73.47,16.051,46.66,1
2523,1.6887,73.55,14.946,47.31,1
2524,1.8724,73.2,15.262,41.3,1
2525,1.8049,75.77,17.193,44.54,1
2526,1.8235,72.2,15.301,53.65,1
2527,1.8469,76.67,15.606,61.86,1
2528,2.0768,75.63,15.992,44.67,1
2529,1.5806,74.09,15.133,46.93,1
2530,1.843,73.41,14.881,37.99,1
2531,1.6263,72.5,15.742,41.43,1
2532,1.8514,73.54,14.925,43.55,1
2533,1.638,75.03,17.149,53.3,0
2534,1.7153,71.43,14.82,52.43,1
2535,1.7148,68.81,16.125,62.75,1
2536,1.9202,74.05,14.857,32.56,1
2537,1.9256,72.65,15.728,34.46,1
2538,1.5995,69.55,14.918,55.62,1
2539,1.7893,70.29,15.314,57.81,0
2540,1.6728,69.77,15.2,47.09,1
2541,1.6024,70.07,14.579,10.85,1
2542,1.7595,70.5,14.432,40.51,1
2543,1.7508,70.19,14.759,49.47,1
2544,2.1589,69.49,14.691,39.85,1
2545,1.87,68.98,14.445,48.56,1
2546,1.604,69.94,14.891,61.8,1
2547,1.7373,70.51,14.96,57.81,1
2548,1.9656,69.01,14.336,53.46,1
2549,2.1468,71.87,15.293,45.2,1
2550,1.5861,70.66,14.656,42.12,1
2551,1.538,66.2,13.952,55.11,0
2552,2.099,69.64,15.111,46.77,1
2553,1.8968,70.36,14.497,47.1,0
2554,1.7008,67.81,14.365,35.65,1
2555,1.9208,65.6,14.246,43.77,1
2556,1.4481,68.45,15.216,53.8,1
2557,1.8371,68.3,14.642,39.05,1
2558,1.9005,65.72,14.361,51.3,0
2559,1.9962,65.09,13.864,53.19,1
2560,1.7074,67.56,14.491,51.93,1
2561,1.8592,66.73,14.336,52.84,1
2562,1.7158,66.32,14.296,53.94,1
2563,1.8932,66.64,14.083,43.63,1
2564,1.7332,64.36,14.667,38.23,1
2565,1.8092,65.53,14.0,42.39,1
2566,1.7269,67.51,13.83,54.18,1
2567,1.9669,65.37,16.094,39.98,1
2568,2.014,62.8,13.487,42.84,0
2569,1.8553,65.15,14.68,41.23,1
2570,1.8881,63.08,14.57,35.69,1
2571,1.6668,66.06,14.727,39.97,1
2572,1.8414,65.84,14.058,57.17,1
2573,1.8741,61.88,13.567,45.8,1
2574,2.2826,66.38,13.839,34.65,1
2575,1.7368,62.38,14.751,46.97,1
2576,2.0994,67.63,14.166,52.45,1
2577,2.0517,64.07,13.741,35.81,1
2578,1.9503,61.49,13.63,59.36,0
2579,2.1581,61.34,13.526,40.41,1
2580,1.9607,64.2,13.745,46.98,1
2581,1.9686,62.62,14.307,47.91,0
2582,1.8927,63.23,14.048,46.58,0
2583,2.0874,65.85,14.378,48.2,1
2584,2.0657,61.07,13.279,58.17,0
2585,1.8233,62.76,14.135,50.8,1
2586,1.7163,65.24,13.875,44.56,1
2587,1.8895,62.65,14.641,54.7,1
2588,1.7954,59.05,13.124,54.85,1
2589,1.912,62.47,14.33,45.67,0
2590,2.1217,59.7,13.106,53.3,1
2591,1.8705,64.13,14.016,44.31,1
2592,1.9075,59.58,13.812,46.22,1
2593,1.9309,66.89,15.564,55.02,1
2594,2.0543,63.51,14.676,54.35,1
2595,1.593,58.78,13.537,59.29,1
2596,1.8335,60.48,13.601,57.72,1
2597,1.9587,61.73,13.386,44.6,1
2598,2.1042,61.15,13.741,59.9,1
2599,1.8788,60.77,13.048,49.78,0
2600,1.6506,61.83,13.812,58.99,1
2601,2.0286,59.17,13.307,52.03,0
2602,1.851,58.08,12.37,56.08,0
2603,1.758,58.23,13.105,56.45,1
2604,1.8413,60.5,13.51,58.8,0
2605,1.9087,58.51,13.046,40.24,1
2606,1.8458,59.08,13.348,40.39,0
2607,1.5966,59.55,12.854,58.29,1
2608,2.0667,53.81,12.06,59.28,0
2609,2.1375,58.06,13.544,47.45,1
2610,2.0484,57.93,12.999,57.02,0
2611,1.7769,60.5,13.541,41.2,1
2612,1.9314,53.78,12.236,82.35,0
2613,1.9343,60.51,13.332,63.11,1
2614,2.0403,56.87,12.243,59.67,1
2615,2.0544,57.27,13.303,54.73,1
2616,1.8374,59.71,14.359,47.99,1
2617,1.9601,57.23,12.469,43.91,1
2618,2.0104,56.32,12.488,53.94,1
2619,2.1689,56.31,12.909,48.04,1
2620,2.0479,54.56,13.307,49.59,1
2621,2.0568,55.04,12.579,44.2,1
2622,1.9606,53.54,12.034,58.57,0
2623,2.1675,54.59,12.389,52.52,0
2624,2.0125,50.21,11.372,62.98,1
2625,1.8207,55.75,12.281,59.09,1
2626,2.1697,54.13,12.324,58.22,1
2627,2.0634,53.84,11.784,78.16,0
2628,1.8908,54.41,12.247,62.71,0
2629,1.8784,50.66,11.952,48.36,0
2630,1.9954,57.37,12.978,57.89,0
2631,2.0235,52.53,11.814,56.46,1
2632,1.9829,52.58,12.273,46.28,1
2633,1.991,50.52,11.81,46.59,1
2634,2.1962,52.99,12.605,60.62,0
2635,2.1,55.5,12.978,61.27,1
2636,1.9789,54.08,12.206,47.68,0
2637,2.0889,53.61,12.729,64.1,1
2638,1.7983,53.26,11.958,59.19,0
2639,2.0053,50.94,12.614,67.51,0
2640,2.2172,48.55,11.236,68.19,0
2641,1.9184,50.61,12.0,56.56,1
2642,1.8089,50.77,11.751,71.41,1
2643,1.8345,52.78,11.948,47.57,1
2644,1.7816,50.94,12.428,77.02,0
2645,1.8243,53.73,12.085,49.58,1
2646,1.9027,52.62,11.704,56.58,0
2647,1.7107,49.49,10.926,54.47,0
2648,1.9497,46.3,10.882,57.91,0
2649,2.0707,51.86,12.873,80.58,1
2650,1.8074,51.93,12.741,53.64,1
2651,2.1716,46.65,10.99,67.72,0
2652,1.9979,52.17,11.918,55.3,1
2653,2.0752,49.72,11.591,66.49,1
2654,1.8266,48.7,11.243,55.2,0
2655,2.0722,51.78,11.669,59.96,1
2656,1.7605,50.65,12.439,63.1,0
2657,2.0663,49.35,11.909,53.21,1
2658,1.9481,48.87,11.75,81.69,0
2659,2.015,49.09,11.125,64.53,0
2660,1.7356,46.55,11.236,58.99,0
2661,1.7739,47.34,10.83,54.6,0
2662,2.0152,45.53,11.449,62.32,1
2663,1.7765,45.89,11.319,51.14,0
2664,1.9917,46.36,10.75,75.3,0
2665,1.7251,45.12,11.929,64.7,0
2666,2.0304,46.84,10.774,60.28,0
2667,1.7397,45.31,11.417,69.7,0
2668,1.9896,47.01,11.57,54.77,0
2669,2.0064,42.34,10.209,53.87,1
2670,1.8045,45.31,11.164,60.33,0
2671,1.9855,45.69,10.657,62.57,0
2672,1.929,43.98,10.122,66.22,0
2673,1.8083,44.6,10.65,50.14,0
2674,1.7353,41.54,10.302,59.84,0
2675,1.6061,45.09,11.338,36.99,1
2676,1.9388,45.62,11.191,52.17,1
2677,1.6539,45.16,11.128,67.62,0
2678,1.8909,46.07,10.705,68.89,0
2679,1.845,43.82,10.733,52.91,1
2680,1.992,44.41,10.592,59.52,0
2681,1.8387,43.36,10.364,62.6,0
2682,1.8368,44.47,10.757,70.87,0
2683,1.9969,39.54,10.136,77.05,0
2684,1.9258,41.24,10.123,65.31,1
2685,1.911,45.9,10.991,59.19,0
2686,1.9367,37.97,10.16,54.69,0
2687,1.6391,41.86,10.313,64.29,0
2688,1.9744,44.09,10.437,79.21,0
2689,1.966,41.51,10.802,74.11,0
2690,1.6951,40.67,10.502,65.56,1
2691,1.8097,41.72,10.69,66.25,1
2692,1.8434,40.16,10.546,58.81,0
2693,1.8276,40.9,10.621,60.96,0
2694,1.883,39.86,10.215,66.2,0
2695,2.0573,42.45,12.256,64.36,0
2696,2.0031,43.43,10.309,70.73,0
2697,1.6429,39.79,10.032,72.49,0
2698,1.9224,37.31,10.338,70.45,0
2699,2.0335,39.15,10.191,57.57,1
2700,1.8846,38.94,10.518,57.37,0
2701,1.9789,40.11,10.419,57.65,1
2702,2.1257,37.0,10.555,68.44,1
2703,1.9687,37.11,9.458,50.16,1
2704,1.8441,39.57,10.996,64.7,1
2705,1.9623,40.53,10.92,75.87,1
2706,1.828,36.97,9.439,71.97,0
2707,1.794,35.44,9.831,64.83,0
2708,1.7496,44.09,11.085,56.57,1
2709,2.0535,39.16,9.976,71.64,0
2710,1.6714,37.01,9.265,69.03,0
2711,2.0144,38.99,9.893,63.67,0
2712,1.8521,37.18,10.11,62.05,1
2713,1.5823,38.88,10.316,65.94,0
2714,1.837,36.92,9.669,64.13,0
2715,1.4584,36.83,10.201,72.87,1
2716,1.8773,35.73,10.131,77.08,0
2717,1.8939,32.78,9.292,57.97,1
2718,1.6871,39.54,9.965,55.17,1
2719,1.7732,33.67,9.573,79.22,0
2720,2.059,33.12,9.283,70.23,0
2721,1.6737,35.11,9.688,58.67,0
2722,1.5883,33.49,9.617,76.73,0
2723,1.9778,34.95,9.075,70.7,0
2724,2.0392,36.05,9.472,84.48,0
2725,1.7461,36.56,9.248,64.66,0
2726,1.8849,35.81,10.079,75.86,0
2727,1.9466,33.67,9.17,57.09,0
2728,1.628,34.21,9.432,79.53,0
2729,1.6525,34.43,8.935,75.5,0
2730,1.9051,29.94,9.57,83.47,0
2731,1.9754,34.3,8.982,76.98,0
2732,1.8136,30.27,9.131,69.99,0
2733,1.5947,37.0,9.801,57.3,0
2734,2.0107,31.7,8.913,64.83,1
2735,1.6307,31.74,8.978,55.14,0
2736,1.6571,31.12,8.698,62.87,0
2737,1.7546,30.7,9.527,73.54,0
2738,1.9111,36.87,9.752,66.34,0
2739,1.823,33.43,8.946,66.93,0
2740,1.7573,28.23,8.33,65.46,1
2741,1.749,34.39,9.427,53.84,0
2742,1.6907,33.29,9.718,69.92,1
2743,1.7641,30.28,8.514,73.47,0
2744,1.2888,31.34,8.818,62.03,0
2745,1.6222,30.06,8.795,65.93,0
2746,1.7001,34.07,9.852,80.55,0
2747,1.4893,28.63,8.145,80.87,0
2748,1.7216,30.24,8.994,58.75,1
2749,1.6169,28.96,8.356,70.74,0
2750,1.9178,26.63,8.191,84.24,0
2751,1.8786,33.63,10.598,66.33,1
2752,1.578,26.95,8.251,70.39,0
2753,1.6204,29.5,8.998,79.78,0
2754,1.6117,25.29,8.407,81.41,0
2755,1.5624,28.06,8.07,79.48,0
2756,1.6589,29.22,8.035,68.9,0
2757,1.5133,26.41,8.641,78.11,0
2758,1.4467,29.2,8.288,83.43,0
2759,1.7126,26.85,7.87,72.01,0
2760,1.7069,29.62,9.215,67.68,0
2761,1.4822,30.09,8.442,80.58,0
2762,1.7394,25.67,7.88,89.67,0
2763,1.5093,27.15,9.559,89.37,0
2764,1.6245,26.56,7.857,69.69,0
2765,1.7277,27.84,8.075,69.78,0
2766,1.5838,26.29,8.065,64.78,0
2767,1.6681,26.68,8.115,73.95,0
2768,1.5039,25.17,7.831,64.82,0
2769,1.5515,25.91,7.878,69.2,0
2770,1.5513,28.57,9.324,77.41,0
2771,1.4667,26.38,8.409,75.85,0
2772,1.548,26.43,8.516,58.24,0
2773,1.3236,26.68,8.035,85.32,0
2774,1.4997,24.18,8.011,65.33,0
2775,1.5069,25.16,8.526,65.97,0
2776,1.5171,22.07,7.279,65.5,0
2777,1.5318,26.62,8.293,67.22,0
2778,1.5379,18.81,7.367,69.69,0
2779,1.6196,23.51,8.599,67.6,0
2780,1.6717,25.79,9.461,53.6,1
2781,1.4439,21.05,7.397,77.46,0
2782,1.3459,23.9,8.421,76.46,0
2783,1.3671,21.79,6.887,93.62,0
2784,1.4494,21.38,8.489,79.55,0
2785,1.4724,24.72,7.773,70.07,1
2786,1.4143,22.92,7.522,65.3,0
2787,1.3136,17.96,7.155,76.09,0
2788,1.4474,19.86,7.243,80.51,0
2789,1.5285,23.87,7.96,70.42,0
2790,1.6011,22.31,8.549,75.41,0
2791,1.4228,25.03,7.775,89.11,0
2792,1.4444,24.56,7.678,71.07,1
2793,1.3537,20.55,8.323,61.45,0
2794,1.4819,25.88,8.351,80.23,0
2795,1.36,20.59,8.525,78.92,0
2796,1.5808,18.47,7.223,63.68,1
2797,1.2225,18.88,6.639,80.44,0
2798,1.4171,15.29,6.772,69.0,1
2799,1.5185,22.85,7.337,78.57,0
2800,1.5054,22.4,7.716,90.39,0
2801,1.8696,17.63,6.981,75.58,0
2802,1.519,19.19,6.606,85.59,0
2803,1.3081,20.24,7.09,66.65,0
2804,1.4356,18.49,8.456,65.04,0
2805,1.1882,17.01,6.94,93.24,0
2806,1.4483,20.34,7.146,78.99,0
2807,1.3385,20.59,8.27,81.71,0
2808,1.5897,20.27,7.162,85.72,0
2809,1.3589,21.67,7.507,71.21,0
2810,1.4289,24.35,8.427,80.62,0
2811,1.352,20.66,7.281,81.28,0
2812,1.7106,22.63,7.323,65.3,0
2813,1.3741,24.17,7.157,86.59,0
2814,1.713,23.48,7.424,84.91,0
2815,1.5462,21.47,7.19,65.54,0
2816,1.4904,22.9,7.806,76.71,0
2817,1.4779,24.04,7.684,72.55,0
2818,1.4924,20.96,8.766,87.59,0
2819,1.1324,25.77,7.769,61.85,0
2820,1.3784,26.43,8.891,101.86,0
2821,1.5454,22.32,7.582,74.08,1
2822,1.403,24.5,8.235,80.2,0
2823,1.2174,25.09,8.421,84.4,0
2824,1.4069,23.6,7.047,73.31,0
2825,1.6456,25.16,8.05,72.53,0
2826,1.5947,24.99,7.812,69.42,0
2827,1.3848,21.62,7.316,68.22,0
2828,1.5432,25.95,8.35,75.37,0
2829,1.3416,23.15,8.74,73.9,0
2830,1.1412,27.61,7.812,68.61,0
2831,1.262,24.5,7.785,70.51,0
2832,1.6375,25.31,7.621,77.87,0
2833,1.331,28.75,8.651,64.85,0
2834,1.3509,26.96,8.221,70.38,0
2835,1.3469,24.22,7.706,81.53,0
2836,1.6586,24.76,8.297,75.97,0
2837,1.631,25.77,9.042,64.99,0
2838,1.7153,28.16,10.388,71.7,1
2839,1.3704,28.08,8.215,75.38,0
2840,1.4188,25.99,7.527,81.03,0
2841,1.1525,25.04,8.257,67.67,0
2842,1.6083,28.41,9.379,67.12,0
2843,1.1884,27.99,8.881,66.49,0
2844,1.4238,32.54,10.116,64.0,0
2845,1.1932,28.32,8.53,74.77,0
2846,1.2823,32.09,8.961,73.92,0
2847,1.2513,26.62,8.285,81.06,0
2848,1.2663,25.78,8.014,72.19,0
2849,1.2816,26.76,8.649,61.18,0
2850,1.276,32.18,9.517,74.82,0
2851,1.4859,33.26,9.922,70.16,1
2852,1.1997,28.45,8.713,72.55,0
2853,1.3967,28.88,8.708,61.12,1
2854,1.5342,28.06,8.869,70.3,0
2855,1.2907,27.11,7.821,63.11,0
2856,1.2509,31.58,9.169,73.24,0
2857,1.3379,31.68,9.019,66.39,0
2858,1.5289,31.1,9.092,66.09,1
2859,1.3886,28.92,8.507,58.96,0
2860,1.2763,35.18,9.639,76.23,0
2861,1.4243,30.54,8.75,68.3,0
2862,1.1792,32.8,9.792,69.33,0
2863,1.4648,29.51,8.864,65.32,1
2864,1.4091,31.53,9.15,56.26,0
2865,1.3219,33.68,9.154,64.53,0
2866,1.236,33.68,9.673,65.63,0
2867,1.2143,33.1,9.35,71.1,0
2868,1.4305,33.79,9.211,64.97,0
2869,1.5229,31.13,8.914,64.36,0
2870,1.2636,33.51,9.573,56.41,0
2871,1.418,33.94,9.671,68.75,0
2872,1.0303,34.18,9.56,61.59,0
2873,1.2637,34.13,9.461,78.54,0
2874,1.3481,31.52,9.579,70.93,0
2875,1.213,32.05,9.624,73.94,0
2876,1.2056,30.22,9.196,68.73,0
2877,1.24,36.03,9.478,68.38,0
2878,1.385,36.59,9.397,59.72,1
2879,1.3292,36.81,9.551,56.98,0
2880,1.0028,35.95,10.976,67.26,0
2881,1.0396,31.37,9.167,74.62,0
2882,1.2584,34.0,10.628,52.98,0
2883,1.4205,36.63,9.729,62.77,0
2884,0.9394,36.26,9.67,81.53,0
2885,1.2753,36.01,9.642,70.93,0
2886,1.2769,37.86,9.846,78.45,1
2887,1.5749,36.56,9.488,61.17,0
2888,1.2831,37.32,9.444,62.6,0
2889,1.4157,35.86,9.947,74.79,0
2890,1.3806,39.42,10.732,69.97,0
2891,1.029,36.51,11.55,65.85,0
2892,1.478,35.56,9.373,57.47,0
2893,1.3844,36.18,9.576,75.8,0
2894,1.4544,37.57,9.681,86.36,0
2895,1.9354,40.38,10.913,51.44,0
2896,1.0349,38.73,10.392,76.74,0
2897,1.6234,38.5,9.661,61.91,1
2898,1.3133,36.44,9.495,63.87,0
2899,1.4009,40.82,10.918,66.41,0
2900,1.361,38.03,10.157,56.38,1
2901,1.2999,39.29,10.578,64.93,0
2902,1.2787,42.98,10.417,50.1,1
2903,1.4178,41.24,9.903,67.74,0
2904,1.1388,36.95,9.642,84.35,0
2905,1.4911,36.86,10.196,61.47,1
2906,1.3098,40.95,11.65,63.22,0
2907,1.2068,37.89,9.824,64.62,0
2908,1.3002,42.21,12.062,71.13,0
2909,1.565,41.25,10.959,67.01,0
2910,1.3068,41.51,10.036,71.05,0
2911,1.4243,40.24,10.384,60.46,0
2912,1.2651,45.18,11.492,64.82,0
2913,1.4914,47.89,10.774,32.96,1
2914,1.4796,41.29,10.863,68.91,1
2915,1.6531,43.35,11.25,53.32,0
2916,1.3666,42.88,10.778,60.54,1
2917,1.5118,42.49,10.628,69.39,0
2918,1.4145,41.94,10.382,51.56,0
2919,1.5906,40.8,10.264,72.55,1
2920,1.2953,41.16,10.236,62.83,0
2921,1.5049,44.8,10.753,73.55,0
2922,1.3685,43.03,10.507,55.76,0
2923,1.386,39.12,10.118,50.69,0
2924,1.4187,44.85,10.978,61.22,0
2925,1.4462,44.68,10.687,66.69,0
2926,1.3894,47.36,11.736,65.71,0
2927,1.4401,45.34,11.287,52.46,1
2928,1.6582,42.08,10.36,50.41,1
2929,1.5741,41.29,10.596,61.55,0
2930,1.5444,44.11,10.644,66.58,0
2931,1.3402,44.52,10.864,65.81,0
2932,1.2671,47.56,11.888,72.58,0
2933,1.5763,46.1,10.909,58.04,0
2934,1.5638,48.34,11.272,44.74,1
2935,1.6546,43.65,10.853,71.97,0
2936,1.3472,48.35,11.123,61.02,0
2937,1.4037,48.49,11.43,62.18,1
2938,1.1887,42.94,10.632,69.03,0
2939,1.3966,49.58,11.221,68.78,0
2940,1.6008,47.56,11.671,59.73,0
2941,1.3717,48.48,11.539,68.86,0
2942,1.5419,46.18,11.876,65.42,0
2943,1.4205,50.78,12.019,53.06,1
2944,1.5066,46.08,11.438,59.26,1
2945,1.2804,50.26,12.387,63.6,1
2946,1.4804,50.62,11.7,52.96,0
2947,1.0254,46.59,11.259,67.78,0
2948,1.4509,53.15,11.825,58.06,1
2949,1.216,49.74,12.443,61.99,0
2950,1.6513,50.55,11.806,69.98,1
2951,1.5958,46.83,10.854,63.57,0
2952,1.5568,54.17,12.666,56.81,1
2953,1.7108,48.01,10.736,59.33,1
2954,1.33,52.29,12.103,56.37,1
2955,1.7478,48.09,12.028,62.11,1
2956,1.635,49.73,11.491,69.89,1
2957,1.4635,52.33,11.967,52.3,1
2958,1.665,53.47,12.072,51.3,1
2959,1.3303,49.1,11.04,69.69,0
2960,1.3779,53.75,12.605,52.02,0
2961,1.4195,54.02,12.449,58.37,0
2962,1.4421,50.12,11.546,54.1,0
2963,1.3537,55.28,12.458,41.92,1
2964,1.7013,48.87,11.731,60.67,0
2965,1.4793,51.41,12.138,67.02,0
2966,1.5789,53.52,12.372,55.99,1
2967,1.4481,51.28,11.558,46.46,0
2968,1.2515,53.74,12.388,57.61,1
2969,1.5785,53.67,12.638,50.47,1
2970,1.2523,53.19,12.344,35.75,1
2971,1.5336,55.48,13.012,54.65,1
2972,1.3455,54.04,12.331,60.94,1
2973,1.849,54.6,13.104,65.42,1
2974,1.6894,56.49,13.572,68.87,0
2975,1.5665,55.91,13.024,60.27,1
2976,1.7632,56.24,12.358,62.32,1
2977,1.4354,52.41,12.03,46.82,0
2978,1.6481,56.04,13.411,68.19,1
2979,1.621,53.42,11.817,66.83,0
2980,1.6166,52.8,12.085,54.19,0
2981,1.7649,55.46,12.441,60.82,0
2982,1.6857,54.39,12.072,61.2,0
2983,1.6231,57.57,13.404,65.94,1
2984,1.3309,57.88,13.178,52.76,1
2985,1.4614,52.69,11.869,51.33,1
2986,1.5733,55.26,12.797,51.81,1
2987,1.5984,53.9,12.302,63.65,0
2988,1.4286,56.37,12.316,39.66,1
2989,1.9801,58.19,12.824,29.8,0
2990,1.8474,56.39,13.004,61.38,1
2991,1.7069,56.96,13.269,56.93,1
2992,1.6339,60.36,13.171,52.15,0
2993,1.5963,53.34,12.553,46.25,1
2994,1.4838,61.05,14.356,38.61,1
2995,1.6391,57.41,12.432,49.47,1
2996,1.6748,58.37,13.206,56.61,1
2997,1.4594,58.28,13.39,49.38,0
2998,1.6935,62.61,13.756,58.84,1
2999,1.6272,56.94,13.398,47.04,1
3000,1.3581,59.28,14.594,48.99,1
3001,1.5314,60.32,13.636,57.68,1
3002,1.6043,56.9,12.741,51.53,1
3003,1.9451,57.92,13.531,51.0,1
3004,1.7601,59.75,13.702,47.59,1
3005,1.4539,58.61,12.484,46.84,1
3006,1.7568,59.08,13.204,55.93,0
3007,1.4398,60.02,13.107,56.61,1
3008,1.8443,62.47,13.796,53.44,0
3009,1.6087,60.62,13.249,47.41,1
3010,1.683,63.98,13.868,48.82,1
3011,1.9001,59.52,12.906,65.27,1
3012,1.4945,59.74,13.532,41.56,0
3013,1.5007,65.76,15.121,64.35,0
3014,1.6182,61.12,13.152,52.92,0
3015,1.8559,60.08,12.824,51.22,1
3016,1.4688,59.34,13.189,61.23,0
3017,1.277,65.11,13.935,33.08,1
3018,1.6439,62.69,14.266,62.48,0
3019,1.801,62.94,13.316,65.89,0
3020,1.9046,63.16,13.546,59.58,1
3021,1.658,65.77,13.511,32.36,1
3022,1.6748,63.42,14.448,56.85,1
3023,1.9106,68.84,14.664,60.71,1
3024,1.4521,64.4,13.801,62.41,1
3025,1.6872,66.66,13.858,37.32,1
3026,1.7754,66.29,13.943,56.98,1
3027,1.8093,64.84,14.238,64.36,1
3028,1.6772,63.55,13.498,50.34,0
3029,1.7721,65.75,14.242,37.26,1
3030,1.3925,66.77,15.404,55.6,1
3031,1.6576,64.76,13.774,58.31,0
3032,1.8261,66.06,13.942,47.76,1
3033,1.6123,68.32,14.652,38.1,1
3034,1.778,70.59,14.449,54.34,1
3035,1.8372,68.22,15.468,41.59,0
3036,1.7296,70.19,15.612,49.34,1
3037,1.799,66.19,13.938,61.93,1
3038,1.6455,68.22,14.339,34.62,1
3039,1.7587,69.97,14.666,53.98,1
3040,1.8765,65.93,14.02,47.54,1
3041,1.8239,66.63,14.48,47.1,1
3042,1.7126,71.37,15.551,50.02,1
3043,1.8414,66.05,13.79,42.91,1
3044,1.9088,65.46,14.62,39.96,1
3045,1.4944,71.98,15.247,31.55,1
3046,1.9975,71.38,14.689,55.7,1
3047,1.7645,69.71,14.434,43.71,0
3048,1.8829,69.06,14.719,51.91,1
3049,2.0098,68.48,14.151,43.78,1
3050,1.6234,69.76,15.267,37.21,1
3051,1.7257,73.02,14.981,50.18,1
3052,1.7907,70.22,15.04,48.92,1
3053,1.7168,74.45,15.399,42.13,0
3054,2.0983,68.25,14.477,50.06,0
3055,1.7188,70.45,14.841,38.62,1
3056,1.7616,69.9,15.314,55.22,1
3057,1.8739,68.59,14.304,57.88,1
3058,1.6664,70.93,14.753,52.47,1
3059,1.791,71.99,14.802,42.49,1
3060,1.8997,72.28,15.221,45.63,1
3061,1.8032,76.1,15.49,55.49,1
3062,1.8605,72.76,14.57,55.35,0
3063,1.7891,74.35,15.132,59.83,1
3064,1.63,72.35,16.119,38.99,1
3065,1.9119,75.71,15.876,36.02,1
3066,2.1397,77.58,15.932,43.11,1
3067,1.8628,74.22,15.326,47.4,1
3068,1.8976,71.3,14.896,44.83,1
3069,1.9853,72.51,14.911,42.39,1
3070,1.6987,74.51,15.541,54.69,1
3071,2.1422,74.67,15.43,43.07,1
3072,1.9216,75.19,15.219,33.89,0
3073,2.1236,74.87,15.706,34.95,1
3074,1.7978,74.15,14.707,45.9,1
3075,2.1643,73.36,15.496,68.7,1
3076,2.0167,75.26,15.223,35.56,1
3077,1.9778,78.75,16.157,38.88,1
3078,1.9406,77.42,15.506,61.74,0
3079,1.8686,76.97,15.742,38.92,1
3080,2.0917,77.49,16.157,45.72,1
3081,1.9176,75.18,16.323,58.72,1
3082,1.6197,74.65,15.041,36.09,1
3083,1.7343,74.69,15.954,41.39,1
3084,1.882,75.78,15.774,39.37,1
3085,1.9602,75.56,15.54,31.3,1
3086,1.8964,79.16,16.417,53.86,1
3087,2.0992,76.19,15.521,38.65,1
3088,1.63,75.49,15.958,36.32,1
3089,1.9347,81.16,16.284,36.53,1
3090,1.6351,76.46,15.5,49.75,1
3091,2.036,78.01,16.367,42.94,1
3092,1.9198,78.96,16.971,34.92,1
3093,1.9885,75.69,15.63,46.67,1
3094,1.7938,81.15,15.665,46.87,1
3095,2.1197,79.59,16.13,40.43,1
3096,2.0931,81.51,16.572,37.75,0
3097,2.0197,77.47,15.879,50.3,1
3098,1.9071,79.42,16.341,39.76,1
3099,2.0226,79.78,16.009,53.94,0
3100,1.8298,80.09,16.64,34.36,1
3101,2.0675,76.79,15.267,36.5,1
3102,2.1767,80.25,17.009,33.23,1
3103,2.1014,76.98,16.685,40.51,1
3104,1.8366,81.15,16.195,40.25,1
3105,1.9788,76.03,15.408,32.53,1
3106,1.7429,77.2,16.083,43.45,1
3107,2.0191,82.33,16.346,43.61,1
3108,2.0116,80.11,16.082,29.03,1
3109,1.6624,79.46,16.802,36.86,1
3110,1.7702,84.26,17.295,42.94,1
3111,1.9084,82.04,17.859,30.62,1
3112,1.9063,83.81,16.956,36.07,1
3113,1.7673,81.85,16.277,48.33,1
3114,2.0091,87.84,17.466,50.55,1
3115,1.9864,81.14,16.412,43.51,1
3116,1.9182,86.02,17.149,36.06,1
3117,1.8241,83.15,16.725,35.11,1
3118,2.0901,79.66,15.947,47.86,1
3119,2.1948,84.51,17.064,47.16,1
3120,1.8911,84.18,16.398,28.88,1
3121,1.8633,81.51,16.248,47.12,1
3122,2.0225,82.26,16.57,34.69,1
3123,1.8873,84.01,16.274,31.26,1
3124,1.9242,84.96,17.419,36.42,1
3125,2.0563,79.27,15.721,48.98,1
3126,1.6652,86.98,17.628,38.92,1
3127,2.1511,84.03,16.366,40.49,1
3128,1.9604,82.69,16.552,41.93,1
3129,1.8796,86.76,17.632,40.23,1
3130,1.9377,85.57,18.676,36.39,1
3131,1.9438,87.97,17.498,40.91,1
3132,1.6963,86.59,16.787,31.17,1
3133,2.172,85.66,17.762,41.98,1
3134,1.9491,86.18,17.205,44.22,1
3135,2.0151,87.59,17.421,41.95,1
3136,2.0911,85.87,17.391,43.01,1
3137,1.786,85.42,16.468,41.16,1
3138,2.0265,88.5,17.504,45.31,1
3139,1.9062,87.26,17.155,18.34,1
3140,2.073,87.79,18.046,43.23,1
3141,1.6167,90.21,18.147,50.38,1
3142,1.9099,88.09,16.912,30.94,1
3143,1.8371,87.95,18.161,30.17,1
3144,2.0182,86.88,17.566,46.61,1
3145,2.0123,89.21,17.115,27.9,1
3146,1.8362,89.49,17.76,29.61,1
3147,1.8292,90.78,18.311,35.94,1
3148,1.9036,88.01,16.996,29.63,1
3149,1.7832,88.58,18.246,42.53,1
3150,2.0635,90.86,17.542,27.83,1
3151,1.8744,90.29,17.562,37.39,1
3152,1.4829,88.15,17.207,37.99,1
3153,1.8717,92.82,18.885,46.25,1
3154,1.7809,87.08,17.124,45.62,1
3155,1.6911,91.83,17.684,29.32,1
3156,1.7375,88.27,17.621,25.52,1
3157,1.9451,94.51,18.823,38.71,1
3158,2.1259,87.56,17.791,30.88,1
3159,1.9733,93.64,18.194,29.7,1
3160,1.8371,91.43,18.056,25.3,1
3161,1.9826,91.1,17.624,39.5,1
3162,1.8491,92.09,19.002,28.09,1
3163,1.8264,93.5,18.79,32.28,1
3164,1.7392,90.78,18.394,34.02,1
3165,1.6482,90.85,18.356,35.93,1
3166,1.8602,93.8,18.567,37.58,1
3167,1.9235,89.38,17.326,32.82,1
3168,1.8851,91.62,18.255,27.55,1
3169,1.8507,99.05,19.208,13.83,1
3170,1.77,91.51,18.69,34.63,1
3171,1.9858,95.82,19.079,29.88,1
3172,1.6947,92.7,18.478,27.28,1
3173,2.0037,94.86,18.051,31.99,1
3174,1.7453,96.16,18.605,38.31,1
3175,1.7689,96.77,18.552,39.42,1
3176,1.6694,94.54,18.528,19.96,1
3177,1.8162,98.78,18.939,26.47,1
3178,2.0251,93.79,18.315,40.29,1
3179,1.9703,96.14,18.772,44.23,1
3180,2.024,95.85,18.589,24.51,1
3181,1.9507,93.44,18.249,43.58,1
3182,1.7043,95.0,18.121,20.69,1
3183,1.8251,96.36,18.478,39.94,1
3184,1.7591,94.8,18.917,29.11,1
3185,2.0632,101.29,19.064,40.3,1
3186,1.6849,95.33,19.097,28.11,1
3187,1.9998,99.03,19.643,26.54,1
3188,1.9863,98.78,19.036,28.29,1
3189,2.1279,96.85,21.148,17.98,1
3190,1.7917,95.88,19.321,17.14,1
3191,1.9712,96.42,18.435,34.95,1
3192,2.1872,96.58,19.102,38.63,1
3193,1.757,94.89,18.464,36.82,1
3194,1.6157,96.07,18.346,20.81,1
3195,1.5533,95.62,18.181,35.23,1
3196,1.9501,101.49,19.969,19.95,1
3197,1.5482,99.96,19.168,32.02,1
3198,1.7705,100.99,19.3,37.46,1
3199,1.9114,100.64,18.991,31.45,1
3200,1.8383,99.72,19.012,40.71,1
3201,1.8891,102.17,19.502,25.97,1
3202,1.8516,97.99,19.161,28.36,1
3203,2.0037,99.08,18.483,29.57,1
3204,1.6731,100.2,19.28,17.6,1
3205,1.7249,95.87,18.453,28.16,1
3206,1.6954,104.43,20.625,23.3,1
3207,1.9286,98.43,21.14,27.62,1
3208,1.9405,98.43,18.864,31.91,1
3209,1.8668,99.89,18.896,16.85,1
3210,1.9775,99.75,19.235,19.69,1
3211,1.6036,97.6,18.882,39.45,1
3212,2.0307,97.64,20.069,14.26,1
3213,2.0123,94.0,19.278,37.15,1
3214,1.8747,95.76,19.051,28.45,1
3215,2.0361,97.22,18.584,31.67,1
3216,1.538,96.69,19.123,42.67,1
3217,1.6978,98.73,19.12,28.51,1
3218,1.6561,95.95,18.873,36.07,1
3219,1.8821,92.61,17.816,33.38,1
3220,1.6152,97.74,19.443,29.21,1
3221,1.8732,98.24,19.099,27.77,1
3222,1.9592,96.92,18.799,36.12,1
3223,1.8544,94.64,18.288,26.15,1
3224,1.7874,96.79,18.517,21.58,1
3225,1.6045,101.27,19.621,28.43,1
3226,1.6138,94.66,17.97,33.59,1
3227,1.9135,91.36,18.42,19.25,1
3228,1.8454,92.43,17.829,33.1,1
3229,1.7119,95.33,17.968,22.17,1
3230,1.6666,90.25,18.822,39.43,1
3231,1.4283,93.35,18.015,18.1,1
3232,1.5578,94.11,18.054,47.73,1
3233,1.9926,95.34,19.318,28.48,1
3234,1.536,94.74,19.558,24.73,1
3235,1.7394,94.33,17.876,30.01,1
3236,1.8485,88.06,17.133,40.32,1
3237,1.5059,94.06,18.147,39.33,1
3238,1.7255,93.45,18.685,30.78,1
3239,1.8272,92.23,18.969,21.97,1
3240,1.694,87.99,17.162,26.05,1
3241,2.1036,89.38,18.493,37.0,1
3242,1.4301,89.0,17.319,43.36,1
3243,1.8226,86.66,17.462,45.5,1
3244,1.6542,90.67,17.558,35.77,1
3245,1.7908,89.05,17.609,42.88,1
3246,1.7272,95.51,18.552,46.83,1
3247,1.5467,89.76,17.63,44.28,1
3248,1.6866,92.82,18.322,40.46,1
3249,1.3707,86.58,16.951,30.38,1
3250,1.7402,88.68,17.273,43.17,1
3251,1.6803,89.27,17.878,39.03,1
3252,1.7381,87.43,18.053,41.53,1
3253,1.7933,87.87,17.524,46.0,1
3254,1.6938,88.28,17.711,38.54,1
3255,1.6671,88.27,17.803,35.04,1
3256,1.5015,91.69,18.49,24.94,1
3257,1.5028,89.17,17.314,32.93,1
3258,1.8168,89.01,17.246,36.9,1
3259,1.8235,88.81,17.331,37.68,1
3260,1.5825,88.51,18.837,37.24,1
3261,1.615,87.13,17.61,44.17,1
3262,1.478,86.77,17.44,43.8,1
3263,1.7754,87.25,17.619,35.86,1
3264,1.7037,88.91,17.302,28.47,1
3265,1.8927,88.42,18.794,38.69,1
3266,1.4547,85.7,17.37,55.27,1
3267,1.5333,87.74,17.695,38.76,0
3268,1.6236,85.21,16.577,34.92,1
3269,1.6691,85.73,17.612,41.68,1
3270,1.5461,84.76,16.855,42.91,1
3271,1.443,84.54,16.582,42.34,1
3272,1.709,87.29,16.976,46.79,1
3273,1.6659,85.27,16.696,40.64,1
3274,1.4326,84.65,16.589,48.19,1
3275,1.7661,81.84,16.613,41.61,1
3276,1.7201,83.73,16.604,50.54,1
3277,1.568,83.74,17.052,48.03,1
3278,1.5655,82.34,17.595,46.73,1
3279,1.6456,84.15,16.79,44.68,1
3280,1.4099,82.58,15.995,57.34,0
3281,1.5443,83.38,16.705,47.33,1
3282,1.2192,83.4,17.491,32.1,1
3283,1.663,80.83,16.505,42.38,1
3284,1.2874,82.1,17.329,37.47,1
3285,1.7492,82.77,17.038,55.64,1
3286,1.4753,84.42,16.395,47.65,0
3287,1.4642,82.43,16.652,55.43,1
3288,1.405,80.64,16.42,34.27,1
3289,1.484,82.08,17.22,48.16,1
3290,1.7265,84.98,18.057,26.53,1
3291,1.1279,83.1,17.33,26.17,1
3292,1.6875,82.07,16.844,36.05,1
3293,1.5542,82.38,16.982,51.32,1
3294,1.2984,83.86,16.774,30.65,1
3295,1.3312,82.54,16.259,39.29,0
3296,1.7429,81.41,16.464,49.16,1
3297,1.336,82.22,16.699,46.29,1
3298,1.3198,77.81,15.53,59.84,0
3299,1.6487,76.33,16.461,42.73,1
3300,1.5154,79.84,16.788,37.08,1
3301,1.333,79.28,15.864,32.4,0
3302,1.4926,77.99,16.661,39.2,1
3303,1.3236,80.34,16.277,31.67,1
3304,1.6135,74.51,15.313,29.25,1
3305,1.6046,77.36,16.506,58.06,0
3306,1.5435,77.22,15.924,42.56,1
3307,1.4999,74.6,16.553,64.23,1
3308,1.7111,80.29,16.091,33.67,1
3309,1.4441,75.01,14.924,40.12,1
3310,1.2671,76.47,15.636,36.8,1
3311,1.513,79.06,16.41,35.95,1
3312,1.7524,78.38,15.663,48.73,1
3313,1.2729,74.44,15.054,48.68,1
3314,1.3737,78.21,16.041,49.05,0
3315,1.4913,77.2,15.427,53.44,1
3316,1.4147,81.08,16.47,49.05,1
3317,1.2806,76.39,15.604,34.92,1
3318,1.5934,75.46,15.834,38.88,1
3319,1.7767,74.09,14.951,45.32,0
3320,1.4487,73.79,16.156,73.9,1
3321,1.2809,73.76,15.318,50.86,1
3322,1.1818,77.75,16.328,42.86,1
3323,1.4517,74.86,16.057,49.12,1
3324,1.5801,75.86,15.31,38.6,1
3325,1.4818,77.5,16.307,44.2,1
3326,1.3958,69.35,14.311,54.52,1
3327,1.3095,76.51,15.446,42.46,0
3328,1.2344,73.56,16.515,38.38,1
3329,1.5268,74.76,16.079,43.46,1
3330,1.533,71.58,16.346,42.85,1
3331,1.1644,71.37,14.918,34.51,0
3332,1.6365,74.39,15.464,39.73,1
3333,1.4881,77.9,16.094,30.88,1
3334,1.5855,74.98,15.526,33.88,1
3335,1.1962,74.88,15.269,34.76,1
3336,1.1813,71.89,14.697,53.2,0
3337,1.3605,71.06,15.04,58.26,1
3338,1.4415,70.38,14.383,33.71,1
3339,1.658,71.07,14.48,58.71,1
3340,1.4837,67.48,14.408,39.11,1
3341,1.3393,69.9,14.709,52.99,1
3342,1.2268,69.86,15.221,48.55,1
3343,1.5538,70.9,14.793,51.26,1
3344,1.2183,70.9,14.794,36.73,1
3345,1.619,71.16,15.132,31.19,1
3346,1.3339,70.62,14.478,40.0,1
3347,1.6099,68.96,14.384,50.51,1
3348,1.4592,65.98,13.93,64.69,0
3349,1.3591,68.75,14.452,39.19,0
3350,1.2872,67.56,15.443,47.31,1
3351,1.3257,70.3,14.493,40.64,1
3352,1.4316,71.07,15.476,46.14,1
3353,1.3688,70.66,15.153,30.78,1
3354,1.2702,70.2,15.612,58.3,1
3355,1.3366,68.27,17.047,47.76,1
3356,1.3624,67.43,15.181,55.78,1
3357,1.0338,66.92,14.698,47.03,1
3358,1.4181,64.83,13.462,51.32,1
3359,1.1958,69.92,14.359,56.04,1
3360,1.1733,67.45,14.535,49.46,0
3361,1.0967,64.91,13.565,51.7,1
3362,1.0899,65.2,14.292,43.08,0
3363,1.149,64.91,13.487,45.86,1
3364,1.2596,66.92,14.847,40.35,0
3365,1.6481,68.87,14.47,41.57,1
3366,1.2815,65.57,14.156,59.73,0
3367,1.385,61.85,13.248,66.04,0
3368,1.4082,65.51,13.624,39.61,1
3369,1.3782,65.69,14.72,52.59,0
3370,1.3244,65.07,14.677,47.3,1
3371,1.1634,63.9,13.808,61.59,0
3372,1.574,65.15,14.425,50.39,0
3373,1.6125,64.91,13.941,49.86,0
3374,1.0953,64.93,14.102,44.08,0
3375,1.1929,65.35,14.344,37.36,1
3376,1.3105,62.97,14.063,56.63,1
3377,1.2091,62.92,14.43,53.87,1
3378,1.4306,67.1,14.563,51.68,1
3379,1.2476,64.7,13.95,44.83,1
3380,1.668,65.36,13.854,48.38,0
3381,1.5172,65.7,14.017,55.86,1
3382,1.3819,64.11,14.213,57.82,0
3383,1.5047,64.76,13.431,40.37,1
3384,1.5124,59.73,13.778,47.95,1
3385,1.2592,62.76,13.655,39.78,0
3386,1.2373,61.98,13.317,53.06,1
3387,1.3588,65.51,13.796,56.46,1
3388,1.4729,63.75,14.179,48.34,0
3389,1.3778,60.36,13.384,47.12,0
3390,1.1295,62.57,14.468,48.57,1
3391,1.2421,61.98,13.115,70.17,0
3392,1.3252,62.1,13.43,61.33,1
3393,1.3436,58.76,13.104,59.21,0
3394,1.6426,61.48,13.166,54.69,1
3395,1.1545,60.48,13.243,52.38,1
3396,1.4375,60.69,13.495,44.88,0
3397,1.5891,58.52,13.394,45.09,1
3398,1.7041,58.6,13.928,48.61,1
3399,1.3083,62.22,13.024,43.75,1
3400,1.4432,57.65,12.951,49.51,1
3401,1.4482,57.09,12.684,53.76,0
3402,1.3977,59.16,13.384,53.28,0
3403,1.3514,57.32,13.021,49.67,0
3404,1.4522,56.8,12.441,58.62,1
3405,0.9903,58.58,12.698,51.98,0
3406,1.487,55.39,12.84,57.31,1
3407,1.3948,56.24,12.671,49.05,0
3408,1.3446,62.09,13.501,57.04,1
3409,1.6884,58.76,13.311,49.05,1
3410,1.2901,55.95,13.019,67.76,0
3411,1.3171,58.39,12.741,52.0,1
3412,1.6779,58.12,12.796,52.96,0
3413,1.2667,58.87,12.617,58.22,0
3414,1.2959,56.21,12.705,61.28,0
3415,1.3721,58.65,12.555,60.79,1
3416,1.5149,52.62,12.156,71.68,0
3417,1.4176,53.63,13.073,61.62,1
3418,1.2071,56.17,12.632,54.39,0
3419,1.3054,56.3,12.46,50.57,1
3420,1.304,53.35,13.544,55.55,0
3421,1.4009,55.78,13.37,67.0,0
3422,1.4615,54.03,12.051,45.16,1
3423,1.4789,53.83,12.56,49.5,0
3424,1.1475,56.35,12.8,53.02,1
3425,1.557,56.49,12.879,48.28,0
3426,1.4481,52.25,13.08,54.03,1
3427,1.625,52.34,12.121,71.92,1
3428,1.4823,52.95,12.349,54.47,0
3429,1.5752,53.96,12.6,59.96,0
3430,1.489,51.89,12.732,44.31,0
3431,1.6135,55.16,13.083,46.73,1
3432,1.4997,53.86,12.57,64.01,0
3433,1.4205,53.59,11.892,70.08,0
3434,1.7781,49.95,11.651,60.75,1
3435,1.57,54.99,12.981,53.02,1
3436,1.5183,46.75,11.367,64.87,0
3437,1.2498,53.61,12.72,35.73,1
3438,1.2393,53.95,13.361,58.33,0
3439,1.4888,50.8,11.591,49.88,1
3440,1.4642,53.97,12.838,62.72,1
3441,1.3458,51.31,11.801,40.47,0
3442,1.4807,51.11,12.473,52.83,1
3443,1.6846,51.91,11.997,57.39,1
3444,1.5458,57.14,14.14,48.2,1
3445,1.2889,52.91,12.287,54.0,0
3446,1.4423,51.57,11.806,65.01,0
3447,1.3309,48.11,11.862,59.82,0
3448,1.4039,50.65,11.983,51.16,0
3449,1.4179,48.13,12.142,67.68,1
3450,1.4032,51.42,12.174,59.9,0
3451,1.294,49.86,13.43,61.25,1
3452,1.4613,46.93,11.257,53.36,0
3453,1.4018,48.87,11.643,38.78,0
3454,1.0385,46.46,11.2,53.2,0
3455,1.802,48.94,11.575,51.35,0
3456,1.6504,46.4,11.303,55.86,1
3457,1.446,48.01,11.585,52.74,0
3458,1.5061,49.37,11.796,60.07,0
3459,1.3267,47.07,11.116,67.2,0
3460,1.7454,47.18,10.956,69.37,0
3461,1.7846,47.67,11.182,66.71,0
3462,1.5338,48.73,12.185,52.45,0
3463,1.6633,44.45,11.699,62.74,1
3464,1.5459,47.4,11.243,72.78,1
3465,1.3367,49.14,11.408,46.47,0
3466,1.466,47.08,11.377,71.29,0
3467,1.5579,46.53,12.414,53.02,0
3468,1.4509,47.21,11.854,62.31,0
3469,1.5003,46.24,11.532,63.85,0
3470,1.5286,47.23,11.649,61.77,0
3471,1.5236,41.16,11.246,81.88,0
3472,1.5528,42.07,10.234,61.09,0
3473,1.3706,46.94,11.247,47.55,0
3474,1.4508,41.94,10.411,66.45,0
3475,1.3749,45.59,11.33,60.11,0
3476,1.7056,43.44,10.903,66.67,0
3477,1.2485,42.5,10.91,70.3,0
3478,1.7386,44.26,10.759,61.71,0
3479,1.7789,44.17,11.684,65.52,0
3480,1.5334,47.95,11.33,61.24,0
3481,1.196,41.77,10.937,77.71,0
3482,1.5393,45.86,11.673,57.84,0
3483,1.5722,43.92,11.464,57.09,0
3484,1.4371,41.62,10.757,70.94,0
3485,1.5335,44.08,11.36,54.5,1
3486,1.8333,43.33,11.858,65.78,1
3487,1.7004,42.18,10.759,62.12,1
3488,1.4775,42.32,10.331,62.27,0
3489,1.3747,40.71,10.584,83.89,0
3490,1.5749,39.6,10.161,74.51,0
3491,1.5848,42.88,10.129,71.08,0
3492,1.6944,40.99,10.61,68.67,1
3493,1.5392,40.78,10.45,58.72,0
3494,1.7179,41.67,11.07,65.88,1
3495,1.9275,40.98,10.218,68.61,0
3496,1.754,37.33,9.402,68.02,0
3497,1.629,42.96,10.801,63.99,1
3498,1.6215,39.77,10.537,61.24,0
3499,1.5935,39.13,10.192,67.45,0
3500,1.836,40.24,10.29,60.18,1
3501,1.5542,39.49,9.992,70.63,0
3502,1.6639,40.6,10.313,48.24,1
3503,1.6688,39.88,10.044,75.62,1
3504,1.5949,40.45,10.775,54.1,1
3505,1.4648,40.83,10.65,55.67,1
3506,1.7295,40.33,10.175,67.88,0
3507,1.659,37.39,10.929,70.1,0
3508,1.7422,35.69,9.616,83.91,0
3509,1.5977,41.03,10.648,66.25,1
3510,1.8658,36.88,9.721,66.37,1
3511,1.5516,36.34,10.688,68.28,0
3512,1.9526,33.38,9.321,81.15,0
3513,1.4305,37.73,9.932,85.62,0
3514,1.7765,36.7,9.829,65.14,0
3515,1.7784,33.33,9.245,72.99,0
3516,1.6013,37.0,10.457,65.79,0
3517,1.7706,35.46,9.887,66.99,0
3518,1.9052,41.29,10.39,79.07,1
3519,1.3838,34.34,10.388,60.51,0
3520,1.8095,35.11,9.816,49.44,0
3521,1.3523,33.66,9.207,70.94,0
3522,1.5866,37.7,9.583,75.77,0
3523,1.9875,34.21,9.193,70.06,1
3524,1.6475,33.61,9.394,72.63,0
3525,1.5658,35.84,9.91,73.44,0
3526,1.7091,31.65,9.789,70.66,0
3527,2.0625,35.49,9.292,71.86,0
3528,1.4726,37.24,9.731,70.69,0
3529,1.5977,35.36,9.114,51.84,0
3530,1.9917,34.81,9.073,68.79,0
3531,2.0464,35.07,9.29,54.95,0
3532,1.7403,36.75,9.882,66.46,0
3533,1.594,35.54,9.905,63.62,0
3534,2.0874,33.78,8.961,77.13,0
3535,2.0163,34.35,9.091,69.95,0
3536,1.8796,30.23,8.336,74.29,0
3537,1.6529,33.65,9.456,66.95,0
3538,1.7818,30.07,8.479,79.23,0
3539,1.773,30.88,9.771,57.55,1
3540,1.8481,25.52,8.208,66.48,1
3541,2.0153,32.51,9.023,79.77,0
3542,1.9155,29.59,8.529,67.27,0
3543,1.6361,32.48,8.782,51.58,0
3544,2.008,31.24,8.502,81.24,0
3545,1.8717,32.92,9.03,77.49,0
3546,1.9121,27.93,8.237,77.46,0
3547,2.0367,32.11,8.819,70.39,0
3548,1.6734,34.39,9.58,81.28,0
3549,1.8226,31.3,9.187,80.1,0
3550,1.7288,31.17,8.791,82.35,0
3551,1.5856,29.94,9.872,76.38,0
3552,1.898,28.12,7.894,72.87,0
3553,2.2133,30.19,8.818,67.46,0
3554,1.554,25.8,7.99,62.94,0
3555,1.8283,27.29,8.238,76.17,1
3556,1.9375,24.76,7.789,78.75,0
3557,1.8631,26.68,8.326,69.69,0
3558,1.8212,29.2,8.539,76.12,0
3559,1.6557,28.92,8.498,69.03,0
3560,1.8937,27.55,8.042,79.16,0
3561,1.7366,27.57,7.942,64.96,0
3562,1.5205,23.21,7.794,66.31,1
3563,2.0385,25.56,8.06,70.85,1
3564,1.9978,25.51,7.945,79.83,0
3565,1.8695,24.99,8.091,64.51,0
3566,1.9053,27.6,8.113,80.61,0
3567,2.0429,24.53,7.808,60.97,0
3568,1.9112,24.62,7.648,71.92,0
3569,2.0216,21.35,8.229,64.46,0
3570,1.8306,25.21,7.777,52.77,0
3571,2.0839,23.31,7.627,77.79,1
3572,1.9249,25.46,7.886,71.98,0
3573,1.9189,23.3,7.518,63.57,0
3574,1.708,24.79,8.019,69.53,0
3575,1.9379,24.55,7.827,77.67,0
3576,1.7623,27.4,8.388,69.28,0
3577,1.804,25.38,7.954,71.71,0
3578,1.7758,20.57,7.137,73.21,0
3579,1.7418,21.22,7.588,71.45,0
3580,2.2249,23.35,9.034,69.44,0
3581,2.1056,21.36,7.195,71.05,0
3582,2.1911,17.11,7.033,70.95,0
3583,1.7329,25.76,8.105,65.38,0
3584,1.9232,23.83,8.178,71.44,0
3585,1.7244,23.72,7.993,69.63,0
3586,1.8037,21.31,7.57,67.33,0
3587,1.7793,22.99,7.631,81.08,0
3588,2.1057,20.43,7.192,86.16,0
3589,1.8708,22.09,7.307,75.49,0
3590,2.0781,19.91,7.24,77.65,0
3591,2.0228,24.48,7.472,68.22,0
3592,2.275,18.3,6.863,85.57,0
3593,1.7058,23.31,8.377,88.71,0
3594,2.1204,20.41,7.365,74.94,0
3595,2.0942,18.71,7.658,73.01,0
3596,1.7907,20.66,8.167,79.16,0
3597,2.0704,21.86,7.431,76.69,0
3598,1.9779,22.27,7.854,71.29,0
3599,1.8966,20.25,7.174,80.3,0
3600,1.815,17.9,6.587,84.29,0
3601,1.8218,20.13,6.931,70.5,0
3602,2.2393,23.07,8.13,95.02,0
3603,1.9469,22.89,7.817,62.78,0
3604,2.0512,22.19,8.733,68.58,0
3605,1.8161,22.17,8.002,77.49,0
3606,1.8313,22.15,7.291,93.31,0
3607,2.1033,23.3,8.157,70.49,0
3608,1.736,20.06,7.209,68.06,0
3609,1.881,18.44,7.703,81.63,0
3610,1.9574,21.47,7.385,73.79,0
3611,1.9558,20.11,6.891,81.86,0
3612,1.9191,19.71,6.872,76.45,0
3613,2.0003,20.39,7.165,69.49,0
3614,2.0569,27.25,8.038,91.2,0
3615,2.0652,22.92,7.416,51.51,1
3616,1.8005,23.44,8.134,89.19,0
3617,1.9033,20.7,8.489,83.88,0
3618,2.1181,19.32,6.661,71.08,0
3619,2.0662,21.45,8.135,90.91,0
3620,1.7305,26.44,7.936,61.75,0
3621,1.9994,24.42,8.009,82.14,0
3622,1.6531,24.99,7.569,56.87,0
3623,1.9514,25.36,8.286,64.11,1
3624,2.2388,22.75,7.259,65.69,0
3625,1.8161,27.28,8.527,66.5,0
3626,1.8175,23.45,7.798,74.73,0
3627,2.0729,27.65,8.461,65.31,0
3628,1.7161,26.05,8.056,56.91,0
3629,1.8579,21.45,7.821,79.33,1
3630,2.0366,23.5,7.989,74.53,0
3631,1.8573,21.98,7.526,78.38,0
3632,1.9128,28.28,8.897,73.1,0
3633,2.0727,26.12,8.103,80.54,0
3634,2.0115,21.75,7.796,74.89,0
3635,1.9684,26.83,8.357,80.25,0
3636,1.895,25.39,8.244,67.1,0
3637,2.0171,23.86,8.095,68.51,1
3638,1.9327,30.19,8.669,81.5,0
3639,2.0289,27.38,7.985,82.82,0
3640,1.8805,27.06,8.335,76.97,0
3641,1.9125,27.11,8.986,65.56,1
3642,1.7936,24.89,8.159,66.08,0
3643,1.9507,25.67,8.25,84.03,0
3644,1.8134,31.05,8.858,80.29,0
3645,1.7667,27.31,8.773,71.46,0
3646,1.9644,28.96,8.534,90.34,0
3647,1.9642,24.95,7.86,77.64,0
3648,2.0407,26.83,8.864,63.92,0
3649,1.8803,30.25,8.689,68.03,0
3650,1.9925,30.15,9.171,70.62,0
3651,2.0072,33.14,9.702,69.6,0
3652,1.9941,32.68,9.413,79.01,0
3653,1.7923,29.79,8.274,63.56,0
3654,1.9552,30.9,8.977,59.47,0
3655,1.986,29.85,8.695,75.82,0
3656,1.9281,34.54,9.382,63.68,0
3657,1.6161,32.85,9.235,87.99,0
3658,1.9378,31.47,9.286,77.67,0
3659,2.247,31.81,8.817,65.32,0
3660,1.887,33.98,9.403,77.78,0
3661,1.7953,33.26,9.166,75.01,0
3662,1.971,34.93,10.119,73.0,0
3663,1.9739,28.08,8.358,71.23,0
3664,2.096,33.3,8.812,72.2,0
3665,1.7168,31.24,8.469,52.89,1
3666,2.0181,36.34,9.814,77.73,0
3667,1.9866,36.24,9.374,39.52,1
3668,1.8936,33.59,9.594,64.99,0
3669,1.9572,35.93,9.292,54.06,1
3670,2.0503,37.23,9.604,62.53,0
3671,2.0286,33.79,9.021,67.78,0
3672,1.7244,38.84,10.323,55.8,0
3673,2.0283,34.02,9.664,46.08,1
3674,1.8927,33.64,9.517,69.82,0
3675,1.8956,36.28,9.277,83.52,0
3676,1.8974,33.81,9.158,65.33,0
3677,1.867,34.87,9.64,75.37,0
3678,2.0525,38.04,9.397,77.84,0
3679,1.8721,35.61,9.437,52.35,0
3680,1.7086,32.4,9.916,65.83,1
3681,1.8326,36.62,9.634,56.73,1
3682,1.8889,34.41,9.027,61.6,0
3683,2.0531,38.2,9.683,79.64,0
3684,1.9571,37.78,9.617,68.05,1
3685,1.7491,39.64,11.572,71.38,0
3686,2.243,38.37,11.006,64.96,0
3687,1.9073,39.29,10.521,55.61,1
3688,2.0587,35.41,9.553,72.35,0
3689,1.8315,39.03,10.805,75.55,0
3690,1.9387,41.21,10.009,66.47,0
3691,1.9803,35.84,10.201,70.7,1
3692,2.0221,41.45,10.921,54.0,1
3693,2.0041,37.09,9.708,71.97,0
3694,1.9797,37.05,10.391,77.46,0
3695,1.7845,39.04,10.083,68.66,1
3696,1.7623,40.02,9.853,50.44,0
3697,1.8893,40.85,10.786,77.43,0
3698,1.9698,37.43,9.869,59.09,1
3699,1.8042,40.02,10.529,67.66,1
3700,1.9967,37.85,11.135,73.5,0
3701,2.0557,37.06,9.697,75.16,1
3702,1.6848,37.67,9.9,51.47,0
3703,1.6983,38.6,10.916,66.26,0
3704,1.7909,41.35,10.746,64.31,0
3705,1.8594,42.65,10.376,74.5,0
3706,1.7277,37.69,9.596,69.81,0
3707,2.0137,41.46,10.257,75.39,0
3708,1.8584,38.82,9.844,69.78,1
3709,1.8001,42.66,10.681,62.55,0
3710,1.5944,39.96,10.315,65.85,0
3711,1.5937,39.65,10.358,76.92,0
3712,1.832,43.98,10.502,52.34,0
3713,1.4505,41.45,10.234,71.42,1
3714,1.929,41.76,9.871,58.96,0
3715,1.758,37.46,10.105,58.99,0
3716,2.266,44.81,11.546,70.01,0
3717,2.1029,44.82,10.585,55.14,1
3718,1.7303,43.16,10.933,65.93,0
3719,1.7351,40.48,10.049,60.85,0
3720,1.8989,46.03,11.496,42.32,0
3721,2.0153,42.36,10.649,67.14,0
3722,1.5051,43.06,10.928,63.74,1
3723,1.4835,48.44,11.637,44.13,1
3724,1.6553,42.41,11.377,57.41,0
3725,1.8266,46.19,11.311,46.78,1
3726,1.8232,45.51,10.84,66.93,0
3727,1.8807,45.47,11.212,72.52,0
3728,1.5554,45.54,11.004,68.02,0
3729,1.3975,46.48,11.25,69.11,0
3730,1.8457,46.44,11.102,56.74,1
3731,1.5931,45.45,10.887,65.66,0
3732,1.3959,48.67,11.741,59.37,1
3733,1.7373,43.23,10.844,64.2,1
3734,1.8318,48.5,12.041,67.54,0
3735,1.6744,48.65,11.347,69.12,0
3736,1.632,48.28,10.964,56.34,0
3737,1.681,49.22,11.504,48.05,0
3738,1.6461,46.51,10.824,58.9,0
3739,1.4933,43.58,11.025,60.66,0
3740,1.5784,47.58,10.88,62.79,0
3741,1.7568,45.89,10.809,67.84,1
3742,1.7393,46.66,11.149,45.54,0
3743,1.7137,45.63,12.0,55.93,1
3744,1.5151,47.26,11.0,52.46,0
3745,1.6237,47.36,11.374,70.29,1
3746,1.3311,44.38,11.145,60.77,0
3747,1.688,50.05,12.712,54.63,1
3748,1.8661,53.61,12.724,61.02,0
3749,1.4421,50.56,12.466,53.39,1
3750,1.5673,48.76,12.035,58.95,0
3751,1.7078,49.69,11.291,73.24,0
3752,1.8315,48.82,11.893,73.16,0
3753,1.5803,50.09,12.292,55.48,1
3754,1.533,50.3,11.515,57.47,1
3755,1.3446,48.73,11.483,54.63,1
3756,1.6438,54.05,12.09,40.87,1
3757,1.9228,48.05,11.793,68.11,0
3758,1.6501,52.62,11.996,76.7,0
3759,1.6238,50.66,11.759,54.53,0
3760,1.6514,55.16,12.19,49.03,1
3761,1.6029,52.19,12.07,55.11,0
3762,1.4837,51.06,11.762,58.73,0
3763,1.7111,51.46,12.084,48.82,0
3764,1.6266,52.32,11.743,53.57,1
3765,1.6048,50.0,11.876,66.52,0
3766,1.4394,51.22,11.773,59.01,0
3767,1.7815,49.34,11.347,69.25,0
3768,1.6775,51.16,11.432,60.98,0
3769,1.496,53.36,11.876,47.75,1
3770,1.7313,54.09,12.317,51.79,1
3771,1.5016,49.43,11.785,60.92,0
3772,1.4537,53.58,12.495,47.66,1
3773,1.4455,55.06,12.572,45.41,0
3774,1.3012,53.77,12.098,46.76,0
3775,1.6301,53.41,12.811,60.48,1
3776,1.2762,54.09,12.203,53.45,1
3777,1.3757,53.6,12.558,65.57,0
3778,1.2425,53.87,12.304,49.13,0
3779,1.525,55.49,12.779,35.78,0
3780,1.5151,60.05,13.116,51.65,0
3781,1.4849,53.92,12.56,69.28,0
3782,1.3701,55.34,12.495,55.95,1
3783,1.3627,56.06,13.016,43.98,1
3784,1.5999,54.83,12.234,42.5,1
3785,1.442,58.97,12.543,62.95,1
3786,1.5594,51.68,11.691,50.9,0
3787,1.3742,56.43,13.18,67.65,1
3788,1.5419,58.72,12.989,58.74,0
3789,1.6998,56.7,12.722,48.53,0
3790,1.5875,55.8,12.293,64.6,1
3791,1.4445,59.08,13.015,46.52,0
3792,1.5408,59.73,12.954,41.46,1
3793,1.4481,58.37,12.655,46.53,1
3794,1.4957,56.98,12.682,60.87,1
3795,1.4321,59.11,13.415,62.15,0
3796,1.4522,57.66,13.131,50.88,1
3797,1.5193,60.01,13.523,37.59,1
3798,1.3295,61.85,13.106,38.92,1
3799,1.3189,53.97,12.333,47.75,1
3800,1.2809,59.72,13.111,42.45,1
3801,1.2289,55.83,12.201,56.99,0
3802,1.2832,64.7,13.947,64.95,0
3803,1.493,59.05,13.056,59.63,1
3804,1.322,61.56,13.763,42.63,1
3805,1.5442,60.2,13.429,46.92,1
3806,1.4677,58.97,12.892,49.1,1
3807,1.1708,59.23,13.716,56.38,0
3808,1.543,63.68,13.324,62.91,0
3809,1.5736,63.21,13.754,47.17,1
3810,1.2904,65.28,13.584,61.74,1
3811,1.51,62.14,13.214,68.49,1
3812,1.3142,62.72,13.855,48.48,1
3813,1.4636,61.8,13.166,48.89,0
3814,1.2502,62.26,13.204,48.93,0
3815,1.1544,60.35,14.932,52.78,1
3816,1.364,62.68,13.358,47.88,1
3817,1.4086,61.51,14.277,58.77,0
3818,1.362,63.83,13.846,37.84,0
3819,1.2357,63.38,13.645,46.34,1
3820,1.3529,64.0,14.039,52.84,0
3821,1.4484,66.98,15.036,55.38,1
3822,1.402,63.97,13.487,68.07,1
3823,1.4367,65.39,13.908,38.85,0
3824,1.3084,68.42,14.974,42.45,0
3825,1.5842,66.95,14.49,30.18,1
3826,1.2109,66.8,14.923,39.64,1
3827,1.4716,64.27,14.17,36.02,1
3828,1.5695,65.66,15.22,45.17,1
3829,1.4903,62.87,13.688,49.31,0
3830,1.3586,66.33,14.455,52.42,1
3831,1.3269,66.72,14.383,46.7,1
3832,1.5489,65.63,14.029,52.76,0
3833,1.1719,68.0,14.921,48.56,1
3834,1.2402,64.15,14.034,41.96,1
3835,1.3273,69.75,15.13,33.45,1
3836,1.5754,68.4,15.147,52.39,1
3837,1.4483,66.81,14.62,62.06,0
3838,1.2324,66.77,14.527,69.13,1
3839,1.3262,68.28,14.196,54.91,1
3840,1.2916,70.86,14.702,58.29,1
3841,1.2925,67.35,14.826,51.77,1
3842,1.5206,67.98,15.266,50.2,1
3843,1.1668,68.0,14.107,48.81,1
3844,1.6116,71.99,14.87,44.72,1
3845,1.4911,67.72,14.484,52.71,0
3846,1.5336,68.34,14.207,43.27,1
3847,1.3106,71.9,14.721,44.46,1
3848,1.3374,69.38,14.913,37.73,0
3849,1.1446,71.68,15.894,49.55,1
3850,1.2829,67.43,13.935,40.49,1
3851,1.4354,69.51,14.694,47.35,1
3852,1.5519,73.1,15.285,49.09,1
3853,1.1951,68.48,15.018,52.03,1
3854,1.3044,70.38,14.83,52.91,1
3855,1.3303,71.79,15.943,44.4,1
3856,1.1464,69.07,14.638,51.26,1
3857,1.4408,70.38,15.414,42.82,1
3858,1.2324,71.67,14.805,29.91,1
3859,1.3162,71.63,15.161,50.22,1
3860,1.2848,73.95,15.103,46.66,1
3861,1.2361,74.99,16.013,52.09,1
3862,1.3618,70.02,14.871,46.49,1
3863,1.3114,72.35,15.3,32.35,1
3864,1.3061,73.13,15.237,43.71,1
3865,1.2432,75.72,15.804,50.52,1
3866,1.3944,74.23,15.613,47.95,1
3867,1.5977,73.68,14.981,43.52,1
3868,1.3769,74.09,15.124,30.81,1
3869,1.4982,74.31,15.429,35.98,1
3870,1.1443,71.23,15.401,49.23,0
3871,1.3653,73.79,16.471,30.85,1
3872,1.1925,76.82,15.886,40.16,1
3873,1.1427,73.87,15.798,44.88,1
3874,1.249,74.19,14.968,53.18,1
3875,1.5347,74.03,16.671,49.26,1
3876,1.4931,69.88,15.008,54.49,1
3877,1.382,75.04,15.57,45.94,1
3878,1.1328,75.95,15.556,36.4,1
3879,1.3175,74.27,15.033,39.08,1
3880,1.3965,73.04,14.942,37.43,0
3881,1.3816,73.87,16.55,48.89,1
3882,1.0734,77.28,15.699,36.48,1
3883,1.2053,80.07,15.976,37.68,1
3884,1.3217,79.31,15.848,41.21,1
3885,1.4318,73.45,14.953,57.59,1
3886,1.0208,78.42,16.075,47.09,1
3887,1.3341,75.63,16.055,37.38,1
3888,1.3831,76.09,15.562,44.44,0
3889,1.481,76.52,15.33,56.1,1
3890,1.4518,79.27,16.099,46.24,1
3891,1.4416,79.49,16.228,28.06,1
3892,1.2289,77.69,16.497,34.99,1
3893,1.0676,78.26,15.879,34.11,1
3894,1.3044,79.51,15.971,52.7,1
3895,1.4938,79.55,16.188,50.93,0
3896,1.5717,81.02,16.472,34.94,1
3897,1.4675,76.51,15.58,37.71,0
3898,1.426,79.4,15.987,41.49,1
3899,1.4147,77.29,15.338,43.23,1
3900,1.2707,79.43,15.98,33.47,1
3901,1.3437,79.25,16.678,39.02,1
3902,1.6158,79.57,16.627,29.28,1
3903,1.2244,78.84,15.906,51.82,1
3904,1.6074,77.11,16.616,28.19,1
3905,1.3206,76.59,15.761,28.9,1
3906,1.5549,80.38,15.991,43.83,1
3907,1.166,80.41,15.849,30.52,1
3908,1.4644,79.92,16.781,36.89,1
3909,1.27,83.57,16.785,38.74,1
3910,1.1683,79.7,15.881,46.26,1
3911,1.4139,84.8,16.271,36.05,1
3912,1.5256,84.94,16.868,51.71,1
3913,1.2608,78.13,16.193,41.67,1
3914,1.1606,82.93,16.408,48.76,1
3915,1.369,81.57,16.228,41.89,1
3916,1.3668,77.03,15.631,59.7,0
3917,1.4792,79.89,16.907,48.99,1
3918,1.5428,85.0,16.488,38.25,1
3919,1.384,87.33,17.137,41.37,1
3920,1.6591,85.29,17.624,35.27,1
3921,1.4284,84.27,17.154,35.95,1
3922,1.3505,83.84,16.916,27.95,1
3923,1.1531,87.38,17.189,29.81,1
3924,1.3607,88.69,17.643,52.07,1
3925,1.3556,83.1,16.701,29.18,0
3926,1.5561,80.56,16.216,35.14,1
3927,1.475,81.03,15.986,39.53,1
3928,1.2423,87.42,17.786,35.56,1
3929,1.4488,85.22,17.105,40.85,1
3930,1.5226,85.78,17.286,33.43,1
3931,1.6507,82.19,16.608,43.05,1
3932,1.5423,83.93,17.099,47.32,1
3933,1.5376,85.19,16.97,47.68,1
3934,1.4349,86.65,17.107,34.23,1
3935,1.4977,85.83,16.864,42.22,1
3936,1.6179,84.39,16.611,28.95,1
3937,1.2251,85.34,16.7,32.03,1
3938,1.3898,89.61,17.639,25.44,1
3939,1.3155,87.91,16.992,35.62,1
3940,1.5162,89.17,17.219,28.42,1
3941,1.6342,86.23,17.647,24.86,1
3942,1.3547,82.05,16.541,36.43,1
3943,1.1076,87.04,17.058,22.79,1
3944,1.3995,86.83,18.722,47.68,0
3945,1.597,89.26,17.197,31.02,1
3946,1.5277,94.96,19.124,39.45,1
3947,1.5316,90.08,17.821,30.39,1
3948,1.4124,94.28,18.838,22.28,1
3949,1.2805,90.69,17.934,43.64,0
3950,1.5521,88.5,17.002,36.37,1
3951,1.3435,90.63,17.898,49.35,0
3952,1.8099,93.7,18.487,29.19,1
3953,1.5769,93.72,17.737,28.94,1
3954,1.3985,89.2,18.705,43.04,1
3955,1.3981,91.48,18.145,42.08,1
3956,1.4782,87.69,17.851,36.9,1
3957,1.4597,92.92,17.845,59.66,1
3958,1.6832,94.51,18.753,29.63,1
3959,1.5277,91.48,18.521,23.56,1
3960,1.3932,90.16,18.039,26.57,1
3961,1.7864,92.45,18.17,30.9,1
3962,1.5257,92.62,17.754,45.41,1
3963,1.6397,92.08,17.99,31.78,1
3964,1.4264,92.59,18.029,45.56,1
3965,1.5759,92.02,18.347,37.0,1
3966,1.5867,94.91,18.141,40.31,1
3967,1.2598,94.57,18.635,35.25,1
3968,1.8416,91.09,17.67,37.25,1
3969,1.735,91.17,17.779,39.82,1
3970,1.4824,93.03,18.559,28.46,1
3971,1.3593,95.17,18.439,27.18,1
3972,1.6014,93.98,18.673,34.99,1
3973,1.5661,92.79,18.488,48.41,1
3974,1.5999,94.49,18.324,19.69,1
3975,1.5857,93.99,18.917,16.34,1
3976,1.6473,96.52,18.795,28.89,1
3977,1.777,95.57,19.099,39.39,1
3978,1.6584,94.88,19.541,32.6,1
3979,1.4141,96.02,18.602,21.87,1
3980,1.7781,98.26,19.196,30.28,1
3981,1.8195,94.21,18.274,17.92,1
3982,2.0563,96.42,18.451,35.76,1
3983,1.4243,95.6,18.525,28.45,1
3984,1.6291,97.42,18.46,29.6,1
3985,1.2776,95.16,18.217,35.08,1
3986,1.6775,96.97,19.134,32.25,1
3987,1.5175,98.86,18.979,24.69,1
3988,1.8999,95.05,18.945,39.86,1
3989,1.4884,94.64,18.566,38.36,1
3990,1.3569,94.96,19.628,17.61,1
3991,1.5528,95.13,18.838,29.55,1
3992,1.328,99.1,19.679,20.67,1
3993,1.7362,95.52,18.816,21.48,1
3994,1.3256,97.44,19.081,34.47,1
3995,1.6378,100.36,19.841,25.34,1
3996,1.3156,99.79,19.62,27.82,1
3997,1.5758,97.87,19.14,24.67,1
3998,1.8862,99.11,19.297,31.89,1
3999,1.6976,99.56,19.379,34.23,1
4000,1.517,98.61,18.925,46.78,1
4001,1.66,98.64,18.893,27.92,1
4002,1.6542,103.17,20.603,14.67,1
4003,1.7311,100.82,20.515,24.12,1
4004,1.4751,103.26,19.515,33.25,1
4005,1.7601,97.48,18.581,23.86,1
4006,1.2599,98.08,19.565,18.11,1
4007,1.5796,95.3,18.883,25.44,1
4008,1.6037,96.21,19.003,26.79,1
4009,1.7864,101.25,19.938,19.08,1
4010,1.6703,96.51,18.753,32.42,1
4011,1.4759,100.71,19.443,27.56,1
4012,1.5325,94.37,18.637,38.42,1
4013,1.7246,94.9,18.162,28.16,1
4014,1.6861,95.97,18.807,35.6,1
4015,1.6167,96.79,19.451,27.03,1
4016,1.6309,98.21,18.977,20.89,1
4017,1.824,96.93,18.864,26.08,1
4018,1.6419,94.97,18.748,18.89,1
4019,1.7114,95.73,18.574,45.68,1
4020,2.0525,94.77,18.826,32.99,1
4021,1.4949,93.23,18.17,26.08,1
4022,1.4518,93.09,18.923,29.7,1
4023,1.853,96.68,19.138,11.16,1
4024,1.6395,91.27,17.55,45.35,0
4025,1.6872,97.38,19.941,40.99,1
4026,1.6404,93.55,18.387,33.56,1
4027,1.7054,92.37,17.85,35.78,1
4028,2.0047,95.28,19.089,21.47,1
4029,1.8699,97.25,18.97,20.92,1
4030,1.8964,95.55,18.203,17.78,1
4031,1.5541,94.47,18.169,30.84,1
4032,1.5992,94.62,18.685,39.89,1
4033,1.3603,89.6,17.112,32.16,1
4034,1.6608,91.46,18.165,36.8,1
4035,1.9271,90.96,18.121,42.16,1
4036,1.8614,94.67,18.114,18.87,1
4037,1.756,91.78,18.152,48.55,1
4038,1.787,93.57,18.35,41.67,1
4039,1.6817,92.86,17.728,37.12,1
4040,1.8237,89.86,18.263,42.24,1
4041,1.8987,90.18,18.175,42.2,1
4042,1.5625,93.69,18.08,34.81,1
4043,1.8524,89.21,17.732,46.4,1
4044,1.9395,90.7,18.293,30.55,1
4045,1.7564,88.95,17.519,39.1,0
4046,1.931,89.95,17.124,45.36,1
4047,2.23,89.93,17.991,13.31,1
4048,1.7948,88.25,17.293,39.45,1
4049,1.884,87.75,17.265,41.84,1
4050,1.7163,90.44,18.677,21.09,1
4051,1.8675,87.8,17.431,38.61,1
4052,1.9057,87.18,17.444,29.96,1
4053,1.8634,87.02,17.543,39.66,1
4054,1.6718,88.49,17.799,34.82,1
4055,1.8853,90.16,17.563,26.91,1
4056,2.0461,91.23,17.869,42.75,1
4057,1.9222,86.36,17.421,33.27,1
4058,1.9929,92.02,18.273,35.48,1
4059,1.814,85.51,17.281,47.77,1
4060,1.9527,89.91,19.485,27.85,1
4061,1.9075,85.7,16.764,37.23,1
4062,1.73,85.25,17.51,33.69,1
4063,1.9157,85.32,17.699,35.21,1
4064,1.7215,86.91,17.495,54.13,1
4065,1.7703,87.7,17.226,39.84,1
4066,1.9072,87.55,18.31,38.42,1
4067,1.9078,84.04,16.283,42.45,1
4068,1.7042,83.58,16.729,41.63,1
4069,2.0406,83.71,17.267,23.83,1
4070,1.9619,85.11,16.993,55.75,0
4071,1.7766,85.01,17.896,26.09,1
4072,1.6692,83.16,16.325,52.44,1
4073,1.861,85.53,16.646,42.17,1
4074,1.8252,89.01,17.52,36.62,1
4075,1.9088,83.46,16.946,36.18,1
4076,1.831,83.68,16.677,59.63,1
4077,1.6047,84.5,16.89,42.68,1
4078,1.8289,82.71,17.569,39.26,1
4079,1.838,85.19,17.867,33.61,1
4080,2.0012,82.25,16.374,34.16,1
4081,1.8008,87.15,16.924,36.69,1
4082,2.1603,83.75,16.208,30.98,1
4083,1.6255,81.41,16.661,45.16,1
4084,2.1211,81.76,16.688,34.67,1
4085,1.8804,81.33,16.458,47.89,1
4086,2.0437,84.77,16.99,45.51,1
4087,1.9345,79.42,15.88,40.77,1
4088,2.0907,80.25,16.732,45.0,1
4089,1.8655,80.7,17.422,45.68,1
4090,1.7523,81.45,15.879,28.27,1
4091,2.1356,80.7,16.287,54.1,1
4092,1.9031,77.79,15.664,39.8,1
4093,1.9607,79.83,15.847,46.33,1
4094,2.1006,80.78,16.063,46.14,1
4095,1.7713,79.45,16.3,21.4,1
4096,2.0234,81.08,16.764,34.42,1
4097,1.8511,81.87,17.272,46.22,1
4098,1.9145,79.77,16.2,41.5,1
4099,1.9518,80.29,15.741,46.11,0
4100,1.7036,75.0,15.479,44.18,1
4101,1.8061,78.83,15.594,51.72,1
4102,2.1492,81.14,16.05,41.06,1
4103,2.0726,77.94,16.223,53.27,1
4104,1.9275,77.28,16.014,34.46,1
4105,1.9733,82.91,16.897,37.85,1
4106,1.9073,82.04,16.392,34.55,1
4107,2.1578,78.94,16.446,44.43,1
4108,1.9148,80.47,16.249,38.29,1
4109,1.9837,73.36,15.798,42.78,0
4110,2.1191,75.78,15.829,37.65,1
4111,1.8353,76.24,15.672,39.21,1
4112,2.1937,76.25,15.926,42.74,1
4113,1.7107,76.16,15.575,26.8,1
4114,2.1907,71.4,15.864,27.67,1
4115,1.8908,77.54,16.025,42.93,1
4116,1.9087,77.9,15.932,19.93,1
4117,1.6538,79.63,16.179,39.46,0
4118,1.8766,74.06,15.816,41.17,1
4119,1.7998,73.89,15.685,48.7,1
4120,1.8532,70.05,14.739,41.14,1
4121,1.9201,74.87,15.027,56.21,1
4122,2.1017,76.75,15.515,49.34,1
4123,1.9788,73.59,15.406,32.54,1
4124,1.9865,79.31,16.844,38.89,1
4125,1.7891,73.93,15.215,56.58,1
4126,1.7997,74.74,15.182,38.55,0
4127,2.2296,70.91,14.465,45.38,1
4128,1.8353,74.32,16.294,55.31,0
4129,2.2078,69.56,14.927,42.59,1
4130,1.901,74.85,15.831,52.97,0
4131,1.9344,74.45,15.892,36.42,1
4132,2.1157,75.83,15.592,20.15,1
4133,2.1499,70.87,14.958,55.88,1
4134,1.9222,72.89,16.028,48.19,1
4135,1.8751,73.75,15.327,48.62,1
4136,1.928,73.65,15.425,36.23,1
4137,1.9947,70.05,15.29,38.5,1
4138,2.0691,67.2,14.654,57.89,1
4139,1.9532,72.65,15.158,47.09,1
4140,2.0418,71.38,14.826,45.22,1
4141,2.1899,70.04,15.144,48.32,1
4142,1.997,72.59,15.571,57.11,1
4143,1.9986,70.65,15.531,51.63,0
4144,1.712,67.93,14.645,44.14,1
4145,1.5457,67.02,14.485,37.45,1
4146,1.996,68.35,14.26,52.68,1
4147,1.9197,74.72,15.3,36.53,1
4148,1.8582,71.49,15.34,36.45,1
4149,1.9823,70.32,14.608,57.36,0
4150,1.9164,68.96,14.76,54.23,1
4151,2.0972,68.93,15.286,50.67,1
4152,1.9507,71.49,15.617,36.16,1
4153,1.8204,67.83,14.588,62.59,0
4154,2.0827,69.59,14.476,55.0,0
4155,1.8879,68.07,14.297,45.79,1
4156,2.0148,72.12,15.497,41.43,1
4157,1.8618,69.8,14.644,47.61,1
4158,1.8298,70.45,14.613,42.84,0
4159,1.9402,66.4,14.88,66.57,0
4160,1.9229,69.59,14.697,44.22,1
4161,2.0,67.02,14.079,40.01,1
4162,1.8752,67.27,14.546,60.91,1
4163,1.6409,70.6,15.28,41.93,1
4164,1.8431,64.46,13.591,56.12,1
4165,2.0268,67.19,14.176,53.89,1
4166,1.8603,67.0,14.188,48.15,1
4167,1.8803,67.19,14.526,40.92,1
4168,2.059,65.13,14.259,49.27,0
4169,1.7978,69.78,14.643,37.25,1
4170,1.6641,62.55,13.184,50.92,0
4171,1.8777,68.13,15.011,54.0,0
4172,1.8157,67.59,13.989,62.02,0
4173,1.7522,68.43,14.531,38.57,1
4174,1.8758,61.6,13.439,50.01,1
4175,1.96,62.79,13.817,46.82,0
4176,1.8989,67.2,15.319,50.38,1
4177,1.9322,60.06,15.753,40.29,1
4178,2.1584,60.6,12.946,45.33,0
4179,1.8212,63.19,14.218,37.77,0
4180,1.9293,63.6,13.944,38.81,1
4181,1.8025,66.19,14.73,43.35,1
4182,1.7422,63.09,14.098,64.43,1
4183,1.7848,61.76,14.328,54.69,1
4184,1.8156,63.35,13.858,51.19,0
4185,1.922,63.2,13.57,61.71,1
4186,2.2178,62.93,14.172,54.05,1
4187,1.7581,61.54,13.498,55.29,0
4188,1.8047,57.55,12.868,50.1,1
4189,1.8611,60.11,13.144,47.53,1
4190,1.9068,63.8,14.377,39.83,1
4191,1.8997,61.4,14.417,47.2,1
4192,2.0453,60.73,12.841,50.42,0
4193,1.4967,63.26,14.003,53.56,1
4194,1.4818,58.08,12.956,53.16,1
4195,1.7634,60.2,12.905,49.73,1
4196,2.0004,60.83,13.376,44.98,1
4197,1.599,59.25,12.961,56.28,1
4198,1.3816,60.16,12.869,48.69,1
4199,1.9131,59.19,12.902,55.95,1
4200,1.8685,56.79,12.388,39.29,1
4201,1.6592,59.73,12.914,55.7,1
4202,1.6539,56.49,12.368,60.73,1
4203,1.6627,59.4,13.087,57.96,0
4204,1.8223,61.92,13.277,50.18,0
4205,1.7111,57.83,13.032,61.48,1
4206,1.8753,56.0,13.004,44.75,1
4207,1.3634,57.81,13.022,53.34,0
4208,1.6701,56.46,12.741,53.42,1
4209,1.6269,59.1,12.985,61.67,1
4210,1.7478,57.3,12.613,38.14,0
4211,1.7124,60.51,13.059,43.6,0
4212,1.908,59.09,13.537,67.09,0
4213,1.5131,56.83,12.173,35.02,1
4214,1.7891,58.17,12.908,60.17,1
4215,1.8636,55.28,12.566,49.68,1
4216,2.0419,56.26,13.147,57.15,0
4217,1.7037,55.61,12.069,66.94,1
4218,1.8211,57.45,12.933,56.55,1
4219,1.504,58.48,13.203,64.96,0
4220,1.3991,56.61,12.38,50.64,0
4221,1.8788,56.71,12.569,51.5,1
4222,1.7511,56.79,12.836,60.87,1
4223,1.9222,55.81,12.822,51.52,1
4224,1.5485,52.1,12.203,61.94,1
4225,1.8205,57.66,13.204,63.5,1
4226,2.025,57.51,12.588,60.81,0
4227,1.7933,53.71,11.877,43.78,1
4228,1.7684,53.22,12.33,54.1,0
4229,1.7282,55.01,11.964,58.05,1
4230,1.498,54.81,12.141,54.28,0
4231,1.917,52.83,12.789,57.75,1
4232,1.6351,50.69,11.973,60.73,0
4233,1.7769,53.18,12.1,52.34,1
4234,1.4794,53.92,12.042,55.03,0
4235,1.5403,54.0,12.644,46.97,1
4236,1.9101,53.22,12.288,52.77,1
4237,1.6278,51.53,11.658,45.66,1
4238,1.9152,54.15,11.846,56.98,1
4239,1.6742,51.67,13.292,56.15,1
4240,1.4134,50.44,11.471,51.21,1
4241,1.8217,51.1,12.14,72.33,0
4242,1.5889,48.01,12.257,57.93,0
4243,1.784,50.53,11.905,60.56,1
4244,1.679,52.25,11.835,52.35,1
4245,1.4369,51.16,11.453,54.56,1
4246,1.6708,53.64,11.839,59.34,1
4247,1.9805,49.49,11.892,56.42,1
4248,1.7367,50.96,12.751,58.33,0
4249,1.6438,51.07,11.824,64.32,0
4250,1.8165,54.0,12.229,52.09,0
4251,1.6929,49.47,11.996,48.31,1
4252,1.6764,46.83,11.026,48.2,0
4253,1.4689,50.35,12.067,69.73,0
4254,1.6616,52.78,12.083,64.71,1
4255,1.7768,48.27,11.258,65.09,0
4256,1.4932,50.07,11.817,55.29,0
4257,1.8345,50.52,12.787,47.75,1
4258,1.6112,49.95,12.014,56.52,0
4259,1.4865,48.23,12.144,59.31,0
4260,1.7478,46.1,10.911,52.05,1
4261,1.5679,47.05,11.963,48.68,0
4262,1.7231,48.12,11.757,46.04,1
4263,1.5534,48.65,11.126,64.7,1
4264,1.5919,47.13,11.612,50.74,0
4265,1.6662,45.66,10.969,63.65,1
4266,1.626,47.2,10.87,56.88,1
4267,1.2894,47.61,11.429,64.72,0
4268,1.4334,46.63,11.537,63.33,1
4269,1.7203,44.07,10.92,60.52,0
4270,1.5448,45.14,11.006,62.65,0
4271,1.5016,46.74,11.278,59.73,0
4272,1.3685,42.17,12.389,58.24,0
4273,1.405,40.6,10.037,72.36,0
4274,1.2554,47.62,11.776,56.93,1
4275,1.5423,45.66,11.153,60.27,1
4276,1.4642,45.83,10.724,50.14,0
4277,1.3906,41.97,10.595,65.46,1
4278,1.5414,45.17,10.566,56.7,0
4279,1.604,43.72,10.68,58.55,1
4280,1.8625,40.11,10.346,57.61,1
4281,1.2962,45.73,10.72,59.93,0
4282,1.6964,43.4,11.092,46.32,0
4283,1.6726,42.18,10.322,68.88,0
4284,1.4006,41.62,10.13,63.04,1
4285,1.5617,38.58,9.701,61.81,0
4286,1.4494,43.38,12.202,50.44,0
4287,1.55,42.83,10.041,66.42,0
4288,1.7287,41.51,10.613,58.8,0
4289,1.594,44.43,10.668,72.56,0
4290,1.5861,38.51,9.875,69.35,0
4291,1.4438,40.02,10.567,76.95,0
4292,1.2787,39.43,10.333,66.49,0
4293,1.4625,40.29,10.067,73.23,0
4294,1.6786,40.33,9.957,67.71,0
4295,1.2567,41.37,10.74,60.41,0
4296,1.3271,39.27,10.419,66.18,0
4297,1.5095,38.37,9.975,59.19,0
4298,1.327,43.14,10.9,79.26,0
4299,1.3534,44.67,10.78,61.44,0
4300,1.4148,40.06,10.067,65.12,0
4301,1.2653,37.88,9.865,69.3,0
4302,1.3234,42.08,10.771,54.66,0
4303,1.5725,36.14,9.903,77.66,1
4304,1.2687,37.77,10.313,57.95,0
4305,1.2148,37.35,9.45,56.49,0
4306,1.3683,35.92,10.552,65.92,0
4307,1.5657,37.87,9.739,55.79,1
4308,1.415,36.39,9.691,79.33,0
4309,1.3905,37.99,9.596,64.1,0
4310,1.4542,37.35,9.831,40.51,1
4311,1.175,36.04,9.922,68.69,0
4312,1.5103,36.52,10.06,71.22,0
4313,1.4918,36.4,10.55,63.55,0
4314,1.3835,38.32,10.224,54.73,0
4315,1.5774,35.94,9.789,66.03,1
4316,1.2586,38.35,9.78,61.91,0
4317,1.5913,37.2,9.666,58.68,1
4318,1.445,36.85,10.28,58.09,0
4319,1.3686,38.62,10.453,67.01,1
4320,1.4258,33.45,8.877,75.72,0
4321,1.3983,34.41,9.829,71.93,0
4322,1.5976,38.46,10.398,51.55,1
4323,1.2441,34.49,9.071,73.07,0
4324,1.3008,29.26,8.821,77.38,0
4325,1.5618,34.27,9.069,79.29,0
4326,1.2985,34.51,8.881,59.99,0
4327,1.5263,28.49,8.513,70.92,0
4328,1.6586,36.58,9.854,71.37,0
4329,1.3374,32.32,9.078,65.24,0
4330,1.4905,33.83,11.596,72.41,0
4331,1.207,33.02,9.437,68.9,0
4332,1.506,30.84,8.941,63.41,0
4333,1.4181,30.74,9.074,63.96,0
4334,1.4614,31.17,8.814,80.09,0
4335,1.2872,34.59,9.899,59.85,0
4336,1.1295,32.39,9.203,60.22,0
4337,1.4523,30.88,9.116,72.75,0
4338,1.0862,29.89,8.592,70.53,0
4339,1.3299,34.19,8.914,57.64,1
4340,1.5245,34.47,9.212,63.66,1
4341,1.4126,33.18,9.421,61.93,0
4342,1.6781,32.14,8.912,64.42,0
4343,1.5329,31.43,9.092,90.04,1
4344,1.2757,28.03,8.486,69.22,0
4345,1.3755,29.7,8.989,63.82,0
4346,1.362,29.14,8.301,87.68,0
4347,1.1319,26.6,8.325,79.87,0
4348,1.2118,32.46,8.879,75.36,0
4349,1.2717,28.09,8.046,65.24,0
4350,1.053,31.98,8.952,78.99,0
4351,1.3675,31.51,9.761,76.77,0
4352,1.3236,30.8,8.337,71.95,0
4353,1.1143,29.91,8.962,57.09,0
4354,1.4237,27.41,8.742,71.8,0
4355,1.4581,32.62,10.581,83.36,0
4356,1.3828,28.27,8.266,73.49,0
4357,1.3132,28.52,8.326,68.37,0
4358,1.45,26.67,7.893,70.82,0
4359,1.4692,26.47,8.705,71.94,0
4360,1.4177,28.45,8.239,64.97,0
4361,1.2435,28.15,8.288,72.1,0
4362,1.4062,25.23,7.627,84.94,0
4363,1.5267,24.35,8.42,84.89,0
4364,1.2549,24.44,8.413,68.35,0
4365,1.6533,28.94,9.038,81.5,0
4366,1.2826,25.02,7.516,79.66,0
4367,1.3551,25.21,8.332,78.67,1
4368,1.254,28.94,8.1,74.94,0
4369,1.3786,23.97,7.949,67.29,0
4370,1.081,24.0,7.978,71.22,0
4371,1.2697,23.73,7.981,81.23,0
4372,1.1742,28.02,8.82,62.15,0
4373,1.3648,28.7,8.665,63.17,0
4374,1.4967,25.97,7.651,75.36,0
4375,1.4542,26.1,8.403,66.71,0
4376,0.9921,22.71,7.812,81.63,0
4377,1.6544,28.17,8.236,65.57,0
4378,1.3807,24.4,7.486,76.03,0
4379,1.2314,25.49,9.016,76.04,0
4380,1.3743,23.25,8.437,70.99,0
4381,1.3758,22.73,7.874,73.02,0
4382,1.2519,26.38,8.092,67.59,0
4383,1.3755,24.09,7.22,74.05,0
4384,1.2646,25.88,8.45,65.75,0
4385,1.2921,22.98,7.821,72.97,0
4386,1.2406,20.96,7.221,82.3,0
4387,1.1229,21.08,7.91,66.99,1
4388,1.3667,22.1,8.017,71.76,0
4389,1.4525,20.15,7.374,80.65,0
4390,1.4323,19.5,7.18,60.31,0
4391,1.4798,23.82,7.899,89.42,0
4392,1.4142,19.68,7.519,84.96,0
4393,1.2721,20.93,7.17,63.64,0
4394,1.4818,21.11,7.692,59.11,0
4395,1.1616,18.82,6.859,77.28,0
4396,1.2254,23.04,8.413,65.88,0
4397,1.2246,18.09,7.202,84.69,0
4398,1.5321,20.34,7.116,79.88,0
4399,1.49,20.22,7.259,77.65,0
4400,1.4382,19.37,6.907,72.39,0
4401,1.5295,16.98,7.671,89.76,0
4402,1.2336,21.71,8.388,82.0,0
4403,1.4119,21.35,7.825,80.62,0
4404,1.3644,19.13,7.884,86.77,0
4405,1.4879,22.03,7.636,67.21,0
4406,1.3322,21.56,7.89,86.04,0
4407,1.3206,18.16,7.594,74.87,0
4408,1.4594,19.41,7.087,79.85,0
4409,1.5143,23.76,7.927,73.1,0
4410,1.2735,22.02,8.037,60.35,0
4411,1.3709,20.53,7.665,84.01,0
4412,1.2251,20.54,7.03,61.96,0
4413,1.002,21.33,6.9,68.1,0
4414,1.4177,21.22,7.42,72.23,0
4415,1.4773,20.82,6.867,60.42,0
4416,1.4314,19.19,6.778,68.23,0
4417,1.0915,25.0,7.775,75.61,1
4418,1.3461,25.06,7.816,70.77,0
4419,1.0633,20.83,7.773,74.29,0
4420,1.5978,24.06,8.251,67.13,0
4421,1.2289,22.1,7.643,75.58,0
4422,1.5849,23.59,8.1,72.2,0
4423,1.5442,23.41,8.036,61.48,0
4424,1.2629,23.56,7.162,72.89,0
4425,1.2284,28.42,8.604,61.77,0
4426,1.4504,23.97,7.332,81.61,0
4427,1.2949,23.06,7.962,71.59,0
4428,1.4389,23.49,7.237,94.69,0
4429,1.3441,26.95,8.381,79.98,0
4430,1.1321,22.01,7.903,74.28,0
4431,1.0873,24.0,7.617,78.79,0
4432,1.4559,28.84,9.103,54.93,0
4433,1.334,26.58,8.487,80.49,0
4434,1.3305,26.61,8.488,66.21,0
4435,1.528,30.26,9.243,71.12,0
4436,1.6126,27.02,8.327,66.3,0
4437,1.3868,25.31,8.199,68.47,0
4438,1.3973,26.84,8.169,71.39,0
4439,1.5213,24.83,8.052,74.39,0
4440,1.2511,30.17,8.517,70.56,0
4441,1.4668,28.8,8.191,71.23,0
4442,1.5462,30.27,8.628,57.28,0
4443,1.5529,30.45,8.787,89.0,0
4444,1.176,27.74,8.217,74.32,0
4445,1.3362,26.57,8.76,76.36,0
4446,1.3387,28.53,8.174,68.53,0
4447,1.4822,27.03,8.236,65.35,0
4448,1.5278,29.52,9.242,72.41,0
4449,1.6879,31.21,9.382,71.97,0
4450,1.4109,29.75,9.281,81.87,0
4451,1.3967,30.06,8.472,87.54,0
4452,1.6565,29.47,9.144,82.88,0
4453,1.5218,31.87,8.737,55.52,0
4454,1.6918,28.39,8.561,67.64,0
4455,1.5451,26.09,8.271,75.77,0
4456,1.3227,31.53,8.862,66.46,0
4457,1.3011,32.94,9.021,68.57,0
4458,1.2527,32.16,8.927,52.53,0
4459,1.5996,29.8,8.387,77.96,0
4460,1.7045,29.34,9.025,56.17,1
4461,1.8054,32.68,9.162,56.79,0
4462,1.6437,32.18,9.113,61.29,0
4463,1.6856,31.8,9.128,68.64,0
4464,1.4332,36.35,9.694,54.19,1
4465,1.3562,30.76,8.971,61.73,0
4466,1.65,36.31,9.7,76.3,0
4467,1.59,33.13,9.971,67.92,0
4468,1.5503,29.37,8.934,74.49,0
4469,1.593,33.27,9.246,58.87,0
4470,1.5929,35.47,9.514,66.88,0
4471,1.7304,33.02,9.15,68.01,0
4472,1.7415,31.24,9.141,63.75,1
4473,1.632,33.84,10.173,67.98,0
4474,1.6845,32.75,8.691,54.28,0
4475,1.6216,35.37,9.888,70.83,0
4476,1.4981,36.44,10.287,63.8,0
4477,1.6698,32.64,8.809,66.89,0
4478,1.3628,33.71,9.314,75.39,0
4479,1.7231,36.81,9.399,70.05,0
4480,1.3861,33.94,9.479,65.71,1
4481,1.6216,33.6,9.163,59.55,0
4482,1.4548,33.42,9.157,79.35,0
4483,1.6831,36.32,9.65,56.11,1
4484,1.5854,36.55,10.086,71.34,0
4485,1.3543,35.05,9.735,54.9,0
4486,1.6705,36.77,9.921,73.85,0
4487,1.5174,39.61,10.38,72.82,0
4488,1.7327,35.21,9.789,52.42,0
4489,1.599,33.4,9.238,72.37,0
4490,1.6779,38.37,11.002,68.6,0
4491,1.4724,37.33,9.468,71.84,0
4492,1.5318,36.4,9.126,69.73,0
4493,1.5625,38.98,9.668,57.23,0
4494,1.7564,40.18,9.832,63.09,1
4495,1.8886,33.97,9.716,81.35,0
4496,1.5115,37.98,10.107,57.56,0
4497,1.7991,43.59,11.326,65.04,0
4498,1.3185,40.06,9.965,73.87,0
4499,1.4674,40.78,10.79,56.3,0
4500,1.5117,41.96,10.618,52.08,0
4501,1.453,40.22,10.263,54.61,0
4502,1.4173,41.46,10.862,66.92,0
4503,1.7214,41.4,10.24,53.81,0
4504,1.6245,41.16,12.267,62.62,0
4505,1.7249,40.23,11.041,75.88,1
4506,1.7744,40.8,10.131,63.34,0
4507,1.7254,39.79,10.044,58.74,0
4508,1.7722,41.03,10.444,65.08,0
4509,1.6718,38.88,10.152,64.64,0
4510,1.5198,39.88,10.799,68.76,0
4511,1.8452,41.22,10.113,76.7,0
4512,1.5928,40.29,10.482,67.92,1
4513,1.5551,40.78,9.997,80.51,0
4514,1.6627,41.99,10.664,67.35,0
4515,1.5687,43.07,10.839,56.77,0
4516,1.6431,44.38,12.008,80.26,0
4517,1.774,42.07,10.136,62.38,0
4518,1.7739,45.65,11.912,52.8,0
4519,1.585,44.61,10.536,80.04,0
4520,1.6659,44.57,10.508,56.44,0
4521,1.8944,44.18,10.322,55.98,0
4522,1.8046,44.28,11.049,57.69,0
4523,2.0385,46.32,10.882,62.26,1
4524,1.9209,46.94,10.892,68.25,1
4525,1.9106,47.19,11.433,39.42,0
4526,1.5414,44.93,11.136,69.14,0
4527,1.8676,46.37,11.131,56.75,0
4528,1.7583,47.82,11.412,56.47,0
4529,1.683,44.13,11.957,75.74,0
4530,1.7918,45.42,11.015,63.57,1
4531,1.9151,45.88,11.53,64.8,1
4532,1.8348,47.85,11.569,59.76,1
4533,1.6305,47.71,11.064,65.96,0
4534,1.8976,45.79,11.396,73.97,1
4535,1.6741,43.46,10.486,42.95,0
4536,1.8189,47.13,11.23,69.26,0
4537,1.7394,44.9,11.092,74.01,0
4538,1.7544,43.66,10.328,66.22,0
4539,1.9138,44.65,10.735,56.29,0
4540,1.638,48.43,11.904,50.76,1
4541,2.0812,50.54,11.557,77.41,1
4542,1.5279,48.05,11.201,52.48,1
4543,1.7079,48.34,11.578,71.36,1
4544,1.8632,50.73,11.723,61.47,0
4545,1.899,45.47,11.228,77.86,0
4546,1.8038,49.22,11.49,56.35,0
4547,1.8016,48.73,11.766,46.73,1
4548,1.8777,49.78,11.6,58.32,0
4549,1.7801,48.01,11.578,47.84,1
4550,2.0541,47.88,12.019,81.43,0
4551,1.9572,50.39,11.657,63.74,0
4552,1.9586,53.32,12.622,63.02,0
4553,1.6826,51.99,12.033,63.85,0
4554,1.8293,49.42,12.03,53.47,1
4555,1.7943,47.56,11.598,58.92,1
4556,1.6937,47.78,11.343,61.35,0
4557,1.9033,53.5,12.479,72.15,0
4558,1.771,49.4,12.314,49.72,1
4559,1.9617,50.78,12.005,52.54,1
4560,1.7014,54.21,12.601,53.3,1
4561,2.114,48.53,11.504,54.07,1
4562,1.7214,55.1,13.389,43.97,1
4563,1.9089,51.8,12.239,36.13,1
4564,1.9932,49.75,11.692,44.06,1
4565,1.7767,51.68,12.07,66.57,0
4566,1.9953,51.31,12.427,57.49,0
4567,1.682,53.51,12.034,62.98,1
4568,2.0975,51.79,11.541,52.99,1
4569,1.8813,49.61,11.727,58.33,1
4570,1.7982,52.71,12.941,69.78,0
4571,1.8441,51.18,12.838,70.56,0
4572,2.027,54.08,12.35,63.38,1
4573,1.7912,52.03,12.174,59.14,1
4574,1.7765,53.39,12.452,60.66,1
4575,1.8633,55.0,12.458,58.56,1
4576,1.7294,54.05,12.765,54.69,1
4577,2.1885,55.55,12.536,52.07,1
4578,1.8174,56.79,13.21,63.89,0
4579,2.0295,53.1,12.557,46.73,1
4580,1.9481,55.04,12.896,67.31,0
4581,1.7553,49.15,11.569,56.96,1
4582,1.918,56.58,13.874,44.39,0
4583,2.0453,55.36,12.856,50.93,0
4584,1.881,54.85,12.567,49.33,0
4585,2.0835,57.03,12.602,49.69,0
4586,2.0655,58.99,13.168,48.36,1
4587,2.0468,56.21,12.842,50.01,0
4588,1.8531,55.25,12.38,53.03,1
4589,1.768,58.16,12.881,53.5,1
4590,1.8241,54.79,12.459,61.85,1
4591,1.9666,56.56,12.77,52.95,1
4592,2.0073,60.24,12.685,54.93,0
4593,1.602,57.74,13.007,53.82,1
4594,1.9326,54.31,12.326,60.32,1
4595,1.9685,54.92,12.518,56.22,1
4596,1.8946,59.0,13.646,47.9,1
4597,2.1247,61.2,14.634,44.93,1
4598,2.0061,55.94,12.965,56.67,1
4599,2.116,60.41,12.99,62.91,0
4600,1.8896,62.42,13.367,49.69,0
4601,2.0706,63.58,14.117,44.77,1
4602,2.1747,60.39,13.487,50.15,1
4603,2.13,61.39,13.915,47.53,1
4604,1.7749,55.92,12.593,49.82,1
4605,1.9001,64.65,13.849,38.38,1
4606,1.8885,59.91,14.237,50.69,1
4607,2.0209,59.23,13.232,55.34,0
4608,2.0469,60.46,13.138,43.67,1
4609,1.8136,64.08,14.784,43.08,1
4610,1.9476,65.98,13.69,41.84,1
4611,1.6443,61.89,12.844,40.52,1
4612,2.1621,64.65,14.193,42.62,1
4613,1.8738,62.53,14.059,49.91,0
4614,1.9525,60.18,13.499,41.78,0
4615,1.9058,65.42,13.81,48.46,1
4616,2.1187,61.73,13.501,45.98,1
4617,1.5188,66.01,13.986,41.67,1
4618,1.9415,65.75,14.029,52.09,1
4619,1.925,64.93,14.643,44.87,1
4620,1.8874,67.25,14.083,44.58,1
4621,2.2154,67.65,14.621,58.29,0
4622,1.802,63.37,14.418,43.13,1
4623,2.069,62.45,13.852,63.85,1
4624,2.0039,60.51,13.981,49.69,1
4625,2.1374,68.76,14.881,38.49,1
4626,1.8416,64.44,14.006,45.82,1
4627,1.8566,66.88,14.516,48.92,1
4628,2.1083,63.66,14.01,60.75,1
4629,2.0145,68.21,14.504,54.43,1
4630,1.7251,64.09,13.485,50.77,1
4631,1.8681,63.58,14.146,60.91,1
4632,2.0157,65.42,14.601,34.48,1
4633,2.0653,65.03,14.215,51.59,1
4634,1.8518,67.38,14.192,50.67,1
4635,1.5015,66.57,13.73,51.35,1
4636,2.0278,68.12,14.509,34.91,1
4637,1.7626,66.51,13.768,40.85,1
4638,1.6434,65.67,13.754,47.93,1
4639,1.522,66.11,14.168,58.27,1
4640,2.0726,71.26,14.66,61.0,1
4641,1.9613,68.37,14.646,42.56,1
4642,1.919,63.88,13.821,39.78,1
4643,2.152,67.04,14.115,55.3,1
4644,2.0366,68.61,14.061,68.71,1
4645,2.1901,71.89,14.812,54.23,1
4646,1.7296,70.56,14.633,40.24,1
4647,1.9377,66.51,13.959,71.29,1
4648,1.7011,73.85,15.248,50.06,1
4649,1.9093,69.19,14.23,40.76,1
4650,1.9082,72.3,15.003,60.87,1
4651,2.0224,67.37,14.517,41.28,1
4652,1.9346,65.38,13.726,44.57,1
4653,2.0173,67.59,14.649,54.12,1
4654,2.0327,63.97,13.323,50.27,1
4655,2.2503,74.76,15.129,44.19,1
4656,1.8847,70.85,14.973,46.37,1
4657,1.7945,69.01,14.98,56.02,1
4658,1.965,71.67,15.62,26.74,1
4659,1.794,71.62,15.815,47.95,1
4660,2.1438,72.65,15.03,42.9,1
4661,1.8748,74.15,15.449,38.2,1
4662,1.8313,71.44,14.75,39.87,1
4663,1.8541,70.27,14.428,25.34,1
4664,2.0333,74.1,15.507,37.99,1
4665,1.8953,74.16,15.087,54.73,1
4666,1.8107,72.81,15.878,51.6,1
4667,2.1683,77.21,15.402,40.81,1
4668,1.7615,72.22,15.348,34.08,1
4669,1.9069,71.5,14.739,52.31,1
4670,1.9986,74.51,15.213,54.59,1
4671,1.6485,72.4,15.402,53.49,1
4672,1.9824,74.9,15.316,36.13,1
4673,1.7326,72.94,14.938,38.11,1
4674,2.0192,73.08,14.957,57.83,0
4675,1.7575,78.31,16.993,31.94,1
4676,1.987,74.02,15.05,48.05,0
4677,2.0514,73.48,15.292,30.69,1
4678,2.0163,77.11,15.839,39.61,1
4679,1.9218,73.1,15.236,49.32,1
4680,1.8528,74.35,15.136,43.89,1
4681,1.7947,76.88,15.663,46.73,1
4682,2.0981,77.68,16.026,32.12,1
4683,1.7712,78.43,15.768,34.7,1
4684,1.7308,74.93,16.016,47.74,1
4685,1.9622,77.82,16.48,47.66,1
4686,1.7424,75.48,15.707,45.19,1
4687,1.7156,75.8,15.683,51.01,1
4688,1.6503,79.41,15.435,27.92,1
4689,1.7998,76.68,15.988,39.35,1
4690,1.8475,77.7,15.888,56.63,1
4691,1.8978,77.86,15.842,52.38,1
4692,1.9933,76.26,15.147,48.36,1
4693,1.9331,80.11,16.559,39.58,1
4694,1.8196,79.54,15.783,49.33,1
4695,1.8188,74.18,15.595,47.54,1
4696,1.9158,79.22,16.581,29.15,1
4697,2.0299,77.32,15.593,50.26,1
4698,1.8595,81.81,17.097,32.77,1
4699,1.7517,76.27,15.528,48.57,1
4700,1.6728,78.9,16.377,28.68,1
4701,1.6113,80.67,15.91,53.3,1
4702,1.9236,79.92,16.899,38.33,1
4703,1.9156,81.58,16.942,30.96,1
4704,1.8982,77.29,16.05,36.75,1
4705,1.788,83.89,16.795,35.81,1
4706,2.0275,81.93,16.077,39.85,1
4707,1.7412,83.38,16.58,49.06,0
4708,1.9381,82.67,17.347,39.42,1
4709,1.7998,81.3,16.584,22.74,1
4710,1.7048,79.02,15.637,31.49,1
4711,1.8805,80.69,16.029,62.42,1
4712,1.8312,85.18,17.705,38.79,1
4713,1.8407,84.92,17.252,45.16,1
4714,1.7945,81.02,16.092,37.71,1
4715,1.7686,76.91,15.252,34.45,1
4716,2.1301,82.34,16.451,35.25,1
4717,1.9535,82.45,16.096,40.41,1
4718,1.8803,81.9,16.554,35.36,1
4719,1.775,84.67,18.496,53.44,1
4720,1.8927,85.16,16.634,32.68,1
4721,1.8412,85.5,16.982,28.74,1
4722,1.7669,84.86,17.618,44.31,1
4723,1.7017,80.35,16.71,47.69,1
4724,1.7185,83.51,16.683,38.91,1
4725,1.2647,89.14,17.555,30.39,1
4726,1.7829,85.21,16.696,21.92,0
4727,1.6641,85.63,17.016,47.21,1
4728,1.9635,85.84,17.272,43.97,1
4729,1.7332,86.07,17.765,33.54,1
4730,1.5443,80.31,16.109,40.76,1
4731,1.7185,85.24,16.991,35.73,1
4732,1.5647,85.92,16.747,50.36,1
4733,1.7934,88.93,17.645,27.0,1
4734,1.7479,86.18,17.6,31.68,1
4735,1.8546,83.31,17.086,32.81,1
4736,1.5858,87.87,17.14,38.67,1
4737,1.7039,85.05,17.076,38.18,1
4738,1.4974,84.93,16.682,39.39,1
4739,1.7934,85.65,17.695,30.18,1
4740,1.7585,88.83,17.435,47.31,1
4741,1.7496,90.19,17.374,30.93,1
4742,1.6912,88.75,17.725,44.84,1
4743,1.7432,89.01,17.846,60.09,1
4744,1.9066,89.74,17.762,28.19,1
4745,1.6301,88.77,17.424,38.16,1
4746,1.6919,90.38,17.624,33.56,1
4747,1.5048,83.67,16.61,54.38,1
4748,1.5322,89.51,17.422,32.79,1
4749,1.6602,87.53,17.067,38.39,1
4750,1.8146,92.14,18.587,35.46,1
4751,1.6091,88.95,17.354,34.05,1
4752,1.6081,90.06,17.761,40.67,1
4753,1.5821,86.97,17.301,37.23,1
4754,1.5556,92.35,18.496,37.14,1
4755,1.6728,91.65,18.625,35.54,1
4756,1.3982,91.61,18.34,28.74,1
4757,1.8047,89.36,17.827,32.92,1
4758,1.5122,89.43,17.392,39.22,1
4759,1.717,91.93,17.76,38.27,1
4760,1.4226,90.03,17.544,44.75,1
4761,1.7099,92.76,18.455,47.81,1
4762,1.7114,87.37,17.521,31.81,1
4763,1.6517,91.12,18.339,35.36,1
4764,1.4517,95.89,19.159,29.59,1
4765,1.6291,93.19,17.993,24.0,1
4766,1.4021,92.99,18.273,37.38,1
4767,1.5519,96.98,18.801,36.7,1
4768,1.7526,88.53,17.371,26.96,1
4769,1.6904,91.95,17.984,30.73,1
4770,1.5792,92.52,18.748,29.45,1
4771,1.4198,95.29,18.596,19.26,1
4772,1.6658,95.89,18.657,30.88,1
4773,1.5707,92.29,17.797,24.02,1
4774,1.2167,96.64,18.962,32.02,1
4775,1.6863,93.59,18.119,34.66,1
4776,1.5576,96.99,19.038,33.85,1
4777,1.7175,93.2,18.401,36.59,1
4778,1.3867,94.7,18.43,44.03,1
4779,1.0619,94.67,18.443,25.81,1
4780,1.5836,97.83,18.938,23.85,1
4781,1.5741,94.64,18.477,37.17,1
4782,1.2758,96.23,18.595,30.27,1
4783,1.3873,97.14,18.852,39.36,1
4784,1.9367,97.88,18.967,34.73,1
4785,1.4807,98.44,19.113,45.21,1
4786,1.6306,96.91,18.516,29.79,1
4787,1.4254,96.0,18.597,19.17,1
4788,1.1999,96.13,18.859,33.42,1
4789,1.4899,97.41,18.818,29.96,1
4790,1.4836,98.15,19.464,34.19,1
4791,1.4455,97.11,19.27,35.36,1
4792,1.4834,98.16,18.668,25.81,1
4793,1.5424,95.27,18.579,23.82,1
4794,1.4571,99.15,19.195,27.54,1
4795,1.3111,98.82,19.027,10.37,1
4796,1.561,100.67,19.316,28.72,1
4797,1.1873,99.06,19.372,26.09,1
4798,1.1693,95.6,18.69,38.17,1
4799,1.5869,98.66,19.72,13.68,1
4800,1.5618,99.29,19.243,29.35,1
4801,1.4658,101.01,19.158,40.72,1
4802,1.256,94.71,18.29,37.16,1
4803,1.35,99.02,19.471,37.12,1
4804,1.4139,99.75,18.778,31.55,1
4805,1.221,97.31,18.34,16.95,1
4806,1.3446,98.53,19.086,30.94,1
4807,1.5397,96.88,19.319,34.01,1
4808,1.6529,96.42,19.48,22.07,1
4809,1.384,96.82,18.808,29.58,1
4810,1.5633,95.95,19.25,7.78,1
4811,1.1718,98.9,19.186,26.76,1
4812,1.5305,95.36,18.203,27.71,1
4813,1.3084,95.08,18.571,43.03,1
4814,1.4754,100.45,19.092,23.89,1
4815,1.3857,98.35,19.362,27.41,1
4816,1.6492,92.66,18.204,32.74,1
4817,1.2874,94.47,18.094,27.14,1
4818,1.5221,96.28,18.206,36.57,1
4819,1.3807,96.15,18.698,15.06,1
4820,1.3925,92.13,17.512,42.45,1
4821,1.3926,97.42,18.685,30.07,1
4822,1.2797,96.39,18.959,40.98,1
4823,1.4211,95.69,18.275,9.26,1
4824,1.3878,97.37,19.437,10.92,1
4825,1.4337,95.68,19.258,29.0,1
4826,1.4049,94.96,18.217,35.53,1
4827,1.5223,97.12,18.731,25.94,1
4828,1.5332,95.96,19.194,35.7,1
4829,1.2473,92.43,18.017,41.27,1
4830,1.53,94.24,18.062,37.2,1
4831,1.2218,91.94,18.159,34.61,1
4832,1.4879,94.31,18.06,33.15,1
4833,1.4728,94.08,18.999,27.59,1
4834,1.1003,89.95,18.041,34.45,1
4835,1.4086,92.28,18.13,25.18,1
4836,1.3058,92.72,18.252,26.69,1
4837,1.2692,91.02,17.581,37.95,1
4838,1.5778,92.68,17.955,29.62,1
4839,1.2659,93.13,19.122,26.86,1
4840,1.2688,91.65,18.019,37.55,1
4841,1.3899,91.65,18.492,36.68,0
4842,1.4764,94.0,18.523,30.84,1
4843,1.344,91.82,18.8,32.52,1
4844,1.544,91.19,17.432,37.38,1
4845,1.4457,88.71,17.504,43.34,1
4846,1.0435,91.79,18.888,35.33,1
4847,1.3016,91.12,18.334,24.61,1
4848,1.2897,92.42,18.851,31.48,1
4849,1.4366,90.0,17.792,31.72,1
4850,0.9677,85.65,16.929,29.0,1
4851,1.7463,86.03,16.929,41.03,1
4852,1.444,90.49,17.56,38.83,1
4853,1.3721,87.62,17.872,41.91,1
4854,1.541,89.32,17.98,26.97,1
4855,1.7153,88.78,17.568,36.97,1
4856,1.4882,88.02,17.66,35.79,1
4857,1.4958,87.75,17.548,38.31,1
4858,1.3924,86.36,17.615,37.97,1
4859,1.3207,87.52,17.904,36.12,1
4860,1.2823,86.17,16.859,35.72,1
4861,1.2392,86.82,17.353,45.71,1
4862,1.2475,86.43,16.808,30.0,1
4863,1.1439,86.15,17.221,35.24,1
4864,1.3228,88.47,17.889,44.31,1
4865,1.0972,86.12,16.853,30.57,1
4866,1.3873,88.36,17.325,29.99,1
4867,1.3462,89.38,17.64,41.25,1
4868,1.3702,87.61,17.557,24.57,1
4869,1.2687,86.9,17.13,42.02,1
4870,1.8128,86.18,16.861,32.67,1
4871,1.565,86.92,17.258,39.72,1
4872,1.1567,85.35,16.638,27.45,1
4873,1.3919,86.81,17.189,46.0,1
4874,1.2447,86.15,17.087,27.69,1
4875,1.1937,83.61,16.78,43.95,1
4876,1.148,86.12,16.903,27.54,1
4877,1.407,84.47,16.439,52.46,1
4878,1.2557,83.5,16.75,37.98,1
4879,1.4922,83.05,17.143,54.49,1
4880,1.501,83.72,17.58,31.74,1
4881,1.5503,85.19,18.745,34.1,1
4882,1.2195,84.96,17.946,47.46,1
4883,1.4198,83.81,16.384,27.06,1
4884,1.4467,84.05,16.563,32.62,1
4885,1.2766,85.04,17.079,41.86,1
4886,1.2307,82.28,16.455,31.27,1
4887,1.5908,79.89,16.216,44.82,1
4888,1.3793,84.4,18.499,39.36,1
4889,1.4445,80.67,16.054,28.2,1
4890,1.2431,80.11,16.037,48.06,1
4891,1.1657,77.93,16.786,31.83,1
4892,1.2744,82.1,16.327,45.8,1
4893,1.3439,78.08,16.053,43.27,0
4894,1.1907,78.87,16.716,37.55,1
4895,1.3639,81.9,16.643,30.97,1
4896,1.0998,81.84,16.533,42.54,0
4897,1.1959,79.03,16.559,34.55,1
4898,1.4778,79.28,15.961,50.45,1
4899,1.4426,77.51,15.755,51.8,1
4900,1.3122,78.08,16.228,54.8,0
4901,1.2047,79.75,15.697,43.0,1
4902,1.2094,78.21,16.765,38.53,1
4903,1.3202,78.49,16.25,39.33,1
4904,1.4751,75.86,15.679,40.42,1
4905,1.5116,81.02,15.791,42.34,0
4906,1.2825,79.55,15.737,44.41,1
4907,1.1985,79.38,16.135,50.81,1
4908,1.4162,80.53,16.833,40.38,1
4909,1.2536,75.61,15.238,31.72,1
4910,1.2858,76.71,16.122,39.57,1
4911,1.5674,73.43,15.04,57.08,1
4912,1.5095,83.29,16.749,26.19,1
4913,1.4124,76.19,15.916,48.7,1
4914,1.1887,78.82,16.304,38.0,1
4915,1.4188,74.14,15.116,37.28,1
4916,1.5411,77.9,16.227,45.13,1
4917,1.332,79.59,15.68,53.14,0
4918,1.6042,75.83,15.45,46.21,1
4919,1.5644,73.5,15.382,42.57,1
4920,1.639,75.22,15.429,32.98,1
4921,1.427,70.82,14.433,45.07,1
4922,1.4821,74.98,15.9,32.88,1
4923,1.6174,76.92,15.211,40.17,1
4924,1.4788,74.51,15.416,43.45,0
4925,1.3216,73.98,15.427,25.36,1
4926,1.3408,75.13,15.503,54.81,1
4927,1.4305,75.28,16.224,33.74,1
4928,1.2097,70.52,14.677,45.06,0
4929,1.3802,73.8,15.462,48.75,0
4930,1.5849,78.32,15.945,52.04,1
4931,1.0929,70.54,15.198,39.77,1
4932,1.6578,73.16,16.071,25.03,0
4933,1.5969,76.41,15.824,51.21,0
4934,1.3544,74.89,15.878,33.6,1
4935,1.4961,71.5,15.817,48.76,1
4936,1.4279,72.59,16.031,48.43,1
4937,1.6186,72.24,15.058,19.31,1
4938,1.5901,70.48,15.326,33.63,1
4939,1.237,71.14,15.146,42.46,1
4940,1.5407,70.73,15.512,25.22,1
4941,1.4208,71.89,15.257,35.15,0
4942,1.4668,69.42,14.872,47.84,0
4943,1.353,68.41,14.744,46.92,1
4944,1.7169,70.77,14.963,48.84,1
4945,1.6101,73.8,15.484,47.93,1
4946,1.3502,70.75,14.699,32.99,1
4947,1.2658,69.72,14.625,36.81,0
4948,1.3978,71.79,15.886,52.17,1
4949,1.5427,69.12,14.894,59.21,0
4950,1.5176,73.3,14.987,36.94,1
4951,1.6708,69.36,14.551,49.18,1
4952,1.6028,70.6,15.353,53.19,1
4953,1.6342,67.38,14.128,50.19,1
4954,1.5407,69.58,14.264,45.03,1
4955,1.2772,69.53,14.206,42.06,1
4956,1.4689,68.15,14.08,63.82,1
4957,1.6628,67.09,14.037,48.93,1
4958,1.4856,66.38,13.916,51.68,1
4959,1.5677,68.13,15.256,50.31,0
4960,1.4659,68.54,14.526,40.96,1
4961,1.3629,67.14,14.134,48.82,0
4962,1.4899,67.74,14.019,45.45,0
4963,1.5557,66.77,14.265,45.79,1
4964,1.4128,66.86,13.729,51.08,0
4965,1.487,65.96,14.004,41.58,1
4966,1.3841,66.77,15.515,39.38,0
4967,1.6984,71.33,15.254,49.74,0
4968,1.4921,66.07,14.29,44.88,1
4969,1.7585,67.36,14.773,45.54,1
4970,1.7607,66.33,14.061,33.54,0
4971,1.5186,64.72,13.748,57.45,0
4972,1.388,67.73,15.364,52.44,1
4973,1.2359,64.86,13.622,55.65,1
4974,1.3272,66.96,14.184,51.74,1
4975,1.3565,63.56,13.924,38.14,1
4976,1.7654,62.11,13.399,53.01,1
4977,1.577,64.72,14.196,45.06,1
4978,1.6187,61.84,13.487,43.96,1
4979,1.2284,64.42,14.357,53.89,1
4980,1.4083,60.76,13.747,65.48,0
4981,1.6985,62.85,13.648,63.02,0
4982,1.632,60.07,14.288,57.51,1
4983,1.5624,68.13,14.308,47.56,1
4984,1.6665,59.49,13.862,51.39,1
4985,1.8319,62.37,14.212,43.67,1
4986,1.5618,64.81,14.924,47.83,1
4987,1.6022,63.93,14.064,57.41,0
4988,1.6484,63.69,13.629,65.29,0
4989,1.9705,60.6,14.725,45.45,0
4990,1.3,64.07,13.829,34.3,1
4991,1.7266,63.42,13.33,46.5,1
4992,1.6225,61.16,13.414,58.73,0
4993,1.7208,61.31,13.204,68.27,1
4994,1.5292,60.47,13.574,63.34,0
4995,1.6206,58.96,13.004,63.78,1
4996,1.7417,62.61,13.585,44.45,1
4997,2.0896,62.88,14.201,44.59,1
4998,1.7615,58.0,13.298,43.12,1
4999,1.5128,59.53,13.368,47.77,1
5000,1.5998,59.01,13.156,60.5,0
5001,1.5889,59.77,13.144,66.18,1
5002,1.3905,59.32,12.956,56.13,0
5003,1.6036,60.88,13.408,50.19,1
5004,1.7823,57.51,13.175,45.78,0
5005,1.4692,56.84,12.83,53.28,1
5006,1.8266,61.04,13.564,53.81,0
5007,1.7376,57.09,12.581,42.39,1
5008,1.5724,55.47,12.362,62.85,0
5009,1.6627,56.71,12.533,51.4,1
5010,1.9268,56.67,12.579,61.61,1
5011,1.8107,60.63,14.005,52.52,0
5012,1.6929,58.39,13.458,55.3,0
5013,1.6674,59.36,12.922,47.66,1
5014,1.7026,58.28,13.21,51.06,0
5015,1.6216,58.26,12.797,58.55,0
5016,1.3843,55.07,12.237,54.85,1
5017,2.0222,55.81,12.126,46.54,0
5018,1.7402,54.1,12.795,57.11,0
5019,1.77,55.1,12.197,58.97,0
5020,1.7061,56.79,12.845,65.37,0
5021,1.6116,56.15,12.377,64.59,1
5022,1.7006,57.32,13.357,53.5,0
5023,1.4973,52.84,12.074,52.79,0
5024,2.0787,55.7,12.592,53.64,1
5025,1.5511,52.02,12.047,53.77,1
5026,1.6007,54.44,12.513,59.86,1
5027,1.6893,55.8,12.663,63.71,0
5028,1.9453,53.72,12.192,66.64,1
5029,1.7626,54.85,12.289,52.16,1
5030,1.574,51.94,11.597,53.61,1
5031,1.9623,49.63,11.438,55.36,1
5032,1.8816,54.15,12.795,40.57,1
5033,1.8493,56.13,12.631,45.5,1
5034,1.8739,50.81,11.636,58.03,0
5035,2.1478,55.11,12.031,58.61,0
5036,2.1054,52.3,11.698,61.17,0
5037,1.6964,49.26,11.455,52.44,0
5038,2.0309,49.77,12.182,54.88,1
5039,1.8446,51.49,11.933,55.52,0
5040,1.865,50.95,12.076,55.23,0
5041,1.5503,48.54,11.384,64.66,1
5042,1.7607,47.65,11.835,49.86,0
5043,1.6842,49.37,11.574,50.18,1
5044,1.9367,51.45,11.644,55.37,0
5045,1.9717,50.4,11.805,47.53,1
5046,1.4884,49.19,12.732,43.78,0
5047,1.825,50.54,12.929,46.5,0
5048,1.9835,52.31,12.239,55.53,1
5049,1.7957,50.33,11.831,63.48,1
5050,1.941,49.57,11.706,64.41,1
5051,1.8847,50.89,12.147,70.68,1
5052,1.8824,47.44,11.302,61.34,1
5053,1.7954,48.6,11.69,61.41,0
5054,1.6663,47.91,11.618,57.63,1
5055,1.6771,45.83,11.008,59.55,1
5056,1.9413,47.59,11.048,76.82,0
5057,1.8595,43.93,10.779,64.56,1
5058,1.8301,51.65,12.397,60.4,0
5059,1.7782,45.5,11.032,51.98,0
5060,1.8091,51.16,11.969,61.25,0
5061,1.9989,47.34,11.238,65.66,1
5062,1.8052,48.34,11.162,68.65,0
5063,1.6616,46.22,11.102,66.37,1
5064,1.9788,46.62,11.043,59.24,0
5065,1.8356,47.86,11.045,58.67,0
5066,1.8746,47.75,12.049,59.46,1
5067,2.1248,47.74,11.289,61.28,1
5068,1.8651,45.36,10.769,71.67,0
5069,1.9172,44.51,11.955,70.32,0
5070,1.7138,41.97,11.066,69.58,1
5071,1.8451,46.55,11.156,77.09,0
5072,1.9725,47.03,11.577,39.11,0
5073,1.6617,48.12,11.334,56.14,1
5074,1.9196,45.55,10.795,61.38,1
5075,1.9139,42.84,10.976,57.57,0
5076,1.9094,41.23,10.187,56.61,0
5077,2.0637,45.95,11.036,47.31,1
5078,1.948,40.16,10.832,61.94,1
5079,2.1165,42.77,11.258,70.07,0
5080,1.7414,42.9,10.563,69.03,0
5081,1.9217,43.12,10.973,56.6,1
5082,1.9272,42.93,10.369,64.74,1
5083,1.7454,43.72,10.955,73.49,0
5084,2.0466,38.08,10.089,53.63,0
5085,2.2505,42.63,10.933,61.84,1
5086,1.9116,37.82,9.913,68.17,0
5087,1.9997,44.08,12.153,62.46,0
5088,1.9119,40.58,10.109,71.25,1
5089,1.8092,37.23,10.275,54.24,0
5090,1.6465,40.1,9.859,56.87,1
5091,1.8329,40.3,10.558,70.28,0
5092,1.7193,43.66,11.023,48.96,1
5093,2.1778,41.09,10.497,70.47,0
5094,1.9044,41.21,10.277,67.22,0
5095,1.8704,42.74,10.714,68.61,0
5096,2.0799,40.2,10.407,60.79,1
5097,1.7474,42.12,11.571,67.67,0
5098,1.8202,41.33,10.225,54.7,1
5099,1.9397,36.87,9.702,62.96,0
5100,2.0988,42.66,10.818,63.66,1
5101,2.031,36.65,9.622,59.62,0
5102,1.9701,40.9,10.313,66.0,1
5103,1.9438,36.24,10.117,58.1,0
5104,2.0046,39.87,9.63,67.07,1
5105,1.97,42.61,10.307,77.47,0
5106,1.7909,37.85,9.471,56.01,0
5107,1.95,37.52,9.661,65.87,0
5108,1.7946,38.92,11.805,52.36,0
5109,1.9559,36.91,10.071,59.71,0
5110,1.8763,41.15,10.842,69.68,0
5111,2.3311,37.88,9.875,62.36,0
5112,1.915,36.86,10.254,72.68,0
5113,1.7282,35.61,9.135,69.98,0
5114,1.9379,34.63,9.976,67.21,0
5115,2.0118,35.02,9.277,59.13,0
5116,2.1929,35.56,9.358,72.79,0
5117,1.8657,34.6,9.771,70.17,1
5118,1.7232,34.57,9.6,55.75,0
5119,2.0807,39.58,10.223,56.9,0
5120,1.7459,33.53,8.859,46.5,0
5121,1.8746,35.45,9.536,56.3,0
5122,1.91,36.13,10.24,64.24,0
5123,1.9402,35.8,9.399,58.52,0
5124,2.0409,35.09,10.24,61.3,0
5125,1.8389,34.4,9.183,79.44,0
5126,1.913,35.27,9.523,75.77,0
5127,1.9515,34.5,10.247,62.27,0
5128,1.9771,33.68,8.969,74.87,0
5129,1.9565,30.42,9.443,80.02,0
5130,2.0157,32.78,10.279,73.98,0
5131,2.0639,30.84,8.89,72.61,0
5132,2.0013,31.61,8.958,78.56,0
5133,2.0126,33.0,8.929,75.17,0
5134,1.7092,33.4,9.85,58.89,0
5135,1.9546,35.92,10.331,65.71,0
5136,2.037,30.72,9.613,65.44,1
5137,2.0455,33.8,9.257,77.98,0
5138,1.8482,32.35,9.816,64.59,0
5139,1.85,34.56,9.327,62.25,0
5140,1.866,32.71,8.888,77.27,0
5141,2.0213,29.11,9.179,73.06,0
5142,2.0883,27.9,9.308,89.18,0
5143,1.8745,31.34,8.68,62.8,0
5144,2.074,29.28,8.428,66.86,0
5145,1.9645,29.04,8.462,80.8,0
5146,1.9139,27.85,8.89,61.88,0
5147,1.8975,30.52,8.604,81.0,0
5148,2.0583,32.61,9.279,59.4,0
5149,1.9855,28.82,8.466,76.26,0
5150,2.2781,30.97,9.142,55.45,1
5151,1.8081,29.01,8.333,71.84,0
5152,2.0034,26.57,8.717,62.07,1
5153,1.8539,30.73,8.808,85.96,0
5154,1.7879,26.59,7.911,63.97,1
5155,1.9307,28.35,8.569,64.77,0
5156,1.9457,27.63,7.834,76.37,1
5157,2.3592,29.68,8.52,66.12,0
5158,1.8913,25.75,8.282,78.62,0
5159,1.7609,28.23,7.959,65.97,0
5160,1.9579,26.17,7.451,66.7,1
5161,1.6149,26.32,7.631,72.88,0
5162,1.9012,19.64,7.962,67.06,1
5163,1.9243,31.04,8.828,73.13,0
5164,2.0338,27.82,8.248,79.09,0
5165,2.0615,24.98,8.498,78.28,0
5166,1.8276,23.83,7.759,79.42,0
5167,1.8938,25.25,8.129,58.33,0
5168,1.7814,27.15,8.405,68.38,0
5169,1.7381,21.88,7.358,73.57,0
5170,1.9518,25.04,8.141,85.26,0
5171,1.7132,29.05,8.934,66.79,0
5172,1.8272,22.57,7.535,56.27,0
5173,1.7501,24.84,7.809,65.62,1
5174,1.9823,29.26,8.567,65.73,0
5175,2.1669,25.6,7.456,55.82,0
5176,1.698,24.54,8.031,81.55,0
5177,1.6043,24.83,7.631,61.3,0
5178,1.8748,23.13,7.977,78.56,0
5179,1.8882,26.42,8.044,64.35,0
5180,1.9163,23.19,7.773,87.12,0
5181,1.8136,19.31,7.534,74.72,0
5182,1.8311,22.31,7.327,71.44,0
5183,1.9291,20.68,7.628,80.46,0
5184,2.0246,22.38,7.642,67.36,0
5185,1.5827,21.78,7.483,79.84,0
5186,1.8101,24.75,7.573,69.91,0
5187,1.8939,23.2,8.103,69.57,0
5188,1.7381,21.89,8.028,74.59,0
5189,2.1264,21.97,7.581,66.89,0
5190,1.7626,19.5,6.914,75.67,0
5191,1.8423,17.35,6.629,79.58,0
5192,1.9355,21.44,7.502,57.61,0
5193,1.7549,22.65,7.873,83.8,0
5194,1.5758,20.67,6.927,82.77,0
5195,1.7792,19.09,6.925,61.97,0
5196,2.0044,21.5,7.318,59.83,0
5197,1.7801,20.14,7.248,83.47,0
5198,1.6944,22.98,7.334,80.58,0
5199,1.9689,21.89,7.479,80.19,0
5200,1.7825,21.62,7.431,64.68,1
5201,1.7403,20.86,7.143,90.76,0
5202,1.843,17.58,6.926,70.76,0
5203,1.9324,21.45,7.382,77.76,0
5204,2.1656,20.99,7.767,77.93,0
5205,1.9403,21.59,7.229,88.55,0
5206,1.9929,21.75,7.453,76.83,1
5207,1.7222,22.18,7.239,78.9,0
5208,1.6502,26.61,8.029,72.37,1
5209,1.8202,21.25,7.621,66.16,0
5210,1.8135,23.34,7.864,56.28,0
5211,1.6264,20.75,7.35,76.56,0
5212,1.7655,23.39,7.729,63.22,0
5213,1.8467,24.36,7.354,77.21,0
5214,1.8331,22.91,8.525,75.68,0
5215,1.8526,25.73,8.479,74.16,0
5216,1.8291,20.8,7.768,67.89,0
5217,1.6931,22.17,6.95,83.82,0
5218,1.6843,23.49,7.619,78.49,0
5219,1.5848,25.47,7.98,64.16,0
5220,2.0258,23.92,7.245,90.94,0
5221,1.7619,26.22,8.695,71.41,0
5222,1.7113,22.62,8.481,64.67,0
5223,1.6175,21.79,8.808,69.39,0
5224,2.1908,24.81,7.726,61.92,0
5225,1.5917,24.22,7.886,85.1,0
5226,1.6745,25.83,8.777,82.06,0
5227,1.8037,24.85,7.931,79.92,0
5228,1.826,24.51,7.754,78.41,0
5229,1.8612,24.99,7.492,83.65,0
5230,2.0056,25.75,8.676,71.43,1
5231,1.8098,25.45,8.099,77.06,0
5232,1.5546,25.49,7.819,66.85,0
5233,1.6792,25.26,8.277,72.23,0
5234,1.7505,28.21,8.704,75.7,0
5235,2.0108,26.84,8.278,47.91,0
5236,1.4812,30.99,8.826,64.84,0
5237,1.888,27.07,9.248,73.74,1
5238,1.7193,26.69,8.168,72.45,0
5239,1.8135,32.64,10.05,65.28,0
5240,1.6787,27.96,8.712,76.29,0
5241,1.5571,29.81,8.908,65.36,0
5242,1.7793,29.62,8.559,61.16,0
5243,1.7794,29.19,9.128,80.45,0
5244,1.816,29.22,8.7,79.65,0
5245,1.6602,26.45,7.897,68.03,0
5246,1.5831,29.59,8.398,70.32,0
5247,1.4332,26.11,8.382,79.54,0
5248,1.7781,29.0,8.237,71.97,0
5249,1.7225,27.6,8.403,76.17,0
5250,1.4988,29.87,9.286,74.7,0
5251,1.5585,30.82,8.988,67.82,1
5252,1.5738,30.71,8.664,74.17,0
5253,1.4099,30.78,9.696,62.41,0
5254,1.5291,28.97,8.856,74.28,0
5255,1.4616,29.66,9.374,70.12,0
5256,1.5639,32.75,8.476,66.3,0
5257,1.5078,33.18,9.388,58.89,0
5258,1.3698,28.98,8.963,72.38,0
5259,1.9234,28.17,9.513,72.2,0
5260,1.7914,30.03,8.359,63.97,0
5261,1.482,33.64,9.953,55.85,0
5262,1.6528,34.05,10.368,54.85,0
5263,1.6602,30.66,8.15,68.73,0
5264,1.782,33.23,9.477,71.48,0
5265,1.477,35.8,9.98,81.52,0
5266,1.762,33.69,9.236,68.35,0
5267,1.5203,36.14,9.463,54.39,0
5268,1.3908,35.05,9.861,65.98,0
5269,1.6979,30.98,8.739,79.83,0
5270,1.7536,33.45,9.132,63.33,1
5271,1.9606,33.98,9.605,77.47,0
5272,1.392,34.28,10.411,69.64,1
5273,1.6629,35.85,9.922,72.39,1
5274,1.4933,35.15,9.661,82.29,0
5275,1.6707,28.7,8.504,56.54,0
5276,1.3437,32.0,8.752,76.74,0
5277,1.3464,30.46,9.447,69.67,1
5278,1.4359,35.07,9.496,59.85,0
5279,1.5601,35.77,10.31,66.45,0
5280,1.4545,36.16,9.546,80.69,0
5281,1.6274,34.08,9.136,79.09,0
5282,1.6973,37.1,10.162,50.22,0
5283,1.6023,37.75,9.882,59.82,0
5284,1.7654,33.5,8.948,76.07,0
5285,1.5731,33.27,10.36,68.39,0
5286,1.3382,36.81,9.627,66.62,0
5287,1.7155,40.61,10.793,51.81,0
5288,1.4,40.5,10.714,58.12,0
5289,1.6475,38.53,9.614,54.62,0
5290,1.7552,35.81,9.401,53.97,0
5291,1.5549,39.59,10.003,54.76,0
5292,1.2756,36.98,9.531,59.04,0
5293,1.3597,36.72,10.861,60.48,0
5294,1.6844,33.79,9.18,61.54,0
5295,1.4704,38.68,10.54,73.58,0
5296,1.5036,37.3,10.191,59.02,1
5297,1.602,38.7,10.225,77.22,0
5298,1.5751,34.47,9.424,64.06,0
5299,1.5183,39.66,10.778,68.4,0
5300,1.4481,34.94,9.198,71.8,0
5301,1.425,42.22,11.499,56.23,0
5302,1.5947,41.23,10.015,61.47,0
5303,1.5562,39.71,10.558,61.06,0
5304,1.417,41.3,10.025,66.94,0
5305,1.6348,39.2,9.967,64.84,0
5306,1.4275,41.11,10.442,58.14,1
5307,1.3304,42.34,10.501,64.03,0
5308,1.3371,34.86,9.316,70.35,0
5309,1.3081,40.96,9.86,78.93,0
5310,1.4,41.34,10.185,64.37,0
5311,1.6237,41.23,10.653,64.21,0
5312,1.3135,45.01,11.055,65.12,0
5313,1.4592,40.25,10.154,57.27,1
5314,1.3384,41.18,11.173,50.43,1
5315,1.3883,38.93,9.746,62.98,0
5316,1.2067,45.69,10.995,70.07,1
5317,1.3952,42.32,10.583,73.09,0
5318,1.3944,42.38,10.886,48.22,0
5319,1.5049,43.27,10.718,68.39,0
5320,1.4549,44.63,10.843,44.46,0
5321,1.2328,44.73,10.371,65.82,0
5322,1.5776,48.95,12.059,62.22,0
5323,1.4513,44.75,11.059,47.81,1
5324,1.4429,43.19,10.819,70.71,1
5325,1.4177,43.66,10.651,76.66,1
5326,1.3197,43.84,10.529,62.06,0
5327,1.4353,41.85,11.442,64.86,0
5328,1.4693,44.98,10.462,73.3,0
5329,1.1324,47.03,10.993,51.46,0
5330,1.3023,44.51,11.673,53.33,1
5331,1.3621,44.3,11.21,55.61,1
5332,1.4289,48.55,11.435,59.73,0
5333,1.5746,43.57,11.364,62.95,1
5334,1.277,41.88,10.868,59.19,0
5335,1.3083,44.34,11.008,59.78,0
5336,1.3114,43.67,10.845,58.02,1
5337,1.2678,47.31,11.664,56.11,1
5338,1.3433,46.35,11.467,54.79,1
5339,1.4939,46.64,12.792,54.58,1
5340,1.2195,49.63,11.685,42.8,1
5341,1.4441,46.12,11.142,58.78,0
5342,1.1271,49.67,11.211,43.4,0
5343,1.2913,51.12,11.973,63.94,0
5344,1.3165,47.43,12.491,55.72,0
5345,1.6229,49.92,12.431,57.69,1
5346,1.317,47.9,11.285,56.82,1
5347,1.0393,50.64,11.918,56.25,1
5348,1.0616,46.09,10.741,71.19,0
5349,1.3752,45.84,10.895,50.18,1
5350,1.4564,48.48,11.569,46.4,1
5351,1.4211,47.96,11.248,61.01,0
5352,1.3859,49.37,11.202,55.27,0
5353,1.5365,49.58,12.095,61.65,0
5354,1.2995,51.98,12.096,63.1,1
5355,1.4994,49.95,11.244,49.98,0
5356,1.1059,49.07,10.919,64.11,0
5357,1.2109,50.54,11.641,50.34,1
5358,1.0933,49.79,11.161,59.76,0
5359,1.3332,49.02,11.177,49.28,0
5360,1.3456,48.2,12.091,60.87,0
5361,1.3667,52.11,11.941,57.69,0
5362,1.3553,51.03,11.753,49.52,0
5363,1.2111,54.28,12.218,45.68,1
5364,1.3108,49.38,11.285,65.09,0
5365,1.1315,51.21,12.204,54.2,1
5366,1.5682,56.37,12.622,63.18,0
5367,1.2997,50.76,11.684,53.74,0
5368,1.2821,52.22,11.947,67.66,1
5369,1.5816,50.87,11.483,50.37,1
5370,1.169,50.36,11.782,70.31,0
5371,1.1607,56.7,12.781,55.75,1
5372,1.1836,54.24,12.247,59.21,1
5373,1.3298,54.31,12.465,47.96,1
5374,1.407,50.95,11.906,64.13,0
5375,1.4609,55.31,12.676,61.6,0
5376,1.7321,56.79,13.392,51.84,1
5377,1.0179,57.14,13.141,37.2,0
5378,1.433,56.36,13.1,45.96,1
5379,1.2643,52.55,11.944,48.02,1
5380,1.2719,56.37,12.461,58.83,0
5381,1.2486,56.9,13.277,50.56,1
5382,1.2203,52.19,12.423,53.81,1
5383,1.6047,53.41,12.208,52.08,0
5384,1.4734,57.96,13.15,65.57,0
5385,1.3573,57.91,12.651,54.21,0
5386,1.5522,53.66,12.542,58.27,0
5387,1.1223,58.91,12.997,48.35,1
5388,1.1529,57.36,12.443,54.09,1
5389,1.0269,59.14,12.873,45.54,1
5390,1.2445,56.57,14.084,57.62,1
5391,1.3678,58.88,13.323,43.97,1
5392,1.3686,59.89,14.921,59.0,1
5393,1.3853,57.72,12.401,48.28,0
5394,1.1534,58.51,13.367,61.28,1
5395,1.4791,56.76,12.231,69.7,1
5396,1.4004,62.05,13.626,51.36,1
5397,1.475,58.81,13.376,63.84,1
5398,1.089,56.91,13.159,60.53,0
5399,1.4035,58.14,12.678,42.65,1
5400,1.2017,60.17,13.738,53.89,0
5401,1.3026,61.26,13.313,56.07,1
5402,1.4534,56.95,12.774,59.2,0
5403,1.3933,63.94,13.67,51.92,1
5404,1.2603,61.16,12.992,53.8,0
5405,1.3718,61.35,14.471,52.01,1
5406,1.1286,60.42,13.368,53.51,0
5407,1.5398,60.8,13.992,42.33,1
5408,1.3539,60.84,14.03,50.35,0
5409,1.5476,63.69,13.52,38.92,1
5410,1.3062,61.29,14.168,47.97,1
5411,1.2998,62.85,13.976,46.13,1
5412,1.2725,61.29,13.118,46.83,1
5413,1.5009,62.57,13.788,42.85,1
5414,1.2808,60.67,12.954,54.66,0
5415,1.475,65.06,14.933,47.26,1
5416,1.3226,61.2,13.833,48.58,0
5417,1.09,62.22,13.628,40.18,0
5418,1.3055,62.54,14.288,48.92,1
5419,1.2332,62.73,13.158,60.12,0
5420,1.4,65.32,13.768,59.14,1
5421,1.2226,63.19,13.637,54.05,1
5422,1.5386,66.65,15.681,46.43,1
5423,1.3876,62.51,13.302,55.89,0
5424,1.3819,64.52,13.453,44.65,0
5425,1.5161,62.7,13.321,48.69,0
5426,1.5498,65.69,14.541,43.41,1
5427,1.411,64.84,13.728,57.03,1
5428,1.2898,64.69,14.026,56.17,1
5429,1.1562,67.21,14.797,47.74,1
5430,1.3136,64.4,13.869,64.16,1
5431,1.324,66.76,14.391,51.94,0
5432,1.4332,64.01,14.126,53.24,1
5433,1.3824,66.26,14.052,50.75,1
5434,1.5411,64.24,13.731,40.31,1
5435,1.346,65.26,14.143,42.26,0
5436,1.4252,66.85,14.643,48.66,1
5437,1.6042,70.56,14.538,45.74,1
5438,1.5011,67.39,13.739,52.83,0
5439,1.4363,71.38,15.11,40.71,1
5440,1.3451,68.07,15.013,48.48,1
5441,1.3433,67.11,14.362,49.22,1
5442,1.3234,71.12,15.096,47.21,1
5443,1.3628,69.25,14.292,47.41,1
5444,1.5695,67.04,14.499,37.26,1
5445,1.4203,69.36,15.092,28.78,1
5446,1.2668,67.93,14.497,40.1,1
5447,1.7359,65.12,15.775,45.5,0
5448,1.5078,70.96,14.377,36.94,1
5449,1.2611,71.36,15.015,45.31,0
5450,1.4112,73.13,14.859,53.63,0
5451,1.4937,70.53,15.259,52.22,0
5452,1.7308,69.29,14.22,50.67,1
5453,1.303,71.84,14.543,53.68,1
5454,1.6313,71.79,14.833,37.95,1
5455,1.7035,73.65,15.552,40.75,1
5456,1.3965,70.53,14.746,51.15,1
5457,1.4562,70.7,14.602,42.58,1
5458,1.3436,69.84,14.612,43.62,0
5459,1.4757,72.29,15.132,60.28,1
5460,1.5083,68.58,15.388,48.03,1
5461,1.6053,73.07,15.569,58.88,1
5462,1.6736,72.98,15.139,30.39,0
5463,1.404,72.77,16.663,39.82,1
5464,1.2139,72.38,15.472,48.83,1
5465,1.5072,76.01,15.409,44.13,1
5466,1.5715,74.31,15.612,27.27,1
5467,1.5824,71.49,15.19,43.67,1
5468,1.4804,72.27,14.784,65.36,1
5469,1.5586,71.7,14.676,47.85,1
5470,1.772,75.0,15.612,48.75,1
5471,1.5964,71.72,14.818,40.26,1
5472,1.48,75.87,16.442,44.94,1
5473,1.4609,76.6,16.045,42.58,1
5474,1.5406,72.22,14.867,54.09,1
5475,1.801,74.08,15.687,52.69,0
5476,1.5375,74.99,16.151,47.3,1
5477,1.5695,76.98,15.355,43.54,0
5478,1.4931,78.21,15.67,28.15,1
5479,1.734,72.04,15.007,31.85,1
5480,1.8639,74.48,15.46,44.7,1
5481,1.6399,75.19,15.45,50.68,1
5482,1.5863,73.18,15.178,55.65,1
5483,1.596,74.96,15.356,36.62,1
5484,1.2283,77.32,16.08,30.23,1
5485,1.7098,75.96,16.246,50.64,1
5486,1.6266,73.51,15.225,38.03,1
5487,1.6694,82.56,18.481,26.14,1
5488,1.4933,77.28,17.167,38.18,1
5489,1.5577,77.52,16.553,38.11,1
5490,1.5496,75.21,15.898,54.22,0
5491,1.7598,77.88,17.234,48.35,1
5492,1.56,77.64,15.838,36.07,1
5493,1.9401,74.06,15.084,55.33,1
5494,1.6954,76.74,15.536,44.3,0
5495,1.4404,80.03,15.843,48.89,1
5496,1.6191,81.94,16.812,49.7,0
5497,1.5444,79.61,16.337,38.87,1
5498,1.3248,81.6,16.62,44.32,1
5499,1.8767,78.79,16.155,38.24,1
5500,1.7557,79.13,16.164,48.34,0
5501,1.7368,81.97,17.645,40.32,1
5502,1.6791,83.51,16.938,46.78,1
5503,1.4549,82.62,17.087,51.14,1
5504,1.5972,78.58,16.073,46.1,1
5505,1.8002,80.42,15.759,39.71,0
5506,1.5173,81.19,15.946,39.47,0
5507,1.2976,80.37,17.701,16.84,1
5508,1.6443,81.46,16.321,34.05,1
5509,1.6621,83.1,16.508,46.41,1
5510,1.7129,83.36,16.999,46.15,1
5511,1.816,84.72,17.26,31.83,1
5512,1.7958,81.15,16.774,41.4,1
5513,1.7308,79.68,17.216,39.79,1
5514,1.8843,83.14,17.577,44.53,1
5515,1.4705,86.4,16.964,54.62,1
5516,1.79,81.83,16.802,45.21,1
5517,1.8088,84.43,16.787,32.83,1
5518,1.5457,84.43,16.808,37.23,1
5519,1.493,83.89,16.414,49.74,1
5520,1.6155,83.22,16.351,27.25,1
5521,1.6317,81.5,16.643,34.44,1
5522,1.8486,79.1,15.848,46.9,1
5523,1.6343,81.74,17.087,49.96,1
5524,1.6191,83.83,16.611,43.54,0
5525,1.6422,86.9,17.434,31.64,1
5526,1.9178,84.38,17.655,42.42,1
5527,1.7512,83.93,16.401,41.77,1
5528,1.7089,83.25,16.557,41.33,1
5529,1.7394,86.6,17.321,36.08,1
5530,1.9618,87.95,17.653,36.29,1
5531,1.6464,87.9,18.094,28.6,1
5532,1.9683,86.99,17.898,56.02,1
5533,1.8117,83.36,16.808,40.18,1
5534,1.7366,85.93,17.197,41.98,1
5535,2.1531,90.37,17.903,32.72,1
5536,1.6208,89.13,17.126,42.1,1
5537,1.7335,83.49,16.771,27.88,1
5538,1.6045,87.06,17.477,22.72,1
5539,1.9388,87.96,17.688,35.63,1
5540,2.0441,86.05,16.985,53.84,1
5541,2.0318,83.23,16.354,48.66,1
5542,1.9876,88.07,17.391,29.18,1
5543,1.7775,86.54,18.401,40.87,1
5544,1.7583,86.8,17.027,31.3,1
5545,1.5577,87.87,17.965,39.51,1
5546,2.1138,88.59,18.505,39.51,1
5547,1.8884,89.17,17.644,42.58,1
5548,1.7533,86.99,17.118,23.74,0
5549,2.0143,88.37,17.785,25.2,1
5550,1.6736,86.41,17.152,36.85,0
5551,1.8834,90.91,17.489,26.12,1
5552,1.8099,83.63,16.612,29.28,1
5553,1.937,89.76,17.887,37.29,1
5554,1.8242,92.11,18.638,26.0,1
5555,1.6172,88.33,17.386,53.55,0
5556,1.8517,92.23,18.054,28.99,1
5557,1.9857,93.51,18.626,30.64,1
5558,1.8518,84.67,16.936,40.28,1
5559,1.9616,90.95,17.865,22.11,1
5560,1.7032,85.73,16.997,41.32,1
5561,1.8511,91.44,17.808,36.46,1
5562,1.7584,91.89,20.023,30.72,1
5563,1.9778,87.45,17.293,38.77,1
5564,1.8687,96.23,19.386,34.47,1
5565,1.9672,93.23,19.225,44.51,1
5566,2.0332,90.8,17.818,53.81,0
5567,1.9828,95.46,18.789,22.82,1
5568,1.9186,89.69,17.8,24.68,1
5569,1.7318,90.91,17.292,35.28,1
5570,1.8801,89.04,17.062,18.57,1
5571,1.8081,97.47,18.888,35.28,1
5572,1.8363,94.72,18.307,32.76,1
5573,1.8351,95.45,19.653,34.38,1
5574,1.7418,94.71,18.392,29.25,1
5575,1.6019,95.86,19.888,33.18,1
5576,1.7789,94.7,18.31,35.54,1
5577,1.9269,95.39,19.746,33.2,1
5578,1.6989,95.36,18.708,20.9,1
5579,1.8959,94.55,18.654,33.49,1
5580,2.1904,94.99,18.347,46.39,1
5581,2.0571,96.53,19.088,32.92,1
5582,2.1651,95.92,19.514,32.13,1
5583,1.9714,93.04,18.269,45.17,1
5584,2.103,93.54,18.115,26.62,1
5585,1.7957,98.47,19.001,36.71,1
5586,1.8293,96.7,19.574,26.8,1
5587,1.508,98.09,19.293,38.6,1
5588,2.0997,94.54,19.314,38.04,1
5589,2.1516,94.46,18.649,28.9,1
5590,1.8463,95.94,18.776,29.19,1
5591,1.8736,97.33,19.029,38.2,1
5592,1.8256,96.66,19.284,15.87,1
5593,1.9971,100.74,19.338,24.86,1
5594,2.0889,98.89,19.779,34.67,1
5595,1.669,102.41,19.687,25.12,1
5596,1.994,99.62,18.538,29.86,1
5597,1.8949,94.23,18.737,15.95,1
5598,1.9522,101.0,19.042,20.89,1
5599,2.0,96.4,19.088,36.39,1
5600,1.9099,100.05,19.77,22.79,1
5601,1.9299,97.06,19.075,19.52,1
5602,1.9058,103.35,19.979,35.26,1
5603,2.0776,102.13,20.121,31.76,1
5604,2.0003,97.43,18.793,22.01,1
5605,1.9628,98.54,19.362,30.95,1
5606,1.7615,99.02,19.712,21.05,1
5607,1.898,99.76,20.194,27.45,1
5608,2.0782,97.84,18.753,31.28,1
5609,1.9524,95.71,18.884,24.95,1
5610,2.0421,96.05,18.399,36.66,1
5611,2.2094,97.2,18.525,37.51,1
5612,2.1034,99.36,19.478,31.05,1
5613,1.9675,97.76,18.958,33.58,1
5614,1.8694,94.85,19.164,20.06,1
5615,1.561,97.56,18.817,40.97,1
5616,1.9309,95.51,18.539,30.52,1
5617,1.8944,97.81,19.007,22.23,1
5618,2.0227,101.14,19.117,29.23,1
5619,1.9368,94.89,18.115,37.76,1
5620,1.8941,96.89,19.416,34.84,1
5621,1.6821,93.97,18.148,23.63,1
5622,1.806,94.97,19.066,37.76,1
5623,2.0182,95.27,18.843,31.04,1
5624,2.2214,94.65,18.02,36.19,1
5625,1.9308,99.25,19.384,22.66,1
5626,1.9916,94.01,18.55,40.88,1
5627,2.0853,95.43,18.663,33.23,1
5628,1.8251,90.22,17.713,44.25,1
5629,2.0043,94.28,18.185,19.87,1
5630,1.8348,95.95,19.442,19.84,1
5631,2.0858,92.17,18.057,31.24,1
5632,1.9649,87.98,17.2,47.61,1
5633,2.0037,92.48,18.339,48.47,1
5634,1.8249,92.75,17.89,25.57,1
5635,2.0294,94.09,18.13,32.75,1
5636,2.2511,96.34,18.676,32.12,1
5637,1.7973,91.23,17.729,39.5,1
5638,1.9099,89.86,17.548,41.72,1
5639,1.9932,89.29,17.969,26.26,1
5640,2.0591,91.13,18.022,34.24,1
5641,1.8574,92.11,18.856,17.24,1
5642,1.5247,89.74,17.486,41.37,1
5643,2.1533,92.47,17.612,30.31,0
5644,2.0598,91.86,18.11,23.87,1
5645,1.6903,90.52,18.972,37.17,1
5646,1.8336,88.65,17.756,32.65,1
5647,2.1652,89.25,20.184,45.31,1
5648,2.1567,85.06,17.213,30.46,1
5649,2.0792,90.15,17.959,52.44,1
5650,1.9101,89.1,17.103,41.69,1
5651,1.9512,89.6,17.895,45.14,1
5652,1.9226,90.21,17.886,26.6,1
5653,2.1122,89.85,17.632,49.36,1
5654,1.7808,88.63,17.429,26.1,1
5655,1.8112,88.33,17.585,33.75,1
5656,2.0779,85.69,17.0,47.68,1
5657,1.9218,86.68,18.614,40.6,1
5658,2.1343,87.87,17.342,25.91,1
5659,1.8147,86.04,17.24,46.07,1
5660,1.9229,88.98,17.494,37.9,1
5661,1.7749,85.64,17.463,33.62,0
5662,1.9277,87.53,17.517,23.75,1
5663,1.6932,87.05,17.256,39.92,1
5664,1.8427,88.03,16.99,34.55,1
5665,1.6975,88.46,17.588,36.99,1
5666,2.0258,87.77,17.152,23.61,1
5667,2.021,81.8,16.458,36.13,1
5668,1.6617,88.55,17.15,39.55,1
5669,2.115,88.7,18.346,50.37,1
5670,2.2839,84.94,17.422,36.4,1
5671,1.9073,85.55,18.008,48.72,1
5672,1.7935,83.6,17.333,44.89,1
5673,2.3234,80.95,16.675,41.92,1
5674,1.6958,83.18,16.387,30.7,1
5675,1.9004,83.65,17.888,31.02,1
5676,1.9175,83.5,16.507,43.72,1
5677,2.1002,82.36,16.537,35.04,1
5678,1.9397,82.39,16.983,34.08,1
5679,1.8081,83.26,17.167,36.92,1
5680,1.7417,81.98,16.885,38.04,1
5681,1.8303,83.94,16.835,45.46,1
5682,1.7326,84.55,16.725,34.18,1
5683,1.8765,87.58,19.269,42.62,1
5684,1.7936,84.86,16.962,41.34,1
5685,1.6566,82.81,16.736,25.57,1
5686,2.0649,80.82,16.188,42.49,1
5687,1.7965,82.34,16.855,17.81,1
5688,1.6694,82.63,16.808,32.06,1
5689,1.8314,80.99,16.282,44.02,1
5690,1.8538,82.9,16.996,38.69,0
5691,1.5872,78.41,17.091,27.17,1
5692,1.8964,80.64,16.237,31.69,1
5693,1.6877,82.02,16.593,18.51,1
5694,2.0872,80.23,15.981,29.85,1
5695,1.9269,79.76,16.362,45.07,1
5696,1.7747,79.76,16.066,36.27,1
5697,1.7254,78.31,15.961,42.89,1
5698,1.8199,82.28,16.077,39.36,1
5699,1.9143,77.8,15.946,42.05,1
5700,1.8147,80.58,16.581,48.79,0
5701,1.785,80.11,17.442,39.32,1
5702,1.8406,77.17,16.15,49.77,1
5703,1.725,79.13,15.987,21.32,1
5704,1.7701,76.89,15.511,51.7,1
5705,1.486,81.16,16.096,29.38,1
5706,1.9496,76.17,15.26,34.46,1
5707,1.8496,76.84,16.988,36.98,1
5708,1.6696,75.43,15.784,52.1,1
5709,2.0913,74.9,15.198,36.4,1
5710,1.806,80.52,16.075,34.75,1
5711,1.6362,78.46,15.781,33.75,1
5712,1.9198,77.45,15.661,44.34,1
5713,1.8268,75.76,16.321,49.33,1
5714,1.8499,77.94,16.102,55.02,1
5715,1.7155,74.83,15.158,63.08,1
5716,1.8441,77.93,17.399,47.12,1
5717,1.7269,74.39,15.045,46.92,1
5718,1.8572,74.29,15.225,34.12,0
5719,1.4815,76.93,16.55,57.64,1
5720,1.6942,77.09,16.066,44.47,1
5721,2.0116,76.6,15.567,40.65,1
5722,1.6235,73.11,14.79,48.01,1
5723,1.6643,73.94,15.048,39.32,0
5724,1.6677,75.3,15.231,24.85,1
5725,1.5706,73.12,15.134,49.66,1
5726,1.416,77.2,15.821,52.96,1
5727,1.6935,69.3,14.704,51.68,1
5728,1.7567,72.45,15.055,44.98,1
5729,1.7201,72.79,14.832,45.35,1
5730,1.706,67.86,14.581,49.3,0
5731,1.7306,70.6,15.426,47.63,1
5732,1.8745,74.32,15.46,43.59,1
5733,1.6802,72.74,15.105,45.19,1
5734,1.6223,75.72,15.618,55.56,0
5735,1.6506,75.38,16.281,47.08,1
5736,1.7861,73.11,14.926,45.79,1
5737,1.9139,72.43,15.901,50.33,1
5738,1.5876,71.77,15.177,50.88,1
5739,1.7112,66.38,14.264,56.56,0
5740,1.7514,68.4,15.301,41.44,1
5741,1.5428,71.1,14.639,42.12,1
5742,1.6828,71.77,15.365,38.56,1
5743,1.4646,71.4,15.207,51.97,1
5744,1.414,69.13,14.268,53.42,1
5745,1.724,71.89,15.248,35.0,1
5746,1.6048,73.15,15.343,47.98,1
5747,1.7094,71.88,14.938,56.69,1
5748,1.637,72.07,15.421,43.9,1
5749,1.5247,68.72,14.409,50.33,1
5750,1.6553,71.97,15.21,51.39,0
5751,1.4562,69.76,14.549,36.48,0
5752,1.8584,69.9,14.544,47.81,1
5753,1.432,70.11,14.915,57.05,0
5754,1.604,68.44,14.531,42.76,1
5755,1.4809,66.59,13.802,55.22,1
5756,1.7039,68.2,14.01,47.81,1
5757,1.5686,69.76,15.21,41.26,1
5758,1.5433,66.95,13.829,47.68,1
5759,1.732,69.03,14.784,42.81,0
5760,1.6196,68.47,14.591,40.51,1
5761,1.6914,66.84,14.029,46.88,1
5762,1.4557,69.95,15.96,47.49,1
5763,1.4053,66.04,14.367,47.79,1
5764,1.616,69.58,14.986,44.7,1
5765,1.5472,67.65,14.426,50.1,1
5766,1.685,66.13,14.184,53.43,1
5767,1.5737,64.29,13.874,41.23,1
5768,1.6148,65.48,14.959,47.37,1
5769,1.3115,65.15,14.565,33.9,1
5770,1.863,62.67,14.839,49.62,0
5771,1.5411,64.83,14.129,51.02,1
5772,1.6774,63.6,13.504,54.81,0
5773,1.4387,66.06,14.033,50.19,1
5774,1.6133,67.26,14.067,52.84,1
5775,1.377,61.57,13.943,51.86,0
5776,1.6212,67.36,14.274,42.74,1
5777,1.5011,63.53,13.082,41.42,1
5778,1.5514,62.18,15.233,49.49,1
5779,1.656,65.17,13.852,43.49,1
5780,1.3519,62.55,13.415,50.27,0
5781,1.4311,63.18,14.66,46.97,1
5782,1.5889,62.39,13.284,54.71,1
5783,1.8513,61.15,14.108,52.62,1
5784,1.4914,63.9,13.643,53.61,1
5785,1.5992,61.85,13.173,55.07,0
5786,1.5049,59.15,14.111,51.66,0
5787,1.8011,63.17,14.071,49.84,1
5788,1.2379,59.82,13.755,56.92,0
5789,1.5114,59.6,13.376,72.32,0
5790,1.2722,63.86,14.112,42.37,1
5791,1.1339,58.99,12.654,53.74,0
5792,1.5498,56.36,12.721,45.13,0
5793,1.5328,62.29,13.31,51.32,1
5794,1.4401,59.75,12.814,47.13,1
5795,1.4836,60.22,13.419,51.94,1
5796,1.9645,60.01,13.748,54.21,1
5797,1.4384,60.36,13.204,48.42,1
5798,1.5616,58.28,13.035,39.58,0
5799,1.3751,63.08,13.317,62.49,0
5800,1.5161,56.34,12.756,61.51,0
5801,1.4481,60.42,13.578,51.61,1
5802,1.41,60.31,13.761,45.41,1
5803,1.7441,57.39,13.178,54.96,0
5804,1.6297,56.69,12.563,57.66,1
5805,1.4845,60.74,13.117,58.42,1
5806,1.1119,56.19,13.05,61.43,0
5807,1.4013,56.49,13.125,63.13,1
5808,1.8558,59.05,13.252,39.07,1
5809,1.4008,57.44,12.859,51.4,1
5810,1.6024,53.91,13.005,64.26,1
5811,1.6637,60.42,13.18,44.71,1
5812,1.4529,56.0,12.977,64.95,1
5813,1.3086,55.81,12.509,69.48,0
5814,1.067,57.29,12.51,63.72,0
5815,1.5365,57.81,13.88,59.29,1
5816,1.3114,60.05,13.44,48.88,1
5817,1.4631,52.75,11.984,59.49,0
5818,1.2465,57.85,12.426,43.46,0
5819,1.3778,57.25,12.462,48.08,0
5820,1.4319,55.36,12.372,50.02,0
5821,1.4503,56.94,14.113,55.17,1
5822,1.2612,57.03,12.615,51.3,1
5823,1.5926,52.28,12.909,59.28,1
5824,1.3216,58.2,12.941,60.61,0
5825,1.1595,51.38,11.626,52.17,1
5826,1.4007,52.27,11.88,58.89,0
5827,1.4115,53.3,11.943,53.43,1
5828,1.4209,57.54,12.665,55.58,1
5829,1.6139,52.72,11.896,62.41,0
5830,1.3694,53.77,11.705,63.98,1
5831,1.3751,56.3,13.53,60.26,1
5832,1.2291,52.08,12.179,60.47,1
5833,1.5045,50.4,11.618,47.19,1
5834,1.4244,51.45,12.105,48.82,0
5835,1.3317,55.18,12.212,48.88,0
5836,1.0964,52.45,11.494,60.1,0
5837,1.587,55.63,15.01,44.82,0
5838,1.2005,53.61,12.368,59.46,0
5839,1.2934,50.57,11.634,60.58,1
5840,1.4286,51.67,11.383,42.22,0
5841,1.2023,49.76,11.282,50.07,1
5842,1.1436,49.8,12.659,67.11,0
5843,1.0625,59.7,14.1,58.18,1
5844,1.4722,52.71,12.459,50.4,0
5845,1.2871,52.41,11.662,48.91,0
5846,1.7975,49.04,12.456,39.87,0
5847,1.2153,53.13,12.432,68.5,0
5848,1.2367,52.75,12.422,58.01,0
5849,1.2611,53.71,12.414,71.83,0
5850,1.4091,52.85,11.703,55.27,0
5851,1.2957,46.01,10.728,63.23,0
5852,1.4586,46.35,11.137,67.73,1
5853,1.2195,46.89,11.705,73.63,0
5854,1.1446,46.67,10.826,64.37,0
5855,1.0795,48.95,11.54,59.16,0
5856,1.0264,47.16,11.211,60.44,1
5857,1.2732,52.33,12.407,49.32,0
5858,1.3178,51.81,12.303,54.57,0
5859,1.2612,47.54,11.142,60.73,1
5860,1.5497,51.59,12.67,68.91,1
5861,1.54,50.23,11.479,55.2,0
5862,1.3053,46.04,11.73,69.67,0
5863,1.0828,42.87,10.497,62.11,0
5864,1.2641,46.51,11.231,70.72,0
5865,1.2594,45.37,11.168,67.15,0
5866,1.2572,46.63,11.293,65.54,0
5867,1.2475,46.11,11.568,68.67,0
5868,1.2621,46.21,11.409,67.63,1
5869,1.2855,46.64,11.644,69.02,0
5870,1.2649,43.08,10.95,79.91,0
5871,1.3812,46.25,10.876,74.14,0
5872,1.3973,44.28,11.013,65.99,0
5873,1.2185,44.93,10.849,57.8,0
5874,1.54,46.39,10.852,63.64,1
5875,1.2101,42.06,10.493,48.12,1
5876,1.1154,43.98,10.879,69.03,0
5877,1.4097,44.06,10.914,53.87,0
5878,1.2353,43.19,11.244,72.17,0
5879,1.4124,45.31,11.824,77.29,0
5880,0.9973,42.32,10.745,52.0,0
5881,1.5651,42.08,10.876,62.77,0
5882,1.4455,41.57,10.567,55.21,0
5883,1.1197,44.72,11.388,47.9,1
5884,1.1139,41.7,10.733,62.67,0
5885,1.6079,43.56,10.747,67.74,0
5886,1.2648,46.31,12.628,67.0,0
5887,1.2251,41.72,10.409,64.92,0
5888,1.0106,43.7,11.679,48.98,0
5889,1.2801,45.09,10.532,62.53,0
5890,1.3251,43.59,11.162,50.91,0
5891,1.4759,41.45,11.326,52.44,1
5892,1.1477,42.69,10.248,55.22,0
5893,1.1352,38.47,10.158,74.08,0
5894,1.4145,38.76,10.447,69.44,0
5895,1.5185,39.74,10.3,67.49,0
5896,1.119,44.61,11.249,54.91,0
5897,1.5084,38.51,10.048,62.23,0
5898,1.362,38.05,9.686,54.62,0
5899,1.5243,37.79,11.504,76.88,0
5900,1.3484,40.54,10.145,82.0,0
5901,0.9979,39.51,10.43,69.18,0
5902,1.3513,41.5,10.267,69.85,0
5903,1.5378,40.14,9.697,63.26,0
5904,1.2341,36.2,9.348,54.4,1
5905,1.3081,36.95,9.337,59.63,1
5906,1.3421,41.27,10.936,60.14,0
5907,0.9379,37.77,9.755,62.9,0
5908,1.63,40.54,10.087,59.35,1
5909,1.2485,36.91,9.552,66.35,0
5910,1.4633,35.43,9.721,60.66,0
5911,1.3706,36.93,9.495,84.05,0
5912,1.5557,35.04,10.016,56.71,1
5913,1.4427,35.64,9.703,74.32,0
5914,1.3469,37.08,9.563,64.33,0
5915,1.2554,37.56,10.324,70.01,0
5916,1.5196,33.07,9.251,73.07,0
5917,1.1202,36.26,9.668,68.03,1
5918,1.4823,34.53,8.974,58.73,0
5919,1.2283,34.0,9.323,65.45,0
5920,1.5795,35.93,9.759,68.52,1
5921,1.4123,33.83,10.187,69.13,0
5922,1.4976,37.88,9.769,57.78,1
5923,1.4151,37.42,11.326,76.75,1
5924,1.1375,37.11,10.034,46.4,1
5925,1.2791,33.38,8.91,66.37,0
5926,1.5067,32.19,8.849,62.25,0
5927,1.4365,33.84,10.279,69.58,0
5928,1.5691,33.54,10.013,76.56,0
5929,1.4732,32.73,9.161,58.02,1
5930,1.2696,31.05,8.988,89.07,1
5931,1.3058,33.25,8.871,70.16,0
5932,1.4393,32.02,9.794,72.25,0
5933,1.0725,34.26,9.053,56.86,0
5934,1.6805,34.08,9.648,68.09,1
5935,1.4925,34.45,10.184,75.6,0
5936,1.6093,29.49,8.748,72.35,0
5937,1.191,33.08,9.729,70.24,0
5938,1.6392,30.66,9.94,69.99,0
5939,1.7824,29.36,8.76,60.47,0
5940,1.251,30.71,8.883,59.33,0
5941,1.558,33.15,9.223,77.79,0
5942,1.45,30.53,8.492,77.62,0
5943,1.2153,33.95,9.126,76.44,0
5944,1.5129,31.79,9.276,63.01,0
5945,1.5796,30.15,8.671,69.36,1
5946,1.3636,32.52,9.358,78.85,0
5947,1.6556,31.13,8.532,60.35,0
5948,1.215,27.98,8.395,80.75,0
5949,1.2483,33.51,9.841,63.74,0
5950,1.5081,30.09,8.393,63.87,0
5951,1.481,29.39,8.619,70.71,0
5952,1.3711,28.04,7.867,63.55,0
5953,1.6094,31.23,8.512,54.8,0
5954,1.561,29.76,9.0,71.64,0
5955,1.6211,29.5,8.643,74.91,0
5956,1.47,27.51,9.553,82.22,0
5957,1.5804,29.89,8.901,75.61,0
5958,1.4464,29.91,8.961,86.66,0
5959,1.8128,26.15,7.886,83.49,0
5960,1.3861,25.2,7.741,79.73,0
5961,1.8414,28.43,8.347,75.44,1
5962,1.5115,23.92,7.507,84.31,0
5963,1.3066,27.37,8.688,54.76,0
5964,1.7209,25.8,8.632,69.44,0
5965,1.5398,28.9,8.86,56.52,0
5966,1.655,25.9,7.857,78.44,0
5967,1.7138,28.4,8.733,65.75,0
5968,1.5822,24.27,7.472,97.7,0
5969,1.4555,27.65,8.986,67.92,0
5970,1.6931,29.54,8.383,71.72,1
5971,1.5467,23.2,7.462,71.34,0
5972,1.626,25.35,8.226,69.34,1
5973,1.2303,30.04,8.869,60.41,0
5974,1.6157,24.89,7.906,63.57,0
5975,1.462,24.5,7.589,56.56,0
5976,1.8086,25.79,8.744,77.57,0
5977,1.6546,23.66,7.475,70.86,0
5978,1.5957,20.17,6.868,91.96,0
5979,1.6395,26.15,8.195,63.26,0
5980,1.4336,19.27,6.806,88.71,0
5981,1.8197,22.8,8.372,87.93,0
5982,1.8801,25.39,7.722,83.51,0
5983,1.6408,22.15,8.425,76.95,0
5984,1.8163,21.65,7.972,73.39,0
5985,1.5068,24.54,8.553,84.26,0
5986,1.4714,20.87,8.607,70.01,0
5987,1.6065,19.56,7.312,79.27,0
5988,1.6664,22.05,7.265,74.95,0
5989,1.5477,21.65,7.444,68.97,0
5990,1.7029,19.41,6.766,79.3,0
5991,1.6599,22.63,7.38,81.31,1
5992,1.4655,21.94,7.679,68.1,0
5993,1.6968,20.25,7.163,80.29,0
5994,1.7633,20.07,7.045,59.09,0
5995,1.649,21.46,7.312,67.47,0
5996,1.8096,22.78,7.852,71.47,0
5997,1.4541,19.26,7.585,79.84,0
5998,1.7134,21.55,7.006,83.01,0
5999,1.4669,20.97,7.34,76.74,0
6000,1.4738,20.91,7.31,80.47,0
6001,1.5585,19.78,6.782,75.44,0
6002,1.5111,18.33,6.896,80.27,0
6003,1.5843,18.95,7.136,79.77,0
6004,1.6337,21.07,7.58,71.92,0
6005,1.7973,24.43,7.965,71.31,0
6006,1.6261,19.61,6.933,81.5,0
6007,1.4293,22.87,8.906,89.63,0
6008,1.8512,20.34,7.671,86.18,0
6009,1.5647,21.55,7.734,66.86,0
6010,1.6728,24.74,8.46,65.09,0
6011,1.7462,23.23,7.801,70.44,0
6012,1.7421,19.29,7.933,77.98,0
6013,1.8548,20.99,7.444,76.33,0
6014,1.7909,24.64,7.889,83.92,0
6015,1.5804,22.9,7.964,85.6,0
6016,2.0339,20.63,8.151,76.57,0
6017,1.745,21.43,8.286,74.23,1
6018,1.6953,24.17,8.199,78.22,0
6019,1.8535,25.57,8.254,82.19,0
6020,1.7551,23.03,8.109,78.88,0
6021,1.7896,28.7,9.147,68.08,0
6022,2.1153,25.47,8.671,68.52,0
6023,1.6982,23.59,7.74,65.54,0
6024,1.7026,22.22,8.304,76.72,0
6025,1.7606,22.3,7.801,80.04,0
6026,1.899,24.96,8.271,79.35,0
6027,1.5232,23.86,8.655,83.47,0
6028,1.4523,28.57,8.891,83.39,0
6029,1.6681,28.42,8.941,60.51,0
6030,1.5163,26.71,8.265,75.59,1
6031,1.705,23.45,8.542,78.03,0
6032,1.8395,24.4,8.262,73.53,0
6033,1.6265,28.42,8.58,65.05,0
6034,1.564,25.1,8.641,85.29,0
6035,1.7942,28.34,10.494,66.79,0
6036,1.9105,27.84,8.093,54.74,0
6037,1.5383,26.75,8.07,72.49,0
6038,1.9125,25.76,9.993,71.41,0
6039,1.9102,27.24,8.409,87.31,0
6040,1.9335,28.07,8.471,75.93,0
6041,1.9768,29.83,8.669,68.11,0
6042,2.1217,26.28,8.745,71.31,0
6043,1.7557,27.75,10.243,70.38,0
6044,1.8344,28.35,8.273,89.34,0
6045,1.7424,29.88,8.647,76.22,0
6046,1.8292,26.5,8.105,61.3,0
6047,2.0465,26.24,8.478,70.95,1
6048,1.6242,30.33,9.562,70.21,0
6049,1.6988,25.92,9.083,64.18,0
6050,2.0384,32.16,9.482,55.39,1
6051,1.9969,29.21,10.571,75.87,0
6052,1.7821,26.99,8.119,66.14,1
6053,1.9766,29.25,8.475,81.27,0
6054,1.887,31.05,9.677,70.01,0
6055,2.0711,29.71,8.852,67.31,0
6056,1.8654,30.87,8.429,50.93,0
6057,1.9966,31.94,9.148,79.28,0
6058,2.2424,30.63,9.005,72.79,1
6059,1.933,29.39,8.499,67.57,0
6060,1.8692,31.03,8.602,62.81,0
6061,1.9577,34.35,9.309,80.86,0
6062,1.8046,34.99,9.061,59.14,0
6063,2.2098,28.17,8.759,68.72,0
6064,1.892,34.75,8.917,72.57,0
6065,1.8333,33.45,9.278,80.39,0
6066,1.765,34.4,9.688,66.28,0
6067,2.037,32.0,8.905,63.82,0
6068,1.9976,29.38,9.275,70.06,0
6069,1.802,34.5,9.027,75.34,0
6070,1.9833,31.54,8.725,78.8,0
6071,1.6586,31.08,8.974,59.21,0
6072,1.9243,31.02,9.294,70.97,0
6073,1.9487,35.15,9.666,56.1,0
6074,2.143,34.88,10.817,74.91,1
6075,1.7647,35.56,9.462,70.03,0
6076,1.6965,36.1,9.247,59.53,0
6077,1.7703,34.01,10.434,80.82,0
6078,1.6928,34.79,9.047,70.67,0
6079,2.1141,34.5,9.751,69.98,0
6080,2.1309,35.02,9.243,66.2,0
6081,1.9553,33.83,8.781,68.27,0
6082,2.0977,36.97,9.562,63.4,0
6083,1.9264,38.31,10.511,59.67,1
6084,1.9029,34.73,9.059,77.72,0
6085,1.8669,39.53,10.409,61.52,1
6086,1.8735,36.68,10.2,62.25,0
6087,1.684,37.64,9.577,65.23,0
6088,1.9555,33.58,9.242,79.76,0
6089,1.9028,33.77,10.195,77.62,0
6090,2.0489,38.06,10.325,62.88,1
6091,1.9369,39.23,9.986,75.08,0
6092,1.8891,36.36,9.983,67.42,0
6093,1.7994,41.4,10.224,56.91,0
6094,1.9217,40.13,10.831,60.77,1
6095,2.0311,36.55,10.352,77.72,0
6096,1.7432,38.19,10.17,82.27,1
6097,1.9396,43.76,10.908,64.98,0
6098,1.9738,36.46,9.482,62.42,0
6099,1.8207,40.23,9.915,63.7,0
6100,1.8485,38.7,9.942,59.43,1
6101,1.9627,41.37,10.407,59.18,0
6102,1.7751,42.37,11.225,57.75,0
6103,1.9927,39.3,10.667,64.22,1
6104,1.7944,42.49,10.69,64.21,1
6105,2.1092,45.1,11.461,60.45,0
6106,2.2939,41.19,10.087,62.17,0
6107,1.8289,42.53,11.173,69.58,0
6108,2.0181,39.81,9.973,62.83,1
6109,1.8381,41.2,11.116,62.68,0
6110,2.084,40.95,10.417,62.8,0
6111,1.7475,43.68,10.263,74.94,0
6112,2.0287,43.91,11.294,58.15,1
6113,1.8254,41.7,10.838,68.35,0
6114,1.9207,45.84,10.917,55.73,0
6115,1.7996,45.63,11.061,64.19,1
6116,2.0687,44.48,10.905,66.54,0
6117,1.8147,41.94,9.984,71.96,1
6118,2.042,41.78,9.997,60.27,1
6119,1.9052,41.43,11.161,54.74,0
6120,1.9382,45.44,10.75,55.28,0
6121,1.97,41.18,11.583,71.56,0
6122,1.8306,45.1,11.869,78.28,0
6123,1.98,41.44,11.534,69.83,0
6124,2.1951,46.08,11.047,50.87,1
6125,1.8299,44.54,10.457,68.36,0
6126,2.1332,47.38,11.044,52.53,1
6127,2.1762,47.26,11.238,57.53,1
6128,1.8345,47.61,10.863,61.42,0
6129,1.7313,47.98,11.312,62.57,1
6130,1.9785,45.22,11.056,61.77,1
6131,1.876,43.18,10.346,57.61,1
6132,2.2257,43.99,10.475,71.14,1
6133,1.9571,41.85,10.423,59.4,1
6134,1.8344,44.16,11.049,72.4,1
6135,1.7887,46.66,11.01,49.77,1
6136,2.1126,45.93,11.209,62.93,1
6137,1.8534,46.8,11.286,50.79,1
6138,1.9459,47.72,11.493,53.11,0
6139,2.0894,46.46,11.046,56.62,0
6140,1.8588,45.65,10.662,73.88,1
6141,1.9483,47.67,12.443,70.64,0
6142,1.9457,46.13,11.417,67.95,0
6143,2.0414,47.86,11.924,60.45,0
6144,2.0378,50.8,12.021,59.54,1
6145,1.902,47.7,11.486,70.16,1
6146,1.9479,52.27,12.326,63.04,1
6147,1.8913,51.55,11.438,58.06,1
6148,1.7115,47.65,11.128,71.58,1
6149,1.9738,47.05,11.077,66.92,0
6150,2.2246,49.13,11.553,60.93,0
6151,1.8099,51.6,11.737,54.07,1
6152,1.817,48.97,11.69,54.96,1
6153,1.8002,51.94,12.032,54.78,1
6154,2.041,52.52,12.881,60.68,0
6155,1.9941,49.32,13.184,65.83,1
6156,1.902,49.43,11.271,47.76,1
6157,1.7821,52.09,12.048,41.79,1
6158,1.9398,51.73,11.99,50.16,1
6159,1.6949,49.94,11.789,55.22,0
6160,1.9577,50.93,11.593,67.97,1
6161,2.0495,51.23,11.647,55.22,1
6162,1.7242,48.7,11.744,61.6,0
6163,1.6851,53.85,11.989,59.99,1
6164,2.1547,51.42,12.144,49.38,1
6165,1.8204,47.04,11.164,72.13,1
6166,2.0801,52.55,12.26,51.85,1
6167,1.9,51.69,11.723,70.35,0
6168,1.8823,56.68,12.797,53.81,1
6169,1.9626,51.73,11.782,54.87,0
6170,1.7694,51.09,12.083,49.18,0
6171,1.9243,54.8,13.192,57.51,0
6172,1.8409,52.38,12.249,75.14,1
6173,1.7018,52.61,12.313,60.44,1
6174,1.9392,55.52,13.022,57.75,0
6175,1.8463,52.55,11.708,52.27,1
6176,1.8698,51.93,12.958,62.28,1
6177,1.708,58.37,12.575,55.04,0
6178,2.1325,56.36,13.073,54.41,1
6179,2.0078,54.43,12.909,59.57,0
6180,2.0354,55.44,12.333,40.97,1
6181,1.8193,57.0,13.178,53.8,1
6182,1.6074,57.76,13.206,44.34,0
6183,2.1628,54.49,13.486,56.15,1
6184,1.8589,57.2,12.856,48.55,0
6185,1.7569,55.24,12.625,50.13,1
6186,1.9331,56.73,12.44,44.13,0
6187,2.053,57.23,12.289,63.48,1
6188,1.8581,57.13,12.649,48.81,1
6189,2.0585,58.3,13.036,48.35,0
6190,2.0157,58.67,13.215,65.96,1
6191,1.672,54.77,12.034,60.49,1
6192,1.7462,55.39,12.553,39.2,1
6193,1.9997,57.4,13.184,65.26,0
6194,1.4308,61.62,13.879,64.76,0
6195,1.8203,56.64,12.388,67.05,0
6196,1.618,58.61,13.359,59.07,0
6197,1.7478,58.28,12.906,45.19,1
6198,1.7866,58.25,12.886,53.66,1
6199,1.7714,59.84,12.671,41.55,1
6200,1.7423,62.13,14.378,44.2,1
6201,1.6666,60.67,13.424,43.36,1
6202,2.1635,58.49,12.484,48.78,1
6203,2.1032,65.51,14.322,50.76,1
6204,1.6395,60.33,13.484,48.87,0
6205,2.0514,59.53,13.679,49.27,1
6206,1.7542,63.38,13.71,48.35,1
6207,1.8187,60.1,13.16,64.61,1
6208,1.7844,64.16,13.699,67.34,0
6209,1.7074,59.4,13.569,49.45,0
6210,1.9436,64.43,13.636,52.86,0
6211,1.8002,62.62,13.304,44.81,1
6212,1.7234,64.42,13.895,56.36,1
6213,1.5891,66.22,13.775,45.41,1
6214,1.6437,59.5,14.136,47.21,0
6215,1.5394,64.42,15.162,65.62,1
6216,1.774,59.68,13.157,41.9,0
6217,1.5848,60.37,13.017,32.6,1
6218,1.7221,61.68,13.663,57.64,1
6219,1.9502,64.25,13.693,47.07,1
6220,1.9343,63.81,14.428,45.6,1
6221,1.7517,63.11,13.485,72.67,0
6222,1.739,64.2,14.022,56.01,0
6223,2.0377,64.84,14.084,48.6,1
6224,1.8227,65.98,13.804,43.66,1
6225,1.6878,66.41,14.296,52.13,1
6226,1.516,68.01,14.961,34.22,1
6227,1.8043,64.93,14.088,45.57,1
6228,1.8552,63.92,13.926,50.12,1
6229,1.6354,66.23,14.091,50.44,0
6230,1.7773,62.88,14.375,49.46,0
6231,1.6694,64.35,14.348,44.49,0
6232,1.7021,68.05,14.353,55.41,0
6233,1.3459,65.88,14.1,36.08,1
6234,1.6863,63.69,14.597,48.08,0
6235,1.8504,63.32,13.363,46.32,0
6236,1.6068,66.88,14.571,56.87,1
6237,1.7169,68.92,14.446,43.44,1
6238,1.5873,69.3,15.56,50.48,0
6239,1.7327,67.72,14.452,50.92,1
6240,1.6611,71.43,15.701,30.97,1
6241,1.5419,67.46,14.18,47.38,1
6242,1.8848,67.65,14.051,34.32,1
6243,1.8196,62.98,13.612,53.6,1
6244,1.5934,67.38,14.514,42.5,1
6245,1.7231,70.04,14.661,55.99,1
6246,1.7317,72.0,15.455,44.07,1
6247,1.7621,67.14,14.368,42.18,1
6248,1.4127,69.82,14.179,56.24,0
6249,1.808,71.59,15.256,38.75,1
6250,1.5607,69.54,14.476,54.09,1
6251,1.5771,65.14,13.876,53.16,1
6252,2.0397,70.08,15.727,43.7,1
6253,1.684,71.69,16.052,35.18,1
6254,1.5699,67.95,14.27,57.37,1
6255,1.2969,69.68,15.054,50.58,1
6256,1.8552,68.59,14.247,41.82,1
6257,1.4165,65.54,14.049,51.28,1
6258,1.4662,72.77,15.037,52.84,0
6259,1.5668,71.71,14.453,46.88,0
6260,1.8422,74.57,15.488,45.92,1
6261,1.7329,73.02,15.414,53.08,0
6262,1.5849,71.27,14.743,58.17,1
6263,1.6564,71.92,15.607,44.46,1
6264,1.498,73.69,15.17,34.06,1
6265,1.6159,74.46,15.181,33.63,1
6266,1.6054,73.46,15.451,39.07,1
6267,1.7283,74.92,15.096,36.15,1
6268,1.7266,72.79,15.579,31.68,1
6269,1.6512,71.56,14.846,60.59,1
6270,1.5203,73.32,15.817,48.62,1
6271,1.672,74.08,16.109,40.01,0
6272,1.5692,71.38,15.263,45.34,1
6273,1.3997,70.87,14.775,31.56,1
6274,1.4932,75.53,15.195,52.94,0
6275,1.5617,73.81,14.87,28.83,1
6276,1.6908,74.23,15.934,47.98,0
6277,1.5266,74.11,15.434,29.24,1
6278,1.3786,77.85,15.777,38.6,0
6279,1.5466,77.76,15.924,51.69,1
6280,1.559,72.93,15.739,32.18,0
6281,1.5619,74.45,15.898,43.01,1
6282,1.6634,77.54,16.165,47.38,0
6283,1.6907,76.9,16.233,46.26,1
6284,1.4204,76.2,15.779,43.57,1
6285,1.4391,74.34,15.506,48.07,1
6286,1.3637,75.26,15.691,38.73,1
6287,1.6128,76.16,15.669,58.84,1
6288,1.7203,77.78,16.379,29.32,1
6289,1.47,80.66,16.463,49.33,1
6290,1.4757,75.95,15.484,44.53,1
6291,1.7211,76.12,15.807,48.48,1
6292,1.5703,77.63,16.197,48.65,1
6293,1.5571,80.02,16.566,45.19,1
6294,1.2965,75.43,15.515,37.29,1
6295,1.5919,81.26,16.824,37.4,1
6296,1.3478,78.31,15.919,30.0,1
6297,1.3143,77.42,16.278,39.74,1
6298,1.4318,75.71,15.467,45.86,1
6299,1.3954,80.94,16.127,45.03,1
6300,1.4453,79.28,16.447,44.5,1
6301,1.2637,79.89,16.122,26.75,1
6302,1.6134,78.08,17.408,37.12,1
6303,1.6267,79.68,16.438,35.77,1
6304,1.1686,79.07,16.106,30.74,1
6305,1.6074,80.29,16.7,33.85,0
6306,1.3388,79.21,16.004,41.16,1
6307,1.5782,77.33,16.485,53.11,0
6308,1.4311,86.84,17.759,29.0,1
6309,1.4504,78.43,16.632,32.44,1
6310,1.4192,81.77,16.371,34.64,1
6311,1.6255,78.39,15.566,44.69,1
6312,1.2378,77.83,15.671,51.74,1
6313,1.5271,82.2,16.402,38.78,1
6314,1.6081,83.08,17.57,27.49,1
6315,1.5306,85.16,18.478,27.7,1
6316,1.7765,83.27,17.002,40.13,1
6317,1.3434,82.54,16.582,47.25,1
6318,1.5722,81.29,16.41,54.58,1
6319,1.4087,86.41,17.604,27.07,1
6320,1.6064,84.95,18.62,38.53,1
6321,1.4118,81.17,17.436,31.55,1
6322,1.3575,83.87,17.48,31.02,1
6323,1.6036,84.76,17.576,30.12,1
6324,1.3381,83.38,17.214,35.93,1
6325,1.2034,85.92,17.219,29.95,0
6326,1.3155,86.34,17.028,56.74,1
6327,1.4992,85.05,16.936,34.23,1
6328,1.6153,84.6,17.244,45.81,1
6329,1.4191,88.61,17.058,30.27,1
6330,1.5902,87.4,17.232,54.4,0
6331,1.1942,85.99,16.852,40.0,1
6332,1.3259,82.67,17.174,45.78,1
6333,1.3379,86.61,17.151,31.78,1
6334,1.3797,87.96,17.503,43.83,1
6335,1.4092,80.96,16.15,42.8,1
6336,1.4961,87.29,18.208,33.34,1
6337,1.3178,86.21,16.655,28.67,1
6338,1.4118,86.88,17.466,34.77,1
6339,1.3768,85.29,16.69,34.8,1
6340,1.2483,87.1,17.117,43.2,1
6341,1.3449,90.5,17.915,32.78,1
6342,1.3743,86.67,17.333,21.14,1
6343,1.3388,90.32,17.948,39.72,1
6344,1.3834,87.05,17.272,46.94,1
6345,1.3872,90.07,17.52,21.52,1
6346,1.3054,88.86,17.446,49.87,1
6347,1.5716,89.66,17.727,46.11,1
6348,1.2001,89.22,17.817,30.18,1
6349,1.2552,90.7,17.809,25.31,1
6350,1.7846,84.47,17.251,46.53,1
6351,1.205,86.78,17.363,25.59,0
6352,1.1637,91.18,17.963,28.9,1
6353,1.4706,85.99,16.993,26.5,1
6354,1.0549,88.99,17.319,35.04,1
6355,1.3295,90.3,17.896,45.88,1
6356,1.6874,88.88,18.154,38.21,1
6357,1.1283,89.46,17.854,43.17,1
6358,1.0584,91.84,17.745,30.89,1
6359,1.1268,93.14,18.619,33.5,1
6360,1.4819,89.54,17.59,24.98,1
6361,1.5118,90.05,18.136,33.45,1
6362,1.27,90.25,17.687,28.22,1
6363,1.4549,86.63,17.533,35.12,1
6364,1.5696,92.64,18.023,31.47,1
6365,1.6081,94.62,18.324,29.59,1
6366,1.3094,94.76,17.987,48.6,0
6367,1.0064,91.58,18.182,48.15,1
6368,1.2129,90.41,18.147,45.58,1
6369,1.2895,93.66,18.451,46.91,1
6370,1.3121,95.18,18.602,42.93,1
6371,1.3042,94.58,18.23,32.1,1
6372,1.5135,94.87,18.997,30.84,1
6373,1.536,96.36,19.226,32.93,1
6374,1.3334,92.72,17.944,31.14,1
6375,1.5184,94.09,18.64,23.81,1
6376,1.4071,97.92,19.302,32.06,1
6377,1.3593,94.29,18.296,19.29,1
6378,1.4795,92.7,18.085,34.15,1
6379,1.3672,94.14,18.76,24.56,1
6380,1.649,93.77,17.841,31.74,1
6381,1.1349,96.67,18.373,32.2,0
6382,1.2773,94.05,18.113,29.22,1
6383,1.336,96.64,18.176,17.71,1
6384,1.4152,94.84,18.976,22.29,1
6385,1.5649,92.36,17.665,37.0,0
6386,1.3525,97.21,19.074,26.01,1
6387,1.1519,97.27,19.086,34.95,1
6388,1.4928,98.3,18.856,29.96,1
6389,1.4636,96.16,18.359,29.38,1
6390,1.0646,95.9,18.716,34.05,1
6391,1.3631,97.79,19.064,24.41,1
6392,1.12,100.79,19.942,31.23,1
6393,1.2515,98.42,18.378,26.34,1
6394,1.2262,99.47,18.868,49.57,1
6395,1.477,97.6,19.237,20.8,1
6396,1.3805,95.21,18.719,28.47,1
6397,1.1623,100.83,19.851,25.7,1
6398,1.492,101.26,19.554,17.37,1
6399,1.1467,100.54,19.294,34.07,1
6400,1.4089,99.1,18.927,25.58,1
6401,1.236,100.71,20.954,9.42,1
6402,1.3001,100.84,20.186,33.84,1
6403,1.4529,102.14,19.805,22.47,1
6404,1.4422,100.86,19.475,27.32,1
6405,1.5664,98.69,19.344,34.97,1
6406,1.3587,95.33,18.913,28.56,1
6407,1.4185,98.59,19.265,26.46,1
6408,1.3181,98.49,18.725,49.19,1
6409,1.411,99.39,20.204,11.74,1
6410,1.4436,100.11,19.521,18.0,1
6411,1.3647,97.13,20.042,21.43,1
6412,1.1141,101.45,19.601,42.11,1
6413,1.437,93.1,18.141,27.47,1
6414,1.4358,97.52,19.764,32.23,1
6415,1.2878,94.96,18.775,27.99,1
6416,1.1849,92.47,18.084,37.83,1
6417,1.617,95.84,18.266,31.21,1
6418,1.4655,93.0,18.477,35.21,1
6419,1.3569,95.75,18.373,41.96,1
6420,1.2282,95.83,18.542,34.88,1
6421,1.278,97.97,18.84,24.45,1
6422,1.5972,91.95,18.405,35.98,1
6423,1.4148,96.82,18.31,50.2,1
6424,1.3273,94.97,18.387,36.43,1
6425,1.4918,96.79,19.185,31.98,1
6426,1.2688,93.18,17.858,21.72,1
6427,1.6419,91.4,18.073,39.59,1
6428,1.6157,91.43,17.731,40.83,1
6429,1.3317,90.87,17.743,36.67,1
6430,1.3314,94.22,19.461,32.87,1
6431,1.0428,96.61,18.192,53.57,1
6432,1.2102,92.29,18.464,40.33,1
6433,1.222,94.26,18.222,42.2,1
6434,1.4541,89.75,17.596,35.47,1
6435,1.3711,92.89,17.959,31.96,1
6436,1.226,93.57,18.648,37.52,1
6437,1.3966,89.0,17.576,33.97,1
6438,1.5072,91.02,17.939,33.39,1
6439,1.5174,93.25,18.419,36.32,1
6440,1.1543,85.77,17.074,33.4,1
6441,1.4369,93.99,17.897,33.72,1
6442,1.249,92.04,17.86,34.12,1
6443,1.5942,92.36,18.488,40.89,0
6444,1.5812,89.93,17.404,29.95,1
6445,1.3345,86.94,16.991,20.52,1
6446,1.332,91.29,17.868,31.3,1
6447,1.4023,90.23,17.487,37.71,1
6448,1.1372,89.96,17.778,42.48,1
6449,1.5309,91.85,17.825,28.21,1
6450,1.4374,90.57,17.78,38.59,1
6451,1.6252,93.61,18.309,41.94,1
6452,1.311,89.2,18.002,41.04,1
6453,1.4001,87.46,18.07,29.73,1
6454,1.2563,88.51,17.546,30.24,1
6455,1.3395,89.13,18.826,38.45,1
6456,1.3221,90.59,17.704,47.37,1
6457,1.6438,85.17,17.371,37.95,1
6458,1.3958,88.12,18.667,34.4,1
6459,1.5102,91.01,18.03,23.29,1
6460,1.4597,86.98,16.844,33.91,1
6461,1.3125,89.59,17.674,29.45,1
6462,1.49,88.09,17.355,36.08,1
6463,1.6096,89.0,17.428,23.11,1
6464,1.3295,84.93,18.18,35.03,1
6465,1.6501,84.61,16.715,29.62,1
6466,1.4002,85.84,17.315,44.26,0
6467,1.4578,83.25,16.301,32.1,1
6468,1.6063,85.72,17.062,32.68,1
6469,1.4349,86.49,17.567,39.4,1
6470,1.547,89.19,17.757,31.78,1
6471,1.4989,86.19,17.065,55.9,1
6472,1.5702,86.46,17.099,44.46,1
6473,1.1751,87.31,17.495,36.37,1
6474,1.2846,83.0,17.66,41.88,1
6475,1.6472,84.02,16.687,19.36,1
6476,1.7115,89.03,18.755,44.92,1
6477,1.4143,83.78,17.551,42.45,1
6478,1.5301,86.18,17.948,36.41,1
6479,1.629,85.7,17.214,41.81,1
6480,1.6704,80.75,17.072,45.92,1
6481,1.284,83.66,16.505,35.12,1
6482,1.4434,83.27,16.586,41.84,1
6483,1.5285,83.26,17.205,47.17,1
6484,1.7036,81.7,16.521,43.57,1
6485,1.9675,80.68,16.241,38.43,1
6486,1.5657,80.99,15.896,42.18,1
6487,1.3849,82.11,16.451,50.4,1
6488,1.6677,84.0,16.574,44.55,1
6489,1.8043,85.72,17.247,28.26,1
6490,1.6436,84.08,16.804,42.52,1
6491,1.4661,83.18,16.603,42.69,1
6492,1.7587,79.45,17.965,50.34,1
6493,1.7395,80.07,16.833,40.98,1
6494,1.4809,81.41,16.918,36.95,1
6495,1.6872,78.88,17.562,30.43,1
6496,1.7864,81.26,16.898,34.0,1
6497,1.8188,81.86,16.223,49.21,1
6498,1.6454,80.77,16.104,41.87,1
6499,1.5839,81.84,17.051,38.5,1
6500,1.829,77.89,15.368,52.46,1
6501,1.4603,81.09,16.464,48.6,1
6502,1.7231,77.66,15.372,36.1,1
6503,1.4551,77.2,15.881,51.99,1
6504,1.8135,80.1,16.563,27.49,0
6505,1.6225,81.02,16.616,44.1,1
6506,1.8544,79.5,16.508,44.06,1
6507,1.7525,78.14,17.186,50.81,1
6508,1.4948,78.64,15.938,44.68,1
6509,1.9017,77.84,18.217,39.87,1
6510,1.9153,74.92,15.49,41.95,1
6511,1.8206,74.55,15.935,65.54,1
6512,1.5694,76.85,15.573,43.34,1
6513,1.6552,77.22,16.72,47.42,1
6514,1.7287,76.57,16.268,26.46,1
6515,1.5956,77.84,16.736,35.51,1
6516,1.9758,75.87,15.752,47.46,1
6517,1.7402,77.2,15.406,29.45,0
6518,1.309,75.3,15.738,47.56,1
6519,1.7744,79.45,15.817,35.3,1
6520,1.6611,75.73,15.579,35.03,1
6521,1.7081,80.0,16.298,34.89,1
6522,1.6806,75.61,17.258,55.48,1
6523,1.8493,74.37,15.566,46.96,1
6524,1.9151,73.32,15.265,37.57,1
6525,1.7813,71.66,14.982,52.01,1
6526,1.6852,72.38,14.814,51.98,1
6527,1.7559,72.03,15.188,42.17,1
6528,1.7486,74.8,15.4,51.67,0
6529,1.6357,72.8,14.822,53.22,0
6530,1.8356,74.2,15.05,51.16,1
6531,1.8332,76.38,15.403,37.62,1
6532,2.0129,73.14,15.308,35.5,1
6533,1.9678,77.26,15.761,28.93,1
6534,1.679,70.8,14.558,41.25,1
6535,1.8993,72.05,15.277,42.54,0
6536,1.6308,71.6,15.253,43.6,1
6537,1.8856,74.09,15.39,44.06,1
6538,1.7021,67.3,14.185,62.05,1
6539,1.6408,68.79,14.888,44.89,0
6540,1.8282,71.63,14.933,45.54,1
6541,1.386,74.25,15.032,29.34,1
6542,1.5373,71.41,15.574,63.71,1
6543,1.7777,68.54,14.661,37.22,1
6544,1.827,67.82,14.55,42.01,1
6545,1.7575,73.74,14.871,49.96,1
6546,1.5832,69.13,14.426,48.99,0
6547,1.6852,68.4,15.651,61.09,0
6548,1.8881,73.11,14.8,50.85,0
6549,1.8983,71.69,14.96,44.92,1
6550,1.8327,72.19,15.021,53.85,1
6551,1.9995,67.56,14.506,57.53,1
6552,1.8888,65.79,13.818,43.63,1
6553,1.7086,69.2,14.686,54.71,1
6554,1.8127,69.13,14.12,45.16,1
6555,1.6386,69.12,14.714,46.17,1
6556,1.8186,71.32,14.759,47.39,1
6557,2.0141,64.14,13.722,46.59,1
6558,1.9495,69.61,15.11,43.47,1
6559,2.0737,65.49,13.966,57.32,1
6560,1.8096,68.79,14.957,34.73,1
6561,2.0609,66.59,14.444,40.37,1
6562,1.8279,65.1,14.683,54.69,0
6563,2.0897,65.86,13.835,48.61,1
6564,1.8544,63.81,14.357,58.53,1
6565,1.9702,66.83,14.292,51.7,1
6566,2.0962,64.67,13.82,39.09,0
6567,1.8593,67.47,13.974,48.25,1
6568,1.8974,67.07,14.686,52.53,1
6569,2.0855,68.79,14.373,49.04,1
6570,1.867,66.18,14.522,45.26,1
6571,1.6819,66.2,15.445,46.83,1
6572,2.2068,67.65,15.003,43.51,1
6573,1.8176,63.92,14.651,39.86,1
6574,1.9094,61.12,13.23,39.82,0
6575,2.0772,64.62,14.333,52.9,1
6576,1.8053,61.24,13.079,44.81,0
6577,1.7437,69.48,14.458,52.05,1
6578,1.9335,66.29,15.321,43.82,1
6579,1.6289,68.28,14.259,37.34,1
6580,1.8507,63.57,14.379,47.09,1
6581,1.9417,64.39,14.431,66.65,1
6582,1.865,62.32,14.002,50.64,1
6583,1.6777,64.97,13.573,55.27,1
6584,2.1428,59.84,13.546,53.72,1
6585,1.931,57.32,12.842,43.02,1
6586,2.1253,60.46,13.963,63.61,1
6587,1.8786,59.01,12.634,50.93,1
6588,1.7795,64.78,14.151,39.31,1
6589,1.9493,65.3,14.122,45.44,1
6590,1.8885,58.6,12.591,51.86,0
6591,1.7495,63.64,13.654,56.45,1
6592,2.1487,63.37,13.192,45.78,0
6593,1.8386,57.78,12.744,75.02,0
6594,1.6479,59.79,13.474,45.25,0
6595,2.1272,59.65,13.27,58.16,0
6596,1.8517,61.82,13.595,35.71,1
6597,1.8378,57.71,12.674,53.36,1
6598,1.6645,59.73,13.734,55.71,1
6599,2.1937,58.05,13.007,44.81,1
6600,1.7428,60.54,13.28,64.2,0
6601,1.9483,58.85,13.509,56.88,1
6602,2.0733,58.07,12.707,51.47,1
6603,2.0054,58.33,13.175,57.06,1
6604,1.9394,62.45,13.845,46.71,1
6605,1.6873,57.78,12.78,63.8,0
6606,1.8296,56.17,13.054,63.15,1
6607,1.9805,59.24,13.463,56.15,0
6608,1.8256,57.08,12.903,59.03,0
6609,1.9846,54.35,12.433,43.87,0
6610,2.0533,62.04,13.785,63.36,1
6611,2.0843,56.86,13.125,54.12,0
6612,1.7618,56.11,12.661,63.15,0
6613,2.2816,57.41,13.316,60.32,1
6614,2.0431,59.95,13.641,60.6,1
6615,1.9643,53.17,11.713,48.45,1
6616,2.1126,56.82,12.49,47.38,1
6617,2.3096,60.25,13.943,70.59,0
6618,1.7238,56.26,12.647,42.92,1
6619,1.9212,53.22,12.225,48.14,1
6620,1.5978,54.27,13.086,56.32,0
6621,1.9755,55.9,12.696,55.85,0
6622,1.9836,57.94,12.891,49.58,0
6623,1.9481,54.35,12.018,61.12,0
6624,1.8525,56.77,12.861,62.16,1
6625,1.6444,51.64,12.176,57.26,0
6626,2.0133,51.46,11.83,55.79,0
6627,2.1643,53.23,11.92,56.64,1
6628,1.862,56.7,14.704,50.5,1
6629,2.0036,53.56,12.283,42.84,1
6630,1.7232,53.77,12.158,58.66,1
6631,2.0241,53.8,12.732,62.66,1
6632,1.8842,55.31,12.52,54.26,1
6633,1.8308,51.85,11.629,39.61,0
6634,1.8414,54.15,12.643,51.51,1
6635,1.8793,50.72,11.586,65.35,0
6636,2.0024,56.08,13.615,43.43,1
6637,1.7449,50.49,11.989,63.7,1
6638,1.8876,50.41,11.627,55.07,0
6639,1.9401,53.15,12.208,57.25,1
6640,1.7653,51.9,12.445,52.1,1
6641,2.2086,51.49,12.214,48.29,0
6642,1.8007,51.42,13.446,69.39,1
6643,1.8358,48.66,12.107,65.95,1
6644,1.7792,53.98,12.601,61.57,0
6645,2.2194,52.13,11.863,64.56,0
6646,2.0333,53.0,12.284,61.04,1
6647,1.8066,49.04,11.858,66.5,0
6648,2.1052,51.35,11.603,52.93,1
6649,1.9618,50.09,12.401,69.74,1
6650,1.979,51.92,11.766,67.73,0
6651,1.8848,51.73,11.713,61.06,0
6652,1.8224,49.6,11.549,56.76,0
6653,1.9925,45.16,11.513,51.61,0
6654,1.8515,52.79,11.914,59.04,1
6655,2.1902,49.52,11.181,72.41,0
6656,1.7265,47.32,11.84,50.79,1
6657,2.1555,49.05,11.364,67.59,0
6658,1.91,44.97,10.551,58.12,0
6659,1.9557,49.93,11.504,55.85,0
6660,2.0474,44.48,11.86,52.71,0
6661,1.8262,47.09,10.986,54.56,0
6662,2.0404,47.17,11.369,65.48,0
6663,1.5021,49.15,11.415,65.31,0
6664,1.8025,46.92,10.92,62.42,1
6665,1.7779,47.52,11.097,56.08,1
6666,1.7098,46.75,10.842,52.18,0
6667,1.8805,46.51,11.615,61.46,1
6668,1.9672,46.19,11.254,57.99,0
6669,2.0091,45.17,12.738,63.48,1
6670,1.9295,42.02,10.362,60.89,1
6671,1.8032,43.43,10.657,60.09,1
6672,1.9504,45.09,11.971,62.5,0
6673,1.9139,44.54,11.446,65.17,0
6674,2.0388,44.48,11.096,72.24,0
6675,2.0132,44.14,10.379,59.69,0
6676,1.8946,42.41,11.687,67.54,0
6677,1.7704,43.19,10.739,77.41,0
6678,1.7858,43.39,10.553,67.61,0
6679,1.8114,43.81,11.417,71.92,1
6680,1.8377,44.42,10.99,57.11,1
6681,1.9229,43.08,10.4,57.2,0
6682,1.9841,41.14,10.47,62.63,1
6683,1.8663,39.89,9.985,64.29,1
6684,1.8853,47.99,10.901,68.64,1
6685,1.885,40.76,10.004,58.91,0
6686,1.7898,41.53,10.265,62.98,1
6687,1.724,42.92,10.384,71.52,0
6688,1.5932,42.69,10.882,64.83,0
6689,1.7538,43.03,10.475,63.17,0
6690,1.9219,40.6,10.643,66.09,0
6691,1.7473,41.28,10.157,54.74,0
6692,1.8171,41.42,10.89,54.6,1
6693,1.9197,40.14,9.814,51.79,1
6694,1.9239,40.87,9.81,65.61,0
6695,1.6812,42.96,11.279,70.45,0
6696,1.9873,40.44,10.087,70.72,1
6697,2.0083,40.26,11.285,73.81,1
6698,1.6554,41.99,10.802,75.47,0
6699,1.6982,41.32,10.928,64.73,0
6700,2.0094,42.36,11.097,62.44,0
6701,1.8049,36.17,9.689,79.19,0
6702,1.4999,41.06,10.354,58.77,0
6703,1.6039,39.56,10.873,55.3,1
6704,1.7842,36.94,9.803,64.0,0
6705,1.6356,38.78,9.85,61.68,0
6706,1.7365,40.48,10.656,64.76,0
6707,1.8099,36.45,9.152,59.98,0
6708,2.0143,39.09,10.696,68.42,0
6709,1.7559,39.87,10.902,60.73,0
6710,1.9555,35.4,10.24,77.46,0
6711,2.0041,37.18,10.446,56.84,0
6712,2.0072,37.49,9.942,65.06,0
6713,1.8354,35.19,9.662,64.52,1
6714,1.4906,35.26,9.119,69.66,0
6715,1.8439,36.14,10.733,74.15,0
6716,1.9165,37.63,9.88,68.05,0
6717,1.7578,37.48,9.906,65.38,1
6718,2.0191,34.34,9.555,73.62,0
6719,1.8913,36.66,9.434,73.42,0
6720,1.8354,34.08,8.919,70.58,0
6721,1.9156,32.03,9.134,72.69,0
6722,1.7963,34.06,9.193,73.26,0
6723,1.3811,37.11,9.829,53.36,0
6724,1.675,35.96,10.316,64.22,0
6725,1.9133,34.56,9.482,70.88,0
6726,1.6036,33.48,9.589,66.19,0
6727,1.7034,33.27,9.448,66.39,0
6728,1.5714,34.11,9.318,71.36,0
6729,2.0039,31.45,8.798,73.12,0
6730,1.9813,32.66,9.383,72.51,1
6731,1.5945,32.81,9.35,62.72,0
6732,1.7428,29.83,9.288,58.85,0
6733,1.6047,31.02,8.965,76.32,1
6734,1.8046,33.72,9.242,62.79,0
6735,1.7838,32.65,9.108,62.46,0
6736,1.8345,31.43,8.768,62.43,0
6737,1.7453,30.09,9.631,80.02,0
6738,2.1261,35.23,10.023,69.35,0
6739,1.5342,29.86,8.376,73.3,0
6740,1.4333,32.07,9.403,74.97,0
6741,1.6302,30.54,8.169,70.3,0
6742,1.4352,31.13,9.365,78.28,1
6743,1.4469,31.77,8.83,60.11,1
6744,1.5183,28.05,8.619,63.33,0
6745,1.548,30.47,8.286,61.38,0
6746,1.5234,32.52,8.77,72.36,0
6747,1.7403,33.53,9.665,72.65,0
6748,1.5867,29.74,8.405,67.41,0
6749,1.616,30.05,8.439,68.9,0
6750,1.7846,33.61,10.087,78.5,1
6751,1.5375,31.75,10.325,64.22,0
6752,1.5939,27.67,8.788,74.37,0
6753,1.6812,27.27,8.159,66.67,0
6754,1.3458,30.78,9.832,79.44,0
6755,1.2788,26.1,7.723,77.93,0
6756,1.6748,30.14,8.682,59.27,0
6757,1.6946,28.72,8.591,69.26,0
6758,1.9382,28.4,9.763,54.72,0
6759,1.6488,26.9,8.752,79.45,0
6760,1.7243,26.3,7.994,89.37,0
6761,1.5715,29.99,8.555,52.92,0
6762,1.6421,26.92,8.706,61.2,0
6763,1.8532,25.73,7.914,74.41,1
6764,1.297,26.46,8.258,72.65,0
6765,1.6605,26.97,7.826,69.21,0
6766,1.914,24.6,8.007,60.45,0
6767,1.624,25.42,8.294,76.64,0
6768,1.8261,24.67,7.561,81.13,0
6769,1.4828,27.7,8.89,94.96,0
6770,1.5765,23.55,8.137,84.85,0
6771,1.5745,21.78,7.849,64.9,0
6772,1.2451,21.5,7.32,75.97,0
6773,1.3922,22.22,7.698,80.23,0
6774,1.4005,27.17,8.416,66.82,0
6775,1.6755,24.7,7.894,80.53,1
6776,1.6734,25.49,8.217,79.08,0
6777,1.5989,25.14,8.739,83.49,0
6778,1.6827,23.87,8.4,80.91,0
6779,1.5279,23.46,7.484,76.92,0
6780,1.7187,25.84,8.581,68.04,0
6781,1.5247,23.67,8.335,64.43,0
6782,1.5466,26.12,8.088,74.63,0
6783,1.491,24.47,8.178,70.93,0
6784,1.6321,21.65,7.807,73.35,0
6785,1.4569,21.26,7.254,84.82,0
6786,1.6658,21.01,7.283,87.11,0
6787,1.3395,24.82,8.252,64.16,0
6788,1.3532,21.2,7.244,74.25,0
6789,1.5995,19.85,7.661,73.04,1
6790,1.4974,22.48,8.26,77.93,0
6791,1.4405,21.19,8.008,57.89,0
6792,1.6394,21.56,8.725,63.83,0
6793,1.4125,24.42,8.005,73.12,0
6794,1.4524,22.25,7.743,81.62,0
6795,1.7019,20.62,7.51,76.89,0
6796,1.7159,17.58,6.942,82.5,0
6797,1.719,19.24,7.336,78.55,0
6798,1.4334,21.52,7.099,86.05,0
6799,1.6601,17.31,6.908,88.8,0
6800,1.3312,23.59,7.437,68.25,0
6801,1.3201,19.96,6.928,83.88,0
6802,1.111,20.09,7.52,80.74,0
6803,1.7056,18.64,7.01,96.93,0
6804,1.3255,21.34,7.79,69.48,0
6805,1.4275,17.79,6.85,75.73,0
6806,1.3183,24.9,8.619,65.39,0
6807,1.5691,23.59,7.654,66.59,0
6808,1.3999,22.66,7.21,77.95,0
6809,1.2658,18.69,7.142,78.64,0
6810,1.5124,21.88,6.964,79.83,0
6811,1.2355,23.85,7.527,78.55,0
6812,1.3112,23.15,7.442,73.03,0
6813,1.1201,20.1,6.918,74.78,0
6814,1.2214,20.66,7.274,68.42,0
6815,1.4617,21.12,7.17,70.27,0
6816,1.1388,21.61,7.014,75.39,0
6817,1.1908,25.97,9.072,74.93,0
6818,1.4141,19.63,6.748,82.62,0
6819,1.3422,24.9,7.377,78.71,0
6820,1.7151,20.99,7.27,88.41,0
6821,1.692,22.06,7.256,67.73,0
6822,1.2784,19.9,6.913,75.11,0
6823,1.5001,23.13,8.007,67.65,0
6824,1.5161,27.2,8.134,82.66,0
6825,1.3028,25.4,7.661,69.48,0
6826,1.1766,22.1,7.904,84.5,0
6827,1.4059,27.06,8.788,83.99,0
6828,1.3749,27.68,8.667,75.35,0
6829,1.3436,25.54,7.626,75.63,0
6830,1.4546,29.61,8.265,71.21,1
6831,1.2955,27.12,8.392,69.9,0
6832,1.2193,27.13,8.249,68.88,0
6833,1.4108,24.6,7.76,72.98,0
6834,1.4348,27.23,8.143,86.88,0
6835,1.2076,27.32,7.849,64.45,0
6836,1.526,27.47,9.635,73.68,0
6837,1.1133,25.42,8.251,79.23,0
6838,1.2832,27.53,8.577,69.93,0
6839,1.3361,25.59,8.037,76.65,0
6840,1.283,23.39,7.756,62.85,0
6841,1.295,30.13,8.537,81.82,0
6842,1.6383,25.05,7.772,82.69,0
6843,1.2485,28.26,8.118,71.0,0
6844,1.7278,28.76,8.792,64.24,0
6845,1.4396,29.16,8.604,77.66,0
6846,1.3884,27.83,9.095,62.71,1
6847,1.4452,29.34,8.921,62.91,0
6848,1.7449,29.94,8.472,70.19,1
6849,1.2266,31.05,9.529,82.37,0
6850,1.1838,33.07,9.442,74.15,0
6851,1.2584,30.35,9.035,65.63,0
6852,1.3654,29.97,10.228,57.37,0
6853,1.1187,28.06,9.748,72.0,0
6854,1.3814,31.1,9.235,72.04,0
6855,1.6168,31.65,9.2,69.23,1
6856,1.3789,30.5,9.305,85.07,0
6857,1.3164,32.36,8.878,68.82,0
6858,1.2643,30.87,8.601,51.95,0
6859,1.4863,32.7,9.615,66.14,0
6860,1.2178,33.35,8.92,72.53,0
6861,1.6246,33.32,9.662,71.77,0
6862,1.6374,32.22,9.246,68.04,0
6863,1.3968,30.29,8.557,68.16,0
6864,1.3537,30.95,8.897,54.15,0
6865,1.5061,33.73,10.031,69.16,0
6866,1.513,37.61,10.019,63.65,1
6867,1.2386,32.15,9.211,70.97,1
6868,1.2588,34.35,9.586,72.1,0
6869,1.156,32.56,9.338,79.32,0
6870,1.4063,31.45,8.769,62.0,0
6871,1.4451,32.11,9.248,58.87,0
6872,1.1497,29.33,8.383,66.07,0
6873,1.263,36.44,9.594,60.73,1
6874,1.16,29.53,8.609,64.23,0
6875,1.231,33.81,9.488,79.83,0
6876,1.4435,32.4,9.186,70.39,0
6877,1.2439,33.23,9.257,84.73,0
6878,1.3068,37.81,10.323,65.91,0
6879,1.1017,35.57,9.75,58.01,0
6880,1.3808,33.57,9.172,61.91,0
6881,1.3452,34.82,9.158,76.29,1
6882,1.2548,34.2,9.176,58.85,0
6883,1.3229,36.23,9.342,71.55,0
6884,1.3709,36.89,9.909,63.62,0
6885,1.2338,40.42,10.075,57.27,0
6886,1.1256,33.41,8.947,80.2,0
6887,1.6326,36.7,9.81,62.04,1
6888,1.252,36.49,10.367,60.05,0
6889,1.3447,39.35,10.556,64.39,0
6890,1.5089,38.33,9.96,61.82,0
6891,1.8773,38.62,10.785,83.14,0
6892,1.1653,38.49,9.408,74.21,0
6893,1.4263,36.05,10.814,62.42,0
6894,1.2495,40.38,10.67,60.28,1
6895,1.2767,40.17,10.343,48.56,0
6896,1.2484,40.38,9.991,65.24,0
6897,1.1968,41.55,10.309,57.61,0
6898,1.3628,39.99,10.521,65.39,0
6899,1.1441,42.13,10.931,47.7,0
6900,1.4973,40.33,10.688,64.5,0
6901,1.3698,39.19,9.954,78.63,0
6902,1.4366,39.94,10.037,65.48,0
6903,1.3039,40.04,10.316,58.51,0
6904,1.3072,39.4,10.582,64.91,0
6905,1.4064,43.96,10.775,62.05,0
6906,1.1964,41.36,11.317,81.52,0
6907,1.3319,40.94,10.462,61.38,0
6908,1.2523,42.09,10.508,54.05,0
6909,1.2482,47.63,11.706,60.66,0
6910,1.0546,39.47,10.805,66.74,0
6911,1.5754,39.82,9.838,68.91,0
6912,1.2764,39.41,9.752,71.08,0
6913,1.5696,41.68,10.42,79.45,0
6914,1.5386,42.47,13.288,58.38,1
6915,1.2088,41.74,10.472,58.39,0
6916,1.2282,41.49,10.459,48.98,0
6917,1.7851,42.94,11.02,68.24,1
6918,1.647,42.06,10.98,56.16,1
6919,1.3867,44.05,11.027,69.6,0
6920,1.4208,45.83,11.727,57.35,0
6921,1.2962,45.11,10.563,75.69,0
6922,1.4673,45.91,10.845,49.9,1
6923,1.3003,46.2,11.793,69.39,0
6924,1.1017,44.41,10.961,69.19,0
6925,1.2259,44.23,10.495,66.36,0
6926,1.4145,43.14,10.312,53.93,0
6927,1.2366,43.98,10.647,66.36,0
6928,1.4039,44.24,10.889,63.29,0
6929,1.2642,46.8,11.505,46.01,1
6930,1.2972,45.99,11.027,73.11,0
6931,1.5499,47.34,11.533,57.73,0
6932,1.4704,43.71,10.597,74.36,0
6933,1.4245,49.28,12.318,58.84,0
6934,1.5603,45.04,12.814,69.05,1
6935,1.5043,44.29,10.688,55.15,0
6936,1.6479,45.76,11.4,62.71,0
6937,1.371,51.91,12.245,58.72,0
6938,1.37,46.42,11.236,58.34,0
6939,1.2451,46.8,11.609,54.01,0
6940,1.3696,47.14,11.56,35.85,1
6941,1.5868,47.72,11.147,53.3,1
6942,1.6322,46.35,11.913,66.57,0
6943,1.608,48.35,11.609,48.43,0
6944,1.186,50.16,11.755,48.96,1
6945,1.6234,49.35,13.264,47.59,1
6946,1.1823,46.59,11.189,62.55,0
6947,1.5937,48.04,11.651,52.79,1
6948,1.4088,48.09,11.509,69.67,0
6949,1.5604,49.24,11.636,65.1,1
6950,1.276,52.21,12.301,59.23,0
6951,1.6481,49.52,11.383,61.31,1
6952,1.2533,49.51,12.004,52.56,1
6953,1.3749,53.35,11.812,50.62,1
6954,1.3222,51.96,11.613,63.04,0
6955,1.2336,51.82,13.144,65.11,0
6956,1.5069,54.86,12.026,61.54,0
6957,1.7661,51.77,11.497,53.43,1
6958,1.8988,46.97,10.889,57.39,1
6959,1.5086,53.15,13.216,49.39,1
6960,1.6684,48.42,10.972,66.09,1
6961,1.5544,52.2,11.754,41.54,1
6962,1.5961,48.27,11.126,42.0,0
6963,1.4632,51.56,11.843,42.32,1
6964,1.5568,52.04,11.865,40.47,0
6965,1.6026,51.44,11.646,68.92,1
6966,1.4513,52.1,13.194,63.72,1
6967,1.521,54.95,12.114,46.19,0
6968,1.5183,51.52,12.002,57.08,0
6969,1.6592,54.55,12.588,67.88,1
6970,1.3855,51.34,11.681,62.09,0
6971,1.543,53.43,12.561,73.49,0
6972,1.832,54.17,12.264,55.1,1
6973,1.7241,52.26,12.254,52.27,1
6974,1.7546,51.94,11.93,49.3,1
6975,1.5631,55.6,11.989,55.72,0
6976,1.6168,57.05,13.454,61.93,1
6977,1.7167,54.62,13.737,56.6,1
6978,1.7941,54.13,12.496,53.42,0
6979,1.2742,55.57,12.327,65.38,0
6980,1.3773,55.81,13.48,59.73,1
6981,1.7645,56.45,13.876,54.22,0
6982,1.5567,50.32,11.775,52.27,0
6983,1.4832,53.94,12.382,54.3,0
6984,1.4136,54.66,12.355,59.52,0
6985,1.5154,56.8,12.282,48.52,1
6986,1.3897,56.93,12.775,44.38,1
6987,1.929,58.64,13.838,50.14,1
6988,1.6038,57.66,12.815,53.73,0
6989,1.6049,54.77,12.198,66.88,1
6990,1.6936,60.33,13.449,43.26,1
6991,1.7546,60.02,13.029,54.31,0
6992,1.7553,55.04,12.535,53.28,0
6993,1.7811,58.73,12.698,51.48,1
6994,1.5361,57.27,12.429,66.53,0
6995,1.5807,58.56,13.392,54.22,1
6996,1.7562,60.69,13.352,44.75,1
6997,1.5488,63.01,13.525,57.97,0
6998,1.6458,60.73,13.325,58.7,1
6999,1.7024,59.82,13.133,44.78,0
7000,1.7571,58.77,12.757,43.99,0
7001,1.3743,60.56,13.837,56.01,0
7002,1.7632,62.26,13.999,50.85,1
7003,1.6311,59.78,13.205,48.89,1
7004,1.7829,58.53,13.127,62.02,0
7005,1.7799,57.43,12.838,49.77,0
7006,1.9054,61.57,13.752,54.78,1
7007,1.883,61.26,13.189,61.34,0
7008,1.8866,59.97,13.814,50.06,0
7009,1.9065,62.8,13.961,36.21,1
7010,1.7415,60.12,13.186,49.1,1
7011,1.6829,61.9,13.323,53.02,1
7012,1.8271,61.73,13.971,59.42,0
7013,1.7929,61.12,13.407,47.96,1
7014,1.6547,62.72,13.34,64.7,1
7015,1.7672,64.6,13.893,39.66,0
7016,1.692,60.67,13.649,53.81,1
7017,1.5984,64.09,13.342,48.58,1
7018,1.9067,63.28,13.63,61.54,1
7019,1.7238,63.89,14.364,38.53,1
7020,2.0219,65.07,14.016,53.17,1
7021,1.4724,63.58,13.967,48.49,1
7022,1.638,65.06,14.561,61.72,1
7023,1.7283,65.64,14.59,42.62,1
7024,1.918,63.33,13.573,54.21,0
7025,1.7946,65.15,14.036,42.85,1
7026,1.8064,64.38,14.276,51.93,1
7027,1.5918,64.78,14.417,47.07,1
7028,1.5835,64.33,13.867,46.93,1
7029,1.8046,66.31,14.203,33.13,1
7030,1.5593,65.51,14.145,52.47,1
7031,1.6786,66.31,14.92,40.25,1
7032,1.8477,65.9,14.675,40.48,1
7033,1.6357,62.58,13.991,38.46,1
7034,2.0067,65.99,13.761,40.49,1
7035,1.9547,66.79,14.169,52.99,0
7036,1.5581,67.44,14.204,52.02,0
7037,1.6538,65.4,14.81,54.41,0
7038,1.4503,64.68,13.918,41.71,1
7039,1.6831,68.68,15.259,49.32,1
7040,1.9042,67.12,14.091,43.68,1
7041,1.7209,68.08,14.186,55.63,1
7042,1.8618,67.55,14.664,51.57,1
7043,1.5746,68.13,15.426,42.61,1
7044,1.894,67.37,14.304,56.66,1
7045,1.7266,66.38,13.627,52.72,1
7046,1.8178,69.37,14.276,35.93,1
7047,1.8069,67.73,14.499,34.7,1
7048,1.6212,69.48,14.214,36.04,1
7049,1.6544,69.79,14.549,60.1,1
7050,1.9605,68.21,14.48,39.68,1
7051,1.9019,67.2,13.756,63.24,1
7052,1.9829,74.58,15.336,35.2,1
7053,1.8805,69.0,14.294,37.9,1
7054,1.8702,71.52,14.587,52.66,0
7055,1.581,74.09,15.229,51.49,1
7056,1.8011,72.22,14.737,49.73,0
7057,1.8405,70.14,14.999,51.98,1
7058,2.1453,70.93,15.569,40.01,1
7059,1.9528,69.24,14.484,53.87,0
7060,2.1027,73.33,15.062,46.73,1
7061,1.9426,72.62,15.082,42.17,1
7062,1.7659,70.99,14.591,46.91,0
7063,1.8826,70.18,14.319,55.24,1
7064,1.8912,69.62,14.231,49.99,1
7065,1.7278,74.36,15.016,26.77,1
7066,1.8263,72.98,16.253,52.01,1
7067,1.8434,73.05,15.01,51.39,1
7068,2.1191,71.69,14.292,42.92,1
7069,1.572,70.66,14.649,47.5,1
7070,2.072,75.66,15.103,44.34,0
7071,1.7362,73.89,15.363,28.94,1
7072,1.6708,75.68,15.593,39.84,1
7073,2.0654,73.47,15.29,41.72,1
7074,2.0021,74.12,15.342,43.02,1
7075,2.0914,75.96,15.539,39.22,1
7076,2.0151,76.02,15.295,48.11,1
7077,2.1976,76.69,15.672,36.23,1
7078,1.9799,74.63,16.027,51.52,1
7079,1.8834,76.77,16.802,47.68,1
7080,1.9533,77.7,15.927,52.9,1
7081,2.0811,75.37,15.499,57.26,1
7082,1.7899,75.26,15.668,57.44,0
7083,1.8152,78.83,16.962,31.87,1
7084,1.8646,75.21,15.302,46.47,1
7085,1.5841,77.59,16.318,36.48,1
7086,1.938,76.2,15.542,69.0,1
7087,1.6227,73.39,15.461,49.85,1
7088,1.9184,79.27,16.611,52.29,1
7089,2.0423,72.04,14.518,49.06,1
7090,1.8532,73.23,15.1,23.69,1
7091,2.168,78.95,16.543,35.32,1
7092,1.7171,79.54,16.45,36.09,1
7093,2.1145,77.07,16.454,39.26,1
7094,2.0361,78.79,16.445,44.34,1
7095,1.6596,73.71,15.119,48.45,1
7096,2.3455,79.86,17.684,19.36,1
7097,1.9125,79.31,16.146,39.08,1
7098,1.7955,79.04,15.388,37.43,1
7099,1.7196,79.45,16.21,52.33,1
7100,1.8981,80.2,16.087,45.26,1
7101,1.9181,79.88,16.536,39.58,1
7102,1.9459,76.11,15.511,44.78,1
7103,1.8975,84.75,17.489,24.49,1
7104,2.0281,82.83,16.841,44.43,1
7105,1.8827,77.9,15.711,39.05,1
7106,1.6553,80.39,16.298,34.2,1
7107,1.9314,80.55,16.033,50.87,1
7108,1.5879,83.34,16.766,40.87,1
7109,1.9872,76.95,15.55,37.05,1
7110,1.7948,80.16,16.425,35.36,1
7111,1.98,78.26,15.948,44.71,1
7112,2.1475,81.53,16.482,42.16,1
7113,1.8075,80.84,17.794,40.14,1
7114,2.105,82.44,16.486,29.65,1
7115,1.8777,81.78,15.916,31.47,1
7116,2.2175,81.29,17.065,33.9,1
7117,1.8918,83.76,17.361,36.67,1
7118,1.8274,84.13,16.309,38.13,1
7119,2.059,85.12,16.619,37.06,1
7120,1.8839,82.9,16.944,37.95,1
7121,1.8354,82.87,17.005,54.54,1
7122,1.8833,83.38,16.845,45.58,1
7123,1.9451,84.89,17.039,47.11,1
7124,2.1533,80.02,15.998,44.51,1
7125,1.6522,84.93,16.552,38.03,1
7126,1.9547,85.37,18.247,40.96,1
7127,2.0448,84.97,16.596,39.53,1
7128,1.9754,84.78,17.19,44.29,1
7129,2.1379,80.35,16.271,32.78,1
7130,1.9361,84.72,17.567,43.64,1
7131,1.9266,89.72,17.812,36.72,1
7132,2.0391,86.1,17.152,22.67,1
7133,1.9609,85.51,16.52,37.89,1
7134,1.9,86.53,16.911,26.28,1
7135,2.0298,87.01,17.797,32.1,0
7136,1.8469,87.54,17.798,34.87,1
7137,1.849,86.25,16.973,24.68,1
7138,1.8835,88.12,16.996,35.42,1
7139,2.1497,90.71,17.913,34.89,1
7140,1.4599,89.88,17.043,41.07,1
7141,2.0028,92.42,17.79,29.5,1
7142,1.9553,86.52,18.249,38.97,1
7143,1.7016,91.28,18.694,33.1,1
7144,1.9793,86.88,17.55,33.22,1
7145,2.0205,89.05,17.79,21.83,1
7146,2.0261,90.11,17.259,33.58,1
7147,1.5309,87.95,17.175,41.62,1
7148,2.1239,89.3,17.399,27.54,1
7149,1.8348,91.29,17.676,32.05,1
7150,2.0424,88.25,17.385,35.19,1
7151,2.0376,92.66,18.825,41.95,1
7152,1.8019,87.19,17.165,36.71,1
7153,2.0295,94.3,18.275,34.58,1
7154,1.8717,92.21,18.513,33.37,1
7155,1.6171,90.12,17.282,30.68,1
7156,2.096,89.83,17.583,25.62,1
7157,1.8029,90.15,17.543,32.5,1
7158,1.7956,90.98,17.934,37.34,1
7159,1.8516,91.25,17.816,35.06,1
7160,1.9557,94.04,18.127,44.04,1
7161,1.9101,95.71,18.457,38.88,1
7162,2.0044,92.36,17.683,43.34,1
7163,1.7122,90.31,18.074,18.16,1
7164,1.8004,91.12,17.879,46.57,1
7165,1.8803,92.16,18.456,35.77,1
7166,2.1956,90.81,17.467,37.34,1
7167,1.8965,90.13,17.721,41.46,1
7168,2.0732,97.36,18.802,30.45,1
7169,1.924,94.06,18.401,24.01,1
7170,1.8354,91.93,18.369,45.06,1
7171,1.8786,94.97,18.369,25.37,1
7172,1.8683,91.81,18.489,25.9,1
7173,1.9838,91.87,18.212,31.56,1
7174,2.086,92.81,18.085,30.01,1
7175,1.9323,97.18,18.652,30.11,1
7176,2.0655,94.17,18.878,31.37,1
7177,1.7477,90.01,17.471,45.73,1
7178,1.8126,97.49,18.981,33.9,1
7179,1.7799,94.47,18.529,24.96,1
7180,1.9431,91.67,17.963,27.86,1
7181,1.832,95.23,18.41,28.42,1
7182,1.9714,96.85,18.582,27.48,1
7183,1.7381,96.73,18.294,26.56,0
7184,1.8923,100.24,19.957,20.09,1
7185,1.9708,94.59,18.257,33.96,1
7186,1.571,96.4,18.852,27.01,1
7187,2.1802,95.63,18.639,23.81,1
7188,1.8303,93.89,18.959,36.15,1
7189,1.5512,99.03,20.16,35.81,1
7190,1.8773,98.54,19.068,27.69,1
7191,1.8424,98.04,18.936,44.05,1
7192,1.843,98.84,18.818,47.06,1
7193,1.9975,96.66,18.259,34.73,1
7194,1.9529,96.36,18.219,27.28,1
7195,1.881,98.57,18.837,31.66,1
7196,1.8966,100.84,18.876,18.31,1
7197,1.8094,102.29,20.196,20.31,1
7198,2.0857,100.67,19.543,14.73,1
7199,1.6042,99.27,19.058,23.68,1
7200,1.8515,100.17,19.788,18.91,1
7201,1.8351,99.37,18.921,34.39,1
7202,1.939,96.76,18.556,24.38,1
7203,1.6907,98.83,18.653,31.55,1
7204,1.5539,96.42,19.047,37.28,1
7205,1.8357,98.19,18.696,39.32,1
7206,1.8438,101.48,19.473,24.58,1
7207,2.0304,100.01,19.743,31.33,1
7208,1.6047,95.9,19.492,33.95,1
7209,1.9806,97.95,18.926,40.29,1
7210,2.146,96.0,18.758,37.7,1
7211,1.7273,97.17,18.474,40.74,1
7212,1.5911,99.17,20.147,15.98,1
7213,1.7156,98.2,18.878,24.65,1
7214,1.7765,101.91,19.631,35.87,1
7215,1.855,98.99,19.066,33.92,1
7216,1.6936,96.93,19.45,29.71,1
7217,2.0116,97.53,19.061,26.65,1
7218,1.6007,95.62,19.129,37.95,1
7219,1.5068,93.55,18.441,16.75,1
7220,1.9249,97.83,18.841,36.24,1
7221,1.4187,97.49,19.323,31.0,1
7222,1.7309,94.63,18.587,28.19,1
7223,2.2127,95.46,18.289,35.51,1
7224,1.7529,96.75,18.479,27.34,1
7225,1.5857,96.26,18.818,31.09,1
7226,1.7285,91.39,18.46,33.47,1
7227,1.7319,94.71,19.357,38.0,1
7228,1.7573,93.86,17.848,33.5,1
7229,1.839,95.94,18.636,16.12,1
7230,1.5572,95.6,18.775,20.04,1
7231,1.9823,95.93,18.822,22.33,1
7232,1.7486,90.95,18.451,37.85,1
7233,1.8273,91.4,18.371,38.32,1
7234,1.6169,94.88,18.167,44.97,1
7235,1.8955,91.08,17.532,25.77,1
7236,1.6623,89.31,17.851,45.52,1
7237,1.7394,93.25,18.833,17.35,1
7238,1.5568,90.91,17.92,34.45,1
7239,1.5332,94.97,18.18,33.62,1
7240,1.796,92.24,17.817,35.62,1
7241,1.6102,91.84,18.354,31.21,1
7242,1.5432,89.91,17.647,35.71,1
7243,1.5834,93.59,18.377,22.28,1
7244,1.7792,91.65,18.492,40.99,1
7245,1.5597,89.36,17.286,36.73,1
7246,1.6354,88.69,17.414,38.69,1
7247,1.6477,89.61,17.555,32.33,1
7248,1.3748,88.17,17.58,33.52,1
7249,1.4297,91.94,18.43,37.8,1
7250,1.6949,85.96,16.622,49.78,1
7251,1.546,88.94,17.625,24.19,1
7252,1.7842,89.89,18.311,22.87,1
7253,1.7812,89.53,17.213,37.1,1
7254,1.7473,87.52,17.393,33.59,1
7255,1.9104,89.89,17.28,35.84,1
7256,1.6081,86.74,16.992,36.29,1
7257,1.732,88.26,16.773,40.91,1
7258,1.5332,89.06,18.37,32.67,1
7259,1.9826,88.69,17.456,25.97,1
7260,1.9205,86.37,16.785,30.64,1
7261,1.605,89.66,18.045,33.74,1
7262,1.6673,87.1,17.0,26.14,1
7263,1.7996,88.02,17.185,35.53,1
7264,1.5894,89.93,18.543,35.47,1
7265,1.4982,88.53,18.651,32.56,1
7266,1.7096,88.73,17.359,37.37,1
7267,1.5913,86.74,17.839,23.94,1
7268,1.6073,87.56,17.526,28.81,1
7269,1.4507,85.66,16.819,27.73,1
7270,1.3111,83.46,16.395,45.94,1
7271,1.6069,85.66,17.985,55.86,1
7272,1.6945,85.78,16.732,30.27,1
7273,1.5294,85.81,18.668,35.07,1
7274,1.769,84.33,16.835,32.33,1
7275,1.4566,82.81,17.663,40.58,1
7276,1.3923,85.61,16.943,32.55,1
7277,1.5419,81.46,16.788,41.97,1
7278,1.5377,87.08,18.143,42.07,1
7279,1.6646,83.53,17.557,28.99,1
7280,1.422,84.07,16.681,40.66,1
7281,1.745,84.57,16.639,23.77,1
7282,1.8102,83.92,16.869,35.96,1
7283,1.507,80.42,15.929,37.95,1
7284,1.7177,84.4,17.075,36.19,1
7285,1.3667,83.71,16.463,36.02,1
7286,1.6797,81.13,16.981,36.13,1
7287,1.6746,80.89,16.149,38.46,1
7288,1.64,81.18,15.909,41.84,1
7289,1.5088,78.84,16.784,43.3,1
7290,1.0617,84.78,17.169,38.65,1
7291,1.4151,83.93,16.937,33.65,1
7292,1.4036,82.15,17.141,48.06,1
7293,1.3526,80.53,16.726,52.64,1
7294,1.5034,80.01,16.082,29.89,1
7295,1.4234,81.57,16.445,40.94,1
7296,1.3669,83.98,16.504,34.7,1
7297,1.3231,79.1,15.56,48.64,1
7298,1.3814,77.6,16.226,41.85,1
7299,1.6406,82.52,16.917,39.25,1
7300,1.3851,75.98,16.02,46.88,1
7301,1.3907,77.12,16.457,39.92,1
7302,1.3992,78.54,16.439,55.08,1
7303,1.5167,75.57,16.025,47.28,1
7304,1.5343,81.09,15.85,47.54,1
7305,0.996,79.8,16.217,38.73,1
7306,1.6049,77.22,16.32,41.3,1
7307,1.6628,80.67,16.022,46.75,1
7308,1.3,81.25,16.471,45.78,1
7309,1.3081,77.41,16.109,32.34,1
7310,1.3837,76.57,15.933,43.64,1
7311,1.3414,81.75,16.645,43.23,1
7312,1.4757,78.65,16.306,40.57,1
7313,1.1397,77.69,15.919,45.23,1
7314,1.2615,79.72,15.815,40.18,1
7315,1.6708,77.08,16.145,24.18,1
7316,1.2921,75.36,15.655,33.01,1
7317,1.6068,76.31,15.312,50.76,1
7318,1.476,77.78,16.761,39.72,1
7319,1.1491,71.82,15.24,47.35,1
7320,1.5165,75.28,15.191,43.81,1
7321,1.3946,78.11,15.713,35.42,0
7322,1.3486,74.49,15.217,40.59,1
7323,1.4413,78.15,15.77,44.52,1
7324,1.483,77.36,15.979,45.53,1
7325,1.5137,74.3,15.069,61.78,1
7326,1.5966,72.79,15.781,41.07,1
7327,1.4639,73.64,15.883,58.15,1
7328,1.2088,79.07,16.501,34.32,1
7329,1.3267,77.64,15.859,46.25,1
7330,1.8419,73.79,15.732,45.65,1
7331,1.4986,71.73,14.996,44.4,1
7332,1.7483,73.53,15.117,44.4,0
7333,1.6011,73.03,15.979,39.38,1
7334,1.4229,70.18,14.875,53.64,1
7335,1.4342,72.65,14.944,38.31,1
7336,1.3962,74.78,15.367,46.34,1
7337,1.1255,68.14,14.35,53.63,1
7338,1.3795,73.54,16.636,55.6,1
7339,1.5792,74.41,15.449,51.89,1
7340,1.2818,70.37,14.912,51.38,1
7341,1.4428,74.96,15.811,38.76,1
7342,1.506,69.65,14.285,40.69,1
7343,1.2353,71.71,15.615,36.24,1
7344,1.3093,70.09,14.486,36.87,1
7345,1.2137,69.86,15.897,46.84,1
7346,1.2588,68.67,14.578,41.5,1
7347,1.1857,71.74,15.515,55.25,1
7348,1.2431,71.58,14.389,41.49,0
7349,1.5838,69.63,14.391,47.78,0
7350,1.2158,66.63,14.112,46.53,1
7351,1.3744,70.13,14.21,35.34,1
7352,1.2779,70.53,15.018,55.53,1
7353,1.5399,68.3,14.581,53.28,1
7354,1.5562,72.37,14.883,51.82,1
7355,1.4961,65.3,14.115,54.1,1
7356,1.4062,63.69,14.116,44.26,0
7357,1.3168,66.54,13.71,42.73,1
7358,1.1758,69.57,14.282,50.97,1
7359,1.6599,65.63,13.981,61.68,1
7360,1.2475,65.33,14.121,52.34,0
7361,1.4591,69.21,14.632,54.96,0
7362,1.5152,67.8,14.852,43.86,0
7363,1.2796,67.25,14.527,56.93,0
7364,1.515,68.22,14.87,44.27,1
7365,1.4743,65.95,13.758,51.25,0
7366,1.6203,65.96,14.095,46.33,1
7367,1.2864,67.44,14.345,54.95,1
7368,1.148,63.12,14.611,58.39,1
7369,1.2751,61.36,13.603,40.22,1
7370,1.3974,64.4,13.612,60.65,1
7371,1.3511,67.18,14.917,67.39,1
7372,1.2873,65.96,14.386,46.42,1
7373,1.0584,66.68,14.035,47.53,1
7374,1.4167,61.12,13.313,62.11,1
7375,1.6544,64.84,13.9,50.1,0
7376,1.4319,65.53,14.741,49.07,1
7377,1.4459,61.72,13.602,67.09,0
7378,1.4299,65.48,14.467,38.66,1
7379,1.4128,63.36,13.577,44.43,1
7380,1.5013,69.6,14.876,50.18,1
7381,1.4078,58.55,13.86,40.41,0
7382,1.2992,65.69,14.022,46.16,0
7383,1.2306,61.81,13.701,48.23,1
7384,1.318,59.54,12.819,60.81,1
7385,1.402,61.35,13.191,57.5,1
7386,1.301,62.74,13.798,37.32,1
7387,1.3989,64.3,13.477,44.78,0
7388,1.4074,65.78,14.772,44.07,1
7389,1.4805,64.55,13.691,48.25,0
7390,1.5509,59.95,13.571,44.31,1
7391,1.3732,64.07,13.912,53.97,0
7392,1.1731,61.91,13.655,46.07,0
7393,1.3245,59.39,14.083,57.36,1
7394,1.3711,60.54,12.711,52.27,1
7395,1.0919,59.0,13.056,45.54,1
7396,1.5584,60.58,12.851,63.4,0
7397,1.369,58.89,12.614,64.94,0
7398,1.4141,58.32,12.515,56.17,0
7399,1.5603,60.77,13.498,50.59,0
7400,1.2719,60.47,13.06,43.64,1
7401,1.4539,58.99,13.601,62.1,1
7402,1.3496,61.76,13.5,58.07,0
7403,1.3326,58.43,12.898,47.17,0
7404,1.2451,57.97,12.955,48.56,0
7405,1.615,59.86,13.209,56.47,1
7406,1.3175,57.9,12.863,44.45,1
7407,1.4792,58.25,12.771,48.59,0
7408,1.1011,52.51,12.727,48.44,1
7409,1.5574,57.76,12.736,46.25,1
7410,1.5382,53.95,12.224,50.58,1
7411,1.4067,55.22,12.73,63.04,1
7412,1.3574,54.37,12.616,42.18,1
7413,1.4429,54.5,12.18,59.25,0
7414,1.7326,55.45,12.945,57.66,0
7415,1.128,55.3,12.811,63.18,1
7416,1.516,57.82,12.946,56.15,1
7417,1.2422,56.48,12.635,51.86,0
7418,1.3949,52.15,11.928,50.98,0
7419,1.3653,55.52,12.596,63.2,1
7420,1.3249,56.19,12.286,59.0,1
7421,1.4105,54.83,12.407,51.8,0
7422,1.227,55.2,12.88,62.96,0
7423,1.566,54.97,12.972,51.9,1
7424,1.1408,56.4,12.64,55.02,0
7425,1.5018,51.05,12.634,53.24,1
7426,1.357,53.67,13.424,60.63,0
7427,1.2445,57.2,12.718,46.39,1
7428,1.4347,56.8,13.172,52.29,1
7429,1.1782,55.39,12.002,50.27,1
7430,1.4324,54.82,12.109,58.21,1
7431,1.2131,56.74,12.705,57.9,0
7432,1.4833,57.2,12.539,45.65,1
7433,1.2754,52.59,13.339,60.52,0
7434,1.359,50.83,12.131,46.67,1
7435,1.4631,51.9,12.609,75.0,0
7436,1.3141,58.37,12.996,49.74,0
7437,1.4226,48.76,11.259,67.89,0
7438,1.2151,51.29,11.804,59.68,1
7439,1.5356,49.05,11.834,61.32,1
7440,1.7122,51.85,11.803,48.29,0
7441,1.8653,48.68,11.87,66.09,1
7442,1.457,50.76,12.216,58.84,1
7443,1.577,47.16,11.221,64.17,0
7444,1.1972,52.2,11.51,56.94,0
7445,1.6895,52.93,13.352,57.99,0
7446,1.5859,49.91,11.696,51.94,0
7447,1.3942,49.51,13.712,57.43,0
7448,1.6664,49.74,12.04,55.59,1
7449,1.4209,49.63,11.567,52.93,1
7450,1.4033,49.39,11.91,59.99,1
7451,1.5457,51.3,11.304,60.82,0
7452,1.3163,51.8,12.519,60.03,0
7453,1.6241,47.21,13.079,59.8,0
7454,1.339,48.49,10.788,63.17,0
7455,1.343,50.46,11.704,60.68,0
7456,1.3569,45.1,11.165,62.09,0
7457,1.5943,44.14,11.33,63.49,0
7458,1.4128,48.16,12.889,68.94,1
7459,1.2989,48.71,11.772,49.77,0
7460,1.4179,45.79,12.6,58.53,0
7461,1.4968,46.3,11.215,63.6,0
7462,1.3419,45.31,11.348,48.63,0
7463,1.3441,44.7,11.243,72.51,0
7464,1.837,48.15,12.133,61.99,1
7465,1.3889,44.02,10.679,70.15,0
7466,1.4872,45.79,11.447,70.12,0
7467,1.4774,44.25,10.575,65.03,0
7468,1.4648,43.08,10.527,45.1,0
7469,1.6162,47.49,11.14,61.35,0
7470,1.6886,44.51,10.973,63.67,1
7471,1.4996,45.54,11.041,52.72,0
7472,1.3647,42.14,11.151,49.09,0
7473,1.7498,43.47,10.574,66.65,0
7474,1.5414,46.37,10.801,51.02,0
7475,1.8201,49.76,11.28,75.34,1
7476,1.2169,40.29,10.907,66.92,0
7477,1.5862,43.49,10.561,73.23,0
7478,1.8566,44.82,11.21,62.25,0
7479,1.519,42.5,10.514,69.23,1
7480,1.5328,45.17,11.459,62.0,0
7481,1.6337,41.53,10.228,71.8,0
7482,1.4936,43.24,12.762,46.26,0
7483,1.5302,41.84,11.784,70.86,1
7484,1.539,45.02,10.83,66.85,0
7485,1.5005,41.05,10.309,62.67,1
7486,1.781,41.62,13.017,60.33,1
7487,1.6752,43.8,10.399,59.86,0
7488,1.6442,39.72,10.245,66.89,0
7489,1.7336,41.65,10.66,73.37,0
7490,1.5691,37.99,9.918,61.53,1
7491,1.4925,39.4,9.6,51.6,0
7492,1.5197,41.59,10.756,83.27,0
7493,1.6249,39.12,9.754,70.83,0
7494,1.4676,39.53,10.871,61.75,0
7495,1.572,41.57,9.97,73.24,0
7496,1.555,38.89,10.171,72.44,0
7497,1.9536,41.58,9.972,67.75,0
7498,1.2307,40.45,9.809,60.83,0
7499,1.625,40.84,10.024,69.5,0
7500,1.9137,41.59,10.32,72.34,1
7501,1.6596,39.57,11.11,51.08,1
7502,1.7686,42.13,10.537,65.15,1
7503,1.671,40.6,11.125,66.85,0
7504,1.5649,37.7,9.794,68.07,0
7505,1.3347,41.15,10.72,64.37,0
7506,1.6977,38.52,9.931,74.77,0
7507,1.5617,37.13,9.6,64.56,1
7508,1.5532,38.61,9.481,65.76,0
7509,1.5996,40.17,10.481,67.16,0
7510,1.9431,38.38,10.143,64.02,0
7511,2.0468,41.04,10.711,52.85,1
7512,1.718,39.49,10.299,66.57,0
7513,1.6199,37.92,11.294,67.66,0
7514,1.5355,34.27,9.453,64.92,0
7515,1.7689,36.25,10.183,66.18,0
7516,1.9903,36.38,9.582,41.24,0
7517,1.6965,37.18,9.658,75.84,0
7518,1.3578,37.0,10.221,73.51,0
7519,1.8271,36.32,9.676,56.62,1
7520,1.8862,35.32,10.039,62.02,1
7521,1.4987,36.79,9.991,78.46,1
7522,1.7636,33.48,8.977,59.39,0
7523,1.8101,38.74,10.482,69.42,0
7524,1.7288,30.69,8.583,66.64,0
7525,1.622,37.74,10.187,69.21,0
7526,1.9039,33.97,10.156,68.62,0
7527,1.6869,36.35,9.499,64.82,0
7528,1.5349,34.82,10.084,70.83,0
7529,1.451,33.94,9.573,64.13,1
7530,1.9614,34.66,9.805,53.67,0
7531,1.8428,34.88,9.156,60.29,1
7532,1.7832,32.6,9.207,60.67,0
7533,1.6994,34.49,9.002,55.02,1
7534,1.6938,30.42,9.858,73.25,0
7535,1.6125,32.47,8.664,68.0,1
7536,1.7162,34.09,9.247,71.35,0
7537,1.4613,34.02,9.202,72.26,0
7538,1.6766,32.57,9.539,75.03,0
7539,1.7407,30.96,10.054,73.41,0
7540,1.886,33.43,9.536,61.04,0
7541,1.7851,29.97,11.034,75.48,0
7542,1.9222,34.73,8.906,69.57,0
7543,2.0084,30.68,8.426,87.95,0
7544,1.968,27.54,8.091,72.22,0
7545,1.8673,27.43,8.594,75.19,0
7546,1.821,30.25,8.52,69.8,0
7547,1.6743,30.23,8.561,70.66,1
7548,1.9338,34.1,9.624,68.23,0
7549,2.0788,27.73,8.035,68.8,0
7550,1.8955,29.3,8.352,72.29,0
7551,2.1127,27.61,8.192,77.26,0
7552,1.6071,28.12,8.336,68.45,0
7553,1.6645,32.33,9.561,75.98,0
7554,1.9619,26.31,7.962,78.64,0
7555,1.8747,29.51,8.626,64.36,0
7556,2.0457,29.23,8.861,63.59,0
7557,1.842,28.24,8.883,75.49,0
7558,1.7255,28.72,9.364,66.38,0
7559,1.8097,25.23,8.278,64.95,0
7560,1.617,30.93,8.896,83.9,0
7561,1.6729,31.07,9.17,62.37,0
7562,2.0176,27.39,8.164,59.92,1
7563,1.9847,31.37,8.922,63.17,0
7564,1.91,25.52,7.623,75.01,0
7565,1.6115,27.43,8.808,72.97,0
7566,1.8319,29.15,8.756,86.2,0
7567,1.6872,25.36,8.48,67.14,0
7568,2.0617,23.21,7.047,76.8,0
7569,1.7896,22.62,7.661,83.99,0
7570,1.7197,29.43,8.489,65.7,1
7571,1.8773,24.22,8.75,79.61,0
7572,1.7854,24.51,8.301,59.18,0
7573,2.1076,22.82,7.833,89.29,0
7574,1.7808,26.8,8.241,80.66,0
7575,1.6774,22.8,7.921,69.67,0
7576,1.568,23.45,7.412,81.17,0
7577,1.8905,24.79,7.909,84.44,0
7578,1.8093,21.67,7.378,65.23,0
7579,1.6757,23.05,9.184,69.81,0
7580,2.0895,26.19,9.075,83.37,0
7581,2.0062,24.23,8.341,74.76,0
7582,1.9065,23.43,7.27,78.39,0
7583,2.1081,23.37,8.24,75.1,0
7584,2.0195,22.13,7.574,82.67,1
7585,1.7853,26.87,8.835,76.79,0
7586,1.7574,20.43,7.612,77.41,0
7587,2.0518,22.81,7.624,58.22,0
7588,1.9852,22.08,7.692,80.43,0
7589,1.9386,23.83,7.401,80.42,0
7590,1.7974,23.81,7.557,64.39,0
7591,2.0148,21.05,7.64,66.47,0
7592,1.8257,21.96,8.111,79.76,0
7593,1.9093,21.5,7.297,77.38,1
7594,2.149,16.2,6.647,61.34,0
7595,1.8464,17.29,6.401,70.37,0
7596,1.6889,19.09,7.932,79.26,0
7597,1.7777,19.12,7.743,81.98,0
7598,2.0735,17.35,7.267,72.28,0
7599,1.968,21.27,7.641,74.97,0
7600,1.9257,19.48,8.084,69.86,0
7601,1.8597,19.06,6.937,87.49,0
7602,1.9981,17.41,6.557,78.54,1
7603,1.8134,19.99,7.825,71.13,0
7604,1.9808,15.33,6.923,67.91,0
7605,1.8342,20.34,6.978,66.3,0
7606,1.8114,20.83,7.26,90.67,0
7607,1.8433,21.74,8.418,74.41,0
7608,1.8833,17.8,7.135,74.02,0
7609,1.9266,22.37,7.88,74.02,0
7610,1.9845,19.26,6.872,71.97,0
7611,1.3873,20.31,7.591,75.95,0
7612,1.8075,23.49,7.29,74.8,0
7613,1.8866,26.09,7.623,72.83,0
7614,2.175,22.13,7.982,65.14,0
7615,1.7825,20.75,8.139,83.22,1
7616,1.9873,22.81,7.717,70.54,0
7617,2.171,25.1,7.742,68.7,0
7618,1.7464,24.39,8.922,68.67,0
7619,1.9977,28.96,8.507,62.81,0
7620,1.8284,21.94,7.665,77.45,0
7621,1.8758,24.25,8.947,81.37,0
7622,1.8249,26.53,8.153,66.65,0
7623,1.8381,26.62,8.053,57.81,0
7624,2.3601,20.3,7.768,68.42,0
7625,2.0704,24.66,7.672,70.32,0
7626,2.112,27.87,8.343,62.15,0
7627,2.0275,30.61,8.408,65.41,0
7628,1.7139,26.47,8.369,68.33,0
7629,2.0003,24.51,8.002,73.95,0
7630,2.1148,23.35,8.236,62.91,0
7631,1.8302,29.81,9.191,75.13,0
7632,2.0892,27.48,8.501,85.49,0
7633,2.0426,24.52,8.155,85.43,0
7634,2.2215,26.22,8.092,68.53,0
7635,1.8715,26.99,8.536,77.69,0
7636,1.7878,27.61,8.195,76.25,0
7637,1.8908,25.71,7.407,73.2,0
7638,2.1607,25.61,8.757,74.69,0
7639,1.6672,23.97,8.155,79.64,0
7640,1.6409,29.6,8.745,78.19,1
7641,1.9531,27.02,8.886,66.19,0
7642,1.8782,28.86,8.47,77.51,0
7643,1.9456,31.35,8.761,83.46,0
7644,2.0688,28.49,8.329,78.67,0
7645,1.8619,28.51,8.793,84.02,0
7646,1.6465,29.02,8.137,50.71,0
7647,2.2373,28.75,8.457,75.78,0
7648,1.798,31.81,9.076,72.05,1
7649,1.782,30.33,8.388,78.76,0
7650,2.0959,28.4,8.315,62.42,1
7651,1.8715,31.85,8.517,65.58,0
7652,1.9282,32.59,9.407,76.07,0
7653,2.0097,27.48,8.086,63.69,1
7654,2.0979,33.13,8.937,70.46,0
7655,1.8766,31.12,8.59,69.65,0
7656,2.1632,30.91,8.774,68.37,1
7657,1.602,33.08,8.638,73.45,1
7658,2.0391,29.78,9.914,61.74,0
7659,1.7883,33.53,8.483,62.57,0
7660,2.1265,30.38,8.823,68.99,0
7661,1.9482,28.73,8.68,61.68,0
7662,1.8227,30.1,8.636,80.54,0
7663,2.0096,33.28,9.323,62.57,1
7664,2.0521,30.28,8.537,76.71,0
7665,2.0137,35.71,10.367,60.38,1
7666,1.7643,35.23,9.235,73.23,0
7667,1.8368,35.68,8.92,54.41,1
7668,1.9063,33.49,8.796,79.91,0
7669,1.9006,33.71,9.604,77.39,0
7670,2.015,30.88,8.858,65.66,0
7671,1.5981,35.65,9.882,60.74,0
7672,1.9529,34.82,9.674,71.83,0
7673,1.8389,35.51,9.343,55.22,1
7674,1.7652,38.08,9.704,66.38,0
7675,1.7881,32.84,9.123,62.26,0
7676,1.86,34.2,10.575,65.77,1
7677,1.3563,35.96,9.949,62.28,0
7678,1.7735,32.97,10.373,62.47,1
7679,1.7648,34.98,9.724,81.52,0
7680,1.9583,36.74,9.69,73.23,0
7681,1.7606,35.05,9.185,55.73,1
7682,1.8308,39.11,10.168,58.57,0
7683,2.1067,33.4,9.243,75.86,0
7684,2.0193,39.05,10.055,73.4,1
7685,2.0055,38.01,9.841,54.62,0
7686,1.7842,35.63,9.048,72.94,0
7687,1.9429,34.9,10.235,69.72,1
7688,1.8216,32.91,9.168,53.47,0
7689,1.8169,35.52,9.242,63.96,0
7690,1.914,39.49,10.44,63.77,0
7691,1.7663,37.86,9.587,66.42,1
7692,2.0714,39.94,10.625,53.96,0
7693,1.8112,36.74,10.294,60.43,0
7694,1.9316,40.02,10.775,59.89,0
7695,2.0608,37.14,9.775,62.08,0
7696,1.9852,36.6,9.631,62.39,0
7697,1.6228,38.94,9.895,64.24,0
7698,1.9112,37.72,9.687,68.38,1
7699,1.9496,36.06,9.676,81.22,0
7700,1.9688,39.17,10.091,72.15,0
7701,1.6418,39.84,9.879,75.41,1
7702,1.7303,42.22,10.179,59.22,0
7703,1.9561,41.63,10.639,55.53,1
7704,1.6976,42.86,10.679,69.3,1
7705,1.7611,41.9,10.273,63.03,0
7706,2.035,41.54,10.802,69.75,0
7707,1.8016,38.57,11.05,58.66,0
7708,1.6882,41.51,11.041,68.78,1
7709,1.6549,42.26,10.444,61.92,0
7710,1.848,44.39,10.85,58.23,0
7711,1.5801,43.15,11.506,59.86,0
7712,1.7525,44.46,10.5,65.89,0
7713,1.8335,40.14,10.635,71.03,0
7714,1.9752,41.85,10.057,60.7,0
7715,1.8754,43.58,11.748,65.52,0
7716,1.6773,45.07,10.869,64.5,1
7717,1.9479,42.18,12.129,69.25,0
7718,1.7228,43.05,11.774,70.9,1
7719,1.5637,44.55,10.97,76.55,0
7720,1.7439,41.11,10.214,60.42,1
7721,1.9553,46.91,11.427,72.06,1
7722,1.7767,41.98,10.553,64.22,0
7723,1.7411,40.39,10.227,55.66,0
7724,1.9915,44.2,10.398,57.01,0
7725,1.5158,47.77,11.192,63.71,0
7726,1.5518,45.6,10.859,66.83,1
7727,1.4916,46.42,11.502,52.78,0
7728,1.7989,45.58,11.602,55.24,1
7729,1.7569,44.94,11.397,57.38,0
7730,1.9583,42.19,10.816,56.65,1
7731,1.7657,40.79,10.21,48.86,1
7732,1.6502,46.36,11.285,43.2,1
7733,1.7146,48.8,11.946,56.3,0
7734,1.7263,46.91,11.205,62.6,0
7735,1.4649,47.9,11.463,65.27,0
7736,2.1065,49.99,11.657,48.07,0
7737,1.7744,47.53,12.3,49.14,0
7738,1.7266,46.56,11.747,56.3,1
7739,1.7733,45.58,11.407,61.24,0
7740,1.8012,51.15,11.42,65.93,1
7741,1.6607,48.84,11.584,65.07,0
7742,1.5804,46.11,11.156,58.26,0
7743,1.7674,45.45,11.056,64.21,0
7744,1.7363,50.81,11.382,51.4,0
7745,1.554,46.7,10.798,61.59,0
7746,1.8709,52.72,12.1,56.9,1
7747,1.6861,43.58,11.239,73.86,0
7748,1.7694,51.58,11.941,61.34,0
7749,1.8551,49.91,11.73,52.36,0
7750,1.6638,50.11,12.824,52.79,1
7751,1.6968,49.55,11.581,56.34,1
7752,1.7794,53.8,12.367,43.51,1
7753,1.5167,51.66,12.053,56.06,1
7754,1.6374,48.39,11.227,58.27,0
7755,1.6521,46.69,11.639,64.37,0
7756,1.4863,51.09,11.743,62.97,0
7757,1.9697,51.16,11.883,58.89,0
7758,1.4085,48.15,11.655,46.96,0
7759,1.4242,51.09,13.119,48.29,1
7760,1.8077,50.1,11.403,53.46,0
7761,1.7236,51.77,12.536,62.77,1
7762,1.4558,53.44,12.8,61.64,0
7763,1.681,55.01,12.225,53.52,0
7764,1.8032,54.08,12.573,75.26,1
7765,1.5799,50.92,12.819,70.52,0
7766,1.9824,53.41,12.095,66.48,0
7767,1.3324,52.84,12.244,62.65,1
7768,1.6863,50.77,11.926,61.95,1
7769,1.7528,54.44,12.634,59.45,0
7770,1.7082,57.42,13.195,39.89,1
7771,1.549,53.18,12.501,48.24,1
7772,1.5202,50.58,12.105,56.49,0
7773,1.6249,54.1,12.132,57.39,0
7774,1.6879,52.27,12.101,56.74,0
7775,1.6506,56.34,12.552,57.13,0
7776,1.7147,55.46,12.221,38.74,1
7777,1.4074,54.48,12.324,60.08,1
7778,1.5058,54.56,12.66,56.69,0
7779,1.4025,54.97,12.659,54.42,0
7780,1.4871,55.34,12.151,62.95,0
7781,1.6929,54.2,12.169,47.73,1
7782,1.5544,52.87,12.638,55.01,1
7783,1.915,58.16,13.289,56.12,0
7784,1.5492,55.59,13.048,48.74,1
7785,1.5401,56.56,13.587,38.82,1
7786,1.5235,57.36,13.142,45.18,1
7787,1.4149,57.57,12.604,53.58,1
7788,1.4944,54.78,12.59,53.94,1
7789,1.688,54.19,13.315,55.95,1
7790,1.5306,56.42,14.715,49.56,0
7791,1.3801,58.45,13.129,43.1,1
7792,1.3613,56.1,12.969,55.84,0
7793,1.4281,57.46,13.209,52.87,1
7794,1.504,62.57,13.642,56.3,1
7795,1.6807,54.35,13.037,49.79,1
7796,1.2942,57.47,13.402,38.03,0
7797,1.4337,63.09,13.764,30.13,1
7798,1.5037,58.61,13.084,50.05,1
7799,1.1999,57.75,12.476,54.92,0
7800,1.3417,61.95,13.861,49.83,1
7801,1.3743,59.68,13.31,48.22,0
7802,1.3399,59.06,12.94,40.25,0
7803,1.4898,60.62,12.965,37.33,1
7804,1.4297,58.82,13.438,56.44,0
7805,1.3617,58.28,12.601,52.15,1
7806,1.5255,60.29,13.371,49.51,1
7807,1.7031,58.97,13.574,40.99,1
7808,1.699,61.32,13.711,44.3,1
7809,1.1743,61.71,13.467,51.75,0
7810,1.5251,63.01,13.305,52.92,1
7811,1.4153,63.55,14.064,49.01,1
7812,1.4641,60.97,14.139,63.06,0
7813,1.3965,62.81,13.604,46.26,1
7814,1.4606,63.26,13.983,60.86,1
7815,1.4481,63.28,14.695,52.5,1
7816,1.3354,61.64,13.69,52.58,1
7817,1.2928,61.21,13.234,59.79,0
7818,1.3707,64.15,14.473,45.5,1
7819,1.4495,59.36,13.047,50.12,1
7820,1.5002,63.13,13.362,40.93,1
7821,1.5576,58.51,13.459,60.57,1
7822,1.3413,61.11,13.198,54.63,0
7823,1.4524,62.56,13.459,60.04,0
7824,1.554,66.56,14.041,50.67,0
7825,1.583,65.74,13.959,57.77,1
7826,1.3995,63.82,14.65,44.57,1
7827,1.3828,66.57,15.257,56.84,1
7828,1.4341,66.85,15.354,45.39,1
7829,1.2266,64.89,14.643,49.62,1
7830,1.3595,63.06,13.829,56.68,1
7831,1.5076,64.92,13.721,68.27,1
7832,1.4809,65.8,14.026,55.51,0
7833,1.3561,63.61,15.185,57.78,0
7834,1.4228,67.02,14.088,43.9,1
7835,1.2614,67.06,15.115,49.82,0
7836,1.4859,67.88,14.464,47.22,1
7837,1.3659,67.81,13.79,59.32,0
7838,1.3344,68.41,14.904,46.3,0
7839,1.3188,67.01,14.946,58.91,1
7840,1.3751,67.64,14.496,37.48,1
7841,1.3113,66.71,14.883,59.79,0
7842,1.4854,67.05,13.756,41.58,1
7843,1.3049,70.86,14.36,53.18,1
7844,1.6002,63.88,14.081,43.14,1
7845,1.5989,70.13,15.021,51.44,1
7846,1.2358,67.48,15.036,40.54,1
7847,1.3845,67.35,14.738,56.66,0
7848,1.2595,69.77,14.322,53.91,1
7849,1.3154,66.28,14.392,43.94,1
7850,1.6718,67.89,14.573,52.48,1
7851,1.3181,68.4,13.944,55.51,1
7852,1.4198,69.14,14.553,39.72,1
7853,1.4402,68.37,14.392,39.45,1
7854,1.2155,73.56,15.132,35.82,1
7855,1.2358,74.18,15.574,34.51,1
7856,1.1641,66.89,13.929,40.04,1
7857,1.2125,72.27,15.189,52.85,1
7858,0.9214,72.72,15.538,49.66,1
7859,1.4369,72.59,15.624,31.39,1
7860,1.6709,69.82,14.371,42.8,1
7861,1.3657,71.23,14.565,36.47,1
7862,1.1351,70.5,14.934,53.3,1
7863,1.2519,71.27,14.891,42.36,1
7864,1.2791,69.96,17.003,34.63,1
7865,1.1991,72.46,15.29,46.79,1
7866,1.4766,69.48,14.793,51.7,0
7867,1.4792,72.27,15.13,37.53,1
7868,1.1827,70.53,14.483,43.97,1
7869,1.4546,73.79,15.492,37.29,0
7870,1.5749,72.21,15.069,55.19,1
7871,1.6335,74.01,15.309,40.78,0
7872,1.7893,75.82,15.729,37.45,1
7873,1.2122,77.23,16.053,41.77,1
7874,1.7732,69.17,14.11,45.66,0
7875,1.3036,72.9,15.615,50.54,1
7876,1.2619,74.34,15.083,53.92,1
7877,1.4019,75.64,15.545,52.58,1
7878,1.2519,72.0,15.709,42.72,1
7879,1.4054,73.62,16.21,47.17,1
7880,1.1576,75.71,15.158,54.79,1
7881,1.31,76.05,15.673,55.3,0
7882,1.5512,76.16,15.939,35.87,1
7883,1.3378,77.03,15.384,47.14,0
7884,1.3734,77.27,16.193,45.87,1
7885,1.4189,77.27,15.915,50.04,1
7886,1.5163,76.79,15.981,52.52,1
7887,1.1258,78.32,15.738,33.67,1
7888,1.4385,72.41,15.295,39.67,1
7889,1.3174,80.44,16.753,47.68,0
7890,1.379,73.29,15.176,45.97,1
7891,1.5169,75.46,15.453,25.62,1
7892,1.1954,77.58,15.724,29.12,1
7893,1.2087,79.15,16.262,46.29,1
7894,1.0751,72.69,15.087,52.33,0
7895,1.2818,78.16,16.515,30.81,0
7896,1.5544,80.18,16.054,49.22,0
7897,1.3357,80.79,15.974,38.82,1
7898,1.1662,77.24,16.179,33.7,0
7899,1.297,78.99,15.815,36.73,1
7900,1.1481,77.97,16.45,31.83,1
7901,1.1973,79.03,16.189,36.48,1
7902,1.4158,77.66,16.309,26.98,1
7903,1.1807,78.25,15.782,41.05,1
7904,1.5338,80.93,16.562,44.75,1
7905,1.3689,80.94,16.097,29.4,1
7906,1.3912,81.71,16.178,39.88,1
7907,1.3435,81.12,16.173,33.56,1
7908,1.4852,82.86,16.535,44.64,1
7909,1.4954,82.79,17.463,20.36,1
7910,1.4123,77.85,15.794,47.85,1
7911,1.465,80.18,15.826,26.36,1
7912,1.3506,80.93,16.496,38.1,1
7913,1.4576,81.79,16.556,33.82,1
7914,1.3243,80.84,16.279,37.3,1
7915,1.3756,84.51,16.875,25.89,1
7916,1.352,86.7,17.721,50.15,1
7917,1.3276,83.27,17.008,28.46,1
7918,1.2798,82.97,17.027,29.23,1
7919,1.474,85.06,16.446,52.08,0
7920,1.585,79.66,18.481,43.43,1
7921,1.5769,84.43,17.36,28.38,1
7922,1.2214,85.79,17.384,36.24,1
7923,1.5868,82.98,16.338,37.2,1
7924,1.3671,82.37,17.054,25.96,1
7925,1.4794,84.38,16.812,32.35,0
7926,1.2869,84.75,16.897,37.72,1
7927,1.4269,83.77,16.179,48.87,1
7928,1.4557,88.87,17.227,33.64,1
7929,1.2066,84.48,17.136,37.13,1
7930,1.5126,83.14,17.362,32.31,1
7931,1.6257,85.49,17.419,46.12,1
7932,1.3977,87.63,17.58,43.26,1
7933,1.6381,85.93,17.144,43.34,1
7934,1.4023,87.18,17.118,37.34,1
7935,1.5693,84.62,17.136,25.06,1
7936,1.0923,89.24,18.104,43.44,1
7937,1.8107,87.73,17.462,36.44,1
7938,1.6721,89.24,18.344,32.72,1
7939,1.3916,88.16,17.407,39.24,1
7940,1.1395,88.79,17.333,37.05,1
7941,1.4986,86.01,17.18,28.67,1
7942,1.2256,86.47,17.306,34.1,1
7943,1.5254,90.69,17.95,18.92,1
7944,1.5193,91.43,18.672,34.77,1
7945,1.314,86.28,17.626,47.26,1
7946,1.6362,89.34,17.266,20.71,1
7947,1.586,88.27,18.274,36.86,1
7948,1.6212,87.82,16.919,41.56,1
7949,1.4733,89.96,19.053,41.09,1
7950,1.2564,91.77,17.98,27.63,1
7951,1.6191,90.73,17.841,25.58,1
7952,1.432,89.69,17.635,30.29,1
7953,1.28,91.07,18.098,43.91,1
7954,1.6818,89.63,17.653,21.3,1
7955,1.8028,91.28,17.976,24.09,1
7956,1.4945,93.49,18.953,29.01,1
7957,1.8234,86.46,17.561,28.87,1
7958,1.5148,92.51,17.789,32.4,1
7959,1.4365,88.23,17.846,47.03,1
7960,1.4132,94.31,18.547,22.69,1
7961,1.7419,90.81,17.673,33.3,1
7962,1.4017,89.22,18.008,34.86,1
7963,1.617,93.5,18.298,29.95,1
7964,1.4328,92.85,18.063,19.86,1
7965,1.4483,90.4,17.856,29.1,1
7966,1.6869,90.37,17.242,29.55,1
7967,1.47,93.01,17.999,38.26,1
7968,1.4783,90.97,18.257,37.6,1
7969,1.7213,91.39,17.923,21.84,1
7970,1.7818,93.45,17.896,29.3,1
7971,1.6289,92.02,18.433,29.57,0
7972,1.4554,95.28,18.422,47.67,1
7973,1.4739,96.96,18.573,32.72,1
7974,1.5628,94.16,19.788,23.67,1
7975,1.5964,94.68,18.092,25.69,1
7976,1.4319,98.64,19.441,26.49,1
7977,1.6644,92.36,17.883,36.09,1
7978,1.5922,97.48,18.952,34.13,1
7979,1.3233,97.4,18.531,31.85,1
7980,1.4348,96.99,18.42,28.62,1
7981,1.4956,98.08,19.313,28.54,1
7982,1.5855,96.39,18.888,29.73,1
7983,1.8629,95.13,19.075,17.4,1
7984,1.6326,98.4,19.024,29.0,1
7985,1.4643,98.62,20.575,24.68,1
7986,1.6143,99.03,19.224,15.92,1
7987,1.534,97.29,19.098,49.63,1
7988,1.6416,95.56,18.297,33.76,1
7989,1.7073,97.49,18.638,30.15,1
7990,1.8016,99.46,19.368,25.98,1
7991,1.6086,99.56,19.203,34.88,1
7992,1.878,96.79,18.797,20.94,1
7993,1.7599,98.9,18.763,27.02,1
7994,1.527,96.08,18.685,23.68,1
7995,1.9776,100.51,19.445,34.01,1
7996,1.6825,97.27,18.503,23.76,1
7997,1.5097,100.53,19.692,37.36,1
7998,1.8934,97.0,18.37,29.84,1
7999,1.9517,101.41,19.564,34.35,1
8000,1.6435,100.05,20.205,31.88,1
8001,1.5853,97.93,19.19,38.67,1
8002,1.6435,100.69,19.706,20.83,1
8003,1.7662,97.76,18.671,37.3,1
8004,1.8583,100.26,20.339,13.77,1
8005,1.7553,98.02,19.724,30.01,1
8006,1.6854,95.06,18.212,27.27,1
8007,1.8858,96.01,18.501,19.8,1
8008,1.6475,97.35,19.483,23.53,1
8009,1.8262,100.64,20.391,23.38,1
8010,1.6245,99.83,18.882,27.61,1
8011,1.76,100.38,19.058,24.27,1
8012,1.688,100.31,19.262,28.9,0
8013,1.6936,95.71,18.09,24.35,1
8014,1.6425,96.16,18.793,26.84,1
8015,1.9104,95.56,19.135,29.0,1
8016,1.6037,94.87,18.184,33.26,1
8017,1.6091,92.47,18.207,39.86,1
8018,2.0515,95.73,18.463,38.05,1
8019,1.8573,93.25,19.15,34.89,1
8020,1.3658,95.52,18.463,34.61,1
8021,1.6439,99.45,19.962,31.58,1
8022,1.4659,94.26,18.214,29.96,1
8023,1.5855,95.14,18.888,38.66,1
8024,1.2614,96.23,18.818,23.51,1
8025,1.7111,94.82,18.444,15.46,1
8026,1.5821,94.71,18.158,23.42,1
8027,1.7557,93.31,18.464,43.81,1
8028,1.5051,93.17,18.138,30.0,1
8029,1.7706,91.93,17.878,35.58,1
8030,1.7074,95.58,19.323,29.54,0
8031,1.9893,89.55,17.921,39.25,1
8032,1.974,95.39,18.824,32.29,1
8033,1.8686,90.33,17.725,33.98,1
8034,1.7277,94.94,18.372,36.92,1
8035,2.0829,91.84,17.908,29.9,1
8036,1.5488,89.78,17.982,37.93,1
8037,1.5708,93.1,18.535,31.44,1
8038,1.7921,93.8,18.283,31.74,1
8039,2.1335,91.0,17.586,27.67,1
8040,1.7651,93.19,18.568,31.27,1
8041,1.7789,86.53,17.304,32.1,1
8042,1.5796,88.1,17.103,44.74,1
8043,1.9359,93.45,17.747,19.42,1
8044,1.9552,89.97,17.852,42.04,1
8045,1.9284,87.02,16.996,22.23,1
8046,1.7129,88.54,17.74,39.58,1
8047,1.7276,88.18,17.233,29.05,1
8048,1.6272,89.08,17.806,39.52,1
8049,1.8332,88.36,17.483,34.37,1
8050,1.6471,89.6,18.867,23.03,1
8051,1.6508,89.25,18.14,45.95,1
8052,1.7719,91.8,18.707,39.69,1
8053,1.7605,89.58,17.722,38.88,1
8054,1.7685,89.46,18.151,29.9,1
8055,1.9204,90.86,17.893,40.45,1
8056,1.8578,87.21,18.277,25.97,1
8057,1.8074,85.75,17.111,19.87,1
8058,1.871,89.99,17.322,22.05,1
8059,1.7104,87.74,16.947,28.52,1
8060,1.8737,87.83,18.369,29.95,1
8061,1.8866,86.16,17.368,33.59,1
8062,1.639,85.54,17.397,34.03,1
8063,2.0234,88.66,18.345,30.28,1
8064,1.7379,88.62,17.119,18.63,1
8065,1.8859,88.32,17.402,37.35,1
8066,2.0448,88.45,17.365,33.66,1
8067,2.006,87.68,17.682,30.48,1
8068,1.8683,86.06,17.019,48.21,1
8069,1.8189,85.31,16.766,35.57,1
8070,2.0234,87.97,17.085,36.35,1
8071,1.9825,84.81,17.618,44.51,0
8072,1.7886,85.8,16.865,25.01,1
8073,1.767,83.09,16.616,38.57,1
8074,1.5818,83.48,16.982,45.28,1
8075,1.9137,83.82,16.65,37.54,1
8076,1.8804,83.02,16.113,28.68,1
8077,2.0634,86.04,16.591,33.52,1
8078,1.9606,81.22,16.422,41.71,1
8079,2.0977,83.53,16.989,21.51,1
8080,1.8095,83.58,16.825,27.65,1
8081,2.0654,79.76,16.362,56.61,1
8082,1.8407,82.31,16.187,43.37,1
8083,2.0219,83.68,16.199,50.67,1
8084,1.6887,83.58,18.162,45.33,1
8085,1.9466,82.04,17.285,42.45,1
8086,1.6133,83.66,17.179,35.59,1
8087,1.8697,82.06,16.346,42.69,0
8088,1.9828,81.82,16.516,50.91,1
8089,1.8471,82.08,16.749,45.82,1
8090,1.7655,83.4,17.443,40.23,1
8091,2.0578,79.93,16.369,39.22,1
8092,1.9032,80.37,16.541,44.64,1
8093,1.8556,79.73,16.167,36.64,1
8094,1.9369,80.13,16.671,44.49,1
8095,2.3339,83.91,16.917,33.2,1
8096,2.1109,81.44,16.576,36.84,1
8097,2.1143,77.51,15.645,33.83,1
8098,1.9993,78.66,15.97,37.71,1
8099,1.9691,80.4,16.022,34.94,1
8100,1.5692,77.64,15.962,55.58,0
8101,1.8292,78.07,15.898,34.79,1
8102,1.8663,81.72,15.916,42.77,1
8103,1.6539,77.4,15.799,34.51,0
8104,1.7679,80.43,16.014,40.54,1
8105,1.634,80.94,16.638,42.56,1
8106,1.9252,77.17,16.172,27.47,0
8107,2.0634,76.3,15.644,31.77,1
8108,2.1042,77.29,16.163,34.62,1
8109,1.9886,75.78,15.967,32.86,1
8110,1.7951,77.77,15.873,42.56,0
8111,1.6622,76.94,16.669,44.49,1
8112,1.6954,77.51,15.656,33.28,1
8113,1.7607,80.18,17.045,41.67,1
8114,1.7987,78.33,16.011,38.24,1
8115,1.916,77.36,15.668,41.48,1
8116,1.7985,72.04,14.959,40.02,1
8117,2.0056,76.98,15.526,46.7,1
8118,1.9078,79.04,16.453,53.98,1
8119,1.9431,69.8,14.165,52.8,1
8120,2.115,76.59,16.596,53.78,1
8121,1.7794,75.08,15.167,32.38,1
8122,2.013,73.09,15.668,38.92,1
8123,1.954,76.38,15.8,47.43,1
8124,1.8937,77.84,16.037,54.13,1
8125,2.0839,76.31,15.487,48.11,1
8126,2.081,73.55,15.436,36.25,1
8127,1.8094,71.94,15.13,41.86,1
8128,1.9277,74.21,14.946,47.03,1
8129,1.9889,75.48,15.374,42.25,1
8130,1.9063,72.74,15.015,38.5,1
8131,2.0372,72.84,14.948,42.51,1
8132,1.993,78.49,16.691,41.25,1
8133,2.2155,74.89,15.638,34.96,1
8134,1.7044,75.33,15.243,51.46,1
8135,1.938,69.56,14.552,43.29,1
8136,1.8183,70.98,14.748,45.57,1
8137,2.0257,72.28,15.003,53.57,1
8138,1.6965,69.63,14.419,45.88,1
8139,1.9929,74.79,15.208,51.75,1
8140,1.8418,74.15,15.874,36.01,1
8141,1.8301,70.35,14.838,49.86,1
8142,1.7405,74.76,15.501,50.69,1
8143,1.8684,70.81,14.84,39.72,1
8144,2.1106,75.77,15.686,41.64,1
8145,1.9351,70.64,14.877,44.88,1
8146,2.028,71.55,15.156,47.53,1
8147,2.19,72.83,15.289,48.95,1
8148,1.9782,72.83,14.813,37.77,1
8149,1.8454,70.9,14.878,45.73,1
8150,1.9991,69.01,14.283,59.64,0
8151,1.8525,70.27,15.122,54.71,1
8152,1.8526,67.53,14.781,54.52,1
8153,1.7043,69.36,14.448,45.53,1
8154,2.0802,66.48,14.203,65.52,0
8155,1.869,64.91,13.485,58.02,0
8156,1.9696,68.45,14.983,47.9,1
8157,1.7836,70.74,15.177,48.05,1
8158,1.9926,69.44,15.194,43.19,1
8159,1.8042,67.76,15.217,51.55,0
8160,1.8993,70.77,14.637,50.98,1
8161,2.0531,66.35,14.526,54.65,1
8162,2.0412,63.16,14.594,49.38,1
8163,1.9156,62.16,13.224,39.3,1
8164,1.6484,64.02,13.87,51.96,0
8165,2.3589,68.18,14.419,53.62,0
8166,2.1682,65.03,14.436,41.92,1
8167,2.019,66.95,13.69,47.79,1
8168,1.7819,69.15,15.625,57.76,1
8169,1.8902,63.68,13.81,41.07,1
8170,1.8239,66.54,14.71,46.36,1
8171,2.0973,66.24,14.163,60.64,1
8172,1.9415,63.52,14.036,51.85,0
8173,1.7689,67.82,13.874,43.77,1
8174,1.8263,64.02,13.759,50.24,1
8175,2.0622,63.54,14.224,57.22,1
8176,2.127,68.27,14.665,45.84,1
8177,2.1136,65.38,13.594,54.27,1
8178,2.0002,66.12,14.228,51.0,1
8179,1.8368,66.34,13.987,51.43,1
8180,1.4069,62.35,13.255,56.55,0
8181,1.9201,65.91,13.659,46.65,1
8182,1.8792,62.35,13.779,43.73,1
8183,1.8905,62.0,14.166,55.44,1
8184,1.8845,62.05,15.054,50.59,1
8185,1.661,61.06,13.062,48.42,1
8186,1.9481,63.62,14.198,54.52,1
8187,1.9479,62.46,14.049,61.24,1
8188,1.953,61.24,13.194,51.01,0
8189,1.9992,63.12,13.48,51.11,1
8190,1.9435,60.84,13.092,42.62,1
8191,1.8113,61.07,13.174,50.65,1
8192,1.8472,61.2,13.548,53.73,1
8193,1.8593,61.85,14.251,51.39,1
8194,1.8614,61.43,14.094,48.88,1
8195,1.9966,59.95,12.679,58.97,0
8196,1.941,61.95,13.399,52.12,1
8197,2.1523,59.71,13.981,73.66,1
8198,2.1731,58.73,12.885,55.13,1
8199,1.841,56.62,12.827,32.4,1
8200,1.2574,61.52,13.048,42.71,1
8201,2.0116,59.13,13.661,57.33,1
8202,1.7288,59.32,12.677,47.72,0
8203,1.7127,60.78,12.959,47.25,0
8204,1.7534,57.8,13.409,44.27,1
8205,1.7493,55.69,13.801,51.6,1
8206,1.9026,58.41,12.913,55.23,0
8207,1.5773,58.44,13.15,56.53,1
8208,1.6412,57.36,13.288,46.01,1
8209,1.8508,60.68,13.52,58.88,0
8210,1.8866,52.4,12.013,47.77,0
8211,1.8712,59.65,13.103,56.53,1
8212,1.6713,58.46,12.591,56.09,1
8213,1.6369,57.16,13.08,46.54,1
8214,1.7049,50.19,11.755,50.44,1
8215,1.8136,58.81,12.973,56.32,0
8216,1.9853,54.22,12.183,51.68,1
8217,1.4479,54.62,12.195,54.27,1
8218,1.7317,55.87,12.881,61.02,0
8219,1.5696,56.43,13.241,58.6,1
8220,1.515,56.43,12.602,47.48,1
8221,1.9024,57.26,12.712,53.78,0
8222,1.839,56.71,12.683,47.03,1
8223,1.8221,55.91,13.118,62.47,0
8224,1.8809,55.88,12.576,67.49,0
8225,1.666,52.25,12.188,50.65,1
8226,1.6704,52.67,12.406,57.0,1
8227,2.0739,56.07,12.582,62.72,1
8228,1.6977,55.59,12.15,55.54,0
8229,1.8416,55.29,12.223,60.01,1
8230,1.7212,52.87,12.739,57.29,1
8231,1.4493,55.17,12.198,47.25,0
8232,1.4105,50.97,11.829,59.04,0
8233,1.6203,55.2,12.127,64.72,1
8234,1.8637,52.08,11.655,59.64,1
8235,1.8234,55.86,12.438,68.25,1
8236,1.8411,49.15,12.579,45.0,0
8237,1.566,55.88,12.951,58.1,0
8238,1.9343,51.0,11.755,53.01,0
8239,1.5439,50.68,12.51,51.0,0
8240,1.7347,52.08,11.977,68.17,0
8241,1.6729,50.1,12.556,56.81,0
8242,1.6374,50.91,13.307,55.31,1
8243,1.8659,49.53,12.274,61.94,1
8244,1.5836,49.05,11.76,41.99,1
8245,1.4672,51.19,12.22,68.69,1
8246,1.6756,48.36,11.619,74.78,1
8247,1.6051,48.11,11.109,67.06,1
8248,2.167,47.16,11.055,63.8,0
8249,1.7484,49.11,11.225,57.89,0
8250,1.5903,52.12,11.828,48.88,0
8251,1.4811,47.53,12.488,69.78,0
8252,1.3528,47.59,11.934,67.59,0
8253,1.4767,49.38,11.875,62.75,1
8254,1.6532,47.44,11.835,62.13,1
8255,1.8505,52.99,11.664,59.43,0
8256,1.7958,47.99,11.833,55.86,0
8257,1.6746,48.64,12.094,79.34,0
8258,1.5671,49.77,11.195,56.67,1
8259,1.6615,49.44,12.048,55.54,1
8260,1.545,47.76,11.069,68.57,0
8261,1.8769,46.97,10.825,59.99,0
8262,1.578,51.28,12.672,57.56,0
8263,1.5897,46.85,11.041,72.2,1
8264,1.2632,46.35,10.834,67.08,0
8265,1.5723,44.95,11.482,67.4,0
8266,1.714,42.73,10.634,51.92,0
8267,1.429,47.51,11.31,63.17,0
8268,1.4669,41.44,10.297,56.14,0
8269,1.7032,45.95,11.368,57.33,1
8270,1.3606,45.4,10.944,63.1,0
8271,1.7227,49.79,11.818,58.5,0
8272,1.4902,41.51,10.211,69.03,0
8273,1.4993,43.12,10.803,69.03,0
8274,1.4,44.43,11.199,68.76,1
8275,1.6175,44.27,11.998,51.39,0
8276,1.9223,43.01,10.634,81.51,0
8277,1.6745,44.02,10.718,62.18,1
8278,1.4141,41.49,10.555,73.49,0
8279,1.7112,44.97,11.444,42.14,1
8280,1.5104,39.07,9.695,63.44,0
8281,1.7403,43.5,10.791,50.79,0
8282,1.65,42.18,9.854,56.72,0
8283,1.0838,44.71,10.829,62.28,0
8284,1.3811,46.64,11.727,58.5,0
8285,1.663,42.11,10.257,74.13,0
8286,1.5439,44.99,11.201,76.01,1
8287,1.3622,41.69,10.125,56.12,0
8288,1.4223,40.31,9.925,60.61,0
8289,1.2215,44.86,11.585,53.27,0
8290,1.499,42.1,10.323,72.17,0
8291,1.8339,41.23,10.594,65.5,1
8292,1.6033,42.36,10.63,63.6,0
8293,1.8027,41.69,10.237,66.32,0
8294,1.6322,40.72,10.391,61.85,0
8295,1.6449,38.0,9.597,59.12,1
8296,1.7911,39.64,10.594,65.25,0
8297,1.5384,41.52,10.073,61.48,0
8298,1.4575,39.36,10.027,67.85,0
8299,1.631,41.47,10.413,50.76,0
8300,1.6867,40.41,10.863,65.77,0
8301,1.3979,37.78,9.874,60.83,0
8302,1.3618,36.76,10.215,68.25,0
8303,1.4825,38.33,10.253,72.98,0
8304,1.5901,37.64,10.11,61.56,1
8305,1.592,38.75,10.032,74.88,0
8306,1.2299,36.81,10.283,52.5,1
8307,1.7361,36.99,9.604,78.96,0
8308,1.3457,40.16,9.749,74.63,0
8309,1.4121,37.71,9.806,58.86,1
8310,1.3145,36.26,9.961,60.15,0
8311,1.8568,37.27,9.322,54.24,1
8312,1.4722,39.9,10.003,72.11,0
8313,1.3124,37.21,9.534,63.63,0
8314,1.5699,37.82,10.321,62.85,0
8315,1.5556,34.92,10.386,58.65,1
8316,1.405,38.22,9.845,79.91,0
8317,1.548,40.53,10.661,56.22,1
8318,1.2831,34.34,9.697,68.05,1
8319,1.3566,33.71,10.1,70.32,0
8320,1.1151,35.74,9.407,63.78,0
8321,1.2126,37.21,9.755,61.56,0
8322,1.6924,34.78,9.35,64.81,0
8323,1.655,32.47,9.2,73.41,0
8324,1.4203,34.56,11.19,65.4,0
8325,1.6667,35.57,9.667,80.26,1
8326,1.3753,33.53,9.098,62.44,0
8327,1.3701,35.36,9.146,73.64,0
8328,1.4169,36.13,10.319,52.75,0
8329,1.3696,34.07,9.181,61.77,1
8330,1.3592,33.31,9.481,62.09,0
8331,1.5581,34.92,9.219,59.14,0
8332,1.3925,31.76,8.605,72.16,0
8333,1.4866,31.29,9.185,69.42,0
8334,1.5393,31.83,8.866,51.5,0
8335,1.44,31.59,9.238,85.83,0
8336,1.2351,30.82,9.129,71.71,0
8337,1.1742,35.9,9.773,67.36,0
8338,1.4011,36.3,9.599,77.29,0
8339,1.3383,31.03,9.293,77.88,0
8340,1.3832,31.69,8.722,67.25,1
8341,1.3838,31.08,8.402,54.52,0
8342,1.7815,33.72,9.586,73.22,0
8343,1.1721,33.3,9.348,61.13,0
8344,1.0749,27.38,8.018,82.33,0
8345,1.4322,31.66,8.568,63.72,0
8346,1.3052,27.47,7.796,68.31,0
8347,1.4141,33.51,9.354,57.59,1
8348,1.461,31.08,9.782,60.1,0
8349,1.5524,28.27,8.404,70.84,0
8350,1.1301,29.5,8.482,69.45,0
8351,1.2805,28.88,8.597,67.65,0
8352,1.4327,29.93,10.161,86.95,0
8353,1.4684,30.88,9.194,75.25,0
8354,1.6879,26.62,7.935,72.72,1
8355,1.5001,32.13,9.136,47.02,0
8356,1.3478,31.21,8.977,76.56,0
8357,1.2191,26.72,7.943,96.71,0
8358,1.2786,27.83,8.878,70.39,0
8359,1.2689,30.98,8.691,63.39,0
8360,1.4615,30.06,8.226,72.39,0
8361,1.388,26.76,8.414,61.48,0
8362,1.1463,28.61,8.602,75.17,0
8363,1.2872,32.89,9.163,80.83,1
8364,1.4832,27.16,8.033,67.06,0
8365,1.4134,25.03,7.806,68.47,0
8366,1.4247,26.45,8.93,72.2,0
8367,1.4004,26.85,8.465,68.51,0
8368,1.5973,24.7,7.68,61.79,0
8369,1.3775,26.75,7.7,69.59,0
8370,1.3012,22.81,7.49,70.22,0
8371,1.214,23.88,7.92,85.52,0
8372,1.3817,26.55,7.985,81.92,0
8373,0.9886,21.51,7.23,86.8,0
8374,1.3303,26.2,8.143,79.19,0
8375,1.3304,20.64,7.34,78.15,0
8376,1.1265,21.33,7.835,69.29,0
8377,1.2022,23.02,7.8,85.66,0
8378,1.4686,24.53,7.94,76.78,0
8379,1.3883,26.21,8.206,62.77,0
8380,1.3536,23.75,7.636,67.12,0
8381,1.4086,23.03,8.174,64.9,0
8382,1.3643,24.24,8.215,57.62,0
8383,1.5505,20.99,8.713,78.96,0
8384,1.3786,23.05,7.995,64.99,1
8385,1.1367,20.02,7.141,70.36,0
8386,1.609,22.25,7.349,75.53,0
8387,1.4218,22.07,8.008,73.99,0
8388,1.2652,20.08,7.137,71.16,1
8389,1.1666,22.16,7.899,87.91,0
8390,1.4256,21.83,7.297,63.65,0
8391,1.3312,23.7,7.956,62.49,0
8392,1.6122,18.06,6.717,80.85,0
8393,1.3067,20.86,7.775,71.21,0
8394,1.2367,19.08,6.826,71.42,0
8395,1.4863,22.25,7.565,66.82,1
8396,1.4978,21.61,7.436,78.25,0
8397,1.3766,21.05,7.481,77.73,0
8398,1.4699,18.32,6.838,77.94,0
8399,1.3635,21.14,7.431,71.18,0
8400,1.3967,16.13,6.745,70.86,0
8401,1.5471,16.41,6.385,75.6,0
8402,1.451,17.26,6.481,84.75,0
8403,1.3404,19.94,7.123,89.21,0
8404,1.5872,21.57,7.448,84.58,0
8405,1.0099,14.87,6.184,81.09,0
8406,1.6847,23.56,8.285,82.81,0
8407,1.1192,21.35,7.357,66.42,0
8408,1.2879,17.8,6.904,71.21,0
8409,1.3736,21.44,7.102,79.67,0
8410,1.3472,23.71,9.125,73.37,0
8411,1.5233,22.74,9.405,77.59,0
8412,1.2358,23.96,7.649,82.33,0
8413,1.4071,19.26,7.863,83.6,0
8414,1.293,21.2,7.502,67.1,0
8415,1.4202,20.22,8.368,76.83,1
8416,1.386,26.11,8.392,65.64,0
8417,1.4061,24.17,8.107,67.71,0
8418,1.3042,28.72,7.885,57.96,0
8419,1.3248,22.19,7.312,76.26,0
8420,1.4241,22.06,7.492,61.49,0
8421,1.5538,23.36,7.844,77.87,0
8422,1.2964,26.59,7.822,83.58,0
8423,1.2688,23.19,7.538,78.92,0
8424,1.4927,24.56,8.173,74.4,0
8425,1.4124,24.73,7.497,86.24,0
8426,1.5317,24.84,8.057,76.49,1
8427,1.2756,23.26,8.515,67.48,0
8428,1.145,24.52,8.181,74.79,1
8429,1.3351,24.93,8.184,89.49,0
8430,1.3041,25.34,7.6,64.66,0
8431,1.4148,27.74,8.057,61.17,0
8432,1.317,29.52,10.049,75.97,0
8433,1.5318,24.07,7.752,72.26,0
8434,1.3855,25.31,8.855,69.2,0
8435,1.4511,24.97,7.837,63.69,1
8436,1.4602,27.2,8.171,57.04,1
8437,1.4628,25.6,8.304,61.64,0
8438,1.4231,27.51,8.394,85.04,0
8439,1.5174,29.84,8.854,71.13,1
8440,1.3288,22.13,7.293,59.21,0
8441,1.6404,28.48,8.199,80.89,1
8442,1.3949,26.76,8.017,82.38,0
8443,1.2515,28.98,8.391,81.28,0
8444,1.4758,27.0,8.181,69.33,0
8445,1.3296,30.88,9.512,67.95,0
8446,1.5516,30.39,8.943,71.09,0
8447,1.7979,30.13,9.006,81.96,0
8448,1.3586,30.74,8.931,65.64,0
8449,1.5116,27.92,7.992,65.96,0
8450,1.2072,28.05,8.529,77.42,0
8451,1.5394,31.15,9.075,79.6,1
8452,1.3541,28.33,8.937,71.21,0
8453,1.3902,32.87,8.851,74.41,0
8454,1.3257,29.46,8.124,71.52,0
8455,1.5981,31.27,9.054,67.68,1
8456,1.6495,34.82,9.687,61.21,1
8457,1.4903,29.64,8.671,61.96,0
8458,1.3716,31.4,8.917,65.21,0
8459,1.7437,33.53,9.738,60.73,0
8460,1.3937,33.55,9.079,70.98,0
8461,1.1892,30.89,8.756,79.85,0
8462,1.572,30.69,8.918,72.1,0
8463,1.3497,31.9,8.6,62.37,0
8464,1.6742,35.33,9.416,74.45,0
8465,1.4733,31.72,8.948,71.95,0
8466,1.6208,33.17,10.142,72.95,0
8467,1.7428,32.39,8.976,65.34,1
8468,1.3557,33.9,9.58,77.13,0
8469,1.4569,33.33,9.832,77.5,0
8470,1.5387,31.38,8.803,68.3,1
8471,1.7773,31.66,9.764,75.56,0
8472,1.4657,30.23,9.781,79.48,0
8473,1.462,32.26,8.991,65.57,0
8474,1.6117,35.74,9.408,66.45,0
8475,1.4621,37.02,10.697,66.8,0
8476,1.5819,35.89,10.143,58.36,0
8477,1.3352,36.18,9.652,70.77,1
8478,1.8907,34.72,10.29,76.2,0
8479,1.3644,37.12,10.489,65.44,0
8480,1.534,35.96,9.477,69.57,0
8481,1.5793,38.88,10.278,76.07,0
8482,1.8588,35.83,10.01,64.08,1
8483,1.3912,38.74,10.057,68.42,0
8484,1.8929,38.09,9.503,61.38,0
8485,1.7042,37.89,9.577,61.29,0
8486,1.6737,32.25,8.9,71.77,0
8487,1.4537,38.98,10.283,67.2,1
8488,1.6917,36.72,9.427,70.92,0
8489,1.5065,36.85,9.831,67.62,0
8490,1.8021,34.53,10.486,71.85,1
8491,1.4667,37.71,10.627,79.56,0
8492,1.6076,38.37,9.405,74.3,0
8493,1.5357,35.82,9.257,69.86,0
8494,1.4774,35.26,9.326,71.77,0
8495,1.7402,39.31,9.83,62.6,0
8496,1.7045,40.35,9.908,63.12,0
8497,1.8091,39.4,10.173,68.98,1
8498,1.3699,41.6,10.917,64.46,1
8499,1.807,39.16,10.575,71.56,0
8500,2.0204,39.58,10.104,75.01,1
8501,1.5993,37.84,9.974,65.2,0
8502,1.9459,37.1,9.932,50.53,1
8503,1.6168,43.95,10.826,78.86,0
8504,1.4633,42.58,11.029,57.99,0
8505,1.6235,37.77,10.043,67.71,0
8506,1.8454,41.09,10.359,69.77,0
8507,1.5558,40.74,9.882,75.66,0
8508,1.5863,40.69,11.094,78.6,0
8509,1.7876,40.54,10.195,61.24,1
8510,1.677,42.52,10.667,72.69,0
8511,1.7762,43.58,10.15,64.39,1
8512,1.7465,42.25,10.667,84.93,0
8513,1.757,41.88,10.617,72.62,0
8514,1.6467,42.09,10.709,61.74,1
8515,1.7412,44.11,13.228,55.72,1
8516,1.5697,43.61,10.626,41.61,1
8517,1.9082,42.86,11.069,68.26,0
8518,1.6206,43.02,10.926,70.86,0
8519,1.8954,44.14,10.661,68.25,0
8520,1.6923,42.42,10.962,44.29,0
8521,1.7795,45.42,10.945,51.4,0
8522,1.6598,41.65,10.892,67.58,1
8523,1.5805,43.24,11.975,77.05,0
8524,1.4736,45.57,11.266,60.65,1
8525,1.589,41.69,10.511,71.89,0
8526,1.6881,41.75,11.112,55.85,1
8527,1.7986,44.61,11.807,63.23,0
8528,1.9118,41.97,10.224,61.41,1
8529,1.687,42.55,10.479,72.4,0
8530,1.6323,46.81,11.639,56.31,1
8531,1.5473,45.0,10.99,74.69,0
8532,1.8383,48.37,11.323,57.08,0
8533,1.9907,43.66,11.023,54.13,1
8534,1.9634,45.91,11.444,52.82,1
8535,1.8753,47.69,11.171,55.26,1
8536,1.8741,44.25,10.899,65.3,0
8537,2.041,48.98,11.474,54.64,0
8538,1.8274,47.88,11.277,53.36,1
8539,1.8911,44.21,10.647,69.24,0
8540,1.7436,47.35,11.477,34.42,1
8541,1.5968,48.42,11.051,56.01,0
8542,1.6994,46.75,11.162,49.96,0
8543,1.8119,45.05,10.947,55.11,0
8544,1.8142,48.8,12.21,61.15,1
8545,2.1024,52.74,12.153,55.31,1
8546,1.8186,48.07,10.934,57.77,1
8547,1.9947,51.79,11.931,67.36,0
8548,1.7575,47.71,11.188,60.06,1
8549,1.782,49.41,11.948,73.52,0
8550,1.6245,50.95,11.834,63.77,1
8551,1.7063,49.8,11.034,51.12,1
8552,1.8983,49.15,15.055,74.41,0
8553,1.839,51.48,12.057,60.14,1
8554,1.9776,54.11,12.481,70.96,1
8555,1.8633,50.76,11.467,55.77,0
8556,1.7914,49.98,11.326,61.3,0
8557,2.1907,50.48,11.778,61.79,0
8558,1.8279,56.53,12.848,53.63,0
8559,2.0304,51.65,12.522,67.97,0
8560,1.7934,50.61,11.871,73.87,0
8561,1.9554,49.01,11.308,40.34,1
8562,2.0161,48.1,10.916,66.16,1
8563,1.8854,52.86,12.138,49.89,1
8564,1.517,53.42,12.109,35.92,0
8565,1.8698,51.45,11.535,61.92,0
8566,2.0525,52.68,12.573,61.13,1
8567,1.9558,50.78,11.388,63.91,1
8568,1.94,53.25,12.515,59.57,1
8569,1.6346,53.85,11.967,62.92,0
8570,1.7762,52.65,12.21,52.47,1
8571,1.9399,57.08,13.371,56.12,0
8572,1.9566,52.11,11.98,62.92,1
8573,2.0753,54.42,13.324,66.37,1
8574,1.8766,55.37,13.83,55.53,0
8575,1.9618,54.35,12.543,54.67,1
8576,1.8994,54.19,12.656,55.76,1
8577,1.7496,52.25,12.636,48.19,1
8578,1.5524,57.6,13.196,60.11,1
8579,1.9876,55.06,12.651,43.84,0
8580,1.9259,56.19,12.557,57.96,1
8581,1.818,56.87,12.37,55.04,0
8582,1.6545,54.84,12.005,43.47,1
8583,1.9946,55.57,14.315,43.36,1
8584,1.8693,58.88,13.315,46.38,0
8585,1.9974,54.39,12.407,53.11,1
8586,2.2073,60.66,14.023,63.94,0
8587,1.5884,55.37,12.278,54.59,0
8588,1.8202,54.92,12.749,60.3,0
8589,1.8824,57.83,12.911,64.17,1
8590,2.1383,61.74,13.763,60.09,0
8591,1.6802,53.99,12.181,56.13,1
8592,2.2037,57.64,12.589,48.72,1
8593,1.9549,59.05,12.879,57.15,1
8594,1.9152,58.42,12.714,48.17,1
8595,1.8903,59.41,13.083,67.54,1
8596,1.8599,57.25,12.342,61.4,1
8597,2.0909,57.26,12.482,55.93,1
8598,1.7689,58.46,13.067,57.68,0
8599,1.992,57.08,12.679,56.02,0
8600,1.882,59.67,13.331,50.25,1
8601,1.8244,58.98,13.095,57.18,1
8602,2.3229,59.13,14.857,51.31,0
8603,1.9968,60.58,13.421,67.72,0
8604,2.0253,57.0,12.567,49.32,1
8605,2.1101,59.89,13.323,56.74,1
8606,1.7173,65.33,14.649,43.32,1
8607,2.2016,58.37,13.097,47.07,0
8608,1.5587,63.98,14.083,36.39,1
8609,1.8335,61.64,13.674,54.9,1
8610,1.8804,60.01,13.285,48.5,1
8611,2.0438,59.1,13.224,62.0,1
8612,1.9781,62.27,14.496,54.48,1
8613,1.9174,65.29,14.183,50.8,1
8614,1.9373,61.77,13.163,40.84,1
8615,1.7955,62.49,13.448,56.13,1
8616,1.7248,64.6,13.312,44.6,1
8617,2.0625,63.96,13.97,38.83,1
8618,2.0495,59.87,13.979,55.85,1
8619,2.1803,63.67,13.4,40.68,1
8620,1.8336,66.4,14.219,32.18,1
8621,2.0541,63.73,14.292,60.94,0
8622,1.9117,58.3,13.512,49.17,0
8623,2.1253,64.66,14.688,35.88,1
8624,2.1084,63.91,13.494,42.74,1
8625,1.9939,60.84,13.445,46.36,1
8626,1.9,61.24,12.96,60.91,1
8627,2.0819,66.9,13.933,34.89,1
8628,2.051,63.48,14.33,39.95,1
8629,1.8435,63.75,13.846,58.4,1
8630,1.7482,65.69,14.468,45.82,1
8631,1.916,64.73,13.623,52.09,1
8632,2.1779,66.49,15.003,44.75,1
8633,2.1216,65.42,14.446,65.44,1
8634,1.7828,63.88,14.309,40.01,1
8635,1.7697,65.26,13.841,51.69,1
8636,2.1329,67.75,15.062,60.04,1
8637,1.7821,66.83,14.231,45.44,1
8638,2.0219,66.52,14.062,42.77,1
8639,1.8468,71.6,15.164,52.45,1
8640,2.1806,69.11,14.838,55.56,1
8641,1.8274,69.16,14.431,40.66,0
8642,2.1181,67.45,15.743,60.0,1
8643,1.9777,68.54,15.555,48.13,1
8644,1.98,67.83,14.717,52.42,1
8645,1.6508,69.93,14.897,58.41,1
8646,1.6148,68.58,14.67,53.67,1
8647,1.9175,69.21,14.17,47.06,1
8648,1.9816,69.4,14.787,41.5,1
8649,1.7606,69.28,14.707,68.74,0
8650,1.7759,75.53,15.316,37.23,1
8651,2.0285,68.58,14.411,50.35,1
8652,2.0094,68.54,13.948,51.71,1
8653,1.9216,72.11,14.62,50.23,1
8654,2.0383,69.19,15.085,64.26,0
8655,1.751,69.75,15.725,47.37,1
8656,1.8753,68.8,14.239,46.93,1
8657,2.1788,71.79,15.187,57.87,1
8658,1.9293,71.84,15.671,44.27,1
8659,1.9487,70.66,14.641,52.98,1
8660,2.2661,73.2,15.495,46.52,1
8661,1.7147,68.47,14.341,55.5,0
8662,2.0316,70.23,15.5,52.45,1
8663,2.1637,71.54,14.582,42.71,1
8664,1.8636,70.19,14.476,31.99,1
8665,2.0379,69.02,14.788,33.69,1
8666,1.7673,71.94,15.113,30.51,1
8667,1.8119,74.43,15.361,43.33,1
8668,1.9652,75.59,15.895,24.44,1
8669,2.0246,72.27,14.813,44.28,1
8670,2.0677,75.01,15.083,44.96,1
8671,2.1387,74.71,15.334,50.74,1
8672,1.8895,76.14,15.677,47.23,1
8673,2.0821,73.07,15.214,51.77,1
8674,1.8535,70.78,15.631,49.55,1
8675,2.0411,74.83,15.796,41.51,1
8676,1.9134,72.62,15.502,44.14,1
8677,1.9613,73.64,15.428,37.73,1
8678,1.9674,74.36,15.343,45.63,1
8679,1.642,75.04,15.266,31.5,1
8680,1.7097,76.02,15.32,52.04,1
8681,1.8938,77.07,15.569,34.67,1
8682,1.6136,75.32,15.62,44.85,1
8683,1.9903,77.29,15.417,45.05,1
8684,1.9992,76.08,15.77,52.11,1
8685,1.9297,78.38,16.024,28.12,1
8686,1.6997,76.22,15.687,40.36,1
8687,2.0681,76.89,16.404,46.84,1
8688,2.1586,76.42,15.129,57.04,1
8689,1.8769,76.41,15.734,42.04,1
8690,1.933,75.49,15.046,38.4,1
8691,1.888,75.72,15.749,59.51,0
8692,1.9298,79.79,16.497,47.58,1
8693,1.8282,75.84,15.249,54.33,1
8694,1.8514,77.75,15.506,32.42,1
8695,1.9744,80.76,15.846,44.53,1
8696,2.1838,77.82,16.002,33.26,1
8697,1.6321,80.54,16.295,29.95,1
8698,1.8125,77.71,15.888,46.57,0
8699,1.6481,76.9,15.857,47.8,1
8700,2.0534,76.14,15.411,39.03,1
8701,1.7357,82.4,17.139,50.78,1
8702,1.607,77.84,16.156,39.28,1
8703,1.9059,82.06,16.039,37.77,1
8704,2.0794,78.34,15.793,41.28,1
8705,1.9142,83.18,16.451,37.02,1
8706,1.8327,85.38,17.808,47.74,1
8707,1.8628,77.58,16.303,33.8,1
8708,2.021,78.88,16.039,35.38,1
8709,1.6732,82.89,17.636,29.43,1
8710,1.7791,82.85,17.469,54.31,1
8711,1.7214,83.16,16.601,36.26,1
8712,1.6057,80.79,16.229,34.21,1
8713,1.732,86.31,17.166,34.79,1
8714,1.942,82.74,16.266,45.79,1
8715,1.8676,80.06,17.366,45.86,1
8716,1.8666,82.43,16.278,34.83,1
8717,1.7958,80.1,16.748,37.52,1
8718,1.858,86.25,17.53,25.3,1
8719,1.6432,82.37,16.534,40.6,1
8720,1.7255,84.06,18.064,48.44,1
8721,1.7838,82.7,16.274,34.3,1
8722,1.7874,82.37,16.606,44.27,0
8723,1.7923,80.18,16.185,36.04,1
8724,1.7326,85.36,17.617,28.45,1
8725,1.6781,87.41,17.611,41.93,1
8726,2.2122,82.98,16.302,57.88,1
8727,1.8671,81.31,16.969,43.95,1
8728,1.7903,86.83,17.546,33.34,1
8729,1.6962,81.91,16.284,36.47,1
8730,1.6617,87.61,17.374,51.2,1
8731,1.704,83.87,16.513,40.6,1
8732,1.7546,83.27,16.792,32.08,1
8733,1.4342,86.59,17.343,36.43,1
8734,1.4856,84.67,16.786,39.67,1
8735,1.6045,84.89,16.769,41.34,1
8736,1.7389,87.66,16.96,48.39,1
8737,1.6575,82.34,16.753,49.75,1
8738,1.921,90.55,17.32,36.22,1
8739,1.4722,87.57,17.32,36.09,1
8740,1.5714,84.51,16.447,41.02,1
8741,1.9128,85.79,17.025,32.51,1
8742,1.7063,89.5,17.907,42.47,1
8743,1.8123,89.37,17.939,33.68,1
8744,1.9815,91.15,18.277,37.97,1
8745,1.5727,87.49,17.827,50.05,1
8746,1.6479,88.99,17.219,39.56,1
8747,1.6302,89.25,17.707,37.02,1
8748,1.3667,90.42,19.108,30.35,1
8749,1.6058,91.61,18.066,33.09,1
8750,1.7765,88.2,17.182,26.76,1
8751,1.7279,88.77,17.616,39.08,0
8752,1.7371,88.5,17.376,18.57,1
8753,1.5885,89.7,17.418,42.47,1
8754,1.5373,91.56,18.38,39.44,1
8755,1.8334,87.29,17.638,37.11,1
8756,1.5506,92.78,17.75,28.77,1
8757,1.6654,88.92,17.493,35.19,1
8758,1.65,90.17,17.55,20.39,1
8759,1.8351,93.82,17.878,39.0,1
8760,1.7518,92.31,17.638,32.29,1
8761,1.4063,92.35,17.703,45.25,1
8762,1.4177,89.49,17.705,38.05,1
8763,1.6857,90.28,17.595,36.67,1
8764,1.5941,94.03,18.211,35.4,1
8765,1.5222,91.45,17.835,26.21,1
8766,1.7449,91.99,18.398,30.3,1
8767,1.6116,94.58,18.668,32.98,1
8768,1.6036,91.35,18.388,31.65,1
8769,1.6894,94.01,18.334,27.83,1
8770,1.5242,93.31,19.157,30.28,1
8771,1.8031,93.47,18.579,32.81,1
8772,1.4555,92.38,18.125,51.27,1
8773,1.6608,93.23,18.417,29.94,1
8774,1.7728,92.41,17.773,27.95,1
8775,1.3535,95.25,18.525,30.43,1
8776,1.4911,93.34,18.474,44.97,1
8777,1.7277,96.56,19.051,43.02,1
8778,1.7177,94.38,18.393,47.28,1
8779,1.5143,93.26,20.263,33.22,1
8780,1.4263,95.16,18.484,36.85,1
8781,1.6838,94.81,18.025,23.32,1
8782,1.7021,98.02,19.582,27.23,1
8783,1.3544,95.4,18.891,22.59,1
8784,1.343,95.62,18.631,35.13,1
8785,1.5501,99.18,18.942,29.4,1
8786,1.6281,97.61,19.095,32.02,1
8787,1.4802,100.16,20.199,21.62,1
8788,1.6136,99.55,19.462,35.63,1
8789,1.4047,95.29,18.139,12.18,1
8790,1.1798,99.6,18.465,27.08,1
8791,1.4365,100.68,19.44,27.06,1
8792,1.511,100.88,19.01,11.91,1
8793,1.4527,100.04,19.237,31.92,1
8794,1.3255,99.87,19.008,26.88,1
8795,1.2295,97.63,18.621,34.49,1
8796,1.4058,97.19,18.48,46.32,1
8797,1.6249,98.33,18.783,32.31,1
8798,1.666,95.87,18.947,39.09,1
8799,1.6521,101.74,19.851,38.58,1
8800,1.3291,99.08,18.731,33.22,1
8801,1.3036,102.13,19.162,20.5,1
8802,1.5441,96.29,18.938,17.59,1
8803,1.5512,100.93,19.956,31.12,1
8804,1.5172,97.69,19.382,26.81,1
8805,1.1581,95.73,18.337,41.42,1
8806,1.3181,101.42,20.039,24.11,1
8807,1.4419,99.87,18.695,28.48,1
8808,1.5221,98.41,18.917,20.59,1
8809,1.5537,97.1,19.169,27.46,1
8810,1.4568,98.44,18.494,21.99,1
8811,1.4902,97.37,20.299,23.39,1
8812,1.4586,95.37,19.252,30.7,1
8813,1.5301,96.02,18.94,26.51,1
8814,1.4714,100.33,19.022,49.07,1
8815,1.4424,101.7,19.541,34.24,1
8816,1.3762,99.2,19.415,37.56,1
8817,1.4386,96.64,18.491,29.81,1
8818,1.4961,95.38,18.45,32.39,1
8819,1.4642,94.33,18.832,28.66,1
8820,1.4834,94.06,17.94,53.4,1
8821,1.6117,94.2,18.501,31.63,1
8822,1.4531,99.42,18.671,24.14,1
8823,1.3077,98.62,18.706,23.54,1
8824,1.5386,96.1,18.465,33.68,1
8825,1.2167,92.42,18.38,44.43,1
8826,1.2418,96.39,18.473,39.8,1
8827,1.4493,93.69,18.308,26.58,1
8828,1.4878,89.62,17.401,28.93,1
8829,1.2129,94.22,18.256,42.2,1
8830,1.34,91.37,18.657,50.63,1
8831,1.2996,91.7,17.608,32.57,1
8832,1.3225,92.45,18.509,42.57,1
8833,1.5386,91.9,18.087,21.79,1
8834,1.4952,92.52,17.969,26.13,1
8835,1.3831,92.24,17.685,25.06,1
8836,1.3138,88.53,17.292,38.77,1
8837,1.1792,94.91,18.256,30.17,1
8838,1.6001,89.99,17.674,36.82,1
8839,1.4685,89.66,17.974,44.73,1
8840,1.273,90.79,17.753,29.03,1
8841,1.4957,91.21,17.932,34.94,1
8842,1.367,93.86,18.293,21.64,1
8843,1.3209,91.29,18.231,43.03,1
8844,1.4306,92.02,18.356,42.29,1
8845,1.268,91.21,17.465,36.87,1
8846,1.3192,90.99,17.776,35.12,1
8847,1.3812,90.86,18.463,30.36,1
8848,1.2977,85.57,16.814,25.88,1
8849,1.4665,89.0,17.694,37.82,1
8850,1.6495,91.67,17.99,39.59,1
8851,1.2436,97.47,18.628,46.55,1
8852,1.1024,86.75,18.169,33.48,1
8853,1.0598,90.1,17.825,37.04,1
8854,1.3374,87.54,18.225,45.17,1
8855,1.2413,92.55,18.111,42.59,1
8856,1.386,85.45,17.351,32.23,1
8857,1.3782,88.98,17.513,33.07,1
8858,1.1257,85.12,16.929,33.69,1
8859,1.0845,86.83,17.543,29.12,1
8860,1.3971,87.44,17.554,48.22,1
8861,1.3763,89.38,17.982,35.39,1
8862,1.3033,84.7,17.208,37.07,1
8863,1.0896,88.04,17.095,37.86,1
8864,1.4405,86.48,17.065,37.55,0
8865,1.5354,86.94,17.777,34.82,1
8866,1.3963,88.25,16.917,29.99,1
8867,1.2342,84.0,17.014,51.14,0
8868,1.3581,87.59,17.383,31.39,1
8869,1.1526,84.59,17.447,30.29,1
8870,1.5031,87.82,17.699,35.3,1
8871,1.3659,85.49,17.012,54.35,1
8872,1.0969,84.77,16.753,31.06,1
8873,1.2933,83.56,16.632,44.17,1
8874,1.4161,86.24,17.464,35.1,1
8875,1.2912,86.74,16.677,38.52,1
8876,1.3048,82.91,16.847,46.24,1
8877,1.1738,81.76,16.3,25.72,0
8878,1.4309,85.49,17.217,30.37,1
8879,1.2564,80.62,16.51,47.4,1
8880,1.0328,80.72,15.856,41.0,0
8881,1.2976,80.91,16.449,41.73,1
8882,1.494,82.21,16.698,44.83,0
8883,1.2897,80.19,16.298,33.67,1
8884,1.6153,79.1,16.019,49.94,1
8885,1.4205,80.11,15.853,46.9,1
8886,1.413,83.61,16.575,40.67,1
8887,1.3374,79.38,15.816,44.78,1
8888,1.3411,80.93,16.706,49.29,1
8889,1.3155,85.51,17.062,32.67,1
8890,1.309,81.68,16.506,45.19,1
8891,1.4301,81.57,16.18,53.64,1
8892,1.2154,79.28,16.214,46.76,1
8893,1.1881,84.83,17.357,35.8,1
8894,1.1895,79.86,15.627,59.35,1
8895,1.6737,80.51,16.034,42.75,1
8896,1.4376,83.22,16.257,49.94,0
8897,1.4093,79.83,16.126,37.52,1
8898,1.2035,80.01,15.995,49.26,1
8899,1.459,79.39,16.242,37.01,1
8900,1.3377,79.24,16.109,43.68,1
8901,1.4179,79.77,16.959,35.91,1
8902,1.1977,80.43,16.331,55.62,0
8903,1.389,77.63,16.077,40.61,1
8904,1.3048,76.67,15.663,33.57,1
8905,1.2526,77.76,15.508,42.96,1
8906,1.4734,75.36,15.968,47.84,1
8907,1.1496,74.87,16.102,43.5,1
8908,1.4513,78.44,16.393,35.02,1
8909,1.4755,79.42,16.294,49.39,0
8910,1.2435,79.4,15.858,51.11,1
8911,1.2555,72.38,15.712,31.94,1
8912,1.3435,76.46,16.081,35.74,1
8913,1.4308,74.83,16.7,42.54,1
8914,1.362,77.04,15.467,38.25,1
8915,1.4459,75.51,16.178,47.45,1
8916,1.6492,78.09,16.107,56.89,0
8917,1.3097,76.29,15.553,39.84,1
8918,1.1287,72.07,15.866,58.32,1
8919,1.5062,73.92,15.551,32.54,1
8920,1.6428,75.89,15.309,47.11,1
8921,1.4706,75.22,15.624,38.28,0
8922,1.2356,72.47,14.748,49.29,1
8923,1.381,72.03,14.824,31.51,1
8924,1.2379,74.68,15.837,33.37,1
8925,1.5156,71.93,15.544,49.48,1
8926,1.2098,70.75,15.013,41.24,1
8927,1.3563,73.37,14.942,42.1,0
8928,1.2671,72.94,15.338,59.65,1
8929,1.4255,71.89,15.385,46.7,1
8930,1.3754,71.78,14.6,52.82,0
8931,1.4343,73.44,15.316,38.5,0
8932,1.4294,71.48,14.904,35.09,1
8933,1.2844,72.96,15.572,44.15,1
8934,1.5105,72.07,15.122,33.5,1
8935,1.4164,72.81,15.345,39.36,1
8936,1.284,74.22,15.32,46.2,1
8937,1.7814,73.75,15.35,43.41,1
8938,1.5048,74.53,15.837,46.72,1
8939,1.4164,73.33,15.243,49.34,1
8940,1.6573,71.68,15.119,35.79,1
8941,1.7256,70.22,14.434,38.9,1
8942,1.4268,70.25,14.775,28.91,1
8943,1.4967,69.3,14.109,44.43,1
8944,1.3047,70.44,14.56,52.01,1
8945,1.4312,71.76,15.137,57.35,1
8946,1.4371,68.92,14.954,49.06,1
8947,1.4935,69.81,14.362,57.49,0
8948,1.508,68.49,14.868,50.65,0
8949,1.5494,69.6,15.628,47.46,1
8950,1.5111,68.77,14.263,42.64,0
8951,1.3101,67.62,14.012,29.08,1
8952,1.3548,67.69,14.614,57.93,1
8953,1.4128,69.78,14.471,46.41,1
8954,1.4545,68.42,14.329,58.42,1
8955,1.6424,67.67,14.763,40.82,1
8956,1.319,68.95,15.819,66.7,1
8957,1.4458,67.52,13.999,46.27,1
8958,1.6363,70.14,14.523,40.95,1
8959,1.4547,65.91,13.965,47.27,1
8960,1.5754,66.98,14.103,49.66,0
8961,1.483,64.8,15.026,49.38,1
8962,1.5608,66.36,13.984,44.91,0
8963,1.4837,63.29,13.658,36.09,1
8964,1.636,68.31,15.439,41.01,1
8965,1.3002,67.81,14.77,56.67,1
8966,1.4894,67.57,14.951,40.91,1
8967,1.5782,65.63,13.756,35.29,1
8968,1.6182,63.88,13.676,41.9,0
8969,1.7651,63.84,13.573,49.69,1
8970,1.4783,68.85,15.012,41.22,1
8971,1.7638,68.31,15.118,45.77,0
8972,1.4598,65.37,13.876,43.04,1
8973,1.7505,64.03,13.82,58.26,1
8974,1.6679,67.38,14.248,52.19,1
8975,1.4051,63.27,13.261,68.64,0
8976,1.5979,64.77,13.765,46.68,1
8977,1.5602,66.77,14.598,46.27,0
8978,1.6709,62.53,13.39,60.89,0
8979,1.552,65.16,14.099,53.03,1
8980,1.5282,64.67,13.602,42.24,1
8981,1.7741,63.01,13.771,55.21,1
8982,1.5742,61.16,13.246,55.26,1
8983,1.7103,61.39,13.075,37.67,1
8984,1.5577,63.05,14.118,45.29,1
8985,1.8404,59.36,13.548,54.2,1
8986,1.4879,62.66,13.459,63.01,1
8987,1.5058,63.1,13.652,56.24,1
8988,1.8365,64.47,13.863,45.59,1
8989,1.5503,58.72,12.636,47.86,0
8990,1.8393,64.17,13.38,56.53,1
8991,1.7438,64.53,14.616,30.57,1
8992,1.596,61.73,13.178,45.21,1
8993,1.3446,59.02,13.741,64.63,0
8994,1.6161,59.81,12.896,54.88,0
8995,1.6337,60.48,13.656,46.39,1
8996,1.7996,61.02,13.373,42.55,1
8997,1.8708,60.33,13.208,59.43,1
8998,1.5501,60.21,14.543,53.1,1
8999,1.7713,59.89,12.7,51.44,1
9000,1.7653,59.9,13.521,55.89,1
9001,1.8266,58.41,13.302,55.03,0
9002,1.7365,58.34,15.86,54.36,1
9003,1.3719,57.61,12.479,43.42,1
9004,1.6395,62.29,13.557,42.9,1
9005,1.4976,61.37,13.798,57.99,1
9006,1.6534,59.36,13.191,57.48,0
9007,1.8266,60.4,13.215,55.33,0
9008,1.7237,59.38,13.629,48.18,0
9009,1.8549,58.36,12.777,60.11,1
9010,1.7402,54.53,12.225,52.94,0
9011,1.4949,56.66,13.127,64.89,0
9012,1.3127,56.34,12.992,48.99,1
9013,1.7156,54.17,12.342,51.8,1
9014,1.6723,53.77,12.276,55.15,0
9015,1.5473,57.61,12.614,61.27,1
9016,1.4536,57.31,13.288,53.8,1
9017,1.5968,53.94,12.294,56.56,0
9018,1.697,54.19,12.151,52.81,1
9019,1.815,58.0,12.573,55.8,0
9020,1.7476,53.59,12.488,55.6,1
9021,1.9709,55.85,12.406,49.18,1
9022,1.5592,54.98,12.016,56.85,1
9023,1.8631,56.15,12.392,56.45,0
9024,1.751,53.1,12.101,75.63,0
9025,1.8448,54.43,12.38,50.99,1
9026,1.6787,54.69,12.379,49.3,1
9027,1.8956,54.2,12.314,58.07,0
9028,1.7939,54.24,11.928,48.4,1
9029,1.6624,54.52,12.129,47.57,1
9030,1.7546,57.86,13.55,42.8,1
9031,1.7277,58.56,13.559,47.4,0
9032,1.8516,51.88,12.328,51.93,0
9033,1.5895,48.16,11.728,49.41,0
9034,1.7882,53.86,12.747,54.47,0
9035,1.832,52.9,11.909,37.92,1
9036,1.7951,54.14,12.442,59.83,1
9037,2.0028,52.88,11.781,52.34,1
9038,1.8999,52.05,11.661,54.23,1
9039,1.804,54.25,12.498,61.15,0
9040,1.8246,53.93,12.799,59.25,0
9041,1.849,48.28,11.467,54.7,0
9042,1.8481,49.43,12.641,62.91,1
9043,1.5394,50.74,12.037,70.72,1
9044,1.7586,50.9,11.642,49.95,0
9045,1.5769,50.25,11.346,64.88,0
9046,2.0033,51.46,12.446,48.96,1
9047,1.7946,52.42,12.132,67.04,1
9048,1.7785,53.42,12.674,51.08,0
9049,1.9595,50.91,11.321,52.27,1
9050,1.8929,48.28,11.582,69.11,0
9051,1.6592,48.83,11.464,65.35,0
9052,1.8041,49.09,11.222,53.9,0
9053,1.7838,49.89,11.647,59.59,0
9054,1.5845,49.67,12.19,53.42,1
9055,1.7337,52.59,13.607,44.39,1
9056,1.8069,46.9,11.473,61.85,0
9057,1.8457,48.94,11.459,56.69,0
9058,1.6378,52.23,11.819,49.64,0
9059,2.0249,46.27,11.745,71.13,0
9060,1.8397,48.02,11.05,52.65,1
9061,1.8762,45.49,11.372,62.68,0
9062,1.9216,47.27,11.576,69.05,1
9063,1.7614,45.49,11.279,59.12,1
9064,1.9315,48.61,11.099,53.4,0
9065,1.811,46.68,11.074,63.11,0
9066,1.7163,44.27,10.436,65.7,1
9067,1.9562,47.45,11.302,66.98,0
9068,2.0926,46.57,11.7,75.81,0
9069,1.9834,47.98,12.039,56.54,0
9070,2.0232,43.6,10.822,64.29,0
9071,1.8109,46.12,11.063,51.03,1
9072,1.66,46.78,12.21,66.07,1
9073,2.1059,43.89,10.731,63.68,0
9074,2.1884,41.96,10.169,61.67,0
9075,2.133,44.79,11.227,56.93,1
9076,1.8572,46.92,11.401,57.7,1
9077,1.7284,46.15,11.038,62.69,0
9078,1.7324,43.25,10.959,55.21,1
9079,1.6401,40.89,10.664,61.73,0
9080,1.8809,42.45,10.772,63.25,0
9081,2.1485,42.42,10.803,50.67,0
9082,1.877,43.98,10.655,54.15,0
9083,1.9572,42.88,10.97,57.99,0
9084,2.1241,41.06,10.385,76.63,0
9085,1.8401,44.75,10.786,55.29,1
9086,2.2331,42.3,10.479,62.93,0
9087,2.2118,42.91,10.642,54.8,0
9088,1.8923,38.59,9.671,59.49,0
9089,1.8267,36.73,9.639,55.3,1
9090,2.0374,38.93,10.024,71.05,0
9091,1.877,40.11,9.968,53.64,0
9092,1.7525,42.43,10.373,70.79,0
9093,2.1212,36.18,11.307,70.92,1
9094,2.0979,43.83,10.542,61.73,0
9095,1.9514,40.53,10.185,71.85,0
9096,1.7457,43.06,10.585,87.68,0
9097,1.7408,38.17,10.0,69.68,0
9098,1.9436,41.13,10.155,55.35,0
9099,1.8608,39.9,10.139,76.69,0
9100,1.8735,41.27,10.11,65.62,0
9101,2.0914,38.88,10.561,82.39,0
9102,2.0502,40.38,10.279,60.69,0
9103,2.1408,41.45,10.075,74.22,0
9104,1.7895,37.35,10.244,66.37,0
9105,1.8906,39.15,9.754,86.31,0
9106,2.0464,34.24,8.952,65.66,0
9107,2.0174,39.46,10.282,88.9,0
9108,2.1665,41.72,11.672,66.97,0
9109,2.0021,35.3,9.159,74.35,1
9110,2.228,37.57,9.365,80.2,0
9111,2.0336,39.06,10.514,59.15,1
9112,2.0967,37.12,9.633,74.25,1
9113,1.9003,37.11,10.105,64.08,0
9114,1.9372,36.32,9.387,68.19,0
9115,2.067,35.37,9.694,68.06,1
9116,2.1697,36.16,10.567,71.77,0
9117,2.0761,36.08,9.345,71.43,1
9118,1.937,33.59,9.69,63.96,0
9119,2.1544,35.77,9.943,68.55,0
9120,1.6229,38.64,9.537,46.95,1
9121,1.7341,34.66,9.751,75.94,0
9122,2.0518,32.31,9.312,82.53,0
9123,1.9489,34.4,9.407,69.44,0
9124,2.045,33.12,9.444,55.69,0
9125,1.9544,32.13,8.924,75.43,0
9126,2.0342,34.24,9.512,61.8,1
9127,1.8282,32.81,9.316,70.43,1
9128,2.0454,32.84,9.591,74.5,0
9129,2.0992,33.72,8.958,72.76,0
9130,2.1179,29.82,9.444,79.09,0
9131,2.2451,29.76,8.424,72.0,0
9132,1.9841,34.41,9.817,69.59,0
9133,1.9813,29.03,8.755,77.25,0
9134,1.7228,30.46,8.543,69.57,0
9135,1.8817,29.07,8.852,65.89,0
9136,1.9146,31.27,8.719,73.52,1
9137,2.0865,32.83,9.78,59.99,0
9138,1.8581,31.81,8.889,68.52,0
9139,2.0553,36.82,9.264,55.67,0
9140,1.9446,33.31,10.069,63.77,0
9141,1.9147,29.79,8.705,66.7,0
9142,1.9815,28.53,9.019,63.68,1
9143,1.8805,36.07,9.449,75.59,0
9144,1.8749,32.65,8.553,77.07,0
9145,1.6907,31.57,9.968,80.17,0
9146,1.8942,30.54,8.952,69.05,0
9147,1.8603,30.6,9.205,67.06,0
9148,1.8529,26.82,8.69,78.96,1
9149,2.0032,29.96,8.648,71.63,1
9150,2.0204,29.78,8.796,71.71,0
9151,1.9694,27.67,9.408,51.96,1
9152,2.0819,27.76,8.526,77.78,0
9153,2.0102,32.1,9.563,74.74,0
9154,1.8966,28.7,7.957,71.86,0
9155,1.8441,32.46,9.718,75.55,0
9156,1.9715,24.88,7.576,78.65,0
9157,2.0085,27.01,8.79,66.88,0
9158,2.1383,24.84,8.161,71.91,0
9159,2.0977,25.45,8.077,65.57,0
9160,1.8381,26.26,8.149,84.76,0
9161,1.8883,28.08,8.402,80.05,0
9162,2.019,27.61,8.068,65.64,0
9163,2.0881,25.79,8.0,78.25,0
9164,2.0532,22.23,8.947,77.8,0
9165,1.9059,29.78,9.469,65.47,0
9166,1.7138,26.18,7.776,74.18,0
9167,1.7611,23.73,7.95,80.87,0
9168,1.9487,26.51,8.174,80.13,0
9169,1.9663,26.16,8.123,91.85,0
9170,1.7535,24.93,7.794,74.59,0
9171,1.9089,25.82,8.345,71.63,0
9172,1.9986,22.86,8.066,79.25,0
9173,1.7323,26.49,7.949,71.21,1
9174,2.0603,22.66,8.832,70.33,0
9175,1.8239,23.5,8.673,67.17,0
9176,2.0799,25.54,8.213,45.82,0
9177,1.8052,26.08,7.865,78.78,0
9178,1.7245,27.03,8.49,59.35,1
9179,1.8132,25.65,8.282,66.13,0
9180,1.8731,22.82,7.98,77.4,0
9181,1.8068,19.98,8.228,74.2,0
9182,1.8455,25.8,8.148,90.58,0
9183,1.9327,25.26,9.392,61.39,0
9184,1.8444,21.26,7.604,93.91,0
9185,1.8456,24.38,7.763,85.27,0
9186,1.6102,21.86,9.093,82.95,0
9187,1.9315,25.07,8.399,84.95,0
9188,1.8715,20.98,7.243,79.75,0
9189,2.0936,25.72,8.213,59.75,1
9190,1.7233,23.05,7.936,78.92,0
9191,1.5802,24.9,7.835,61.86,0
9192,1.9393,20.1,7.377,72.47,0
9193,1.9003,21.5,7.269,75.33,0
9194,1.6951,18.75,6.676,69.54,0
9195,1.6104,22.03,7.616,83.02,1
9196,2.0716,21.82,7.665,73.94,0
9197,2.0436,24.94,8.294,77.03,0
9198,1.4728,20.56,7.241,76.25,1
9199,1.7473,20.78,7.055,76.96,0
9200,2.0692,18.87,6.723,69.75,0
9201,1.7473,20.69,7.882,66.89,0
9202,1.7427,19.02,7.034,75.72,0
9203,1.7771,20.63,7.193,68.62,0
9204,1.6359,20.67,7.242,87.44,0
9205,1.5595,20.03,6.994,65.85,0
9206,1.9601,20.56,7.205,94.98,0
9207,1.5303,20.14,6.987,78.94,0
9208,1.8528,20.4,8.007,77.12,0
9209,1.9223,23.73,8.082,70.03,0
9210,1.5728,21.72,8.272,80.83,0
9211,1.651,22.27,8.422,73.46,0
9212,1.9675,18.86,6.522,79.34,0
9213,1.8691,22.87,7.842,81.56,0
9214,1.6859,22.94,7.559,80.11,1
9215,1.9593,21.53,8.127,85.46,0
9216,1.9617,26.8,8.037,76.8,0
9217,1.7946,18.47,6.64,69.35,0
9218,1.637,24.29,7.495,57.43,0
9219,1.7077,24.34,7.872,75.81,0
9220,1.807,24.51,8.441,75.96,0
9221,1.7288,23.72,7.962,89.68,0
9222,1.9113,24.92,7.727,72.77,0
9223,1.5304,25.51,9.386,76.22,0
9224,1.5152,22.82,7.964,81.36,0
9225,1.7587,25.53,8.332,77.86,0
9226,1.6679,24.52,8.536,80.66,0
9227,1.6364,22.86,7.205,68.28,0
9228,1.4538,26.98,7.996,64.83,0
9229,1.7266,24.79,8.292,71.79,0
9230,1.705,22.82,7.388,57.83,0
9231,1.8337,24.67,7.944,73.67,0
9232,1.7163,24.54,7.889,68.71,0
9233,1.7044,27.9,8.199,74.35,0
9234,1.8882,26.64,8.076,70.35,0
9235,1.5094,29.36,9.178,63.0,0
9236,1.7796,25.24,8.448,84.13,1
9237,1.4474,28.61,9.112,72.16,0
9238,1.571,32.22,9.705,76.1,0
9239,1.5128,28.24,8.625,73.25,0
9240,1.8001,29.51,8.739,74.89,0
9241,1.6834,28.86,8.676,60.33,0
9242,1.6837,25.08,7.898,84.22,0
9243,1.5312,29.22,8.343,78.13,0
9244,1.6316,28.9,8.43,71.14,0
9245,1.5542,28.34,8.292,73.99,0
9246,1.7357,26.86,8.025,80.51,0
9247,1.5137,30.31,8.945,67.54,1
9248,1.8599,27.07,8.455,59.52,0
9249,1.4138,33.92,9.514,65.56,0
9250,1.53,30.03,8.727,72.37,1
9251,1.8883,27.3,9.123,72.08,0
9252,1.5834,28.59,8.474,81.92,1
9253,1.4366,29.6,9.314,63.54,0
9254,1.6726,35.23,9.758,60.78,0
9255,1.5665,28.58,9.215,62.86,0
9256,1.5088,30.75,9.867,73.97,0
9257,1.4649,29.9,9.0,58.43,0
9258,2.0343,32.24,9.049,75.38,0
9259,1.5848,29.74,8.912,62.73,0
9260,1.3264,29.27,8.418,64.94,0
9261,1.8397,30.97,8.902,84.03,0
9262,1.7024,31.43,9.378,79.91,0
9263,1.492,30.93,8.605,70.93,1
9264,1.449,31.12,9.934,59.67,0
9265,1.6843,34.94,9.495,83.95,0
9266,1.5573,32.08,11.284,67.64,0
9267,1.2924,30.72,8.612,72.53,0
9268,1.853,32.29,9.259,76.83,0
9269,1.5044,33.54,9.066,52.69,0
9270,1.8087,30.71,8.607,65.1,1
9271,1.762,36.87,10.35,65.95,0
9272,1.4203,35.65,9.292,68.29,0
9273,1.7229,37.23,9.553,56.12,0
9274,1.4559,35.13,9.699,70.33,0
9275,1.282,29.98,9.212,70.81,0
9276,1.4879,38.05,9.482,79.42,0
9277,1.6188,33.21,9.535,76.6,0
9278,1.4799,33.05,9.456,66.31,0
9279,1.5105,35.64,9.185,65.88,1
9280,1.7127,38.34,9.744,73.76,0
9281,1.5539,37.61,9.374,67.85,0
9282,1.4131,38.01,10.958,54.98,0
9283,1.6503,35.74,10.173,84.25,0
9284,1.5596,35.56,9.197,59.31,0
9285,1.1461,36.66,10.25,86.22,0
9286,1.5941,36.38,9.55,70.06,0
9287,1.5762,38.79,10.503,60.6,1
9288,1.5096,38.9,9.812,46.63,0
9289,1.6375,38.31,9.942,71.94,0
9290,1.3972,32.56,8.999,56.77,0
9291,1.5571,37.85,9.793,68.71,0
9292,1.2535,38.17,10.534,81.46,0
9293,1.543,38.05,10.42,56.58,0
9294,1.7766,36.71,9.818,72.16,0
9295,1.3516,36.04,10.168,60.8,1
9296,1.3836,39.31,9.776,74.08,0
9297,1.3788,38.29,9.547,66.38,0
9298,1.501,40.51,10.671,64.38,0
9299,1.331,37.83,10.311,75.81,0
9300,1.5345,42.19,10.762,68.18,0
9301,1.6048,41.45,9.994,57.2,0
9302,1.5506,40.66,10.098,78.66,1
9303,1.2057,39.71,10.397,52.69,0
9304,1.6082,41.73,12.224,65.53,0
9305,1.5971,41.7,11.101,57.46,0
9306,1.5818,40.99,11.271,52.02,0
9307,1.524,43.19,10.849,53.94,1
9308,1.4771,44.12,11.059,61.96,0
9309,1.596,38.71,9.714,68.18,0
9310,1.7328,39.47,10.782,73.36,0
9311,1.2794,40.19,10.293,76.41,0
9312,1.5968,38.85,10.425,67.58,0
9313,1.4367,41.78,10.63,59.92,0
9314,1.4191,43.39,11.006,70.85,0
9315,1.2059,42.47,10.701,58.44,0
9316,1.3945,41.78,10.598,50.97,1
9317,1.2856,45.08,11.525,68.93,0
9318,1.3522,43.68,10.342,73.4,0
9319,1.2506,44.21,10.289,55.82,1
9320,1.3375,45.72,11.347,76.97,0
9321,1.3665,43.44,11.574,67.21,0
9322,1.4364,47.93,12.356,63.41,0
9323,1.1684,43.23,10.378,58.39,0
9324,1.1907,48.4,11.291,67.85,0
9325,1.4738,42.74,10.24,50.65,1
9326,1.2759,45.48,10.842,58.47,0
9327,1.568,43.94,11.395,56.76,0
9328,1.4251,47.48,11.368,49.91,0
9329,1.4865,44.35,10.785,68.83,0
9330,1.6031,45.81,11.381,63.69,1
9331,1.3372,44.6,10.554,68.28,0
9332,1.3014,47.95,12.251,57.84,1
9333,1.5161,44.97,10.995,69.88,1
9334,1.4647,49.39,11.505,59.75,0
9335,1.3559,44.53,11.291,58.28,0
9336,1.5953,43.96,11.325,57.3,0
9337,1.3427,48.61,12.601,43.59,1
9338,1.3862,45.87,11.041,70.49,0
9339,1.3787,47.68,11.899,68.56,0
9340,1.2414,46.69,11.387,84.12,0
9341,1.3966,45.06,10.887,58.86,1
9342,1.5915,47.64,11.251,54.72,0
9343,1.4385,50.88,11.465,44.66,0
9344,1.3863,50.31,11.43,65.86,1
9345,1.3529,49.08,12.171,65.0,0
9346,1.4265,51.12,12.18,70.56,0
9347,1.4865,46.9,11.037,53.25,0
9348,1.4628,48.14,11.084,65.65,0
9349,1.3157,50.1,11.354,54.25,1
9350,1.4218,49.29,11.469,69.95,0
9351,1.44,49.48,11.55,63.55,0
9352,1.2081,47.79,12.066,47.71,1
9353,1.3908,45.34,11.073,59.94,0
9354,1.0441,51.86,13.006,41.86,1
9355,1.4329,50.77,11.431,48.9,1
9356,1.4632,52.54,12.042,48.47,1
9357,1.4778,50.13,12.097,53.45,1
9358,1.285,49.63,12.148,56.56,0
9359,1.4013,51.27,12.007,59.34,1
9360,1.5651,53.22,12.748,57.48,1
9361,1.5687,51.43,12.278,57.83,1
9362,1.3421,53.67,12.046,59.18,0
9363,1.3673,50.02,11.966,49.23,0
9364,1.5164,51.43,12.477,58.07,0
9365,1.1119,52.06,11.956,68.63,0
9366,1.3001,55.06,13.528,54.48,0
9367,1.5451,53.06,11.903,60.39,1
9368,1.4933,56.75,12.811,57.92,1
9369,1.4277,50.88,11.526,65.32,0
9370,1.112,53.58,12.385,58.87,0
9371,1.3412,54.16,12.161,63.06,0
9372,1.26,55.16,12.42,59.86,0
9373,1.3984,52.67,11.622,62.16,0
9374,1.2254,57.91,13.388,57.9,0
9375,1.2065,54.68,12.643,47.95,0
9376,1.0365,52.35,12.781,47.7,1
9377,1.5417,55.1,12.303,52.95,0
9378,1.29,54.78,13.087,68.24,0
9379,1.3723,60.54,13.399,50.96,1
9380,1.3445,57.38,13.037,56.49,0
9381,1.1869,55.47,14.082,39.47,1
9382,1.1609,55.72,12.465,56.86,1
9383,1.2006,58.28,13.572,54.65,1
9384,1.2408,58.27,13.244,32.53,0
9385,1.4059,50.98,11.643,60.79,0
9386,1.2451,57.65,12.608,40.61,1
9387,1.6088,56.82,12.454,48.75,1
9388,1.5198,54.61,13.005,63.7,0
9389,1.4791,59.26,14.268,54.43,0
9390,1.3466,62.12,13.629,48.11,1
9391,1.5777,58.7,13.218,49.24,1
9392,1.3181,60.18,13.586,49.34,1
9393,1.3592,61.9,13.563,53.16,0
9394,1.3846,56.46,13.314,44.91,1
9395,1.4614,54.66,12.581,64.61,0
9396,1.4424,59.8,13.312,43.58,1
9397,1.2907,58.94,12.706,39.7,0
9398,1.2789,56.19,12.399,62.67,1
9399,1.4724,59.38,12.512,49.8,0
9400,1.4706,60.63,14.11,52.88,1
9401,1.3109,59.03,13.12,58.14,1
9402,1.1372,58.84,12.883,48.0,0
9403,1.3461,60.01,12.732,54.05,1
9404,1.4739,60.07,13.037,57.75,1
9405,1.639,56.64,12.599,67.81,1
9406,1.1904,60.74,13.014,48.32,1
9407,1.3049,58.17,13.19,50.02,1
9408,1.3274,62.71,13.676,55.75,0
9409,1.5769,57.7,12.621,55.33,0
9410,1.37,63.57,13.423,49.39,1
9411,1.2376,61.02,12.999,65.05,0
9412,1.4701,60.98,14.5,38.82,1
9413,1.3218,62.51,14.541,39.75,1
9414,1.2016,61.18,13.055,38.7,1
9415,1.2471,62.78,13.223,60.39,0
9416,1.6409,61.32,13.459,55.98,1
9417,1.4472,61.89,13.611,40.8,1
9418,1.4223,63.73,13.923,49.2,1
9419,1.3678,61.12,13.849,51.95,0
9420,1.4417,61.17,13.658,34.75,1
9421,1.4379,64.39,13.545,51.46,1
9422,1.4491,63.82,13.989,40.86,1
9423,1.4251,64.51,14.3,55.9,1
9424,1.5392,65.16,13.781,40.52,1
9425,1.3964,64.32,14.035,51.96,0
9426,1.2788,66.13,13.915,59.79,1
9427,1.3354,65.08,15.124,57.27,1
9428,1.1032,60.98,13.091,56.46,0
9429,1.7185,61.77,14.19,51.03,1
9430,1.5585,69.19,14.221,35.34,1
9431,1.3064,65.7,15.257,46.07,1
9432,1.3906,67.83,14.04,46.22,1
9433,1.3086,65.37,14.106,47.04,1
9434,1.6476,66.39,13.761,36.86,0
9435,1.223,65.32,13.583,53.0,1
9436,1.4542,71.64,15.499,36.22,1
9437,1.4131,67.41,14.932,60.65,0
9438,1.5569,65.99,14.273,50.21,1
9439,1.4259,63.59,14.229,58.2,1
9440,1.1721,71.86,15.651,53.45,0
9441,1.4077,67.39,14.131,65.15,1
9442,1.2897,68.91,14.286,48.47,1
9443,1.4736,70.13,14.721,43.75,1
9444,1.6839,67.26,14.204,45.27,1
9445,1.1962,69.5,15.096,58.87,1
9446,1.3413,67.54,14.54,37.92,1
9447,1.386,66.54,14.059,41.4,0
9448,1.4154,71.5,15.329,47.73,1
9449,1.5772,68.9,14.94,45.99,0
9450,1.4459,70.82,15.118,54.23,1
9451,1.5437,70.5,14.638,35.54,1
9452,1.3901,71.56,15.327,45.42,0
9453,1.5193,67.0,14.554,46.89,1
9454,1.613,69.45,14.966,38.71,1
9455,1.3845,69.7,15.701,53.82,1
9456,1.6093,69.21,14.833,46.52,0
9457,1.5043,71.65,14.787,44.56,1
9458,1.6461,73.63,15.087,37.94,1
9459,1.4792,73.64,15.979,41.1,1
9460,1.5563,70.4,14.992,38.18,0
9461,1.5024,72.44,16.001,52.09,1
9462,1.5098,73.16,14.737,53.15,1
9463,1.551,73.19,15.747,58.25,1
9464,1.6037,70.84,14.729,49.68,1
9465,1.3272,76.7,15.604,40.48,1
9466,1.7238,74.33,15.162,39.99,1
9467,1.2487,74.75,15.958,47.69,1
9468,1.4259,75.51,15.878,44.93,1
9469,1.5221,74.32,15.082,42.37,1
9470,1.5969,71.56,15.149,43.72,1
9471,1.7851,73.26,15.537,53.63,1
9472,1.2624,70.66,14.858,42.79,1
9473,1.4702,75.15,16.112,54.74,0
9474,1.2305,74.01,15.302,45.77,1
9475,1.5512,74.34,14.734,40.83,1
9476,1.6062,77.03,15.908,36.3,1
9477,1.8121,73.73,15.418,43.17,1
9478,1.5797,74.97,15.584,48.18,1
9479,1.7269,75.4,16.078,40.3,1
9480,1.6763,72.06,14.556,52.4,1
9481,1.5072,75.0,15.507,40.25,1
9482,1.3706,70.76,14.65,44.94,0
9483,1.6233,75.14,15.215,33.58,1
9484,1.3649,78.17,15.952,46.53,1
9485,1.8038,77.92,16.171,40.1,0
9486,1.5695,75.71,15.695,56.06,1
9487,1.7632,76.71,15.612,48.06,1
9488,1.5322,74.89,15.369,44.6,1
9489,1.6481,77.59,16.33,51.98,1
9490,1.6412,83.2,17.004,42.04,1
9491,1.6098,81.62,16.353,48.08,1
9492,1.5567,77.84,15.75,34.96,1
9493,1.6857,78.53,15.553,45.5,1
9494,1.4835,76.49,15.494,46.74,1
9495,1.4397,77.0,15.259,30.43,1
9496,1.8234,79.78,17.5,53.27,1
9497,1.7539,77.69,15.718,32.69,1
9498,1.6629,80.81,16.969,29.92,1
9499,1.8851,82.85,17.652,16.44,1
9500,1.6134,80.02,16.415,44.44,1
9501,1.8455,79.99,16.244,27.75,1
9502,1.6731,76.11,15.437,38.54,1
9503,1.5135,81.76,16.344,46.43,1
9504,1.9581,78.0,16.912,43.51,1
9505,1.8115,79.7,16.356,36.07,1
9506,1.6578,83.15,16.76,26.15,1
9507,1.7707,82.93,17.336,38.41,1
9508,1.6068,79.94,16.621,47.39,1
9509,1.8195,80.56,16.192,46.38,1
9510,1.329,80.24,16.341,54.66,1
9511,1.5287,78.87,15.938,35.89,1
9512,1.8322,80.44,16.157,29.55,1
9513,1.6621,78.69,16.069,43.95,1
9514,1.7447,83.32,17.029,40.36,1
9515,1.5007,83.27,16.294,38.69,1
9516,1.9947,83.82,16.885,32.42,1
9517,1.8897,80.91,16.208,19.02,1
9518,1.6899,80.45,16.069,32.19,1
9519,1.6546,83.13,16.68,43.06,1
9520,1.8785,83.73,16.196,40.66,1
9521,2.0298,83.12,16.496,46.72,1
9522,1.867,83.06,16.438,41.33,1
9523,2.0619,87.32,17.326,41.96,1
9524,1.6069,85.2,16.628,43.55,1
9525,1.6127,88.54,17.557,35.81,1
9526,1.5689,86.94,17.785,36.56,1
9527,1.8213,88.2,17.553,12.56,1
9528,1.7711,82.91,16.947,33.81,1
9529,1.7358,86.78,17.107,32.16,1
9530,1.8799,84.85,16.477,37.02,0
9531,1.9365,82.6,16.718,31.77,1
9532,1.5452,89.08,17.873,42.38,1
9533,1.6752,85.24,16.709,30.42,0
9534,1.89,84.0,16.665,47.08,0
9535,1.7037,85.56,17.033,29.69,1
9536,1.6615,85.37,19.21,32.74,1
9537,1.9327,85.71,17.219,31.98,1
9538,1.5988,86.61,16.732,32.53,1
9539,1.7504,90.79,17.3,44.02,1
9540,1.8527,86.15,17.514,34.2,1
9541,1.703,91.67,19.564,31.52,1
9542,1.914,89.7,17.595,29.24,1
9543,1.7092,88.84,17.382,33.35,1
9544,2.0266,89.79,17.929,36.56,1
9545,1.8003,88.78,17.369,33.88,1
9546,1.9101,91.46,17.334,32.99,1
9547,1.9311,89.98,18.289,42.94,1
9548,1.7346,86.22,16.89,39.45,1
9549,1.5321,89.8,18.248,25.57,1
9550,1.8872,91.25,17.594,33.24,1
9551,1.8381,89.53,17.655,30.97,1
9552,1.9189,90.07,18.162,38.61,1
9553,1.8021,89.06,18.141,36.05,1
9554,1.7756,87.44,17.459,45.12,1
9555,2.1446,87.6,17.3,30.42,1
9556,1.6223,88.17,17.735,34.6,1
9557,1.954,92.1,18.31,25.25,1
9558,1.7701,86.19,16.926,36.61,1
9559,1.8039,89.61,17.495,22.27,1
9560,1.809,90.55,17.263,37.25,1
9561,1.7342,91.31,18.328,33.91,1
9562,1.9507,88.24,17.395,36.97,1
9563,2.0735,93.06,18.625,39.0,1
9564,1.9328,89.62,17.699,36.5,1
9565,1.8936,94.75,18.267,21.79,1
9566,1.7329,91.48,17.976,29.23,1
9567,1.9644,92.7,17.993,32.52,1
9568,2.1903,93.06,17.896,30.1,1
9569,1.8205,94.03,18.783,30.73,1
9570,1.8321,93.32,20.027,45.42,1
9571,1.8007,92.92,18.751,33.72,1
9572,1.8157,94.56,18.485,34.88,1
9573,1.4847,94.9,19.244,15.68,1
9574,1.9584,93.33,19.245,39.05,1
9575,1.7773,95.39,18.135,54.32,1
9576,1.6547,97.29,19.505,41.2,0
9577,2.0195,96.54,19.112,27.27,1
9578,1.7433,96.9,19.372,48.9,1
9579,1.8453,95.33,18.914,31.64,1
9580,2.1377,93.76,18.245,34.96,1
9581,1.6965,93.85,19.669,30.2,1
9582,1.6805,96.45,18.93,28.24,1
9583,1.9314,97.79,18.774,11.91,1
9584,2.082,102.05,19.819,33.77,1
9585,1.6812,98.41,19.512,27.51,1
9586,1.9707,94.34,18.451,30.57,1
9587,2.026,95.42,18.74,33.93,1
9588,1.616,101.71,19.578,24.22,1
9589,2.042,96.42,18.595,32.48,1
9590,2.0608,97.42,18.623,40.03,1
9591,1.8798,95.95,18.165,34.54,1
9592,2.104,100.8,20.289,26.95,1
9593,2.0982,98.85,18.967,28.25,1
9594,1.9414,96.85,18.043,32.51,1
9595,1.8632,96.74,18.932,23.86,1
9596,1.7941,99.37,19.466,30.7,1
9597,1.9216,98.54,18.635,34.83,1
9598,2.0191,100.68,19.216,29.04,1
9599,1.885,100.38,19.034,24.85,1
9600,1.6147,99.06,18.818,27.01,1
9601,2.1231,98.63,19.687,34.75,1
9602,1.9668,98.82,19.051,20.66,1
9603,1.8747,97.86,18.812,23.43,1
9604,2.0724,98.43,19.528,16.69,1
9605,2.1788,98.25,19.265,30.19,1
9606,1.5183,96.6,18.214,37.72,1
9607,2.0026,99.18,19.034,39.63,1
9608,1.7266,97.07,18.938,42.75,1
9609,2.0227,96.26,18.493,25.69,1
9610,1.967,96.79,20.155,32.61,1
9611,2.0453,97.69,18.934,26.99,1
9612,1.8713,97.19,18.606,43.35,1
9613,1.6713,98.12,18.485,40.44,1
9614,1.8852,98.41,19.482,31.02,1
9615,1.9948,98.84,18.97,24.66,1
9616,2.09,96.56,18.867,3.03,1
9617,1.7793,93.94,17.958,20.71,1
9618,2.1059,95.44,18.654,16.53,1
9619,1.8636,93.54,18.122,21.06,1
9620,2.014,98.87,19.005,44.33,1
9621,1.8907,99.29,18.963,18.58,1
9622,1.9723,96.42,19.298,22.2,1
9623,2.0854,96.45,18.597,23.13,1
9624,1.763,95.65,18.635,52.7,1
9625,1.8441,95.04,18.603,31.05,1
9626,1.9702,91.06,18.849,42.26,1
9627,2.3064,94.14,18.79,33.8,1
9628,1.8189,92.32,18.463,17.45,1
9629,2.2572,94.04,18.008,44.26,1
9630,2.2445,93.91,17.995,35.89,1
9631,1.9235,97.27,19.355,29.31,1
9632,1.8954,95.16,18.036,45.71,1
9633,1.8409,93.5,18.303,30.09,1
9634,1.9335,92.65,17.684,32.32,1
9635,1.7422,96.07,18.313,28.47,1
9636,1.9351,91.78,19.063,41.97,1
9637,2.1852,92.61,18.508,39.39,1
9638,1.8541,91.93,18.546,35.54,1
9639,1.9105,90.81,18.375,25.57,1
9640,1.691,91.69,18.037,30.84,1
9641,2.0032,87.14,17.238,28.03,1
9642,1.9872,88.03,17.31,45.19,1
9643,1.9529,91.81,17.908,21.12,1
9644,1.909,93.78,19.451,44.81,1
9645,1.9024,91.36,17.482,44.61,1
9646,2.0191,89.16,17.427,28.06,1
9647,1.9372,87.04,16.972,33.17,1
9648,1.971,91.21,18.454,28.07,1
9649,1.9798,88.28,18.686,39.06,1
9650,2.115,90.78,18.066,45.66,0
9651,2.0373,90.13,17.892,44.27,1
9652,1.9498,90.3,17.919,31.21,1
9653,2.1763,88.89,17.718,45.27,1
9654,1.9805,89.52,18.025,44.32,1
9655,2.1194,88.47,17.705,34.09,1
9656,2.0164,87.08,17.478,36.73,1
9657,1.6553,85.85,17.512,49.36,0
9658,2.1134,83.47,16.35,47.46,1
9659,1.9434,87.16,17.359,46.27,1
9660,1.9258,90.05,17.906,54.99,1
9661,1.9654,88.35,17.826,39.89,1
9662,1.8623,87.62,17.267,38.78,1
9663,1.9382,85.59,17.196,48.46,0
9664,1.8209,88.26,17.285,51.5,1
9665,2.113,86.11,16.685,32.04,1
9666,1.8981,89.55,18.114,33.5,1
9667,1.8645,83.77,16.515,30.23,1
9668,1.764,83.67,16.779,41.04,1
9669,1.9451,83.79,16.534,45.43,1
9670,1.9297,82.88,17.642,31.51,1
9671,1.9714,83.62,16.671,47.73,1
9672,1.7397,85.26,16.907,33.85,1
9673,1.6697,84.03,17.134,34.41,1
9674,1.9899,77.34,17.185,51.45,1
9675,2.1125,86.8,17.461,31.93,1
9676,1.7262,80.6,16.432,28.88,1
9677,2.1243,85.3,17.405,43.55,1
9678,1.9206,84.27,16.355,37.27,1
9679,1.8848,88.09,17.509,45.54,1
9680,1.823,85.36,18.374,44.01,1
9681,1.6693,82.09,16.733,25.34,1
9682,2.0342,81.86,16.62,50.01,1
9683,1.7484,85.68,17.082,52.47,1
9684,1.7545,79.61,16.098,49.22,1
9685,2.0117,82.68,16.872,47.49,1
9686,1.578,82.21,16.991,37.55,1
9687,1.6214,81.45,16.26,36.04,1
9688,1.8562,82.54,16.028,41.1,1
9689,1.9058,82.24,16.806,46.95,1
9690,1.9154,82.27,18.044,46.52,1
9691,1.8116,81.58,16.307,36.29,1
9692,2.2351,81.81,16.098,35.2,1
9693,1.8022,80.98,16.708,28.4,1
9694,1.8095,79.13,17.181,46.06,1
9695,1.7207,80.4,16.454,37.13,1
9696,1.8603,78.78,17.068,38.98,1
9697,1.9297,78.56,16.477,55.45,1
9698,2.0178,79.13,16.489,46.05,1
9699,1.6088,79.51,16.026,43.56,0
9700,1.7811,79.33,16.393,47.78,0
9701,1.8919,80.98,16.463,51.51,1
9702,1.9213,78.27,15.995,28.81,1
9703,1.8292,79.46,16.045,36.54,1
9704,1.918,79.22,16.187,39.25,1
9705,1.6927,77.14,15.554,34.57,1
9706,2.0495,78.13,16.418,39.56,1
9707,1.9449,79.9,16.156,28.14,1
9708,1.6078,78.27,15.887,49.22,1
9709,1.6287,78.48,16.146,37.62,1
9710,1.635,76.23,15.394,44.73,1
9711,1.8948,81.31,16.001,40.62,1
9712,1.6028,75.61,15.46,47.74,1
9713,1.7606,73.42,14.819,24.66,1
9714,1.8351,78.5,16.256,45.32,1
9715,1.7688,76.24,15.435,40.65,0
9716,1.8129,75.68,16.326,46.69,1
9717,1.6102,75.14,15.562,34.13,1
9718,1.8715,79.62,16.25,43.94,1
9719,1.673,76.21,15.171,53.29,1
9720,1.7192,76.55,15.952,44.39,1
9721,1.7803,75.29,15.554,37.54,1
9722,1.756,75.96,15.261,37.92,1
9723,1.7655,77.72,15.899,47.02,1
9724,1.6372,74.64,15.324,48.71,1
9725,1.6876,71.5,14.964,48.42,1
9726,1.7329,75.79,15.773,42.82,1
9727,1.529,74.93,15.362,45.24,1
9728,1.6638,74.16,15.479,43.75,0
9729,1.7792,74.82,15.448,40.88,1
9730,1.5275,73.04,15.382,51.0,1
9731,1.8856,73.18,15.129,47.21,1
9732,1.9113,72.81,14.89,55.68,1
9733,1.53,71.29,14.846,54.9,0
9734,1.9126,75.28,16.248,45.91,0
9735,1.6616,69.98,15.228,51.72,1
9736,1.7631,76.99,16.512,34.7,1
9737,1.6242,73.81,16.0,43.68,1
9738,1.8412,68.58,14.405,50.34,1
9739,1.7568,71.19,15.091,33.34,1
9740,1.5798,71.43,15.042,49.8,1
9741,1.5141,71.89,15.382,37.78,0
9742,1.4434,68.92,14.513,40.58,0
9743,1.7012,70.78,15.015,42.14,1
9744,1.7821,70.51,14.956,46.15,1
9745,1.7778,69.03,14.824,37.01,1
9746,1.6439,68.61,14.837,54.42,1
9747,1.4977,71.84,15.073,46.96,1
9748,1.5488,66.94,14.341,64.04,0
9749,1.8339,70.54,14.969,48.73,0
9750,1.5783,71.2,15.797,50.66,0
9751,1.6725,69.27,14.178,40.51,0
9752,1.4897,68.82,14.38,37.84,0
9753,1.6867,70.91,15.182,51.14,1
9754,1.5644,67.38,14.546,39.82,1
9755,1.7891,67.73,14.517,53.62,1
9756,1.7435,67.36,14.563,62.06,1
9757,1.5437,70.57,14.876,54.17,1
9758,1.6075,70.59,14.561,50.65,1
9759,1.5283,64.64,14.198,51.55,1
9760,1.3976,69.53,14.666,44.05,1
9761,1.4716,68.83,14.432,46.28,1
9762,1.6355,70.18,15.161,42.08,1
9763,1.6466,67.44,14.804,37.66,1
9764,1.6185,67.02,14.304,48.95,1
9765,1.5425,68.91,15.512,56.25,0
9766,1.7238,67.58,15.142,37.74,1
9767,1.5982,70.34,15.278,57.55,1
9768,1.6864,67.67,16.359,57.81,1
9769,1.3061,65.99,14.128,52.35,0
9770,0.9803,62.94,13.592,54.1,1
9771,1.602,64.11,14.39,48.66,1
9772,1.3562,62.43,13.675,51.57,1
9773,1.5277,64.15,13.921,46.45,0
9774,1.5104,66.62,13.924,49.24,1
9775,1.8068,64.48,14.27,51.24,1
9776,1.6079,66.69,13.828,64.08,1
9777,1.5776,64.76,13.88,54.51,1
9778,1.6778,63.61,13.71,48.99,0
9779,1.5965,64.16,13.696,49.69,1
9780,1.484,64.2,13.474,44.66,1
9781,1.6993,63.83,13.348,46.1,0
9782,1.3701,63.39,13.548,57.98,0
9783,1.5741,61.61,13.746,47.86,0
9784,1.2826,61.69,13.671,46.79,1
9785,1.5586,66.63,14.371,43.59,1
9786,1.5541,65.05,13.651,44.1,1
9787,1.7656,59.29,13.406,62.0,0
9788,1.2753,57.16,12.269,55.45,1
9789,1.4213,61.87,12.87,49.06,0
9790,1.6396,63.63,13.674,50.73,1
9791,1.5466,60.05,13.098,54.39,1
9792,1.5278,63.27,14.355,44.85,1
9793,1.3558,61.16,13.556,40.9,0
9794,1.4088,60.51,14.349,63.16,1
9795,1.6817,62.02,13.416,59.53,1
9796,1.4734,59.56,13.332,56.18,0
9797,1.5486,59.94,13.071,60.35,0
9798,1.4754,61.18,14.195,67.04,1
9799,1.3034,59.59,13.129,48.73,0
9800,1.6187,63.15,14.234,41.74,1
9801,1.5548,60.38,12.939,57.76,1
9802,1.8148,60.46,13.129,40.87,1
9803,1.3222,58.5,13.06,53.76,0
9804,1.5787,60.1,13.901,49.7,0
9805,1.2668,57.87,12.381,59.49,0
9806,1.481,59.02,13.004,49.64,1
9807,1.6076,55.93,12.58,64.5,0
9808,1.1238,60.01,12.69,46.76,0
9809,1.4105,58.33,12.871,59.23,0
9810,1.3694,61.74,13.12,46.51,1
9811,1.3358,62.02,12.989,55.66,1
9812,1.5163,58.56,12.966,45.42,1
9813,1.6036,57.12,12.727,54.28,1
9814,1.4182,54.44,12.455,66.4,1
9815,1.4587,58.31,13.197,54.49,0
9816,1.4453,56.52,12.595,64.07,0
9817,1.4218,56.92,13.887,54.12,0
9818,1.2649,59.43,13.157,49.03,0
9819,1.6055,54.68,13.117,57.61,1
9820,1.4561,53.59,11.744,61.08,0
9821,1.4747,54.57,12.302,40.66,1
9822,1.2929,56.62,13.101,58.69,0
9823,1.3453,55.89,12.579,47.32,0
9824,1.3871,53.04,11.742,47.68,1
9825,1.1624,55.7,12.266,59.38,1
9826,1.152,51.71,12.43,68.18,0
9827,1.3106,52.69,12.473,58.87,0
9828,1.4831,54.16,12.399,45.84,1
9829,1.2935,52.36,12.032,51.73,0
9830,1.2371,55.01,12.19,52.18,1
9831,1.269,53.5,12.352,57.86,0
9832,1.3334,56.44,12.299,54.26,0
9833,1.3432,52.25,11.94,61.01,1
9834,1.7177,52.35,12.798,65.08,0
9835,1.5402,55.25,11.968,58.73,1
9836,1.5457,52.06,12.405,64.39,0
9837,1.5633,55.28,13.419,53.49,1
9838,1.2297,52.92,12.65,83.19,0
9839,1.1918,46.82,11.405,65.17,1
9840,1.2058,54.08,12.097,61.95,0
9841,1.5854,52.92,12.059,71.09,0
9842,1.2998,52.78,11.61,57.6,0
9843,1.1861,46.85,11.32,55.43,1
9844,1.3122,49.29,11.561,69.72,0
9845,1.3381,49.47,11.362,69.77,0
9846,1.4054,48.7,11.551,60.88,0
9847,1.4032,53.61,12.359,70.43,0
9848,1.2308,50.32,11.472,57.84,0
9849,1.4558,49.57,12.588,66.33,1
9850,1.2629,50.7,12.134,70.56,0
9851,1.3422,50.54,12.264,59.26,1
9852,1.4546,42.4,10.639,66.93,1
9853,1.2593,47.82,11.696,68.18,0
9854,1.2662,45.87,10.784,58.43,0
9855,1.4425,49.42,12.028,52.78,0
9856,1.2187,48.37,11.42,70.69,0
9857,1.3053,48.54,11.136,62.33,0
9858,1.4304,43.44,10.958,58.57,1
9859,1.6593,47.08,11.338,60.99,1
9860,1.4377,50.13,13.272,62.83,0
9861,1.4291,50.21,11.979,45.86,0
9862,1.4274,48.25,12.456,65.43,0
9863,1.1788,44.27,11.44,65.52,0
9864,1.3733,49.89,11.598,72.26,1
9865,1.3387,47.76,11.421,58.24,0
9866,1.4068,46.08,10.703,72.24,0
9867,1.3595,41.97,10.357,63.24,0
9868,1.4066,47.48,11.824,61.25,1
9869,1.3037,44.73,10.91,64.21,0
9870,1.3781,46.22,11.376,77.64,0
9871,1.1617,45.41,10.54,51.51,1
9872,1.2965,48.44,11.716,63.56,0
9873,1.573,44.89,11.585,62.34,0
9874,1.3927,44.95,10.5,61.76,0
9875,1.3479,47.8,11.653,64.53,0
9876,1.6231,42.88,11.494,71.73,0
9877,1.1507,45.45,12.063,65.59,1
9878,1.1889,43.41,10.6,72.49,0
9879,1.603,41.58,10.957,61.38,0
9880,1.355,43.23,11.613,62.38,1
9881,1.3219,44.83,11.06,54.05,1
9882,1.1558,45.87,11.859,77.11,0
9883,1.4152,45.78,11.049,59.8,0
9884,1.4384,42.08,10.714,61.08,0
9885,1.196,40.32,10.106,69.26,0
9886,1.3396,41.94,10.457,72.45,0
9887,1.297,40.05,10.449,59.42,1
9888,1.3942,41.51,10.241,73.25,0
9889,1.1974,40.98,10.293,61.54,0
9890,1.544,43.01,11.098,74.29,1
9891,1.5009,37.15,11.179,62.06,0
9892,1.2962,39.76,9.71,70.62,0
9893,1.3226,39.61,11.322,65.32,0
9894,1.3465,42.87,10.714,53.83,0
9895,1.2538,38.15,10.562,54.45,0
9896,1.2996,40.9,10.912,58.4,0
9897,1.317,40.37,11.005,72.69,0
9898,1.6085,42.01,10.425,47.97,0
9899,1.5055,40.86,10.346,66.55,0
9900,1.5158,39.9,10.191,67.16,1
9901,1.4229,37.8,9.919,52.2,0
9902,1.1949,35.2,10.275,61.26,0
9903,1.3563,39.34,10.117,58.47,0
9904,1.5239,40.09,9.822,65.28,1
9905,1.1896,35.48,9.264,79.08,0
9906,1.458,35.42,9.105,75.86,0
9907,1.7268,38.97,10.025,62.87,0
9908,1.5317,38.38,10.366,58.95,0
9909,1.5892,35.33,9.447,54.77,0
9910,1.4186,36.19,9.664,64.02,0
9911,1.5104,33.89,9.161,61.07,1
9912,1.2832,39.69,10.35,64.49,1
9913,1.5028,34.8,9.631,67.81,0
9914,1.4883,37.67,10.241,62.46,0
9915,1.4314,36.2,11.249,63.09,0
9916,1.5869,38.63,10.065,59.83,0
9917,1.3131,34.37,9.718,63.78,0
9918,1.3689,36.03,9.187,78.54,0
9919,1.4185,32.4,8.999,73.48,0
9920,1.2427,31.78,9.023,73.84,1
9921,1.4286,36.62,9.489,74.6,0
9922,1.1458,31.63,8.853,77.27,0
9923,1.5656,34.64,9.464,79.48,0
9924,1.4123,36.55,9.618,71.33,0
9925,1.3327,36.35,11.402,68.59,0
9926,1.2856,32.91,9.424,64.26,0
9927,1.3847,30.8,10.119,63.48,0
9928,1.4977,35.02,10.386,74.75,0
9929,1.513,36.63,9.413,66.18,0
9930,1.3266,32.09,9.156,58.58,0
9931,1.2999,31.41,8.896,52.88,1
9932,1.5202,32.14,9.022,86.41,0
9933,1.3286,34.13,9.158,60.6,1
9934,1.4312,35.28,9.278,61.88,0
9935,1.4416,30.01,8.885,80.67,0
9936,1.4685,29.35,8.789,61.41,0
9937,1.571,36.58,9.979,70.93,0
9938,1.2477,31.53,8.957,84.47,0
9939,1.149,31.87,9.521,86.52,0
9940,1.374,29.72,8.618,67.02,0
9941,1.71,32.52,9.876,69.09,0
9942,1.7668,32.9,8.69,65.83,0
9943,1.7229,31.23,9.238,69.74,0
9944,1.4259,34.43,9.57,79.06,0
9945,1.1782,29.85,8.502,59.77,0
9946,1.1082,30.0,8.616,76.02,0
9947,1.3747,30.3,9.112,68.54,0
9948,1.4273,30.62,9.407,81.07,0
9949,1.6693,30.42,8.363,81.01,0
9950,1.6179,26.71,8.534,69.31,0
9951,1.5035,29.92,8.627,69.7,0
9952,1.3488,28.02,9.014,78.63,0
9953,1.3355,28.25,7.939,79.92,0
9954,1.5379,28.7,10.334,51.63,1
9955,1.5833,26.48,8.027,80.19,0
9956,1.5456,26.24,8.936,86.04,0
9957,1.3405,22.52,7.621,77.17,0
9958,1.5874,31.88,8.685,77.29,0
9959,1.5686,29.11,8.728,81.54,0
9960,1.3545,27.17,8.806,74.11,0
9961,1.3989,25.88,7.631,79.75,0
9962,1.6285,20.97,7.748,75.89,0
9963,1.4688,25.65,7.98,73.16,1
9964,1.7519,27.97,8.793,66.19,0
9965,1.6025,28.31,8.541,73.14,0
9966,1.4521,27.35,8.287,87.3,1
9967,1.5349,26.4,7.894,65.66,0
9968,1.5479,28.08,8.858,76.44,0
9969,1.4285,25.29,8.322,76.06,0
9970,1.4059,28.06,8.808,83.78,1
9971,1.6488,24.28,8.057,87.26,0
9972,1.6704,23.04,8.226,67.17,0
9973,1.6382,23.03,8.423,70.65,0
9974,1.7865,22.62,7.222,71.04,0
9975,1.4839,25.57,7.597,69.58,0
9976,1.826,23.25,8.625,71.77,0
9977,1.4383,21.87,7.15,78.3,0
9978,1.4175,25.24,7.792,66.89,0
9979,1.3055,24.48,7.842,68.43,0
9980,1.5072,25.89,7.696,67.23,0
9981,1.5,24.27,7.733,78.19,0
9982,1.6734,21.74,7.084,75.16,1
9983,1.6219,22.84,7.648,72.77,0
9984,1.4081,23.12,7.793,68.16,0
9985,1.5294,20.96,7.224,63.44,0
9986,1.5352,20.17,7.129,89.72,0
9987,1.322,20.12,7.448,74.02,0
9988,1.4552,25.96,8.681,94.81,0
9989,1.4923,20.73,8.363,82.44,0
9990,1.8267,23.97,7.722,88.85,0
9991,1.6501,20.44,8.314,84.52,0
9992,1.7171,22.88,8.178,76.19,0
9993,1.3998,22.76,7.296,70.19,1
9994,1.8228,22.51,7.272,67.24,0
9995,1.8373,21.38,7.274,85.12,0
9996,1.3343,23.15,8.462,77.1,0
9997,1.5407,21.09,7.256,81.17,0
9998,1.6984,22.94,7.316,81.21,0
9999,1.7428,16.02,6.572,79.77,0
