timestamp,speed,pos_x,pos_y,distance,delay,throughput,qos_violation
2026-08-14 00:00:00.000,1.6986856612044932,8.885918641766912,5.939851246068553,10.688376066247054,8.965505570068311,41.94351776648138,0
2026-08-14 00:00:00.100,1.444694279531526,9.377403888715953,3.501816077669184,10.009916060283796,5.655926913149161,41.43440640633562,0
2026-08-14 00:00:00.200,1.759075415240277,9.07460926133324,4.74776562224252,10.241572713681377,10.074069143241577,67.10487118847519,1
2026-08-14 00:00:00.300,2.1092119425632103,9.477008348620089,4.981674481711669,10.706575917703665,6.228914924584008,72.37296396631997,1
2026-08-14 00:00:00.400,1.4063386501106656,9.81918857910378,5.032730260608687,11.033804340663673,10.248665112335384,38.85341049907801,1
2026-08-14 00:00:00.500,1.4063452172203277,10.878828098600096,5.169401012223692,12.044567556540596,7.177665573857835,41.97206681072355,0
2026-08-14 00:00:00.600,2.1316851262029566,9.728849296016751,5.518356856681066,11.184935003042465,2.836858623111011,63.71027383404974,1
2026-08-14 00:00:00.700,1.8069738916611635,8.472717350406603,5.006679883069437,9.841431946186148,5.052751278557189,56.402239917708755,0
2026-08-14 00:00:00.800,1.3122102456260192,11.206745626125098,4.745560042063018,12.170106311840467,6.708755873938147,58.11713726385106,0
2026-08-14 00:00:00.900,1.7170240174343858,9.237922368468642,4.718936025522452,10.37340671615776,12.104567071245734,60.75921553823669,1
2026-08-14 00:00:01.000,1.314632922875015,10.024626797432795,4.5607956930917695,11.013355518729618,10.703430891587676,47.111214059071095,1
2026-08-14 00:00:01.100,1.3137080985718972,10.538218453931878,5.685043827656191,11.973878715986817,12.871584236966426,53.95963909988224,1
2026-08-14 00:00:01.200,1.5967849086264136,10.29962708784769,4.542787218085733,11.256963793915702,12.960905648089575,53.0263058083771,1
2026-08-14 00:00:01.300,0.7346879021368808,11.202530939420125,5.742427722345785,12.588573215223025,6.395747586227255,39.69810079705447,1
2026-08-14 00:00:01.400,0.8100328669947868,10.595689257745152,5.085210934419332,11.752786950091195,7.434539420723512,53.781091318588444,0
2026-08-14 00:00:01.500,1.2750849883036108,9.263711257109026,4.658008656598777,10.368866423097446,6.766160227008385,64.85252835379602,0
2026-08-14 00:00:01.600,1.0948675518662305,12.311917733251539,5.574739108151234,13.515214922238734,5.985468184096771,45.990401133879665,0
2026-08-14 00:00:01.700,1.6256989330381095,10.336023745051852,4.503051029249677,11.274345011143764,2.475515871990625,51.83083098489121,0
2026-08-14 00:00:01.800,1.1367903697915156,10.002684777545856,5.600562235082987,11.463856249447012,7.955756845949473,52.48050699213027,0
2026-08-14 00:00:01.900,0.9350785194658834,11.122285149676674,5.26519673292609,12.305589119872883,4.143303218866668,46.58402539477675,0
2026-08-14 00:00:02.000,2.086259507568622,10.416145395004918,4.622956918171371,11.395956105441556,7.897484355397018,58.1228148523323,1
2026-08-14 00:00:02.100,1.4096894798053858,10.574257364467915,5.5279253551847995,11.932010624471422,14.347312428688953,41.83921242494015,1
2026-08-14 00:00:02.200,1.5270112818751695,12.675547892583017,5.547290116940309,13.836254623946084,6.471964711007875,65.9917462243512,0
2026-08-14 00:00:02.300,0.9301007255146173,9.916577188181027,6.0410348545096095,11.611744280794005,8.584322016884201,57.51446673958694,0
2026-08-14 00:00:02.400,1.282246910189927,9.88227244487242,5.892937613261326,11.505912496993657,10.71994515742785,38.758776791925264,1
2026-08-14 00:00:02.500,1.5443690358839464,10.324946573356021,5.518040053387161,11.706976030275335,8.84087387589772,70.37611621863505,0
2026-08-14 00:00:02.600,1.0396025690310788,11.288218719378337,4.227948909311369,12.054021479832807,8.877452563826887,52.017217535139146,0
2026-08-14 00:00:02.700,1.6502792073382688,8.718503476060642,7.093892094289871,11.239911383436697,6.91279269893576,41.32462979317938,0
2026-08-14 00:00:02.800,1.259744524032478,8.267816337228279,4.017130368365422,9.192068504019241,7.304366074816302,63.2546542998943,0
2026-08-14 00:00:02.900,1.3833225000826892,9.65459168053838,5.904434710120963,11.316955852348373,5.119968433436515,55.9360582333763,0
2026-08-14 00:00:03.000,1.2593173551082413,8.616118714552982,5.4950520576764,10.219251382554583,10.538135026668222,28.73648354919154,1
2026-08-14 00:00:03.100,2.240911273803575,9.833545048540373,4.215711939654715,10.6991044195213,2.775525030157713,43.69207619307376,1
2026-08-14 00:00:03.200,1.4946011101048264,10.769210814649043,5.060585920009053,11.898967662118752,10.913265015146607,53.34916804665853,1
2026-08-14 00:00:03.300,1.0769156284176398,9.384296977421233,5.102025195588385,10.681558447008376,3.7889048457642724,24.085199868288093,1
2026-08-14 00:00:03.400,1.8290179648412757,8.856553986645896,6.214494510704761,10.819357214823482,10.887821822229956,51.020841024648725,1
2026-08-14 00:00:03.500,1.011662540011591,10.361052447596327,4.604380451304419,11.338065406505473,6.938547421363457,51.895752472463116,0
2026-08-14 00:00:03.600,1.5835454380019023,11.162593492949892,4.970473999861351,12.219210501179893,4.304393935600759,35.79809741149013,1
2026-08-14 00:00:03.700,0.7161319504480897,8.613411292271852,3.3161751544560683,9.229727609462156,9.73789593523891,53.24773863511956,0
2026-08-14 00:00:03.800,0.9687255804406277,11.136951851548192,6.577841906444187,12.934438553330251,10.786302605227323,50.0895660695004,1
2026-08-14 00:00:03.900,1.5787444943476494,11.142360379434276,4.338657911001512,11.957263369763282,6.68576405568939,35.70447072937982,1
2026-08-14 00:00:04.000,1.7953866319981642,11.287474000306318,5.461562030281155,12.539367173753224,10.161831646036799,61.0347265623539,1
2026-08-14 00:00:04.100,1.568547312475988,11.56020383547512,5.123907908584569,12.644870302750803,1.1447465159919492,60.05424553721366,0
2026-08-14 00:00:04.200,1.4537406870447038,12.552072267716792,5.131634232407634,13.560537898962668,4.038211130760199,46.523154957771666,0
2026-08-14 00:00:04.300,1.3795585217642845,10.002301016891863,5.862925427203251,11.593960505257142,11.877226791406187,47.617024119298115,1
2026-08-14 00:00:04.400,0.908591203853029,10.47629936804252,6.557046641021705,12.359114414122969,7.328992177406252,58.715167251144145,0
2026-08-14 00:00:04.500,1.2120623166421165,9.958624077170377,5.426232442204634,11.340996077383661,2.4133600206534567,47.59204228265832,0
2026-08-14 00:00:04.600,1.315744491616085,10.385374077627956,5.754100753827708,11.872896454423719,5.903401458674018,26.829101593758146,1
2026-08-14 00:00:04.700,1.9228488904875662,11.9246053109622,5.4981524025771655,13.131103977358224,5.229798582424758,55.843238688799126,0
2026-08-14 00:00:04.800,1.6374473158273846,9.055052193848962,6.054065145812279,10.892459548837808,7.5021148055812255,40.240888151137895,0
2026-08-14 00:00:04.900,0.7947839378549064,9.547351728067795,4.874707736550962,10.719827448995106,6.887747048577058,45.321883346988876,0
2026-08-14 00:00:05.000,1.629633587757918,11.793917059191676,6.1103541171454,13.282804938566558,8.536795186814482,67.49444681541772,0
2026-08-14 00:00:05.100,1.3459670878334733,11.445107352042946,6.143442399602422,12.98970233750644,7.791601845162276,48.39225831189442,0
2026-08-14 00:00:05.200,1.2292311998776164,10.070273920777522,6.126072947503087,11.787246777666999,12.079217765111057,50.02081923048648,1
2026-08-14 00:00:05.300,1.744670515536347,11.296142291169062,4.736925880159824,12.249134559488933,9.273645799159008,56.11600730556317,0
2026-08-14 00:00:05.400,1.9123998089983805,10.791290854994116,5.135374900111497,11.950900956905919,9.373014833580758,56.06400732648839,0
2026-08-14 00:00:05.500,1.8725120476464794,11.958684343956813,5.466619431997843,13.148918558295744,11.495471371683564,38.969626791466595,1
2026-08-14 00:00:05.600,1.1643129907109446,10.541254051236342,4.183373038582536,11.34101613404398,6.833693748711255,49.27641781358751,0
2026-08-14 00:00:05.700,1.3763150496595142,11.500711293735893,6.560983674386798,13.240576537199368,4.2143676699245445,50.433830335109924,0
2026-08-14 00:00:05.800,1.6325053725614256,13.125425812809674,5.280227114588492,14.14770656852926,11.620910973896748,53.26432275954593,1
2026-08-14 00:00:05.900,1.8902180508489437,11.08984777981826,5.522191484946254,12.388677192337886,8.407525244324338,53.47066329099943,0
2026-08-14 00:00:06.000,1.308330304861884,10.54941151301938,4.83844645655296,11.60606080390568,8.418053623696785,81.04929474532949,0
2026-08-14 00:00:06.100,1.425736409334473,11.23086505489926,4.24354879431335,12.005833425925733,6.100010235409291,35.889682752953064,1
2026-08-14 00:00:06.200,1.0574660103975888,10.151471933928137,4.826827766899397,11.240580443938013,6.149434000689268,61.761099442375475,0
2026-08-14 00:00:06.300,1.0215173503677317,12.913055220110495,5.490415858858329,14.03180891477738,10.54016701631253,64.2005096699967,1
2026-08-14 00:00:06.400,1.8250103289576791,10.713493274735487,5.858796392426659,12.210832621722163,10.953967394412832,55.913407687082326,1
2026-08-14 00:00:06.500,2.0424960114283293,10.268823639267737,5.454487408178125,11.62756087149655,10.351470217239974,42.1962152615231,1
2026-08-14 00:00:06.600,1.4711959513678665,9.714402676926955,5.607434222161755,11.216636658346227,10.378884816336425,69.97601636321151,1
2026-08-14 00:00:06.700,1.9014131591568098,11.655646596007173,5.065434742895339,12.708765742807,9.707088611779277,23.696205623117624,1
2026-08-14 00:00:06.800,1.6446544100190537,11.433948539682214,5.737055529109028,12.792536314280351,8.39456819023447,41.800799633386085,0
2026-08-14 00:00:06.900,1.2419520981579502,10.077741477894124,6.531323802693656,12.009124194165883,7.473860947037059,64.06018636667373,0
2026-08-14 00:00:07.000,1.6445582422033656,11.159881916884384,5.9138898970083655,12.630006259410193,11.63097154982466,45.55866075892978,1
2026-08-14 00:00:07.100,2.1152146265863876,9.083209326002846,6.002692687131774,10.88747037452366,6.878837388528699,69.15757429760222,1
2026-08-14 00:00:07.200,1.4856695843560195,10.7850705917426,5.595273129446972,12.150095845794073,9.10993764164224,31.858343063859195,1
2026-08-14 00:00:07.300,2.1258574623256026,11.06119109119988,4.162536787794231,11.818488095597504,5.58796100613726,36.6547772726239,1
2026-08-14 00:00:07.400,0.45210195836410216,12.324099271136152,4.534328452441163,13.131776626162818,6.022102889448648,43.6203419584763,0
2026-08-14 00:00:07.500,1.8287610017500895,9.854285381301983,5.738963150949478,11.403623916286346,7.291536296428321,55.00879133043834,0
2026-08-14 00:00:07.600,1.5348188272952685,9.35508627768209,5.371312102322579,10.78742939552481,5.588184869818509,47.33575819543972,0
2026-08-14 00:00:07.700,1.380397059813653,9.746345668013113,5.736938486541156,11.309452554335028,10.393555476434901,44.11520896925094,1
2026-08-14 00:00:07.800,1.5367043106142009,9.313539851076978,6.731203745110398,11.491350156347478,3.9558972453649117,67.04475717318229,0
2026-08-14 00:00:07.900,0.7049724341596428,11.995100431604623,5.975894643690852,13.40125931234727,8.297688870143219,68.16133970466981,0
2026-08-14 00:00:08.000,1.4121312448649952,12.21541709132342,6.407175642373887,13.793778105625215,8.397524290526544,45.02744281150933,0
2026-08-14 00:00:08.100,1.6428450286046985,10.995329096701955,5.480812622828459,12.2856244835717,2.567601265040958,29.48278631204405,1
2026-08-14 00:00:08.200,2.0911576178966067,11.904742186892015,4.7642958027365685,12.822690865506342,6.676928538429173,24.110194049751442,1
2026-08-14 00:00:08.300,1.292691912690541,10.825740344240845,5.368776250824893,12.083890616533456,8.767098614144428,52.871481377364276,0
2026-08-14 00:00:08.400,1.176602558842725,10.605005038413587,4.7762685606933015,11.630944640425593,9.286183979882205,57.871467466625575,0
2026-08-14 00:00:08.500,1.2992971825661854,10.375413789514333,6.671706810558815,12.335350950406765,7.387078374199502,50.755973426942546,0
2026-08-14 00:00:08.600,1.8661608470808297,10.406395139644273,6.062384539841478,12.043486459963365,10.030664613442147,49.1491027150309,1
2026-08-14 00:00:08.700,1.6315004438638738,9.177319297166548,5.851482509387971,10.884072631134856,7.672051228291878,40.34548862367101,0
2026-08-14 00:00:08.800,1.2880959184931844,10.99771033953666,6.428827907340076,12.738895594773753,8.04095873622517,57.859757526966064,0
2026-08-14 00:00:08.900,1.7053069732453425,10.70145638816902,3.8290290474112574,11.365853785519269,8.754961606959661,70.13822454678692,0
2026-08-14 00:00:09.000,1.538831019739216,11.495485744914683,5.920585373576212,12.93056548173131,10.780998886202507,23.39746787197333,1
2026-08-14 00:00:09.100,1.8874579962131557,10.851983239729158,4.40655921853083,11.71252766834647,5.972845992753404,49.069985734547416,0
2026-08-14 00:00:09.200,1.219178762449059,10.604090764175199,5.454272120674045,11.924589104083541,6.539534382445107,38.355819807036795,1
2026-08-14 00:00:09.300,1.3689351413608928,9.903936158190403,5.215711438945048,11.19337291614344,5.993310524812356,32.11440807135378,1
2026-08-14 00:00:09.400,1.3431567387471368,10.855617147473536,5.999467636068624,12.40314619637922,7.0034068515742,36.44028955058701,1
2026-08-14 00:00:09.500,0.9145940207471526,11.53003586392168,5.657629011032075,12.843305378670708,12.278702774239294,54.55607426821285,1
2026-08-14 00:00:09.600,1.6184481108258304,9.656794364475399,6.5561737522249866,11.672064584602317,9.718175957989466,54.85954637109399,0
2026-08-14 00:00:09.700,1.6044221088719557,10.89594183169374,5.00356311806171,11.98987874317672,4.606730764493474,67.5234531340976,0
2026-08-14 00:00:09.800,1.5020453826569844,11.049845751996228,6.057373191986674,12.601224588503607,6.198659103233976,50.10537856574553,0
2026-08-14 00:00:09.900,1.4061651466499412,10.107072739302223,5.624861087271358,11.566848387034632,9.118301672829206,28.901340441565058,1
2026-08-14 00:00:10.000,0.9338517031798342,10.245615940466228,4.1918511311672955,11.069971179068363,5.280476657201689,47.14196549148834,0
2026-08-14 00:00:10.100,1.3317418708938564,11.072417816594186,4.770191013878357,12.05624977404326,5.823979877555729,33.36345113341059,1
2026-08-14 00:00:10.200,1.362914193389292,9.71672067198909,5.390182587351293,11.111648344977679,12.034878998522446,35.51844936293594,1
2026-08-14 00:00:10.300,1.1790890923113524,11.208400127984849,6.404919807554656,12.909346659309167,6.15987311458044,56.966708700877945,0
2026-08-14 00:00:10.400,1.4354857153335963,9.971456761529998,5.8910651271592105,11.581649203783272,10.86400044808816,52.33017086713304,1
2026-08-14 00:00:10.500,1.6616203427258154,11.937999550676157,4.591086855481192,12.790383566825364,11.765969568592816,57.05078714522397,1
2026-08-14 00:00:10.600,2.2544743604842123,13.221308325484982,5.417835365620283,14.288314592229005,5.7996137264931065,45.71008583273927,1
2026-08-14 00:00:10.700,1.5698311251327355,10.031058500848605,7.149334340564679,12.318080863536514,5.330112330328576,59.48635476110427,0
2026-08-14 00:00:10.800,1.6030201562891058,11.434357887378843,5.629068682875187,12.744840310227074,7.171603740556504,45.03916522051867,0
2026-08-14 00:00:10.900,1.4702216336935332,10.181742842575892,5.283230388416829,11.470850476291478,4.7341168379791245,63.400193992906964,0
2026-08-14 00:00:11.000,0.7324915138803834,11.95777364370944,5.943483394551968,13.353402015048717,8.363101635508228,54.13566727365851,0
2026-08-14 00:00:11.100,1.4893944498203133,9.659895783280179,6.165806979084812,11.459963448770907,7.383044264439841,47.51603755418459,0
2026-08-14 00:00:11.200,1.5240920839764105,11.414075673246849,5.195158670907435,12.540765410871467,9.081740047658904,52.54511653011316,0
2026-08-14 00:00:11.300,2.4852968449941146,10.068834670383527,5.967154001860877,11.704202599982693,12.190830368698464,49.785671588300985,1
2026-08-14 00:00:11.400,1.423055614087551,10.743173770628253,5.306983418499326,11.982481198405514,10.452454942310958,69.15327818375508,1
2026-08-14 00:00:11.500,1.620618936933445,9.927467807033056,6.150557930771768,11.678355188957784,9.467719326237068,52.94525147094547,0
2026-08-14 00:00:11.600,1.4861152921179026,11.78917827552986,5.71585120915749,13.101743374736522,2.101854761096246,49.9806479312659,0
2026-08-14 00:00:11.700,1.0325287849521871,10.13818217264826,5.970671777895023,11.76569841722773,9.330127946307126,47.13810971539041,0
2026-08-14 00:00:11.800,1.9571291258060082,11.535461508873418,4.9827515127909505,12.565615180361075,13.167882982113648,60.11821063094013,1
2026-08-14 00:00:11.900,1.8007732130747096,10.647733943732998,4.938070075938913,11.737068382326449,1.0,58.49496006864206,0
2026-08-14 00:00:12.000,1.8164127788172189,10.885694322650211,6.356497860396961,12.605689427215403,10.068147628926877,46.713900436248466,1
2026-08-14 00:00:12.100,1.1362450180821044,11.156257324302945,5.541583745033296,12.456774377393225,7.5219242757306075,36.132301824526294,1
2026-08-14 00:00:12.200,2.06111772437444,10.255011467697711,5.838129477293425,11.800382027555461,5.450614990931166,39.17638233945976,1
2026-08-14 00:00:12.300,0.9392595748830876,11.235537975351189,5.369986175416965,12.452873769525171,10.403385751735861,47.79004952549365,1
2026-08-14 00:00:12.400,1.7347428375201082,12.563840148618453,6.339084769769341,14.072458029724537,13.129117701821992,66.18713007342899,1
2026-08-14 00:00:12.500,2.3761822503239913,10.263745520885072,5.138856200006946,11.478341132839631,10.325692186513262,46.997880449037034,1
2026-08-14 00:00:12.600,1.1037854699477245,12.221985172445374,5.52162402558221,13.411385216873061,6.886424146215421,42.870516680413225,0
2026-08-14 00:00:12.700,1.2734809081588911,12.556607385113056,6.2639001011376685,14.03227827193105,5.169590526775531,28.871368241016246,1
2026-08-14 00:00:12.800,1.5398605460350565,10.250689485050968,6.578480843778821,12.180026483177258,8.433882901368632,68.16249722722756,0
2026-08-14 00:00:12.900,1.2986097383535202,9.620124591442202,5.226100085098307,10.948009830756252,10.619507877144764,56.82833775177752,1
2026-08-14 00:00:13.000,0.8797346275735469,11.385474819158262,7.2178555369566055,13.480596255732236,6.838840921298817,59.552119640070295,0
2026-08-14 00:00:13.100,1.527425189922411,10.544441118673367,5.905702539819037,12.08563448868096,7.12885102504761,61.5402566231525,0
2026-08-14 00:00:13.200,1.075078514509558,12.968786583056986,4.8257674088894,13.83753795014048,16.466000749515196,48.02323725489244,1
2026-08-14 00:00:13.300,1.6894369722540725,11.143325626847556,5.960352490680609,12.63722706289319,11.235955837879178,51.015087604970425,1
2026-08-14 00:00:13.400,1.1322303063064787,10.314653400766288,5.363712313694114,11.625897150844464,11.450386035180896,67.86322330342392,1
2026-08-14 00:00:13.500,2.1199737620070156,9.978028020243498,6.022367308499667,11.654610725856521,3.6191422818235637,52.154970671829645,1
2026-08-14 00:00:13.600,1.186698683065505,12.223427212799782,5.645828354097101,13.46430654101952,5.878433962119619,57.05030348076794,0
2026-08-14 00:00:13.700,1.3711753935177298,10.570673002078507,5.744533137849732,12.03074348029768,8.224044918362717,60.44660860640614,0
2026-08-14 00:00:13.800,1.825406886947868,11.194020498076863,4.960840317900945,12.244020237286303,4.996587326344551,57.715175989071724,0
2026-08-14 00:00:13.900,1.007654273426418,12.114329166182658,6.487164837215196,13.741916852165314,12.801191896667882,48.46196995680207,1
2026-08-14 00:00:14.000,1.5909839738416518,10.68260279159309,4.775214792393527,11.701310982810705,12.230936919771935,49.59339388623297,1
2026-08-14 00:00:14.100,2.0228571017129715,11.129267037237502,4.818105603262601,12.127436925844293,6.399363987847838,59.33168525571131,1
2026-08-14 00:00:14.200,0.8570067061755089,11.166962178608886,6.004006632376832,12.678688415609333,13.351755819822454,59.312034319216714,1
2026-08-14 00:00:14.300,1.5738535434129217,11.87518982240124,6.997394584273465,13.783456180729186,7.987243709840174,64.01879118823354,0
2026-08-14 00:00:14.400,1.6039531176993693,11.790944368849216,5.438045542351808,12.984556535746202,15.768169152167147,56.613163799718066,1
2026-08-14 00:00:14.500,1.812729148710924,10.988421024537804,6.285898711638752,12.659301687908625,8.434058391575109,57.15926736310466,0
2026-08-14 00:00:14.600,1.0052197156487672,11.280518539742893,6.588793828438661,13.063778268141055,9.728578250985265,44.645199598586636,0
2026-08-14 00:00:14.700,0.9718173547662895,10.853425189176628,6.386870070255325,12.593210378270387,12.199710323508675,43.02620586713718,1
2026-08-14 00:00:14.800,1.7087766262467592,9.755926516234414,5.49115672255337,11.195128598716892,11.832900049423428,59.36756809221794,1
2026-08-14 00:00:14.900,1.6187938692932744,11.49947450300573,4.872286813609302,12.489078934787383,9.53219619840768,43.1097791838035,0
2026-08-14 00:00:15.000,1.6001971401383506,13.142400128894412,3.9840869682997226,13.733012419674699,7.576579041668492,49.751587962597654,0
2026-08-14 00:00:15.100,1.6385792837987903,10.374823949824023,5.544853454739137,11.7636036920824,9.542398099979359,66.54827889165549,0
2026-08-14 00:00:15.200,1.2279901113686036,10.493848103366124,6.7025965826310365,12.451732769619579,5.551447484371655,64.64684350814107,0
2026-08-14 00:00:15.300,1.5929014788644014,10.404484763778829,4.865794733443995,11.486046386277442,8.456401156592348,53.6214659695662,0
2026-08-14 00:00:15.400,1.6172289893194725,12.008139036599434,6.3302962327408006,13.574536954038454,4.672077402506016,46.44632504199548,0
2026-08-14 00:00:15.500,1.214259432789453,11.740367434526496,5.015007164156535,12.766617576877268,2.657355079759096,48.51945307587794,0
2026-08-14 00:00:15.600,2.2463098044579026,11.141679010367339,5.86498808277975,12.591072090223635,8.15128029241833,60.41192169266738,1
2026-08-14 00:00:15.700,1.689533168364715,10.390532363598574,6.351364146466538,12.177971478042226,11.786833672015018,49.562008670646016,1
2026-08-14 00:00:15.800,1.0234786011189405,11.409262939331207,5.262535339144027,12.564456176633206,10.777413924788178,43.30061128387683,1
2026-08-14 00:00:15.900,1.7626214434535319,9.76059874280922,5.9315202666445455,11.421568215080795,7.754263112823176,64.58929707689569,0
2026-08-14 00:00:16.000,1.1101273319090714,11.47698215945626,5.468060286178997,12.71301706054724,13.24096909452649,52.179201669551375,1
2026-08-14 00:00:16.100,1.814833841496981,12.213414701140442,6.369253116182046,13.77442862408558,6.292815827460279,43.07293014809905,0
2026-08-14 00:00:16.200,1.9634382316029617,10.099025900872572,5.99838875729146,11.746105389876922,2.2465020146059302,55.74728226719157,0
2026-08-14 00:00:16.300,1.1717270726593159,9.826041483130329,5.860341995519409,11.440922145205189,1.4536961173971132,61.6546209583101,0
2026-08-14 00:00:16.400,1.8853504516977289,12.946332374108595,7.066816657561824,14.749488791564456,4.456427178212849,37.90792322254687,1
2026-08-14 00:00:16.500,1.6651123707745994,10.763469565362891,6.354982436815129,12.499523145173258,10.449874229786687,47.59455303976478,1
2026-08-14 00:00:16.600,1.828824063997796,12.519511773265041,5.277856863491701,13.58653554488518,6.095591949597841,47.039799588939054,0
2026-08-14 00:00:16.700,2.258717193061579,11.23790098457713,5.766448069226769,12.631007159931816,9.382875925571906,55.42744598940172,1
2026-08-14 00:00:16.800,1.4018447535988519,11.238278555287378,5.779420995273494,12.637270746757,12.938850150751932,57.5840998743183,1
2026-08-14 00:00:16.900,1.1985055342570041,11.846980794179093,5.909396514909638,13.239030217809553,4.699709112266582,43.382313064646176,0
2026-08-14 00:00:17.000,1.1441942281497908,10.53290396038975,7.869749111567709,13.148194435655979,9.435499195387669,32.0869858891277,1
2026-08-14 00:00:17.100,1.1736758860138248,11.557734683085577,6.151824037922757,13.092981707699874,9.616889217967167,62.38158505519281,0
2026-08-14 00:00:17.200,1.4691593162343584,11.05208284721958,4.231421301142383,11.834418510833844,5.41778603458069,36.560656753073445,1
2026-08-14 00:00:17.300,1.6364607899266574,10.121413541092386,5.430905013324878,11.486415512838008,12.06263277573525,53.25421046052653,1
2026-08-14 00:00:17.400,1.6106763197320075,11.787723781677558,4.324247354174048,12.55585708477155,7.13687883335157,48.416229215231816,0
2026-08-14 00:00:17.500,1.8308732996144095,11.195268622526983,5.611307252006268,12.522811529642828,6.848741057260972,51.9493268624489,0
2026-08-14 00:00:17.600,1.5052007567511627,11.309886323413934,4.290298507334043,12.096288270811765,14.33483965525392,69.8148076604823,1
2026-08-14 00:00:17.700,2.0814136308629267,10.265084930898228,5.187875147732688,11.501565858048039,9.568300227100154,86.45937936346195,1
2026-08-14 00:00:17.800,1.3941372667048175,13.074980964528931,4.673571134352381,13.885150138570548,10.775871649056494,30.398751063216697,1
2026-08-14 00:00:17.900,2.5880676666358475,12.368629505605988,6.202477333905904,13.836680271096947,12.064678794565516,61.80687386399508,1
2026-08-14 00:00:18.000,1.7502669391060026,12.46440592584559,5.9005815151072705,13.790514033228792,6.048578001622349,48.125026727868246,0
2026-08-14 00:00:18.100,1.157136977433487,11.203140061685673,6.147520704475397,12.778981103894791,11.749463291161037,62.574254164550624,1
2026-08-14 00:00:18.200,1.071643000775555,9.787736597077677,5.826510581093837,11.390698540711721,6.49431765500699,61.48715691414996,0
2026-08-14 00:00:18.300,1.6929889660972741,13.478171591524351,4.799714325257369,14.307283706373298,6.366129831985107,66.91693768637796,0
2026-08-14 00:00:18.400,1.4106148858696597,11.472491423482712,6.330970454296938,13.103405906674233,7.184000083075592,53.41957898195237,0
2026-08-14 00:00:18.500,1.7856001976368368,10.79312385792227,7.462933840580956,13.122000766702437,6.133805495165136,39.32508218053971,1
2026-08-14 00:00:18.600,1.689295049829418,11.967059950879179,6.257525088722877,13.504337973552522,10.46646929797149,61.131793864515444,1
2026-08-14 00:00:18.700,1.470868434937251,12.725713886853105,5.594416179855832,13.901125361764015,8.801631965435167,51.41597091372877,0
2026-08-14 00:00:18.800,1.161282512772638,11.543877265218084,4.797702951897774,12.501162183135918,6.526326756148661,47.19388141839041,0
2026-08-14 00:00:18.900,0.8940611101256541,12.853837711696666,5.218703949646404,13.872851719552486,10.023515099464465,44.28531343154046,1
2026-08-14 00:00:19.000,1.3213940191731917,12.666597204727903,6.312590084984269,14.152437186854511,7.174452687840962,62.07602682926155,0
2026-08-14 00:00:19.100,1.842559517729389,10.51555080126272,6.813653614638367,12.530071198289797,7.01578888890597,69.24043390408852,0
2026-08-14 00:00:19.200,1.5856374976520815,10.926476605459044,6.168852966448693,12.547614830369422,8.146051654704632,35.65576929560439,1
2026-08-14 00:00:19.300,1.0017044885152049,12.566138596852028,6.6050706919081446,14.196295223768706,9.390381066998652,57.46342690974717,0
2026-08-14 00:00:19.400,1.5692723703404727,8.904323592215565,6.536304288837397,11.045825111378546,9.169542948132259,45.531353774928256,0
2026-08-14 00:00:19.500,1.6541269518915347,11.475815185314758,6.380390040196582,13.130259374153297,6.910252453241508,32.39273122169463,1
2026-08-14 00:00:19.600,1.1464570255195468,10.202774399308817,5.453384484351088,11.56875134910214,10.541333622318206,51.772469849156096,1
2026-08-14 00:00:19.700,1.5614900423782112,11.165386521953707,6.124303003612461,12.73471411004904,7.3328175467610315,40.002346637725275,0
2026-08-14 00:00:19.800,1.5232834873784,11.35145495681177,5.3114627843988735,12.532644036538368,6.035046534173842,31.06696126639763,1
2026-08-14 00:00:19.900,1.0428118808677507,11.300365390387206,6.009109023343311,12.798736234905656,3.5959350536979455,40.61911433330559,0
2026-08-14 00:00:20.000,1.6431149441393134,11.11468323863585,6.264857519302604,12.758707741475039,10.949535442997064,37.666712985033755,1
2026-08-14 00:00:20.100,1.7243138105472937,10.578135563573387,7.3481945738308045,12.879942371618458,8.037170228582022,42.239757763239304,0
2026-08-14 00:00:20.200,1.9332204972701108,13.975525202474628,4.962382781899461,14.830392697400017,8.632617075531545,34.08939107655573,1
2026-08-14 00:00:20.300,1.9215208208139611,13.559410662271034,6.400375299658855,14.994079547761263,11.137408747098547,45.25831869648543,1
2026-08-14 00:00:20.400,0.9489322528171635,10.538217560307144,7.205159301636932,12.76590576145426,6.567781305206552,41.44101046299233,0
2026-08-14 00:00:20.500,1.1248699840339509,13.290734854320737,6.632249074481338,14.853631231244925,3.8768022545776146,54.50736652574789,0
2026-08-14 00:00:20.600,1.706014106883464,11.31748733499806,6.6965280495425805,13.15024743098593,8.209342106645655,57.122467836779784,0
2026-08-14 00:00:20.700,1.7055143803648836,11.854475021256365,6.505328450249042,13.52212543482757,8.923884656240887,53.1217829213413,0
2026-08-14 00:00:20.800,1.7060190745224193,11.67034831048148,7.078840954047371,13.649432916449541,7.211452801518882,47.17466650551789,0
2026-08-14 00:00:20.900,3.0,11.082208351578172,5.175191661209389,12.231024105856394,12.421212734228508,46.850868851692226,1
2026-08-14 00:00:21.000,1.7283562042772669,12.734144058892028,4.941433696395332,13.659289582130043,1.0,39.95510015106362,1
2026-08-14 00:00:21.100,1.9542262560722397,11.884512968316281,6.050108550271569,13.335871248784125,11.360169913699348,40.24406408708076,1
2026-08-14 00:00:21.200,1.881600705397281,11.290409736974123,4.331247013258651,12.0926859182988,10.373460951092678,58.44324641694483,1
2026-08-14 00:00:21.300,1.7605565005223192,10.470706438846635,7.049694172930674,12.622752523136825,9.370312333101378,28.88356881619443,1
2026-08-14 00:00:21.400,1.3738923021438618,10.890035591381729,7.046750519456863,12.971105121192503,1.0,49.03130074024469,0
2026-08-14 00:00:21.500,1.803587688197307,10.150585211952496,5.728498752465135,11.65547416890893,11.851666349810806,46.117651261265586,1
2026-08-14 00:00:21.600,1.1908699141849712,11.812523598423505,5.7835635526765925,13.152388419262918,4.920697668092345,57.18958521649871,0
2026-08-14 00:00:21.700,1.4052725573039964,10.611969180177681,6.027302883356709,12.204190670780307,6.47692406484984,32.89985619893179,1
2026-08-14 00:00:21.800,1.3058545808683586,11.551408982397277,6.131798217301187,13.07799674477351,7.488222005629794,50.14976846583127,0
2026-08-14 00:00:21.900,1.532749655754529,13.195406070979931,6.1969216657771655,14.578085591387934,9.222254103955926,54.115812096309284,0
2026-08-14 00:00:22.000,2.4258634266694035,13.03293851274489,6.546769049396626,14.58484388888433,9.91828412657765,27.143225376512063,1
2026-08-14 00:00:22.100,0.7530939229633007,11.809696768174428,5.967083114959445,13.231591690233781,10.67852166295789,37.10806432565916,1
2026-08-14 00:00:22.200,1.7745040761498054,11.763223658587638,6.864739673620708,13.61976804606224,10.447560530235549,48.8985218382465,1
2026-08-14 00:00:22.300,0.8549136515241393,13.738517656605538,6.471944086010961,15.18660355883811,8.758781612639378,56.169762891611654,0
2026-08-14 00:00:22.400,1.3112272536842267,12.387733949996985,5.6346159410848555,13.60899883236954,9.247767977172773,52.1899917333524,0
2026-08-14 00:00:22.500,1.9355802387869465,11.547506092215492,7.193277665498487,13.604710232956572,4.72773885253326,56.72545103539769,0
2026-08-14 00:00:22.600,1.5257120076381852,10.457629157425306,5.043582775829465,11.61032879856878,5.746919579542933,37.047529848312145,1
2026-08-14 00:00:22.700,1.0689020888282776,12.285855215164242,6.061456549542519,13.699762547941125,10.686380671024496,30.934995803263682,1
2026-08-14 00:00:22.800,1.2138785162960126,12.729640492036104,6.91372395253232,14.485969969191029,10.511628460186044,51.01406966908147,1
2026-08-14 00:00:22.900,1.7718390995738704,11.27699991739334,5.566732381214475,12.576137584367912,10.171398249333263,35.24776114143062,1
2026-08-14 00:00:23.000,1.2078533473131454,12.20818891949876,6.397836216030157,13.783039756937487,6.456749715030417,39.616132087426365,1
2026-08-14 00:00:23.100,1.58658343583279,11.561747591899438,6.589864209687921,13.307904330919962,10.731476395831088,61.18734025791648,1
2026-08-14 00:00:23.200,1.5182287359615254,11.749623210069208,5.471774271175936,12.961248367857936,4.516266642558926,52.269194681202215,0
2026-08-14 00:00:23.300,1.239359860957673,9.454168274159622,6.107212023357944,11.255191533437987,11.232079429586818,43.182261136935026,1
2026-08-14 00:00:23.400,2.3575776357301303,11.72854365045956,6.044991968338049,13.194721067836438,7.21738759626233,41.62362194430844,1
2026-08-14 00:00:23.500,1.7535676089272045,12.928029079037493,5.733805584511829,14.142505518804581,13.052511219021898,57.45105868266998,1
2026-08-14 00:00:23.600,0.6899429653369571,11.335591943516622,8.021536581090528,13.886709251355862,3.4356737238035446,52.5436512277998,0
2026-08-14 00:00:23.700,1.574581725907771,12.027855589752239,5.574712450165773,13.256950214508896,13.290212137755566,35.42532029212771,1
2026-08-14 00:00:23.800,1.2352854140926448,11.227713237298744,6.994142601648706,13.227984550611282,6.915607012509614,26.626115202788633,1
2026-08-14 00:00:23.900,1.8409733339184897,12.35244034273718,5.880958386361731,13.680952231588247,6.8615622319647676,72.5816219916818,0
2026-08-14 00:00:24.000,1.1829917046269198,11.783810191361976,5.330891082230664,12.93354484882829,8.584516456956791,35.33024929618931,1
2026-08-14 00:00:24.100,1.4541054234132404,11.069426570669885,6.287452261335191,12.73044620357124,5.90876326159791,56.33235803960147,0
2026-08-14 00:00:24.200,1.7019949115921829,13.349554301470762,6.729476407793381,14.949797750169205,7.783012996093079,68.12831518805808,0
2026-08-14 00:00:24.300,1.8463020776680485,12.954269569791592,6.951610193808169,14.701632030951055,5.787121204187437,51.77117082599787,0
2026-08-14 00:00:24.400,1.0198814371776894,11.428765514784944,7.470015455751927,13.653490839382808,5.896809407062439,42.79475988239354,0
2026-08-14 00:00:24.500,1.3661995056636207,12.539795310584637,8.581401232648197,15.19496342697331,9.460657850901715,32.887411499651456,1
2026-08-14 00:00:24.600,1.3100218755356174,12.587753726440983,6.43061639717684,14.135217406363742,5.295303514089452,32.719873564159634,1
2026-08-14 00:00:24.700,1.2386683069705153,12.700977681085522,5.704732128584297,13.923318667413113,5.695417294983553,54.52033818411663,0
2026-08-14 00:00:24.800,2.2061816961124388,10.372755272533011,6.602506162552766,12.29581797077399,3.881626250760773,67.4117158753998,1
2026-08-14 00:00:24.900,1.6619926843843822,13.081952432014457,6.032237174263905,14.405740687658527,6.488207960115981,45.25449083954565,0
2026-08-14 00:00:25.000,0.9956464182659819,11.513981650509841,6.990981271943127,13.470174185693994,11.934806089171765,43.33135445420763,1
2026-08-14 00:00:25.100,1.8671447788219104,11.734187402448047,5.2174777644410115,12.841854547463416,5.462199079691095,58.36977308973424,0
2026-08-14 00:00:25.200,2.3488624788050534,14.738231810603256,8.154877668926185,16.843916014342646,5.8051002044382765,41.76863295314304,1
2026-08-14 00:00:25.300,1.9129861042204588,12.410558161517812,6.95004934429849,14.224104181585576,8.581765839444607,53.293794891541054,0
2026-08-14 00:00:25.400,0.8922520136183946,11.730697027803368,4.9230084877133935,12.721842057194896,6.887610698601421,50.50161740102615,0
2026-08-14 00:00:25.500,1.3063063708534994,9.920059852948377,5.707989413570592,11.445030827023233,14.68446330004895,45.086383297063335,1
2026-08-14 00:00:25.600,2.006764459674649,13.523453082104382,6.933078204185967,15.197083820563636,7.51241610597123,49.81354209516176,1
2026-08-14 00:00:25.700,1.2169322137524876,10.796813999803167,7.226289447304225,12.991937950997382,9.005655038652115,71.15782537579975,0
2026-08-14 00:00:25.800,1.6775277712584913,11.146919489566006,5.272424934053736,12.330948008652783,10.831306354397967,57.25439532921148,1
2026-08-14 00:00:25.900,1.8098536213717347,11.827340816431404,6.8656365496579115,13.675633660639747,10.773733597588553,63.11000965107174,1
2026-08-14 00:00:26.000,1.1292278113687668,13.583439629673288,4.742344804654259,14.387482977199662,8.699862744672139,38.97566766895927,1
2026-08-14 00:00:26.100,1.4761898575752799,12.948602547092497,6.233748843879206,14.371010144423934,7.516617539941996,63.1512337712909,0
2026-08-14 00:00:26.200,0.3,12.02585977304022,7.1998558434108535,14.01639138461553,14.07208560913777,57.66824570562782,1
2026-08-14 00:00:26.300,1.090244943466284,12.500324068973043,5.874006619118149,13.811663751727762,7.7007191740572,32.00484684128759,1
2026-08-14 00:00:26.400,1.3989727394427358,11.599981034916858,5.1146821973623675,12.67752081404114,6.674929686714558,56.477488800453195,0
2026-08-14 00:00:26.500,1.0008867272140602,12.348355139807058,6.442192707247072,13.927803902127096,6.062453035117945,43.84071035846387,0
2026-08-14 00:00:26.600,2.1529645215726543,12.290372917473587,5.846446610308886,13.610077311233777,2.819590391879732,31.450355884092605,1
2026-08-14 00:00:26.700,0.9279434488157469,13.194140790830545,6.838869229942183,14.861207338319067,10.46484725671149,51.55730878793143,1
2026-08-14 00:00:26.800,1.3239822053212065,13.200883740041883,5.631962224787312,14.352084518268885,1.0,56.46851109275132,0
2026-08-14 00:00:26.900,1.5522962309144366,12.73601772226232,5.727114692311526,13.964454522847301,7.982831477285238,51.81929682373475,0
2026-08-14 00:00:27.000,2.0765093156264465,11.888027504964317,4.733423180805255,12.795721666532634,7.385418097185845,48.69033698185093,1
2026-08-14 00:00:27.100,0.9256551395282242,13.000532079354288,6.491181639819683,14.530976341163456,14.719895576694343,46.032975938500016,1
2026-08-14 00:00:27.200,1.965265500861984,12.175076041214856,6.231502753829463,13.677137974749987,2.505046313859121,79.59905611209868,0
2026-08-14 00:00:27.300,1.5040932244078349,11.193464861158512,5.41451980133093,12.434254311256268,5.2966901390469285,35.80916733765625,1
2026-08-14 00:00:27.400,1.1073965395808196,11.880426160414448,6.525267342408906,13.554469360434888,7.591710623955052,60.47506378828644,0
2026-08-14 00:00:27.500,1.6848413897053083,12.376575658563453,7.196885445382789,14.316940495305133,7.407411987592495,50.185075650667805,0
2026-08-14 00:00:27.600,1.579623878229388,13.210599180897617,6.207775683604564,14.59645195437182,6.351366227569866,39.74640192479561,1
2026-08-14 00:00:27.700,1.2599132491364822,12.12518994752946,6.599764431669548,13.80496728779898,7.757036271793498,49.41921139245705,0
2026-08-14 00:00:27.800,1.5279208339960075,11.10785413090075,6.6088807049523455,12.925236073885081,4.221311813390776,33.28480834893659,1
2026-08-14 00:00:27.900,1.3458745612552958,12.382129247890918,5.431768677013292,13.52114032439788,9.071578636984817,42.85411511831776,0
2026-08-14 00:00:28.000,1.5454069381004991,12.447178327104394,8.045502028794782,14.821010464947332,1.0355439737672647,49.43678808997273,0
2026-08-14 00:00:28.100,1.7648522698084186,12.527894638404337,6.028554341603122,13.902935356269985,7.922691932368229,31.38659529681044,1
2026-08-14 00:00:28.200,2.134406726458141,13.270263247909757,6.935128000661412,14.973172244196697,6.198929917209281,56.076590461856696,1
2026-08-14 00:00:28.300,1.0048738004692603,13.377649694498967,7.030608094428681,15.112609355309042,11.048863828269907,38.43486750906161,1
2026-08-14 00:00:28.400,2.3532133498625067,11.772850304481144,6.308560604425085,13.356569214862997,13.265933211899913,32.57934850383737,1
2026-08-14 00:00:28.500,0.7191648801909992,11.75925244126761,6.910673559637639,13.639553769289265,7.006843493748927,37.03498717005955,1
2026-08-14 00:00:28.600,1.4392859619857667,11.343531910814821,6.626893750515288,13.137406022205933,12.172177787424292,76.11144994202584,1
2026-08-14 00:00:28.700,1.7353268825938306,13.090881014504513,5.301127400752498,14.123495227985304,7.0516511581087675,26.263230297573923,1
2026-08-14 00:00:28.800,1.612396747094013,13.849220175015494,6.174421879006597,15.16325773031678,5.10162043061273,55.23347706523749,0
2026-08-14 00:00:28.900,1.2509201920717625,12.093652861222598,5.955200151595664,13.480387545368366,13.237710896556859,40.98036474776856,1
2026-08-14 00:00:29.000,1.4167510998570898,12.175638946860271,6.080845673874258,13.60966082875602,9.56232933420202,45.79846194178926,0
2026-08-14 00:00:29.100,1.302799626136467,13.892186790937984,5.412039998154094,14.909159291386338,8.013315567829443,57.24717114416399,0
2026-08-14 00:00:29.200,1.2642540972223153,12.939296809707756,7.361390347292473,14.886754843649575,10.061532425295946,56.65782457806704,1
2026-08-14 00:00:29.300,1.83984083880841,12.878309383747546,7.746838331058625,15.028784272557752,8.822645105390501,41.83164297005851,0
2026-08-14 00:00:29.400,1.642806194386019,11.259491895426507,7.252647421638867,13.393171856053371,7.792341776175446,33.706111920400474,1
2026-08-14 00:00:29.500,1.2228361618957382,13.137471193133393,7.4916692536301,15.123434053025004,4.02069551807601,57.46569168440767,0
2026-08-14 00:00:29.600,1.8598399501733003,11.537941505797958,6.204538838178106,13.10039680260395,7.1883897885162,56.62852631611213,0
2026-08-14 00:00:29.700,1.6229198083506438,11.341392382826502,5.976242073268047,12.819619748632725,9.869766270375418,46.58036589454174,0
2026-08-14 00:00:29.800,1.825144847535584,12.13697571444849,5.867378737279752,13.480812762582046,7.631685722939569,55.30333260570054,0
2026-08-14 00:00:29.900,1.751851536769445,11.906289290220254,7.010501146567145,13.816904537139742,10.706977283391158,44.650046228293576,1
2026-08-14 00:00:30.000,1.168401995631171,12.278817041737648,6.681900484188932,13.979168144960243,9.150965071600368,40.07554921958254,0
2026-08-14 00:00:30.100,1.275927583921212,11.06776982405151,6.443473505867118,12.806790374601931,5.365591045743779,50.0475461734529,0
2026-08-14 00:00:30.200,1.7989174420493048,13.475902487497844,7.546370543974378,15.444988062135716,4.042484126503629,56.22839289309821,0
2026-08-14 00:00:30.300,1.744148106173386,13.653107198000344,6.839205625142623,15.2703002505868,7.528464500209496,53.7110032346292,0
2026-08-14 00:00:30.400,1.4916393624143407,10.586413151796842,5.849327265546126,12.094906898360088,6.427314655686237,56.109952160920066,0
2026-08-14 00:00:30.500,1.5469309533235127,13.520548154057948,5.980527145726284,14.784178277028749,9.008965428865059,40.87305352053049,0
2026-08-14 00:00:30.600,2.01106595831537,11.739896441023514,7.075849681910401,13.707400087797398,5.84558702371181,68.98257349709903,1
2026-08-14 00:00:30.700,1.263371444465668,13.415735330281668,7.3686421581030075,15.306170053489565,6.153823022735368,45.891429735936505,0
2026-08-14 00:00:30.800,1.7188389524680152,12.49864802308621,6.981600895256351,14.316387584360836,11.159209152784737,48.573012182280905,1
2026-08-14 00:00:30.900,1.4191229390264424,12.604204802287367,8.062768541221486,14.962426783356861,8.444608905883694,34.17612908938558,1
2026-08-14 00:00:31.000,1.412927518709112,12.398666311238893,7.858264108981201,14.67921118806976,5.891818803718121,47.673738124432596,0
2026-08-14 00:00:31.100,1.939510740794876,13.804227887347338,6.908087877748922,15.43626851582077,8.052925426205059,56.386852842218204,0
2026-08-14 00:00:31.200,1.830166539595212,11.360845393042567,5.889395515755355,12.796631884430207,12.136733729005048,59.150127352311976,1
2026-08-14 00:00:31.300,1.8254038544002555,13.216608466756346,5.5172708674273885,14.321976720693918,8.881360064824168,68.74328884624138,0
2026-08-14 00:00:31.400,2.0221915228617315,13.718433015364628,6.260356314273276,15.079372187816956,9.778852428275389,56.24281874990553,1
2026-08-14 00:00:31.500,1.5084015366531036,13.341777653469231,7.177833300890218,15.150060126942716,5.743296390417672,53.32295834959644,0
2026-08-14 00:00:31.600,1.7727811885179856,14.95847120970598,8.04158104067909,16.98301759303723,11.079258131403801,44.64445866182817,1
2026-08-14 00:00:31.700,1.3758932973626177,12.113160255111607,6.919221838230423,13.950063878443721,14.954306781391406,42.059115101203915,1
2026-08-14 00:00:31.800,1.6296665409953768,13.60774656288358,7.525243279559019,15.549921316078036,5.625597072461439,61.64298217601787,0
2026-08-14 00:00:31.900,1.4479427782529262,12.552685827402371,6.399019888696032,14.08961947738106,4.454318076884032,61.4128442208669,0
2026-08-14 00:00:32.000,1.5387983859970873,13.900517261550203,7.09848201130056,15.60810132602338,8.526626731505445,37.07584758981473,1
2026-08-14 00:00:32.100,1.7380628101747655,12.667756911929905,7.2639530081725034,14.602639435550214,10.626515149533232,58.67715064584178,1
2026-08-14 00:00:32.200,1.172711726706611,12.295904848242548,5.026592957380988,13.283670908157381,7.725830983849216,57.80460429675011,0
2026-08-14 00:00:32.300,2.336954910274184,13.998187556430388,6.284518169634048,15.344198365814457,4.840380811872012,36.63429337982967,1
2026-08-14 00:00:32.400,1.0975930474001192,12.208888135993572,7.380030352429797,14.26610659990979,7.6742475146588305,56.48548165747012,0
2026-08-14 00:00:32.500,1.0143245548849071,11.296059038565687,6.844845546988998,13.208060431603752,9.794276818332364,37.40544248621831,1
2026-08-14 00:00:32.600,1.9632443494000271,12.200272636746158,5.673059673431245,13.45474854723227,6.778904519161822,20.848484387918134,1
2026-08-14 00:00:32.700,1.8166650775851743,13.344487188962262,4.691174644842353,14.145050649778165,9.821765053264764,48.078771035695404,0
2026-08-14 00:00:32.800,1.749647926820862,14.125827716414562,6.347648782654877,15.486499079577857,11.494132355719731,53.09377646305987,1
2026-08-14 00:00:32.900,1.751338203705712,12.853253062577725,6.588005658053626,14.443266003269837,8.720691877311342,48.619150341402644,0
2026-08-14 00:00:33.000,1.4951012908612342,14.068655476968981,5.943136685978297,15.272456927353582,7.916156686165122,84.40528180625569,0
2026-08-14 00:00:33.100,1.1410982514056673,11.400618210711105,6.769743828935614,13.259092242525861,10.488031775678845,54.54621475081969,1
2026-08-14 00:00:33.200,1.5303218232774904,12.323864389824537,7.0653861105717795,14.205538159121108,5.431697517688308,51.7657018315844,0
2026-08-14 00:00:33.300,1.2291353153951552,12.48688745994208,7.201827282838696,14.414876851679953,5.135870498921232,55.15509563976909,0
2026-08-14 00:00:33.400,1.8900478933671006,12.669237872077405,4.785543239784097,13.542932192074346,7.200283145213044,44.70417194719883,0
2026-08-14 00:00:33.500,1.4411770473991445,12.876226410253864,5.6238511349557045,14.050797420654163,6.524361635556598,61.15374874512246,0
2026-08-14 00:00:33.600,1.1698011212829953,13.491377701849602,6.436581927990657,14.948138988171758,5.589974074128574,54.33202335412522,0
2026-08-14 00:00:33.700,1.3714456633388026,12.363994628740661,7.143019384976662,14.27904370445305,13.491405424996323,53.78206044670989,1
2026-08-14 00:00:33.800,1.6651725817102498,12.95616487631802,7.081668924458965,14.765237656671312,14.515979628482874,42.51055732559673,1
2026-08-14 00:00:33.900,1.2745101788784101,12.780348021494584,7.072778505392522,14.606898758356033,6.9388848732332535,31.22803608261088,1
2026-08-14 00:00:34.000,1.1711118417734274,11.907915730381228,6.393549026988281,13.515765838544388,8.275156849245096,43.98336693107251,0
2026-08-14 00:00:34.100,1.597474884596765,12.728473667644685,6.443177464187704,14.266344231895586,7.436471539808627,53.391606275118704,0
2026-08-14 00:00:34.200,1.5979866284434892,12.706815549282744,6.127621632770525,14.107122608026453,11.32249772035447,44.66360624306064,1
2026-08-14 00:00:34.300,1.2972227298515482,12.693729236630558,7.329841183464842,14.658012611118421,11.916936685520142,53.50072600480845,1
2026-08-14 00:00:34.400,1.311584677752671,12.898903980668798,5.983895684260746,14.219308403105538,2.6682086039310597,47.211657477724344,0
2026-08-14 00:00:34.500,1.5928199749430545,12.951152787154475,7.4053166640763095,14.918816086119751,9.428032400196876,55.16695381551828,0
2026-08-14 00:00:34.600,0.9207662634010704,12.451518789887503,6.896570971907017,14.233868460312259,4.079535976516555,38.27811048949623,1
2026-08-14 00:00:34.700,0.9370144902493779,14.16486342541984,6.699253632105021,15.669184889076682,13.274816473625835,52.31468014262097,1
2026-08-14 00:00:34.800,1.2126223114990256,11.7310027846993,6.214921728520217,13.275604635053556,9.320744090631194,42.30855024378324,0
2026-08-14 00:00:34.900,1.414621139315261,12.187848027886163,5.660857392882335,13.438338661211036,5.529951384912092,31.540604694432368,1
2026-08-14 00:00:35.000,1.624363026239202,15.697116483033358,6.232169510183445,16.88903202334514,7.27603583618644,48.0181505236595,0
2026-08-14 00:00:35.100,2.090142486779821,11.887496226274312,6.491287053858217,13.54434842084599,7.133068225201525,68.43581088581657,1
2026-08-14 00:00:35.200,1.8430638492808078,11.580067629007527,4.8650739329653705,12.560529872008074,9.575338828657447,32.49708310584821,1
2026-08-14 00:00:35.300,1.4360245880146292,13.676633771172245,6.607410091434886,15.189080927665264,11.125737812532435,51.43270700473039,1
2026-08-14 00:00:35.400,1.4923935168389244,10.873371894850896,7.509780943595667,13.21465195094165,4.5553781240848705,59.570924759170694,0
2026-08-14 00:00:35.500,1.0989882541448766,12.723552561106075,7.229070206994206,14.633804899371873,13.516263502736342,77.60036822173342,1
2026-08-14 00:00:35.600,1.492594745603044,15.112986118608745,6.383332015526147,16.405769626619218,12.81707032346253,44.084804210639746,1
2026-08-14 00:00:35.700,1.3845365444319446,11.430559993832595,6.822846588323781,13.311984725817847,5.374029297226864,42.415992744748245,0
2026-08-14 00:00:35.800,1.6290874241352358,11.001866152701027,6.345366727526244,12.700580213074739,8.218405383086928,35.9996936487288,1
2026-08-14 00:00:35.900,1.1691076225790709,11.492984158935784,6.914307803204647,13.412544026954974,13.132425632342947,63.68619601815463,1
2026-08-14 00:00:36.000,1.707738605696469,13.89885965169421,8.032386309003561,16.05296014554827,11.698755760032448,39.5910280491311,1
2026-08-14 00:00:36.100,2.1130955652010313,14.133611525786778,7.580099925580481,16.037982717400528,6.989770909856313,45.5528428186958,1
2026-08-14 00:00:36.200,1.4564959406172568,12.5045807312762,7.226937161507028,14.442754584959728,10.44301944370362,27.812745471544936,1
2026-08-14 00:00:36.300,1.6606846888395765,13.70871665470952,6.420994620518096,15.137968299472439,16.991594875157418,60.607662112142314,1
2026-08-14 00:00:36.400,1.776057596684445,14.424094300674183,7.420254098253188,16.220809698574996,8.315479945553637,63.89909936933631,0
2026-08-14 00:00:36.500,1.3395118112456654,14.829520110045761,5.475802656271119,15.808196653150462,6.102055245679942,60.149300763012384,0
2026-08-14 00:00:36.600,1.5896369927241667,12.80417313688983,6.628422265249095,14.418142440893732,8.517259556274198,30.736096623755383,1
2026-08-14 00:00:36.700,1.505036960312718,10.757371422853433,7.302275020173212,13.001702211613269,8.739656286491954,57.28581248935168,0
2026-08-14 00:00:36.800,1.5390704394195327,12.246298940567476,7.432643689024499,14.325363169907414,6.426389782999705,29.92795538331199,1
2026-08-14 00:00:36.900,1.1907960864578133,12.648708390495647,7.3812151434311355,14.644868075247796,9.324875203442652,50.696483624770885,0
2026-08-14 00:00:37.000,1.509804069703577,12.824908511306255,7.086172936098544,14.652376094124497,4.236796820817496,52.460930959805566,0
2026-08-14 00:00:37.100,1.6991993164981798,12.90432262932967,6.698729234935928,14.53941250136384,6.003398398973962,53.72219861729918,0
2026-08-14 00:00:37.200,2.080457443118017,14.219411350722801,7.29069082753647,15.979544170713657,10.274734328464394,56.41563839164962,1
2026-08-14 00:00:37.300,1.8837083304340827,14.383279901933456,6.103022052678484,15.624519797831956,2.735387445373246,49.90359675728873,0
2026-08-14 00:00:37.400,2.3612729830046226,12.945512543774834,6.19456990798517,14.351271419841064,10.70950277598433,26.45084584725737,1
2026-08-14 00:00:37.500,1.1930609748447802,14.224005796205178,6.924700293260253,15.820044723133911,1.9640559028828903,56.42145210559438,0
2026-08-14 00:00:37.600,1.8489282546882713,13.49151700923819,7.018871499731259,15.208076418150428,2.806026263371055,51.17129769353298,0
2026-08-14 00:00:37.700,1.5733368022953407,13.206696337923415,5.424822076184789,14.27744804649562,6.503063770832344,39.1685625035452,1
2026-08-14 00:00:37.800,2.375921173287069,14.05706924462455,7.254432157268366,15.818596071477986,8.860591528458052,31.167230946360693,1
2026-08-14 00:00:37.900,1.1766806858579395,13.231111858206242,7.513498588316512,15.21561638715304,11.975790809382165,68.4802662310923,1
2026-08-14 00:00:38.000,1.1641112631276895,15.22500570951983,6.838488529480205,16.690288320539697,8.172868289478787,64.77560645948819,0
2026-08-14 00:00:38.100,1.260242941822391,11.737118088081253,8.804890579552682,14.672628910030394,7.26033917727203,58.47148888768945,0
2026-08-14 00:00:38.200,0.6504417102760772,12.668693078237537,6.363970301345585,14.177302363531375,9.738743743954412,41.88440106518356,0
2026-08-14 00:00:38.300,1.2896979913276956,13.065679802829347,6.626449489160483,14.64997684443419,5.387303538596197,19.79605337346179,1
2026-08-14 00:00:38.400,1.1963469353785208,13.63998611269503,6.604266528440456,15.154720635273758,8.41824547803922,59.17615010522282,0
2026-08-14 00:00:38.500,1.5601575145904831,14.47682863179387,6.864370797781655,16.021802448032005,4.40166122613392,54.4002412862609,0
2026-08-14 00:00:38.600,1.6367023903108637,13.192804299908367,6.667341869913682,14.78186500093898,8.24777155062624,45.50405229113388,0
2026-08-14 00:00:38.700,2.2504683356863544,11.80330794009206,5.809874118075062,13.155710379774964,7.61049102245179,63.49767568037451,1
2026-08-14 00:00:38.800,1.88016953527442,14.076386208507014,6.503084750242025,15.505958853288526,5.587196235651748,60.1759704075542,0
2026-08-14 00:00:38.900,1.2692385377350388,13.997165800647714,6.867227664084189,15.591005940643637,8.495121909613218,52.113145858770196,0
2026-08-14 00:00:39.000,1.1406341314606567,11.308683097580086,7.933182719825294,13.8138228404605,8.475648959478928,50.420701014453364,0
2026-08-14 00:00:39.100,1.6967676686026023,13.255072345742436,8.717120506346273,15.864587382375522,11.526362037017405,50.61161261119617,1
2026-08-14 00:00:39.200,0.9719067171917432,11.677069371186679,8.028705839400711,14.170887994587112,3.183099790811637,58.15927847401695,0
2026-08-14 00:00:39.300,2.2325835063417414,12.610894826818658,6.345024330854347,14.117152761524373,7.771853276908872,39.71028384148414,1
2026-08-14 00:00:39.400,1.9717760482885147,12.381071719811661,6.413680699563745,13.943680900217007,5.7192128008895615,55.11179746142044,0
2026-08-14 00:00:39.500,1.3123297391581181,14.10148006747019,6.847866359529442,15.676256369785296,10.609286174528876,38.95290866636491,1
2026-08-14 00:00:39.600,0.814746188363649,13.417380265854131,8.407977166092037,15.834145800265228,10.261736195576399,66.03866206102681,1
2026-08-14 00:00:39.700,2.041548949666165,12.023293813379661,6.852991646735899,13.839186704177585,9.523639535205863,56.38554285890282,1
2026-08-14 00:00:39.800,1.4541840618989528,14.197285499546773,5.928325729523714,15.385316425441953,5.888500225791611,41.741260860332844,0
2026-08-14 00:00:39.900,1.9951265247893848,11.891748435114758,6.594390845863477,13.59778185852613,10.656411748820286,50.967149888357,1
2026-08-14 00:00:40.000,0.8622289364822531,13.664002771967859,7.605978190353683,15.638282386006502,3.4096072137700046,39.754563439663514,1
2026-08-14 00:00:40.100,1.2602499908184908,12.528213034659103,7.557286443887265,14.63108677565561,2.7940678892216857,68.04935405240956,0
2026-08-14 00:00:40.200,1.5020974798872733,12.984881343873882,6.850161722649315,14.68100334244679,4.172387000294228,69.47451181365452,0
2026-08-14 00:00:40.300,1.5187922375058969,13.863163896896527,7.562067628162911,15.791522410620349,7.899575569019282,58.35468419075418,0
2026-08-14 00:00:40.400,1.3199738114083026,13.888677270371414,5.201798960749667,14.83084855119854,10.025493202964881,68.67987881185493,1
2026-08-14 00:00:40.500,1.7491399729389996,14.712531667321588,7.108400944285535,16.339765972824093,1.0,51.821551386470006,0
2026-08-14 00:00:40.600,1.0729518282469623,13.301643616547917,7.7188867268265255,15.379042076905462,11.968228495639359,59.162150806097564,1
2026-08-14 00:00:40.700,1.4430482059914826,13.698682901636452,6.369048603080239,15.106908795249451,8.393336588535302,64.69669426291706,0
2026-08-14 00:00:40.800,1.5481182526847594,12.96282943872253,6.3712692274790825,14.443961320442302,3.296682957230675,49.931076853808996,0
2026-08-14 00:00:40.900,1.7057755336234997,13.590891366203394,5.5521823679375775,14.681248488285283,8.302840910868744,50.85324628780814,0
2026-08-14 00:00:41.000,1.784645951235556,13.85672225404285,8.322258199469157,16.16380936426553,11.27757624403526,61.20387921714677,1
2026-08-14 00:00:41.100,1.0501431632648524,13.327261081033706,6.479219375475595,14.818777670158024,9.798323045918776,57.75797558715192,0
2026-08-14 00:00:41.200,0.8863543317057511,11.630155166849327,7.253178012854784,13.70653495567542,11.297219187661899,40.93447135758737,1
2026-08-14 00:00:41.300,2.0110707287594036,13.77371126972646,7.548477857224039,15.70651584861491,3.901260111808667,23.75804754474237,1
2026-08-14 00:00:41.400,1.6329256047918366,13.815136573204764,8.279999416822747,16.106408317153917,6.757984294584786,47.89366324883542,0
2026-08-14 00:00:41.500,1.2006053853773786,12.7787363419551,6.952227671793323,14.547493670651752,5.225923308429404,24.83702984929785,1
2026-08-14 00:00:41.600,2.1204607902090093,12.182857504684277,6.648802889431341,13.879070460299298,13.152740615132954,38.107791966733416,1
2026-08-14 00:00:41.700,1.5462698537171435,14.9514584137145,7.223801676782764,16.60510220873463,9.91808853045989,39.50855651359539,1
2026-08-14 00:00:41.800,1.9717188736255307,13.975359496558678,8.117612612632396,16.161878219650752,16.541028766872923,43.176292268718484,1
2026-08-14 00:00:41.900,1.5270073925640435,13.263167677196309,6.959211199750185,14.97805853093629,6.5971713997483175,59.8452577299625,0
2026-08-14 00:00:42.000,2.324299169952795,12.363550547424275,6.336454793075796,13.892733405755985,5.825977364953086,62.45215448876313,1
2026-08-14 00:00:42.100,2.202136336977282,12.68710332460416,5.872744645163012,13.98040487383941,7.571520084214549,56.104888637686486,1
2026-08-14 00:00:42.200,1.4004143406083707,14.819843272265476,6.1333138176033675,16.03886819572119,12.135071664267647,57.59008371274166,1
2026-08-14 00:00:42.300,1.8886283803817423,13.663249538801034,7.806865756685125,15.736312811534013,6.901640931873958,57.873445476423754,0
2026-08-14 00:00:42.400,1.758150379834059,12.983335253386024,6.86385381118659,14.686030213885473,8.373312793720833,20.038040105348912,1
2026-08-14 00:00:42.500,2.0474526230129397,14.05194627406513,6.639337497767716,15.54149273713685,8.290072108660459,50.1223721840854,1
2026-08-14 00:00:42.600,1.1140306157679583,12.73619357784789,6.5575812806293765,14.325239931829227,8.118490283606569,28.442495345959937,1
2026-08-14 00:00:42.700,1.7744205839993756,15.059769518028336,7.20339258080892,16.69387679987451,6.042804618612566,56.10967370805849,0
2026-08-14 00:00:42.800,1.9233697947398352,14.920061745098424,6.948792651108553,16.4588566366455,7.5881267962689005,24.882702232163638,1
2026-08-14 00:00:42.900,0.7965042054307543,13.109021861452666,6.926851844617864,14.826588638028973,7.459692195945927,47.83473757579161,0
2026-08-14 00:00:43.000,1.02669659493369,12.955260408078324,8.229817535314103,15.348246443997608,7.9773060209760525,56.573237312235044,0
2026-08-14 00:00:43.100,0.6843071288959597,10.974132178870647,8.385772252027063,13.81132699425335,10.830550454458125,36.58690462020425,1
2026-08-14 00:00:43.200,1.392237266222177,12.119019328465301,5.872342721682804,13.466812485685562,13.281884103873477,61.54059152615864,1
2026-08-14 00:00:43.300,1.7870169023183848,12.269465047512655,7.427435078396613,14.342474137886086,5.47869571199088,56.079466039420964,0
2026-08-14 00:00:43.400,2.1009428208384113,13.75245988591154,6.548872048057379,15.23213307503034,6.824019125636855,54.56989635005492,1
2026-08-14 00:00:43.500,1.52963791216791,13.299370562936536,6.976761669337863,15.018270897844562,5.52496430478144,58.37601905012639,0
2026-08-14 00:00:43.600,2.151446218228517,12.288603502416397,7.427786102000338,14.359031388525827,8.561304611666818,45.68959894680013,1
2026-08-14 00:00:43.700,0.9479594167140434,13.361109669820824,7.015188293826494,15.09079581754454,6.3849516274670695,51.8230263650817,0
2026-08-14 00:00:43.800,0.8186470242579381,14.155945582386472,7.374732965345581,15.961750581989493,8.719390501225966,50.12061886681039,0
2026-08-14 00:00:43.900,1.4777809204413526,14.186782507108452,7.733742059141253,16.157832903620733,11.310880731334361,49.84941266460626,1
2026-08-14 00:00:44.000,1.653626179575723,11.767607598787727,7.43602816822022,13.920168947164802,1.0,41.93562708023507,0
2026-08-14 00:00:44.100,1.4869221007623628,13.547349121616518,6.6878985179261115,15.108231359396179,9.475339668802073,35.089614623327535,1
2026-08-14 00:00:44.200,0.6730231599840493,12.30060654758248,6.707008709156196,14.010313603311172,6.619438853306363,45.9576998085263,0
2026-08-14 00:00:44.300,1.4643519841948847,14.59401074414811,6.063604990910272,15.80355830457503,9.381266803953167,45.296625113668796,0
2026-08-14 00:00:44.400,0.9782121997980587,14.484763185815074,6.5372338236603715,15.891626430744994,5.310591686749399,41.15922814979732,0
2026-08-14 00:00:44.500,1.7678690195320155,12.81092426559086,8.795025584668014,15.539377579995591,11.588782964920625,60.22464538172029,1
2026-08-14 00:00:44.600,1.6466392984387392,12.95124101196866,6.596768869345241,14.534510768019041,10.739841854120852,35.933520585732644,1
2026-08-14 00:00:44.700,1.1240480854690578,13.264353886324496,6.280669512138626,14.676167535918886,9.705056445627928,47.941890093305105,0
2026-08-14 00:00:44.800,1.2944532330653225,11.481162264545206,7.496315685041746,13.711740801029595,10.379677153430295,63.996076538735025,1
2026-08-14 00:00:44.900,1.0763145912444194,14.078258555170866,7.157082421604685,15.793074201556975,5.763138598483479,60.909552231194624,0
2026-08-14 00:00:45.000,1.4749283610907313,13.477780557843898,7.093900473031038,15.230692455914962,6.1411287359321305,64.5955266211674,0
2026-08-14 00:00:45.100,1.8820569282004953,14.729134909205632,8.382612669112335,16.94743668918526,10.257308602452438,42.910633071509274,1
2026-08-14 00:00:45.200,1.1057095814657825,12.668885331128962,7.699678069901601,14.82517109221402,5.6968125716941636,59.41145750873248,0
2026-08-14 00:00:45.300,1.7016186062071377,13.156506323295327,6.841383217564374,14.828964325416708,12.336905139974261,37.24435523626242,1
2026-08-14 00:00:45.400,1.2878969526510238,12.277438735959883,6.9307976623259755,14.098633201532389,7.029226786156905,46.68951253020152,0
2026-08-14 00:00:45.500,1.1828508670950624,12.788008152958488,6.873310018747097,14.518110866567385,9.505683169581866,47.818930270637686,0
2026-08-14 00:00:45.600,1.4571878560181768,12.618651442838265,7.980171760608097,14.930288194293208,14.29774855776527,43.089917453623876,1
2026-08-14 00:00:45.700,1.0859030710322504,14.804941840206672,7.038862793253626,16.39304402221114,5.881329937795771,45.658232142985696,0
2026-08-14 00:00:45.800,1.2785402778611272,13.119041035062576,5.855858928325061,14.366639184865056,8.206285252534348,44.07948887003177,0
2026-08-14 00:00:45.900,1.0208488429644607,13.949813291012326,7.256726820773151,15.724419703296926,11.162549493911921,38.211274266779654,1
2026-08-14 00:00:46.000,2.285890053166556,13.453208924859648,6.070762596330529,14.759505034957273,10.853832166629594,60.276962072069495,1
2026-08-14 00:00:46.100,1.5141054207886915,12.572841785162382,9.052768712109039,15.492868420975682,7.016554069281925,47.81059996550877,0
2026-08-14 00:00:46.200,1.2201097968029657,13.682341350457296,6.537850733099578,15.16410093077477,6.449808687434438,52.41723852700743,0
2026-08-14 00:00:46.300,1.5855919642936889,14.458079827946273,7.185894085363424,16.145375378644125,7.300592202364845,51.965322454314254,0
2026-08-14 00:00:46.400,1.4550687801236681,12.65955182599307,7.526948918882764,14.728177499693398,12.343573298454093,50.656717101320254,1
2026-08-14 00:00:46.500,1.4116121601867109,14.684758731721542,7.094461036050714,16.30869450326769,7.16268243092016,51.11365455267714,0
2026-08-14 00:00:46.600,1.7456666800173701,13.034259741966212,7.09836407689339,14.841788961886355,8.234347077450394,46.334993359627745,0
2026-08-14 00:00:46.700,1.803003084018922,13.40933145982481,7.672851060467292,15.449362886396365,6.7196405872297245,67.02076242217835,0
2026-08-14 00:00:46.800,1.287799540955789,14.43133323136144,8.561362832047859,16.77975900829829,10.11664569438796,59.128937139624306,1
2026-08-14 00:00:46.900,1.269672703742128,13.245548673585645,7.959398163936918,15.453044321311216,8.466575112750968,50.22058439325224,0
2026-08-14 00:00:47.000,1.3899793211393423,13.954894412594742,8.53320283481416,16.3570971962249,4.989698567725313,44.63534676840724,0
2026-08-14 00:00:47.100,0.579231534105766,13.610963446924526,6.51809727895277,15.091186768819975,5.093527657895017,48.57414988725103,0
2026-08-14 00:00:47.200,0.8939235751205791,14.063357004870179,7.614283505504106,15.992352033038262,2.0041833003334792,55.01145819646095,0
2026-08-14 00:00:47.300,2.04674970697781,11.561584615096605,7.489591074018685,13.775493213241363,5.506035772623152,67.99928111043575,1
2026-08-14 00:00:47.400,2.1579870854005136,12.120976627865762,7.651268099185696,14.333875189176329,10.381837410896516,33.523429464019465,1
2026-08-14 00:00:47.500,1.4003855841774486,14.574960171574427,8.476381475825011,16.860560694315307,11.971281614036805,57.91729710370133,1
2026-08-14 00:00:47.600,1.7306227852223066,15.004509293630381,7.203765412955154,16.64420425456049,10.056675089651552,63.52068364134361,1
2026-08-14 00:00:47.700,1.6245000618174144,13.065175906903551,7.060994873017774,14.851143729528589,9.663896601922044,32.159378361137215,1
2026-08-14 00:00:47.800,2.731552323382095,13.739968980717679,7.8175830376682205,15.808268473869044,7.620421851414052,47.8261894792247,1
2026-08-14 00:00:47.900,1.9478299645738306,14.287051308244859,5.972837051152856,15.485303275171768,10.32474366474196,37.22578432300353,1
2026-08-14 00:00:48.000,1.4488329634076933,14.693884379455003,7.210918427380037,16.36788265852125,8.858834669245653,55.16635534012441,0
2026-08-14 00:00:48.100,1.1177838237598297,11.981324228579192,7.298042748721662,14.029025562472526,13.413346915961373,45.69978881173337,1
2026-08-14 00:00:48.200,0.8574214718969709,13.131295975725406,6.67411484057673,14.730062556123405,7.7046640574697545,48.438331197438494,0
2026-08-14 00:00:48.300,1.5813854543468893,13.69309156530765,8.261049776179778,15.99205115113191,12.029024251208394,45.06733031265831,1
2026-08-14 00:00:48.400,1.1974597018862787,14.737145864847317,6.5706111466921335,16.135563178359202,10.62234224545358,58.641961193219224,1
2026-08-14 00:00:48.500,0.9310985161609303,16.540770873786506,7.31670579534797,18.086770988619904,10.206329858612477,52.74839552717766,1
2026-08-14 00:00:48.600,1.2413708463029893,13.822669385709036,7.664930847769627,15.80561146706157,1.9655260236145402,52.771121168475865,0
2026-08-14 00:00:48.700,1.067380798554242,12.652032372868508,8.518167150164391,15.252314406746684,10.787568684643134,51.92746190097744,1
2026-08-14 00:00:48.800,2.1748566540290257,14.469612634627534,7.43196158655106,16.26664510033164,7.61747606327254,56.86989056542564,1
2026-08-14 00:00:48.900,1.8526559027797802,15.39667506942069,8.194330443230557,17.441463660088157,6.668220516695325,46.85633774172412,0
2026-08-14 00:00:49.000,1.496810943473353,14.192028123313221,8.010884719221936,16.296868909013686,3.5512608764662605,70.40929745049112,0
2026-08-14 00:00:49.100,2.0919776555560103,13.185700179633171,7.554175279807792,15.196323679931188,7.9832385980954506,35.18246298537777,1
2026-08-14 00:00:49.200,1.5309473230590473,15.058677388721225,6.588799341725959,16.43703262341206,8.100654790454728,29.288978621964215,1
2026-08-14 00:00:49.300,1.1554863194686944,14.772563788193384,6.317746213093491,16.066815430859336,4.090994234555586,28.295833176697123,1
2026-08-14 00:00:49.400,2.109249630907863,13.091272047953067,7.555616056424564,15.115182361639505,3.5801594813189244,25.04494256849077,1
2026-08-14 00:00:49.500,1.7155640174738636,14.507113232136776,7.041255069639369,16.125619593856232,9.459858440384334,58.07803777784302,0
2026-08-14 00:00:49.600,1.0851015382694174,15.13128790471505,8.21582227557874,17.21788631973367,10.61511539318413,56.61641239139169,1
2026-08-14 00:00:49.700,1.4238645287665568,15.324247102068812,8.082099450184813,17.324920801202587,8.570848729767265,64.49331790130714,0
2026-08-14 00:00:49.800,1.149752698646097,14.084242806654204,7.342726273628556,15.883372581609544,11.452503949053089,37.32034142353373,1
2026-08-14 00:00:49.900,0.9468801076142656,13.800947058238084,6.569245563497426,15.284669671858174,7.740845046945505,58.945537456946006,0
2026-08-14 00:00:50.000,1.8704710190126566,15.394635048952406,7.909005175808506,17.307430518751175,7.836946176799393,50.681888745791674,0
2026-08-14 00:00:50.100,2.2637666561880523,12.965535446344001,6.691058012686812,14.590249029387508,5.248915913777629,51.99903798987031,1
2026-08-14 00:00:50.200,0.9405729704723435,14.622609962699634,6.903647264722485,16.170376237952933,3.3192740673388483,57.50747474419529,0
2026-08-14 00:00:50.300,1.7251876946762283,12.822338766867942,6.7318866459672995,14.482080971548163,13.563986401578754,40.924618987250675,1
2026-08-14 00:00:50.400,1.2397429723512692,15.266076388945717,7.409619252459707,16.96925295290124,11.39389715074924,81.04698962485385,1
2026-08-14 00:00:50.500,1.3051498464941216,13.950989323528695,8.461574770740363,16.31650546857511,3.822462298584565,65.98256365130425,0
2026-08-14 00:00:50.600,1.2630424303044523,15.485952797241069,7.526389040777336,17.21805058743619,8.46725572349384,43.61952855205568,0
2026-08-14 00:00:50.700,1.1544036921280736,14.717117040402867,7.180847616486249,16.37553377670825,7.699861066689,36.911143307319826,1
2026-08-14 00:00:50.800,1.5194086511779308,13.010818776439153,6.3199314598644545,14.464540742475236,7.17802258051087,48.9451500583437,0
2026-08-14 00:00:50.900,1.167619953435585,15.667001461032068,7.9871239051567695,17.58547932404197,6.772946456555182,52.1871013229845,0
2026-08-14 00:00:51.000,1.6081827303119356,15.801953717836296,6.926101386102239,17.253191638395712,9.143807440903936,62.787383116499726,0
2026-08-14 00:00:51.100,1.4799047562203451,15.141329666461525,7.649439999643864,16.96389685115479,10.454526576414423,35.97534906118009,1
2026-08-14 00:00:51.200,1.4044207812534362,13.505790031279833,7.277051845056319,15.341507355037031,9.207173507084617,53.425843318389994,0
2026-08-14 00:00:51.300,1.136974535183361,13.969698664412386,8.235969346941427,16.216771314236507,7.638444876862419,31.651819707022533,1
2026-08-14 00:00:51.400,1.2692914677726668,14.429474558629297,7.44463929111128,16.23676045930616,7.52831984932664,55.23629112093342,0
2026-08-14 00:00:51.500,1.8021564903303025,13.588671664345847,7.528288154587927,15.534706953782702,10.810442950768,48.709949354503394,1
2026-08-14 00:00:51.600,1.7003668750497523,15.993063358594226,7.969027789642981,17.868505239781847,9.390334814348186,73.24015714742916,0
2026-08-14 00:00:51.700,1.1089779020805794,14.453377980310801,9.270983050961407,17.17123355420183,8.2180683891063,31.447969469363876,1
2026-08-14 00:00:51.800,1.5397329221716904,11.614038183931147,8.301189282909949,14.275700558939644,7.892296107199677,66.44730057788126,0
2026-08-14 00:00:51.900,1.8005548493487156,14.665076766248468,7.524547687016462,16.482818158741708,9.035811528836867,29.55402397800538,1
2026-08-14 00:00:52.000,0.8322378875514512,13.985898279128676,7.602991798059825,15.918882968207896,6.5949539343216514,34.07347670712195,1
2026-08-14 00:00:52.100,1.717344076951974,14.267463842281284,7.185546670780292,15.97474899485953,10.46461645192463,29.874865298334015,1
2026-08-14 00:00:52.200,1.2349504964216613,13.982105755067776,6.85043850969633,15.570092778176688,4.7724243144864005,53.00423130141265,0
2026-08-14 00:00:52.300,1.7282394674372639,15.166106259913905,7.1732352763312734,16.77695095709,6.765630470700554,35.915614270955196,1
2026-08-14 00:00:52.400,1.1946963373829933,15.487082344314341,7.0027175684870215,16.996698881946745,9.833318286338072,33.820021936633545,1
2026-08-14 00:00:52.500,0.7780471597341924,14.658782450473355,8.14813227996553,16.77116461615358,4.60135155993718,52.43321121948057,0
2026-08-14 00:00:52.600,0.8489830248467349,14.044752823530285,6.773482520105878,15.592791518013758,3.2809743720514986,55.42130463049629,0
2026-08-14 00:00:52.700,1.5192339786645528,14.351061528313016,8.702007688977348,16.783262638964057,8.18923302628772,50.47819164980391,0
2026-08-14 00:00:52.800,1.6038890006885929,14.420333072153555,8.24207718024062,16.60957079989994,2.9106255366605875,48.05337021174137,0
2026-08-14 00:00:52.900,1.1382733499582365,13.606638138164834,7.661842290311937,15.615518841990946,4.103589337844416,71.94691558924615,0
2026-08-14 00:00:53.000,1.7554369835109496,14.996331549054648,7.650696629462104,16.835175046468468,10.269782355519297,51.750035194903646,1
2026-08-14 00:00:53.100,0.835391975092416,14.885779946797623,7.209617526070651,16.53980137416128,7.385644227182793,59.66829768706699,0
2026-08-14 00:00:53.200,1.4735680805410734,15.974513585167571,7.876510936312751,17.810797534432805,11.856460849126956,51.71506550827951,1
2026-08-14 00:00:53.300,1.0155935200950172,15.697756848133116,8.535918211273657,17.86844900299585,4.385556977187635,36.82548454094379,1
2026-08-14 00:00:53.400,1.2392655568791362,13.765066872708253,7.107919904374379,15.491920196577688,7.718142903103146,56.5986521828242,0
2026-08-14 00:00:53.500,1.5189594685265657,15.27937488726109,6.448732236516291,16.584494095502258,9.198753659623279,42.13043226236249,0
2026-08-14 00:00:53.600,1.155834653886419,13.516457852111396,8.243021345008916,15.831678172644125,4.4884552096132735,48.90816634352917,0
2026-08-14 00:00:53.700,1.3461777823080698,15.171678058600458,7.944940353990807,17.12605886776903,11.095285713498875,53.66483218272111,1
2026-08-14 00:00:53.800,1.9025171236857763,13.967466481353243,6.794289366915068,15.532304655430291,9.532036649498117,26.702983197360282,1
2026-08-14 00:00:53.900,1.2692432521907404,13.469162179191509,7.108736144808962,15.229985534657487,3.172138739937698,30.685974513299254,1
2026-08-14 00:00:54.000,1.8342768448260567,14.78079546771824,7.013166655772389,16.360208470559222,7.886774611374198,60.913510069970755,0
2026-08-14 00:00:54.100,1.0481172581369527,11.834517719320438,7.125825093257348,13.814238774127421,9.157870208775899,42.03504264081267,0
2026-08-14 00:00:54.200,1.7119216711661132,12.766443995523094,7.451505538724042,14.781983191861055,6.229829979415827,42.60413613069367,0
2026-08-14 00:00:54.300,2.07662744826316,14.34826240860778,7.50221473200464,16.19122787287532,3.5604052834735587,51.99726076844984,1
2026-08-14 00:00:54.400,0.5113421999490843,14.616530781470647,7.199818484846716,16.293568003983026,8.835376368342232,45.37192883453757,0
2026-08-14 00:00:54.500,1.1812418978118093,14.173104967131358,7.118923186773786,15.860516124909335,14.633728850847685,55.01106057971347,1
2026-08-14 00:00:54.600,1.730828850872216,12.97132216102569,7.547427600710469,15.007293626536477,6.839047702526929,49.38653853520347,0
2026-08-14 00:00:54.700,1.418781845582803,13.741201340058526,7.8696091372058685,15.835130635407474,12.707723543854126,52.38323540216538,1
2026-08-14 00:00:54.800,1.6484583493485236,14.958637231888169,7.4874195136985895,16.727889251467005,5.743133534715595,41.577699317092964,0
2026-08-14 00:00:54.900,1.2584059253136717,15.15754439773288,8.672391194935752,17.463147517192958,8.646636905029855,52.32313787937113,0
2026-08-14 00:00:55.000,1.53463591498916,14.567874231962318,8.156928581271584,16.69606071857182,10.314567592628357,63.261069042025326,1
2026-08-14 00:00:55.100,1.4377291058431683,15.74926585304899,6.4827825577202445,17.03131952024554,7.974759002085905,43.18702140662962,0
2026-08-14 00:00:55.200,1.967112824663923,14.99816381792498,8.17944228901053,17.083565028077945,7.106793053356307,60.983819603265815,0
2026-08-14 00:00:55.300,1.6017683373204852,13.861645862961273,8.249896096220159,16.13090238110007,10.178382564051121,49.38127618012821,1
2026-08-14 00:00:55.400,1.6350410648300808,14.336934185961612,7.422673769124584,16.144465545054285,13.674365345807661,58.81377987173525,1
2026-08-14 00:00:55.500,1.335249213551013,13.222904804619116,6.579304507253659,14.76930801599004,8.901760773917394,51.54525582023733,0
2026-08-14 00:00:55.600,1.3049575103710025,14.525966693889295,7.786916818097337,16.48149816988578,6.4518194704089575,49.59906895882489,0
2026-08-14 00:00:55.700,1.3269767248721516,15.754541025955794,7.779297322854878,17.570515922302945,7.430745328220951,54.196756184916396,0
2026-08-14 00:00:55.800,1.6577808569513188,15.336065213899165,6.893148088286363,16.813993779349804,15.559122936936124,64.56317074762698,1
2026-08-14 00:00:55.900,1.3316062076718949,16.06111917756106,6.634490537977216,17.377457061789244,8.404721349014384,52.83316753058091,0
2026-08-14 00:00:56.000,1.6159099427585653,14.36455933029669,7.730423907294658,16.312572407198275,6.216758904266081,55.74236997090077,0
2026-08-14 00:00:56.100,2.3301603194581757,16.02187909106368,7.619005824288997,17.74119103553122,4.56479625055238,45.57818103707958,1
2026-08-14 00:00:56.200,1.848449881372677,14.490809792555199,7.4766561191439855,16.305948459624997,2.522296717662183,68.8506376879403,0
2026-08-14 00:00:56.300,1.3695905871328635,16.164033824026802,7.748740657076897,17.925372276048247,9.09075282153857,57.68404533115606,0
2026-08-14 00:00:56.400,1.980485568865578,14.678926716468528,6.938248979290136,16.236076756595914,9.963925978473512,50.93250152030007,0
2026-08-14 00:00:56.500,1.3367698507913794,15.416349560168669,7.477614421525745,17.134134095375888,6.809911460104379,48.5281559329439,0
2026-08-14 00:00:56.600,0.6847501859288584,16.19256527312799,8.25713176978236,18.17634163378483,7.955088745907138,61.734899231277325,0
2026-08-14 00:00:56.700,1.0967654756330383,14.532360002690671,7.555496514482097,16.379102992171298,4.488614872134129,42.725551075456885,0
2026-08-14 00:00:56.800,0.7516832315896577,14.952511341269794,6.502895434801331,16.305374710406436,8.398785394482504,28.605499804744007,1
2026-08-14 00:00:56.900,1.3593946063834765,16.031320501385665,7.4673204235287605,17.685138148337945,9.444485961701373,50.86879519309346,0
2026-08-14 00:00:57.000,1.5073673516758206,14.617788634703043,6.994348308374375,16.204957662015442,6.394507198497086,64.28005487737212,0
2026-08-14 00:00:57.100,2.170574924910113,13.438234238580687,8.069184949821494,15.674753114655044,13.071358008757517,69.0957057342161,1
2026-08-14 00:00:57.200,1.630770949505665,16.9104682981255,8.115546668828694,18.757026304716963,5.488681019759265,48.71247267879344,0
2026-08-14 00:00:57.300,1.4123597884764543,14.306031501657195,6.538457879527774,15.729398232887577,8.850429812056946,50.5230519673014,0
2026-08-14 00:00:57.400,1.8317622324733958,14.942886739385616,8.477688789534596,17.18025236480265,10.544951659113817,56.23436519019146,1
2026-08-14 00:00:57.500,0.6155458763968459,15.948472080352943,6.9857302055182435,17.411323562615433,7.768131499551853,46.82780697363482,0
2026-08-14 00:00:57.600,1.5942458232434265,14.192306229624357,9.127825912399217,16.874204040561466,7.434569543316526,56.196871380693786,0
2026-08-14 00:00:57.700,1.8083460775547868,13.801266942587171,7.846459901885088,15.875827607165554,3.7134015486510137,48.97517898718078,0
2026-08-14 00:00:57.800,0.9085655016880634,15.071206875037877,6.893366948126497,16.57286289545991,12.07202448714885,62.13641908628216,1
2026-08-14 00:00:57.900,1.9575016172827717,13.032727902804396,6.981893723875926,14.785088317627133,7.490320394997212,58.67576615717388,0
2026-08-14 00:00:58.000,1.6353985629977656,14.54623294630261,8.178959647332194,16.687967936234415,9.612096274804475,59.7227339876292,0
2026-08-14 00:00:58.100,1.3338848344396794,15.087512409939675,7.592444335455861,16.890181813914246,10.018161463580423,47.53618826237494,1
2026-08-14 00:00:58.200,1.753112746442514,14.580856571252848,7.833161953152295,16.55173116431511,6.115104523946741,73.11112784602713,0
2026-08-14 00:00:58.300,2.4082771431217584,13.315692247346007,9.205710100476685,16.188043689095018,7.4074141871263555,55.80694330855367,1
2026-08-14 00:00:58.400,1.5727465020233982,16.461655869189507,7.361091496408038,18.032520122659285,12.003447052230511,52.96752864184198,1
2026-08-14 00:00:58.500,1.5992882345201345,14.979350789388414,7.97345786742011,16.969295225055017,4.648407002778665,40.86868423319634,0
2026-08-14 00:00:58.600,1.3162556401839023,16.315299475654722,9.06636400463423,18.665153448199305,14.383754224271769,48.835138158217354,1
2026-08-14 00:00:58.700,1.1600622522140833,14.63244583016628,8.151900028581155,16.749983434282314,5.765381644171178,51.37255712843163,0
2026-08-14 00:00:58.800,1.8321343266176982,14.020804821109703,6.655207893393876,15.520140461218295,4.461447630078465,40.5478724429084,0
2026-08-14 00:00:58.900,1.1575664696364532,15.178332445509369,8.349802124538234,17.32342262214213,8.396927062065604,46.49219425077094,0
2026-08-14 00:00:59.000,1.528626494887757,14.70169912137973,7.0200894623980155,16.291765193362234,14.625044793019612,48.01039978276388,1
2026-08-14 00:00:59.100,1.3089370212939533,13.748059512170336,9.08093860508339,16.47642516747705,2.2671021932233852,50.67104793107862,0
2026-08-14 00:00:59.200,1.6915919302985567,16.403939951402933,7.30219933157088,17.955816912834333,7.576952844530924,28.84751611950075,1
2026-08-14 00:00:59.300,1.6334648421147793,14.320220192175181,10.341101855238039,17.663722538943748,9.428795051769667,48.37675351154883,0
2026-08-14 00:00:59.400,1.9150159777031597,13.11055875272735,9.144395873175895,15.984577776534232,8.100949875606593,45.47184580304082,0
2026-08-14 00:00:59.500,1.2959934404581013,16.287325913933994,7.338205860283614,17.86410509022511,9.145765010009029,49.7493902045012,0
2026-08-14 00:00:59.600,1.3920500258826516,14.463196566617782,7.996507793459532,16.52659044738156,5.8459007534831775,62.42331879416307,0
2026-08-14 00:00:59.700,1.108494513687077,14.368005412268523,8.588413008237259,16.73918807848925,6.200834462205857,74.62874590545447,0
2026-08-14 00:00:59.800,1.3222826959695553,13.218776440307916,8.6174267957841,15.779610107969635,7.554732058522401,58.14052639573552,0
2026-08-14 00:00:59.900,1.6509201972179408,16.733440236388624,8.349368257855938,18.700801385237,4.610335736291747,35.18693393520397,1
2026-08-14 00:01:00.000,1.8027954466581408,13.711352885035685,9.002227312920112,16.402478304556947,7.865940795679431,45.855116578009586,0
2026-08-14 00:01:00.100,1.1311338703289497,15.067617675404765,7.907125759511974,17.016337449313465,6.833764118985496,57.1515597059731,0
2026-08-14 00:01:00.200,1.8478423680422642,15.930123239693298,7.71712761543089,17.70092893225275,6.589864444535394,55.79948595714828,0
2026-08-14 00:01:00.300,2.0422551435219805,15.447554572609697,7.738011393424273,17.27726143225594,8.961519237795914,61.84790882543689,1
2026-08-14 00:01:00.400,1.6653739612894802,14.97451805006815,8.707202002813908,17.321996350006064,2.538021520402088,48.83178806851285,0
2026-08-14 00:01:00.500,2.2507183250232266,13.340841226226669,8.317649082950568,15.72136542703901,7.312729689850539,45.63799706761393,1
2026-08-14 00:01:00.600,1.1904843203585709,14.241116971200544,8.263532016732901,16.464974156644946,14.952061296844583,71.02908804699247,1
2026-08-14 00:01:00.700,1.0021381186754332,15.246976867464092,8.671693317058688,17.54048370433682,4.741670941023125,50.70404724043565,0
2026-08-14 00:01:00.800,0.7885119004382886,14.280337181888317,6.3996648248421035,15.648761609109625,11.85650148945324,37.79990748774662,1
2026-08-14 00:01:00.900,2.098417724595673,15.279205434327821,8.293562643697554,17.384973397429413,8.163968362738096,67.70160388439506,1
2026-08-14 00:01:01.000,1.7617462625416231,15.76592410559794,8.225363529168652,17.782602961615375,6.191126573355746,32.04685410326666,1
2026-08-14 00:01:01.100,1.477766131635818,16.05501830503664,9.390555716582488,18.599627669426653,4.038075021410581,8.059457330136738,1
2026-08-14 00:01:01.200,1.6119874505279281,13.874670783877598,6.837639699203235,15.468025278525591,8.419045895855696,59.232641096450884,0
2026-08-14 00:01:01.300,1.0498043810806494,17.305830919122975,9.31126022438782,19.651751849836174,12.360191317444029,60.92841165229557,1
2026-08-14 00:01:01.400,2.4783007918467304,15.884998931151896,8.130839055098393,17.844991868381737,6.832366564409709,54.96815530333629,1
2026-08-14 00:01:01.500,1.551688472790091,15.124140155382443,8.466704209958941,17.332763646302574,7.75711572578968,34.37052699209541,1
2026-08-14 00:01:01.600,1.5437579178419572,16.22372561458189,9.421248448990651,18.760842069450117,11.031112550570995,49.29356173709215,1
2026-08-14 00:01:01.700,1.7903066495594768,17.507931525958966,8.534123266779856,19.477138553962725,9.022612374038843,46.661977117353544,0
2026-08-14 00:01:01.800,1.6924036926946853,13.712138375355865,8.41080971741769,16.086157369847992,3.2831726608262644,43.55253186929133,0
2026-08-14 00:01:01.900,1.5895536097116525,14.933930556375124,8.289348867961742,17.080268924036684,8.296661647565552,66.94483316971136,0
2026-08-14 00:01:02.000,1.1838102178218752,12.789096261446891,7.71373424479663,14.935283029922903,12.536704731996796,37.440007296419736,1
2026-08-14 00:01:02.100,1.6885873428543983,15.368514176421986,8.082726286656062,17.36437998362983,7.889176440597505,53.793253437276796,0
2026-08-14 00:01:02.200,2.2528097985900137,15.549591608152845,7.538108206838424,17.280418817793226,1.0,64.3285638039509,1
2026-08-14 00:01:02.300,2.0381680184619912,15.153369973238688,8.079865733668482,17.17291040621717,9.16464497477322,54.57729830382846,1
2026-08-14 00:01:02.400,2.1372746506557587,14.546333240136878,6.251775529037038,15.832893228926208,7.404630681367892,64.89342046994449,1
2026-08-14 00:01:02.500,1.2955137294275259,13.159687017400607,8.468752574207398,15.649189517642327,2.5127167582363494,56.764576669147154,0
2026-08-14 00:01:02.600,1.1041580718965676,15.591069939454442,8.033131950598705,17.53889023834432,2.962375729838647,55.15219604590435,0
2026-08-14 00:01:02.700,1.4496852319601408,16.681305462411743,7.866559597764438,18.443120989557805,10.925321429866425,54.402018425985766,1
2026-08-14 00:01:02.800,1.5222899649154777,14.643187245216726,8.316329887722208,16.839960673941597,5.80285176321476,57.361319199801805,0
2026-08-14 00:01:02.900,1.9376766073883793,15.682600352427045,6.998673115669988,17.173391604279765,5.2775108577920244,45.373530831052875,0
2026-08-14 00:01:03.000,0.8230141481140723,13.68273083243759,9.693941084811613,16.768709455075452,7.893084317204994,34.37751377752656,1
2026-08-14 00:01:03.100,2.1118201277842457,15.716422932003898,8.07331195179675,17.668738371729948,6.067391005040184,61.44852093755971,1
2026-08-14 00:01:03.200,1.4367968405684042,14.87416229302047,8.043851208081326,16.909886048606698,8.300145883333235,63.94090760606919,0
2026-08-14 00:01:03.300,1.329247572021032,14.513461362615955,7.393210619824984,16.288036222738427,7.391839911689988,53.02374573087252,0
2026-08-14 00:01:03.400,1.095158249895933,14.523850394456481,8.189685527362975,16.673727217321634,4.400013259719071,43.419492564387554,0
2026-08-14 00:01:03.500,0.8380573312536922,14.898937176093344,9.285097167094436,17.555379756062283,6.466406604315846,31.307394601644344,1
2026-08-14 00:01:03.600,1.8292682335847659,15.683316796272633,9.009263055893687,18.086825220102565,9.328259963927314,51.02968519908066,0
2026-08-14 00:01:03.700,1.5293271868753615,13.997055001838321,8.869081122732748,16.570399774480443,8.125754120715877,33.812595863384345,1
2026-08-14 00:01:03.800,0.9840156401035784,14.920437593919727,8.627650916626365,17.235307317631932,7.754172552824506,32.13214996834489,1
2026-08-14 00:01:03.900,0.9819684911745535,15.284415869942174,7.908698566714707,17.209325422703106,13.812152723538153,49.75122166381169,1
2026-08-14 00:01:04.000,1.3656861202839488,14.235183145863205,7.040402888607678,15.88104883281275,10.193112576156606,40.83476598574383,1
2026-08-14 00:01:04.100,2.1676086101157575,17.139222294523826,8.044703238215977,18.933309035983783,10.557323794464027,54.14371467397724,1
2026-08-14 00:01:04.200,1.396163459454558,14.497396335241207,8.021837917554588,16.568777386294432,7.502094776615225,48.08845276925751,0
2026-08-14 00:01:04.300,0.8987428187527575,14.689789624122803,9.054571474390768,17.256163646240637,8.660435571053824,42.72038520532868,0
2026-08-14 00:01:04.400,1.4017027743656223,14.389253310387538,8.468049110093878,16.696061408651456,6.706700031422922,29.54101903125241,1
2026-08-14 00:01:04.500,1.3909105721009318,17.174376069801895,9.515386811921104,19.634199234179786,10.332649296572384,39.76534249003571,1
2026-08-14 00:01:04.600,0.42124534282337134,15.937135933717,9.188529255101052,18.39623253934407,7.66880028770287,40.20636211938691,0
2026-08-14 00:01:04.700,1.478282053392875,14.45597342132762,7.870342768939481,16.459570555112563,8.66713324679167,35.29630791782046,1
2026-08-14 00:01:04.800,1.4076261879165288,16.507131708884973,6.8044367327191075,17.854572425685607,8.481833906465504,46.05146845709138,0
2026-08-14 00:01:04.900,1.7784825459253675,15.609933566767623,9.354001110640432,18.19800436137878,7.945499355783636,36.23297610590418,1
2026-08-14 00:01:05.000,2.239582437978138,15.67482301604399,9.338049935544088,18.245526936293654,16.81456420146731,48.035087032505416,1
2026-08-14 00:01:05.100,1.950626011819103,15.081427108633777,7.162573317709958,16.69586476240762,6.000142167515833,52.88493456402387,0
2026-08-14 00:01:05.200,1.3924445237780678,14.684823052882999,9.467935439765984,17.472430557482856,5.972865409523923,40.08596054732986,0
2026-08-14 00:01:05.300,1.057389636503332,15.780339861348317,8.571237993850243,17.957874230734564,10.08229024043527,55.104903553023014,1
2026-08-14 00:01:05.400,2.5293439212999442,14.905821254751867,8.399093489348997,17.10930386431421,6.2144930027744625,33.663705545027554,1
2026-08-14 00:01:05.500,1.5236873736057952,17.275998836776306,9.567372527718582,19.748284808874935,7.12578091595332,36.653871219244515,1
2026-08-14 00:01:05.600,1.5055717167651785,14.198286824411838,9.356294896377458,17.00387023404512,4.740767139933146,48.64139242850277,0
2026-08-14 00:01:05.700,1.4903499651559986,17.01206942496363,8.806612352861373,19.156380849559056,9.47467375820776,58.24449310266366,0
2026-08-14 00:01:05.800,1.579233904307142,15.372928525764625,8.669122077387044,17.64881324766363,9.512771733452455,60.4087944978712,0
2026-08-14 00:01:05.900,1.4422558352304231,15.791667831037273,8.78866469063399,18.072559307696686,7.054423820229666,69.34868746589072,0
2026-08-14 00:01:06.000,1.2705351972479055,16.334074586099344,7.980504144575926,18.179396001678658,10.144450065440218,45.48093350218988,1
2026-08-14 00:01:06.100,1.281256423503843,14.879002246919217,8.261469765368338,17.018712952157173,2.425624958799225,48.46998417586035,0
2026-08-14 00:01:06.200,1.4868986919136007,16.381834649076033,7.588698034950804,18.054164182684676,5.879439795456969,37.60789365178415,1
2026-08-14 00:01:06.300,1.282630091546494,12.818377131449962,8.049120771507548,15.136021190471213,7.490062441367208,34.95480401610772,1
2026-08-14 00:01:06.400,1.2148616869291342,14.814266176062942,8.027246322635781,16.849307578043444,4.483152509291141,52.7428650359303,0
2026-08-14 00:01:06.500,1.5425720910767586,14.618527624397556,7.817309963345841,16.57744506756999,2.7538608877438335,40.689542006645084,0
2026-08-14 00:01:06.600,1.3980091130316579,14.297419141820603,8.43995229463419,16.602680170761563,7.076312104884659,64.78855040020748,0
2026-08-14 00:01:06.700,2.1015971954330754,15.344305038567155,8.076371245427202,17.33999624021184,10.082060261182226,32.451371217591316,1
2026-08-14 00:01:06.800,0.4396120766427951,15.953344567281544,8.742344535741488,18.19169565664566,11.846325174279537,55.83623846989636,1
2026-08-14 00:01:06.900,1.9366027407689848,16.278589320052898,7.047701102297144,17.738730537393614,6.358136350383881,37.93112913419565,1
2026-08-14 00:01:07.000,1.9984340769990516,15.825140801207741,8.259874591118562,17.851067464974076,10.19964751286478,40.154618398734996,1
2026-08-14 00:01:07.100,0.6706439070367402,14.92690530156753,8.460800572018643,17.158019938251496,9.909626114227002,56.46934478302437,0
2026-08-14 00:01:07.200,1.3629249623678605,15.969949926739986,8.112056701479386,17.91214014545998,11.655824523003488,41.8894347667051,1
2026-08-14 00:01:07.300,1.3514236536016835,15.733553906219413,8.227646766973752,17.75496803269456,6.949426908937995,43.8105911897612,0
2026-08-14 00:01:07.400,0.9369953221128715,16.55365910175832,7.102364951709497,18.012973590290347,2.604498514445978,40.254099637381174,0
2026-08-14 00:01:07.500,1.1888733249636498,16.402874359207562,8.660744277501221,18.548929313688674,8.210557557268235,71.4203574993613,0
2026-08-14 00:01:07.600,1.0557696618136685,15.664748792650418,8.89864821329153,18.015834556321813,4.95861877709083,42.59016426703988,0
2026-08-14 00:01:07.700,2.200908177369449,14.745354095022272,8.780394096073133,17.161607962832214,5.829484672813978,50.61862660919316,1
2026-08-14 00:01:07.800,1.8742713572589844,14.997991667805191,9.22154674173611,17.606154559629932,7.096342567840453,47.57703679662711,0
2026-08-14 00:01:07.900,2.0086220379976636,15.10948718645298,8.55678961228061,17.364194525126127,6.983217105952571,52.657004740691136,1
2026-08-14 00:01:08.000,1.788668825617294,15.352344934628501,8.783511705647603,17.687412837242814,8.424677800687384,42.62315663640878,0
2026-08-14 00:01:08.100,1.0483792915131083,15.943996418588252,8.530440185364583,18.082572592196,10.109468949258853,47.5901931855002,1
2026-08-14 00:01:08.200,1.2901918934880905,16.3994551035803,8.96060900374534,18.687820670488787,6.8967932501721005,54.72742410792722,0
2026-08-14 00:01:08.300,1.6957498244911673,15.641496742890608,7.153785552637894,17.19979848983668,9.187092519824015,39.6439143439641,1
2026-08-14 00:01:08.400,1.011148876443222,15.717074946260198,7.705705320633427,17.504409140407976,8.044448029791516,63.07185627953785,0
2026-08-14 00:01:08.500,1.7851993720689552,15.852591185813472,9.695090654114555,18.582234260067608,10.806483187635337,64.2257662284996,1
2026-08-14 00:01:08.600,1.403869840736746,15.20171429013487,6.462223104283362,16.51824581511077,7.43422444668105,57.277911513904876,0
2026-08-14 00:01:08.700,1.350071676980161,14.800562068077996,8.323430251572296,16.980463146917344,7.763219972676333,50.8385166031578,0
2026-08-14 00:01:08.800,1.7843839872813967,13.978851150863985,9.378393396591273,16.833375840847793,6.876798656003279,14.11278262154557,1
2026-08-14 00:01:08.900,1.6777053245944158,15.047474412551566,8.37096572994365,17.219162391019058,7.513254380124514,55.09149359185355,0
2026-08-14 00:01:09.000,1.355613533672368,16.224103946349967,8.12656623868875,18.14559526975526,5.649535614962377,45.30403513725363,0
2026-08-14 00:01:09.100,1.9637319213456992,15.056381777496355,8.559113270773794,17.319152756750558,5.352208141569459,47.044707062989524,0
2026-08-14 00:01:09.200,1.0675746689600412,15.529820900563726,8.178080618791842,17.551533830723876,10.327296155848174,27.231472033726202,1
2026-08-14 00:01:09.300,1.7463742427777056,16.242393947855724,8.490257190471596,18.327570169493143,4.7503949504461955,55.92306183049031,0
2026-08-14 00:01:09.400,1.7372405031873535,16.304986879319816,7.923873600522185,18.12844091398496,7.0426457309062895,32.61702743807655,1
2026-08-14 00:01:09.500,1.376181424274404,14.71309925318485,9.362518799175115,17.43938209624917,11.04602835881299,51.42109455189673,1
2026-08-14 00:01:09.600,1.630453208896847,16.798026184258273,9.61919203353531,19.357234799037172,6.941897614989179,60.85588978291809,0
2026-08-14 00:01:09.700,0.9995545694458788,16.93665163961386,8.378868672465728,18.895915140369954,10.486221361056725,44.368061824189375,1
2026-08-14 00:01:09.800,1.8696108076827604,14.687786415493559,7.381390227074277,16.438247822426355,6.226862837819475,64.59262070274129,0
2026-08-14 00:01:09.900,1.4260391454228043,15.002134125524707,8.0765080608488,17.03801663273013,4.846509180949418,41.03611546151384,0
2026-08-14 00:01:10.000,1.290910791792384,17.025396400765796,8.35339250248939,18.96426346853088,3.2155224352975376,57.20519692077202,0
2026-08-14 00:01:10.100,1.9196036903347558,15.695786918818046,8.910015365566574,18.048437628104328,11.938172207817985,34.34257098249767,1
2026-08-14 00:01:10.200,1.2182625237828963,13.631197215075236,7.704174518979709,15.657708725582141,4.589386455096753,62.373565216166284,0
2026-08-14 00:01:10.300,0.9366154814545761,14.459628380248143,7.900256076074778,16.477102262304314,10.241559770375279,60.51188459095148,1
2026-08-14 00:01:10.400,0.8773483305904385,15.618274982262092,8.92912767474779,17.990548475616322,5.000158919619853,55.620295075564755,0
2026-08-14 00:01:10.500,1.7424039805382558,14.712936679603711,9.276714663564636,17.39333035066095,11.952151753819464,45.280590360634264,1
2026-08-14 00:01:10.600,0.9878282590014867,15.470890281705614,8.033313195268688,17.432227826696487,14.6203481738453,33.17599251886266,1
2026-08-14 00:01:10.700,2.201917672793746,15.925044988479378,7.469015621716683,17.589577943843338,2.9404098209289895,45.31231621736651,1
2026-08-14 00:01:10.800,0.6672282368465111,17.36323810128427,11.167884659380032,20.644701139205328,4.745730697523559,63.32368610897747,0
2026-08-14 00:01:10.900,2.178582547316015,15.618864303475494,9.17223432149294,18.112945773086004,10.319395591409673,51.559542458829384,1
2026-08-14 00:01:11.000,1.5844069868810473,16.990194741729784,8.336988755880592,18.925435236146665,9.539128770097445,31.363556845850603,1
2026-08-14 00:01:11.100,1.461314755251843,17.35474782664754,9.250817619191134,19.66633923103292,10.330765564280576,36.50326832696071,1
2026-08-14 00:01:11.200,1.28203236527642,17.368632056416587,8.461028128467168,19.31989587192163,6.278733348786872,65.03781681022735,0
2026-08-14 00:01:11.300,1.6596544457408284,16.227411702903822,9.259319776991102,18.68325167919435,13.962602483070103,55.85495302553463,1
2026-08-14 00:01:11.400,1.4849461190300606,13.98770268413302,8.698109657404176,16.47157970541775,8.354148400069324,35.19199855112087,1
2026-08-14 00:01:11.500,1.9413207528066085,16.4201514198296,8.648613451189501,18.55855294138603,4.34911226946944,28.810022045904876,1
2026-08-14 00:01:11.600,1.5456910594648159,17.01606116469302,8.489731271543057,19.016358079916092,7.240554499871165,42.4994943847992,0
2026-08-14 00:01:11.700,1.560120704584751,15.894928893897804,7.427692532829462,17.544782156080416,4.389299311313502,27.783695504120967,1
2026-08-14 00:01:11.800,1.3545551151144577,17.728914591862214,10.14107435258669,20.424392319729773,12.772824075662315,48.12998611991599,1
2026-08-14 00:01:11.900,1.477221750511573,16.852499005708165,7.842372130330229,18.587886468557283,6.019006211599651,79.41950446203565,0
2026-08-14 00:01:12.000,1.6231207075568237,16.569273543847235,7.5125812389681945,18.19284756828718,9.477450454233868,30.836527091609938,1
2026-08-14 00:01:12.100,0.8159326429373497,17.09571560035403,8.435313027283822,19.063525323414144,6.587980565053459,47.76769204152542,0
2026-08-14 00:01:12.200,0.9607258311577148,16.35103946286281,7.841424316152755,18.134068126651798,6.15383807071246,65.74311890397502,0
2026-08-14 00:01:12.300,1.7973056376090861,13.53319383466032,8.574232367985188,16.02076140720824,2.269237456156848,58.98905429960114,0
2026-08-14 00:01:12.400,1.5683461752511767,15.535200105039051,9.170814512755065,18.04012974263113,9.794523808971702,48.21511142241034,0
2026-08-14 00:01:12.500,1.4264066654589282,17.239841806211015,9.421846587801275,19.646458679040443,11.89754375788755,48.24381595798163,1
2026-08-14 00:01:12.600,1.5073735732261573,15.243417161318606,9.282389678147487,17.847255388181164,5.252097255904545,36.12908261090505,1
2026-08-14 00:01:12.700,1.6390326821446684,15.835870718633705,8.391100290493842,17.921645167294386,3.364312655003986,46.78813075993336,0
2026-08-14 00:01:12.800,1.2840961278762553,15.022841632421317,8.680280229923902,17.35030361644484,10.409948128213488,52.92128857088156,1
2026-08-14 00:01:12.900,1.1886781098390748,17.8599352639799,8.97191084198487,19.986807443663395,3.061275952681247,63.26136251928908,0
2026-08-14 00:01:13.000,1.5783381020390725,17.76583984864989,7.244378495585465,19.186090933673213,11.658598807844776,42.55789251782293,1
2026-08-14 00:01:13.100,1.1086508889539872,15.208813218544883,9.112077028307256,17.72957831665464,5.286814631136139,47.72197846323845,0
2026-08-14 00:01:13.200,1.6633011022857889,16.24831483652844,7.494770671616549,17.89355533277481,4.690121771526121,38.60943823091981,1
2026-08-14 00:01:13.300,0.8189665583048638,15.428857510829049,10.297888214281052,18.549828725982742,8.745387263393875,52.70390215448606,0
2026-08-14 00:01:13.400,1.9116622549302575,16.73263092007822,8.346999700914749,18.699019800904768,4.885582144965688,59.40535340370756,0
2026-08-14 00:01:13.500,1.6890389929652172,16.63570408074291,8.527712460344677,18.694077406183066,5.8786667561203725,57.55577616115874,0
2026-08-14 00:01:13.600,1.6024118937255503,16.946061297567592,8.064847756182312,18.7672790470893,9.06194579801302,35.957755094691734,1
2026-08-14 00:01:13.700,1.8930763935782056,16.474608896115956,8.18163824356029,18.394345398205157,1.0,51.762358513476975,0
2026-08-14 00:01:13.800,2.1661897777850307,19.08643137725028,10.509889957831678,21.78875052967047,12.927257737784966,41.87224966099774,1
2026-08-14 00:01:13.900,1.9057480260072521,15.131436128304815,9.44791168688797,17.838817072558438,8.130920397397214,62.132600187834,0
2026-08-14 00:01:14.000,0.7636503074673419,14.457091261332778,7.461254813343307,16.268921633843565,4.121101962789416,48.06424732671754,0
2026-08-14 00:01:14.100,0.9881692133057194,15.782939137521577,9.908987923482005,18.635697182730315,4.948263892139476,31.76583994110699,1
2026-08-14 00:01:14.200,1.2500725689217285,14.616375795116511,9.665212256519213,17.522978324121645,10.974939134782407,47.362367532707204,1
2026-08-14 00:01:14.300,1.5104364200843334,14.700236513124528,8.490649300047682,16.976103177060388,9.80315880522231,55.50167083038657,0
2026-08-14 00:01:14.400,1.7070636081876494,15.199718851386296,8.96597765697443,17.647101986064246,12.160341971855633,52.92807275771359,1
2026-08-14 00:01:14.500,1.2097024747386138,15.287179322606379,8.713665673285943,17.596187686749815,5.951771465587296,43.85844783617624,0
2026-08-14 00:01:14.600,1.5747067057908313,15.263084848541688,10.308685693852594,18.418218150201827,8.889751511452408,42.97671932154625,0
2026-08-14 00:01:14.700,1.197846827058671,16.744256623390903,8.098590452573623,18.59992734363462,9.279703735351033,38.149947221404204,1
2026-08-14 00:01:14.800,1.2553928788032207,15.728183334313897,8.857431925060121,18.05075763797364,10.08580250075671,45.26300455597632,1
2026-08-14 00:01:14.900,0.937335561260711,16.06319254298049,8.403108005917542,18.128385996331268,11.381843370296208,39.73185240169037,1
2026-08-14 00:01:15.000,1.1307067015556382,17.145274614807654,7.604192780489748,18.75591078726971,5.848208282466958,61.64103183412777,0
2026-08-14 00:01:15.100,0.9593261577534665,15.493054037979032,10.508936541700265,18.72090998485975,7.657489196718558,39.186351311220605,1
2026-08-14 00:01:15.200,1.1096506988090669,16.00316538650948,7.815373507846592,17.80958633587893,6.169550763259565,51.467413548346414,0
2026-08-14 00:01:15.300,1.9214567186431357,16.64180599376086,8.941730954590987,18.89190988752237,7.842164379930873,50.65164683991599,0
2026-08-14 00:01:15.400,1.1202404444672227,14.342812929501465,7.3780679529687445,16.12923338070656,10.095298346188926,61.34800937461894,1
2026-08-14 00:01:15.500,2.5529528259349563,13.907809943624846,8.456372840150783,16.27689832368655,3.037893499217893,63.07241946750045,1
2026-08-14 00:01:15.600,1.6973271603523556,16.647167503826893,9.11820516216427,18.980775834506588,11.328114708377857,58.35163931937594,1
2026-08-14 00:01:15.700,1.5739344494779495,16.801399178049813,8.125843754887859,18.663235278724397,4.582453627208751,54.23514011948156,0
2026-08-14 00:01:15.800,1.1566568879275145,18.381939754789066,9.260073252550518,20.58263019614588,7.077889040908306,37.4162462468713,1
2026-08-14 00:01:15.900,1.7801239517635965,16.48414921825721,8.580399731923773,18.583606620066174,11.731825774898374,37.17355894714091,1
2026-08-14 00:01:16.000,1.2697448695048905,17.154128782102234,9.728699448825374,19.720844993014964,8.984029153950216,39.85171016282061,1
2026-08-14 00:01:16.100,1.5488039258581445,16.14725114371191,9.895043003050908,18.93794063593854,9.018589844790979,59.023051995534985,0
2026-08-14 00:01:16.200,2.5240338153075177,16.64828573133671,8.341239297266966,18.621001337374427,4.458121864114668,50.87995913900763,1
2026-08-14 00:01:16.300,1.46157604011014,18.0266500739549,8.877022226837585,20.09382085379948,4.867742192528477,60.42388688882675,0
2026-08-14 00:01:16.400,1.9597093305142703,14.243735136533473,8.967400153973253,16.831466251078595,10.823769190006757,62.033632811840995,1
2026-08-14 00:01:16.500,1.218729429949645,16.78967893468453,9.321117042615471,19.203555442988314,6.232569363546831,41.28857719640902,0
2026-08-14 00:01:16.600,1.4860046038012154,18.519984129643962,8.84214403673537,20.52250772514507,6.515264380100453,50.384891930686244,0
2026-08-14 00:01:16.700,2.208320254254204,16.674766341229677,8.987808040686476,18.94276975288552,10.891853753164135,49.844075855796916,1
2026-08-14 00:01:16.800,1.249213176884893,18.051639807706927,8.64591492684835,20.015332739414763,4.850259363891418,46.06654772450942,0
2026-08-14 00:01:16.900,2.2249794231987714,15.780189417398377,8.937832833734308,18.135579224627783,8.807705398658774,43.58188574570346,1
2026-08-14 00:01:17.000,1.7831007741821903,16.38568879521785,9.888993928457044,19.138521317248834,8.128721978503075,64.21706604093268,0
2026-08-14 00:01:17.100,1.275013289642293,16.45959571422389,9.372509200070667,18.941019502157395,7.991942822410273,50.62366072058601,0
2026-08-14 00:01:17.200,1.7529630956222084,14.216814654930277,9.421647952128126,17.05535895448936,6.444693104367488,50.157737462717215,0
2026-08-14 00:01:17.300,1.889021779850692,15.274562628892589,9.444100533354137,17.958376830550748,6.260434455610015,40.36666790157685,0
2026-08-14 00:01:17.400,1.7487239848868785,15.354200099812546,8.747598085213092,17.6712176424124,4.764907508615404,58.102549164962056,0
2026-08-14 00:01:17.500,0.8719101120438174,17.281475979682803,9.130707575853789,19.545312299170547,9.44799507812392,37.93870998994382,1
2026-08-14 00:01:17.600,1.2091451296700526,17.339897729788074,8.012507831793815,19.101631737473813,5.995552425449792,55.45886634613618,0
2026-08-14 00:01:17.700,1.4009925457793981,16.800115789264293,9.900693732988222,19.50045196725244,10.906233863501754,55.78675232066195,1
2026-08-14 00:01:17.800,1.4702266283599814,17.308516965867206,6.664280095532325,18.54716659625996,7.326334875228041,45.04981940811717,0
2026-08-14 00:01:17.900,1.7482688390202712,16.32859937874347,8.825930561010807,18.561255559344204,4.824648531736886,53.81182497419816,0
2026-08-14 00:01:18.000,1.5710804003733014,17.70301518345853,9.813366890071611,20.241020633972905,7.286558353554738,52.22803470853385,0
2026-08-14 00:01:18.100,0.9658622565159595,16.5182066790048,7.814556594920164,18.27343554632048,6.767428402590577,49.52767250227821,0
2026-08-14 00:01:18.200,1.6520791404023853,16.57561700625323,9.230475709389363,18.972421062152776,11.027310235184158,50.15532776174279,1
2026-08-14 00:01:18.300,1.7442342981135293,16.260495048017802,8.371039451504906,18.288739724356706,6.892999432245404,50.74138187832226,0
2026-08-14 00:01:18.400,1.723916179172416,17.218872881370384,8.625610830089279,19.258523969841143,7.171368856399022,51.55894007206458,0
2026-08-14 00:01:18.500,1.9323122902218488,16.121558309574784,9.682407044224169,18.805681282502412,12.234640116477307,50.722904376124475,1
2026-08-14 00:01:18.600,1.8335688618195616,17.52752322583951,9.089100649892986,19.744007218805116,9.524801964390047,36.7536297174543,1
2026-08-14 00:01:18.700,1.6836720316913747,15.427277430379174,7.30817124834962,17.070742687683236,12.98811804801049,48.173468587932746,1
2026-08-14 00:01:18.800,1.4719337154165413,15.46884503882073,8.159516344344077,17.488935754032227,11.777135012191714,53.17938321436247,1
2026-08-14 00:01:18.900,0.8356156265936034,17.26352277112917,9.725926197512608,19.814713191685552,5.338512234911436,51.1674647424715,0
2026-08-14 00:01:19.000,1.6718472876530344,16.495886523873395,9.309812617628243,18.941670548920914,10.969852563200323,61.44500311274166,1
2026-08-14 00:01:19.100,1.5830750748652445,16.138874044757024,10.35416773456552,19.17477626748353,12.575909876223776,57.44103907399345,1
2026-08-14 00:01:19.200,1.6086315348781495,17.491157915839352,10.306778185228975,20.30197728784912,12.59843939697026,39.55508557936237,1
2026-08-14 00:01:19.300,0.9893005696718762,16.00217349173155,8.691864839373148,18.21038359962269,10.964287950730062,48.000474703347265,1
2026-08-14 00:01:19.400,1.067577383836695,16.417568373971008,10.97325202101842,19.74712159355884,10.902568984727527,46.26396015863374,1
2026-08-14 00:01:19.500,1.9212611413331615,18.02533230079628,8.995246346316602,20.145149822849465,7.092016868973351,49.947818160473794,0
2026-08-14 00:01:19.600,1.484177938457338,18.17358141898951,8.210528616380097,19.94221255911784,5.487853746951275,49.9642232019356,0
2026-08-14 00:01:19.700,1.7726002789490498,18.215172005902936,8.4787523846511,20.091832499920375,6.94334804330763,57.33826003087819,0
2026-08-14 00:01:19.800,1.5113273504521845,16.368982741152436,7.185285026620274,17.8765745290847,3.0056329957017116,52.127940357693724,0
2026-08-14 00:01:19.900,1.511902455798298,17.890146145524557,10.28128115092348,20.634002791813362,12.028385946265116,64.7665400625026,1
2026-08-14 00:01:20.000,1.8753135223903992,15.718825135225153,10.27647636903139,18.779974179829072,7.150121121746864,52.89203765194832,0
2026-08-14 00:01:20.100,1.2935821087130503,15.769209810725513,8.193261660217889,17.77069257759748,11.87399218719488,40.03291375595268,1
2026-08-14 00:01:20.200,1.5384483107763933,14.333991555276956,8.828361014035266,16.83458559338153,4.305501268335202,44.392632557981365,0
2026-08-14 00:01:20.300,1.315089884517983,18.36565033225359,9.092155313503097,20.49303297151178,11.247874763006632,57.2454688487811,1
2026-08-14 00:01:20.400,1.3262015090270738,15.837137003732725,8.25238766997159,17.858242095192335,6.515358025462041,30.629980825931774,1
2026-08-14 00:01:20.500,1.3763311506125442,16.58291899551548,7.621589320140596,18.25052947661271,4.146891775072477,33.84943502287946,1
2026-08-14 00:01:20.600,1.5888535086534852,15.807461955788003,8.862385695608243,18.122299349183223,12.881354156479272,50.12836648550277,1
2026-08-14 00:01:20.700,1.308500551334609,17.421286268500168,8.778809068534619,19.50817018356202,11.321935008022322,61.41106542225399,1
2026-08-14 00:01:20.800,2.0023024502294082,16.35882208190643,8.729944452783243,18.54246450869329,8.635377260557354,65.68442518345853,1
2026-08-14 00:01:20.900,1.1421570791121984,15.437973574644563,9.22384712912728,17.98361431839922,8.10181365540489,47.394731035738744,0
2026-08-14 00:01:21.000,1.4252513423354565,17.192787751717315,10.194290839339548,19.987884240025085,9.318530056457355,62.72994424383061,0
2026-08-14 00:01:21.100,1.32410757669033,15.325729885174768,8.813201770237617,17.679098448627364,8.583885733752233,50.867214917226775,0
2026-08-14 00:01:21.200,2.078791153741493,15.930388907123248,9.197031178440334,18.394637077947447,5.623172137485586,31.623020213081233,1
2026-08-14 00:01:21.300,1.57862191060463,14.6692402402664,9.647174031931437,17.557180184443723,6.763843190645234,49.903081562259565,0
2026-08-14 00:01:21.400,1.912737815787454,15.360505965148615,9.513992787617934,18.068237386867935,13.882153496116109,42.57310250454139,1
2026-08-14 00:01:21.500,0.9057758507852112,16.971327969520445,8.584140460321708,19.0187654828477,16.016470227884042,61.01877056573289,1
2026-08-14 00:01:21.600,1.6068201063477034,14.836597484150783,9.157781811843455,17.435297319519393,12.68800551569205,49.69189687574616,1
2026-08-14 00:01:21.700,1.855852318249375,15.328322520085734,9.523712802959714,18.04601276828281,9.43467182048787,34.66504272132235,1
2026-08-14 00:01:21.800,1.5329135957101696,16.815434051028383,8.188000710288094,18.70299917008401,6.986752901894195,32.003422269097285,1
2026-08-14 00:01:21.900,1.9261921500261405,16.282530793521882,10.106513822406168,19.164092221769213,5.605442318309102,49.74824051102659,0
2026-08-14 00:01:22.000,1.2930846199598511,18.826509048027987,10.245954571412495,21.434015676371246,5.803152768709392,20.957390342483535,1
2026-08-14 00:01:22.100,2.063738976074232,18.676703680546797,8.527460076357858,20.531362247177547,6.340197023939718,43.78201652206519,1
2026-08-14 00:01:22.200,2.4195592494477003,15.98321939422501,9.265621128864233,18.474713451298392,14.45349212427731,52.7723639089141,1
2026-08-14 00:01:22.300,1.3548645758241364,17.416614197833383,9.62950855299477,19.90140409841403,13.418846889147796,37.3158019513357,1
2026-08-14 00:01:22.400,1.3217989914396913,17.6170938587631,8.684195456067187,19.641212965284158,10.238835169806181,61.927845882863956,1
2026-08-14 00:01:22.500,2.0813537908470803,16.278667166312985,9.510978691152909,18.853480325265178,5.118160470761522,64.2920785970083,1
2026-08-14 00:01:22.600,2.131828858292285,15.388939210292927,9.26129294910841,17.960818386345768,10.67916778013311,37.79958856697658,1
2026-08-14 00:01:22.700,1.2908559891386926,16.880517019936814,7.961354739435883,18.663735535725817,7.284148914468185,46.42346990964216,0
2026-08-14 00:01:22.800,1.331925273161657,16.728304516884506,9.508019167802017,19.24158518690467,1.5409716840676353,61.936317815857656,0
2026-08-14 00:01:22.900,1.3872861564557972,16.473720417181738,8.265577015474587,18.431039791129862,8.861301912203778,49.984309588938935,0
2026-08-14 00:01:23.000,0.9622197955862891,17.360136504770587,9.9020540632933,19.98562018393854,5.474260877497834,33.26625706281176,1
2026-08-14 00:01:23.100,1.1325392214063208,16.175424752054244,8.618723755328796,18.328305024743504,5.575839712729889,48.28014717722776,0
2026-08-14 00:01:23.200,1.0983436932991728,15.78249153393444,9.031665101979236,18.184004331637787,7.248776019295978,39.764860132449925,1
2026-08-14 00:01:23.300,1.1928809739583486,17.05190677431716,10.263517413137656,19.90244493346944,6.505031081172762,63.29837475711062,0
2026-08-14 00:01:23.400,1.4861260450452876,17.337128618989944,9.567800433075718,19.801990654440882,7.897229542687976,57.271185131895066,0
2026-08-14 00:01:23.500,1.5936858930146083,15.782848304974758,8.31211681366525,17.837869450746105,7.753008349948384,46.234916656812466,0
2026-08-14 00:01:23.600,2.120200197125631,17.895918582319634,8.368763526157867,19.756014397184554,2.3725727214571055,51.705776150360485,1
2026-08-14 00:01:23.700,1.1006583837044837,15.205681556006217,8.706255385370397,17.521747470442516,12.560833966648499,34.302541076330165,1
2026-08-14 00:01:23.800,1.8937289593906335,16.406383957520397,9.506413716426957,18.961575259177526,5.049869831153961,40.95467049730866,0
2026-08-14 00:01:23.900,1.4144044623097964,16.734823602492174,9.482339135160084,19.234580226267422,5.14280484460858,68.63935025230992,0
2026-08-14 00:01:24.000,1.4802145161390268,16.364943148491594,8.52621827295582,18.452852416129268,7.014340244629108,50.642175830956006,0
2026-08-14 00:01:24.100,1.7699277968666416,16.444441110046075,8.271933361666871,18.407730032832152,7.674995457892117,61.16102965749638,0
2026-08-14 00:01:24.200,1.0509111913750806,18.888910788359123,9.435968507699272,21.114650185330614,12.376939450495517,52.78415706089634,1
2026-08-14 00:01:24.300,1.6529638984736201,16.17528693946585,9.07021456447072,18.5447755397468,8.808270356164703,65.77138211635429,0
2026-08-14 00:01:24.400,1.5665808832852224,19.475727473430403,10.946476160533287,22.341201869023415,9.699396452328603,26.013949608809362,1
2026-08-14 00:01:24.500,1.6969805056032596,17.479967253143286,9.254987209297806,19.778878719867507,8.823608562749845,47.74138899177192,0
2026-08-14 00:01:24.600,1.6156674575631271,17.143230333177968,10.682107379679808,20.198954535505123,8.694384747496319,69.73737975459667,0
2026-08-14 00:01:24.700,2.4821200559643577,17.535750271707386,8.29939907250836,19.400581500471535,8.929188509261026,61.47408122672773,1
2026-08-14 00:01:24.800,1.2449040062994736,19.597772390025415,7.982136432814711,21.1609826020275,2.2017975722931844,65.9044671054823,0
2026-08-14 00:01:24.900,1.2876012179992729,16.082586359295757,8.349639511915894,18.120873709155223,7.250244545481414,49.91882487612211,0
2026-08-14 00:01:25.000,1.2507437894300941,15.964096166744557,10.202012276571342,18.945538285105037,11.486783331713472,43.5547230150394,1
2026-08-14 00:01:25.100,1.277809152335898,16.33798261156277,10.66059055663564,19.508405030446653,19.826993032420056,37.67402648374486,1
2026-08-14 00:01:25.200,1.2450451490773928,17.13332667755299,8.634966555190953,19.18628495694295,4.38707320238147,36.836862900061874,1
2026-08-14 00:01:25.300,1.9756066124430207,15.383747128229599,8.89725812801766,17.771349917828097,9.269239880973059,59.68472674650223,0
2026-08-14 00:01:25.400,2.068201699195942,17.140192214814522,8.33552705712755,19.059569787403227,6.286860266376975,56.158532605050226,1
2026-08-14 00:01:25.500,1.2717014825002095,18.81973483136333,7.826400741075085,20.382221853437148,14.142955711690549,49.20111860803568,1
2026-08-14 00:01:25.600,1.1670577707583085,17.285929811028176,9.855442810463344,19.898068308810938,3.9386517176255555,56.09828785822017,0
2026-08-14 00:01:25.700,1.6885662225545617,16.850171683881864,9.464130528084015,19.32609770307772,9.87481847094764,51.70942110862473,0
2026-08-14 00:01:25.800,1.2791107822876115,16.533031416627257,9.299105505325631,18.968776740274038,3.77836670148743,61.546612416793806,0
2026-08-14 00:01:25.900,1.7531727271022044,18.05803829231619,8.175670722928071,19.82257144611922,7.044299995817502,61.43224105889804,0
2026-08-14 00:01:26.000,1.58116920834052,16.342028536980322,10.612682131593951,19.485659309598244,7.897060007750573,37.209510794181895,1
2026-08-14 00:01:26.100,0.8937023540011072,19.02259195327136,8.903032229163689,21.002928069538104,11.209075045218825,53.28375184963748,1
2026-08-14 00:01:26.200,2.1190020805320247,19.11789050284021,9.737619592928693,21.454952169957796,4.768499521524417,29.973598997671015,1
2026-08-14 00:01:26.300,2.2183510692382087,17.449616276241382,8.152070162351977,19.259941747574874,9.990149146542157,51.596248857087154,1
2026-08-14 00:01:26.400,1.2548845238062456,17.189685111956692,9.168299968323973,19.48186332354775,8.05633317016384,57.251651356419025,0
2026-08-14 00:01:26.500,1.3449193760256064,18.24019473072864,9.558820518483117,20.593099657882362,8.81838015885794,34.23536786248207,1
2026-08-14 00:01:26.600,1.614346156289962,18.312668147168147,9.59238196140714,20.67287126554596,10.874998144055423,45.002447174470014,1
2026-08-14 00:01:26.700,1.63378271599481,16.42021263633515,9.45944145502604,18.95005054514435,4.152329920984137,50.11431652663763,0
2026-08-14 00:01:26.800,1.7634177090691323,16.707983956711605,9.736341447548003,19.33786629080296,10.431784919445777,52.80697899648067,1
2026-08-14 00:01:26.900,2.3040818155065397,15.920526377618755,8.441307922554861,18.019956703162247,6.293285440731726,46.65675556130198,1
2026-08-14 00:01:27.000,1.4292211090023803,17.66027347308985,9.508623205205204,20.057396999682883,11.287620364930477,35.932542171143936,1
2026-08-14 00:01:27.100,1.1806811021846184,17.926171140666426,9.446732101109943,20.26298001663632,9.00367290361364,49.3519135769689,0
2026-08-14 00:01:27.200,0.9482723087941891,15.917952341802003,9.546064935154014,18.560941853851514,7.371414855448833,30.173077196708263,1
2026-08-14 00:01:27.300,1.2076279840232322,16.821013797300857,9.423603795125556,19.280840584800515,6.229922092727536,47.20830275981426,0
2026-08-14 00:01:27.400,1.4867492108504812,15.93729350698941,8.352158235611741,17.993217375461896,10.469884983065992,44.703516635636845,1
2026-08-14 00:01:27.500,2.217823145407115,16.394082336780667,8.321489486527524,18.385133204291233,11.782855056442783,48.38881191872695,1
2026-08-14 00:01:27.600,1.2929554803855314,17.852233929704546,7.609315572979307,19.40628608905062,6.401445377419446,43.2881362702918,0
2026-08-14 00:01:27.700,1.5895151806555594,16.576069525253708,10.03975856303543,19.379443565543568,4.600980302655809,31.907829942125595,1
2026-08-14 00:01:27.800,1.4934308415708992,17.017060358353433,10.052857796419596,19.764622260870002,10.082633128835678,45.60388015292585,1
2026-08-14 00:01:27.900,1.9753573093792336,15.698909308892155,10.07057285508138,18.651332153986285,3.6544071738988997,61.16984150044783,0
2026-08-14 00:01:28.000,2.510772970349449,17.521545969017883,9.64616542554509,20.001326970013473,4.083462687251085,65.13752964786565,1
2026-08-14 00:01:28.100,1.2876524908318716,17.298617161902307,7.6992389148736855,18.93463587139627,4.811899173416302,79.2720113446312,0
2026-08-14 00:01:28.200,1.304224222992711,16.622265954167535,8.589366729092209,18.71034329609998,6.753648550883751,70.29980490077196,0
2026-08-14 00:01:28.300,1.9176643508276288,17.17054562897197,9.552068290067156,19.648655063762376,3.991004332353665,35.63674487998275,1
2026-08-14 00:01:28.400,1.7727565958505247,17.54818952961163,9.529151191698347,19.968567254598344,2.1836002718552665,45.09874878472809,0
2026-08-14 00:01:28.500,2.2386829302944133,16.561361222652582,9.247539052415538,18.96828047222866,4.59366741698863,49.726572381946674,1
2026-08-14 00:01:28.600,1.7335712741303855,15.90830155001389,9.725872218735999,18.64582121069906,9.927423339717857,48.973281989195605,0
2026-08-14 00:01:28.700,1.3562831636851762,19.198473249156226,9.445060656029844,21.396040425617308,4.185367783619698,50.83439995875471,0
2026-08-14 00:01:28.800,1.7362619322769237,16.76796083421288,9.537356495794981,19.29055933521835,6.97919096613749,78.89109705857071,0
2026-08-14 00:01:28.900,1.943481432233163,17.31280815819001,8.934488690560526,19.482258967687613,13.840095387096685,37.01538145049123,1
2026-08-14 00:01:29.000,1.8281928724789456,18.42874271885095,10.236350579195657,21.080830898657698,7.852477609918728,41.437626365428414,0
2026-08-14 00:01:29.100,1.702909612442919,20.955292893854864,9.111125336826321,22.85031520943645,9.02759296918878,69.72591116106912,0
2026-08-14 00:01:29.200,1.9266698758356615,16.190085978849257,8.396224190826374,18.237748344166537,5.1618799452453406,42.608223882981775,0
2026-08-14 00:01:29.300,1.967718236178269,17.892734364918375,8.848945080460135,19.961306873311944,14.490424561100426,54.72296780402859,1
2026-08-14 00:01:29.400,2.052863596415011,16.7436895883515,9.19197217109778,19.10087677111463,6.376116532584714,62.415888438418506,1
2026-08-14 00:01:29.500,1.759483955035857,16.92078629152264,10.270948188354687,19.794074502518345,7.31568594664545,55.83798820078436,0
2026-08-14 00:01:29.600,1.4331527678732583,16.7476992975463,9.44693239238402,19.228363512980177,11.951176033902094,52.301187597229905,1
2026-08-14 00:01:29.700,1.5586854745733292,16.35059107320625,9.336829049431582,18.828653832431073,7.454797265439144,61.263329236327806,0
2026-08-14 00:01:29.800,1.9826035866033427,17.443289401675916,8.491817718266244,19.400497759358647,8.143666348025645,39.28317732194036,1
2026-08-14 00:01:29.900,1.1732257316051056,16.01841279886608,10.124135363412252,18.94960858307029,7.154935037632611,44.04364244604798,0
2026-08-14 00:01:30.000,1.6474693235491604,18.44805777487993,8.979188401802128,20.517228370819623,7.175502865828318,56.42765106158196,0
2026-08-14 00:01:30.100,1.3426644750690557,17.564587866855177,9.425728671340012,19.93386836312002,9.111506032484275,25.16672888942899,1
2026-08-14 00:01:30.200,1.511497929173927,17.940354626176983,10.69489825347082,20.886291503402013,9.658829567594317,66.99900588013631,0
2026-08-14 00:01:30.300,2.0113807450429197,17.060065763783065,9.922763290277016,19.735933602935336,6.070254706362299,53.64070850237337,1
2026-08-14 00:01:30.400,1.5764396272079613,17.167385163971282,8.21815022073768,19.033052997844358,5.701758631559211,51.836381033373804,0
2026-08-14 00:01:30.500,1.5185746192624596,17.8304877258041,8.110146103300087,19.58828125071019,6.172591733427311,30.43384546830731,1
2026-08-14 00:01:30.600,0.9560575436080323,16.38720791068469,9.479306765758912,18.9313982544177,3.7962379574006953,34.56069049520315,1
2026-08-14 00:01:30.700,1.7985014264108883,17.201602831130923,8.56556346742671,19.216243583866397,3.228709224442108,45.21699602838966,0
2026-08-14 00:01:30.800,1.7581936724564302,16.708314474119543,10.059594190905198,19.50290254940957,8.891501441674723,59.68915820354719,0
2026-08-14 00:01:30.900,2.365301889322184,16.685693899860727,9.57956807824303,19.240075506232877,10.815787409525335,25.080607853616975,1
2026-08-14 00:01:31.000,1.3768887060187998,15.47475919227984,9.68306627496238,18.254586945323176,10.613135879435653,59.460377609328276,1
2026-08-14 00:01:31.100,1.5876601310655756,18.932258744839224,8.990364747901655,20.95846080898724,1.0,45.6796241106996,0
2026-08-14 00:01:31.200,1.5997534734843022,16.9147281246592,10.953867050917147,20.15180465616678,7.264804738870218,47.31891832710018,0
2026-08-14 00:01:31.300,2.1309813119053898,18.77297765543026,11.839835942568396,22.194738232252668,4.693724133222323,53.04311530028968,1
2026-08-14 00:01:31.400,1.4618817870452192,18.686728644114744,9.3478940146269,20.894423895563044,8.43121231346257,53.231806854156936,0
2026-08-14 00:01:31.500,1.6116086103081357,16.3402713386577,9.858194025836518,19.08372230127019,6.746529443571856,41.450856920760835,0
2026-08-14 00:01:31.600,1.7431586038866156,16.54619453195509,9.658697335028211,19.1589923456058,9.775735718733765,57.49892106162611,0
2026-08-14 00:01:31.700,1.5746436492625433,20.203443449437362,9.378014803296153,22.27389253959566,7.942540728795976,22.16722232124274,1
2026-08-14 00:01:31.800,1.3214265541797887,19.402201154462567,8.925108753335016,21.356567512057875,2.3119943152463325,44.594973361188146,0
2026-08-14 00:01:31.900,1.577635997159323,17.628091421661058,8.727791571009119,19.670382631698295,5.098742381601378,51.84418115812285,0
2026-08-14 00:01:32.000,1.9294526999439088,17.925317763860257,8.692288982045326,19.921669224308253,8.017355344479961,45.860608217426304,0
2026-08-14 00:01:32.100,1.0893938802355758,17.04543297694946,9.929959648377306,19.726907613462323,8.270331287693258,28.07707635240822,1
2026-08-14 00:01:32.200,1.5531878696587504,18.116966816550732,9.195028878847326,20.316816746597798,3.7829695768879947,59.09632854512565,0
2026-08-14 00:01:32.300,1.2199516740243306,16.97576692408166,7.553135014770055,18.580272097364194,3.3906208893616343,35.01934625447537,1
2026-08-14 00:01:32.400,1.978018651569937,15.668929782959491,9.976656704833385,18.57549567439351,8.168736012719537,49.189831909660526,0
2026-08-14 00:01:32.500,0.8907252380864901,16.388062483200567,9.595161935855646,18.99041138386894,3.788998081848418,51.83641516481148,0
2026-08-14 00:01:32.600,1.2764312610913646,17.739045740015946,10.708110196420135,20.720457710800087,2.994111720497643,50.23792584518441,0
2026-08-14 00:01:32.700,1.6508847500258084,16.595220479116517,9.93427054644427,19.341434125742545,6.664578462105975,64.02813111036579,0
2026-08-14 00:01:32.800,2.1262096116937363,17.66734497215931,8.457834585195469,19.58749714067143,6.534661725984048,49.36084928007576,1
2026-08-14 00:01:32.900,1.473699895570805,16.66829612009372,7.862032983131968,18.429423707077397,5.364798567982096,55.129464856363285,0
2026-08-14 00:01:33.000,1.2779201893227206,16.968937959478335,9.075197221717847,19.243286104137727,5.888789129825112,49.32915160218511,0
2026-08-14 00:01:33.100,2.252462827776236,18.612791910847264,9.155690026105521,20.742774225513553,8.041507169667184,57.35547300999529,1
2026-08-14 00:01:33.200,0.9207944398335024,18.01544187452792,10.415304156932823,20.809485976734653,5.8395112889605425,66.72194356457028,0
2026-08-14 00:01:33.300,0.6204776173519672,17.76663162802821,9.658680883773277,20.22234694145612,8.212091064994517,51.65050195366633,0
2026-08-14 00:01:33.400,1.676005780021333,18.66359474486595,10.577729261555987,21.45269505519914,6.858594391647997,59.38220429099599,0
2026-08-14 00:01:33.500,1.2991783102589556,18.273574087596387,8.615912851987318,20.20290732067824,8.502950466159968,67.46394721858637,0
2026-08-14 00:01:33.600,1.0915068731477147,19.247863507954154,10.45299163752603,21.903088453344253,10.634616696309935,66.28621096369126,1
2026-08-14 00:01:33.700,1.7833425789197412,17.349775676841382,10.262572286238651,20.1577554793928,10.517743536171785,45.376527156665475,1
2026-08-14 00:01:33.800,1.5975202855084796,17.388334683082757,8.076194507821203,19.172352510296175,11.86463141319825,62.43718826894201,1
2026-08-14 00:01:33.900,1.2743685477053086,16.525195117672663,10.753876903447024,19.716184776260437,10.514440690691481,52.985253920566315,1
2026-08-14 00:01:34.000,0.9878782405316422,17.405658389145334,9.775550257323733,19.96292380371892,8.715672594625413,63.40675997280697,0
2026-08-14 00:01:34.100,1.8489829313120578,18.80774372327394,10.019419900477702,21.310091485079056,6.6997050870795665,56.8236150027554,0
2026-08-14 00:01:34.200,1.7600804711834643,19.15129592368737,9.018868240912404,21.16865890659073,6.836717231551328,53.308016912434255,0
2026-08-14 00:01:34.300,1.460329654488247,18.819948441965646,10.735983574664965,21.666836471292275,5.366668080692569,55.20766496415625,0
2026-08-14 00:01:34.400,2.2386547984190663,16.073786129783283,8.772104934408537,18.311647264140056,8.013587873154673,53.06285547246718,1
2026-08-14 00:01:34.500,1.071966093469539,18.9594579314472,10.391461245971035,21.620441990876,10.092162436135805,53.53199654163812,1
2026-08-14 00:01:34.600,0.8897899316301044,16.046128817968135,10.38727444547106,19.114751383378326,5.822997191350938,48.09401167301709,0
2026-08-14 00:01:34.700,1.2232367720475021,18.791099487816293,8.956455355678592,20.816424104520774,7.888346424008678,46.97930791270979,0
2026-08-14 00:01:34.800,1.481765593457801,17.533532359576636,11.327489011226675,20.874308714392967,5.967913313834692,71.15809915247203,0
2026-08-14 00:01:34.900,1.5973357797290768,18.612184922535288,9.931013749334877,21.09593471928012,8.628062990562844,55.730334933334206,0
2026-08-14 00:01:35.000,1.403505576857468,16.58553798316061,10.273905886849926,19.509823483638,6.351849848150149,43.120340933223204,0
2026-08-14 00:01:35.100,1.6408221586057188,19.097488686215065,8.534095995836747,20.917573200213003,5.781468286117843,46.670990822844274,0
2026-08-14 00:01:35.200,0.9993842303238224,16.46968102985777,11.454977467984447,20.061577754934635,5.960099915203924,62.67510144137542,0
2026-08-14 00:01:35.300,2.077505841629304,17.274535587563225,8.786148746869769,19.38055699839686,9.5099863215367,41.165759478936565,1
2026-08-14 00:01:35.400,1.4671395286429725,16.95323059310111,10.590704278734831,19.98937329338946,7.709751784008935,32.215667818267875,1
2026-08-14 00:01:35.500,1.946918332635251,16.205375090501384,8.979978591648978,18.527120589296025,6.714734809999893,33.09861031277546,1
2026-08-14 00:01:35.600,1.6370901385510817,18.062522233366096,9.285605757188433,20.309534305561403,8.784213507641631,29.252292797542545,1
2026-08-14 00:01:35.700,1.6827012876615135,19.782418506068332,10.416800868047181,22.357410902736106,6.756451347597048,34.4142217008265,1
2026-08-14 00:01:35.800,1.7279069120928816,20.65156933300512,10.612840637351194,23.218951361112982,11.37955368105711,35.829608722390276,1
2026-08-14 00:01:35.900,1.679083424006926,18.090154620225103,8.778771900592032,20.10772314973219,5.078401538920231,66.62284855529767,0
2026-08-14 00:01:36.000,1.7570891039470176,19.118014830660123,10.673177868601153,21.895552445191644,7.439085461548155,49.44584944808878,0
2026-08-14 00:01:36.100,2.0316610120529726,18.241762915974878,10.64178536293436,21.11893723636207,3.7857043349989974,45.64083753035939,1
2026-08-14 00:01:36.200,1.578608467880588,18.51688619526829,9.060439073224137,20.614718784599614,6.959376824329718,32.679043243777116,1
2026-08-14 00:01:36.300,1.7836015030354049,17.684189071826587,11.094720708645184,20.876383085461697,2.9610935068801103,48.28248323034392,0
2026-08-14 00:01:36.400,1.4641057222851093,18.229749370830167,8.65531736464611,20.1801457082457,10.238949567677379,29.15206324922969,1
2026-08-14 00:01:36.500,2.076046886179789,18.58048587246774,9.325986234494694,20.789624203023916,10.299511301016736,45.56699394456362,1
2026-08-14 00:01:36.600,1.229443079176292,17.47288216143872,10.214007233462622,20.239257762891164,10.352510521173429,74.7739326781241,1
2026-08-14 00:01:36.700,2.2203761731643263,17.982182312875807,9.15295293989919,20.17759718731427,8.086617440523403,57.96564294447638,1
2026-08-14 00:01:36.800,1.4839368197422627,18.009581216225047,10.051862069676996,20.624862342610122,5.3603887858697234,47.48242207574563,0
2026-08-14 00:01:36.900,0.9276899591527807,18.902749375006803,10.038668497648404,21.4030091141409,5.598978103892151,58.377483264876275,0
2026-08-14 00:01:37.000,1.5512417659643156,17.018648608502343,9.701149052139838,19.58945362667148,12.590516165661564,43.74148186246918,1
2026-08-14 00:01:37.100,1.2275793370100476,18.04147329397611,10.521729732422706,20.88543883138205,12.30703131139939,40.391867085449746,1
2026-08-14 00:01:37.200,1.8362574195954897,20.013355694090205,9.678121500896392,22.230619467848523,8.367665470852314,70.44955555439411,0
2026-08-14 00:01:37.300,1.2389504082790437,19.273745100077182,10.051043823545793,21.737081959766062,6.453097897759019,36.292704152956716,1
2026-08-14 00:01:37.400,1.3215266267140882,19.467198718833696,10.787989303957316,22.25651678005473,12.105870268095533,45.75054517187179,1
2026-08-14 00:01:37.500,0.7441837076217875,18.150786232576767,10.50836160345991,20.973237815124513,5.91649051584557,53.67239938836212,0
2026-08-14 00:01:37.600,1.3190774723003693,18.4556866785385,10.509627301562853,21.238282340955415,8.686547624287723,38.76518953091062,1
2026-08-14 00:01:37.700,0.5304482693484173,19.145260004009142,8.966470620610306,21.140921834474952,12.055871916195375,57.80725944357692,1
2026-08-14 00:01:37.800,0.8664388706057107,19.71161408929089,10.310649196257035,22.2453864172643,5.490984501006117,46.32086570429297,0
2026-08-14 00:01:37.900,1.804165862457719,16.208090369330815,9.193016936552619,18.63367257993275,10.487670756911337,57.96692393080228,1
2026-08-14 00:01:38.000,1.814320063460333,16.852586697617596,8.875684818978046,19.046980322522383,9.56168238753161,57.03181015700622,0
2026-08-14 00:01:38.100,1.670183024713986,19.485806828523835,9.848452559244738,21.833201450319656,7.8814503733053165,47.08385443249004,0
2026-08-14 00:01:38.200,1.1132095427483149,17.90780809380612,9.187382320423685,20.1270361610005,5.019699202600653,70.52790407109183,0
2026-08-14 00:01:38.300,1.480915457543208,17.521311382770595,10.548313478289185,20.45148576041026,5.826680719690172,42.015970358798704,0
2026-08-14 00:01:38.400,1.4985589843637726,16.947205907486808,10.572448504445708,19.974595251216282,8.868353218551976,66.18644564658484,0
2026-08-14 00:01:38.500,1.036654124322983,17.654684915392046,8.403719981016541,19.552759625718007,3.72998961535584,64.09919891153649,0
2026-08-14 00:01:38.600,2.10135932070686,16.815667055966074,9.268179771972427,19.20067224923913,8.39223157705475,71.25058649192528,1
2026-08-14 00:01:38.700,1.8509449162302687,20.317465334576116,8.767993299571785,22.128648944818973,9.62315295218499,52.08867247211625,0
2026-08-14 00:01:38.800,1.4116143304681343,18.21226973231681,9.570720049304118,20.57390218370873,10.955660518427301,40.53697145686412,1
2026-08-14 00:01:38.900,1.5107543355978124,18.185089964988407,10.309964839945733,20.904374471283262,3.8049287766193327,74.92155902395456,0
2026-08-14 00:01:39.000,1.583353123179021,18.839451904372698,9.75699465898021,21.21612341669751,11.94874189148382,45.98358238428363,1
2026-08-14 00:01:39.100,0.6833060526302837,19.222055120925177,9.484018578461457,21.43441185263752,13.086090482539806,40.23748912753357,1
2026-08-14 00:01:39.200,1.4011290469917612,19.21393283066699,11.000968025917924,22.14038193728038,9.230454703140783,47.72255904914225,0
2026-08-14 00:01:39.300,1.2272063008008804,19.350001340473664,8.121941899862627,20.985435237351567,4.885854255726018,38.21971140611507,1
2026-08-14 00:01:39.400,1.0993519960420337,17.65386856822898,10.960325986226483,20.779504834058358,7.015672134919277,56.31378590148015,0
2026-08-14 00:01:39.500,1.387559882845618,17.995182036516717,9.540398670359759,20.36776333613429,7.857208264644479,42.73197941889785,0
2026-08-14 00:01:39.600,2.219074610739809,19.070415219369597,9.91834293026616,21.49544749758712,8.811390526191671,46.550189961141534,1
2026-08-14 00:01:39.700,1.756337144506804,17.782329224741442,9.56394030165255,20.191091767179593,8.065944657930807,61.61334633997954,0
2026-08-14 00:01:39.800,1.2715284040868813,18.31294637680758,11.22514228973218,21.479474491350196,8.84349542868385,57.4843185221143,0
2026-08-14 00:01:39.900,1.7290331125424634,18.725151495713362,9.011049841328921,20.780527370120573,7.727759727982631,50.1870148708359,0
2026-08-14 00:01:40.000,2.059742174634401,19.119907536052665,10.010222568022924,21.581830785374972,8.79532128353673,52.05048234496378,1
2026-08-14 00:01:40.100,1.8698534731651075,16.565376213825832,10.427785227205618,19.57422779703747,6.618429736516059,50.147065167578496,0
2026-08-14 00:01:40.200,1.5238521479680696,19.06613754853872,8.72203292488173,20.96643649651793,6.985439849052595,44.82613920299163,0
2026-08-14 00:01:40.300,1.2412252889177704,18.126002563251795,9.279917436305187,20.36341907803431,6.271924488569997,49.96968006982655,0
2026-08-14 00:01:40.400,1.779289325445436,19.07551905442164,9.902293979335772,21.492576701009877,13.751778603512214,55.89009950591532,1
2026-08-14 00:01:40.500,1.6573941541686998,19.15332775836583,9.316505611859101,21.29899624478086,12.391702358522968,48.486054452253924,1
2026-08-14 00:01:40.600,1.858077288011093,19.9926458495839,9.378365056103526,22.083016532902114,9.665882570040846,55.03721156276329,0
2026-08-14 00:01:40.700,1.7540687206727879,19.74651915853969,9.755949176089944,22.025066701488672,11.975926991803217,39.959974658923436,1
2026-08-14 00:01:40.800,1.919821086127734,19.747971895982523,10.560505205340277,22.394344469006782,10.395384016933647,42.75327618625154,1
2026-08-14 00:01:40.900,1.2859059153757728,19.853405274992205,9.771666751993067,22.12788223317123,8.543813478542166,41.1881539607123,0
2026-08-14 00:01:41.000,2.02695762625373,18.70944866309566,10.913582762546184,21.659865142515482,3.483285976940949,43.21842353849112,1
2026-08-14 00:01:41.100,1.5790398418769598,18.458589487770293,9.25763641431259,20.65002077136075,7.21350823962458,65.44617256047309,0
2026-08-14 00:01:41.200,2.330104349050106,19.307556206365533,9.059305665533556,21.327277036779275,6.994886323944945,58.71246551732432,1
2026-08-14 00:01:41.300,1.224324872764173,19.17515479707396,11.606920631961472,22.414441060361096,4.60077448072353,37.076922575787854,1
2026-08-14 00:01:41.400,2.1943855212660996,18.14234233135642,9.544478638724401,20.499796529555933,3.5415131761801515,55.24997955690146,1
2026-08-14 00:01:41.500,1.579164313385059,18.864566699356693,9.027116368671328,20.913170651242993,9.478158039701075,45.31301224821716,0
2026-08-14 00:01:41.600,1.2394327985542206,18.432981546217572,8.687203654383836,20.377495332251645,8.97351296711244,41.81138497434121,0
2026-08-14 00:01:41.700,1.3064456663782713,17.622479826995853,10.945930404320697,20.745244941169243,4.497809059797164,32.171126411329915,1
2026-08-14 00:01:41.800,1.3718610767222719,19.775208199286,9.817804863017743,22.078228000756834,5.762364480691431,61.66302432584293,0
2026-08-14 00:01:41.900,1.6696663785607666,18.548281422893485,9.892881520164917,21.021604327807047,11.48366681946249,33.63364220399434,1
2026-08-14 00:01:42.000,1.7091341952141998,20.550125160515986,9.97348877242097,22.842463142281293,5.3669104594503185,49.37644186388151,0
2026-08-14 00:01:42.100,1.2705199984245683,16.88425935507105,10.916205282898352,20.105764142346892,8.512396711801408,38.64426505130157,1
2026-08-14 00:01:42.200,1.4902581630956069,17.961307574881253,9.967227941454038,20.541523863540135,7.430665101296057,59.3101273648391,0
2026-08-14 00:01:42.300,2.3569081434447456,18.559059906869233,11.99109566517312,22.095815890753947,9.519090413186188,45.987778084232595,1
2026-08-14 00:01:42.400,2.1910172680402846,19.67213689026102,10.227861934822647,22.172102507136362,5.431677042030709,48.38644813375586,1
2026-08-14 00:01:42.500,1.6745294678696128,18.94255988768803,10.975282122618164,21.892404910601062,8.27025043262032,48.79118884483961,0
2026-08-14 00:01:42.600,1.5152013912672802,18.86189799172034,10.775047028847279,21.72263414790974,8.506167732037632,53.6308440192294,0
2026-08-14 00:01:42.700,1.5480125306873045,17.432496167439183,10.10669811978957,20.150366485807147,8.69054241868766,50.156057167799716,0
2026-08-14 00:01:42.800,1.7454071890921667,17.411153285217605,9.671280020651874,19.91687515548571,8.23722157388784,49.480721732466606,0
2026-08-14 00:01:42.900,1.0908829739206378,18.89893406519072,10.411428785793735,21.577014579456552,9.03382796178233,43.779176296942666,0
2026-08-14 00:01:43.000,1.397049385030662,17.2206581335362,10.558937461378555,20.20005512035623,14.575310996152432,31.103247519894882,1
2026-08-14 00:01:43.100,0.8325663704489642,18.06122109951897,9.69779047138376,20.500118234599793,15.683893330313317,36.577388485497735,1
2026-08-14 00:01:43.200,1.6596892490421118,19.1023509013479,10.29393123611775,21.69942004414283,6.082351577639835,58.62175686416775,0
2026-08-14 00:01:43.300,1.7588783758810964,17.627444022439008,11.154824959437148,20.86041472837735,1.0452710589425038,46.330166440084426,0
2026-08-14 00:01:43.400,1.3067254150802503,20.223458979531333,11.82682000155746,23.427803235600773,9.786485902165921,42.031882667330244,0
2026-08-14 00:01:43.500,2.129594705316013,19.850374083861162,10.8593581000535,22.626599603440734,8.558757379703799,33.13126226698346,1
2026-08-14 00:01:43.600,1.0096937347990635,17.06335246373871,11.671071226350435,20.6729751335487,11.18312557755074,29.364234318915774,1
2026-08-14 00:01:43.700,0.9142500479160719,17.71073594134877,9.68236494175329,20.184606967921773,8.854657699145951,41.56151743846162,0
2026-08-14 00:01:43.800,1.5897807274239888,16.365664662489543,10.752370945838134,19.581840077019397,8.175811818577158,60.656634248543085,0
2026-08-14 00:01:43.900,1.9188393210448618,17.87718526689011,11.266681584527962,21.13130064605239,11.38671978763167,43.31515767653218,1
2026-08-14 00:01:44.000,2.1735710765831477,19.43449982846438,9.483800144757591,21.62503754374281,11.806341765241527,54.80582630289737,1
2026-08-14 00:01:44.100,1.316446294852424,18.262551132070865,9.817395554971426,20.73407893624107,3.840319823657005,42.76328204722451,0
2026-08-14 00:01:44.200,1.9314723333725183,19.145578040415433,11.60119228754788,22.38617477360297,5.55018143858125,57.66640035234619,0
2026-08-14 00:01:44.300,1.4845966121997172,17.170781200971465,9.435790226922373,19.592597180009566,7.683221122133965,45.77899037829597,0
2026-08-14 00:01:44.400,1.4309490800236722,19.499425496288858,9.147966118899603,21.53863688346723,8.295312871773751,35.217389053394044,1
2026-08-14 00:01:44.500,1.853463974994669,18.154675736232342,11.448256237408026,21.46287077641514,7.322050389943254,46.77256318520668,0
2026-08-14 00:01:44.600,1.7609291513653678,18.730289368897342,11.188282391953013,21.817456376138686,9.302621533585658,72.00800501936489,0
2026-08-14 00:01:44.700,0.8694431372063002,18.633579907675124,10.581568840627922,21.428483364546867,10.9883143679513,71.47861178661026,1
2026-08-14 00:01:44.800,2.090616139890358,17.463240610629637,10.20430487519649,20.226037936548597,13.168129132162184,55.838399633352374,1
2026-08-14 00:01:44.900,2.0520365416589805,17.590039522235877,9.895054707901412,20.182209940097792,9.736739071318699,48.35529421503557,1
2026-08-14 00:01:45.000,1.2497749193961882,19.71925304543283,10.476434244904883,22.329456221718157,5.442998964640671,53.646821625141,0
2026-08-14 00:01:45.100,1.6583214133749635,19.15878545638484,11.51972154525113,22.35538066425858,7.557871324406545,53.80222806479948,0
2026-08-14 00:01:45.200,1.6976120745130956,19.818177062890314,10.451729713715796,22.40532963615223,7.773943276221329,49.52135897159478,0
2026-08-14 00:01:45.300,1.6042695063295629,19.10112097929315,11.999445060071952,22.557471144063957,9.543920719943477,55.291328239071404,0
2026-08-14 00:01:45.400,1.279877938461832,18.92778810105359,9.552524891234441,21.20169555002711,9.164504100301826,52.49872234584276,0
2026-08-14 00:01:45.500,1.2313506528247793,17.06712157003135,10.260134709756255,19.913739049926672,14.15118995333453,46.208331375628234,1
2026-08-14 00:01:45.600,1.4897783716034219,18.531100214390687,9.982433212559982,21.048768324987833,6.615460594235275,35.65691840739628,1
2026-08-14 00:01:45.700,1.969091607703746,18.782417313201858,9.417767745633494,21.01127196144868,9.154251601300409,44.47928909335801,0
2026-08-14 00:01:45.800,1.717440061837773,20.771243554331914,10.168414827227881,23.126634404771544,15.064134193232276,59.59422618888316,1
2026-08-14 00:01:45.900,1.3517542671655576,19.51342771061176,10.629746088436205,22.22083173335093,6.244379309289196,49.622453306055625,0
2026-08-14 00:01:46.000,1.8086794842593379,20.370866982676354,10.720267624541721,23.019477830039737,8.435446088511066,53.60344269905006,0
2026-08-14 00:01:46.100,0.3605829517479697,19.440678229315296,12.042246057207986,22.868223807679403,5.165358496627954,46.60381366754705,0
2026-08-14 00:01:46.200,1.9595062801488414,18.140172018924833,10.682459123303435,21.051859152987706,8.246260698882294,37.2848299398725,1
2026-08-14 00:01:46.300,0.8041144884887601,18.976934184477905,11.235995423940524,22.053834682631013,5.6593485555870755,47.136443421538125,0
2026-08-14 00:01:46.400,1.3550236234387472,19.10436833704603,10.373762211508259,21.739177352844877,11.140402710474039,37.73052919100778,1
2026-08-14 00:01:46.500,1.0521320421495424,17.937323843464853,11.6683321283034,21.398541102648334,8.441956577094185,36.964529916757385,1
2026-08-14 00:01:46.600,0.9821274097116377,18.50042675909636,12.249647909884025,22.188277629974227,5.1938082200531195,64.46763930643291,0
2026-08-14 00:01:46.700,1.9643307149514078,18.68738186446585,10.760757419666575,21.5641401681884,10.521703093375015,44.95896794078941,1
2026-08-14 00:01:46.800,1.3129195194752434,20.507103413161886,9.546762935996796,22.62038843508745,8.538998116614762,41.102183294479595,0
2026-08-14 00:01:46.900,1.6386015526922864,16.829077777659528,9.90684696360857,19.528529786107146,10.858456331670364,69.41551621257086,1
2026-08-14 00:01:47.000,1.4812317684483263,20.123971446220292,10.57643925786668,22.734011835653494,4.557012116156754,59.7798204248509,0
2026-08-14 00:01:47.100,1.6908163308892485,17.98969251299861,10.721091076975313,20.94208276635917,9.106473236745984,45.541889293977945,0
2026-08-14 00:01:47.200,1.530728756424102,17.562743283142122,10.91963358975454,20.680627392902018,10.320025083934127,55.13163590662842,1
2026-08-14 00:01:47.300,0.9868031103245721,20.12309932290394,10.734052460703321,22.80699472943746,6.7298675292927905,47.17054018087157,0
2026-08-14 00:01:47.400,1.898506727778856,19.6833899845536,10.376483082196284,22.251005425353945,4.222991819095546,41.6878438486448,0
2026-08-14 00:01:47.500,1.3024973667354751,20.214345340154154,9.866937229702074,22.493914906611806,7.8751775138888185,55.69629469382005,0
2026-08-14 00:01:47.600,0.8773672405360995,19.76886330777228,10.701807425147406,22.479693917985745,11.684345881342786,46.10837737615756,1
2026-08-14 00:01:47.700,1.3287539356136349,21.03634108441785,11.869887535592794,24.154127521555967,11.37779099190217,50.90597610799284,1
2026-08-14 00:01:47.800,2.1003039162537243,19.54355464207867,11.206841367422717,22.528733241851214,6.71471469573327,62.25635881879606,1
2026-08-14 00:01:47.900,1.840088696845397,18.83668815146477,10.823662476261717,21.724927846038273,4.150743690870672,60.93455724554452,0
2026-08-14 00:01:48.000,1.3605391462368563,19.344426627363017,11.224553689083205,22.365094389707874,6.7064608389512825,43.398880497727085,0
2026-08-14 00:01:48.100,1.3602969182726286,20.25330410084138,10.10904976037657,22.636015860988607,6.594567047804263,55.83237922744503,0
2026-08-14 00:01:48.200,1.371345979513047,18.238794369689042,10.00428970010284,20.802390066129046,9.339340349914332,36.465725046250924,1
2026-08-14 00:01:48.300,2.330699193424336,18.374615834871516,9.817674566948956,20.832984447304412,7.684995491287635,55.40496993578846,1
2026-08-14 00:01:48.400,1.6527741808926213,18.725879125258736,10.320674185698435,21.38164784718762,5.740207364788574,51.78194366961327,0
2026-08-14 00:01:48.500,1.6720166588764278,16.93859106354505,10.088299600018965,19.715213821760877,11.312789201782003,54.54775234836117,1
2026-08-14 00:01:48.600,1.912113381612737,19.189586993181674,11.397524943380189,22.319135821170605,8.421277602334502,46.43066294426921,0
2026-08-14 00:01:48.700,1.5955156636106054,17.17371460326684,10.05564725018497,19.901068184763684,9.306246958192823,75.00885528382987,0
2026-08-14 00:01:48.800,1.3963831416717187,19.12123734260423,9.798729444823035,21.48573518046437,2.8250436976061986,39.18440350855623,1
2026-08-14 00:01:48.900,1.4214600603660088,19.941802508260604,11.999969394339718,23.27390712243131,1.0,61.65862053162154,0
2026-08-14 00:01:49.000,1.4713594962343743,18.60797101393526,10.089808299882383,21.167447101240864,3.6873626556667753,37.61962016278002,1
2026-08-14 00:01:49.100,1.4851111053960633,20.77029806721971,10.578732084019984,23.309115262202138,6.558369723179673,56.05213009555185,0
2026-08-14 00:01:49.200,1.791051817454792,17.64101602006809,10.821968411486678,20.69590410007532,9.729068052841427,56.90947972702139,0
2026-08-14 00:01:49.300,1.5207783543229199,20.301112323572156,9.55655649002754,22.437979711225804,1.0,50.659710458747426,0
2026-08-14 00:01:49.400,1.7930560308862318,19.793323420800984,11.459298834238895,22.871186716320988,12.77855619311596,44.05610707347555,1
2026-08-14 00:01:49.500,1.467713367956567,17.41048783853712,10.985607884437668,20.586613790676406,8.511698080310378,51.69361868894359,0
2026-08-14 00:01:49.600,1.5314540761264361,21.84565010834208,11.727620695085557,24.79454609029787,12.080884978849731,53.20412400116209,1
2026-08-14 00:01:49.700,0.7007197261871569,19.079445246251325,9.942536769278696,21.514629169780296,5.342089752577614,71.47923783567539,0
2026-08-14 00:01:49.800,1.8665310698809927,18.274041232053403,10.570215786506349,21.11089871900521,9.511579802517472,39.53191657639645,1
2026-08-14 00:01:49.900,1.638595390359197,17.75277278187876,10.527400589993022,20.63945504675937,8.255587789912363,43.32903804423198,0
2026-08-14 00:01:50.000,1.8992040439438609,18.948176671456846,10.712027614949928,21.766509476629256,10.453058939163663,53.41682668483204,1
2026-08-14 00:01:50.100,0.3414978487225242,19.0491225491803,9.342225854080429,21.216650390727047,7.298625897200849,46.92735451525698,0
2026-08-14 00:01:50.200,2.335349881912291,19.28750967256367,10.59958758936818,22.00816408594604,9.419645627022765,48.7995075472328,1
2026-08-14 00:01:50.300,1.4441641487379304,18.895402710253784,9.374748190747653,21.093177741217477,11.3065859563136,62.84422202436512,1
2026-08-14 00:01:50.400,1.9432731266950065,19.834758899046584,10.807587410316431,22.588085492465666,6.046471118324674,16.15680195884918,1
2026-08-14 00:01:50.500,1.0840376291497877,18.82223847872198,8.823001687216323,20.787544831521217,8.726732697468949,42.82460785978626,0
2026-08-14 00:01:50.600,1.7451095620250279,17.2832389165985,9.049652352870915,19.509140297718066,2.336413288332955,29.091569284985006,1
2026-08-14 00:01:50.700,1.0786337747305375,19.07717626064307,11.190761626927628,22.117228575713536,10.107509057190073,35.650202757151156,1
2026-08-14 00:01:50.800,1.250492415721678,16.86739482537318,10.10345272309205,19.66186067295723,13.863987630387468,78.85549390486963,1
2026-08-14 00:01:50.900,2.2656125415467145,19.59697783209159,9.755637861814327,21.890957271036697,4.266691856753914,57.17801760743308,1
2026-08-14 00:01:51.000,1.4237270396946613,18.272241693371306,11.567601651052804,21.62600805646794,7.725856218716171,61.41877910069725,0
2026-08-14 00:01:51.100,1.586973149271889,19.423237001023484,10.818026961527343,22.23267511880341,10.64144390274234,49.033644202562826,1
2026-08-14 00:01:51.200,1.8480270922755018,20.58228635008603,11.258598977563883,23.460318888168167,8.094252420399652,59.10456589798292,0
2026-08-14 00:01:51.300,1.6982727551890417,18.32779739574717,10.432933996752437,21.08919792595606,8.495298654479678,28.801225909757008,1
2026-08-14 00:01:51.400,1.5601675620574307,20.346137071981026,12.714631443201348,23.992230961048307,6.827001675429084,62.45958094123521,0
2026-08-14 00:01:51.500,1.6459844009864901,18.8598259692365,10.092318233105756,21.390369863753325,6.715543240736256,40.1618705772812,0
2026-08-14 00:01:51.600,2.46136623409531,21.05474506044198,11.976526594513748,24.22270585275933,7.739917539243867,43.62421016808904,1
2026-08-14 00:01:51.700,1.4769524811865657,18.944732367631925,10.536838156418153,21.6778191434413,8.125014266418068,56.061812845455826,0
2026-08-14 00:01:51.800,1.580439618685987,18.477726717777188,9.267323506040132,20.671469943438005,4.4556762152680705,53.797361102986585,0
2026-08-14 00:01:51.900,1.9202617584030448,20.01379287613291,10.98221165204106,22.828948246885464,7.801934042161914,51.01544058072258,0
2026-08-14 00:01:52.000,1.9422103731831935,18.89909941856773,10.85274353807895,21.79353117638859,12.70560181612798,33.642846157036175,1
2026-08-14 00:01:52.100,1.9748121222241521,18.501774356516098,9.76487687099568,20.920527590028485,6.742598619233286,51.197764025859705,0
2026-08-14 00:01:52.200,1.7554920888116738,18.87371874239506,9.873159734151537,21.300153574636635,4.288235051376117,61.526736241798744,0
2026-08-14 00:01:52.300,1.0427980349078065,19.31528678336959,10.596177874863562,22.03087127372769,7.5457517960407205,43.61015484680247,0
2026-08-14 00:01:52.400,2.1533726129204385,20.71040816925119,10.900735075002185,23.403996062902788,5.85616156362711,65.77924454408355,1
2026-08-14 00:01:52.500,1.0414618427925249,17.442475015000497,8.649407029972526,19.46926235426126,3.9849745240341816,39.52769676903189,1
2026-08-14 00:01:52.600,1.6210541860956134,19.407978141864238,11.473435651767334,22.5457166932064,8.417505385197863,50.078574700620486,0
2026-08-14 00:01:52.700,1.1982896599922568,20.018135800021604,10.240340944168555,22.48533618963527,5.869153888546766,68.42393280051935,0
2026-08-14 00:01:52.800,1.474344661362803,19.595015502813098,9.575542169174241,21.80953095298291,6.125857499440175,41.823201047604684,0
2026-08-14 00:01:52.900,1.6315049641213921,20.719766819708582,11.39879423132657,23.64828211501251,8.460282141156167,62.647825800524885,0
2026-08-14 00:01:53.000,1.6285428861801092,19.34389104297026,10.63204744010251,22.073208952277316,3.400476213912996,73.69582834666171,0
2026-08-14 00:01:53.100,1.668768301694114,19.242019652996586,11.628875278535322,22.48301715895882,2.7752910492466256,52.0525288270898,0
2026-08-14 00:01:53.200,2.145484507623459,20.027235364649613,11.011305300965569,22.8547369440592,10.012616583505794,43.67579615140032,1
2026-08-14 00:01:53.300,1.681413720605592,19.542554355041368,10.664732721695573,22.26315239908649,2.207499197827751,40.72713436459972,0
2026-08-14 00:01:53.400,1.4023373458837405,19.061166524263285,10.54876120154213,21.785417878775146,5.069966914077936,65.65523244016791,0
2026-08-14 00:01:53.500,1.885634867315343,19.976054024583878,11.06211619944341,22.834472825162443,2.600481393834688,65.32033039207579,0
2026-08-14 00:01:53.600,1.9757881955698562,18.815716414234597,10.35012181742328,21.474547860581342,6.541590599453503,67.3917094744241,0
2026-08-14 00:01:53.700,1.008956873945203,18.865402277885657,10.00388958694579,21.353716537742457,9.284176242953496,49.60593979212864,0
2026-08-14 00:01:53.800,1.7389600279399433,18.95692013059311,11.178875789538951,22.007546086640975,8.33701384619713,62.45368329832526,0
2026-08-14 00:01:53.900,1.7804690969243593,20.84631803497887,10.580359051731937,23.377616928999654,15.175620168371852,49.41392730648716,1
2026-08-14 00:01:54.000,1.3809745986560031,16.280567241280497,10.727804276814933,19.497247351857247,11.260746853367003,39.40333854069969,1
2026-08-14 00:01:54.100,2.0502827253246476,19.905517154482894,11.577454860755658,23.027528617727253,5.206526449530196,63.490121421348235,1
2026-08-14 00:01:54.200,1.4399777651869894,19.552524856373918,10.619850539115625,22.250448393959935,4.408834985520768,69.60644333933845,0
2026-08-14 00:01:54.300,1.5502305813886168,17.845717305389314,10.727979799209894,20.822083870643862,16.120063822926504,37.75277632662416,1
2026-08-14 00:01:54.400,1.4307712702864521,19.844649266217182,10.241233883087961,22.33143470418511,11.187716017200088,37.52682844519196,1
2026-08-14 00:01:54.500,1.506231619032587,20.019009201366455,11.070546272906435,22.87613875165469,9.768108821808715,50.4797832107615,0
2026-08-14 00:01:54.600,1.0614899652419192,20.141231163346063,11.010817489337269,22.954461321469473,8.224555436646854,61.473543268892,0
2026-08-14 00:01:54.700,0.9239796469622822,16.908098591397458,11.456576098097893,20.423930421638353,8.820564702425052,36.39416967495256,1
2026-08-14 00:01:54.800,2.137802025289989,20.934650788750584,10.277653756532189,23.32144443181202,3.5537801735527212,52.72418884347087,1
2026-08-14 00:01:54.900,1.1612154606726688,18.83885939466505,10.379704083937787,21.509088315455735,8.471117510590304,42.91487655128298,0
2026-08-14 00:01:55.000,1.1034430602174772,20.271498568556808,11.384668412398556,23.249609224141086,8.213694192377044,58.409949197900026,0
2026-08-14 00:01:55.100,0.6386439545585141,20.334339324939663,10.957729729244717,23.098857041008785,5.28758347069556,40.42535814204932,0
2026-08-14 00:01:55.200,1.2444153009241992,18.724903181091825,10.035985659072516,21.244834837917,6.384420639294564,59.26163600329015,0
2026-08-14 00:01:55.300,0.9707640826370006,20.27039494151641,11.811204247686517,23.460465827975842,12.545529180330668,48.1014222701875,1
2026-08-14 00:01:55.400,2.156806064054548,19.232776470706245,9.412201372250962,21.412361510210747,7.624475239115413,38.754313715827486,1
2026-08-14 00:01:55.500,1.9039268357370536,17.555227254734188,11.403390463054409,20.93378413040132,14.213513907599332,50.76427946512266,1
2026-08-14 00:01:55.600,1.2247398619289105,20.802681082053866,9.768793865117097,22.982186009620392,2.7779616905378495,26.74432022613977,1
2026-08-14 00:01:55.700,2.4009743221377233,18.868228915963588,12.29459514057632,22.520371491071973,6.433609441322757,43.29086513474072,1
2026-08-14 00:01:55.800,1.8927061947966377,18.797115138695517,9.555285379335643,21.0863703898495,3.358164346259243,54.04881284389594,0
2026-08-14 00:01:55.900,1.370067446596551,19.25687745585059,11.717766515830586,22.541814067842168,4.371732638324497,28.738942651617258,1
2026-08-14 00:01:56.000,0.5002377140505707,19.940514771668447,10.735659339795639,22.646821207826694,5.5153828830221086,19.146357762735065,1
2026-08-14 00:01:56.100,2.4163770290362967,19.619342357972695,10.512685605405885,22.25837265384533,8.945928880311774,21.927592162241993,1
2026-08-14 00:01:56.200,0.9441710132945615,20.23301441595571,10.959285819923336,23.01045019201155,8.800478513241162,65.92554266600445,0
2026-08-14 00:01:56.300,0.8418405012172432,18.353792847173622,11.321489599547622,21.564735997216072,5.9621290411171834,49.07889184684725,0
2026-08-14 00:01:56.400,1.909028172803856,18.959230565725292,10.09744975982892,21.480477538839803,1.316601327990254,43.61041527191375,0
2026-08-14 00:01:56.500,2.475900962535709,19.593954586288234,10.173340815031002,22.077588628930954,12.43307861909646,61.34185682800196,1
2026-08-14 00:01:56.600,2.053709127404207,21.616173673722212,11.350655720728414,24.415084468070674,7.142705851890931,45.146603810370664,1
2026-08-14 00:01:56.700,1.7255636480209438,19.612808565103496,9.470098299190672,21.779463299349946,4.651129489096583,53.22154279840078,0
2026-08-14 00:01:56.800,1.7379017366661145,20.820178089632623,10.373590221028929,23.261366893582274,8.824792343210262,50.30906421107915,0
2026-08-14 00:01:56.900,1.841366223512123,19.781845717209055,13.278523892382397,23.825209689319262,8.613335511569522,44.34800695096426,0
2026-08-14 00:01:57.000,1.8035714359147061,19.26796663344091,10.076564790855663,21.743773733455384,7.0319706050001045,53.52975060666927,0
2026-08-14 00:01:57.100,1.6124765695877503,19.51323556921778,11.774218229407136,22.79031762160171,8.445593046924515,59.27913465704174,0
2026-08-14 00:01:57.200,1.5416804415807503,19.59987500375708,10.392216214500529,22.184527446214158,4.534910478775945,47.781120595796146,0
2026-08-14 00:01:57.300,1.474962748840191,20.380275177200446,11.273213778781539,23.29036206675462,10.279738529529451,44.47333312214462,1
2026-08-14 00:01:57.400,1.1984141644533295,21.159575428270003,11.394463048893043,24.032507577804623,5.0093987157293896,45.88985110400656,0
2026-08-14 00:01:57.500,1.3877299692532903,20.15297973083351,11.779144718034672,23.342897042136617,6.183291034089704,22.42504960657122,1
2026-08-14 00:01:57.600,0.8228172743218458,20.98871128434269,10.720777101910342,23.568221465489056,9.946405448454726,53.39671455810694,0
2026-08-14 00:01:57.700,1.4606641492821,18.845178590424986,12.477088707836689,22.601294182595783,11.6118768950307,35.49066453213739,1
2026-08-14 00:01:57.800,1.104563557139633,19.403672541694387,10.419512578636906,22.0242763895134,12.757323704139015,57.55662468942709,1
2026-08-14 00:01:57.900,1.0585642731136917,19.102335238754492,11.083358994656944,22.084837743986363,11.167394715399716,48.914910791896475,1
2026-08-14 00:01:58.000,1.5719576604613914,20.149417086290754,11.097205043023628,23.00319474951718,7.027783448594654,51.261453158365285,0
2026-08-14 00:01:58.100,2.0568009145378396,19.48434883269023,10.008409834762254,21.904522748841686,3.3769007926986117,58.40395004727443,1
2026-08-14 00:01:58.200,1.8673266424009252,20.58141487735758,10.682287360210736,23.188486401661365,12.215166756808681,38.88171480390878,1
2026-08-14 00:01:58.300,0.8717997585507291,18.92897495114469,11.045196797057004,21.91580400046463,12.112087966714927,54.43098132021149,1
2026-08-14 00:01:58.400,1.104148745371865,19.911342358552155,10.57528999663499,22.54547211819707,5.984071539939513,53.21145263075198,0
2026-08-14 00:01:58.500,1.8763084751952863,20.56350401869687,12.878726836975996,24.263538539718567,10.76356711347368,47.78263000828648,1
2026-08-14 00:01:58.600,1.1070050425846762,17.819678055097743,10.26008955920339,20.562353069388884,7.003466618207784,38.86176559083755,1
2026-08-14 00:01:58.700,1.4101467400011902,22.014946859922304,11.879528906067602,25.01561696771236,12.503830650535185,57.14286036866197,1
2026-08-14 00:01:58.800,1.7200208396098207,19.618498390165964,11.626158015546533,22.804671216384623,6.455406012788654,58.441454533031795,0
2026-08-14 00:01:58.900,1.1126622180545458,17.88494508382341,10.934901290896333,20.962903589269914,13.93595386264551,51.36322431173461,1
2026-08-14 00:01:59.000,1.542150202458384,20.07641361853011,10.258824588890198,22.545639616740072,10.358361642794737,37.15637101142426,1
2026-08-14 00:01:59.100,0.9663898020327182,19.960097910380217,10.341388409130825,22.479987162373337,13.39263453405796,43.670611604894546,1
2026-08-14 00:01:59.200,1.2594529424195144,19.853094785288317,10.546619659543278,22.48058181624103,6.608608191050362,49.2760073309592,0
2026-08-14 00:01:59.300,1.6279127736570147,20.93451500024122,9.537401306831722,23.004693911958057,9.21508881333258,58.26193459978512,0
2026-08-14 00:01:59.400,0.8628025065873323,20.699103581195352,10.168222825221545,23.061778866523085,5.0921624049669045,30.9981271866426,1
2026-08-14 00:01:59.500,1.6761898951841596,20.25786952324588,9.790014787042308,22.499459263532565,10.53196775635759,43.23435842834748,1
2026-08-14 00:01:59.600,1.4921448804293276,20.418483688622427,12.05769683534764,23.71291903405594,10.697124598511373,45.16792928069357,1
2026-08-14 00:01:59.700,1.7209959817668592,19.87230432769143,11.480767580188289,22.950305085612392,15.19107175460356,49.00134104716365,1
2026-08-14 00:01:59.800,1.5895656536258647,21.760488348823312,11.619777778842327,24.668564790213335,9.446119391658947,34.384096591701834,1
2026-08-14 00:01:59.900,2.045656171989538,18.51413620367924,11.467064894455763,21.777667842586958,10.17228260751828,47.38960665952,1
2026-08-14 00:02:00.000,1.5500898010591628,20.141318618706645,11.13457426536178,23.01415781146718,6.587508870488655,46.27419722824892,0
2026-08-14 00:02:00.100,1.3282377835498989,20.07502629813327,12.174545265870004,23.478207625401478,9.624138117905716,37.548897542124124,1
2026-08-14 00:02:00.200,1.5489190012129135,20.831616795462825,10.522391709053549,23.33831582594956,6.860326373937249,48.58438898997579,0
2026-08-14 00:02:00.300,1.7173192116145553,19.182817234427077,11.10133839140482,22.163487792536422,8.347582276526,43.50597083857398,0
2026-08-14 00:02:00.400,1.5195440281302817,18.291333231909178,11.61865056284273,21.669469589775165,8.523546984637385,55.947033710116486,0
2026-08-14 00:02:00.500,1.516236676481553,20.200163572857655,9.969036948570773,22.526169360372272,6.943085379952489,39.37606926794794,1
2026-08-14 00:02:00.600,1.2192033248772978,20.332905771431804,13.508276284441962,24.41107505389187,8.188835289625981,51.07800946554146,0
2026-08-14 00:02:00.700,1.2348396329796207,21.549609411114595,11.058858611222236,24.221561047021783,6.874114490859738,40.299333953248784,0
2026-08-14 00:02:00.800,0.9389578912801225,18.7979826777956,11.154598394932886,21.858390107849726,6.8608066248984825,42.80294914209425,0
2026-08-14 00:02:00.900,2.1998306972747756,21.231373213291146,12.051510093284595,24.41331816960974,11.229993954506813,53.567499532464865,1
2026-08-14 00:02:01.000,1.002454705843486,22.45242853305529,11.78297276782508,25.356458630480375,8.526240925479234,52.816612794105865,0
2026-08-14 00:02:01.100,1.2228379208816371,19.715584003959435,11.086471750406316,22.618888312420186,9.041198816600831,44.99573380905967,0
2026-08-14 00:02:01.200,1.212637093772321,18.81074139444243,11.165113718839827,21.874728710619824,3.628085693043392,46.767072580007984,0
2026-08-14 00:02:01.300,1.8579697507777766,19.703043970016022,9.862692177075257,22.033670567205235,9.270374995491169,32.556722658685715,1
2026-08-14 00:02:01.400,1.3820201286831888,20.132358026214522,10.625839213025904,22.764452523106353,9.591270391925713,66.8331717269684,0
2026-08-14 00:02:01.500,1.9990968290694935,20.690475656303796,11.489780841705299,23.666661079977423,6.804984131933741,58.24947677453633,0
2026-08-14 00:02:01.600,1.2306037503024525,19.54362777391258,11.436127773484685,22.6437277190995,14.255089028782074,57.81737661045328,1
2026-08-14 00:02:01.700,1.6115976648895207,21.698555760351706,12.06294693572589,24.826236341000843,1.1323182074478044,30.85961339652542,1
2026-08-14 00:02:01.800,1.165861178696097,19.037159633650045,10.994614322616204,21.983971229515202,10.35310140731164,42.85412009012856,1
2026-08-14 00:02:01.900,2.3580596511093552,18.42082151893905,9.98618679192242,20.953534118992284,10.138414414864586,45.98544765291653,1
2026-08-14 00:02:02.000,1.0249606323881948,21.27507181785291,11.9464011807599,24.399696351111846,9.624748795998237,26.827262095591852,1
2026-08-14 00:02:02.100,1.623928284090811,17.902075084813138,12.254889146557217,21.694851931660956,8.52863811691587,60.679401152913044,0
2026-08-14 00:02:02.200,1.7535107523728395,19.98090106960036,11.82961416136883,23.220167500688166,9.652037967875113,67.44661386257764,0
2026-08-14 00:02:02.300,1.6655196389805993,23.31104669013487,10.9851123998701,25.76970299067158,10.604526438667682,74.74321947204336,1
2026-08-14 00:02:02.400,1.4258849364489168,20.18965673042063,11.9565290115296,23.464458759915345,5.822337248504018,37.44939406978716,1
2026-08-14 00:02:02.500,1.4480717201066295,19.089267355138055,13.869149385907154,23.59562317135422,8.89758686654027,51.40788196201129,0
2026-08-14 00:02:02.600,1.5175245887916438,20.160972264501254,11.22314368852521,23.074309456693868,7.450049473930088,65.87381922980505,0
2026-08-14 00:02:02.700,1.4411991993486046,20.175903662122256,10.086633316648975,22.556756421253727,4.718694799323474,46.956578252636554,0
2026-08-14 00:02:02.800,1.8855516467179638,20.39568911354865,10.6719954642756,23.019027381843173,10.151509923839868,43.196145033887866,1
2026-08-14 00:02:02.900,2.3842092006365405,20.905636877808895,11.646405137632806,23.930825432832087,6.3069187259479005,27.60778791746611,1
2026-08-14 00:02:03.000,1.2770032859968665,19.212597449735277,9.86718172214336,21.598267891277175,3.5064239756615985,63.59146949326099,0
2026-08-14 00:02:03.100,0.9520788081683689,21.947591395793552,11.29154846426371,24.681892852808662,6.382668017895053,49.76887092711962,0
2026-08-14 00:02:03.200,1.464687180659498,20.51349234738312,11.465296158059006,23.500135835312708,5.603303305720608,41.24789769244325,0
2026-08-14 00:02:03.300,2.5318837350617276,21.003506831866044,12.394125063128667,24.387735346208714,11.08543702757033,53.40628747794632,1
2026-08-14 00:02:03.400,1.1785301728121076,19.656898108162345,12.219184389594233,23.14523947557207,8.459579421674233,51.83606447814398,0
2026-08-14 00:02:03.500,2.155646722177627,21.57976436736726,11.867697171624455,24.627798649259677,12.147148237069821,52.0191092282551,1
2026-08-14 00:02:03.600,2.171080325630576,20.044664544012406,9.45088696328366,22.16095307234671,6.000331306300863,47.394823252079895,1
2026-08-14 00:02:03.700,1.2785647033168022,20.587604188772744,11.92287350760587,23.79084611593171,10.622509615689498,69.46829790516038,1
2026-08-14 00:02:03.800,1.7275932316741103,19.385280320545846,11.75544254748797,22.67111648316934,16.518868744423738,48.39608320085093,1
2026-08-14 00:02:03.900,2.1513586492514154,19.32978949378457,11.400788173774696,22.441451219947993,9.06809740138142,69.43186491587966,1
2026-08-14 00:02:04.000,1.3483489036050051,21.023261149093322,9.816855804667874,23.20233107324818,10.584946586969458,56.76940311680237,1
2026-08-14 00:02:04.100,1.4185678559590553,19.899783734886796,10.584615211706861,22.539642230416202,10.080552992676218,54.21404171314077,1
2026-08-14 00:02:04.200,1.2673276344205424,19.497902200043544,10.277576956901502,22.040798041529612,3.73377401772252,48.64070296066214,0
2026-08-14 00:02:04.300,1.0940973077228533,19.71687666797464,9.604029254395329,21.93154357220221,9.757451892402353,61.687480322551046,0
2026-08-14 00:02:04.400,1.2402889819735972,21.06734780417283,11.21870471834141,23.868231586343416,8.919368961948706,51.35590121093594,0
2026-08-14 00:02:04.500,1.0104238932950973,19.747691593705543,10.587779975791268,22.40697230988326,7.220757849805072,38.81442541863762,1
2026-08-14 00:02:04.600,1.5136333873036905,20.267409245760728,13.331282970632866,24.25883309597214,5.347890877385359,38.41409370802357,1
2026-08-14 00:02:04.700,1.1920107075765434,20.40842665010373,11.101021788339652,23.232231125698107,10.081949720981111,55.06981546321126,1
2026-08-14 00:02:04.800,1.593514364716299,18.48438473626008,12.276042698054995,22.189495339068756,5.082788781168136,39.111453378002054,1
2026-08-14 00:02:04.900,0.877641741518549,18.938941939350602,9.990761787079894,21.41258608548414,14.400936814045691,49.253227316330005,1
2026-08-14 00:02:05.000,1.6323520928857829,20.754680956425425,10.826970171502824,23.408974020610557,8.342507250464385,62.686214462613094,0
2026-08-14 00:02:05.100,1.83341158464357,19.689708428478905,11.333560974606415,22.71858759614327,4.3300788566404895,53.647642134732,0
2026-08-14 00:02:05.200,0.7025057429714178,21.491797423365767,10.534520348365072,23.934775441961204,6.458011165014984,41.33438155605503,0
2026-08-14 00:02:05.300,1.649622627939029,21.410214338789633,10.928283792879657,24.037983790048393,7.1655969851305485,66.91985013939367,0
2026-08-14 00:02:05.400,1.9910675969893168,21.17091062334827,11.096684449200868,23.902800304293574,15.237129961771537,56.574502843936415,1
2026-08-14 00:02:05.500,1.0161435925235178,22.27984846675917,11.088919619312028,24.88685970598368,5.346233159571511,62.21351584644907,0
2026-08-14 00:02:05.600,2.169028954735081,20.38532207415713,12.765141699568467,24.052238953519062,7.651348210245838,22.78929988148837,1
2026-08-14 00:02:05.700,1.667607603746418,21.125628050257898,11.588628702957646,24.095403622534675,6.386514890404932,53.970234539152955,0
2026-08-14 00:02:05.800,1.2179952576966364,19.90067987021177,11.674656958437724,23.07237903628168,9.497775456744993,60.10589403655872,0
2026-08-14 00:02:05.900,1.4776923689369177,22.94578548213027,11.727773161032983,25.76916247588551,6.434349758884866,70.40346370757591,0
2026-08-14 00:02:06.000,1.723330765008689,22.4853839441513,11.791151276898862,25.389441497414055,4.582830001580869,32.4341769901875,1
2026-08-14 00:02:06.100,1.5304021565649646,20.52196544868682,11.239741421401524,23.398351503836007,7.414116260611404,64.4733750703344,0
2026-08-14 00:02:06.200,1.7155023969785477,20.90500596652796,11.054454744790585,23.647838044210143,7.101818470003271,69.73256342841493,0
2026-08-14 00:02:06.300,1.1317305627682535,21.88605205844132,11.44950552306053,24.700009138204727,6.223266867127959,25.79253227265225,1
2026-08-14 00:02:06.400,1.567744329614431,20.387949676716147,12.24649666804893,23.783296084875275,6.383568923308648,55.74309331843691,0
2026-08-14 00:02:06.500,0.9345142012380079,19.88679983318429,12.227044893139507,23.344923097410017,11.554087393643009,57.411449772088424,1
2026-08-14 00:02:06.600,1.4555095754605198,21.42574837744462,11.138736395311916,24.14817057289883,7.040779357197487,46.075908048177126,0
2026-08-14 00:02:06.700,1.1384369434140842,20.63853259497515,11.950330965069378,23.848677905673256,4.597617012564702,44.11886647920452,0
2026-08-14 00:02:06.800,1.2057880229640934,20.751422520990484,11.1853891123754,23.574021002788584,6.613652108600432,58.01424695945387,0
2026-08-14 00:02:06.900,1.994437270084175,19.742491450731,11.373154115827575,22.784086622565148,8.163006978396178,42.62021895907242,0
2026-08-14 00:02:07.000,1.9365240482377075,18.867425367889314,10.972239804508268,21.825897148582662,3.9911910903459376,47.39300805898283,0
2026-08-14 00:02:07.100,1.743655248362871,20.82957464858555,11.210743232098883,23.654850324131175,12.877933880019196,59.749218809887054,1
2026-08-14 00:02:07.200,1.0630748941309685,21.506729002654396,12.434124232335861,24.842440254910095,10.602738432518816,71.04851660392237,1
2026-08-14 00:02:07.300,1.3734366201220793,20.38429493453789,11.439997928039752,23.375051498804893,12.290518230856339,56.45581127050421,1
2026-08-14 00:02:07.400,1.9852390799916733,22.054865925626544,11.47928785048246,24.863450294590994,9.176384376463048,51.60181394497414,0
2026-08-14 00:02:07.500,1.556686765455962,19.922854803105874,10.218288453706485,22.390479280908437,1.718907649609699,43.803230184070756,0
2026-08-14 00:02:07.600,2.4277318159926775,19.580401396009243,11.133668384478913,22.524446508724385,12.60600114991554,37.87279951218733,1
2026-08-14 00:02:07.700,1.6573271357577488,20.576210266232774,11.193012421061558,23.423576925360084,5.409294920870322,63.31493889801139,0
2026-08-14 00:02:07.800,1.5768196465960127,20.56918272053135,10.727750389174865,23.198618627044304,5.653439767993703,48.158601786477384,0
2026-08-14 00:02:07.900,1.3763534143189995,21.430078749671612,11.413398340364685,24.27990809070261,8.468975431866332,63.80843929600074,0
2026-08-14 00:02:08.000,1.5534163619129129,19.893481916726145,11.057721012291957,22.76013657157604,12.134689540010449,46.04537746405446,1
2026-08-14 00:02:08.100,1.4390120654477825,22.044873700058773,11.47006436214119,24.850328628072596,11.1598614018572,42.208536063667864,1
2026-08-14 00:02:08.200,1.783243470675436,22.652031148205868,11.508270919273718,25.407770754056525,10.718843360528062,55.04958666593019,1
2026-08-14 00:02:08.300,1.8826809267178337,20.654304881183016,10.6514658586327,23.23906269758913,7.06451884137634,49.081568728779196,0
2026-08-14 00:02:08.400,1.18560421579682,21.951494050789417,11.102108752376509,24.59928677444609,7.017177421723665,35.53365674467115,1
2026-08-14 00:02:08.500,0.9675068185768888,19.653621282433583,11.487970438043973,22.764847776752177,9.0378310039402,71.80841995738217,0
2026-08-14 00:02:08.600,0.7655178507586813,21.7936746166945,12.378511390232932,25.063754657602292,7.6097874761494015,42.47619471474035,0
2026-08-14 00:02:08.700,1.7031965307650174,21.774064206525786,11.64144801701639,24.690750980940255,10.66795372198806,61.13109825409056,1
2026-08-14 00:02:08.800,1.0586533575304506,21.598559800609948,10.9115253683181,24.19832992840567,10.49035299348568,60.10227955275778,1
2026-08-14 00:02:08.900,0.6388437628190068,20.727894154003515,11.76527815311937,23.83416384268265,9.774023963518117,34.88644682102772,1
2026-08-14 00:02:09.000,1.6554314418123857,17.797543024085524,12.81711429065394,21.932417934050516,1.0,37.971348264602184,1
2026-08-14 00:02:09.100,2.497199806973116,20.118399544129165,12.189441190739993,23.523020145375156,8.383965091031792,46.38188792359847,1
2026-08-14 00:02:09.200,1.4975716353840427,20.142545392550435,11.89909807048952,23.394671824628833,7.6734383578018965,39.6122414650602,1
2026-08-14 00:02:09.300,1.8353963097806567,19.798541194628303,12.046549819999127,23.175452444366968,8.504076805278594,70.71747646254425,0
2026-08-14 00:02:09.400,1.532731743419026,20.90737385968959,12.62304174622842,24.422519620953466,5.73702608436078,47.59789235841786,0
2026-08-14 00:02:09.500,1.460444138723543,20.37450213207503,12.33658078177189,23.818303098984895,4.025642268802324,60.67698851376882,0
2026-08-14 00:02:09.600,1.8676305931951074,19.977188290284985,11.934488484924131,23.270583735314553,9.38941543992512,56.16364866800245,0
2026-08-14 00:02:09.700,1.3838901823245395,19.75133487425593,12.340994789174319,23.289812830965953,6.931096046803814,53.168269387956244,0
2026-08-14 00:02:09.800,1.6069569256287612,20.10295675947226,10.625760969963247,22.73841829732239,9.724078981122798,50.48385452887506,0
2026-08-14 00:02:09.900,1.6286791224784054,21.948303679261166,10.294270478574514,24.242525427090303,5.987256866945687,64.84556849346437,0
2026-08-14 00:02:10.000,1.2327638185427805,20.17411413523748,11.62676243443405,23.284683503289358,12.24773192147803,40.0988843199798,1
2026-08-14 00:02:10.100,1.896816939814609,20.328535205885444,11.561028915111663,23.3860371417,11.00319452771229,70.71602372547903,1
2026-08-14 00:02:10.200,1.4300160973218365,20.395111019749216,11.075957138052873,23.208562644676647,8.89048132563764,34.55332183395086,1
2026-08-14 00:02:10.300,1.197701936202862,21.199136871035623,12.17676815019789,24.447435175506158,7.3601347598421585,59.378140707469086,0
2026-08-14 00:02:10.400,1.7146039374281614,21.324727568208477,10.03079597864698,23.566095854501462,10.557226633394592,33.13803368072261,1
2026-08-14 00:02:10.500,1.140612807283585,17.83215626289053,11.098269876433971,21.00374707604116,9.177643445712217,46.21153337327648,0
2026-08-14 00:02:10.600,1.5112724629476513,21.90678273841504,11.143124078850366,24.577964606223475,8.715752563791815,51.1197192567316,0
2026-08-14 00:02:10.700,1.4963524013423186,22.329850281284923,10.227047920145138,24.56043001955677,11.128596228678827,44.159655814045834,1
2026-08-14 00:02:10.800,1.9343582263326313,19.85163043213325,12.736874987512392,23.586335350399768,12.27960846321992,47.819965164597306,1
2026-08-14 00:02:10.900,1.689879293151981,19.937853447213822,10.458730000238537,22.514507174274673,4.242766446543366,33.35635462483048,1
2026-08-14 00:02:11.000,1.4899892165019424,20.46823302662413,11.080419802795292,23.27497081068771,4.848847677950581,38.15059437531738,1
2026-08-14 00:02:11.100,1.8271065196801148,20.170817117399537,12.282476488357792,23.616119322840493,5.659217823563607,55.97917648635059,0
2026-08-14 00:02:11.200,2.0560830196069255,21.15908273325649,12.077929790328916,24.36356234488109,3.492726207069345,50.35606189972934,1
2026-08-14 00:02:11.300,1.723124122540745,18.996965295404763,10.679554591870378,21.79306258228872,7.811754423292546,41.713663690141914,0
2026-08-14 00:02:11.400,1.5041410479373523,19.833897696180628,12.11708654993893,23.242359696925572,9.800349365733519,65.89133315755606,0
2026-08-14 00:02:11.500,0.9752655070599362,22.49935722684602,11.807923598929245,25.409607146498317,7.93574511514299,35.36082920011741,1
2026-08-14 00:02:11.600,1.073954534769851,20.040274781776834,13.447525299164088,24.13397087096897,6.397635075161313,45.660914409631246,0
2026-08-14 00:02:11.700,1.377910118258133,22.220257749681522,11.909250015801803,25.2105154727379,11.379373271387475,43.93212466185834,1
2026-08-14 00:02:11.800,1.2561951191362868,21.340502389622472,11.478105059564578,24.23146586568556,8.42166920962025,57.38045153313253,0
2026-08-14 00:02:11.900,1.4252114788058217,19.184231201897823,10.910897784196111,22.069943753101086,9.028948902098955,50.57796429364633,0
2026-08-14 00:02:12.000,1.5226599699588428,21.637162834156026,11.005705489799437,24.27534487581967,11.46270441469928,48.70201704158484,1
2026-08-14 00:02:12.100,1.7118771017426924,20.89250105920071,10.945485740461612,23.58601828633547,7.630274183446598,27.869399553593134,1
2026-08-14 00:02:12.200,1.4718004887763636,20.563036027597565,12.707980901437923,24.172944157954497,14.180642217874041,60.38041376758511,1
2026-08-14 00:02:12.300,1.6946006575304808,21.271794899473054,11.630478615793807,24.243706215793097,6.656554988384702,47.386090222019156,0
2026-08-14 00:02:12.400,1.525789765924048,21.509806014321583,12.073301216432661,24.66650273217627,13.993844613538698,51.38793221132504,1
2026-08-14 00:02:12.500,0.7098133734584514,21.751099073183152,12.837502430709831,25.256915479723762,5.075794454262738,41.01724135887347,0
2026-08-14 00:02:12.600,1.1242658424724983,22.23009482121028,9.744333870431394,24.27198299147469,9.552454708641324,39.13005484619512,1
2026-08-14 00:02:12.700,1.4423649777113539,21.468312608894372,12.659205029429911,24.92275904169433,6.072403493581289,67.99145310170825,0
2026-08-14 00:02:12.800,1.016122102863557,19.6928773297834,11.685424380568524,22.898876838829505,11.358698350943278,28.72113706085105,1
2026-08-14 00:02:12.900,1.739971491998482,20.60320068337231,11.994146381926459,23.840122185727,6.565302176424715,37.34961166660674,1
2026-08-14 00:02:13.000,2.1123003329374788,24.028229198745866,10.988385940687747,26.421590111289053,8.872613571932257,67.76590583202896,1
2026-08-14 00:02:13.100,1.9875047406789266,21.818006646312714,11.05200983279978,24.457561925973913,6.048374011875291,57.688956571983844,0
2026-08-14 00:02:13.200,1.4146228516279167,23.471137609196226,12.05218689688123,26.38464533904485,10.811675520999843,46.094449619090966,1
2026-08-14 00:02:13.300,2.096290454739981,22.505619113037657,13.57378925876826,26.28213550118366,6.032746218082582,64.95915577146384,1
2026-08-14 00:02:13.400,1.5594669828808447,21.36032182484796,12.47376250222725,24.735765592013657,13.050244534228005,55.36232139675211,1
2026-08-14 00:02:13.500,1.3651656115527842,21.428261545527075,12.688531022582406,24.90319683041819,5.012008679115829,52.791921103693035,0
2026-08-14 00:02:13.600,1.2546389345836242,21.09860915832285,11.527512502710684,24.04235539450775,3.9631162450155593,52.706744205229015,0
2026-08-14 00:02:13.700,1.3790121254047487,19.405719304806944,11.205950972723564,22.408821453616007,10.85465623423726,55.58285860657392,1
2026-08-14 00:02:13.800,1.3447292725835085,21.169905895575408,11.066471224601116,23.887898630738597,6.225069079209435,56.06831001556944,0
2026-08-14 00:02:13.900,1.5681664889501952,22.370867918103123,11.305497039579206,25.065314574550023,7.978288059651393,76.35167663475148,0
2026-08-14 00:02:14.000,1.5642295924199459,20.568888093193465,10.058890906272381,22.89673434476203,7.033276538492838,47.661286259927934,0
2026-08-14 00:02:14.100,1.5012184080613657,21.58881580953022,11.126182211967766,24.287216774915358,4.062175198541929,48.03143374222155,0
2026-08-14 00:02:14.200,1.67477526789854,22.03678857881535,11.262835994905418,24.748162063384502,7.769019007584986,35.15728174915144,1
2026-08-14 00:02:14.300,1.9762585099145364,20.283851816063418,11.575832813709663,23.354540240111273,11.794747684916906,49.37723135814778,1
2026-08-14 00:02:14.400,1.8798216541765296,20.750564113485975,11.826520274495618,23.88414731220162,11.009411009916697,72.35464279453782,1
2026-08-14 00:02:14.500,0.9060408126200385,20.192290209806217,12.016081715070516,23.49712330691329,8.695378287877775,61.813820029215876,0
2026-08-14 00:02:14.600,0.4784315460392181,20.396370816047718,11.719181555687907,23.523417243268433,11.33680487910532,43.475987073496064,1
2026-08-14 00:02:14.700,1.8737279644957094,19.939265861537802,11.270968218040315,22.904345606656427,4.82144424591747,50.36049637425542,0
2026-08-14 00:02:14.800,0.9532485206338316,20.33475740626658,10.170436605974349,22.736317633422008,7.023637013284981,34.44273949298007,1
2026-08-14 00:02:14.900,1.4100938392429265,22.662996270896187,11.285877467337574,25.31763081693096,9.187414822190625,38.37056786842032,1
2026-08-14 00:02:15.000,1.0319547895762562,20.336398283461797,10.97316467738165,23.107995113824224,7.608755519548665,51.79329383136461,0
2026-08-14 00:02:15.100,0.7792078249679921,21.386669254066522,12.128979419626384,24.58661757022618,7.259530008570328,44.066544766154564,0
2026-08-14 00:02:15.200,1.7165850912819152,20.76567600378862,12.488556771830702,24.2317426145451,4.398068803036715,37.464802527458986,1
2026-08-14 00:02:15.300,1.8036620641210588,22.455745416950258,12.516984541595944,25.708663991842016,1.7559758340718652,55.87808917685471,0
2026-08-14 00:02:15.400,1.2693958397093121,22.596376498970674,12.376690710322494,25.763903117001067,10.453599274848909,49.01299896016011,1
2026-08-14 00:02:15.500,0.463583083142036,22.15761890695975,11.669308766530492,25.042620524112202,8.729664719756677,31.18939553970753,1
2026-08-14 00:02:15.600,1.2815022206990068,21.6080182003773,11.363565735984011,24.413870581779253,10.705995134630278,25.09823640598654,1
2026-08-14 00:02:15.700,1.6567216021610185,21.079158832887387,11.18844881890332,23.86445733879808,6.688292173524877,43.15986201710895,0
2026-08-14 00:02:15.800,0.9084353724903484,20.12667838799078,10.585132722027817,22.74045333049803,5.861666345517218,30.940818278701666,1
2026-08-14 00:02:15.900,1.5733439679116623,23.27041669575797,12.589615649187751,26.45771561167903,8.019643899909903,27.573063122352153,1
2026-08-14 00:02:16.000,1.4938760603308017,20.57554951933696,11.661364691909728,23.650384024374876,10.562598945838449,63.54763041682502,1
2026-08-14 00:02:16.100,1.7317165998404354,22.0072036065761,10.809062120829257,24.518418271031308,7.305643355037037,48.82746932161648,0
2026-08-14 00:02:16.200,1.5478321473656613,22.411457554620398,11.149942088630013,25.031872448987006,10.405355552985458,46.81464346129396,1
2026-08-14 00:02:16.300,1.1107724236473777,20.80494620754541,11.122557257524404,23.591461731858985,4.981075983220739,47.739130206191014,0
2026-08-14 00:02:16.400,1.9786286006657965,22.40657395422045,11.855556444154791,25.349729287834425,7.515658600490398,36.34601419048436,1
2026-08-14 00:02:16.500,1.436588170789212,22.14110935269708,12.680111970471483,25.514975268492506,7.789657567765907,54.93171398017002,0
2026-08-14 00:02:16.600,1.4890781841960272,23.113194707193735,11.552746883410716,25.839615518130383,11.67916983176576,48.43159607920951,1
2026-08-14 00:02:16.700,1.1266928163707215,20.924219127839,10.034112544732507,23.20573982165149,8.622882194047724,40.91109612824706,0
2026-08-14 00:02:16.800,1.322687099523396,20.116036299439738,11.689795921904537,23.265989020373777,13.238232554882586,42.708455785700004,1
2026-08-14 00:02:16.900,1.1460789143892396,20.904745283728683,11.72118590342616,23.966530294563977,3.9569456001575523,35.270495441452454,1
2026-08-14 00:02:17.000,1.4308215760306309,21.62742330416127,11.671205672227746,24.575648122090676,8.389756713233838,45.12508552517798,0
2026-08-14 00:02:17.100,2.1846833920569373,21.485117211165736,11.354173757267846,24.30077207184496,8.538194117541337,47.12446543060983,1
2026-08-14 00:02:17.200,0.9512395428274575,21.041801310259867,12.035094788501327,24.240480790377603,9.860279592760602,44.81260005044043,0
2026-08-14 00:02:17.300,0.8545754408493035,19.534376470010923,11.919057249512099,22.88352660297934,5.559920190653326,50.661854688099034,0
2026-08-14 00:02:17.400,2.0884681309974433,21.92239164757101,11.851280939563827,24.92075671920819,13.053339018232508,49.05785954285893,1
2026-08-14 00:02:17.500,1.4162705291392537,23.43258785297785,12.206259113491763,26.42118345254856,8.038891824415277,52.76922246397529,0
2026-08-14 00:02:17.600,1.2323709045360334,21.932829334472395,11.537280599291353,24.78220825999728,4.7387974611952455,61.317164443059134,0
2026-08-14 00:02:17.700,1.9159618749584306,22.086048337856646,11.496879155521357,24.899232146771148,7.9519250287591445,57.11628172655697,0
2026-08-14 00:02:17.800,1.2577537841052544,22.057692847411978,12.995247156422446,25.601137912352165,7.06051543135966,61.45507808612403,0
2026-08-14 00:02:17.900,2.2304038854187747,21.890628933593018,12.34363368599872,25.13095556644001,16.349705426741988,39.827189242085254,1
2026-08-14 00:02:18.000,1.7711703485357075,22.433582953032456,12.562707040452855,25.71161706884326,11.14983079857504,43.896621270936116,1
2026-08-14 00:02:18.100,1.304835436741719,21.905625389803767,12.887034693438117,25.415194016735207,8.148984067124653,57.843160207351616,0
2026-08-14 00:02:18.200,2.362923285306201,21.20590926141857,12.331907203142947,24.530929922659816,7.664249944402386,58.057732057185035,1
2026-08-14 00:02:18.300,1.2577140307986645,20.730932243516833,12.658863635424291,24.290293950991067,10.853170587444396,41.85655258955742,1
2026-08-14 00:02:18.400,1.7968381488037228,21.286282220698656,10.65767739593139,23.805291391935924,10.996586480984643,57.33900710938091,1
2026-08-14 00:02:18.500,1.6197170321625967,21.857720094883735,12.089477456656665,24.978298439271118,1.0,38.6776146002487,1
2026-08-14 00:02:18.600,2.020696515759519,21.23584235976384,11.784980423080626,24.286761091202216,9.928979464200001,55.772668689701526,1
2026-08-14 00:02:18.700,2.124604478690741,21.874598726471987,13.27830329872418,25.589283068055646,8.08389963193588,49.68444558961231,1
2026-08-14 00:02:18.800,1.5128016596263067,22.007744899494718,12.68327328491922,25.400910550237786,4.066568534639071,33.386772753123964,1
2026-08-14 00:02:18.900,1.1986328518615266,22.410108919518223,11.44180154031428,25.16203100452363,10.640642418872531,44.79111413888712,1
2026-08-14 00:02:19.000,1.6839888571756465,22.86805917954076,12.249393853244436,25.942162215414523,14.738564040674795,76.18721371634592,1
2026-08-14 00:02:19.100,1.2289138520991576,21.671606351634384,12.090304426652708,24.816002558618056,9.670387840483343,52.43336435365994,0
2026-08-14 00:02:19.200,2.3053548990106494,20.294157090461603,12.324625339887344,23.743403331892548,11.301285326770593,77.60539972061912,1
2026-08-14 00:02:19.300,1.5546141324330949,21.26516428124382,11.151087051338084,24.011537941889685,13.41235727589321,32.672881641499565,1
2026-08-14 00:02:19.400,1.3538713794751565,21.66266566792335,12.25917503250063,24.890931206319134,5.509213547839845,59.00890151196611,0
2026-08-14 00:02:19.500,1.5738721223459633,19.791169066793405,11.793641614351708,23.038670872213277,2.427285664499248,19.587965698314612,1
2026-08-14 00:02:19.600,0.9611494841881214,23.023937065526717,12.207123338499024,26.059845321848375,9.970598189928506,49.9971741810226,0
2026-08-14 00:02:19.700,1.1113543845957394,21.785985180388444,11.406656228629053,24.59148138275177,7.257165390675647,57.574608531815855,0
2026-08-14 00:02:19.800,1.9801655631777701,22.033294824912005,11.523114657081754,24.864598372822083,3.877479642885371,60.05468113995531,0
2026-08-14 00:02:19.900,1.2372422884114416,23.025803175311726,12.93523964396464,26.410377439843415,7.765490191592621,40.408763305035045,0
2026-08-14 00:02:20.000,1.0812356069272242,21.03846860509686,11.159928814471396,23.815145861231148,10.18264212137186,62.46908506372083,1
2026-08-14 00:02:20.100,1.7146611010109145,22.250988088576975,11.22396417378213,24.921553777650768,7.5530850057069205,43.59542287946367,0
2026-08-14 00:02:20.200,1.9742816618651988,21.575416757044756,11.969903522315551,24.67341076085165,5.639517107794887,48.03083298665124,0
2026-08-14 00:02:20.300,1.7875813242660268,21.50952873558451,11.398657061411496,24.343155285020096,7.329478819110469,44.80013336772039,0
2026-08-14 00:02:20.400,1.8984190743223266,20.929757937249796,11.313147289222266,23.791638634182135,7.941570604095963,36.36332779121202,1
2026-08-14 00:02:20.500,1.1972819645722157,23.375888261194444,12.110231805471388,26.32659997762907,2.2115532121217534,68.8366350490503,0
2026-08-14 00:02:20.600,0.9312757333032625,21.343119729886087,10.827119176454033,23.93230597885192,7.57167514048792,50.57621380589692,0
2026-08-14 00:02:20.700,2.1005334607821946,22.426418739311103,11.229802907518332,25.08092364353098,3.966978583565325,63.04782054390354,1
2026-08-14 00:02:20.800,1.3709280644631456,19.86028182739721,13.684449995260401,24.11835330068009,9.97707785606329,62.5365349011752,0
2026-08-14 00:02:20.900,1.399666793417981,22.923612467012674,12.41375440956894,26.069010473719008,3.3168722732396656,38.3847174287242,1
2026-08-14 00:02:21.000,2.0312776567396233,22.804169815733687,11.45392451405005,25.51906243885884,11.038076613652809,64.59352697205921,1
2026-08-14 00:02:21.100,1.722492003760264,21.857727492527676,12.390748091951181,25.125502769413234,6.772504792358175,56.04097092259187,0
2026-08-14 00:02:21.200,1.6823551088326432,21.541685638546188,12.515041244399773,24.913259070201445,6.371072879683964,37.50917762632533,1
2026-08-14 00:02:21.300,2.3660009379604334,22.17696283275142,12.861709232354906,25.636716733288633,8.883363791905916,55.38620997609806,1
2026-08-14 00:02:21.400,1.2425927078479428,24.074088210471885,11.969453706189576,26.88548949136312,5.401896664329824,37.72438538158319,1
2026-08-14 00:02:21.500,1.8711360512324948,20.030395573141856,12.857377525445516,23.801867650425507,8.836237262390192,69.27750041574369,0
2026-08-14 00:02:21.600,1.5228052499588338,22.58399438207321,10.45042297679371,24.8846969570339,5.803673675934888,59.76544093906516,0
2026-08-14 00:02:21.700,1.6074369115453027,20.89868441479892,11.241134525791091,23.730109896422558,6.329796463025692,49.146217253707576,0
2026-08-14 00:02:21.800,2.1113873705650126,21.798718043106838,12.222278985033105,24.991362746173998,9.216062507987406,65.17764341860621,1
2026-08-14 00:02:21.900,1.7031343025158496,21.579091042781645,12.359889523362419,24.86813300717171,4.584257798796852,31.016148263557547,1
2026-08-14 00:02:22.000,1.715318431619853,21.406987626516297,11.37175770045352,24.23996684072909,4.206988094712929,41.0079043985595,0
2026-08-14 00:02:22.100,1.9290029349239208,21.833175477715063,12.313720357071205,25.066217514273035,8.744676522231025,46.97096333911554,0
2026-08-14 00:02:22.200,1.3540189081828458,20.717804183943745,11.612112998583115,23.750127967994192,7.9193004425318465,76.82821617710621,0
2026-08-14 00:02:22.300,1.1643161330643974,22.889490487803243,11.894618755623435,25.795556402854814,8.506078234428177,37.15420518951913,1
2026-08-14 00:02:22.400,1.0820763223915866,20.07450126293042,12.94100590500942,23.884204713343163,8.982917710164262,29.51232869911192,1
2026-08-14 00:02:22.500,0.7134573642495993,22.416744009411104,12.853337695460539,25.840253518435446,8.172126661420943,32.66737382602075,1
2026-08-14 00:02:22.600,2.3224828519761287,21.558778366501933,11.333540269531294,24.356314575424566,9.824277871901206,60.874590430467215,1
2026-08-14 00:02:22.700,1.0587166537113268,20.722724047682796,11.290388195278068,23.598816867726338,8.292308860935975,42.86969275353372,0
2026-08-14 00:02:22.800,1.4114985505656912,22.104367034542683,11.812251481923742,25.06256824569236,1.9780883009740915,48.09096002757664,0
2026-08-14 00:02:22.900,1.3892746800444318,20.353367299691257,12.1247939909003,23.691141588321855,2.7563462160144336,59.15399170009381,0
2026-08-14 00:02:23.000,1.6229626791236402,21.958366930571106,11.624873074451092,24.845674719248354,13.78384754072625,48.10298446450506,1
2026-08-14 00:02:23.100,1.8262948850157188,20.504110923493663,12.988706653022865,24.271898674829963,8.000215601176588,52.44975925409667,0
2026-08-14 00:02:23.200,1.8441893953438981,22.396594638076788,12.439105405622222,25.619109950865,10.850724955151291,56.422581771316345,1
2026-08-14 00:02:23.300,1.2667690245724246,21.019299942582325,12.491062453627165,24.450718011883733,6.962888283118772,44.831883296477415,0
2026-08-14 00:02:23.400,1.4331513144854353,21.500997981637134,11.15796413604389,24.22381220756976,7.825954716818209,48.00419528084379,0
2026-08-14 00:02:23.500,1.61303198019532,22.254276109063348,13.110028606579137,25.828775720187572,6.639906037187469,52.90346482785214,0
2026-08-14 00:02:23.600,1.400523549526581,21.196119331731694,9.925061808351805,23.404750086779686,15.397781994384093,60.41815127663864,1
2026-08-14 00:02:23.700,2.142938230407997,21.919032166359365,12.853442061096098,25.409741122802703,8.759727267092428,40.49156882983221,1
2026-08-14 00:02:23.800,1.6963899806553004,20.47150038723656,12.938647923225465,24.217574985654807,6.395426283481408,13.753088938042644,1
2026-08-14 00:02:23.900,1.793951114419927,22.62454121453131,11.850278416738723,25.54014416016968,3.045380859709428,58.15499779262776,0
2026-08-14 00:02:24.000,1.7651525074669652,23.766914138939672,13.219528373831277,27.195994891054468,13.921200328207556,61.13259102500102,1
2026-08-14 00:02:24.100,1.96938954299413,24.8025439237526,12.155722991142108,27.621147451310886,7.51016484431509,52.40040994556206,0
2026-08-14 00:02:24.200,1.5724086234814827,22.10983792496282,12.261147229639786,25.28202255467366,10.232687358684792,53.21951862747843,1
2026-08-14 00:02:24.300,0.9812672208176614,22.81520864154731,12.487825730373448,26.009220227248495,10.567991870919638,43.22828127031795,1
2026-08-14 00:02:24.400,1.6598751807010568,20.254713550296376,14.770463463371165,25.06830692183543,6.611508429708888,56.00220105841909,0
2026-08-14 00:02:24.500,1.2394572424832684,23.546408271963198,13.30175149386097,27.04385207980567,10.017358326158469,60.23800183621026,1
2026-08-14 00:02:24.600,1.2885533273000973,22.828237172835454,12.792110161437146,26.168043388865932,6.187585139745147,50.67795609702181,0
2026-08-14 00:02:24.700,1.7345456075020373,21.57640994561386,11.5059624450581,24.45257937167922,5.028720913881752,79.8949799600872,0
2026-08-14 00:02:24.800,1.9953132285734543,23.305858913307844,12.356078728194896,26.378698626436467,11.493394077536637,31.235106947943446,1
2026-08-14 00:02:24.900,1.5085086306944246,21.822536758827237,11.59570842620644,24.71201255454442,7.525431860533402,51.95554005027616,0
2026-08-14 00:02:25.000,1.6235332050395854,21.627322374911763,12.908897212582044,25.18691526077315,9.555538500807966,35.907764452192225,1
2026-08-14 00:02:25.100,2.1808859778540954,22.569017205807555,12.368582948815924,25.736013323702206,9.232762981645314,60.55815108748268,1
2026-08-14 00:02:25.200,1.5963012717954272,21.038662503003486,11.361592858009168,23.91048122030274,9.913795880165868,31.022294863493823,1
2026-08-14 00:02:25.300,2.540673245672158,23.131976489687496,12.331110701907331,26.213443639898756,3.3303891973951254,33.99294148738762,1
2026-08-14 00:02:25.400,1.7262038582526178,21.062696635814447,11.59167789287173,24.04171761635263,6.244128406050891,42.40175671340955,0
2026-08-14 00:02:25.500,0.7956948963376729,21.076966380371843,12.397185679187057,24.452581143175166,7.026574527510725,53.18998603826479,0
2026-08-14 00:02:25.600,1.801336648441813,21.22566610424044,11.59395168249706,24.18571101259539,5.505563981295529,42.854343336060595,0
2026-08-14 00:02:25.700,1.652463353953111,22.903190652618637,12.308204475750161,26.000923819877517,9.287020544049163,42.97470484881088,0
2026-08-14 00:02:25.800,2.0159011016330983,21.535249976036553,12.891591092081832,25.099006203748903,11.560679232787692,47.829314540886976,1
2026-08-14 00:02:25.900,1.7692725405079834,20.81236427564283,12.253774442465916,24.151801068013228,12.035553966038893,47.09311809126193,1
2026-08-14 00:02:26.000,1.4446176064064904,21.563014782527944,11.988506255740335,24.671600855142007,6.982385704370349,67.84939265982229,0
2026-08-14 00:02:26.100,1.0102807054842537,22.144987134237,12.46883867979646,25.414019619066767,8.875897587373721,58.23093343602761,0
2026-08-14 00:02:26.200,1.41639069708559,21.00439174370684,12.86896463305702,24.63320367410566,9.336930513470298,46.10507912258427,0
2026-08-14 00:02:26.300,1.1597918183162799,21.042017840790628,11.430472753989575,23.946236075672708,9.863768282610588,75.16414293456337,0
2026-08-14 00:02:26.400,1.2677906200781108,24.313330006378294,12.529745127131392,27.352011424206594,5.365594780782068,55.89993409827211,0
2026-08-14 00:02:26.500,1.735431361768244,21.34980299091857,13.380253692053394,25.196136144550895,13.461740804794898,38.372455336237415,1
2026-08-14 00:02:26.600,2.1679618017405624,21.89566074841319,12.79014744093309,25.35759908134856,10.779560553039333,53.07816487990213,1
2026-08-14 00:02:26.700,1.6578686119291923,21.859800838840656,12.382426021117746,25.123203754342967,10.857948031077324,56.42615053838377,1
2026-08-14 00:02:26.800,1.0216467751859262,21.81401575432324,12.853013542615324,25.318989720297203,11.610380170701191,41.74850337126382,1
2026-08-14 00:02:26.900,1.6778410672880564,22.865054024516525,12.708221535610601,26.15931172913799,9.602407826797954,37.36989307032753,1
2026-08-14 00:02:27.000,1.9786525946582605,23.200184957473216,12.954106091528551,26.57174150656188,4.918059730847083,51.0375090805093,0
2026-08-14 00:02:27.100,1.256086838272247,21.954422297923315,10.73708074888659,24.4393445379303,7.58308180533468,45.67733874432757,0
2026-08-14 00:02:27.200,1.4463931333308329,21.032233165316303,11.11846196421458,23.790229683000486,3.0468398148142537,67.7495346614653,0
2026-08-14 00:02:27.300,1.5058752778916789,23.551486402211296,13.170091024204027,26.98376936862904,9.245217529097253,58.89386988901898,0
2026-08-14 00:02:27.400,1.186040674767104,22.190039805619453,11.16700519716053,24.84149495598818,7.49235902550336,42.31069671096103,0
2026-08-14 00:02:27.500,1.7593121735375437,24.024037434127045,12.69746028013729,27.173146159434715,7.878432849419205,55.111257331383065,0
2026-08-14 00:02:27.600,1.4516207405568873,20.056464444158458,12.099590480208338,23.423532094638087,11.612003390256953,65.20553771269688,1
2026-08-14 00:02:27.700,1.6678129775628112,22.50578828546068,11.58927964202962,25.314460471658123,6.629017884330622,33.274346649204205,1
2026-08-14 00:02:27.800,1.14500312887916,24.237326120507312,12.670951677696644,27.349606832463778,7.243630523683771,37.72666110814697,1
2026-08-14 00:02:27.900,1.3250166798706358,21.973790373646686,12.557059508424166,25.308638977295352,8.065919887889649,49.86597659264562,0
2026-08-14 00:02:28.000,1.7889525431311086,22.10989580820395,14.089507660600257,26.21758415201042,2.4800232517591025,50.42722361486041,0
2026-08-14 00:02:28.100,1.3508667391632931,22.63923564558267,11.906385408766688,25.579229935991297,7.2018090327139905,49.373629934445674,0
2026-08-14 00:02:28.200,2.190785540493362,21.793262857561118,13.563323301922983,25.669243170986555,1.0,46.270673854547866,1
2026-08-14 00:02:28.300,1.340145525754159,22.048321466847085,12.69817437084734,25.443508245874312,6.243435314312782,46.08727613057576,0
2026-08-14 00:02:28.400,1.5898738903007543,22.030913027162153,11.892419367577967,25.03578972640421,10.565567160178482,54.611097641859544,1
2026-08-14 00:02:28.500,1.873036332749236,21.74964210938093,13.065634872298176,25.372381569383084,9.341799674753208,63.607310643670075,0
2026-08-14 00:02:28.600,0.9326537068267873,23.614254116461602,12.883829343319789,26.900298437463693,6.215539068637772,44.22856724373888,0
2026-08-14 00:02:28.700,0.7956764752076896,22.85481032101122,12.464914009115311,26.032987459453057,8.122394654671437,79.26079214204785,0
2026-08-14 00:02:28.800,0.889737474171962,22.65269524327183,12.654276491853617,25.94754931234989,4.775031298608783,73.5282972288838,0
2026-08-14 00:02:28.900,2.005033641370873,23.218972740512385,11.968651415336936,26.122199597784718,7.99296979055144,65.95106755496099,1
2026-08-14 00:02:29.000,1.2792567416430214,22.154380622872544,11.790612173442002,25.096516017320596,16.790960856477533,57.46980001473874,1
2026-08-14 00:02:29.100,2.523279714267301,21.652867360176852,13.06379644617592,25.288523928939203,13.537403961115794,74.09585727764187,1
2026-08-14 00:02:29.200,1.2743009605370446,21.83278159636894,12.28209200113948,25.050352016672353,8.157866390051783,46.5186156200071,0
2026-08-14 00:02:29.300,1.5738205212788148,22.445523664541845,12.402177975463072,25.64401589280761,8.480432494746124,40.00874705611719,0
2026-08-14 00:02:29.400,2.1168439810271504,21.39286363751808,12.695102484290011,24.87609779889261,5.061304056096347,43.688335287152185,1
2026-08-14 00:02:29.500,2.3024371552636493,21.960149051758044,12.68847671683388,25.362286722002516,5.594632676146849,37.964686362919025,1
2026-08-14 00:02:29.600,2.324601430654559,21.952628148927033,11.337785697699829,24.707554860245285,9.086552966314082,51.461615867760436,1
2026-08-14 00:02:29.700,1.983346492237257,24.60163574308122,13.515249377115211,28.069600049891424,6.425322303090545,53.59796556953292,0
2026-08-14 00:02:29.800,1.9096250103245849,19.711599295772032,12.588194262944112,23.388240241597902,10.712448784554745,52.410078064173284,1
2026-08-14 00:02:29.900,1.7370107796804732,22.31412923675406,12.334126764638096,25.4960986552987,12.70905704293327,49.850823773818405,1
2026-08-14 00:02:30.000,1.811344430466655,24.227777473428205,12.845927012503859,27.4226738687629,8.997862354343116,51.597854338059385,0
2026-08-14 00:02:30.100,1.2795257134685867,22.632262867199632,12.695484796732199,25.949848876517212,8.30521161751978,70.83588570619867,0
2026-08-14 00:02:30.200,1.172720446631077,23.272170598942008,13.124902026904314,26.71810205838165,2.9576611252680447,57.44062241166901,0
2026-08-14 00:02:30.300,1.498650217035619,22.62691416307443,12.94663964650555,26.06899926501989,10.242830735816149,61.070105559257854,1
2026-08-14 00:02:30.400,1.4319261509900287,21.868089189211922,13.095530525454055,25.489335898183505,4.568986095382825,52.289479240241455,0
2026-08-14 00:02:30.500,1.31870878026909,20.301841358373235,13.6070495003113,24.44006052865819,6.745972614099741,30.61293561838307,1
2026-08-14 00:02:30.600,1.7785549789826862,22.75754770237219,13.238154848378311,26.32783168465242,10.878727677155405,28.233410354365866,1
2026-08-14 00:02:30.700,1.8821220834282042,21.78482013318724,12.40786706641093,25.0705714608392,11.089274492927096,74.99371988250218,1
2026-08-14 00:02:30.800,1.535362754516739,21.76842605407807,11.64293595128456,24.68648072199801,6.600477417949648,43.61813269722534,0
2026-08-14 00:02:30.900,2.0910120324221046,22.078108926718002,13.880496056021883,26.078939099228407,6.773253395240041,42.59898387017681,1
2026-08-14 00:02:31.000,1.043324354346598,24.33029231177435,12.361079844412826,27.290280667232704,5.902043380229984,52.94795889652699,0
2026-08-14 00:02:31.100,1.4225362162881128,24.99860316985857,12.177773445874342,27.806983413220234,4.406438764022267,56.60483573995913,0
2026-08-14 00:02:31.200,1.213271071758878,22.819308287586743,11.171878755823453,25.407315986911023,6.095613553687274,58.12234564801295,0
2026-08-14 00:02:31.300,0.7533853531707759,22.145667848600354,12.837039527756941,25.59726915703559,3.160609943255934,71.29302239456004,0
2026-08-14 00:02:31.400,1.4669277256629203,21.44154337751462,12.690371160142513,24.915563461258866,10.049187744524794,68.00883659189529,1
2026-08-14 00:02:31.500,1.4513009966466865,23.095644678965638,11.364170761452158,25.74010839589604,9.183570815485627,40.26880130433415,0
2026-08-14 00:02:31.600,2.1053798972968525,24.418344839938456,12.94388277763053,27.636925771206705,9.681587854611537,61.62481488106147,1
2026-08-14 00:02:31.700,1.752324673821911,22.396433575301895,12.187710840835082,25.497853486768626,5.1367878482745715,45.39090898147042,0
2026-08-14 00:02:31.800,1.090325270268318,20.27311264402757,14.743517216699434,25.06731729157596,4.414788309454831,48.34989506683068,0
2026-08-14 00:02:31.900,2.2416370265336756,23.33049307905006,12.140777090668028,26.3003873674304,8.16054282294068,36.87212952858365,1
2026-08-14 00:02:32.000,1.9884134782101412,23.654177841138328,12.253112212054733,26.639423571492763,8.192307694850676,29.683125754023088,1
2026-08-14 00:02:32.100,1.7328390813874464,21.091267211756175,11.90644673188172,24.219930354500157,7.558190517461164,49.62125944841253,0
2026-08-14 00:02:32.200,1.4094063604600673,22.861931758258716,13.633569761591037,26.618455029611468,7.1315501924364515,38.52821700666505,1
2026-08-14 00:02:32.300,1.116224305310608,23.145008313185606,12.318048742657904,26.218804981232967,13.13232733308316,61.133764142864436,1
2026-08-14 00:02:32.400,1.3511172895715788,22.62900971749431,12.041338888689554,25.633297154808613,9.278075035378935,46.62706107775854,0
2026-08-14 00:02:32.500,1.9354994478816745,21.919680822871637,13.19183505311063,25.58313740425605,13.912035174399474,53.70308262739848,1
2026-08-14 00:02:32.600,2.2538345223738436,23.734723687974288,11.526989530315893,26.385765029206564,11.8068950762949,66.41030904698518,1
2026-08-14 00:02:32.700,2.1172974113088756,22.323741440895795,13.136361149117844,25.901996374025323,13.109812778052035,32.17645781861471,1
2026-08-14 00:02:32.800,1.3044602312854903,21.250269746618287,14.066393318871619,25.484061397376138,4.776611700931994,41.30459133740375,0
2026-08-14 00:02:32.900,1.0521530266843955,20.69431614610228,13.099560645331248,24.491900903268835,9.77951297299409,52.1706034947902,0
2026-08-14 00:02:33.000,1.5563544987644815,24.012974874225016,13.161593865543363,27.383398536187407,6.704703533019881,53.75029778987913,0
2026-08-14 00:02:33.100,0.7926242537748593,23.377124053150563,13.352324219533656,26.921636114098558,3.0098398659214016,63.24197001526791,0
2026-08-14 00:02:33.200,1.6292670856739127,22.85676834626236,14.029043302420328,26.818760508567237,12.488009508666577,60.40583754848718,1
2026-08-14 00:02:33.300,1.4409589654805326,22.336854884736127,13.634192880967442,26.169186109949685,7.118922422883113,51.16320350876887,0
2026-08-14 00:02:33.400,1.3135853992527031,22.256465829837545,13.023014324242823,25.786608410649123,4.834695109199947,53.64085604716706,0
2026-08-14 00:02:33.500,0.8621187730932818,21.7180623180528,13.39939250040545,25.51897235843847,6.7563084102539195,53.97291069188588,0
2026-08-14 00:02:33.600,1.7054400426278866,22.37067804438827,11.972532272996807,25.37299283083542,5.611327631678542,32.36345162391493,1
2026-08-14 00:02:33.700,1.2869196641352354,20.690381196281724,13.307315919438999,24.60033599419331,5.918906097149998,48.12349427174046,0
2026-08-14 00:02:33.800,1.0320332657158848,22.08273948038713,11.886837103366389,25.078761518077727,7.335189829452052,52.98167861596511,0
2026-08-14 00:02:33.900,0.3510951146873402,22.516200339958292,12.40266477888033,25.70613489746011,13.19244557913423,55.50261030542128,1
2026-08-14 00:02:34.000,1.4889940379797455,23.445352625953543,10.235233807143286,25.582114276232048,6.001048350366123,38.90763871923009,1
2026-08-14 00:02:34.100,2.2089006386678975,22.803880837843508,13.027428108224091,26.262727664534644,12.977811992657571,34.7744250496533,1
2026-08-14 00:02:34.200,2.164503685819148,23.647065137546168,12.196187605315684,26.606966789234118,10.546510387938564,47.18560888978303,1
2026-08-14 00:02:34.300,1.3171614973654913,24.20961185123778,13.605202219838183,27.770610966096562,9.188814690758258,73.60839333309792,0
2026-08-14 00:02:34.400,1.2591151758552876,23.926981562402197,13.03344096963118,27.246486566094998,10.244360096755624,40.16902984725598,1
2026-08-14 00:02:34.500,1.6875097024300096,23.347656038410395,13.625564430380404,27.03274030753022,8.040966991512372,64.0871389682577,0
2026-08-14 00:02:34.600,1.1006458243246833,22.897343592666363,11.864411312353319,25.788613754704162,11.858150311590279,69.01687571654143,1
2026-08-14 00:02:34.700,1.6207167599277863,21.913027627525764,13.5669982112913,25.772935810068063,9.700940789801303,50.545598314798326,0
2026-08-14 00:02:34.800,1.8064321113538762,23.642094409772383,14.425975290526502,27.695800966274142,3.006002044923461,41.84182478415859,0
2026-08-14 00:02:34.900,1.9907732895537231,24.590232463068332,13.3576176884536,27.98402192142202,8.888755795669896,56.15383476389871,0
2026-08-14 00:02:35.000,1.4599383694080188,23.260925842950968,13.383571088934161,26.836367976382693,10.351919428977846,52.33988350519395,1
2026-08-14 00:02:35.100,1.4185304999292137,24.844413674180412,12.891970856568523,27.990137609172535,7.132996344196348,39.690752237716296,1
2026-08-14 00:02:35.200,1.1488069652973756,21.409917540146953,12.34155852447253,24.712317493284047,8.378767618141797,42.09436608353869,0
2026-08-14 00:02:35.300,1.169247858384056,21.789660585882235,13.375248280558274,25.567295027329873,6.1614260159767795,55.44295822574397,0
2026-08-14 00:02:35.400,1.4094084432393892,23.80736020086378,11.566428887547657,26.468333475010652,3.867123031809319,61.20128489802257,0
2026-08-14 00:02:35.500,1.6469462027264712,23.224783625722512,12.442091949404904,26.34760381019638,3.34886938720628,46.12651758421535,0
2026-08-14 00:02:35.600,1.8654338504932997,24.282610314594812,11.364451440944055,26.810369640197834,3.3887960387934095,49.170397221343364,0
2026-08-14 00:02:35.700,1.178728419727862,22.961691219750005,12.22337261443398,26.012498952281366,10.007134227411596,58.023662846132964,1
2026-08-14 00:02:35.800,2.0970754275838086,22.117522160402153,13.304934623273143,25.81096805324149,1.0,47.93015738991277,1
2026-08-14 00:02:35.900,1.3915505595829725,22.780239063179188,13.200614084206908,26.328606191284734,6.000560219109556,46.40807632044939,0
2026-08-14 00:02:36.000,1.4914530822606256,21.469483056914235,12.842031173131163,25.01712348338234,5.703040144263866,40.93591016327329,0
2026-08-14 00:02:36.100,1.2011153283408706,21.881911077194683,12.942621845424638,25.423011084919082,7.153521392037606,40.72778451951163,0
2026-08-14 00:02:36.200,0.5303038958908233,23.991280470663465,11.302610189355907,26.520379629910472,2.430705350191392,82.02659309867907,0
2026-08-14 00:02:36.300,1.8536181585444198,23.899958609668808,12.518252892662789,26.979893940276014,9.211664284221856,47.645580079051015,0
2026-08-14 00:02:36.400,1.7947375588369734,23.39851020245902,12.276222265443597,26.423397071632404,4.180515817520304,66.38069985814668,0
2026-08-14 00:02:36.500,1.3874689771527147,21.322763119146213,12.299056631652379,24.615584922236042,11.397216622127807,70.20792005022885,1
2026-08-14 00:02:36.600,1.5267962868899487,22.693771787047538,13.310968119787258,26.30948783630323,6.134702937233503,47.79701252608209,0
2026-08-14 00:02:36.700,1.7063756870816398,21.835510196354114,12.147900189804254,24.98721642273366,7.713160929764239,54.421157701217226,0
2026-08-14 00:02:36.800,0.8749816572453829,24.24537806125568,12.35756220437882,27.21300609944278,8.011321569665618,51.22974178439639,0
2026-08-14 00:02:36.900,1.288378929061482,22.493457396359048,11.17665232138538,25.117188989911845,8.732723158581717,30.65381179209588,1
2026-08-14 00:02:37.000,1.817705871848731,21.999766541593846,12.616010007124302,25.36046995590761,8.111043132488426,31.37632385302205,1
2026-08-14 00:02:37.100,0.9982842307323002,23.12364513995056,11.986039346726587,26.045500643674274,6.718668353802104,50.586181602851276,0
2026-08-14 00:02:37.200,1.6174231728666517,22.462029240448267,12.924672561321444,25.915051966301906,9.029145592082129,44.90103753669685,0
2026-08-14 00:02:37.300,0.9573672781506379,24.594262329940328,12.105424614448003,27.412023724088765,9.398441391484862,72.69896406072309,0
2026-08-14 00:02:37.400,1.6865719929734104,22.38404224465617,12.954945681753593,25.862636463201856,5.704595998671139,47.16112473566458,0
2026-08-14 00:02:37.500,1.4857434070810065,21.727959605419475,12.760564110192592,25.197940888593966,9.279103456920671,73.4111479648175,0
2026-08-14 00:02:37.600,0.8539472736377962,20.98260907134033,14.218946970692567,25.346564587652917,11.575160907205088,44.28330324637347,1
2026-08-14 00:02:37.700,1.9658957417828686,23.113070807138175,13.28408877009351,26.65860192484796,10.117682588313658,72.94640504730721,1
2026-08-14 00:02:37.800,1.2061633692807803,22.590261918147405,11.419604921153358,25.31259192745245,10.79712572494156,56.077093963368156,1
2026-08-14 00:02:37.900,1.1758990251942476,21.731622147947352,11.884404977393277,24.76898227315458,8.515762546722335,56.75950274925437,0
2026-08-14 00:02:38.000,1.5802276788923773,24.3580879381686,12.945483293341558,27.584451883293603,5.191548661775363,43.858832519196206,0
2026-08-14 00:02:38.100,1.959454939771486,23.8444413467958,12.162439360905816,26.76718727002328,5.571066620889065,56.92300616484427,0
2026-08-14 00:02:38.200,1.0936712724086413,23.15731304288307,10.536623808903501,25.44172927802736,8.959663903563236,70.31256119697501,0
2026-08-14 00:02:38.300,1.5246719399391886,24.55819188844491,13.995956437631422,28.266439206836043,10.82829117545693,48.26207007127835,1
2026-08-14 00:02:38.400,1.6715266001322293,23.8647364001264,13.497499433561,27.417296263608808,16.357735741982168,45.92723821560058,1
2026-08-14 00:02:38.500,1.7772422429052577,22.387679187663093,13.343102552302335,26.062359162803745,10.945465833315811,47.03884953367894,1
2026-08-14 00:02:38.600,1.57057662211089,22.179649647644506,12.44546345060443,25.432782368285775,4.488692727507495,69.44133926007724,0
2026-08-14 00:02:38.700,1.353188864366671,24.045186078542873,13.278464137261354,27.467955573655058,5.698182282920053,60.26421448401304,0
2026-08-14 00:02:38.800,1.1689639117405122,23.631906213010108,12.37783529454895,26.677289926817668,14.835551947867996,67.37215988565342,1
2026-08-14 00:02:38.900,1.5344575532185498,23.41362174696716,13.110210227572054,26.834218742515837,7.356833204069665,53.76347252581124,0
2026-08-14 00:02:39.000,1.0711443952057573,22.405710898581333,12.214858640200964,25.518986117612478,8.142543904283865,50.47183228133398,0
2026-08-14 00:02:39.100,0.331459806602157,23.868490990909738,14.169356814787202,27.757441069520365,5.118749238772313,55.08732846884759,0
2026-08-14 00:02:39.200,1.6746239216630672,22.513379263223776,11.70513756454916,25.37444563443257,12.695310216722731,62.841902412950475,1
2026-08-14 00:02:39.300,1.861573936434478,23.17522621421779,13.952154784895546,27.050946993069413,9.500999621961876,47.03458108894562,0
2026-08-14 00:02:39.400,0.5548270257832646,24.73249173765219,13.00246121717299,27.942085556685306,5.676195956344065,66.42412392028143,0
2026-08-14 00:02:39.500,1.096107718116025,22.633048077908807,12.584755791957779,25.896543082816024,5.018524133428187,54.38996668479052,0
2026-08-14 00:02:39.600,1.7476617044020792,21.72922777909983,13.11493255906021,25.380323006311432,8.921611837693616,21.12466234363786,1
2026-08-14 00:02:39.700,2.3229981878846795,22.258004566756327,13.573009460918408,26.070008690445924,8.132618524641357,60.601921125262336,1
2026-08-14 00:02:39.800,1.5083174830701631,24.3131853077678,14.084729278003627,28.09823088104496,10.496330651663381,34.73233984085621,1
2026-08-14 00:02:39.900,1.2087988235083462,23.58195234091413,13.24684714062718,27.04787302869281,9.6409054193816,60.31007312808785,0
2026-08-14 00:02:40.000,1.426841423558064,23.20667854729891,12.288776687382777,26.259549913698557,7.206558953694132,60.81821597885799,0
2026-08-14 00:02:40.100,2.049950567659274,22.834796843129837,13.050838488077476,26.301184994385647,6.368595213615901,53.958711168574496,1
2026-08-14 00:02:40.200,1.241614328350186,23.837585278448337,14.464769811866988,27.88297038727394,7.520173555103498,56.52417078652032,0
2026-08-14 00:02:40.300,1.1803231973398987,22.511455242358668,14.094478524419435,26.55974288286764,6.347957460029712,63.18644945412784,0
2026-08-14 00:02:40.400,1.306902591127187,23.67456038444523,13.748347671981067,27.377031853479124,7.609413401585715,44.05246791427127,0
2026-08-14 00:02:40.500,1.118668556696515,22.645974969443415,13.662887339051736,26.448339697536362,8.049322785858145,59.52115591642974,0
2026-08-14 00:02:40.600,1.5490681263979182,22.487904875435063,13.590898628911305,26.27581380714895,5.306207319859829,63.956279635484435,0
2026-08-14 00:02:40.700,2.1498713833878242,22.756411548338846,13.963343257506212,26.698861801288714,9.892039586293642,71.12099117046174,1
2026-08-14 00:02:40.800,1.6292317092464117,23.026826259133642,12.67603719479304,26.285293350695238,6.888716856590989,36.73063656728356,1
2026-08-14 00:02:40.900,1.399058599149485,23.36173859213764,11.962272204222803,26.246271855928313,5.474346949143969,54.902192779853216,0
2026-08-14 00:02:41.000,1.3832754924337824,23.6543589456362,13.106544690904702,27.042747842327,6.945177715154395,38.46212961126243,1
2026-08-14 00:02:41.100,0.8747236765213371,19.738872581550385,12.402277454365144,23.311790511364322,8.726774469860858,37.95293578758203,1
2026-08-14 00:02:41.200,1.8532439108588636,22.627922037685806,12.217326952957796,25.71548042753734,8.24911459943991,54.30833326887176,0
2026-08-14 00:02:41.300,1.468865121194879,23.052337340530276,12.490121529461444,26.21856961549052,9.266354344713386,50.92946977755366,0
2026-08-14 00:02:41.400,1.4278080345637498,24.957304078948383,15.059596363830984,29.14890168652337,10.695038375226588,63.74001774226382,1
2026-08-14 00:02:41.500,2.7772430271379447,22.38057415441167,13.185245764936955,25.97577343146701,11.9148206120241,45.84588260486949,1
2026-08-14 00:02:41.600,1.6195011633462746,23.63170810334745,13.370873160237316,27.15212472255113,8.85645848806416,48.39138276563587,0
2026-08-14 00:02:41.700,1.1992835799619264,24.972276517437123,12.108457479017368,27.75300590899143,4.79179283829351,52.538051148058216,0
2026-08-14 00:02:41.800,1.3294569615177827,22.17261240020775,11.616346191058911,25.031265239303732,7.192667592409098,39.65805378276253,1
2026-08-14 00:02:41.900,1.959378283678702,23.88789087847317,12.441107277070218,26.933482524571737,4.987044846850976,41.32316185980883,0
2026-08-14 00:02:42.000,1.5453081642151059,22.69997854112799,14.251906693204505,26.803094413882114,13.090562221136846,63.39318398927064,1
2026-08-14 00:02:42.100,0.9246888086730533,23.00595135522702,13.373771431370969,26.610741441335797,13.96220264758149,43.41253950462669,1
2026-08-14 00:02:42.200,1.8676915738300814,22.71580898601668,13.59022796513751,26.4707815153539,9.95093359248903,64.18971879739622,0
2026-08-14 00:02:42.300,1.2327423657844023,22.795397234007847,13.707205556815893,26.59920335711235,10.575376527917092,57.28775096801954,1
2026-08-14 00:02:42.400,2.2493191104870185,26.257501412783974,12.648274055087866,29.145071916448604,8.752829579709978,31.429627694132776,1
2026-08-14 00:02:42.500,1.9320192262858593,24.388379859402885,14.236726859577427,28.239643479349056,9.098167746382373,56.36454430205346,0
2026-08-14 00:02:42.600,1.3210712417364996,24.653996571571174,12.625109146493232,27.6986087721371,3.2076373450126328,56.26975787712953,0
2026-08-14 00:02:42.700,2.0124065446940453,24.0525869190752,14.261341946753268,27.962703939746092,7.7782029042292695,55.07514330213542,1
2026-08-14 00:02:42.800,1.5271422042109613,21.96267136629049,13.495198617723743,25.77749637329989,5.356540812961221,48.297479283403874,0
2026-08-14 00:02:42.900,1.8411094700488877,23.972220847469497,11.715121602890656,26.6816687358637,8.84406961261511,38.71919053529778,1
2026-08-14 00:02:43.000,1.69389312691779,24.65852721410728,12.552950970479532,27.669830907255875,7.821170463834397,66.15455319335145,0
2026-08-14 00:02:43.100,1.1614573380036506,22.740532848014563,11.728408566934522,25.586859942645802,13.840465887038343,48.78104493532597,1
2026-08-14 00:02:43.200,1.2425800670730152,24.56759371166854,14.091985932939817,28.322265592918047,10.749883066168524,39.39912607597559,1
2026-08-14 00:02:43.300,1.9119843270324646,24.31493797681524,13.146572723534774,27.641428747290913,8.853535947564934,55.4896242330561,0
2026-08-14 00:02:43.400,1.3660898671573836,25.47097653422857,11.388687941689119,27.90112647619084,7.199180938581122,41.08664035120091,0
2026-08-14 00:02:43.500,1.3385406147032013,23.209488199355025,13.476960232496914,26.838569253674894,13.02806437627979,38.610967660578545,1
2026-08-14 00:02:43.600,1.1179509682602589,22.53799495204666,12.751632150682775,25.89527638324811,7.910136061620411,45.49432865357073,0
2026-08-14 00:02:43.700,1.6694396262373845,23.28231254740358,11.999319710039018,26.192551442322628,8.995021884905833,42.0152268281831,0
2026-08-14 00:02:43.800,2.325009967697258,25.087846372393493,14.533737897112882,28.9936126218654,8.126748813280505,39.053092976185106,1
2026-08-14 00:02:43.900,1.072986834298291,21.83220422084165,13.282194753887431,25.5550746158318,6.787538282878032,59.67694114714111,0
2026-08-14 00:02:44.000,1.5096877826691033,21.600569108706324,12.966621772631763,25.193607641909605,8.10951866715656,48.63406622645121,0
2026-08-14 00:02:44.100,2.0648882221661715,23.766674825522706,12.886827903165846,27.035627709893266,2.114099447965052,65.0273593461907,1
2026-08-14 00:02:44.200,1.468143443501714,23.243024976270686,12.000744986100688,26.15828913115236,3.356880796276438,39.74588626724077,1
2026-08-14 00:02:44.300,1.6809487184998937,23.701676884674264,12.172730275231862,26.64479028814167,9.048891625008883,29.26926754836397,1
2026-08-14 00:02:44.400,1.075042588741248,24.64759548518819,14.249303656271461,28.47010041938912,12.704599071582459,51.785244190993,1
2026-08-14 00:02:44.500,1.6713228388830594,23.158049090287214,12.847264766015066,26.482965272722854,9.044663312432506,72.27174706167699,0
2026-08-14 00:02:44.600,1.4251422939981806,21.84594732792919,13.249026056065377,25.549600898819453,5.838893435310038,56.37184195234403,0
2026-08-14 00:02:44.700,1.8942919982719453,25.771769438513495,11.600908347827271,28.262433980225175,3.6714387377979936,88.58449035455399,0
2026-08-14 00:02:44.800,1.9749544206259004,22.738394316328517,12.186899933623971,25.798354716473778,10.353581781426916,53.984709451389065,1
2026-08-14 00:02:44.900,2.5358254568074456,22.68492020420894,13.734224411632425,26.518569434651017,6.298414546954697,52.82662653545709,1
2026-08-14 00:02:45.000,1.7318532692854303,24.856012062397376,13.553544637295936,28.311126927079698,9.92970625565768,24.13564794730499,1
2026-08-14 00:02:45.100,1.6303185266328666,23.376137650087003,14.659076221656566,27.59225121493627,9.169595474197152,55.13536928706234,0
2026-08-14 00:02:45.200,1.5777537206309344,23.70557164154745,14.335741961454339,27.70320603175635,9.434901176764068,52.024013120231494,0
2026-08-14 00:02:45.300,1.3587334828757247,24.260086340096326,13.081808951633747,27.562393123166448,8.100805122060668,45.110945621545554,0
2026-08-14 00:02:45.400,1.6353935373846764,24.86921404159974,13.649741414864465,28.368878154406598,9.150933154908923,48.35865359529116,0
2026-08-14 00:02:45.500,1.3818394359443882,23.460504967761718,13.023096642243635,26.832747520438335,7.641636796230995,49.18279310789385,0
2026-08-14 00:02:45.600,1.5673843905078457,25.32225238931153,14.92522808494926,29.393517983660132,6.094080396895389,47.84085016481523,0
2026-08-14 00:02:45.700,2.027039014243184,21.674835257116168,14.205592820352505,25.91519536489696,5.109502818451846,75.07657955751154,1
2026-08-14 00:02:45.800,1.0973829738881435,24.578757065257793,13.427129969669032,28.00719761231645,1.0,45.549655666339895,0
2026-08-14 00:02:45.900,1.955951424451618,22.9877769927408,13.456698558356157,26.63682839901267,7.456671312786471,52.03176468624629,0
2026-08-14 00:02:46.000,2.0268460269359463,25.207910589820195,14.45726379373517,29.059443090087168,12.55813454885586,45.153186999365516,1
2026-08-14 00:02:46.100,1.4527725892035686,23.986018474496486,13.770046675090645,27.657607772420622,10.190240277612792,59.401174239726565,1
2026-08-14 00:02:46.200,0.6512580403965621,23.179403386110284,14.55828764452788,27.372038295984353,8.683127355427875,52.12116439966648,0
2026-08-14 00:02:46.300,1.256871205162227,24.52348453359506,11.561467723336957,27.112152802520836,5.797985017132547,46.64107312195422,0
2026-08-14 00:02:46.400,2.018797818624444,24.76216651023442,13.690369507015342,28.294718721330142,10.992017677277232,26.888384649113807,1
2026-08-14 00:02:46.500,1.4908527750804472,24.51920700833955,12.91403983954344,27.712162263077243,7.642072064590925,52.919698703465,0
2026-08-14 00:02:46.600,1.1002791070820357,22.855951368301593,14.736490954863187,27.194828159283006,12.724802941367177,46.28508471704299,1
2026-08-14 00:02:46.700,1.298090031508713,23.409965206766312,14.573508347984903,27.57559820839423,5.056738210115956,49.27111211735478,0
2026-08-14 00:02:46.800,1.8362480106018213,23.898244215720705,13.36765887898633,27.38284829047501,5.7500914160820304,35.810504633056,1
2026-08-14 00:02:46.900,1.7186934272805519,23.86939212264582,14.574895848226355,27.967400116765806,5.458190167341115,67.19938607264234,0
2026-08-14 00:02:47.000,1.4044271603321223,24.66873197318797,14.77788351464378,28.756428469776402,3.553644888697961,60.280918110126464,0
2026-08-14 00:02:47.100,1.353270235274125,21.912419987696758,13.41591806966294,25.69320936296439,5.1888659444247125,67.16847197168758,0
2026-08-14 00:02:47.200,1.3432967403824712,24.26998299721061,15.338940583539753,28.71088944826083,8.309648779297753,63.763751609371454,0
2026-08-14 00:02:47.300,1.131035926200599,23.654009310674212,13.341321476930734,27.157006742648857,5.863396925448118,57.10780762552954,0
2026-08-14 00:02:47.400,2.1461502757877766,23.11382477118064,13.19977847227003,26.617344857627085,1.0,36.29260989528269,1
2026-08-14 00:02:47.500,1.371071812315464,23.218173332248735,14.069094136878478,27.148167207358487,11.222819892260365,72.1206459688623,1
2026-08-14 00:02:47.600,1.9868634083301986,23.754457167954115,13.098364314569396,27.126396426015596,2.9477188119577837,38.868378189349876,1
2026-08-14 00:02:47.700,2.1085264207689804,20.376244450466302,13.454669553591408,24.417605752847646,9.767684854659912,46.77910851110046,1
2026-08-14 00:02:47.800,1.8993243592591842,23.284374706588014,14.518946105668467,27.44015126591144,8.093643769008695,58.48282736752305,0
2026-08-14 00:02:47.900,1.3273518749127806,23.118184175187007,13.4117744816738,26.726880369866283,14.352118449261027,59.07848944624886,1
2026-08-14 00:02:48.000,1.6614920361346437,24.53511693160967,12.045385998991982,27.332458482772303,10.99087244456786,56.8668407233347,1
2026-08-14 00:02:48.100,1.4903217574436336,23.205141762230266,13.700256577123831,26.947646177063927,6.486186213545077,45.196538224050926,0
2026-08-14 00:02:48.200,1.1385192557079487,23.803889367024045,12.854367037074805,27.052909287567495,5.893809312934064,42.7168204717343,0
2026-08-14 00:02:48.300,1.6297437126886412,25.569614517309574,14.108619659624601,29.203738378224017,12.508183042397857,80.41439082327364,1
2026-08-14 00:02:48.400,1.028384083536079,25.03002413191744,13.978355339922206,28.668737782705065,3.572386708695765,49.528232738001996,0
2026-08-14 00:02:48.500,1.9750717553846255,24.94627873449921,14.603524679266673,28.90639645056572,8.572639807756124,48.058743384333965,0
2026-08-14 00:02:48.600,1.3141530810806428,23.552469626598647,14.15743107483986,27.48002329239721,7.606638610250984,41.43732210873496,0
2026-08-14 00:02:48.700,1.5804638623491356,24.603709058752894,14.308601494604398,28.46187935079401,6.970321793885972,52.93604418885149,0
2026-08-14 00:02:48.800,1.613315148618457,23.83511370146339,12.906129493040021,27.10499628579213,9.060541953345275,52.37627360693685,0
2026-08-14 00:02:48.900,1.3964380105183691,23.88125301369379,14.08959693133484,27.727801701388785,8.568679581526027,49.80528549554845,0
2026-08-14 00:02:49.000,1.73467752059011,24.495366290571017,15.026169599582916,28.736888184782163,9.372202228375233,54.58071976145463,0
2026-08-14 00:02:49.100,1.3100385373509902,23.49702208085728,12.905489474657514,26.807866480732677,8.416926957089851,71.16245002930825,0
2026-08-14 00:02:49.200,1.8485189189828977,25.595353496175157,14.901200868420851,29.617020577958076,9.253044215051743,42.85936752450922,0
2026-08-14 00:02:49.300,0.9616081279013006,23.95055497458776,13.026930995550355,27.264079202378742,8.280095578794784,50.51700490642544,0
2026-08-14 00:02:49.400,1.5505518318185647,24.737380402899102,12.789834905943685,27.848121410950363,6.0217193383510565,42.22581856939333,0
2026-08-14 00:02:49.500,2.275571599623314,25.58295503835048,13.713373090139779,29.02661175548452,8.012003780709787,53.53638032990754,1
2026-08-14 00:02:49.600,1.0998674701577702,25.1673430561221,14.054141901831201,28.825579978577096,5.85684032088794,43.17836598350697,0
2026-08-14 00:02:49.700,1.2289020117900593,22.735104901310137,14.215814501578214,26.813697559584313,5.658870185807449,43.69468410278972,0
2026-08-14 00:02:49.800,1.705563139863566,24.597254621464295,12.722005299254084,27.692496343728127,6.991549991846744,32.48571951133249,1
2026-08-14 00:02:49.900,1.5718327127758391,25.011412843368795,13.844048147148323,28.587207655208204,7.641730517792473,51.1735373938361,0
2026-08-14 00:02:50.000,1.6402520397094236,25.060891193522643,12.952973245630334,28.210419764966208,8.105675919043433,55.157235462859724,0
2026-08-14 00:02:50.100,1.6956748520590654,23.064068059701004,12.31527993143292,26.14607724405469,10.749136482089991,72.32571623830754,1
2026-08-14 00:02:50.200,1.7538885874247079,23.52866237925205,12.768429517335399,26.769959762689087,6.50460775237747,55.63402977427814,0
2026-08-14 00:02:50.300,1.9438799367824893,25.18859057446474,12.915699110469218,28.306896308853595,8.590555779424461,44.60379052043216,0
2026-08-14 00:02:50.400,1.663927462771405,23.440606690494217,13.938696364988125,27.27176742299214,8.354083141831456,33.68385094776692,1
2026-08-14 00:02:50.500,1.403496938152583,23.91100572696629,14.448192000633298,27.937187527777002,6.174115137601804,35.34455593201426,1
2026-08-14 00:02:50.600,1.7690294804810924,25.794912315586313,12.352856599750396,28.600184746654755,8.221222358619634,34.45245992633633,1
2026-08-14 00:02:50.700,2.2599527739580862,24.179571978153298,13.817991596489298,27.849391246620545,11.00816424553194,72.53650442539258,1
2026-08-14 00:02:50.800,1.4469465014469707,23.508931813157986,12.600065021978375,26.672673535920516,8.559518650650201,53.45372596311644,0
2026-08-14 00:02:50.900,1.1101882781317434,23.36642331658267,14.049692731278546,27.265061974128713,8.679751787081925,43.004405368857284,0
2026-08-14 00:02:51.000,1.9428322677147891,24.585094725484502,13.053240772736592,27.83548054789209,5.884015007171998,38.48168473816083,1
2026-08-14 00:02:51.100,1.4518475344185606,22.927562109875847,12.715362856593213,26.217428494744578,13.906576553614627,39.726705915272944,1
2026-08-14 00:02:51.200,0.6309321815943855,24.02170887691038,14.201158516762142,27.905472592042607,6.054930889032497,42.68840726592346,0
2026-08-14 00:02:51.300,1.8389686708601687,24.610610098250564,13.09688965360025,27.87849795104991,2.9966496183575666,65.79506259506184,0
2026-08-14 00:02:51.400,1.285868725618431,25.584864106261954,13.318657410346413,28.843923217032504,10.580552360654229,49.640678635307005,1
2026-08-14 00:02:51.500,1.4637866870783356,24.961597088538024,11.800438134855717,27.61035438716908,7.655548881054722,32.63040299271261,1
2026-08-14 00:02:51.600,1.6327921322276058,23.58831861263959,14.338671327511841,27.60446105994119,7.090874537158775,77.72551129676447,0
2026-08-14 00:02:51.700,1.5761998719116266,25.48913777063923,14.243157888780594,29.198693308697226,6.363338658765419,36.31806632760923,1
2026-08-14 00:02:51.800,1.7837807268556158,24.019538137981776,13.595798180742603,27.60043370190847,13.615143872947513,42.90997628091359,1
2026-08-14 00:02:51.900,1.3258054517720628,23.091684875933584,12.374367985705192,26.19829943822815,9.063770835814047,65.72173265160659,0
2026-08-14 00:02:52.000,1.7052423192704331,24.163681261171266,14.568928914929854,28.21590299493813,9.649253664935255,54.9817955913088,0
2026-08-14 00:02:52.100,1.396181328966433,25.78222654403618,13.073423696645657,28.907397197257662,8.487846870746802,44.360924004509485,0
2026-08-14 00:02:52.200,1.7955241923550012,24.517632115409146,13.248752479126063,27.8683283818691,8.81014884033559,35.223596886873985,1
2026-08-14 00:02:52.300,1.7461469936052214,24.373248652127753,15.466071317766406,28.866149931445378,12.195873831678242,38.39971869289968,1
2026-08-14 00:02:52.400,1.1258245191821619,26.00627315495456,13.058527750863641,29.10071116708638,7.2474360163169145,39.12204657108241,1
2026-08-14 00:02:52.500,1.9343928464700129,22.946041385651025,14.220205709564471,26.995093363319558,3.6291873634378105,50.084381574194595,0
2026-08-14 00:02:52.600,1.2856146219543807,23.100131841106418,14.081112382761612,27.053536127694304,10.60416396268333,52.29274180737564,1
2026-08-14 00:02:52.700,1.8232231193124582,22.778219206646103,13.94857716087183,26.70973745731726,9.490104836727177,48.21614445642389,0
2026-08-14 00:02:52.800,1.6469149253605362,24.77504858654673,13.867040674083615,28.391862382070684,8.323939438655128,49.529434232908045,0
2026-08-14 00:02:52.900,2.235273470718049,24.577228249635546,13.94755192302361,28.25905789441897,9.41225972464336,37.39132165766815,1
2026-08-14 00:02:53.000,1.4106136070512592,25.961806212253936,13.86899437973693,29.43406847358689,6.887767339117477,53.517633274686666,0
2026-08-14 00:02:53.100,1.360273281552721,24.670879644564675,13.614908053435894,28.178325424696713,8.062077748562778,65.36622364204396,0
2026-08-14 00:02:53.200,1.492232157644907,24.03158213040234,14.870470073217582,28.26035774523622,7.60489923842027,48.04649981900518,0
2026-08-14 00:02:53.300,1.37872808686629,24.445868885213496,12.61631595876181,27.50948807092486,6.225535228787249,47.81255952284632,0
2026-08-14 00:02:53.400,1.81997676077682,24.57011615325009,14.48861172408578,28.523858039814968,11.567518349315009,50.996012624634176,1
2026-08-14 00:02:53.500,0.8534757566253648,22.788982183914705,14.334319913295765,26.92230369703695,3.7632241177465993,63.418458317112695,0
2026-08-14 00:02:53.600,1.0785270323414584,27.17940982403151,14.24016620488149,30.683915198770013,15.0826465154389,39.26332400673631,1
2026-08-14 00:02:53.700,1.0728788313683228,24.99728392025227,14.580031283402318,28.93858178305725,10.632086627619426,67.41016802878562,1
2026-08-14 00:02:53.800,1.8801230367894304,24.695755932626692,13.617369058547746,28.20129609008352,2.6660733958929477,55.05466687322285,0
2026-08-14 00:02:53.900,2.18424534903277,25.109246331336422,12.201270147573204,27.916755623492367,7.327501011527212,50.34416834838641,1
2026-08-14 00:02:54.000,1.4582203125850115,25.211828050098188,13.643616113935362,28.666784512605428,7.494362252289326,64.55886603997183,0
2026-08-14 00:02:54.100,1.4324713107239957,24.370198306462896,12.913495701079555,27.580154762403478,9.175659886826336,35.81525511348253,1
2026-08-14 00:02:54.200,1.5280208652452725,23.88784537817837,13.125964540764992,27.2565607136553,5.03186518778084,56.2645464349365,0
2026-08-14 00:02:54.300,1.964751321043276,25.126871923194514,12.722517003057758,28.164199465593097,8.096076030104651,55.16371477407941,0
2026-08-14 00:02:54.400,1.1290587463237705,24.921466799858003,13.339577688840865,28.267009752944254,7.636641805632059,38.77453922727449,1
2026-08-14 00:02:54.500,1.595347593093914,23.73420058269089,13.24915545388142,27.18183948044209,5.787144912279683,55.52765747544585,0
2026-08-14 00:02:54.600,1.890079051912972,25.9714610156013,11.829399378598742,28.538596267919175,5.369743305586304,53.39966215256584,0
2026-08-14 00:02:54.700,1.700437667975938,24.854112163010765,14.2966336050385,28.672645916417196,10.756413940107072,47.85514256372079,1
2026-08-14 00:02:54.800,1.5758326466394974,25.29891421140915,15.51771439588882,29.678856452845604,2.910252379872219,60.35381066276399,0
2026-08-14 00:02:54.900,1.9004184370268564,25.969350459275184,14.231447497754191,29.6131940384348,9.433636808288155,43.138948971708025,0
2026-08-14 00:02:55.000,0.418707082800305,24.607653115213843,13.589119411202024,28.110509746544995,10.392530920634371,53.24385495012043,1
2026-08-14 00:02:55.100,1.7711501278123631,24.911051023486866,13.712662293360678,28.435850088691243,7.344324984984751,48.419914610536175,0
2026-08-14 00:02:55.200,1.2383697267490303,25.412460977462608,13.424671548963357,28.740476320489297,8.157118519174988,42.62363812390799,0
2026-08-14 00:02:55.300,0.7677468412574172,23.885907377610177,13.838494343939708,27.60508099895785,11.490484999092144,56.03461622142525,1
2026-08-14 00:02:55.400,1.7044810398099923,24.673154846709977,13.741855435059799,28.241868934045613,5.885445467827829,47.50717103181018,0
2026-08-14 00:02:55.500,2.049463418065183,24.752986492968866,13.103623999471996,28.007415129580195,6.195042713332628,32.323922495485434,1
2026-08-14 00:02:55.600,1.4450205941489234,23.679714077088068,15.127774288421143,28.09943796046566,6.513548956702075,28.387206743384187,1
2026-08-14 00:02:55.700,1.8811498188811755,26.961744139899082,12.596741022167306,29.75925959167894,11.495976797669844,59.46868961699842,1
2026-08-14 00:02:55.800,2.144911303195458,23.24514863018654,14.366130478762765,27.326226226325137,11.876881240654122,35.352798713278034,1
2026-08-14 00:02:55.900,2.025965781433619,23.36267289244553,13.71550797582559,27.09113588822633,3.8123292966091427,53.35261392080727,1
2026-08-14 00:02:56.000,2.155985811748557,25.98333809429001,15.322132363204455,30.16457522786853,11.01872224193491,50.6594227235378,1
2026-08-14 00:02:56.100,1.796850996428757,25.390712491836716,14.07915942402268,29.032929768284834,10.456724919041852,45.5776186763492,1
2026-08-14 00:02:56.200,1.5301734555606372,23.659816146013135,13.52354414834975,27.252030133469116,12.660784431349484,73.48002148658408,1
2026-08-14 00:02:56.300,0.8592136752411326,25.30140470104935,13.618303652820998,28.73359139103081,9.155324096379138,52.15608822152535,0
2026-08-14 00:02:56.400,1.4015750047480207,26.170300853398707,13.853395600656649,29.610829377538447,7.86721963916427,59.06760179218478,0
2026-08-14 00:02:56.500,1.1627013618735234,24.680522073258157,12.912238522515965,27.85415720266776,11.435650059714977,53.41779458407771,1
2026-08-14 00:02:56.600,2.3683770869991254,27.317942753383463,13.217976291891,30.347732922413307,10.096711374505297,47.22152692259023,1
2026-08-14 00:02:56.700,1.4296456750270654,23.00339276489459,12.408517570104092,26.136705740846274,14.734695242446179,49.7709349971687,1
2026-08-14 00:02:56.800,1.5492819227137942,25.42961275207547,13.103092060230546,28.606926193832784,10.876123534885483,67.5025131879258,1
2026-08-14 00:02:56.900,1.720594150416187,25.910652356891113,13.921599597730427,29.413820576715207,8.460643929271747,63.05726351120516,0
2026-08-14 00:02:57.000,1.5174409785489815,25.6438026447291,14.09161528530193,29.260523498918644,4.477686858871486,73.4238371802632,0
2026-08-14 00:02:57.100,2.178020416172301,24.556437738931947,12.273012323349437,27.452603991518334,6.257248468417645,52.659705115674605,1
2026-08-14 00:02:57.200,1.2509402553062192,24.478686706020188,13.751707550383443,28.07695787300972,3.692135065915952,39.476755211591026,1
2026-08-14 00:02:57.300,1.5778429820948972,25.221608081572334,14.317205706948753,29.001929133689035,7.35481389181741,44.71379666768225,0
2026-08-14 00:02:57.400,1.2030117657207806,25.60155211959089,13.741148825062307,29.05612916347668,10.778202779698535,35.7466616984169,1
2026-08-14 00:02:57.500,0.9719909955117176,25.396605791674926,13.3694484966133,28.700692305958963,7.988986734558454,59.20452954650332,0
2026-08-14 00:02:57.600,1.2552923636378859,25.842524968639694,13.551751330669214,29.180234078620085,11.065175806280218,42.96900420707302,1
2026-08-14 00:02:57.700,1.4851852811806352,23.791931843233314,13.453870396198251,27.332446825536113,9.01272120031704,13.336184644165876,1
2026-08-14 00:02:57.800,1.328279110193096,24.591365543630157,13.382097466365831,27.996710376395214,6.790723130737971,79.56530837995916,0
2026-08-14 00:02:57.900,1.2230316080504575,23.88745531308378,14.0355415673204,27.705720499971722,8.262875465509891,43.15278633814022,0
2026-08-14 00:02:58.000,0.9374730145312664,24.449693191575136,15.747634162785127,29.082219290952896,9.416290073165289,43.080908894170285,0
2026-08-14 00:02:58.100,1.466757770948522,25.859361581929324,13.311524480544866,29.084416195294477,8.417670195390848,70.0593403119244,0
2026-08-14 00:02:58.200,0.8981118503875991,24.960459333293986,13.656971141412116,28.45237056707905,8.452052686555742,35.500982590429814,1
2026-08-14 00:02:58.300,1.804022385475841,27.467669298172275,13.875127729513316,30.77323554948464,5.692849677239881,63.639270638398,0
2026-08-14 00:02:58.400,1.5329759011738013,25.06255122466596,13.371603366999112,28.406535348284685,6.701071204273352,42.95069067891174,0
2026-08-14 00:02:58.500,0.9169794002140278,24.937171460509727,14.805076390776735,29.000910457907963,14.775382388463933,34.114454664837695,1
2026-08-14 00:02:58.600,1.3763163691800546,24.991997221823944,12.03478028278509,27.738706919944345,11.685399471270628,70.46861313653764,1
2026-08-14 00:02:58.700,1.1991374377637667,24.256340331977537,13.511642078599543,27.765707589775232,3.578477309570852,61.07716336475033,0
2026-08-14 00:02:58.800,1.6276698041676723,24.84464713491362,14.596141237430698,28.81499315081294,1.0,61.04001181418052,0
2026-08-14 00:02:58.900,2.036180178409258,26.038606496856602,13.71121563513607,29.427987741117175,8.228577264346168,54.411866561465295,1
2026-08-14 00:02:59.000,0.7499310121417021,25.033123860326473,13.294820748238987,28.34448004346265,10.68041868327797,57.18921959693216,1
2026-08-14 00:02:59.100,1.546010431658967,24.134028184768965,14.309098152342477,28.057113293362764,6.440174487733378,35.21410370302348,1
2026-08-14 00:02:59.200,1.4359468817733438,24.01073801662755,14.686568170581431,28.146239975035016,11.064976184593814,51.339330286935926,1
2026-08-14 00:02:59.300,1.7685360305801863,24.49395546789408,14.135002771908004,28.27988963601211,8.178963695021253,38.85484399458986,1
2026-08-14 00:02:59.400,1.5852786512950756,25.02635551642455,13.330518961357894,28.355267697794638,7.5108161608190755,33.33271377124335,1
2026-08-14 00:02:59.500,1.1992122673044723,26.15441333994367,14.34145873800184,29.828355232738406,10.268345528525545,54.93143996849638,1
2026-08-14 00:02:59.600,1.3723784257333527,23.628672885554714,13.659857475932862,27.29296408592052,6.404372621293193,63.89779466791453,0
2026-08-14 00:02:59.700,1.1815896572786044,24.65766997148614,14.58264725514,28.647064236856302,7.13988103458904,45.399574109263234,0
2026-08-14 00:02:59.800,1.9304028554394392,25.130140991263715,15.178105690982456,29.358114357148807,10.010501786391389,47.4558452919855,1
2026-08-14 00:02:59.900,1.508524659468777,23.160459926652944,11.912038012018602,26.044261433449652,7.905812188801927,36.342192259003525,1
2026-08-14 00:03:00.000,2.260476274301203,24.168902133769713,14.09035422859818,27.97630984670982,13.726328820133208,50.086605753054776,1
2026-08-14 00:03:00.100,1.4757356744741517,24.33094659945368,12.617913933955817,27.408150511666832,10.081476238568055,59.12091334866097,1
2026-08-14 00:03:00.200,1.216637293235815,24.223199487793106,15.964932785249982,29.01107499323267,9.886441484998285,59.498332840733276,0
2026-08-14 00:03:00.300,0.8945142429548691,25.219394129119,13.642003123421457,28.672671474058404,7.8514860618047955,56.54211410757119,0
2026-08-14 00:03:00.400,0.778744129497622,24.875279697049294,14.618602177390954,28.85278270162607,10.624264030128819,42.578825993665575,1
2026-08-14 00:03:00.500,0.866345622797804,24.488887926403795,13.998250929726984,28.207386638318127,7.032176681595061,42.19845147887418,0
2026-08-14 00:03:00.600,1.6068506604045933,25.48047137801121,13.389037586299898,28.784036359291235,8.847133253598546,59.5448536788912,0
2026-08-14 00:03:00.700,1.7034900092919736,26.783918191558566,13.29886364660545,29.90381326826239,5.251120858986319,59.743987186600776,0
2026-08-14 00:03:00.800,0.8675237191871465,26.708434713107813,15.310050256300244,30.78535566912914,11.118324176691775,47.936060174817285,1
2026-08-14 00:03:00.900,1.8580153256304461,23.154741146757463,14.81125819943453,27.486640519053246,8.871814091785376,44.885937109211774,0
2026-08-14 00:03:01.000,1.3067755793266242,25.662919825108684,15.606375854666178,30.03571909022762,13.947539191093629,64.0069651213484,1
2026-08-14 00:03:01.100,1.5587172047942197,24.916159073663447,14.100872086362534,28.62952281439667,15.176895151009274,45.68061602224104,1
2026-08-14 00:03:01.200,2.1448882513021696,25.257672429046387,14.291845948705419,29.020800766941935,10.289958354299443,58.951186694285376,1
2026-08-14 00:03:01.300,1.8587357263462128,24.712568775092222,13.852757832656632,28.330371600702538,8.20527593362371,48.35788190170282,0
2026-08-14 00:03:01.400,1.392587740837667,25.236775160975714,13.8418461561611,28.783528719329613,5.161806463623294,37.429606627556,1
2026-08-14 00:03:01.500,1.143523109833885,25.278928649614276,13.24300320614346,28.537718331888684,10.714249409776473,69.34774568028443,1
2026-08-14 00:03:01.600,0.639273839468278,24.556904218647077,14.14872173833708,28.341275053051138,8.630853691685685,51.44076674877771,0
2026-08-14 00:03:01.700,1.2123386723030318,24.24782315062456,13.455117143160887,27.730797047328917,9.614104517463385,41.471072241343,0
2026-08-14 00:03:01.800,1.4155479044689223,24.703829738283996,14.445042390273453,28.61710071609145,13.189362162368731,33.31033198669755,1
2026-08-14 00:03:01.900,1.1051281891395264,25.39511940781399,14.232524261198504,29.11145541849007,5.526730134009959,34.519990421158,1
2026-08-14 00:03:02.000,1.4474972131630781,25.768191207495228,14.33166255442716,29.48552576570416,5.22708749455599,45.52506315086479,0
2026-08-14 00:03:02.100,1.5307407531835073,26.03087856560486,15.446621704711006,30.268874458521175,7.29072218488796,73.10154660240312,0
2026-08-14 00:03:02.200,1.4100576072767685,24.691674287651537,14.081344226618599,28.424690576257767,10.46360344925547,42.98405745590909,1
2026-08-14 00:03:02.300,1.239998967670616,25.47804360047493,14.72190102218606,29.425585387800606,9.664601720643464,67.36945798815445,0
2026-08-14 00:03:02.400,1.567461868786691,26.165036347579235,15.762727824644028,30.546238975427883,5.312934464912683,48.43083597676299,0
2026-08-14 00:03:02.500,1.6767762598277636,26.376463373223807,15.171814742283846,30.428634255470595,10.269658702107447,35.82619530677981,1
2026-08-14 00:03:02.600,1.0638403690228615,25.160370346401898,15.05405767908393,29.320110650768115,4.396361543320211,44.32146573859525,0
2026-08-14 00:03:02.700,2.064372951898508,25.006606198047546,13.891172181375898,28.605856360487824,5.486774976953427,34.628144915150685,1
2026-08-14 00:03:02.800,1.4605647470862952,25.426996879277297,14.325238031718781,29.184664037199052,7.653628048432432,39.72837857643375,1
2026-08-14 00:03:02.900,1.507539849177939,24.09449989499724,13.091903387112836,27.421576531766345,6.33970626207434,39.371023257488986,1
2026-08-14 00:03:03.000,1.783285769302623,25.058932579312884,14.550656774980567,28.977089477686274,10.669578465952805,27.154353590224805,1
2026-08-14 00:03:03.100,1.5932864525054007,26.00546321127526,14.376094229772354,29.714578949335372,8.859135449003283,68.15355282577671,0
2026-08-14 00:03:03.200,1.881254653565298,25.911158664699574,14.18023502127847,29.53755590102079,13.296683532881781,52.53220436266738,1
2026-08-14 00:03:03.300,1.6148496660807297,25.00727865334573,14.98828358522006,29.154976084316345,7.258443903936757,41.76465913258278,0
2026-08-14 00:03:03.400,1.255025050143825,25.503599181250525,13.2053087301585,28.719570850844597,7.63339354687777,52.66109295720067,0
2026-08-14 00:03:03.500,1.6446014100824407,24.469565362326414,15.48441970249854,28.957328650003088,11.63114782718529,39.97423527629526,1
2026-08-14 00:03:03.600,1.0425095170717353,26.00604257329587,14.902942005394733,29.97352049293236,7.727237590628613,17.947256415562933,1
2026-08-14 00:03:03.700,1.5434238823106092,25.233063711388112,14.130023904793173,28.919977175181142,12.482015743122638,85.4802995987186,1
2026-08-14 00:03:03.800,1.4867080037422158,25.04326841828219,14.072548251733084,28.72632777379465,9.622484631153474,52.27519852012472,0
2026-08-14 00:03:03.900,1.4167532570909842,24.965830756338686,14.581021727658118,28.911916228029316,1.0,42.93184352822282,0
2026-08-14 00:03:04.000,1.4485849954244276,25.272995447985952,15.418214574582514,29.604824599747037,11.532711242448393,26.793022259870803,1
2026-08-14 00:03:04.100,0.7472603818009443,24.896346392407597,14.287820597355744,28.70487556344688,10.738180439359425,32.07020245828928,1
2026-08-14 00:03:04.200,1.2805100369036153,26.01070179579586,14.32675997745936,29.69533059862357,10.853997818331635,69.85390315465887,1
2026-08-14 00:03:04.300,1.537137960456446,24.96560993423086,14.23103087144892,28.736804259560575,2.267064864364226,68.0232625855816,0
2026-08-14 00:03:04.400,1.5639425567989602,26.962192300728162,15.647156212981649,31.173599587068786,6.011030116186857,59.03858043198737,0
2026-08-14 00:03:04.500,1.0889299436296167,26.842773430635905,13.931431273943097,30.24267287772449,6.23388549932969,36.61907553908223,1
2026-08-14 00:03:04.600,2.00628313634588,24.49435415975376,14.207932510869703,28.316757087224424,5.476635897318823,68.11968785572412,1
2026-08-14 00:03:04.700,1.1535300607141996,25.463936641491287,15.407287946646,29.76233510920717,13.225767595681814,55.39739141533223,1
2026-08-14 00:03:04.800,1.8877828802106946,24.751910473179557,14.359148923599744,28.61541944271325,7.964696486529098,57.85909338021841,0
2026-08-14 00:03:04.900,1.670877744748674,25.08425425378088,15.156188178218116,29.30750503816186,7.890317172112488,55.35405133331896,0
2026-08-14 00:03:05.000,1.2415090760624787,27.421664007068035,13.522517878131575,30.574599697803382,9.656024930947337,31.916153784486752,1
2026-08-14 00:03:05.100,2.2101243570438047,25.11999984476118,14.092308739823377,28.802908843019726,9.707905003668145,35.62206859103735,1
2026-08-14 00:03:05.200,1.022545267297408,25.796132021408148,15.449090821350616,30.06850236497087,1.0,43.877382003099655,0
2026-08-14 00:03:05.300,1.8676616694440007,25.98556200079274,13.725472651459842,29.387719067716294,6.06092738855191,57.72367649039736,0
2026-08-14 00:03:05.400,1.9002329272171914,24.451946056754963,14.150506025727157,28.25127407297935,3.76163426662617,33.43481501308224,1
2026-08-14 00:03:05.500,1.231751916369342,24.605814677282744,14.481894275728353,28.55120623977482,9.200918279464458,47.895843020669716,0
2026-08-14 00:03:05.600,2.056986120025732,24.26322250273757,13.490223310093025,27.761305646052165,7.133322756997858,47.88068587804339,1
2026-08-14 00:03:05.700,1.399981394160419,24.591608862701655,13.955499663062142,28.275487569657116,8.046162693503806,59.512876271930935,0
2026-08-14 00:03:05.800,1.6154774517119428,22.63588420973599,14.381657936892417,26.8181904492148,1.7644407533284312,58.09605842729195,0
2026-08-14 00:03:05.900,1.6041287355084883,26.03883144230055,14.333894812233721,29.723413050467816,7.0704433259285056,37.8772888513744,1
2026-08-14 00:03:06.000,1.4462765034117808,27.556777605216727,15.325831875046106,31.531842867893932,11.345390755498446,67.36023403384762,1
2026-08-14 00:03:06.100,1.8243233092639128,25.658739225450926,15.539716847714445,29.99756154001245,12.228348449306502,36.04112205499652,1
2026-08-14 00:03:06.200,1.8173954882208851,24.102984349527535,13.62668402772016,27.68827138239029,10.1565902586221,63.106873302809,1
2026-08-14 00:03:06.300,0.8005872107047276,24.884811548421936,14.405567574127124,28.75368190220544,3.993604119655643,43.39826121981922,0
2026-08-14 00:03:06.400,2.021736097151261,25.077045808750633,14.86095223900519,29.14971917436206,11.77820540897637,51.967111441200466,1
2026-08-14 00:03:06.500,0.8350032047857302,24.526672599015992,15.53963239837698,29.035113980420487,10.172006765000047,52.71184952125166,1
2026-08-14 00:03:06.600,1.913018481736663,26.41277473707827,14.906347497063573,30.32876299842863,7.6484328978063845,52.37248928850555,0
2026-08-14 00:03:06.700,1.9506820547310333,26.371186865512186,14.56928681395598,30.128120003795026,1.9248910564707682,58.093990381214844,0
2026-08-14 00:03:06.800,1.0636134279139207,24.41380974977294,14.874790951740463,28.588345743608325,10.860784851987551,54.69751397520239,1
2026-08-14 00:03:06.900,1.335674284818166,26.302677310491845,14.885572827095611,30.22269200601809,6.223501010049862,59.40378955844646,0
2026-08-14 00:03:07.000,1.0577181326056257,27.112743652075345,13.609387159271357,30.336715168160378,9.038497463164344,55.57543952414163,0
2026-08-14 00:03:07.100,1.4140315878845058,27.496823916181384,14.51079846057611,31.090812106488027,8.205181581909988,34.82653689288988,1
2026-08-14 00:03:07.200,1.3767862863257034,28.46781245649153,15.528889055394293,32.42780814906735,12.615184953314834,53.237588894695854,1
2026-08-14 00:03:07.300,1.811864212907736,24.70894250641611,14.200675678560382,28.498965411274725,7.623899042007475,43.233561169936,0
2026-08-14 00:03:07.400,2.0241234984478433,28.443490304708252,14.475119241025787,31.91490588668479,7.954659229742156,36.6888502651126,1
2026-08-14 00:03:07.500,2.0582735243159824,25.273398212258005,14.182549600839259,28.980844887194575,12.73584617143589,46.5219212878724,1
2026-08-14 00:03:07.600,1.275132789368679,25.04347386784002,12.530475997446821,28.0033642995226,6.025333268749434,52.19882718842109,0
2026-08-14 00:03:07.700,1.4163112505021889,25.971346420552123,14.403036569192311,29.697782700225563,10.44296855422333,52.99610033585341,1
2026-08-14 00:03:07.800,0.8266247231116198,25.070547434035007,14.632998805399112,29.02855495337326,7.404152831364608,62.672296941683214,0
2026-08-14 00:03:07.900,1.1776519734015245,26.05998763122829,13.986571381644337,29.576124397114707,4.992374113985212,65.68770942765893,0
2026-08-14 00:03:08.000,1.885940653238983,24.349201025298203,13.47785736871352,27.83049100935462,8.003482960162618,54.03536996908827,0
2026-08-14 00:03:08.100,2.1462331294192927,25.43886033342581,13.70208259346823,28.894336511880148,10.075115340823963,56.20527652411291,1
2026-08-14 00:03:08.200,1.006260451248031,26.97152989230467,15.022918687674245,30.873151938666005,12.061129519929533,51.14370839810786,1
2026-08-14 00:03:08.300,1.2630142963388422,25.63722108896557,15.994589246675563,30.217445132478865,12.424081956037046,59.20670556379501,1
2026-08-14 00:03:08.400,1.4894376972164292,25.84421288959036,15.527516934434631,30.150076650509906,7.1157077773234025,55.84385766604477,0
2026-08-14 00:03:08.500,1.6120644635278427,26.186210430021525,13.35109429131809,29.393355294369417,5.038252303903359,49.346142873706356,0
2026-08-14 00:03:08.600,1.1761585920313415,26.88994817707562,15.11527377709534,30.84705519692858,7.043783301267562,75.82379080405161,0
2026-08-14 00:03:08.700,1.6696244177856359,24.072396558022266,13.90604286147959,27.800329208698045,4.455407740009534,43.445799638698176,0
2026-08-14 00:03:08.800,1.3104642611716335,26.320480044502876,13.975759945592246,29.80083112649536,7.347841401750484,67.45348348050004,0
2026-08-14 00:03:08.900,1.4942190916486884,25.47615157587742,14.076993950694485,29.1066325397661,6.975004149140725,33.74848488407675,1
2026-08-14 00:03:09.000,1.7185136992014798,25.919263332884764,15.016428822428102,29.95498867131273,10.182470612470297,59.763398437417464,1
2026-08-14 00:03:09.100,1.5025689079243751,26.820910329789047,15.223978797175233,30.84040793075581,1.3821944602568657,67.23882022072205,0
2026-08-14 00:03:09.200,1.3254456437893725,24.57510823106857,14.38315207246442,28.47474333700607,5.799176161740081,27.113371147904964,1
2026-08-14 00:03:09.300,1.4561560784296677,24.764985163491065,14.401721170154074,28.648107490911098,5.823445086674253,51.667406876661126,0
2026-08-14 00:03:09.400,1.4646548163178659,23.850534367674086,14.842989591021373,28.09203320556865,11.561381757224076,58.584968494928525,1
2026-08-14 00:03:09.500,1.3519955880471488,25.245140108077866,14.930975061524377,29.330037766159535,4.65846686779695,53.02356324953679,0
2026-08-14 00:03:09.600,1.396481574933159,27.133066116674197,15.422560828784054,31.209912838861914,8.679972078946982,54.53787122728356,0
2026-08-14 00:03:09.700,2.1394588682018867,25.690381306275654,13.459083516442117,29.002458874454103,7.615614756740656,51.634677948519965,1
2026-08-14 00:03:09.800,1.7243677791764955,24.47917832154808,14.507603802164944,28.45524098261584,11.129127580509145,36.8690260836609,1
2026-08-14 00:03:09.900,1.3818078727883358,25.34195919508156,13.642163263081025,28.780610041167236,9.787495593531641,78.4165471058653,0
2026-08-14 00:03:10.000,1.7787817618042943,24.348110958619728,14.460829774015489,28.318652951832135,8.363731195461138,43.95754564021041,0
2026-08-14 00:03:10.100,1.366472204097596,24.71912128283293,14.325644200593848,28.570247439555228,6.335999376235796,55.20993486534686,0
2026-08-14 00:03:10.200,1.9692498550346564,26.241461017281548,14.47418570108854,29.968589023027146,2.442972490670371,42.237923874974875,0
2026-08-14 00:03:10.300,1.6478568768792377,24.687103503165545,13.876791787194524,28.319929902476066,8.741256967062217,22.68964171975162,1
2026-08-14 00:03:10.400,1.4570791423983085,26.981945857128622,13.33175509658925,30.095865101246947,9.591469395589618,38.90584551501237,1
2026-08-14 00:03:10.500,1.679086770324111,25.806525983548724,12.851037743255516,28.829255183201546,3.2753971625760414,32.62871969269834,1
2026-08-14 00:03:10.600,0.8716495391726002,25.971575700777333,14.42664447468781,29.709439832824987,4.298917507014352,63.09881047069388,0
2026-08-14 00:03:10.700,1.049293012436078,25.615942751678652,14.191788546905578,29.284524671186972,8.756989920115029,42.71758380746654,0
2026-08-14 00:03:10.800,1.0224299974403779,26.67549828028401,14.000840133201113,30.12649553029509,9.01742505862361,43.830903929840446,0
2026-08-14 00:03:10.900,1.5571772379054827,26.69414505197104,15.604629868781748,30.920573303180287,5.028058069723822,37.22803144875516,1
2026-08-14 00:03:11.000,2.1930059997940368,26.254374238559944,13.864041382552417,29.69012984335848,6.277805859295886,51.12842478458123,1
2026-08-14 00:03:11.100,2.3925200584770527,26.492443715009163,15.690060031171953,30.790056150885924,2.4905334842887203,41.40249780366463,1
2026-08-14 00:03:11.200,1.755220440576303,25.723899661634828,15.860668594348562,30.220519884039245,12.131791711439702,61.90825677496146,1
2026-08-14 00:03:11.300,1.7003377899777827,26.48652706091805,13.005874058973896,29.50743763505456,4.100376777894644,53.62447187706993,0
2026-08-14 00:03:11.400,0.7795769063389044,25.614781000988934,14.645500433076823,29.506061896903102,9.626778173745652,43.13809057130663,0
2026-08-14 00:03:11.500,1.2829304801063912,25.96322512107889,14.2568389066811,29.620035690371438,7.895117911539859,60.20279662204423,0
2026-08-14 00:03:11.600,1.1848864992367045,25.694684472003928,12.252153777048324,28.466332434865564,11.868780858874278,50.095286276278856,1
2026-08-14 00:03:11.700,1.2516609606995535,25.520444404504772,13.43088476383965,28.83889297707107,5.62323772167573,50.257962868279414,0
2026-08-14 00:03:11.800,1.4327424725660842,25.296885868555922,15.211547485453409,29.518191197106713,8.183758131021161,32.44838115521689,1
2026-08-14 00:03:11.900,1.311163768921149,26.46202249259034,16.211958835407884,31.033308616377287,2.9047192722879496,49.14696640657623,0
2026-08-14 00:03:12.000,0.7082800758496849,27.31327302399866,15.323742780870518,31.318237116698864,2.1844194891807387,53.85853567181598,0
2026-08-14 00:03:12.100,1.7991641024470135,27.1821038053085,14.865507078193748,30.981447157523085,9.789000751596422,66.00280186638014,0
2026-08-14 00:03:12.200,1.0709027897040775,24.762771220147247,14.59453602835074,28.743613558218122,2.6449224827908937,40.97727644116013,0
2026-08-14 00:03:12.300,1.5956987456444598,27.316874329953293,15.962733098846346,31.638907552939717,7.315347396696407,77.33730348062613,0
2026-08-14 00:03:12.400,2.3296330678999895,25.717847499382234,16.340194962166212,30.469815414653944,11.033886343918759,56.68241980194783,1
2026-08-14 00:03:12.500,1.1322461633654306,26.6450737385995,14.157130290452997,30.172575173429703,10.240054568284037,31.76705748759431,1
2026-08-14 00:03:12.600,0.487884990901468,25.14646011386044,13.031616019296358,28.32256118948912,6.006243536154219,39.857622630973324,1
2026-08-14 00:03:12.700,1.3855983112479557,26.2029900822354,12.958056130399875,29.231967226451257,3.234490590775483,67.05198997060182,0
2026-08-14 00:03:12.800,1.9403838539994285,26.383068073712042,15.699111728216923,30.700625238538088,9.528484584966586,64.91874971554873,0
2026-08-14 00:03:12.900,2.2833389816882375,24.593074821349223,14.608960935341818,28.60491336779093,12.026770348580541,50.21712177872603,1
2026-08-14 00:03:13.000,1.0081801622190332,26.694281502066808,14.798202129800547,30.52165544635513,6.01328576400313,51.79901243669423,0
2026-08-14 00:03:13.100,1.6986796892946088,27.440284066014677,13.224088640540447,30.46055990943781,5.59006142477865,36.02467671528835,1
2026-08-14 00:03:13.200,1.3138758172879785,25.928035834948474,14.05905913814729,29.494409404297198,6.425294111393004,65.8573128828241,0
2026-08-14 00:03:13.300,1.4576206582783457,27.471186633911856,14.430226450729684,31.030590237611595,9.714826132421347,38.146794958706394,1
2026-08-14 00:03:13.400,2.557737338806814,25.92965973208518,14.83788264201381,29.87490611064568,11.685552819244737,60.13689333348101,1
2026-08-14 00:03:13.500,0.8988118686419386,26.977272479037946,14.357739137663792,30.56007041146111,4.281179565858433,66.22450842398166,0
2026-08-14 00:03:13.600,1.6014958645978294,23.91745270449397,13.851752643625971,27.639023050243747,3.505154572026041,50.57786665063411,0
2026-08-14 00:03:13.700,1.6870772687061732,28.563135172212277,14.058960841657273,31.835625811554618,15.019988965797344,61.61133639346639,1
2026-08-14 00:03:13.800,1.934314529975739,27.648150360595515,15.658273897969321,31.774231065848394,7.468031636329884,72.17167649630834,0
2026-08-14 00:03:13.900,1.539193261388358,25.87640133355262,14.89244379836658,29.85587091783777,8.758678387070928,53.21562559052886,0
2026-08-14 00:03:14.000,1.6232202158016409,24.197272533616225,15.191342381720467,28.570699701350588,5.924207478147083,47.89637820281664,0
2026-08-14 00:03:14.100,1.3433405730312835,26.465724651019272,13.987518720926408,29.93468324989987,9.469886928358148,49.1977657093818,0
2026-08-14 00:03:14.200,1.607650776498043,24.742105458093768,12.348559814780018,27.652463036746536,10.880182624104567,41.084145167934935,1
2026-08-14 00:03:14.300,1.3627230898010358,26.639219265178756,14.298135991065164,30.23383362852392,8.899388514718789,40.812994487157525,0
2026-08-14 00:03:14.400,1.7486287559424203,26.614266169239293,14.028363826504611,30.085115179701376,13.222574231043303,55.30888116590844,1
2026-08-14 00:03:14.500,1.3521558655825463,25.269632003526727,15.005830918419717,29.389271225157376,7.0197662301767245,48.03260213420859,0
2026-08-14 00:03:14.600,1.6508401575608747,27.340336918596872,17.36020090793497,32.38627175804985,7.211352580893871,53.93083012221519,0
2026-08-14 00:03:14.700,1.4882948745260087,27.03327932024241,15.29275558455635,31.0590818308466,8.694219053832247,32.12076620176914,1
2026-08-14 00:03:14.800,1.9504201003088673,27.211862677178544,16.930391731440782,32.04876962601936,9.394884936518292,48.88857409775432,0
2026-08-14 00:03:14.900,1.4794425105646054,26.253231766012618,15.201640193677793,30.336810029039214,8.683841786187827,62.36141420108556,0
2026-08-14 00:03:15.000,0.7907870127172474,24.83718471788376,14.247716280820308,28.63360200758945,4.146754919134727,36.57290867628778,1
2026-08-14 00:03:15.100,2.0047686002855967,27.238915779462342,15.034958966847432,31.112835357379893,8.937545498586683,50.198316969614616,1
2026-08-14 00:03:15.200,1.1377070796549524,25.999006830569158,16.186137817405136,30.62579653853944,6.877479245589688,27.74468826921907,1
2026-08-14 00:03:15.300,1.238493464540472,24.88793280896602,16.23027784835221,29.712474123477495,6.257068957776063,34.33445573272191,1
2026-08-14 00:03:15.400,1.261735482382603,27.63808704058676,14.311358710332998,31.12360588683249,8.09744616425973,59.69193065213659,0
2026-08-14 00:03:15.500,2.049775237268327,28.393789917568686,14.979176394799147,32.10269507922244,5.115431938012357,46.288588480244606,1
2026-08-14 00:03:15.600,0.6457303144085218,26.261468990540717,13.638216767975036,29.591649331380754,4.593826028380306,71.8648743864625,0
2026-08-14 00:03:15.700,2.7550994134639977,28.470172996576952,15.44636600493734,32.390445708781215,1.0,55.18931732509175,1
2026-08-14 00:03:15.800,1.9224227236264206,26.410701293038755,16.03431569790116,30.896996984983485,13.241711985529673,56.367147978671895,1
2026-08-14 00:03:15.900,1.5892955656516639,25.947265382714797,14.828472335421502,29.885517774390163,9.667193957309006,37.08221540126121,1
2026-08-14 00:03:16.000,1.4780423997534855,25.70559755514941,14.267726362112832,29.39975784273457,7.649707636081085,45.37873547786656,0
2026-08-14 00:03:16.100,1.6142216299430627,27.98147313978137,15.094739200095228,31.793301033255382,5.998330289340055,41.20836581542865,0
2026-08-14 00:03:16.200,1.7084489713517352,25.5725815728546,15.145602497635958,29.721140679938568,1.0,37.21469912539297,1
2026-08-14 00:03:16.300,1.7580862343800228,27.096329486671102,14.881551171497366,30.91393920095167,5.814413371335547,57.966717513153625,0
2026-08-14 00:03:16.400,1.7222417864013795,25.810231064090647,14.964609038958677,29.834670289289836,10.147599011492229,60.374190389224154,1
2026-08-14 00:03:16.500,1.5358322725020996,25.917422859029237,14.687585892586663,29.789897398377224,10.826522910781605,54.78724633000938,1
2026-08-14 00:03:16.600,1.4210646318770697,27.416314038026908,15.628402549015531,31.557902998548343,9.926875980809905,40.063193681288155,0
2026-08-14 00:03:16.700,1.4394906865385952,26.01436222022173,15.425621396038753,30.243955382502936,8.475175867257406,53.96876042116955,0
2026-08-14 00:03:16.800,1.4220366878589277,25.997938409544535,14.055157755663577,29.554022756353508,11.911622437794136,27.047859182412125,1
2026-08-14 00:03:16.900,1.9535080387468258,27.543873208593375,14.038168624324268,30.914966111190065,7.014388333734379,65.87611122449648,0
2026-08-14 00:03:17.000,1.7374226889123447,28.01680052709393,14.648142406702139,31.61501522602822,11.255566748403083,34.42219789235076,1
2026-08-14 00:03:17.100,0.3238445461342878,27.072427759610285,15.446112473079776,31.168874463643185,6.8462526688393615,36.55449221073844,1
2026-08-14 00:03:17.200,1.7623603106119043,25.781302903155844,14.980089538380529,29.817422121339895,5.356576073366713,51.38350723484231,0
2026-08-14 00:03:17.300,1.57789447788751,25.93379890193596,14.352124112642,29.640266396082453,4.9828610587324365,52.449914722904545,0
2026-08-14 00:03:17.400,1.492516497421641,26.532657387427317,15.080860151593033,30.51908011311134,4.806510736481141,49.12701681857858,0
2026-08-14 00:03:17.500,1.3445926187644457,26.78200690806668,14.611997692066797,30.50879169316112,9.977204086407456,36.678464708212445,1
2026-08-14 00:03:17.600,1.9496450879944054,25.481545658454994,15.586036109336163,29.87028106237799,5.771763286708764,63.600175923239505,0
2026-08-14 00:03:17.700,1.8790105848491432,27.200784230628372,15.153094522682744,31.13677787399587,4.900913464895169,29.768609587168996,1
2026-08-14 00:03:17.800,1.1908489328705563,26.57159434314185,14.639426058139636,30.33747552530081,10.14120565898408,32.20077211461866,1
2026-08-14 00:03:17.900,1.662820914849814,24.77870741731786,15.081864459210765,29.00770547352975,8.983911171416699,48.716206736546226,0
2026-08-14 00:03:18.000,1.1113373061834855,25.573823975949,15.953688722665204,30.142008171528964,10.887775948537406,34.829192217867345,1
2026-08-14 00:03:18.100,0.9481527340844278,26.00695650721181,14.450947047280986,29.752170632263553,9.537798533818396,64.6715033153111,0
2026-08-14 00:03:18.200,1.2493131101640138,26.446562214476163,15.23377752730806,30.52029866688192,5.740665259408065,35.86142437504502,1
2026-08-14 00:03:18.300,1.8449573889531035,28.417033421274958,14.86028450308978,32.06798783800799,8.228307249405763,68.68432582652375,0
2026-08-14 00:03:18.400,1.8812500181504346,26.77426065436433,15.263240556024503,30.81927231228721,8.375398972309032,62.42146598925888,0
2026-08-14 00:03:18.500,1.7052341680389171,25.70365218077982,14.403002489130484,29.46394773502706,5.2425240245779925,64.82066882609101,0
2026-08-14 00:03:18.600,1.790038314739199,26.77338959743935,15.019923622406814,30.698737696511365,4.686125077718022,72.64527179543894,0
2026-08-14 00:03:18.700,1.7064713148459834,26.20900576813205,15.822914735284998,30.614973690566487,5.957835172646886,50.974735089149185,0
2026-08-14 00:03:18.800,1.243407361910819,26.89418647757321,14.19205135782692,30.409070818321275,14.10974707001624,37.84430485016051,1
2026-08-14 00:03:18.900,1.6727690178695762,27.158330647529027,13.883133693635985,30.501087271044703,6.761767717335353,48.763905490776295,0
2026-08-14 00:03:19.000,1.8201638100910729,27.795328330171092,13.918494158178722,31.085442840874357,11.698600374160144,43.20001273509245,1
2026-08-14 00:03:19.100,1.8017165319254298,26.570145909730872,14.02012941908039,30.042248294562636,6.594018471560606,41.48970472983533,0
2026-08-14 00:03:19.200,1.9755653485898572,28.241727655454476,15.437918907026917,32.18578135054051,10.666516458619975,51.810241241681986,1
2026-08-14 00:03:19.300,1.7833215388804255,27.519124512844574,13.84197336149266,30.80426010300711,10.70747496667354,46.25954942950704,1
2026-08-14 00:03:19.400,1.6405792830166332,25.911997027949937,14.733345667862451,29.807768526765095,10.857771523856135,40.97348378819604,1
2026-08-14 00:03:19.500,1.928060095326571,28.837626960964332,15.47129421977809,32.72567300415189,9.163482026026875,47.0551712889529,0
2026-08-14 00:03:19.600,1.489391496300376,26.96310053093971,15.314990859040643,31.008994425070604,12.132099736343454,56.58774157044446,1
2026-08-14 00:03:19.700,1.147250139508913,25.809316236151115,14.678217260104024,29.691259092744268,9.135061908058184,61.477006479112354,0
2026-08-14 00:03:19.800,1.4347732144224945,28.305688513807514,15.144404262950342,32.10241397029767,13.140589188020838,30.764913041708127,1
2026-08-14 00:03:19.900,1.2020389420774205,28.73888777022928,15.082382374808558,32.45615393680788,3.1402405904346997,46.361586964057494,0
2026-08-14 00:03:20.000,1.2299286900102473,26.636419643765016,14.822274180052199,30.482760099889134,9.044858743000455,48.30388153430354,0
2026-08-14 00:03:20.100,1.442192531713793,26.174129369562724,14.83800000303933,30.087394243184324,8.849970777607,35.809759733268415,1
2026-08-14 00:03:20.200,1.1830320316000154,26.5137393949384,16.80001055924081,31.38819414195903,5.190440462583526,48.563531203511616,0
2026-08-14 00:03:20.300,1.3768153881443839,27.409180802363505,15.664118168052527,31.56941225679321,9.738752665291216,51.775947314480334,0
2026-08-14 00:03:20.400,0.7425541332184857,27.980640452330064,17.006191012389444,32.743347001680284,3.5297519732701454,56.22601454337189,0
2026-08-14 00:03:20.500,1.5853174829491754,27.281605850616867,14.629100605515575,30.95636610318964,6.0374470227190145,50.92589630758005,0
2026-08-14 00:03:20.600,1.5004821901448897,26.821176450678806,14.963698667813704,30.71299047666275,2.002736561306577,39.42860708002934,1
2026-08-14 00:03:20.700,1.1731645475727237,28.2257997349652,13.970972166575148,31.494187304288058,12.675879550888444,74.14436033086216,1
2026-08-14 00:03:20.800,1.763698267372962,26.423286214062994,14.394020170597054,30.089497686432825,7.305351518164113,59.949521259459175,0
2026-08-14 00:03:20.900,1.8750280550506233,27.775376747935166,16.568204964670958,32.34156720446745,14.500652104448935,56.6326369357984,1
2026-08-14 00:03:21.000,0.8569760542524103,26.46472933367072,14.634047847339797,30.241317019975867,10.408849779558485,62.05797508413123,1
2026-08-14 00:03:21.100,1.1949100885735142,27.192149812486637,16.592101152801014,31.85452608483601,9.344294640053073,52.93531006172572,0
2026-08-14 00:03:21.200,1.1923430600850806,26.655899012139034,14.066987137613781,30.139958183035795,6.241316917157002,65.43561062626345,0
2026-08-14 00:03:21.300,1.124038759556454,26.72194411673042,14.223902552371316,30.271797125328035,4.8609498929377395,50.682463403429175,0
2026-08-14 00:03:21.400,1.8317899367726995,26.408744504374763,14.798693636283447,30.272481226981057,9.568914721690836,50.020969523290205,0
2026-08-14 00:03:21.500,1.4224695444908786,28.13931977547141,15.025679509231088,31.89972354332187,7.785457972181054,57.622741745494444,0
2026-08-14 00:03:21.600,1.3941940634757557,26.06987442863592,15.820150114006777,30.49451593901031,3.982189053544097,68.91629055549109,0
2026-08-14 00:03:21.700,0.6984550542372986,26.07090293664949,15.447297447267934,30.303646288137827,3.4494247504750444,68.14458338347168,0
2026-08-14 00:03:21.800,1.7541672120836906,28.940463477497048,14.758629741115943,32.48642144231483,5.123888812569248,57.11417117911995,0
2026-08-14 00:03:21.900,1.004296642058611,27.805652198760015,14.990030135248926,31.5888476784779,13.462901675798692,56.19934230292159,1
2026-08-14 00:03:22.000,1.5239730521065313,24.45102565786639,14.846433278107895,28.60540572694172,14.639833754033912,58.352508933157836,1
2026-08-14 00:03:22.100,1.6109507751832766,26.279215339802764,14.374961459147318,29.95390919108382,8.61496744192673,61.827450960039165,0
2026-08-14 00:03:22.200,2.0442634383354603,25.040819463904857,14.40131493159885,28.886683976929028,8.446828388723866,65.5847832729589,1
2026-08-14 00:03:22.300,0.9764718403523551,25.9104528305054,15.93899322749912,30.420438376001556,6.991038884511437,47.1609909919538,0
2026-08-14 00:03:22.400,0.3,23.730963580140354,13.659155005482924,27.38121889006691,5.196543955071493,65.8167354780487,0
2026-08-14 00:03:22.500,1.573539817901478,26.740823391134192,16.420574739252928,31.38004000002583,12.125537172821732,54.11594136885567,1
2026-08-14 00:03:22.600,2.2202044726043413,25.744205872120567,14.857293234287344,29.723783376880668,13.620729181691408,57.8111794699994,1
2026-08-14 00:03:22.700,1.995578541175775,26.954387670532057,14.518682563127646,30.61586448333931,5.319742742482143,66.58339185840794,0
2026-08-14 00:03:22.800,1.5838637661098502,25.277695877306837,15.733497714271435,29.774231462635598,7.751484864726195,58.96474700108814,0
2026-08-14 00:03:22.900,1.303345525747181,26.994063711815144,16.334864382503557,31.551660337806606,6.650401097869496,60.991946757834086,0
2026-08-14 00:03:23.000,1.822849038654924,26.50457030297652,16.045797901941278,30.983219284886584,6.739282775405068,45.326977600610945,0
2026-08-14 00:03:23.100,1.1105815201182125,28.429774268739187,15.558174421618267,32.40846889788164,11.557724766289587,67.97973852499616,1
2026-08-14 00:03:23.200,1.6905431077424877,28.347512887749957,16.03118440738007,32.566552786940406,4.064115363901635,58.3482405329135,0
2026-08-14 00:03:23.300,1.7021880636666507,27.729836351468357,13.793496387359752,30.971024630569175,9.399409072808918,51.51278861408597,0
2026-08-14 00:03:23.400,1.9240839629995519,26.626211690250607,14.754230849356572,30.440802829921275,10.184714321917596,63.21289264271723,1
2026-08-14 00:03:23.500,2.6038640155644313,28.94654058862585,14.44776006799946,32.35181576096531,7.573546479194542,81.05396597312598,1
2026-08-14 00:03:23.600,1.6569663868715068,25.41645963797948,16.161407934463725,30.119553896981724,10.679203480960318,35.97290597813678,1
2026-08-14 00:03:23.700,1.2964145497170005,25.57427100870938,14.879915367824719,29.588092520142954,8.442955521612351,40.35520852492061,0
2026-08-14 00:03:23.800,1.4897702751232023,26.90238126083772,15.868023861861717,31.23351243110652,11.651389763468337,82.2236637060306,1
2026-08-14 00:03:23.900,0.7923696380443527,29.248537192101647,15.625385003899229,33.16066320805167,3.4333840852224373,55.12033810765249,0
2026-08-14 00:03:24.000,1.2221147475643768,26.800494898764185,14.511854734449619,30.477212055115096,6.953674216979392,52.290436143578816,0
2026-08-14 00:03:24.100,1.3362870247547585,26.827923284878732,14.737134548871781,30.609158800772175,7.784560571446896,48.61537110005402,0
2026-08-14 00:03:24.200,1.290364640826163,25.577592894429948,16.246756102976835,30.30132574893066,1.0,64.50123201165728,0
2026-08-14 00:03:24.300,1.5609419488134888,27.973767558265877,14.59631666484977,31.552878340722888,4.742141799264395,81.33496770572344,0
2026-08-14 00:03:24.400,1.1710320270471197,27.98934894977859,15.321597705425928,31.908541346783387,5.559202236923641,42.017737511199854,0
2026-08-14 00:03:24.500,1.9484122669297885,27.83358261930289,14.600671421680634,31.430684488083322,10.844617984470048,48.83747927372799,1
2026-08-14 00:03:24.600,1.500082825967279,26.42362146750936,14.980543534681347,30.374733843322883,5.8794699610561985,45.79127445718561,0
2026-08-14 00:03:24.700,1.4962798715445542,26.35447009443746,15.199776562510305,30.42353203539714,5.545763038082069,58.79437972183133,0
2026-08-14 00:03:24.800,1.368842113394833,25.77638933485924,14.615413742920534,29.631614299916155,10.452457341968575,64.6687212518069,1
2026-08-14 00:03:24.900,1.5620762735435916,27.161718809478884,14.478350221443666,30.779564548901224,3.1462680626298365,69.45119342399741,0
2026-08-14 00:03:25.000,1.8300393058670539,26.005773700893194,15.480727287524973,30.26471845454354,1.786267797669284,59.20061939144337,0
2026-08-14 00:03:25.100,1.1531479137156397,25.91709924737615,14.580919524542322,29.73716946145892,6.915223099791961,80.23199349492342,0
2026-08-14 00:03:25.200,1.2367534043698973,26.679159758168502,14.61318424048857,30.41911765729475,3.6568796957649337,43.10296420151104,0
2026-08-14 00:03:25.300,1.3785095884893341,26.622029022348702,14.515468603558176,30.322124893345777,3.770962116021053,39.98551337080755,1
2026-08-14 00:03:25.400,0.961651630610714,26.581541391164706,15.209385514926945,30.625214292668584,9.720301375063945,67.63213151979451,0
2026-08-14 00:03:25.500,1.1722968561114009,27.594299239280666,16.03167409298412,31.913318923775755,10.627921513737737,51.47398783515604,1
2026-08-14 00:03:25.600,1.3095116505821363,27.215237167044425,16.486936527986302,31.819619893020803,10.366592647556375,33.48871611901663,1
2026-08-14 00:03:25.700,1.849755672285091,26.85636805683677,14.705979983613712,30.619117434745398,11.326329980921699,46.207244340350606,1
2026-08-14 00:03:25.800,1.60502453160077,27.335871738113113,17.01196392054595,32.19715515564268,11.723402960044405,53.06790384916729,1
2026-08-14 00:03:25.900,1.5774359645470177,26.169666491150743,14.49295223078779,29.914830914146158,1.6142293735192075,42.245021145111735,0
2026-08-14 00:03:26.000,1.840359184867189,27.274806878618797,16.168555771487767,31.707054199368027,9.3512358797884,37.82407175486493,1
2026-08-14 00:03:26.100,1.4450512846402412,27.328465470007494,14.729360623085363,31.045113775122317,6.411175401291324,47.50845036168949,0
2026-08-14 00:03:26.200,1.656185939971556,25.683150840259117,14.614980003873955,29.550327876305165,5.757727262028691,37.225598955659464,1
2026-08-14 00:03:26.300,1.4587112988270015,28.190226176440703,14.720914527814696,31.80242406506316,9.681243896626116,57.62157246776278,0
2026-08-14 00:03:26.400,1.6061449397598513,26.32143343929709,15.279762126995157,30.434996122176564,2.8091135603127446,26.674341837285844,1
2026-08-14 00:03:26.500,1.266896536955367,27.30151166618426,15.790698857013588,31.539161524233418,2.74667418238304,51.08509913558507,0
2026-08-14 00:03:26.600,0.5244731366894283,28.38394832996684,15.867616383982801,32.51814528086537,9.90071823224515,56.23411865729963,0
2026-08-14 00:03:26.700,1.4462883351254783,28.153548069599182,14.581534774852878,31.70557404144381,9.463358052532694,48.91350512301948,0
2026-08-14 00:03:26.800,2.069099254439976,27.27053942290789,14.549996190594419,30.909298108541474,8.41019796761453,63.118674764850475,1
2026-08-14 00:03:26.900,1.870486160896637,26.88204175391073,14.613413499384842,30.59732051933638,5.360259785830589,33.55326518955037,1
2026-08-14 00:03:27.000,1.8861589938364682,28.200387387822108,15.262641765639517,32.065715062812494,10.231488903746373,41.58692598348662,1
2026-08-14 00:03:27.100,1.9944522887224871,27.935905179508904,15.188601637667471,31.797931031849654,10.040908676181427,46.03958424498933,1
2026-08-14 00:03:27.200,1.535463036384575,26.651179904109892,14.60158658483658,30.389006582573746,8.255913545142363,58.552694832911676,0
2026-08-14 00:03:27.300,1.5789262829622381,26.482985999606075,15.582410743215258,30.7271878313913,4.468036876190686,52.62209103255345,0
2026-08-14 00:03:27.400,1.25293924182626,25.21385918736551,17.18178366810516,30.511512337769517,6.72425496281148,75.72039179290901,0
2026-08-14 00:03:27.500,1.37357085758918,27.448580933198837,14.97295708544103,31.2668200994093,10.513501032573329,40.33056923631328,1
2026-08-14 00:03:27.600,1.7463084599084566,27.220186068950593,15.034920831418571,31.096420598443736,11.98157366840536,33.260133217032184,1
2026-08-14 00:03:27.700,1.9815537748675265,28.44740991106528,15.834460378113137,32.55741491756079,7.020390189871015,71.46906779519674,0
2026-08-14 00:03:27.800,1.4442214897276002,27.678608352356846,14.944678921936452,31.455504898235695,7.250981096575213,32.82969699281141,1
2026-08-14 00:03:27.900,1.3199242940594353,28.66211717550291,15.931904374172678,32.792415860531555,7.5149326759248165,58.19675253678854,0
2026-08-14 00:03:28.000,1.5002111835426388,26.638858475867792,14.826899456847148,30.487140377555377,8.824679026732916,38.25595949573637,1
2026-08-14 00:03:28.100,1.740482699571646,28.482707757205322,16.872430141804465,33.10503798627085,6.256798099819928,25.168179789827768,1
2026-08-14 00:03:28.200,0.9224580735465833,26.82397576958679,15.687555267288705,31.0745083042615,1.0,45.502594474241214,0
2026-08-14 00:03:28.300,0.5815276187451047,28.13882293293746,14.920717763425747,31.849979193509935,11.57830700494129,60.793999549725925,1
2026-08-14 00:03:28.400,1.2797852602033666,25.910803201068237,14.95078359658394,29.914806579290655,13.384066841487648,35.33874693832311,1
2026-08-14 00:03:28.500,1.0117150296343365,27.613031615418862,15.015697987465177,31.431683076871455,6.162800421182863,56.91313673773797,0
2026-08-14 00:03:28.600,1.2967439209410756,25.401543097060507,16.52993835610295,30.30638965248724,4.800039893243678,59.154362734237424,0
2026-08-14 00:03:28.700,1.4408878724730114,27.127428275018403,14.42173865049507,30.72269373800825,7.588698432829333,34.73971830176835,1
2026-08-14 00:03:28.800,1.3187006363907947,27.843254477291815,14.907386953680739,31.58285936507335,7.437488348813681,47.26686453545155,0
2026-08-14 00:03:28.900,2.080987013788298,26.890266654636548,14.997412677980247,30.78975199301061,10.986555731488878,68.92489786792596,1
2026-08-14 00:03:29.000,1.630697905840928,26.369132299565415,15.43919158358728,30.556501353831337,8.163918324935114,57.80711143956492,0
2026-08-14 00:03:29.100,1.6201897438443313,28.27402312007106,15.239855036347643,32.11967566653193,5.622131508886451,46.86209042508776,0
2026-08-14 00:03:29.200,1.7488828576173607,27.332776583381946,14.268761358824953,30.833070338066698,4.0447716483258525,54.983545775047034,0
2026-08-14 00:03:29.300,1.0444667528876923,26.95500344865194,15.146886310533194,30.91925574494082,10.596902554459021,41.77684029835463,1
2026-08-14 00:03:29.400,1.9156447149681075,27.49480473929063,15.392104744333839,31.510017075721535,9.79853372349275,63.3643481406203,0
2026-08-14 00:03:29.500,1.4696942853858161,30.097912682535686,14.974267856290233,33.617154038934785,11.181679634275456,63.359120775225676,1
2026-08-14 00:03:29.600,1.768192246896485,28.623081112825382,16.031167349064436,32.80669289893589,5.095439747836719,51.45087098103266,0
2026-08-14 00:03:29.700,1.0712571067839378,28.64048665368542,16.222274534301466,32.9156447122972,13.515310698584987,52.768473877492326,1
2026-08-14 00:03:29.800,0.8784964935935742,27.92179402694369,15.429039264987281,31.90112590996731,2.768916478828289,38.01443749993193,1
2026-08-14 00:03:29.900,1.8271558632100116,27.661067702982216,15.681182727723625,31.796763329138134,10.128803064204439,33.77556287518605,1
2026-08-14 00:03:30.000,1.6505638104390066,25.10683486452839,13.77290549383587,28.636446753339225,2.271251698409295,45.48074307270163,0
2026-08-14 00:03:30.100,1.139179378256996,26.832271528849418,15.169868907458065,30.823622727826237,5.629005854904596,48.951179483705864,0
2026-08-14 00:03:30.200,1.1521347674901223,27.039012184563816,16.31560931206611,31.580172373515772,12.683068791343878,62.751529968655866,1
2026-08-14 00:03:30.300,1.9501739137659078,25.653029256172502,15.1780035255886,29.806873385862232,10.494092763427968,61.06913300741973,1
2026-08-14 00:03:30.400,1.0242352428530688,26.378840252458343,14.931944284490699,30.311815735449617,6.361338753538455,52.21799466030912,0
2026-08-14 00:03:30.500,2.1570691813023855,25.563754294204887,17.348905599901258,30.894822529491314,6.443488871534935,64.28646781247345,1
2026-08-14 00:03:30.600,1.1397517061408524,27.51460165188389,16.987017044705404,32.33592510102291,8.301866332506327,38.67816585422716,1
2026-08-14 00:03:30.700,1.7553567702433532,28.38002618088382,15.91081605600673,32.53582569408271,9.542422972282168,62.92804264734043,0
2026-08-14 00:03:30.800,1.3685526097004062,28.676369451113075,16.452885448677286,33.06102848497046,11.75473814804809,40.51485542780639,1
2026-08-14 00:03:30.900,1.7412749724329373,27.992714117021727,13.766009458599033,31.19447162642037,6.631297986174516,64.87633436077091,0
2026-08-14 00:03:31.000,1.282354399154323,26.622868036197662,14.921717473934775,30.519416030532525,3.1646448095383954,49.83984242276023,0
2026-08-14 00:03:31.100,1.4348828375710823,25.66253394133001,15.180793161371463,29.816474125862996,8.47090588114628,26.02055988154715,1
2026-08-14 00:03:31.200,1.5163676701582884,25.846065122902214,15.372976214288673,30.072370708382596,6.627707487474815,58.76188596837731,0
2026-08-14 00:03:31.300,1.099125017687411,26.34228596750296,15.174805910075307,30.400505989245634,4.098098885754658,59.71454911400936,0
2026-08-14 00:03:31.400,1.7963297381680503,26.730743569175527,13.531740927113644,29.960651933486712,8.893006745938383,44.521039346137016,0
2026-08-14 00:03:31.500,1.2947145734113659,27.468189491673357,15.885582488765815,31.73094963845012,7.360658737721632,45.5448850592718,0
2026-08-14 00:03:31.600,1.4085600338639925,26.622108493991718,16.016686929895698,31.06880945379397,8.919536619409383,48.08545664138475,0
2026-08-14 00:03:31.700,1.102260250156595,27.98358332824069,16.868283494015444,32.67445368974153,5.316667399438459,26.898178248484744,1
2026-08-14 00:03:31.800,0.4750665364818758,27.420668654226695,14.961117882395733,31.236647030944788,9.460131590976495,21.623261922858276,1
2026-08-14 00:03:31.900,1.4235888949599325,27.671822591220934,14.900635601464026,31.42862877771829,4.0487054097350645,65.61950765756467,0
2026-08-14 00:03:32.000,2.4650461686451663,28.809862154604858,13.45777937238862,31.79811288430843,5.516805830910251,40.11118799107308,1
2026-08-14 00:03:32.100,1.8138417151592097,26.497714590187027,15.37191432535973,30.63371718432502,7.271257306738167,72.26316931491637,0
2026-08-14 00:03:32.200,1.492295848106242,28.104985625133505,16.33265805295442,32.506090753329566,13.225455244879143,66.44482161366696,1
2026-08-14 00:03:32.300,1.394843668316693,27.68064254081881,15.127355171822753,31.54448994621819,10.354476105645482,68.80634377123687,1
2026-08-14 00:03:32.400,1.5089863571248185,27.36946421077893,17.336526149884094,32.398189920591605,11.23157751280337,42.196412570394145,1
2026-08-14 00:03:32.500,1.718847646070084,28.596541535068326,15.421495259889802,32.48976306188907,12.251231100029432,30.699185756833028,1
2026-08-14 00:03:32.600,1.027674873876462,28.598634091213118,15.74936578942451,32.64849758644633,18.80849640743262,36.95741232086774,1
2026-08-14 00:03:32.700,1.9457286778675489,26.781463863121424,14.546290331000636,30.47689894076235,8.124767202675303,44.642543274165064,0
2026-08-14 00:03:32.800,1.7861525261764977,27.554128797705665,15.87154990507838,31.798366470464266,12.261202769389566,21.52124320579232,1
2026-08-14 00:03:32.900,1.7872742902831737,28.025835786601398,14.063318626528247,31.35640927033585,11.037905763205824,44.294891730509995,1
2026-08-14 00:03:33.000,1.6753902955238908,27.47995207844849,16.206733659893164,31.903071672748684,10.988097509922577,47.57986366986667,1
2026-08-14 00:03:33.100,1.507846663077596,28.346314881212617,16.236318670343223,32.666980443710926,13.322718854120543,34.46694834095966,1
2026-08-14 00:03:33.200,1.769144494386728,28.050820289288836,16.749210102296345,32.67085180941636,6.742060907046571,37.51417882105001,1
2026-08-14 00:03:33.300,1.7367256534965512,29.61052423418832,14.850802821285232,33.12596398386237,6.503944928190862,47.35281774583038,0
2026-08-14 00:03:33.400,1.3583837156235905,26.25601858035626,15.800228324409563,30.64352667033426,8.959296540445585,54.27543857972361,0
2026-08-14 00:03:33.500,1.2705592908412395,27.67219644899239,16.12783271075308,32.02900941736513,7.451900684234339,39.31012798399707,1
2026-08-14 00:03:33.600,1.5407425181047947,26.894464649681343,16.03560560738037,31.312184145926455,8.95550255899452,53.50703131491523,0
2026-08-14 00:03:33.700,2.119608060598075,28.415409339086317,14.994541710080483,32.12898642975183,12.688246355159034,51.642152095854264,1
2026-08-14 00:03:33.800,1.0043571697384397,26.20246471605547,13.778196452015697,29.60418643817914,6.565559831881165,50.56263030822069,0
2026-08-14 00:03:33.900,0.912989893699024,28.174284038779643,15.974351034640442,32.387809003940845,7.085963112218809,42.175830513721074,0
2026-08-14 00:03:34.000,1.5659043364946066,27.206257619660157,15.579783887957166,31.35139741164285,8.522933010579731,33.999444847575404,1
2026-08-14 00:03:34.100,1.5203550807424073,27.11047890734123,15.253447989708194,31.10700471212435,7.315044721924492,70.35742375880888,0
2026-08-14 00:03:34.200,1.5693366657481633,26.406477292375296,16.322941588521967,31.044169582951195,2.2579825159595384,57.56367099748911,0
2026-08-14 00:03:34.300,1.5975812791634,27.396234272168723,15.680850500498291,31.566481031539286,6.259617071903181,62.06877983672886,0
2026-08-14 00:03:34.400,1.410719098146078,28.954145471114394,14.666430922279844,32.45684420827848,10.062119726712513,48.99644378193293,1
2026-08-14 00:03:34.500,2.095945375440833,27.852790979747734,14.18162596668935,31.255343229927814,12.312640252797939,48.03169469287835,1
2026-08-14 00:03:34.600,0.8596384086093938,28.513994803605428,14.828618019332042,32.139318785924765,4.536144297386819,55.88791616870465,0
2026-08-14 00:03:34.700,1.1686011900879016,29.55929093015097,17.651199300724247,34.4284260030457,4.522152802307471,27.983739794573054,1
2026-08-14 00:03:34.800,1.458698095940381,28.166739415461013,16.320011717529283,32.553156402394805,8.090701408152007,36.624278367762265,1
2026-08-14 00:03:34.900,0.8427244755383331,27.35251898102984,15.897681005435318,31.636949220147265,1.7732148053664893,40.426701463659526,0
2026-08-14 00:03:35.000,1.4296582382271716,28.38690549072871,15.606463223578912,32.394105909694204,6.6650893910386175,44.54520292949885,0
2026-08-14 00:03:35.100,2.1645880662912074,27.383691851685374,15.558878446841852,31.495162770680512,2.7918738213458196,39.44365184635815,1
2026-08-14 00:03:35.200,1.5083545953183848,27.43190003715624,16.69555041895932,32.113089908019525,12.107183899527396,53.993685503008955,1
2026-08-14 00:03:35.300,1.5922803622874735,26.424764643288164,15.374317872221546,30.5718471226271,5.692006536948787,50.97736681355403,0
2026-08-14 00:03:35.400,0.9959340939309679,28.879249656445285,16.23333162776397,33.12902226834135,12.95850255901708,66.71437627701653,1
2026-08-14 00:03:35.500,1.253455436784209,27.575324312165197,15.498053772455506,31.632075203106915,11.340564060375018,79.68510988535076,1
2026-08-14 00:03:35.600,1.3499214478704251,28.151759856084237,17.333922271629078,33.060345495979234,6.06104810690775,34.845797118218805,1
2026-08-14 00:03:35.700,1.3729139612975063,26.94203440411548,16.380628605695918,31.530908825314334,4.784121089461768,51.76766256762134,0
2026-08-14 00:03:35.800,2.0126575180015074,28.42227868489133,16.78824408485242,33.01016608704371,7.419362752497234,51.74631053848369,1
2026-08-14 00:03:35.900,1.7230764242900498,27.23272453949452,15.329271646827172,31.250725672633692,7.686060127225391,49.82962316282405,0
2026-08-14 00:03:36.000,1.0554168172251872,27.86129177838152,16.648309190103944,32.456398112689726,9.038440831857205,36.98210514841398,1
2026-08-14 00:03:36.100,1.598601911372802,28.889161253776216,15.556739193206502,32.81151889614579,5.670370131409463,38.9936306522894,1
2026-08-14 00:03:36.200,1.6992886993987142,28.810429257223362,15.89982982614078,32.90661669764468,10.23918462056661,52.88486734299343,1
2026-08-14 00:03:36.300,1.9560596154085066,28.005974594927633,17.12484093696231,32.82673895055664,8.795984164999698,38.65579912031316,1
2026-08-14 00:03:36.400,2.1322162746273494,26.268208357191597,14.987583588533854,30.243122063043025,6.978814529852408,51.91126366600409,1
2026-08-14 00:03:36.500,1.0939623232688525,31.037484682412696,15.989402652455556,34.91398648956254,5.86387803374593,47.04860258545274,0
2026-08-14 00:03:36.600,1.1756569955158647,29.798867805078935,16.182209507698463,33.909238077780756,7.445345050703942,51.69989483745538,0
2026-08-14 00:03:36.700,0.9969688564341534,28.78401838214784,16.252809638996375,33.055612766749285,5.549296244517292,38.560394354786794,1
2026-08-14 00:03:36.800,1.4063920563572074,27.31647449812231,15.4811793733532,31.398354953667607,8.175316084650763,51.88963090801444,0
2026-08-14 00:03:36.900,1.6865433497785338,27.96442084046506,17.51581908194668,32.9971627727919,8.25631605565973,39.428568998280916,1
2026-08-14 00:03:37.000,1.8949338066356407,27.54292729484425,14.815863126500254,31.274952344524305,8.785121850429018,51.928347303883015,0
2026-08-14 00:03:37.100,1.469619590542991,29.3585383861709,17.023917779150683,33.93725906321182,13.298727229015562,66.07275346926988,1
2026-08-14 00:03:37.200,1.3720609906980625,28.36552006038009,16.833862786190267,32.984567067040715,7.602665840901283,53.13180620019285,0
2026-08-14 00:03:37.300,1.5607031968994962,27.327188033622164,17.387522166872145,32.38983070237343,11.013793601373447,53.86244458859669,1
2026-08-14 00:03:37.400,1.1659428393479907,27.648931515310952,14.601230289695188,31.26754451361775,8.688762190927106,59.80647820997058,0
2026-08-14 00:03:37.500,2.3358154886779094,29.249209479459385,15.18174761182192,32.954540138232204,7.285267094304638,33.15729986632084,1
2026-08-14 00:03:37.600,0.8569355891527765,29.7364539061637,17.07536808293525,34.29030309112362,7.642522190146298,70.62705888467615,0
2026-08-14 00:03:37.700,1.5738962315582898,29.673022345283208,14.385183145373933,32.97607843922056,7.823520772495849,37.33292008865156,1
2026-08-14 00:03:37.800,2.3094424876918556,28.910057569304684,14.606648181718093,32.390517127162376,8.83930312318465,60.555931968427245,1
2026-08-14 00:03:37.900,1.502719937823999,27.90873535790181,15.506169906653477,31.927085906036034,5.12203770434309,58.962919847075874,0
2026-08-14 00:03:38.000,1.4239843859994021,24.92818112382907,16.05541200039273,29.651146160726785,3.603978849665099,39.174003661942876,1
2026-08-14 00:03:38.100,1.357021830875829,28.475189695420156,17.18059786188618,33.25671918698551,9.962892180422827,62.10663364120115,0
2026-08-14 00:03:38.200,1.4278433272950368,28.184535635221575,15.763605904495119,32.29333244007667,10.694371497743777,55.973753196959706,1
2026-08-14 00:03:38.300,2.049139389870612,28.33468121284077,15.430228151460021,32.26369632015869,10.236907498408408,72.67974373282709,1
2026-08-14 00:03:38.400,0.6152552354681973,28.256931186006366,16.17093225354104,32.55692261254606,8.464916055669418,52.320545016095515,0
2026-08-14 00:03:38.500,2.11337348051853,26.885106399477745,16.302498323491662,31.441698390810373,10.301673882359866,48.69748002172883,1
2026-08-14 00:03:38.600,0.9304171390199419,28.77711184073183,16.284813828064603,33.06534934502753,10.140287078051427,43.82284966498155,1
2026-08-14 00:03:38.700,1.393339068306234,28.860254320366238,15.794433837439557,32.89952005244869,10.362888076864865,29.079736743785922,1
2026-08-14 00:03:38.800,1.3283022318805353,28.91871151084779,14.37775474613836,32.2956917713144,5.42137753597366,46.18126922298608,0
2026-08-14 00:03:38.900,1.7354213079082879,29.19128445481526,15.212731679460058,32.917446639634534,4.709144608536107,46.689219268893474,0
2026-08-14 00:03:39.000,0.860750259246501,28.857093818617237,17.08804217243134,33.53703995500004,6.834292259743188,53.14469819068922,0
2026-08-14 00:03:39.100,1.6848690664327772,27.851347484610447,16.106481288070896,32.17322327948343,7.947847671372034,32.92276266941041,1
2026-08-14 00:03:39.200,2.309723849314741,28.19887477068701,15.703809275876216,32.27671241167514,7.2742366186031315,47.13185346575745,1
2026-08-14 00:03:39.300,0.9547303981628757,28.369171208310217,16.861362643333287,33.001748820879364,2.369929005986373,56.91501670426538,0
2026-08-14 00:03:39.400,1.5758824670441582,28.3940805126172,15.067735332211193,32.144368965629944,13.165077836405427,58.1061161059102,1
2026-08-14 00:03:39.500,1.2352071288813564,29.292933441936054,15.79655096460819,33.28072973976321,7.177862033342794,27.682217886352074,1
2026-08-14 00:03:39.600,1.6703548824772143,28.94671926144056,16.09203702919007,33.11897057200719,8.518113249730861,58.47687930383869,0
2026-08-14 00:03:39.700,1.507659110966301,30.388728670441765,15.633729135887384,34.174381002441336,11.733646972289176,47.0411130425421,1
2026-08-14 00:03:39.800,1.243405236382276,30.526188933210225,16.07244223031661,34.49886389481414,1.0,47.77986947001735,0
2026-08-14 00:03:39.900,1.6951489139484295,28.40770425839322,15.846677660330165,32.52867741090528,6.464918384264863,21.625815561729944,1
2026-08-14 00:03:40.000,2.2217392439146972,24.49973384977367,14.882359200711122,28.6656863530029,6.838648179260587,67.92285395069456,1
2026-08-14 00:03:40.100,1.4236384833090805,29.58155658681405,16.152016777915314,33.70394837541945,6.991069863648066,52.12158662013554,0
2026-08-14 00:03:40.200,1.7879031768592728,27.812682504153464,14.949153872674021,31.57566324854838,7.479540227858141,31.622474881727516,1
2026-08-14 00:03:40.300,0.9826908168515345,27.559909643763255,16.149328239433938,31.942908792991492,12.341404395334534,54.5024188989976,1
2026-08-14 00:03:40.400,1.1174254492727964,27.97128301305864,17.12114563214889,32.79521765675407,10.020376627181667,54.133741290164295,1
2026-08-14 00:03:40.500,1.688962511152151,27.93141996368714,15.80201924848021,32.09155704413857,10.874105805886488,64.67052983519588,1
2026-08-14 00:03:40.600,2.093646411414386,28.998667543060883,15.094652135796508,32.692066963923814,8.14136081543277,46.28373476850946,1
2026-08-14 00:03:40.700,1.642245339514264,26.835296676283008,15.93524922268156,31.21001947280871,3.8018808615634967,50.143952827263035,0
2026-08-14 00:03:40.800,1.3747767877907382,27.325346432071374,15.376263420254963,31.35448986033398,1.7609088945619789,42.286306397145104,0
2026-08-14 00:03:40.900,1.4997165621693416,28.754560454514134,16.52244834229521,33.16347457906246,3.411776830305107,57.17538336791286,0
2026-08-14 00:03:41.000,0.999836906412113,29.04268065318377,15.933450975643995,33.126306155622984,9.07929711249806,40.598115899899405,0
2026-08-14 00:03:41.100,1.7418061305421468,29.069612990160213,17.42465340846618,33.891900888012515,8.095309138092905,39.28411379503724,1
2026-08-14 00:03:41.200,1.8529332249293637,27.649369788744643,16.992235317148637,32.45340830772784,7.369509057331977,49.18642954664095,0
2026-08-14 00:03:41.300,1.3191638668667678,27.466475140865445,15.94438007049389,31.75894381896448,6.89426927977959,35.28963474435405,1
2026-08-14 00:03:41.400,1.3119831408961993,27.946440678797508,16.64433256192973,32.52748611629344,14.03516472632824,69.22557462247082,1
2026-08-14 00:03:41.500,1.6063512918608194,28.701282987323896,15.762257013693226,32.74465439249847,5.531289227070577,73.12720073290251,0
2026-08-14 00:03:41.600,1.3253121055837618,29.955222326765462,16.109012482627886,34.0119924116687,10.783458368348176,44.55691897493821,1
2026-08-14 00:03:41.700,1.473546954149671,26.430642494175906,15.797700450887746,30.791982758356372,8.005738808062981,33.36085992131402,1
2026-08-14 00:03:41.800,2.339888715666606,28.265685645442034,16.705013409320006,32.83300866525194,7.817181464642009,54.03910446682474,1
2026-08-14 00:03:41.900,1.4011897197016014,27.162070683828937,17.243240096280147,32.17308522431883,11.529912645850231,44.21476978437291,1
2026-08-14 00:03:42.000,1.3566639391915112,26.850841169954396,16.740768874137647,31.642076639048422,12.387591148074334,64.09617359033638,1
2026-08-14 00:03:42.100,1.2409832777459364,29.47837521510644,16.844400422885265,33.9515600662046,7.281351629345485,40.554240853641154,0
2026-08-14 00:03:42.200,1.7976767885999747,29.064377866714704,16.850278725117807,33.595683560441714,10.397608157726427,56.53415866914131,1
2026-08-14 00:03:42.300,1.4275103307127588,28.97752153061637,16.557857546669236,33.37453221534538,9.091674086450162,51.367923072700314,0
2026-08-14 00:03:42.400,1.2402507846714297,29.457448576853846,15.210424714905498,33.152651427386566,8.022311416429744,41.88486187263908,0
2026-08-14 00:03:42.500,2.0285216129092047,28.065038562810457,17.48763169127916,33.06756192557699,8.612764827971077,52.8805979419033,1
2026-08-14 00:03:42.600,2.067841201805455,28.12045466569681,17.575383970576944,33.16103273902552,5.9359735554654876,60.542390701698196,1
2026-08-14 00:03:42.700,1.259830573704518,30.747157521206653,15.949752460039752,34.63787376803661,7.081701820006746,51.042182228664764,0
2026-08-14 00:03:42.800,0.7533840194557535,28.323190572678246,15.845298643989747,32.45422335126005,6.258094160741881,51.167415981515106,0
2026-08-14 00:03:42.900,1.9030054759347688,29.313228462445657,16.63678713196724,33.70531188056157,10.704130149286758,39.5265988657559,1
2026-08-14 00:03:43.000,1.2261480696959983,28.59281261280862,16.592508911253987,33.058437426491146,7.714396653376813,63.73045757484963,0
2026-08-14 00:03:43.100,1.8162502396651075,26.746507264220632,15.995302621577016,31.16448871377221,4.106857926154884,62.5345589377182,0
2026-08-14 00:03:43.200,0.7119584729152657,26.55847151295152,15.161839785581593,30.581592417464176,5.829688330510736,45.07328973576204,0
2026-08-14 00:03:43.300,1.8570389353197236,28.032451019266627,16.411422096123744,32.483120006623764,1.0,48.50853848620405,0
2026-08-14 00:03:43.400,1.0155312282876876,29.675871213330264,16.6130112075366,34.00954974197542,6.516522194353555,66.97064807228392,0
2026-08-14 00:03:43.500,1.79230564762661,29.416396340750023,16.757519728899453,33.854672367939784,8.112935195291449,36.39715014743054,1
2026-08-14 00:03:43.600,1.5057092271345736,29.550516570791793,16.461297861824026,33.826134229266174,7.591592453399079,57.25146069630538,0
2026-08-14 00:03:43.700,1.118424232241342,27.65772795008519,15.969972358723377,31.937281232116675,13.940463054594177,43.29663472242646,1
2026-08-14 00:03:43.800,1.3371854748292877,30.26898134159756,16.98706694249017,34.7098210131747,9.724718122745111,71.33693452101969,0
2026-08-14 00:03:43.900,1.7745273827826804,27.6965502737426,16.24954494241013,32.111471593518694,9.591355559267452,50.76136074398404,0
2026-08-14 00:03:44.000,1.5423577812460938,28.882602695052697,15.829928566337863,32.936171253739026,3.070192896289166,65.12454221768051,0
2026-08-14 00:03:44.100,1.7337651921889936,28.667760728928734,16.062345105665308,32.860910448503994,6.906073837648602,40.864071818466456,0
2026-08-14 00:03:44.200,2.290576233806194,28.512573920975626,14.815093418794142,32.13182012595453,6.540011578028913,35.017655812108785,1
2026-08-14 00:03:44.300,0.8743033553155795,30.03337460203956,16.071076018903543,34.06292815351921,5.641756403575976,47.18888651358665,0
2026-08-14 00:03:44.400,2.1468850299874496,27.99800666603174,16.772619527618353,32.637541927807646,5.60035800345996,53.152201495362036,1
2026-08-14 00:03:44.500,1.5417423750092851,27.361846652939512,16.498697562902247,31.951176402929107,2.5756311381751287,43.87121981580304,0
2026-08-14 00:03:44.600,1.1404863806707488,28.739782117311602,17.44840331704806,33.62174674916396,4.172440385956015,59.09968911529961,0
2026-08-14 00:03:44.700,0.967874549704404,28.3282946192724,16.026492880922792,32.54751526766009,10.622280208294846,47.48055718627485,1
2026-08-14 00:03:44.800,1.4243518436891867,32.113838995095314,16.631724176050255,36.16507851603697,7.571255924020453,25.022754058800732,1
2026-08-14 00:03:44.900,1.8686600447697836,29.421298274906384,16.881066620124468,33.92024767619025,6.480792745176998,56.63374375031601,0
2026-08-14 00:03:45.000,1.4489803518489863,28.343784945701525,18.12616091918202,33.644135517445804,7.983765996041876,39.40955529023411,1
2026-08-14 00:03:45.100,2.104461972098939,27.705348674186805,16.372688538918453,32.181536245970236,11.502172036103453,45.66083141988178,1
2026-08-14 00:03:45.200,0.9195297239793764,26.88950655525885,15.426527236405366,31.000375890638253,8.012631562627357,68.63757444247227,0
2026-08-14 00:03:45.300,1.4951644208615782,27.752910602543945,16.945220815653055,32.51714248521905,9.621122392793113,71.27374068945308,0
2026-08-14 00:03:45.400,0.9990426222347524,28.901406182494252,17.76446053121584,33.92443569597941,5.460185472835228,43.094078778886264,0
2026-08-14 00:03:45.500,1.6454527530499872,30.222127784783634,16.018840511732023,34.204974187683554,6.144110147759843,56.93343956758208,0
2026-08-14 00:03:45.600,1.8547549560389203,29.924822998030525,16.954745544270697,34.39416270145885,9.061930655191027,43.37270611492826,0
2026-08-14 00:03:45.700,1.3316952825275787,29.040563409742727,17.269863591040945,33.78760884715652,13.677961125011342,46.55752425321676,1
2026-08-14 00:03:45.800,0.4583144573491462,28.496635634847603,17.105534415506177,33.23638894563205,12.289324578544623,42.73069502121737,1
2026-08-14 00:03:45.900,1.5795792587185977,29.096950379415986,16.39732963178116,33.39917574485162,9.748484208368417,29.307875835242186,1
2026-08-14 00:03:46.000,1.674695420693404,28.317834747973,15.74310464070403,32.3997701927292,8.454301280482154,51.14066268480451,0
2026-08-14 00:03:46.100,1.661717901984679,30.563171463675193,16.241860842335925,34.61077135141334,12.203208066881512,53.457984643354,1
2026-08-14 00:03:46.200,1.9943128767288616,28.66395200908998,16.67876567732114,33.16328345170905,10.38403496913537,41.94797905626634,1
2026-08-14 00:03:46.300,1.0715785281403805,28.775139054572076,17.043464166964664,33.443808072953765,1.1190139328880164,63.053500537245306,0
2026-08-14 00:03:46.400,1.7720864421801799,26.653989210251876,16.589043019562762,31.39476849930777,4.838207456434334,44.76703739485737,0
2026-08-14 00:03:46.500,1.97700300499119,28.68271151120352,16.022961441403314,32.85472923321123,9.014420976073795,42.35345810169182,0
2026-08-14 00:03:46.600,0.7885649663973933,29.72296521814497,16.776192373027836,34.130562431578724,2.639097303347083,56.318037417297276,0
2026-08-14 00:03:46.700,1.627860730367591,27.827093225595224,17.024957535774522,32.622021649200306,5.307232985729414,31.48781612032965,1
2026-08-14 00:03:46.800,1.2983280675969313,28.1524301905947,16.645578360184093,32.70526875873881,5.900555169026077,60.88014838043367,0
2026-08-14 00:03:46.900,1.4673909307593416,29.70419626527492,15.677941456894095,33.58775259066571,7.2315022812624985,45.17397011126765,0
2026-08-14 00:03:47.000,1.6390705934153345,27.443162746476943,16.206767154223247,31.871405414898625,7.137709375321377,61.87143291672908,0
2026-08-14 00:03:47.100,1.3051085743545792,29.985955699990658,17.115149436599218,34.526596697023656,7.1326387184995195,65.45756630994987,0
2026-08-14 00:03:47.200,1.2297167683353551,28.40434552472938,15.25547940194591,32.24184387517888,10.475922551720942,57.6818413082857,1
2026-08-14 00:03:47.300,1.51366096699521,28.556255916865023,14.692352064500806,32.11424856939252,7.204328403648397,40.25632048726027,0
2026-08-14 00:03:47.400,1.065101624454879,27.829280454684373,17.578361596001194,32.91606973843091,6.8461096037862985,34.99001952218715,1
2026-08-14 00:03:47.500,1.0656699484459258,29.339539842691593,16.78602835337573,33.80206126941405,3.952483687569451,32.79112803997717,1
2026-08-14 00:03:47.600,1.7717493131826014,31.429700289746833,16.86728098484656,35.669752285726325,11.073038605957475,63.23492842041573,1
2026-08-14 00:03:47.700,1.0404823859365375,29.759660266631823,15.525444237401071,33.56600658335744,5.985507458157541,48.382398653597804,0
2026-08-14 00:03:47.800,1.7665250003636848,28.122212487684397,16.981921100548192,32.85185656043987,4.738909015996175,42.809338465629814,0
2026-08-14 00:03:47.900,1.6850365171415804,30.130453057570154,16.6170984333019,34.40889655011453,8.639271724606912,48.4150141815333,0
2026-08-14 00:03:48.000,0.8096773084837613,28.68648764859817,15.134438254440738,32.43402218181789,5.699176212850812,62.967454507450014,0
2026-08-14 00:03:48.100,1.228974139065738,30.385986898413723,17.546327881610786,35.08820060817543,6.4221417806171175,59.3448774243146,0
2026-08-14 00:03:48.200,1.977643761218949,29.82651304160427,16.53884864255893,34.10504940096793,8.775380522957207,55.262073868506256,0
2026-08-14 00:03:48.300,1.1075337875441273,26.085029796421914,16.100035644272776,30.653546731611222,7.020552128661331,57.65463268911686,0
2026-08-14 00:03:48.400,1.314238295076245,28.032426451392364,16.11951185382026,32.33659838570183,14.934828125901904,52.162068265963384,1
2026-08-14 00:03:48.500,1.6848243573007586,29.989226029636523,14.814726959734779,33.4489134763466,7.775514370042406,53.6253566875571,0
2026-08-14 00:03:48.600,1.8133562037130382,29.20483280139989,16.906574597258015,33.745437077779464,9.853514656637666,52.652302773812565,0
2026-08-14 00:03:48.700,1.3993844455822018,28.037754304000764,16.64639191682175,32.60702424723762,2.174917857521164,49.999265052469354,0
2026-08-14 00:03:48.800,1.2609959221233433,28.436255458668544,16.28664287863094,32.770037546007124,5.418052604255809,59.040486605975374,0
2026-08-14 00:03:48.900,2.0689479446794032,27.17194307652672,17.469695983930997,32.30332441599445,4.739258915249863,54.335385274404736,1
2026-08-14 00:03:49.000,2.195559865519032,28.99814113154345,15.344821436245232,32.80786085673925,5.136860830092114,39.431419626716504,1
2026-08-14 00:03:49.100,1.8915432203127183,31.30553886753935,15.97949150382006,35.14798589546312,9.246613981511008,56.34649262627184,0
2026-08-14 00:03:49.200,1.5341272570260096,29.908117254709655,15.781903714578089,33.81662257792276,11.10669520333223,52.96696479655165,1
2026-08-14 00:03:49.300,1.1766937113436295,31.301935587619493,16.243875168041402,35.265771677455064,9.033891513903532,57.33696162698119,0
2026-08-14 00:03:49.400,1.167822237377374,30.002250398674793,16.525888005536668,34.252591191854705,7.320066129301073,48.74951703661966,0
2026-08-14 00:03:49.500,1.7090056421063031,30.155667374691244,16.82092363785222,34.529809539635075,6.107434883862742,59.74088376520589,0
2026-08-14 00:03:49.600,1.6673592883554735,31.11060144153732,16.204334889791287,35.07777061437473,11.340799253559528,49.263097389606116,1
2026-08-14 00:03:49.700,2.0606394371785717,29.522120735588263,15.78502989762371,33.47719793524429,14.213766362464586,58.68655623920654,1
2026-08-14 00:03:49.800,1.7601800370144556,28.9659648771929,17.840720879036226,34.01938333877397,8.405167114351073,44.52234180859387,0
2026-08-14 00:03:49.900,0.8987678792960727,30.194184437775537,18.426228306122972,35.37251282354385,10.818089192214718,45.35295135081257,1
2026-08-14 00:03:50.000,1.9207790470891675,30.62370188072915,16.61654632366998,34.84136519435546,9.030111049386425,57.224630278521495,0
2026-08-14 00:03:50.100,1.1007757490742347,28.6982317233488,15.901493526019912,32.80923651054801,10.266514719396767,46.01871927506307,1
2026-08-14 00:03:50.200,1.3464114912190595,28.464962006174723,17.692281957942686,33.51523389284811,4.506359665669651,76.46939233697793,0
2026-08-14 00:03:50.300,1.6000800825006778,29.333721843399374,15.359513801518323,33.11165808903199,6.535591159573627,56.79733984134832,0
2026-08-14 00:03:50.400,2.2982669959135857,30.034699400353894,16.254101660289482,34.150827059569785,9.186408320136753,50.29908183385041,1
2026-08-14 00:03:50.500,2.7439674224021444,30.009626304537537,15.970027512448548,33.99440321121045,11.637472832245937,59.83880932110619,1
2026-08-14 00:03:50.600,1.742689223654473,27.79570237814212,15.604293546637443,31.876245823244094,5.545597335086976,44.2318350802818,0
2026-08-14 00:03:50.700,1.426721352511845,31.139810767846782,16.31290343413266,35.1539277052884,1.9001026668796195,61.07617783079621,0
2026-08-14 00:03:50.800,1.7138022593922202,28.595374493840353,15.850585990603154,32.694594640222725,6.505206720676252,60.74282259996239,0
2026-08-14 00:03:50.900,1.8550621703495345,28.979809148802367,16.557048058733496,33.3761168909779,11.03039214304475,65.0424086933546,1
2026-08-14 00:03:51.000,1.3717329497771233,28.35055450815687,16.57366705502479,32.83961602349802,3.2483132267364514,44.71028562381707,0
2026-08-14 00:03:51.100,2.218084542364929,31.95987242653552,16.059860775541477,35.76803843727247,4.469240323605248,35.32720095034706,1
2026-08-14 00:03:51.200,1.5920283036765608,29.51194898334014,16.26551630255621,33.69750960210551,8.467755758153336,42.67814432956942,0
2026-08-14 00:03:51.300,1.6990972356365577,28.427237954824353,16.38224864698058,32.80984499310692,7.652086241715608,46.620433808327036,0
2026-08-14 00:03:51.400,1.7663697008217847,30.150471307922103,17.21980550367134,34.721356852434546,9.783399444659683,70.00653921022106,0
2026-08-14 00:03:51.500,1.6686346442457822,30.064018259723433,16.45818596739669,34.27414593040062,4.313819718663263,76.34014434953298,0
2026-08-14 00:03:51.600,1.8355762001878448,29.115490179287256,17.241691714349162,33.837666904691126,7.025064217493997,54.13594765572779,0
2026-08-14 00:03:51.700,1.2530987253812307,30.152158638104268,17.055581542036254,34.641673346916335,11.585556207209294,50.11268729622319,1
2026-08-14 00:03:51.800,1.2766792984215878,28.494594686943763,17.04915654618537,33.205657128109046,4.4213114190896485,45.80110603430947,0
2026-08-14 00:03:51.900,1.059938306811322,28.835303095279116,17.707209598413804,33.83814380782095,12.430736888930806,59.89628420253041,1
2026-08-14 00:03:52.000,1.6758004922480905,27.32633943811605,15.706420951812541,31.518573670181723,4.797749042333933,76.2629767038982,0
2026-08-14 00:03:52.100,1.8115746014048457,28.020939730916293,16.22838800403582,32.381069170321986,10.548144732132833,71.43021069425926,1
2026-08-14 00:03:52.200,1.6831091464607544,31.160856343260285,18.022574362793414,35.997390943063124,6.881124469360623,63.65571935127001,0
2026-08-14 00:03:52.300,2.169796973339015,31.002988887765653,16.411082955554594,35.07861120040266,4.56527522708307,63.47963037336628,1
2026-08-14 00:03:52.400,1.4977615924683814,29.43568363114604,14.369838037573572,32.755941690920984,6.509302858542205,59.987718635049376,0
2026-08-14 00:03:52.500,1.7674966622370052,31.04116115214066,16.46456314845219,35.13738074106458,9.634787564536982,49.432512251497585,0
2026-08-14 00:03:52.600,1.0633196495442743,29.22648994079626,16.73989028057334,33.68102790689588,7.9794380152955275,41.161421329510446,0
2026-08-14 00:03:52.700,1.3451601190102396,29.1514888472904,14.543248995970018,32.577835922179965,11.355408234330032,49.7502309280647,1
2026-08-14 00:03:52.800,1.778215103026311,29.45974452077761,17.70908883529759,34.372785377474834,12.307220182804645,55.06807522557624,1
2026-08-14 00:03:52.900,1.8396408442972576,29.286646999442226,16.075971185766996,33.40874948326484,4.450908004046449,32.55639321538046,1
2026-08-14 00:03:53.000,1.3824132209343272,29.204706993659354,16.914792482481733,33.74944614820984,4.231192565268965,48.16459124760549,0
2026-08-14 00:03:53.100,1.4713602992567734,30.571636146822833,16.476157587528718,34.72878785017992,4.085618679137475,40.08881174490472,0
2026-08-14 00:03:53.200,0.8928505013276762,29.58670841608322,15.631262521912978,33.46206333935926,5.302411711855942,62.1660939328177,0
2026-08-14 00:03:53.300,1.3571883196773562,30.157389249014564,15.81053798304012,34.050568829752805,11.312643562459233,43.403499174119474,1
2026-08-14 00:03:53.400,1.8561532654079145,30.484622732311834,15.923879055078666,34.39305376514503,9.681085852000205,53.93864398377185,0
2026-08-14 00:03:53.500,1.7300820064426266,29.84976272514298,17.54548368503986,34.624447035141735,6.364917281232705,41.59975648477308,0
2026-08-14 00:03:53.600,1.700266288552484,28.49964032603375,16.563916440685073,32.963507497948186,7.966692228131497,69.17239191153098,0
2026-08-14 00:03:53.700,1.519909474872384,28.12538048543169,16.26945541139604,32.492032974772535,12.212916515497817,29.59091676158497,1
2026-08-14 00:03:53.800,1.5028252634512707,29.63536173165678,15.944261528037503,33.652253128737215,13.72403255293736,55.7100845221276,1
2026-08-14 00:03:53.900,1.2358715442106212,29.323659514478283,17.653869668802834,34.22770985041403,8.778153000328407,34.672907978720815,1
2026-08-14 00:03:54.000,1.7795313680810139,29.59064197067708,17.87331134307305,34.56965939379819,1.0,43.88800819418179,0
2026-08-14 00:03:54.100,1.668389177755756,29.495531224962114,17.654746277491768,34.37552077227812,8.89186128427992,52.47424044421406,0
2026-08-14 00:03:54.200,1.6968075391971198,32.103493646831005,17.105901863322,36.37645093861854,10.804244388624042,53.06428437580205,1
2026-08-14 00:03:54.300,1.2895860629329678,28.198028453476844,16.948816858967483,32.89971430851505,8.673896947568226,52.751202093144954,0
2026-08-14 00:03:54.400,0.6386628320515022,27.5466431617508,15.749203404562437,31.730977882175537,10.17954475620435,51.820989691706004,1
2026-08-14 00:03:54.500,1.9388610847014782,29.87730098754528,16.530299191046556,34.14533504954796,9.071196123381153,42.29786885751869,0
2026-08-14 00:03:54.600,1.3084650175966384,29.176836321891216,16.184867163210498,33.3652169608591,4.296063747554404,48.03136012293427,0
2026-08-14 00:03:54.700,1.1548896943827518,29.877661468663106,15.276546472172123,33.55663163895433,5.341284699909612,50.37960819414698,0
2026-08-14 00:03:54.800,1.7773915647655976,30.1538113436709,17.58759172816443,34.90810394945984,7.036543438609531,52.34432476110659,0
2026-08-14 00:03:54.900,1.343194944032348,30.862367739019536,16.190293869190565,34.851274840803505,11.196244334715054,49.21183432631614,1
2026-08-14 00:03:55.000,1.9239745536186488,28.079371945910445,17.708712185724874,33.19713264957718,5.702347795038138,58.75508505181345,0
2026-08-14 00:03:55.100,1.746802379830679,29.03821459089096,17.462356613856883,33.8843888116068,9.36770789950294,51.120643641811306,0
2026-08-14 00:03:55.200,1.773427729280191,30.03202847008263,17.207334708027858,34.61235475638654,8.911077781763591,52.415911611459364,0
2026-08-14 00:03:55.300,0.9536177155197862,30.38206552934283,17.257268417603914,34.941139349862524,12.75859179523739,45.40817182026179,1
2026-08-14 00:03:55.400,1.9847775941545602,31.813386206397734,16.279710888006647,35.736823145244735,7.874960665611757,37.37069688062694,1
2026-08-14 00:03:55.500,1.6045002124935424,30.583975349676958,18.26324294817039,35.62198185353453,2.7357247451712245,51.848347168789644,0
2026-08-14 00:03:55.600,1.3522891443015188,29.579817505130556,16.81646400537254,34.02585877359774,9.940611394690334,64.48935252755525,0
2026-08-14 00:03:55.700,1.5573553869369003,28.754505070527916,17.02850984217731,33.41843367508635,14.414165634902014,55.32633476876496,1
2026-08-14 00:03:55.800,0.789505906840672,29.088985693205302,16.272704260701282,33.331216488687424,10.137150034599369,40.1900727054225,1
2026-08-14 00:03:55.900,1.6634611245922684,29.068907445420955,16.05203395240527,33.20646283601464,5.637015224568779,59.77688030982325,0
2026-08-14 00:03:56.000,1.0882513967271714,30.32517861934556,17.18380380154662,34.85540949960653,4.754162362463106,45.97859518647252,0
2026-08-14 00:03:56.100,0.9589318856625862,29.935277158871376,16.980978624722354,34.41619464193745,5.141093499477784,58.57584776576345,0
2026-08-14 00:03:56.200,0.8910563255128435,28.36296486489711,16.18048676872151,32.65372762794716,14.009935641146138,45.57444962124607,1
2026-08-14 00:03:56.300,1.94507534999597,29.259047689102598,15.666228119895496,33.18919365061141,7.018017678435692,54.239677277928436,0
2026-08-14 00:03:56.400,1.2482946425228845,30.580831434098194,15.806031858526028,34.424088866859904,6.012069818515917,43.77803196050784,0
2026-08-14 00:03:56.500,2.1134910839665997,30.063280958074575,17.783878135533197,34.92946010896282,7.5246900676183,44.08337004235599,1
2026-08-14 00:03:56.600,1.2856794147790809,30.288597941567026,16.341368943612498,34.41568689154934,7.049278854182894,31.204815594851127,1
2026-08-14 00:03:56.700,0.8170568169628213,30.111209758065264,16.565845992264137,34.36731305373783,12.70295107936251,56.14489782993392,1
2026-08-14 00:03:56.800,1.0533902240205364,31.363053505070603,18.002245869284298,36.1624388212422,4.9565675269510905,54.44203561784404,0
2026-08-14 00:03:56.900,1.9943246480027754,29.981000556739854,15.949254046560162,33.95937424371879,11.54192969498134,55.11731259513131,1
2026-08-14 00:03:57.000,1.437640728825333,29.367269417498527,16.270379468647892,33.57322982814944,8.366276289353253,53.30396673358173,0
2026-08-14 00:03:57.100,1.2806850814037596,28.845871896689406,16.241962699845228,33.104164055649846,11.621079540283056,40.85299960012036,1
2026-08-14 00:03:57.200,1.564007290341115,30.01957111848642,18.15643178109886,35.08319633613164,12.747857131202153,61.59079117392296,1
2026-08-14 00:03:57.300,1.7007130944670181,27.33759236795537,18.461684630104205,32.987539402900566,8.254392901739285,61.91335160110724,0
2026-08-14 00:03:57.400,1.9469595263609842,29.602342103351482,17.473229243432254,34.37458942587376,7.054809171202503,40.541150417953006,0
2026-08-14 00:03:57.500,2.0793996919571707,29.589125967716594,17.503687275906156,34.37870625526969,8.19853649559531,56.38548789619949,1
2026-08-14 00:03:57.600,1.3560925416843657,28.4388296964744,16.417696327772823,32.83759715959801,7.715687983984605,60.499894224415726,0
2026-08-14 00:03:57.700,0.9695809255671847,28.883369433889428,18.44484395305068,34.270414329373494,3.029100632783816,44.35882071987534,0
2026-08-14 00:03:57.800,1.3346139355506896,30.629627525147406,17.10613900048643,35.08267483863268,12.65744112135522,46.447571729067775,1
2026-08-14 00:03:57.900,1.6041122026331545,30.05901646652787,17.57947104203154,34.822152045108,8.73735505214357,56.40936089854143,0
2026-08-14 00:03:58.000,1.1144964295157556,29.938427773613974,16.817563712927228,34.33860665190519,4.510702444846838,31.876042767028387,1
2026-08-14 00:03:58.100,1.1171396340419828,30.151321696292413,16.692558427554147,34.463657770042666,1.797430039404774,36.937793341592,1
2026-08-14 00:03:58.200,1.637515152619954,29.945936472763055,18.242419138565378,35.064867991450605,1.017202301208953,38.12269990556526,1
2026-08-14 00:03:58.300,1.4805390593718195,31.10450617012619,17.348765108151376,35.61558584194887,10.31144131006251,28.444203622094054,1
2026-08-14 00:03:58.400,1.5131187981646346,29.993407511425268,18.08308736668928,35.02288598699055,6.143067294778714,63.01927729024976,0
2026-08-14 00:03:58.500,1.1966018661199722,28.42009993835661,17.131250368701256,33.184059723025214,6.6352979956846,26.142418229699995,1
2026-08-14 00:03:58.600,1.407839714317693,31.516777739503514,16.25329543563899,35.46092062537897,9.464462793616471,54.11732796117639,0
2026-08-14 00:03:58.700,1.1303067422926782,30.265322764411692,16.470315151946917,34.456654556681336,6.451855531694664,59.74020073706264,0
2026-08-14 00:03:58.800,1.8560793644499147,29.314063488741517,17.024362525693643,33.89901528994921,9.63957324816054,46.476848547040795,0
2026-08-14 00:03:58.900,1.914099733889501,28.65825022369531,16.445790992359537,33.04178184130369,8.285792193130145,41.97958850322506,0
2026-08-14 00:03:59.000,0.7615248551047624,30.315900885402115,16.06602287176429,34.309924765431624,7.747611250552291,52.79410940883967,0
2026-08-14 00:03:59.100,1.128195655923036,29.81114938192344,17.91812645756831,34.78166015619099,3.2817487829255327,50.02199600713378,0
2026-08-14 00:03:59.200,0.9013882979639684,31.510802895383964,16.526097608952124,35.581492398329104,5.540805930683421,62.04205834899699,0
2026-08-14 00:03:59.300,1.2399904262372408,29.59908355113847,17.07754869731624,34.17233408148299,9.807606096760598,18.45774631522451,1
2026-08-14 00:03:59.400,1.4666248120838556,29.115944764576575,17.20890220446391,33.82136240036284,5.953934555407846,38.975510286222466,1
2026-08-14 00:03:59.500,0.9201419121205879,30.857456494948714,16.506473665771217,34.99494669543663,11.616108667353473,56.738922606992666,1
2026-08-14 00:03:59.600,1.1312560747498748,30.89527689188336,18.14263657254691,35.82838813049868,15.039203971980196,50.60536931329352,1
2026-08-14 00:03:59.700,1.0984170511674005,30.146981089230465,16.093284424008473,34.173590275919985,9.969155902523967,59.02440991036241,0
2026-08-14 00:03:59.800,1.5829069317595776,30.663021491748918,17.201298877309025,35.158293048297566,12.478495674095473,53.144239714875944,1
2026-08-14 00:03:59.900,1.5277377348145003,29.957312045785514,17.19389366501792,34.54085297690995,10.162181714888206,48.38315524110425,1
2026-08-14 00:04:00.000,1.2113049786650987,30.23719898999074,16.95859665109758,34.668172768908875,6.397213931983436,46.37253868287795,0
2026-08-14 00:04:00.100,1.5707283488557593,31.17665949399916,15.969471076243558,35.028675448263066,8.600454994422273,77.90066019050704,0
2026-08-14 00:04:00.200,1.2813279661650938,30.645321667910483,17.70865604182416,35.39395766140513,14.039962838292325,68.41935528837814,1
2026-08-14 00:04:00.300,1.3913379558695786,29.859063618010097,17.611811370073312,34.66611573106248,6.429338772117647,55.94606117714267,0
2026-08-14 00:04:00.400,2.169380836119415,31.389035324722617,16.481548844404905,35.45296871810863,4.882018103365779,50.94156672138098,1
2026-08-14 00:04:00.500,2.0361844207161393,27.680152128458694,17.592994266514413,32.79793086638585,4.597416730654192,56.45759059224121,1
2026-08-14 00:04:00.600,0.9801675052289609,32.105415535125886,17.331931483262988,36.48497712242157,7.347411848499353,59.9220166144749,0
2026-08-14 00:04:00.700,1.8318929671516697,28.355717851266952,16.012516451405727,32.56451163409638,4.989583734070814,55.02592022845411,0
2026-08-14 00:04:00.800,1.824558621796637,29.442918843839138,16.358863869509776,33.682308370211956,13.022058282311711,40.9834385193613,1
2026-08-14 00:04:00.900,1.0406946844989526,30.037428855870104,17.95763299055077,34.99605284735373,8.649069603773864,71.41412921269412,0
2026-08-14 00:04:01.000,1.8275110575019442,29.940200442790758,17.299541616224992,34.57874697969821,10.91517892928151,52.95449873304823,1
2026-08-14 00:04:01.100,2.115172767365021,31.101426875999216,16.6055671449351,35.256823650579676,7.104003828260905,74.16716036467777,1
2026-08-14 00:04:01.200,1.0509820775022345,29.045513939816168,16.375229622117732,33.343515489599135,4.579408406731645,52.245769842528006,0
2026-08-14 00:04:01.300,1.1329988715942945,30.37245209836321,16.654696130035752,34.63906392573557,4.0718181637001685,47.052159774493596,0
2026-08-14 00:04:01.400,1.907064586737401,29.541807905114133,16.716428378098172,33.94344402123553,5.276024773465638,66.60968148855756,0
2026-08-14 00:04:01.500,1.6085981243302592,30.42349570512505,16.400242409369177,34.562364531464475,9.042576482080133,53.614243496933206,0
2026-08-14 00:04:01.600,1.7205905100958092,30.071917188443493,15.688602379038183,33.91832024137053,9.559648795303843,51.601071614111476,0
2026-08-14 00:04:01.700,1.6362356865601988,30.23795982337809,17.9990251315377,35.189474562231716,9.809588219176055,35.59562953228887,1
2026-08-14 00:04:01.800,1.6562783683712576,29.60343406068451,17.86852227397847,34.57813465820504,3.5339819486544286,57.92261366162994,0
2026-08-14 00:04:01.900,0.9694111486755668,29.651629665506515,16.078411807916073,33.730319715135835,7.99877244230519,44.0802754045291,0
2026-08-14 00:04:02.000,1.9189270826485794,30.45730085208377,17.211066039284738,34.98382439646876,4.921814507322822,44.62650549111231,0
2026-08-14 00:04:02.100,1.9678359969711094,31.12207856626613,16.385227274134238,35.17185589515962,9.204397902753584,44.11341385513794,0
2026-08-14 00:04:02.200,1.408243702372789,29.588418448765978,16.90276489119707,34.07606149874658,9.437231166492356,55.26840601634363,0
2026-08-14 00:04:02.300,1.482609220074455,29.326264960844657,16.841206239351617,33.81798403438681,4.483480858920686,31.57548471709172,1
2026-08-14 00:04:02.400,0.8875569989777111,30.81682739354315,16.77975296414849,35.08898630826034,10.904088821589044,47.469855887290315,1
2026-08-14 00:04:02.500,1.705701902407134,30.179198057267364,18.72937883745606,35.518637741567694,15.016468824584734,61.763347893312535,1
2026-08-14 00:04:02.600,1.7288229766856578,31.050534806764745,16.779761455926327,35.29442032820344,10.504507212753987,35.05197356791991,1
2026-08-14 00:04:02.700,1.4751235932002755,29.322574181861388,16.490411777085985,33.641448203497724,7.511497881346686,52.07454753121502,0
2026-08-14 00:04:02.800,1.949741343948201,28.457267192262847,16.531958527014133,32.91081446562443,7.050362890370773,42.423206956749986,0
2026-08-14 00:04:02.900,1.3663691076080238,29.712036758313687,17.98204606920542,34.72980145584495,7.372808054982475,45.155682566412395,0
2026-08-14 00:04:03.000,1.7258423703574401,29.487022953328747,15.830343472201912,33.4676604664566,5.717798459668968,69.86182712467888,0
2026-08-14 00:04:03.100,1.0921342645231538,30.182921884967207,16.54692783788009,34.421063237297645,8.757194619956149,30.1941297974599,1
2026-08-14 00:04:03.200,1.4905791396503048,29.633199793230858,18.319485276589976,34.83862900265644,4.584612226537088,59.187564058059394,0
2026-08-14 00:04:03.300,1.4302582968388657,31.01939668129144,17.362216788371114,35.54784863079213,2.3309066402062992,44.26486077467345,0
2026-08-14 00:04:03.400,1.5901231688163766,29.99856418998622,17.32556627547413,34.64230217850093,8.658805045440646,43.66803217825199,0
2026-08-14 00:04:03.500,1.3521892284666566,30.445523673636373,18.882746673032447,35.82580122872161,8.063699197327464,36.66125189014079,1
2026-08-14 00:04:03.600,1.4474109617313329,30.46101845575716,17.379108700748528,35.070030861041616,6.286489950688417,59.04679564728363,0
2026-08-14 00:04:03.700,1.8304188685766025,30.506673712182145,16.62048224277431,34.74043135834558,4.1519101321689,47.703144604591806,0
2026-08-14 00:04:03.800,1.325294305104713,30.29592423176873,16.966370359833142,34.72320187200622,8.869232080742105,46.18796703446417,0
2026-08-14 00:04:03.900,0.8573691597045282,30.838988755087758,16.28868699158201,34.876418270031145,5.029474884288648,51.318043150448894,0
2026-08-14 00:04:04.000,2.1998335616821683,29.54106765330538,18.20678330429127,34.701032209238164,7.583166947403996,47.956554491098395,1
2026-08-14 00:04:04.100,2.052581631476195,31.74447543623881,17.666683879780333,36.3293743412966,13.294915562379334,25.991745442957708,1
2026-08-14 00:04:04.200,0.9830949219577525,30.116854848670137,18.111566659199916,35.143332124693416,9.953569308726152,44.1101098042717,0
2026-08-14 00:04:04.300,1.7758831220980777,29.050177816593735,18.187423315534947,34.27382672002324,3.89260201285491,60.74529069137989,0
2026-08-14 00:04:04.400,1.2988100917794627,30.558135033937926,16.89066838142567,34.91553085839706,4.175445286963092,31.920602430652302,1
2026-08-14 00:04:04.500,1.6053948861324239,29.52721591695241,16.47123555803283,33.81062082563012,8.455457278231275,36.92074520172375,1
2026-08-14 00:04:04.600,1.6176896516053976,31.052065656362515,17.19066818406575,35.49295499309263,3.8740379538229375,44.878503255217694,0
2026-08-14 00:04:04.700,1.4062368798734712,32.60467142034976,16.5388306499536,36.559506529722434,1.9948235562971401,41.292518976354295,0
2026-08-14 00:04:04.800,1.1864937337654413,29.616828475203274,17.374005840383894,34.33675301875972,9.59711603389017,49.665374214300705,0
2026-08-14 00:04:04.900,1.2237835790734963,30.744107622438854,18.15271867819667,35.70324003378199,8.962807262962603,36.883078979855114,1
2026-08-14 00:04:05.000,1.133523233807503,28.664564422963984,17.11753029016183,33.386630509724405,9.351794993837398,45.345745714287524,0
2026-08-14 00:04:05.100,1.167271116707822,30.8823099635637,17.377038912399602,35.43555488557609,8.789105545453712,49.42406562080799,0
2026-08-14 00:04:05.200,1.473128683980258,29.551025656776407,17.186967180966967,34.1855957714224,7.804067864982815,57.78728499449565,0
2026-08-14 00:04:05.300,1.2136960043556992,29.82023956059535,17.909226565368062,34.78486860146206,6.013434356970018,64.93747263319516,0
2026-08-14 00:04:05.400,1.772820826285048,29.352122411643748,16.737819425459517,33.789076477279,9.54840489826383,46.86143415375872,0
2026-08-14 00:04:05.500,2.094898462134371,31.193894849992056,15.519889165047914,34.84144135376337,12.589650465215453,72.65672289494991,1
2026-08-14 00:04:05.600,1.2679787034519827,31.477382703864325,17.658742095334947,36.09233705754023,6.496312977669638,47.79314503346571,0
2026-08-14 00:04:05.700,1.595761800214151,30.501798283503312,18.077315378353283,35.45629746344045,4.937779369375105,59.94650177907837,0
2026-08-14 00:04:05.800,1.6998740441211735,29.622321085962827,17.64914807058596,34.48150713262612,4.594641741766283,73.17809281672135,0
2026-08-14 00:04:05.900,1.6888009083677098,32.08460554985615,16.784865111876965,36.20985515179209,5.399809299998847,51.67170091083122,0
2026-08-14 00:04:06.000,1.530382107166435,29.753007108451378,16.394040663174767,33.97066383309849,8.607795573428222,33.51768054106957,1
2026-08-14 00:04:06.100,1.797072967343889,28.349719658732337,17.702649200620122,33.42290222959298,1.5811173093393194,51.090846286491576,0
2026-08-14 00:04:06.200,1.692899581072263,30.978475691070585,17.42523517101585,35.542998985840505,9.317511273296978,42.66028534154107,0
2026-08-14 00:04:06.300,1.0049350310690808,29.423646729925743,17.216418740013694,34.09041010488088,9.931739030888469,46.70681567633058,0
2026-08-14 00:04:06.400,1.8476624257557093,31.525364919520175,18.780024350007633,36.6952033363462,2.60576492017136,73.81972258994259,0
2026-08-14 00:04:06.500,1.8549163349066968,30.163953151801323,16.56961443373978,34.415348207258674,5.062458691167202,35.326838921313495,1
2026-08-14 00:04:06.600,1.1946855583285674,31.15713881147268,18.75208495945906,36.364928010985366,8.239042939536242,53.6056018676703,0
2026-08-14 00:04:06.700,1.5151751341790407,31.963260639934386,17.362483299925852,36.37452208726024,7.569590809086806,39.4673446361393,1
2026-08-14 00:04:06.800,1.773331597124428,29.361236151215248,15.873600628004883,33.3774382663623,9.55891240480577,46.308104705589024,0
2026-08-14 00:04:06.900,1.4162744721682554,30.01249260739731,17.203695719518517,34.59359563443583,7.5765895354509025,58.938108022453804,0
2026-08-14 00:04:07.000,1.9291912191064047,30.511093388086394,18.11965553772563,35.48589489561113,11.794308580324895,53.81796732167628,1
2026-08-14 00:04:07.100,2.4455489978477445,32.13265050223154,17.065015483674344,36.38299028057763,7.036491802868954,47.29961277246093,1
2026-08-14 00:04:07.200,1.1856055869460072,29.945051187710494,16.18223751039985,34.03778637745989,5.050901039840738,42.202396096824465,0
2026-08-14 00:04:07.300,0.94758215873849,30.017264932155673,17.235449551425877,34.61353658970677,4.809674401214731,53.79293830584337,0
2026-08-14 00:04:07.400,1.6215274382419502,31.098243926114232,16.686324111221694,35.292126425490984,10.206405527845067,70.49224060584045,1
2026-08-14 00:04:07.500,1.7886250020504575,30.051209347301594,17.770514364677673,34.91226666976182,8.088863425870748,39.18377668851652,1
2026-08-14 00:04:07.600,1.4076534504620923,30.789298678363526,18.000783530133635,35.66523686735037,9.901147702175585,72.93996662549327,0
2026-08-14 00:04:07.700,2.0813042653284137,29.093570096951524,16.542048184553305,33.46752424554758,9.839367497687553,64.39396940870182,1
2026-08-14 00:04:07.800,0.9645576801107004,32.86777218292999,16.827422100131518,36.92495880573167,1.940450441708478,66.4322404109332,0
2026-08-14 00:04:07.900,1.7771674492126444,29.314067732517735,18.002380149781832,34.400585141591655,4.57975219692967,53.701188571155214,0
2026-08-14 00:04:08.000,1.2576556716964427,30.348358981290673,16.714991588529358,34.64698885418318,4.938124878488538,64.05355730611873,0
2026-08-14 00:04:08.100,2.1877511624829187,30.645965371892522,16.54134133597838,34.82515135313245,5.551807434524713,37.89402461059248,1
2026-08-14 00:04:08.200,2.2970061412672473,32.59946926454516,16.469115772676016,36.52337841251587,6.738934020270422,41.983473105817865,1
2026-08-14 00:04:08.300,1.1933373648866608,29.370270071709363,17.69870040195176,34.29076785379986,10.997448783851558,59.189765767044705,1
2026-08-14 00:04:08.400,1.2801771456365678,32.687154710574596,17.66939652067148,37.157201946295096,11.595447057151699,53.55014066268579,1
2026-08-14 00:04:08.500,1.8438351547919207,31.46896211865161,16.879834354226524,35.710284018070425,7.121327509391009,48.21944889802677,0
2026-08-14 00:04:08.600,1.3451477400841942,31.13721534442658,17.43614032890459,35.68676461903554,7.246157416025767,19.968693312710936,1
2026-08-14 00:04:08.700,1.4818355128271048,29.74382105543912,18.65877875279835,35.111891369219386,5.883698827828141,44.774311423541945,0
2026-08-14 00:04:08.800,1.5101553682169642,31.30793070694889,16.662825553411913,35.465987658241666,8.267563091715633,35.91135463642081,1
2026-08-14 00:04:08.900,0.7321307375209374,30.02163756494476,15.885680425210378,33.96547606986857,8.60756264820181,55.92241173573803,0
2026-08-14 00:04:09.000,1.494464901562305,32.02012016301671,17.81613580646728,36.64290914117648,10.419426665006796,47.70597765719317,1
2026-08-14 00:04:09.100,1.2241088903743305,29.790731603164307,17.368755248241957,34.484218830141785,10.39531617794766,42.46039347000195,1
2026-08-14 00:04:09.200,1.3027508710400912,30.6569698602697,16.89405694338339,35.0036992476476,1.093645846792846,81.71492579149165,0
2026-08-14 00:04:09.300,2.0774528013875257,30.223189989166357,17.988742036191642,35.17152332734386,7.542365157088645,62.458093720330815,1
2026-08-14 00:04:09.400,0.9973972422882974,29.799274837206276,18.143458795514995,34.888133769061156,12.15230009267031,62.670465696272714,1
2026-08-14 00:04:09.500,1.825282074699191,31.536452338994927,15.710457097348133,35.23302837306658,6.685655218085249,76.42658173618608,0
2026-08-14 00:04:09.600,1.3884148278672765,31.33892599195039,16.960002019259264,35.63383154843473,11.417725455089865,59.62630139219731,1
2026-08-14 00:04:09.700,1.3880959326016662,32.02081216589549,19.341094165154185,37.408693311433936,7.080644599966433,40.748551886325615,0
2026-08-14 00:04:09.800,1.8161487584206846,29.040261581240074,17.958805946307496,34.14462627887407,8.524770402325892,39.34524377969916,1
2026-08-14 00:04:09.900,1.6360205178275562,31.892642114243028,18.03796575777891,36.64026241317047,4.5893279228025525,61.57883310505082,0
2026-08-14 00:04:10.000,1.7282451988878125,33.34225503971262,18.440399103518622,38.101893525523,4.702254327300456,25.287748642697878,1
2026-08-14 00:04:10.100,1.8872738642131446,30.39349976763252,17.520739574245464,35.0819204627342,10.176474716789043,49.06664442788521,1
2026-08-14 00:04:10.200,1.3674766467266708,32.74862419137218,18.149432675631225,37.44161178254747,10.645454840601994,23.946507469322622,1
2026-08-14 00:04:10.300,1.2551053061968998,30.598649029657125,18.091535816099935,35.54688440110277,8.079286718601479,51.186122100674076,0
2026-08-14 00:04:10.400,1.0659397893768807,29.497735286609387,17.953320211904625,34.531696941651504,4.317427272084826,60.24884300854344,0
2026-08-14 00:04:10.500,1.169835788008418,30.57284730421764,17.26947827148074,35.11315810427984,8.131413669821644,53.352986415243585,0
2026-08-14 00:04:10.600,2.67963777012349,31.935018436753452,17.669735819339916,36.49746520624476,11.771704882022833,61.257312307647176,1
2026-08-14 00:04:10.700,1.9978718322947147,30.05697270920039,17.06640026347373,34.56419572903026,13.228599410155281,73.57792329991898,1
2026-08-14 00:04:10.800,0.9595702535167915,30.303145254979178,17.552341792044594,35.01949906450865,7.049876203022257,48.2775387528559,0
2026-08-14 00:04:10.900,0.9710168173025719,31.505358068732594,16.61229846818423,35.6167944576023,3.020396449226629,83.69180939934657,0
2026-08-14 00:04:11.000,1.6927464246873967,30.92321347563172,16.919592822317526,35.24936528410845,10.521090798664336,52.552039474041855,1
2026-08-14 00:04:11.100,1.7189059189511868,31.513111033833628,17.33124321526819,35.964540292036354,7.172110710634998,61.38998075228431,0
2026-08-14 00:04:11.200,1.7195535341269457,31.174652344558968,16.80712933713632,35.41664220898622,10.829121924683118,42.66724742521919,1
2026-08-14 00:04:11.300,1.3980176825785209,31.424782845805947,17.163080699156485,35.80626084907244,8.843216675052858,69.43176775556819,0
2026-08-14 00:04:11.400,1.44981829599884,30.521191062898573,17.440954567820462,35.152951513845,5.3496676827144505,62.50052238251155,0
2026-08-14 00:04:11.500,1.631151809663743,31.19355791319225,17.898906058428622,35.96399440234819,8.174733081978143,67.65741563081598,0
2026-08-14 00:04:11.600,1.5343572025173322,30.042788687919668,18.34150285765169,35.199146001348375,11.925015101162984,50.654053061287456,1
2026-08-14 00:04:11.700,0.6122798509009859,32.26693003857273,17.216070352539123,36.57250131584827,7.552538033098268,34.93498922740053,1
2026-08-14 00:04:11.800,1.4080801477699225,30.352556421705774,18.660182376928752,35.62976406984861,4.895584509663867,55.52476927550487,0
2026-08-14 00:04:11.900,1.1594374262958747,32.12401334852621,18.347988379486495,36.99460651487,3.2340674942100307,29.635762240117813,1
2026-08-14 00:04:12.000,1.5700845675634048,30.769893622447704,18.005375415613496,35.65080500344876,5.683505939406045,45.965770356536574,0
2026-08-14 00:04:12.100,2.6941036010413644,31.213834316641634,17.730020486967884,35.89787012087285,6.769591214687054,52.292965239587005,1
2026-08-14 00:04:12.200,1.6469926661897218,30.525205477447354,17.867398690497666,35.36993222223616,10.459997407751777,78.52669151012921,1
2026-08-14 00:04:12.300,1.3745881255310408,30.012509319623767,18.566743771008184,35.29128348358522,4.6374521965651345,53.822583343303286,0
2026-08-14 00:04:12.400,1.868720600790901,29.29207908564024,18.60096741175474,34.699018513677935,12.661255657188907,51.67444962899647,1
2026-08-14 00:04:12.500,1.693075154883685,29.989850037106823,18.695061900126483,35.33972898449728,3.9885433674764252,49.24361091157649,0
2026-08-14 00:04:12.600,1.6680377961807364,30.729600064937102,17.66516681639342,35.44525975080433,14.99445827767051,33.894909142819785,1
2026-08-14 00:04:12.700,1.7427402372862684,31.27372281943565,18.081079916362953,36.12438497647806,13.176555670263413,51.02991008015609,1
2026-08-14 00:04:12.800,2.3226174259318166,32.08055767634377,18.716944223133947,37.14143483869634,8.423498748163976,51.23459211364127,1
2026-08-14 00:04:12.900,1.0476446258696337,30.6327556257174,17.148135023375442,35.10590052975193,3.0569193956912235,38.37669805455539,1
2026-08-14 00:04:13.000,1.6894528307245817,30.20488704370082,17.397375201806156,34.856905560235056,7.833727814052734,35.75905262685962,1
2026-08-14 00:04:13.100,1.1294475480073847,29.65246774441902,17.669938848663826,34.51804719634831,6.839477126040483,44.2211518067872,0
2026-08-14 00:04:13.200,1.7222050585368993,31.58358087077958,18.381789342108814,36.543299796799126,4.177138330847228,50.77919574287232,0
2026-08-14 00:04:13.300,1.1325253954055623,32.49504649065857,18.39924890577243,37.34247456619111,8.873028881742327,44.509349823422504,0
2026-08-14 00:04:13.400,1.3330532745579662,32.386516965739254,17.48742072971143,36.80620008843697,5.5290706104330685,37.38949460418174,1
2026-08-14 00:04:13.500,1.3819640343048374,31.838454168383944,16.470225288638254,35.84627574645355,5.855282458851256,53.47126702405166,0
2026-08-14 00:04:13.600,1.8903266877378837,31.775399459958045,17.879060841051043,36.460071686680855,7.388964096282933,56.466401890030745,0
2026-08-14 00:04:13.700,1.8673817775769654,32.842814644853526,16.952461609223793,36.95993003792636,6.27527351388289,51.45557251066682,0
2026-08-14 00:04:13.800,1.0017130494214461,31.48560704901474,16.50016638884658,35.54713690446235,14.234469851330088,43.2442074334768,1
2026-08-14 00:04:13.900,1.5219736443999394,31.807989986075842,16.68601893744403,35.91895676289947,6.392856101001351,57.1380922547871,0
2026-08-14 00:04:14.000,1.216168058100331,30.849411170653415,17.9632218257797,35.69822835853628,9.322643034183427,47.71355252327623,0
2026-08-14 00:04:14.100,0.9965980357298662,29.8164863841044,18.795947741721744,35.24642551810067,8.436567476631085,35.73099551185821,1
2026-08-14 00:04:14.200,1.4131931798302517,30.503015576913324,17.743234299436736,35.288189563792095,9.058250675776616,62.43493226001678,0
2026-08-14 00:04:14.300,1.3766068846176722,31.186040161331988,17.88622404363676,35.951162866914075,9.287265210832796,54.24209623119788,0
2026-08-14 00:04:14.400,2.470686594538209,31.26431929482169,18.668436304494577,36.41384592464151,10.644084459818366,48.56851633165113,1
2026-08-14 00:04:14.500,1.6731839301442784,33.13815449962952,16.491557259597638,37.01498000118201,8.799338226855927,31.1473735419833,1
2026-08-14 00:04:14.600,0.948952999698305,31.30148053481894,18.14826315761694,36.18206930662984,8.67468738465896,41.061676650377464,0
2026-08-14 00:04:14.700,1.274090398331623,32.40738153370725,17.727851026353914,36.93934325192947,8.175431205404418,74.22278854859513,0
2026-08-14 00:04:14.800,1.9085533181717593,30.801795570559037,18.194969654346867,35.77439770412793,7.584746442980077,31.899895257431634,1
2026-08-14 00:04:14.900,2.33537710914797,30.933531648823863,17.360337394030406,35.47202693254726,5.264606355017968,46.98380864429969,1
2026-08-14 00:04:15.000,0.8656066751048166,29.92453461981939,17.097775521884518,34.46464420256682,7.817394867739396,49.80397085175656,0
2026-08-14 00:04:15.100,0.7480302459443819,30.519548966620007,17.869533311126432,35.36612913344311,8.7238021257966,53.845721472938656,0
2026-08-14 00:04:15.200,2.248386070148713,31.79719309331408,19.081480079837764,37.0832087426472,9.206493669718386,32.03394877008303,1
2026-08-14 00:04:15.300,1.6558456709483615,31.2861066047982,18.455855938275608,36.32408408895097,8.540854318970709,52.090115076855206,0
2026-08-14 00:04:15.400,1.1526829072494533,32.22981976675504,17.36597447197061,36.61063167385464,7.301134959654399,29.766734450339847,1
2026-08-14 00:04:15.500,1.7138516344489743,31.4764698176566,16.70435189280191,35.63430263580868,7.828760290412307,51.16914555434614,0
2026-08-14 00:04:15.600,0.44570090439324894,30.95109686012755,16.436476528100947,35.04465947193396,6.339060546347624,42.17122497188501,0
2026-08-14 00:04:15.700,1.5013502026388643,33.460182178005994,18.840010750011807,38.39960672254223,8.939671973019692,39.60956879698628,1
2026-08-14 00:04:15.800,1.631128469137234,31.22631646795973,17.028066191495004,35.56737097929938,7.336615316257634,60.01780590401105,0
2026-08-14 00:04:15.900,1.869708055815132,32.49155572883182,17.536722125079965,36.92205054668623,8.54168281459241,47.172725079633416,0
2026-08-14 00:04:16.000,1.0944416190829849,30.935680275035583,18.85910258981022,36.23095450815797,11.002409130147658,55.68452965889086,1
2026-08-14 00:04:16.100,1.5342748645613435,32.05482368341757,16.516013358037213,36.059539911344565,5.871923271072741,56.08192293653381,0
2026-08-14 00:04:16.200,1.1298301495761651,32.28157458563943,19.0059469634727,37.46099408326665,9.790086142731452,65.23944186746122,0
2026-08-14 00:04:16.300,1.6021535022697269,31.57038561951707,17.614223826250893,36.151765228910676,8.099630539656118,35.50090710054771,1
2026-08-14 00:04:16.400,1.1418614710547903,29.01574544869863,16.903270370646148,33.58026255357214,14.063580798742265,61.02818795023708,1
2026-08-14 00:04:16.500,1.3367596643359119,31.396815554705086,17.629257114590253,36.007648262397005,7.3510990146094715,50.19753946925656,0
2026-08-14 00:04:16.600,1.1016738420839083,32.61735786406269,17.254061264660447,36.89979219666404,10.0854937494532,45.462505035564874,1
2026-08-14 00:04:16.700,1.7604544967294629,31.922713371784187,18.189795362378447,36.74137020229776,8.046060355267931,36.20899376971661,1
2026-08-14 00:04:16.800,1.8433804466626662,31.849406136439445,17.3236344096159,36.255937174508325,3.8350864750595193,57.27909033851434,0
2026-08-14 00:04:16.900,1.4061517720170345,29.68964504970642,16.31782742146313,33.87840779809776,6.437932713442567,38.93330574399337,1
2026-08-14 00:04:17.000,1.5152951979840112,30.699781635442626,17.67569199614342,35.424662030940944,10.641413316285181,56.21367904372572,1
2026-08-14 00:04:17.100,0.9205634341465824,31.839929059722866,16.771906815313628,35.9871913428896,6.701916618175181,73.13396927560558,0
2026-08-14 00:04:17.200,1.3801293407972852,31.84728942781206,18.02559959780576,36.594700227754906,1.3392310554811582,61.75972448431194,0
2026-08-14 00:04:17.300,1.479918153183302,32.65990765361182,16.91744025826069,36.78137236202955,7.905790949226488,66.69721190180779,0
2026-08-14 00:04:17.400,2.5483172364119904,31.308708840786558,17.481735115021927,35.858699250097416,4.722991106146969,41.37194267329962,1
2026-08-14 00:04:17.500,1.0552131896903345,31.867734405060208,18.02321643440331,36.611321018952644,8.395453197790156,59.15279655358394,0
2026-08-14 00:04:17.600,2.085670895500975,31.486619282771432,17.71218004447667,36.126562468440746,12.653441244194056,36.26942053836331,1
2026-08-14 00:04:17.700,1.8987435093863232,30.491637026792322,18.087492084377168,35.4527474037776,10.308371932408711,47.19820516910463,1
2026-08-14 00:04:17.800,1.6122545617960546,29.231123154652874,18.43637842402278,34.55949377922449,12.609967486219933,70.89526467462943,1
2026-08-14 00:04:17.900,2.2034481936780534,31.92625890033144,16.970802565135777,36.15652288420184,6.315463935666525,42.70589352288219,1
2026-08-14 00:04:18.000,1.6488421890427452,31.67753113906792,17.850632325893297,36.3608450603234,7.570500999093404,63.33627421007712,0
2026-08-14 00:04:18.100,1.6556636782671714,30.89374361100868,15.243548153858807,34.449806307463504,4.866691409576662,62.18776079599658,0
2026-08-14 00:04:18.200,1.4787517387929818,29.901080319046727,18.110018666683573,34.95779427186033,5.947869664879715,62.896895002650055,0
2026-08-14 00:04:18.300,1.989427552967451,32.158327612425076,17.676501554509926,36.69627695059341,5.21934550314146,34.79597628654473,1
2026-08-14 00:04:18.400,1.9385876935243536,31.271002746274522,17.13539388149967,35.65806130781152,4.079831092364128,56.30241159218816,0
2026-08-14 00:04:18.500,1.249729085001515,32.102132265291964,18.179730063591514,36.89240411200322,12.097569875994022,48.12081720899764,1
2026-08-14 00:04:18.600,0.972301122160493,33.41764079578932,18.870313420974593,38.37743405912146,1.7241191149207333,63.06196229034934,0
2026-08-14 00:04:18.700,1.4188077450417371,29.420496107511596,17.55634199461963,34.26062952492481,12.11041671441367,30.139995203277856,1
2026-08-14 00:04:18.800,1.1799845742409414,30.87066090158268,17.186305433977655,35.33223455954174,11.738176774760694,54.41345466878724,1
2026-08-14 00:04:18.900,1.474590170153858,31.369220819426875,18.079178069594246,36.20614166809358,9.499378026436993,52.7165024340808,0
2026-08-14 00:04:19.000,1.9949752538736556,33.041757329339184,16.883673359798433,37.10547336352559,4.656478195717792,26.118599153012777,1
2026-08-14 00:04:19.100,1.3170793379652839,29.958862858439787,17.428854430159333,34.65975231473081,3.253474665670378,39.37495572686028,1
2026-08-14 00:04:19.200,1.4828706474753701,33.53946162578062,18.940082089380414,38.51781660088847,6.3547889562093065,28.038173442597788,1
2026-08-14 00:04:19.300,1.523209093923358,31.747791224120046,18.016904577382086,36.50385045664095,9.875361369019771,41.28373637692512,0
2026-08-14 00:04:19.400,1.8393723528821138,31.52426938327364,16.468588455847566,35.566753659524224,8.009190912322023,56.59060501598177,0
2026-08-14 00:04:19.500,0.6012442664061579,31.430545004242333,16.539569542653226,35.51670761655653,4.8695015147157275,52.34438690778329,0
2026-08-14 00:04:19.600,1.2573198820938813,31.200676457734954,18.11183224806641,36.07659461205221,11.44461435396947,52.03280096712258,1
2026-08-14 00:04:19.700,1.584513476911789,32.69339097163788,18.677076988155385,37.652237888947006,13.053149984544614,37.52302269282341,1
2026-08-14 00:04:19.800,1.9800315825707444,30.58508818074003,16.69806819399256,34.8464216302746,7.320202507956207,63.44540589812639,0
2026-08-14 00:04:19.900,1.303239020997518,32.007357838920065,18.356936280362937,36.89780569939062,8.328010710792038,49.77416385966392,0
2026-08-14 00:04:20.000,0.7493789175832504,31.286096714022978,19.06644183382975,36.6380819885814,3.473453949111512,50.4044457470901,0
2026-08-14 00:04:20.100,1.7478845783864545,30.916479653669597,19.51745505167713,36.56172542249618,6.756839851672894,61.284794827353565,0
2026-08-14 00:04:20.200,1.2458550444697483,34.272923000321335,18.277146902670363,38.841824749717254,9.531319934002981,38.10385102768954,1
2026-08-14 00:04:20.300,1.0241333363638554,32.11433328184464,18.42261160389669,37.023276738363165,9.064569620773332,52.74257323846308,0
2026-08-14 00:04:20.400,1.2502618441147104,32.31688281420607,16.31562281962444,36.201940042204605,6.47699645237088,55.08154989921704,0
2026-08-14 00:04:20.500,1.42618985693766,32.849728772667326,19.706973233595992,38.30756419387007,7.177269474570659,43.453182196473826,0
2026-08-14 00:04:20.600,1.258102134184715,30.29893676913386,17.57177985819455,35.02560515858111,6.658367790366345,57.82848056911732,0
2026-08-14 00:04:20.700,0.6177735771603723,33.48091334602818,17.29039593540366,37.681949924164904,7.164605858844845,55.7254780475548,0
2026-08-14 00:04:20.800,1.858826478754853,29.227998980864815,17.838008788064236,34.24135631000167,9.26970440755438,48.7858794526709,0
2026-08-14 00:04:20.900,2.009950016511489,30.976524471775114,19.256513260436527,36.47407807333656,2.0973887438926324,48.414189318381666,1
2026-08-14 00:04:21.000,1.7606087965358024,31.294593931088478,19.818612200595265,37.04225963503446,7.776951455576233,56.282571894455664,0
2026-08-14 00:04:21.100,1.0449257318300733,32.34368369169162,18.157503139613347,37.09189662194786,9.049926606877067,59.461652480158286,0
2026-08-14 00:04:21.200,1.4194033864209927,31.989013315316345,18.86064436758784,37.135170375913304,6.288545943076768,50.75479900887969,0
2026-08-14 00:04:21.300,1.4973914739082168,31.61181503093021,18.101741101925565,36.42773504448069,6.562000868105356,63.44227352488216,0
2026-08-14 00:04:21.400,1.739517755824764,31.77496714945462,17.241942318034862,36.15152987423024,6.6488166775536515,57.902311549166996,0
2026-08-14 00:04:21.500,1.7673361954872324,30.81727619301352,19.258574466552286,36.340022047877426,6.56285007938852,28.538432603278217,1
2026-08-14 00:04:21.600,1.2063304804886017,30.306401544505658,17.584478379108788,35.03843396103997,8.01765133355112,33.141239629494294,1
2026-08-14 00:04:21.700,1.5327982225654242,32.538480283779634,19.31560581556365,37.83973212378957,8.387008274041351,64.18682262825993,0
2026-08-14 00:04:21.800,1.6829121618460965,32.5140094964335,19.13101509415366,37.72474721011267,1.6984570512986013,47.038722422349224,0
2026-08-14 00:04:21.900,2.082328928858707,33.413132481508114,18.588411874976405,38.235670234227314,9.958641114416864,51.97010987356969,1
2026-08-14 00:04:22.000,1.7818026159298892,31.04695573198959,19.565363502286363,36.69764173895539,7.130003346959122,63.67148621190974,0
2026-08-14 00:04:22.100,1.8156226749502076,32.538122761559464,19.89306135730372,38.137426801132825,13.798889526405603,49.92306539153791,1
2026-08-14 00:04:22.200,1.5335306511717444,31.56993554534755,17.971990673855924,36.32703234670516,4.425054383303875,50.44721131507219,0
2026-08-14 00:04:22.300,2.0641836580814017,33.0524519813595,17.470150902966473,37.38543505902393,5.398056473737006,39.57524920649925,1
2026-08-14 00:04:22.400,1.663905118383799,32.89227449529791,16.630771161366685,36.85762161203258,7.391273064250217,54.43993408673025,0
2026-08-14 00:04:22.500,1.155564835930572,32.089855840297965,19.92293366898831,37.771446011901816,9.239676349058106,57.03814662760188,0
2026-08-14 00:04:22.600,2.0613479880500765,31.547451006861266,17.780443090981592,36.21306147706856,2.147698017885495,43.06541795596573,1
2026-08-14 00:04:22.700,1.779161309015611,32.85624806458926,19.04521901726999,37.97701152404712,5.51269984365168,38.9357434603296,1
2026-08-14 00:04:22.800,1.322782391548607,32.550555131691304,17.549186071053256,36.9798941471947,9.77396048172153,81.51547106234274,0
2026-08-14 00:04:22.900,1.3082028130403027,31.2275449288023,19.377803711262718,36.75131071067525,5.155628160702372,48.8850983618206,0
2026-08-14 00:04:23.000,1.6186302180563048,30.592521379862788,17.592097958553005,35.29000247889884,12.110079129128682,41.795691924688505,1
2026-08-14 00:04:23.100,1.685273918107034,31.640121875114165,17.203817558583705,36.0148393146646,6.638349203452783,58.479037343507144,0
2026-08-14 00:04:23.200,1.5789169062524826,33.45240331359791,17.995388554186828,37.985487974643355,5.30188039597431,49.390471577265295,0
2026-08-14 00:04:23.300,1.624523469377154,33.091811379436486,17.741773971652762,37.547816501541305,9.830732773368558,36.97080412085476,1
2026-08-14 00:04:23.400,2.1799829498305523,30.84133147348661,18.649235194263287,36.04138871337263,12.822852160473339,55.79664285981734,1
2026-08-14 00:04:23.500,1.9286172608939542,30.794236249711012,18.136080257612544,35.737968511284734,9.249188776231689,39.762548371090176,1
2026-08-14 00:04:23.600,1.5762542365060097,33.24501223774416,18.684358948480345,38.135758914743214,11.781288197669776,68.9174960258676,1
2026-08-14 00:04:23.700,1.8765242323069933,30.84302720576059,17.954380687842818,35.688262959960255,13.029906021910891,55.93405555702883,1
2026-08-14 00:04:23.800,1.0869904385889841,32.49629315661417,17.660112802968253,36.98497874994891,5.234423960217265,46.677434905686994,0
2026-08-14 00:04:23.900,1.6591708199787236,31.37926134008958,17.730351094938683,36.04196709669762,10.81517400217876,51.31216421626536,1
2026-08-14 00:04:24.000,2.2237225398932443,33.62071220240133,19.838151405152608,39.03721993393556,3.4295884720893577,60.83945745317832,1
2026-08-14 00:04:24.100,1.4127816418430506,31.241577201195504,18.38733794598158,36.25093575010158,9.274707595359155,52.23153504272958,0
2026-08-14 00:04:24.200,1.160946428552366,33.16369825299296,16.625192266109842,37.09754573689055,7.786046328455543,75.46531348680259,0
2026-08-14 00:04:24.300,1.2391644445627756,32.21353009930124,17.80103565638126,36.80473328117382,11.728850609126187,63.6304101967463,1
2026-08-14 00:04:24.400,1.0641467850630446,32.2892010219289,18.299696526597472,37.1143017663016,11.516754538954523,55.85128841073346,1
2026-08-14 00:04:24.500,1.1860952367489186,30.075032308796953,19.70352427908932,35.95464417000734,9.709350051603208,38.75616951789819,1
2026-08-14 00:04:24.600,1.3517967605639885,29.85076225939638,19.05516434027318,35.414224479745734,8.895283698448456,48.23734275317611,0
2026-08-14 00:04:24.700,0.9377731923285432,31.84144439478853,17.499831931847975,36.33347903503511,9.525106030165853,55.74649964062943,0
2026-08-14 00:04:24.800,1.5062473335798412,32.317251120926194,20.176891637363713,38.09870963902745,8.185312614129638,40.12566301090234,0
2026-08-14 00:04:24.900,1.860910869514659,30.9534819522256,18.222279576136817,35.918929799169256,7.816412776676289,65.52112249955539,0
2026-08-14 00:04:25.000,1.136897527941232,30.99832109194072,19.2492725503102,36.48877093346915,12.327734516757328,38.310111898663514,1
2026-08-14 00:04:25.100,2.1077135694567075,32.65682185469694,17.333202737002566,36.971717985122694,12.688669459034529,42.353291623449174,1
2026-08-14 00:04:25.200,1.7043168354110378,32.66653842778169,16.343679892194015,36.52695724081387,7.575022406893379,43.25240978126142,0
2026-08-14 00:04:25.300,1.912232234249623,31.974277609390366,17.14046600957229,36.27878172799723,8.712909209032233,58.925893527597594,0
2026-08-14 00:04:25.400,1.2368661784591453,32.90055511341811,15.671945254382658,36.44250807542518,8.244965674318323,40.340763593950726,0
2026-08-14 00:04:25.500,1.8418100908266464,30.954485818965633,19.966884330613794,36.83553531833975,3.1649046741884153,28.400281154971342,1
2026-08-14 00:04:25.600,1.0632264398418747,31.781087920052556,18.453840037392844,36.75026206039617,6.990693267163981,63.05646602914055,0
2026-08-14 00:04:25.700,1.8560990003346034,33.79323516537694,17.54749932099753,38.077519291084045,12.799112603144309,44.667364578733256,1
2026-08-14 00:04:25.800,1.5687357359174126,32.22201441198682,18.654314593212302,37.232266459467915,5.750672374904568,37.177908414176756,1
2026-08-14 00:04:25.900,1.7213004879939136,32.28833951908774,18.448683431644582,37.18723960259649,14.343630386903904,40.941697361569524,1
2026-08-14 00:04:26.000,1.0297621577500593,34.47630831292223,18.798963752663887,39.26852267480457,11.516378928768148,70.6011529902122,1
2026-08-14 00:04:26.100,1.1419720630893582,30.779354283559464,19.274842990553957,36.31650069077936,9.204494451638627,42.115475632725065,0
2026-08-14 00:04:26.200,1.738891287301354,32.98346153850409,18.080281780697177,37.61389802096279,9.682529857929262,48.51958273547718,0
2026-08-14 00:04:26.300,1.1206607983103196,33.85935217412381,17.613348091708644,38.16655290501147,5.248379910994924,44.63697965256781,0
2026-08-14 00:04:26.400,1.6852825168396492,31.878842690270915,18.984440541559213,37.1034984057708,7.204313743325894,35.20804947879492,1
2026-08-14 00:04:26.500,0.9531448774159017,33.07166612607805,18.969087425841497,38.125600036248564,12.324197330965278,41.087377253036436,1
2026-08-14 00:04:26.600,1.8392696850666672,31.23835056446604,18.412810683503245,36.26108304029276,6.1564119824793995,34.38669911592206,1
2026-08-14 00:04:26.700,1.0069906740925965,31.541972388563334,20.079266221423033,37.390813766909005,11.183395270846397,61.47057530816857,1
2026-08-14 00:04:26.800,1.7209199750718094,32.622005922632056,17.991966005661336,37.25461194490038,3.868879431688825,51.21054877536315,0
2026-08-14 00:04:26.900,1.7502523734584003,33.04394090214876,17.62733816011469,37.451636559110945,4.405524762574968,79.79213314609186,0
2026-08-14 00:04:27.000,1.22129127262817,33.37464546389816,18.686698512900428,38.249962890870016,13.704153996758947,41.49307130011293,1
2026-08-14 00:04:27.100,1.7328106268338908,33.83167226088515,17.817275918836593,38.23659724839411,7.964488561279027,39.69367704625257,1
2026-08-14 00:04:27.200,1.6041769053334223,32.20293183784421,18.758640257155555,37.26815535078463,6.384500339016977,68.40511722026395,0
2026-08-14 00:04:27.300,1.2844632575229047,33.47232487402573,17.700821266640336,37.864437219980815,12.088222480996887,62.695724384817616,1
2026-08-14 00:04:27.400,1.0965781263695167,31.944742997857738,18.052034878438622,36.6925410465335,11.737464664890513,54.617180261252265,1
2026-08-14 00:04:27.500,0.7149497233309683,33.19747387534889,19.88990187428771,38.699876850879846,10.762263695771715,36.635701818940746,1
2026-08-14 00:04:27.600,1.6398600189198775,32.511206084066544,18.057760486330476,37.18953125305997,6.290306241763682,70.93995521273521,0
2026-08-14 00:04:27.700,0.8740788914551779,32.757729915750026,17.748149969987033,37.256753704400694,7.1392472721869735,49.13476208275583,0
2026-08-14 00:04:27.800,1.5381376797765234,32.743894605143886,19.328775069638315,38.02320580389616,8.93488647117419,44.83189845805957,0
2026-08-14 00:04:27.900,1.3946207135671003,30.724016443777785,17.556399311916003,35.38632989216277,10.08319802644171,63.71551684301936,1
2026-08-14 00:04:28.000,1.7716571101752783,31.21293431716856,17.84787912149995,35.955445454389135,6.474549277944389,49.73245854495524,0
2026-08-14 00:04:28.100,1.3791818002040543,32.447932338300596,18.868483435497044,37.53515658934381,8.51221133186209,36.0119589724174,1
2026-08-14 00:04:28.200,1.3682208854611635,30.666446541295652,19.16296451166073,36.16144566171702,8.802173902392218,50.48363119398298,0
2026-08-14 00:04:28.300,1.7927482817153182,33.19327144659032,19.3936173188992,38.443538625352055,11.86030926912576,40.62381438115084,1
2026-08-14 00:04:28.400,1.634023211633647,33.24195103213245,17.824459573730195,37.719208203755194,10.263397486805356,13.887906287801911,1
2026-08-14 00:04:28.500,1.6264623828731113,32.705900341175834,18.904044811367726,37.776167451941504,3.4795950654941272,39.41947769419842,1
2026-08-14 00:04:28.600,1.6877070359234105,31.265930497993864,18.05935214681573,36.10676681548877,7.359109074543843,43.66717314958579,0
2026-08-14 00:04:28.700,0.8857711507171576,33.77553817207404,17.952715033114814,38.250319683284445,5.2136498900497505,36.132258688483425,1
2026-08-14 00:04:28.800,1.8027154719947929,34.44094459537764,19.404810599229396,39.53132098746306,9.704262261835021,56.90295838536845,0
2026-08-14 00:04:28.900,1.744987517605441,32.55914550555899,18.00759769018014,37.20714354292121,10.769460051515132,40.670626912054615,1
2026-08-14 00:04:29.000,1.0933267485694012,32.93093877901799,18.67480571715684,37.85756327923107,8.304667956830734,55.74111441001347,0
2026-08-14 00:04:29.100,1.4023678105303194,32.63047677781655,18.581706449196815,37.55033727294267,7.19561890811645,35.20016316358022,1
2026-08-14 00:04:29.200,1.4842770849489475,32.967442034473045,17.60564020621375,37.37393211005487,8.20750937910795,60.91062705299046,0
2026-08-14 00:04:29.300,1.446201286239307,32.32584881130159,19.24011882504185,37.6183821259349,8.626757820433264,34.6822096800021,1
2026-08-14 00:04:29.400,1.633543986627414,32.41917805053792,18.920470089172202,37.536479508176306,6.07970104484928,21.90163508730712,1
2026-08-14 00:04:29.500,2.0725467127324735,33.36779461333283,16.88821371820495,37.398148081814554,4.343866697691904,64.84715102195872,1
2026-08-14 00:04:29.600,1.9327066910691315,34.81603589718565,18.704183930163403,39.52218177286652,1.84958287233394,39.72927435522595,1
2026-08-14 00:04:29.700,0.9751123226274375,31.078675223341218,17.86886912731248,35.84941474455258,11.80154639521665,71.0831486983929,1
2026-08-14 00:04:29.800,1.7488279961224196,32.38326869579373,19.36990895324812,37.73419489377103,9.489098730904898,56.77510281449684,0
2026-08-14 00:04:29.900,2.031573327814164,31.314955417418354,17.340929672165657,35.7957298387656,9.087533034032518,59.48315982057504,1
2026-08-14 00:04:30.000,1.654723408275681,34.09577552368027,18.217068800158874,38.657256812025814,11.795596663858849,62.545670005592875,1
2026-08-14 00:04:30.100,1.9363921700743867,31.92434737823803,18.796870849325526,37.04708233117201,4.2335959709227495,51.35215215498883,0
2026-08-14 00:04:30.200,2.3049081782803063,31.077219276225872,18.555724277320504,36.19542044787664,2.7931073724349442,51.48866501406247,1
2026-08-14 00:04:30.300,1.9094838184427925,33.16694179131398,19.127619480850424,38.28722835088247,9.15269574955727,65.3760802903317,0
2026-08-14 00:04:30.400,1.5997234382566916,34.281400629662265,17.30751612014406,38.40266323291205,8.879814126330292,51.33630194837718,0
2026-08-14 00:04:30.500,1.9180353896339013,33.209022105933656,19.84878601191764,38.68867347660407,2.8060795709817397,41.26187783844068,0
2026-08-14 00:04:30.600,1.5579551332387565,32.75855683710856,18.9523711029266,37.84594319703393,9.078563186421416,57.029102721946686,0
2026-08-14 00:04:30.700,1.5095612173139823,32.971234605056374,19.62503077976895,38.36983378239402,6.799331142801297,24.636279027380574,1
2026-08-14 00:04:30.800,1.359434305714507,33.98526906755967,19.241649178227068,39.05431572428833,5.578735820787255,65.83470561872257,0
2026-08-14 00:04:30.900,2.1253653435328435,31.704563857173714,18.537969784748686,36.726498514204444,6.999728875152762,66.0852696315811,1
2026-08-14 00:04:31.000,1.1726285336231994,32.47525074555529,17.524900141056037,36.90208714884126,1.0,64.37800001747695,0
2026-08-14 00:04:31.100,2.1129470898712466,32.142742423585815,18.10641699825825,36.89170946193465,6.225877329824186,63.91726354853233,1
2026-08-14 00:04:31.200,1.6999456494961485,31.435901987257377,19.833911043019516,37.169879755184354,5.887116291547387,48.98989609590652,0
2026-08-14 00:04:31.300,0.9402775300792233,32.28372675758603,19.675611435526804,37.8069927225151,9.67130734080842,48.719811386083734,0
2026-08-14 00:04:31.400,1.6470597171965686,33.72815783543902,18.076582059590994,38.26684530934597,7.525309590467342,35.24431892274973,1
2026-08-14 00:04:31.500,0.6599893969393503,33.195373610303044,16.322619448184447,36.99136027206695,9.916606621036644,70.97649502053258,0
2026-08-14 00:04:31.600,1.7502032067324143,33.281416684472255,18.41211192317434,38.03496499271383,1.0,44.179781923684665,0
2026-08-14 00:04:31.700,1.8540925931955965,32.79191651847111,18.35710223358739,37.580486843157814,5.482705332286856,54.07862371702257,0
2026-08-14 00:04:31.800,1.2630576177391786,33.17709941200013,18.392447287930622,37.93418040017533,9.667991154714333,53.04854339545734,0
2026-08-14 00:04:31.900,1.549419078382233,31.861520009377184,19.020097572500294,37.106880345501615,7.073406108280535,33.914969820750116,1
2026-08-14 00:04:32.000,2.2816629735001146,32.3609351882518,19.303237107964748,37.68083185260831,10.536381598923102,29.063899710521532,1
2026-08-14 00:04:32.100,1.2977013182952253,32.870784033601446,19.399507515659284,38.16843374876403,2.5861912718323303,50.06703945040818,0
2026-08-14 00:04:32.200,1.0764369651773598,32.964630377968405,18.968836023560204,38.03266485594709,10.193332519068424,44.55492658866189,1
2026-08-14 00:04:32.300,2.0926653609850394,33.01563709646213,17.17665298338605,37.21652456365252,6.0825823466448785,48.92675768907998,1
2026-08-14 00:04:32.400,2.285034876212318,32.56544868197762,18.349310592241764,37.37921410448692,5.791408746851977,62.784987562438786,1
2026-08-14 00:04:32.500,1.501478268739139,32.33469528531741,20.470543038707998,38.269774646500395,10.973141140782356,52.699329806444275,1
2026-08-14 00:04:32.600,1.9045852141633426,35.878224691945775,18.931645433182872,40.56666372594007,11.485703389869517,59.10227048917677,1
2026-08-14 00:04:32.700,2.0365903662123523,33.63557540428762,18.931528533568226,38.59734065184836,11.104099088261846,55.343937946106934,1
2026-08-14 00:04:32.800,1.2030063069846464,33.15027032976159,18.929862464104467,38.1743384467391,14.115925775144799,46.20398968112202,1
2026-08-14 00:04:32.900,1.3058776658528526,32.512249078056314,18.97957824376242,37.64665629806548,11.800410825330003,37.97836199368324,1
2026-08-14 00:04:33.000,1.992349805261894,32.30257347177257,16.74578563436113,36.38512868482452,5.613690248803103,53.17661441736162,0
2026-08-14 00:04:33.100,2.174005711483404,32.63132642744324,18.46565675917326,37.493785404543466,8.424914384406952,51.0067114321531,1
2026-08-14 00:04:33.200,1.725152344069742,33.06329058721062,18.63196278073861,37.95169589777458,6.919406274545194,60.98187605005697,0
2026-08-14 00:04:33.300,1.1480742585991783,30.898360922014596,19.69247419904934,36.640172594398386,14.087269579847197,48.18919916333009,1
2026-08-14 00:04:33.400,2.2948244446797768,31.217741593156735,18.71041702881669,36.395426849665355,11.314609864096127,46.43190145861373,1
2026-08-14 00:04:33.500,1.2876116408752143,32.1585835220462,17.36007043730955,36.54513017807941,7.4333595898596325,47.246007394620804,0
2026-08-14 00:04:33.600,1.3659448875314193,33.01094007021747,19.02635170500075,38.10149896686316,10.633729393259006,38.97528037993465,1
2026-08-14 00:04:33.700,1.6369351337958487,32.5728622087408,18.044221494941397,37.23688066726481,4.303404601060686,67.36291933784548,0
2026-08-14 00:04:33.800,2.1216641682859096,34.29859130444587,17.718853534142703,38.60506619646975,8.750785212936417,63.67554505538914,1
2026-08-14 00:04:33.900,1.8415903906208895,31.34640801380436,18.029955643106817,36.161811291199136,5.186232522190747,35.443642052503435,1
2026-08-14 00:04:34.000,1.6659462001447642,32.0857940536505,19.13628709768394,37.35901047857476,2.934223398117779,59.64737770367059,0
2026-08-14 00:04:34.100,1.6853154120472424,34.36556598669872,19.714293539232624,39.61875181447761,10.353608712589502,27.859939232811616,1
2026-08-14 00:04:34.200,1.5174058674573865,32.98492829283651,19.098629337038886,38.115130027814004,10.725773285562655,61.82347079733227,1
2026-08-14 00:04:34.300,1.7232558058074026,33.746986273416255,19.22290479326268,38.83785719152109,9.371637908635957,41.6437945867079,0
2026-08-14 00:04:34.400,0.48817596892227866,34.9217253563383,19.100723266111707,39.80407681572457,7.451098878300497,54.31880669213902,0
2026-08-14 00:04:34.500,1.3813570163720807,32.18500871762076,18.808349622801924,37.27772527511406,4.200924035460772,26.845883725499938,1
2026-08-14 00:04:34.600,1.5965287739667124,32.7878335201843,19.289833222756002,38.04128931449436,4.515959387848258,35.6155492198646,1
2026-08-14 00:04:34.700,1.0395943665521972,32.623055679499195,16.802269174602507,36.695776477457215,5.092160060783608,55.62443560699291,0
2026-08-14 00:04:34.800,1.654529327124624,30.949224298400534,18.831161062774154,36.22798796020623,7.298980124825229,41.589101799406635,0
2026-08-14 00:04:34.900,1.4182115116055514,32.601755221581584,17.91135118750473,37.19799651715196,11.228536200814744,39.92044555553362,1
2026-08-14 00:04:35.000,2.202190279326196,33.801548935171965,19.682614106710094,39.114575397036944,11.181212633235958,66.75034036942517,1
2026-08-14 00:04:35.100,2.129207890085943,33.46941101205728,18.63956863797354,38.30972451615579,3.0542972011613685,76.53151053527449,1
2026-08-14 00:04:35.200,1.3136777723527349,33.55623936208679,18.787052186233534,38.45743790184059,5.920299989849158,61.2441672418338,0
2026-08-14 00:04:35.300,1.4396649153733219,32.56998193451302,17.563237049688475,37.00366223602813,5.839516941284483,36.897433139179235,1
2026-08-14 00:04:35.400,1.470420973756643,32.29772840160062,19.58576009377404,37.772281614358846,1.0,71.1622319938124,0
2026-08-14 00:04:35.500,1.319336209536151,34.23141603195863,19.279158712255054,39.28709462667549,9.698362840849724,31.262812884219414,1
2026-08-14 00:04:35.600,1.5780099936112506,32.473177936156084,19.227855355380655,37.73880902785215,7.261520527044436,46.34610255109609,0
2026-08-14 00:04:35.700,1.196687172444964,33.2729118437607,18.13687960124544,37.89502690634675,7.660572390107072,50.65733320384848,0
2026-08-14 00:04:35.800,1.0477538660249894,33.15049920809877,18.173386840502236,37.80512646455104,12.037613175126914,73.08845412606499,1
2026-08-14 00:04:35.900,1.7490844895601074,34.4572162661321,18.97617911348171,39.336943533502165,8.264927039853072,60.951909650620706,0
2026-08-14 00:04:36.000,1.7518118336887243,33.97524633000108,18.24670165519879,38.565003364165364,6.707808605101946,44.43490766240576,0
2026-08-14 00:04:36.100,1.178273696136003,31.71691007411534,19.15521558701135,37.052458337260184,9.716232863014831,38.660524750643006,1
2026-08-14 00:04:36.200,1.85814217230504,31.83295025046116,17.083571968128346,36.12734632987255,11.176615539726686,62.02631184563906,1
2026-08-14 00:04:36.300,1.2473689083338675,33.60774795775908,18.427267238688696,38.32812153860804,8.889402698147677,43.599692513355734,0
2026-08-14 00:04:36.400,1.6012660952151925,32.97283521476452,20.25970648962741,38.69965851458984,10.067568796094445,52.6008810543797,1
2026-08-14 00:04:36.500,1.8281376050449825,32.590335800643665,19.178893213155074,37.81481102002655,7.563297050771347,33.562682128890614,1
2026-08-14 00:04:36.600,1.486554974118515,34.06947019104564,18.965740315855502,38.992667321267135,7.754426760921012,56.83109426269041,0
2026-08-14 00:04:36.700,1.6818963648564538,33.249636411593826,20.425487446240037,39.02228669516556,8.339062130896485,55.86434174896974,0
2026-08-14 00:04:36.800,1.2934281424449714,33.122969138848106,16.97354415613405,37.21870881416114,5.740637148702015,35.10055926010194,1
2026-08-14 00:04:36.900,1.4214133666287612,33.85867511516745,18.195058992816957,38.43787262982369,6.295815156891198,62.37947735445968,0
2026-08-14 00:04:37.000,1.417656227647864,32.712072201922574,18.531370180721776,37.59642733716516,12.13363892545542,56.65694969891338,1
2026-08-14 00:04:37.100,1.2013686613839045,34.66403490479243,19.543990537996244,39.794005604235856,14.023868287586964,58.880291033361175,1
2026-08-14 00:04:37.200,1.4292903347536872,32.31580301854062,19.562835475646764,37.775860765578095,12.77659374211454,45.45585568699843,1
2026-08-14 00:04:37.300,0.8805526804545013,33.76911443056946,18.17450585135032,38.34926012800849,4.030227929694357,52.14747693543731,0
2026-08-14 00:04:37.400,1.3035385011431582,34.55435292534096,19.670675509722706,39.761020875951154,3.7404273962450816,50.7605464263839,0
2026-08-14 00:04:37.500,1.3860498026521317,31.75155931986275,18.554661071623546,36.775494105798025,4.427871704164517,48.221955142949234,0
2026-08-14 00:04:37.600,1.397528099001848,32.793854355736144,19.851625419472494,38.33436989569909,8.403162325638442,52.04603933799015,0
2026-08-14 00:04:37.700,1.4034010216516886,34.2877316469279,18.06120039392776,38.753780475733684,1.0,65.07731568555658,0
2026-08-14 00:04:37.800,1.4752943200559485,34.31110352422711,18.79366610664472,39.12101367268333,6.2335953001414985,62.899407664447125,0
2026-08-14 00:04:37.900,1.6917766072344256,32.99069809856158,18.505182367068645,37.82628630289924,12.22129786748334,35.817671870373715,1
2026-08-14 00:04:38.000,1.849806829653009,32.4358573277267,19.747141350094715,37.97412845721759,10.947316492186722,61.82482180288328,1
2026-08-14 00:04:38.100,1.240093909260693,34.13479896618807,18.48909291306145,38.820497900077136,6.472716048279478,64.29372047297643,0
2026-08-14 00:04:38.200,1.0187196578443423,34.37074696889266,18.878359896577226,39.214037277285534,6.699933676488087,48.1858679197716,0
2026-08-14 00:04:38.300,1.083182235102759,32.0308692402524,19.322768671389316,37.40783304889728,9.701725120420711,56.10136524557332,0
2026-08-14 00:04:38.400,1.3051188315220292,31.99995366225215,19.35852717315202,37.39986107861833,10.805806265732597,55.92802000763621,1
2026-08-14 00:04:38.500,1.3592314728733963,33.43745871565588,19.636883306181904,38.77719473275235,6.40058819678072,39.800400599908386,1
2026-08-14 00:04:38.600,1.192001573521017,33.84989738955492,19.101221875151346,38.86736716587782,7.296901934841687,45.41652454966006,0
2026-08-14 00:04:38.700,0.9815533343000422,32.92980239334971,18.602723754923993,37.821068424451916,6.30197081443993,59.009722866219285,0
2026-08-14 00:04:38.800,1.3175516690103248,33.91650002101585,18.6625647243331,38.712017459252756,4.005951675874359,44.05013315802259,0
2026-08-14 00:04:38.900,1.5725706480455885,32.53540431664986,18.967862406258437,37.66075328920852,7.340768755934557,61.70599471114769,0
2026-08-14 00:04:39.000,1.738011786334226,31.13918204686725,19.1519993684241,36.557458040132616,7.11221737937371,65.65966929019714,0
2026-08-14 00:04:39.100,1.2770307787566715,32.838309296062135,18.83958890275809,37.858746247713576,4.218067652034033,63.72406210376565,0
2026-08-14 00:04:39.200,1.3348008711426265,33.33377723736157,18.977689791281524,38.35744275527444,9.938242812913188,73.75765523803348,0
2026-08-14 00:04:39.300,1.1293206764610757,33.00303985340575,17.753524799523646,37.47516887717505,9.449962035877668,48.91121261250665,0
2026-08-14 00:04:39.400,1.4874243318500895,32.12861127209647,19.50621294901732,37.58643380111893,10.087159102535228,52.12641288762875,1
2026-08-14 00:04:39.500,1.160628546323674,31.479900282330885,19.12221938603737,36.83264036195667,5.695788933606895,53.847956573151684,0
2026-08-14 00:04:39.600,1.72925112529648,32.78979517629554,19.783826719230937,38.29582832842202,2.0492729656560575,49.27522490011114,0
2026-08-14 00:04:39.700,0.7856534032263555,34.20987447476693,18.98745962779598,39.125939409763596,9.401993388936948,56.50614768921973,0
2026-08-14 00:04:39.800,1.356148131019015,34.576750864984604,17.60161399252513,38.79907879732546,6.007661856110859,29.46555165185613,1
2026-08-14 00:04:39.900,1.6204429356766967,34.51660153216312,18.710575937369462,39.26170441076386,5.327995600262897,52.458864664310234,0
2026-08-14 00:04:40.000,1.5735338065290017,32.52131333532986,18.842389783792314,37.58552213045689,4.2288407760696725,33.47076020140525,1
2026-08-14 00:04:40.100,2.577213465592199,32.191851269301786,19.60165720010617,37.69005509594436,7.174032415738539,38.448520668709065,1
2026-08-14 00:04:40.200,1.6399200098271631,33.85052693036579,17.356116553620822,38.040675010918115,12.731981891151419,58.79467773235896,1
2026-08-14 00:04:40.300,1.098378161263196,33.997327049437565,19.05027983626293,38.97090463854214,6.4836514359334565,47.61060513861176,0
2026-08-14 00:04:40.400,1.4618143011643707,33.77073136549388,19.433277228810674,38.96298962877674,4.730590867499199,58.37137369658967,0
2026-08-14 00:04:40.500,0.7895014666134192,31.36483320850936,18.498147581423062,36.413379768180256,9.955800203090085,47.35068075678644,0
2026-08-14 00:04:40.600,1.4677601002812957,32.5203466203174,19.092041130974,37.710462458744686,8.518436839313852,63.27687579669387,0
2026-08-14 00:04:40.700,1.1667775771996964,33.36587713736862,18.53571034927289,38.168760987201566,1.642095896935377,47.131031532544355,0
2026-08-14 00:04:40.800,1.8661561102240647,33.89111884473878,18.458682043488697,38.59184990811946,9.98703895925986,26.54097812524252,1
2026-08-14 00:04:40.900,1.2801838901617861,34.17954273516458,18.720605343432204,38.970529968291224,14.3854033055048,52.70471098413525,1
2026-08-14 00:04:41.000,1.4532936336819013,33.564823617297876,18.483788463035896,38.317722014840285,1.0,23.97368185156939,1
2026-08-14 00:04:41.100,1.2457768634382387,33.75968862400781,19.604237540030816,39.038989555518924,4.292881927933628,32.567349169611106,1
2026-08-14 00:04:41.200,2.1955405407413324,33.52210499828442,18.47438222248569,38.27576677244364,1.0,39.40464165201716,1
2026-08-14 00:04:41.300,1.3715028935528353,34.13119363659555,18.345016551787896,38.7489098084598,7.774086737777496,37.90748626675775,1
2026-08-14 00:04:41.400,2.2330228173916806,33.76677463632171,20.48668832437011,39.49556263480775,10.971158709834057,43.45939034700458,1
2026-08-14 00:04:41.500,1.8256607048473066,33.52798136733183,19.84593823382996,38.961350065791414,8.316502249388838,37.49518611762673,1
2026-08-14 00:04:41.600,1.6928266909341545,33.20220963060091,17.593136369315612,37.575326634158536,12.175987094338009,33.12856803697193,1
2026-08-14 00:04:41.700,1.647493258927008,33.56020457723451,18.475533259433192,38.309694079779,10.491650870990402,68.5020289380893,1
2026-08-14 00:04:41.800,1.6575189192865007,33.97183925348505,19.28631910216563,39.064663914786045,13.10644197050653,41.86226544329725,1
2026-08-14 00:04:41.900,0.728930968261756,33.76305798599758,19.356353612044902,38.9180229420812,11.480632304321285,23.230788162231228,1
2026-08-14 00:04:42.000,1.3884466423396975,33.8847437378985,17.90995609914244,38.32678418099099,6.791170794171487,45.668979523888915,0
2026-08-14 00:04:42.100,1.8380631884737286,34.854973903358186,20.03420361946206,40.202469084247134,8.20017936870452,36.503227303669355,1
2026-08-14 00:04:42.200,1.4804411266103579,33.78575068720733,19.772531594021746,39.146263616528195,5.393969253557081,39.38038847248624,1
2026-08-14 00:04:42.300,0.93792406127857,32.87992296644133,19.50287419778096,38.22893454248479,7.308031493395854,58.52410977622982,0
2026-08-14 00:04:42.400,1.4790382197690122,34.42086299536239,20.207736518190636,39.91426342216681,8.18549501605436,44.62210857457738,0
2026-08-14 00:04:42.500,2.1816422065021968,32.17939259415305,19.48918655314992,37.6210273681104,7.745278029393938,36.16884078538538,1
2026-08-14 00:04:42.600,1.9987566862138877,32.472512273536424,19.491220095966906,37.87310013960302,12.026760578910832,55.35504211948694,1
2026-08-14 00:04:42.700,1.4751983962535873,33.89810764144952,20.38349964349547,39.55463006258152,7.009495812479508,63.79928996730903,0
2026-08-14 00:04:42.800,1.8805797108232347,34.086991766969774,20.023332724092086,39.532984469948154,5.203740759327929,56.44246595167814,0
2026-08-14 00:04:42.900,1.3533971918527792,32.33387859813294,18.47415192585294,37.239414530552104,5.391166895290438,20.557333140194896,1
2026-08-14 00:04:43.000,0.8184513652693124,33.20444706310393,19.658914869391943,38.587669515124524,9.965300814867593,36.62012597123584,1
2026-08-14 00:04:43.100,1.1302136047481781,32.989515434324765,18.62594526795979,37.88448185889026,3.7905847757330005,50.56938236763446,0
2026-08-14 00:04:43.200,2.1251555074032793,33.117257666116565,19.565684034159123,38.46516277163669,7.396441489547248,47.068407136831816,1
2026-08-14 00:04:43.300,1.3904027672682784,34.55586648772485,19.548652032486995,39.702112097528556,11.982500736366262,46.07269815272964,1
2026-08-14 00:04:43.400,1.4026464082499928,34.3271088974529,18.0655882103786,38.790667468407406,8.87779533722249,38.206919685909995,1
2026-08-14 00:04:43.500,1.3800647214900477,33.60981597650568,19.07988640476681,38.647920968577104,7.776183832643737,33.13299100307072,1
2026-08-14 00:04:43.600,2.2616546358292027,33.091310951698205,19.394569346152203,38.35601883179077,7.89226878908471,74.09338061375624,1
2026-08-14 00:04:43.700,2.1503835661448254,32.295957931046736,18.838332407964803,37.38865692421857,4.911306223318482,50.32533143766694,1
2026-08-14 00:04:43.800,2.3875120933792537,35.074127262502564,19.44413334814498,40.10322586633985,5.428595868696377,57.70546146640901,1
2026-08-14 00:04:43.900,1.4363819158399795,34.25439094645928,19.842084449305474,39.58625537236683,7.414454981256268,50.075014083005705,0
2026-08-14 00:04:44.000,1.618249795498838,32.96394266455496,19.17789260979226,38.13676809779234,8.813819090327879,50.556184383655875,0
2026-08-14 00:04:44.100,0.8933429802316835,34.398545988706736,19.387047476015717,39.485662916740544,10.844450035406332,49.254759202288554,1
2026-08-14 00:04:44.200,2.09077377044731,33.61705759296096,20.319107990966135,39.280691322289606,8.277681851514304,36.55464969110682,1
2026-08-14 00:04:44.300,1.032888179492826,33.40850643112699,19.59592682817378,38.731494293582244,12.058322527262744,31.82612650358903,1
2026-08-14 00:04:44.400,1.5867102255050516,34.13916218673267,19.383029826805423,39.257919456828915,12.815594045628576,54.634704484939846,1
2026-08-14 00:04:44.500,1.0610789889468624,32.97078713098409,18.460907724825002,37.787271905512966,10.385801637446612,52.254108887254,1
2026-08-14 00:04:44.600,1.2644532693045216,33.376863583840446,19.76919287112141,38.79221583603974,11.674944224167653,61.25937078151649,1
2026-08-14 00:04:44.700,1.16509502758012,33.85041589000384,19.50149285499613,39.066083493225804,5.027859435835717,58.82432991970432,0
2026-08-14 00:04:44.800,1.2568498957296728,33.23783835537283,20.269365275915952,38.930721380760474,4.552403195935812,40.29785368700395,0
2026-08-14 00:04:44.900,1.2843509187404085,34.41470948097931,19.284877397069717,39.44969866653252,9.553920128870496,63.591095707062465,0
2026-08-14 00:04:45.000,1.2806924820299692,35.62302549684379,17.79936219579212,39.822320878193125,3.9763705643988585,59.18032634185421,0
2026-08-14 00:04:45.100,1.833333564712123,33.007995583012125,17.897279534308954,37.54784131128369,7.1288844679522,58.29009883828802,0
2026-08-14 00:04:45.200,1.058054882774992,32.10550314176896,19.850921673851595,37.74682004205822,10.313575715989218,76.9919215037457,1
2026-08-14 00:04:45.300,1.5882165708055467,31.777222993050497,18.811223018157534,36.92768626097386,12.24011877405562,74.52750515009825,1
2026-08-14 00:04:45.400,1.9871836609222233,33.63682974148551,19.621792930676698,38.94163675132362,7.237353049135804,58.27896519865863,0
2026-08-14 00:04:45.500,1.2947214541946415,33.13246801530805,19.36876567886243,38.378503367224866,6.050167114076929,56.782366470050356,0
2026-08-14 00:04:45.600,1.2128324437009592,34.011827828955056,19.148908662577654,39.03184770458892,8.961384864534747,62.979862181236165,0
2026-08-14 00:04:45.700,1.4077901499278997,33.94489972236782,19.210292201734458,39.003737559849654,4.779369669428332,42.992554763955546,0
2026-08-14 00:04:45.800,1.971890083344284,32.21741992618137,18.6000704596411,37.201139334750515,7.480164055119719,43.162048908907394,0
2026-08-14 00:04:45.900,1.5776430523813432,32.0140876657678,19.28476074602979,37.37383852513784,7.975999855171156,58.08105688510296,0
2026-08-14 00:04:46.000,1.2875142821569605,34.13323945804904,18.83478898438625,38.984962639290465,7.916048021987615,39.72228693046913,1
2026-08-14 00:04:46.100,1.693550660475216,33.98106977487665,19.00957934799345,38.936836158484866,8.265510421453646,57.113233826279064,0
2026-08-14 00:04:46.200,1.0590831400654306,33.428157664243884,19.05346616179893,38.476958008714305,5.496455433283574,51.88198599843428,0
2026-08-14 00:04:46.300,1.7725438041771793,32.205166799931874,19.136031615119528,37.46145318305589,5.819021022144749,39.72571874489458,1
2026-08-14 00:04:46.400,1.663442923080707,34.342036370282905,20.060125829716423,39.77164958059811,5.758651216902139,50.31039812345959,0
2026-08-14 00:04:46.500,1.3768766115444464,35.1508793753956,19.223555234619244,40.064066153126156,3.1397169824148285,65.660979105661,0
2026-08-14 00:04:46.600,1.1645656806211075,34.16529699264432,20.151350600727323,39.66540620779049,9.025490965538317,50.98844540784605,0
2026-08-14 00:04:46.700,1.1453276310866172,33.048175384314085,20.567673525988674,38.92571245981297,10.683972355076016,51.038571771415725,1
2026-08-14 00:04:46.800,1.713926934538364,33.94853616290404,20.026346119244657,39.41519562924671,10.388930248560609,53.94782334685515,1
2026-08-14 00:04:46.900,1.9915922009956248,32.54620463885294,19.77496605992679,38.082866476479275,7.212509418617736,55.51026227469931,0
2026-08-14 00:04:47.000,1.2450769011884821,34.97861415607917,19.613857832931043,40.10245463023794,5.566984281608337,46.029914407025686,0
2026-08-14 00:04:47.100,1.6833546814205937,34.01083249922366,20.049679866056525,39.48070908711748,10.232943927088067,54.20313257560458,1
2026-08-14 00:04:47.200,0.6651891925591724,32.16916597539463,19.433882323165708,37.58365365026583,9.916769067123655,37.4111556849112,1
2026-08-14 00:04:47.300,1.26615290773712,33.64498324915792,20.15505044252672,39.220032587657464,8.652261927308887,40.41114731799334,0
2026-08-14 00:04:47.400,1.4875764268516392,34.41729384228957,19.863680043464953,39.73809130161703,13.23293375726982,41.946210703092525,1
2026-08-14 00:04:47.500,1.1361266332072666,33.62927943353356,19.08952386408114,38.66960507395966,7.920723435898812,55.637152275609296,0
2026-08-14 00:04:47.600,1.1253974500841615,33.694766055522656,20.09907777025994,39.234043721637455,7.229330048225334,51.922793930675326,0
2026-08-14 00:04:47.700,1.2328881774124456,32.7545942923693,19.460581904431994,38.09957605166778,6.800548006776199,48.38768507307256,0
2026-08-14 00:04:47.800,1.6168770913305492,34.553872208951965,19.307493127032334,39.582185077165505,3.3173668805575787,58.28923987502344,0
2026-08-14 00:04:47.900,1.42506839263745,33.34719674430492,19.016440238275244,38.388286364974334,9.984019892426877,54.54634499290803,0
2026-08-14 00:04:48.000,0.6047075066700112,31.847555289772767,19.535215478366336,37.36163034078327,7.68354389852667,46.52027864020554,0
2026-08-14 00:04:48.100,0.6517199389459735,33.641078018561146,20.20457132586931,39.24215632088861,9.529793724070386,37.57722988616226,1
2026-08-14 00:04:48.200,1.2572539288571298,35.00181982725563,20.1235540714856,40.374308906626126,13.52563400627372,40.163494385278966,1
2026-08-14 00:04:48.300,1.683074634421421,33.642075387539066,19.700117938450582,38.985688183867225,6.827744690286148,32.3982864152853,1
2026-08-14 00:04:48.400,0.40099806290990614,35.77532454171628,19.90211864653569,40.93859026256169,1.0,51.686834601809906,0
2026-08-14 00:04:48.500,1.3001079295393478,34.47464222759503,20.44476200064595,40.0810335443553,9.443211108532317,39.654334610555935,1
2026-08-14 00:04:48.600,1.2895008573930316,34.39276716378061,19.312432367963464,39.44404235304983,8.500578169678027,44.05612421619355,0
2026-08-14 00:04:48.700,2.0553351112833793,33.933945458036376,18.54507023154823,38.670819544483976,5.80263837208604,48.468911832453635,1
2026-08-14 00:04:48.800,1.3459912753148546,34.002392238643445,20.483310949587498,39.69544942947555,9.191799006864493,62.52794229596823,0
2026-08-14 00:04:48.900,1.6531955938963714,33.81558953374198,19.02358529969231,38.79936717485466,10.358288960313125,61.14548717980183,1
2026-08-14 00:04:49.000,1.5565028560349854,33.78507849923269,18.900138236114007,38.71235919630233,5.1601702693653575,49.34349834495231,0
2026-08-14 00:04:49.100,0.6477734080771197,34.626549775836104,18.020451363993736,39.03504344483965,7.096004415789853,65.18604187280359,0
2026-08-14 00:04:49.200,1.8072828866526949,33.16818610643213,19.919436844265057,38.68995391291623,12.430261189546783,25.851817888149668,1
2026-08-14 00:04:49.300,1.5861586021825151,33.03645822995218,18.170249135564088,37.70365401427085,5.835133426311905,72.52664659719815,0
2026-08-14 00:04:49.400,1.7033074558698358,32.99749173025481,18.872205022524724,38.01308436447169,8.200009266241356,58.30999657165502,0
2026-08-14 00:04:49.500,3.0,36.17467605126108,19.948002337762407,41.310168054379254,1.0,51.23363942023916,1
2026-08-14 00:04:49.600,0.6663548242005646,34.66769912770825,20.0599507375493,40.05310208213851,3.5544634967561155,39.303683830975245,1
2026-08-14 00:04:49.700,2.1898786599044433,34.45018315017156,18.966051250520263,39.32589756277313,8.4725524919984,44.74319160643443,1
2026-08-14 00:04:49.800,1.3850209922398578,33.09651100065173,19.385092740973175,38.35571484136871,11.683963428756803,57.31221074693649,1
2026-08-14 00:04:49.900,1.6149315617612037,34.78570269407373,18.79934061491442,39.54061607355226,3.9139109539969974,57.584952602376966,0
2026-08-14 00:04:50.000,1.481795101879503,34.05412376939931,19.06369963926264,39.027016150835685,8.22369218618149,58.020720447089445,0
2026-08-14 00:04:50.100,1.3303054666407825,34.39319877943813,19.72039011110616,39.645755238312184,6.872846272838849,41.25803918760248,0
2026-08-14 00:04:50.200,1.2720668287044965,33.21074424489657,19.11110139341891,38.316937896568255,10.859264164977482,38.84182744381748,1
2026-08-14 00:04:50.300,1.6318034942292037,34.35596814063145,19.322047537787785,39.416672461442175,4.346590084032244,52.34246293223008,0
2026-08-14 00:04:50.400,0.8931305213313283,33.78020046746113,18.35065505810651,38.442794964511506,9.290232945102456,59.23824749325768,0
2026-08-14 00:04:50.500,1.8002316670087062,33.44675757109116,20.43378616871772,39.19470894404274,6.038927939011229,50.0382181940583,0
2026-08-14 00:04:50.600,1.3335222380458984,34.95480978638234,19.94047534488191,40.24253078748917,8.669114074479426,67.777810962622,0
2026-08-14 00:04:50.700,1.047972264383857,32.69133036449884,20.17174720128706,38.41383170361213,8.206793156925418,50.397649546281336,0
2026-08-14 00:04:50.800,1.3199948568016744,34.80214915979673,20.574763996983037,40.429079876646824,7.244662777572147,49.99149627400416,0
2026-08-14 00:04:50.900,2.0028596867450292,34.93019375148931,18.887254270325222,39.70953046043861,9.433435538808153,58.04671989431203,1
2026-08-14 00:04:51.000,1.2858659651935107,33.374398664838814,19.265709817811622,38.53593207674778,8.130958202908884,64.63076165110446,0
2026-08-14 00:04:51.100,1.6433814472838482,33.442048601711335,18.041558743640515,37.99826912609908,7.601581093769915,33.80893688234546,1
2026-08-14 00:04:51.200,1.2076174897138108,34.04768610403115,22.074765399260322,40.57758243748655,6.930750397931771,36.583859503572825,1
2026-08-14 00:04:51.300,1.8031687399694478,34.56108271821351,19.447759652396876,39.65707747871233,8.232795169236011,46.24086274707154,0
2026-08-14 00:04:51.400,1.7742030955160817,34.134526238390805,20.403411058054953,39.7676384051574,8.666130644438216,87.90730141506396,0
2026-08-14 00:04:51.500,2.2394435333185645,34.729278412850654,18.5869006561269,39.390298997063034,5.032573759758137,46.86237724950882,1
2026-08-14 00:04:51.600,1.4297744218003139,36.06703032764992,20.37954114558192,41.426517762902606,6.951586286247871,48.538604683873174,0
2026-08-14 00:04:51.700,1.7674619219031626,33.80466862841654,21.07350393985949,39.83526313933828,4.8344421661064825,57.42022315769502,0
2026-08-14 00:04:51.800,1.5392270158155779,32.60554014931658,19.544207472789616,38.01443533933052,7.880463731657643,61.72314683376169,0
2026-08-14 00:04:51.900,2.0183487127452056,35.15497842550439,18.788727708212566,39.8608679909386,6.223003385437916,52.03742139745707,1
2026-08-14 00:04:52.000,1.2124670449565078,36.02070414085502,19.491396618200064,40.95614323799289,10.312349443943766,63.97216994048308,1
2026-08-14 00:04:52.100,1.7980021251509124,34.738492650432356,17.826025352462956,39.04523084181722,10.018180933270068,35.67234580368896,1
2026-08-14 00:04:52.200,1.4221210815533274,33.266310334481304,19.58212604508351,38.60190492340443,5.231754309306892,40.8069389030873,0
2026-08-14 00:04:52.300,1.4743247291566008,34.23850136905351,20.274209950823625,39.79093571567217,7.993077963804575,63.94984340695567,0
2026-08-14 00:04:52.400,1.5367009937793492,33.252204970530826,19.593830957346665,38.595690782615506,9.915549737745092,50.13131737740169,0
2026-08-14 00:04:52.500,1.600896158570671,35.02191867115915,19.400126262566545,40.03622967279524,7.474075039507913,34.85059273989602,1
2026-08-14 00:04:52.600,1.4535083827512167,33.03610749695151,20.05449323267959,38.646695814386604,5.815347425583365,34.12954482059351,1
2026-08-14 00:04:52.700,1.5858852732682105,34.095603835275476,20.120659450821854,39.589785773959406,4.722789415865613,40.268710335863545,0
2026-08-14 00:04:52.800,2.131247223024874,33.39972951826351,18.31451595673031,38.0915138399945,10.562802684735086,50.025506505894995,1
2026-08-14 00:04:52.900,1.8941798742460874,34.53922675214613,19.718499610029735,39.7715653640501,10.70813944485491,55.60855483672147,1
2026-08-14 00:04:53.000,1.8476618369987587,34.05439511232716,21.601230173062344,40.32759565677218,7.376157203377854,46.051280000670324,0
2026-08-14 00:04:53.100,1.3177841895904516,34.60583361516891,18.589429910632774,39.282701340451155,10.298412753580031,54.619990270874226,1
2026-08-14 00:04:53.200,1.1443036687086703,34.459756789338755,19.594108674356985,39.640937586324696,1.0,44.75520215967662,0
2026-08-14 00:04:53.300,1.882120223295101,33.45908192910203,21.220841471737046,39.62113421277787,11.982663952127709,64.68704241940301,1
2026-08-14 00:04:53.400,1.8504187170119177,35.080952742808904,20.55578553280287,40.65972902287692,7.529165584168464,80.62208113486827,0
2026-08-14 00:04:53.500,2.089068270300393,34.41364474989051,19.266728896419323,39.43990095499463,8.425329682398468,45.28864721498691,1
2026-08-14 00:04:53.600,1.2584077496123083,33.48221611632146,19.8473553782105,38.92269661224717,7.038446829002092,55.75919372958735,0
2026-08-14 00:04:53.700,1.4081805378558612,36.7200064028469,19.685758563996803,41.66398877286104,12.187122445602517,54.78092988980135,1
2026-08-14 00:04:53.800,0.8442063349898263,34.96384473581197,19.093991297999576,39.83780795171905,4.817805128133399,51.664345115119104,0
2026-08-14 00:04:53.900,1.3430115575756507,34.342488738149285,19.63804788893469,39.56083236760828,12.423380979820507,57.839011344095496,1
2026-08-14 00:04:54.000,1.898628204231779,35.91928854070415,19.478477502156178,40.86081711214749,9.188812762835333,55.74585426775793,0
2026-08-14 00:04:54.100,1.3134018483087209,36.35423434584268,19.797650392335044,41.395377953698784,9.867992647754473,44.34735715538126,0
2026-08-14 00:04:54.200,1.7561919180803296,34.37540403659593,19.113745530793068,39.33196754416346,7.012386310013252,65.79854927147225,0
2026-08-14 00:04:54.300,1.4237987576008755,34.87648566779833,18.69615834862241,39.57165133694708,4.075342406310888,52.41999496984131,0
2026-08-14 00:04:54.400,1.6296228112886242,33.54942008581436,19.689429123576488,38.90034970674154,10.791532296608304,45.38239496203564,1
2026-08-14 00:04:54.500,1.0409234440737332,34.39856487550303,21.099549150305652,40.354085788682596,8.934225053567992,79.31843028616882,0
2026-08-14 00:04:54.600,1.5340837798535605,34.35502979496491,19.79821775024511,39.65145014118711,12.084870374926453,48.6054394741328,1
2026-08-14 00:04:54.700,0.3035456116397106,34.74725410480018,19.472181219561882,39.83136338704729,7.418671039352906,53.05932609708499,0
2026-08-14 00:04:54.800,1.425241536735206,34.903522272269285,20.34572572021016,40.400549774635735,6.7423058633032555,52.10528413496404,0
2026-08-14 00:04:54.900,0.8478107025139439,35.13892496491407,19.620802219575307,40.24574421512854,12.164264709920907,48.441264668585504,1
2026-08-14 00:04:55.000,1.9823978066187264,34.82507389483971,21.24688508309114,40.794802334551484,13.735682493492332,55.38397646052819,1
2026-08-14 00:04:55.100,1.8109629411058046,33.385023334364334,19.754329569160035,38.791665596659314,8.028041529097191,39.8600010909005,1
2026-08-14 00:04:55.200,1.6866683927864323,33.66563357770616,20.322858060594875,39.32420938734131,5.7417275094286815,57.15852063827669,0
2026-08-14 00:04:55.300,2.108402490863752,34.06602778643731,19.163777737625974,39.08637392139936,10.431592288368648,28.899751659290843,1
2026-08-14 00:04:55.400,1.120433391670065,34.338529536431494,20.174933479682167,39.82665629492361,7.2379383014879775,34.423162984914455,1
2026-08-14 00:04:55.500,2.198945279166223,35.67987914128058,19.997537692040083,40.901776114014325,9.797788476202395,71.90869456602218,1
2026-08-14 00:04:55.600,1.872876625704154,33.47450058640929,19.737258844229963,38.86002542708445,7.22217207686374,34.925839679338566,1
2026-08-14 00:04:55.700,1.4053778851124217,34.28835924754525,19.3860583684938,39.38922237053392,12.69204205463544,26.480493775557672,1
2026-08-14 00:04:55.800,1.9542480588731777,35.60711851638374,19.28204127837992,40.49276484633947,5.901531484847901,35.22300597120575,1
2026-08-14 00:04:55.900,1.0574825950353464,34.36256626612682,20.023348375557788,39.7708491305241,9.44158898756588,70.8806872303608,0
2026-08-14 00:04:56.000,1.1701943353889306,35.13119411292,20.305618365603486,40.57732047596537,6.533894089303629,28.49765911672742,1
2026-08-14 00:04:56.100,1.2565641107041199,34.539571142603016,19.70573767428325,39.76553874905508,7.155480315737693,38.53022980890139,1
2026-08-14 00:04:56.200,1.288408916774394,34.94423116530938,20.042283088087434,40.28389756611958,6.76383303571827,32.50169018819616,1
2026-08-14 00:04:56.300,1.0773769428958988,34.46731008662886,19.787137835756827,39.743254626905774,10.215824198280245,46.7104496349199,1
2026-08-14 00:04:56.400,1.98923322683813,35.3711828256205,19.9012912316596,40.585489613540474,10.755089344801613,44.76774922183116,1
2026-08-14 00:04:56.500,1.3964582398520673,33.16739566793945,19.667115259065753,38.55997352186624,9.673216486797113,44.2309219192756,0
2026-08-14 00:04:56.600,1.6410019873427517,34.357474789411086,19.846850142174425,39.677872101096185,7.676049599764189,72.27360559286164,0
2026-08-14 00:04:56.700,1.2718594534345278,35.02569419694768,21.995905277605964,41.35963132040116,8.420540093004778,35.61109618834942,1
2026-08-14 00:04:56.800,0.7717586797805931,35.2711514907133,20.09178118467021,40.59228742819891,10.693164705378274,48.77374664339467,1
2026-08-14 00:04:56.900,1.608022943356569,36.23874358791468,20.36371214584135,41.56834503789289,10.787934761622816,54.063214955848814,1
2026-08-14 00:04:57.000,0.7350980098320892,34.36310102074903,20.20289429683124,39.862007597851104,1.0,38.23748885513427,1
2026-08-14 00:04:57.100,1.4725463815658126,36.24194217192922,19.64722278740336,41.224892184835646,7.183333484681913,55.83907977495923,0
2026-08-14 00:04:57.200,0.9526739844668758,34.11177130586241,20.89766845014659,40.00406839654825,7.327223625681544,45.20227406536031,0
2026-08-14 00:04:57.300,2.2949103996923235,36.107776266520474,19.634546896644427,41.100935983863295,10.007757692378487,54.491708794278274,1
2026-08-14 00:04:57.400,1.8645450888698887,35.60493170412795,20.716522385611785,41.19326961299831,7.799687546867762,48.70400898169216,0
2026-08-14 00:04:57.500,1.5423015165085923,33.882340720251094,19.61011398147683,39.14804698895845,10.157550142847862,25.39362529320435,1
2026-08-14 00:04:57.600,2.0054826710618676,35.111173259588874,19.114502398087,39.97697699415681,4.7640176869083435,65.67318455318889,1
2026-08-14 00:04:57.700,1.1614736090137057,34.7612329092586,20.179798213463435,40.1941235668577,8.78016354638234,74.84549978424886,0
2026-08-14 00:04:57.800,1.7173917514680372,35.44638806091954,19.00874739546504,40.22162234557301,10.700616960351482,47.87894981678224,1
2026-08-14 00:04:57.900,1.5799241734874854,34.60586660126498,20.325995093832255,40.1336776258922,3.5768513920455556,39.22457537760075,1
2026-08-14 00:04:58.000,1.605608032533468,34.530226686490295,18.94715682241816,39.386943352762394,15.540930404626708,68.07215265410827,1
2026-08-14 00:04:58.100,2.008941400042707,36.21490221736861,19.652278156385176,41.20353357843844,11.572657798599558,72.68459483440965,1
2026-08-14 00:04:58.200,1.792996841111921,34.755421462603834,18.767101657015914,39.49865093453184,8.004059907396925,47.97445506092003,0
2026-08-14 00:04:58.300,1.6154894651300093,35.68889940370502,22.176819855230136,42.01795901205943,5.514775678283696,47.37583261735382,0
2026-08-14 00:04:58.400,0.8380450255086815,34.645460316922794,18.599319433487146,39.322291438322424,7.474744549178882,49.04106682794201,0
2026-08-14 00:04:58.500,1.1159814818882146,36.54580978364826,19.935338906969566,41.62948414379327,8.251407078834022,29.90541332905634,1
2026-08-14 00:04:58.600,1.4509164265617103,34.20914661753898,20.8471321675887,40.06081167316995,9.321987670436142,46.50648945568126,0
2026-08-14 00:04:58.700,1.5373489497106605,34.28167243808103,20.766598308466556,40.08097641596435,12.501982548380091,70.57930265059093,1
2026-08-14 00:04:58.800,1.0479185101304305,36.42866787289787,20.62356411280769,41.861429021343625,6.5717045916714625,47.97573607075328,0
2026-08-14 00:04:58.900,2.4646706702313685,34.46753902334045,19.693708537964245,39.69702006830969,9.688129512717683,37.51958566553354,1
2026-08-14 00:04:59.000,2.106557622101429,36.521894442853835,21.033363239083272,42.145594584038996,4.122712512199661,55.96022743165376,1
2026-08-14 00:04:59.100,1.7408473281569934,35.820995438738,20.68820578812766,41.36599537003803,6.759197857024198,41.99361441807065,0
2026-08-14 00:04:59.200,1.5288147445134979,34.7828398750361,20.13233344308654,40.1890134195407,9.130150543608076,49.20257451598488,0
2026-08-14 00:04:59.300,1.4151164120395394,33.13253083203352,20.15995918861168,38.783869763371214,10.073787473026414,34.77381463343265,1
2026-08-14 00:04:59.400,1.1192326159911057,34.93484072223258,19.729357297810353,40.12095008436892,5.740302570006141,37.56051006575922,1
2026-08-14 00:04:59.500,1.530992207407545,35.06412380249158,19.249774628708465,40.000582511915056,6.677624911964259,58.851911058363115,0
2026-08-14 00:04:59.600,1.6031010160571002,36.138046204716275,20.972217863230114,41.7826794927874,12.381669906750638,51.39040135281306,1
2026-08-14 00:04:59.700,1.0032957698073504,36.567610370105754,21.037264311200612,42.18716176610108,11.485725858884134,40.6873113578862,1
2026-08-14 00:04:59.800,1.633670566897959,34.30251073717564,19.285211436967696,39.35202184186474,8.6253716511571,51.43442156365884,0
2026-08-14 00:04:59.900,1.4378963804701006,35.797014402761306,19.874471451146924,40.94411869382408,1.2900645403378537,42.71423949527289,0
2026-08-14 00:05:00.000,0.7368769768490435,35.76956951724022,19.887761843568978,40.92658273781478,15.533397643070025,40.59487796755796,1
2026-08-14 00:05:00.100,1.1558459956881992,36.08591478609106,19.981376527216124,41.24862002384333,7.9402053150282645,63.96841276697967,0
2026-08-14 00:05:00.200,1.3345577866313423,35.5195267182699,20.06393798655068,40.7945877025132,7.062298825936019,59.394530638265266,0
2026-08-14 00:05:00.300,2.255075062936076,33.08667383762632,20.774992086469805,39.06825158399527,6.432920222437655,49.744725804426864,1
2026-08-14 00:05:00.400,1.7226212498135034,34.882083818514076,19.42472990383571,39.92593021281797,9.129101111597326,51.73204804699644,0
2026-08-14 00:05:00.500,0.9658073723600434,33.89013339857866,19.35042699088722,39.025378492759216,9.159747767512789,49.89922379198788,0
2026-08-14 00:05:00.600,1.694414515767055,34.85156992303125,21.021801211283975,40.70071316656106,10.851883619379537,55.844111110082466,1
2026-08-14 00:05:00.700,0.8810784044246538,36.04251465453696,19.6673904575368,41.05933645386541,5.2218135069529605,40.40598009853167,0
2026-08-14 00:05:00.800,1.9330764215548293,35.37599597673178,19.032078801652432,40.170649918292966,7.062515365576217,60.350056800423715,0
2026-08-14 00:05:00.900,1.3115501392728486,36.22727072970798,19.659403964306435,41.21780329851828,14.091637169672607,54.24279005468975,1
2026-08-14 00:05:01.000,1.4625455245043317,35.42926850647783,19.788466563263373,40.58098662957192,8.673771899749976,46.84332394532538,0
2026-08-14 00:05:01.100,2.030318659016876,33.797523368549136,21.30147976711143,39.95028943720286,7.48242688001976,44.146663621897495,1
2026-08-14 00:05:01.200,0.9851345725663,32.58333702409904,20.802371388304458,38.65763193734157,5.175146703248895,60.0935713012017,0
2026-08-14 00:05:01.300,0.9411527259548035,35.2613275148051,20.985527745181106,41.03356666011519,9.517802917462255,48.19416420619873,0
2026-08-14 00:05:01.400,1.266560269461598,34.90692700922809,20.728490999224988,40.59758480910569,11.093054651127332,41.613282850041955,1
2026-08-14 00:05:01.500,1.9153515404077266,34.15224245865112,20.834507856112058,40.005654382360596,10.623762937429422,45.385162796308116,1
2026-08-14 00:05:01.600,0.892261569809263,33.43689567083537,19.532048051027797,38.723725197480526,7.22359740917325,59.23045578666992,0
2026-08-14 00:05:01.700,0.3671377607557724,34.41111442946777,19.92863286148151,39.76525121265608,9.083756850090609,30.673361585047516,1
2026-08-14 00:05:01.800,1.3195364566364005,34.959700880529454,19.300583168817703,39.93360985827027,13.014978309945835,45.735093133034326,1
2026-08-14 00:05:01.900,1.7206963199643681,35.828404911554365,19.929125828279158,40.99810550239702,11.212646876514407,62.84699203610917,1
2026-08-14 00:05:02.000,1.9801046998955316,35.3594928918697,20.649801078928824,40.94762535446364,5.647511773420041,47.9813987347609,0
2026-08-14 00:05:02.100,1.3147354551658403,36.78726377992818,20.215184547503075,41.97566512520824,1.0,53.273800787334096,0
2026-08-14 00:05:02.200,1.3354293571535991,34.1519271991638,21.161703408293757,40.176757242933085,8.890317521252705,63.04122757444634,0
2026-08-14 00:05:02.300,1.961560293702299,36.07692486972037,19.20438695281599,40.86995211997363,10.395704380245299,60.70795584076604,1
2026-08-14 00:05:02.400,0.7521033201218317,35.251499443245415,20.5227111006286,40.79031605561541,4.732326524380213,44.71929472352094,0
2026-08-14 00:05:02.500,1.3445916899267962,35.90720454668901,19.128879012046802,40.68465743514732,7.973631433631667,48.435277373553966,0
2026-08-14 00:05:02.600,1.576169555970023,34.78435528175862,20.207863262353417,40.22821286109516,7.208902802380764,60.85716682074816,0
2026-08-14 00:05:02.700,1.6796874885140136,36.3008852413685,20.72978965853193,41.80285215860256,8.312858966696597,61.273633847406785,0
2026-08-14 00:05:02.800,1.2960773227236468,35.5327643482769,19.97092170049962,40.76045946499701,6.365911138640863,48.94339849622071,0
2026-08-14 00:05:02.900,1.5137764046823365,34.566429327467645,20.588425870700803,40.233335883122564,11.87153299288398,49.35745217249088,1
2026-08-14 00:05:03.000,0.5046690586348042,35.24218500592595,19.38473955303714,40.22163263134646,8.443906641898288,53.212204334406216,0
2026-08-14 00:05:03.100,1.2367006350664607,35.02298789835577,18.826574271818625,39.76241416388947,5.36294934150575,66.40280828020752,0
2026-08-14 00:05:03.200,1.681403485021787,35.760056830384414,20.60815078583822,41.273206118790526,10.75238646078116,62.81079344789548,1
2026-08-14 00:05:03.300,1.1070823862981283,34.099436452825856,21.562736108580808,40.345051182128934,4.207437212024885,58.32064044558822,0
2026-08-14 00:05:03.400,1.523593688635839,35.25819622253841,19.375692802656552,40.23130463271032,11.853483132605398,37.0559686872333,1
2026-08-14 00:05:03.500,1.6787490003210792,35.69118989975718,21.15528493235015,41.4898435406721,10.973178272667692,46.70199912142092,1
2026-08-14 00:05:03.600,1.362980319656894,35.337240676754625,20.217269148790084,40.71189691578496,12.169325885962358,47.33255991572116,1
2026-08-14 00:05:03.700,1.5681855083986282,36.65949333640433,19.118978037854742,41.3455411488814,7.525260882675153,67.02182039124168,0
2026-08-14 00:05:03.800,1.114906973886155,36.094909588540126,19.287327847599716,40.92485203034559,6.51165806064987,47.13362730584435,0
2026-08-14 00:05:03.900,1.4173554881215813,35.32174074018207,20.210160740842213,40.69491327042383,8.252065282799279,65.04131387693135,0
2026-08-14 00:05:04.000,1.744086467835689,35.554245356874226,19.87896392528665,40.73423093222285,7.746689640933406,43.15161595362699,0
2026-08-14 00:05:04.100,1.5627891843873738,35.641556533312304,19.157204207691592,40.46379894637296,6.041791143309463,44.1093925080709,0
2026-08-14 00:05:04.200,1.2653874921744257,35.75752530845087,18.857303997590105,40.425221461879865,6.3391300576230725,55.77744926975769,0
2026-08-14 00:05:04.300,1.5896865617163172,33.53690243107318,19.540160793701467,38.81419467817193,6.900881458200607,68.81776046686109,0
2026-08-14 00:05:04.400,1.7858439162546471,35.069368853422176,20.377584296179812,40.55991338162954,4.489988940680412,47.45867444878547,0
2026-08-14 00:05:04.500,0.6800234885690087,33.89479080345185,20.222417320904658,39.46901323710271,10.033889868798003,19.246785657665626,1
2026-08-14 00:05:04.600,1.9636296259823591,36.665845541558504,19.83154839045935,41.68542360154874,7.843108587286981,31.229799171933358,1
2026-08-14 00:05:04.700,1.3654981045275711,35.33504979654983,20.399049345364844,40.80057546554075,7.074864592299059,53.575538673973476,0
2026-08-14 00:05:04.800,1.670195973296092,35.21089308932687,21.074561799294052,41.0358885267551,4.668937517174967,32.30244767861878,1
2026-08-14 00:05:04.900,1.978898769458091,36.30936609349347,20.562842465223465,41.72769531571245,4.518881066997605,39.61324608324305,1
2026-08-14 00:05:05.000,0.9513305211078136,35.84322828136386,20.15549515323673,41.12153934986033,13.807742152167236,50.148103407659086,1
2026-08-14 00:05:05.100,1.2162235990289814,34.30060369198852,21.000000529149187,40.21854591925375,6.118227611415291,20.607593051042468,1
2026-08-14 00:05:05.200,1.384580521649718,35.3666675662941,19.494663515519846,40.383698200240396,9.831585182627979,45.44329052809454,0
2026-08-14 00:05:05.300,1.1864985915502286,35.11074067804882,20.087608959120846,40.4509103068861,8.48790340970053,36.02229730567677,1
2026-08-14 00:05:05.400,2.1939746303347234,33.7097094851229,20.111675075757077,39.25333091502189,1.0,32.00984338519099,1
2026-08-14 00:05:05.500,1.1572911624692828,34.77230086294549,19.28798365095534,39.76354134911427,13.377352469415776,40.373786729383276,1
2026-08-14 00:05:05.600,1.2777812882052533,35.287371496619976,19.946647761354377,40.53476710252585,10.052251936328348,37.169492899166826,1
2026-08-14 00:05:05.700,1.5817556126411907,35.36429560959834,18.627580179937866,39.97024077139229,5.696989537085574,55.633762615907635,0
2026-08-14 00:05:05.800,1.0191401895695644,34.00534983986662,21.822291196256717,40.40515079523822,7.914900486711214,64.3583214401946,0
2026-08-14 00:05:05.900,1.3417277152974945,36.64758156904514,19.54761856084955,41.534980754302595,4.552449897789002,45.62687778066724,0
2026-08-14 00:05:06.000,1.62698130450007,35.40214764955997,21.571441730207898,41.45647303523298,13.478661435383401,42.84649065143797,1
2026-08-14 00:05:06.100,1.3668558382469955,35.55013850756571,20.338018863118688,40.95665219697135,5.277026875275606,45.02953998610521,0
2026-08-14 00:05:06.200,1.4626452564400207,35.92156179169872,20.764443397740106,41.4912124572515,6.430748009916021,36.70175470473845,1
2026-08-14 00:05:06.300,1.2882671550206517,34.741178621908965,19.92651308680684,40.05016124609324,5.811316765557226,34.53509725256386,1
2026-08-14 00:05:06.400,0.8942118763276932,35.993945571399074,20.488897512529167,41.41689316059043,8.24113820062751,30.253346565279955,1
2026-08-14 00:05:06.500,1.6286372845356953,35.17884967470194,20.84794630442282,40.89239941049404,12.110949500417941,34.045748500181915,1
2026-08-14 00:05:06.600,2.201973228658897,34.65767350252666,20.864197357419663,40.45329484698492,13.368123347285472,69.58389208535155,1
2026-08-14 00:05:06.700,1.5073606523133753,36.136041258983,20.95737497143605,41.77349690371032,6.80301156733311,41.714947575638504,0
2026-08-14 00:05:06.800,1.5901056468990198,37.06260234688315,20.047890924817466,42.13732814567823,9.134776946953767,14.70045833883485,1
2026-08-14 00:05:06.900,1.7770891020467439,36.30409258402092,19.963270188327968,41.43089782953475,8.24571623781222,42.95531673822792,0
2026-08-14 00:05:07.000,0.9922678013813203,36.510575498129256,19.077217699579215,41.19420297034201,5.055172206667826,30.91502555887014,1
2026-08-14 00:05:07.100,2.1810058632518423,35.07530204888027,20.776134802207096,40.766709348924216,15.267666723787833,50.71381927996595,1
2026-08-14 00:05:07.200,1.5809315185691208,34.006647648727856,21.228463395796545,40.08864854857796,12.088278686888767,49.41975613715594,1
2026-08-14 00:05:07.300,2.1527427596356437,37.1027396224499,21.66034660414438,42.96258724172676,8.567347549133103,50.67062765230465,1
2026-08-14 00:05:07.400,1.2067868017904042,37.675451712208556,20.61670020134669,42.94750270866942,12.745628280496963,49.511287055057785,1
2026-08-14 00:05:07.500,2.22722476902313,37.17207831902722,19.764379108827672,42.09981102229982,11.636320138153414,45.52747634456301,1
2026-08-14 00:05:07.600,1.8100621976139133,35.30182032873154,19.02488684599521,40.10193060221621,8.245584023245266,32.529246541520166,1
2026-08-14 00:05:07.700,1.7212160343409435,34.491306651436176,21.2208979805657,40.496626348684686,8.97789081598398,49.104151136342914,0
2026-08-14 00:05:07.800,1.5936097817412591,34.5885930147992,18.955544174149235,39.44215285302691,12.536378427129963,62.22709506962833,1
2026-08-14 00:05:07.900,1.4005885527702202,33.97887786745846,20.125082998848494,39.49155741221406,5.161539256610959,71.76407700554245,0
2026-08-14 00:05:08.000,1.980212663389549,35.5635665391162,20.223121632160836,40.91139099971201,13.021072091964019,47.14410407232792,1
2026-08-14 00:05:08.100,1.5561439479392187,37.28495783806245,20.352003817707182,42.47790178883677,7.324662317944652,48.44468065659578,0
2026-08-14 00:05:08.200,0.7131721185651391,35.5459519705615,20.441210841488914,41.00436320880582,12.574030228542702,56.00512614906672,1
2026-08-14 00:05:08.300,1.053125415317199,35.99827222523575,20.52808764002655,41.440052912113785,7.98432020761154,67.91889871366526,0
2026-08-14 00:05:08.400,1.4256616991229012,37.079881011645426,18.490279818741907,41.43438214349476,9.012818667418916,44.164440673945435,0
2026-08-14 00:05:08.500,1.6239995932662221,35.308523457962565,20.439295989773083,40.797752993750116,7.897074930282623,58.31181580340405,0
2026-08-14 00:05:08.600,1.4773646044400417,37.7564849489683,18.648911636059722,42.110973165093604,6.404469131566318,40.12616881370734,0
2026-08-14 00:05:08.700,1.9875883159174652,37.721382622199904,21.023347387294265,43.18430087771779,7.189835305567064,53.958187883186035,0
2026-08-14 00:05:08.800,0.71955925438455,35.606511598475706,19.998473637650825,40.838249424383996,12.1373342095057,61.64725011942045,1
2026-08-14 00:05:08.900,1.557435174602064,35.168423395590715,18.721945215587283,39.841300641256474,1.0575080519825946,34.50967272142644,1
2026-08-14 00:05:09.000,0.772808309845138,36.451530428453985,19.801211687329907,41.48255120967077,4.283102165585489,43.698263335781384,0
2026-08-14 00:05:09.100,1.8038849181936674,35.41510216199856,20.00151599136273,40.67296526069293,5.823584871925693,61.45739716034002,0
2026-08-14 00:05:09.200,1.4622165142231989,34.614406609903824,21.415136790226704,40.70338104752325,4.764965622691936,57.39393476617754,0
2026-08-14 00:05:09.300,1.6678439888096472,37.06053520294788,20.62488812305514,42.413079110310775,12.529938831246467,62.43135368377826,1
2026-08-14 00:05:09.400,1.1544468157640935,37.004078659155724,20.748134718607652,42.42389576305406,11.773030933559612,60.1812757574488,1
2026-08-14 00:05:09.500,2.0117859726631004,35.951477598095956,21.422556903975913,41.8501455886414,9.776095428183847,45.90675766499953,1
2026-08-14 00:05:09.600,1.9166898656235405,34.54143596305795,20.405664999732085,40.11859871021574,6.086587797567395,76.39028178073629,0
2026-08-14 00:05:09.700,1.733417721204755,34.58310918802248,21.090931632369845,40.50702208546049,12.005155600382409,51.64291988904073,1
2026-08-14 00:05:09.800,1.4481931012546236,35.928199450112764,21.039670988161763,41.63536082487071,3.235610222013367,13.331492610269592,1
2026-08-14 00:05:09.900,1.731942914118053,35.32943384964232,19.468407335632882,40.338415689295196,14.425947920443807,46.6118435314724,1
2026-08-14 00:05:10.000,1.2172429728050604,35.496546674459495,21.680970626064525,41.594101902798116,5.946110608467348,44.36994491600806,0
2026-08-14 00:05:10.100,1.8422222636082848,36.86793748411485,19.37134317337635,41.64725381910931,7.213894334475685,59.54299000840734,0
2026-08-14 00:05:10.200,2.1597923577295686,36.58748836893114,21.24647875048743,42.30906716581666,6.711968448515858,44.58577621762243,1
2026-08-14 00:05:10.300,1.9282442239916744,37.240786454459936,19.30392783485289,41.946606604109164,4.78067775770397,63.187639949829645,0
2026-08-14 00:05:10.400,1.2081590120770362,34.880355273038816,21.00357652837098,40.71596015024751,13.775339371810759,56.697192468880495,1
2026-08-14 00:05:10.500,1.6445669269092411,35.5361216501831,22.017119833842028,41.803941294026,10.36668389235346,37.99891446235928,1
2026-08-14 00:05:10.600,0.9827433824965409,36.646629636783665,20.362205839553965,41.923679351745314,11.646411626239363,48.3155199726629,1
2026-08-14 00:05:10.700,1.7289561244702703,36.344061004790184,20.33250508398386,41.644946071644036,4.328992183817688,40.693598668695195,0
2026-08-14 00:05:10.800,1.6802413651450157,37.43669776881866,21.030942431192102,42.93957241727016,8.542813481011999,52.21710376224404,0
2026-08-14 00:05:10.900,0.7520734641871343,36.33318881458885,20.284074100440833,41.611828505230804,9.563086067994211,40.62210959317855,0
2026-08-14 00:05:11.000,1.0352864624350544,37.769095935244074,22.00721506167737,43.712951427884505,8.81226957064953,50.89322276610874,0
2026-08-14 00:05:11.100,1.3867444413024932,36.4693393553154,20.711346731722315,41.94010725373484,4.518879646796,46.732330988115066,0
2026-08-14 00:05:11.200,1.3796561011436694,36.99982372363467,20.306458159051022,42.20591426027079,11.226500063391912,48.173320943842114,1
2026-08-14 00:05:11.300,1.016209225832478,35.622476051715296,20.1353661767833,40.9193569246656,8.364650248355463,74.61128455757719,0
2026-08-14 00:05:11.400,1.6555914917408736,35.96861293283748,19.82623665643368,41.07092373284534,5.135107893070991,45.67417727951354,0
2026-08-14 00:05:11.500,1.600589443576205,36.8736048472467,20.07539227663835,41.98433171424557,2.4342483813420097,26.786802948593717,1
2026-08-14 00:05:11.600,1.4222923472085922,37.58397333645402,20.30205838458971,42.71684242083649,9.81999954046964,62.18991373681217,0
2026-08-14 00:05:11.700,1.1976833999366547,36.70856683762547,20.197486674189967,41.89817832825787,15.351367202394503,62.0954708216241,1
2026-08-14 00:05:11.800,1.9194828505666255,35.90449283883384,20.066058547151393,41.131244956013404,4.954237179961155,26.252717914438087,1
2026-08-14 00:05:11.900,2.162162845235318,37.37333436275054,22.276672584215277,43.508806727078586,8.511341151238899,41.58920454550319,1
2026-08-14 00:05:12.000,1.306575406461385,33.81235539939606,19.77852437221398,39.172252985976314,11.33149183727473,55.22972668215828,1
2026-08-14 00:05:12.100,1.2551332331380718,34.590434276622815,20.724907336994754,40.3239374016524,4.191043201696097,56.2904391346048,0
2026-08-14 00:05:12.200,1.6964830661647985,36.70263772425182,21.08661890815876,42.32882130293249,6.560129692744926,49.94331483856735,0
2026-08-14 00:05:12.300,1.3567882481012055,36.0434465792903,21.12168933028929,41.77625882579016,5.419523662215794,50.21390454719941,0
2026-08-14 00:05:12.400,1.4442411197347063,36.643186596615074,20.57571810666857,42.02479386694763,10.954030084473638,38.736945523001786,1
2026-08-14 00:05:12.500,1.7958612606898685,36.11041519037659,20.435042543288947,41.491602149921974,11.976567708062177,21.201815438531757,1
2026-08-14 00:05:12.600,0.7362575649970828,36.62528808500227,20.993843427230644,42.21555624596796,8.477108794195205,74.59408781820244,0
2026-08-14 00:05:12.700,2.0273209299410677,35.248274291858955,20.850823587693846,40.95360405189334,5.4747977930176965,38.37599266751943,1
2026-08-14 00:05:12.800,1.5290722097317366,36.64149792138557,20.435440033369517,41.95481592475821,6.6716271862164565,52.11806828077379,0
2026-08-14 00:05:12.900,1.3354027421751278,37.073761085967206,19.398105077276227,41.84196746866029,6.10850445725974,48.09382405208797,0
2026-08-14 00:05:13.000,1.4643063383114203,37.3082318841446,20.278269790261426,42.46307092059797,5.06819341513098,60.766370627282555,0
2026-08-14 00:05:13.100,1.4849717420082076,38.10957029731581,19.740369470634302,42.91877835031196,7.693885397544606,51.3787665617859,0
2026-08-14 00:05:13.200,0.8075194786220298,36.34844916862324,20.12888279501945,41.549749452188244,9.724479453385587,51.841291437104,0
2026-08-14 00:05:13.300,2.0979752909812945,36.38659653442177,20.694189859358328,41.8596930386973,9.470772333285558,18.388181023892848,1
2026-08-14 00:05:13.400,1.5165302529082474,34.597847705854484,20.959601017214297,40.451402209049704,7.975302906291468,39.999931129492964,1
2026-08-14 00:05:13.500,1.67720085217895,35.59794349134365,22.101975136523176,41.901203869917445,8.171161510476091,58.93559655918797,0
2026-08-14 00:05:13.600,1.880619908229617,35.94460754092921,20.252688665838445,41.25755942208417,7.755347614730663,57.85601870086315,0
2026-08-14 00:05:13.700,1.09153501697588,37.19634388966592,21.30731511065386,42.866883208171146,4.10836538250118,38.58016611659346,1
2026-08-14 00:05:13.800,1.6893887596140913,35.543357935753676,20.937383455456253,41.25171898612126,8.480404690948617,31.063657007346535,1
2026-08-14 00:05:13.900,1.3929435636404826,36.95903380204588,21.73441440589006,42.8760416683692,6.249123243636051,51.518951680675166,0
2026-08-14 00:05:14.000,1.8387083100865975,36.169406787787416,21.163600078526976,41.90613267368237,3.957970342521687,15.118711414450217,1
2026-08-14 00:05:14.100,0.6491090318594018,36.00219511208977,19.900832794493667,41.13637318485157,9.112116701346752,36.215908971946845,1
2026-08-14 00:05:14.200,1.4603622799034923,36.43659191879153,19.33418194636198,41.24846448283346,6.164809890744365,71.12193290186373,0
2026-08-14 00:05:14.300,1.2588717376864154,35.80487629985917,20.966628963001213,41.49203172803639,8.683261763776507,67.34080794648523,0
2026-08-14 00:05:14.400,1.6729051802536623,35.775330146473095,20.299859638419147,41.133423738228565,10.542913445208281,55.84699230518174,1
2026-08-14 00:05:14.500,1.6880176749472808,34.507916211229386,19.943370273451226,39.8564210523876,5.1492838365643046,53.68803577377508,0
2026-08-14 00:05:14.600,1.2169496420711896,35.973082632145356,19.718559940057485,41.02297259059608,8.276363846218915,26.597950585707213,1
2026-08-14 00:05:14.700,1.2151304543295827,35.749403415778254,20.866403335225918,41.39355786511212,2.568731354808916,41.1119931602106,0
2026-08-14 00:05:14.800,1.4557338525770682,35.721725295031646,21.948789930079133,41.92601862147713,12.597599271827828,46.457976824410686,1
2026-08-14 00:05:14.900,1.1413431090739168,36.66291406942452,20.420686727535852,41.966340256045264,3.922800509333654,41.367035005985734,0
2026-08-14 00:05:15.000,1.8367934781808508,36.91300768207872,21.224841686433187,42.58008972220884,6.455541012807876,45.797079981105625,0
2026-08-14 00:05:15.100,1.3523171198210215,36.49490495638428,20.6758131908711,41.944813015190825,12.015139711291871,65.59069309215553,1
2026-08-14 00:05:15.200,0.3372047122713433,37.26646036464517,19.731121433234705,42.167596814648135,7.296431221757042,43.49812326474413,0
2026-08-14 00:05:15.300,1.3500711773512775,36.8549418224798,21.355477012797998,42.59510693944217,4.4078069410991,45.908729833318816,0
2026-08-14 00:05:15.400,1.084582471662411,35.99265842929754,19.896875136240013,41.12611215511635,10.139219696859605,58.874375440205014,1
2026-08-14 00:05:15.500,0.8474896738156218,35.83319305584254,20.794930909409008,41.43002384870634,10.071597386453554,32.966291376766364,1
2026-08-14 00:05:15.600,1.005029344710971,36.61720630077751,20.509414106402158,41.96970174139421,6.1004409819043,39.91754505393384,1
2026-08-14 00:05:15.700,1.543763388733188,36.88648589636631,21.502093219531197,42.69605197912613,6.425220437658803,41.14732894691789,0
2026-08-14 00:05:15.800,2.0314563312992924,37.71889781594965,19.94611131137434,42.66805138386081,6.693773088145742,50.66710575862097,1
2026-08-14 00:05:15.900,1.625273789545992,37.52056127631199,21.110328865064705,43.05157956777738,7.378928117941906,45.86045519007602,0
2026-08-14 00:05:16.000,1.257398644713704,35.796249947318465,20.130795846416422,41.06848489658456,2.3210867692345802,46.23990908783439,0
2026-08-14 00:05:16.100,1.682361678068281,36.24405139615211,20.3987504359046,41.59014644063223,7.455728416645702,42.02175215477006,0
2026-08-14 00:05:16.200,1.3163638759124032,37.025410203650885,17.904475257207793,41.12725659443602,13.351742594549446,37.15003687742294,1
2026-08-14 00:05:16.300,1.2221598523347421,37.43072489924584,22.49131513000645,43.66827707570198,5.312090098289887,57.30971509052693,0
2026-08-14 00:05:16.400,1.0382549327068062,37.310031312345394,21.263082652445352,42.94365052499515,6.2495192195907086,45.94635057245295,0
2026-08-14 00:05:16.500,0.7992684772993123,36.315518733263,20.21375995090608,41.562158175662994,4.449147010410812,57.428227761768476,0
2026-08-14 00:05:16.600,1.344030517376222,35.13370863611957,19.93291422246246,40.39428860529406,9.836485779186061,36.66047203422623,1
2026-08-14 00:05:16.700,1.5632213959680528,35.39712963475625,20.44112060429763,40.875373979196574,11.60959207442713,42.01709410700429,1
2026-08-14 00:05:16.800,1.461350531994044,36.67703424777499,21.416144067928908,42.47182675551814,11.540953517532875,47.34580366583881,1
2026-08-14 00:05:16.900,1.3336132288210565,36.75496103533366,19.33397333307765,41.529864983563975,4.255968233319019,48.46559555820547,0
2026-08-14 00:05:17.000,1.1217015757212876,35.322390804928666,20.739374571582367,40.96087095993573,9.49937519149088,59.05242471118652,0
2026-08-14 00:05:17.100,1.7432984766739874,36.47397451170607,22.27415643846022,42.73744098241708,12.301250102642708,44.8338885248917,1
2026-08-14 00:05:17.200,0.973147232021366,37.06896398024233,19.955486705188083,42.09904440969464,9.52898932313037,58.960906913730504,0
2026-08-14 00:05:17.300,1.8104111655373902,35.29484768821714,20.931952638445495,41.035020587207846,9.43522905003133,54.49932810271633,0
2026-08-14 00:05:17.400,1.09911319242931,37.55940626998244,22.635293293113026,43.85277074278025,6.585072264094524,48.717768679004614,0
2026-08-14 00:05:17.500,1.199025905058786,36.085212642071944,21.383367578131683,41.94509483127964,8.66032947138099,38.58441444204176,1
2026-08-14 00:05:17.600,0.9132859237537292,37.728691625662165,20.983386164239672,43.17124814852954,11.708954539119215,59.082503185559844,1
2026-08-14 00:05:17.700,1.2994391412457453,35.945960789763355,21.29295710525076,41.77920678262398,8.984626905286293,38.883950392236194,1
2026-08-14 00:05:17.800,1.8901249833911915,35.461122475108816,20.57195650678804,40.99629985391177,4.25517573191082,49.74463543811265,0
2026-08-14 00:05:17.900,1.7062512353775827,36.03794569060502,21.9373546365108,42.18982173518915,6.631874977142086,49.352714684767044,0
2026-08-14 00:05:18.000,1.891368844811214,36.40926927982316,20.583186423420123,41.824663212415,11.627838616666981,47.514858288592606,1
2026-08-14 00:05:18.100,1.7088570183735743,36.124272218582746,19.340305988223754,40.975730366161784,8.974229961053286,45.32816332417623,0
2026-08-14 00:05:18.200,1.0585320685878523,36.305085426234854,20.599609625532413,41.74210278041271,8.357186234729229,40.135079660459944,0
2026-08-14 00:05:18.300,1.367684310268977,36.86338671993789,20.144265318255663,42.00834090601498,6.3379534002599,30.596762751559062,1
2026-08-14 00:05:18.400,1.187920348353015,36.36657692291905,20.697698565871328,41.844027566837546,11.565797541603304,66.84565679408422,1
2026-08-14 00:05:18.500,2.032229961615616,36.47997862121719,20.720387361837012,41.95382333743896,12.987237793466772,44.09931842891301,1
2026-08-14 00:05:18.600,1.0212845414294753,34.845199338420336,21.890594002417686,41.150771836175004,11.7895673690541,48.46265485859037,1
2026-08-14 00:05:18.700,1.8574790757556443,36.95445847608715,21.493890457377514,42.75066465278164,12.327774864336117,48.389271392792715,1
2026-08-14 00:05:18.800,1.8571815480435077,36.48189188483875,21.153269499578567,42.170952633523285,6.923881277701501,63.14725204674498,0
2026-08-14 00:05:18.900,2.2318480806864347,38.18972288546703,20.945301613924425,43.556407034637616,6.4994927078782885,73.19833065821169,1
2026-08-14 00:05:19.000,1.336125362948201,35.648199460183946,20.10557236937635,40.92710794880685,7.530964479502442,51.91816903506424,0
2026-08-14 00:05:19.100,1.7849288638320648,34.787804021392134,19.212719419802447,39.74065797309905,8.115719725928761,48.11596797851699,0
2026-08-14 00:05:19.200,2.412660734615537,37.22250256627542,21.053188452521464,42.763903485460304,12.293059340375766,36.518515914087054,1
2026-08-14 00:05:19.300,1.2529433292265213,36.95929581311213,21.60337423973841,42.809990954721314,11.497660218405251,32.67693860704682,1
2026-08-14 00:05:19.400,0.885983900987056,35.612670496721734,20.885995003756054,41.28543432259127,9.615408161763483,28.71230084427079,1
2026-08-14 00:05:19.500,0.7479959864368945,35.09968928470252,20.549779485594613,40.67286103520659,3.7064397024593383,40.44986048571838,0
2026-08-14 00:05:19.600,1.7850848115445326,38.17516969284465,21.354265509467588,43.74183622719011,2.935934466209374,24.909742432242624,1
2026-08-14 00:05:19.700,0.7467399167765665,38.06021807522088,20.920998850268983,43.43119147371306,8.72138823440511,62.945959444881346,0
2026-08-14 00:05:19.800,1.3510723788248309,34.16698564836171,22.341260797819878,40.8229695432799,10.64078961680215,55.07715492792109,1
2026-08-14 00:05:19.900,1.6749252748155843,36.204554100265085,21.98384895136758,42.356337805758976,7.761298853041588,46.98031382378264,0
2026-08-14 00:05:20.000,1.5740702147319656,38.33530390675922,21.77027355680386,44.08560237040731,13.744713514935215,63.312607769129485,1
2026-08-14 00:05:20.100,1.670177945673669,36.2033840166512,21.61385523602537,42.16448449134623,4.752676868658693,37.146127071160706,1
2026-08-14 00:05:20.200,1.5889159423203416,36.19716906285616,19.980534846568524,41.34557800926153,4.374944151513203,40.16022733562534,0
2026-08-14 00:05:20.300,2.0115463253253574,36.413356691707186,21.548064573244016,42.31136528653017,6.0071570765770375,26.794480636379063,1
2026-08-14 00:05:20.400,1.1190734477044813,35.583553768022135,21.32373121119144,41.483621003100275,5.893108360426293,59.29224434024255,0
2026-08-14 00:05:20.500,1.2292019446165874,35.00800972001599,21.512811061259356,41.089679778676505,9.578857606045938,40.275904564288716,0
2026-08-14 00:05:20.600,1.1909362218916704,37.77366749743253,21.426759701469113,43.42759477004329,6.734864444469491,50.18834735930989,0
2026-08-14 00:05:20.700,1.832076724745044,34.88651800290385,21.399883015769365,40.927058670952015,3.356478616164015,62.03091680689613,0
2026-08-14 00:05:20.800,1.8601594353580255,36.98506108371402,23.203366954602835,43.66109230649197,10.674735370085351,66.45020906599305,1
2026-08-14 00:05:20.900,1.6804901277274034,37.63270384681665,20.98672607647387,43.08901333554944,2.7201442217836114,49.65024378211316,0
2026-08-14 00:05:21.000,1.973397466755971,35.30323277761158,21.801745350571117,41.49258180544298,4.7863453309678725,54.610849235256275,0
2026-08-14 00:05:21.100,1.0287836530494476,35.83852539637142,20.680884431168696,41.37751664179129,3.131880287768394,39.153797047476075,1
2026-08-14 00:05:21.200,2.166889644620455,37.98430770981183,21.69519037996228,43.74344428387502,8.621363831212621,70.2004801160904,1
2026-08-14 00:05:21.300,2.1092954486849034,37.31235496410102,21.81913385851035,43.223679104197814,8.558143136453635,48.00619327640761,1
2026-08-14 00:05:21.400,1.7942487988982987,36.17051225944883,21.36421964150491,42.00875906285976,13.749362963049059,50.963419422417445,1
2026-08-14 00:05:21.500,2.212719563508424,37.99838169214263,22.413077167170076,44.11601794499681,10.74147996843665,45.11776313284129,1
2026-08-14 00:05:21.600,0.8373507169288904,38.01100313468951,20.37525961765279,43.127573126622,12.324938550026602,64.39098798096508,1
2026-08-14 00:05:21.700,1.2902207454949393,37.08185482670466,20.697904526878794,42.46724866520775,8.865828953895479,52.39512707699827,0
2026-08-14 00:05:21.800,1.205878615727219,35.920976628269024,21.262586182504407,41.742234404701875,5.069204536728309,59.13121492896349,0
2026-08-14 00:05:21.900,1.7885917295029374,36.41602287512463,21.802328429945238,42.44370680099464,8.384322805980489,54.24749767974659,0
2026-08-14 00:05:22.000,1.0799437041591418,37.12419304500556,21.24622739766605,42.77391597546541,9.77726302216192,47.35508740140794,0
2026-08-14 00:05:22.100,1.8029980597349942,36.65754619435643,22.136291843310804,42.822787269905774,10.111422146754725,61.1536227355951,1
2026-08-14 00:05:22.200,2.0482144575986854,37.79343292419251,20.58333355080154,43.035069330244966,6.582763567674974,54.14379433490457,1
2026-08-14 00:05:22.300,1.7780811600335997,35.33303638830206,20.205223489455996,40.70226672650974,9.466359421347198,38.468251269833196,1
2026-08-14 00:05:22.400,1.6135004094646004,35.376881661798905,21.369189783748293,41.32996525678162,5.200916087476206,38.129463394287434,1
2026-08-14 00:05:22.500,1.1048506636397004,37.06035102480132,21.065943727100375,42.62914030560377,4.8701672176678485,51.78592074837961,0
2026-08-14 00:05:22.600,1.161259613549854,36.39627022196572,21.566979757750154,42.3063009720958,4.652645865843546,60.88949482865153,0
2026-08-14 00:05:22.700,1.9998475621186667,36.269100743528625,21.11576778224262,41.9681226382337,8.073877965670391,69.67304658207684,0
2026-08-14 00:05:22.800,1.811739601562133,35.13642736150571,20.8706746159093,40.8675126066357,4.466490934771089,28.67343850903037,1
2026-08-14 00:05:22.900,1.4843921922489824,36.93236464793203,21.087741224501332,42.52872427476932,6.725766830386977,50.307918189184655,0
2026-08-14 00:05:23.000,1.3328361816936438,36.86839841758683,21.175771231187106,42.516962369311976,10.708749654241874,55.87577194609996,1
2026-08-14 00:05:23.100,0.6896768507554492,37.58296722999308,20.91370790894614,43.01002911312023,4.912610965765085,53.548029619937154,0
2026-08-14 00:05:23.200,1.0716590325262245,37.006729103616046,21.000188145238308,42.550039965713665,6.487063899487049,62.11192526040451,0
2026-08-14 00:05:23.300,2.264567634855889,36.813553614708326,20.84481994617977,42.30536902488452,8.214893830328508,57.86640771789803,1
2026-08-14 00:05:23.400,0.9878177715990133,38.13149305219291,21.858027545137066,43.95206628309307,8.7406607045968,38.17399779703592,1
2026-08-14 00:05:23.500,1.5757919284884323,35.65035983440776,21.332913086318424,41.54565364838023,6.5021282275833165,37.822499735711226,1
2026-08-14 00:05:23.600,1.9029775892780794,37.50755107915762,22.988099093921043,43.9916933966806,10.360580206205471,53.74945827382069,1
2026-08-14 00:05:23.700,0.998030932799083,35.30834941796844,21.316261590681044,41.243939516293736,9.771356902354174,61.8860650930703,0
2026-08-14 00:05:23.800,1.5738841899124334,36.14946942521672,20.752012806867594,41.682492431008434,11.419569813085108,51.72101063543234,1
2026-08-14 00:05:23.900,1.875166215004262,35.783508895047966,23.33423991649322,42.719389758310484,7.75519422695882,31.06480316518066,1
2026-08-14 00:05:24.000,1.5049997287629002,37.78644328557694,21.53360155224648,43.49150827443254,6.46154357163097,37.43394301620472,1
2026-08-14 00:05:24.100,2.6473612222667073,36.947425238983364,21.999801113061512,43.001203248333965,5.952103933963634,58.29819027038397,1
2026-08-14 00:05:24.200,0.8325602964487219,37.00766695043953,21.686384503581497,42.8936672010197,8.921082553788088,45.81625890899441,0
2026-08-14 00:05:24.300,1.9234914119535516,35.9227719297568,21.716111773929946,41.976601264217926,6.8685326515661815,51.41548763843946,0
2026-08-14 00:05:24.400,1.4308793050414144,36.738146144007096,21.651227025045973,42.64348735491159,6.292490666957632,62.78501646982109,0
2026-08-14 00:05:24.500,1.80876806193467,36.28270905908462,20.346036965615387,41.598031165818036,6.6551382072640335,35.57349142856054,1
2026-08-14 00:05:24.600,1.6765228606796985,37.43796409970168,21.526728688957615,43.18565970294471,5.948928544627244,45.02908812917655,0
2026-08-14 00:05:24.700,1.2067375211560014,36.0717526719696,20.17781724130054,41.33177530001671,8.597063338288196,43.725526239512675,0
2026-08-14 00:05:24.800,1.591598556983736,38.400972894960034,21.103216848722948,43.81758186668542,3.7622504523678177,54.2648304383344,0
2026-08-14 00:05:24.900,0.7568394194406851,35.403932802584606,20.667213986074593,40.994782495289854,8.909048877424889,59.274658139263906,0
2026-08-14 00:05:25.000,1.7412990002285575,36.28132814220588,21.538684933476446,42.193005586542256,10.029646281208851,32.236790517214615,1
2026-08-14 00:05:25.100,1.6192633863962103,38.77338320708228,21.5250106161403,44.34750643889917,6.2573625854681065,49.93356369000477,0
2026-08-14 00:05:25.200,1.755464067457241,36.669378671607895,21.647627164354105,42.58242705634161,13.76611081881964,60.43194924855454,1
2026-08-14 00:05:25.300,1.92324733003486,35.79797347761926,21.497548543413473,41.75690958968049,8.05286393293056,27.742562582469976,1
2026-08-14 00:05:25.400,1.6470479360838843,37.34025842701508,20.78725184525733,42.7364567866175,3.315971050700334,49.227290702724716,0
2026-08-14 00:05:25.500,1.5592357679193105,36.65412934471661,21.06891016067735,42.27793955927735,7.156271280989989,35.410586710601265,1
2026-08-14 00:05:25.600,1.147572665335483,36.30198605376659,22.01903071463453,42.457883897574106,8.18796843480739,42.3011971574056,0
2026-08-14 00:05:25.700,1.2151116945403797,36.050320221039925,22.141999960938705,42.307135926575434,9.346902666710642,19.939584926221734,1
2026-08-14 00:05:25.800,1.9746938480709324,39.922899359918326,20.375288973674188,44.821761389562724,7.22770842766746,66.71280942506033,0
2026-08-14 00:05:25.900,2.0745341622823914,36.91130857656198,20.072974180037555,42.01629437809375,4.965289172886828,45.730050471157845,1
2026-08-14 00:05:26.000,1.4047558254751784,35.24562783886699,20.72120561295615,40.88548206650279,4.715058145663152,40.31369763156903,0
2026-08-14 00:05:26.100,1.5184010989013097,38.673239680659144,22.143884018617968,44.56423528826354,6.039202144454986,53.9392045454858,0
2026-08-14 00:05:26.200,1.1381542500024935,37.79893554921792,22.28462601061084,43.87897087542874,6.326673912443711,37.492277207753006,1
2026-08-14 00:05:26.300,1.969102738106978,36.4297329355413,20.57795011561572,41.83990287650811,4.595077505302228,36.35306565342447,1
2026-08-14 00:05:26.400,1.7661667294767116,36.27141500032869,21.568567936397972,42.19974726172046,5.801560516688903,68.12395003776473,0
2026-08-14 00:05:26.500,2.2764869745854996,37.886341607626804,22.795266353393217,44.21537117939795,9.978375573318065,71.70395633992159,1
2026-08-14 00:05:26.600,1.1486707691281044,36.97428520643287,21.66497130214566,42.854040043494564,12.94523782308346,42.89523593261022,1
2026-08-14 00:05:26.700,1.348796840392713,35.30356043793096,22.474925582012112,41.85049174754852,10.26638514161289,62.808256518994156,1
2026-08-14 00:05:26.800,1.5925783690102289,39.025112943434465,22.141705043364365,44.868859384601734,11.917583258560438,54.272485327857034,1
2026-08-14 00:05:26.900,1.7585958150903083,36.812217239067586,20.619565655787802,42.193670448180356,10.922355404701094,33.034024499475805,1
2026-08-14 00:05:27.000,1.413732944980947,38.75011416021972,21.200740315444712,44.1706094292685,10.499390985195033,38.86241727380258,1
2026-08-14 00:05:27.100,1.1508155638185198,38.541312104156745,21.385529870348098,44.07690581864351,6.9866112108280145,68.61319759036323,0
2026-08-14 00:05:27.200,1.8525630115694285,36.27020232416196,21.446033831603938,42.13620704028715,8.422732635160841,32.87845960610988,1
2026-08-14 00:05:27.300,1.7884541450182327,38.31273645546165,22.100791117409965,44.23020170337286,6.738141972631935,77.3719920568983,0
2026-08-14 00:05:27.400,1.13349035977451,36.636438763688574,21.69967659795168,42.58056610404792,7.342678512999119,43.14365388905865,0
2026-08-14 00:05:27.500,2.042177120442198,35.42951544920206,19.02876886658111,40.216223213312986,8.204501301159759,68.9697788755188,1
2026-08-14 00:05:27.600,1.9680794836786415,36.8799525924376,20.332458236601667,42.113415453553465,10.14069845473708,46.33323446428596,1
2026-08-14 00:05:27.700,1.5537185988991171,37.71052298268976,19.63782655656726,42.51738203951169,9.269970144545372,59.598843098013816,0
2026-08-14 00:05:27.800,1.5318391449504145,36.85848355537089,21.533024314544605,42.687456543255365,7.514512210956931,66.74039768144827,0
2026-08-14 00:05:27.900,1.721623108446363,37.02250658489587,21.590123075066792,42.85789785121512,8.166616222674998,66.67944581217212,0
2026-08-14 00:05:28.000,1.1553187718974967,38.48145569320332,21.629313755853403,44.143511933432755,9.30039102258058,42.987613630484354,0
2026-08-14 00:05:28.100,1.5120125916656328,37.45271835101854,20.64059200826538,42.76377146992989,10.002183314173505,39.711342801210485,1
2026-08-14 00:05:28.200,0.6390465821563278,36.511260781897235,21.952050660005312,42.60240242126196,3.4430145102283927,49.02545588298638,0
2026-08-14 00:05:28.300,1.8505822582011742,38.064924139303265,21.990746286556387,43.960566101571146,4.767833108303189,34.394244547592265,1
2026-08-14 00:05:28.400,0.8754027110232562,37.56890410504393,20.418617869089683,42.759121966404955,11.321931601818026,52.871170107326705,1
2026-08-14 00:05:28.500,2.1013679313715996,34.85795845908138,20.254907395166956,40.31548761359377,7.817391290206826,40.15044017266982,1
2026-08-14 00:05:28.600,1.3679519624134198,37.81625089676861,21.43263344081675,43.467535104900634,6.727770219899064,62.99251728251499,0
2026-08-14 00:05:28.700,1.4153332072275293,37.78806141316701,22.87116544216123,44.17044027455456,7.2095015812218834,43.15865100538234,0
2026-08-14 00:05:28.800,1.2489064375661978,37.42468855748551,22.802534650501705,43.82422731905399,7.2088840832703385,29.092892366239756,1
2026-08-14 00:05:28.900,1.3847844504311695,38.30460273142797,21.898464778573477,44.12239057520504,9.673813344573121,66.81097731403156,0
2026-08-14 00:05:29.000,2.0674125380592145,36.74884328848563,20.86874478642322,42.26088016123826,4.675950818057699,52.200416039982365,1
2026-08-14 00:05:29.100,0.5048765373859682,37.76607138408677,22.167217084750398,43.791113951010516,8.074333239490283,50.34961868504088,0
2026-08-14 00:05:29.200,2.010786154435275,35.870946946552266,21.100804378784538,41.616929010609375,8.738353188351212,63.13273741935451,1
2026-08-14 00:05:29.300,1.6352093924406832,37.85333142357219,20.85373899476497,43.21750952940925,9.18880374969651,60.45891802757788,0
2026-08-14 00:05:29.400,1.0171913408571138,39.407635458167,19.757571992278667,44.08314171464932,8.66859198863088,40.85775747187489,0
2026-08-14 00:05:29.500,1.0698750427803048,36.4680541326133,21.55965204972663,42.36434312867952,9.547718690942085,44.60262072768607,0
2026-08-14 00:05:29.600,2.170557210883281,36.71144307554681,20.978853245210853,42.28288467185284,6.281911546825062,36.64453699928794,1
2026-08-14 00:05:29.700,1.1217972480229075,36.76956448709678,21.564892261615803,42.62681610003104,5.174591803025134,32.42657533850222,1
2026-08-14 00:05:29.800,1.0386597957616162,37.617912878243665,19.653262634475595,42.4424092329218,15.371013329751541,56.94311041898467,1
2026-08-14 00:05:29.900,1.9549258169458916,36.433213102042096,21.63361096300444,42.37206792496016,7.096205946277291,54.70621172050018,0
2026-08-14 00:05:30.000,1.6354211505143657,37.925831476040536,19.55785352723243,42.67175093362944,7.446636588036296,59.1299505382702,0
2026-08-14 00:05:30.100,1.1248297693854403,38.35975876527246,22.378103494496823,44.410028242957786,10.033520293153654,65.3792652979513,1
2026-08-14 00:05:30.200,1.5866499901618476,38.05560075571083,21.930265112662294,43.922264021674835,12.788267876582722,59.29369753910807,1
2026-08-14 00:05:30.300,1.089698926543889,35.76117283907271,21.2948211416868,41.621279296562506,6.366415649195913,60.3615137156631,0
2026-08-14 00:05:30.400,1.940328559369042,38.533090652323125,21.972929680364377,44.35773567212814,5.003554195431423,25.064464901934354,1
2026-08-14 00:05:30.500,1.9245483859492534,38.483625123871946,20.745295215640123,43.71906536350896,4.273539947625169,46.31617709690007,0
2026-08-14 00:05:30.600,1.7128024795287773,38.38475380441832,21.590655871735123,44.04027413172512,12.779318664508777,61.574917936039846,1
2026-08-14 00:05:30.700,1.6446644244988067,37.935769403181574,22.173575523483724,43.94075615766078,4.885679040616898,35.9814951655374,1
2026-08-14 00:05:30.800,2.2044752499469498,37.79145119118463,19.067325726914586,42.32914709171387,7.917332190453299,51.100056594053164,1
2026-08-14 00:05:30.900,1.49987453095529,38.611985997559636,21.189978471917925,44.044303267461125,5.068145503871093,56.23357328736208,0
2026-08-14 00:05:31.000,1.0272503498316796,39.511444809490435,21.53464348902309,44.99883488639159,3.654932246125089,55.31424192606184,0
2026-08-14 00:05:31.100,1.6797895651329227,36.64322558097587,21.40072473240782,42.43485595651971,7.122873940718942,54.4255556954996,0
2026-08-14 00:05:31.200,2.3344188198148457,38.68272616258923,22.728441921058607,44.865748355831535,5.186640000976519,57.186952628546905,1
2026-08-14 00:05:31.300,1.094096202725659,37.52671839124075,20.66864039361062,42.84212049999252,5.925114723730061,52.168926739138634,0
2026-08-14 00:05:31.400,1.3554148933224057,37.49159715967335,21.075834732264987,43.009425330327,14.018315292252211,32.44486151130784,1
2026-08-14 00:05:31.500,1.6665784152405811,36.09307424377366,20.045067739446658,41.28576932849335,9.274688312517208,56.08346642484192,0
2026-08-14 00:05:31.600,1.4784380603977043,37.353150247094035,22.79099311498418,43.7571388524117,10.794408558661967,53.41695872664493,1
2026-08-14 00:05:31.700,1.1070785678490742,36.64900942109475,21.390732513350866,42.434812701427326,10.473978688547758,32.60301858973456,1
2026-08-14 00:05:31.800,1.9487431424921884,37.190754672010975,21.242038350480787,42.82962089905773,7.697417230762926,66.55682253303885,0
2026-08-14 00:05:31.900,2.4280162888069037,36.56475744019251,21.555780148533827,42.445649299687226,6.680844921867129,56.406052396976484,1
2026-08-14 00:05:32.000,1.5784525836095629,37.2223701591114,22.111755790598902,43.29474084002572,8.74680383558335,33.435820148270494,1
2026-08-14 00:05:32.100,1.1383726841055999,37.27350291185474,21.885658684139788,43.223790617652995,8.505352309797484,40.1932980323342,0
2026-08-14 00:05:32.200,0.8804157899786099,37.78470290977068,23.731076165644804,44.61891695188564,6.2935837485040755,43.23137549904584,0
2026-08-14 00:05:32.300,1.6031903924884723,36.081532851494295,21.9809183389944,42.24970750122422,8.389543491400582,43.22283873439222,0
2026-08-14 00:05:32.400,1.941550937326503,36.25909928849405,21.25057411840836,42.02748126612915,5.881010879911123,53.516602265821305,0
2026-08-14 00:05:32.500,1.6900670985981527,38.07486642942364,21.178685905196712,43.568706548271884,7.4856262080774805,38.28377898730086,1
2026-08-14 00:05:32.600,1.4990384636324585,36.92384876407675,21.318564966754668,42.636273521429516,6.994149576447989,63.53764096546321,0
2026-08-14 00:05:32.700,1.2642913392842776,38.80415139383053,20.43630342245649,43.85663761587323,4.193382222182663,62.549641416415895,0
2026-08-14 00:05:32.800,1.0631345469127642,37.96322604806939,21.674665161625875,43.71495901685614,1.0,57.43180771519508,0
2026-08-14 00:05:32.900,1.833900530529953,38.35305319871449,22.274549114071984,44.35213893262228,5.182810250180903,50.530901304726214,0
2026-08-14 00:05:33.000,1.8655086485542343,39.165318091382716,21.162084582078506,44.51691773986869,13.412313993758904,61.24937018181845,1
2026-08-14 00:05:33.100,0.8817080853237067,37.45324968160899,21.01187225102205,42.94467006749748,7.0709546538898165,46.68862732635189,0
2026-08-14 00:05:33.200,2.1359355912722737,37.19680851045303,22.875533246556973,43.66798122970244,10.327904482689213,41.30613366340149,1
2026-08-14 00:05:33.300,1.7296284883576005,38.651332523921866,20.5265914376969,43.763757401814935,1.6266645707199254,64.28131574743689,0
2026-08-14 00:05:33.400,2.0598378580583177,38.29747822470648,20.01852409528424,43.21386519770411,4.975141796107017,53.81051308422811,1
2026-08-14 00:05:33.500,0.9631489006059539,37.608969073409234,20.755458075020417,42.95606586581903,3.936531147912949,41.7913083130233,0
2026-08-14 00:05:33.600,0.9536703378338244,39.19609207264022,20.450434289711133,44.21033698587563,7.393099969738655,44.98709159550105,0
2026-08-14 00:05:33.700,1.4404122760930813,37.600724518298094,21.99676214816648,43.56227759546042,15.26586644160573,41.162864194816784,1
2026-08-14 00:05:33.800,1.7011137707580777,37.85407718814755,21.4042185299954,43.48645456514052,9.380716829683754,74.26609830594326,0
2026-08-14 00:05:33.900,2.2185443291707854,37.850860923879765,21.52203332780823,43.54176835226351,13.08683759983426,50.049181249406296,1
2026-08-14 00:05:34.000,1.7824315655260525,36.90337910060077,22.625131138879368,43.28690273159015,7.236689816943009,51.89325573504402,0
2026-08-14 00:05:34.100,1.4029274892751866,37.92389310743938,21.154716741841575,43.42515064858198,12.094608121565216,58.654628574343285,1
2026-08-14 00:05:34.200,1.0894523169336432,39.251402617805226,22.332856993640554,45.16003885033146,14.219770120048672,35.41566820871593,1
2026-08-14 00:05:34.300,1.99200022908766,38.30794547823665,22.92684453707885,44.64458407456535,7.671892800768625,63.15856719543468,0
2026-08-14 00:05:34.400,1.114117829699714,37.90237531171314,21.358257132777602,43.505921459265835,6.382205866317905,42.70584643054576,0
2026-08-14 00:05:34.500,2.151387421908929,37.717879326602294,22.31740624910583,43.825849022965436,4.046567189029542,71.96019543338178,1
2026-08-14 00:05:34.600,1.3862461401573962,38.21884835862806,21.53933446810984,43.87052882276337,7.072819224269091,46.248095239824885,0
2026-08-14 00:05:34.700,2.13623282904714,38.64608268116463,22.4770681346779,44.707251073291964,8.245690025602373,62.451680177158224,1
2026-08-14 00:05:34.800,1.7715725160237112,38.513889606018935,20.485599115016495,43.62315283981407,14.092860852047448,20.038422594570957,1
2026-08-14 00:05:34.900,1.4452018042230166,37.581120635760946,20.431381502449483,42.775950934353894,4.115078077711741,35.89840308696836,1
2026-08-14 00:05:35.000,1.2922414512695493,38.24610181414678,21.439777960095974,43.845505846737574,8.178985681090934,46.47671409202849,0
2026-08-14 00:05:35.100,1.363636849061568,38.409594683638694,21.046653118246432,43.797928846478555,2.557075635831149,25.63060402250131,1
2026-08-14 00:05:35.200,1.671326676950095,36.930794677417175,21.349426511422585,42.6577262388911,6.719711513484296,57.21061338609685,0
2026-08-14 00:05:35.300,1.5308625984870867,38.11455492858159,21.592173366481028,43.805721636471596,8.934186072236056,53.755497505234985,0
2026-08-14 00:05:35.400,1.262475436772518,35.79335522354928,22.348806291379987,42.19755230826556,9.537749458065674,38.11006820168147,1
2026-08-14 00:05:35.500,1.4337474358729472,38.44552754212657,21.451667836530483,44.02536360964267,9.767069238925766,49.80849644162602,0
2026-08-14 00:05:35.600,1.5314308118876598,38.631671609321806,21.12370808435701,44.02972966716478,9.192212098660537,59.6777267590775,0
2026-08-14 00:05:35.700,0.6485063622340751,38.72720940299932,21.506587264920604,44.298194589931136,9.741265820288723,24.763405797560313,1
2026-08-14 00:05:35.800,1.6832672459154794,37.59295114749704,21.177482575954674,43.147604154031114,8.13721738700799,34.718131805184115,1
2026-08-14 00:05:35.900,1.1081115101132772,38.305379557144384,21.05059523162204,43.708462139756,4.856401082033085,45.97894040931987,0
2026-08-14 00:05:36.000,1.038667038717702,39.42862129011526,20.512387015882883,44.44518194280108,2.4450291089598313,50.284683519589706,0
2026-08-14 00:05:36.100,0.8250622611557158,39.42677181531909,21.863383793193567,45.08301106476495,6.35993653478835,49.29666294078148,0
2026-08-14 00:05:36.200,0.7824430008528438,37.99216419025501,21.357837568411306,43.58396225055653,7.596153700810311,60.67153742522853,0
2026-08-14 00:05:36.300,0.9578209987550843,38.16899124266488,22.590825958548933,44.35332355046324,11.76179539152644,55.726534947864764,1
2026-08-14 00:05:36.400,1.2163916169478037,39.1489174791235,20.664886926986288,44.26821988167528,7.6981949745314395,58.35961808685271,0
2026-08-14 00:05:36.500,2.2813036550106274,36.54553904158063,21.394137790067383,42.34720245329181,7.4102928973499225,33.321491206347616,1
2026-08-14 00:05:36.600,1.2896481296419184,37.73160003661952,23.28313124410493,44.337093295046316,9.156581380525338,51.737886257592564,0
2026-08-14 00:05:36.700,1.5711000425072126,39.39858095728704,21.086118687371897,44.68638028242873,7.189964037646394,46.314289889144675,0
2026-08-14 00:05:36.800,1.6601925546025316,39.046545765888794,21.65358053284552,44.64874338814111,10.431625996840815,67.54486258002521,1
2026-08-14 00:05:36.900,1.5524260744863394,38.44894372430768,20.875132781734372,43.75034219489055,13.938000855151635,52.0927476485348,1
2026-08-14 00:05:37.000,1.4690226157096025,36.58218226378089,20.774066791242124,42.069203822124734,14.572356542632102,41.97135278340765,1
2026-08-14 00:05:37.100,1.0218824945603022,38.046439158524095,23.0956584214093,44.507763037044334,8.291121881733467,60.23001531146048,0
2026-08-14 00:05:37.200,2.0803710193116847,37.514768717769066,21.999642062521122,43.4895633782032,9.010677094086343,56.75957355037577,1
2026-08-14 00:05:37.300,2.222878657455154,38.44405773928996,21.974754372473747,44.28132117713308,12.736568361120451,40.140779928314245,1
2026-08-14 00:05:37.400,0.8269365223509256,37.312006874131605,20.515759147262916,42.58030331460482,7.550113931311187,45.8181235667699,0
2026-08-14 00:05:37.500,1.0903885636454482,37.10396488640562,22.16480607931478,43.220167038377475,10.037576425772537,46.02264248469967,1
2026-08-14 00:05:37.600,1.3880758630491976,36.07315772615032,22.808751359095442,42.67917345611038,4.594519610942525,64.72953310735444,0
2026-08-14 00:05:37.700,1.1141848820359235,39.368162411264414,22.807396284435452,45.49757726423433,7.067482555175006,52.4389024865413,0
2026-08-14 00:05:37.800,1.7023862213823462,37.7549219372984,22.427482052929804,43.91384840487092,11.468343849935922,58.72138974272206,1
2026-08-14 00:05:37.900,1.2086911190373548,38.32017295489773,20.994227840640797,43.694316082506795,5.84541309863713,44.080739346439,0
2026-08-14 00:05:38.000,2.366022427122641,38.169123777174754,22.15331586994376,44.13220381932891,7.615846463810967,54.01760349367329,1
2026-08-14 00:05:38.100,1.9762194377374385,37.112262683142184,22.441885938042898,43.37001597784667,3.277371063193641,65.6403308351559,0
2026-08-14 00:05:38.200,1.585029612252886,36.928966427108236,20.477263935062734,42.2263768235058,14.017304883528912,45.66707881699223,1
2026-08-14 00:05:38.300,1.910794505327893,37.19105093501293,21.020795963420674,42.72058207218728,11.78908420945071,51.38185764605331,1
2026-08-14 00:05:38.400,1.9423601697429236,37.481532344634516,22.6333463274731,43.78508459374292,8.564298698458245,33.64032492514871,1
2026-08-14 00:05:38.500,1.2744210047767026,38.57964175293145,22.628657924888135,44.7263335996383,9.522538616246985,40.81330292107967,0
2026-08-14 00:05:38.600,1.1735131021832141,37.42565256485078,20.693955710125724,42.76586574404366,9.187694320830106,45.986685296026124,0
2026-08-14 00:05:38.700,1.531257225187859,39.97619558241976,22.573840137910423,45.90941593851759,12.152935259092358,37.26992829257935,1
2026-08-14 00:05:38.800,1.8446544497991777,39.265190709172025,22.019066523290224,45.01771309145689,6.4435998728858825,65.86368413026216,0
2026-08-14 00:05:38.900,1.5556241594613671,39.054733945398326,22.572631801125294,45.108712572794865,10.196802859784697,39.94391575710185,1
2026-08-14 00:05:39.000,0.869201407123601,38.135050215713214,21.445208412164664,43.751331623119164,11.23224949655652,59.44158310540695,1
2026-08-14 00:05:39.100,1.178870222419663,39.77732457636059,22.473973101568784,45.68714280214049,11.645977911429371,52.24203485037772,1
2026-08-14 00:05:39.200,1.4704108545622487,38.053372931972724,22.637890157444808,44.27790941632555,1.2218873485049073,50.37022338212556,0
2026-08-14 00:05:39.300,1.469733758269668,38.24845187139334,21.686760022963988,43.96884841398421,6.202176565204566,67.83396373958189,0
2026-08-14 00:05:39.400,2.2890168707159235,38.458022547750595,21.98703084173943,44.29953750908574,4.942488136094288,22.872796436869045,1
2026-08-14 00:05:39.500,0.9456048230404007,38.99820577099842,21.459012334669325,44.51234956432456,8.448764856712057,47.64554123812274,0
2026-08-14 00:05:39.600,1.70223569673435,38.941625531911804,23.304141630693994,45.382080342477586,1.951909341457183,37.035435961214695,1
2026-08-14 00:05:39.700,2.0956452433313157,37.837926896917956,21.891613753756925,43.71443085069491,1.8631313271631917,26.462955090403547,1
2026-08-14 00:05:39.800,2.408579898169118,37.78839317839034,21.255212678548034,43.356046003007776,14.51028497562878,35.663219194907704,1
2026-08-14 00:05:39.900,1.3382410307264154,38.969624577422124,21.425172241062228,44.470997799289435,9.85306816479002,50.20685042003685,0
2026-08-14 00:05:40.000,1.69657178108808,39.05329292661502,22.104250286547966,44.87491024105068,8.363027729596435,41.29583444952266,0
2026-08-14 00:05:40.100,1.7279041428794588,37.95303994035466,22.61049957652909,44.177685903795116,9.091017943516947,60.75936307790178,0
2026-08-14 00:05:40.200,1.5781926926213163,36.76753771795281,20.944173996458346,42.314421350586905,8.43902277124754,47.43384982470403,0
2026-08-14 00:05:40.300,1.4604619195042776,38.155744414076764,23.495964308404968,44.80983341381879,10.992051969654577,46.103139743348684,1
2026-08-14 00:05:40.400,1.6743901558000185,38.99492103136461,22.26977737476775,44.90597789341726,6.102667423808064,46.15662859392689,0
2026-08-14 00:05:40.500,0.48710156591212583,40.18514680141228,22.401002751371028,46.00707497459481,8.559844478220707,48.818067126445534,0
2026-08-14 00:05:40.600,1.7728277960250525,37.19010671510558,21.955087171408994,43.18714959551173,8.682263803813147,44.978257580686964,0
2026-08-14 00:05:40.700,1.5504711614647868,37.9698281470694,22.053246813820888,43.90960651781435,4.859426124624987,39.78495562923004,1
2026-08-14 00:05:40.800,1.411010041288694,38.015330560828346,21.924213963070315,43.88435388093958,11.830949177189158,61.87021860771243,1
2026-08-14 00:05:40.900,2.318744878287823,39.76887418423897,22.86207808211325,45.87197366709298,6.6629697802957715,42.51085939533265,1
2026-08-14 00:05:41.000,1.230026392483779,38.38646206680257,22.04649927039403,44.267014808834325,11.052265009426703,45.39768060384577,1
2026-08-14 00:05:41.100,1.3387696043739876,37.52241173034268,22.67148314862314,43.83979391169239,8.34473817911444,55.15286096108373,0
2026-08-14 00:05:41.200,2.2966213208818935,38.996768295090504,21.71576578861916,44.635439073085614,12.900754497227174,53.82489495388703,1
2026-08-14 00:05:41.300,1.1671754780600574,38.041769214581485,22.224357063423316,44.05789658912479,4.875862734435428,39.2787432518474,1
2026-08-14 00:05:41.400,1.2799538868253844,37.230355183718224,21.42970919885417,42.95732514313792,4.74572359546865,59.05978332932896,0
2026-08-14 00:05:41.500,1.44118983062766,37.57030387225377,23.051068893757584,44.078106926208214,5.282913226987074,56.45204407806086,0
2026-08-14 00:05:41.600,1.8362937928518197,40.20545385640628,21.41584934861491,45.55345347086414,8.399886651543122,52.135698010247054,0
2026-08-14 00:05:41.700,1.5831210029413254,38.86395584608687,21.827864419253384,44.57423840192783,12.624405187334617,44.824197793022094,1
2026-08-14 00:05:41.800,0.9829498611390949,38.595841402343694,21.840880478170895,44.34707469063336,12.779280854495752,45.1192317137431,1
2026-08-14 00:05:41.900,1.2871325747491242,38.246522333532845,21.81468853146792,44.03041115336518,1.0700941986846804,47.57843476398069,0
2026-08-14 00:05:42.000,1.2570582267151154,38.79689963391743,22.68084709063353,44.94018520158725,8.749121483667617,35.21801670646681,1
2026-08-14 00:05:42.100,1.4691115819107818,38.793321460254866,21.85452509676211,44.52574600300006,1.0,49.528778616836526,0
2026-08-14 00:05:42.200,1.6703374634519317,38.81358906491344,23.22799176645653,45.23311063372207,10.385095381355104,60.705224485363985,1
2026-08-14 00:05:42.300,1.6672823023551888,38.644600049437614,21.463072906591783,44.204848281321674,11.354508244685622,60.51645427800828,1
2026-08-14 00:05:42.400,0.7895952983806391,39.40688801991915,22.25835578492233,45.25855969496415,7.879267175923443,45.429778744682565,0
2026-08-14 00:05:42.500,1.9255763950243425,38.569528750068066,21.507225850990327,44.16072136874389,8.251944732484263,62.76899927270644,0
2026-08-14 00:05:42.600,1.6010275383986494,37.57682029096844,22.469633701937827,43.78243782476026,8.22091667882072,72.87085465435334,0
2026-08-14 00:05:42.700,2.0538128190375624,37.950670958073964,22.125096527803482,43.92918531605862,5.6466742437762605,46.20550957684607,1
2026-08-14 00:05:42.800,1.6776793309162688,36.592409877938856,22.01880750709836,42.70635016844366,9.29511735596444,58.29817647718602,0
2026-08-14 00:05:42.900,1.9405291830943048,40.6065804099247,23.098637949532208,46.7166078360924,7.305775995040229,22.84628044771049,1
2026-08-14 00:05:43.000,1.686618124580051,39.45085260828874,21.629385312957552,44.99111112805846,10.790875127868855,34.902239261816106,1
2026-08-14 00:05:43.100,2.038490302481099,37.76636224366056,22.627071769368282,44.025929791153,7.659119196442311,51.09345235200224,1
2026-08-14 00:05:43.200,1.7089002544071115,38.32292261184644,21.547692546606292,43.96532101095866,5.4169306805352235,37.91920324977934,1
2026-08-14 00:05:43.300,1.4608339014228384,37.97622570949085,22.258009470346668,44.01832237512279,3.3924059874034693,74.47042453666938,0
2026-08-14 00:05:43.400,2.408973888178753,40.16398411752513,21.21640188111186,45.423356645823276,2.407805524832863,57.17455624755864,1
2026-08-14 00:05:43.500,1.8556148489119568,37.209894464333836,21.647849260117468,43.04887482426957,11.937528031863305,61.58997976229757,1
2026-08-14 00:05:43.600,1.7294977684017652,38.75258240987729,22.11714937417681,44.61984916910837,6.626631941422943,49.65168312607295,0
2026-08-14 00:05:43.700,0.9894782333846656,38.5379132309474,23.639583977965817,45.21062581791286,9.015722570244947,37.96150376163617,1
2026-08-14 00:05:43.800,0.9846769530145849,39.4816144266751,22.273508573947417,45.33108273503235,13.349689675233556,43.774276613901435,1
2026-08-14 00:05:43.900,1.6170861928567413,38.55910129069504,23.521600963745207,45.16713411590046,6.3115870061063255,53.05256575551632,0
2026-08-14 00:05:44.000,1.5582084791072963,36.91323636421804,22.379125777876823,43.16725946203511,6.117567546856539,42.345015939091866,0
2026-08-14 00:05:44.100,1.2543509739966736,38.42866212868478,21.898200582416383,44.23000408940014,7.603514742934029,58.054303900726396,0
2026-08-14 00:05:44.200,1.556393079844824,37.71595246783763,23.44435402954913,44.40867940413253,8.088298101259978,58.53697963045566,0
2026-08-14 00:05:44.300,2.1354507712174384,38.77602895479126,22.567483742599556,44.865039217360604,13.66265405076754,50.05977564727506,1
2026-08-14 00:05:44.400,1.7781609898201194,40.13896116720877,21.708693203306897,45.633360211340964,12.697461782282339,28.092378955796008,1
2026-08-14 00:05:44.500,1.0435965960989046,36.97369360890991,22.604328479405552,43.33600910432813,9.862626247720241,70.57741920399151,0
2026-08-14 00:05:44.600,1.4553964691428225,37.921230840196024,21.998796345431472,43.840241663147836,12.348241306990605,47.44792571972579,1
2026-08-14 00:05:44.700,1.1780134076589757,38.17709534426617,20.64664562189277,43.40247209965365,7.465342962296432,82.51131978165243,0
2026-08-14 00:05:44.800,1.3449200334365754,38.356491925090204,22.991652339714545,44.719532087330826,8.897493701565436,57.83042835622634,0
2026-08-14 00:05:44.900,1.3345537337481428,39.486583407062405,23.12382189028784,45.75916747468917,7.095459066383915,47.48053907921532,0
2026-08-14 00:05:45.000,1.308941766958398,38.58124804784951,23.72322910324036,45.29132698447377,4.128894852261082,55.37386251797605,0
2026-08-14 00:05:45.100,0.997945851210642,39.17892991358509,22.595591266474997,45.227749157516264,11.611624225380785,25.768573795056657,1
2026-08-14 00:05:45.200,1.448938127392724,38.1456888665866,22.06389840692501,44.067098747450316,9.595096201969582,62.3137088388316,0
2026-08-14 00:05:45.300,1.275756945261076,39.00972097819006,22.935869521566147,45.25276170032663,8.054220420270992,80.80329485035371,0
2026-08-14 00:05:45.400,0.32822052399909274,39.565928986103586,22.952735105390648,45.741565182573545,7.992596452063474,24.929198313879454,1
2026-08-14 00:05:45.500,2.321188809800665,38.064166527942525,23.588504593116905,44.780557415092964,3.481355387280475,46.55109188209151,1
2026-08-14 00:05:45.600,1.9355078616866688,39.58615891993986,22.24717838162686,45.409260332873295,5.067574000541853,48.73594252650169,0
2026-08-14 00:05:45.700,1.3494797100300016,38.86550829131466,22.155418135498184,44.736900736427984,9.008459510342075,60.50274354995677,0
2026-08-14 00:05:45.800,1.5075276198962393,39.86693048552309,21.72044661121768,45.39988928762149,6.412661998176483,75.27170808998645,0
2026-08-14 00:05:45.900,1.0313382610729753,38.62838506741761,22.727852649876912,44.81860572341814,7.346860876347529,54.59458547114678,0
2026-08-14 00:05:46.000,2.1782891511243463,39.21938434511042,21.064274479384327,44.5181285293119,7.6860318056626955,75.70150189058633,1
2026-08-14 00:05:46.100,2.2589154779092446,38.80586818072353,22.928754545731294,45.07353092756417,5.952593692948668,52.045189722615945,1
2026-08-14 00:05:46.200,1.5626774912986099,38.758596872815225,22.783153578406118,44.95888030775057,5.096245039927849,55.41708582555476,0
2026-08-14 00:05:46.300,1.909412257674138,39.12207428553524,22.785942476352428,45.27400877919449,3.1629271072238794,53.938826793923056,0
2026-08-14 00:05:46.400,1.5701147115735696,39.408286048988195,22.433467337059447,45.34615161269797,7.560445162965379,64.64359739606104,0
2026-08-14 00:05:46.500,0.9653098244496278,37.630248390293026,23.55427057935509,44.39413538341099,9.855825642830851,44.93214730267756,0
2026-08-14 00:05:46.600,1.335270652414537,40.321781633488655,23.030483587143955,46.43543095909039,3.069097573340149,59.81944110513811,0
2026-08-14 00:05:46.700,1.5527711867087828,37.036819706574725,21.852227895174156,43.00285895100405,7.9278565247005215,35.23044072492287,1
2026-08-14 00:05:46.800,1.3181809125026223,38.22000535983937,21.871547241988843,44.03559229151686,8.843429758074683,46.58595074418309,0
2026-08-14 00:05:46.900,1.4125386890259857,38.8188831212671,21.644152264487495,44.4451911237978,5.031258788812566,42.3590765247343,0
2026-08-14 00:05:47.000,1.4634401769963543,39.33384288357169,22.79391881491192,45.4611254912403,12.266425434644265,51.05553870341531,1
2026-08-14 00:05:47.100,1.4676486008538154,40.505994164680864,21.55778184517173,45.885439099491855,6.842853892884776,46.20704300715462,0
2026-08-14 00:05:47.200,1.5209033961989933,37.07986487116813,23.22960753050262,43.755354471027566,7.696220934630467,63.5856043094837,0
2026-08-14 00:05:47.300,1.0757579734413596,38.43879695345726,23.42627329578462,45.014790810997965,7.516191498206064,39.45598285794029,1
2026-08-14 00:05:47.400,1.2131935403488254,36.827992316501444,21.66968246742007,42.73027212999119,2.687676732226832,29.22420877026785,1
2026-08-14 00:05:47.500,0.9861662937200123,38.994782500664705,22.229457488378394,44.88587575732224,11.026256215052133,33.71259416346131,1
2026-08-14 00:05:47.600,1.8911262198744803,39.243178833708235,22.396193934614853,45.184251545547205,5.1334436947422875,61.93001655561583,0
2026-08-14 00:05:47.700,0.6577412232638702,40.570625713833195,23.0950845113729,46.68360096864208,7.290438453782791,38.36531188020534,1
2026-08-14 00:05:47.800,1.9614361373267701,39.108799455009134,23.680373516957314,45.71934256651922,9.792983003833987,54.7741329862485,0
2026-08-14 00:05:47.900,2.0545397589051375,40.0405245460118,21.049505735646793,45.23632718993443,12.382710278433603,46.46254996102304,1
2026-08-14 00:05:48.000,1.3791277652069514,39.588671220562226,22.148355909392556,45.36311892384491,4.760203154309482,59.89092865703906,0
2026-08-14 00:05:48.100,0.45874516486908057,38.57792066447175,22.195087960437874,44.50705441124868,6.660549243216718,47.230811538600676,0
2026-08-14 00:05:48.200,1.3554757752130837,37.61254283713861,21.292366266449157,43.22115500423617,12.14725589002146,83.17218219340563,1
2026-08-14 00:05:48.300,1.4743263354844722,39.3048406046762,22.02981496838739,45.0575547772001,9.39114163782634,72.77740418982205,0
2026-08-14 00:05:48.400,1.0957607120284347,37.546071011692774,22.765118972783373,43.90851956352045,10.013514077154825,46.21747783513169,1
2026-08-14 00:05:48.500,1.293912642476703,40.341714823961524,22.204961528503485,46.04904202499935,4.846604792671497,44.57438493086017,0
2026-08-14 00:05:48.600,2.1120780795453404,38.8927803717088,21.197208549361445,44.29413070968996,6.862371410220326,87.58791380970155,1
2026-08-14 00:05:48.700,1.7659708649206964,40.25835460771078,24.73717247612755,47.25106155245478,7.496493702858707,37.05378846405692,1
2026-08-14 00:05:48.800,1.13017435424876,38.5912974845207,22.65584944335521,44.75014810633315,5.426315727971078,49.33971742497981,0
2026-08-14 00:05:48.900,0.8609603321618271,39.34869742750784,22.537263288749454,45.34587330494337,2.976291122978279,50.26938703646513,0
2026-08-14 00:05:49.000,1.3691930729560915,39.29753022089528,21.57456772768272,44.83032293100895,6.468504323709213,49.97194522622511,0
2026-08-14 00:05:49.100,1.4146172882598247,39.05147196800341,22.66647458118562,45.15292385668164,12.06286459875329,29.13545935363368,1
2026-08-14 00:05:49.200,1.6984796749453266,38.67219129507148,22.33153945784765,44.65686995435315,8.177520396681489,55.959228916111286,0
2026-08-14 00:05:49.300,1.2858733149729364,39.50564154939234,20.957092588380767,44.720190562955324,12.12287274072013,38.3557989032922,1
2026-08-14 00:05:49.400,1.7045998301447445,38.19535698989235,21.616707800013803,43.8881231279773,8.537062742688558,67.23186949002886,0
2026-08-14 00:05:49.500,2.274061616024092,37.92041964687024,23.11385379963674,44.40955374314996,5.705876811236113,32.52841949078454,1
2026-08-14 00:05:49.600,1.826200408977705,40.38101659160987,24.038127938970185,46.9942347079104,11.832857039695165,50.71359112850571,1
2026-08-14 00:05:49.700,1.480764597067691,39.87369240962888,22.781646976476512,45.922922221244775,8.636978422003697,23.40655223657734,1
2026-08-14 00:05:49.800,1.426739811578682,39.22075075179277,23.375382108549015,45.6582498378434,10.885516497282191,24.147395523911314,1
2026-08-14 00:05:49.900,1.3573307463280515,40.82833624818806,22.373312072519997,46.55661213930279,4.7950154866382855,39.927776500488406,1
2026-08-14 00:05:50.000,1.9722563649808578,38.90376306937317,22.433680224314326,44.90849351030065,11.116268868843509,41.621479011955664,1
2026-08-14 00:05:50.100,1.2490746216194788,40.50256653054073,23.380701208426625,46.766602234485674,11.206667826632597,67.58871695587322,1
2026-08-14 00:05:50.200,1.518089083599993,39.36377211793132,23.843140651146875,46.02175476296835,8.869301433069607,49.512897964857224,0
2026-08-14 00:05:50.300,1.5204791607524342,38.17178200538285,23.558797008048046,44.856458374830304,5.579233742570652,65.50888281093864,0
2026-08-14 00:05:50.400,1.2992863228753873,41.05290766968383,21.66983002643994,46.42114562901678,7.861973513862164,45.442560863879876,0
2026-08-14 00:05:50.500,0.9510137808463597,40.203913046990806,22.474354207967842,46.05921429372411,9.833873441714733,57.27302219456398,0
2026-08-14 00:05:50.600,1.6291898014470672,39.1005158918109,22.75494190127332,45.239780325904334,8.703710059809602,41.29429619697319,0
2026-08-14 00:05:50.700,1.4755984112578466,39.957042904808155,22.330180616358504,45.77337920730643,9.803248214323293,40.478323170816786,0
2026-08-14 00:05:50.800,1.700096187774628,38.83450293373005,22.85320985536925,45.059824886515415,11.036737722958716,28.149798332985263,1
2026-08-14 00:05:50.900,1.2865598774243332,40.07569012524124,23.204386103444175,46.30879477434142,6.0546600398842365,54.0290479262153,0
2026-08-14 00:05:51.000,1.9883285195252192,36.86379724735147,23.355173289145377,43.639473723451886,4.534773137119583,53.145000976401796,0
2026-08-14 00:05:51.100,1.149290487515262,38.243409201394584,23.90662244283073,45.10083085675218,7.887383595883274,59.327754647430226,0
2026-08-14 00:05:51.200,2.184816113607157,40.25080500182989,22.299374270745886,46.015099653941185,7.010770523390397,52.579019445696744,1
2026-08-14 00:05:51.300,0.8009453960686953,39.03022444177775,21.47670145612655,44.548929565267144,10.357539239468451,74.3143517263276,1
2026-08-14 00:05:51.400,1.6739080258227566,39.49575699733914,22.85951649668181,45.634113503550516,4.776504831023576,52.112331640130115,0
2026-08-14 00:05:51.500,1.6901722730106494,37.949763762788706,24.08497847989033,44.947422151089505,11.061145622533038,61.90192057205745,1
2026-08-14 00:05:51.600,1.181777172823647,41.152751143059994,22.20134980045149,46.75947882092606,12.060836328640297,46.11069100401077,1
2026-08-14 00:05:51.700,1.6697575751444051,40.50374851352931,23.137408903537956,46.6464718324628,8.00091489278687,39.09835958838333,1
2026-08-14 00:05:51.800,2.0118074679040636,39.12086837389005,23.149528789337342,45.457045938947566,8.182208376743914,58.61234204223963,1
2026-08-14 00:05:51.900,0.6132724642583742,38.925192457855786,22.75108662670716,45.08638985965772,5.697360496309541,48.93022414615591,0
2026-08-14 00:05:52.000,1.701097922996326,40.36782739859255,22.60847359913869,46.26774867405492,6.372017303077801,59.98451655115545,0
2026-08-14 00:05:52.100,0.5026916718679689,41.32902820979553,21.86919129119885,46.758422775978254,6.774989958062949,54.23523850213617,0
2026-08-14 00:05:52.200,1.1137340785907168,40.3086527378917,20.787605831311748,45.353192189105386,12.328820203513793,40.48384007851813,1
2026-08-14 00:05:52.300,2.151666545960378,41.53502987193069,21.72845575738923,46.87520129090643,7.784387642567678,62.89205453212434,1
2026-08-14 00:05:52.400,1.2672871866431783,38.449210597925905,22.31069383690334,44.45344593040785,4.033481130079974,39.54572055458399,1
2026-08-14 00:05:52.500,1.030448014236411,38.560509818942776,23.50587613960311,45.16014980696084,8.766063026336012,57.503915159546054,0
2026-08-14 00:05:52.600,1.4208249084061273,38.199290253841966,22.55043637325609,44.358854319307405,10.478870373866828,65.37933333831023,1
2026-08-14 00:05:52.700,2.327162535265421,39.838326743998536,22.222719081474917,45.61733794442348,7.923765892035215,45.38486193901811,1
2026-08-14 00:05:52.800,0.7673271011175895,39.580504366607165,21.930152136518938,45.24983865878281,12.407640319180969,63.87193344406778,1
2026-08-14 00:05:52.900,1.0794760353442623,39.26128441578455,23.17338598636151,45.590067690781325,10.332526001797694,54.77140200863831,1
2026-08-14 00:05:53.000,2.0989726732718506,40.23082888983358,23.739627890170656,46.71284112026196,4.85261381033644,60.22332534075516,1
2026-08-14 00:05:53.100,2.243080937415093,40.66223358937869,23.508691567992383,46.96888139732724,6.345701562810794,39.958931706768965,1
2026-08-14 00:05:53.200,1.4586275102838864,37.91257729733092,23.147863583777436,44.42057075071482,8.678678844273827,52.57160278464497,0
2026-08-14 00:05:53.300,1.004378918989343,38.84960240117039,21.487454460336558,44.39597173071067,3.0014322859201785,33.103024279705956,1
2026-08-14 00:05:53.400,2.3383374007236637,40.27505274564831,22.391606096640135,46.08105790074534,9.009070212411844,70.53560618372556,1
2026-08-14 00:05:53.500,2.1377769566996787,38.99550519012041,24.23578970749914,45.913210819750226,2.715252718236055,25.832020140985918,1
2026-08-14 00:05:53.600,1.7715787951048931,38.67337252007458,23.580507551391825,45.29536486725443,11.07030036669353,45.7429781644538,1
2026-08-14 00:05:53.700,1.175039060425032,40.49845074653687,21.45794541674411,45.83195320273446,10.721821054375125,38.819496869604535,1
2026-08-14 00:05:53.800,1.4803882636647854,38.19874797161624,22.64847640624472,44.408308120477635,9.514344082745213,58.096404982426854,0
2026-08-14 00:05:53.900,1.4358559675820677,39.19500295600286,22.98842840440521,45.43914718858109,5.972364906943065,73.08735135115901,0
2026-08-14 00:05:54.000,1.632340521846231,39.83356151205251,22.09322372132765,45.550226751741924,8.510608473840616,57.85898118425031,0
2026-08-14 00:05:54.100,2.0804005752525345,38.939432294791324,20.860588108093793,44.17514599473534,6.459867537456053,85.5354043634162,1
2026-08-14 00:05:54.200,1.8517668164549612,40.30474258716836,22.79201139470626,46.30278672428176,4.907554167649801,33.46471788129392,1
2026-08-14 00:05:54.300,1.0690495692060966,38.96104467841156,22.08774638606901,44.78651072419559,6.9837709646857675,34.38579040965722,1
2026-08-14 00:05:54.400,2.050598580007815,40.946875869508595,22.09588043436986,46.52821268480999,10.094796609476287,39.2826292206152,1
2026-08-14 00:05:54.500,1.6252528560052621,39.42084480102064,22.444210371165244,45.3623807136627,8.131442578495284,51.45493634355087,0
2026-08-14 00:05:54.600,1.7748263183435666,40.22619595767551,22.626014760858247,46.15282640514972,12.35212977240327,37.676931496601,1
2026-08-14 00:05:54.700,2.0866163437114413,40.30928449640672,22.73069009077779,46.276588990711474,10.297341618440825,40.98004694833969,1
2026-08-14 00:05:54.800,1.0553679001945795,38.94405526313358,22.03576524038899,44.74611033450324,9.976072441716855,57.44580228712746,0
2026-08-14 00:05:54.900,1.4856697685174147,37.5264434396755,22.571790369291573,43.79177637075719,3.173220351663188,35.129937402634184,1
2026-08-14 00:05:55.000,1.287418179456314,39.94902046544896,21.347020130148877,45.29480659618541,7.144524409534165,36.40164784435878,1
2026-08-14 00:05:55.100,0.8728562298538176,39.66888778036374,23.006790912237786,45.857748372663465,4.806882768697401,45.21753496411914,0
2026-08-14 00:05:55.200,1.638683991041968,40.16076018326774,20.477940162742645,45.080291611820925,7.450991361128287,46.34668314992815,0
2026-08-14 00:05:55.300,2.5046226206337696,39.386741405763516,22.53636926254092,45.37844574356955,5.92017162823053,62.12018860665579,1
2026-08-14 00:05:55.400,0.7639689021976989,39.19117590179938,23.50831108330162,45.70108268471396,6.867185140826184,39.19232302426255,1
2026-08-14 00:05:55.500,1.4870877555802118,41.63841133403554,21.930490444012445,47.06063864353373,11.183488197121552,41.35664019054923,1
2026-08-14 00:05:55.600,1.7562171740299095,38.165918983996804,23.356107990230473,44.745336654720965,9.425749787017502,56.98004139534808,0
2026-08-14 00:05:55.700,1.5492312806624724,40.38055824632556,23.71255083047351,46.82813845512846,11.021343286944905,59.61673188540059,1
2026-08-14 00:05:55.800,1.454748778993704,39.080340632231675,20.14664553225113,43.967719410192664,3.197950672952043,67.14469360551905,0
2026-08-14 00:05:55.900,0.9803134546216703,39.32749859512838,22.676876004860695,45.39705773604333,8.173924089846992,55.62944425837705,0
2026-08-14 00:05:56.000,1.5931146971760655,39.35450910274859,20.50234841909091,44.374809040897524,10.900114944189802,51.56436871954192,1
2026-08-14 00:05:56.100,1.1972944091936295,38.87651238360503,22.71340123820902,45.02534631649678,12.518887744661466,56.90046088095385,1
2026-08-14 00:05:56.200,0.6240313180085786,40.259505590466276,22.807231859352964,46.27091543804888,3.355734830922521,46.791046329337426,0
2026-08-14 00:05:56.300,1.9778368882054922,41.08725969863374,20.8319344728816,46.06660833429573,6.94554909151649,46.702788867494256,0
2026-08-14 00:05:56.400,1.883354327936817,40.17496448638418,24.362841184746408,46.98484651539692,11.102680022014288,28.710676252654956,1
2026-08-14 00:05:56.500,1.520664390740432,39.816667543803355,23.05678397466246,46.01067595187029,7.423165061565664,60.720991480272005,0
2026-08-14 00:05:56.600,1.591629875282281,38.73517977094576,22.153753416361376,44.62289706328388,5.268746977490829,52.53750734062096,0
2026-08-14 00:05:56.700,1.9297272050862246,40.2467802583232,24.010276537498065,46.864663666443654,3.3500024645119773,59.324471196419665,0
2026-08-14 00:05:56.800,1.589735862711233,41.894639346681785,21.40648325245764,47.04676748966168,5.153895396010499,16.21027406627247,1
2026-08-14 00:05:56.900,1.8616070219045258,39.36592981361114,21.864637835629086,45.03042102593958,2.933294994308813,49.43477950527745,0
2026-08-14 00:05:57.000,1.3810071196504599,39.37897558050811,21.01341107698007,44.6348200720066,8.175381370502077,39.72942192346841,1
2026-08-14 00:05:57.100,2.0247934954295785,39.20220475133272,24.2988124866197,46.12206788106231,10.68893055733598,68.0163500578428,1
2026-08-14 00:05:57.200,1.6283142903730736,39.28221437027304,23.128854260038082,45.58548305342576,4.2170757232741884,57.370602985805945,0
2026-08-14 00:05:57.300,1.5776207774423496,37.034663773548814,23.39549942821152,43.805430192103515,8.773189223633159,52.81082492972672,0
2026-08-14 00:05:57.400,0.9919755645151872,40.193333435530654,23.113779816939747,46.3654059626972,10.535813088337601,44.81680436790771,1
2026-08-14 00:05:57.500,1.6147823417206835,38.95108059577407,23.33699387219288,45.407069521928584,7.991875019454951,54.76649972157976,0
2026-08-14 00:05:57.600,1.1672180330022195,38.19470437579063,22.94544266786625,44.5570284195252,3.1679171152482635,38.86177244746275,1
2026-08-14 00:05:57.700,1.2446869093886024,40.56649216676872,23.104718404387658,46.68477588317799,9.15863466398751,48.80329582777081,0
2026-08-14 00:05:57.800,1.1738497486735515,38.73961915444798,22.97906491267231,45.04215266272784,7.836059165706589,43.05963935615096,0
2026-08-14 00:05:57.900,1.07350602724031,39.491302608059904,22.411109552710773,45.40727709371002,7.530486054197434,77.1978758597803,0
2026-08-14 00:05:58.000,2.3499085612067847,41.30474877558598,22.865684018466705,47.21145811184648,6.359488262718606,67.63937307429009,1
2026-08-14 00:05:58.100,2.0325356247953614,38.437425308826626,23.126860322720027,44.858525753286045,8.260362278822123,62.756569807793966,1
2026-08-14 00:05:58.200,2.2681470008577045,38.32237759470711,23.001424793224636,44.69530363505408,9.529453725340879,32.11626773415011,1
2026-08-14 00:05:58.300,1.0108419921777745,40.13261674132096,21.73576864485252,45.64066788608937,15.171944403007547,60.36988534740864,1
2026-08-14 00:05:58.400,1.528501499964357,41.02113263822274,21.846997829640692,46.47606520663069,8.336996205161615,52.25200010170325,0
2026-08-14 00:05:58.500,0.9825969499183617,38.30563827893415,23.794261145132783,45.09422121956782,12.533423480038019,64.68152167419375,1
2026-08-14 00:05:58.600,1.2217220491211744,40.296004455957025,22.687393594765194,46.243765020144075,9.07326525028063,53.86874114152327,0
2026-08-14 00:05:58.700,1.13274920663337,40.47764898153529,23.40576994257291,46.75756766211256,7.70141501705674,49.919388007540356,0
2026-08-14 00:05:58.800,1.9958336025766246,37.845823680335016,22.069294570638487,43.81050254092756,8.445642583133877,52.805411556038706,0
2026-08-14 00:05:58.900,1.341508128759296,40.7118202243883,21.769474630571423,46.16667988575749,4.334790890922472,28.332400500529463,1
2026-08-14 00:05:59.000,1.9273517334776065,40.798259488777,22.278114875335522,46.48453914703499,8.917580812256112,40.79116073398643,0
2026-08-14 00:05:59.100,1.7416483558354072,39.61820275813253,22.779940942216008,45.7004124611075,2.0238048055358826,54.48002646443926,0
2026-08-14 00:05:59.200,2.4214555008419154,41.19066941614031,22.430881592877856,46.902192869667225,5.412000926334405,63.67266030087899,1
2026-08-14 00:05:59.300,0.9082223107441104,41.08311335062089,24.0031414842622,47.58122532778526,8.329529279401433,43.39408260425458,0
2026-08-14 00:05:59.400,2.0036932959147196,40.058110424466996,23.116614140479847,46.249649297033855,11.581946819536533,49.51031744163279,1
2026-08-14 00:05:59.500,1.9585763481602911,39.51188183087859,24.457147227571607,46.46870835657504,12.291873190995183,30.788090663895318,1
2026-08-14 00:05:59.600,1.110648464789186,38.99883405107432,23.3065236894515,45.43240147549101,7.290360261077196,67.51172976024512,0
2026-08-14 00:05:59.700,1.9028533345892638,39.942433156744826,21.057957345330763,45.15346646757919,8.467151958591323,63.36490078679745,0
2026-08-14 00:05:59.800,1.6344579852104915,40.55809030826894,23.8378321183057,47.04466951264751,10.953087408746084,57.82523142280638,1
2026-08-14 00:05:59.900,1.4090094960186368,39.67248924997786,21.79035836863514,45.26285586574444,4.011519283421244,54.881674251570686,0
2026-08-14 00:06:00.000,1.1704258052112002,37.80749982821021,23.18742743385242,44.35159336777301,9.214242515946511,68.63058878176156,0
2026-08-14 00:06:00.100,1.2123562194203257,41.282049450502555,22.388254087424517,46.96212865615036,5.516321397902573,40.3398681042234,0
2026-08-14 00:06:00.200,2.3199248383143702,40.211893500224626,24.727170994599188,47.20624285271552,7.484524865969844,39.042061324080095,1
2026-08-14 00:06:00.300,1.500273127582993,39.65038050415664,24.169681342444193,46.43625921970567,6.622930248517054,62.738237435077146,0
2026-08-14 00:06:00.400,1.8128520006125837,40.895498111710495,22.429547320610922,46.642538082874964,9.306074381144443,61.931760580497496,0
2026-08-14 00:06:00.500,1.1836402473329788,41.571313042223714,22.926118532947683,47.474003191655605,9.65091102202727,35.678052966930174,1
2026-08-14 00:06:00.600,1.1880588215113446,37.25309759870681,23.228683956636193,43.90176578517159,10.673236032192191,43.623681421077606,1
2026-08-14 00:06:00.700,1.932793923699977,40.49760754057051,23.728737591638357,46.93729012419555,9.044596485393345,70.26911757292868,0
2026-08-14 00:06:00.800,0.9601695153793871,38.64502940229183,23.06632869772132,45.00548652214886,8.51496130990669,54.940007938590846,0
2026-08-14 00:06:00.900,1.3339144928378914,40.57912384235486,22.228092081828862,46.26827605834732,13.562071401315805,59.44593821621807,1
2026-08-14 00:06:01.000,1.5136109644288929,40.21627526038424,22.47896192344576,46.07225330906573,3.4269227894084686,36.09144148964772,1
2026-08-14 00:06:01.100,1.544549040736021,40.73240930690396,23.054424231176615,46.80422678109553,13.086829580387718,57.87973429444614,1
2026-08-14 00:06:01.200,1.4283626859935374,39.60576988842249,24.050576084762046,46.33624087540553,7.13053427339481,32.965501450749436,1
2026-08-14 00:06:01.300,1.6583279124383692,38.24011211355174,23.41028162365137,44.83689842256794,9.712674759104916,26.24214361279178,1
2026-08-14 00:06:01.400,1.7771423023271247,39.67131875656797,22.454280227402773,45.585175577329444,7.023020958219197,58.72188752217042,0
2026-08-14 00:06:01.500,1.793855018183732,40.536869305418165,23.59671122433486,46.90461121989185,5.892375111345122,67.21334203561386,0
2026-08-14 00:06:01.600,1.1056784765328693,41.15374872140735,22.773425964536745,47.034667682327395,9.453731578382685,46.954567091009984,0
2026-08-14 00:06:01.700,1.3863379608284812,38.974859814713334,23.80034107326099,45.66723040408856,11.126384925843329,43.4413918177465,1
2026-08-14 00:06:01.800,1.9779051447507752,41.18208626451262,25.114623837246647,48.23596748883717,9.419023864902215,70.53018387495645,0
2026-08-14 00:06:01.900,1.857858875029549,39.51548827044682,22.81095523930117,45.62689439553411,6.373652639951353,47.66259957062471,0
2026-08-14 00:06:02.000,0.9508562194075744,40.53414516414162,23.744301297309352,46.97668324057278,18.83405018844701,49.21077531731289,1
2026-08-14 00:06:02.100,1.6405919601408807,39.6701360521352,22.511703337370317,45.61245971820295,11.595721012598757,70.32748671728402,1
2026-08-14 00:06:02.200,0.7087099002500759,40.37053535516667,23.02320782271971,46.47416726861176,10.800026912621759,45.75698224366148,1
2026-08-14 00:06:02.300,1.518773960824148,41.08857708447859,23.141669499442674,47.157269153849164,6.941107307773388,42.15166868786161,0
2026-08-14 00:06:02.400,2.259106806698391,38.978020095073525,22.968073575381734,45.24177775348913,6.124502635132882,59.78609868964505,1
2026-08-14 00:06:02.500,1.1208429130924054,39.53346299806897,25.0984322879095,46.82762005409272,7.160482772471182,41.45772614745061,0
2026-08-14 00:06:02.600,1.166270781803367,40.406666204611625,22.88774771061902,46.43864413433977,11.24421963317745,48.26478154253382,1
2026-08-14 00:06:02.700,1.805611912629144,42.63162200075363,23.607504234861867,48.73160627984842,5.028186988772516,34.17009677945361,1
2026-08-14 00:06:02.800,0.8828793939161416,39.3751833500102,21.59895434184747,44.91013129025712,4.7953885056370495,52.22476506051815,0
2026-08-14 00:06:02.900,1.2468979880459843,42.28684167062769,23.493621921474155,48.37486175138804,9.618642600083055,50.81716984643712,0
2026-08-14 00:06:03.000,1.738576455032701,42.25946581075968,24.066669178132507,48.63195467941258,8.95758933392636,61.61624329667772,0
2026-08-14 00:06:03.100,1.2462856609242388,40.16606607883666,22.735948463659714,46.15448208778497,5.689059386327313,60.28707843994077,0
2026-08-14 00:06:03.200,1.4056120051156114,39.9735594257921,21.154849458362868,45.22624358459729,4.726389264754326,56.618216101634985,0
2026-08-14 00:06:03.300,1.7976742841260138,39.58798147578105,23.137106589605583,45.853396588099706,12.313690980105296,54.731068313372155,1
2026-08-14 00:06:03.400,1.6686184334146246,40.22017886656681,23.186775918448113,46.42509413615607,9.071013275898686,49.120950634971905,0
2026-08-14 00:06:03.500,1.6067273585181607,38.889996686793666,23.757289712207378,45.57236724999675,3.9093924088159024,57.314671627949636,0
2026-08-14 00:06:03.600,1.3643510882919845,40.228811824486364,24.79175293341493,47.25450575682092,4.119123391753118,36.652013915972155,1
2026-08-14 00:06:03.700,1.6480244461075821,41.81026583811156,22.883988418076182,47.663143574172736,6.915464082648592,21.81240713774829,1
2026-08-14 00:06:03.800,1.4505069279600973,39.710635224237734,22.50800167310045,45.645861687876625,10.1985254209929,63.94301205455472,1
2026-08-14 00:06:03.900,1.683122243970314,40.089330705179144,22.26449876440376,45.85697702225209,9.785026406324839,58.08992554697497,0
2026-08-14 00:06:04.000,1.3012271899528087,38.63724925735469,23.361496732598443,45.150820144955986,11.395035611003653,48.47616278864102,1
2026-08-14 00:06:04.100,1.4269724102481836,40.72078654220672,23.591518079500208,47.0610473949672,3.528950577617607,62.89470330135183,0
2026-08-14 00:06:04.200,1.1040168829791943,40.6195408614808,22.776511190427584,46.5694810128391,8.67154006933897,41.22203099664167,0
2026-08-14 00:06:04.300,1.4859969559975057,40.42709625874893,23.840982535970532,46.93338428234857,12.277730996964083,41.534089615002195,1
2026-08-14 00:06:04.400,1.1755996545484622,40.15490157121476,23.595344434317486,46.57420315118684,11.998405191428297,39.87034731566999,1
2026-08-14 00:06:04.500,1.0543814199352026,40.08730542511819,23.262623358050302,46.348049600228244,9.076729944238057,56.811463701390615,0
2026-08-14 00:06:04.600,1.6034644591421552,40.89029830004506,22.511107063211334,46.67725823436967,15.044055525961628,31.004503073422967,1
2026-08-14 00:06:04.700,1.5850959103430642,40.36791618720951,22.8525482208911,46.38758042284297,9.82785534924758,40.796460718615506,0
2026-08-14 00:06:04.800,1.813149493979429,40.7200393828072,21.29923626860509,45.95409745564841,11.12823989852403,53.47658027883362,1
2026-08-14 00:06:04.900,1.3275497721699603,40.62838505116016,23.436670991581796,46.90355230718656,8.13334375632652,35.550187088928666,1
2026-08-14 00:06:05.000,1.6632211387347022,41.545164243255115,23.27411520469356,47.620217456038475,5.657074121467138,42.076275132065774,0
2026-08-14 00:06:05.100,1.7203190289094654,41.107065775988154,23.408826200039453,47.30501031365568,5.374372397663762,23.461189074625235,1
2026-08-14 00:06:05.200,1.677909523132638,40.63126824421703,23.666499053091755,47.02130513462501,8.54484564438326,57.26967979281845,0
2026-08-14 00:06:05.300,1.1697385268791431,41.965163154172764,23.576701863258133,48.13455919924165,7.365493979449379,41.745977679892654,0
2026-08-14 00:06:05.400,1.5597453929084755,40.875344375030885,23.18473896306777,46.99282816093283,2.694242990259556,36.80862499830615,1
2026-08-14 00:06:05.500,1.6456561184218645,41.768373257218485,23.316980775587044,47.83595506565558,4.922619245222776,34.4597272884971,1
2026-08-14 00:06:05.600,1.5028713867631769,41.07868789926845,22.159594041172152,46.674470619333825,7.044789277837721,44.98143785353881,0
2026-08-14 00:06:05.700,0.6654089366515661,38.63816093440401,22.821071491449793,44.8743666742024,10.181838127811478,31.038132957302725,1
2026-08-14 00:06:05.800,1.564195849589392,41.79324949910862,23.33342568442035,47.865691866566706,7.951778341513776,73.30855612578401,0
2026-08-14 00:06:05.900,2.3850124157588968,40.63192569958571,22.709366814215937,46.54748894579884,7.783807368498458,21.383064593972172,1
2026-08-14 00:06:06.000,1.355984292497207,40.453129409796006,23.99117114511611,47.032243960499635,5.0392621189900515,44.59257020256212,0
2026-08-14 00:06:06.100,1.2087691608578714,40.7947672506401,22.781145677126293,46.724657659487974,8.069498240186297,51.28288315149506,0
2026-08-14 00:06:06.200,1.6493394238845593,40.176770463647195,23.486096504361214,46.53782992255614,11.957303082337964,40.695451950361345,1
2026-08-14 00:06:06.300,1.6249512841866287,40.75711720844696,23.411305534287074,47.00246621149601,8.46672533827567,52.545580847517385,0
2026-08-14 00:06:06.400,1.9770940661665657,39.94654700416866,23.92007591719538,46.56067707240356,3.478059255554414,40.40478110064606,0
2026-08-14 00:06:06.500,0.9968527376364449,41.821030051699864,24.04868761500194,48.24249092438253,4.245431617086407,68.36113356407779,0
2026-08-14 00:06:06.600,1.792552101029997,40.441504401798184,23.888281598025895,46.96983368064278,9.76636663166946,36.57347583068268,1
2026-08-14 00:06:06.700,1.7361688245005853,40.18084339515054,21.65325138161728,45.64387660290396,7.327053574332141,21.785312703820168,1
2026-08-14 00:06:06.800,1.4431413852237815,39.64683614460744,24.298375694606534,46.500351371506824,7.776259309689458,34.41800179456014,1
2026-08-14 00:06:06.900,1.635474927168676,40.848872471929106,24.569904589023956,47.66875909588656,6.161797474955729,54.63793729776455,0
2026-08-14 00:06:07.000,1.9117829926393428,40.77553850535929,22.967359415683347,46.79897583207582,9.510236636599737,48.58490744541363,0
2026-08-14 00:06:07.100,1.8489261520113802,40.98519074136545,23.547377206751047,47.26801067765733,7.097246860263953,59.0255948957854,0
2026-08-14 00:06:07.200,1.0427922751705085,39.57784896263656,22.650395165980388,45.600948780528014,7.440160334814186,56.0209354005316,0
2026-08-14 00:06:07.300,1.8280632747021939,39.012254373783854,21.80935853817154,44.69456467146015,5.446329825010621,42.36463580329755,0
2026-08-14 00:06:07.400,1.4741245579869926,41.24736159755573,22.7820899645956,47.12078587963535,10.765073894428308,44.13099807445344,1
2026-08-14 00:06:07.500,1.529149639206206,42.11474687937942,22.945951778930862,47.96007305827649,7.3366016251507356,45.37605469216129,0
2026-08-14 00:06:07.600,1.5292787964006778,39.612086117566754,23.099183258892545,45.85509386985732,9.823640999359279,72.61215300195983,0
2026-08-14 00:06:07.700,1.439902804480696,42.236215745972096,22.620933405441452,47.91246757028611,4.419225307897946,58.289867776248435,0
2026-08-14 00:06:07.800,1.976682998842826,40.939020243600524,22.806325377464695,46.86290490066449,13.201649415135824,72.70024279014206,1
2026-08-14 00:06:07.900,1.4665128160603151,40.656381002767056,23.389261287088004,46.904145443636764,11.832122115539667,60.089352468101765,1
2026-08-14 00:06:08.000,1.0521815486467325,40.27422993322585,22.786885591374865,46.27370475409065,2.27060699102322,49.23699926094138,0
2026-08-14 00:06:08.100,1.3425880576121085,39.295595332800374,23.842887477375246,45.96332337655731,5.5941875748088545,37.76766215617202,1
2026-08-14 00:06:08.200,1.5714778867241903,41.67617659060371,23.95839736592542,48.071909672435176,9.432903173029654,52.41823605378492,0
2026-08-14 00:06:08.300,1.99168591371882,39.92117643569525,25.322379875211304,47.2749748868724,4.040814031552988,49.269569933405236,0
2026-08-14 00:06:08.400,1.7412378739795336,39.92531084384899,24.323614457450727,46.75113545415418,7.605217753510023,48.87623257594143,0
2026-08-14 00:06:08.500,1.1597858885011825,41.70537855192729,23.622553791886936,47.930821480652185,9.27989535793039,47.490811077209,0
2026-08-14 00:06:08.600,2.4940759666715566,38.838803517822356,22.936860741362306,45.106011122295634,7.445822264061549,25.37044750908533,1
2026-08-14 00:06:08.700,1.6059101243911917,39.20652387627966,23.673070893507894,45.79918994906283,9.61651611061129,65.13007779841587,0
2026-08-14 00:06:08.800,2.010156295199606,40.720322165893485,23.70435061357403,47.11730972058362,5.920010286194355,49.394558129392195,1
2026-08-14 00:06:08.900,1.4393142265691083,41.04007556086015,23.037424207908657,47.063900350228586,1.2674553734956335,33.0289626076563,1
2026-08-14 00:06:09.000,1.7133436978821797,41.23986050227797,24.080060629987734,47.7553705272112,10.946345936495183,55.78115250888374,1
2026-08-14 00:06:09.100,1.8357874018073619,40.46166208336654,22.339597934312177,46.21908409321053,10.92744396080759,39.72996597672166,1
2026-08-14 00:06:09.200,1.9872778847017023,43.302164967858225,23.267557311099914,49.15746854882712,15.510909926864997,56.74568747564939,1
2026-08-14 00:06:09.300,1.92294732215129,40.55223746290444,23.912764780456094,47.0776410060361,1.3784404461970556,60.57987752614953,0
2026-08-14 00:06:09.400,1.8488788000291911,40.55767859202129,23.243011528400736,46.74572576913393,10.252496328040447,62.23563788803182,1
2026-08-14 00:06:09.500,1.3739653075223566,39.99981279776388,23.312676157203242,46.29757977979829,2.093953585749839,48.06899928014216,0
2026-08-14 00:06:09.600,1.2713015832175754,40.92904100555258,23.37285182446508,47.132542898114515,13.269479845025957,45.03466726377779,1
2026-08-14 00:06:09.700,1.633043004129679,41.42843014353202,22.819600354340952,47.29745219871098,9.463600501088028,42.49353967682396,0
2026-08-14 00:06:09.800,1.8732512289364278,42.02538168847244,24.43220292562276,48.61136951229212,5.144213456971241,41.32932693847404,0
2026-08-14 00:06:09.900,1.4109117196893572,39.340854091952515,22.683652876297387,45.41201282146225,10.340667423804307,49.793239229468995,1
2026-08-14 00:06:10.000,1.9260687862857546,40.59247774049078,23.75761130923579,47.033746865766155,6.3408649768491925,47.487883251299124,0
2026-08-14 00:06:10.100,2.0810466981944717,41.29351141210936,23.839002999406027,47.68073142001594,8.901248298653806,40.09635421013401,1
2026-08-14 00:06:10.200,1.133471632370632,41.44220005834849,22.754187993285203,47.277997175324,8.617882148627253,36.274582954365144,1
2026-08-14 00:06:10.300,1.165231718481488,40.87002590401223,23.57656975122922,47.182768662184365,13.232504408441883,48.69492689289701,1
2026-08-14 00:06:10.400,1.4438499764378654,41.41423593819354,22.795381443001105,47.27333660189728,13.444777730259538,44.789628584674034,1
2026-08-14 00:06:10.500,1.6230450672756787,40.07118279818938,24.640921994713867,47.04120244631808,6.208203880179482,36.303596320617615,1
2026-08-14 00:06:10.600,1.2901731944931796,42.44638684588728,22.622062498560386,48.09837282028869,11.17431685398811,59.96685216105689,1
2026-08-14 00:06:10.700,2.040881071546858,41.889444239002096,23.01497200622803,47.7955486954583,9.064520466710892,71.26511300990299,1
2026-08-14 00:06:10.800,1.6696267446073805,39.56022307141124,22.563710508401382,45.54264245041959,3.761953798979265,61.5510585678107,0
2026-08-14 00:06:10.900,1.5157788192962958,39.8383825328134,22.46193236706405,45.73439765092934,5.911314858883459,41.35774385988747,0
2026-08-14 00:06:11.000,0.9256361904525889,39.87489855327699,24.826064414736177,46.971704343772345,15.008438298798872,49.39724378492076,1
2026-08-14 00:06:11.100,0.9736736734289971,41.60812499673416,23.992312754632636,48.02985672537409,9.073563203313965,68.48514742024953,0
2026-08-14 00:06:11.200,1.6124037001127225,39.653761981873906,23.675328589535265,46.18378528377221,10.999338738552566,35.91560428667008,1
2026-08-14 00:06:11.300,0.6469617495380655,40.61580013653704,23.04283311176954,46.697059634927605,7.363867062899027,59.3911415202227,0
2026-08-14 00:06:11.400,1.9050549638576286,41.40986358961564,24.299184964756734,48.012781553061835,6.3801742558419745,32.62300150227212,1
2026-08-14 00:06:11.500,1.436738462251072,40.89732798110617,22.918718397897603,46.88132985524514,8.081793522903425,70.20845152917595,0
2026-08-14 00:06:11.600,2.7972371878378937,41.23071615381905,24.218008618327893,47.8171924729401,7.201687834261349,44.83622570298812,1
2026-08-14 00:06:11.700,2.4231665002464444,39.91436064921133,22.89008899505155,46.01208928354254,3.5202412069052054,76.74852469428575,1
2026-08-14 00:06:11.800,1.4274203723009933,41.583352456411085,23.077492688307764,47.55781607993588,4.990023627637905,70.73676558370195,0
2026-08-14 00:06:11.900,1.457465198987474,40.38362091299158,24.204725592174885,47.08190288249506,10.123653543236692,48.72283388502335,1
2026-08-14 00:06:12.000,1.8982326056008119,40.68054785352337,24.294162392077407,47.38262656285987,6.857927932692768,41.36713552267507,0
2026-08-14 00:06:12.100,2.181269043967215,41.25123397828104,24.08607969734245,47.768227305580645,8.077114646083722,52.337305662690966,1
2026-08-14 00:06:12.200,0.8447883770255933,41.12491519435965,22.773362891091846,47.00941083562559,8.704769151491632,47.83809240024124,0
2026-08-14 00:06:12.300,0.7854498138581253,41.05415171429814,23.260721524591265,47.185851044833264,8.939150146456159,45.18119643697289,0
2026-08-14 00:06:12.400,1.2511860777782475,40.28787959575953,23.748622843600586,46.76655139402524,11.43973718394611,30.102640945060436,1
2026-08-14 00:06:12.500,1.7330950332695458,40.74729172899083,22.94867991458595,46.76519745568926,4.703912554794404,43.825356996144954,0
2026-08-14 00:06:12.600,1.6987494362030389,41.05735945348081,24.729875725689702,47.92988127150313,9.710758170630873,36.67425053892512,1
2026-08-14 00:06:12.700,1.92790858199354,39.688425351930434,21.716548795898074,45.24134832783365,10.265083380558943,56.61977247710284,1
2026-08-14 00:06:12.800,1.0201209886538767,40.60931234123788,23.020115572235433,46.680209615931375,10.957555337004518,61.8928557991691,1
2026-08-14 00:06:12.900,0.5735424548124493,41.46785990903784,23.240454815707135,47.536324484298454,3.761247201755383,58.88820804708316,0
2026-08-14 00:06:13.000,1.8432056781208581,39.81107814861339,21.37795391965783,45.18781757449696,8.764457655040994,54.108501075530086,0
2026-08-14 00:06:13.100,1.168721490813906,42.25343112650672,22.541126380758538,47.890028403371986,13.148227839195552,39.76511519430918,1
2026-08-14 00:06:13.200,0.6926048542445448,42.37479745996607,24.163342128453394,48.780022166762464,7.70263844253013,52.46480927122292,0
2026-08-14 00:06:13.300,1.5580254983837527,39.868368343859885,23.692338261134356,46.376865856606784,9.450484105892874,59.513181723732515,0
2026-08-14 00:06:13.400,1.817270275287471,42.47947327532385,24.93162100299855,49.2553690026388,10.341186783755553,42.96517310720324,1
2026-08-14 00:06:13.500,1.4511771471514892,40.986606776015314,24.914294175544327,47.9648203298758,4.923590466805219,51.427837056740074,0
2026-08-14 00:06:13.600,1.3168606455270042,41.55703764633825,24.029550955191876,48.004236240641696,13.501474186999923,48.25446092876092,1
2026-08-14 00:06:13.700,1.4362551071416374,40.65020675750669,23.938705284981534,47.17521510443005,9.498502390906712,69.94840003532582,0
2026-08-14 00:06:13.800,1.3517668950396868,42.07823735931544,23.74586040611633,48.316083716436005,9.558508442580278,60.2185776231743,0
2026-08-14 00:06:13.900,0.9607811552239331,41.569621273391085,21.574050738421864,46.834528694940126,3.013917865968395,57.309915340980695,0
2026-08-14 00:06:14.000,1.2141277292038273,40.357708720398556,22.58746957553684,46.24865873716054,10.38363439463994,29.399675192414783,1
2026-08-14 00:06:14.100,1.7085119620055258,40.01499469948462,23.788658422149094,46.55212208187149,9.519231024137412,52.074047921211,0
2026-08-14 00:06:14.200,1.6286714165506,39.728228986694425,24.20593942014033,46.52160446105369,12.872573983166191,48.13983885290516,1
2026-08-14 00:06:14.300,1.5672239223867281,41.384807920790145,23.94985553632495,47.815247639759534,7.0662043570869395,48.03611467316153,0
2026-08-14 00:06:14.400,1.1019406072586482,41.77767227859087,23.009148545914154,47.69480912872263,5.037025011204674,31.239038327100314,1
2026-08-14 00:06:14.500,1.4273987351457331,41.86450126804432,24.478046379534522,48.49547629398775,5.953283015677,36.94677653242917,1
2026-08-14 00:06:14.600,0.6291739814228581,41.10388921711124,24.91907741003488,48.067557954818795,6.485065294978103,49.18379014513061,0
2026-08-14 00:06:14.700,1.5713906655541559,40.073208578507995,24.48851470073649,46.963277121861864,4.643460445605879,63.372269338285534,0
2026-08-14 00:06:14.800,2.071543083125427,40.55646495860231,24.53480331764804,47.40024708557974,11.87048007129798,42.91370516192692,1
2026-08-14 00:06:14.900,0.9103471471831577,42.39922311804177,23.30074404908374,48.37994206543037,11.983093588795,45.200735274748794,1
2026-08-14 00:06:15.000,1.2656289306728978,40.77058063693351,24.613872819080793,47.624394805882645,7.4126248965798345,71.3731039434345,0
2026-08-14 00:06:15.100,1.631642711484052,41.406961554668804,23.874733265854523,47.79685506082509,6.821720233747418,46.438131329985964,0
2026-08-14 00:06:15.200,2.0011370537709934,40.19622816286618,24.172371610682248,46.90458727892308,2.5535542600420635,48.45452571375703,1
2026-08-14 00:06:15.300,1.3207101534799401,41.61679641435385,24.060473495596657,48.07144816443628,10.087883765910814,48.61706261537911,1
2026-08-14 00:06:15.400,1.2230998682936414,40.83086352966948,23.675939170456807,47.1986176935476,12.960320326477529,33.853938243145876,1
2026-08-14 00:06:15.500,0.7124307430335667,42.34359552757806,23.09012770818354,48.23001223080245,6.088415848221331,56.86157748098138,0
2026-08-14 00:06:15.600,1.5413752517232426,42.078775242462854,23.71742119091039,48.30258164790729,7.649646422670806,42.16548657698793,0
2026-08-14 00:06:15.700,2.3168304160574977,40.817846312134876,24.57754064921213,47.6461129781301,9.302874383947193,49.63915259552314,1
2026-08-14 00:06:15.800,1.6109433847858703,41.19522295381586,23.43995154444779,47.397022296982506,13.173255081829717,55.33247557301357,1
2026-08-14 00:06:15.900,1.4910884083265146,40.77910546357664,24.51281083225688,47.57954746850286,8.599328665505285,73.31069106842472,0
2026-08-14 00:06:16.000,1.6288329243067943,39.919123229526,24.392790392136742,46.781883486332624,8.586289748079556,34.18675946544508,1
2026-08-14 00:06:16.100,1.495563198420559,40.48944871897753,23.56898477149899,46.84967983589495,8.53795550347941,60.379786220794685,0
2026-08-14 00:06:16.200,1.174794251095948,41.55344319869931,24.924175605482763,48.45516661080088,3.72490247928898,60.424679074087614,0
2026-08-14 00:06:16.300,1.8293119662710822,41.688820091661825,23.53369901910678,47.87267185103474,3.659628038510406,42.34142272664872,0
2026-08-14 00:06:16.400,1.5903046092447017,41.520443219478615,25.030774679621693,48.4818201618291,5.576014492655382,57.19404617662378,0
2026-08-14 00:06:16.500,1.507045300773463,41.07849698438108,24.175439608236612,47.66439755989057,11.038671722112117,69.7212338155027,1
2026-08-14 00:06:16.600,1.1098535890887,42.321631366514445,23.820446121713267,48.564741685306885,6.9939287883620205,40.820345489450695,0
2026-08-14 00:06:16.700,2.021403172773904,41.46044138780814,23.127898585678203,47.47491856824285,6.4111878535931215,52.89763756562186,1
2026-08-14 00:06:16.800,1.765881098133244,42.108488033796895,23.772532339312537,48.35553803150242,6.358476187568697,54.85761636727742,0
2026-08-14 00:06:16.900,1.278831665053079,39.63979379595217,23.685133746097282,46.17682116339457,7.587029364581968,56.4101462594426,0
2026-08-14 00:06:17.000,1.900729941472775,37.499503398990086,22.846505082164338,43.91099577144921,13.106323802304921,59.23150112859216,1
2026-08-14 00:06:17.100,1.300971664645917,41.71402640090025,23.684050685663173,47.96867994281337,7.546407842908636,51.99565793902609,0
2026-08-14 00:06:17.200,1.1871986029955852,40.013807441794434,23.220101313231883,46.26313749612921,5.641107783875425,56.16123423617603,0
2026-08-14 00:06:17.300,1.1961187530078852,41.234456115256606,24.336938105964823,47.88075738221552,8.075736887244899,39.06231619851532,1
2026-08-14 00:06:17.400,0.7915725787647635,41.153145499398796,24.918169904836603,48.109215082985834,13.26525081728461,51.96804192367469,1
2026-08-14 00:06:17.500,1.6886169521672822,43.05097786529267,22.896613816690095,48.76106663546813,6.491525843193152,44.28390481183383,0
2026-08-14 00:06:17.600,0.7675420486646599,41.87190853827449,25.252993373892075,48.8975500304408,4.456984974707165,35.24205313815095,1
2026-08-14 00:06:17.700,1.008622467493695,41.6461057345833,23.785307197162677,47.9597639831504,6.497026190808748,43.890265406757194,0
2026-08-14 00:06:17.800,0.6697647963685867,42.32557258487204,23.113131750192213,48.22521077132805,8.386291209045298,53.2334767063767,0
2026-08-14 00:06:17.900,1.4655721228836427,41.86541373953115,24.504353515781816,48.509547604657506,10.06472285247602,55.22956731644231,1
2026-08-14 00:06:18.000,1.4398718158912511,41.04757388215742,23.545986942483477,47.32142033695496,11.020650736046738,34.77849054892675,1
2026-08-14 00:06:18.100,1.3693215147254545,42.58506152785416,23.842762017734564,48.80537640430048,4.862848178113015,38.74787939930155,1
2026-08-14 00:06:18.200,1.0829689221317695,40.412170192165064,23.58972959666234,46.793363226895345,5.147463996622791,58.69587535631865,0
2026-08-14 00:06:18.300,1.031106498625344,41.85350223004064,23.264762680012332,47.884912357414954,7.0302132218375295,56.09777711139036,0
2026-08-14 00:06:18.400,1.6857479454186297,39.99101997082452,24.50235148489802,46.900393458865246,10.053479074090689,60.64523194455623,1
2026-08-14 00:06:18.500,1.2797792273166049,41.75086834493056,23.69911357013339,48.008155469313806,4.2199763070432335,66.41396512611873,0
2026-08-14 00:06:18.600,1.626543328614458,41.74824885164124,22.783834092177592,47.56069152271063,6.178019268746908,56.454645315087184,0
2026-08-14 00:06:18.700,1.145900525550311,43.240048894236715,24.37900445876598,49.639074193386335,6.221768811764156,45.022308473949536,0
2026-08-14 00:06:18.800,1.572425097108433,40.00695476133401,22.97869131204647,46.136500557473425,10.825246566093112,51.378193496983,1
2026-08-14 00:06:18.900,2.0213112149264254,40.97937620137572,23.025549888197517,47.00516164750156,9.584782281993313,69.91876521112859,1
2026-08-14 00:06:19.000,1.7344663201571133,42.41128052625743,24.90724382379182,49.1842201399465,10.711155083149759,83.17338797342464,1
2026-08-14 00:06:19.100,1.3350344727134078,41.93225007853433,23.001087773914048,47.826390574995735,12.016033922699163,55.55715638890831,1
2026-08-14 00:06:19.200,1.602879588142371,41.785572595928265,22.11000464121247,47.27458495221326,7.083049714732758,56.42664966573568,0
2026-08-14 00:06:19.300,1.4037339301879148,40.657466564085965,24.4664505481959,47.45141504567681,4.437781535438955,58.708500403969,0
2026-08-14 00:06:19.400,1.5031520738778912,41.03111864140681,23.730071450114046,47.39903994800653,4.45710914645894,50.28551414983236,0
2026-08-14 00:06:19.500,1.3697555791405986,42.875312720175245,23.804038930260703,49.040031711308956,2.48567730482348,63.96624682811149,0
2026-08-14 00:06:19.600,1.4342659176458434,41.5870972406518,23.73156354596328,47.88187303395223,6.623699511001422,62.09654351279421,0
2026-08-14 00:06:19.700,1.5848373412296701,42.02230085300394,24.173500645330666,48.47919040609257,6.847332155504785,54.2525173657858,0
2026-08-14 00:06:19.800,1.1026565201672196,41.54008755053674,23.39099013406548,47.67302479556133,10.362660220415144,46.18376112793261,1
2026-08-14 00:06:19.900,1.0936484692040087,40.4805250865172,25.17905826071279,47.672401724441336,8.050742651529811,31.751643351474357,1
2026-08-14 00:06:20.000,0.9445829784675156,42.6057557502957,22.822182810284904,48.3332437487897,6.529014666972182,58.788962571371,0
2026-08-14 00:06:20.100,0.859891558198516,42.183512431206935,24.364067961346368,48.71402804797499,7.652003821518242,52.55429978271325,0
2026-08-14 00:06:20.200,1.0130869231118083,43.994251606495375,24.52686566457818,50.369249684146425,4.883079548855708,41.146787232150785,0
2026-08-14 00:06:20.300,1.5637850027216518,40.68136811193138,23.410448286282456,46.936369697955676,11.07621971225386,36.44095682006447,1
2026-08-14 00:06:20.400,1.1428849938032464,42.527857135236154,23.20418297219915,48.44639037041205,5.642253311571475,57.93719419259902,0
2026-08-14 00:06:20.500,1.7054457856924385,40.40207497045241,24.841910733229774,47.4283479661248,4.580206184192313,30.78516414059642,1
2026-08-14 00:06:20.600,1.5138854995010247,41.87930022661623,23.240483592152525,47.895676893308114,10.45364590012241,53.59569424932566,1
2026-08-14 00:06:20.700,0.7125983146247785,42.70679497046006,23.55284187623769,48.770961617503175,9.722492625091554,60.12260491002672,0
2026-08-14 00:06:20.800,1.761990233688676,39.66648798775415,24.753021032278184,46.7562008669123,2.828943864322965,56.59871463699948,0
2026-08-14 00:06:20.900,1.824319458236684,41.54202535206277,24.07596768261385,48.01449874991608,10.565004904130667,45.311122707698715,1
2026-08-14 00:06:21.000,1.1024549300660587,41.1920828147155,22.615460595151593,46.99198596085544,5.77522208271783,35.00750618630103,1
2026-08-14 00:06:21.100,1.6680766171579966,41.06166997291675,25.45582367836993,48.312107179349894,6.87768641730824,57.04423087754228,0
2026-08-14 00:06:21.200,1.1574007050363204,42.15717464592497,23.639168589175394,48.33257354739633,8.561060323081811,64.40627710344104,0
2026-08-14 00:06:21.300,1.5390681506993342,42.90098242254195,23.74597219774648,49.03432969293454,9.759874647850465,43.12719974308351,0
2026-08-14 00:06:21.400,0.9942006372180138,41.65535272334394,24.27780626500495,48.21390139313879,9.33643752406258,56.08289840351431,0
2026-08-14 00:06:21.500,0.7827574189861692,42.00245258858685,24.57824113421936,48.66514112491937,7.850545007281992,68.97818142478171,0
2026-08-14 00:06:21.600,1.3468731241548126,41.919609636539825,25.652063963121524,49.1455192021405,6.726070013252268,54.066165157299324,0
2026-08-14 00:06:21.700,1.4505084214900656,41.81543911229074,22.760126844036037,47.60834298849629,9.236662080696341,45.23743826146655,0
2026-08-14 00:06:21.800,1.3409281225541583,40.732627690675955,24.753943964173594,47.664501469843024,7.644836487967316,62.4902424807579,0
2026-08-14 00:06:21.900,1.0263877767109761,42.938749652564695,24.692590785745146,49.532416268923235,13.416063377377771,41.14926831010625,1
2026-08-14 00:06:22.000,1.3400403751475451,42.133835141454384,23.99345193527804,48.486552769791274,9.759227029909706,34.42169581936372,1
2026-08-14 00:06:22.100,1.6077179010322935,42.24185598575187,24.738003653302556,48.95245879291266,5.229753125028935,59.74785429375176,0
2026-08-14 00:06:22.200,1.4820427879509852,41.04879958917745,24.860604745031058,47.99014082080939,6.567200145879046,45.12605283819724,0
2026-08-14 00:06:22.300,1.5730004122396855,41.40442354266753,23.012616136404464,47.36989329038123,8.144576531779489,46.201747831955785,0
2026-08-14 00:06:22.400,1.2319539198183067,41.69584446539973,25.523000402570975,48.88728868767876,11.898293645211364,42.476712373387144,1
2026-08-14 00:06:22.500,1.9686871658864638,40.346188692115405,22.88117822882804,46.382790549073,12.233315027336406,44.32619125335099,1
2026-08-14 00:06:22.600,1.0295306653780878,40.20061378282033,23.224935839819782,46.42722254539064,6.811595838903306,66.83640113032239,0
2026-08-14 00:06:22.700,1.6950241188346875,41.29623489983317,23.92875955938377,47.72802689147122,5.199097350231671,69.949985189404,0
2026-08-14 00:06:22.800,1.9727564371839845,42.42783831936787,25.68314294230494,49.59581933842094,4.815507076381438,71.53974363373531,0
2026-08-14 00:06:22.900,1.692363237099558,41.26051488544929,23.90158606142483,47.68349719624265,8.75728627164734,63.08144745413015,0
2026-08-14 00:06:23.000,1.418990309174068,40.90318180024226,24.127645086659136,47.489088628983566,14.91135292765248,55.59525511727885,1
2026-08-14 00:06:23.100,1.2886811813348082,41.115636067049046,25.30385591529568,48.27815917555338,9.617282312765306,32.81257289680264,1
2026-08-14 00:06:23.200,1.9144350604185023,41.48331401959514,23.922939351591896,47.887079356213434,3.218262419947978,47.7497035651958,0
2026-08-14 00:06:23.300,0.9308100298953308,41.593132202374086,23.22544532877198,47.638324457561936,5.821987690261996,75.88105386348425,0
2026-08-14 00:06:23.400,1.1119502958481426,44.12084733985449,23.839407664398113,50.14944194880047,6.128257394465261,44.77254105496815,0
2026-08-14 00:06:23.500,1.3409768938033113,43.018281238589005,25.274829833105635,49.89378261682297,5.533992439655275,68.1697336972673,0
2026-08-14 00:06:23.600,1.9950615030047993,42.99676944483715,24.239889197177366,49.358833160680746,6.836318525197339,50.66042982836654,0
2026-08-14 00:06:23.700,1.6519070544163585,43.148910419282544,25.73272464025051,50.23944255047248,9.108184583059826,17.862291369762247,1
2026-08-14 00:06:23.800,1.1127816965959019,40.98984390812886,24.783546807487472,47.89980684691423,10.045943507967941,57.68582676402755,1
2026-08-14 00:06:23.900,1.3758769178460386,40.77463488492941,23.682352550835205,47.153204263775685,11.275290472749932,65.19505635413974,1
2026-08-14 00:06:24.000,1.2542707423614823,40.898463930836336,24.244061576994298,47.54428329095952,9.572607719141534,49.412048376313464,0
2026-08-14 00:06:24.100,1.2160844031065858,43.34817507816197,23.52562687238098,49.32057787927344,2.137549279013477,64.79661205382496,0
2026-08-14 00:06:24.200,1.8915558234227117,41.474811878395386,23.678455775847713,47.758028521674376,4.82808623740606,29.986069826994957,1
2026-08-14 00:06:24.300,0.9513027482945977,40.778982207492334,27.80147043465958,49.35430222592785,7.525717889422427,33.37322883320756,1
2026-08-14 00:06:24.400,2.143512342293749,41.60767691196555,25.038103475338268,48.560327466485,8.441839567302438,52.45837169702825,1
2026-08-14 00:06:24.500,1.8312918760738492,41.80840230292448,24.917083091988804,48.67035579216835,10.584255079628772,55.72537673381038,1
2026-08-14 00:06:24.600,1.936344668241479,42.323755830787405,23.73466128200926,48.52457577141525,8.129552528650319,66.27894642310734,0
2026-08-14 00:06:24.700,1.3148241951898967,42.31462830025863,25.49387362075282,49.40106638909696,8.152121761591022,57.66709360098273,0
2026-08-14 00:06:24.800,1.4400237123683564,41.24383143812682,25.12273968263455,48.292915431334634,8.713392089417178,35.676450927619484,1
2026-08-14 00:06:24.900,0.9267392741901151,42.76600311696779,25.75350506615866,49.92167911632338,7.234934783656394,52.55654746489263,0
2026-08-14 00:06:25.000,1.2901350371732787,41.449487913157654,25.719700186863452,48.780764917794656,8.260655419633435,57.20872934345779,0
2026-08-14 00:06:25.100,1.6974619390572603,41.94073983265652,23.07493827113892,47.86938932060292,11.377496537035253,27.50919201563445,1
2026-08-14 00:06:25.200,2.0184252247125585,42.79212496231865,23.375338943673256,48.76035715129969,7.7482673036479905,49.476398363143815,1
2026-08-14 00:06:25.300,1.0571372732790194,41.4718642103247,23.465181116190518,47.65008127899925,7.90936181964715,45.9730094727413,0
2026-08-14 00:06:25.400,1.3537976252058936,41.552668913141645,23.518059687367725,47.746449347189774,7.899243785698431,42.14368311505106,0
2026-08-14 00:06:25.500,1.439480311906991,42.72202310886966,24.53697492691423,49.26697065051606,11.893321441373505,55.98532462103207,1
2026-08-14 00:06:25.600,0.9416843191230059,41.28095660502525,23.829771107301507,47.665242779748425,4.675840019511673,36.203821681304916,1
2026-08-14 00:06:25.700,1.7365396967033602,41.76223248047994,25.946293535060427,49.165986311282026,13.327540684373586,55.00255414404379,1
2026-08-14 00:06:25.800,1.2104038673029565,42.711101404580646,25.816959441587965,49.907450125216464,4.470854436453461,56.71389355050673,0
2026-08-14 00:06:25.900,1.4218438595291905,44.21778639042747,24.29304709413167,50.451608204170974,6.037339216016723,63.00515972313168,0
2026-08-14 00:06:26.000,1.3192202512352489,42.777433176207985,25.867478175786978,49.99035123221036,10.234214809145959,36.51896884648875,1
2026-08-14 00:06:26.100,1.1842645977121302,42.65300315688899,25.49872573813155,49.69369872096496,11.090950086421014,31.937189379745433,1
2026-08-14 00:06:26.200,1.497182005807778,42.71949970002545,23.95265362246983,48.97637461244444,3.789502949004536,53.34684328806814,0
2026-08-14 00:06:26.300,1.413756168572791,41.12384256473941,22.71084742806343,46.97821855062459,4.721894410258742,46.56474519358758,0
2026-08-14 00:06:26.400,1.3512568470885338,42.32096429994011,24.148845828787547,48.72607899410084,8.833528428415544,84.83180314992465,0
2026-08-14 00:06:26.500,1.2086153513278628,42.18393579537755,23.812523665365596,48.44089927429229,15.033258163291388,55.50198171491518,1
2026-08-14 00:06:26.600,1.627809868313182,42.54362154654044,24.498426703817284,49.0931018092926,11.738788342996042,50.697940540450176,1
2026-08-14 00:06:26.700,2.161446907396914,42.34687978109731,24.40960566667266,48.878288390625606,7.255708851104569,47.926064531883014,1
2026-08-14 00:06:26.800,1.555954893135651,42.61840612849229,24.39363799776449,49.10578495146054,1.0,35.38325785472661,1
2026-08-14 00:06:26.900,1.8984472859644517,41.93557397862972,24.767172497220685,48.70323601593852,8.244928203263477,56.76657863545517,0
2026-08-14 00:06:27.000,0.9439112299386149,42.31398481335445,23.383207979922656,48.3450899907851,9.086890410939661,49.05025968475042,0
2026-08-14 00:06:27.100,1.5631045757175077,41.035882052379414,24.68731459311761,47.88953035514498,6.851914576751589,49.06023579884678,0
2026-08-14 00:06:27.200,1.0610526724115734,41.95213806288723,24.011534282120486,48.337725087440745,5.447828028360213,51.13331990598387,0
2026-08-14 00:06:27.300,0.9092300289872394,43.67121361152053,24.528213797897287,50.08800425669219,8.477495780964166,52.65455035900695,0
2026-08-14 00:06:27.400,1.2042514370163855,42.607523125425885,25.139156747664334,49.47098370628321,5.173216418318118,29.12893224898974,1
2026-08-14 00:06:27.500,1.9767597337654292,42.276128470868294,23.398709886374004,48.3194646372666,13.617345982426173,60.04427607645118,1
2026-08-14 00:06:27.600,1.8800063314678583,44.20150750695946,24.158195616287415,50.37252903441122,12.550234392601451,39.842667502208926,1
2026-08-14 00:06:27.700,1.5972018888217598,40.95288397485778,24.293403984672224,47.61625964962652,9.973737894778283,48.343613630376474,0
2026-08-14 00:06:27.800,0.8869197760440276,41.21259812016638,23.98181702811105,47.682342557640126,8.26913170735795,65.43085904798346,0
2026-08-14 00:06:27.900,1.4214877394448253,44.043099809342614,25.118096635746173,50.70220329944645,6.01950774015932,71.35338310724137,0
2026-08-14 00:06:28.000,1.6206800035606943,42.38468405656902,23.826923185271678,48.622872303598164,7.937638448327297,29.5940667364833,1
2026-08-14 00:06:28.100,1.5702144918314391,42.10447480668403,23.963914386230428,48.44642392847249,12.917891405621829,50.36293793209579,1
2026-08-14 00:06:28.200,0.7624825666077016,41.15618824033192,23.845300232894893,47.565009972358176,10.605962175309884,53.274958221992435,1
2026-08-14 00:06:28.300,1.1438728607920512,42.811423554276324,25.29188070187983,49.72421156923222,8.611076835429378,31.909639685702643,1
2026-08-14 00:06:28.400,1.4743688943405133,42.916521879862515,24.02928191627126,49.18571174311051,10.771923002502787,59.63109637301798,1
2026-08-14 00:06:28.500,1.7145163638068759,41.2859023719539,24.796274352380124,48.15995179010267,9.636831990142484,51.395152128970075,0
2026-08-14 00:06:28.600,0.6215488715600214,42.24845586969211,26.01380295412958,49.61501756030731,9.188832619660616,52.32991514833996,0
2026-08-14 00:06:28.700,1.4351504098080565,42.061550345663214,24.378384970337304,48.61563196383164,10.941689776974606,38.98936497989678,1
2026-08-14 00:06:28.800,1.557219507951581,42.66137804656879,25.33288908411654,49.61600997843753,9.551082934474273,54.95463972057618,0
2026-08-14 00:06:28.900,1.8398447954064854,41.29448538038312,25.785324640836762,48.68385245298505,10.575654410310136,60.05868747667925,1
2026-08-14 00:06:29.000,1.7771430336949747,43.67401779957066,25.274995455066836,50.46033319361719,8.484161148903528,51.527574604711205,0
2026-08-14 00:06:29.100,1.7330285275235222,43.346228849108854,24.44480198772456,49.76388147701483,7.2376225304296895,43.83276918844336,0
2026-08-14 00:06:29.200,1.1800237973192262,42.07556423123218,24.976930081177887,48.93056449354119,6.355511363179554,44.76716818344363,0
2026-08-14 00:06:29.300,0.7367991451506769,42.23065580078036,23.438341832942964,48.29890430684601,5.998071183587124,52.644748485511585,0
2026-08-14 00:06:29.400,1.3427788971754395,42.31898708459486,23.84921101440353,48.57655333466603,3.1844886726754025,50.58556854056755,0
2026-08-14 00:06:29.500,1.900652730083424,41.68543540431971,23.9945062290902,48.097940226433394,5.264180159565006,60.85786542943274,0
2026-08-14 00:06:29.600,2.0573818110097726,42.02864926154493,26.275736904007406,49.56633644519815,5.177439411253457,44.23690054971001,1
2026-08-14 00:06:29.700,1.7842196409191142,42.21014303455909,23.83818042993601,48.47633465112767,6.477964412047892,35.3794327671101,1
2026-08-14 00:06:29.800,1.6717363291206937,44.10161649539457,23.831267473803006,50.12865335229743,12.686732631914873,54.31263292784604,1
2026-08-14 00:06:29.900,1.6518558593543862,43.44370115547162,23.663112924085528,49.47017367408315,7.527314133338668,44.26964176401556,0
2026-08-14 00:06:30.000,1.2775525012956876,43.44007227693156,24.95109995130157,50.09588075086492,8.72530066965293,59.4041833884364,0
2026-08-14 00:06:30.100,1.447975882578552,42.88367790505306,24.622348489364313,49.44967012828334,8.819958933535782,50.090463565491206,0
2026-08-14 00:06:30.200,2.1676278103305324,41.40476000557118,25.382659390322704,48.56576519364318,12.7627427385271,57.857758452377865,1
2026-08-14 00:06:30.300,1.1229767976832494,42.488930632378775,25.05526077503558,49.32621330274737,6.273243638464125,37.82819543923055,1
2026-08-14 00:06:30.400,2.145911516283941,43.509244919023274,23.41894199826669,49.41154963914542,7.332433759225815,51.72063515875785,1
2026-08-14 00:06:30.500,1.3711887382031767,41.28882655249635,23.88243249310989,47.698404374466016,7.68140188467745,41.608841511393,0
2026-08-14 00:06:30.600,2.0301728436380313,43.19197911119065,25.62551854121109,50.22165130745387,11.409604567324305,35.355516163085355,1
2026-08-14 00:06:30.700,0.9372739962009847,44.886369852033894,24.37561778040123,51.07794965217173,12.032317081263365,39.66670546314782,1
2026-08-14 00:06:30.800,1.7343616804658597,43.633911995214596,25.493330663949333,50.53541514965116,9.423751459081833,43.46627489868969,0
2026-08-14 00:06:30.900,1.2052919456209512,43.9944592072406,24.428513284674917,50.3216126752422,11.698728122185639,64.93633432428622,1
2026-08-14 00:06:31.000,0.933893123230325,42.80710354457451,23.779133733848596,48.96830929293128,8.532982989406968,43.148715206088085,0
2026-08-14 00:06:31.100,1.5874136169643782,43.56503146535108,24.315651087818296,49.89151084504807,7.482190257149533,34.74151699666132,1
2026-08-14 00:06:31.200,1.9037887154383875,41.8875810246858,23.788820706984147,48.171334159732965,11.536172259756865,51.57772906996003,1
2026-08-14 00:06:31.300,1.1620234245626015,43.4096327738348,24.11581916697421,49.658523454220756,9.462853025701392,50.350167928132095,0
2026-08-14 00:06:31.400,0.9003936158166395,43.27649181800808,24.734002775620592,49.84601927314284,5.793408002277254,44.09536385587762,0
2026-08-14 00:06:31.500,1.463262094266018,42.920349580438725,24.987547116135854,49.664211651733446,10.992262814373053,48.06531840984648,1
2026-08-14 00:06:31.600,1.4650258684891275,43.954780548573304,23.311110818709448,49.75369956772452,7.374522106939161,61.71472503195885,0
2026-08-14 00:06:31.700,1.7193278510217995,42.10832301346116,24.574370304777855,48.75459509505058,7.007529431827386,58.04846918479012,0
2026-08-14 00:06:31.800,1.8798378285457953,42.46838505728863,24.123972955809574,48.84188571857937,10.679013104599136,57.01076248248477,1
2026-08-14 00:06:31.900,1.4762339274910024,42.75923933757433,24.079534530562572,49.07317527872554,7.733503577465261,35.79585458575724,1
2026-08-14 00:06:32.000,2.2422013259177054,41.642501047580375,24.70941490650833,48.42161788416109,9.166875608120868,84.63857674058387,1
2026-08-14 00:06:32.100,1.5896938978141166,42.90737868492376,24.167906546522744,49.24561759642077,9.9858187522124,62.615026523290666,0
2026-08-14 00:06:32.200,1.3614293975972402,40.96985105062341,25.718979274023695,48.373490570848084,5.651170762182847,56.20434275829046,0
2026-08-14 00:06:32.300,0.8553730563588688,43.74407072045921,25.568719212619452,50.66856150879273,9.154551694046607,36.02825870723348,1
2026-08-14 00:06:32.400,1.394936191873533,42.75208827505071,25.568733180244482,49.81466820445824,12.048419315784871,61.37276135280929,1
2026-08-14 00:06:32.500,1.3654452218355455,42.192892727034724,24.232343222170854,48.656414322390724,5.13059856878117,43.98645787640806,0
2026-08-14 00:06:32.600,1.8841219185125881,41.887746741097104,23.86327314409988,48.20828904033216,9.349726666493684,47.66875034436841,0
2026-08-14 00:06:32.700,1.6849934496267416,42.49587604622678,24.703896989018077,49.15467431872871,5.511596796259138,29.830648687288605,1
2026-08-14 00:06:32.800,1.028252351346953,43.42704950907213,24.522995185950816,49.872697159403444,11.064193051521194,35.10220296871389,1
2026-08-14 00:06:32.900,1.568901754564415,43.294863499491015,24.16121618251338,49.58033453757352,11.035716751249314,55.26255798592562,1
2026-08-14 00:06:33.000,1.7686124686916214,42.04992129592874,23.71268798859075,48.27512250256915,6.937032979252704,62.07481610324588,0
2026-08-14 00:06:33.100,2.111212543755133,41.917754293033305,24.625062003982112,48.61575674275857,14.628885956572589,58.21885303754042,1
2026-08-14 00:06:33.200,1.8550015869656238,43.42902739443433,24.340021652666834,49.78470723504174,11.319875927411854,57.809827960915385,1
2026-08-14 00:06:33.300,1.8043386617245911,42.058116005953394,25.218955675971475,49.0395844941293,10.120786955408507,49.22280251648352,1
2026-08-14 00:06:33.400,1.5240343978460655,42.84870790710167,25.205363721030487,49.712394124780964,9.951832688318406,45.11951581560545,0
2026-08-14 00:06:33.500,1.6553248021693798,42.920887498000184,25.55891955762372,49.9545889040143,10.951780727618672,53.466741722784725,1
2026-08-14 00:06:33.600,1.9998019602824635,43.117529709656395,23.675844105253763,49.19011041214871,5.01307277826752,59.85689987720329,0
2026-08-14 00:06:33.700,0.9668890410081401,43.67207273056527,25.009128026384943,50.32600144283167,8.583822795383073,50.05834705920309,0
2026-08-14 00:06:33.800,1.3602242691132176,41.55917408596981,24.11130964871535,48.04706238350247,9.149571156131982,64.52302423896086,0
2026-08-14 00:06:33.900,1.1909725004975038,40.919312420030394,23.721951678525663,47.298214769337335,6.79959181009232,47.41916883420791,0
2026-08-14 00:06:34.000,1.6516612474904497,42.271359186516264,24.360402091087806,48.78828750340545,9.394385808331897,38.236652776447386,1
2026-08-14 00:06:34.100,1.992088870260315,44.64866959803055,25.563248698226715,51.448842366777185,11.695082901302019,49.87565309550799,1
2026-08-14 00:06:34.200,1.2612102853115705,44.87765001273948,24.41543086473488,51.089301570647685,6.73469273670228,51.27166733911482,0
2026-08-14 00:06:34.300,0.5438782530122248,44.69498777067174,25.9706501090308,51.69251975775797,7.836727098886083,49.01563919268309,0
2026-08-14 00:06:34.400,1.335111701990212,42.6791639897989,25.16239002695202,49.54449425250602,5.538244112438166,65.36786673058714,0
2026-08-14 00:06:34.500,1.8653894928069628,41.09836499802851,24.413015664823543,47.80241562266592,2.639032970567623,59.66362376868847,0
2026-08-14 00:06:34.600,1.715051961179952,40.545775700815234,25.661327624605377,47.98399381708607,10.336796541561533,32.82870813653948,1
2026-08-14 00:06:34.700,1.6712744991242305,42.28311136337141,25.094607132643922,49.16910425977895,7.922798615482257,68.41240417037943,0
2026-08-14 00:06:34.800,1.388002679250208,42.7074106172252,23.997243037667374,48.98765757858968,8.142738251458363,17.10299527004993,1
2026-08-14 00:06:34.900,0.9883877055120854,44.21444437088426,26.235333490361395,51.41215628989409,5.039679145479419,75.81229247422996,0
2026-08-14 00:06:35.000,1.706117728649787,43.78995915182449,24.96087527383841,50.40442259320679,7.443489412891427,46.552333837317484,0
2026-08-14 00:06:35.100,1.16628727598615,43.15789349372741,24.773330002429866,49.76265316706104,11.28978136754637,47.725187160181996,1
2026-08-14 00:06:35.200,2.3736386933521825,42.04897836624839,24.078867746389225,48.455221117990256,8.00246401033838,49.27980513231632,1
2026-08-14 00:06:35.300,1.7282028833418064,41.98637830139838,25.71192532987216,49.23371880162069,8.087551274166238,54.62246519408217,0
2026-08-14 00:06:35.400,1.2677406789784196,43.209620269168454,25.187115891147258,50.01461877011376,8.622584833590267,49.996841584797885,0
2026-08-14 00:06:35.500,1.2554459010445487,43.66087828339048,25.28168692696665,50.452313984099824,4.290853614780632,48.399257733952794,0
2026-08-14 00:06:35.600,1.4628223173545647,43.364043289250084,24.377272141382086,49.74627269903704,9.874761392307072,65.70701971227422,0
2026-08-14 00:06:35.700,1.4041992311913,41.94589878985158,25.455578507203,49.065720237502354,4.234405655252508,56.78715295701019,0
2026-08-14 00:06:35.800,1.9467335102119816,43.639499100704064,25.522749758003833,50.555085174194254,5.181153256162921,38.49435374755086,1
2026-08-14 00:06:35.900,1.5745664678976186,43.423077161467134,24.263277125594538,49.742037021458295,4.852355692978506,58.888086972028695,0
2026-08-14 00:06:36.000,1.2073473044365888,41.93483451062929,23.66970843834689,48.15376873091259,7.474325100108364,56.289284038200066,0
2026-08-14 00:06:36.100,2.2561762740623132,42.22951466897295,25.273399831035068,49.21459791765412,6.942641889386428,43.456715293025376,1
2026-08-14 00:06:36.200,1.519723332608089,43.71066633628852,23.55462465735158,49.6532244100125,7.996324885075237,59.505661116345934,0
2026-08-14 00:06:36.300,1.8075358703875588,42.79599754903481,24.939915672778643,49.53278510221592,5.28423152067067,48.10912878532352,0
2026-08-14 00:06:36.400,1.2567093970220964,44.627987108270894,24.465507800150817,50.89418734251716,11.016485960919134,47.33991833449879,1
2026-08-14 00:06:36.500,1.6452462510978094,43.548303805152756,25.803236886084047,50.61878898299771,10.502082706178992,47.01304259080479,1
2026-08-14 00:06:36.600,1.624443996457278,42.56887806335265,24.519030438311386,49.125270820703136,7.4785594613248385,20.86258331657121,1
2026-08-14 00:06:36.700,0.7441402831615388,43.05363837360473,25.724124762000443,50.15322892871499,6.564899850236186,43.67960800478478,0
2026-08-14 00:06:36.800,2.306110044184256,43.135562089087124,24.431939662379225,49.574150445646865,6.261927519964402,58.558078905507216,1
2026-08-14 00:06:36.900,2.016257784369019,42.352123105661434,25.648300855389582,49.513005042369215,7.069565014967962,49.731065085154846,1
2026-08-14 00:06:37.000,1.341121873541605,42.17625994317927,26.5015821198836,49.81135169468464,3.7992643137464697,34.577762841731,1
2026-08-14 00:06:37.100,1.0590921038176577,43.79857275762013,24.00387200759339,49.944978195625126,5.121178063364479,61.57557506230445,0
2026-08-14 00:06:37.200,1.6390246455214208,43.950790883306475,25.096939129143355,50.61154387014945,10.580361175954899,46.41679808547925,1
2026-08-14 00:06:37.300,1.5346790797657586,43.71763377827107,27.067337317958923,51.41859831476544,8.905437458227606,35.341094112061725,1
2026-08-14 00:06:37.400,1.6422675794252917,44.637505125495665,24.926583280225454,51.12574124503885,12.902823457929593,76.47214954005219,1
2026-08-14 00:06:37.500,1.576630958477636,42.588748517614,24.927743668359085,49.34768388376485,7.102414549492035,37.36192886614693,1
2026-08-14 00:06:37.600,1.7024963957223704,44.81312724215047,25.514113043528425,51.567299111152956,6.915460318679398,60.553898135428526,0
2026-08-14 00:06:37.700,2.0789222797567226,42.246270079978935,24.92117941039566,49.049082752643315,6.7763032263690555,40.76823078974475,1
2026-08-14 00:06:37.800,1.7272412820514584,42.14284035761833,23.52753475693566,48.2655558876775,7.042506550345494,51.629922014885864,0
2026-08-14 00:06:37.900,1.0801378004360236,41.40390176129132,25.804146285935495,48.7866482411389,6.020137960560206,39.1738284395819,1
2026-08-14 00:06:38.000,2.045025141084981,42.7264000520675,23.300958488444437,48.66703122124386,8.8129646440616,35.128349824716096,1
2026-08-14 00:06:38.100,2.156245825395315,42.6768077515186,24.574884732098162,49.24667379078499,8.087312201445235,56.26643053605691,1
2026-08-14 00:06:38.200,2.760822693804834,43.71480209105645,25.8792594858064,50.8007873304532,6.470256494485183,54.86348654161281,1
2026-08-14 00:06:38.300,1.0506023867041607,43.44109047487599,24.6330857770391,49.93913552060475,11.753446739056708,63.73579333062877,1
2026-08-14 00:06:38.400,1.59715280526011,42.012560884690146,24.368363359454047,48.568224230541716,13.689748767458921,49.58741683644964,1
2026-08-14 00:06:38.500,0.6671605187244051,42.821142739737205,25.631732511031068,49.90627192101204,11.4997316167202,76.64422152951789,1
2026-08-14 00:06:38.600,1.7212596625516836,42.85074167952908,24.252430390902553,49.237855785475716,9.674372039250185,53.22016000924443,0
2026-08-14 00:06:38.700,1.280719880733291,41.45455617610861,23.960542478168744,47.88097559163006,10.285309178791323,56.80129617484655,1
2026-08-14 00:06:38.800,2.2693783179299816,42.257926418510884,25.16293507730918,49.18237130209519,13.569246553479005,33.69884905871326,1
2026-08-14 00:06:38.900,1.190154011992567,42.476394237363905,24.801986082056725,49.18721969193316,10.28095794727827,42.63098821852963,1
2026-08-14 00:06:39.000,0.8243267848130953,44.68916761025268,23.95838706290797,50.70627192323819,6.244442442202146,56.236156406191725,0
2026-08-14 00:06:39.100,1.311494503718992,43.45532802884283,25.467888419727185,50.368431330090154,9.176817579951646,48.989266851037,0
2026-08-14 00:06:39.200,0.709804891513145,43.93438078928672,25.33491730566532,50.715755443677914,9.878732798189953,52.25219762041563,0
2026-08-14 00:06:39.300,1.800439781802924,41.78191126064375,24.680524041391273,48.526862411967265,5.015848177892241,40.20207493142968,0
2026-08-14 00:06:39.400,0.6739667814974717,44.483095963260695,24.74026328324807,50.90016162843781,7.145207544070466,51.46336368165946,0
2026-08-14 00:06:39.500,1.5113830324732636,44.598318265724544,25.354643915227594,51.301734475540364,11.301175472166399,51.42255069910083,1
2026-08-14 00:06:39.600,0.6688752720575213,41.30720595800956,25.935619690894168,48.77439525825121,2.5295217948512416,35.834779761377135,1
2026-08-14 00:06:39.700,1.3718808781853433,42.60856892369208,24.762096820477304,49.28135128699,4.248714364878218,57.710598136167086,0
2026-08-14 00:06:39.800,2.1573512623218134,43.81798594307718,25.517083016443525,50.70638438871165,7.470778839115017,29.599220636984374,1
2026-08-14 00:06:39.900,1.6442591565743179,43.9749435460536,25.45049322917693,50.808692814192554,9.061038786517113,52.210856967172205,0
2026-08-14 00:06:40.000,1.1546025580140264,42.660395084481934,25.706779723148678,49.80710624497852,3.9271026651532788,71.18711232590601,0
2026-08-14 00:06:40.100,1.4875186044243665,43.04172507436925,25.039782081448514,49.79538918478313,7.619632245002176,58.16660645382899,0
2026-08-14 00:06:40.200,1.5072067488177787,42.7581781988315,24.283475144672902,49.172644508760925,11.4613056172657,58.09159095244525,1
2026-08-14 00:06:40.300,1.6890521383373622,43.474312029276504,24.648337066838256,49.975557291333615,8.205954371222852,39.23087990061578,1
2026-08-14 00:06:40.400,0.9532566546876694,44.56940723624604,25.2976199954958,51.24843059867151,10.817266830893391,71.22874463783432,1
2026-08-14 00:06:40.500,1.7370269095389324,42.609521270096664,26.483109559048,50.16897841080043,6.22365763599499,66.52061713522747,0
2026-08-14 00:06:40.600,0.4182433473588898,44.38971864746003,24.64612319125795,50.77281270482584,5.5702494296324545,39.876919725253195,1
2026-08-14 00:06:40.700,1.248046179054476,42.615560799798466,25.682169678109133,49.75600327253494,10.546621490855141,44.30284109822148,1
2026-08-14 00:06:40.800,1.304690463019382,42.55794038210222,24.780895396218053,49.24704119238909,9.10779660396857,65.05587253912026,0
2026-08-14 00:06:40.900,1.7533307304284955,44.23249693539605,25.136716394940613,50.87600904414081,4.443211976676622,71.5537685398011,0
2026-08-14 00:06:41.000,1.5090523410707477,44.3441734175142,26.265659623114825,51.5392141143023,5.597477251511633,34.823767578916545,1
2026-08-14 00:06:41.100,0.9377747784574854,44.28198169872298,25.669777122312542,51.18428822085189,12.693743723172243,37.95547076330508,1
2026-08-14 00:06:41.200,1.106002749673194,42.12310907619593,24.07030447245568,48.51531588727234,5.226334341592052,48.27455892293397,0
2026-08-14 00:06:41.300,1.5794720038189627,42.98129022879576,24.610364705071415,49.52838944129517,10.802986240177994,23.946871646689818,1
2026-08-14 00:06:41.400,1.4683730632541774,44.27856452132487,26.07832263314602,51.38745165337142,6.565439908298901,50.22854192251308,0
2026-08-14 00:06:41.500,1.2683503561457015,43.50545249233919,25.191848825167973,50.272792281643746,7.990472429698606,64.22892216835982,0
2026-08-14 00:06:41.600,1.3076664841952081,42.398552528031566,24.164275128844732,48.80112139054548,8.883777862830117,32.73635580517101,1
2026-08-14 00:06:41.700,1.7784671988637157,43.93889803580822,24.433186102030692,50.27531545100058,1.6970563685012046,51.525283579701046,0
2026-08-14 00:06:41.800,1.292922970852314,42.77410756014505,25.656143709650852,49.87847218607558,3.6118479937181025,43.01875154005624,0
2026-08-14 00:06:41.900,1.4647635023883707,45.29177438998248,25.893877949928267,52.17123482033806,8.258999056361487,69.67935138504701,0
2026-08-14 00:06:42.000,2.3679746352322173,45.050425726462265,25.117634799612144,51.579418725516675,5.827077308648359,43.16249765440339,1
2026-08-14 00:06:42.100,0.9305269452464308,44.118016412853315,27.088602432647534,51.770568414484615,10.989743885823867,68.227917052983,1
2026-08-14 00:06:42.200,0.7592629073701365,44.88326041372126,25.772674116135406,51.756524192244925,3.1816373573956263,42.830539150265274,0
2026-08-14 00:06:42.300,1.8134358659194427,43.59537978152861,24.92356820313682,50.21694325894524,9.695765168773962,59.25410966400956,0
2026-08-14 00:06:42.400,1.2285427754823588,44.30436064823399,24.47078905383591,50.61319876639018,3.871336338787021,53.02334742035239,0
2026-08-14 00:06:42.500,1.372704988902952,45.02497817161479,24.348447282076396,51.18686886695104,6.943685017566715,48.34072800182838,0
2026-08-14 00:06:42.600,1.1875374487475543,43.80109128056077,25.401692615644173,50.63379884136374,4.806866707286108,40.51365717135229,0
2026-08-14 00:06:42.700,1.396079943692995,43.30874014970591,24.747334756801397,49.88063302445087,13.707289641413594,53.877145055814715,1
2026-08-14 00:06:42.800,2.1394152448385366,41.86764008549683,26.482352229391108,49.540026906838044,3.9815235110898923,44.713576850181056,1
2026-08-14 00:06:42.900,1.8208513834472477,43.49746324040619,26.321407502010903,50.84137882903456,7.633820913892929,41.72280530230235,0
2026-08-14 00:06:43.000,1.8448894047547908,44.41235467314374,25.65981213114664,51.29213591008716,2.8194915559395444,67.67267289650864,0
2026-08-14 00:06:43.100,0.9335091776829417,44.5428996386028,24.215162788255586,50.69954651746265,12.798710366211768,56.57036272991873,1
2026-08-14 00:06:43.200,1.0395385053788524,44.10996599920732,24.625585462051426,50.518398230743855,9.203847248531616,57.723667422886436,0
2026-08-14 00:06:43.300,0.3643685362058291,43.07263656098041,26.172903414158473,50.40111996217122,8.410919268796004,45.30081777665285,0
2026-08-14 00:06:43.400,1.1762476715668984,41.6454488094488,24.72290926720176,48.4310401413671,12.422938817875178,47.76825983500034,1
2026-08-14 00:06:43.500,1.8826812745542634,43.135390002845405,26.076076447645708,50.40459932983337,8.442267324267837,47.01707999178666,0
2026-08-14 00:06:43.600,1.7067786062993484,43.33459495224993,25.56304703241014,50.31258782110872,8.65871406842323,54.046866950011726,0
2026-08-14 00:06:43.700,1.4113946948191505,43.334345578567614,25.229739035305126,50.14384546993102,8.395175864195455,57.70164142211007,0
2026-08-14 00:06:43.800,1.4910798865127788,44.27416562518929,24.63109931057847,50.664512186088125,9.690902976329358,49.63698355626114,0
2026-08-14 00:06:43.900,1.2244457829698376,45.649620401679954,25.122971319579264,52.1061563612389,6.522675848236212,40.48826006983231,0
2026-08-14 00:06:44.000,1.5819035529607137,43.795807914959944,25.35508559177123,50.605860888736125,7.357138077910003,59.126845484318586,0
2026-08-14 00:06:44.100,1.806351311792246,43.46388164641613,26.034399179984458,50.66457291280017,10.431003885372338,50.40084641850004,1
2026-08-14 00:06:44.200,0.8536452850358108,43.429726345022246,24.5047804143088,49.86607457537651,8.832118854673645,32.709963454748234,1
2026-08-14 00:06:44.300,1.6198590751349393,43.82166764738779,25.008116254267158,50.45537071497002,7.657268257693623,24.376462999043742,1
2026-08-14 00:06:44.400,1.8729739483818668,42.87732384258542,25.259229067306123,49.76438036363546,3.798432826907863,53.57476610552568,0
2026-08-14 00:06:44.500,1.333959884414652,43.834150884133614,25.75851408138147,50.842244555229065,12.494150853609785,40.046314413467556,1
2026-08-14 00:06:44.600,1.7802802448482336,44.173099384173106,24.506600758686563,50.515702409742765,6.015637670147688,55.17274555275743,0
2026-08-14 00:06:44.700,2.625861777789021,43.94030783386953,24.185117227867256,50.15646067916772,10.96171171525777,40.69258029363279,1
2026-08-14 00:06:44.800,1.4582628828052433,44.19649842675357,25.782546017017314,51.16708074832535,8.527260955064257,51.598229269940084,0
2026-08-14 00:06:44.900,1.6573228200021295,44.18103882455107,24.03401543716416,50.295109997397695,4.119648431810389,45.4591816644549,0
2026-08-14 00:06:45.000,1.2047771665354434,41.98372925540983,26.2813593344035,49.53123631260977,11.756826432591845,71.02304972327966,1
2026-08-14 00:06:45.100,1.57250046504082,44.40083081850542,25.133635518079686,51.020911514096035,8.763621939198618,61.40378789382373,0
2026-08-14 00:06:45.200,1.6841086499929214,43.1012805369013,24.0253523637187,49.34509033451566,12.006036070211128,66.16756280225397,1
2026-08-14 00:06:45.300,1.5779369361080553,42.68479094201354,24.884041887487708,49.40857130520619,7.452773897792244,50.28857322942879,0
2026-08-14 00:06:45.400,1.0921218721164574,42.684512999616246,25.576677802938136,49.760768658147924,10.112153689901163,59.86833126937857,1
2026-08-14 00:06:45.500,1.5825447085301803,44.23084116039752,24.85221885991101,50.73460448271211,2.7124186659649583,51.0998009312137,0
2026-08-14 00:06:45.600,2.0848783754870546,43.58305934515387,25.29940436248672,50.39387783233015,6.499352409218728,67.63509640920472,1
2026-08-14 00:06:45.700,1.679454305805811,42.13200021084706,25.880444089463715,49.44595866230803,4.181020003306185,49.12925521692472,0
2026-08-14 00:06:45.800,1.8847948756287365,44.30034153247849,25.131629962061634,50.93249536832289,6.8756484498848245,33.23012791567048,1
2026-08-14 00:06:45.900,1.405195211994949,42.391030308941126,24.54873692267107,48.986119821354286,9.415435218518436,26.016541696952736,1
2026-08-14 00:06:46.000,1.7999600957694843,43.97879452071191,25.064196699418748,50.61964365423914,6.186259737037563,70.01973343477418,0
2026-08-14 00:06:46.100,1.6117071352866104,44.08580681032049,26.44025683995587,51.40666828223488,10.591526280916344,55.74205368981031,1
2026-08-14 00:06:46.200,1.1196357081251072,44.74121968879623,26.661437040527257,52.08271272031754,5.430162069349966,56.531082200500904,0
2026-08-14 00:06:46.300,1.6274084019195498,45.645662116021775,23.702445458579138,51.432794895153656,10.655709840949935,67.87577410749898,1
2026-08-14 00:06:46.400,1.1033213346238757,42.50763572610813,26.196209558558383,49.93135778505737,11.929271497622109,30.179180675288535,1
2026-08-14 00:06:46.500,1.2468478900460833,43.82817291839935,25.528506237505734,50.720936230352486,11.040578405272957,45.69678541721831,1
2026-08-14 00:06:46.600,1.5757313229169496,43.61264620187193,26.072575041445813,50.811830099116456,6.9674328445106815,47.167162044619594,0
2026-08-14 00:06:46.700,1.6188977093520496,44.33106590533085,24.897999123407835,50.8444074078163,1.6236392061675708,58.90730279848418,0
2026-08-14 00:06:46.800,1.0243070139691484,44.121319712757256,23.928779757492993,50.19240334829513,9.746500990212043,41.68831729878941,0
2026-08-14 00:06:46.900,1.9215943084731504,43.561439421540754,25.815982429484396,50.63658710138364,7.624295855854088,35.58351507782252,1
2026-08-14 00:06:47.000,1.7288025113201893,43.48141819812026,24.600610423012498,49.95822016149749,5.06482117961794,35.47581618803471,1
2026-08-14 00:06:47.100,1.2181086257556464,42.81420425400081,24.24775912032304,49.203759086684734,6.331162805388769,63.793016915264246,0
2026-08-14 00:06:47.200,0.8849660814203298,44.92685141404511,24.30867279300439,51.08163614193499,12.303275949334404,41.08961487436259,1
2026-08-14 00:06:47.300,1.4420381683674275,44.40652873569188,25.84912575838768,51.3820697989753,4.587979398169536,43.37579018813826,0
2026-08-14 00:06:47.400,1.321622514455536,44.87342747434123,25.48495753875101,51.60530548351501,9.404927526863636,57.61397780873486,0
2026-08-14 00:06:47.500,1.545256182821209,43.65359786252432,26.00436921689964,50.81204409106,8.653874526912212,41.612655101181204,0
2026-08-14 00:06:47.600,1.3547533355377734,43.31549325275914,25.918657436469235,50.477804617860166,6.927837006010304,29.5406189269323,1
2026-08-14 00:06:47.700,0.697017255701996,42.90234837727809,25.051651214677378,49.6809493152776,9.93359806193914,31.019585915301214,1
2026-08-14 00:06:47.800,1.3446612246795366,44.34791575010172,25.337020040714673,51.07545610096592,12.896735776696596,49.3183112394145,1
2026-08-14 00:06:47.900,1.3777523555726747,42.957539664286564,24.98924971026285,49.6972113411872,7.112085488341405,55.96794116438266,0
2026-08-14 00:06:48.000,1.7534644099096235,45.854330680235094,25.235138348468734,52.33958205410802,7.270457155768696,47.573057073794956,0
2026-08-14 00:06:48.100,1.2207201301555801,42.70635975262884,24.63459760984852,49.30209491208372,9.8661947149706,55.16531244570883,0
2026-08-14 00:06:48.200,2.1714698693490266,44.29599717538853,25.725789668805085,51.224521665366744,10.754728464305003,30.64594968790837,1
2026-08-14 00:06:48.300,0.7353437797392971,45.59752648584355,26.278499666363267,52.62788202409687,7.6168783785540946,31.456357508382702,1
2026-08-14 00:06:48.400,2.0244669991210498,44.638096260347325,24.77011347679332,51.05015337294543,7.083878791719055,77.0472309955309,1
2026-08-14 00:06:48.500,1.4102724116487582,44.22301493602903,26.45342045044343,51.531141104774555,1.3470604378407192,64.79341126564016,0
2026-08-14 00:06:48.600,1.8438339489374225,43.087192299029105,25.524222764776955,50.0798571080177,5.66597326290034,59.22766270278221,0
2026-08-14 00:06:48.700,1.5319205936234932,42.682241479877035,25.631269582191496,49.78690307843531,4.582064983797348,42.08330395118673,0
2026-08-14 00:06:48.800,1.9558222144101878,44.842395499816064,24.083863618853076,50.90061808046577,10.053874988935673,47.143925711234594,1
2026-08-14 00:06:48.900,1.3450552141788754,45.586827354127166,24.00259822035875,51.519739416489344,7.268291154197474,49.9798721943968,0
2026-08-14 00:06:49.000,1.0605518299288752,43.650164845327794,25.568701991707325,50.587502533382974,7.150935183383215,65.77215336459828,0
2026-08-14 00:06:49.100,2.068201714908425,42.958288050643354,26.09019543466143,50.26044975983478,7.972831209131057,54.8333931973411,1
2026-08-14 00:06:49.200,1.4546077416471435,41.64751485016443,24.92630621351211,48.536957410250174,5.3894705896238,56.31096561545362,0
2026-08-14 00:06:49.300,1.5886233894496842,43.13325415950466,26.80448652236679,50.78344328731727,12.659741560066262,47.98814077859,1
2026-08-14 00:06:49.400,1.993900765617918,44.00869688312189,26.061361014776015,51.146455784276874,11.894581735089833,59.51198080208101,1
2026-08-14 00:06:49.500,1.087217903162226,45.72981168891141,24.75174006747842,51.998695305472,12.854320349143062,53.62787296917528,1
2026-08-14 00:06:49.600,1.738196359055703,44.812156862761384,25.50809283595986,51.56347741202759,10.050251693716675,50.528272792948165,1
2026-08-14 00:06:49.700,1.2640420974148436,44.45244329768891,27.469958042768027,52.25531848535308,7.911565654934188,41.08298993376474,0
2026-08-14 00:06:49.800,1.4471322577422512,43.75557295413477,24.49936436702178,50.14747270733299,12.844187909020654,48.63713909478041,1
2026-08-14 00:06:49.900,1.5289115861537155,43.580861620633684,25.921032353865872,50.706916864338965,5.957099492261062,37.04560755464053,1
2026-08-14 00:06:50.000,0.8999112554212255,45.578009657851354,25.245221594027363,52.10255442588911,5.3863730629009625,49.51833192815654,0
2026-08-14 00:06:50.100,1.188465182871826,44.381435323555515,26.073935102413092,51.473895258701674,6.195465455690423,51.06693629557879,0
2026-08-14 00:06:50.200,2.0404291569652555,42.086430813329855,26.527237820205233,49.74898998949554,9.568613800742895,21.145779384724236,1
2026-08-14 00:06:50.300,1.8544764754339182,43.52382657980737,25.209430065653677,50.2975033613422,5.713684419836982,47.235925530793956,0
2026-08-14 00:06:50.400,1.474944169069106,43.34748491838673,26.418550387460755,50.763611507895774,7.533881035346004,35.88943754474489,1
2026-08-14 00:06:50.500,1.5972493834051573,43.667771663434635,27.30538411898483,51.5020221344286,3.1944341183456713,55.983671906200335,0
2026-08-14 00:06:50.600,1.3823029977454169,44.78528105535092,25.586442026914895,51.57894352159077,9.443292996284733,57.64591692261194,0
2026-08-14 00:06:50.700,2.0426333543311928,44.12326023572533,26.1663340205071,51.298529510135936,3.448689898450673,44.883922188016186,1
2026-08-14 00:06:50.800,1.4198589688823344,44.162174432969664,25.07107128782138,50.7824405298432,5.203516835403914,56.58826504546299,0
2026-08-14 00:06:50.900,1.5927368368539392,45.5608477237523,25.563832184681214,52.24270629737216,11.651501404689931,57.09280323602073,1
2026-08-14 00:06:51.000,1.958412057656826,43.55924819509412,25.412085496761897,50.42997315700799,11.54095495095833,47.243409927058785,1
2026-08-14 00:06:51.100,1.1890514060616373,46.128243533221905,26.195975144927612,53.04756323577826,9.122939268639493,68.4114437036439,0
2026-08-14 00:06:51.200,2.1235156737987575,43.601071138417204,26.52716798647852,51.036693131512436,8.826990745205691,41.299100755921984,1
2026-08-14 00:06:51.300,0.8878154361026492,44.36991164885461,25.480704192051256,51.16595885791629,6.407121058537222,67.656388439038,0
2026-08-14 00:06:51.400,2.1518568524451194,44.007844579293014,26.80032718140381,51.52618675533346,5.681289008773396,47.29760684980153,1
2026-08-14 00:06:51.500,1.3509297664192101,44.42080203065048,26.80246769153902,51.88043877418767,6.913274906727861,39.88008376128839,1
2026-08-14 00:06:51.600,1.4029205008698873,44.7503096146764,26.260913566305884,51.88666294864594,3.4590374766130463,45.78141829034741,0
2026-08-14 00:06:51.700,0.7439959315268228,44.74788758214588,25.175610179856825,51.343790189198884,8.75734566486099,36.80732926724812,1
2026-08-14 00:06:51.800,1.3180821130489229,43.56926973389017,25.10396918531453,50.284098222019445,8.14649337442523,59.414694408670435,0
2026-08-14 00:06:51.900,1.0840773875892462,43.20780710951692,24.948527988426665,49.893322639432725,5.1997361998692,30.766772263096684,1
2026-08-14 00:06:52.000,1.256941461850611,46.842228300323946,26.36276676184147,53.75118439140596,12.706045756524073,66.67530264522591,1
2026-08-14 00:06:52.100,1.4450756136844483,43.86340689227142,24.639020173131694,50.30983779827714,9.820741130861144,38.76959357904248,1
2026-08-14 00:06:52.200,1.8831166457891624,45.054938392997705,26.154905695884242,52.09632007692498,10.07552541202657,60.03984046215145,1
2026-08-14 00:06:52.300,1.5830413405602504,42.75641936625626,24.75354892780839,49.404955030285954,6.5379802218825045,50.29071033272562,0
2026-08-14 00:06:52.400,1.6230706613604455,44.09278267932852,26.282274135413502,51.33158304723827,7.99600976592103,53.249783396595156,0
2026-08-14 00:06:52.500,1.0617922444617751,44.2535307377045,25.642213739196617,51.145851329307256,9.882118010562266,42.91947954467163,0
2026-08-14 00:06:52.600,1.147698364158908,44.86187991406852,26.700349755972276,52.206292211912086,8.458347101300706,54.233696003997586,0
2026-08-14 00:06:52.700,2.219490007340525,41.67494542560249,26.551603402613676,49.414458607543516,12.805702354309615,51.61969146261037,1
2026-08-14 00:06:52.800,1.2059195860947014,44.5718749021265,26.791492903030594,52.004193333460655,7.388637291749746,32.505067181968066,1
2026-08-14 00:06:52.900,2.1624833008229185,43.26432755613402,26.81709638153244,50.901460659011136,6.486318403291668,38.4499999648009,1
2026-08-14 00:06:53.000,1.4027755204476533,44.74674944515058,25.768346907563956,51.63602703787003,9.902758629414278,43.509054667882324,0
2026-08-14 00:06:53.100,1.5009151744574016,43.39440925957124,24.73140862070596,49.947145337361285,4.206058183140463,40.94004178248261,0
2026-08-14 00:06:53.200,1.9281460640919719,43.58359048293756,24.821425463319983,50.15608159949853,10.772890796924337,65.03373134460381,1
2026-08-14 00:06:53.300,2.0087569687754625,44.17378029092362,23.998965917337383,50.27199250370243,4.097864598224051,50.08417020616999,1
2026-08-14 00:06:53.400,1.455674975888365,43.40341315416743,24.806512907519902,49.99219295112294,9.915753998175651,40.65594382832142,0
2026-08-14 00:06:53.500,1.3447027785913845,43.98854289948901,25.733505333898343,50.96278252990078,6.055179337482012,44.110762111963524,0
2026-08-14 00:06:53.600,1.4776318205911148,43.2790363001348,25.235723896546737,50.09906928927049,9.42975244095018,43.9464429974352,0
2026-08-14 00:06:53.700,1.6351830112928474,42.64757633943312,25.544339591151235,49.71246375684706,10.722028838183052,46.54340633593921,1
2026-08-14 00:06:53.800,1.8565214747479022,45.507038566014955,26.08762124372048,52.45430908137661,8.460263586511756,37.09604714336481,1
2026-08-14 00:06:53.900,1.5016919435976606,43.201367543215405,25.455197535171,50.14304776495502,4.401137145077961,40.232826672832175,0
2026-08-14 00:06:54.000,1.7475545192092614,44.3270700708851,24.805987534765784,50.79592659499493,5.309674266478544,59.19928293397052,0
2026-08-14 00:06:54.100,2.1553438929083764,45.266976762440606,25.66586447451735,52.03686947190069,5.814022576898653,52.22411724040296,1
2026-08-14 00:06:54.200,1.6525238449059139,43.907476300884525,24.994659852622064,50.52325698389815,2.314979319206678,48.1719494415176,0
2026-08-14 00:06:54.300,1.6246611424019113,43.70558922610877,25.501823877929333,50.60159632563267,11.382433576195787,50.0314738077812,1
2026-08-14 00:06:54.400,0.8924356699639728,44.76532793697547,26.797675480523235,52.17326898388093,8.330322757268986,49.453270921095076,0
2026-08-14 00:06:54.500,0.44770794526837454,45.665358393488944,25.512050499180138,52.308600419801984,4.593445864433016,47.49042674322027,0
2026-08-14 00:06:54.600,1.6553502916920673,43.38644402812906,27.150221618607517,51.18122760686264,12.367024572375072,56.20525806448975,1
2026-08-14 00:06:54.700,1.462070307487651,44.41394618365184,26.883765198951945,51.91662014111378,5.89601569958551,55.317919830175114,0
2026-08-14 00:06:54.800,1.2940869300341031,42.83993414315569,25.28001299601058,49.7427282571873,8.751717467224614,31.138844321273417,1
2026-08-14 00:06:54.900,1.5974120816745379,44.18756245689457,24.85955906321344,50.700476848836004,5.524188364411394,48.421253769089084,0
2026-08-14 00:06:55.000,1.4758385083212366,44.623302867568576,25.711415580282146,51.50064125768464,1.945219540012916,31.93016720791082,1
2026-08-14 00:06:55.100,1.9511121002535594,43.74280826372918,26.68112195400806,51.2378331267241,3.9066783234462177,57.62692644146848,0
2026-08-14 00:06:55.200,1.5344443473035911,44.14877579411275,25.371307851779846,50.91971785299504,6.654528707400706,59.2119986822034,0
2026-08-14 00:06:55.300,1.2012306859719328,43.205875582084275,26.494933648844754,50.68263207323818,10.694890613618144,42.67065322829965,1
2026-08-14 00:06:55.400,1.8960664955837156,44.69951568422697,26.740214235016158,52.08728980988561,9.039599440457735,48.59889253598341,0
2026-08-14 00:06:55.500,1.413147570021519,45.68646604418236,25.159242556889446,52.155926467110376,8.420615378513736,24.66271643453305,1
2026-08-14 00:06:55.600,1.710614673468923,43.541962647982494,25.242623040020906,50.329837364916024,1.9699171317653548,61.673477769104316,0
2026-08-14 00:06:55.700,1.3090357175228797,44.02476947365432,26.358594369825624,51.31233598620714,11.810258443040285,58.51608488301682,1
2026-08-14 00:06:55.800,1.2400692458010254,45.15832220911462,25.914943617309522,52.06590407772198,8.671039089486667,63.80102314085031,0
2026-08-14 00:06:55.900,1.5336672920742784,45.87620140443692,25.24961718983357,52.3657237468709,7.64174699032352,67.8385296840452,0
2026-08-14 00:06:56.000,1.5051314574174741,43.179255595358995,25.52172288604509,50.15781547118473,11.397269329966687,35.3106884842787,1
2026-08-14 00:06:56.100,1.6919308141467333,44.51199539260572,25.752052435831068,51.424565515803295,11.742490170704821,60.6565304196613,1
2026-08-14 00:06:56.200,1.392541698676103,44.972245674794934,24.56158537152088,51.24231022306294,11.463770742827574,67.75165333302152,1
2026-08-14 00:06:56.300,0.765456086491841,44.595393184300306,26.43098423014365,51.83961825318972,7.258740509890137,32.06506554764917,1
2026-08-14 00:06:56.400,1.3268904465646445,42.2289922305058,25.440516827278387,49.300179322626754,4.989570317647413,47.94546545785144,0
2026-08-14 00:06:56.500,1.8175273868575264,45.215209029145406,23.601498432863504,51.004370948241004,10.966768751426219,45.63917620124691,1
2026-08-14 00:06:56.600,1.3810495683027575,46.24179009338102,25.81437547072667,52.95927805384026,3.9048366707887485,60.26554237029798,0
2026-08-14 00:06:56.700,1.4014466389941809,44.847450215913625,25.24521607173167,51.46469396952896,13.841770215992847,21.272707203871043,1
2026-08-14 00:06:56.800,1.8945506023623748,43.708017133903596,27.194531666160863,51.47750299227262,8.083998635583688,71.79149235478633,0
2026-08-14 00:06:56.900,1.2152107090964308,44.234330663287324,25.380118729054992,50.99829836308236,4.8173472329012474,48.64955522966488,0
2026-08-14 00:06:57.000,0.8828787127028401,46.52570569976094,24.975360888400324,52.805396905681945,4.304394337530169,60.993132824205745,0
2026-08-14 00:06:57.100,1.4357475521898022,45.67408989541965,26.26482254870507,52.687412076224064,4.167185527831821,49.27715314770091,0
2026-08-14 00:06:57.200,1.3063304195005052,45.41248869539716,25.335119351801634,52.0015615350117,8.42108872016253,55.90550061175609,0
2026-08-14 00:06:57.300,1.1135014720986984,45.13720938300095,25.24491311867816,51.71724382886696,7.980823039820638,22.142980896606204,1
2026-08-14 00:06:57.400,1.4298486176405236,44.12799440972935,26.281080019411718,51.36122134073358,4.292233479472421,45.38141152639148,0
2026-08-14 00:06:57.500,1.6966022588987135,44.596895063718286,25.046105900312785,51.14870936880014,6.930632640332294,60.173134536124145,0
2026-08-14 00:06:57.600,1.4962845753728737,44.72787823114929,24.71766165353712,51.10328647630461,3.8961938417259727,53.46478816056433,0
2026-08-14 00:06:57.700,1.622792429074495,45.363710005345986,27.2692798152444,52.92900723697,9.767905417832518,30.357906887278908,1
2026-08-14 00:06:57.800,2.2253630794061694,46.331389306002194,26.35708123712169,53.303783790314235,7.836220201661859,50.737098726519356,1
2026-08-14 00:06:57.900,1.3628484553769744,45.949143270982155,25.687115652517928,52.641729434765686,6.8647924822476565,40.175092089661945,0
2026-08-14 00:06:58.000,1.6113394538578678,43.419755500846726,25.900702146224116,50.55810063106335,4.135667809797418,39.134968985918746,1
2026-08-14 00:06:58.100,1.2963146549603461,45.07146954799756,26.313176233950838,52.190234821612236,7.099533199331704,31.751668720199387,1
2026-08-14 00:06:58.200,1.1614561120452107,45.592572646718146,26.692155540620895,52.83137181591039,6.75581635596102,57.42443146288556,0
2026-08-14 00:06:58.300,1.266036938632892,45.48300435414863,25.31370618135039,52.05273677449861,8.95318010362879,63.35617332722762,0
2026-08-14 00:06:58.400,1.3084965713913246,44.24324498307032,26.21640446864719,51.427274766369656,8.501053934350882,75.44171760995414,0
2026-08-14 00:06:58.500,1.6437903190188503,47.79492268467985,25.5231247403787,54.18288042313232,10.376180306238027,32.31141929908486,1
2026-08-14 00:06:58.600,2.439630314680303,43.612063629034104,25.78230391920904,50.662997240248046,6.546270369484813,59.20846593471771,1
2026-08-14 00:06:58.700,1.2135826254896638,43.81429446715292,26.067044042263305,50.98218497431904,2.4187654934105165,59.9980564450509,0
2026-08-14 00:06:58.800,1.333349877753815,45.139412717534285,25.93814772332149,52.06106114747128,10.97327862979412,43.033943873383905,1
2026-08-14 00:06:58.900,1.4747507947555007,47.03095541369031,26.536944933877933,54.00111307693755,5.1919024608554585,38.98905937508803,1
2026-08-14 00:06:59.000,1.6583195394838988,44.086292230476026,26.343161496000594,51.357212932900666,4.679248840954234,36.971092148396835,1
2026-08-14 00:06:59.100,1.6054203247819139,44.66499343798694,24.75195771468262,51.06487099293264,7.870650364658744,43.67176107847742,0
2026-08-14 00:06:59.200,2.0136383175792467,46.016450199103375,24.877235350000255,52.31052023814964,8.90681153886355,52.431459150271394,1
2026-08-14 00:06:59.300,0.5294431717859167,44.92962909365369,25.67272140131742,51.74707909286237,6.407490782855952,66.32134412608175,0
2026-08-14 00:06:59.400,0.5452280519217308,44.62122211646487,27.43639579255056,52.38138292611583,6.3839219555956195,63.264060056121394,0
2026-08-14 00:06:59.500,1.3016487311959404,45.529793595335626,25.29722295006806,52.085617917226585,6.826921046703335,30.61499666877605,1
2026-08-14 00:06:59.600,1.9389200750174835,45.245013406132244,25.816919081851392,52.09246153715477,12.24962105297943,40.533881016793856,1
2026-08-14 00:06:59.700,0.8737407873577614,46.01126892399318,25.55942126144862,52.6338378157646,7.991965737325603,65.59568449171366,0
2026-08-14 00:06:59.800,0.3,46.2806337498755,25.550263409215617,52.86504535674227,5.096111481614612,41.22688600885918,0
2026-08-14 00:06:59.900,1.7284717624876835,45.30450264326924,26.14109154508237,52.30539768439168,5.126649929291098,49.317030039077885,0
2026-08-14 00:07:00.000,1.5974628894810858,45.29756703109592,27.124122404387094,52.797609748404355,7.247347461252892,29.536532784630975,1
2026-08-14 00:07:00.100,1.063916637280228,45.228280010457496,26.373276136807288,52.35596438699833,8.713573802084023,63.836400986155375,0
2026-08-14 00:07:00.200,1.105784159711628,45.511634307274385,25.37067748123339,52.10547124032023,9.451940485898572,27.047021529783343,1
2026-08-14 00:07:00.300,1.11210251214613,45.08600911095031,28.221086692489877,53.19001740606712,8.372475811541646,30.286273030560572,1
2026-08-14 00:07:00.400,1.544214126989576,45.03856471321029,26.086362494088455,52.047772474900555,5.474379947248734,62.60980473004044,0
2026-08-14 00:07:00.500,1.2494738895267972,46.244135038813575,25.56672798568611,52.84105984347864,6.7281761013176515,73.04074015479868,0
2026-08-14 00:07:00.600,1.6976255675902079,46.57195882079511,27.163182684006117,53.91461621796565,10.201723645593873,46.512666983301024,1
2026-08-14 00:07:00.700,0.3581493348382436,43.5566244182604,25.663249923381237,50.55474188781231,4.561724118640713,49.4376462576461,0
2026-08-14 00:07:00.800,1.1572592539488802,45.08253323708812,27.37383817519849,52.7424100654787,6.602739820767613,60.89935471739586,0
2026-08-14 00:07:00.900,1.0495784156355799,44.39215237435606,25.351993851907448,51.121294826082014,9.792388573644057,53.47337377636859,0
2026-08-14 00:07:01.000,1.3974637286510032,44.77821006376897,27.19753322929012,52.390780775565474,10.625844279905529,45.52138184748003,1
2026-08-14 00:07:01.100,1.2847808966039445,45.5000324624441,26.219347883050627,52.51387585672856,7.421253886725852,44.174556543371686,0
2026-08-14 00:07:01.200,1.8191375119583066,45.775289346704994,27.096352371259464,53.19388523695202,6.766379568287553,31.198424510180196,1
2026-08-14 00:07:01.300,0.756265291335977,45.00205925400492,27.589923985530998,52.78625997954722,4.03364617566878,52.79530126544264,0
2026-08-14 00:07:01.400,1.5181965905323007,43.20918008534721,25.167426419625006,50.00432577522873,9.576919768181284,48.896998135166285,0
2026-08-14 00:07:01.500,1.7233345692846822,44.16580956194757,27.09913054212091,51.8168081842285,11.956339055440367,44.74584585064783,1
2026-08-14 00:07:01.600,2.242658974624782,46.03568953517766,24.956390795446175,52.36512343644667,15.695462175799074,37.978222453251334,1
2026-08-14 00:07:01.700,1.30729361156261,42.407098165396306,25.25076726826016,49.35547814017606,9.15933855055414,39.19362976047883,1
2026-08-14 00:07:01.800,1.6297834417410069,46.343286461566976,25.45078801809704,52.87194729533771,7.847361045068057,57.4205230460804,0
2026-08-14 00:07:01.900,0.7784548829750539,45.68542402298326,26.501425728345524,52.81556147381935,5.240568160547278,60.579963780908564,0
2026-08-14 00:07:02.000,0.5432175182747905,46.48870483632248,26.129929954423368,53.32891257827957,2.3634292587705517,46.0746061245126,0
2026-08-14 00:07:02.100,1.83790975031268,44.982294290365246,25.974809219017455,51.94321431707302,8.5308777492195,44.81024512104345,0
2026-08-14 00:07:02.200,1.4977758825407719,43.12779277567704,26.23050714303786,50.47817364646527,15.05101736046291,39.75622344062956,1
2026-08-14 00:07:02.300,1.971405075919369,45.62789556366019,26.591551424726994,52.81113008393384,11.812436688970738,61.241840522891096,1
2026-08-14 00:07:02.400,0.9506388444121003,46.480520768645775,26.65811908591754,53.58259161447375,11.349692807341395,50.371949235870886,1
2026-08-14 00:07:02.500,1.7079608558115011,46.1389241725746,27.003854888728814,53.46034514155433,8.736808451173747,54.414811751927175,0
2026-08-14 00:07:02.600,2.247527136217541,44.55984560602688,27.589550103922907,52.40957083748946,9.078569480840967,54.301641561121556,1
2026-08-14 00:07:02.700,1.6678822433429064,45.3176328874313,26.121433189228018,52.30695099486586,1.0,46.30758055359276,0
2026-08-14 00:07:02.800,1.6106326022364195,44.70637026564248,25.72665275094871,51.58023074877253,10.287531742291991,36.01567880187894,1
2026-08-14 00:07:02.900,1.50342243232974,44.428274792686764,26.63935365747384,51.80276792163186,6.261978291272553,38.04640213176897,1
2026-08-14 00:07:03.000,0.8716474171496351,46.21126455050974,25.238121734586237,52.65400041826825,5.894817960212339,63.534626391769415,0
2026-08-14 00:07:03.100,2.0422291742841394,44.06667839051846,25.61556311538089,50.970866365909934,7.0302291408541775,41.29178822179314,1
2026-08-14 00:07:03.200,1.2556569440779737,44.378728993655756,26.963032011656654,51.927610019660676,6.928986531646956,45.0756521630198,0
2026-08-14 00:07:03.300,1.7017933025532068,44.17685451321873,26.069225388160508,51.29521407520205,5.847093224085013,36.38731357554548,1
2026-08-14 00:07:03.400,0.8747862773714985,43.79896734584581,25.206974954800486,50.53455379178099,8.041616216527927,35.40720177288312,1
2026-08-14 00:07:03.500,1.0282161341968878,45.4439638834412,24.986687302667022,51.8602776294224,6.32516721137584,40.77002003565533,0
2026-08-14 00:07:03.600,2.0740349596888943,46.46738736253431,26.222503931946452,53.3557663309296,8.300968867268438,70.2608862109335,1
2026-08-14 00:07:03.700,1.3610790844168628,45.129342280260815,27.102048651478057,52.64198491466693,3.538466556349901,57.89644869430915,0
2026-08-14 00:07:03.800,2.081310190417018,43.816805958395655,27.096368877400845,51.518207371140875,7.357826688103948,43.678533542916526,1
2026-08-14 00:07:03.900,1.4687077363765928,46.170833021155595,26.28723749116241,53.12969675035052,4.711113230941247,62.99452153462394,0
2026-08-14 00:07:04.000,0.763240890816857,47.02492495790228,27.81066145759729,54.63310770956955,6.075652044506402,48.17241352044264,0
2026-08-14 00:07:04.100,1.8568270398926883,44.70131560217446,26.124678463040265,51.77553902532011,8.430196529100591,66.25208056390206,0
2026-08-14 00:07:04.200,1.2640430728977567,44.877338382057076,26.10268149054695,51.91652416384012,3.188007155735126,76.54076420475457,0
2026-08-14 00:07:04.300,1.7794755254068173,45.87988800131193,24.164587694945922,51.854521707172836,5.532777868183588,62.33794087119429,0
2026-08-14 00:07:04.400,1.5100843470160328,46.99443584146733,25.865646896880396,53.642415022553635,9.706893154509002,51.134611462670925,0
2026-08-14 00:07:04.500,0.8827527088228518,44.86106267041079,26.91015011760841,52.31320218903393,3.7604664744025973,58.39171848219632,0
2026-08-14 00:07:04.600,1.5657179061482276,44.05678175759156,27.48470799264162,51.92696016788226,13.333601420836423,50.180854631386545,1
2026-08-14 00:07:04.700,2.3784892568611196,46.028984867315906,25.574352049692276,52.65657537931228,11.613223868391941,27.968019632299487,1
2026-08-14 00:07:04.800,1.6971945834057838,46.20496905663955,26.61334245353279,53.32137622074312,6.516418746643162,42.14449502945547,0
2026-08-14 00:07:04.900,1.4769928987978147,45.42036715638621,27.086044649429226,52.88349049913216,5.63837093664481,38.58090085216139,1
2026-08-14 00:07:05.000,1.930137360782759,44.86443716874728,26.26250877959956,51.9859316533523,8.605819710006445,41.87850749802953,0
2026-08-14 00:07:05.100,1.5842673860812444,46.42528388185052,24.4319187244933,52.461658723973414,3.657613228918521,71.52405719167334,0
2026-08-14 00:07:05.200,1.5838136921051178,45.96727587786018,26.461375923646735,53.03955945710577,1.993571825502702,63.465796914255904,0
2026-08-14 00:07:05.300,1.063349931136359,44.67913907886246,26.87768925670829,52.14053747909113,6.6219946278423,55.290617617299766,0
2026-08-14 00:07:05.400,1.5935392103158394,45.505004049525375,25.515607274917055,52.17040931557966,7.597853700493427,59.74811540541629,0
2026-08-14 00:07:05.500,1.9141773665667778,44.112536508648795,26.07522279970456,51.24288361598228,8.283281673060591,27.29463816912973,1
2026-08-14 00:07:05.600,1.1655751391599902,46.1584692195651,25.359150424173304,52.66584083568198,6.155778151646347,58.738204557074354,0
2026-08-14 00:07:05.700,2.069798328498779,45.21867991619807,24.232430052484276,51.30243346676762,11.821840188424842,61.27549179442601,1
2026-08-14 00:07:05.800,1.4633175903419495,45.05353737564993,27.11515245425093,52.58376862375267,3.5145810245483498,23.123033747752604,1
2026-08-14 00:07:05.900,1.1448921953845836,45.46470844533598,26.29555093125157,52.52138338617377,4.585213595125704,59.18284104535279,0
2026-08-14 00:07:06.000,1.8990528307680978,45.5462253522724,27.58169058912928,53.246674070729,9.459907868434435,32.91111628799498,1
2026-08-14 00:07:06.100,1.3852823057046924,46.40918243696146,26.99440917876248,53.689015090404,4.515057843088576,26.359935722647617,1
2026-08-14 00:07:06.200,1.8038059549944432,46.11367762917486,26.03018444937743,52.95320355706605,4.3990386434080495,65.91581860231494,0
2026-08-14 00:07:06.300,1.3832965470965852,45.37451254151058,26.252008564098507,52.42150648378204,8.37006437662149,37.91541142865189,1
2026-08-14 00:07:06.400,1.4760695425880386,46.30292469247612,26.776495838270414,53.48777023258707,4.8394321390519055,41.408639127387474,0
2026-08-14 00:07:06.500,1.6974240817337167,45.94832851890248,27.102061492531117,53.345764881815356,7.600746716237938,61.875254513088144,0
2026-08-14 00:07:06.600,1.6163588230360024,45.12932635137857,26.591692097192375,52.381047961272365,5.900430321026731,46.337140732971186,0
2026-08-14 00:07:06.700,0.7017872878193046,45.439542551881864,27.2230309423026,52.97023164957699,5.415008889881781,47.838015515251016,0
2026-08-14 00:07:06.800,1.0515025039622432,45.42437254372897,26.10622227020368,52.391874009361,1.6930838259651786,47.57495712274485,0
2026-08-14 00:07:06.900,1.8717639939163262,46.08619149820004,25.55084325558695,52.695186097786376,8.418689458464012,54.17118525169742,0
2026-08-14 00:07:07.000,1.447145364439381,45.22224226275794,26.301711523638847,52.31473238337635,4.258430023661214,47.283987003311886,0
2026-08-14 00:07:07.100,1.2905074788914312,45.20719041351168,26.522707672548943,52.4132052765998,7.495273389408441,51.36951289230921,0
2026-08-14 00:07:07.200,0.9565703938970103,47.574691631821025,25.40233227764081,53.93171394464053,6.463685304954305,43.95730249504753,0
2026-08-14 00:07:07.300,1.0681054714896607,46.55400452658791,25.299183759587187,52.98418666321989,7.38047582390035,54.221835078552346,0
2026-08-14 00:07:07.400,0.691280544015221,44.8620031028694,26.731471297555473,52.2223216654899,7.550973877960217,53.76611638285481,0
2026-08-14 00:07:07.500,1.4594877125193868,46.20187948369049,26.053477612752637,53.04146833887297,8.58088475275479,72.77463005221018,0
2026-08-14 00:07:07.600,1.2606249677675812,45.757623277857206,26.250891202791617,52.752908706336775,5.816722095525671,45.42498860391557,0
2026-08-14 00:07:07.700,1.1133648436058738,46.039159109915865,26.10081062823281,52.92311864392555,11.728089437820106,47.790013786340246,1
2026-08-14 00:07:07.800,1.4727506299328188,45.79328398167462,27.610046315676282,53.47279229084719,2.45779981743327,52.865891911244496,0
2026-08-14 00:07:07.900,1.6455882523410952,46.853920025048495,27.407975356053957,54.28155243571891,7.320226644418312,61.57322773177664,0
2026-08-14 00:07:08.000,2.337279172883978,46.01823244666844,25.41368430917887,52.56931678918999,10.508692929232602,36.90097816187358,1
2026-08-14 00:07:08.100,0.8952466321747146,45.618858126256455,25.982333524218088,52.49916068002632,9.430317659007812,51.242918261300815,0
2026-08-14 00:07:08.200,1.9637524173202088,46.7314721239075,27.09357234253037,54.017517058334604,5.075493270414209,19.906087567339195,1
2026-08-14 00:07:08.300,1.8892406244060287,45.9309013104661,26.90011875130953,53.228414254290264,5.575263521035929,46.74161699933126,0
2026-08-14 00:07:08.400,1.1883629042493198,45.827429571161026,26.390404225235358,52.88295317274787,4.979622322020188,62.87272436119233,0
2026-08-14 00:07:08.500,1.5812943818344125,46.02830831677182,25.518491264600044,52.6288757520553,9.797682891993167,41.286290763832184,0
2026-08-14 00:07:08.600,1.316946700264954,45.629011413373085,25.88754022512084,52.461142014532825,5.780228814453475,52.122051383423745,0
2026-08-14 00:07:08.700,1.5742754321674957,45.74018215218866,26.02515904147889,52.6257842359586,8.76536926437035,43.65313310739677,0
2026-08-14 00:07:08.800,2.1036524053618204,45.15259529288507,26.665169393883446,52.438422177708254,8.792904242227864,39.687173627195804,1
2026-08-14 00:07:08.900,1.742242493052525,44.9964573844768,27.8115564862182,52.89767340194786,15.105180404706116,61.65783197921722,1
2026-08-14 00:07:09.000,1.703443349293377,44.75738894007198,25.90407140810215,51.7131006636513,8.93975377940511,37.456895721852156,1
2026-08-14 00:07:09.100,1.327876272018143,44.372310762211086,25.637748231360707,51.24642520949996,5.56656795574861,53.51558352635712,0
2026-08-14 00:07:09.200,0.9063773340302659,44.892911410077346,26.376708081414794,52.06826503817105,3.619549213800803,53.70021944919391,0
2026-08-14 00:07:09.300,1.4166127157838369,45.60669645944873,27.293969280760642,53.15008486393412,7.172441856086763,39.778405795536514,1
2026-08-14 00:07:09.400,1.982643261945566,45.89241579881502,25.316072556413076,52.41199631318099,7.642742472718044,51.86822308349154,0
2026-08-14 00:07:09.500,0.8891328573641409,45.52633637567549,27.64148708399384,53.26067134392648,1.3679014178283335,38.78062595038428,1
2026-08-14 00:07:09.600,1.077964252729322,43.45026417114951,26.345955507073594,50.81372676869293,5.85843751912096,56.2615024989099,0
2026-08-14 00:07:09.700,1.5505070944936272,47.38888874149296,25.901125428387672,54.00532450241059,8.89205762848266,34.22065142428528,1
2026-08-14 00:07:09.800,1.106138086061095,46.90911722907474,25.21343083430089,53.255820091771675,6.402932989201476,45.92473396169791,0
2026-08-14 00:07:09.900,1.182990621153915,46.27673167985523,27.06379971591937,53.609562113793785,10.905871357117512,46.966740084105204,1
2026-08-14 00:07:10.000,1.330560567308729,47.74679722364511,26.366646974461883,54.54316380438326,3.3249306658384397,63.35546405852804,0
2026-08-14 00:07:10.100,0.9537530383239402,44.870277156061874,26.645149150330962,52.18530200454138,10.03064846045965,51.6805168605427,1
2026-08-14 00:07:10.200,1.1103512615134528,47.743601116625335,25.79293620479051,54.26533889738293,10.741669224577858,61.46016188134471,1
2026-08-14 00:07:10.300,1.7813711667149235,44.89909664170252,26.263309603671026,52.016250447136436,10.86948942752461,56.656292581878546,1
2026-08-14 00:07:10.400,0.9770520871076144,46.11138336619817,26.134322267460302,53.00247613389367,3.302430846036864,56.579636010749105,0
2026-08-14 00:07:10.500,0.8608511462020649,44.60714283822635,26.44811361371377,51.85846031183186,8.943658387572153,46.01680171723918,0
2026-08-14 00:07:10.600,1.2479900081864423,45.904008981358665,25.997947070387937,52.75482245667546,5.9937376444354555,62.25087060229864,0
2026-08-14 00:07:10.700,1.7927822010039383,46.28381610626643,25.31124499641105,52.752732219545095,3.7815726740512963,45.72595508837597,0
2026-08-14 00:07:10.800,1.4212312768012443,45.75129399958723,28.72639039467036,54.02209184901744,6.758396825078875,29.24209424083871,1
2026-08-14 00:07:10.900,1.3141675687537526,46.62819649726566,25.457868034035307,53.12524591402824,5.285066024297572,47.42255397839728,0
2026-08-14 00:07:11.000,1.5177435190062427,46.02166822511653,26.698759470931595,53.205429267221966,10.762251404491609,55.441716855728814,1
2026-08-14 00:07:11.100,0.8017170268561391,45.4085737697055,25.140970836110576,51.90382439070312,9.539190029040707,30.72049137544624,1
2026-08-14 00:07:11.200,1.697882261510013,45.37250990273441,24.965955983027673,51.78767819684724,4.542666595673397,39.37877169535537,1
2026-08-14 00:07:11.300,1.6533740125614576,46.758571715606195,26.646855959276113,53.81838869195079,5.827336058507213,35.23293871787173,1
2026-08-14 00:07:11.400,1.3362766103617114,45.302250635637265,26.71308966948119,52.59166352516185,6.857907723150129,59.44060525650757,0
2026-08-14 00:07:11.500,1.9023698047185666,46.879730358382915,27.5877956253807,54.394812123422795,7.782784558046308,70.07435164414994,0
2026-08-14 00:07:11.600,1.0490015604187846,47.19537390318365,26.903234739023603,54.324831866139405,11.019134824411342,47.483610149441404,1
2026-08-14 00:07:11.700,1.9511635973014276,44.312282970459336,26.468749524686647,51.615628674410814,10.0723469794419,56.37836435681911,1
2026-08-14 00:07:11.800,1.5617974662381005,47.12225794256024,25.833918737903524,53.73917147632427,8.15417590692452,56.06623239079668,0
2026-08-14 00:07:11.900,1.3653789640487306,48.05808897615765,27.79780942121461,55.51844850730659,7.218053450315233,68.64556335727954,0
2026-08-14 00:07:12.000,1.4920505458526754,46.25800476136862,27.346681596940194,53.73680302052988,2.6799378961775835,42.169365152568716,0
2026-08-14 00:07:12.100,1.4570940936756234,46.61341990791525,25.611537851373527,53.18610520261818,11.87599287837817,47.36145242290011,1
2026-08-14 00:07:12.200,1.9881131585670868,47.05967576944334,26.64397324961302,54.07877951702707,6.658710206403029,45.9107762069113,0
2026-08-14 00:07:12.300,1.0693283490115946,45.755522852348896,26.733844885737952,52.99307816938472,12.664520721278771,50.90440688048316,1
2026-08-14 00:07:12.400,1.1949923043413606,46.221620113519535,26.347081008704464,53.20344766646001,8.588327876395507,80.05180162540171,0
2026-08-14 00:07:12.500,1.914521156828992,44.73347508281229,27.24608515610668,52.37779061127345,14.075852625864334,50.369733382367755,1
2026-08-14 00:07:12.600,1.2617860259264564,46.1946443634196,27.29899211161203,53.65799230471328,9.818964600098948,39.74347216871528,1
2026-08-14 00:07:12.700,1.8602132309326367,46.56245605298743,26.48621787616165,53.568480014556044,3.7039411063373633,36.14603327728257,1
2026-08-14 00:07:12.800,2.179774393203484,46.5888418027231,26.418911871239853,53.558184108308765,6.156753559216364,65.03174008775656,1
2026-08-14 00:07:12.900,1.3392819892233465,47.14643822584795,27.84777487148425,54.75659962668031,7.492595117984106,39.688945952263055,1
2026-08-14 00:07:13.000,1.7725449306301222,45.31454604656858,27.399880048712262,52.95433419551608,5.378651338675028,57.96304351038914,0
2026-08-14 00:07:13.100,1.0385230874640565,45.56507619048436,26.716498080221424,52.81995302833125,6.868817548453867,41.84370404889646,0
2026-08-14 00:07:13.200,1.8018933192271236,48.00152501560295,25.360243370502918,54.28893393348863,3.899182524253672,34.79968716100194,1
2026-08-14 00:07:13.300,1.5797695943947068,45.96402401830163,26.943811520283237,53.27908110314551,8.017163843297368,57.26239520362186,0
2026-08-14 00:07:13.400,1.689215312864086,46.32272090183141,27.232079040645587,53.73435214669418,8.712235847032819,42.431061598837616,0
2026-08-14 00:07:13.500,1.241771171185842,46.06401179524761,24.474995799465,52.1624251933951,4.987671778381644,55.10510767086672,0
2026-08-14 00:07:13.600,0.8355666337731309,45.31767573312155,26.885109494310367,52.692512242000866,13.820762880445734,55.991395290152525,1
2026-08-14 00:07:13.700,1.701300825899802,47.771220492772116,26.355261179691603,54.559044156022466,8.190539783841377,56.55518294014962,0
2026-08-14 00:07:13.800,0.6746387390082181,45.62832459241345,26.516932178496795,52.7739679886745,5.549777401631264,46.78221579268176,0
2026-08-14 00:07:13.900,1.3730598031029861,45.03707520308086,25.972711673862023,51.98961333325657,3.1113821001043487,58.23420267805649,0
2026-08-14 00:07:14.000,1.876472746567988,45.72195517193879,26.58506583722201,52.88915683118997,8.179828668191504,38.929444058623005,1
2026-08-14 00:07:14.100,1.5767590943492145,44.179324169969746,27.822211363962236,52.210038587385306,7.218534401559941,20.550916987230394,1
2026-08-14 00:07:14.200,2.2793370579159253,45.53807742916584,26.356500137437003,52.6154121473872,10.34912272185933,58.48270607744129,1
2026-08-14 00:07:14.300,1.9100436610327094,45.229571018750434,27.49107861699621,52.928947637999144,7.569889205084095,51.987086058049634,0
2026-08-14 00:07:14.400,1.2384406446697693,46.82346296998383,26.078555628330218,53.5959676483349,4.418843653193819,42.67906107183235,0
2026-08-14 00:07:14.500,1.5109253519405754,45.54095482195037,27.335626391030985,53.11511118584762,13.012154888532743,32.34616685629946,1
2026-08-14 00:07:14.600,1.4810517189822257,47.110507719542845,26.73494695487596,54.16786248573168,9.306874638521556,25.56106041397588,1
2026-08-14 00:07:14.700,0.8671292946615491,47.62952249948705,27.020242966882066,54.760067051807766,7.237673865204924,50.62092017850767,0
2026-08-14 00:07:14.800,1.1238404334062586,47.02054856515907,26.74934654220088,54.096760788454205,8.493915594349215,69.78543158875942,0
2026-08-14 00:07:14.900,1.275695637208056,46.03231966246514,27.2619249567481,53.499411266431146,9.422125869684974,48.337311002828244,0
2026-08-14 00:07:15.000,0.6855117988576254,46.39715717048455,24.69955750992037,52.56200466771135,3.713430158319695,45.66397535970145,0
2026-08-14 00:07:15.100,1.5189973873006573,44.739392456088645,25.62276618697357,51.557146783081755,8.47308265988843,49.707585890049884,0
2026-08-14 00:07:15.200,1.4003712621387838,46.1389327461652,27.097291669618787,53.50761002683214,6.649629580118325,76.15046134290523,0
2026-08-14 00:07:15.300,0.8308424394753703,45.42060837307336,25.133797421567127,51.91087976338367,9.521899956889255,59.0228507198376,0
2026-08-14 00:07:15.400,1.6616851461109328,46.98370794474322,26.349164653638592,53.867868810465154,5.779454226181166,38.79709697959533,1
2026-08-14 00:07:15.500,1.7863490978763839,48.870468675292145,26.735157098799284,55.705397706507654,6.185894434708752,50.33724684682524,0
2026-08-14 00:07:15.600,1.5908137915459555,46.80587264447522,26.12111849501053,53.60132969844326,12.988613295692172,53.98924293385929,1
2026-08-14 00:07:15.700,1.370372729916412,44.32324558200049,26.235382316418075,51.505780104867334,11.692736272646409,37.32393360105386,1
2026-08-14 00:07:15.800,1.736576860700742,45.96149026049453,27.010898032168217,53.310854424495226,1.0,59.109639468110714,0
2026-08-14 00:07:15.900,1.7720881441906764,46.453546101237094,27.606069070141437,54.03727412522934,11.470285947392934,40.18629443426775,1
2026-08-14 00:07:16.000,1.6229614278878755,46.42674732357665,26.036874433985986,53.229331175005235,7.779043921226729,31.86865079191915,1
2026-08-14 00:07:16.100,1.1701550998260957,45.61691149516137,26.34858821551218,52.67969927123742,5.875453811302965,50.91360264607734,0
2026-08-14 00:07:16.200,1.6106403062044723,46.601351085860806,26.228626827272688,53.475478382825045,4.97847579287705,49.01412968611574,0
2026-08-14 00:07:16.300,1.9781922603301916,45.12189322875822,24.881532637904744,51.52742876331571,5.152647115160034,49.987737173567666,0
2026-08-14 00:07:16.400,1.261348376555308,45.42782006544629,26.93700670513282,52.81372138119918,5.960192165724754,40.824264588046546,0
2026-08-14 00:07:16.500,2.3391757356529723,47.02686115218881,27.576412303013853,54.515907635598055,4.61860224895447,42.49864858554751,1
2026-08-14 00:07:16.600,1.2897476264058463,45.37373500215901,27.646953505676013,53.13313341212958,3.936201016782073,63.54135992442933,0
2026-08-14 00:07:16.700,1.5129628053360544,46.93594456098484,26.14202667214296,53.7251193610482,4.878859547468267,55.29302738000898,0
2026-08-14 00:07:16.800,1.2310057615974654,45.036603903290256,25.84228216795168,51.92416815693721,8.970181565197061,38.51904708107258,1
2026-08-14 00:07:16.900,1.5893083343681043,48.1792282841918,26.865925878313387,55.16353878568067,8.15027044571239,26.59163726695871,1
2026-08-14 00:07:17.000,0.8031113229458899,45.64846720044975,27.51706122296546,53.30076187165589,9.66756935465557,39.02700317465348,1
2026-08-14 00:07:17.100,1.2815832804733116,46.20740527350411,26.982523465832838,53.50869905626631,7.800890482369837,51.88758886592228,0
2026-08-14 00:07:17.200,1.0631515198605732,46.770019828851694,27.095087649355783,54.05162837063702,4.079962008065625,42.4168193797467,0
2026-08-14 00:07:17.300,1.5541353391569164,45.88239133771394,27.78210951631801,53.638041016090575,9.483322770480818,41.48419753787815,0
2026-08-14 00:07:17.400,1.897778950203563,46.599481973740076,26.282336360216707,53.50021424978124,4.985932163375256,42.93007473283205,0
2026-08-14 00:07:17.500,1.7584024748458207,47.03976745964265,26.70267037173509,54.090408832239326,9.939842905966803,49.12750924716455,0
2026-08-14 00:07:17.600,0.5513362556564431,47.43335869007974,28.19133168395472,55.17857101028,4.502239991129118,59.415534955500185,0
2026-08-14 00:07:17.700,2.316827861171152,47.272577616002955,26.731199209539902,54.30703090430493,5.937570120789424,49.99496955265168,1
2026-08-14 00:07:17.800,1.6181119762483474,46.31760443868107,25.879779368716992,53.0573601031148,6.915825078296256,50.74324425821181,0
2026-08-14 00:07:17.900,1.1894003438027998,46.35111785089388,26.363164897962257,53.32394011571727,10.023214403170845,47.301675633406155,1
2026-08-14 00:07:18.000,1.5628511675963763,48.85519290541626,26.153106727457747,55.4149335948644,8.527991756382185,44.00771801414313,0
2026-08-14 00:07:18.100,1.570475929001077,47.46430813809426,27.194381510468002,54.70278724859315,8.060003966452774,60.73089045583916,0
2026-08-14 00:07:18.200,1.2332605132193746,45.6009301359785,26.196894672508208,52.590133292746856,13.657006355165915,58.908824814130355,1
2026-08-14 00:07:18.300,1.5791666669368303,46.631076678518006,27.13548051114047,53.9517526570575,2.4890505163245633,74.5433590119926,0
2026-08-14 00:07:18.400,1.257011084951877,46.20428009842801,26.3348017674912,53.182302352822674,4.884867071898347,57.326771580671036,0
2026-08-14 00:07:18.500,1.338255202923991,46.41242372573683,25.229951945077385,52.82673140795532,4.756434565883026,44.019028138310446,0
2026-08-14 00:07:18.600,1.2254883456979662,45.32659752440559,27.178951438853748,52.85069388811297,2.688043070233177,39.14418429067772,1
2026-08-14 00:07:18.700,0.9269314841041388,46.15250417018147,27.05742738797797,53.49914034855438,5.841441461341917,61.4353431285394,0
2026-08-14 00:07:18.800,1.5583345880861537,48.38431790021508,27.357863528779777,55.58322512708679,10.063307491390118,40.22015738827868,1
2026-08-14 00:07:18.900,1.7341197746065353,47.16017315035042,26.410268334352743,54.051680871768895,6.225057804452746,59.71684023826485,0
2026-08-14 00:07:19.000,1.7059534384305488,44.09827016377719,26.330023362869692,51.360758967588716,7.000991084041071,40.88103207328864,0
2026-08-14 00:07:19.100,1.8279701010540936,47.814489786880344,27.279833263414677,55.049202868519274,2.832335516359154,54.18990060544736,0
2026-08-14 00:07:19.200,1.6297360840059474,47.6957305397453,28.17887626812647,55.3979402094913,5.610423274518958,37.282985421603655,1
2026-08-14 00:07:19.300,1.2869098007132385,46.25515043498346,26.97759585117899,53.54745203716514,6.614903853237248,59.35862425198498,0
2026-08-14 00:07:19.400,1.8358655457724755,47.34003400552684,27.313330353883888,54.65433957761115,9.927201267641342,35.19594013388901,1
2026-08-14 00:07:19.500,0.956992984063226,45.77170597338016,26.721392962977855,53.00077272639945,2.975250806245336,53.27548795408042,0
2026-08-14 00:07:19.600,1.139731446995008,46.16918419038475,25.748759526491718,52.86390248514359,6.6349737628365855,47.62592078927586,0
2026-08-14 00:07:19.700,1.1143199714307022,48.1463209897747,27.76260831278616,55.577249348808216,11.260454090206672,51.22167724671512,1
2026-08-14 00:07:19.800,1.9320224236557242,46.38437931168888,27.720397002204088,54.03638639000981,6.664750143130208,45.2503539900604,0
2026-08-14 00:07:19.900,1.8771154056560302,44.794712412057336,27.56728566454756,52.597732831270335,1.6533157576439628,44.9688806315481,0
2026-08-14 00:07:20.000,1.694922094817998,46.60947557368474,26.85811092720571,53.79406413194676,11.837527332044573,51.85737444811726,1
2026-08-14 00:07:20.100,1.9287719460847188,46.60252512600546,27.486312991142725,54.10446146083547,10.204690827614998,37.974339462921776,1
2026-08-14 00:07:20.200,1.1482868870352048,47.88781681074702,27.728678382734405,55.33644914297254,10.608191525236371,37.90373525999988,1
2026-08-14 00:07:20.300,1.6394380479443922,46.71211938600306,28.31479672626175,54.62371107112484,2.768649059763818,45.69740600433906,0
2026-08-14 00:07:20.400,1.4499302286467344,46.28453537484075,27.814491495486582,53.99911251138652,12.537367177541643,45.23035832337191,1
2026-08-14 00:07:20.500,1.8387528415539656,47.75950855396599,27.079728425267785,54.902480352918545,5.680171744666406,37.93524243434751,1
2026-08-14 00:07:20.600,1.453910306979121,46.84357736368963,25.987069674373622,53.569100519690686,6.471683167339307,61.090576314975976,0
2026-08-14 00:07:20.700,1.3460228446359674,45.981099172076554,27.163199750322757,53.405064382961605,5.89166850202399,45.98631897882074,0
2026-08-14 00:07:20.800,1.716363407424396,47.89445413663763,27.248935862337056,55.10338685304419,10.840811545865622,47.28005356404666,1
2026-08-14 00:07:20.900,1.8504676668764932,46.941453063066554,27.615898599384497,54.462260980642064,7.460604942484114,34.06966008836544,1
2026-08-14 00:07:21.000,1.2326619220612793,46.75905198768293,28.13678910006084,54.57185944832865,9.445223097762877,74.85963025534544,0
2026-08-14 00:07:21.100,1.4755697314590495,46.9423691348689,26.982556036428925,54.14466132734897,8.227703068653105,79.12480874665896,0
2026-08-14 00:07:21.200,1.0766237465433388,45.70212709449439,28.744467031397082,53.99008062487397,7.714873988921238,40.63521705914782,0
2026-08-14 00:07:21.300,0.5007755930028241,46.25347641218638,25.661248496986374,52.895025802401946,5.159647808761411,64.71303657402918,0
2026-08-14 00:07:21.400,1.5801838525654917,46.79304751265125,27.409152444460382,54.22961306560195,13.436421761923297,48.89823939514891,1
2026-08-14 00:07:21.500,1.7435621425018528,46.603135938247526,26.439863466216103,53.58095425980137,3.6098191144843126,69.24523511375727,0
2026-08-14 00:07:21.600,1.6048267236346903,48.078562738542544,25.55790301368453,54.44956015856213,9.236761922104053,54.03479703680463,0
2026-08-14 00:07:21.700,0.7201753128982531,47.031874930906696,26.927261945868494,54.194784762169384,9.129969776321836,51.19714602520879,0
2026-08-14 00:07:21.800,1.35966022796941,47.67770772326984,25.9279441216433,54.27174310928849,11.463068858457277,20.00876552457702,1
2026-08-14 00:07:21.900,0.6126608959795674,46.84053387766303,26.969540795426056,54.049900505557346,12.164270097137834,39.456728318879804,1
2026-08-14 00:07:22.000,2.0478804430616737,47.895761729287045,27.13149934580012,55.04654619846544,7.587834201749673,50.24624803489931,1
2026-08-14 00:07:22.100,1.0655781671527655,47.245335724567816,28.00351790826556,54.921022959934696,9.591182917774258,52.38399503244774,0
2026-08-14 00:07:22.200,2.0021614437839585,46.86956317583686,25.907617506457896,53.553343473164084,13.294621131357529,35.42199543275139,1
2026-08-14 00:07:22.300,1.8783478574736583,46.851194323943126,27.84544258025791,54.50140440456852,7.804469699233243,41.25474165588465,0
2026-08-14 00:07:22.400,1.1397638589855754,45.91837350906492,27.202151641437375,53.370910425453204,4.8006995748044705,56.641364207009836,0
2026-08-14 00:07:22.500,1.046886019492902,47.388062577945945,27.95176743757346,55.01754063728688,6.846595661901736,33.40147124319971,1
2026-08-14 00:07:22.600,1.6401480865545353,46.84927684572699,26.788288008133126,53.96727819127309,4.086062004156599,51.60475668468247,0
2026-08-14 00:07:22.700,1.1622703851267715,46.39582434253591,26.072894112219515,53.219999284201975,9.115450432984169,64.85544237786866,0
2026-08-14 00:07:22.800,1.540993856863283,48.01261279598293,26.169691154129826,54.68147513189018,11.193368624421906,54.62563554934185,1
2026-08-14 00:07:22.900,1.3068689636772326,45.6642697217298,26.11524548564107,52.60448247054794,7.636875523797385,54.02584091799172,0
2026-08-14 00:07:23.000,0.7875366342137466,46.50032457464591,27.535943604383533,54.04172809719549,3.1371198516390786,25.758182609866836,1
2026-08-14 00:07:23.100,0.6078127923502163,47.95887394131162,28.340230733291012,55.70657293116129,11.064952505173032,40.13704668298524,1
2026-08-14 00:07:23.200,1.590673699397839,47.25501285590608,26.711732727667325,54.28216010188046,2.671103115302664,74.65042200309247,0
2026-08-14 00:07:23.300,1.2753769014677498,46.89996570978681,27.672003021069973,54.454995498827145,3.362135666230877,42.81005698944881,0
2026-08-14 00:07:23.400,1.278764073234347,47.20716290304346,25.954941969427495,53.871840900333375,7.464984837515844,65.17371451456481,0
2026-08-14 00:07:23.500,1.7783455356375142,47.14390825339589,27.322953448750074,54.48937392342816,8.755355737026498,42.66990932772461,0
2026-08-14 00:07:23.600,1.969376910652978,45.45616625851488,27.71854737595018,53.240782484431435,9.266742496275063,46.66615398188644,0
2026-08-14 00:07:23.700,1.3909821114552763,46.63190164190657,26.030198296131232,53.405107190945344,7.80158134386058,56.18704214424222,0
2026-08-14 00:07:23.800,1.3637605172360554,48.60601990422203,27.030592174641086,55.61652707821116,13.280131295404573,51.20831619192811,1
2026-08-14 00:07:23.900,1.7000572132455536,46.33850883738486,27.77143349568567,54.02323499826428,8.195505023249606,54.57814941201296,0
2026-08-14 00:07:24.000,0.9572257721201699,46.68786668051143,24.85668409898588,52.89245352197218,11.104004305258808,40.179316943276156,1
2026-08-14 00:07:24.100,1.5892612218990787,46.47288165376032,28.277063899603103,54.39964220458302,10.360863692284095,36.36475772637492,1
2026-08-14 00:07:24.200,1.7207543887288617,46.93582191620511,27.496645784426793,54.3970303265165,4.121378803386412,39.36954062731398,1
2026-08-14 00:07:24.300,1.7720920833670517,46.4480490306527,27.792085235360073,54.127823348841915,7.490808538143436,43.6121823024516,0
2026-08-14 00:07:24.400,0.725298918999014,47.526248086588794,26.89352852730263,54.60774792863029,14.369961539843057,47.248623415311066,1
2026-08-14 00:07:24.500,1.1954578920764236,47.24515471917474,25.850526798878402,53.854938308555234,6.486947438179228,62.44730456767785,0
2026-08-14 00:07:24.600,1.1486946988706133,47.82972364444524,27.660955982656496,55.25224836853668,5.976138426929928,51.048097472300576,0
2026-08-14 00:07:24.700,1.5399547817636852,46.013569585603,27.17263419074197,53.437820266857905,8.511726744431067,55.81516523010302,0
2026-08-14 00:07:24.800,1.6922978319071935,46.7325049913628,27.269399648893284,54.10681269469502,6.594440212219844,51.699212150961586,0
2026-08-14 00:07:24.900,2.0986841629783926,46.85545756508731,28.118793706178835,54.645223607597586,5.618886261493285,36.61478895765469,1
2026-08-14 00:07:25.000,1.3020138078527708,47.545161829241785,27.863360050581996,55.10815952903126,6.55014981710724,50.20723431206779,0
2026-08-14 00:07:25.100,1.3009710006763144,46.304628444399896,28.795699718635852,54.52807476575505,12.296029014105876,51.56938532229843,1
2026-08-14 00:07:25.200,1.9598688075514987,48.021838168319015,27.386794001535204,55.28230663373902,7.590143925567283,59.11907865609569,0
2026-08-14 00:07:25.300,1.618630775412122,48.300934677032025,26.71574150167576,55.197021066895225,4.015774901735864,37.17694316427842,1
2026-08-14 00:07:25.400,2.0070606044751895,46.133981461332574,27.12297880785392,53.51635474213346,3.4647603857355076,25.515069618219673,1
2026-08-14 00:07:25.500,1.6154912012039344,46.640315636528335,27.61124381688403,54.20055191407562,14.62041479616341,52.11516578204597,1
2026-08-14 00:07:25.600,1.0371533525146917,46.607591745583555,28.09639916751977,54.42127575226066,7.329996891697693,54.246200019060566,0
2026-08-14 00:07:25.700,0.9667486580888773,49.78024418100688,26.11508762464666,56.21450446605077,9.303735502896256,47.84738232419543,0
2026-08-14 00:07:25.800,0.8793951003764283,46.726292593575245,27.300545711413214,54.117152693775076,5.6858683209811725,50.336250808721495,0
2026-08-14 00:07:25.900,1.7648207339033892,48.842152863393004,28.58634977837282,56.59271410687533,8.962957907814248,60.545268542993654,0
2026-08-14 00:07:26.000,1.9754387292348032,45.906230148584,27.111550189412352,53.31433315842737,12.377988954804596,44.49433308166989,1
2026-08-14 00:07:26.100,2.2397448565545526,46.19154589997999,28.0535276035819,54.04312466572312,6.043210448768736,46.65630989409705,1
2026-08-14 00:07:26.200,1.837242132929296,46.50292705674989,27.708212974931666,54.131943352419675,9.375760339845748,50.94843733536598,0
2026-08-14 00:07:26.300,1.9651354310139943,46.35217699960532,28.08340827185109,54.19596048384247,3.7827611723288364,35.36222384996789,1
2026-08-14 00:07:26.400,1.2679934669385262,46.93830229934708,26.675912186823407,53.988966592665996,14.068598355100375,48.177233299426945,1
2026-08-14 00:07:26.500,1.0374336733024574,46.50575755323783,26.684400117523133,53.61755957923305,8.805607790733724,49.235080191989525,0
2026-08-14 00:07:26.600,1.8400317329670213,46.40352888567849,27.349939800745673,53.86377911127672,6.7616184669431245,69.6445065718433,0
2026-08-14 00:07:26.700,1.6670723008957602,48.38967719734014,26.112945690727837,54.98587811347275,7.106377630141509,46.42261210845847,0
2026-08-14 00:07:26.800,1.542977749736357,48.46333354583371,27.127931468703004,55.539349691415886,6.4698854764569935,52.400134879333606,0
2026-08-14 00:07:26.900,1.654948592253196,48.19717114414961,27.551026113477114,55.51600081241394,6.623284507629521,61.02341126467691,0
2026-08-14 00:07:27.000,1.6292741929832824,47.78020832381236,28.781434106496643,55.77920093272685,1.0,39.95018329627486,1
2026-08-14 00:07:27.100,2.0135267439414246,47.357287156461325,27.68090100582493,54.85385061519215,7.706102803709733,66.50888464251399,1
2026-08-14 00:07:27.200,2.0179942339267822,46.77584812246961,27.863910064579795,54.4460967532415,7.580363958182863,71.16644278468733,1
2026-08-14 00:07:27.300,1.7176881409361389,46.32805603083417,28.300308798993562,54.28808574369244,9.465984611781431,49.653244548215895,0
2026-08-14 00:07:27.400,1.8383211490251714,47.65254396147569,26.60200288370976,54.57500804787184,6.4305687606754205,43.526887262487435,0
2026-08-14 00:07:27.500,1.7056250209699104,46.12425258794995,27.24666365840126,53.5707696165647,5.686891057576933,69.52543309268466,0
2026-08-14 00:07:27.600,1.3155321071861525,46.312296773775095,29.32406069521341,54.81541177551054,7.9766751666410745,59.547570473217775,0
2026-08-14 00:07:27.700,1.802625869965256,48.46746568160904,27.325433677334935,55.639685075064726,3.1628956457285486,50.983630455966036,0
2026-08-14 00:07:27.800,0.9422019724562953,49.22353618958006,28.286876887740554,56.772386941796704,8.430269562603753,67.12212583538843,0
2026-08-14 00:07:27.900,1.9215566209183532,47.724517008478195,28.169723423925518,55.41807323854721,2.4145422214348375,65.85190626259183,0
2026-08-14 00:07:28.000,1.022190824093586,48.4460137450601,26.221242984149125,55.08692976941392,11.362455946492387,45.96491655250133,1
2026-08-14 00:07:28.100,1.6143213147178932,47.102042997775214,27.657118210736268,54.621595017784905,10.052809866982326,52.9847582395898,1
2026-08-14 00:07:28.200,1.1619384166295363,46.01855185158526,27.531133600367948,53.62527791851852,5.22144237072796,56.92150985511147,0
2026-08-14 00:07:28.300,1.7213555932297706,47.97673237874527,27.682703486348363,55.39042265640178,9.983414040014111,50.34476035865421,0
2026-08-14 00:07:28.400,1.4864299096288365,47.94218480585049,26.820447305715412,54.93441068799208,8.334542672761643,33.309552909148636,1
2026-08-14 00:07:28.500,0.862097616734667,47.452898758914415,26.535202513490777,54.36813931941895,4.97296930674542,38.74088595562104,1
2026-08-14 00:07:28.600,1.6682798524073916,47.1471894693828,27.052930956476068,54.35732285716196,1.9313715283127317,33.700846574477275,1
2026-08-14 00:07:28.700,1.2688316892669158,48.36011022852275,27.36050379229763,55.56345407804669,8.949307050279357,55.91509163628805,0
2026-08-14 00:07:28.800,1.8524586883253478,46.420501338967924,28.391728181517493,54.41464117031644,5.617154458594896,35.78777219451507,1
2026-08-14 00:07:28.900,1.5005302754937628,46.64078851595848,28.90259011268997,54.870054388641975,11.284908709088239,52.30901684980916,1
2026-08-14 00:07:29.000,1.6581683941552152,46.414797310542454,28.57102056736027,54.50354690879542,8.042101201645554,71.98284591530188,0
2026-08-14 00:07:29.100,1.1169724179939151,47.516211502392444,28.146891292479452,55.22714771713951,5.90125191050805,67.13324221894575,0
2026-08-14 00:07:29.200,1.2642671074290552,46.35168025010111,26.66027174748655,53.471939853136455,13.393516199271414,27.951000236792254,1
2026-08-14 00:07:29.300,1.3165445455595661,46.763665804148864,27.14162785080687,54.06947754356257,9.729339477809015,34.65558235074792,1
2026-08-14 00:07:29.400,1.8426809920970224,46.750487144890656,27.64168646620111,54.310872566921184,1.0,40.68180290984169,0
2026-08-14 00:07:29.500,2.1709508351221958,47.20396909723763,26.972795227282017,54.36677644394464,6.540824693627401,35.97171572936759,1
2026-08-14 00:07:29.600,1.1779312993028495,45.98553770562136,27.945511813237562,53.81097758430824,3.8477330239627303,30.154227472139198,1
2026-08-14 00:07:29.700,1.9307392578630722,47.56845186651634,28.065137011290876,55.230512657765644,5.600606186839074,49.869915923297114,0
2026-08-14 00:07:29.800,0.6321290329097191,48.73688524759749,27.92278100821207,56.16908120015899,7.565802803244392,58.461206592998764,0
2026-08-14 00:07:29.900,1.0223242395630843,47.633407691703326,28.318857475278005,55.41569468146303,9.062145525762638,61.44840846467465,0
2026-08-14 00:07:30.000,1.11648861752529,49.047572186641624,26.780077654133727,55.882348703014024,8.784097226340721,44.30628595107429,0
2026-08-14 00:07:30.100,0.9589965242237111,48.84858395017097,28.255014421850188,56.431640007320915,11.233619229694407,46.7371555962129,1
2026-08-14 00:07:30.200,0.8665646440849679,48.30065553399564,26.957235931952518,55.314065969739154,9.909795132526,54.268126941497066,0
2026-08-14 00:07:30.300,1.665199564855119,47.60594105183842,26.766004363406612,54.61450918037272,9.724240787376516,48.69817325793021,0
2026-08-14 00:07:30.400,1.4143729209088554,47.56209031990071,27.94944686634227,55.166330453754874,8.604476969399823,59.727281313149625,0
2026-08-14 00:07:30.500,1.651762159042044,48.311724426472274,28.501453642224597,56.092384302855905,11.860396558177705,55.16437835401416,1
2026-08-14 00:07:30.600,1.7761890744486053,47.164588767058724,27.924166415038467,54.81110748325128,7.051170370427248,45.48434691783165,0
2026-08-14 00:07:30.700,1.6062467972690133,45.682073347549036,27.55539967842794,53.34933810994056,7.129090193794428,27.720364260158682,1
2026-08-14 00:07:30.800,1.7631052704601495,48.0649328755732,27.791880353763354,55.52140475466425,2.2832799410824087,67.98837926578392,0
2026-08-14 00:07:30.900,1.4721870855030923,46.45019491398901,27.657899660808216,54.06089179059947,11.168492131430106,41.76701252666814,1
2026-08-14 00:07:31.000,1.025202644677702,46.627457038187345,26.652998242918322,53.70756059611173,7.769222732662536,54.29070374876312,0
2026-08-14 00:07:31.100,1.9231256723283185,47.59815693682725,26.56466367734295,54.509319387359625,16.80081711851382,27.000899975370828,1
2026-08-14 00:07:31.200,1.2643551468875491,47.511142833731746,27.500699923192364,54.89624021399582,6.783401924712626,49.86420099937034,0
2026-08-14 00:07:31.300,1.1257614804950296,46.20252682742332,27.63264692885882,53.83527339517969,8.265734388250205,51.20314353034639,0
2026-08-14 00:07:31.400,1.4288328496782408,47.78842872032584,27.582828196409807,55.177407794044875,9.63951486082524,51.78322487057194,0
2026-08-14 00:07:31.500,1.1348756322813949,48.59741153950748,28.119644418107796,56.14644076467427,4.6943000810338615,86.16551939261595,0
2026-08-14 00:07:31.600,1.3330278472042272,46.511265030834394,27.41138258772864,53.98779186204369,9.075643141637682,42.4265795144788,0
2026-08-14 00:07:31.700,1.6376215686253865,48.92042465440268,28.03914813965624,56.38618427207748,8.103984296171555,59.847970723480316,0
2026-08-14 00:07:31.800,1.6393366956984508,46.09610522087772,27.47809621374344,53.66466889924852,7.088935430969487,56.278789426512525,0
2026-08-14 00:07:31.900,1.1408679734297482,49.78193491283236,29.057453630706018,57.641796078593075,11.51781187622902,41.85633208798897,1
2026-08-14 00:07:32.000,1.3049178508205022,47.26168506043167,27.66833827593025,54.76498715148883,5.288753846268033,59.66803283817116,0
2026-08-14 00:07:32.100,1.9297332019080975,47.82689721019578,29.48134621724188,56.18328818728497,8.824706339246665,48.02814875683037,0
2026-08-14 00:07:32.200,1.6985600470935764,45.79758136333696,27.895378234366277,53.62434694772352,12.363992874155137,60.502918610920624,1
2026-08-14 00:07:32.300,2.3300260157394166,47.63581359180707,27.447828058495254,54.977759154790135,5.880134732131105,73.53155148106057,1
2026-08-14 00:07:32.400,1.972051269496611,47.93476655844831,26.904212247430333,54.968886487427724,7.109342051923103,51.8095866876092,0
2026-08-14 00:07:32.500,1.9577172274239756,47.628456999084364,26.474460602664163,54.49189829979907,15.035913690415486,46.626497251178584,1
2026-08-14 00:07:32.600,0.9448525798176792,47.15987274858523,26.84061846786564,54.26299289018513,9.423173195468172,62.61867420572496,0
2026-08-14 00:07:32.700,1.805544140653369,46.78472402956353,26.93508808152362,53.98434377189237,6.481407570072147,66.7598379912121,0
2026-08-14 00:07:32.800,1.4787572793212358,48.8701498900824,27.9596299786568,56.3030412928336,10.407874280235434,39.40090952729541,1
2026-08-14 00:07:32.900,1.2796072785847001,47.77876512799678,27.22784249895115,54.99241587986448,6.295719345226923,44.564514925543094,0
2026-08-14 00:07:33.000,1.5672061362130114,49.297045091969345,27.803317271315144,56.597023827133086,3.3052522275197873,58.105079262095146,0
2026-08-14 00:07:33.100,1.8780846138445935,47.23814508311139,28.68435915264514,55.26513196302908,12.11709183579551,48.41561587502336,1
2026-08-14 00:07:33.200,1.7003326364016846,47.33816746698784,27.593530614908154,54.79329366745952,4.690822207606956,38.548015844158556,1
2026-08-14 00:07:33.300,1.148610479463176,48.59689112740996,29.332103488461726,56.762929120220406,15.355137874991872,56.488337934744735,1
2026-08-14 00:07:33.400,1.796983565437048,46.16665664326398,26.73313017888917,53.34810619673827,6.532002873613383,58.05787658848127,0
2026-08-14 00:07:33.500,1.2449649831696143,46.58450296756836,27.55831295793283,54.12556262823283,14.399794044685567,45.98737092923629,1
2026-08-14 00:07:33.600,1.5866732475857144,48.903786021528184,27.252330291216236,55.98454959666066,3.8939867944398268,50.73618518397484,0
2026-08-14 00:07:33.700,1.3786599730091462,46.642701843405575,28.43798674842287,54.628387543074204,11.076480758798759,43.08112317264657,1
2026-08-14 00:07:33.800,1.4124534993057498,46.00391947977996,25.901948992756612,52.794616857454734,9.49917881895395,36.85715088905633,1
2026-08-14 00:07:33.900,1.806497190016204,49.69983240560934,26.544290899179504,56.34423413700749,10.513238676665456,44.03522472046176,1
2026-08-14 00:07:34.000,1.0839225120736409,46.445822292115786,27.61790650603323,54.03668354152383,10.904068120028782,50.88718820211088,1
2026-08-14 00:07:34.100,2.2780780297107732,48.03209406077191,28.949886974273838,56.0818866987022,6.5067645731564845,32.298929342368446,1
2026-08-14 00:07:34.200,0.7715655722822015,47.92539457762175,27.894459098168337,55.45218024388331,4.073468473991005,44.9118448249741,0
2026-08-14 00:07:34.300,1.2609329266980571,45.05401579073313,26.63754850099935,52.33950065691039,7.847246808982346,51.053961567112864,0
2026-08-14 00:07:34.400,1.6480847559766965,47.60566180663716,26.7660540237308,54.614290108443114,8.669090772755402,64.3359189214984,0
2026-08-14 00:07:34.500,1.733725666574124,48.32972680173781,29.067179893631188,56.39737085804028,6.584466136533486,46.248891742393624,0
2026-08-14 00:07:34.600,1.459809711771318,48.24395765623131,27.23688112579048,55.401508497483,8.832661910479585,35.049171798689336,1
2026-08-14 00:07:34.700,1.477043718799383,48.80150368096969,26.984419100339906,55.765093344371685,8.988876593524221,47.48407984762725,0
2026-08-14 00:07:34.800,1.6642200341310467,47.5188264047145,28.92568868027665,55.63033640478616,5.269920660368403,43.20116835091892,0
2026-08-14 00:07:34.900,1.4075722090169278,48.627156884165835,28.5576690697138,56.392737558417615,9.184913845071398,56.62614266068836,0
2026-08-14 00:07:35.000,2.0572725031739623,47.23365809644735,28.77304001332989,55.30738005710241,7.198363928916063,45.94513608365325,1
2026-08-14 00:07:35.100,1.835739645692641,46.52085447056838,26.998759627976046,53.787758106478385,5.9000572993898865,17.473200541048755,1
2026-08-14 00:07:35.200,1.8491297404022538,46.641928233753674,26.543709452849455,53.66598532478387,10.36212541467198,94.29949401437366,1
2026-08-14 00:07:35.300,1.1135373106518331,46.48588087669323,27.875327990623354,54.2030537097952,5.669026364919366,51.70835949909116,0
2026-08-14 00:07:35.400,1.4682446302377188,48.965912022233574,28.041896539064364,56.427019252098624,6.629997230285821,51.07029812370295,0
2026-08-14 00:07:35.500,1.3798136205117184,46.45008726773757,28.070477909041546,54.27303508393856,8.216152550559968,31.503080336035616,1
2026-08-14 00:07:35.600,1.0977594497242138,48.24703433989917,28.966344448061125,56.27455404780327,12.122934861962715,32.425168808460654,1
2026-08-14 00:07:35.700,1.6440656735783068,47.71540602763118,26.401784461015573,54.532689234143085,8.578352233172895,48.896612507923614,0
2026-08-14 00:07:35.800,1.2849416968880734,47.887016370706725,28.48155500753263,55.716831501220895,9.584864997424003,54.03405598773968,0
2026-08-14 00:07:35.900,1.762161531940095,49.3616069618108,26.921499764648807,56.22575380935567,7.107072392010512,58.42536967012103,0
2026-08-14 00:07:36.000,1.0719233748422674,47.567907021849564,28.48838889012758,55.446317100367175,7.764531126870978,52.84925188781912,0
2026-08-14 00:07:36.100,2.1876162451367285,48.62627067306827,27.42883610329405,55.82880304602514,7.853368299441217,35.76869356198239,1
2026-08-14 00:07:36.200,1.1414669365631753,48.060567185353435,27.162624863670988,55.20531050236371,8.879918708051074,19.946400691039415,1
2026-08-14 00:07:36.300,1.5877209348801744,47.87931965079336,27.33088096829628,55.130810847710435,7.112097280855219,48.79733180746154,0
2026-08-14 00:07:36.400,1.8167437241552271,50.33964240326628,26.66731580670664,56.966879233668315,12.019999656428627,43.592303952690465,1
2026-08-14 00:07:36.500,1.2717438279199549,46.60666625561818,27.861147952666908,54.29940059248328,6.880501284493574,34.84913931065258,1
2026-08-14 00:07:36.600,1.8409874573731804,49.34547455922474,27.215666921744013,56.35306899779645,2.878276594383898,59.93669868926751,0
2026-08-14 00:07:36.700,1.0083265608798335,48.72108401173101,28.46784505246485,56.42838141582034,16.22838981311006,31.09307900984014,1
2026-08-14 00:07:36.800,2.080847079673024,47.593487174063,28.355852166043203,55.4003102288263,7.017893927168744,57.40362607347899,1
2026-08-14 00:07:36.900,1.5056597059863033,49.71066540859013,29.199333777011347,57.65198477403978,11.939509361274043,33.078344299790224,1
2026-08-14 00:07:37.000,1.261435436812448,46.24157150121373,28.14687095499422,54.13436320359702,12.214372525879275,51.60906422699997,1
2026-08-14 00:07:37.100,1.3803272910290263,47.57624967875693,28.275352015297663,55.34433182435593,10.835642936751146,61.20769186422346,1
2026-08-14 00:07:37.200,1.8235677077570878,46.89786885424067,28.983890484568104,55.1314430310961,7.4059183412077925,45.94480021277271,0
2026-08-14 00:07:37.300,1.2662178832598248,48.52676924583495,27.36668131175674,55.71160183891474,8.86005445962303,70.27903801408186,0
2026-08-14 00:07:37.400,1.200256924230889,47.00995640223005,26.683205731791915,54.0548746096474,4.176469372085219,73.01463590712206,0
2026-08-14 00:07:37.500,1.4113853609665048,48.5644191726123,28.038888382825302,56.077464915219984,13.970443321454828,52.846100000235865,1
2026-08-14 00:07:37.600,1.0292151548920128,47.95325353250316,26.74570719362331,54.90762586052652,5.4445820054519904,56.49662444708328,0
2026-08-14 00:07:37.700,2.2282175631767265,47.66867072812238,29.85196574080739,56.24448441915428,7.238297111777373,62.728506395798235,1
2026-08-14 00:07:37.800,1.2734421635141107,48.54500663926551,29.058214269602477,56.57735842317544,8.296959461120753,56.53311646982587,0
2026-08-14 00:07:37.900,1.8326467144721614,47.89607249174788,29.629997536052834,56.32024959214283,7.67768073548912,55.24691861118252,0
2026-08-14 00:07:38.000,1.583788033459109,47.084393995080646,27.95377488421432,54.757224985944255,6.029380153119817,43.71116716668695,0
2026-08-14 00:07:38.100,1.1061863798072127,50.9827365502284,28.34927701131734,58.33456036702772,12.183017156164066,29.751725897867452,1
2026-08-14 00:07:38.200,1.4976181163149083,47.70253110001803,27.54623862426619,55.08472325148963,10.850837850464838,33.31885504100627,1
2026-08-14 00:07:38.300,1.8136011117242992,45.980423925348894,28.62515964776995,54.16270995080577,8.96614161297708,78.58840830513823,0
2026-08-14 00:07:38.400,1.4246954659654774,47.36426903823327,26.95138606713195,54.495423591947024,6.80134083200975,53.86950749366001,0
2026-08-14 00:07:38.500,1.9772451783404112,46.947425762035664,25.894346918665217,53.61509104744705,11.192827615533412,47.05179822330402,1
2026-08-14 00:07:38.600,1.9086061571127455,49.049182788902655,27.301253808126436,56.13537914501801,6.606594101667303,65.15992710941491,0
2026-08-14 00:07:38.700,1.8675659418633317,48.553024554907466,26.774444356695682,55.446073477201615,12.711175521013446,41.00650432565804,1
2026-08-14 00:07:38.800,1.3161372910908011,48.63841941955997,29.126165359589407,56.69241000510716,8.333662746450283,56.99729920895825,0
2026-08-14 00:07:38.900,1.0680630208874051,47.87801887438612,29.401366768198276,56.184918431676905,11.689344580918146,50.926304402720454,1
2026-08-14 00:07:39.000,1.2545649578548823,47.97702581562019,26.83148237967578,54.97020513699706,7.658539021449251,55.52033001324323,0
2026-08-14 00:07:39.100,1.5784963762666882,47.893779681523185,28.992198957095503,55.98537070119383,8.214599546122834,45.96308156847372,0
2026-08-14 00:07:39.200,1.7183146854129423,48.19185232344912,28.724935291351375,56.10326673071232,11.676263184376,38.42366831251543,1
2026-08-14 00:07:39.300,0.631371438095821,49.116713665403175,26.713006790247903,55.91096755615157,14.581775455413334,40.12554712232429,1
2026-08-14 00:07:39.400,1.4967547193553,48.62579036499742,27.661614946749957,55.94311780802833,12.681100452514643,40.59338957287643,1
2026-08-14 00:07:39.500,1.5632356901292739,48.79816250456669,27.514698827267882,56.02070434560204,10.631403858133549,49.96435625213413,1
2026-08-14 00:07:39.600,1.3889822974737793,48.80594330564877,28.5822269573415,56.559382950976236,9.76785029887279,31.326377834312684,1
2026-08-14 00:07:39.700,2.0165095356063514,49.199161557235044,27.005807991187975,56.123713020360896,6.4791539292211215,35.03085661973489,1
2026-08-14 00:07:39.800,1.6687120297003484,48.6112038838473,27.914734204856646,56.05605702120659,8.885689223316298,51.626291570350425,0
2026-08-14 00:07:39.900,2.024076763232359,48.6902366374397,27.450085535696783,55.89495808860532,5.260852448009805,48.46789946703302,1
2026-08-14 00:07:40.000,1.413615791859907,49.52852952840769,28.382506919036835,57.08451573111159,9.127346401054321,52.282778411080386,0
2026-08-14 00:07:40.100,1.87499099700277,47.68301209166516,27.835401180450624,55.2130347020567,9.32015198208072,49.45947758800269,0
2026-08-14 00:07:40.200,2.154026557811008,47.50065015217051,27.5856390761209,54.92976650338962,2.1174645755954256,80.22740248265856,1
2026-08-14 00:07:40.300,2.0246773797090647,47.1788058553889,27.8481992122398,54.78468692349233,8.11621582757512,51.52086120789048,1
2026-08-14 00:07:40.400,1.0631433626285067,48.55597674064976,29.652671572489794,56.89432140929765,9.244624697267316,45.45104420615269,0
2026-08-14 00:07:40.500,1.3985295689830477,46.52766465826412,27.695318430794437,54.14659953805947,7.748870428582933,51.213581424338116,0
2026-08-14 00:07:40.600,1.3619341178200814,48.851885717996666,27.201034798535165,55.91424713179394,9.074146516569712,62.23946051012396,0
2026-08-14 00:07:40.700,1.695701814030531,48.28887324989017,28.50558666195921,56.07480495451077,3.9748332699310573,49.40445932747042,0
2026-08-14 00:07:40.800,1.7745414220058133,49.541040766665525,27.929020904568322,56.87130145277344,5.672407083319223,58.21674030363495,0
2026-08-14 00:07:40.900,1.1644429303897055,47.74281847883322,26.916654328885755,54.80769103477671,11.104814489491798,54.7525515728266,1
2026-08-14 00:07:41.000,1.5271354055667752,48.21975222633444,29.83903937521315,56.70549158242618,8.00171499693733,46.51501307788827,0
2026-08-14 00:07:41.100,0.6920290671375454,49.55360856749907,27.776859984054102,56.807693780285284,9.019636943944725,51.330509586583425,0
2026-08-14 00:07:41.200,2.076778002320756,49.82287560343759,27.761548410826585,57.035274204322754,6.3604365178742635,69.18706537030491,1
2026-08-14 00:07:41.300,1.2950503037293226,47.76792231336136,28.19671308899439,55.4691718989782,8.05848206983057,52.91693954045557,0
2026-08-14 00:07:41.400,1.5223455759377988,48.638190634154086,29.45793905630723,56.86337803551091,1.0939634595944039,38.16774770994716,1
2026-08-14 00:07:41.500,1.3761401144047756,48.759163101704715,26.735050213197205,55.607723350995215,10.5380358152623,46.165874874405496,1
2026-08-14 00:07:41.600,1.958411030005366,48.846732252095556,28.304635987421083,56.454899433869556,13.42379851685741,24.629033003206338,1
2026-08-14 00:07:41.700,0.36499742344104846,48.21883790961253,29.758665870791795,56.66246132813959,4.804947352356078,51.64878448103456,0
2026-08-14 00:07:41.800,1.4933558630696364,49.77113168950553,28.19683191942086,57.20338171774613,5.179003437471296,65.74474812539377,0
2026-08-14 00:07:41.900,1.457672497000921,46.60837953021409,27.1105826248586,53.91961361779,9.322639694712446,33.90313078239375,1
2026-08-14 00:07:42.000,1.318545444963327,48.085287501488295,27.609133159405108,55.44780525786885,12.421637871520238,51.79679281409659,1
2026-08-14 00:07:42.100,2.190490618254253,48.962683191516064,28.274357499051305,56.54010644928898,7.9937080478511655,61.82518167043144,1
2026-08-14 00:07:42.200,1.1450682164576915,48.98031199314621,29.17849544123001,57.01276663309563,4.3120459375624876,63.09366359835781,0
2026-08-14 00:07:42.300,1.8087184708942645,49.884180934265366,27.84738446665752,57.130625142005606,7.374148290086381,65.35761406730998,0
2026-08-14 00:07:42.400,1.6425011154824334,49.73798201930563,28.785175413608556,57.466974680637094,4.910203759064622,27.58095402385396,1
2026-08-14 00:07:42.500,2.0046077010142063,48.262549723250864,26.980559747497345,55.29217223149707,5.99346112139367,56.05917145534172,1
2026-08-14 00:07:42.600,1.233124366088998,49.85629731454244,26.97888094693106,56.687832901467765,7.087876702540051,31.933217778864737,1
2026-08-14 00:07:42.700,1.2068124403504963,47.85071904968812,27.752615925131387,55.31635385905367,5.212026235275118,38.02001436113034,1
2026-08-14 00:07:42.800,1.9384279629909593,49.50398289871115,29.294280287050203,57.52216251473987,5.666282827476305,59.853467115302074,0
2026-08-14 00:07:42.900,1.6701285233320442,50.39195271679405,28.20395785463485,57.74783231669935,8.22360200066673,51.89656546221941,0
2026-08-14 00:07:43.000,0.8820250613292965,49.80470906768177,28.385707932949376,57.32588821964408,8.64510743641169,58.716032890872484,0
2026-08-14 00:07:43.100,1.2842779942146918,48.70387006680467,28.381323486427153,56.36990759550182,3.728058998537099,38.85060074237962,1
2026-08-14 00:07:43.200,1.6545530615392243,48.27465563396216,29.05122702950996,56.341957442901865,9.189145167528011,67.68323732195452,0
2026-08-14 00:07:43.300,1.8351056886186357,47.086177831928744,27.680684922882538,54.61985408823347,6.8541984106058065,58.26000720609261,0
2026-08-14 00:07:43.400,1.228307738722818,48.93364348855597,28.72449039717565,56.741499924151924,10.160784570657826,60.67157743152151,1
2026-08-14 00:07:43.500,0.3342976040732235,47.5162213451246,27.514157012773207,54.907377710489975,10.341492562063578,37.037998686618366,1
2026-08-14 00:07:43.600,1.7092892742948134,47.84663863193532,29.77048210206616,56.352306367747246,6.366376457134854,64.05681488255142,0
2026-08-14 00:07:43.700,1.0118717240224098,47.45736221726632,27.548551927364446,54.87370902276893,9.8424430821132,46.206061080315166,0
2026-08-14 00:07:43.800,0.6930644807510354,48.19605040780009,27.487954201811153,55.48375348795424,5.489131880903511,42.66528475825531,0
2026-08-14 00:07:43.900,0.36706963000634363,48.6368080484235,28.638602328536734,56.44208217696493,11.97128618850587,57.50556248054794,1
2026-08-14 00:07:44.000,1.8255923440790964,48.94672676652993,28.267698056364395,56.52295829628103,5.602591397430606,56.99854129745527,0
2026-08-14 00:07:44.100,1.5514469801619866,48.080940272404,28.47035006969953,55.877881586274555,9.05824882587654,39.83817382691195,1
2026-08-14 00:07:44.200,1.4097374477150995,49.75906533666689,28.395720014556883,57.29119913497876,7.43717256606716,74.67561212231024,0
2026-08-14 00:07:44.300,2.0556097451851048,48.48991109473548,27.34655605258932,55.6696111528791,4.949316457287196,71.7722069166773,1
2026-08-14 00:07:44.400,1.754929873209229,47.918728641913674,29.514557788371103,56.27889192317538,10.702747285355928,57.260421689741236,1
2026-08-14 00:07:44.500,2.1465200170887666,48.94107806487637,28.943705243291053,56.85918743143308,6.157604573399627,55.16484107278026,1
2026-08-14 00:07:44.600,0.9429058111332014,50.68667335363049,29.321032273065704,58.55648375044215,2.8997835050650806,53.957434715123554,0
2026-08-14 00:07:44.700,1.4861797504184147,49.066615809075536,27.816208434235918,56.40278573450321,1.0,31.400040487775943,1
2026-08-14 00:07:44.800,0.8533146500207942,48.376934337620554,28.577092814768637,56.18699146288536,5.374865916716088,51.35368865505755,0
2026-08-14 00:07:44.900,1.4082470672578131,47.2206633313292,28.406769582256498,55.10658403085924,12.12772525789692,51.194498982748975,1
2026-08-14 00:07:45.000,1.4005536584933291,48.537047088929576,29.156277746902198,56.62096318650427,11.77321540251098,43.08785976513943,1
2026-08-14 00:07:45.100,1.7506454549052284,48.99972225744351,29.18707498487693,57.03383318241404,5.844204792957404,46.28780993598099,0
2026-08-14 00:07:45.200,1.5182255524567594,48.38554796355356,28.418317955251972,56.11383115720347,6.876635255895862,21.424491263414325,1
2026-08-14 00:07:45.300,1.7493628553119662,47.116078939021875,27.054517240883126,54.33113101827886,6.605260773331931,36.832724838500106,1
2026-08-14 00:07:45.400,1.7813760532555576,47.93923291021318,29.697608489500126,56.392534984830185,3.9997035636512948,61.06191549808748,0
2026-08-14 00:07:45.500,2.361971470953257,50.25267148305811,28.723669760254328,57.88246881120665,5.1535043851299704,70.77436281967233,1
2026-08-14 00:07:45.600,1.3738813378855503,50.24046874835456,27.79713101366155,57.41763834088838,10.943448558202356,38.67943177645075,1
2026-08-14 00:07:45.700,1.1235909197334484,47.92816329787324,28.614115190860065,55.820036055733716,9.511663614138202,52.194183859711266,0
2026-08-14 00:07:45.800,1.5984334461265635,49.49589397673101,27.085007474956935,56.42199172728902,8.819266575589667,63.1805879527678,0
2026-08-14 00:07:45.900,1.1790879891441826,47.65289912721515,29.143165601168032,55.8580602642595,3.9945601650174245,43.75741968926295,0
2026-08-14 00:07:46.000,2.0927843073746146,50.24412291643402,27.126914585240122,57.099399143569315,8.302109642101932,58.11497812681539,1
2026-08-14 00:07:46.100,1.386712784421907,49.093377204787046,28.132217220506025,56.582517893013915,1.0884650915359355,49.59452365303808,0
2026-08-14 00:07:46.200,1.2737694528504038,49.80611757796309,28.509449207292377,57.388483533659155,10.528408073781598,64.28482386110419,1
2026-08-14 00:07:46.300,1.311473711539553,47.14971745461776,29.149958250665854,55.432985866412146,8.775724702211425,34.61059112397652,1
2026-08-14 00:07:46.400,1.7873669693886565,49.55078262617892,28.409123055699926,57.11705814956453,3.9643026437005098,36.74508045478816,1
2026-08-14 00:07:46.500,1.4369012067074058,48.87380618302328,28.83685844691471,56.746923580958295,12.84927667247012,53.35447002731373,1
2026-08-14 00:07:46.600,1.2433332719478472,49.741744039952366,28.311355454737274,57.2343773253507,2.6115060224942557,51.15447319880524,0
2026-08-14 00:07:46.700,2.1661407670494124,49.81301748971312,28.313141054213737,57.29721343823161,9.590918546748807,49.32411324208004,1
2026-08-14 00:07:46.800,1.1575320637353,48.97226910354375,28.412272448720046,56.61749170397963,9.665515306935985,56.910009922453796,0
2026-08-14 00:07:46.900,1.5142264296131973,48.31398949742684,28.197645145231753,55.94058252193914,4.280988681942558,38.83220522530716,1
2026-08-14 00:07:47.000,1.760922460644092,49.70285004115598,27.00463612092075,56.56521611588678,7.886447927569649,33.56677266054285,1
2026-08-14 00:07:47.100,0.8474659558331706,48.87133408202511,27.74423435390084,56.19741840014611,3.089516473541411,43.9987027036553,0
2026-08-14 00:07:47.200,1.6921042005623699,48.067038350356334,28.559713855219748,55.91151429953098,1.0,45.34065729562281,0
2026-08-14 00:07:47.300,1.0779569298078202,48.02800579488004,28.169598013011658,55.67957967556599,4.796371319205024,46.595033827305066,0
2026-08-14 00:07:47.400,1.829113112333601,47.47932833247908,28.249248383529352,55.24768459526323,6.150125173214009,65.22854853624652,0
2026-08-14 00:07:47.500,1.1149395952324095,48.45453631168214,28.120213547196155,56.023106832092395,9.932768542432374,59.24500696159051,0
2026-08-14 00:07:47.600,1.7771076127395442,50.07585423977333,27.693018602033916,57.22319859231587,8.20222425518246,56.39887842986515,0
2026-08-14 00:07:47.700,1.942333226517885,49.15932671585812,27.994418580910583,56.57143161384298,8.28063637815844,52.66399513555174,0
2026-08-14 00:07:47.800,1.844574610253122,48.46006393268339,28.148433587652985,56.042056616422215,4.956735130149245,44.789738531413334,0
2026-08-14 00:07:47.900,1.600526659295241,49.803022299240254,28.403014329069585,57.33299445446709,6.409966087875841,39.75265811859866,1
2026-08-14 00:07:48.000,1.4074796228281201,48.17402446179053,28.71860332568412,56.08471101666824,5.210220170392517,35.634110951695746,1
2026-08-14 00:07:48.100,1.2694321694660624,49.11018608030044,28.264461250872007,56.6629521525642,4.325077978910575,41.6659177943519,0
2026-08-14 00:07:48.200,2.0884138763268414,48.84354015569589,27.590178112498908,56.09732028555812,6.218901719038229,49.48493613966814,1
2026-08-14 00:07:48.300,1.2202019119329428,49.81063587646349,27.300437518590062,56.8015258168658,8.223537155289002,36.140189597808,1
2026-08-14 00:07:48.400,1.0851735705720016,47.46261160240938,30.501853749897514,56.41863683483768,6.28208444172739,52.03423709283931,0
2026-08-14 00:07:48.500,1.766147574013132,48.19797694996797,27.525052793257927,55.50381530436696,7.029491991725081,47.66674247317226,0
2026-08-14 00:07:48.600,1.1815452787254017,47.41826375914183,28.019005649930318,55.07773066805104,10.08474443273417,45.232419061481565,1
2026-08-14 00:07:48.700,1.1199746010135492,48.805247418880846,28.85250672642522,56.69584923093213,6.49773674392789,63.93839481453965,0
2026-08-14 00:07:48.800,0.922558295132094,50.28460636677628,28.73259580553886,57.9146242255452,3.9981001070363256,20.472576533327224,1
2026-08-14 00:07:48.900,1.3068360642157928,48.57606637594407,28.865600705407818,56.50537256442227,9.690360564803719,45.39524545658084,0
2026-08-14 00:07:49.000,1.4669139904414028,48.57916436985569,28.099735329205068,56.12067655013464,8.797548945524854,21.770750652446267,1
2026-08-14 00:07:49.100,1.5972366910642795,49.96990745468922,28.64975627481469,57.600348832593795,8.985978494516944,52.86275207515331,0
2026-08-14 00:07:49.200,1.8805224977197934,50.175067311414125,28.51298558316799,57.71072453687342,9.877515972607128,59.146178998387114,0
2026-08-14 00:07:49.300,1.7107591694663176,49.026281408143774,28.219206391214513,56.567657526721625,9.369924581923836,33.78672554943438,1
2026-08-14 00:07:49.400,1.423651112178728,49.8079020519162,28.67024011213686,57.4700772132843,8.086186077413911,35.323308993303314,1
2026-08-14 00:07:49.500,1.420721729448112,48.0545673794421,29.323205589592597,56.294687423191675,15.17435798855628,29.620402019474533,1
2026-08-14 00:07:49.600,1.7040629875660733,50.51783097669921,28.466153806916015,57.98597381392632,4.145093761094137,50.763703912558015,0
2026-08-14 00:07:49.700,2.009028065171428,51.296897659164586,28.476477096221664,58.67095923254061,6.240748164534326,45.91054068555167,1
2026-08-14 00:07:49.800,1.55052567979328,49.67774187887,29.348444480509556,57.699300096354605,10.902003094034502,46.65614323530088,1
2026-08-14 00:07:49.900,1.3123476583158364,47.08052918879222,29.268004773936067,55.436380943779696,8.427758876286724,45.584340326169425,0
2026-08-14 00:07:50.000,1.1028535995657818,48.61496527019098,29.771066472324048,57.0064140875517,10.273769102033715,38.316811227584736,1
2026-08-14 00:07:50.100,0.9219178942351097,49.79435557671182,27.103933965441843,56.693042639313724,8.509269288610614,63.58248828675244,0
2026-08-14 00:07:50.200,1.7665078688174094,48.76838198032988,29.238014333033263,56.861380242815265,12.122169653479943,53.26808816157953,1
2026-08-14 00:07:50.300,1.731191409455823,50.470398254200084,29.000183856291738,58.20886327387168,4.977467433100263,35.78403755866875,1
2026-08-14 00:07:50.400,1.7309454100426647,49.79469168683959,27.81539873523963,57.03689794324181,12.027379668220128,41.59343821000998,1
2026-08-14 00:07:50.500,1.4485362214591777,48.508393644091676,28.730191821313564,56.37808240814534,11.512989479612799,39.53517470639029,1
2026-08-14 00:07:50.600,2.0627738983567,49.255468678082465,29.37481971859313,57.349640174960214,4.36913265730886,66.87113484167674,1
2026-08-14 00:07:50.700,1.306352602166073,48.33770536912587,27.875596015870656,55.79948578250918,9.891996229663018,58.53463127219439,0
2026-08-14 00:07:50.800,1.8821076948828823,49.05728843380626,28.89797393054947,56.936020635168894,7.870880203290231,48.48212651692937,0
2026-08-14 00:07:50.900,1.4845028420041828,48.69361479423989,29.24600776138828,56.80138283271809,6.180253942642809,70.48665421944631,0
2026-08-14 00:07:51.000,1.256659694128265,50.43130455735922,27.697110004250522,57.536478706509975,2.334142430846841,67.4245231423902,0
2026-08-14 00:07:51.100,1.7370121229271045,51.38088953641092,28.44509793379184,58.72920403015751,4.96755898664805,47.23146927029876,0
2026-08-14 00:07:51.200,1.6638544474735975,47.84202386879792,28.804702022534133,55.8441591079104,10.124336420553767,45.07321613451428,1
2026-08-14 00:07:51.300,1.6427891037067703,47.35833063827766,27.932022950258087,54.981900539524574,10.441523807781671,45.65163252923182,1
2026-08-14 00:07:51.400,1.5325113688224794,49.04470922508977,27.870606428889857,56.41058593639745,7.367868558271486,38.56704084837283,1
2026-08-14 00:07:51.500,1.4848427673132676,47.77980067056621,28.470894140146722,55.61925175025713,10.450955429429852,70.80769338160596,1
2026-08-14 00:07:51.600,2.4553487971481753,49.35276269551956,29.22524242863214,57.356865157473415,10.835780233682412,37.92304996329347,1
2026-08-14 00:07:51.700,1.9737026580784691,50.063821928108304,29.103918689535117,57.90875882918239,8.463919875879043,60.419651785129275,0
2026-08-14 00:07:51.800,1.7891307579942048,50.81736243402295,27.9048021387046,57.97484201919915,5.832999128449387,58.28651757090595,0
2026-08-14 00:07:51.900,1.5447196632813553,49.53294981792514,29.12066746361847,57.45891045949042,9.323162338446934,46.341608261317205,0
2026-08-14 00:07:52.000,1.9028628802386676,49.14673475681403,27.935182168064962,56.53119439760323,9.46095412297659,71.7205412439734,0
2026-08-14 00:07:52.100,1.7071979105565807,47.369839787544265,27.320798984075665,54.68388957111483,10.021833171050929,31.29084414702166,1
2026-08-14 00:07:52.200,1.5104819011096142,49.38274457575689,28.320220799104874,56.92706182427211,10.59620981000672,49.04370438825332,1
2026-08-14 00:07:52.300,1.378574269893634,49.436181409574296,29.51731198668349,57.577840696569616,3.913506284236335,44.13151802071395,0
2026-08-14 00:07:52.400,1.4676330649349247,50.01218568569132,29.148705764600248,57.88666309964073,6.4702122639027735,61.527117803250235,0
2026-08-14 00:07:52.500,0.3,48.67307549240323,28.627680710460837,56.467799503338846,2.3041359629365417,54.242790372502014,0
2026-08-14 00:07:52.600,1.5842403357190566,48.9548457161502,28.300574602958797,56.546436156045296,10.240988115066042,29.27245785600209,1
2026-08-14 00:07:52.700,1.304609567955856,47.92023078353562,28.327130114410743,55.66664008960906,7.363065656058751,64.87375332495743,0
2026-08-14 00:07:52.800,2.1370679993131536,47.11527495440948,28.73096858146477,55.18439715769957,9.292442212092245,55.825540675094814,1
2026-08-14 00:07:52.900,1.5077376283247017,48.30640539295051,27.794191501571714,55.731731385397666,3.572963755429525,37.574097656444835,1
2026-08-14 00:07:53.000,1.0244146321860153,47.85291139194801,28.375456447559582,55.63333225048612,12.20294254907915,45.80385074256329,1
2026-08-14 00:07:53.100,1.4800479383487528,49.76828422407538,28.48648758810505,57.344241992684964,4.416982506142175,34.401381020335016,1
2026-08-14 00:07:53.200,1.0815515659749984,48.921772594441656,27.583084423903912,56.161965600559896,10.323689913147376,47.94994369260224,1
2026-08-14 00:07:53.300,1.6893629662849865,48.910004243487464,27.998186223419296,56.3567826166401,8.353850512677624,51.801415608317875,0
2026-08-14 00:07:53.400,1.6163789457357942,48.47216304984079,29.002351090798708,56.48616608979851,7.431671667421463,45.98423409639262,0
2026-08-14 00:07:53.500,1.883135852443307,46.23234538595731,28.686555963034643,54.409082448675484,7.189519680163478,44.59442600152575,0
2026-08-14 00:07:53.600,1.1836472833221738,50.98155628967103,28.43693789159939,58.37618108755982,6.085810972051609,30.647115571385854,1
2026-08-14 00:07:53.700,1.5136032384912588,48.48130974060044,27.959806207995967,55.96595534208925,11.885588530702305,54.04689753803849,1
2026-08-14 00:07:53.800,0.9539912818293459,49.07749491598106,29.955428851969955,57.49720188786217,8.037838503056728,26.906544837644567,1
2026-08-14 00:07:53.900,1.7805979127698859,48.0433575429954,28.028566453227374,55.621621168634384,4.192335408940339,50.37295421884714,0
2026-08-14 00:07:54.000,1.7075484721760488,50.47851477417908,28.905224904252464,58.16865548190394,6.848119393895479,28.410130111610467,1
2026-08-14 00:07:54.100,1.6983220084110284,49.658348090229524,28.318656221456287,57.165530044244555,8.385017081608815,50.60605868583544,0
2026-08-14 00:07:54.200,1.5006476125427763,48.69688859038007,28.742975759498236,56.54684442031219,10.693415844335977,49.926571944947014,1
2026-08-14 00:07:54.300,1.6659091563155164,49.13935898675566,29.085040952412108,57.10180565299782,6.186140838448378,54.84013961214249,0
2026-08-14 00:07:54.400,2.1417356433234387,51.21810324267829,27.627748720965748,58.19438632004359,6.386670332586357,60.347428601619114,1
2026-08-14 00:07:54.500,1.3859622971831944,49.47528861112589,28.72366183048151,57.20885361642954,8.070296381442216,62.57106106701126,0
2026-08-14 00:07:54.600,1.5554580734840338,49.374859227845,29.68653857846042,57.61221482064311,10.620274459841978,30.67948880748884,1
2026-08-14 00:07:54.700,1.0655494803274361,48.62354600177539,30.148158007542392,57.21154304014628,3.8937363932119116,49.301527362403036,0
2026-08-14 00:07:54.800,1.1526956153606671,47.678681059896086,28.639946147616936,55.61926952909119,9.516063892975238,74.13129061472065,0
2026-08-14 00:07:54.900,1.539125317237323,49.42155825924279,28.78230312546681,57.191882238460956,6.6078124096140325,51.429206821972485,0
2026-08-14 00:07:55.000,1.941573418680763,49.91541676760049,30.523025416046757,58.508152522805645,7.02670225475454,40.02382231638424,0
2026-08-14 00:07:55.100,1.397487670299371,50.697850842057285,29.666899251917133,58.74007993888747,14.004727235389247,49.04358648272797,1
2026-08-14 00:07:55.200,1.4056333882751504,47.3581045656837,28.270133004705844,55.15424270315014,7.410592326345424,45.396008716231265,0
2026-08-14 00:07:55.300,1.3372459021982501,48.48983949561407,28.273774732873367,56.130837085827274,10.26408125092574,35.88250211441415,1
2026-08-14 00:07:55.400,1.2860973316622708,49.042529454534396,29.539201896484325,57.251499054436444,10.156741511610045,60.429250258484096,1
2026-08-14 00:07:55.500,1.6179885822835287,49.62812441897138,27.97013345649017,56.96735116642492,4.45992825770448,57.01223069930435,0
2026-08-14 00:07:55.600,0.9010969419285422,49.49490629846991,29.654145395070085,57.69847561769957,2.463817024331288,33.985891134654466,1
2026-08-14 00:07:55.700,2.012375830666691,49.526586026764804,29.056404798472055,57.420879332166315,10.462946277250733,48.880704994197174,1
2026-08-14 00:07:55.800,1.2338310807482158,50.064705493475756,29.20814227216515,57.961972974869504,4.749361422654443,43.20243620981453,0
2026-08-14 00:07:55.900,1.7887613941752565,48.76165104658045,28.593579451631694,56.52690862452372,3.0074511362869183,30.780889825700395,1
2026-08-14 00:07:56.000,0.9920005610424496,50.60742032204699,28.300107484490855,57.98281706924966,11.078486644532592,33.02216651028817,1
2026-08-14 00:07:56.100,1.7675360522184873,50.11506604396652,29.978562426054882,58.39720926314884,4.941719798673221,34.808482114396014,1
2026-08-14 00:07:56.200,1.768777843125799,49.3701160605927,28.61657917038969,57.064147792213404,5.682447572946818,49.298842958686436,0
2026-08-14 00:07:56.300,1.6536808288023586,51.299191039063444,28.490221767045632,58.679636481472585,13.923119465267886,44.50456399755972,1
2026-08-14 00:07:56.400,1.102228591280083,51.26303380520003,28.759861007473116,58.77948825978543,3.020793915855287,38.48974445484904,1
2026-08-14 00:07:56.500,1.599819275839231,50.64784784727582,28.983389201423563,58.354445770326684,4.231141875779223,45.29740364454859,0
2026-08-14 00:07:56.600,1.0267775261062444,46.70473044396796,28.009312227345895,54.45964944151454,6.620905572578239,58.97041966214573,0
2026-08-14 00:07:56.700,1.3988946979615258,51.310567029707464,28.38707596682817,58.63958024113556,7.279229480496734,54.28035316726467,0
2026-08-14 00:07:56.800,1.9117652403821304,50.534715181915175,28.349548336541098,57.94354432896876,5.31876415364704,62.022425691462836,0
2026-08-14 00:07:56.900,1.8186807708282968,51.75470001960991,29.525199072823668,59.58427942343247,4.524034708031251,47.260245623369016,0
2026-08-14 00:07:57.000,1.5060731770161733,50.994090696084264,28.145205608210524,58.245599702028244,12.529982973295793,69.23068628817973,1
2026-08-14 00:07:57.100,1.1100773696308632,51.343303504301744,27.45436220987624,58.222648678035284,8.788958372314147,54.1769586043819,0
2026-08-14 00:07:57.200,1.7582350848696775,50.65195039943859,27.290301679230005,57.535907440576366,9.755506232627564,44.132990919903314,0
2026-08-14 00:07:57.300,1.50775249507921,51.13032347035746,27.6926740552866,58.1480367210771,7.588324470324392,51.11542171628443,0
2026-08-14 00:07:57.400,0.5718737607078306,51.78408873490013,29.963209558777905,59.82796815175366,8.868364846577409,35.02308856892219,1
2026-08-14 00:07:57.500,1.8130519305266073,50.01485445499764,28.891945109558904,57.76010871153518,10.798704983328772,46.32577836502677,1
2026-08-14 00:07:57.600,1.490306866452123,48.23440389499504,29.28497993288967,56.428430500725995,5.011102956363995,55.15969076271929,0
2026-08-14 00:07:57.700,1.980980499193229,49.507508261511774,29.318171678613215,57.53736668322851,8.794507989553946,57.34003409718307,0
2026-08-14 00:07:57.800,1.0618917924628781,50.213249483364095,28.938929465102255,57.95543168905507,10.088126940223674,45.07805332602564,1
2026-08-14 00:07:57.900,0.3,49.90652619080596,28.839158126539598,57.63990282678447,12.63439203915278,82.80668513027162,1
2026-08-14 00:07:58.000,1.611633543338074,48.593411362728716,29.739605141187404,56.97160469761329,13.843672939405284,47.933507082136536,1
2026-08-14 00:07:58.100,1.6166254706727892,48.21724042614691,29.025781562255247,56.279643474462524,8.209579390945285,29.85927149428216,1
2026-08-14 00:07:58.200,0.8237313489574192,49.1154801051608,30.033263647688113,57.570194643513155,11.415916849061402,64.55920630410198,1
2026-08-14 00:07:58.300,1.1086001816533575,50.67271705223352,29.415650453981517,58.59184879389403,1.0,57.28552764619612,0
2026-08-14 00:07:58.400,2.602087097487961,51.45365198952608,28.429750312437047,58.78544892987359,12.656848728130143,52.780265851463,1
2026-08-14 00:07:58.500,1.3777557543384786,50.79821455493455,28.53128094559817,58.262274194935245,5.822349014837589,44.42094930689866,0
2026-08-14 00:07:58.600,1.7923835905504863,50.947408950724736,28.35201715300294,58.30501998487403,7.276707653036327,54.7201581923173,0
2026-08-14 00:07:58.700,1.2397360690526464,49.81750081290078,29.91302824919918,58.10828380085544,9.323313453101063,69.42819495197156,0
2026-08-14 00:07:58.800,0.6638788404587372,48.16456865081212,28.61994990275441,56.02612966960118,7.539672898053459,52.41959524808175,0
2026-08-14 00:07:58.900,1.4318967012816377,49.45976525008912,28.310213261143392,56.98891605817172,8.589360138704404,32.35959695826889,1
2026-08-14 00:07:59.000,1.393758175885558,49.66455614155319,29.2098147649568,57.61754433625731,12.76307890467843,8.559751001746804,1
2026-08-14 00:07:59.100,1.3400487045326515,49.43460278904362,28.881259480429584,57.25300954610529,6.847339863962086,54.614714727660626,0
2026-08-14 00:07:59.200,1.454143665797443,49.99468486370768,29.199648809059962,57.897219321776404,4.739228550498339,38.1690375048787,1
2026-08-14 00:07:59.300,1.6057073086582547,50.389744480679745,30.480845955587156,58.891496151791124,13.440391571895653,48.80344739125035,1
2026-08-14 00:07:59.400,1.4399532194984774,50.809674631484036,29.704452310687415,58.85556493004867,9.580292651014032,40.29106852383921,0
2026-08-14 00:07:59.500,0.9943975328210545,49.68687430132795,29.000604942858097,57.53104001222027,13.76671692594039,39.429092189640826,1
2026-08-14 00:07:59.600,1.6944739166247755,48.069569482503425,27.857258625524008,55.55817103147436,10.590889731736713,40.816710400564794,1
2026-08-14 00:07:59.700,0.7202512978710307,49.49878589131063,28.58902816859415,57.16172090077837,4.02921682395969,41.90149568100121,0
2026-08-14 00:07:59.800,0.6798570170863198,50.033708730047486,29.56283588186955,58.1148283544018,9.936154015270644,59.314831861794026,0
2026-08-14 00:07:59.900,1.7956721978806272,51.221140977642655,28.062167001576096,58.404541774385066,5.048155802352336,56.883725517639014,0
2026-08-14 00:08:00.000,1.7028081088541427,49.438859935778886,30.71677690384208,58.20413434722631,8.022295407319001,35.504134126265924,1
2026-08-14 00:08:00.100,1.4770418539703856,50.527546128816134,29.020534750358483,58.26855374038733,7.772856789176727,37.1391832835959,1
2026-08-14 00:08:00.200,0.9418205980979711,50.313425122505905,29.053081048289876,58.09924496890221,3.1470085861008315,54.54946285363247,0
2026-08-14 00:08:00.300,1.21683562373037,50.07557247844761,28.48568701282815,57.61073965535477,5.56156853131464,62.63002838522626,0
2026-08-14 00:08:00.400,1.3949013009253983,50.97053998710255,29.421394206087353,58.85247984245702,14.6155619004773,62.44569631896951,1
2026-08-14 00:08:00.500,0.8616424125703546,49.38750019347912,28.10260338892124,56.82324781808857,8.715132214523493,37.96509391063722,1
2026-08-14 00:08:00.600,1.2043885367907068,49.48148966304193,30.765919738892435,58.26628215918445,7.473211596011143,61.8717371828027,0
2026-08-14 00:08:00.700,1.760932135270672,50.053110012044954,30.092887544805127,58.40287409590527,13.438670659822776,28.6847643881738,1
2026-08-14 00:08:00.800,2.0709221457156866,49.43319905249923,29.831444490713398,57.73695739270061,6.811294069792494,47.56538699587953,1
2026-08-14 00:08:00.900,1.3322260989365797,50.58969257110127,27.936664963396158,57.7907799195995,7.72573891409264,55.84431731130383,0
2026-08-14 00:08:01.000,1.8025953417264393,49.37682269813428,29.21833961786645,57.37405328010191,10.97240856836855,25.054339843500184,1
2026-08-14 00:08:01.100,0.734375971765013,50.32465393269929,30.0262789533837,58.60160596120519,6.797792604150951,75.11428308902555,0
2026-08-14 00:08:01.200,1.7637804964454447,50.006511678621145,29.53849498793093,58.07903146933577,5.760437781942496,65.92034219571939,0
2026-08-14 00:08:01.300,1.1784206341090075,50.32994513463834,28.267324218209964,57.72473469590922,1.2387307539178476,57.764047668327066,0
2026-08-14 00:08:01.400,1.622938246683188,49.66361249725234,28.553937331142308,57.287011995635105,5.190505059851716,38.419661509220944,1
2026-08-14 00:08:01.500,1.4008990327041162,49.7926003202423,28.717464258456687,57.48039491937343,5.161916762031161,49.18275650507441,0
2026-08-14 00:08:01.600,2.028165603913534,50.23603260521991,28.601263734742837,57.80736336434169,8.47570008640583,59.48504203715626,1
2026-08-14 00:08:01.700,1.1502257406640326,50.35043256583792,30.312037904374215,58.77061937297591,6.168625202816672,36.528061196002234,1
2026-08-14 00:08:01.800,1.7510425190247325,50.15249086673919,27.55720515821961,57.22474898390174,14.474057032571588,47.83430922514379,1
2026-08-14 00:08:01.900,1.3881970146813867,51.87038986109718,29.62375181447753,59.733608763475644,4.8271132092955815,60.92460619773179,0
2026-08-14 00:08:02.000,1.4366778087961345,49.18262530829655,28.070174636279944,56.629191556365576,12.201940060572216,32.0648599787234,1
2026-08-14 00:08:02.100,1.426458442736316,50.11749315453887,28.340016979734095,57.57533918707616,8.659258865382647,53.98909653224546,0
2026-08-14 00:08:02.200,1.1617307582023548,48.61640264982834,27.506232309672225,55.85827980240612,10.420322107137167,28.942764444545837,1
2026-08-14 00:08:02.300,1.4943604136373314,50.57044787306644,28.67977629171235,58.1369053719339,10.23805878420761,38.67383893305616,1
2026-08-14 00:08:02.400,1.4749407111512713,49.09145458047599,30.33260599134306,57.70648056373736,1.3452934090627497,43.94488873188687,0
2026-08-14 00:08:02.500,1.5964960993626918,49.93672558342997,29.340880897555753,57.9185967875547,7.965341963070329,56.16266735262534,0
2026-08-14 00:08:02.600,1.533802058277145,49.85130623642897,28.1753330994569,57.26257179644985,7.213315588298504,41.59053076992556,0
2026-08-14 00:08:02.700,1.8191978198448946,50.5125964108152,29.952741310031872,58.72554050962486,4.6010657159261985,51.506580695949815,0
2026-08-14 00:08:02.800,1.8694034464189475,49.687249089122595,30.129067414855616,58.108376550489076,9.378878111647605,41.753262346301206,0
2026-08-14 00:08:02.900,1.0797506712688796,49.653069031427535,29.23226202230418,57.61902816935006,13.149620947632414,43.63259873461817,1
2026-08-14 00:08:03.000,1.8475090002363084,51.69256591566116,30.781824997467233,60.16346167832826,1.0,65.00793809343378,0
2026-08-14 00:08:03.100,1.0254654291560583,50.54961096450353,29.816277804117096,58.68793394518963,6.396590972474837,36.19726186109314,1
2026-08-14 00:08:03.200,1.735142355255094,49.71232804446047,29.71014934372372,57.913802617566205,4.2627015076591315,59.10984768736621,0
2026-08-14 00:08:03.300,1.7478955138811476,50.03087994712526,28.52632520562886,57.59201488071898,8.21533347871308,49.98723337430022,0
2026-08-14 00:08:03.400,0.7354732433349983,51.93540329366097,29.67594779333121,59.815950988910394,7.023136150550012,43.09335573310411,0
2026-08-14 00:08:03.500,1.537191698611764,50.06321818559287,29.352462860389977,58.03354970246823,6.182968361728466,35.38972601107859,1
2026-08-14 00:08:03.600,1.3126015546558736,49.61744116314532,29.599893873915452,57.77580968645308,10.068520484987175,36.24516431481091,1
2026-08-14 00:08:03.700,1.19649389682585,49.63005635862506,28.641363009937812,57.30157213573929,12.908543903171296,41.13625970290464,1
2026-08-14 00:08:03.800,2.0403409322796024,49.77426075021562,29.29651144621031,57.75606129358534,15.983955955273506,48.19934711334629,1
2026-08-14 00:08:03.900,1.2385283437450325,49.73722423123222,28.545543972023403,57.34666123573887,5.7811128545942365,57.242115633876814,0
2026-08-14 00:08:04.000,1.17744922835278,49.06040882776344,27.486328325694785,56.23541552416218,2.5373733445457924,46.39712888093165,0
2026-08-14 00:08:04.100,1.5302779760020373,49.22419130161944,30.007678494002565,57.649646815031325,9.67758930223502,47.200269777413375,0
2026-08-14 00:08:04.200,1.7742358985193665,49.52740574665879,28.012124487260486,56.90029031809898,12.83145420596961,48.992117320132344,1
2026-08-14 00:08:04.300,1.4433405655959493,50.956631861927,29.304785677910278,58.78221494925323,10.441069901122185,55.721332297264745,1
2026-08-14 00:08:04.400,1.9665482182677008,49.99215827865478,29.490439043115828,58.04224224057683,12.819041118590933,57.73763383035812,1
2026-08-14 00:08:04.500,1.7123902647856362,50.17456859928735,29.490288585719284,58.19935098429876,7.323539988193643,33.356414293137824,1
2026-08-14 00:08:04.600,0.6287154721074278,51.66015303609004,29.007575747622486,59.24703252034062,6.171276680680615,46.61510348308026,0
2026-08-14 00:08:04.700,1.2882132145971967,51.6934068832273,29.45600902019731,59.49676279086818,8.346307722203937,64.72884820817507,0
2026-08-14 00:08:04.800,1.2752631602593203,50.124609512604884,29.620814329273706,58.22258256312946,7.008340437899335,34.20656055536055,1
2026-08-14 00:08:04.900,1.691744381371769,49.78420566751295,29.837013359519407,58.04062801315444,9.989282064021031,50.89175468538751,0
2026-08-14 00:08:05.000,0.45007317745035524,49.55897358697657,30.640795411897475,58.26620123595152,10.909303334010474,47.949871954438635,1
2026-08-14 00:08:05.100,2.519603883487089,51.12451439281209,29.446398495060873,58.998358928285235,11.144250993715659,43.19989292076066,1
2026-08-14 00:08:05.200,1.712410437957684,50.2353661120353,29.31528308334872,58.16337189904912,9.53177801241317,69.08939181252029,0
2026-08-14 00:08:05.300,1.5595507215670765,50.061913177688545,28.543661668526727,57.62756087548516,8.737466980025898,50.442029706414495,0
2026-08-14 00:08:05.400,1.9726270865676585,49.64307821532752,29.62280273339852,57.80956371116261,10.383280067752544,68.13374086333177,1
2026-08-14 00:08:05.500,2.43746162112505,49.69541110390743,29.812952990263746,57.95210134918355,2.111024277041836,50.06752646293292,1
2026-08-14 00:08:05.600,1.8482986578353613,50.7934704268658,29.130204793798235,58.553782707298396,8.631712257001826,55.52307067181278,0
2026-08-14 00:08:05.700,1.879525238588648,49.166308691939044,29.72473817804301,57.45333732816788,8.157434171511353,43.07334189287623,0
2026-08-14 00:08:05.800,1.5522760097857529,51.48495037406798,29.060036053328552,59.12009650229774,8.639241187914664,43.20687589642696,0
2026-08-14 00:08:05.900,1.4433896986532206,49.96457175891887,29.835843963311415,58.19481090316575,7.737129361237307,54.91217036298632,0
2026-08-14 00:08:06.000,1.3096818223980395,50.357115180935736,30.034132526336315,58.63350719473944,9.295566480384847,55.13236949160309,0
2026-08-14 00:08:06.100,1.1695552033141832,49.178107889500716,30.027953801969154,57.62086692444471,6.276191235397954,57.17584479910225,0
2026-08-14 00:08:06.200,1.225194360120201,50.51105463185265,29.40832780297005,58.44840788412414,11.38857028836089,54.52013944345491,1
2026-08-14 00:08:06.300,0.9597776142628067,50.20343434985819,28.487078654235614,57.722599307144236,9.420949332240422,33.962948875950985,1
2026-08-14 00:08:06.400,1.4696514197259907,50.49000941614603,28.834523566888045,58.14353618564953,8.452057573651583,40.32357587945101,0
2026-08-14 00:08:06.500,0.8261329691094452,52.02013363581813,29.805180701581527,59.953674617510345,5.90745028809164,60.19931463378434,0
2026-08-14 00:08:06.600,1.5763666096574842,50.73445750570022,31.293105520538177,59.60909017521773,10.445950655623715,26.49841561515995,1
2026-08-14 00:08:06.700,1.4854677567830632,49.770434998217915,29.06647989219257,57.63641603391965,8.619979095483473,53.51128689806724,0
2026-08-14 00:08:06.800,1.5587741193546751,49.8621089942709,29.708727485600996,58.04169537642965,5.733549819389251,48.657438811169825,0
2026-08-14 00:08:06.900,1.291147371992003,51.17689481318498,28.904216130379204,58.77523520013742,7.830015372760284,60.19498240966831,0
2026-08-14 00:08:07.000,2.7307441480722012,51.888791640718374,28.57488537443569,59.23656617407886,9.887247857723718,54.99945423284906,1
2026-08-14 00:08:07.100,2.0440463600721253,50.88035109292974,28.81800715244533,58.47467540378644,9.654720616459475,42.03223664349846,1
2026-08-14 00:08:07.200,1.002182999966111,51.2954805391872,27.698083095417324,58.29588433934917,9.461026903424465,41.48779954038004,0
2026-08-14 00:08:07.300,1.5931472349707594,51.224840240422886,30.451809560577907,59.592759318314435,8.277594175223232,43.72659832403697,0
2026-08-14 00:08:07.400,1.2567975428250706,52.042501652897435,27.589958141392266,58.9035463154436,11.07745859990569,56.960756568447536,1
2026-08-14 00:08:07.500,1.0942081093170344,48.68218178926763,29.168000592875696,56.75145004622611,11.71338951143483,22.373435845337063,1
2026-08-14 00:08:07.600,0.963971171550426,51.30732562375193,28.4415616943884,58.66314084906649,10.21196784702662,51.88855333228474,1
2026-08-14 00:08:07.700,1.6728866763037016,51.63217745080471,28.681560671850928,59.0636408536119,6.237646175432879,39.40358495327159,1
2026-08-14 00:08:07.800,1.2274479059721703,49.318052423219314,30.49528380540387,57.984762043070724,4.825814848128447,52.29002357368708,0
2026-08-14 00:08:07.900,1.8871304096100816,49.779442667802215,29.559920103110294,57.89457477881042,6.368180699085219,54.13397343804043,0
2026-08-14 00:08:08.000,1.8975128858121757,49.82266282563422,28.631750417212064,57.46368299187198,13.86097024393017,30.05208100485575,1
2026-08-14 00:08:08.100,2.04956575408458,49.95299010033873,28.937454472032467,57.72934688081523,8.845087741482061,47.27760287599243,1
2026-08-14 00:08:08.200,1.1590452935703586,50.20839796823433,28.80168403514825,57.882814632644724,14.379325482579155,51.86684428160296,1
2026-08-14 00:08:08.300,1.690146244276804,50.94105255467854,29.38423330731106,58.80836677239906,7.639404969237691,51.05540114330177,0
2026-08-14 00:08:08.400,1.7529816866569203,51.57245911524471,29.56238402627656,59.44453791990177,7.223558988521235,48.53358856260842,0
2026-08-14 00:08:08.500,1.310328729958414,51.79643614429962,30.945531330501503,60.33652879125181,7.777830390067779,35.34934976223186,1
2026-08-14 00:08:08.600,1.19129121704285,49.88563084781705,27.901031732592735,57.15805924651241,7.723477759840089,37.17646363224149,1
2026-08-14 00:08:08.700,2.1438082663103892,49.887085632735584,29.41122332705678,57.91149601350238,5.679047264396827,33.4634321269538,1
2026-08-14 00:08:08.800,1.5909983502928216,52.05594519390853,29.191619858307774,59.6822595080243,4.55345519549997,56.64854685007704,0
2026-08-14 00:08:08.900,1.7543871002846951,51.395202011764695,30.206313667981064,59.61449635146271,9.504009881542588,48.613149898320785,0
2026-08-14 00:08:09.000,1.171169595268829,50.83965764066879,29.737930173822598,58.89834700603711,11.16470215279209,49.37896112848745,1
2026-08-14 00:08:09.100,1.0122862133911226,51.23846419680851,29.931366279244084,59.340263738796246,15.334943901999203,29.53407867386127,1
2026-08-14 00:08:09.200,1.2722200902031557,50.74365846185584,29.74014629503644,58.81662329430042,6.698861279926932,49.596766432865536,0
2026-08-14 00:08:09.300,1.4503914450440012,51.30638164920864,28.723485279469784,58.79951874406942,6.942033539407775,57.6036448637922,0
2026-08-14 00:08:09.400,1.0743119972730604,50.454064992109025,30.443091410363273,58.92702681153781,5.686312116646947,27.897925105108648,1
2026-08-14 00:08:09.500,1.496062076539847,51.06727134550774,30.11788377033364,59.28704011399998,11.377182288120702,43.575124895060355,1
2026-08-14 00:08:09.600,0.8245979247726,49.29625508315275,30.21650451349315,57.820047649904396,10.444962364388793,31.155810421462334,1
2026-08-14 00:08:09.700,1.0519810310120512,50.127351561150554,30.50032164999133,58.67726131380122,5.369196254376421,44.956615103241354,0
2026-08-14 00:08:09.800,1.7683644993107501,50.14645940163939,29.828222427579412,58.347152832931094,5.29340573908117,39.18809722914892,1
2026-08-14 00:08:09.900,1.7415162081111577,50.45741526767656,30.683877103824084,59.05464477598133,10.857544275787692,54.570906003699235,1
2026-08-14 00:08:10.000,1.3432492938452534,49.91362676855747,29.80619567143165,58.13587048969446,9.149588453625224,52.0308747611167,0
2026-08-14 00:08:10.100,1.0928942763692189,50.31493111996788,29.33383797705489,58.24144867764898,10.27516613903343,65.49805286760854,1
2026-08-14 00:08:10.200,1.0890385793895956,49.34239540584659,29.508802552560134,57.49296837416633,5.351694564983261,49.351065808394075,0
2026-08-14 00:08:10.300,1.3506927016234744,51.41384466709334,29.50001149991018,59.27591502412118,2.3668254082693796,54.06185362525128,0
2026-08-14 00:08:10.400,1.7578073966581167,50.79096539424079,29.108574290218883,58.54085123132527,5.37510494995949,43.30751022021827,0
2026-08-14 00:08:10.500,1.87129827653773,49.17660602782991,30.83459926005974,58.04404441409018,10.063300190033681,36.76322418525705,1
2026-08-14 00:08:10.600,1.3013873058072123,50.055318447512995,29.77112530723874,58.23963261337803,14.333173935904673,60.01714921628104,1
2026-08-14 00:08:10.700,1.0386030296060864,51.23508450807558,29.614880628974376,59.178332514680136,6.7116080314171755,64.91906064256496,0
2026-08-14 00:08:10.800,1.6071374551465334,50.36379585658136,29.854710085721443,58.547550310716495,14.827567645630598,58.46786839085904,1
2026-08-14 00:08:10.900,1.1705860117496603,50.2182110652828,31.93297512864226,59.51120586212127,10.489459302475064,51.57473747755439,1
2026-08-14 00:08:11.000,1.292698944455519,50.84889457086656,28.64871299784506,58.364020042419966,3.820903094873522,38.31087734617668,1
2026-08-14 00:08:11.100,2.030110436174815,51.275419505506605,28.883062372824014,58.85065791899127,8.642101513433095,63.69953808112335,1
2026-08-14 00:08:11.200,1.8308461714263071,49.50380423574296,28.459637201711683,57.10146743704416,10.591922835235582,56.954111787644145,1
2026-08-14 00:08:11.300,1.5631897249005806,51.498619896453754,29.383015458393135,59.291394389637965,1.0,74.29854331195335,0
2026-08-14 00:08:11.400,0.9912323995549108,50.15653285608224,29.770510437275657,58.32633264520576,9.933353473740146,36.14691259712112,1
2026-08-14 00:08:11.500,1.5845586269882637,50.947232891893556,29.206838501413152,58.72529229036217,11.518163539469338,60.35079801496856,1
2026-08-14 00:08:11.600,1.9250629163150106,50.93807544190559,29.152315911036844,58.69024665736342,9.19660437239343,56.58927805849758,0
2026-08-14 00:08:11.700,1.3497465336937857,50.45476418681106,29.70302207633301,58.548721161216136,7.8148363679557304,45.895673597023325,0
2026-08-14 00:08:11.800,2.0404456359946863,49.96650528137387,29.192412756638994,57.86923718684688,7.481220250995779,66.36601856243725,1
2026-08-14 00:08:11.900,2.0170981158072827,50.712813201866055,29.847240511721267,58.844262158785675,7.306033016924533,54.82814178109457,1
2026-08-14 00:08:12.000,2.1654931328573896,52.63216478148726,30.495488160841326,60.8286081359227,4.472060588698673,38.75728365846015,1
2026-08-14 00:08:12.100,1.622097250612541,49.653494164402176,30.150725892760132,58.09075446742517,5.937428504285098,48.57993180470709,0
2026-08-14 00:08:12.200,1.734956679922405,52.715816936424424,30.318913028123895,60.81277696735739,6.750217863043521,38.61369431476265,1
2026-08-14 00:08:12.300,2.065674915332436,50.772117468696756,30.487837913069352,59.22259849811329,8.340483038677228,44.377811415373834,1
2026-08-14 00:08:12.400,1.6789575748275902,51.07554477931568,29.850366545431186,59.15873272307714,6.329555727028801,58.4459138424768,0
2026-08-14 00:08:12.500,1.299506356883915,49.96179727329605,29.50219202997399,58.022069261199164,5.392612272506209,61.871288542810596,0
2026-08-14 00:08:12.600,1.3205828653888554,50.28557339045703,29.01630322757416,58.056737285189996,10.279312577377535,52.65454800547238,1
2026-08-14 00:08:12.700,1.5954219815094957,50.56226787955024,29.326163986844385,58.451405691451825,9.111841915843566,40.99910148092562,0
2026-08-14 00:08:12.800,0.9837754312215125,50.02781728116409,29.22515892508369,57.93869532630105,6.382311389631299,54.579301044744284,0
2026-08-14 00:08:12.900,1.442696433854323,50.872929017124875,30.23444604599418,59.179190890798424,9.518835414462762,58.68079565549164,0
2026-08-14 00:08:13.000,1.9386188472921015,50.683165805142714,29.931535061845054,58.86153317056945,6.640526318942195,26.33465905712339,1
2026-08-14 00:08:13.100,0.6234984595338875,52.94929756183897,30.216516141813383,60.964464731847144,8.18919508846436,51.39774530037101,0
2026-08-14 00:08:13.200,2.113792840717806,49.94087695617651,28.735841200234063,57.6180506494018,10.9251321641686,47.71772241920802,1
2026-08-14 00:08:13.300,1.9489496874812637,51.217876381059305,30.814511105979296,59.77294501432897,6.18877672050121,61.44453506491487,0
2026-08-14 00:08:13.400,1.3160941536678095,51.37136686866628,29.332528054853267,59.15584955052085,4.482765176498771,54.62826997833799,0
2026-08-14 00:08:13.500,1.7173563311487239,50.06153476056636,28.799099871871192,57.75418093968094,7.564596250935975,55.81222041767343,0
2026-08-14 00:08:13.600,1.5012590907625307,51.82701752712478,29.332739807145717,59.552072762840176,3.9096049514436135,44.217068403428456,0
2026-08-14 00:08:13.700,1.9919961473754733,50.75019774124405,31.67612764654542,59.8244066703182,7.167654471947074,50.01982060558923,0
2026-08-14 00:08:13.800,1.8930732571079765,48.66446982499636,29.383942192754404,56.847574109500165,7.158087562059629,61.32421963764666,0
2026-08-14 00:08:13.900,0.9399717107267963,51.82504381113773,29.439039342243163,59.602786876290324,1.0,49.22144320435668,0
2026-08-14 00:08:14.000,1.7349049653856707,50.05658803738455,29.55043360838841,58.12822147965824,9.591905491233529,52.09603466877889,0
2026-08-14 00:08:14.100,1.417748858542701,50.13408869780155,29.590221879619232,58.21518771286519,7.451930699956038,31.568512418695207,1
2026-08-14 00:08:14.200,1.53313302820724,51.8781004492868,29.088938167195636,59.47691678223765,11.545689358315808,49.177519564073414,1
2026-08-14 00:08:14.300,1.2087312396120737,50.85137160642969,29.83369031987379,58.95685772119588,8.646595939382248,25.856000382726688,1
2026-08-14 00:08:14.400,2.199254827648334,52.124639961853376,30.584596613339794,60.43505308307057,10.206825710946646,43.80626156770092,1
2026-08-14 00:08:14.500,1.9160247279610303,52.42536862912094,29.980552972636342,60.3924898678989,11.57011625962113,50.76218669272279,1
2026-08-14 00:08:14.600,1.204091534410813,50.578608795887064,28.845190114605632,58.225773163394976,7.604848751687761,59.20436953381485,0
2026-08-14 00:08:14.700,0.966155757235907,52.02513447461814,29.463646463250903,59.78897122391,7.997530433408294,38.01008067857629,1
2026-08-14 00:08:14.800,1.3457309476088608,50.48474589972397,29.30290210058881,58.37267888384418,3.2793703298293044,54.48420972164122,0
2026-08-14 00:08:14.900,1.6738010584365224,53.48165734070277,29.7914764287302,61.219439230622925,11.718613235702724,67.62192085234554,1
2026-08-14 00:08:15.000,1.5960823375784892,50.563919141493116,30.818487024864456,59.215615013687,7.562907800835336,42.31107361141253,0
2026-08-14 00:08:15.100,2.0012531299072975,52.29129830943808,29.640020284270143,60.10749272211067,4.9828083489560555,31.43536493932811,1
2026-08-14 00:08:15.200,1.815967888872341,52.11733561681339,29.693603459462782,59.98272049685131,10.219167459462282,53.47807948468506,1
2026-08-14 00:08:15.300,1.8878276103011626,51.59796813549449,31.191244043086883,60.29298483793042,1.4606564241072446,35.69603592156449,1
2026-08-14 00:08:15.400,1.630742160244175,50.61967187442262,30.47509381484091,59.08538333376172,6.712177331380466,40.17201711831776,0
2026-08-14 00:08:15.500,0.9442805079156039,51.14715226635163,30.23839488066106,59.417099474108866,10.724933123635523,61.080043300429836,1
2026-08-14 00:08:15.600,1.4217205875412393,49.153296367802234,31.350635980689496,58.300162265766495,6.686834444102285,72.52279130452017,0
2026-08-14 00:08:15.700,1.9240358959634662,51.539639241582776,30.180980525755533,59.72625887035395,5.846234147154256,37.99171860390218,1
2026-08-14 00:08:15.800,1.4793908285901416,51.67316925668266,28.20491064181055,58.86963058608651,6.751535608661149,41.15096311981504,0
2026-08-14 00:08:15.900,1.7012361474494988,51.465388067169386,30.4652657951691,59.806509586119816,1.9702122065942786,44.72157245109417,0
2026-08-14 00:08:16.000,1.3725006739015468,48.3669171992692,28.530527256642134,56.154694059383516,10.1464352953491,43.42630335769488,1
2026-08-14 00:08:16.100,1.088075260583262,50.08292164792569,30.17073915067526,58.46856028405653,7.6313418740692605,73.19951016574441,0
2026-08-14 00:08:16.200,1.4506623743815559,50.60880183262057,28.44314082997816,58.053966989409346,7.183026170015713,43.63318604374656,0
2026-08-14 00:08:16.300,1.6236189772130616,51.65688647111203,29.44565219443386,59.45990542411688,7.193994150772876,45.346977025686456,0
2026-08-14 00:08:16.400,1.2377249122154226,51.66290116601971,29.533109732538144,59.50848617940184,8.042239395393754,69.3941296780979,0
2026-08-14 00:08:16.500,1.4057155020573326,51.21167319085929,29.213042903912882,58.95792861620251,9.9603121120162,56.920115738471615,0
2026-08-14 00:08:16.600,1.124214703205607,52.02547724188816,29.55505742541757,59.83436890003899,7.843809376402254,61.83079079539093,0
2026-08-14 00:08:16.700,1.9476979670256385,50.372324052435054,30.665189232931215,58.972238054316776,3.9150903554605634,39.126645523731305,1
2026-08-14 00:08:16.800,1.3822176969647864,52.01713615588569,29.272978360387377,59.68827117573149,9.726548364632201,43.637843801891165,0
2026-08-14 00:08:16.900,2.0811022180504732,51.88997797748533,30.2852542271957,60.08133186031904,9.495709073012678,37.52337970785248,1
2026-08-14 00:08:17.000,2.111499140216363,51.801125327937086,29.08162264537367,59.40620641758364,8.61658099464938,59.61513855242979,1
2026-08-14 00:08:17.100,1.4675816141113025,51.24986488646727,29.707543529418054,59.23754547103905,11.225723920883958,64.70291849340133,1
2026-08-14 00:08:17.200,1.0966205069810602,53.27098386483792,30.123215437065962,61.19808681810005,8.091136029238877,42.80270756982185,0
2026-08-14 00:08:17.300,0.6656408489066651,51.94177045095028,29.0719221241814,59.52414781896234,11.334128266967767,45.629104125148686,1
2026-08-14 00:08:17.400,0.9111851707892834,50.48857362166059,28.82476934461994,58.13745259400676,12.221633064435188,46.154119219536106,1
2026-08-14 00:08:17.500,0.950466070040536,51.71354968310387,30.272649044883845,59.92265432223075,9.746938656573448,31.433312080661892,1
2026-08-14 00:08:17.600,2.051387850984602,52.226062306895855,30.78261167736549,60.62285679315391,5.756199134366188,41.91413506688416,1
2026-08-14 00:08:17.700,1.5463298348907784,50.893805053351066,29.82589617577533,58.989520048027444,7.607642844492678,59.27919457716321,0
2026-08-14 00:08:17.800,1.655841809636795,52.57952062166022,29.52829869959211,60.30361857215474,11.71656810217512,39.49497794665887,1
2026-08-14 00:08:17.900,0.6118315964259495,51.88061680289887,30.02369016846043,59.94180820746852,3.50711640179148,51.11578234645986,0
2026-08-14 00:08:18.000,1.0208134283130954,49.16443948197126,29.94853462679427,57.56784550309929,6.824138995464174,34.30377230643012,1
2026-08-14 00:08:18.100,1.8548319105785147,51.814924519428274,30.10347355782321,59.92499915061001,6.971105490659768,48.271989066453585,0
2026-08-14 00:08:18.200,1.6147096449530345,51.11755811013137,27.891556278475484,58.231809681462096,5.4043681989387995,43.24014614496791,0
2026-08-14 00:08:18.300,1.4411178885257612,52.06910180153957,29.063869759265927,59.6313666437611,10.61863684975636,35.3399421945948,1
2026-08-14 00:08:18.400,1.725936943440049,52.484471549703386,29.247969941321465,60.0838039702886,9.130445213122332,59.48463315386134,0
2026-08-14 00:08:18.500,2.154319122454326,51.743753479047136,30.049848961952442,59.836522682526905,5.866824930198524,60.15952833441223,1
2026-08-14 00:08:18.600,1.4115830145851798,53.22217838830375,30.08285799951325,61.135739284115196,9.816538760707518,38.3655354531683,1
2026-08-14 00:08:18.700,1.5277479210632279,51.386553992249304,30.44810091703491,59.72993203287859,7.524751295995346,47.40579842967527,0
2026-08-14 00:08:18.800,1.5770387674925221,52.198413422320414,30.150222758928276,60.28026456660983,5.329416280332971,50.53182419686939,0
2026-08-14 00:08:18.900,2.456843854109597,52.386872895357634,28.908570136722304,59.83385228367089,5.861244769271399,28.22285855446581,1
2026-08-14 00:08:19.000,0.6602574942323898,51.49291907528129,31.111762720572465,60.16196883808466,9.30815322432782,33.23488728327162,1
2026-08-14 00:08:19.100,1.7732892059155232,52.37737407460555,30.976694502714555,60.85182755896217,10.817029635565516,65.43541323640137,1
2026-08-14 00:08:19.200,1.4540791004963745,51.01226150191934,28.957602861427368,58.658278077525836,6.539695301135641,37.218477241969154,1
2026-08-14 00:08:19.300,1.726708690473672,51.19270079251403,30.2353257624205,59.4547520253138,9.633324001007034,65.09819729902036,0
2026-08-14 00:08:19.400,1.2370509784021102,50.31111524365269,29.497822852198986,58.32092137543623,12.745262472732447,33.85503590740003,1
2026-08-14 00:08:19.500,1.4804139876566198,51.873347772812785,30.090254385226082,59.96888875180862,4.223388330889241,57.905933325684835,0
2026-08-14 00:08:19.600,1.784564231786198,51.96552505475083,30.826812251051386,60.42109025644529,9.067009618515872,46.264362709875975,0
2026-08-14 00:08:19.700,2.7451640804175366,52.82787125992945,31.693248273866903,61.605567670500754,10.491967073886226,47.9508047701476,1
2026-08-14 00:08:19.800,1.8232144757608286,52.44808282815985,30.595187858396468,60.719576023224064,7.7145505502035085,72.27123096240757,0
2026-08-14 00:08:19.900,1.1607737607877966,51.380481989610274,30.235114315842736,59.616407701041034,11.714849632566942,34.94976038817582,1
2026-08-14 00:08:20.000,1.3304961271909188,50.495432581377166,29.732310426580234,58.59862622009955,14.596511114783851,57.13757835513285,1
2026-08-14 00:08:20.100,1.3186343566464584,52.114797393685166,30.154876091508058,60.210203948160306,9.03006604515891,56.64187596269387,0
2026-08-14 00:08:20.200,0.781742730947994,52.80103488603357,31.101986542834013,61.280362694314746,7.299230803166003,90.25488066999654,0
2026-08-14 00:08:20.300,1.3679639233194252,52.45380140987662,29.98340285623594,60.41858761330086,10.93094842298587,37.07443015721737,1
2026-08-14 00:08:20.400,1.7931316327286981,52.7914286833837,29.315280574037732,60.38477140444718,10.526206581133703,42.48818247795876,1
2026-08-14 00:08:20.500,0.9903071523692819,51.503396349781916,28.733419636174798,58.97634474559477,1.0,59.79106742999065,0
2026-08-14 00:08:20.600,1.919393060420237,51.257001635258256,30.444610655988548,59.61673032489788,7.991793331726659,47.59683368957764,0
2026-08-14 00:08:20.700,1.6951099284337352,50.99505397365585,30.237003696034783,59.28551190881373,6.816201599782659,44.443388519219006,0
2026-08-14 00:08:20.800,1.2063066712115849,51.68439358172779,29.527447490394998,59.52433699932305,9.19011707454175,61.49013785987798,0
2026-08-14 00:08:20.900,1.4433881450648611,51.6700339748263,30.86998616304292,60.18927193999082,7.419025159118629,46.801178764355356,0
2026-08-14 00:08:21.000,2.1393287230564133,51.96363712178799,29.716754204439223,59.86071385618383,7.744471723186995,39.29769115542299,1
2026-08-14 00:08:21.100,1.7934191254023464,51.635996758667105,29.951461255961735,59.69393765390634,5.410361721616755,58.71452185714377,0
2026-08-14 00:08:21.200,1.5035134619592592,51.64000120842959,30.05084605625546,59.747326915129634,10.203587655273463,54.503456096334325,1
2026-08-14 00:08:21.300,1.4049266732156063,51.00526960763795,29.78841600265559,59.066803330594276,12.965126664406196,46.245840852728286,1
2026-08-14 00:08:21.400,1.530643628180664,52.73191739661533,30.262871082437965,60.7988197128507,5.456984152354895,45.676381774879744,0
2026-08-14 00:08:21.500,1.2952945768230786,51.875151167761295,31.000391980056953,60.43223983599537,3.8088349305590796,39.02112074071324,1
2026-08-14 00:08:21.600,0.6581001977123941,51.63252389368604,29.17019517828806,59.30276393534689,8.060009659482391,58.7011622613841,0
2026-08-14 00:08:21.700,2.316871164213892,51.067873297175865,30.47999764103425,59.47232919008521,7.914033016894209,45.6787061929475,1
2026-08-14 00:08:21.800,1.5621299996797606,50.49172416248772,30.23190929941244,58.85051018290876,11.51279835836108,40.76184915711596,1
2026-08-14 00:08:21.900,1.6592589060490148,53.139936187881894,30.2221942608353,61.13291947872133,4.3124151428644035,34.57333799369775,1
2026-08-14 00:08:22.000,1.4768369000492365,52.394945425918095,30.80165968657105,60.778059738957374,6.386134474927708,54.70585229490603,0
2026-08-14 00:08:22.100,1.2059532797101649,50.22472359767007,30.148622804317753,58.578684838935956,1.5568902821994417,43.89700425304403,0
2026-08-14 00:08:22.200,1.4256302076204916,52.620118463403436,30.498369107140835,60.819629933912076,12.124950908635467,25.84789623213114,1
2026-08-14 00:08:22.300,0.8602420951222755,52.787792055380635,30.691878234745435,61.061791487464134,8.75163388497009,35.560774524271444,1
2026-08-14 00:08:22.400,2.410834599221322,51.99802172990219,29.720695204256277,59.892520294671876,6.60970125805761,47.19683677209221,1
2026-08-14 00:08:22.500,1.0061952006310415,53.48009122580677,30.368534966684045,61.500959940014965,4.0331855642264705,47.53354802099399,0
2026-08-14 00:08:22.600,1.0872134864611283,52.10703469463163,29.933558945736745,60.09293648862103,4.308571825468247,47.07749299555219,0
2026-08-14 00:08:22.700,1.3238963182454397,50.481826247013295,30.03304444120158,58.740093119102475,9.242800699374174,45.40692666118927,0
2026-08-14 00:08:22.800,2.015230289940951,52.272153498464554,29.88654158126708,60.21281756450072,4.677724863197869,32.289755327163064,1
2026-08-14 00:08:22.900,1.5058035997050616,52.1602165215827,30.5260558551995,60.43615038743904,8.312016269445708,39.50541771021139,1
2026-08-14 00:08:23.000,1.005545681587815,51.32035709354556,30.219508132608837,59.55667656934732,14.128834583405093,64.20532383780922,1
2026-08-14 00:08:23.100,2.001735344302936,52.50554750165488,30.474828426319817,60.708711780618174,6.957237131165538,62.43473752223679,1
2026-08-14 00:08:23.200,1.7924002507141925,50.272658121040344,30.150180142022126,58.62058953261549,5.115666668076863,56.93542138812862,0
2026-08-14 00:08:23.300,1.715373982886581,52.93922493712773,28.88589805583471,60.30718567000024,9.14602161635829,55.87403124848802,0
2026-08-14 00:08:23.400,1.7862936964683362,51.07887112853324,30.19929043216298,59.338421097729224,4.322624777654818,60.8570708967859,0
2026-08-14 00:08:23.500,2.4577447602329805,50.98038142947539,30.23002689688091,59.26933285334788,13.15995359098821,36.5504631500948,1
2026-08-14 00:08:23.600,2.374037958014445,51.8598375047387,30.378274115950475,60.1022652175584,12.210859005585005,50.39514040108339,1
2026-08-14 00:08:23.700,1.225313862798682,52.414969927543545,29.714214844751357,60.25166915816803,7.507485143139068,36.556794192236474,1
2026-08-14 00:08:23.800,2.149553997124461,52.15425578554708,29.237823259839786,59.79060716799838,5.308120455727341,36.76502636281672,1
2026-08-14 00:08:23.900,1.65326727590356,51.25600727863502,30.698885182559863,59.74612818919297,6.722690381673918,54.416779252963295,0
2026-08-14 00:08:24.000,1.6996383264550998,51.500911875669246,29.985315454889353,59.59415295945296,7.113003163743715,61.3610052696305,0
2026-08-14 00:08:24.100,0.8230916673426685,50.88229354193742,30.346196771736928,59.24440441591816,9.150701395121194,47.673810386929546,0
2026-08-14 00:08:24.200,1.4318456938447217,51.79899071013875,29.98903430315054,59.85380202647598,11.118896987903348,69.78800518651403,1
2026-08-14 00:08:24.300,1.174870563865374,53.10702654873328,30.21435373991455,61.100437320599845,4.890462107724231,52.54141192454644,0
2026-08-14 00:08:24.400,1.8312235259573237,52.03607711903223,29.86477575565702,59.997151206316026,11.032728696028233,40.678573611001866,1
2026-08-14 00:08:24.500,1.928432200161122,52.908089033889304,29.45473799615485,60.55450004450607,9.853056838433893,36.95925737751594,1
2026-08-14 00:08:24.600,0.6702054595934754,53.51241083930979,30.613191029565087,61.65018717609642,6.476631527580181,62.217577810216596,0
2026-08-14 00:08:24.700,1.4911860543982918,51.47732570500037,29.756710463841507,59.459035304717034,4.739864312968969,51.54150938887778,0
2026-08-14 00:08:24.800,1.9487446019177008,51.887105693435714,30.3753685526105,60.12432745527128,8.348698151877704,58.112568538033784,0
2026-08-14 00:08:24.900,1.425328415074622,54.25320653000731,30.577576378888555,62.27679018699014,4.821234548893748,18.1044408745611,1
2026-08-14 00:08:25.000,1.7916254580009459,53.53469180337851,29.784758862356675,61.262509636575096,11.071042547487817,52.93606441216326,1
2026-08-14 00:08:25.100,1.6404661870508337,50.42627858803995,29.296101360813,58.3187030649829,4.628351683603386,43.85870973804516,0
2026-08-14 00:08:25.200,1.6366640927810505,52.49416615236696,32.20507919286607,61.58575002263985,9.643118579489432,33.274885568997625,1
2026-08-14 00:08:25.300,1.391474008772681,52.115912551099484,29.846994034499538,60.05756733276249,7.7581509055547535,49.2478118846189,0
2026-08-14 00:08:25.400,1.0133676783457162,52.9501403920723,30.77294609560905,61.242890027687515,6.318125346874396,63.10176240385347,0
2026-08-14 00:08:25.500,1.0513879410299891,51.387043236182215,31.830784041856468,60.44689425666603,7.691505481042127,77.19473943703662,0
2026-08-14 00:08:25.600,1.7837410057821268,51.30074835408034,30.916140233155726,59.89636473614093,11.239949508902605,52.90582888787012,1
2026-08-14 00:08:25.700,1.5077833022075533,51.47262073328115,30.048860622082817,59.60171733966701,4.42322777301863,41.49024092046173,0
2026-08-14 00:08:25.800,1.4445951021571102,51.58509762483006,30.240522592589016,59.79558097080532,6.76353033442455,40.7659693217784,0
2026-08-14 00:08:25.900,1.330443983071059,52.98068506029126,29.633130760298272,60.70482211583116,5.744769305938435,61.55758834478239,0
2026-08-14 00:08:26.000,1.3779244618076993,50.992494442787105,31.009574511127788,59.6810539523127,7.884148599353856,38.037510570165296,1
2026-08-14 00:08:26.100,1.9187647177952558,51.55941643843041,30.76223476948079,60.039058216165756,5.9459573224620375,57.46912855433315,0
2026-08-14 00:08:26.200,1.3659023672527892,50.40135267034203,29.902678381896692,58.604321729812256,2.695756272840157,53.524174279515414,0
2026-08-14 00:08:26.300,0.9635741146793725,53.20581760670959,29.485480024299573,60.82970129354424,4.834587359202914,52.19721670259455,0
2026-08-14 00:08:26.400,1.7974607102160693,53.4780646051821,29.267233713319623,60.96289332984536,12.913265055614335,31.182576921430492,1
2026-08-14 00:08:26.500,1.4180493344541132,51.88829579734091,31.118432739966185,60.50414941922699,8.740184633858817,45.716501573284106,0
2026-08-14 00:08:26.600,1.5125583462131105,51.92575458584522,30.430520873559516,60.18555133871889,8.637086161424232,32.502106503708646,1
2026-08-14 00:08:26.700,2.1430313225598043,52.68526057539508,30.511210832933514,60.882433167449854,7.152162829974086,42.94103118419881,1
2026-08-14 00:08:26.800,1.491775777059797,53.71485540294418,29.68586513664967,61.37211321007737,7.845123727672492,61.005663938246144,0
2026-08-14 00:08:26.900,1.6156734692474901,52.65731886558358,29.17842238816828,60.20110931846775,6.71056423150586,64.77269484026678,0
2026-08-14 00:08:27.000,1.0284306034806698,51.5595008979983,31.124316564053352,60.22545321066578,9.580785593123196,52.56738379389063,0
2026-08-14 00:08:27.100,1.412132219059616,50.64655499094071,30.392857767354077,59.06605908402046,8.30242656277812,43.155913850792174,0
2026-08-14 00:08:27.200,1.7438104180834406,51.15858602271741,31.090015099274634,59.86476394939599,4.486195369524155,69.05719198832502,0
2026-08-14 00:08:27.300,0.877850506463503,52.3552664581471,30.060481703488335,60.37140454014085,8.761173509312577,42.99691239492584,0
2026-08-14 00:08:27.400,1.5803380372462839,51.63505420708758,30.184774763743544,59.8105295956055,1.0,36.371762098291946,1
2026-08-14 00:08:27.500,1.5403164290579225,52.493684158732876,30.949868412941782,60.93833958465897,9.241577599033356,58.3577956150014,0
2026-08-14 00:08:27.600,1.5165149822349757,51.754127158959626,30.97010916883794,60.312828982858214,3.771929429490436,55.49280851083648,0
2026-08-14 00:08:27.700,1.9148635594632972,51.257239466355195,31.02728403673853,59.91658328382661,7.711834741489772,43.48908906888991,0
2026-08-14 00:08:27.800,1.6337754059394085,51.146688988650276,30.158071369579854,59.37586263149691,4.416117190411432,51.2027027548348,0
2026-08-14 00:08:27.900,2.091228759342578,53.89440985193032,30.89087099565495,62.11966938223384,8.00846959859929,55.305919866221274,1
2026-08-14 00:08:28.000,1.1025641937623856,53.22937781419447,31.291513611387877,61.745651560072886,9.734835557828667,52.44414609262179,0
2026-08-14 00:08:28.100,1.5543698268873392,54.07924273929253,30.32541726313352,62.001576007699036,12.508481255748741,55.50726745957497,1
2026-08-14 00:08:28.200,1.533786714555979,52.89701041067342,30.00344501493175,60.813653262659074,3.3759270349655646,43.93142166128031,0
2026-08-14 00:08:28.300,1.072298202497968,51.935402823757215,31.493434622076652,60.73814691576411,10.926418867013405,56.31494053087519,1
2026-08-14 00:08:28.400,1.8825180008365385,53.69706987731574,29.900680786054437,61.46076817677155,8.393458116132415,50.210694050999386,0
2026-08-14 00:08:28.500,2.429869322341127,52.34899567591777,30.93281940405931,60.80507104314085,6.647998541526128,44.33827374156376,1
2026-08-14 00:08:28.600,1.4931975702064677,52.611240170023635,30.387501191424082,60.75642205468248,10.279569515178379,47.049382853200704,1
2026-08-14 00:08:28.700,1.7020084353095069,52.355908743111506,28.965987380124574,59.834518509156204,7.29222544674438,48.825177968906985,0
2026-08-14 00:08:28.800,1.533807390326131,49.460163625356756,31.34711596076733,58.557232387680834,10.152591549202038,32.655459955264654,1
2026-08-14 00:08:28.900,1.2145661320371297,54.02013757938936,28.242958636618816,60.957690053396185,5.023190860616015,42.36008904116086,0
2026-08-14 00:08:29.000,0.7716958888791935,52.91474123550601,28.86693992032287,60.27661288081879,6.101008903111123,50.77886618711343,0
2026-08-14 00:08:29.100,1.2176906067618538,52.76189507287051,30.881107270785737,61.134772085535516,10.830800158383799,33.78810757533377,1
2026-08-14 00:08:29.200,0.9432166476193075,52.37863067218518,30.885900999615938,60.806741662839116,12.456201570711265,42.56091605822503,1
2026-08-14 00:08:29.300,2.181640831223647,52.612169277295614,29.959180987843663,60.54413994372355,7.894904302541452,78.61573974046246,1
2026-08-14 00:08:29.400,1.4539561224307043,51.85979724351697,30.59250337986053,60.21079498881798,1.0,36.448899622145674,1
2026-08-14 00:08:29.500,1.3616322683811317,53.081990254124236,28.45410250446778,60.22734959031237,7.402852152174635,45.39423304819485,0
2026-08-14 00:08:29.600,1.8556615299151225,51.166647279871576,31.04982774613891,59.850794455275924,8.097278353467289,39.99539265765523,1
2026-08-14 00:08:29.700,1.0512995588576448,52.668148779195,30.689028597677552,60.956955075663764,7.301679869920484,48.59755995255996,0
2026-08-14 00:08:29.800,1.1932543847981791,53.051988539749296,30.457734758839884,61.173418203183104,9.009015684996594,40.22097988238024,0
2026-08-14 00:08:29.900,1.5272289076994485,52.30008065780903,30.51592306068938,60.55179598541438,6.569270217208034,47.08108252049081,0
2026-08-14 00:08:30.000,1.9115075965693922,52.8779523065567,30.898854049405834,61.24391416051858,10.516612582034082,41.377435578201286,1
2026-08-14 00:08:30.100,1.7006740180675153,51.52408484430517,30.486130323125366,59.867649537306384,4.4998601818068735,62.661533796437894,0
2026-08-14 00:08:30.200,1.599330057006353,51.557927188097196,29.015007973210924,59.16156305929235,11.710546122062423,50.97964445263456,1
2026-08-14 00:08:30.300,1.5312470940944065,52.768805802473295,32.27631899648617,61.85715507345996,12.650236471883279,37.96432811644136,1
2026-08-14 00:08:30.400,1.66009434221071,53.2189730585217,31.484894697883153,61.834922879716196,5.260820785819078,60.08955828599232,0
2026-08-14 00:08:30.500,1.580661162051702,50.67389247085268,29.501299146248773,58.635910749846786,5.259200523190811,38.500800607638645,1
2026-08-14 00:08:30.600,1.0880110900892257,53.079113483918896,30.25814592490361,61.09785334241704,9.232085941332585,31.231037733060187,1
2026-08-14 00:08:30.700,1.5184316886532605,52.02222607088554,30.350429190632294,60.22840324486369,4.438338770771332,49.96349015080631,0
2026-08-14 00:08:30.800,1.070524536432899,52.38095620640821,31.40733702943654,61.07524369479233,6.52219138669304,72.88717309207975,0
2026-08-14 00:08:30.900,1.5324330171603295,51.242579092604316,28.821843061445804,58.79201093278253,11.307580869368044,28.06803045300935,1
2026-08-14 00:08:31.000,1.3077408234047034,51.7388144984364,30.155052431630033,59.88515770086916,10.21282029343089,34.02814494117084,1
2026-08-14 00:08:31.100,2.5157526491131446,53.564891786607156,29.150750721976106,60.98330837012473,13.940589025068768,59.030307957930134,1
2026-08-14 00:08:31.200,1.4840422464993153,52.639964557510794,30.336184297455684,60.755657731154464,8.512352442800623,42.292143204656476,0
2026-08-14 00:08:31.300,0.9383041734953644,52.23265750427477,30.191260829122676,60.330446214253946,6.167485993165443,57.343382806958516,0
2026-08-14 00:08:31.400,1.4463279157292301,52.50728227580703,30.638017630969014,60.79229240904514,8.153730534959061,39.950133116696634,1
2026-08-14 00:08:31.500,1.7077434982551551,53.121317175556115,30.09536369132774,61.05411742199965,7.548234981774097,51.70354612891012,0
2026-08-14 00:08:31.600,2.1693455784610096,53.08093456950889,29.983445330894913,60.96386313779047,7.590328672390593,70.93368710462586,1
2026-08-14 00:08:31.700,1.2642190400245126,52.5737477954025,31.0849902308901,61.07598198071908,7.928588875712801,35.66492423573755,1
2026-08-14 00:08:31.800,0.8670288103905439,53.75006862914971,30.95800390370589,62.027960496377545,5.204699873461291,62.28512972164765,0
2026-08-14 00:08:31.900,1.8267348045723926,53.63590687761345,31.040385218646666,61.970283371193325,8.846653264911929,58.156481559585046,0
2026-08-14 00:08:32.000,0.9477605176401395,53.087150992290915,30.462747305503644,61.20640958165463,3.7740101967242268,32.129068986813095,1
2026-08-14 00:08:32.100,1.3255378233970059,52.736725468524334,30.15187734558841,60.74782235278818,5.849520176275657,56.706806284901276,0
2026-08-14 00:08:32.200,1.3969518057956023,53.34776950318755,30.51918705922419,61.460599490414545,7.643363710580548,50.87367354635127,0
2026-08-14 00:08:32.300,1.4721466186799568,53.01305055232293,31.020199534367812,61.42179017266706,1.2213400620332253,51.093128118964756,0
2026-08-14 00:08:32.400,1.7756657828297342,53.76791792478144,28.88284695100782,61.03448079537808,10.306974609034752,54.03821079742043,1
2026-08-14 00:08:32.500,1.2265462870854449,53.61501395216754,30.94456108955423,61.90424526731808,1.8405364704574847,45.79560986701034,0
2026-08-14 00:08:32.600,1.3905082991332958,51.70553339646525,30.881582928597627,60.22569508099376,10.008763072694535,50.841187507308774,1
2026-08-14 00:08:32.700,1.4942918588202445,51.64615884959501,30.688993937070617,60.07611898905552,4.1215721302155135,52.897429100483464,0
2026-08-14 00:08:32.800,1.5598391830075151,52.039207198386386,30.52482330817694,60.331119033480654,6.785243927889502,58.95269526662634,0
2026-08-14 00:08:32.900,1.5391308698831692,53.72493015531112,28.596379370400594,60.86149056085409,9.557391940848287,31.674067599463026,1
2026-08-14 00:08:33.000,1.674402310089032,51.180817190926696,30.302393102138446,59.47866067799094,14.594418558438447,65.49063075789326,1
2026-08-14 00:08:33.100,1.837535803856695,53.16021829925968,32.09082751495291,62.095330099931054,8.349355933122048,36.13651588328944,1
2026-08-14 00:08:33.200,1.6570536462603873,53.13633872369839,30.674598416017908,61.354718489644924,2.052121015401476,59.139541569756645,0
2026-08-14 00:08:33.300,1.6814342094036874,53.94477841374537,30.423446342095733,61.93242450799473,10.861085397907322,50.95334119127336,1
2026-08-14 00:08:33.400,0.8671107333014089,52.9708037681768,30.687804002979842,61.218031382689844,7.304244785422945,34.62612388641563,1
2026-08-14 00:08:33.500,1.520091079666272,51.45559040938276,30.963098174882404,60.053236656866126,8.20971996337647,56.33774563644805,0
2026-08-14 00:08:33.600,1.6918030192006435,51.84777956177228,31.211336909203816,60.51726858629659,9.673589089662842,38.65512032965795,1
2026-08-14 00:08:33.700,1.7915764778281802,51.63347372297632,30.506177416398135,59.97201405040559,1.323866129282857,62.82554666189168,0
2026-08-14 00:08:33.800,1.2230596903064823,52.285860000994745,31.03421806231168,60.8024164551273,8.019610543205587,41.46998193798507,0
2026-08-14 00:08:33.900,1.2363842900445419,52.6492371223577,32.04060385607807,61.63231672611677,6.770918330141914,32.06016682873547,1
2026-08-14 00:08:34.000,1.2703597298865605,51.67503188601431,31.509284686887398,60.52391214966125,11.665504718016557,68.40614126043553,1
2026-08-14 00:08:34.100,1.7145655599565375,54.3194701253414,32.58152505349906,63.341618305105236,10.181341290016228,52.1758840548429,1
2026-08-14 00:08:34.200,1.9135524219696833,51.53186148519041,30.18886942760434,59.72353460274932,3.118994231655358,60.406293509135786,0
2026-08-14 00:08:34.300,1.3370159570833593,54.211581003459074,32.06023815375957,62.98217514003772,11.787877557047146,39.78233745495959,1
2026-08-14 00:08:34.400,1.8631849254508195,54.05897533348968,30.091748469292128,61.86991304378883,9.348575264480633,27.29827355950159,1
2026-08-14 00:08:34.500,1.5493919236658378,53.78044957419311,31.012141132094822,62.0813148539824,3.358275207640345,70.10242908905332,0
2026-08-14 00:08:34.600,1.4502856891350255,52.19671513946108,31.320270271565178,60.872460121420545,8.16725931047832,49.922878253852616,0
2026-08-14 00:08:34.700,1.4154463080728124,53.241267348588465,30.330668128123364,61.27464384214918,11.104478341567566,55.89622272996256,1
2026-08-14 00:08:34.800,1.7986445458408629,51.62978005831469,30.81466213709861,60.126346899620366,4.357868382279818,57.87914936717923,0
2026-08-14 00:08:34.900,1.630231126714828,53.8263929493528,31.477660430552906,62.35482085708637,12.132732007536251,45.97530736381173,1
2026-08-14 00:08:35.000,2.410330171059055,52.84983585523652,30.18607566341415,60.86299626113397,3.462113677617423,52.714754571386194,1
2026-08-14 00:08:35.100,1.1591101428010704,52.52283514463985,32.09479998317404,61.55261487208292,5.626318470059046,69.12743111006533,0
2026-08-14 00:08:35.200,1.7072406808119904,51.71674523502401,29.656616749226288,59.61658036750236,5.171387493830924,49.61070525344804,0
2026-08-14 00:08:35.300,1.2883195960753948,50.471318685505004,32.32104803666312,59.93333092730698,12.130801194765986,61.305215797034904,1
2026-08-14 00:08:35.400,1.1522852052045425,51.918618669552004,31.575356623792334,60.76632381898728,6.526951590352409,26.10503623963254,1
2026-08-14 00:08:35.500,1.4956531451860111,54.07829244465441,30.707516088362684,62.188529955664805,4.511548992017007,63.485127563830574,0
2026-08-14 00:08:35.600,1.5549409917628143,52.57099554302044,30.462162813907767,60.758974116465296,9.335632636742186,31.735948423928317,1
2026-08-14 00:08:35.700,2.667269422024037,52.81283483683394,30.383675606136578,60.92916597854955,9.983542971778157,62.11290588840201,1
2026-08-14 00:08:35.800,1.4263416737267192,53.646052774691185,30.685662537636027,61.80217523419893,10.002608284382394,54.68757464541525,1
2026-08-14 00:08:35.900,1.0479285082061267,54.804502016972734,30.760503194074825,62.84697286330548,7.185982504321971,48.848951887113465,0
2026-08-14 00:08:36.000,1.6092042869977543,54.33217251625585,31.808481714093794,62.958434536541866,8.763602903110844,48.804941345504844,0
2026-08-14 00:08:36.100,0.6701439849814527,52.04316757994776,32.38422483056605,61.29624221460216,6.049300741312143,46.96722687971199,0
2026-08-14 00:08:36.200,1.4632172869582936,51.08126673478029,30.97380632025383,59.738366977967914,13.024405033807192,40.151965766677236,1
2026-08-14 00:08:36.300,1.5064101129180643,55.391786287771545,30.142800426811345,63.06217888497617,11.432615475973794,47.528284656439446,1
2026-08-14 00:08:36.400,1.8178401531780846,55.30949836278464,30.38772321816616,63.10748237354071,11.248870487122026,76.49670893010907,1
2026-08-14 00:08:36.500,1.8894488997711387,53.23729507000821,30.68283225645833,61.446283709017585,10.382347803720636,65.62768052941675,1
2026-08-14 00:08:36.600,1.298572152436913,51.78668795045085,30.010208033382185,59.85376876257875,9.559199917985005,39.5479618577308,1
2026-08-14 00:08:36.700,1.4397543941480269,54.02873745238035,29.896153429405945,61.748558368376735,4.2669125475506355,53.21224882792746,0
2026-08-14 00:08:36.800,1.1935516677557316,52.96586195492754,32.522009154462516,62.15354866836957,9.899903708766946,51.15174995883718,0
2026-08-14 00:08:36.900,1.0487749780769224,52.96919924028729,31.091399038793345,61.41995736197422,8.342795690189961,48.29247868388394,0
2026-08-14 00:08:37.000,1.6239579117522538,53.98497392895276,30.18780254456431,61.852088344528134,11.790092254852757,37.96666932035025,1
2026-08-14 00:08:37.100,0.9905657805613602,53.43322455517468,31.512592741267003,62.03348279470271,10.422257547147284,55.35077581767983,1
2026-08-14 00:08:37.200,1.3341492397712547,51.921369619740176,29.9216338186076,59.926061054974404,9.651141410459065,60.152859558975635,0
2026-08-14 00:08:37.300,1.101930416040305,52.79077731812689,29.992501913628477,60.71586564392432,2.9473256074095318,39.993215779198636,1
2026-08-14 00:08:37.400,1.7198732745161038,53.78500690432395,30.23187846454617,61.69921752496757,7.732998390174588,73.46649700747048,0
2026-08-14 00:08:37.500,2.220572039706595,53.64244092052137,32.20292384356184,62.56628302836816,6.326323220289031,68.26403899082665,1
2026-08-14 00:08:37.600,0.9793648068786674,53.40253999492857,30.68200999971936,61.58909818736449,8.757097772549221,56.57798670741479,0
2026-08-14 00:08:37.700,0.7587926068409723,54.082281097499695,28.935949296292314,61.336630901823845,6.753355185672069,35.21936356797424,1
2026-08-14 00:08:37.800,1.450045245859973,52.79547587766031,31.862368465827025,61.66500464121234,7.172162671720082,54.81690351181474,0
2026-08-14 00:08:37.900,1.5062791183831032,53.344197363150386,30.654211461428908,61.52466231228531,9.377101714720112,53.38373601877358,0
2026-08-14 00:08:38.000,1.5874637227029191,49.79828321020746,29.424790981528314,57.841916764494066,6.703585659293672,56.15786331462196,0
2026-08-14 00:08:38.100,1.321471793906262,52.73254683899599,30.655971429332556,60.995984133407994,8.364774618722038,69.08557126747684,0
2026-08-14 00:08:38.200,1.4197442804698273,53.95443466386819,31.33112217045945,62.39166800429267,3.441764327377081,47.88831134460055,0
2026-08-14 00:08:38.300,1.647004164216241,52.808472010629146,31.242559219874153,61.35822864705878,5.502795569719824,74.57391895586892,0
2026-08-14 00:08:38.400,1.9161723570579356,52.74097380848292,32.36305270345188,61.878732198983236,9.968130701608882,54.878052151925,0
2026-08-14 00:08:38.500,0.7179804918726869,52.174082970878956,30.24710726353632,60.307731110231906,4.309423649910577,46.51444189206482,0
2026-08-14 00:08:38.600,1.3524242243874152,54.22723653783665,30.97169848327649,62.44869325670056,11.73717523280899,78.79252648047694,1
2026-08-14 00:08:38.700,1.5855235175764253,53.780668641101826,30.37966779767402,61.76798956564011,10.923198065903962,59.95870280024108,1
2026-08-14 00:08:38.800,1.1328095581557056,54.06595468783808,29.710569738659224,61.69153435037172,7.1953101939806405,44.54319335651033,0
2026-08-14 00:08:38.900,2.19246785270692,51.52266085051085,31.65774678532601,60.471460315098916,16.996202316507393,51.01059906735731,1
2026-08-14 00:08:39.000,1.245836047908505,53.09675949165685,31.32494137627151,61.648339967445175,11.72931073354488,57.62279626225441,1
2026-08-14 00:08:39.100,1.483482925197087,52.98543324962622,31.186269314184823,61.48202607581716,5.152161479882794,48.1896676785759,0
2026-08-14 00:08:39.200,1.7224088387369163,52.993307273231416,31.3057595425049,61.5495019987023,10.238522161100144,51.606894428539405,1
2026-08-14 00:08:39.300,1.2634860844792422,52.66618615856576,30.420949939219494,60.82073133145639,8.197589198959271,40.19355675604734,0
2026-08-14 00:08:39.400,0.7613707808782331,52.94444415295744,30.16977298498792,60.937093536132295,5.669863727421767,29.7776656303051,1
2026-08-14 00:08:39.500,1.3285381892333867,54.148527929897845,31.009447786050206,62.39911000143112,4.790272570501373,51.27703187293654,0
2026-08-14 00:08:39.600,1.9117762223708161,51.394366516297104,31.913299843716256,60.49660830597382,10.984680004665137,51.68033386671065,1
2026-08-14 00:08:39.700,1.3652419492859447,55.09284736012913,32.27579326362205,63.8509879410065,6.2061636061276,56.32543509869425,0
2026-08-14 00:08:39.800,1.1614262794164085,53.80772843957888,31.630678554177404,62.416115432035376,7.694370934888844,43.085723514725636,0
2026-08-14 00:08:39.900,1.8702688838010886,53.28989014134595,31.02267276361818,61.6621327613249,5.236922215320415,33.913348465512016,1
2026-08-14 00:08:40.000,1.367690041590779,54.24739090583284,31.220161199195896,62.58975863025845,5.755526188104227,38.416106363031815,1
2026-08-14 00:08:40.100,1.295935674539913,51.89705673674521,31.018609976608488,60.46038920498203,7.619212399785583,62.6676050820779,0
2026-08-14 00:08:40.200,1.5597824358653238,52.69252529921638,30.193581050860896,60.73017832250671,9.164546878172455,42.00066425350914,0
2026-08-14 00:08:40.300,1.808300083847515,53.24448549443058,31.039054458661116,61.63114583759058,1.0,44.69502817035486,0
2026-08-14 00:08:40.400,2.452685412693018,54.73945601970705,29.956475935494133,62.400308459231844,8.05075939750025,46.251037234026654,1
2026-08-14 00:08:40.500,1.8308944430629692,53.335733790602056,30.930076442154743,61.65525223125363,5.761636962244894,42.56868596855851,0
2026-08-14 00:08:40.600,1.9639359865553376,53.8406197653675,32.343223144986474,62.80841042507978,12.207087960350675,41.681470069606,1
2026-08-14 00:08:40.700,1.2976135204048578,52.80932082069997,31.697627268208347,61.59191456658805,16.82825793801631,39.54651722439428,1
2026-08-14 00:08:40.800,1.0896527576122095,53.89407660805733,30.305845376064685,61.8305406526022,6.922162895138854,66.8078788948184,0
2026-08-14 00:08:40.900,1.5249325398476492,55.09280885451805,30.991398301212328,63.21142583540454,2.8333143178604168,58.161208200115155,0
2026-08-14 00:08:41.000,1.5428679661038385,54.41943067567144,30.38684134099461,62.32844103414579,8.350630909755699,64.97384927780286,0
2026-08-14 00:08:41.100,1.068594903454161,53.350782718673194,31.00933220932888,61.708060257664876,7.383712011520386,67.39207707753005,0
2026-08-14 00:08:41.200,1.429882188038395,54.116064276170285,31.89723031056254,62.81704955048162,13.914051947003871,21.80144243080423,1
2026-08-14 00:08:41.300,1.6597270406876523,54.02642510596577,31.59175124146306,62.58508892885758,12.999768030126628,54.12145570433692,1
2026-08-14 00:08:41.400,1.6441573580072322,53.96383054550957,33.06166098888365,63.28640007527955,10.596124911789694,42.96585639322017,1
2026-08-14 00:08:41.500,1.701715141353709,54.57753095712645,32.033328479765686,63.28381324532098,6.239917756362026,63.40171573224018,0
2026-08-14 00:08:41.600,1.6163858920549772,54.57839002255725,31.247547696094028,62.89045948690507,10.033299698542411,41.102345561089265,1
2026-08-14 00:08:41.700,1.2971965362919777,53.35508844429864,31.631068204010752,62.02652608864783,8.795019077204913,37.350202923635486,1
2026-08-14 00:08:41.800,1.2944397493404627,54.132460825105035,30.932394518829692,62.346903256297,8.723969609898173,32.79144967216277,1
2026-08-14 00:08:41.900,1.0204194408024496,53.11582156492121,30.19734649397941,61.09967459646573,3.325310454296389,46.367901068254376,0
2026-08-14 00:08:42.000,2.213910015674038,52.58417881221918,32.14897198775087,61.63320745527228,11.18538601536094,60.97934315033973,1
2026-08-14 00:08:42.100,1.5053801458477172,53.24609217528451,31.91654474013842,62.079079890798575,8.323424984933705,53.07400660233574,0
2026-08-14 00:08:42.200,1.4100587776820592,53.44764250170266,30.921509020390175,61.74779517592416,7.697475957366275,35.56822081836627,1
2026-08-14 00:08:42.300,1.1284831674190166,51.87067438671799,31.33850181508266,60.6025457992225,6.199530514973517,75.8319090843427,0
2026-08-14 00:08:42.400,2.6742631609311114,54.400922657766436,32.11710540891768,63.17411531524454,5.619150501039867,57.79446367389882,1
2026-08-14 00:08:42.500,1.0706687871108418,50.78159939820107,31.806436033446897,59.92011524178775,8.951775743836945,59.32892138909224,0
2026-08-14 00:08:42.600,1.3284608297575706,56.27207648274352,29.963874724954564,63.75249312938677,2.752511594425754,65.4203459281719,0
2026-08-14 00:08:42.700,1.6663347345144242,55.06747339950727,31.334252576618432,63.35820397660243,10.368496278950127,30.317412936490644,1
2026-08-14 00:08:42.800,1.7400851862977111,53.312920263992375,31.010252172508128,61.67579109243232,4.837683689012944,39.06279033694541,1
2026-08-14 00:08:42.900,1.8831728220862736,53.59169007118221,32.03975878568201,62.43889322954353,1.8239579413841245,59.87613628309127,0
2026-08-14 00:08:43.000,2.223043403107705,53.893570306659456,31.979193250869436,62.667261958500305,13.465685947778063,40.27114006374228,1
2026-08-14 00:08:43.100,1.702463062184285,53.00977276753698,32.21424615585799,62.03058652194188,5.425738851963265,46.69983833293942,0
2026-08-14 00:08:43.200,1.077587680013333,53.7998870255666,30.27004525581163,61.73089569860957,5.833522515434913,49.0671121660244,0
2026-08-14 00:08:43.300,1.3972219499512875,53.47160262273174,30.542072333015053,61.57946467320462,11.403614993024224,34.67113533644099,1
2026-08-14 00:08:43.400,1.623132949005554,53.52966460565618,32.065628342640636,62.398954428759446,13.563292701549923,45.67019381439632,1
2026-08-14 00:08:43.500,2.3272904166023296,53.81373310882152,30.70604657493058,61.957882205327834,3.40099526418971,60.97403860822199,1
2026-08-14 00:08:43.600,0.9408778086302811,52.327078969440635,29.967217675945335,60.30055827860607,5.131495819247991,58.7534466778141,0
2026-08-14 00:08:43.700,1.981030602090091,53.68851121438202,31.61544208424028,62.30563710129907,5.3519635335182105,63.356175943609614,0
2026-08-14 00:08:43.800,1.5719657478185667,53.820723959319594,30.756590975408493,61.98901689762354,10.804404988086963,62.11851048548955,1
2026-08-14 00:08:43.900,1.8351322140917923,53.794460556511766,32.631199177340235,62.91771726880554,12.9173963837886,54.87048710843101,1
2026-08-14 00:08:44.000,1.4592021133456272,53.45811490217345,31.44131503775653,62.01875797045144,4.759242315265763,53.9201419797164,0
2026-08-14 00:08:44.100,1.1630269479494695,54.82013815603271,31.337575657351337,63.14500135027897,12.24423601390466,53.03996912127941,1
2026-08-14 00:08:44.200,1.8003491117605328,53.33696254763553,30.918973948217648,61.65074633626455,5.872897665413894,42.47543399295247,0
2026-08-14 00:08:44.300,1.7617724108422486,53.926275731794014,32.492038162124075,62.95852411096057,9.008368708836716,37.64066331535264,1
2026-08-14 00:08:44.400,1.8888227862958888,55.00458208135011,31.5112142963666,63.39132966246662,4.185638901716548,41.7248318465612,0
2026-08-14 00:08:44.500,1.4946781458485459,53.636243129857995,30.902571947402024,61.90166015584394,7.634208759254006,46.08764820131037,0
2026-08-14 00:08:44.600,1.2600711906720603,53.9384172597996,30.599105430114875,62.01337041006184,7.666661857781851,42.13008866308668,0
2026-08-14 00:08:44.700,0.8764852019904633,53.6359040784709,31.180594785220105,62.04062940908181,7.054525081054179,54.96598086180698,0
2026-08-14 00:08:44.800,1.8277493072557625,54.977993230803136,30.46225659261988,62.85323234648198,9.154912943959092,52.422742592771016,0
2026-08-14 00:08:44.900,1.6695557929775944,53.49123359810699,32.07247684915913,62.36951052467141,4.978907405442422,53.711881984642616,0
2026-08-14 00:08:45.000,1.1136869468544162,55.04064745943523,29.80770208606883,62.593705565381455,5.348830105439475,54.21689679098935,0
2026-08-14 00:08:45.100,1.2845705306813504,53.662039709953696,31.147765340094004,62.04673876614474,9.313616434848067,64.3479672534144,0
2026-08-14 00:08:45.200,1.3132964752194238,52.914502603606486,31.752484232303054,61.71033009723519,12.026105992927185,49.8971252913548,1
2026-08-14 00:08:45.300,0.9068062272070327,54.46167022008237,31.543073765792677,62.93678595031084,7.931558917856231,62.10043320601534,0
2026-08-14 00:08:45.400,1.1729270413579465,53.48596393820633,30.700552684764663,61.67067596150637,9.511012320386516,56.19902429575001,0
2026-08-14 00:08:45.500,1.0464678572774584,54.41946739351489,31.80758686201468,63.03333255808739,10.27424003089202,63.555602439621026,1
2026-08-14 00:08:45.600,1.3350083952448253,51.07789683194574,30.57554921941296,59.52995678516521,10.491515565900475,69.37555801263886,1
2026-08-14 00:08:45.700,1.2045210006681748,53.82084120121816,31.271473838396485,62.246188828170496,5.139425822490084,56.91979495974884,0
2026-08-14 00:08:45.800,0.8491980316533004,53.36436536301948,31.815855654650463,62.12893175997304,5.668969309385288,51.24521899606398,0
2026-08-14 00:08:45.900,2.3090360922277924,52.76904669769942,31.669713454132914,61.54301779772317,5.929776218169396,51.1676938093197,1
2026-08-14 00:08:46.000,2.001016292411692,53.28739910484464,30.764352854875096,61.53041776177258,13.785901402681894,44.358007045257935,1
2026-08-14 00:08:46.100,1.1883922313920057,53.275271684845535,32.267380510734405,62.28513801958399,9.524578817515712,43.95473424108732,0
2026-08-14 00:08:46.200,1.608968558661444,53.80932375674134,31.383741388143587,62.292716642282386,9.38994716115505,60.82540595973842,0
2026-08-14 00:08:46.300,1.666986035928518,52.49831781276072,31.913782893178727,61.43747156029923,9.098707259551215,38.43595649062933,1
2026-08-14 00:08:46.400,1.9764343419093908,54.190252776759124,32.54766820323825,63.213402071689956,4.037619789141503,69.3772716267467,0
2026-08-14 00:08:46.500,1.1725579893359686,55.24852850415895,32.22340467039158,63.95895332497771,13.814571412331116,48.17932096515176,1
2026-08-14 00:08:46.600,1.9368427135929704,54.171576938354725,32.23049258990898,63.03462858283741,9.437562592360882,84.34493471747376,0
2026-08-14 00:08:46.700,1.280837878317226,54.70797177308965,31.493533842195966,63.125310687510414,10.169480337964858,41.68261487804459,1
2026-08-14 00:08:46.800,0.9656550383325546,55.001880340928174,31.97953882851704,63.623091285494844,2.703436133252594,53.002267039764014,0
2026-08-14 00:08:46.900,1.7896546237257989,55.1521421209523,31.52026882491233,63.52390201589053,10.338931557084553,45.777808757018974,1
2026-08-14 00:08:47.000,2.016303369648971,55.79412602404317,30.386932824510392,63.53227672032633,6.931362649617119,40.48299090148074,1
2026-08-14 00:08:47.100,2.535163589412274,53.43312005539968,31.6015882662094,62.078649307163396,4.031651075821289,62.76560421054462,1
2026-08-14 00:08:47.200,1.0201098939639146,53.22217279096824,31.569482852668386,61.88078800545936,5.138709002384608,36.73334966722632,1
2026-08-14 00:08:47.300,1.7795678740323155,54.73245714690783,31.836378388367315,63.31821897546869,4.205317374639901,41.88710591630918,0
2026-08-14 00:08:47.400,1.336079502482587,54.66559244069423,31.27199815245139,62.97828884098876,4.15464741465617,57.035836506978924,0
2026-08-14 00:08:47.500,1.8133434842096126,54.74133624310627,30.770232120683268,62.79666454869676,8.18164346109263,58.93952973139285,0
2026-08-14 00:08:47.600,0.9118041795074997,55.86327812019457,31.909602266106777,64.33450519834078,6.839711633805047,33.29737494526975,1
2026-08-14 00:08:47.700,0.9948920897205743,53.993700297196554,30.338780403237042,61.93352297535902,9.002208086484162,56.98012262258449,0
2026-08-14 00:08:47.800,1.1896500707334066,54.416821670497995,32.56145437519626,63.41481523860784,13.027927613204014,51.546798960996064,1
2026-08-14 00:08:47.900,1.5315856182672338,53.01861158182207,31.21426545101934,61.52482053375545,7.611488859117988,38.98731970566164,1
2026-08-14 00:08:48.000,1.2435674933846579,56.14265567973524,31.600823271100513,64.42522656680872,1.2653321181247188,40.53342157597335,0
2026-08-14 00:08:48.100,1.763621737565368,53.67912435700392,31.85624808955308,62.42010040105548,7.27412536535655,25.59858286461919,1
2026-08-14 00:08:48.200,1.9107578473031657,53.715788072505944,31.88695283627542,62.46730064148142,11.580183309193615,70.60933313357094,1
2026-08-14 00:08:48.300,1.7398310164981423,53.68558883211227,30.292215793910923,61.64219971704031,7.74218158250951,62.18504497972408,0
2026-08-14 00:08:48.400,2.147515055864347,53.39577758692992,32.08367333177997,62.29342789230062,12.587991961075106,34.53025987786137,1
2026-08-14 00:08:48.500,1.6663306517821372,53.31957111918035,31.67192796351782,62.01683388612799,9.358824779413457,59.586892073501545,0
2026-08-14 00:08:48.600,1.013241315863933,53.533638607592216,30.926196626642163,61.824591388524524,2.4851907968078333,43.111731872604004,0
2026-08-14 00:08:48.700,2.045350605415336,52.699881684884545,30.839673007004563,61.0603223114634,8.328746751315075,60.9777264361964,1
2026-08-14 00:08:48.800,1.257937505757601,53.28869441512599,31.177164935588063,61.738971208544946,8.891003882794188,44.04711717009101,0
2026-08-14 00:08:48.900,1.864167399874228,56.031310169290585,30.410414885417392,63.751870974822864,11.241067403820932,45.6397508587045,1
2026-08-14 00:08:49.000,2.1294936866220424,54.82633692393808,32.83222298096765,63.90525867539507,13.458909714834705,46.53983278690802,1
2026-08-14 00:08:49.100,1.6826752042921598,55.02492067947817,32.64833096176495,63.98168027155746,10.723176559126097,42.11173590006425,1
2026-08-14 00:08:49.200,0.9015364747341401,55.284560012621114,31.825770895903272,63.79076946477154,9.32143939216165,66.79125650279965,0
2026-08-14 00:08:49.300,1.1327151333960834,55.94982051202033,31.290692835521092,64.10530300571259,10.028564814735038,60.782323916977745,1
2026-08-14 00:08:49.400,2.029097786754054,52.35259811866784,31.316726011717098,61.00435933495001,7.495979580651298,51.319382459999346,1
2026-08-14 00:08:49.500,1.4323509257428735,52.90247227727888,32.08586580047843,61.872242219064375,3.611366489577712,62.29481796782972,0
2026-08-14 00:08:49.600,1.5318294139768662,53.336966454124486,32.890675588613064,62.66281617677096,8.124488258668581,30.47513941705449,1
2026-08-14 00:08:49.700,1.8035297664654437,53.67929504098331,31.033097510806353,62.00419225513829,9.095870982376717,35.258494657387615,1
2026-08-14 00:08:49.800,1.7785291448321294,53.856790169341394,30.600346901857336,61.94299861855638,4.389027122264231,55.69465714829555,0
2026-08-14 00:08:49.900,1.6115199249541843,53.71871672957435,32.73752918830446,62.90823749261568,11.979864918499825,58.82643866969467,1
2026-08-14 00:08:50.000,1.4165326515118137,54.393337917966186,30.07470653283292,62.15402788954293,11.016233046447294,53.35289055506902,1
2026-08-14 00:08:50.100,1.374932621707057,54.2176591180331,30.702593589770615,62.307333544117114,3.8847157541363924,27.407663899060175,1
2026-08-14 00:08:50.200,1.8431595301165373,53.46786365456337,31.316932755836294,61.96420515924133,12.097496866369623,37.25198570794703,1
2026-08-14 00:08:50.300,1.7214278124271174,52.023484395207795,30.271073129073194,60.18954059472564,7.075056892370458,54.99910239805002,0
2026-08-14 00:08:50.400,1.3970799997528842,53.214499189270406,32.414139987034744,62.30938448631912,5.664525304644954,79.11766747089521,0
2026-08-14 00:08:50.500,1.9328449251972564,53.66646396379027,32.214945786665794,62.59306739899089,11.237833078239579,64.61495198070114,1
2026-08-14 00:08:50.600,1.4483863539480866,53.97695790274887,31.074587821961703,62.28275839058459,7.846836761719826,68.92765158164927,0
2026-08-14 00:08:50.700,1.1593351302662427,53.10270460269979,32.5631145325484,62.291682142814686,13.69755596251061,54.07670506628359,1
2026-08-14 00:08:50.800,1.196411720438662,53.74990031796765,32.70385801340151,62.91735939430536,5.441335868339747,53.98989176947253,0
2026-08-14 00:08:50.900,1.1085036654760936,53.11805411843223,31.458888385518645,61.73483078280214,2.8050274280820364,37.59817439292709,1
2026-08-14 00:08:51.000,1.3910359933585252,54.13155687782323,31.193891195568533,62.476269878554525,7.158685156501575,61.421864636619404,0
2026-08-14 00:08:51.100,1.9934897113344772,53.19261962346268,33.36710819328917,62.79186803710376,10.367667497181419,49.12181956950797,1
2026-08-14 00:08:51.200,1.1779619275877964,53.42514101790858,32.14135686223475,62.348316045655494,5.2185710433933705,58.312788505564626,0
2026-08-14 00:08:51.300,1.5753903044072413,52.97369626574364,31.774487960414756,61.77240954667224,4.009698851600362,50.36823623457122,0
2026-08-14 00:08:51.400,1.2373242617490348,54.13721442361675,32.66526582882361,63.228613595557896,8.686782208108262,53.34942109700887,0
2026-08-14 00:08:51.500,1.395876383491425,53.43260207168787,31.82097441298658,62.19017106218063,3.6089383694974506,48.94726260441654,0
2026-08-14 00:08:51.600,0.895983515205899,55.21416883076944,31.179934269721063,63.40972118482179,8.920078098840241,52.69549637387472,0
2026-08-14 00:08:51.700,1.4117847083373851,54.721569553240656,31.6535593803187,63.217070446308384,6.9781308463154685,62.00091869054277,0
2026-08-14 00:08:51.800,1.4225178480780152,54.25420214081785,32.42535583525669,63.205396533680094,9.48339946505712,34.805245651169315,1
2026-08-14 00:08:51.900,1.7161151776142782,53.534903234111454,30.005684785793775,61.370408046143,3.8485135882261945,32.08493088421868,1
2026-08-14 00:08:52.000,1.5893123653021481,54.72124375922528,31.374009480794015,63.07727791730953,11.894489454331712,55.11037493166679,1
2026-08-14 00:08:52.100,1.020643150019182,55.039759065711365,32.71588082468292,64.02893046230284,7.450896545018931,67.2868915748914,0
2026-08-14 00:08:52.200,1.933679297617417,54.50008131101809,31.204941018415067,62.801331250781196,10.29056800371447,70.31293540161298,1
2026-08-14 00:08:52.300,1.584121216088798,55.96942947673714,32.856323421107255,64.90080912210458,10.879626383854667,35.30707738747914,1
2026-08-14 00:08:52.400,1.5793574068709946,54.83369966179877,32.75623246172223,63.87257145040221,4.527665142902133,45.16551397517152,0
2026-08-14 00:08:52.500,1.4963270586459445,55.296004283745724,31.577014947315458,63.67696571548466,10.64677252882423,32.249416946661086,1
2026-08-14 00:08:52.600,1.2928970211111122,54.52429720416741,31.179607629267664,62.80976769200364,3.7247996745670235,43.39266048335456,0
2026-08-14 00:08:52.700,1.5871209358994904,55.07473096434215,31.4095528073314,63.40178229632987,3.889586771720321,63.47417714059234,0
2026-08-14 00:08:52.800,1.690235374371433,53.610620000869744,33.776132333724505,63.363441291512295,13.891997707965302,49.845298597299205,1
2026-08-14 00:08:52.900,0.801241723461778,53.957337592779865,33.14898113114219,63.32652864427385,11.335560106389874,45.513511044514544,1
2026-08-14 00:08:53.000,1.2844956650615618,54.77343423192878,31.75475518451324,63.31266519731892,14.220992526301265,56.54102907693452,1
2026-08-14 00:08:53.100,1.3980212118385642,54.77450488245753,31.172920399243765,63.02378401314817,6.889357908176269,40.459374922286344,0
2026-08-14 00:08:53.200,1.6024682422777112,54.94835194629714,31.75807690247735,63.46571381586913,8.307285992234027,69.11574037858229,0
2026-08-14 00:08:53.300,1.9773244023708503,55.549467738086356,31.864506448777995,64.03975435000443,9.58206424025709,50.08741966689768,0
2026-08-14 00:08:53.400,1.191303674161287,53.03243839644596,30.679758750869343,61.26734137600864,7.963413300218317,45.17846908448121,0
2026-08-14 00:08:53.500,1.3008152612728632,53.49129174310482,31.74347958980128,62.20101919433542,5.761591937912287,57.042190817547336,0
2026-08-14 00:08:53.600,1.2949863557413799,54.70365165424311,32.7423708677507,63.7538418791378,5.311745906359853,61.27143392253255,0
2026-08-14 00:08:53.700,1.1793889639581834,53.75805010381914,30.249962896400383,61.684586455599494,8.641586698486849,69.1517028817911,0
2026-08-14 00:08:53.800,1.361125401955095,57.8685166993657,32.35571624695561,66.29975564689717,4.799420475013085,47.48037312490203,0
2026-08-14 00:08:53.900,1.8083208879951884,55.01480279970022,32.79928828436188,64.0501509682107,4.715409522899442,63.0326782723246,0
2026-08-14 00:08:54.000,1.0784658018542617,54.42908705405367,31.256004865714804,62.765144448996054,9.180716033463778,51.21453934279997,0
2026-08-14 00:08:54.100,1.6711257580611614,54.00028335235371,33.06479218181539,63.31912099959324,7.714521945543154,42.66343974831566,0
2026-08-14 00:08:54.200,0.8192391079926657,54.043925064698264,31.16218275877611,62.38451306766836,10.811618811745056,40.678261651949185,1
2026-08-14 00:08:54.300,1.2754648014231176,54.562562731660236,32.07231937169536,63.29065430003378,6.7252657697514735,36.83619867640395,1
2026-08-14 00:08:54.400,1.3682042799128056,54.65273872542005,31.479035927948374,63.070211297744144,6.2562321500733935,41.09967201333063,0
2026-08-14 00:08:54.500,2.169943869165626,54.09239237055902,31.483857823421445,62.587700195932484,9.270660188106413,63.38847946112101,1
2026-08-14 00:08:54.600,1.3900790780989247,54.28427399118638,31.240616486817338,62.63192892787669,5.563925376338519,58.48051522143245,0
2026-08-14 00:08:54.700,0.6195026106196326,55.910045535394616,32.298316960785634,64.56868025807306,6.025616823329944,35.105460128696606,1
2026-08-14 00:08:54.800,0.7004444372555,55.9586006452648,32.42350177575342,64.67339834567622,6.144636828861755,29.043308957420773,1
2026-08-14 00:08:54.900,1.5136118345386724,54.834464385002384,31.697920483378756,63.3370085128805,7.370893681113341,36.65248213044307,1
2026-08-14 00:08:55.000,1.7455083423159634,53.24950540028451,30.66648450557493,61.44870297496601,13.317309629887708,40.67916550103422,1
2026-08-14 00:08:55.100,1.650182343050901,55.137603006614036,32.081996043292506,63.791925315331326,3.8696335251285285,46.3608114730759,0
2026-08-14 00:08:55.200,1.5670280423203962,56.161717014039766,32.1020722309858,64.68911422711331,11.886522746352377,64.07436227610457,1
2026-08-14 00:08:55.300,1.9649038390022668,55.98555039684486,31.59608956782035,64.28603836927098,10.213360268869751,43.427397693204,1
2026-08-14 00:08:55.400,1.2841635117051473,55.35852987014588,33.26824744014638,64.58593590808017,12.700936542109979,70.1659995221273,1
2026-08-14 00:08:55.500,1.8579642224107302,56.054861695075786,30.528319831953457,63.82887928999002,17.41005814496682,29.83760129214359,1
2026-08-14 00:08:55.600,0.847194045989433,54.69415773472272,30.01063710914337,62.38661098350689,12.294359062363565,45.81640975085232,1
2026-08-14 00:08:55.700,1.1380208668247735,55.27721115453115,31.204796991060334,63.47684166903636,10.777000843723584,59.426584029636814,1
2026-08-14 00:08:55.800,0.7771834420272734,53.976667340826005,32.36280537156387,62.93513953857508,4.062510945124948,60.1664630283972,0
2026-08-14 00:08:55.900,1.3900618797320832,54.95804308576064,30.954790867815888,63.07603013416856,4.441333215466872,45.97143252333929,0
2026-08-14 00:08:56.000,1.481495513093463,56.0036465960292,31.01969067641435,64.02054077960729,9.080570553095665,62.02104120541036,0
2026-08-14 00:08:56.100,1.545640596890608,54.09302366302553,32.570285313649975,63.14173496524468,2.905771556241307,59.746357310082594,0
2026-08-14 00:08:56.200,1.5247533411548542,53.82933836750187,32.1845074164179,62.71714428065477,9.846317753873658,41.81462408824987,0
2026-08-14 00:08:56.300,1.1289786676753089,54.796605458443594,32.12111863935466,63.517196351947305,1.595234327716966,53.77914162133307,0
2026-08-14 00:08:56.400,1.4239036622347137,54.480789038149645,32.44961388069661,63.412410577312585,11.456700156693847,58.44335940892214,1
2026-08-14 00:08:56.500,0.9010213325577006,55.3649336853978,31.489317215978126,63.693429651079335,7.034899064199204,42.6735827891261,0
2026-08-14 00:08:56.600,2.0452915900529,54.27086116083409,31.531285152822125,62.76582122881139,8.379790836410567,70.33190540322995,1
2026-08-14 00:08:56.700,1.3785495708407995,56.45089502483758,32.487296663590065,65.13162053575316,5.754883110738553,39.975656640588284,1
2026-08-14 00:08:56.800,1.3044455523825236,53.451114033727556,30.76856465438821,61.6743557918347,2.3044207693322836,51.72911459953415,0
2026-08-14 00:08:56.900,2.135576131377633,56.00285964036209,30.13529903536658,63.59604182532953,11.704085837582785,35.002672202965904,1
2026-08-14 00:08:57.000,1.0031013865803082,53.992610348288,31.507848407055377,62.51357039446746,12.007104184864142,51.240322383950726,1
2026-08-14 00:08:57.100,1.0497651543872124,52.969811564465815,32.604175210682456,62.19994516351198,6.945536704388907,37.19512140715014,1
2026-08-14 00:08:57.200,1.0615118700525739,55.01200417785245,32.068925172091596,63.676813404545186,9.985788694202023,46.470450304048846,0
2026-08-14 00:08:57.300,1.4728514473202072,54.52785575794344,32.55531144967281,63.50697093346748,6.8273257393687885,30.960829264146838,1
2026-08-14 00:08:57.400,1.6726526518550389,53.68118909850803,30.261443631508108,61.6232507556419,8.86546953279874,59.597760803908656,0
2026-08-14 00:08:57.500,1.7958701872471334,53.11775629714954,32.13187735997768,62.0802188842792,10.27741759676033,54.27536059689929,1
2026-08-14 00:08:57.600,2.5287981269979873,54.79910712404709,32.407572350505035,63.6646910559221,9.665254773721621,63.048926643640385,1
2026-08-14 00:08:57.700,0.6002270183196945,55.791639525396114,30.808843642174832,63.73297331444469,12.022908840228036,45.82633802432197,1
2026-08-14 00:08:57.800,1.743494235649767,55.40909084931248,32.58412848617286,64.27980069937044,9.556642027116006,63.60616840257198,0
2026-08-14 00:08:57.900,1.2771477709711074,54.889178727519045,31.810268130003234,63.440642335053866,8.084253851115786,50.47135574473803,0
2026-08-14 00:08:58.000,1.2654339404444905,55.31965437435125,34.361553441964915,65.12281101920195,5.715743096367734,51.35800951314484,0
2026-08-14 00:08:58.100,1.252091148698449,54.8219273912094,30.16769605903497,62.57422479262008,6.564483859028238,75.36863990422326,0
2026-08-14 00:08:58.200,1.1364921316768106,53.42775200301063,33.00977724176441,62.80262795175146,10.430154190175049,44.18388842073676,1
2026-08-14 00:08:58.300,2.1738099338413805,53.4449169832713,31.60416010387599,62.090112636555816,3.4945204432576435,64.7295083738582,1
2026-08-14 00:08:58.400,1.8369189308055611,54.67097716196381,30.63076604301706,62.66705332330551,11.317421910238389,55.75621928657136,1
2026-08-14 00:08:58.500,1.50927839142295,54.72182712703615,31.50792413318935,63.1444981554533,7.156568821956401,43.137141293054206,0
2026-08-14 00:08:58.600,2.0404063009948,55.74179781436274,32.15647247458356,64.35205315750186,5.54418228677633,34.21170931443832,1
2026-08-14 00:08:58.700,0.8949884138804497,55.65645408208446,32.76946325063786,64.58698477809659,4.703827469655598,37.60297939453412,1
2026-08-14 00:08:58.800,0.9677179474676295,55.51261759652241,33.32206217896382,64.74573762246021,10.02310335694516,63.56809757425413,1
2026-08-14 00:08:58.900,0.6288129071221249,54.63553659014002,33.0870060528938,63.873248140647746,7.956075938590046,70.81279432204349,0
2026-08-14 00:08:59.000,1.220234183950685,53.5435018555608,31.182186798838973,61.96156360611093,12.766295669689459,51.09727883852271,1
2026-08-14 00:08:59.100,1.564679410681901,55.344559885190705,32.863625002687705,64.36643657375123,4.2107730484222365,51.72658115145348,0
2026-08-14 00:08:59.200,1.5411434311729337,55.46599278384059,32.27752204804376,64.17409746197454,6.2655091308144115,59.31744119787784,0
2026-08-14 00:08:59.300,1.5597367644239521,52.56062673055448,31.445812499076112,61.24915188013406,7.72333652561776,50.87962435223822,0
2026-08-14 00:08:59.400,0.9355772675735673,54.123154728903245,31.804967274509565,62.77636355461684,5.744429768090198,63.19640045564387,0
2026-08-14 00:08:59.500,1.8212618970456087,54.27477326054576,31.411622455208015,62.70917825766959,8.018355992425409,53.499467007958216,0
2026-08-14 00:08:59.600,1.5958510072955991,55.09251256151683,32.0141712897852,63.718852027579686,8.958502299246557,51.62649576382931,0
2026-08-14 00:08:59.700,1.7932217125863994,54.179136650081446,31.405771943872992,62.62348888028165,9.45345271738922,41.609445830070584,0
2026-08-14 00:08:59.800,0.7428951289639792,54.95269723647624,31.17210382460658,63.178311076000405,12.518501392653384,38.65679504632061,1
2026-08-14 00:08:59.900,1.624596343519116,54.78863158740163,32.382795218879,63.643063859370216,4.0895827136552585,12.09094383745709,1
2026-08-14 00:09:00.000,1.0248939040329892,54.84835177867063,32.50748518873273,63.75796645229896,9.013280959805932,64.80940159930246,0
2026-08-14 00:09:00.100,1.3410706989794552,54.29944167896136,31.859423983523982,62.95595494636603,6.0591715412355,48.24071533733209,0
2026-08-14 00:09:00.200,1.7137459594545534,54.38518564104917,33.10862346021828,63.67047482657796,9.290040140070754,45.195231863170626,0
2026-08-14 00:09:00.300,1.5364374425023652,53.95223835778889,31.811158781345668,62.63221093676682,9.29399655905914,26.5795124433748,1
2026-08-14 00:09:00.400,1.1593840080882725,55.42090758059717,31.782284447913575,63.88732739585513,5.039241850303006,42.31864681073178,0
2026-08-14 00:09:00.500,1.5025092624737673,55.62027749106844,32.55789610336281,64.44867622271866,5.296542972097737,40.73976250060525,0
2026-08-14 00:09:00.600,0.8873858739025428,54.28689163480548,31.928565283003824,62.98015468701352,9.534929190408725,40.4627229532307,0
2026-08-14 00:09:00.700,1.9601069583593185,56.586484403401606,32.107344767651654,65.06083157449851,8.070213532232392,53.994033717831535,0
2026-08-14 00:09:00.800,1.4178863922014995,54.759577582396254,30.028156641407733,62.45239409569015,7.341134477805187,51.46698263835204,0
2026-08-14 00:09:00.900,1.9474199777021304,56.61269937608861,32.06287415916561,65.06170632556352,9.97396048932492,33.66444879656353,1
2026-08-14 00:09:01.000,1.2893873251615828,54.44872130091418,30.592752334870465,62.4546215001528,10.195155427586394,34.425906801112006,1
2026-08-14 00:09:01.100,1.290569604637367,53.07260542060009,31.082749461520624,61.50478648217853,6.4111096618948915,34.40385737203561,1
2026-08-14 00:09:01.200,1.1943252853448614,55.50971574456562,30.996252720787567,63.57748205751315,5.4438405870725,71.72631305080613,0
2026-08-14 00:09:01.300,1.8504695726772302,55.364397747226,31.235445062437147,63.567834367402924,4.214243069487074,67.91267154429956,0
2026-08-14 00:09:01.400,1.2162275370686095,55.15858115986834,31.635429331030657,63.586708237873246,8.100362360604455,39.77241201080483,1
2026-08-14 00:09:01.500,1.7578381729660706,54.490289608570514,31.69031915977231,63.035450264705176,3.7305191685543058,26.28086816005123,1
2026-08-14 00:09:01.600,1.347019040932284,55.10628458398242,32.61593424908665,64.03516040107655,8.298285374687103,51.53653091615024,0
2026-08-14 00:09:01.700,0.709614680043352,54.63793207405246,32.267425170460946,63.454632206483296,11.650510374273317,50.56328139485206,1
2026-08-14 00:09:01.800,1.2718743728854136,54.855176688043976,30.573656209571052,62.799990951413086,6.939620689141147,53.80300384386078,0
2026-08-14 00:09:01.900,1.0283567142548606,56.00749323259454,32.16615229613513,64.58715547024255,6.3913871583795085,58.896486709727995,0
2026-08-14 00:09:02.000,1.513561089472935,55.3584129288133,32.359121616836674,64.1222787633926,13.993534320881434,55.4204474407513,1
2026-08-14 00:09:02.100,1.023836905730204,55.792481809068924,31.84666504003981,64.24181738235447,12.529105457562938,36.60272562199696,1
2026-08-14 00:09:02.200,1.8703900402858467,54.95899663756491,32.06581030498906,63.62945467252893,5.706206388333758,53.52849304596821,0
2026-08-14 00:09:02.300,1.4635696558587892,54.85718252083966,32.27176802030431,63.64571851492488,8.417039543176925,60.24588290402785,0
2026-08-14 00:09:02.400,1.4289616020965044,54.054052058209535,32.736200431567376,63.19414025530673,8.986034727044247,41.31197932395953,0
2026-08-14 00:09:02.500,1.762356855115033,54.84583269898372,30.869617596960968,62.936465225078486,8.610981268178534,53.5994776250703,0
2026-08-14 00:09:02.600,1.885562773630345,51.903089478416526,31.93906878949168,60.942881557606,13.444020343138362,43.3666313903863,1
2026-08-14 00:09:02.700,1.4919604992921394,54.64231679015377,33.34619213232183,64.01368067781483,8.26168967725826,73.95403665129476,0
2026-08-14 00:09:02.800,1.1915198801802838,55.158999301722304,33.277853133986255,64.41995586132111,8.71170462689305,34.07807433359576,1
2026-08-14 00:09:02.900,0.7904121535551482,55.812881855637045,32.830274463040766,64.75264243526966,10.065986885439248,63.87138723834322,1
2026-08-14 00:09:03.000,1.225580097185928,54.98886504629567,32.58398550145692,63.917848761037575,11.569759148143003,29.95024686289677,1
2026-08-14 00:09:03.100,1.2531151013408153,55.613551188519374,33.4832343864863,64.91528372254444,10.810697582912319,71.5166322225993,1
2026-08-14 00:09:03.200,1.5428229811969187,53.09442370733787,33.6988058225222,62.885827836471854,9.614254358934918,36.30141119090709,1
2026-08-14 00:09:03.300,1.3619412475447892,55.22571023897491,32.06626426427164,63.86019398079936,3.3239005838182756,52.27605852787203,0
2026-08-14 00:09:03.400,1.7751731888205713,53.6113790207222,31.39898313355071,62.12951072014437,6.535586827824722,30.44968175963834,1
2026-08-14 00:09:03.500,1.2548066914917242,54.090913020430015,31.963296067554015,62.82896757774904,10.458263621615812,33.800226595739474,1
2026-08-14 00:09:03.600,1.4771835332588232,55.12038571067922,34.6618871661435,65.11300440628212,8.751196091837917,60.772964571495464,0
2026-08-14 00:09:03.700,1.9735949772787558,56.59214996887038,30.934046514417943,64.4948577163737,10.478385901468855,62.337947737633655,1
2026-08-14 00:09:03.800,1.6367300855819866,55.69542746692063,31.81810111044681,64.14337221410824,13.661498185013745,52.87230718841176,1
2026-08-14 00:09:03.900,1.4759849833245742,55.35078642304143,31.069380333548484,63.47452994674192,4.469110384822027,58.89297998588289,0
2026-08-14 00:09:04.000,1.2592222232259291,55.32135975889096,32.30434517931674,64.06265341864231,11.41373052441375,62.538544911847666,1
2026-08-14 00:09:04.100,1.2467074413140091,54.63559597760733,31.247382099371187,62.940028883790994,7.008909612519107,41.78987763440823,0
2026-08-14 00:09:04.200,1.1597546988192209,54.813576179892856,32.12753493769244,63.53508192173491,10.806049457824196,33.21246278819822,1
2026-08-14 00:09:04.300,1.2835972536868403,55.793270361190075,30.65946046141656,63.66232428510615,7.876337769895647,49.83555936556647,0
2026-08-14 00:09:04.400,1.802266335497726,53.988868519728534,32.718633954971544,63.12928743396326,14.381013616678986,43.0735857692335,1
2026-08-14 00:09:04.500,1.4112446914830925,55.97561781090979,33.20741446155044,65.08457700972043,8.390260808785214,54.663457762411944,0
2026-08-14 00:09:04.600,0.9600907722475075,55.002391415961654,31.927384192197543,63.59733424311776,6.0784573269320585,56.576343345055115,0
2026-08-14 00:09:04.700,2.2072677172239135,56.224790280403816,32.131435917659985,64.7584451342532,9.259623868375304,41.820190513168626,1
2026-08-14 00:09:04.800,1.6279860764580651,56.36866138522007,32.11381497220775,64.87467224141325,8.97182834215481,58.44930251559732,0
2026-08-14 00:09:04.900,0.9372226397947322,53.742818637936,32.394270130445065,62.750930610105904,11.414291282331344,57.8496605114157,1
2026-08-14 00:09:05.000,1.3232604291036705,54.84265660966826,32.22400675416415,63.608989893712405,9.344158395814777,58.67981094666823,0
2026-08-14 00:09:05.100,1.5443545531313672,54.5770444074086,32.87403681915409,63.713076154235004,15.425193917507908,45.10649147587288,1
2026-08-14 00:09:05.200,2.1818368373189507,53.62817885272982,33.25097539744254,63.09999153677999,7.665787593793183,59.359065977942905,1
2026-08-14 00:09:05.300,1.0567550166964523,54.416708264047294,31.61828794616028,62.935635938160964,7.701140150658579,56.24002736810232,0
2026-08-14 00:09:05.400,1.8904162877423787,57.898832107975785,32.02708296340683,66.16652327735312,6.188341849840837,57.68221573707873,0
2026-08-14 00:09:05.500,2.059794570788937,56.07542088137663,33.00084215023831,65.06541638726732,8.25700501506253,70.13346275706232,1
2026-08-14 00:09:05.600,1.248538277970172,57.39153367622369,31.147212186123536,65.29882820293577,8.693177363248862,53.93329027910494,0
2026-08-14 00:09:05.700,1.3889945524559066,56.311678870090006,30.712971232566556,64.14274533492157,8.843631589867632,42.716453312030396,0
2026-08-14 00:09:05.800,1.085476301050492,54.74907199151694,32.475601853834036,63.65630840459612,8.201563026481997,36.67454562800643,1
2026-08-14 00:09:05.900,1.418615543567878,55.11747867830511,32.6966270538439,64.08592572906765,6.170536349818104,63.53523391992586,0
2026-08-14 00:09:06.000,1.4853640102628276,56.09602077767321,31.726710608096866,64.44647168851891,5.355004615752934,54.287692112425376,0
2026-08-14 00:09:06.100,1.7638599992329482,55.95342552335968,31.84663074863563,64.38162562282893,6.8744788254933304,70.0402638598427,0
2026-08-14 00:09:06.200,1.9360733884081787,54.946912026632056,31.70639856801151,63.43862271058574,11.42461298070534,25.64537370559436,1
2026-08-14 00:09:06.300,1.200761574151341,54.02259559421492,31.626013067400933,62.59908575431037,12.070399056474438,60.9280050534373,1
2026-08-14 00:09:06.400,0.7130699743096022,58.82868467463661,32.87935074883241,67.39336648523036,7.769106390678695,46.866351974952465,0
2026-08-14 00:09:06.500,1.4915020882895031,55.40810853735881,31.38515613622286,63.679561221657465,5.175251100597726,45.75774806142594,0
2026-08-14 00:09:06.600,1.6174150119874562,55.231854038972735,32.12213747014654,63.89357883413154,7.756479169049626,40.822305918216905,0
2026-08-14 00:09:06.700,1.5997670750740167,55.6792621185144,31.61528765875358,64.02895160634733,14.274996305810237,60.794852166621716,1
2026-08-14 00:09:06.800,1.3693307009963824,55.33153378775181,31.180326245516735,63.51213565990345,10.996903505949861,57.36243412739869,1
2026-08-14 00:09:06.900,1.5499008398655738,55.70532600722207,33.045700799507365,64.76960465296553,9.652228074597643,36.29141569952671,1
2026-08-14 00:09:07.000,2.106177923340899,56.877879108086745,31.93869891544337,65.23169183951521,10.888054751157709,51.979057255100855,1
2026-08-14 00:09:07.100,1.6526936675850037,55.474718064737644,32.51031199099105,64.29902588775124,12.62169983402394,58.473371968165644,1
2026-08-14 00:09:07.200,1.3506526299987662,54.44489082755005,31.158100056285885,62.73016289107949,4.541401395358641,52.13612631111088,0
2026-08-14 00:09:07.300,1.2999208731616017,55.45429219485294,31.77601003059375,63.91317028826314,6.823880393908632,63.29408360032326,0
2026-08-14 00:09:07.400,1.4320590569289078,55.15986893037538,32.979432731627185,64.26705317436075,6.413835101489553,46.51953747332981,0
2026-08-14 00:09:07.500,2.154695984732256,57.056504371485886,34.449380425219665,66.64986498692173,9.76134319121295,22.947707922746304,1
2026-08-14 00:09:07.600,1.426679716189521,56.812059221430346,30.803591242503423,64.62562422456392,8.480332671918791,52.24061072921884,0
2026-08-14 00:09:07.700,1.492082262191717,55.756799879577315,32.22867869125637,64.40115265269307,10.268933872068224,52.16750923286096,1
2026-08-14 00:09:07.800,1.3070745716254788,54.37887374678101,32.724390239474964,63.46611400199159,6.479337950398332,53.73423796045225,0
2026-08-14 00:09:07.900,1.939593342976786,54.44005206061406,31.90668647184098,63.10115616987322,12.11585615203747,63.283749175612414,1
2026-08-14 00:09:08.000,2.28393490189787,55.689402308092305,33.08418501749995,64.77555733225863,7.791998875552094,26.57044096048032,1
2026-08-14 00:09:08.100,1.6802452197725553,56.01893673828277,31.716182124848647,64.37419888328161,10.08363665587455,47.13820034800808,1
2026-08-14 00:09:08.200,1.5331091615141703,55.31632567208918,32.537647223022454,64.17627577750592,11.58621949676882,38.92810630398139,1
2026-08-14 00:09:08.300,1.514713133269694,55.21911362966174,32.0019124047227,63.82219760870852,11.345372946484904,35.50363534257818,1
2026-08-14 00:09:08.400,0.5462772844857017,55.11481870314407,33.40011562815745,64.44541073385076,9.08248522520539,49.132412005245286,0
2026-08-14 00:09:08.500,1.798060345713927,55.692558698532515,31.8884799928374,64.17582294480594,10.458040719147636,58.4218643633681,1
2026-08-14 00:09:08.600,1.5536665663983373,53.34152502915713,32.15307339170891,62.28272971674264,13.22498199191686,53.61135925830991,1
2026-08-14 00:09:08.700,1.67133682026429,54.63129547491423,33.1961244922081,63.92621626977122,9.540803701924087,41.74973093005087,0
2026-08-14 00:09:08.800,1.215415122366518,55.11390598069033,31.62214316840832,63.541345366711326,5.81106079381526,48.25434080547538,0
2026-08-14 00:09:08.900,1.3462172484091632,56.95679474354335,32.50457497456572,65.57914197163068,9.749152192891655,61.15875733555539,0
2026-08-14 00:09:09.000,1.3355900253987307,54.94381262911624,30.996548287677818,63.084138671886265,7.888156345941229,58.19755094072027,0
2026-08-14 00:09:09.100,1.9086491936292156,55.94642913533012,31.589229829196093,64.2485982274811,1.0,43.36675984128045,0
2026-08-14 00:09:09.200,1.3484960653587628,56.00083846688365,32.770282450284235,64.88439967253609,9.385994071109277,42.590043492032265,0
2026-08-14 00:09:09.300,2.333064128843919,57.08054694406716,31.677020255414856,65.28110332780703,8.34995195004682,29.402190072812033,1
2026-08-14 00:09:09.400,1.672344967606015,57.05354256782429,32.038920751057056,65.43392974925969,11.469253314492315,44.84706399701163,1
2026-08-14 00:09:09.500,0.9897269360017074,55.741796914518964,32.874049051626685,64.71360772131494,5.749719027535081,29.170532834737802,1
2026-08-14 00:09:09.600,1.4485814826992172,55.332149864578184,32.02123185054303,63.92969652565521,3.482871012862077,74.80483624863338,0
2026-08-14 00:09:09.700,1.2393299511374338,55.15213622539567,33.14785525550591,64.34701576813468,8.50604257823153,39.73858211759948,1
2026-08-14 00:09:09.800,0.6222470120719903,55.58324082820933,32.66711266039392,64.4719854706956,9.140532162816339,63.30777026375861,0
2026-08-14 00:09:09.900,2.139788376045516,55.398605418805246,32.84812975341691,64.40500842827203,8.281498836156707,71.8172744947039,1
2026-08-14 00:09:10.000,1.7812570168880015,56.39460090494083,33.49735657634039,65.59286477072065,8.062126051056211,52.59441690233586,0
2026-08-14 00:09:10.100,1.713282927159725,56.26961803552154,32.765443380913055,65.11408598614673,4.79381913738102,48.799828923357126,0
2026-08-14 00:09:10.200,1.5661614641198818,56.44944413163509,33.74566359666953,65.76708564586224,7.583248589075231,34.13161692733901,1
2026-08-14 00:09:10.300,0.9471929725230249,57.12526137437999,33.24859642419655,66.09663116430615,6.954782511486755,43.94479854021469,0
2026-08-14 00:09:10.400,1.3065531441778253,57.73718150679774,32.10582548737098,66.06334958639644,11.21812622230232,69.24758057442831,1
2026-08-14 00:09:10.500,1.8367123099136051,56.007310501258864,33.5641067247278,65.29447212293962,9.137976092091842,54.21503155546723,0
2026-08-14 00:09:10.600,1.079511988086999,56.9904456017007,32.74568191490539,65.72815662980796,7.166008634764415,50.34017848950605,0
2026-08-14 00:09:10.700,0.4872922734996745,55.54765636892458,32.22384616472688,64.2177420167364,13.171654629268296,65.74547851010794,1
2026-08-14 00:09:10.800,1.4091575968876295,57.092658258795545,32.76729932138423,65.82755906056978,7.1932769713549725,58.3554865814686,0
2026-08-14 00:09:10.900,1.4432969783889846,56.97749515484212,33.43945305811198,66.06536138511414,9.673360171658489,48.225522226642845,0
2026-08-14 00:09:11.000,1.5542253665658836,56.93273669006301,32.91862850746579,65.76452394591317,7.499235999232154,52.595070028083164,0
2026-08-14 00:09:11.100,1.7914074574058145,56.02672528376528,34.01750753158537,65.5452878907704,12.893457545084011,40.78321955082431,1
2026-08-14 00:09:11.200,1.7550423248924836,55.27263200103661,33.43381854533556,64.59786429011753,8.260579327440833,43.267512243636965,0
2026-08-14 00:09:11.300,1.6035079220975685,54.554796449615765,32.98812295921048,63.7529769660288,8.34924268367202,47.5244164488961,0
2026-08-14 00:09:11.400,1.9782125552346836,55.91762240241388,31.753741299768066,64.30459222848346,7.580388923681859,56.68965274848428,0
2026-08-14 00:09:11.500,0.8924120876746741,57.49900687463791,32.435810588225145,66.01679786300511,8.589535778003643,35.031644327719455,1
2026-08-14 00:09:11.600,1.7018327257909562,55.6644841534784,32.64192874470616,64.52929806101506,11.598613515943727,50.91488396507275,1
2026-08-14 00:09:11.700,1.750615345334777,56.767790362756266,33.14690346735193,65.73658975139942,10.537531534054065,45.32165407924323,1
2026-08-14 00:09:11.800,1.0041750855679041,56.83494990026889,33.10446553286773,65.77322531534318,8.084228543348512,39.18884937840554,1
2026-08-14 00:09:11.900,0.8988517565270442,55.71564700127652,32.735232261496854,64.62065267377758,13.103975319369962,45.386101406100146,1
2026-08-14 00:09:12.000,1.2016231494097593,57.324012782176965,32.700880699096196,65.99537892873795,10.618956924027707,22.143160843397332,1
2026-08-14 00:09:12.100,1.2353834229938832,53.107341922630674,33.18596711632757,62.62346349039775,6.685456642407952,40.90893591165945,0
2026-08-14 00:09:12.200,1.8013677854009722,54.801587110826745,31.92773345323497,63.42392382473944,3.8589549387981856,36.80615741508853,1
2026-08-14 00:09:12.300,1.254184486523562,55.117039815660206,33.97601592261109,64.74764656738185,6.754958594610289,46.64100748879083,0
2026-08-14 00:09:12.400,1.1574605926875183,55.22129181160501,30.986870592552673,63.32122249658515,9.240046335650758,22.6425221244328,1
2026-08-14 00:09:12.500,1.2553465053221764,56.385604508112046,33.79393251989332,65.73709965388136,9.79160111189428,52.29071292211363,0
2026-08-14 00:09:12.600,1.9474529336616846,56.34771408243379,32.59845734488781,65.09780567409456,12.077413049906056,60.91307955688236,1
2026-08-14 00:09:12.700,1.5052173497507808,56.46000157400864,33.44167045251746,65.62070633871475,4.7163620746429995,48.59244353324121,0
2026-08-14 00:09:12.800,1.4282995898572353,56.67042721841986,32.93567978200652,65.54613889331007,6.682533998159569,55.98550248085252,0
2026-08-14 00:09:12.900,1.4559978005195795,55.13257587759547,32.92643579677331,64.21643946200892,4.467071990376461,43.84723332318509,0
2026-08-14 00:09:13.000,2.016824133730609,54.872839102387545,33.098012682338144,64.08203269775959,3.983602365261663,31.34454651468952,1
2026-08-14 00:09:13.100,1.2003313093587034,56.495669573656464,33.30685336625939,65.58282672878074,6.1165437621400445,50.02029585542783,0
2026-08-14 00:09:13.200,2.0262033163760416,55.47745254045591,32.40154610719162,64.24646239689001,9.099836732882064,58.16454052382262,1
2026-08-14 00:09:13.300,1.5841985195686015,54.545544291188115,33.49745090635464,64.01012122505006,10.314183304670948,34.10734249270811,1
2026-08-14 00:09:13.400,1.435832247209861,57.09569834355131,31.807035936542878,65.35752676170006,5.154937680134976,44.41727268413798,0
2026-08-14 00:09:13.500,2.5003601991737128,57.52779068796587,32.675348810217244,66.15984523340255,5.57217224183828,47.034603189147,1
2026-08-14 00:09:13.600,1.0777442040805614,57.698184393615975,33.353390041768215,66.64479806855171,2.6605304740296987,84.21689174341934,0
2026-08-14 00:09:13.700,1.3585256961731975,56.33636594784578,33.48562899951535,65.53681009709567,8.643056624830987,52.680454336638704,0
2026-08-14 00:09:13.800,1.0070275043344,56.7836250447977,33.063246847904004,65.70813013131337,5.803583294087785,27.13311705363467,1
2026-08-14 00:09:13.900,1.8809847882144677,57.535895894640454,32.38490265240254,66.02394441567766,12.989094134635543,24.165789177893483,1
2026-08-14 00:09:14.000,2.175675573460672,55.532946603708844,33.42198365893434,64.814636851474,9.229426398948783,58.765985963164994,1
2026-08-14 00:09:14.100,2.1679691125618556,57.293374800240116,32.17412527841662,65.70924694007714,7.485662769629675,79.82038371195836,1
2026-08-14 00:09:14.200,1.9895795012584019,56.466428072782975,34.115746362182996,65.97227939936269,6.076662717366643,46.62830618479137,0
2026-08-14 00:09:14.300,1.4209518128816137,57.113078213436104,32.65188321865638,65.78791059715185,3.5159893394173123,45.91016489529789,0
2026-08-14 00:09:14.400,1.3539036090040615,56.39379430442319,31.492920214763586,64.59151693297703,3.896384669163707,55.16929011437115,0
2026-08-14 00:09:14.500,0.8315320910023739,57.512292715749,31.773874829187363,65.7057298497084,6.133577136283596,40.420443099858694,0
2026-08-14 00:09:14.600,2.314349414072717,56.447894490996276,32.76953734657651,65.27026405933502,5.903291353927086,19.47014455485592,1
2026-08-14 00:09:14.700,1.687591231259387,54.74872639144107,32.85148348760594,63.848594415392746,5.002484471462017,62.44717267130824,0
2026-08-14 00:09:14.800,1.3032172380522067,57.692966805676946,34.32034945197821,67.12946301995007,9.131284182327033,42.64181445917804,0
2026-08-14 00:09:14.900,2.0312227555947873,55.30184415484385,31.918825467398204,63.852215201548525,9.542796777244577,62.60141438985645,1
2026-08-14 00:09:15.000,1.1108941932959997,57.51076782851362,32.78619553040497,66.19987185473356,6.624102808094816,40.86815851627183,0
2026-08-14 00:09:15.100,1.6626488136890696,56.17580145928312,31.91208947876843,64.60729157373584,13.805456804795952,51.46134952952646,1
2026-08-14 00:09:15.200,1.430948346283666,57.4503900483749,32.370503555335596,65.94237497342971,2.759811900451724,60.257983369864334,0
2026-08-14 00:09:15.300,1.7554708559521204,57.4174824004977,34.116805895434034,66.7886497072533,8.174491696916789,62.844211412862464,0
2026-08-14 00:09:15.400,1.4745705843255514,56.72119148240005,31.865560126326017,65.05926133416818,7.3442593877362246,52.795864009777084,0
2026-08-14 00:09:15.500,0.9196288435555103,56.807918548165546,33.24926387757732,65.82289235650299,6.3478973540982295,52.198869149588,0
2026-08-14 00:09:15.600,1.530230549068015,56.73034657018473,33.09895665900682,65.68008186572305,5.907011461960822,57.43647416214934,0
2026-08-14 00:09:15.700,1.9195456567501448,54.30222791916483,32.77029446418098,63.42416066653192,7.979120351262925,55.570034412729825,0
2026-08-14 00:09:15.800,1.488313437658406,56.44271761679784,33.210181737293176,65.4881404759184,7.323416518034814,34.505833589944245,1
2026-08-14 00:09:15.900,1.8100460486356345,55.21665794428149,31.871616966657403,63.75483732710098,6.824370418662322,34.7350117483539,1
2026-08-14 00:09:16.000,1.0817882057303787,56.51224398655279,34.129692111927135,66.01870647059523,4.103841095031877,24.691290763749443,1
2026-08-14 00:09:16.100,1.4894956826920591,55.206449018877656,34.34951133525534,65.02031176674542,3.1456645465685034,59.19809601007576,0
2026-08-14 00:09:16.200,1.2501958179645691,55.17277434648854,32.852319530836226,64.2130043499345,7.134450574413304,45.251242715467995,0
2026-08-14 00:09:16.300,1.7987923360418838,57.97099551192226,34.758121510591856,67.59262779022858,6.7937116865104095,59.842366944515625,0
2026-08-14 00:09:16.400,1.5125966249047984,57.44384312074629,32.50541509433333,66.00300843852365,7.408889419169517,54.84452688145389,0
2026-08-14 00:09:16.500,1.776029470534645,56.37858787013169,33.149983868130526,65.40234399994755,7.6741346063314735,37.970879821148365,1
2026-08-14 00:09:16.600,1.9350841704631465,56.57583382777861,33.98015035753737,65.99602708973674,6.432492974351547,48.55733079758265,0
2026-08-14 00:09:16.700,1.7766474300485553,56.15148387424031,32.472436371811675,64.8648461433497,7.3627777285453835,44.5421353800309,0
2026-08-14 00:09:16.800,1.6092473737174577,56.977610998416594,31.739401526358694,65.22145171903416,5.439415075689517,42.68931823683725,0
2026-08-14 00:09:16.900,1.100715096595438,55.740014978342,31.560267954439407,64.05466246216434,12.57183742748985,60.98344790591938,1
2026-08-14 00:09:17.000,1.4988855557332394,57.41814433021251,34.50330369152886,66.98747094759575,5.600779555550094,80.12892164657207,0
2026-08-14 00:09:17.100,1.2867638391936667,56.17965194878418,32.43642355336796,64.87121754692149,6.887057871603979,63.39444370092258,0
2026-08-14 00:09:17.200,1.3623744173183094,56.02122651642081,32.716054696616425,64.87463337326946,5.8286336326583585,49.67652359171115,0
2026-08-14 00:09:17.300,1.3501863396998997,56.471121253190624,31.979433678166625,64.89739373787529,5.778255379385291,65.1140931194735,0
2026-08-14 00:09:17.400,1.1080297700871022,55.86659612723391,33.63331719775906,65.20948235163765,8.07392469991384,70.55483180372964,0
2026-08-14 00:09:17.500,0.717064564346404,56.794760029109746,32.2543987203883,65.31455430130369,7.6932973703509635,33.29155061227644,1
2026-08-14 00:09:17.600,1.2327427806688933,55.937049812753614,32.491637019111145,64.68894819005912,6.62161882887437,64.69825713635036,0
2026-08-14 00:09:17.700,1.5773517807696635,56.95127072733958,33.129264610245386,65.8862308155079,7.149572025337065,59.23618422491846,0
2026-08-14 00:09:17.800,0.9607291818290039,57.70708838588597,32.04341236638824,66.0067293998033,5.840559347020188,64.257428679878,0
2026-08-14 00:09:17.900,1.5062728945886497,55.78009488262006,32.75678412604557,64.68713853150754,9.205176913178482,59.75944947220281,0
2026-08-14 00:09:18.000,2.260107369724386,56.3771758345868,34.0264184467318,65.84970089071027,14.16557822777214,47.267251909590314,1
2026-08-14 00:09:18.100,1.9092226221008957,56.97741672737114,33.252255126614926,65.97073963455315,5.375476168300345,74.3944477301932,0
2026-08-14 00:09:18.200,2.157416603648212,56.08856338180805,33.01908627601637,65.08599696354133,9.181889671203814,54.075183302985785,1
2026-08-14 00:09:18.300,1.6564511507730906,56.99707602006987,33.091545043117016,65.90688149334837,8.13484687106213,44.788075751668956,0
2026-08-14 00:09:18.400,1.9670039291945784,57.096489042348686,32.61334603223692,65.75438692879334,10.00588927439777,56.07173618048449,1
2026-08-14 00:09:18.500,1.210414107812885,57.632686680445,34.52657679829436,67.18341372254659,10.090378881488215,61.66875082073433,1
2026-08-14 00:09:18.600,1.2422638931912062,55.95176958051952,32.284930071535406,64.59812093950939,8.616238091655982,51.13713291034395,0
2026-08-14 00:09:18.700,0.40434391754501076,55.623319108827694,33.10839753900605,64.73113328440448,7.880538271654701,54.7176366022667,0
2026-08-14 00:09:18.800,1.9744581896169195,56.26685168194817,33.036677895981406,65.24860676367871,6.6966494010546604,51.060404985243814,0
2026-08-14 00:09:18.900,2.1161295919279546,55.61501145441856,33.756668282085904,65.05799068970614,5.705118940674094,42.07909120279228,1
2026-08-14 00:09:19.000,1.278729101861092,57.155596720466896,33.83719826088656,66.42076650129228,7.709463017144646,40.13810649646675,0
2026-08-14 00:09:19.100,1.398419317441106,55.43768193869673,32.934044899734225,64.48246189619167,4.1462335057469595,33.16620456114096,1
2026-08-14 00:09:19.200,1.1984551545236153,58.940784379579576,33.19719397128657,67.64665365594456,6.218432029647594,68.21624040856094,0
2026-08-14 00:09:19.300,1.6530614205909966,57.912030545354376,33.232489413399534,66.76976587122176,11.320560873417705,47.31899302244406,1
2026-08-14 00:09:19.400,1.9499730181212964,56.63701317583469,31.156949119284143,64.64137018892261,8.295536663239073,8.869098778936525,1
2026-08-14 00:09:19.500,0.8028912104475836,57.500166621686084,31.708471595230645,65.66350837738729,10.67799325680665,54.75839695135411,1
2026-08-14 00:09:19.600,1.6637754122569008,55.00430498683106,32.50061315810754,63.88867992639448,12.408931659975272,54.509925254087634,1
2026-08-14 00:09:19.700,1.389331291312342,59.17281490499515,32.540386003055865,67.529984044191,7.468911632255549,27.601187806035256,1
2026-08-14 00:09:19.800,1.5453577567866756,56.067561683848844,32.0352398400583,64.57420587806136,8.621977502580926,40.011245500000854,0
2026-08-14 00:09:19.900,1.6835976006697164,56.54561360460372,33.59933266820075,65.77477916093346,7.094462317541733,39.484531585268854,1
2026-08-14 00:09:20.000,1.4247190244908716,54.818512453768385,33.00636218138808,63.988196193461526,5.562182718573181,41.092787710492686,0
2026-08-14 00:09:20.100,1.4585652586376878,57.169067768151464,32.83791264013687,65.92898312609375,5.141095222002786,64.55331034044283,0
2026-08-14 00:09:20.200,1.4144499329781444,55.584771028787195,32.009744891912675,64.14273566326922,10.529451117789474,48.213469423197964,1
2026-08-14 00:09:20.300,1.8881264807153126,56.80110566988408,32.98403405359501,65.68342338649876,8.625881841456945,44.873181382206184,0
2026-08-14 00:09:20.400,1.6675039840509986,56.16351019784725,30.923322973664185,64.11389694502463,13.539809216243158,63.468679306647125,1
2026-08-14 00:09:20.500,1.5882334150949444,55.63837541829518,32.89930656329066,64.63739777816347,10.916156038771673,55.94417294220447,1
2026-08-14 00:09:20.600,0.9916193115630869,55.92009257391666,33.08521938045377,64.97452189072393,5.806361031390896,29.10826090428141,1
2026-08-14 00:09:20.700,1.3485681027147383,56.95857683221853,33.233205266337016,65.94486641904912,10.521026540680314,42.60051632998516,1
2026-08-14 00:09:20.800,1.8594676641356698,55.45963254771794,31.79339270156863,63.92644727969835,7.084773382693234,53.86354504560735,0
2026-08-14 00:09:20.900,1.5150786292495693,56.000646572016926,33.229528335177484,65.11738607977377,11.650579127387005,38.79331839185561,1
2026-08-14 00:09:21.000,1.7638125878356554,57.42106634675872,32.22153076340492,65.84379929147403,6.540998368270939,74.35465746105358,0
2026-08-14 00:09:21.100,2.2066047201310535,59.3686075628223,32.40970074693493,67.63889610611838,4.842722119271983,51.354545163831006,1
2026-08-14 00:09:21.200,1.9154424276835267,57.25205122995474,33.63902255489917,66.40317167490102,5.612734768815772,40.959483925069705,0
2026-08-14 00:09:21.300,1.537263335079897,55.865535490678184,34.680969258401085,65.75505824164696,5.766005292755259,36.52467627996741,1
2026-08-14 00:09:21.400,1.2956043319217092,56.4240176852369,33.115766120227676,65.42418312423584,5.479244706144008,61.13033105642843,0
2026-08-14 00:09:21.500,0.4785801615776406,56.831055583915536,32.42600357974559,65.43099102822585,6.2821751731846796,42.22565675607252,0
2026-08-14 00:09:21.600,1.432646031010859,56.45837634958099,33.23561713813802,65.51453660512162,10.570075610975714,54.55909013950048,1
2026-08-14 00:09:21.700,1.3695950016732603,57.719194189407375,33.840904939601586,66.90823734792055,13.388132624798553,36.1817677175068,1
2026-08-14 00:09:21.800,1.6561464777581503,57.041944228138405,33.59148049977271,66.19796797102357,4.009431453339489,50.84237349829404,0
2026-08-14 00:09:21.900,1.438437909210125,57.7406578524878,35.29417357851775,67.67320191795717,11.790539128499448,42.369369225398465,1
2026-08-14 00:09:22.000,1.3718459762252824,56.526696399734035,32.53241405874328,65.21982344622855,6.566888852076714,46.21526703829935,0
2026-08-14 00:09:22.100,0.7882404277971117,58.17497513220667,33.31147013142668,67.03716710862562,9.043647593606702,40.44463039537452,0
2026-08-14 00:09:22.200,1.1240128683399733,56.691324050657606,34.35382014369806,66.2879414455014,3.037561908280108,62.30751533369924,0
2026-08-14 00:09:22.300,1.690660416320223,55.894954488254896,34.30861400405056,65.58450222516764,9.572105052034567,44.10795229850808,0
2026-08-14 00:09:22.400,2.186363052453078,59.05179946088886,31.56462510668848,66.9584989205614,1.984062809551812,48.278513660963576,1
2026-08-14 00:09:22.500,1.4609898465017506,55.05783605533926,33.127002185348246,64.2554556818694,8.941805216930495,48.85829263041507,0
2026-08-14 00:09:22.600,1.6311244294296494,56.152409799449195,34.322305727531436,65.81119811049952,8.771768141088009,69.34724145960354,0
2026-08-14 00:09:22.700,1.880991262781122,56.27245539537747,35.45220434064403,66.50900712561815,8.573022902886402,60.68370304869679,0
2026-08-14 00:09:22.800,1.1756424255199,59.41612424271817,33.70772748879762,68.31168796395801,5.795269548101212,59.48816909933551,0
2026-08-14 00:09:22.900,1.6467256173141769,58.72301157626186,32.85540098031203,67.28944539943001,9.64858002328893,31.065360523684383,1
2026-08-14 00:09:23.000,1.2038039574671366,58.418415558211294,32.347329926791545,66.77620107287152,9.173244528250152,42.12329134876953,0
2026-08-14 00:09:23.100,1.8459297753964046,56.6021634746465,34.93468796823838,66.51494067838281,7.370141649076641,64.26342458994698,0
2026-08-14 00:09:23.200,1.560561219180693,59.367334863318355,33.74768738485855,68.2889951060895,10.015550921525582,35.9488302149402,1
2026-08-14 00:09:23.300,1.6193807255925758,57.317843585771286,32.491241407649866,65.88638676944672,7.713187560303484,51.00816257746075,0
2026-08-14 00:09:23.400,1.1869605610325644,57.93508967468718,33.01217068956341,66.68041713464991,9.586331476726286,37.21686194887053,1
2026-08-14 00:09:23.500,1.782812943844314,57.14585640794401,33.427845829565655,66.20475648624172,7.622362017817729,38.42111293508712,1
2026-08-14 00:09:23.600,2.3338851684924062,56.92502917796829,33.61974277268542,66.11161812430606,8.650105973328621,70.16942783437045,1
2026-08-14 00:09:23.700,1.0968353218287175,56.73105179781891,32.47000335701055,65.36599541115463,9.724168823225785,58.63124769891667,0
2026-08-14 00:09:23.800,1.3640963969409905,56.78152520077987,32.703346782019025,65.52595283452041,6.806262279145895,61.79768273353505,0
2026-08-14 00:09:23.900,1.5926429896672367,57.60799156533085,31.8773523000933,65.83954952652314,4.298490241237414,59.404897761965344,0
2026-08-14 00:09:24.000,1.8145624847983266,57.3750344378819,34.03651061514774,66.7111582241172,8.828237016644463,48.328539653245976,0
2026-08-14 00:09:24.100,1.2761814858842124,56.984697991356576,32.936406843519904,65.81840700691549,11.568174135838788,41.70083950515323,1
2026-08-14 00:09:24.200,0.36678788394290396,58.53402807671285,33.58775976975504,67.48607300203638,8.897452918872338,45.17491688699008,0
2026-08-14 00:09:24.300,2.04367579766561,54.06608573772701,34.35751009074171,64.05919236639396,8.954426944089118,47.69808254735904,1
2026-08-14 00:09:24.400,1.8042024478336571,57.551060776842675,33.40060023125205,66.54115036838297,7.873471680510079,71.315432831935,0
2026-08-14 00:09:24.500,0.802820987805334,57.7672469580342,33.139328570065885,66.59782218049848,10.217355958319603,33.96372282764564,1
2026-08-14 00:09:24.600,1.2569724832881777,58.20480584208414,33.38984296580453,67.10201961488043,7.4421937515861885,43.35606261657447,0
2026-08-14 00:09:24.700,2.1272729718109304,57.001306255229345,33.29026150084981,66.01053268681757,6.6383036566194145,39.04443960433541,1
2026-08-14 00:09:24.800,2.0791185673831465,57.28243248612041,34.24163944954424,66.73654878490142,11.315894758624598,62.67947837024576,1
2026-08-14 00:09:24.900,1.875456009071578,58.068795524504914,33.498379002745146,67.03824587113179,6.408385045121953,72.24545911206917,0
2026-08-14 00:09:25.000,1.429555026416055,58.58234826792412,32.81918830252324,67.14901823125064,10.668412839355247,53.70543631791675,1
2026-08-14 00:09:25.100,1.533194967525004,56.79898060091891,34.097989197170406,66.24799668362743,11.317806385873126,54.692190018123014,1
2026-08-14 00:09:25.200,1.4476296779495494,57.37482709167898,34.24909827021754,66.8196940738513,9.700450796186182,51.09585107650323,0
2026-08-14 00:09:25.300,1.951295913307535,58.79475999535392,32.199047117146726,67.03433775434426,4.252293441282102,55.2497478713735,0
2026-08-14 00:09:25.400,1.1496630374019559,55.00049367758005,34.50093955988984,64.92587415886439,8.081464727667493,59.27786194829153,0
2026-08-14 00:09:25.500,1.177680138046318,56.44284287609806,33.57148270411438,65.67220845143359,7.394000008824148,55.107686154641854,0
2026-08-14 00:09:25.600,1.9041098347344063,58.60702617696935,33.51133007913712,67.51142689190364,6.51200223399406,55.986011939339534,0
2026-08-14 00:09:25.700,1.4822554177953753,58.24206275442844,34.0950146577693,67.48783518830844,8.428254762039282,59.3049723619265,0
2026-08-14 00:09:25.800,2.0513869421815234,57.68030485420057,32.84113467316091,66.37437528665868,10.307619042492645,28.66066278493919,1
2026-08-14 00:09:25.900,1.2313951172077817,56.7175974926185,34.06304823078931,66.16023821078461,6.624342019606405,50.0241071617487,0
2026-08-14 00:09:26.000,1.47808865586447,56.29271058919594,33.00329707711853,65.25401814018439,7.485851977178976,53.66250850501421,0
2026-08-14 00:09:26.100,1.1310348060624187,56.59164819139272,32.129757742612796,65.07638571415403,7.2768231985040375,54.99377816623149,0
2026-08-14 00:09:26.200,1.5029450725694269,58.73920675390754,32.51651409656776,67.13879727155222,11.491613136632935,47.94936485859255,1
2026-08-14 00:09:26.300,0.9085812252004805,56.571090566387234,33.77333741964814,65.8857086805006,7.228698146568241,51.92901799756582,0
2026-08-14 00:09:26.400,1.304946631618015,57.30929094223599,32.56834611480207,65.91700840416982,4.296783026714763,41.36112314383079,0
2026-08-14 00:09:26.500,0.9254984540287529,56.46249505558832,34.61778251882177,66.22993442864622,3.2796954830284584,28.70186317162724,1
2026-08-14 00:09:26.600,1.7775692932765033,58.067311453002844,34.286149216494,67.43406177500898,9.088188699697909,61.79764521566788,0
2026-08-14 00:09:26.700,1.7866357359038607,56.694145865011116,34.40647462004091,66.31765731042282,5.7179547803422945,36.38754076016596,1
2026-08-14 00:09:26.800,0.8078949078062619,57.143612977656886,33.444546984428705,66.21125453526686,10.006173515817435,48.07455364263486,1
2026-08-14 00:09:26.900,2.033554298200229,55.56615945722221,33.556014247994995,64.91228057183855,4.0063400344786055,41.01044440517593,1
2026-08-14 00:09:27.000,2.4989660505679416,55.64450807651384,32.39975630423585,64.3898710019758,6.383263500168177,69.04411135851295,1
2026-08-14 00:09:27.100,1.5184025546945363,57.27388422849403,34.15635342922951,66.68548788305725,4.008293451439555,49.044263425895416,0
2026-08-14 00:09:27.200,1.243554295910142,55.9493886024285,33.668594218605435,65.29860887984266,9.30383214664677,46.27452244541521,0
2026-08-14 00:09:27.300,2.6297322364012183,59.38796711941451,33.823572788281815,68.34445635705106,9.94654262187395,58.974390424711785,1
2026-08-14 00:09:27.400,0.9724126006789957,55.2296920904215,34.72537857068256,65.23933480102312,9.015875472909801,75.87769001129824,0
2026-08-14 00:09:27.500,1.5080425867476392,56.499374626323394,32.89495956783449,65.37780738243751,4.742191038788471,54.86827432469706,0
2026-08-14 00:09:27.600,1.5718489090527694,57.32458551470879,33.28381754856289,66.2866548789361,5.762708767668002,45.470966460417976,0
2026-08-14 00:09:27.700,2.038059048180966,56.951086432099196,33.65106835917072,66.14998599780664,8.702941965834661,58.35912777625628,1
2026-08-14 00:09:27.800,1.6438955900507153,56.2204086356848,32.646384131042275,65.01169697827423,2.9367757756269075,31.127851177021213,1
2026-08-14 00:09:27.900,1.3005464416846193,56.37496097530719,33.249654231860006,65.44979550392542,7.276595166836291,50.557151120772765,0
2026-08-14 00:09:28.000,1.1195262518448175,56.35056945975697,33.799093970727306,65.70970576468099,12.550716060007645,73.92749185947694,1
2026-08-14 00:09:28.100,1.3632712719015458,57.06283656488988,33.1493979387277,65.99280188423172,7.460133352458875,51.892968760229266,0
2026-08-14 00:09:28.200,1.0972290556219424,59.30982207168111,34.46192731708151,68.59503938757001,3.534366082904146,51.29333187389178,0
2026-08-14 00:09:28.300,1.5191301279138731,57.44416500117564,32.21099697331686,65.85879150650518,6.177772256971593,50.247638484290064,0
2026-08-14 00:09:28.400,1.2743215280558053,58.5574629164587,34.322954448429385,67.87519182500624,6.107923022967273,45.25428463488561,0
2026-08-14 00:09:28.500,0.9023848826840998,57.88987349535306,33.95868666956776,67.11504938260762,14.420926339509684,53.77388806837845,1
2026-08-14 00:09:28.600,2.0020583153499616,58.50509426996088,32.979676253141925,67.16029408288101,12.997037241541687,59.30327613992364,1
2026-08-14 00:09:28.700,1.3009309906283844,54.59960229183881,32.700213102075445,63.642914038784525,10.192806302304735,46.0181593701107,1
2026-08-14 00:09:28.800,0.992745278009875,57.10344329573791,31.78051469633773,65.35139134397747,6.970772207775806,20.11097914039015,1
2026-08-14 00:09:28.900,1.4326963462049833,58.7233714624906,32.813601613672866,67.26936008899214,11.601888982939169,55.58741006334505,1
2026-08-14 00:09:29.000,1.5273486263870635,56.85283493904429,34.29248378107857,66.39442208861941,4.599621082848625,75.59751291824125,0
2026-08-14 00:09:29.100,0.8014133097683865,59.19537864911698,33.41487470952549,67.97533894925145,11.229725945732778,45.48486310332643,1
2026-08-14 00:09:29.200,1.6326590668503052,58.92513036046887,34.395128828334144,68.22899585305322,10.783920612260133,32.34603940692076,1
2026-08-14 00:09:29.300,1.0811369725238942,56.9804442130274,32.97384810099328,65.83346930932096,7.545962796052158,58.128955816789755,0
2026-08-14 00:09:29.400,2.184411523676315,56.95474613256224,34.040430719050406,66.35204616711594,11.417558940052317,70.92598717020803,1
2026-08-14 00:09:29.500,1.709584204830694,56.452638531707876,32.905747742769876,65.34285448082655,6.65833661160845,56.35248283658282,0
2026-08-14 00:09:29.600,1.3400400039562734,56.84498486465228,32.71228745294178,65.58541037964496,4.204743205705299,70.69640064999813,0
2026-08-14 00:09:29.700,1.2019328918730598,56.250324754800914,33.40404651764536,65.42116904163044,10.933895038999765,59.52402254750855,1
2026-08-14 00:09:29.800,1.4580129169745504,57.920059721856575,32.96277591579814,66.64291345866081,7.744271212581622,58.482211828132314,0
2026-08-14 00:09:29.900,1.745116296633316,56.04353677053087,32.26549223909662,64.66792097463046,9.805341809896003,43.78399180709465,0
2026-08-14 00:09:30.000,1.4898023485659202,58.11165100252127,33.35889903122504,67.0058215889806,13.462659774678219,53.424882689038604,1
2026-08-14 00:09:30.100,1.4131364771452573,58.14433140568504,33.59489995841591,67.15192162425514,5.83323778281111,49.64634851938668,0
2026-08-14 00:09:30.200,1.5233481163271583,55.86338302605461,34.52943934793998,65.67343256446058,7.569861485480074,49.23517135320018,0
2026-08-14 00:09:30.300,1.2584564275052181,59.08274076002061,34.269197833921815,68.30188998773221,12.708903513733143,46.953618464587194,1
2026-08-14 00:09:30.400,1.362717629262785,58.05486617056125,34.50070868507388,67.53270604569396,10.006195192565851,52.70736160950265,1
2026-08-14 00:09:30.500,0.6656830244379983,58.29928962004463,34.10604095787467,67.54279532283267,5.900651767386211,34.44386019035929,1
2026-08-14 00:09:30.600,1.889490492340947,56.79926111951074,33.80084599979209,66.09578847418362,5.134946889381564,59.740620791378895,0
2026-08-14 00:09:30.700,1.6195191121287047,58.188640161980366,32.556600700926836,66.67720819815437,6.415758079689963,39.467056486637645,1
2026-08-14 00:09:30.800,1.1906176623866278,58.70098921568305,33.66465521792482,67.66915948821509,5.784755885591365,46.996745299943505,0
2026-08-14 00:09:30.900,2.2594939925420956,57.48432208941006,34.02719331491349,66.80042792504798,8.712044358468592,53.96671871642198,1
2026-08-14 00:09:31.000,1.5348065921569547,59.59318767011683,34.72070948601744,68.97010717621212,8.2353035215928,38.872718979253854,1
2026-08-14 00:09:31.100,1.0855425712099214,57.64366456823515,34.10879079337878,66.9791137164541,8.837713262826053,26.402443252336965,1
2026-08-14 00:09:31.200,1.8426949685881833,58.74872045622843,34.55706754114992,68.15866102182224,5.477561595320653,45.40343986762991,0
2026-08-14 00:09:31.300,1.659219286603705,57.90927818548836,32.744163313845625,66.52566971544196,7.787498277424235,32.8268300889956,1
2026-08-14 00:09:31.400,1.6578319941936877,58.21012563354031,33.313628359491595,67.06874503631978,1.8329006781313506,58.547731192045646,0
2026-08-14 00:09:31.500,1.3296977581393639,55.961606555502414,33.92324386481133,65.44072037030392,8.4350189520841,36.15795712949449,1
2026-08-14 00:09:31.600,1.680198289511214,58.01232728380629,34.51352627994861,67.50269337708059,11.526321934867596,67.82186676450995,1
2026-08-14 00:09:31.700,1.3952966839115621,56.914633166787404,33.47358204415567,66.02844965147067,3.725762271961459,49.9304853291773,0
2026-08-14 00:09:31.800,1.7223765806583369,56.81154468472072,33.52880902697973,65.96766362568631,9.450284691942384,50.71009033513075,0
2026-08-14 00:09:31.900,0.7380222183957444,59.41038089741813,34.14947887257368,68.52576351741483,6.166956944718311,26.232424057464033,1
2026-08-14 00:09:32.000,1.3264506148083244,57.46084218734355,32.70407079952744,66.1158425170496,10.407503461080108,51.73835154620628,1
2026-08-14 00:09:32.100,2.188862039123278,56.67964532688414,34.895691934574536,66.56043501941757,8.475942353636837,49.03784099752096,1
2026-08-14 00:09:32.200,1.1931730178398798,57.33215025220451,32.91146025370188,66.10703191470898,9.214112337981323,34.41093158089436,1
2026-08-14 00:09:32.300,1.2584646810027253,56.39916637384521,32.08489842281284,64.88687598017715,8.194471696266321,51.0472200655617,0
2026-08-14 00:09:32.400,1.3208154646200099,59.14183579341714,33.632824401950586,68.03619344340157,11.984995419153059,45.22492387031092,1
2026-08-14 00:09:32.500,1.0140775456445428,57.02060530350809,34.98853859050522,66.89953110357148,9.042231433085307,47.39854618525568,0
2026-08-14 00:09:32.600,0.6166876895086991,58.253920704072016,34.1039349663439,67.50257519224674,5.883728857992646,50.31058114632855,0
2026-08-14 00:09:32.700,1.4077654405905549,59.08906220679242,34.24064572995217,68.29303838959193,8.29614515696301,44.34254944210158,0
2026-08-14 00:09:32.800,1.5543437696326627,57.2411375338211,33.6778827388672,66.4134595691168,6.893356871101852,52.95747952338642,0
2026-08-14 00:09:32.900,1.478997972584539,58.28164736976237,33.52787296467681,67.23740540553922,8.487199719558767,48.96133421178844,0
2026-08-14 00:09:33.000,1.4420485752208452,56.72787360503889,32.4188483002915,65.33784025254111,6.740690862899562,55.673221620638905,0
2026-08-14 00:09:33.100,1.517216348340155,60.21206395151075,31.85226762311489,68.11798292694341,5.9695677933610565,43.6559048723361,0
2026-08-14 00:09:33.200,1.9091365886203056,58.71100923946742,33.821795333663175,67.75615429987913,8.597816638245337,37.22096296479249,1
2026-08-14 00:09:33.300,1.4238215256283133,57.590357388543744,34.71981765185491,67.24667279440858,8.16736888584966,41.49357765874234,0
2026-08-14 00:09:33.400,1.270366969165092,57.018464818869326,33.95008609371743,66.3604827896201,11.191867535137543,67.31188122622135,1
2026-08-14 00:09:33.500,1.3875498060447655,57.685636719372404,34.178659584968834,67.05082739791202,6.755132362601561,61.47159831448096,0
2026-08-14 00:09:33.600,1.7317387039027103,57.467984272314254,34.95175483331111,67.26213185924784,2.0574384575140785,64.56054959118931,0
2026-08-14 00:09:33.700,2.0648107514173,59.76924727111902,33.95279511142456,68.73976443976618,6.908387604610061,65.39256749804264,1
2026-08-14 00:09:33.800,1.2487425043323286,56.599102717358356,33.59665838349787,65.8194035444529,3.120707723250269,44.40418331392157,0
2026-08-14 00:09:33.900,1.5395735148115535,57.967773585317204,33.044963452696145,66.7250506483781,9.247015922289728,53.549743224901555,0
2026-08-14 00:09:34.000,1.635342976774384,57.822968817847034,35.322554181066124,67.75823608081944,2.978306214953637,50.910068034175545,0
2026-08-14 00:09:34.100,1.1029687973084707,57.73223130658961,34.131023187483635,67.06666292176845,5.034886812757696,57.91446230709706,0
2026-08-14 00:09:34.200,1.5081668668851673,57.749359674449884,32.95990442489748,66.49318643671211,6.912996625175412,46.52998105722839,0
2026-08-14 00:09:34.300,0.9137304570631619,57.750240241721485,32.782852496864194,66.40636766009494,12.631851814283435,51.11568988509205,1
2026-08-14 00:09:34.400,0.7923798785042404,58.74771184062781,34.72723844612056,68.24422859556077,4.781329652855248,50.867257731436226,0
2026-08-14 00:09:34.500,1.6466985631569029,58.49196494324189,32.899834940923014,67.10967964505133,8.03721494943976,56.38714879898837,0
2026-08-14 00:09:34.600,1.3464501034676868,58.31022683057598,35.217856457523695,68.1203344567242,9.739929730871777,57.868606652859185,0
2026-08-14 00:09:34.700,1.5809121630484877,54.86566057951167,31.534619727321598,63.28248535079008,12.452181659662092,51.124052388082404,1
2026-08-14 00:09:34.800,1.4928420091966599,58.20777953827384,34.88286695669839,67.85985562830952,10.33338425516423,51.4878894087897,1
2026-08-14 00:09:34.900,1.109439980534481,56.26068002639434,34.139307480868226,65.8084829813421,11.281720854897396,52.71077624898445,1
2026-08-14 00:09:35.000,1.4818982792142654,58.57097427215399,33.8496680038564,67.64879194162025,10.592921176554624,69.75861704747652,1
2026-08-14 00:09:35.100,1.0067594779940578,59.407486199042424,33.619426550849745,68.26064208676473,4.372631085811583,29.24002650419682,1
2026-08-14 00:09:35.200,2.0563889432005604,57.015084441337095,35.27737801123062,67.04635152788,9.079076312951141,38.3638440653863,1
2026-08-14 00:09:35.300,0.9576118620560145,57.68787755403669,34.33544205254861,67.13280716336428,10.545982856516668,58.084155157351304,1
2026-08-14 00:09:35.400,1.4216858916125674,57.358637293780134,33.05223291218352,66.20017653058527,5.13049913097794,53.23741278606909,0
2026-08-14 00:09:35.500,1.0830913647811007,59.201759497043675,32.404668667949025,67.49007985641563,6.260720369827932,53.15299460181052,0
2026-08-14 00:09:35.600,1.7281684693443182,58.069690329012694,33.926635236762216,67.2540371531386,5.590423114618831,58.009945984560275,0
2026-08-14 00:09:35.700,1.3674274514873987,59.711326546760695,33.78894139288669,68.60856417697298,10.3178689579041,52.56791471748516,1
2026-08-14 00:09:35.800,1.292533312151516,58.40508609159549,32.57890470328846,66.87704473907793,7.792156639012604,43.28861025860932,0
2026-08-14 00:09:35.900,1.8412806180206218,58.242116791737665,33.75548514627524,67.31698853813069,7.037462316994709,57.5457096812991,0
2026-08-14 00:09:36.000,1.511772236671021,58.076208116158426,33.345653093673995,66.96848907803577,4.1549902500410365,50.25064595598894,0
2026-08-14 00:09:36.100,1.706657778374387,58.83432815526667,33.81723368825096,67.86076527572747,7.797817240418623,44.62907385332536,0
2026-08-14 00:09:36.200,1.107469625393014,56.286984580217734,34.39554135639657,65.96421680224253,6.297234935045752,58.284327494934935,0
2026-08-14 00:09:36.300,0.9380732224289973,58.11834945643732,35.01389125852132,67.8506825654991,8.730018695792488,57.812406299383994,0
2026-08-14 00:09:36.400,1.5428831848160534,57.971293779642586,34.551915363117764,67.48707845021653,4.5710984040636475,52.57719789920951,0
2026-08-14 00:09:36.500,1.3724614578021075,58.77509377298207,33.25265236763042,67.52962710918307,8.533718778518601,70.60542984793469,0
2026-08-14 00:09:36.600,1.7505738689815777,57.870308062404,34.129937904030186,67.18500737940346,6.683147688503538,65.92192081724342,0
2026-08-14 00:09:36.700,1.46803661893498,57.027609956569115,33.89029233163269,66.33777364128301,4.2521092227945605,62.02228632864562,0
2026-08-14 00:09:36.800,1.582030135693852,58.082029788105224,32.779104304206605,66.69326700119284,4.0181478863655595,80.79638687370496,0
2026-08-14 00:09:36.900,0.8506469880235026,57.000173306770925,34.16839452913738,66.45674489245397,4.468938835931917,48.2424391760274,0
2026-08-14 00:09:37.000,2.2553747758457026,56.166086345505526,35.34014700518998,66.35928906882005,7.380802827678373,44.42239604820688,1
2026-08-14 00:09:37.100,1.4343032059871872,58.82680576203225,33.885751251677654,67.88841737774158,8.362986303090501,60.32435719164031,0
2026-08-14 00:09:37.200,1.7790347881356796,58.687079575695165,32.589464658019985,67.12858195895627,8.809470897131543,46.96838842406863,0
2026-08-14 00:09:37.300,1.1655633319121494,58.58344366944781,33.89402657215944,67.68179156498161,8.922658753185344,50.14313258777387,0
2026-08-14 00:09:37.400,1.6232039608869364,59.42761586985379,32.90384270956619,67.92867136217792,5.724430217062399,38.16896041099634,1
2026-08-14 00:09:37.500,0.9788620945901019,57.4679902800578,34.57069770772607,67.06491666160329,11.175208724285527,57.279913492557526,1
2026-08-14 00:09:37.600,1.6808271353038684,56.71024275004421,34.30470612906939,66.27868809331362,6.673323421975541,32.34791305354868,1
2026-08-14 00:09:37.700,1.3576103662456669,58.07966183846116,33.753086926381734,67.1752781633979,9.350449280179197,48.842741346087564,0
2026-08-14 00:09:37.800,1.5116762015742269,57.81052603801704,33.62988438994911,66.88068514058142,7.507533699518549,49.81573114981092,0
2026-08-14 00:09:37.900,1.779189612052039,57.32406534340662,33.73002919481358,66.51137750023021,9.126863695109124,44.76753389096202,0
2026-08-14 00:09:38.000,1.0069838755118878,58.094846629142644,33.91143706505212,67.2680962171563,7.357015801565259,28.913422896062002,1
2026-08-14 00:09:38.100,1.226203307754881,57.571425358879594,33.29203028597728,66.50434796624559,9.180904629723699,28.824426874706596,1
2026-08-14 00:09:38.200,1.6829297124347062,56.35535994418108,32.804616671721604,65.20789422621164,7.977833390359029,41.0459311199384,0
2026-08-14 00:09:38.300,2.3392885898186986,57.7585232591979,34.83077912735072,67.44798131672731,10.441521711952067,56.46860394514477,1
2026-08-14 00:09:38.400,1.4447670661354073,57.07165950574154,33.616500022269676,66.236269463841,5.543944870366405,53.46709833730333,0
2026-08-14 00:09:38.500,1.736454447169573,58.448017466510066,34.06345612027481,67.64975823033924,2.6903259923282654,49.8027756940263,0
2026-08-14 00:09:38.600,1.457211412056608,57.56866935911223,34.163048031345724,66.94225528446754,5.07992774169771,39.38493816779027,1
2026-08-14 00:09:38.700,2.27689823790252,59.34467031394768,34.19743968760815,68.49273520497441,11.2067552457141,54.093586655133294,1
2026-08-14 00:09:38.800,0.8011113332138977,59.84523962952824,33.00576973967749,68.34349670908175,7.536323540336781,28.41164866353298,1
2026-08-14 00:09:38.900,1.5378484178677432,58.929089657726024,32.609152839187,67.34979180946122,8.276186886639687,21.241406211536265,1
2026-08-14 00:09:39.000,0.8497823865751756,56.70701682518454,33.48387178454713,65.85480564769554,4.839090157860839,47.08314138541994,0
2026-08-14 00:09:39.100,0.4973713717853132,59.771573728500634,34.276395863706526,68.9021940099668,8.196661175450835,43.44738343883566,0
2026-08-14 00:09:39.200,1.6189848212471265,59.85043290244911,33.38246757726576,68.53074828248822,4.931562067781911,62.158055571769495,0
2026-08-14 00:09:39.300,1.5557991184589834,58.30183768583702,33.68589122175806,67.33382170165156,5.372656174841735,51.89580533327401,0
2026-08-14 00:09:39.400,1.3860652249031196,59.61430805731836,35.67666706918935,69.47438591537627,6.792548951528359,69.80882371999822,0
2026-08-14 00:09:39.500,1.4575223639840988,57.74804148138989,32.503490863818314,66.26698433813515,9.335291773526436,43.421419175654485,0
2026-08-14 00:09:39.600,2.739319773628503,56.441805407040725,33.3808036084058,65.57404552983756,9.65554274192753,55.841267498265935,1
2026-08-14 00:09:39.700,1.3967299447874262,57.556101625722455,35.50711489346558,67.62736164015462,9.73713469381351,46.97267444701244,0
2026-08-14 00:09:39.800,1.70404974450003,60.05402165284256,33.9591535344825,68.99064882618976,3.235747654866878,66.58063668957365,0
2026-08-14 00:09:39.900,1.2402540721544475,56.841975585640064,33.43504517315179,65.94628446098538,7.980006498829216,47.55139463451104,0
2026-08-14 00:09:40.000,1.6180930300162413,58.34091151363677,34.93984927263207,68.003345678255,7.409654499851792,60.252881361749175,0
2026-08-14 00:09:40.100,1.404706529977753,58.38386884749924,34.0540193216803,67.58958775997503,3.4034527517556334,37.06857242571007,1
2026-08-14 00:09:40.200,1.3357926069081079,57.84508543264495,33.73618908993246,66.96405276729949,8.047951300166595,45.017448282415465,0
2026-08-14 00:09:40.300,2.22755941288013,57.922872799229395,34.17373178106992,67.25253257060449,7.248718347689716,48.9914790568704,1
2026-08-14 00:09:40.400,1.9708739852737356,58.44697825575645,33.49835042540594,67.36608010306196,9.534577016353662,65.16101047955361,0
2026-08-14 00:09:40.500,1.5546986589596923,57.82090150203926,33.215845456073936,66.68244926418281,8.243741228719408,23.633756707903533,1
2026-08-14 00:09:40.600,0.5783152256224132,56.9693400692598,33.943961597748846,66.31514334506424,6.352038409150241,46.00826664265065,0
2026-08-14 00:09:40.700,1.3555963106989721,58.61476523182493,33.231042405268084,67.3794692953475,10.777287351370932,45.602238482872394,1
2026-08-14 00:09:40.800,2.5812110257620335,59.48143459378019,34.05339545623832,68.53958566721208,1.3362994976746272,25.076317731267437,1
2026-08-14 00:09:40.900,1.4077353333441167,59.28597525244238,34.333366894252855,68.50990398423127,7.8072046147111696,44.43157087103822,0
2026-08-14 00:09:41.000,1.9412870288214632,57.61500198885289,34.737290838586915,67.2768000798202,2.710247204024192,31.511994425704472,1
2026-08-14 00:09:41.100,2.0767769607810402,57.181844263318766,34.962183295631334,67.02326144072492,5.263420186381641,22.032038263551293,1
2026-08-14 00:09:41.200,1.5875855663423901,58.15721901899541,33.740254939384315,67.23590504632216,9.574441109028049,46.852246058056124,0
2026-08-14 00:09:41.300,1.163271347252739,60.01753313339959,34.46937666051362,69.21157569932271,4.177407558677591,46.446258550353704,0
2026-08-14 00:09:41.400,0.5258750672868446,59.10367442501722,34.468864564599684,68.42036944442167,3.7288465438881957,47.06055700448801,0
2026-08-14 00:09:41.500,1.7736652834435818,59.17037574530565,34.34210161375964,68.41427708519946,15.145834950246872,53.03429895078022,1
2026-08-14 00:09:41.600,1.1740975988705808,59.364602742750655,33.701279945818726,68.26369700500436,3.9221328457395064,39.44723812143562,1
2026-08-14 00:09:41.700,1.5704601807550769,58.903847075937485,33.26739405808006,67.64896679004794,12.95156270926392,71.49027216135104,1
2026-08-14 00:09:41.800,1.0000718641642543,58.61202378348622,34.496450652776836,68.01010542291067,7.483393506262218,49.60047190242196,0
2026-08-14 00:09:41.900,1.393904983811919,59.16205685497435,32.73435992524139,67.6142536084402,6.425512635683074,65.43716555673781,0
2026-08-14 00:09:42.000,1.5134876219604212,57.961918576562105,33.89057926241343,67.14279833174919,9.700359171764614,29.84120910213546,1
2026-08-14 00:09:42.100,1.6074374324177192,57.101956391867546,32.06694682942145,65.48986564911921,12.009782226633497,39.98564419889751,1
2026-08-14 00:09:42.200,1.0540711250590342,59.247751060311934,33.045730536725955,67.84037376378903,4.561796173675015,58.235777660530765,0
2026-08-14 00:09:42.300,1.9787643795045409,59.77082695389058,33.41814615812687,68.47864081155424,6.469250630814409,47.281228691864804,0
2026-08-14 00:09:42.400,1.2612420861072113,57.423191631239064,35.00223350846049,67.25012481548862,10.540609204052757,37.1218473515244,1
2026-08-14 00:09:42.500,0.8302122158187019,59.37167977546474,34.68034139535272,68.7584354000187,8.863982937281,27.936441216271025,1
2026-08-14 00:09:42.600,1.4563906320146145,60.23885872889077,33.69170806222776,69.02065845172474,11.305753491924147,58.79844406688438,1
2026-08-14 00:09:42.700,1.5137501236105841,58.5641815361992,34.723352478877594,68.08431953377568,9.545335863295339,57.81922705938626,0
2026-08-14 00:09:42.800,1.564235773268704,57.75676027566832,34.85495584695036,67.45896015084932,13.424672027447444,52.91984829703074,1
2026-08-14 00:09:42.900,2.0448529614740316,58.70611585639056,34.02132643101851,67.85174051614203,8.53576579650095,44.049125710569,1
2026-08-14 00:09:43.000,1.4054204653056563,58.040897937116846,33.04735662781958,66.78977177257836,8.665433444992885,36.642919668442346,1
2026-08-14 00:09:43.100,1.4521521502524914,57.98303651781489,33.99353012860989,67.21303902094417,8.965164116047397,49.36422152123958,0
2026-08-14 00:09:43.200,1.0587262475067627,59.041285417496574,34.086546885997315,68.1745264916566,7.572533444820326,34.216176756255194,1
2026-08-14 00:09:43.300,1.8282214011551587,57.01270659764888,33.18389813094309,65.96680838690321,10.544261476402774,40.98099103322492,1
2026-08-14 00:09:43.400,1.5737236256312415,57.18084187264029,34.468499911423486,66.76620524942012,8.711123671589078,65.13500697679459,0
2026-08-14 00:09:43.500,1.331988909082335,58.6523963979602,34.40371279399364,67.99793421299692,10.364540027435432,27.78997084242297,1
2026-08-14 00:09:43.600,0.7381301226138145,58.61913170112757,34.54089830393935,68.03878494680237,10.83349956087248,58.13033392280441,1
2026-08-14 00:09:43.700,2.077764878022035,58.99332953953368,34.4130034552302,68.29690869263193,9.285364044680982,67.93035141738996,1
2026-08-14 00:09:43.800,1.0089280142175772,60.53333507343087,34.77874023906048,69.81293166547513,9.50514897270259,59.79511663259184,0
2026-08-14 00:09:43.900,1.2634887962521177,58.77095844347705,34.05640422214232,67.9254313560603,4.969010637210399,54.778554541117806,0
2026-08-14 00:09:44.000,1.6433378044304012,59.272951280189766,34.36629556380975,68.51514448822887,6.348939236540536,44.43712584594651,0
2026-08-14 00:09:44.100,1.0213768285533253,57.707580916694084,33.89167608398881,66.92391652495253,10.530150358972195,42.249343346791846,1
2026-08-14 00:09:44.200,0.9025960886987426,59.45938623827899,33.747269772359914,68.36882936632217,12.27089354545554,23.02242960724015,1
2026-08-14 00:09:44.300,0.6504209669197341,58.17339243210552,35.29046968293939,68.04087622526782,2.1787093234749193,50.44408016320777,0
2026-08-14 00:09:44.400,1.7883987811622544,58.77953885225103,32.58985585058077,67.20961904403953,6.296410558245755,45.173114615250874,0
2026-08-14 00:09:44.500,1.281925502109471,58.60760411705452,34.93127963659763,68.22789427639964,8.07086180724395,41.623587095817115,0
2026-08-14 00:09:44.600,2.6709080369893323,59.757761699491454,33.73843977838993,68.6241386249274,5.362176613757967,49.759027653451845,1
2026-08-14 00:09:44.700,1.1022579737476506,57.423145632656166,33.63984277010421,66.55115833662529,5.532441067454951,50.74843376245586,0
2026-08-14 00:09:44.800,1.1314195906284314,56.45821827486987,34.454136132943276,66.14089436528839,9.424759621381414,42.37331243159535,0
2026-08-14 00:09:44.900,1.2738428118858394,58.536358934850725,33.058187289282394,67.22610403855745,12.7441279075143,69.35696940172144,1
2026-08-14 00:09:45.000,1.5972538620553955,59.22665761129752,33.60205735507848,68.09475185577703,1.9045293310335776,58.76723334934909,0
2026-08-14 00:09:45.100,1.3119186644858756,58.918730452653634,33.58056492889729,67.81645183210591,7.4885715530549115,60.755342700479346,0
2026-08-14 00:09:45.200,1.744932885601005,60.00700003671379,34.08775887303185,69.01315351722548,9.389841025371163,48.76036659632709,0
2026-08-14 00:09:45.300,1.1085646440045382,59.22050319593329,33.626568162523625,68.10149840619069,10.340641916600724,56.13482878713371,1
2026-08-14 00:09:45.400,0.9473633126145675,58.22761691234751,35.555774095035844,68.2251305809547,8.957382029207116,39.25154479281724,1
2026-08-14 00:09:45.500,0.780714104236357,56.47437981252143,35.717493193195025,66.82136555933934,13.284207649808346,57.99510248300368,1
2026-08-14 00:09:45.600,0.6105703328251213,58.57082245491963,32.66728599527047,67.06484039601162,8.086719779977383,47.54716871223513,0
2026-08-14 00:09:45.700,1.2927723922099772,59.844428413826385,34.725339810753745,69.18962954915939,11.935978371176292,37.736197579828094,1
2026-08-14 00:09:45.800,1.3796078750427112,58.432756351355216,34.98181323167547,68.10370233542864,6.060896988962092,49.726799945369244,0
2026-08-14 00:09:45.900,1.2474251890067267,58.86145912015384,34.73427147579853,68.34574591522147,8.173948839766549,46.49535163700133,0
2026-08-14 00:09:46.000,1.9973623188748648,59.26283383323652,33.77839335288454,68.21336622281588,4.361854772603448,77.876831926651,0
2026-08-14 00:09:46.100,1.991212083843254,57.834515927133744,34.11460853110331,67.14639042983855,10.702593321646983,55.22473098175894,1
2026-08-14 00:09:46.200,1.3660788050221992,59.48137892047612,33.71626609048023,68.37266293896506,7.638671412076471,68.95660960937866,0
2026-08-14 00:09:46.300,0.7824315547232148,60.503599536292754,33.98367542284757,69.39434956892052,9.073463187559694,63.57544527630472,0
2026-08-14 00:09:46.400,1.2733179567779789,58.70199911685138,33.35691545831313,67.51746817830087,7.059894106144779,50.45336719756999,0
2026-08-14 00:09:46.500,1.2600714424331754,57.75408276936622,34.238057257411484,67.13999286038532,9.759285504977047,44.675369564839464,0
2026-08-14 00:09:46.600,1.2371460150887768,58.8248808866303,33.13264777914731,67.51399084769969,9.192301921567257,29.117281025596125,1
2026-08-14 00:09:46.700,1.220912438440702,56.675432527497144,34.1797823382811,66.18430458100435,5.016045710086381,39.54867739202312,1
2026-08-14 00:09:46.800,1.238614841710077,59.24505462253637,33.346025463856044,67.98480647514894,5.189697702250969,57.95304149305057,0
2026-08-14 00:09:46.900,1.3453833536408961,59.368760458662074,34.51534473804123,68.67283845002935,7.916693808975944,46.37443537855157,0
2026-08-14 00:09:47.000,1.2457835604737773,60.600457097312805,33.81135683332603,69.39469180934341,9.978721872219971,54.5098439088613,0
2026-08-14 00:09:47.100,1.583329003450237,58.73916073335435,34.59235759385223,68.16832261072429,13.588686659341542,25.63669818383196,1
2026-08-14 00:09:47.200,1.6441474863619445,59.3499755865212,35.230158731716664,69.01871982572999,8.908972569997188,55.44217818916848,0
2026-08-14 00:09:47.300,1.135741965127004,58.08853686844257,35.64145253138085,68.15123809633312,11.02259420746562,63.15777868639143,1
2026-08-14 00:09:47.400,2.0084261304028135,58.601732572757136,32.35249214475293,66.93912763477908,3.1614471957074937,28.69090052232496,1
2026-08-14 00:09:47.500,1.1079750792637544,57.44130897907375,33.71254137434255,66.60359917561647,14.038867548301948,54.458766876281594,1
2026-08-14 00:09:47.600,0.8528797544738651,58.780039516906456,34.14242862122421,67.97645531920942,9.817058633387578,66.12241584330152,0
2026-08-14 00:09:47.700,1.6523112285460206,58.67785470712487,34.75816057109125,68.19985600656514,7.851186466523661,70.16103979207358,0
2026-08-14 00:09:47.800,1.1730367462342641,59.29069834918607,33.07461554653469,67.89195169005859,7.505911857626224,43.95801114970448,0
2026-08-14 00:09:47.900,1.628516588302955,58.37623642521828,33.614226057890384,67.36246115340455,4.678400606423005,59.3591641353384,0
2026-08-14 00:09:48.000,0.5385325595597878,59.091513378979755,34.50918657892849,68.43019006080168,5.536139612839487,67.15747784006498,0
2026-08-14 00:09:48.100,2.056982376593227,58.683122694850745,34.47781224349638,68.06194550787316,13.731306896400241,54.816576689364545,1
2026-08-14 00:09:48.200,1.7689173632161608,58.693338084612634,34.71699720888336,68.19221239053807,5.032986685141962,65.42093106796173,0
2026-08-14 00:09:48.300,0.8998093803347993,59.11353452132892,34.774843898730026,68.58352376325809,4.975196726400965,49.5696601599404,0
2026-08-14 00:09:48.400,0.9084891504614857,59.08202986013664,34.69577969718448,68.51630011310912,5.893338541773263,54.73176972524956,0
2026-08-14 00:09:48.500,2.168906361639011,59.81101567932501,34.58482923746922,69.09028882540127,4.405457741116182,42.54068928245357,1
2026-08-14 00:09:48.600,1.2050480386008164,58.93753332859728,34.479497636297374,68.28227143344715,8.04591972453653,48.02479810791489,0
2026-08-14 00:09:48.700,1.1663260605069505,58.71662573605785,34.971717122888,68.34225000943113,11.266731537995717,55.20459403851636,1
2026-08-14 00:09:48.800,0.5935791623402868,58.89403836254738,32.653449351329385,67.34059332370806,6.1685230211838995,41.64056809945079,0
2026-08-14 00:09:48.900,1.3596887177593784,58.36851641324735,35.685375107629994,68.41293521590623,3.8800271607175354,47.31696352231095,0
2026-08-14 00:09:49.000,1.4089121540656988,58.731604158975415,32.691323510821,67.2169916016459,8.875583939043961,59.130484171361644,0
2026-08-14 00:09:49.100,1.786197238707794,61.13100868806906,33.59658053147391,69.75478798353979,7.832676986960561,74.6306903981132,0
2026-08-14 00:09:49.200,0.9403686287262097,58.195505936753705,34.28350218114963,67.54313757177428,11.008173650244874,25.406738100217115,1
2026-08-14 00:09:49.300,0.8918852831037561,58.837863086024,35.008001964813865,68.46498619073925,6.636475102093189,73.71892000788341,0
2026-08-14 00:09:49.400,1.6803850539105907,58.73736547908736,32.078698972774546,66.92623574660217,7.219529661119974,46.881538826926786,0
2026-08-14 00:09:49.500,1.902692028490826,58.8860172525664,34.457413859733016,68.22665459899429,7.5514089063701935,61.57879842832862,0
2026-08-14 00:09:49.600,0.8715390595528467,58.81028427838614,35.11883018389131,68.49804209165097,8.267012331660446,63.933112399900885,0
2026-08-14 00:09:49.700,1.9326056345198965,59.42909841093928,35.28552947865375,69.11502245189571,6.82231496792723,68.77396128728657,0
2026-08-14 00:09:49.800,1.5150167365947287,57.448017930780225,33.93705209250525,66.72329629825448,6.336067675861973,41.26445762324251,0
2026-08-14 00:09:49.900,1.9367221356298583,60.20369922715777,34.259248423211446,69.26890718899348,2.4488669453544762,47.29674430258642,0
2026-08-14 00:09:50.000,1.4719118553929533,59.80744527672171,34.0119989831336,68.80222805517815,6.303838372639649,49.35684681256516,0
2026-08-14 00:09:50.100,0.49108883300481976,57.94032561347012,34.19577859689909,67.27876786953729,10.145669804245255,45.710793890031866,1
2026-08-14 00:09:50.200,1.4392130470735844,56.92245464903459,33.68945791260945,66.14488202209513,10.550736558106657,65.82513169806967,1
2026-08-14 00:09:50.300,1.9240575274685079,58.22279449829933,33.80851825668771,67.32688694647912,6.586660929226098,49.07806758786241,0
2026-08-14 00:09:50.400,1.1425015923665143,58.96553490546736,34.87242235775938,68.50562128603642,11.898457994545286,30.57742802229957,1
2026-08-14 00:09:50.500,1.3448140124370191,61.79682798803899,34.63521395222713,70.84099092262775,7.913887784898936,42.403834132234834,0
2026-08-14 00:09:50.600,1.4295465985796088,59.76812777677624,34.928191693153565,69.22577318379862,3.986460884552156,31.059199679637437,1
2026-08-14 00:09:50.700,0.3401944480526071,57.425615885074244,34.711134832314094,67.10114932791524,3.042847830637233,47.25993455967991,0
2026-08-14 00:09:50.800,2.1685390301749905,58.55188475180851,35.10839503494375,68.27094997082382,11.65477376785918,58.07059609481524,1
2026-08-14 00:09:50.900,1.1394497280411302,59.1966625428902,35.252496186021915,68.89835515861253,6.880988824216779,42.14627993235573,0
2026-08-14 00:09:51.000,1.7022941729891197,59.511893255915034,33.161552525077276,68.12748347603105,4.357806430782263,45.16360442438508,0
2026-08-14 00:09:51.100,1.4653195455407164,57.95179556376025,33.876478934110914,67.12694268352405,1.2221714856933952,46.70281649194167,0
2026-08-14 00:09:51.200,2.003047622543744,59.13988891854735,34.379826721922626,68.40686330133508,6.812851667374571,51.68890992602294,1
2026-08-14 00:09:51.300,1.6624224489712325,58.56557473136762,34.55178630099702,67.99817997715212,9.214252576989084,56.19299334362629,0
2026-08-14 00:09:51.400,1.40603029139161,58.18779002882958,34.038856695804725,67.41262992642172,5.906926567861387,59.687065135224415,0
2026-08-14 00:09:51.500,1.1425939629922879,59.5594789605846,35.30954892512203,69.23940914935586,4.840264519598385,77.06620379523827,0
2026-08-14 00:09:51.600,1.8191402805528556,60.0820952097822,36.16888951643612,70.12878676869789,6.351872694179818,51.48195117200087,0
2026-08-14 00:09:51.700,0.7506234784181532,60.15759403575475,34.73886121974127,69.46743552928321,11.729576057434567,58.82951664775658,1
2026-08-14 00:09:51.800,1.758356168110357,59.89927383238074,34.6624053145067,69.2055297489563,3.8210551469744285,30.949319027860703,1
2026-08-14 00:09:51.900,1.0603820993780508,58.83585267056035,35.27949832630383,68.60248218269918,6.074896908732448,45.44980417321359,0
2026-08-14 00:09:52.000,2.000913464782656,60.05610668761786,33.11226235152987,68.57957325990795,11.632273218852772,46.75499727845512,1
2026-08-14 00:09:52.100,1.564519817065078,59.65894608671238,34.63271014151559,68.98271131177356,9.48252886827126,37.79222133215475,1
2026-08-14 00:09:52.200,1.7576495071400435,59.492168254013855,35.39816448301112,69.22678767883285,8.53738344133687,43.56808722358957,0
2026-08-14 00:09:52.300,1.5327955255298877,58.75486797181378,34.105413458348465,67.93610039993587,6.054661593751254,48.710183388132464,0
2026-08-14 00:09:52.400,0.7990491619436013,58.878019688627795,33.643689025660024,67.81238097655736,8.091514443501284,43.94403951002231,0
2026-08-14 00:09:52.500,1.1557083346418646,59.457117474547616,34.48129383497402,68.73214999486028,6.3865127946400975,81.22201025405792,0
2026-08-14 00:09:52.600,1.768955735044553,61.83143972786231,34.58639080996455,70.84733846856825,5.421841606787747,56.14730409893276,0
2026-08-14 00:09:52.700,1.5666623269439377,59.70114246342194,33.913018164465974,68.66090017223195,4.759827574094779,74.01227286631203,0
2026-08-14 00:09:52.800,1.9723959621222689,58.79704620353401,36.32186984431134,69.11129336980756,10.352286789117496,67.91181414600806,1
2026-08-14 00:09:52.900,1.6613098252148686,58.58417998326859,34.26698455213647,67.86996666131763,7.818781603351593,42.329046398595366,0
2026-08-14 00:09:53.000,1.113319243718936,58.933137538035574,33.73201500927381,67.90407599447099,8.943541231408089,50.45072560903774,0
2026-08-14 00:09:53.100,1.1815743449117464,61.61053232069459,34.585046268630826,70.65396746285865,8.455019557404212,44.78210454710508,0
2026-08-14 00:09:53.200,1.541166956209295,59.0423169496533,35.39123266752315,68.83701432013211,9.322756483425078,48.05812688856402,0
2026-08-14 00:09:53.300,0.5743823735999578,60.35677885266329,34.68387639003039,69.61258531981275,7.235843630042325,38.28279596973523,1
2026-08-14 00:09:53.400,2.169376754249194,59.08231479503539,35.06342096033925,68.70344540837537,6.555027646836278,44.701576049957325,1
2026-08-14 00:09:53.500,1.676698694551023,59.727762304240116,33.982738182309774,68.71849885030392,5.554159011826632,54.314226578398866,0
2026-08-14 00:09:53.600,1.9908138388195489,60.266657759422955,35.87509824837135,70.13624392439128,3.758092599778659,53.99746468330645,0
2026-08-14 00:09:53.700,0.8677584236763324,58.91134435805805,35.13931714705554,68.59532129551584,4.633900488131251,53.0408439825952,0
2026-08-14 00:09:53.800,1.9978260641421022,58.85047027616895,35.53311041329512,68.74576195933584,6.9037468366993355,49.283902101397295,0
2026-08-14 00:09:53.900,2.3925995644110993,61.15878634723079,34.992078497645416,70.46163995431559,3.190881546693565,60.328909102843284,1
2026-08-14 00:09:54.000,0.971648657849073,60.492844270125,35.36485805532055,70.07180169770552,3.8531422875919095,46.915483687057545,0
2026-08-14 00:09:54.100,1.8085607179615066,60.30725841637367,34.01150961086799,69.23689914857134,11.126419677905533,66.69862807713939,1
2026-08-14 00:09:54.200,1.5004439778749172,60.3121971132596,34.32182415873037,69.39415489946893,8.672538454561376,27.828829315789253,1
2026-08-14 00:09:54.300,0.8822264607007022,59.99283103090149,35.797137801999085,69.861111141447,6.644489815389438,57.88173228770907,0
2026-08-14 00:09:54.400,1.6971535887407478,61.559366078219234,35.97274771685368,71.29932769846158,14.814723376713681,55.860453346968285,1
2026-08-14 00:09:54.500,1.8334412819349395,59.59383328937507,33.812302512723484,68.51785728796366,3.0552508438609136,41.905201312981404,0
2026-08-14 00:09:54.600,1.2595493789324612,60.13552207715257,34.93474468026205,69.54651250326505,10.926833829385465,45.737227677736676,1
2026-08-14 00:09:54.700,1.9663666081020892,58.11568150381138,34.39520161905506,67.5311952438863,7.665601751661752,55.57749126930844,0
2026-08-14 00:09:54.800,0.8332946372843208,58.7499684682679,34.187332317423596,67.97302763600007,10.355141068738435,60.99122296578499,1
2026-08-14 00:09:54.900,0.9020975414201423,58.38244487747784,34.97783008267209,68.05849298334499,8.326861151812421,29.00644198002672,1
2026-08-14 00:09:55.000,1.554638958235501,60.86566218328277,35.667729505752305,70.54655031328613,2.383264813264227,57.53895281185106,0
2026-08-14 00:09:55.100,1.5101541111889087,57.04739317019962,35.12128997195958,66.99186575107315,8.286381402676485,44.50818577330932,0
2026-08-14 00:09:55.200,1.2133706046303578,59.20595802192138,34.50935086686924,68.52912346255573,9.006667563918795,63.50347729158264,0
2026-08-14 00:09:55.300,1.8238377743887544,56.62289616446723,35.18185060422484,66.66269557998712,1.4240441044267582,27.928697434205873,1
2026-08-14 00:09:55.400,1.7123577256863798,58.7936495940997,34.48698155488424,68.16190379794791,13.832144881405695,79.34358758145449,1
2026-08-14 00:09:55.500,1.8432556283736063,59.14232326230347,35.10965476780569,68.77864682281343,8.933622782518317,39.36632080383083,1
2026-08-14 00:09:55.600,1.450745425859093,61.02647802828312,35.902136721058035,70.8039154402782,10.015963220409486,67.15953424147614,1
2026-08-14 00:09:55.700,1.7410321071913364,60.04656959616428,33.12823726672504,68.57893717948266,4.503411831271065,49.169784563206,0
2026-08-14 00:09:55.800,1.3217398787880021,58.82513485606759,35.432767666469964,68.67224705323525,10.071852566436855,40.17599915359844,1
2026-08-14 00:09:55.900,2.321527476034638,60.732574821582126,33.56872272385382,69.39239720437716,11.268513378689168,53.18136806457694,1
2026-08-14 00:09:56.000,1.1749816919512057,59.692778078833804,35.787629663017995,69.59872262955857,8.760704684413538,62.34950533947642,0
2026-08-14 00:09:56.100,2.342118971783325,59.72084740546504,34.30034784015639,68.8701203482509,7.971885324437706,31.36754239106285,1
2026-08-14 00:09:56.200,1.5139551788357635,58.48894376143954,33.84083205944173,67.5733561161807,5.319235625304751,58.41906619144412,0
2026-08-14 00:09:56.300,0.949795644172503,58.70993627776213,35.376185376670165,68.54437328872022,7.351379246650023,49.85385801611492,0
2026-08-14 00:09:56.400,2.0472317401954405,58.88318741417349,35.11630687898534,68.55935216198992,6.463911457222159,56.924528990796006,1
2026-08-14 00:09:56.500,1.5503605553579836,59.76308070972694,34.030622139574334,68.77288025903687,9.715986912178053,50.13170428806776,0
2026-08-14 00:09:56.600,1.8404496393520953,59.80283988600718,33.832572689681186,68.70969824729237,5.450372224647792,43.13757393494415,0
2026-08-14 00:09:56.700,1.9895423674170374,61.27738154500429,34.689988138895124,70.4152878719438,9.693952164510673,36.64252098353745,1
2026-08-14 00:09:56.800,1.63518222165801,60.126678771871816,33.88170460222344,69.01584895433939,5.483043311811031,58.0717413445643,0
2026-08-14 00:09:56.900,1.2631036620748741,57.04239263271562,34.000796617493734,66.40699306465444,7.212942337519944,58.007263906386015,0
2026-08-14 00:09:57.000,1.8902853510677,60.020935036713155,34.94747246164203,69.45385859791067,9.84813319103845,57.9472669722897,0
2026-08-14 00:09:57.100,1.5003022029818383,58.31661141512768,34.08727935537305,67.5482774080453,5.888609840041868,55.131155833286876,0
2026-08-14 00:09:57.200,1.7743431274433676,58.80899156913741,35.20620892827061,68.54177293067285,9.951609466932805,61.33638646207364,0
2026-08-14 00:09:57.300,0.6385077704834154,58.97112774447637,36.0620932064284,69.12357393743817,9.658982473014104,66.8728313572357,0
2026-08-14 00:09:57.400,1.678792686803941,59.12829361514414,34.75613483127341,68.5867626750844,7.187147979869169,27.482985831121784,1
2026-08-14 00:09:57.500,1.2445656699419878,58.42481726906988,34.98410084625458,68.09806594129613,11.485349604067368,21.898430673570942,1
2026-08-14 00:09:57.600,2.161323854871412,60.01178338701621,36.49945821640675,70.2397650578458,8.233353025931343,70.61536831855574,1
2026-08-14 00:09:57.700,1.749234939155638,58.4058338209267,33.93990076970872,67.55115312543066,11.30682957975605,33.90744182497773,1
2026-08-14 00:09:57.800,1.5959430983397187,60.181638435721254,35.84797065322744,70.04931551958619,13.380394774631537,36.96508055852456,1
2026-08-14 00:09:57.900,1.6945239973400885,62.07027662798678,35.75666940888508,71.63280427214266,7.276096934896065,46.54862825750091,0
2026-08-14 00:09:58.000,1.1006236588493126,58.512281214444826,35.588438035366366,68.4852098975785,9.93486495208219,30.152341055442772,1
2026-08-14 00:09:58.100,2.1493026762112217,59.56546469149341,35.94338327808569,69.5699028703427,6.087296224031373,45.42095963230835,1
2026-08-14 00:09:58.200,2.296548167366762,57.33485235577391,35.139445803738724,67.24630804774552,4.901556771475406,38.62273587052802,1
2026-08-14 00:09:58.300,1.6571654042192865,59.56570914776999,34.45364306796466,68.8122607311476,7.413621027840715,47.19990956363591,0
2026-08-14 00:09:58.400,2.1361614274294554,60.51769631582535,35.80064613089277,70.31413677749211,3.9121991607516113,53.35809565888522,1
2026-08-14 00:09:58.500,1.2723407205309865,60.60395311700487,35.83626210075888,70.40651116738005,5.1871766610580705,45.87754129484522,0
2026-08-14 00:09:58.600,1.1811545735100077,59.96901233838544,35.81924028605544,69.85198934541236,9.774297797963204,45.271432575234236,0
2026-08-14 00:09:58.700,1.516369899491569,60.78924675531406,34.97559166418845,70.13290620912917,6.459052953653485,53.09594956149976,0
2026-08-14 00:09:58.800,1.6739764153471595,62.45437258895162,34.37203522091464,71.28804570688825,10.131542261365585,62.531501575399375,1
2026-08-14 00:09:58.900,1.3424053275027519,61.628957462900175,35.10308146856684,70.92499366621614,8.898235814052462,69.23557216305998,0
2026-08-14 00:09:59.000,1.7151072761473936,59.402466568506675,35.70877651280406,69.30923282264737,13.553462186057345,47.377540951973415,1
2026-08-14 00:09:59.100,1.6225557928293657,58.48221823390332,35.77947476411001,68.55903050622491,9.573011856728137,71.89866982307885,0
2026-08-14 00:09:59.200,1.100677289883578,59.53550552624999,34.6212532640346,68.87022285312115,11.342654210837942,60.52048201713495,1
2026-08-14 00:09:59.300,1.7075172069806885,59.003008899660195,35.222293316068445,68.71655554272594,9.20565398938264,35.21589855232188,1
2026-08-14 00:09:59.400,1.8454112970086085,60.40967393559592,33.92797318905001,69.28517929342402,8.934180503234218,34.865500932635896,1
2026-08-14 00:09:59.500,1.5685877270361563,58.78546757075553,35.7679567485157,68.81190251312661,11.494199126339945,43.07254579276796,1
2026-08-14 00:09:59.600,1.961059241304677,59.902173400048426,34.358350494203215,69.05625697018326,10.006392397595794,67.33524780031672,1
2026-08-14 00:09:59.700,1.0130384826012193,60.82134460962882,35.61820262071275,70.4832768680158,8.630190838872284,43.98359221321356,0
2026-08-14 00:09:59.800,1.6871801688527408,59.89096940472908,34.07555550461563,68.9062529759552,8.616963997789153,27.291718105924723,1
2026-08-14 00:09:59.900,1.0318877174412902,59.0536861772522,35.825132725147206,69.07081862766505,9.614687935491247,47.25338949334747,0
