seed,window_id,approach,regime,dominant_type,f1,macro_f1,accuracy,precision,recall,balanced_accuracy,roc_auc,pr_auc,cpu_time,wall_clock_time,inference_cpu_time,inference_latency_ms,retraining_cpu_time,retrained,avg_cpu_percent,peak_cpu_percent,avg_ram_mb,peak_ram_mb,tn,fp,fn,tp
42,0,Frozen Model,Regime 1: DDoS,injection,0.7437185929648241,0.37185929648241206,0.592,1.0,0.592,0.592,0.5,1.0,0.0625,0.03705830033868551,0.0625,37.05830033868551,0.0,False,367.5,555.2,190.328125,190.47265625,0,0,204,296
42,0,Continuously Retrained Ensemble,Regime 1: DDoS,injection,0.7437185929648241,0.37185929648241206,0.592,1.0,0.592,0.592,0.5,1.0,0.671875,0.5294723995029926,0.0625,38.4120000526309,0.609375,True,571.5,571.8,190.67100694444446,190.8203125,0,0,204,296
42,0,Event-Driven Ensemble,Regime 1: DDoS,injection,0.7437185929648241,0.37185929648241206,0.592,1.0,0.592,0.592,0.5,1.0,0.03125,0.037363000214099884,0.03125,37.363000214099884,0.0,False,1166.5,2034.0,190.70182291666666,190.83203125,0,0,204,296
42,0,Adaptive Random Forest,Regime 1: DDoS,injection,0.7405541561712846,0.3702770780856423,0.588,1.0,0.588,0.588,0.5,1.0,0.265625,0.20209879986941814,0.0625,38.4120000526309,0.203125,True,571.5,571.8,190.67100694444446,190.8203125,0,0,206,294
42,0,Adaptive Extra Trees,Regime 1: DDoS,injection,0.7146529562982005,0.35732647814910024,0.556,1.0,0.556,0.556,0.5,1.0,0.265625,0.20209879986941814,0.0625,38.4120000526309,0.203125,True,571.5,571.8,190.67100694444446,190.8203125,0,0,222,278
42,0,Adaptive Gradient Boosting,Regime 1: DDoS,injection,0.7515605493133583,0.3757802746566791,0.602,1.0,0.602,0.602,0.5,1.0,0.265625,0.20209879986941814,0.0625,38.4120000526309,0.203125,True,571.5,571.8,190.67100694444446,190.8203125,0,0,199,301
42,1,Frozen Model,Regime 1: DDoS,ddos,0.06201550387596899,0.031007751937984496,0.032,1.0,0.032,0.032,0.5,1.0,0.046875,0.03963010013103485,0.046875,39.63010013103485,0.0,False,270.40000000000003,275.1,193.14539930555554,193.2890625,0,0,484,16
42,1,Continuously Retrained Ensemble,Regime 1: DDoS,ddos,0.8276670574443142,0.4138335287221571,0.706,1.0,0.706,0.706,0.5,1.0,0.5625,0.47535269940271974,0.03125,39.03319966048002,0.53125,True,283.45000000000005,285.6,193.15364583333334,193.29296875,0,0,147,353
42,1,Event-Driven Ensemble,Regime 1: DDoS,ddos,0.07321772639691715,0.036608863198458574,0.038,1.0,0.038,0.038,0.5,1.0,0.6875,0.563965099863708,0.078125,73.3484998345375,0.609375,True,271.88,287.3,193.17682291666668,193.29296875,0,0,481,19
42,1,Adaptive Random Forest,Regime 1: DDoS,ddos,0.7980769230769231,0.39903846153846156,0.664,1.0,0.664,0.664,0.5,1.0,0.20833333333333334,0.18447303290789327,0.03125,39.03319966048002,0.17708333333333334,True,283.45000000000005,285.6,193.15364583333334,193.29296875,0,0,168,332
42,1,Adaptive Extra Trees,Regime 1: DDoS,ddos,0.9919354838709677,0.4959677419354839,0.984,1.0,0.984,0.984,0.5,1.0,0.20833333333333334,0.18447303290789327,0.03125,39.03319966048002,0.17708333333333334,True,283.45000000000005,285.6,193.15364583333334,193.29296875,0,0,8,492
42,1,Adaptive Gradient Boosting,Regime 1: DDoS,ddos,0.8193624557260921,0.40968122786304606,0.694,1.0,0.694,0.694,0.5,1.0,0.20833333333333334,0.18447303290789327,0.03125,39.03319966048002,0.17708333333333334,True,283.45000000000005,285.6,193.15364583333334,193.29296875,0,0,153,347
42,2,Frozen Model,Regime 1: DDoS,ddos,0.0,0.0,0.0,0.0,0.0,0.0,0.5,1.0,0.03125,0.03842050023376942,0.03125,38.42050023376942,0.0,False,266.25,274.3,193.05815972222223,193.19921875,0,0,500,0
42,2,Continuously Retrained Ensemble,Regime 1: DDoS,ddos,0.9648033126293996,0.4824016563146998,0.932,1.0,0.932,0.932,0.5,1.0,0.859375,0.6933392998762429,0.046875,36.88050014898181,0.8125,True,432.4,560.9,193.07421875,193.1953125,0,0,34,466
42,2,Event-Driven Ensemble,Regime 1: DDoS,ddos,0.8123515439429929,0.40617577197149646,0.684,1.0,0.684,0.684,0.5,1.0,0.8125,0.6353527004830539,0.03125,41.36970033869147,0.78125,True,282.65,295.5,193.056640625,193.1953125,0,0,158,342
42,2,Adaptive Random Forest,Regime 1: DDoS,ddos,0.8052568697729988,0.4026284348864994,0.674,1.0,0.674,0.674,0.5,1.0,0.3177083333333333,0.25570010005806887,0.046875,36.88050014898181,0.2708333333333333,True,432.4,560.9,193.07421875,193.1953125,0,0,163,337
42,2,Adaptive Extra Trees,Regime 1: DDoS,ddos,1.0,1.0,1.0,1.0,1.0,1.0,0.5,1.0,0.3177083333333333,0.25570010005806887,0.046875,36.88050014898181,0.2708333333333333,True,432.4,560.9,193.07421875,193.1953125,0,0,0,500
42,2,Adaptive Gradient Boosting,Regime 1: DDoS,ddos,0.7437185929648241,0.37185929648241206,0.592,1.0,0.592,0.592,0.5,1.0,0.3177083333333333,0.25570010005806887,0.046875,36.88050014898181,0.2708333333333333,True,432.4,560.9,193.07421875,193.1953125,0,0,204,296
42,3,Frozen Model,Regime 1: DDoS,ddos,0.015873015873015872,0.007936507936507936,0.008,1.0,0.008,0.008,0.5,1.0,0.09375,0.06488229986280203,0.09375,64.88229986280203,0.0,False,542.6,864.9,194.6153846153846,194.71875,0,0,496,4
42,3,Continuously Retrained Ensemble,Regime 1: DDoS,ddos,0.9816700610997964,0.4908350305498982,0.964,1.0,0.964,0.964,0.5,1.0,0.890625,0.7179167000576854,0.0625,53.71600016951561,0.828125,True,261.525,283.3,194.59694602272728,194.71875,0,0,18,482
42,3,Event-Driven Ensemble,Regime 1: DDoS,ddos,0.9816700610997964,0.4908350305498982,0.964,1.0,0.964,0.964,0.5,1.0,0.046875,0.04228589963167906,0.046875,42.28589963167906,0.0,False,698.7999999999998,1588.6,194.57161458333334,194.71484375,0,0,18,482
42,3,Adaptive Random Forest,Regime 1: DDoS,ddos,0.7373737373737373,0.3686868686868687,0.584,1.0,0.584,0.584,0.5,1.0,0.3385416666666667,0.27511623346557224,0.0625,53.71600016951561,0.2760416666666667,True,261.525,283.3,194.59694602272728,194.71875,0,0,208,292
42,3,Adaptive Extra Trees,Regime 1: DDoS,ddos,1.0,1.0,1.0,1.0,1.0,1.0,0.5,1.0,0.3385416666666667,0.27511623346557224,0.0625,53.71600016951561,0.2760416666666667,True,261.525,283.3,194.59694602272728,194.71875,0,0,0,500
42,3,Adaptive Gradient Boosting,Regime 1: DDoS,ddos,0.9473684210526315,0.47368421052631576,0.9,1.0,0.9,0.9,0.5,1.0,0.3385416666666667,0.27511623346557224,0.0625,53.71600016951561,0.2760416666666667,True,261.525,283.3,194.59694602272728,194.71875,0,0,50,450
42,4,Frozen Model,Regime 1: DDoS,ddos,0.4939759036144578,0.2469879518072289,0.328,1.0,0.328,0.328,0.5,1.0,0.078125,0.05842830007895827,0.078125,58.42830007895827,0.0,False,337.52500000000003,563.2,190.41496394230768,190.640625,0,0,336,164
42,4,Continuously Retrained Ensemble,Regime 1: DDoS,ddos,1.0,1.0,1.0,1.0,1.0,1.0,0.5,1.0,0.984375,0.6790577000938356,0.03125,56.72220000997186,0.953125,True,243.5,269.4,190.53059895833334,190.6484375,0,0,0,500
42,4,Event-Driven Ensemble,Regime 1: DDoS,ddos,0.9417989417989417,0.4708994708994709,0.89,1.0,0.89,0.89,0.5,1.0,1.015625,0.6709093004465103,0.0625,42.2779000364244,0.953125,True,367.4333333333334,538.2,190.61796875,190.8515625,0,0,55,445
42,4,Adaptive Random Forest,Regime 1: DDoS,ddos,0.8876529477196885,0.44382647385984425,0.798,1.0,0.798,0.798,0.5,1.0,0.3489583333333333,0.26416736670459307,0.03125,56.72220000997186,0.3177083333333333,True,243.5,269.4,190.53059895833334,190.6484375,0,0,101,399
42,4,Adaptive Extra Trees,Regime 1: DDoS,ddos,1.0,1.0,1.0,1.0,1.0,1.0,0.5,1.0,0.3489583333333333,0.26416736670459307,0.03125,56.72220000997186,0.3177083333333333,True,243.5,269.4,190.53059895833334,190.6484375,0,0,0,500
42,4,Adaptive Gradient Boosting,Regime 1: DDoS,ddos,0.8738738738738738,0.4369369369369369,0.776,1.0,0.776,0.776,0.5,1.0,0.3489583333333333,0.26416736670459307,0.03125,56.72220000997186,0.3177083333333333,True,243.5,269.4,190.53059895833334,190.6484375,0,0,112,388
42,5,Frozen Model,Regime 1: DDoS,ddos,0.5007496251874063,0.25037481259370314,0.334,1.0,0.334,0.334,0.5,1.0,0.015625,0.038928700145334005,0.015625,38.928700145334005,0.0,False,248.5,248.5,190.765625,191.0078125,0,0,333,167
42,5,Continuously Retrained Ensemble,Regime 1: DDoS,ddos,1.0,1.0,1.0,1.0,1.0,1.0,0.5,1.0,1.015625,0.780982599593699,0.0625,40.03829974681139,0.953125,True,365.43333333333334,539.9,190.86631944444446,191.0078125,0,0,0,500
42,5,Event-Driven Ensemble,Regime 1: DDoS,ddos,1.0,1.0,1.0,1.0,1.0,1.0,0.5,1.0,1.015625,0.6929657002910972,0.078125,39.98010000213981,0.9375,True,458.2666666666667,559.7,190.88368055555554,191.0234375,0,0,0,500
42,5,Adaptive Random Forest,Regime 1: DDoS,ddos,1.0,1.0,1.0,1.0,1.0,1.0,0.5,1.0,0.3802083333333333,0.2870197330291072,0.0625,40.03829974681139,0.3177083333333333,True,365.43333333333334,539.9,190.86631944444446,191.0078125,0,0,0,500
42,5,Adaptive Extra Trees,Regime 1: DDoS,ddos,1.0,1.0,1.0,1.0,1.0,1.0,0.5,1.0,0.3802083333333333,0.2870197330291072,0.0625,40.03829974681139,0.3177083333333333,True,365.43333333333334,539.9,190.86631944444446,191.0078125,0,0,0,500
42,5,Adaptive Gradient Boosting,Regime 1: DDoS,ddos,0.9795918367346939,0.4897959183673469,0.96,1.0,0.96,0.96,0.5,1.0,0.3802083333333333,0.2870197330291072,0.0625,40.03829974681139,0.3177083333333333,True,365.43333333333334,539.9,190.86631944444446,191.0078125,0,0,20,480
42,6,Frozen Model,Regime 1: DDoS,ddos,0.5029940119760479,0.25149700598802394,0.336,1.0,0.336,0.336,0.5,1.0,0.046875,0.041778599843382835,0.046875,41.778599843382835,0.0,False,279.03333333333336,297.0,191.2828125,191.61328125,0,0,332,168
42,6,Continuously Retrained Ensemble,Regime 1: DDoS,ddos,1.0,1.0,1.0,1.0,1.0,1.0,0.5,1.0,0.9375,0.6780612003058195,0.03125,40.386199951171875,0.90625,True,268.20000000000005,273.8,191.46918402777777,191.609375,0,0,0,500
42,6,Event-Driven Ensemble,Regime 1: DDoS,ddos,1.0,1.0,1.0,1.0,1.0,1.0,0.5,1.0,0.875,0.6624384000897408,0.046875,42.26489970460534,0.828125,True,281.90000000000003,286.8,191.583203125,191.78515625,0,0,0,500
42,6,Adaptive Random Forest,Regime 1: DDoS,ddos,1.0,1.0,1.0,1.0,1.0,1.0,0.5,1.0,0.3333333333333333,0.25294453340272105,0.03125,40.386199951171875,0.3020833333333333,True,268.20000000000005,273.8,191.46918402777777,191.609375,0,0,0,500
42,6,Adaptive Extra Trees,Regime 1: DDoS,ddos,1.0,1.0,1.0,1.0,1.0,1.0,0.5,1.0,0.3333333333333333,0.25294453340272105,0.03125,40.386199951171875,0.3020833333333333,True,268.20000000000005,273.8,191.46918402777777,191.609375,0,0,0,500
42,6,Adaptive Gradient Boosting,Regime 1: DDoS,ddos,1.0,1.0,1.0,1.0,1.0,1.0,0.5,1.0,0.3333333333333333,0.25294453340272105,0.03125,40.386199951171875,0.3020833333333333,True,268.20000000000005,273.8,191.46918402777777,191.609375,0,0,0,500
42,7,Frozen Model,Regime 1: DDoS,ddos,0.5029940119760479,0.25149700598802394,0.336,1.0,0.336,0.336,0.5,1.0,0.078125,0.03972460003569722,0.078125,39.72460003569722,0.0,False,459.40000000000003,823.2,191.94140625,192.21484375,0,0,332,168
42,7,Continuously Retrained Ensemble,Regime 1: DDoS,ddos,1.0,1.0,1.0,1.0,1.0,1.0,0.5,1.0,1.046875,0.8451869003474712,0.046875,57.827699929475784,1.0,True,255.03333333333333,298.1,192.1025390625,192.2265625,0,0,0,500
42,7,Event-Driven Ensemble,Regime 1: DDoS,ddos,1.0,1.0,1.0,1.0,1.0,1.0,0.5,1.0,1.109375,0.822142499499023,0.03125,40.60899978503585,1.078125,True,255.65,261.0,192.07725694444446,192.23046875,0,0,0,500
42,7,Adaptive Random Forest,Regime 1: DDoS,ddos,1.0,1.0,1.0,1.0,1.0,1.0,0.5,1.0,0.3802083333333333,0.3202807667354743,0.046875,57.827699929475784,0.3333333333333333,True,255.03333333333333,298.1,192.1025390625,192.2265625,0,0,0,500
42,7,Adaptive Extra Trees,Regime 1: DDoS,ddos,1.0,1.0,1.0,1.0,1.0,1.0,0.5,1.0,0.3802083333333333,0.3202807667354743,0.046875,57.827699929475784,0.3333333333333333,True,255.03333333333333,298.1,192.1025390625,192.2265625,0,0,0,500
42,7,Adaptive Gradient Boosting,Regime 1: DDoS,ddos,1.0,1.0,1.0,1.0,1.0,1.0,0.5,1.0,0.3802083333333333,0.3202807667354743,0.046875,57.827699929475784,0.3333333333333333,True,255.03333333333333,298.1,192.1025390625,192.2265625,0,0,0,500
42,8,Frozen Model,Regime 1: DDoS,ddos,0.6928104575163399,0.3464052287581699,0.53,1.0,0.53,0.53,0.5,1.0,0.046875,0.07300040032714605,0.046875,73.00040032714605,0.0,False,259.23333333333335,277.9,196.44557291666666,196.5625,0,0,235,265
42,8,Continuously Retrained Ensemble,Regime 1: DDoS,ddos,1.0,1.0,1.0,1.0,1.0,1.0,0.5,1.0,1.25,0.8169937999919057,0.046875,42.93869994580746,1.203125,True,277.8333333333333,296.6,196.391796875,196.56640625,0,0,0,500
42,8,Event-Driven Ensemble,Regime 1: DDoS,ddos,1.0,1.0,1.0,1.0,1.0,1.0,0.5,1.0,0.96875,0.7383163999766111,0.03125,40.46049993485212,0.9375,True,286.20000000000005,295.3,196.41796875,196.55859375,0,0,0,500
42,8,Adaptive Random Forest,Regime 1: DDoS,ddos,1.0,1.0,1.0,1.0,1.0,1.0,0.5,1.0,0.4479166666666667,0.3009570666278402,0.046875,42.93869994580746,0.4010416666666667,True,277.8333333333333,296.6,196.391796875,196.56640625,0,0,0,500
42,8,Adaptive Extra Trees,Regime 1: DDoS,ddos,1.0,1.0,1.0,1.0,1.0,1.0,0.5,1.0,0.4479166666666667,0.3009570666278402,0.046875,42.93869994580746,0.4010416666666667,True,277.8333333333333,296.6,196.391796875,196.56640625,0,0,0,500
42,8,Adaptive Gradient Boosting,Regime 1: DDoS,ddos,1.0,1.0,1.0,1.0,1.0,1.0,0.5,1.0,0.4479166666666667,0.3009570666278402,0.046875,42.93869994580746,0.4010416666666667,True,277.8333333333333,296.6,196.391796875,196.56640625,0,0,0,500
42,9,Frozen Model,Regime 1: DDoS,ddos,0.8789237668161435,0.43946188340807174,0.784,1.0,0.784,0.784,0.5,1.0,0.03125,0.04020499996840954,0.03125,40.20499996840954,0.0,False,246.45000000000002,257.1,194.67361111111111,194.84375,0,0,108,392
42,9,Continuously Retrained Ensemble,Regime 1: DDoS,ddos,1.0,1.0,1.0,1.0,1.0,1.0,0.5,1.0,1.09375,0.8681867998093367,0.0625,54.87699992954731,1.03125,True,338.46666666666664,458.3,194.72819010416666,194.84765625,0,0,0,500
42,9,Event-Driven Ensemble,Regime 1: DDoS,ddos,1.0,1.0,1.0,1.0,1.0,1.0,0.5,1.0,1.09375,0.8260504002682865,0.046875,44.02839997783303,1.046875,True,280.1,287.1,194.70078125,194.8515625,0,0,0,500
42,9,Adaptive Random Forest,Regime 1: DDoS,ddos,1.0,1.0,1.0,1.0,1.0,1.0,0.5,1.0,0.40625,0.32598026655614376,0.0625,54.87699992954731,0.34375,True,338.46666666666664,458.3,194.72819010416666,194.84765625,0,0,0,500
42,9,Adaptive Extra Trees,Regime 1: DDoS,ddos,1.0,1.0,1.0,1.0,1.0,1.0,0.5,1.0,0.40625,0.32598026655614376,0.0625,54.87699992954731,0.34375,True,338.46666666666664,458.3,194.72819010416666,194.84765625,0,0,0,500
42,9,Adaptive Gradient Boosting,Regime 1: DDoS,ddos,1.0,1.0,1.0,1.0,1.0,1.0,0.5,1.0,0.40625,0.32598026655614376,0.0625,54.87699992954731,0.34375,True,338.46666666666664,458.3,194.72819010416666,194.84765625,0,0,0,500
42,10,Frozen Model,Regime 1: DDoS,ddos,0.8925802879291251,0.44629014396456257,0.806,1.0,0.806,0.806,0.5,1.0,0.03125,0.0390090998262167,0.03125,39.0090998262167,0.0,False,289.95,295.0,195.30381944444446,195.4453125,0,0,97,403
42,10,Continuously Retrained Ensemble,Regime 1: DDoS,ddos,1.0,1.0,1.0,1.0,1.0,1.0,0.5,1.0,1.171875,0.9287760001607239,0.046875,40.46740010380745,1.125,True,703.4666666666667,1519.9,195.2890625,195.44921875,0,0,0,500
42,10,Event-Driven Ensemble,Regime 1: DDoS,ddos,1.0,1.0,1.0,1.0,1.0,1.0,0.5,1.0,1.203125,0.8633236000314355,0.046875,39.72080023959279,1.15625,True,261.56666666666666,273.0,195.30815972222223,195.44921875,0,0,0,500
42,10,Adaptive Random Forest,Regime 1: DDoS,ddos,0.9806320081549439,0.49031600407747195,0.962,1.0,0.962,0.962,0.5,1.0,0.421875,0.3365702667894463,0.046875,40.46740010380745,0.375,True,703.4666666666667,1519.9,195.2890625,195.44921875,0,0,19,481
42,10,Adaptive Extra Trees,Regime 1: DDoS,ddos,1.0,1.0,1.0,1.0,1.0,1.0,0.5,1.0,0.421875,0.3365702667894463,0.046875,40.46740010380745,0.375,True,703.4666666666667,1519.9,195.2890625,195.44921875,0,0,0,500
42,10,Adaptive Gradient Boosting,Regime 1: DDoS,ddos,0.998998998998999,0.4994994994994995,0.998,1.0,0.998,0.998,0.5,1.0,0.421875,0.3365702667894463,0.046875,40.46740010380745,0.375,True,703.4666666666667,1519.9,195.2890625,195.44921875,0,0,1,499
42,11,Frozen Model,Regime 2: Password,password,0.07321772639691715,0.036608863198458574,0.038,1.0,0.038,0.038,0.5,1.0,0.03125,0.03881230019032955,0.03125,38.81230019032955,0.0,False,294.70000000000005,303.3,195.66796875,195.8125,0,0,481,19
42,11,Continuously Retrained Ensemble,Regime 2: Password,password,0.7515605493133583,0.3757802746566791,0.602,1.0,0.602,0.602,0.5,1.0,0.984375,0.856226499658078,0.03125,40.33369990065694,0.953125,True,277.9,284.1,195.67578125,195.8125,0,0,199,301
42,11,Event-Driven Ensemble,Regime 2: Password,password,0.7515605493133583,0.3757802746566791,0.602,1.0,0.602,0.602,0.5,1.0,1.1875,0.8173194001428783,0.09375,41.517999954521656,1.09375,True,553.9,803.5,195.644140625,195.81640625,0,0,199,301
42,11,Adaptive Random Forest,Regime 2: Password,password,0.7195902688860435,0.35979513444302175,0.562,1.0,0.562,0.562,0.5,1.0,0.3489583333333333,0.31229796648646396,0.03125,40.33369990065694,0.3177083333333333,True,277.9,284.1,195.67578125,195.8125,0,0,219,281
42,11,Adaptive Extra Trees,Regime 2: Password,password,1.0,1.0,1.0,1.0,1.0,1.0,0.5,1.0,0.3489583333333333,0.31229796648646396,0.03125,40.33369990065694,0.3177083333333333,True,277.9,284.1,195.67578125,195.8125,0,0,0,500
42,11,Adaptive Gradient Boosting,Regime 2: Password,password,0.7309644670050761,0.36548223350253806,0.576,1.0,0.576,0.576,0.5,1.0,0.3489583333333333,0.31229796648646396,0.03125,40.33369990065694,0.3177083333333333,True,277.9,284.1,195.67578125,195.8125,0,0,212,288
42,12,Frozen Model,Regime 2: Password,password,0.05825242718446602,0.02912621359223301,0.03,1.0,0.03,0.03,0.5,1.0,0.03125,0.049976699985563755,0.03125,49.976699985563755,0.0,False,255.6,272.5,196.21839488636363,196.36328125,0,0,485,15
42,12,Continuously Retrained Ensemble,Regime 2: Password,password,1.0,1.0,1.0,1.0,1.0,1.0,0.5,1.0,1.171875,0.8603907003998756,0.0625,41.9038999825716,1.109375,True,271.125,286.9,196.211328125,196.375,0,0,0,500
42,12,Event-Driven Ensemble,Regime 2: Password,password,1.0,1.0,1.0,1.0,1.0,1.0,0.5,1.0,1.421875,0.9396552997641265,0.0625,41.130200028419495,1.359375,True,816.5666666666667,1702.3,196.23480902777777,196.37109375,0,0,0,500
42,12,Adaptive Random Forest,Regime 2: Password,password,0.993963782696177,0.4969818913480885,0.988,1.0,0.988,0.988,0.5,1.0,0.4322916666666667,0.3147328334550063,0.0625,41.9038999825716,0.3697916666666667,True,271.125,286.9,196.211328125,196.375,0,0,6,494
42,12,Adaptive Extra Trees,Regime 2: Password,password,1.0,1.0,1.0,1.0,1.0,1.0,0.5,1.0,0.4322916666666667,0.3147328334550063,0.0625,41.9038999825716,0.3697916666666667,True,271.125,286.9,196.211328125,196.375,0,0,0,500
42,12,Adaptive Gradient Boosting,Regime 2: Password,password,0.9929506545820745,0.49647532729103727,0.986,1.0,0.986,0.986,0.5,1.0,0.4322916666666667,0.3147328334550063,0.0625,41.9038999825716,0.3697916666666667,True,271.125,286.9,196.211328125,196.375,0,0,7,493
42,13,Frozen Model,Regime 2: Password,password,0.015873015873015872,0.007936507936507936,0.008,1.0,0.008,0.008,0.5,1.0,0.078125,0.06325640017166734,0.078125,63.25640017166734,0.0,False,336.15000000000003,566.2,196.9627403846154,197.09765625,0,0,496,4
42,13,Continuously Retrained Ensemble,Regime 2: Password,password,1.0,1.0,1.0,1.0,1.0,1.0,0.5,1.0,1.296875,0.9063391000963748,0.078125,52.33399989083409,1.21875,True,721.075,1783.7,196.9861505681818,197.09765625,0,0,0,500
42,13,Event-Driven Ensemble,Regime 2: Password,password,1.0,1.0,1.0,1.0,1.0,1.0,0.5,1.0,1.265625,0.8859032997861505,0.046875,39.36449997127056,1.21875,True,293.06666666666666,297.5,196.96440972222223,197.09765625,0,0,0,500
42,13,Adaptive Random Forest,Regime 2: Password,password,1.0,1.0,1.0,1.0,1.0,1.0,0.5,1.0,0.484375,0.3370023666260143,0.078125,52.33399989083409,0.40625,True,721.075,1783.7,196.9861505681818,197.09765625,0,0,0,500
42,13,Adaptive Extra Trees,Regime 2: Password,password,1.0,1.0,1.0,1.0,1.0,1.0,0.5,1.0,0.484375,0.3370023666260143,0.078125,52.33399989083409,0.40625,True,721.075,1783.7,196.9861505681818,197.09765625,0,0,0,500
42,13,Adaptive Gradient Boosting,Regime 2: Password,password,0.9969909729187563,0.49849548645937813,0.994,1.0,0.994,0.994,0.5,1.0,0.484375,0.3370023666260143,0.078125,52.33399989083409,0.40625,True,721.075,1783.7,196.9861505681818,197.09765625,0,0,3,497
42,14,Frozen Model,Regime 2: Password,password,0.2547993019197208,0.1273996509598604,0.146,1.0,0.146,0.146,0.5,1.0,0.03125,0.03861000016331673,0.03125,38.61000016331673,0.0,False,277.45000000000005,279.1,196.98133680555554,197.13671875,0,0,427,73
42,14,Continuously Retrained Ensemble,Regime 2: Password,password,1.0,1.0,1.0,1.0,1.0,1.0,0.5,1.0,1.390625,0.9178500999696553,0.03125,40.74069997295737,1.359375,True,243.85,276.2,196.99652777777777,197.140625,0,0,0,500
42,14,Event-Driven Ensemble,Regime 2: Password,password,1.0,1.0,1.0,1.0,1.0,1.0,0.5,1.0,1.40625,0.9355915999040008,0.046875,39.94680009782314,1.359375,True,395.70000000000005,506.3,196.98828125,197.1328125,0,0,0,500
42,14,Adaptive Random Forest,Regime 2: Password,password,1.0,1.0,1.0,1.0,1.0,1.0,0.5,1.0,0.484375,0.33311049997185666,0.03125,40.74069997295737,0.453125,True,243.85,276.2,196.99652777777777,197.140625,0,0,0,500
42,14,Adaptive Extra Trees,Regime 2: Password,password,1.0,1.0,1.0,1.0,1.0,1.0,0.5,1.0,0.484375,0.33311049997185666,0.03125,40.74069997295737,0.453125,True,243.85,276.2,196.99652777777777,197.140625,0,0,0,500
42,14,Adaptive Gradient Boosting,Regime 2: Password,password,1.0,1.0,1.0,1.0,1.0,1.0,0.5,1.0,0.484375,0.33311049997185666,0.03125,40.74069997295737,0.453125,True,243.85,276.2,196.99652777777777,197.140625,0,0,0,500
42,15,Frozen Model,Regime 2: Password,password,0.3896940418679549,0.19484702093397746,0.242,1.0,0.242,0.242,0.5,1.0,0.046875,0.039032799657434225,0.046875,39.032799657434225,0.0,False,289.1666666666667,303.8,197.60026041666666,197.73828125,0,0,379,121
42,15,Continuously Retrained Ensemble,Regime 2: Password,password,1.0,1.0,1.0,1.0,1.0,1.0,0.5,1.0,1.46875,0.9806902003474534,0.03125,39.25029980018735,1.4375,True,289.5,293.4,197.60199652777777,197.73828125,0,0,0,500
42,15,Event-Driven Ensemble,Regime 2: Password,password,1.0,1.0,1.0,1.0,1.0,1.0,0.5,1.0,1.484375,0.9694262999109924,0.09375,66.97560008615255,1.390625,True,736.325,1703.2,197.62751116071428,197.7421875,0,0,0,500
42,15,Adaptive Random Forest,Regime 2: Password,password,1.0,1.0,1.0,1.0,1.0,1.0,0.5,1.0,0.5104166666666667,0.35306359998260933,0.03125,39.25029980018735,0.4791666666666667,True,289.5,293.4,197.60199652777777,197.73828125,0,0,0,500
42,15,Adaptive Extra Trees,Regime 2: Password,password,1.0,1.0,1.0,1.0,1.0,1.0,0.5,1.0,0.5104166666666667,0.35306359998260933,0.03125,39.25029980018735,0.4791666666666667,True,289.5,293.4,197.60199652777777,197.73828125,0,0,0,500
42,15,Adaptive Gradient Boosting,Regime 2: Password,password,0.9929506545820745,0.49647532729103727,0.986,1.0,0.986,0.986,0.5,1.0,0.5104166666666667,0.35306359998260933,0.03125,39.25029980018735,0.4791666666666667,True,289.5,293.4,197.60199652777777,197.73828125,0,0,7,493
42,16,Frozen Model,Regime 2: Password,password,0.7096774193548387,0.3548387096774194,0.55,1.0,0.55,0.55,0.5,1.0,0.046875,0.03745390009135008,0.046875,37.45390009135008,0.0,False,429.65,571.0,198.39887152777777,198.54296875,0,0,225,275
42,16,Continuously Retrained Ensemble,Regime 2: Password,password,1.0,1.0,1.0,1.0,1.0,1.0,0.5,1.0,1.484375,0.9578796997666359,0.03125,38.52269984781742,1.453125,True,273.70000000000005,274.6,198.41319444444446,198.5390625,0,0,0,500
42,16,Event-Driven Ensemble,Regime 2: Password,password,1.0,1.0,1.0,1.0,1.0,1.0,0.5,1.0,1.21875,0.943968000356108,0.046875,95.28750041499734,1.171875,True,192.36666666666667,280.3,198.41350446428572,198.5390625,0,0,0,500
42,16,Adaptive Random Forest,Regime 2: Password,password,1.0,1.0,1.0,1.0,1.0,1.0,0.5,1.0,0.515625,0.3449750331540902,0.03125,38.52269984781742,0.484375,True,273.70000000000005,274.6,198.41319444444446,198.5390625,0,0,0,500
42,16,Adaptive Extra Trees,Regime 2: Password,password,1.0,1.0,1.0,1.0,1.0,1.0,0.5,1.0,0.515625,0.3449750331540902,0.03125,38.52269984781742,0.484375,True,273.70000000000005,274.6,198.41319444444446,198.5390625,0,0,0,500
42,16,Adaptive Gradient Boosting,Regime 2: Password,password,1.0,1.0,1.0,1.0,1.0,1.0,0.5,1.0,0.515625,0.3449750331540902,0.03125,38.52269984781742,0.484375,True,273.70000000000005,274.6,198.41319444444446,198.5390625,0,0,0,500
42,17,Frozen Model,Regime 2: Password,password,0.36333878887070375,0.18166939443535188,0.222,1.0,0.222,0.222,0.5,1.0,0.046875,0.03745169984176755,0.046875,37.45169984176755,0.0,False,437.85,577.7,197.90885416666666,198.03515625,0,0,389,111
42,17,Continuously Retrained Ensemble,Regime 2: Password,password,1.0,1.0,1.0,1.0,1.0,1.0,0.5,1.0,1.46875,1.0492570996284485,0.03125,66.47769967094064,1.4375,True,210.95,219.7,197.93840144230768,198.0390625,0,0,0,500
42,17,Event-Driven Ensemble,Regime 2: Password,password,1.0,1.0,1.0,1.0,1.0,1.0,0.5,1.0,0.046875,0.0409449995495379,0.046875,40.9449995495379,0.0,False,400.40000000000003,547.7,197.89713541666666,198.04296875,0,0,0,500
42,17,Adaptive Random Forest,Regime 2: Password,password,0.9539748953974896,0.4769874476987448,0.912,1.0,0.912,0.912,0.5,1.0,0.5104166666666667,0.3940708329901099,0.03125,66.47769967094064,0.4791666666666667,True,210.95,219.7,197.93840144230768,198.0390625,0,0,44,456
42,17,Adaptive Extra Trees,Regime 2: Password,password,1.0,1.0,1.0,1.0,1.0,1.0,0.5,1.0,0.5104166666666667,0.3940708329901099,0.03125,66.47769967094064,0.4791666666666667,True,210.95,219.7,197.93840144230768,198.0390625,0,0,0,500
42,17,Adaptive Gradient Boosting,Regime 2: Password,password,0.9473684210526315,0.47368421052631576,0.9,1.0,0.9,0.9,0.5,1.0,0.5104166666666667,0.3940708329901099,0.03125,66.47769967094064,0.4791666666666667,True,210.95,219.7,197.93840144230768,198.0390625,0,0,50,450
42,18,Frozen Model,Regime 2: Password,password,0.3277591973244147,0.16387959866220736,0.196,1.0,0.196,0.196,0.5,1.0,0.078125,0.05905500007793307,0.078125,59.05500007793307,0.0,False,344.85,563.8,198.87467447916666,199.0078125,0,0,402,98
42,18,Continuously Retrained Ensemble,Regime 2: Password,password,1.0,1.0,1.0,1.0,1.0,1.0,0.5,1.0,1.609375,1.0651897001080215,0.046875,43.10189979150891,1.5625,True,269.73333333333335,280.7,198.8671875,199.0078125,0,0,0,500
42,18,Event-Driven Ensemble,Regime 2: Password,password,1.0,1.0,1.0,1.0,1.0,1.0,0.5,1.0,1.546875,1.0810858998447657,0.046875,41.076299734413624,1.5,True,257.0,279.0,198.85677083333334,199.00390625,0,0,0,500
42,18,Adaptive Random Forest,Regime 2: Password,password,1.0,1.0,1.0,1.0,1.0,1.0,0.5,1.0,0.5677083333333334,0.38379783323034644,0.046875,43.10189979150891,0.5208333333333334,True,269.73333333333335,280.7,198.8671875,199.0078125,0,0,0,500
42,18,Adaptive Extra Trees,Regime 2: Password,password,1.0,1.0,1.0,1.0,1.0,1.0,0.5,1.0,0.5677083333333334,0.38379783323034644,0.046875,43.10189979150891,0.5208333333333334,True,269.73333333333335,280.7,198.8671875,199.0078125,0,0,0,500
42,18,Adaptive Gradient Boosting,Regime 2: Password,password,0.9888776541961577,0.49443882709807885,0.978,1.0,0.978,0.978,0.5,1.0,0.5677083333333334,0.38379783323034644,0.046875,43.10189979150891,0.5208333333333334,True,269.73333333333335,280.7,198.8671875,199.0078125,0,0,11,489
42,19,Frozen Model,Regime 2: Password,password,0.3525535420098847,0.17627677100494235,0.214,1.0,0.214,0.214,0.5,1.0,0.046875,0.06806189985945821,0.046875,68.06189985945821,0.0,False,261.93333333333334,289.8,199.46651785714286,199.5703125,0,0,393,107
42,19,Continuously Retrained Ensemble,Regime 2: Password,password,1.0,1.0,1.0,1.0,1.0,1.0,0.5,1.0,2.3125,1.869214900303632,0.03125,42.71769989281893,2.28125,True,282.95,293.7,199.427734375,199.57421875,0,0,0,500
42,19,Event-Driven Ensemble,Regime 2: Password,password,1.0,1.0,1.0,1.0,1.0,1.0,0.5,1.0,2.296875,2.0195425008423626,0.046875,43.403000105172396,2.25,True,263.8,290.5,199.43046875,199.578125,0,0,0,500
42,19,Adaptive Random Forest,Regime 2: Password,password,0.9711934156378601,0.48559670781893005,0.944,1.0,0.944,0.944,0.5,1.0,0.7916666666666666,0.6515501000297567,0.03125,42.71769989281893,0.7604166666666666,True,282.95,293.7,199.427734375,199.57421875,0,0,28,472
42,19,Adaptive Extra Trees,Regime 2: Password,password,1.0,1.0,1.0,1.0,1.0,1.0,0.5,1.0,0.7916666666666666,0.6515501000297567,0.03125,42.71769989281893,0.7604166666666666,True,282.95,293.7,199.427734375,199.57421875,0,0,0,500
42,19,Adaptive Gradient Boosting,Regime 2: Password,password,0.9701338825952626,0.4850669412976313,0.942,1.0,0.942,0.942,0.5,1.0,0.7916666666666666,0.6515501000297567,0.03125,42.71769989281893,0.7604166666666666,True,282.95,293.7,199.427734375,199.57421875,0,0,29,471
42,20,Frozen Model,Regime 2: Password,password,0.6263736263736264,0.3131868131868132,0.456,1.0,0.456,0.456,0.5,1.0,0.0625,0.20816690009087324,0.0625,208.16690009087324,0.0,False,238.275,277.1,199.65094866071428,199.7734375,0,0,272,228
42,20,Continuously Retrained Ensemble,Regime 2: Password,password,1.0,1.0,1.0,1.0,1.0,1.0,0.5,1.0,1.796875,1.1554593001492321,0.03125,93.65469962358475,1.765625,True,290.3,297.8,199.65451388888889,199.7890625,0,0,0,500
42,20,Event-Driven Ensemble,Regime 2: Password,password,1.0,1.0,1.0,1.0,1.0,1.0,0.5,1.0,1.625,1.0856415005400777,0.046875,65.36270026117563,1.578125,True,346.45000000000005,472.6,199.67243303571428,199.79296875,0,0,0,500
42,20,Adaptive Random Forest,Regime 2: Password,password,1.0,1.0,1.0,1.0,1.0,1.0,0.5,1.0,0.6197916666666666,0.4475895664654672,0.03125,93.65469962358475,0.5885416666666666,True,290.3,297.8,199.65451388888889,199.7890625,0,0,0,500
42,20,Adaptive Extra Trees,Regime 2: Password,password,1.0,1.0,1.0,1.0,1.0,1.0,0.5,1.0,0.6197916666666666,0.4475895664654672,0.03125,93.65469962358475,0.5885416666666666,True,290.3,297.8,199.65451388888889,199.7890625,0,0,0,500
42,20,Adaptive Gradient Boosting,Regime 2: Password,password,1.0,1.0,1.0,1.0,1.0,1.0,0.5,1.0,0.6197916666666666,0.4475895664654672,0.03125,93.65469962358475,0.5885416666666666,True,290.3,297.8,199.65451388888889,199.7890625,0,0,0,500
42,21,Frozen Model,Regime 3: XSS/Ransomware,xss,0.07321772639691715,0.036608863198458574,0.038,1.0,0.038,0.038,0.5,1.0,0.03125,0.038303700275719166,0.03125,38.303700275719166,0.0,False,254.3,267.3,199.5234375,199.65234375,0,0,481,19
42,21,Continuously Retrained Ensemble,Regime 3: XSS/Ransomware,xss,1.0,1.0,1.0,1.0,1.0,1.0,0.5,1.0,1.8125,1.272634000517428,0.046875,39.774800185114145,1.765625,True,270.7333333333333,287.9,199.50564236111111,199.65234375,0,0,0,500
42,21,Event-Driven Ensemble,Regime 3: XSS/Ransomware,xss,1.0,1.0,1.0,1.0,1.0,1.0,0.5,1.0,1.6875,1.12585339974612,0.0625,40.170100051909685,1.625,True,359.1666666666667,510.8,199.51736111111111,199.65234375,0,0,0,500
42,21,Adaptive Random Forest,Regime 3: XSS/Ransomware,xss,0.8505747126436781,0.42528735632183906,0.74,1.0,0.74,0.74,0.5,1.0,0.6354166666666666,0.45072786696255207,0.046875,39.774800185114145,0.5885416666666666,True,270.7333333333333,287.9,199.50564236111111,199.65234375,0,0,130,370
42,21,Adaptive Extra Trees,Regime 3: XSS/Ransomware,xss,1.0,1.0,1.0,1.0,1.0,1.0,0.5,1.0,0.6354166666666666,0.45072786696255207,0.046875,39.774800185114145,0.5885416666666666,True,270.7333333333333,287.9,199.50564236111111,199.65234375,0,0,0,500
42,21,Adaptive Gradient Boosting,Regime 3: XSS/Ransomware,xss,0.8571428571428571,0.42857142857142855,0.75,1.0,0.75,0.75,0.5,1.0,0.6354166666666666,0.45072786696255207,0.046875,39.774800185114145,0.5885416666666666,True,270.7333333333333,287.9,199.50564236111111,199.65234375,0,0,125,375
42,22,Frozen Model,Regime 3: XSS/Ransomware,xss,0.39228295819935693,0.19614147909967847,0.244,1.0,0.244,0.244,0.5,1.0,0.0625,0.042994100134819746,0.0625,42.994100134819746,0.0,False,364.23333333333335,512.1,199.791796875,199.9296875,0,0,378,122
42,22,Continuously Retrained Ensemble,Regime 3: XSS/Ransomware,xss,1.0,1.0,1.0,1.0,1.0,1.0,0.5,1.0,1.890625,1.2429947997443378,0.03125,41.57090000808239,1.859375,True,269.55,274.8,199.78385416666666,199.92578125,0,0,0,500
42,22,Event-Driven Ensemble,Regime 3: XSS/Ransomware,xss,1.0,1.0,1.0,1.0,1.0,1.0,0.5,1.0,0.078125,0.04257760010659695,0.078125,42.57760010659695,0.0,False,740.875,1830.3,199.77109375,199.93359375,0,0,0,500
42,22,Adaptive Random Forest,Regime 3: XSS/Ransomware,xss,1.0,1.0,1.0,1.0,1.0,1.0,0.5,1.0,0.6510416666666666,0.4420455332535009,0.03125,41.57090000808239,0.6197916666666666,True,269.55,274.8,199.78385416666666,199.92578125,0,0,0,500
42,22,Adaptive Extra Trees,Regime 3: XSS/Ransomware,xss,1.0,1.0,1.0,1.0,1.0,1.0,0.5,1.0,0.6510416666666666,0.4420455332535009,0.03125,41.57090000808239,0.6197916666666666,True,269.55,274.8,199.78385416666666,199.92578125,0,0,0,500
42,22,Adaptive Gradient Boosting,Regime 3: XSS/Ransomware,xss,1.0,1.0,1.0,1.0,1.0,1.0,0.5,1.0,0.6510416666666666,0.4420455332535009,0.03125,41.57090000808239,0.6197916666666666,True,269.55,274.8,199.78385416666666,199.92578125,0,0,0,500
42,23,Frozen Model,Regime 3: XSS/Ransomware,ransomware,0.0392156862745098,0.0196078431372549,0.02,1.0,0.02,0.02,0.5,1.0,0.03125,0.05500250030308962,0.03125,55.00250030308962,0.0,False,301.5,303.2,200.43424479166666,200.5625,0,0,490,10
42,23,Continuously Retrained Ensemble,Regime 3: XSS/Ransomware,ransomware,1.0,1.0,1.0,1.0,1.0,1.0,0.5,1.0,2.09375,1.4804207002744079,0.0625,54.7198997810483,2.03125,True,366.6333333333334,581.5,200.4287109375,200.5703125,0,0,0,500
42,23,Event-Driven Ensemble,Regime 3: XSS/Ransomware,ransomware,1.0,1.0,1.0,1.0,1.0,1.0,0.5,1.0,1.640625,1.2308585993014276,0.03125,85.91989986598492,1.609375,True,292.2,301.0,200.4275841346154,200.55859375,0,0,0,500
42,23,Adaptive Random Forest,Regime 3: XSS/Ransomware,ransomware,1.0,1.0,1.0,1.0,1.0,1.0,0.5,1.0,0.7395833333333334,0.5299534999455016,0.0625,54.7198997810483,0.6770833333333334,True,366.6333333333334,581.5,200.4287109375,200.5703125,0,0,0,500
42,23,Adaptive Extra Trees,Regime 3: XSS/Ransomware,ransomware,1.0,1.0,1.0,1.0,1.0,1.0,0.5,1.0,0.7395833333333334,0.5299534999455016,0.0625,54.7198997810483,0.6770833333333334,True,366.6333333333334,581.5,200.4287109375,200.5703125,0,0,0,500
42,23,Adaptive Gradient Boosting,Regime 3: XSS/Ransomware,ransomware,0.9969909729187563,0.49849548645937813,0.994,1.0,0.994,0.994,0.5,1.0,0.7395833333333334,0.5299534999455016,0.0625,54.7198997810483,0.6770833333333334,True,366.6333333333334,581.5,200.4287109375,200.5703125,0,0,3,497
42,24,Frozen Model,Regime 3: XSS/Ransomware,ransomware,0.0,0.0,0.0,0.0,0.0,0.0,0.5,1.0,0.03125,0.04359720041975379,0.03125,43.59720041975379,0.0,False,281.79999999999995,284.2,200.409375,200.54296875,0,0,500,0
42,24,Continuously Retrained Ensemble,Regime 3: XSS/Ransomware,ransomware,1.0,1.0,1.0,1.0,1.0,1.0,0.5,1.0,1.75,1.1377617991529405,0.03125,43.04469982162118,1.71875,True,281.95000000000005,282.8,200.384765625,200.54296875,0,0,0,500
42,24,Event-Driven Ensemble,Regime 3: XSS/Ransomware,ransomware,1.0,1.0,1.0,1.0,1.0,1.0,0.5,1.0,1.8125,1.1362869003787637,0.03125,39.45629997178912,1.78125,True,296.7,300.0,200.40277777777777,200.55078125,0,0,0,500
42,24,Adaptive Random Forest,Regime 3: XSS/Ransomware,ransomware,1.0,1.0,1.0,1.0,1.0,1.0,0.5,1.0,0.6041666666666666,0.40795039959872764,0.03125,43.04469982162118,0.5729166666666666,True,281.95000000000005,282.8,200.384765625,200.54296875,0,0,0,500
42,24,Adaptive Extra Trees,Regime 3: XSS/Ransomware,ransomware,1.0,1.0,1.0,1.0,1.0,1.0,0.5,1.0,0.6041666666666666,0.40795039959872764,0.03125,43.04469982162118,0.5729166666666666,True,281.95000000000005,282.8,200.384765625,200.54296875,0,0,0,500
42,24,Adaptive Gradient Boosting,Regime 3: XSS/Ransomware,ransomware,0.9743589743589743,0.48717948717948717,0.95,1.0,0.95,0.95,0.5,1.0,0.6041666666666666,0.40795039959872764,0.03125,43.04469982162118,0.5729166666666666,True,281.95000000000005,282.8,200.384765625,200.54296875,0,0,25,475
42,25,Frozen Model,Regime 3: XSS/Ransomware,ransomware,0.3579638752052545,0.17898193760262726,0.218,1.0,0.218,0.218,0.5,1.0,0.0625,0.037234300281852484,0.0625,37.234300281852484,0.0,False,370.3333333333333,530.5,201.91276041666666,202.0390625,0,0,391,109
42,25,Continuously Retrained Ensemble,Regime 3: XSS/Ransomware,ransomware,1.0,1.0,1.0,1.0,1.0,1.0,0.5,1.0,1.828125,1.1976633998565376,0.03125,37.88179997354746,1.796875,True,291.5,300.2,201.90625,202.03515625,0,0,0,500
42,25,Event-Driven Ensemble,Regime 3: XSS/Ransomware,ransomware,1.0,1.0,1.0,1.0,1.0,1.0,0.5,1.0,1.859375,1.1761330999433994,0.03125,39.45659985765815,1.828125,True,279.04999999999995,289.2,201.90494791666666,202.04296875,0,0,0,500
42,25,Adaptive Random Forest,Regime 3: XSS/Ransomware,ransomware,1.0,1.0,1.0,1.0,1.0,1.0,0.5,1.0,0.6302083333333334,0.42447566660121083,0.03125,37.88179997354746,0.5989583333333334,True,291.5,300.2,201.90625,202.03515625,0,0,0,500
42,25,Adaptive Extra Trees,Regime 3: XSS/Ransomware,ransomware,1.0,1.0,1.0,1.0,1.0,1.0,0.5,1.0,0.6302083333333334,0.42447566660121083,0.03125,37.88179997354746,0.5989583333333334,True,291.5,300.2,201.90625,202.03515625,0,0,0,500
42,25,Adaptive Gradient Boosting,Regime 3: XSS/Ransomware,ransomware,1.0,1.0,1.0,1.0,1.0,1.0,0.5,1.0,0.6302083333333334,0.42447566660121083,0.03125,37.88179997354746,0.5989583333333334,True,291.5,300.2,201.90625,202.03515625,0,0,0,500
42,26,Frozen Model,Regime 3: XSS/Ransomware,ransomware,0.5795454545454546,0.2897727272727273,0.408,1.0,0.408,0.408,0.5,1.0,0.03125,0.049064900260418653,0.03125,49.06490026041865,0.0,False,261.95000000000005,286.6,202.59410511363637,202.70703125,0,0,296,204
42,26,Continuously Retrained Ensemble,Regime 3: XSS/Ransomware,ransomware,1.0,1.0,1.0,1.0,1.0,1.0,0.5,1.0,1.890625,1.2111879005096853,0.03125,44.207800179719925,1.859375,True,264.4,285.7,202.565625,202.71484375,0,0,0,500
42,26,Event-Driven Ensemble,Regime 3: XSS/Ransomware,ransomware,1.0,1.0,1.0,1.0,1.0,1.0,0.5,1.0,1.859375,1.2238043993711472,0.0625,65.58799976482987,1.796875,True,264.55,291.0,202.61628605769232,202.71484375,0,0,0,500
42,26,Adaptive Random Forest,Regime 3: XSS/Ransomware,ransomware,1.0,1.0,1.0,1.0,1.0,1.0,0.5,1.0,0.6510416666666666,0.43320116695637506,0.03125,44.207800179719925,0.6197916666666666,True,264.4,285.7,202.565625,202.71484375,0,0,0,500
42,26,Adaptive Extra Trees,Regime 3: XSS/Ransomware,ransomware,1.0,1.0,1.0,1.0,1.0,1.0,0.5,1.0,0.6510416666666666,0.43320116695637506,0.03125,44.207800179719925,0.6197916666666666,True,264.4,285.7,202.565625,202.71484375,0,0,0,500
42,26,Adaptive Gradient Boosting,Regime 3: XSS/Ransomware,ransomware,1.0,1.0,1.0,1.0,1.0,1.0,0.5,1.0,0.6510416666666666,0.43320116695637506,0.03125,44.207800179719925,0.6197916666666666,True,264.4,285.7,202.565625,202.71484375,0,0,0,500
42,27,Frozen Model,Regime 3: XSS/Ransomware,ransomware,0.6631016042780749,0.3315508021390374,0.496,1.0,0.496,0.496,0.5,1.0,0.03125,0.04318869998678565,0.03125,43.18869998678565,0.0,False,266.55,282.0,202.24826388888889,202.40234375,0,0,252,248
42,27,Continuously Retrained Ensemble,Regime 3: XSS/Ransomware,ransomware,1.0,1.0,1.0,1.0,1.0,1.0,0.5,1.0,1.953125,1.2900901003740728,0.046875,54.1508998721838,1.90625,True,411.90000000000003,538.2,202.27414772727272,202.40234375,0,0,0,500
42,27,Event-Driven Ensemble,Regime 3: XSS/Ransomware,ransomware,1.0,1.0,1.0,1.0,1.0,1.0,0.5,1.0,2.0625,1.3279547998681664,0.078125,59.600300155580044,1.984375,True,325.54999999999995,544.3,202.27962239583334,202.41015625,0,0,0,500
42,27,Adaptive Random Forest,Regime 3: XSS/Ransomware,ransomware,1.0,1.0,1.0,1.0,1.0,1.0,0.5,1.0,0.6822916666666666,0.46613063337281346,0.046875,54.1508998721838,0.6354166666666666,True,411.90000000000003,538.2,202.27414772727272,202.40234375,0,0,0,500
42,27,Adaptive Extra Trees,Regime 3: XSS/Ransomware,ransomware,1.0,1.0,1.0,1.0,1.0,1.0,0.5,1.0,0.6822916666666666,0.46613063337281346,0.046875,54.1508998721838,0.6354166666666666,True,411.90000000000003,538.2,202.27414772727272,202.40234375,0,0,0,500
42,27,Adaptive Gradient Boosting,Regime 3: XSS/Ransomware,ransomware,1.0,1.0,1.0,1.0,1.0,1.0,0.5,1.0,0.6822916666666666,0.46613063337281346,0.046875,54.1508998721838,0.6354166666666666,True,411.90000000000003,538.2,202.27414772727272,202.40234375,0,0,0,500
42,28,Frozen Model,Regime 3: XSS/Ransomware,ransomware,0.36867862969004894,0.18433931484502447,0.226,1.0,0.226,0.226,0.5,1.0,0.046875,0.03738120011985302,0.046875,37.38120011985302,0.0,False,272.9666666666667,280.0,196.78125,197.0078125,0,0,387,113
42,28,Continuously Retrained Ensemble,Regime 3: XSS/Ransomware,ransomware,1.0,1.0,1.0,1.0,1.0,1.0,0.5,1.0,1.90625,1.261398300062865,0.0625,56.10099993646145,1.84375,True,264.375,268.2,196.890625,197.0390625,0,0,0,500
42,28,Event-Driven Ensemble,Regime 3: XSS/Ransomware,ransomware,1.0,1.0,1.0,1.0,1.0,1.0,0.5,1.0,0.03125,0.04036709992215037,0.03125,40.36709992215037,0.0,False,284.7,292.7,196.890625,197.03515625,0,0,0,500
42,28,Adaptive Random Forest,Regime 3: XSS/Ransomware,ransomware,1.0,1.0,1.0,1.0,1.0,1.0,0.5,1.0,0.6770833333333334,0.45786676664526266,0.0625,56.10099993646145,0.6145833333333334,True,264.375,268.2,196.890625,197.0390625,0,0,0,500
42,28,Adaptive Extra Trees,Regime 3: XSS/Ransomware,ransomware,1.0,1.0,1.0,1.0,1.0,1.0,0.5,1.0,0.6770833333333334,0.45786676664526266,0.0625,56.10099993646145,0.6145833333333334,True,264.375,268.2,196.890625,197.0390625,0,0,0,500
42,28,Adaptive Gradient Boosting,Regime 3: XSS/Ransomware,ransomware,1.0,1.0,1.0,1.0,1.0,1.0,0.5,1.0,0.6770833333333334,0.45786676664526266,0.0625,56.10099993646145,0.6145833333333334,True,264.375,268.2,196.890625,197.0390625,0,0,0,500
42,29,Frozen Model,Regime 4: Backdoor,backdoor,0.0,0.0,0.0,0.0,0.0,0.0,0.5,1.0,0.046875,0.038036900106817484,0.046875,38.036900106817484,0.0,False,287.5,294.7,202.48524305555554,202.6171875,0,0,500,0
42,29,Continuously Retrained Ensemble,Regime 4: Backdoor,backdoor,1.0,1.0,1.0,1.0,1.0,1.0,0.5,1.0,2.046875,1.2670977003872395,0.0625,39.64189998805523,1.984375,True,359.9666666666667,573.0,202.46180555555554,202.609375,0,0,0,500
42,29,Event-Driven Ensemble,Regime 4: Backdoor,backdoor,1.0,1.0,1.0,1.0,1.0,1.0,0.5,1.0,2.078125,1.2989126001484692,0.046875,42.73970006033778,2.03125,True,284.40000000000003,287.7,202.4765625,202.609375,0,0,0,500
42,29,Adaptive Random Forest,Regime 4: Backdoor,backdoor,1.0,1.0,1.0,1.0,1.0,1.0,0.5,1.0,0.7239583333333334,0.44879383345444995,0.0625,39.64189998805523,0.6614583333333334,True,359.9666666666667,573.0,202.46180555555554,202.609375,0,0,0,500
42,29,Adaptive Extra Trees,Regime 4: Backdoor,backdoor,1.0,1.0,1.0,1.0,1.0,1.0,0.5,1.0,0.7239583333333334,0.44879383345444995,0.0625,39.64189998805523,0.6614583333333334,True,359.9666666666667,573.0,202.46180555555554,202.609375,0,0,0,500
42,29,Adaptive Gradient Boosting,Regime 4: Backdoor,backdoor,0.982706002034588,0.491353001017294,0.966,1.0,0.966,0.966,0.5,1.0,0.7239583333333334,0.44879383345444995,0.0625,39.64189998805523,0.6614583333333334,True,359.9666666666667,573.0,202.46180555555554,202.609375,0,0,17,483
42,30,Frozen Model,Regime 4: Backdoor,backdoor,0.3416252072968491,0.17081260364842454,0.206,1.0,0.206,0.206,0.5,1.0,0.078125,0.04279209999367595,0.078125,42.79209999367595,0.0,False,479.5,575.8,203.396484375,203.5390625,0,0,397,103
42,30,Continuously Retrained Ensemble,Regime 4: Backdoor,backdoor,1.0,1.0,1.0,1.0,1.0,1.0,0.5,1.0,1.96875,1.3943292000330985,0.0625,102.95190010219812,1.90625,True,321.8666666666666,501.9,203.3818359375,203.5390625,0,0,0,500
42,30,Event-Driven Ensemble,Regime 4: Backdoor,backdoor,1.0,1.0,1.0,1.0,1.0,1.0,0.5,1.0,2.03125,1.3588914996944368,0.09375,58.88149980455637,1.9375,True,429.57499999999993,584.6,203.40006510416666,203.53515625,0,0,0,500
42,30,Adaptive Random Forest,Regime 4: Backdoor,backdoor,1.0,1.0,1.0,1.0,1.0,1.0,0.5,1.0,0.6979166666666666,0.533411000079165,0.0625,102.95190010219812,0.6354166666666666,True,321.8666666666666,501.9,203.3818359375,203.5390625,0,0,0,500
42,30,Adaptive Extra Trees,Regime 4: Backdoor,backdoor,1.0,1.0,1.0,1.0,1.0,1.0,0.5,1.0,0.6979166666666666,0.533411000079165,0.0625,102.95190010219812,0.6354166666666666,True,321.8666666666666,501.9,203.3818359375,203.5390625,0,0,0,500
42,30,Adaptive Gradient Boosting,Regime 4: Backdoor,backdoor,1.0,1.0,1.0,1.0,1.0,1.0,0.5,1.0,0.6979166666666666,0.533411000079165,0.0625,102.95190010219812,0.6354166666666666,True,321.8666666666666,501.9,203.3818359375,203.5390625,0,0,0,500
42,31,Frozen Model,Regime 4: Backdoor,backdoor,0.0,0.0,0.0,0.0,0.0,0.0,0.5,1.0,0.0625,0.057669900357723236,0.0625,57.669900357723236,0.0,False,343.4666666666667,534.0,197.541015625,197.7578125,0,0,500,0
42,31,Continuously Retrained Ensemble,Regime 4: Backdoor,backdoor,1.0,1.0,1.0,1.0,1.0,1.0,0.5,1.0,2.0625,1.371234799735248,0.09375,52.665899973362684,1.96875,True,537.4333333333333,1057.5,197.6388494318182,197.7578125,0,0,0,500
42,31,Event-Driven Ensemble,Regime 4: Backdoor,backdoor,1.0,1.0,1.0,1.0,1.0,1.0,0.5,1.0,0.046875,0.04059490002691746,0.046875,40.59490002691746,0.0,False,413.75,554.0,197.62369791666666,197.76171875,0,0,0,500
42,31,Adaptive Random Forest,Regime 4: Backdoor,backdoor,1.0,1.0,1.0,1.0,1.0,1.0,0.5,1.0,0.75,0.4921888665606578,0.09375,52.665899973362684,0.65625,True,537.4333333333333,1057.5,197.6388494318182,197.7578125,0,0,0,500
42,31,Adaptive Extra Trees,Regime 4: Backdoor,backdoor,1.0,1.0,1.0,1.0,1.0,1.0,0.5,1.0,0.75,0.4921888665606578,0.09375,52.665899973362684,0.65625,True,537.4333333333333,1057.5,197.6388494318182,197.7578125,0,0,0,500
42,31,Adaptive Gradient Boosting,Regime 4: Backdoor,backdoor,0.9969909729187563,0.49849548645937813,0.994,1.0,0.994,0.994,0.5,1.0,0.75,0.4921888665606578,0.09375,52.665899973362684,0.65625,True,537.4333333333333,1057.5,197.6388494318182,197.7578125,0,0,3,497
42,32,Frozen Model,Regime 4: Backdoor,backdoor,0.023715415019762844,0.011857707509881422,0.012,1.0,0.012,0.012,0.5,1.0,0.03125,0.03963760007172823,0.03125,39.63760007172823,0.0,False,240.05,296.3,204.12890625,204.27734375,0,0,494,6
42,32,Continuously Retrained Ensemble,Regime 4: Backdoor,backdoor,1.0,1.0,1.0,1.0,1.0,1.0,0.5,1.0,2.28125,1.4046271992847323,0.015625,55.84299983456731,2.265625,True,259.2,259.2,204.1494140625,204.28515625,0,0,0,500
42,32,Event-Driven Ensemble,Regime 4: Backdoor,backdoor,1.0,1.0,1.0,1.0,1.0,1.0,0.5,1.0,0.109375,0.09439500002190471,0.109375,94.3950000219047,0.0,False,287.90000000000003,390.5,204.1044921875,204.2734375,0,0,0,500
42,32,Adaptive Random Forest,Regime 4: Backdoor,backdoor,1.0,1.0,1.0,1.0,1.0,1.0,0.5,1.0,0.7708333333333334,0.5054377329846222,0.015625,55.84299983456731,0.7552083333333334,True,259.2,259.2,204.1494140625,204.28515625,0,0,0,500
42,32,Adaptive Extra Trees,Regime 4: Backdoor,backdoor,1.0,1.0,1.0,1.0,1.0,1.0,0.5,1.0,0.7708333333333334,0.5054377329846222,0.015625,55.84299983456731,0.7552083333333334,True,259.2,259.2,204.1494140625,204.28515625,0,0,0,500
42,32,Adaptive Gradient Boosting,Regime 4: Backdoor,backdoor,0.9959839357429718,0.4979919678714859,0.992,1.0,0.992,0.992,0.5,1.0,0.7708333333333334,0.5054377329846222,0.015625,55.84299983456731,0.7552083333333334,True,259.2,259.2,204.1494140625,204.28515625,0,0,4,496
42,33,Frozen Model,Regime 4: Backdoor,backdoor,0.20466786355475763,0.10233393177737882,0.114,1.0,0.114,0.114,0.5,1.0,0.03125,0.0388023997657001,0.03125,38.8023997657001,0.0,False,259.95000000000005,285.6,204.91753472222223,205.05859375,0,0,443,57
42,33,Continuously Retrained Ensemble,Regime 4: Backdoor,backdoor,1.0,1.0,1.0,1.0,1.0,1.0,0.5,1.0,2.1875,1.3946516001597047,0.015625,39.896899834275246,2.171875,True,263.9,263.9,204.91623263888889,205.05859375,0,0,0,500
42,33,Event-Driven Ensemble,Regime 4: Backdoor,backdoor,1.0,1.0,1.0,1.0,1.0,1.0,0.5,1.0,2.171875,1.3821763000451028,0.046875,40.13630002737045,2.125,True,386.70000000000005,553.7,204.91232638888889,205.05078125,0,0,0,500
42,33,Adaptive Random Forest,Regime 4: Backdoor,backdoor,1.0,1.0,1.0,1.0,1.0,1.0,0.5,1.0,0.7395833333333334,0.4914817999427517,0.015625,39.896899834275246,0.7239583333333334,True,263.9,263.9,204.91623263888889,205.05859375,0,0,0,500
42,33,Adaptive Extra Trees,Regime 4: Backdoor,backdoor,1.0,1.0,1.0,1.0,1.0,1.0,0.5,1.0,0.7395833333333334,0.4914817999427517,0.015625,39.896899834275246,0.7239583333333334,True,263.9,263.9,204.91623263888889,205.05859375,0,0,0,500
42,33,Adaptive Gradient Boosting,Regime 4: Backdoor,backdoor,0.9878542510121457,0.4939271255060729,0.976,1.0,0.976,0.976,0.5,1.0,0.7395833333333334,0.4914817999427517,0.015625,39.896899834275246,0.7239583333333334,True,263.9,263.9,204.91623263888889,205.05859375,0,0,12,488
42,34,Frozen Model,Regime 4: Backdoor,backdoor,0.3443708609271523,0.17218543046357615,0.208,1.0,0.208,0.208,0.5,1.0,0.03125,0.03841169970110059,0.03125,38.41169970110059,0.0,False,277.9,278.4,203.02647569444446,203.15234375,0,0,396,104
42,34,Continuously Retrained Ensemble,Regime 4: Backdoor,backdoor,1.0,1.0,1.0,1.0,1.0,1.0,0.5,1.0,2.359375,1.5145710003562272,0.046875,57.7695001848042,2.3125,True,265.1666666666667,284.1,203.03385416666666,203.15234375,0,0,0,500
42,34,Event-Driven Ensemble,Regime 4: Backdoor,backdoor,1.0,1.0,1.0,1.0,1.0,1.0,0.5,1.0,2.328125,1.4670069999992847,0.0625,39.62890012189746,2.265625,True,890.8000000000001,1798.0,203.01822916666666,203.15234375,0,0,0,500
42,34,Adaptive Random Forest,Regime 4: Backdoor,backdoor,1.0,1.0,1.0,1.0,1.0,1.0,0.5,1.0,0.8177083333333334,0.5433700002419453,0.046875,57.7695001848042,0.7708333333333334,True,265.1666666666667,284.1,203.03385416666666,203.15234375,0,0,0,500
42,34,Adaptive Extra Trees,Regime 4: Backdoor,backdoor,1.0,1.0,1.0,1.0,1.0,1.0,0.5,1.0,0.8177083333333334,0.5433700002419453,0.046875,57.7695001848042,0.7708333333333334,True,265.1666666666667,284.1,203.03385416666666,203.15234375,0,0,0,500
42,34,Adaptive Gradient Boosting,Regime 4: Backdoor,backdoor,1.0,1.0,1.0,1.0,1.0,1.0,0.5,1.0,0.8177083333333334,0.5433700002419453,0.046875,57.7695001848042,0.7708333333333334,True,265.1666666666667,284.1,203.03385416666666,203.15234375,0,0,0,500
42,35,Frozen Model,Regime 4: Backdoor,backdoor,0.817966903073286,0.408983451536643,0.692,1.0,0.692,0.692,0.5,1.0,0.046875,0.03728900011628866,0.046875,37.28900011628866,0.0,False,416.75,555.8,205.13845486111111,205.26953125,0,0,154,346
42,35,Continuously Retrained Ensemble,Regime 4: Backdoor,backdoor,1.0,1.0,1.0,1.0,1.0,1.0,0.5,1.0,2.390625,1.5480000996030867,0.046875,53.1119997613132,2.34375,True,386.0,493.7,205.15092329545453,205.2734375,0,0,0,500
42,35,Event-Driven Ensemble,Regime 4: Backdoor,backdoor,1.0,1.0,1.0,1.0,1.0,1.0,0.5,1.0,2.28125,1.5316054997965693,0.046875,41.09289962798357,2.234375,True,765.8000000000001,1756.4,205.12369791666666,205.26953125,0,0,0,500
42,35,Adaptive Random Forest,Regime 4: Backdoor,backdoor,1.0,1.0,1.0,1.0,1.0,1.0,0.5,1.0,0.828125,0.5514080330419044,0.046875,53.1119997613132,0.78125,True,386.0,493.7,205.15092329545453,205.2734375,0,0,0,500
42,35,Adaptive Extra Trees,Regime 4: Backdoor,backdoor,1.0,1.0,1.0,1.0,1.0,1.0,0.5,1.0,0.828125,0.5514080330419044,0.046875,53.1119997613132,0.78125,True,386.0,493.7,205.15092329545453,205.2734375,0,0,0,500
42,35,Adaptive Gradient Boosting,Regime 4: Backdoor,backdoor,1.0,1.0,1.0,1.0,1.0,1.0,0.5,1.0,0.828125,0.5514080330419044,0.046875,53.1119997613132,0.78125,True,386.0,493.7,205.15092329545453,205.2734375,0,0,0,500
42,36,Frozen Model,Regime 4: Backdoor,backdoor,0.7760097919216646,0.3880048959608323,0.634,1.0,0.634,0.634,0.5,1.0,0.046875,0.04041570005938411,0.046875,40.41570005938411,0.0,False,290.2666666666667,298.6,204.444921875,204.60546875,0,0,183,317
42,36,Continuously Retrained Ensemble,Regime 4: Backdoor,backdoor,1.0,1.0,1.0,1.0,1.0,1.0,0.5,1.0,2.375,1.572053600102663,0.0625,39.467299822717905,2.3125,True,877.7666666666668,1750.9,204.46614583333334,204.60546875,0,0,0,500
42,36,Event-Driven Ensemble,Regime 4: Backdoor,backdoor,1.0,1.0,1.0,1.0,1.0,1.0,0.5,1.0,2.265625,1.4110753005370498,0.0625,40.46569997444749,2.203125,True,957.0333333333334,1978.9,204.46571180555554,204.60546875,0,0,0,500
42,36,Adaptive Random Forest,Regime 4: Backdoor,backdoor,1.0,1.0,1.0,1.0,1.0,1.0,0.5,1.0,0.8333333333333334,0.5503293999160329,0.0625,39.467299822717905,0.7708333333333334,True,877.7666666666668,1750.9,204.46614583333334,204.60546875,0,0,0,500
42,36,Adaptive Extra Trees,Regime 4: Backdoor,backdoor,1.0,1.0,1.0,1.0,1.0,1.0,0.5,1.0,0.8333333333333334,0.5503293999160329,0.0625,39.467299822717905,0.7708333333333334,True,877.7666666666668,1750.9,204.46614583333334,204.60546875,0,0,0,500
42,36,Adaptive Gradient Boosting,Regime 4: Backdoor,backdoor,1.0,1.0,1.0,1.0,1.0,1.0,0.5,1.0,0.8333333333333334,0.5503293999160329,0.0625,39.467299822717905,0.7708333333333334,True,877.7666666666668,1750.9,204.46614583333334,204.60546875,0,0,0,500
42,37,Frozen Model,Regime 4: Backdoor,backdoor,0.7212276214833759,0.36061381074168797,0.564,1.0,0.564,0.564,0.5,1.0,0.03125,0.037564899772405624,0.03125,37.564899772405624,0.0,False,600.6,600.6,205.25260416666666,205.37890625,0,0,218,282
42,37,Continuously Retrained Ensemble,Regime 4: Backdoor,backdoor,1.0,1.0,1.0,1.0,1.0,1.0,0.5,1.0,2.578125,1.5079848989844322,0.03125,39.431499782949686,2.546875,True,1038.45,1785.1,205.23307291666666,205.37109375,0,0,0,500
42,37,Event-Driven Ensemble,Regime 4: Backdoor,backdoor,1.0,1.0,1.0,1.0,1.0,1.0,0.5,1.0,2.453125,1.5527184000238776,0.046875,51.735700108110905,2.40625,True,758.5,1755.2,205.26171875,205.37890625,0,0,0,500
42,37,Adaptive Random Forest,Regime 4: Backdoor,backdoor,1.0,1.0,1.0,1.0,1.0,1.0,0.5,1.0,0.8802083333333334,0.5289492995167773,0.03125,39.431499782949686,0.8489583333333334,True,1038.45,1785.1,205.23307291666666,205.37109375,0,0,0,500
42,37,Adaptive Extra Trees,Regime 4: Backdoor,backdoor,1.0,1.0,1.0,1.0,1.0,1.0,0.5,1.0,0.8802083333333334,0.5289492995167773,0.03125,39.431499782949686,0.8489583333333334,True,1038.45,1785.1,205.23307291666666,205.37109375,0,0,0,500
42,37,Adaptive Gradient Boosting,Regime 4: Backdoor,backdoor,0.946259220231823,0.4731296101159115,0.898,1.0,0.898,0.898,0.5,1.0,0.8802083333333334,0.5289492995167773,0.03125,39.431499782949686,0.8489583333333334,True,1038.45,1785.1,205.23307291666666,205.37109375,0,0,51,449
43,0,Frozen Model,Regime 1: DDoS,injection,0.7437185929648241,0.37185929648241206,0.592,1.0,0.592,0.592,0.5,1.0,0.046875,0.037247899919748306,0.046875,37.247899919748306,0.0,False,393.75,531.8,203.70008680555554,203.828125,0,0,204,296
43,0,Continuously Retrained Ensemble,Regime 1: DDoS,injection,0.7437185929648241,0.37185929648241206,0.592,1.0,0.592,0.592,0.5,1.0,0.625,0.5246820007450879,0.03125,39.415800012648106,0.59375,True,251.9,291.3,203.68836805555554,203.828125,0,0,204,296
43,0,Event-Driven Ensemble,Regime 1: DDoS,injection,0.7437185929648241,0.37185929648241206,0.592,1.0,0.592,0.592,0.5,1.0,0.046875,0.05163270002231002,0.046875,51.63270002231002,0.0,False,282.06666666666666,292.7,203.70182291666666,203.82421875,0,0,204,296
43,0,Adaptive Random Forest,Regime 1: DDoS,injection,0.7437185929648241,0.37185929648241206,0.592,1.0,0.592,0.592,0.5,1.0,0.22916666666666666,0.2011712002567947,0.03125,39.415800012648106,0.19791666666666666,True,251.9,291.3,203.68836805555554,203.828125,0,0,204,296
43,0,Adaptive Extra Trees,Regime 1: DDoS,injection,0.7146529562982005,0.35732647814910024,0.556,1.0,0.556,0.556,0.5,1.0,0.22916666666666666,0.2011712002567947,0.03125,39.415800012648106,0.19791666666666666,True,251.9,291.3,203.68836805555554,203.828125,0,0,222,278
43,0,Adaptive Gradient Boosting,Regime 1: DDoS,injection,0.7437185929648241,0.37185929648241206,0.592,1.0,0.592,0.592,0.5,1.0,0.22916666666666666,0.2011712002567947,0.03125,39.415800012648106,0.19791666666666666,True,251.9,291.3,203.68836805555554,203.828125,0,0,204,296
43,1,Frozen Model,Regime 1: DDoS,ddos,0.06576402321083172,0.03288201160541586,0.034,1.0,0.034,0.034,0.5,1.0,0.046875,0.04526010015979409,0.046875,45.26010015979409,0.0,False,271.06666666666666,294.8,204.530078125,204.67578125,0,0,483,17
43,1,Continuously Retrained Ensemble,Regime 1: DDoS,ddos,0.8492520138089759,0.42462600690448793,0.738,1.0,0.738,0.738,0.5,1.0,0.734375,0.5618922994472086,0.046875,39.59369985386729,0.6875,True,373.95,502.8,204.55121527777777,204.6875,0,0,131,369
43,1,Event-Driven Ensemble,Regime 1: DDoS,ddos,0.07321772639691715,0.036608863198458574,0.038,1.0,0.038,0.038,0.5,1.0,0.625,0.5382428001612425,0.03125,42.015000246465206,0.59375,True,276.35,278.6,204.5546875,204.68359375,0,0,481,19
43,1,Adaptive Random Forest,Regime 1: DDoS,ddos,0.8165680473372781,0.40828402366863903,0.69,1.0,0.69,0.69,0.5,1.0,0.27604166666666663,0.21369323305164775,0.046875,39.59369985386729,0.22916666666666666,True,373.95,502.8,204.55121527777777,204.6875,0,0,155,345
43,1,Adaptive Extra Trees,Regime 1: DDoS,ddos,0.9929506545820745,0.49647532729103727,0.986,1.0,0.986,0.986,0.5,1.0,0.27604166666666663,0.21369323305164775,0.046875,39.59369985386729,0.22916666666666666,True,373.95,502.8,204.55121527777777,204.6875,0,0,7,493
43,1,Adaptive Gradient Boosting,Regime 1: DDoS,ddos,0.8492520138089759,0.42462600690448793,0.738,1.0,0.738,0.738,0.5,1.0,0.27604166666666663,0.21369323305164775,0.046875,39.59369985386729,0.22916666666666666,True,373.95,502.8,204.55121527777777,204.6875,0,0,131,369
43,2,Frozen Model,Regime 1: DDoS,ddos,0.0,0.0,0.0,0.0,0.0,0.0,0.5,1.0,0.03125,0.038660900201648474,0.03125,38.660900201648474,0.0,False,284.8,286.5,205.11762152777777,205.26171875,0,0,500,0
43,2,Continuously Retrained Ensemble,Regime 1: DDoS,ddos,0.9847715736040609,0.49238578680203043,0.97,1.0,0.97,0.97,0.5,1.0,0.703125,0.5531267998740077,0.03125,40.12259980663657,0.671875,True,294.45,298.0,205.1171875,205.2578125,0,0,15,485
43,2,Event-Driven Ensemble,Regime 1: DDoS,ddos,0.778998778998779,0.3894993894993895,0.638,1.0,0.638,0.638,0.5,1.0,0.796875,0.5843780003488064,0.046875,42.11599985137582,0.75,True,280.1333333333334,298.3,205.096875,205.2578125,0,0,181,319
43,2,Adaptive Random Forest,Regime 1: DDoS,ddos,0.7452948557089084,0.3726474278544542,0.594,1.0,0.594,0.594,0.5,1.0,0.25520833333333337,0.2111239998290936,0.03125,40.12259980663657,0.22395833333333334,True,294.45,298.0,205.1171875,205.2578125,0,0,203,297
43,2,Adaptive Extra Trees,Regime 1: DDoS,ddos,1.0,1.0,1.0,1.0,1.0,1.0,0.5,1.0,0.25520833333333337,0.2111239998290936,0.03125,40.12259980663657,0.22395833333333334,True,294.45,298.0,205.1171875,205.2578125,0,0,0,500
43,2,Adaptive Gradient Boosting,Regime 1: DDoS,ddos,0.7437185929648241,0.37185929648241206,0.592,1.0,0.592,0.592,0.5,1.0,0.25520833333333337,0.2111239998290936,0.03125,40.12259980663657,0.22395833333333334,True,294.45,298.0,205.1171875,205.2578125,0,0,204,296
43,3,Frozen Model,Regime 1: DDoS,ddos,0.011928429423459244,0.005964214711729622,0.006,1.0,0.006,0.006,0.5,1.0,0.046875,0.039334400091320276,0.046875,39.334400091320276,0.0,False,269.5333333333333,276.1,206.34809027777777,206.48046875,0,0,497,3
43,3,Continuously Retrained Ensemble,Regime 1: DDoS,ddos,0.9919354838709677,0.4959677419354839,0.984,1.0,0.984,0.984,0.5,1.0,0.640625,0.6223177001811564,0.03125,40.144100319594145,0.609375,True,269.4,272.4,206.34114583333334,206.484375,0,0,8,492
43,3,Event-Driven Ensemble,Regime 1: DDoS,ddos,0.9888776541961577,0.49443882709807885,0.978,1.0,0.978,0.978,0.5,1.0,0.0625,0.03975720005109906,0.0625,39.75720005109906,0.0,False,349.2666666666667,517.4,206.35026041666666,206.48046875,0,0,11,489
43,3,Adaptive Random Forest,Regime 1: DDoS,ddos,0.5855728429985856,0.2927864214992928,0.414,1.0,0.414,0.414,0.5,1.0,0.234375,0.2342019669401149,0.03125,40.144100319594145,0.203125,True,269.4,272.4,206.34114583333334,206.484375,0,0,293,207
43,3,Adaptive Extra Trees,Regime 1: DDoS,ddos,1.0,1.0,1.0,1.0,1.0,1.0,0.5,1.0,0.234375,0.2342019669401149,0.03125,40.144100319594145,0.203125,True,269.4,272.4,206.34114583333334,206.484375,0,0,0,500
43,3,Adaptive Gradient Boosting,Regime 1: DDoS,ddos,0.9888776541961577,0.49443882709807885,0.978,1.0,0.978,0.978,0.5,1.0,0.234375,0.2342019669401149,0.03125,40.144100319594145,0.203125,True,269.4,272.4,206.34114583333334,206.484375,0,0,11,489
43,4,Frozen Model,Regime 1: DDoS,ddos,0.4939759036144578,0.2469879518072289,0.328,1.0,0.328,0.328,0.5,1.0,0.046875,0.037537699565291405,0.046875,37.537699565291405,0.0,False,422.75,564.1,206.43055555555554,206.57421875,0,0,336,164
43,4,Continuously Retrained Ensemble,Regime 1: DDoS,ddos,1.0,1.0,1.0,1.0,1.0,1.0,0.5,1.0,0.84375,0.7054418995976448,0.03125,64.82650013640523,0.8125,True,286.65,295.1,206.46986607142858,206.56640625,0,0,0,500
43,4,Event-Driven Ensemble,Regime 1: DDoS,ddos,0.9224137931034483,0.46120689655172414,0.856,1.0,0.856,0.856,0.5,1.0,1.1875,0.8494960991665721,0.078125,54.22039981931448,1.109375,True,414.90000000000003,725.5,206.439453125,206.5625,0,0,72,428
43,4,Adaptive Random Forest,Regime 1: DDoS,ddos,0.9690721649484536,0.4845360824742268,0.94,1.0,0.94,0.94,0.5,1.0,0.3020833333333333,0.2783649666234851,0.03125,64.82650013640523,0.2708333333333333,True,286.65,295.1,206.46986607142858,206.56640625,0,0,30,470
43,4,Adaptive Extra Trees,Regime 1: DDoS,ddos,1.0,1.0,1.0,1.0,1.0,1.0,0.5,1.0,0.3020833333333333,0.2783649666234851,0.03125,64.82650013640523,0.2708333333333333,True,286.65,295.1,206.46986607142858,206.56640625,0,0,0,500
43,4,Adaptive Gradient Boosting,Regime 1: DDoS,ddos,0.839907192575406,0.419953596287703,0.724,1.0,0.724,0.724,0.5,1.0,0.3020833333333333,0.2783649666234851,0.03125,64.82650013640523,0.2708333333333333,True,286.65,295.1,206.46986607142858,206.56640625,0,0,138,362
43,5,Frozen Model,Regime 1: DDoS,ddos,0.5007496251874063,0.25037481259370314,0.334,1.0,0.334,0.334,0.5,1.0,0.046875,0.08798049995675683,0.046875,87.98049995675683,0.0,False,240.13333333333333,248.1,207.4482421875,207.578125,0,0,333,167
43,5,Continuously Retrained Ensemble,Regime 1: DDoS,ddos,1.0,1.0,1.0,1.0,1.0,1.0,0.5,1.0,1.109375,0.9386739004403353,0.046875,82.48959993943572,1.0625,True,243.9666666666667,284.6,207.46432291666667,207.58203125,0,0,0,500
43,5,Event-Driven Ensemble,Regime 1: DDoS,ddos,1.0,1.0,1.0,1.0,1.0,1.0,0.5,1.0,0.859375,0.7384549006819725,0.09375,110.86959997192025,0.765625,True,292.7,497.8,207.4236328125,207.57421875,0,0,0,500
43,5,Adaptive Random Forest,Regime 1: DDoS,ddos,1.0,1.0,1.0,1.0,1.0,1.0,0.5,1.0,0.4010416666666667,0.3678843667730689,0.046875,82.48959993943572,0.3541666666666667,True,243.9666666666667,284.6,207.46432291666667,207.58203125,0,0,0,500
43,5,Adaptive Extra Trees,Regime 1: DDoS,ddos,1.0,1.0,1.0,1.0,1.0,1.0,0.5,1.0,0.4010416666666667,0.3678843667730689,0.046875,82.48959993943572,0.3541666666666667,True,243.9666666666667,284.6,207.46432291666667,207.58203125,0,0,0,500
43,5,Adaptive Gradient Boosting,Regime 1: DDoS,ddos,0.998998998998999,0.4994994994994995,0.998,1.0,0.998,0.998,0.5,1.0,0.4010416666666667,0.3678843667730689,0.046875,82.48959993943572,0.3541666666666667,True,243.9666666666667,284.6,207.46432291666667,207.58203125,0,0,1,499
43,6,Frozen Model,Regime 1: DDoS,ddos,0.5029940119760479,0.25149700598802394,0.336,1.0,0.336,0.336,0.5,1.0,0.03125,0.03926769969984889,0.03125,39.26769969984889,0.0,False,276.70000000000005,279.3,207.39670138888889,207.5234375,0,0,332,168
43,6,Continuously Retrained Ensemble,Regime 1: DDoS,ddos,1.0,1.0,1.0,1.0,1.0,1.0,0.5,1.0,1.09375,0.7109472998417914,0.03125,39.7469000890851,1.0625,True,287.85,293.8,207.38715277777777,207.53515625,0,0,0,500
43,6,Event-Driven Ensemble,Regime 1: DDoS,ddos,1.0,1.0,1.0,1.0,1.0,1.0,0.5,1.0,0.9375,0.6980719999410212,0.09375,41.51570005342364,0.84375,True,578.1666666666666,895.0,207.38984375,207.53515625,0,0,0,500
43,6,Adaptive Random Forest,Regime 1: DDoS,ddos,1.0,1.0,1.0,1.0,1.0,1.0,0.5,1.0,0.3854166666666667,0.26348036667332053,0.03125,39.7469000890851,0.3541666666666667,True,287.85,293.8,207.38715277777777,207.53515625,0,0,0,500
43,6,Adaptive Extra Trees,Regime 1: DDoS,ddos,1.0,1.0,1.0,1.0,1.0,1.0,0.5,1.0,0.3854166666666667,0.26348036667332053,0.03125,39.7469000890851,0.3541666666666667,True,287.85,293.8,207.38715277777777,207.53515625,0,0,0,500
43,6,Adaptive Gradient Boosting,Regime 1: DDoS,ddos,1.0,1.0,1.0,1.0,1.0,1.0,0.5,1.0,0.3854166666666667,0.26348036667332053,0.03125,39.7469000890851,0.3541666666666667,True,287.85,293.8,207.38715277777777,207.53515625,0,0,0,500
43,7,Frozen Model,Regime 1: DDoS,ddos,0.49624060150375937,0.24812030075187969,0.33,1.0,0.33,0.33,0.5,1.0,0.03125,0.03809599997475743,0.03125,38.09599997475743,0.0,False,283.35,291.1,202.07335069444446,202.3125,0,0,335,165
43,7,Continuously Retrained Ensemble,Regime 1: DDoS,ddos,1.0,1.0,1.0,1.0,1.0,1.0,0.5,1.0,0.984375,0.7040054998360574,0.03125,40.76700005680323,0.953125,True,274.7,278.4,202.135546875,202.30078125,0,0,0,500
43,7,Event-Driven Ensemble,Regime 1: DDoS,ddos,1.0,1.0,1.0,1.0,1.0,1.0,0.5,1.0,1.140625,0.713497499935329,0.046875,52.394799888134,1.09375,True,285.90000000000003,298.6,202.17415364583334,202.3046875,0,0,0,500
43,7,Adaptive Random Forest,Regime 1: DDoS,ddos,1.0,1.0,1.0,1.0,1.0,1.0,0.5,1.0,0.3489583333333333,0.2618464999832213,0.03125,40.76700005680323,0.3177083333333333,True,274.7,278.4,202.135546875,202.30078125,0,0,0,500
43,7,Adaptive Extra Trees,Regime 1: DDoS,ddos,1.0,1.0,1.0,1.0,1.0,1.0,0.5,1.0,0.3489583333333333,0.2618464999832213,0.03125,40.76700005680323,0.3177083333333333,True,274.7,278.4,202.135546875,202.30078125,0,0,0,500
43,7,Adaptive Gradient Boosting,Regime 1: DDoS,ddos,0.9959839357429718,0.4979919678714859,0.992,1.0,0.992,0.992,0.5,1.0,0.3489583333333333,0.2618464999832213,0.03125,40.76700005680323,0.3177083333333333,True,274.7,278.4,202.135546875,202.30078125,0,0,4,496
43,8,Frozen Model,Regime 1: DDoS,ddos,0.6225895316804407,0.31129476584022037,0.452,1.0,0.452,0.452,0.5,1.0,0.03125,0.040182600263506174,0.03125,40.182600263506174,0.0,False,273.5,275.2,202.60078125,202.859375,0,0,274,226
43,8,Continuously Retrained Ensemble,Regime 1: DDoS,ddos,1.0,1.0,1.0,1.0,1.0,1.0,0.5,1.0,1.140625,0.7211399995721877,0.046875,39.014500100165606,1.09375,True,445.15,587.9,202.71310763888889,202.859375,0,0,0,500
43,8,Event-Driven Ensemble,Regime 1: DDoS,ddos,1.0,1.0,1.0,1.0,1.0,1.0,0.5,1.0,0.96875,0.7676529996097088,0.03125,43.14789967611432,0.9375,True,265.3,271.0,202.7171875,202.921875,0,0,0,500
43,8,Adaptive Random Forest,Regime 1: DDoS,ddos,1.0,1.0,1.0,1.0,1.0,1.0,0.5,1.0,0.4114583333333333,0.2663896665908396,0.046875,39.014500100165606,0.3645833333333333,True,445.15,587.9,202.71310763888889,202.859375,0,0,0,500
43,8,Adaptive Extra Trees,Regime 1: DDoS,ddos,1.0,1.0,1.0,1.0,1.0,1.0,0.5,1.0,0.4114583333333333,0.2663896665908396,0.046875,39.014500100165606,0.3645833333333333,True,445.15,587.9,202.71310763888889,202.859375,0,0,0,500
43,8,Adaptive Gradient Boosting,Regime 1: DDoS,ddos,1.0,1.0,1.0,1.0,1.0,1.0,0.5,1.0,0.4114583333333333,0.2663896665908396,0.046875,39.014500100165606,0.3645833333333333,True,445.15,587.9,202.71310763888889,202.859375,0,0,0,500
43,9,Frozen Model,Regime 1: DDoS,ddos,0.8888888888888888,0.4444444444444444,0.8,1.0,0.8,0.8,0.5,1.0,0.03125,0.03940929984673858,0.03125,39.40929984673858,0.0,False,259.25,273.5,207.87717013888889,208.00390625,0,0,100,400
43,9,Continuously Retrained Ensemble,Regime 1: DDoS,ddos,1.0,1.0,1.0,1.0,1.0,1.0,0.5,1.0,1.15625,0.7994888997636735,0.0625,40.9277998842299,1.09375,True,324.06666666666666,495.7,207.87717013888889,208.015625,0,0,0,500
43,9,Event-Driven Ensemble,Regime 1: DDoS,ddos,1.0,1.0,1.0,1.0,1.0,1.0,0.5,1.0,1.1875,0.7542134006507695,0.0625,38.81080029532313,1.125,True,374.3,567.4,207.88411458333334,208.01171875,0,0,0,500
43,9,Adaptive Random Forest,Regime 1: DDoS,ddos,1.0,1.0,1.0,1.0,1.0,1.0,0.5,1.0,0.4270833333333333,0.29378149984404445,0.0625,40.9277998842299,0.3645833333333333,True,324.06666666666666,495.7,207.87717013888889,208.015625,0,0,0,500
43,9,Adaptive Extra Trees,Regime 1: DDoS,ddos,1.0,1.0,1.0,1.0,1.0,1.0,0.5,1.0,0.4270833333333333,0.29378149984404445,0.0625,40.9277998842299,0.3645833333333333,True,324.06666666666666,495.7,207.87717013888889,208.015625,0,0,0,500
43,9,Adaptive Gradient Boosting,Regime 1: DDoS,ddos,1.0,1.0,1.0,1.0,1.0,1.0,0.5,1.0,0.4270833333333333,0.29378149984404445,0.0625,40.9277998842299,0.3645833333333333,True,324.06666666666666,495.7,207.87717013888889,208.015625,0,0,0,500
43,10,Frozen Model,Regime 1: DDoS,ddos,0.9339019189765458,0.4669509594882729,0.876,1.0,0.876,0.876,0.5,1.0,0.03125,0.03804650017991662,0.03125,38.04650017991662,0.0,False,286.45,295.7,208.56467013888889,208.703125,0,0,62,438
43,10,Continuously Retrained Ensemble,Regime 1: DDoS,ddos,1.0,1.0,1.0,1.0,1.0,1.0,0.5,1.0,1.1875,0.8037402997724712,0.03125,38.62540004774928,1.15625,True,286.95000000000005,291.6,208.57638888888889,208.70703125,0,0,0,500
43,10,Event-Driven Ensemble,Regime 1: DDoS,ddos,1.0,1.0,1.0,1.0,1.0,1.0,0.5,1.0,1.1875,0.7615388999693096,0.03125,43.18500030785799,1.15625,True,254.95,274.0,208.5546875,208.70703125,0,0,0,500
43,10,Adaptive Random Forest,Regime 1: DDoS,ddos,0.98989898989899,0.494949494949495,0.98,1.0,0.98,0.98,0.5,1.0,0.4166666666666667,0.2936636999559899,0.03125,38.62540004774928,0.3854166666666667,True,286.95000000000005,291.6,208.57638888888889,208.70703125,0,0,10,490
43,10,Adaptive Extra Trees,Regime 1: DDoS,ddos,1.0,1.0,1.0,1.0,1.0,1.0,0.5,1.0,0.4166666666666667,0.2936636999559899,0.03125,38.62540004774928,0.3854166666666667,True,286.95000000000005,291.6,208.57638888888889,208.70703125,0,0,0,500
43,10,Adaptive Gradient Boosting,Regime 1: DDoS,ddos,0.998998998998999,0.4994994994994995,0.998,1.0,0.998,0.998,0.5,1.0,0.4166666666666667,0.2936636999559899,0.03125,38.62540004774928,0.3854166666666667,True,286.95000000000005,291.6,208.57638888888889,208.70703125,0,0,1,499
43,11,Frozen Model,Regime 2: Password,password,0.07321772639691715,0.036608863198458574,0.038,1.0,0.038,0.038,0.5,1.0,0.0625,0.03928339993581176,0.0625,39.28339993581176,0.0,False,357.8333333333333,507.6,202.56119791666666,202.8203125,0,0,481,19
43,11,Continuously Retrained Ensemble,Regime 2: Password,password,0.7357774968394437,0.36788874841972186,0.582,1.0,0.582,0.582,0.5,1.0,1.328125,0.907788900192827,0.0625,41.07500007376075,1.265625,True,380.76666666666665,605.0,202.710546875,202.89453125,0,0,209,291
43,11,Event-Driven Ensemble,Regime 2: Password,password,0.7357774968394437,0.36788874841972186,0.582,1.0,0.582,0.582,0.5,1.0,1.171875,0.798301899805665,0.03125,39.29089987650514,1.140625,True,289.3,297.3,202.75694444444446,202.89453125,0,0,209,291
43,11,Adaptive Random Forest,Regime 2: Password,password,0.7080103359173127,0.35400516795865633,0.548,1.0,0.548,0.548,0.5,1.0,0.484375,0.3299796334467828,0.0625,41.07500007376075,0.421875,True,380.76666666666665,605.0,202.710546875,202.89453125,0,0,226,274
43,11,Adaptive Extra Trees,Regime 2: Password,password,1.0,1.0,1.0,1.0,1.0,1.0,0.5,1.0,0.484375,0.3299796334467828,0.0625,41.07500007376075,0.421875,True,380.76666666666665,605.0,202.710546875,202.89453125,0,0,0,500
43,11,Adaptive Gradient Boosting,Regime 2: Password,password,0.7063389391979301,0.35316946959896506,0.546,1.0,0.546,0.546,0.5,1.0,0.484375,0.3299796334467828,0.0625,41.07500007376075,0.421875,True,380.76666666666665,605.0,202.710546875,202.89453125,0,0,227,273
43,12,Frozen Model,Regime 2: Password,password,0.003992015968063872,0.001996007984031936,0.002,1.0,0.002,0.002,0.5,1.0,0.046875,0.04050910007208586,0.046875,40.50910007208586,0.0,False,401.6,542.7,202.72309027777777,203.0,0,0,499,1
43,12,Continuously Retrained Ensemble,Regime 2: Password,password,1.0,1.0,1.0,1.0,1.0,1.0,0.5,1.0,1.078125,0.8751284000463784,0.046875,69.10069985315204,1.03125,True,263.5,284.4,202.89620535714286,203.0,0,0,0,500
43,12,Event-Driven Ensemble,Regime 2: Password,password,1.0,1.0,1.0,1.0,1.0,1.0,0.5,1.0,1.140625,0.8262215000577271,0.0625,53.97710017859936,1.078125,True,274.52500000000003,283.8,202.87727864583334,203.0,0,0,0,500
43,12,Adaptive Random Forest,Regime 2: Password,password,1.0,1.0,1.0,1.0,1.0,1.0,0.5,1.0,0.390625,0.3377765999175608,0.046875,69.10069985315204,0.34375,True,263.5,284.4,202.89620535714286,203.0,0,0,0,500
43,12,Adaptive Extra Trees,Regime 2: Password,password,1.0,1.0,1.0,1.0,1.0,1.0,0.5,1.0,0.390625,0.3377765999175608,0.046875,69.10069985315204,0.34375,True,263.5,284.4,202.89620535714286,203.0,0,0,0,500
43,12,Adaptive Gradient Boosting,Regime 2: Password,password,0.9868287740628167,0.49341438703140833,0.974,1.0,0.974,0.974,0.5,1.0,0.390625,0.3377765999175608,0.046875,69.10069985315204,0.34375,True,263.5,284.4,202.89620535714286,203.0,0,0,13,487
43,13,Frozen Model,Regime 2: Password,password,0.00796812749003984,0.00398406374501992,0.004,1.0,0.004,0.004,0.5,1.0,0.03125,0.03907010005787015,0.03125,39.07010005787015,0.0,False,280.25,282.7,203.26519097222223,203.5234375,0,0,498,2
43,13,Continuously Retrained Ensemble,Regime 2: Password,password,1.0,1.0,1.0,1.0,1.0,1.0,0.5,1.0,1.28125,0.8723209998570383,0.046875,39.96749967336655,1.234375,True,1124.4499999999998,1694.1,203.366015625,203.52734375,0,0,0,500
43,13,Event-Driven Ensemble,Regime 2: Password,password,1.0,1.0,1.0,1.0,1.0,1.0,0.5,1.0,1.1875,0.8370433989912271,0.046875,39.8974996060133,1.140625,True,395.84999999999997,517.3,203.39192708333334,203.53125,0,0,0,500
43,13,Adaptive Random Forest,Regime 2: Password,password,0.9909182643794148,0.4954591321897074,0.982,1.0,0.982,0.982,0.5,1.0,0.4583333333333333,0.3174186664012571,0.046875,39.96749967336655,0.4114583333333333,True,1124.4499999999998,1694.1,203.366015625,203.52734375,0,0,9,491
43,13,Adaptive Extra Trees,Regime 2: Password,password,1.0,1.0,1.0,1.0,1.0,1.0,0.5,1.0,0.4583333333333333,0.3174186664012571,0.046875,39.96749967336655,0.4114583333333333,True,1124.4499999999998,1694.1,203.366015625,203.52734375,0,0,0,500
43,13,Adaptive Gradient Boosting,Regime 2: Password,password,0.9959839357429718,0.4979919678714859,0.992,1.0,0.992,0.992,0.5,1.0,0.4583333333333333,0.3174186664012571,0.046875,39.96749967336655,0.4114583333333333,True,1124.4499999999998,1694.1,203.366015625,203.52734375,0,0,4,496
43,14,Frozen Model,Regime 2: Password,password,0.31932773109243695,0.15966386554621848,0.19,1.0,0.19,0.19,0.5,1.0,0.03125,0.03713929979130626,0.03125,37.13929979130626,0.0,False,603.8,603.8,203.35460069444446,203.6015625,0,0,405,95
43,14,Continuously Retrained Ensemble,Regime 2: Password,password,1.0,1.0,1.0,1.0,1.0,1.0,0.5,1.0,1.1875,0.8498608996160328,0.03125,38.50629972293973,1.15625,True,280.75,294.7,203.46310763888889,203.59765625,0,0,0,500
43,14,Event-Driven Ensemble,Regime 2: Password,password,1.0,1.0,1.0,1.0,1.0,1.0,0.5,1.0,1.265625,0.8313199998810887,0.046875,38.971500005573034,1.21875,True,419.15,578.5,203.46571180555554,203.59765625,0,0,0,500
43,14,Adaptive Random Forest,Regime 2: Password,password,1.0,1.0,1.0,1.0,1.0,1.0,0.5,1.0,0.4166666666666667,0.30895783302063745,0.03125,38.50629972293973,0.3854166666666667,True,280.75,294.7,203.46310763888889,203.59765625,0,0,0,500
43,14,Adaptive Extra Trees,Regime 2: Password,password,1.0,1.0,1.0,1.0,1.0,1.0,0.5,1.0,0.4166666666666667,0.30895783302063745,0.03125,38.50629972293973,0.3854166666666667,True,280.75,294.7,203.46310763888889,203.59765625,0,0,0,500
43,14,Adaptive Gradient Boosting,Regime 2: Password,password,1.0,1.0,1.0,1.0,1.0,1.0,0.5,1.0,0.4166666666666667,0.30895783302063745,0.03125,38.50629972293973,0.3854166666666667,True,280.75,294.7,203.46310763888889,203.59765625,0,0,0,500
43,15,Frozen Model,Regime 2: Password,password,0.39228295819935693,0.19614147909967847,0.244,1.0,0.244,0.244,0.5,1.0,0.046875,0.0386612000875175,0.046875,38.6612000875175,0.0,False,271.66666666666663,279.9,207.79774305555554,207.92578125,0,0,378,122
43,15,Continuously Retrained Ensemble,Regime 2: Password,password,1.0,1.0,1.0,1.0,1.0,1.0,0.5,1.0,1.375,0.9010040992870927,0.03125,40.720599703490734,1.34375,True,280.45,282.0,207.78776041666666,207.92578125,0,0,0,500
43,15,Event-Driven Ensemble,Regime 2: Password,password,1.0,1.0,1.0,1.0,1.0,1.0,0.5,1.0,1.328125,0.98515440011397,0.046875,105.99000006914139,1.28125,True,282.3333333333333,291.0,207.812744140625,207.9296875,0,0,0,500
43,15,Adaptive Random Forest,Regime 2: Password,password,1.0,1.0,1.0,1.0,1.0,1.0,0.5,1.0,0.4791666666666667,0.32748176623135805,0.03125,40.720599703490734,0.4479166666666667,True,280.45,282.0,207.78776041666666,207.92578125,0,0,0,500
43,15,Adaptive Extra Trees,Regime 2: Password,password,1.0,1.0,1.0,1.0,1.0,1.0,0.5,1.0,0.4791666666666667,0.32748176623135805,0.03125,40.720599703490734,0.4479166666666667,True,280.45,282.0,207.78776041666666,207.92578125,0,0,0,500
43,15,Adaptive Gradient Boosting,Regime 2: Password,password,1.0,1.0,1.0,1.0,1.0,1.0,0.5,1.0,0.4791666666666667,0.32748176623135805,0.03125,40.720599703490734,0.4479166666666667,True,280.45,282.0,207.78776041666666,207.92578125,0,0,0,500
43,16,Frozen Model,Regime 2: Password,password,0.6893840104849279,0.34469200524246396,0.526,1.0,0.526,0.526,0.5,1.0,0.046875,0.040535499807447195,0.046875,40.535499807447195,0.0,False,417.54999999999995,542.9,204.51258680555554,204.76953125,0,0,237,263
43,16,Continuously Retrained Ensemble,Regime 2: Password,password,1.0,1.0,1.0,1.0,1.0,1.0,0.5,1.0,1.375,0.9336057002656162,0.0625,41.193800047039986,1.3125,True,904.1333333333333,1872.2,204.60703125,204.76953125,0,0,0,500
43,16,Event-Driven Ensemble,Regime 2: Password,password,1.0,1.0,1.0,1.0,1.0,1.0,0.5,1.0,1.40625,0.9318576003424823,0.0625,40.419300086796284,1.34375,True,377.06666666666666,584.0,204.614453125,204.7734375,0,0,0,500
43,16,Adaptive Random Forest,Regime 2: Password,password,1.0,1.0,1.0,1.0,1.0,1.0,0.5,1.0,0.5,0.33866443345323205,0.0625,41.193800047039986,0.4375,True,904.1333333333333,1872.2,204.60703125,204.76953125,0,0,0,500
43,16,Adaptive Extra Trees,Regime 2: Password,password,1.0,1.0,1.0,1.0,1.0,1.0,0.5,1.0,0.5,0.33866443345323205,0.0625,41.193800047039986,0.4375,True,904.1333333333333,1872.2,204.60703125,204.76953125,0,0,0,500
43,16,Adaptive Gradient Boosting,Regime 2: Password,password,0.9959839357429718,0.4979919678714859,0.992,1.0,0.992,0.992,0.5,1.0,0.5,0.33866443345323205,0.0625,41.193800047039986,0.4375,True,904.1333333333333,1872.2,204.60703125,204.76953125,0,0,4,496
43,17,Frozen Model,Regime 2: Password,password,0.36333878887070375,0.18166939443535188,0.222,1.0,0.222,0.222,0.5,1.0,0.03125,0.04911729972809553,0.03125,49.11729972809553,0.0,False,281.9,298.6,204.37890625,204.58984375,0,0,389,111
43,17,Continuously Retrained Ensemble,Regime 2: Password,password,1.0,1.0,1.0,1.0,1.0,1.0,0.5,1.0,1.453125,1.0370340999215841,0.046875,40.78519996255636,1.40625,True,266.6333333333333,283.5,204.428125,204.578125,0,0,0,500
43,17,Event-Driven Ensemble,Regime 2: Password,password,1.0,1.0,1.0,1.0,1.0,1.0,0.5,1.0,0.03125,0.05301599996164441,0.03125,53.01599996164441,0.0,False,238.65,268.3,204.47230113636363,204.58984375,0,0,0,500
43,17,Adaptive Random Forest,Regime 2: Password,password,0.9440337909186906,0.4720168954593453,0.894,1.0,0.894,0.894,0.5,1.0,0.515625,0.3728681666155656,0.046875,40.78519996255636,0.46875,True,266.6333333333333,283.5,204.428125,204.578125,0,0,53,447
43,17,Adaptive Extra Trees,Regime 2: Password,password,1.0,1.0,1.0,1.0,1.0,1.0,0.5,1.0,0.515625,0.3728681666155656,0.046875,40.78519996255636,0.46875,True,266.6333333333333,283.5,204.428125,204.578125,0,0,0,500
43,17,Adaptive Gradient Boosting,Regime 2: Password,password,0.940677966101695,0.4703389830508475,0.888,1.0,0.888,0.888,0.5,1.0,0.515625,0.3728681666155656,0.046875,40.78519996255636,0.46875,True,266.6333333333333,283.5,204.428125,204.578125,0,0,56,444
43,18,Frozen Model,Regime 2: Password,password,0.3277591973244147,0.16387959866220736,0.196,1.0,0.196,0.196,0.5,1.0,0.046875,0.052293899934738874,0.046875,52.293899934738874,0.0,False,270.40000000000003,294.8,204.16867897727272,204.39453125,0,0,402,98
43,18,Continuously Retrained Ensemble,Regime 2: Password,password,1.0,1.0,1.0,1.0,1.0,1.0,0.5,1.0,1.34375,0.9562923000194132,0.046875,52.1054002456367,1.296875,True,279.7666666666667,298.2,204.28190104166666,204.40234375,0,0,0,500
43,18,Event-Driven Ensemble,Regime 2: Password,password,0.9949748743718593,0.49748743718592964,0.99,1.0,0.99,0.99,0.5,1.0,1.359375,0.9525656998157501,0.046875,41.26679990440607,1.3125,True,277.56666666666666,287.1,204.24348958333334,204.39453125,0,0,5,495
43,18,Adaptive Random Forest,Regime 2: Password,password,1.0,1.0,1.0,1.0,1.0,1.0,0.5,1.0,0.4791666666666667,0.3535010335035622,0.046875,52.1054002456367,0.4322916666666667,True,279.7666666666667,298.2,204.28190104166666,204.40234375,0,0,0,500
43,18,Adaptive Extra Trees,Regime 2: Password,password,1.0,1.0,1.0,1.0,1.0,1.0,0.5,1.0,0.4791666666666667,0.3535010335035622,0.046875,52.1054002456367,0.4322916666666667,True,279.7666666666667,298.2,204.28190104166666,204.40234375,0,0,0,500
43,18,Adaptive Gradient Boosting,Regime 2: Password,password,0.9888776541961577,0.49443882709807885,0.978,1.0,0.978,0.978,0.5,1.0,0.4791666666666667,0.3535010335035622,0.046875,52.1054002456367,0.4322916666666667,True,279.7666666666667,298.2,204.28190104166666,204.40234375,0,0,11,489
43,19,Frozen Model,Regime 2: Password,password,0.34710743801652894,0.17355371900826447,0.21,1.0,0.21,0.21,0.5,1.0,0.078125,0.03856649994850159,0.078125,38.56649994850159,0.0,False,465.1333333333334,818.2,207.56553819444446,207.703125,0,0,395,105
43,19,Continuously Retrained Ensemble,Regime 2: Password,password,1.0,1.0,1.0,1.0,1.0,1.0,0.5,1.0,1.453125,1.0139868003316224,0.0625,37.94579999521375,1.390625,True,367.4666666666667,520.7,207.56944444444446,207.69921875,0,0,0,500
43,19,Event-Driven Ensemble,Regime 2: Password,password,1.0,1.0,1.0,1.0,1.0,1.0,0.5,1.0,1.421875,1.0291136992163956,0.03125,38.95579976961017,1.390625,True,282.25,283.9,207.5625,207.703125,0,0,0,500
43,19,Adaptive Random Forest,Regime 2: Password,password,0.9949748743718593,0.49748743718592964,0.99,1.0,0.99,0.99,0.5,1.0,0.5260416666666667,0.36329280010734993,0.0625,37.94579999521375,0.4635416666666667,True,367.4666666666667,520.7,207.56944444444446,207.69921875,0,0,5,495
43,19,Adaptive Extra Trees,Regime 2: Password,password,1.0,1.0,1.0,1.0,1.0,1.0,0.5,1.0,0.5260416666666667,0.36329280010734993,0.0625,37.94579999521375,0.4635416666666667,True,367.4666666666667,520.7,207.56944444444446,207.69921875,0,0,0,500
43,19,Adaptive Gradient Boosting,Regime 2: Password,password,0.982706002034588,0.491353001017294,0.966,1.0,0.966,0.966,0.5,1.0,0.5260416666666667,0.36329280010734993,0.0625,37.94579999521375,0.4635416666666667,True,367.4666666666667,520.7,207.56944444444446,207.69921875,0,0,17,483
43,20,Frozen Model,Regime 2: Password,password,0.6559139784946236,0.3279569892473118,0.488,1.0,0.488,0.488,0.5,1.0,0.03125,0.0393370003439486,0.03125,39.3370003439486,0.0,False,288.0,300.4,203.96267361111111,204.21484375,0,0,256,244
43,20,Continuously Retrained Ensemble,Regime 2: Password,password,1.0,1.0,1.0,1.0,1.0,1.0,0.5,1.0,1.703125,1.0676888995803893,0.09375,50.428499933332205,1.609375,True,554.5666666666666,587.9,204.1083096590909,204.21484375,0,0,0,500
43,20,Event-Driven Ensemble,Regime 2: Password,password,1.0,1.0,1.0,1.0,1.0,1.0,0.5,1.0,1.59375,1.0556770004332066,0.046875,39.440200198441744,1.546875,True,822.4666666666667,1888.4,204.08072916666666,204.21484375,0,0,0,500
43,20,Adaptive Random Forest,Regime 2: Password,password,1.0,1.0,1.0,1.0,1.0,1.0,0.5,1.0,0.6302083333333334,0.38951529981568456,0.09375,50.428499933332205,0.5364583333333334,True,554.5666666666666,587.9,204.1083096590909,204.21484375,0,0,0,500
43,20,Adaptive Extra Trees,Regime 2: Password,password,1.0,1.0,1.0,1.0,1.0,1.0,0.5,1.0,0.6302083333333334,0.38951529981568456,0.09375,50.428499933332205,0.5364583333333334,True,554.5666666666666,587.9,204.1083096590909,204.21484375,0,0,0,500
43,20,Adaptive Gradient Boosting,Regime 2: Password,password,1.0,1.0,1.0,1.0,1.0,1.0,0.5,1.0,0.6302083333333334,0.38951529981568456,0.09375,50.428499933332205,0.5364583333333334,True,554.5666666666666,587.9,204.1083096590909,204.21484375,0,0,0,500
43,21,Frozen Model,Regime 3: XSS/Ransomware,xss,0.07321772639691715,0.036608863198458574,0.038,1.0,0.038,0.038,0.5,1.0,0.03125,0.038495299872010946,0.03125,38.495299872010946,0.0,False,288.04999999999995,290.4,209.15147569444446,209.28125,0,0,481,19
43,21,Continuously Retrained Ensemble,Regime 3: XSS/Ransomware,xss,0.9929506545820745,0.49647532729103727,0.986,1.0,0.986,0.986,0.5,1.0,1.75,1.1376855000853539,0.03125,42.19610011205077,1.71875,True,273.9,282.5,209.139453125,209.28515625,0,0,7,493
43,21,Event-Driven Ensemble,Regime 3: XSS/Ransomware,xss,0.9929506545820745,0.49647532729103727,0.986,1.0,0.986,0.986,0.5,1.0,1.5625,1.0866803997196257,0.03125,41.24139994382858,1.53125,True,275.95,278.4,209.14105902777777,209.28515625,0,0,7,493
43,21,Adaptive Random Forest,Regime 3: XSS/Ransomware,xss,0.8385598141695703,0.41927990708478513,0.722,1.0,0.722,0.722,0.5,1.0,0.6041666666666666,0.4073592334364851,0.03125,42.19610011205077,0.5729166666666666,True,273.9,282.5,209.139453125,209.28515625,0,0,139,361
43,21,Adaptive Extra Trees,Regime 3: XSS/Ransomware,xss,1.0,1.0,1.0,1.0,1.0,1.0,0.5,1.0,0.6041666666666666,0.4073592334364851,0.03125,42.19610011205077,0.5729166666666666,True,273.9,282.5,209.139453125,209.28515625,0,0,0,500
43,21,Adaptive Gradient Boosting,Regime 3: XSS/Ransomware,xss,0.8687782805429864,0.4343891402714932,0.768,1.0,0.768,0.768,0.5,1.0,0.6041666666666666,0.4073592334364851,0.03125,42.19610011205077,0.5729166666666666,True,273.9,282.5,209.139453125,209.28515625,0,0,116,384
43,22,Frozen Model,Regime 3: XSS/Ransomware,xss,0.39228295819935693,0.19614147909967847,0.244,1.0,0.244,0.244,0.5,1.0,0.109375,0.03977129980921745,0.109375,39.77129980921745,0.0,False,899.4000000000001,1246.9,209.43185763888889,209.5703125,0,0,378,122
43,22,Continuously Retrained Ensemble,Regime 3: XSS/Ransomware,xss,1.0,1.0,1.0,1.0,1.0,1.0,0.5,1.0,1.59375,1.1029900000430644,0.03125,41.33970011025667,1.5625,True,270.45000000000005,277.8,209.42795138888889,209.57421875,0,0,0,500
43,22,Event-Driven Ensemble,Regime 3: XSS/Ransomware,xss,1.0,1.0,1.0,1.0,1.0,1.0,0.5,1.0,0.046875,0.03920909995213151,0.046875,39.20909995213151,0.0,False,274.5333333333333,280.4,209.43229166666666,209.5703125,0,0,0,500
43,22,Adaptive Random Forest,Regime 3: XSS/Ransomware,xss,1.0,1.0,1.0,1.0,1.0,1.0,0.5,1.0,0.5520833333333334,0.3952231334211926,0.03125,41.33970011025667,0.5208333333333334,True,270.45000000000005,277.8,209.42795138888889,209.57421875,0,0,0,500
43,22,Adaptive Extra Trees,Regime 3: XSS/Ransomware,xss,1.0,1.0,1.0,1.0,1.0,1.0,0.5,1.0,0.5520833333333334,0.3952231334211926,0.03125,41.33970011025667,0.5208333333333334,True,270.45000000000005,277.8,209.42795138888889,209.57421875,0,0,0,500
43,22,Adaptive Gradient Boosting,Regime 3: XSS/Ransomware,xss,1.0,1.0,1.0,1.0,1.0,1.0,0.5,1.0,0.5520833333333334,0.3952231334211926,0.03125,41.33970011025667,0.5208333333333334,True,270.45000000000005,277.8,209.42795138888889,209.57421875,0,0,0,500
43,23,Frozen Model,Regime 3: XSS/Ransomware,ransomware,0.07692307692307693,0.038461538461538464,0.04,1.0,0.04,0.04,0.5,1.0,0.03125,0.04158979980275035,0.03125,41.58979980275035,0.0,False,284.75,290.9,208.492578125,208.62890625,0,0,480,20
43,23,Continuously Retrained Ensemble,Regime 3: XSS/Ransomware,ransomware,1.0,1.0,1.0,1.0,1.0,1.0,0.5,1.0,1.65625,1.1503911996260285,0.03125,40.18000001087785,1.625,True,268.6,281.1,208.48654513888889,208.62890625,0,0,0,500
43,23,Event-Driven Ensemble,Regime 3: XSS/Ransomware,ransomware,1.0,1.0,1.0,1.0,1.0,1.0,0.5,1.0,1.75,1.1269808001816273,0.03125,40.49700032919645,1.71875,True,260.15,260.7,208.48784722222223,208.625,0,0,0,500
43,23,Adaptive Random Forest,Regime 3: XSS/Ransomware,ransomware,1.0,1.0,1.0,1.0,1.0,1.0,0.5,1.0,0.5729166666666666,0.41025039988259476,0.03125,40.18000001087785,0.5416666666666666,True,268.6,281.1,208.48654513888889,208.62890625,0,0,0,500
43,23,Adaptive Extra Trees,Regime 3: XSS/Ransomware,ransomware,1.0,1.0,1.0,1.0,1.0,1.0,0.5,1.0,0.5729166666666666,0.41025039988259476,0.03125,40.18000001087785,0.5416666666666666,True,268.6,281.1,208.48654513888889,208.62890625,0,0,0,500
43,23,Adaptive Gradient Boosting,Regime 3: XSS/Ransomware,ransomware,0.9969909729187563,0.49849548645937813,0.994,1.0,0.994,0.994,0.5,1.0,0.5729166666666666,0.41025039988259476,0.03125,40.18000001087785,0.5416666666666666,True,268.6,281.1,208.48654513888889,208.62890625,0,0,3,497
43,24,Frozen Model,Regime 3: XSS/Ransomware,ransomware,0.0,0.0,0.0,0.0,0.0,0.0,0.5,1.0,0.03125,0.038710299879312515,0.03125,38.710299879312515,0.0,False,276.54999999999995,277.4,210.30338541666666,210.4375,0,0,500,0
43,24,Continuously Retrained Ensemble,Regime 3: XSS/Ransomware,ransomware,1.0,1.0,1.0,1.0,1.0,1.0,0.5,1.0,1.84375,1.2129485001787543,0.03125,39.20699981972575,1.8125,True,276.1,280.0,210.29947916666666,210.44140625,0,0,0,500
43,24,Event-Driven Ensemble,Regime 3: XSS/Ransomware,ransomware,1.0,1.0,1.0,1.0,1.0,1.0,0.5,1.0,1.671875,1.118568199686706,0.03125,40.091400034725666,1.640625,True,286.9,300.1,210.29947916666666,210.44140625,0,0,0,500
43,24,Adaptive Random Forest,Regime 3: XSS/Ransomware,ransomware,1.0,1.0,1.0,1.0,1.0,1.0,0.5,1.0,0.6354166666666666,0.4304541666060686,0.03125,39.20699981972575,0.6041666666666666,True,276.1,280.0,210.29947916666666,210.44140625,0,0,0,500
43,24,Adaptive Extra Trees,Regime 3: XSS/Ransomware,ransomware,1.0,1.0,1.0,1.0,1.0,1.0,0.5,1.0,0.6354166666666666,0.4304541666060686,0.03125,39.20699981972575,0.6041666666666666,True,276.1,280.0,210.29947916666666,210.44140625,0,0,0,500
43,24,Adaptive Gradient Boosting,Regime 3: XSS/Ransomware,ransomware,0.9572471324296142,0.4786235662148071,0.918,1.0,0.918,0.918,0.5,1.0,0.6354166666666666,0.4304541666060686,0.03125,39.20699981972575,0.6041666666666666,True,276.1,280.0,210.29947916666666,210.44140625,0,0,41,459
43,25,Frozen Model,Regime 3: XSS/Ransomware,ransomware,0.36333878887070375,0.18166939443535188,0.222,1.0,0.222,0.222,0.5,1.0,0.078125,0.05107609974220395,0.078125,51.07609974220395,0.0,False,470.3999999999999,606.4,210.04296875,210.1640625,0,0,389,111
43,25,Continuously Retrained Ensemble,Regime 3: XSS/Ransomware,ransomware,1.0,1.0,1.0,1.0,1.0,1.0,0.5,1.0,1.96875,1.2976431003771722,0.078125,56.97849998250604,1.890625,True,355.025,558.6,210.03548177083334,210.16015625,0,0,0,500
43,25,Event-Driven Ensemble,Regime 3: XSS/Ransomware,ransomware,1.0,1.0,1.0,1.0,1.0,1.0,0.5,1.0,1.890625,1.2170420996844769,0.03125,41.62449995055795,1.859375,True,285.35,291.1,210.0078125,210.1640625,0,0,0,500
43,25,Adaptive Random Forest,Regime 3: XSS/Ransomware,ransomware,1.0,1.0,1.0,1.0,1.0,1.0,0.5,1.0,0.7083333333333334,0.4705333667807281,0.078125,56.97849998250604,0.6302083333333334,True,355.025,558.6,210.03548177083334,210.16015625,0,0,0,500
43,25,Adaptive Extra Trees,Regime 3: XSS/Ransomware,ransomware,1.0,1.0,1.0,1.0,1.0,1.0,0.5,1.0,0.7083333333333334,0.4705333667807281,0.078125,56.97849998250604,0.6302083333333334,True,355.025,558.6,210.03548177083334,210.16015625,0,0,0,500
43,25,Adaptive Gradient Boosting,Regime 3: XSS/Ransomware,ransomware,1.0,1.0,1.0,1.0,1.0,1.0,0.5,1.0,0.7083333333333334,0.4705333667807281,0.078125,56.97849998250604,0.6302083333333334,True,355.025,558.6,210.03548177083334,210.16015625,0,0,0,500
43,26,Frozen Model,Regime 3: XSS/Ransomware,ransomware,0.5590778097982709,0.27953890489913547,0.388,1.0,0.388,0.388,0.5,1.0,0.046875,0.04153669998049736,0.046875,41.53669998049736,0.0,False,279.53333333333336,286.6,209.361328125,209.50390625,0,0,306,194
43,26,Continuously Retrained Ensemble,Regime 3: XSS/Ransomware,ransomware,1.0,1.0,1.0,1.0,1.0,1.0,0.5,1.0,1.984375,1.2923818994313478,0.046875,54.14809985086322,1.9375,True,397.65000000000003,513.7,209.37239583333334,209.51171875,0,0,0,500
43,26,Event-Driven Ensemble,Regime 3: XSS/Ransomware,ransomware,1.0,1.0,1.0,1.0,1.0,1.0,0.5,1.0,1.90625,1.1974264001473784,0.046875,41.1613998003304,1.859375,True,328.1,434.7,209.36241319444446,209.5078125,0,0,0,500
43,26,Adaptive Random Forest,Regime 3: XSS/Ransomware,ransomware,1.0,1.0,1.0,1.0,1.0,1.0,0.5,1.0,0.6927083333333334,0.46689269971102476,0.046875,54.14809985086322,0.6458333333333334,True,397.65000000000003,513.7,209.37239583333334,209.51171875,0,0,0,500
43,26,Adaptive Extra Trees,Regime 3: XSS/Ransomware,ransomware,1.0,1.0,1.0,1.0,1.0,1.0,0.5,1.0,0.6927083333333334,0.46689269971102476,0.046875,54.14809985086322,0.6458333333333334,True,397.65000000000003,513.7,209.37239583333334,209.51171875,0,0,0,500
43,26,Adaptive Gradient Boosting,Regime 3: XSS/Ransomware,ransomware,1.0,1.0,1.0,1.0,1.0,1.0,0.5,1.0,0.6927083333333334,0.46689269971102476,0.046875,54.14809985086322,0.6458333333333334,True,397.65000000000003,513.7,209.37239583333334,209.51171875,0,0,0,500
43,27,Frozen Model,Regime 3: XSS/Ransomware,ransomware,0.6631016042780749,0.3315508021390374,0.496,1.0,0.496,0.496,0.5,1.0,0.03125,0.04048909991979599,0.03125,40.48909991979599,0.0,False,286.15,290.9,211.25651041666666,211.390625,0,0,252,248
43,27,Continuously Retrained Ensemble,Regime 3: XSS/Ransomware,ransomware,1.0,1.0,1.0,1.0,1.0,1.0,0.5,1.0,1.921875,1.2332564000971615,0.03125,40.065400302410126,1.890625,True,275.5,300.1,211.25694444444446,211.3984375,0,0,0,500
43,27,Event-Driven Ensemble,Regime 3: XSS/Ransomware,ransomware,1.0,1.0,1.0,1.0,1.0,1.0,0.5,1.0,1.828125,1.2181294998154044,0.046875,52.0130000077188,1.78125,True,673.7666666666667,1468.5,211.28551136363637,211.40234375,0,0,0,500
43,27,Adaptive Random Forest,Regime 3: XSS/Ransomware,ransomware,1.0,1.0,1.0,1.0,1.0,1.0,0.5,1.0,0.6614583333333334,0.43779573356732726,0.03125,40.065400302410126,0.6302083333333334,True,275.5,300.1,211.25694444444446,211.3984375,0,0,0,500
43,27,Adaptive Extra Trees,Regime 3: XSS/Ransomware,ransomware,1.0,1.0,1.0,1.0,1.0,1.0,0.5,1.0,0.6614583333333334,0.43779573356732726,0.03125,40.065400302410126,0.6302083333333334,True,275.5,300.1,211.25694444444446,211.3984375,0,0,0,500
43,27,Adaptive Gradient Boosting,Regime 3: XSS/Ransomware,ransomware,1.0,1.0,1.0,1.0,1.0,1.0,0.5,1.0,0.6614583333333334,0.43779573356732726,0.03125,40.065400302410126,0.6302083333333334,True,275.5,300.1,211.25694444444446,211.3984375,0,0,0,500
43,28,Frozen Model,Regime 3: XSS/Ransomware,ransomware,0.36867862969004894,0.18433931484502447,0.226,1.0,0.226,0.226,0.5,1.0,0.03125,0.03804029989987612,0.03125,38.04029989987612,0.0,False,1275.75,2261.2,211.73611111111111,211.8671875,0,0,387,113
43,28,Continuously Retrained Ensemble,Regime 3: XSS/Ransomware,ransomware,1.0,1.0,1.0,1.0,1.0,1.0,0.5,1.0,1.96875,1.268485900014639,0.046875,40.024199988693,1.921875,True,729.3000000000001,1609.2,211.7265625,211.87109375,0,0,0,500
43,28,Event-Driven Ensemble,Regime 3: XSS/Ransomware,ransomware,1.0,1.0,1.0,1.0,1.0,1.0,0.5,1.0,0.0625,0.040959700010716915,0.0625,40.959700010716915,0.0,False,527.55,574.6,211.734375,211.875,0,0,0,500
43,28,Adaptive Random Forest,Regime 3: XSS/Ransomware,ransomware,1.0,1.0,1.0,1.0,1.0,1.0,0.5,1.0,0.6875,0.44951143333067495,0.046875,40.024199988693,0.640625,True,729.3000000000001,1609.2,211.7265625,211.87109375,0,0,0,500
43,28,Adaptive Extra Trees,Regime 3: XSS/Ransomware,ransomware,1.0,1.0,1.0,1.0,1.0,1.0,0.5,1.0,0.6875,0.44951143333067495,0.046875,40.024199988693,0.640625,True,729.3000000000001,1609.2,211.7265625,211.87109375,0,0,0,500
43,28,Adaptive Gradient Boosting,Regime 3: XSS/Ransomware,ransomware,1.0,1.0,1.0,1.0,1.0,1.0,0.5,1.0,0.6875,0.44951143333067495,0.046875,40.024199988693,0.640625,True,729.3000000000001,1609.2,211.7265625,211.87109375,0,0,0,500
43,29,Frozen Model,Regime 4: Backdoor,backdoor,0.0,0.0,0.0,0.0,0.0,0.0,0.5,1.0,0.046875,0.03878940036520362,0.046875,38.78940036520362,0.0,False,411.0,566.6,211.20572916666666,211.34375,0,0,500,0
43,29,Continuously Retrained Ensemble,Regime 4: Backdoor,backdoor,1.0,1.0,1.0,1.0,1.0,1.0,0.5,1.0,2.15625,1.442185299936682,0.03125,53.121999837458134,2.125,True,252.75,262.7,211.2265625,211.33984375,0,0,0,500
43,29,Event-Driven Ensemble,Regime 4: Backdoor,backdoor,1.0,1.0,1.0,1.0,1.0,1.0,0.5,1.0,1.9375,1.3075540997087955,0.03125,40.03599984571338,1.90625,True,273.25,284.5,211.19704861111111,211.33984375,0,0,0,500
43,29,Adaptive Random Forest,Regime 4: Backdoor,backdoor,1.0,1.0,1.0,1.0,1.0,1.0,0.5,1.0,0.7395833333333334,0.5161430998705328,0.03125,53.121999837458134,0.7083333333333334,True,252.75,262.7,211.2265625,211.33984375,0,0,0,500
43,29,Adaptive Extra Trees,Regime 4: Backdoor,backdoor,1.0,1.0,1.0,1.0,1.0,1.0,0.5,1.0,0.7395833333333334,0.5161430998705328,0.03125,53.121999837458134,0.7083333333333334,True,252.75,262.7,211.2265625,211.33984375,0,0,0,500
43,29,Adaptive Gradient Boosting,Regime 4: Backdoor,backdoor,0.9959839357429718,0.4979919678714859,0.992,1.0,0.992,0.992,0.5,1.0,0.7395833333333334,0.5161430998705328,0.03125,53.121999837458134,0.7083333333333334,True,252.75,262.7,211.2265625,211.33984375,0,0,4,496
43,30,Frozen Model,Regime 4: Backdoor,backdoor,0.3277591973244147,0.16387959866220736,0.196,1.0,0.196,0.196,0.5,1.0,0.046875,0.05326289962977171,0.046875,53.26289962977171,0.0,False,279.49999999999994,293.9,211.63313802083334,211.765625,0,0,402,98
43,30,Continuously Retrained Ensemble,Regime 4: Backdoor,backdoor,1.0,1.0,1.0,1.0,1.0,1.0,0.5,1.0,2.21875,1.3798472001217306,0.046875,59.72759984433651,2.171875,True,620.4,1321.4,211.64393028846155,211.7578125,0,0,0,500
43,30,Event-Driven Ensemble,Regime 4: Backdoor,backdoor,1.0,1.0,1.0,1.0,1.0,1.0,0.5,1.0,1.96875,1.3473046999424696,0.046875,41.55089985579252,1.921875,True,282.09999999999997,282.9,211.6109375,211.765625,0,0,0,500
43,30,Adaptive Random Forest,Regime 4: Backdoor,backdoor,1.0,1.0,1.0,1.0,1.0,1.0,0.5,1.0,0.7708333333333334,0.4997674666034679,0.046875,59.72759984433651,0.7239583333333334,True,620.4,1321.4,211.64393028846155,211.7578125,0,0,0,500
43,30,Adaptive Extra Trees,Regime 4: Backdoor,backdoor,1.0,1.0,1.0,1.0,1.0,1.0,0.5,1.0,0.7708333333333334,0.4997674666034679,0.046875,59.72759984433651,0.7239583333333334,True,620.4,1321.4,211.64393028846155,211.7578125,0,0,0,500
43,30,Adaptive Gradient Boosting,Regime 4: Backdoor,backdoor,0.9959839357429718,0.4979919678714859,0.992,1.0,0.992,0.992,0.5,1.0,0.7708333333333334,0.4997674666034679,0.046875,59.72759984433651,0.7239583333333334,True,620.4,1321.4,211.64393028846155,211.7578125,0,0,4,496
43,31,Frozen Model,Regime 4: Backdoor,backdoor,0.0,0.0,0.0,0.0,0.0,0.0,0.5,1.0,0.0625,0.037529699970036745,0.0625,37.529699970036745,0.0,False,378.8666666666666,550.0,212.48958333333334,212.640625,0,0,500,0
43,31,Continuously Retrained Ensemble,Regime 4: Backdoor,backdoor,1.0,1.0,1.0,1.0,1.0,1.0,0.5,1.0,2.046875,1.394297500140965,0.046875,64.4483002834022,2.0,True,283.93333333333334,292.1,212.53738839285714,212.6953125,0,0,0,500
43,31,Event-Driven Ensemble,Regime 4: Backdoor,backdoor,1.0,1.0,1.0,1.0,1.0,1.0,0.5,1.0,0.0625,0.040110399946570396,0.0625,40.110399946570396,0.0,False,369.6666666666667,561.4,212.55946180555554,212.6953125,0,0,0,500
43,31,Adaptive Random Forest,Regime 4: Backdoor,backdoor,1.0,1.0,1.0,1.0,1.0,1.0,0.5,1.0,0.7135416666666666,0.5077313669025898,0.046875,64.4483002834022,0.6666666666666666,True,283.93333333333334,292.1,212.53738839285714,212.6953125,0,0,0,500
43,31,Adaptive Extra Trees,Regime 4: Backdoor,backdoor,1.0,1.0,1.0,1.0,1.0,1.0,0.5,1.0,0.7135416666666666,0.5077313669025898,0.046875,64.4483002834022,0.6666666666666666,True,283.93333333333334,292.1,212.53738839285714,212.6953125,0,0,0,500
43,31,Adaptive Gradient Boosting,Regime 4: Backdoor,backdoor,0.9969909729187563,0.49849548645937813,0.994,1.0,0.994,0.994,0.5,1.0,0.7135416666666666,0.5077313669025898,0.046875,64.4483002834022,0.6666666666666666,True,283.93333333333334,292.1,212.53738839285714,212.6953125,0,0,3,497
43,32,Frozen Model,Regime 4: Backdoor,backdoor,0.023715415019762844,0.011857707509881422,0.012,1.0,0.012,0.012,0.5,1.0,0.046875,0.03800689987838268,0.046875,38.00689987838268,0.0,False,278.53333333333336,297.0,212.34722222222223,212.4765625,0,0,494,6
43,32,Continuously Retrained Ensemble,Regime 4: Backdoor,backdoor,1.0,1.0,1.0,1.0,1.0,1.0,0.5,1.0,2.125,1.3605353999882936,0.0625,40.38809984922409,2.0625,True,359.6333333333334,527.9,212.34548611111111,212.48046875,0,0,0,500
43,32,Event-Driven Ensemble,Regime 4: Backdoor,backdoor,1.0,1.0,1.0,1.0,1.0,1.0,0.5,1.0,0.0625,0.03997169993817806,0.0625,39.97169993817806,0.0,False,394.6333333333334,587.1,212.33203125,212.4765625,0,0,0,500
43,32,Adaptive Random Forest,Regime 4: Backdoor,backdoor,1.0,1.0,1.0,1.0,1.0,1.0,0.5,1.0,0.75,0.4804371998955806,0.0625,40.38809984922409,0.6875,True,359.6333333333334,527.9,212.34548611111111,212.48046875,0,0,0,500
43,32,Adaptive Extra Trees,Regime 4: Backdoor,backdoor,1.0,1.0,1.0,1.0,1.0,1.0,0.5,1.0,0.75,0.4804371998955806,0.0625,40.38809984922409,0.6875,True,359.6333333333334,527.9,212.34548611111111,212.48046875,0,0,0,500
43,32,Adaptive Gradient Boosting,Regime 4: Backdoor,backdoor,1.0,1.0,1.0,1.0,1.0,1.0,0.5,1.0,0.75,0.4804371998955806,0.0625,40.38809984922409,0.6875,True,359.6333333333334,527.9,212.34548611111111,212.48046875,0,0,0,500
43,33,Frozen Model,Regime 4: Backdoor,backdoor,0.15837937384898712,0.07918968692449356,0.086,1.0,0.086,0.086,0.5,1.0,0.046875,0.03947019996121526,0.046875,39.47019996121526,0.0,False,275.0,289.3,217.24696180555554,217.37890625,0,0,457,43
43,33,Continuously Retrained Ensemble,Regime 4: Backdoor,backdoor,1.0,1.0,1.0,1.0,1.0,1.0,0.5,1.0,2.359375,1.458184799645096,0.078125,54.29799994453788,2.28125,True,359.75,603.3,217.26399739583334,217.38671875,0,0,0,500
43,33,Event-Driven Ensemble,Regime 4: Backdoor,backdoor,1.0,1.0,1.0,1.0,1.0,1.0,0.5,1.0,2.0625,1.4202055996283889,0.046875,53.246499970555305,2.015625,True,285.06666666666666,289.2,217.265625,217.38671875,0,0,0,500
43,33,Adaptive Random Forest,Regime 4: Backdoor,backdoor,1.0,1.0,1.0,1.0,1.0,1.0,0.5,1.0,0.8385416666666666,0.5222602665113907,0.078125,54.29799994453788,0.7604166666666666,True,359.75,603.3,217.26399739583334,217.38671875,0,0,0,500
43,33,Adaptive Extra Trees,Regime 4: Backdoor,backdoor,1.0,1.0,1.0,1.0,1.0,1.0,0.5,1.0,0.8385416666666666,0.5222602665113907,0.078125,54.29799994453788,0.7604166666666666,True,359.75,603.3,217.26399739583334,217.38671875,0,0,0,500
43,33,Adaptive Gradient Boosting,Regime 4: Backdoor,backdoor,0.9795918367346939,0.4897959183673469,0.96,1.0,0.96,0.96,0.5,1.0,0.8385416666666666,0.5222602665113907,0.078125,54.29799994453788,0.7604166666666666,True,359.75,603.3,217.26399739583334,217.38671875,0,0,20,480
43,34,Frozen Model,Regime 4: Backdoor,backdoor,0.3443708609271523,0.17218543046357615,0.208,1.0,0.208,0.208,0.5,1.0,0.03125,0.036554199643433094,0.03125,36.554199643433094,0.0,False,264.15,290.0,213.20008680555554,213.3671875,0,0,396,104
43,34,Continuously Retrained Ensemble,Regime 4: Backdoor,backdoor,1.0,1.0,1.0,1.0,1.0,1.0,0.5,1.0,2.578125,1.6060532997362316,0.03125,38.30269956961274,2.546875,True,286.5,292.5,213.23654513888889,213.37109375,0,0,0,500
43,34,Event-Driven Ensemble,Regime 4: Backdoor,backdoor,1.0,1.0,1.0,1.0,1.0,1.0,0.5,1.0,2.28125,1.4904277008026838,0.046875,79.9392000772059,2.234375,True,361.0,468.1,213.22585227272728,213.37109375,0,0,0,500
43,34,Adaptive Random Forest,Regime 4: Backdoor,backdoor,1.0,1.0,1.0,1.0,1.0,1.0,0.5,1.0,0.8802083333333334,0.5608862329584857,0.03125,38.30269956961274,0.8489583333333334,True,286.5,292.5,213.23654513888889,213.37109375,0,0,0,500
43,34,Adaptive Extra Trees,Regime 4: Backdoor,backdoor,1.0,1.0,1.0,1.0,1.0,1.0,0.5,1.0,0.8802083333333334,0.5608862329584857,0.03125,38.30269956961274,0.8489583333333334,True,286.5,292.5,213.23654513888889,213.37109375,0,0,0,500
43,34,Adaptive Gradient Boosting,Regime 4: Backdoor,backdoor,0.9979959919839679,0.49899799599198397,0.996,1.0,0.996,0.996,0.5,1.0,0.8802083333333334,0.5608862329584857,0.03125,38.30269956961274,0.8489583333333334,True,286.5,292.5,213.23654513888889,213.37109375,0,0,2,498
43,35,Frozen Model,Regime 4: Backdoor,backdoor,0.8151658767772512,0.4075829383886256,0.688,1.0,0.688,0.688,0.5,1.0,0.03125,0.05232969997450709,0.03125,52.32969997450709,0.0,False,255.0,271.6,213.4073153409091,213.5234375,0,0,156,344
43,35,Continuously Retrained Ensemble,Regime 4: Backdoor,backdoor,1.0,1.0,1.0,1.0,1.0,1.0,0.5,1.0,2.34375,1.4270875002257526,0.03125,39.9621999822557,2.3125,True,251.75,281.7,213.39192708333334,213.52734375,0,0,0,500
43,35,Event-Driven Ensemble,Regime 4: Backdoor,backdoor,1.0,1.0,1.0,1.0,1.0,1.0,0.5,1.0,2.1875,1.4330187998712063,0.046875,40.79489968717098,2.140625,True,396.5,510.5,213.36640625,213.5234375,0,0,0,500
43,35,Adaptive Random Forest,Regime 4: Backdoor,backdoor,1.0,1.0,1.0,1.0,1.0,1.0,0.5,1.0,0.8020833333333334,0.5023373000634213,0.03125,39.9621999822557,0.7708333333333334,True,251.75,281.7,213.39192708333334,213.52734375,0,0,0,500
43,35,Adaptive Extra Trees,Regime 4: Backdoor,backdoor,1.0,1.0,1.0,1.0,1.0,1.0,0.5,1.0,0.8020833333333334,0.5023373000634213,0.03125,39.9621999822557,0.7708333333333334,True,251.75,281.7,213.39192708333334,213.52734375,0,0,0,500
43,35,Adaptive Gradient Boosting,Regime 4: Backdoor,backdoor,1.0,1.0,1.0,1.0,1.0,1.0,0.5,1.0,0.8020833333333334,0.5023373000634213,0.03125,39.9621999822557,0.7708333333333334,True,251.75,281.7,213.39192708333334,213.52734375,0,0,0,500
43,36,Frozen Model,Regime 4: Backdoor,backdoor,0.7515605493133583,0.3757802746566791,0.602,1.0,0.602,0.602,0.5,1.0,0.03125,0.03764169989153743,0.03125,37.64169989153743,0.0,False,285.0,288.3,213.86848958333334,214.0,0,0,199,301
43,36,Continuously Retrained Ensemble,Regime 4: Backdoor,backdoor,1.0,1.0,1.0,1.0,1.0,1.0,0.5,1.0,2.234375,1.5285513000562787,0.078125,89.92150006815791,2.15625,True,242.225,557.2,213.8330078125,213.99609375,0,0,0,500
43,36,Event-Driven Ensemble,Regime 4: Backdoor,backdoor,1.0,1.0,1.0,1.0,1.0,1.0,0.5,1.0,2.3125,1.4751126999035478,0.078125,51.59999988973141,2.234375,True,757.0,1908.7,213.8877840909091,214.0078125,0,0,0,500
43,36,Adaptive Random Forest,Regime 4: Backdoor,backdoor,1.0,1.0,1.0,1.0,1.0,1.0,0.5,1.0,0.796875,0.5694647667308648,0.078125,89.92150006815791,0.71875,True,242.225,557.2,213.8330078125,213.99609375,0,0,0,500
43,36,Adaptive Extra Trees,Regime 4: Backdoor,backdoor,1.0,1.0,1.0,1.0,1.0,1.0,0.5,1.0,0.796875,0.5694647667308648,0.078125,89.92150006815791,0.71875,True,242.225,557.2,213.8330078125,213.99609375,0,0,0,500
43,36,Adaptive Gradient Boosting,Regime 4: Backdoor,backdoor,1.0,1.0,1.0,1.0,1.0,1.0,0.5,1.0,0.796875,0.5694647667308648,0.078125,89.92150006815791,0.71875,True,242.225,557.2,213.8330078125,213.99609375,0,0,0,500
43,37,Frozen Model,Regime 4: Backdoor,backdoor,0.7244897959183674,0.3622448979591837,0.568,1.0,0.568,0.568,0.5,1.0,0.03125,0.036609699949622154,0.03125,36.609699949622154,0.0,False,276.9,283.0,214.42795138888889,214.5703125,0,0,216,284
43,37,Continuously Retrained Ensemble,Regime 4: Backdoor,backdoor,1.0,1.0,1.0,1.0,1.0,1.0,0.5,1.0,2.390625,1.5811982001177967,0.078125,74.5808002538979,2.3125,True,258.875,509.1,214.46875,214.578125,0,0,0,500
43,37,Event-Driven Ensemble,Regime 4: Backdoor,backdoor,1.0,1.0,1.0,1.0,1.0,1.0,0.5,1.0,2.4375,1.5437743007205427,0.0625,41.83340026065707,2.375,True,596.775,1612.5,214.407421875,214.57421875,0,0,0,500
43,37,Adaptive Random Forest,Regime 4: Backdoor,backdoor,1.0,1.0,1.0,1.0,1.0,1.0,0.5,1.0,0.8489583333333334,0.5767866002085308,0.078125,74.5808002538979,0.7708333333333334,True,258.875,509.1,214.46875,214.578125,0,0,0,500
43,37,Adaptive Extra Trees,Regime 4: Backdoor,backdoor,1.0,1.0,1.0,1.0,1.0,1.0,0.5,1.0,0.8489583333333334,0.5767866002085308,0.078125,74.5808002538979,0.7708333333333334,True,258.875,509.1,214.46875,214.578125,0,0,0,500
43,37,Adaptive Gradient Boosting,Regime 4: Backdoor,backdoor,0.9637305699481865,0.48186528497409326,0.93,1.0,0.93,0.93,0.5,1.0,0.8489583333333334,0.5767866002085308,0.078125,74.5808002538979,0.7708333333333334,True,258.875,509.1,214.46875,214.578125,0,0,35,465
44,0,Frozen Model,Regime 1: DDoS,injection,0.7437185929648241,0.37185929648241206,0.592,1.0,0.592,0.592,0.5,1.0,0.046875,0.039281200151890516,0.046875,39.281200151890516,0.0,False,436.75,590.1,210.55815972222223,210.69921875,0,0,204,296
44,0,Continuously Retrained Ensemble,Regime 1: DDoS,injection,0.7437185929648241,0.37185929648241206,0.592,1.0,0.592,0.592,0.5,1.0,0.578125,0.5466168997809291,0.03125,39.01349985972047,0.546875,True,270.25,292.9,210.56684027777777,210.69140625,0,0,204,296
44,0,Event-Driven Ensemble,Regime 1: DDoS,injection,0.7437185929648241,0.37185929648241206,0.592,1.0,0.592,0.592,0.5,1.0,0.046875,0.03997260006144643,0.046875,39.97260006144643,0.0,False,428.0,587.5,210.55555555555554,210.69921875,0,0,204,296
44,0,Adaptive Random Forest,Regime 1: DDoS,injection,0.7437185929648241,0.37185929648241206,0.592,1.0,0.592,0.592,0.5,1.0,0.21354166666666666,0.20821463316679,0.03125,39.01349985972047,0.18229166666666666,True,270.25,292.9,210.56684027777777,210.69140625,0,0,204,296
44,0,Adaptive Extra Trees,Regime 1: DDoS,injection,0.7146529562982005,0.35732647814910024,0.556,1.0,0.556,0.556,0.5,1.0,0.21354166666666666,0.20821463316679,0.03125,39.01349985972047,0.18229166666666666,True,270.25,292.9,210.56684027777777,210.69140625,0,0,222,278
44,0,Adaptive Gradient Boosting,Regime 1: DDoS,injection,0.7515605493133583,0.3757802746566791,0.602,1.0,0.602,0.602,0.5,1.0,0.21354166666666666,0.20821463316679,0.03125,39.01349985972047,0.18229166666666666,True,270.25,292.9,210.56684027777777,210.69140625,0,0,199,301
44,1,Frozen Model,Regime 1: DDoS,ddos,0.06576402321083172,0.03288201160541586,0.034,1.0,0.034,0.034,0.5,1.0,0.03125,0.0390000999905169,0.03125,39.0000999905169,0.0,False,242.79999999999998,256.4,211.55729166666666,211.6875,0,0,483,17
44,1,Continuously Retrained Ensemble,Regime 1: DDoS,ddos,0.8249118683901293,0.41245593419506466,0.702,1.0,0.702,0.702,0.5,1.0,0.734375,0.5762259992770851,0.046875,40.0405996479094,0.6875,True,420.5,575.3,211.55078125,211.68359375,0,0,149,351
44,1,Event-Driven Ensemble,Regime 1: DDoS,ddos,0.0842911877394636,0.0421455938697318,0.044,1.0,0.044,0.044,0.5,1.0,0.71875,0.5510070999152958,0.03125,39.73650000989437,0.6875,True,230.65,258.6,211.53342013888889,211.68359375,0,0,478,22
44,1,Adaptive Random Forest,Regime 1: DDoS,ddos,0.7937273823884198,0.3968636911942099,0.658,1.0,0.658,0.658,0.5,1.0,0.27604166666666663,0.21876906619096795,0.046875,40.0405996479094,0.22916666666666666,True,420.5,575.3,211.55078125,211.68359375,0,0,171,329
44,1,Adaptive Extra Trees,Regime 1: DDoS,ddos,0.9615784008307373,0.48078920041536866,0.926,1.0,0.926,0.926,0.5,1.0,0.27604166666666663,0.21876906619096795,0.046875,40.0405996479094,0.22916666666666666,True,420.5,575.3,211.55078125,211.68359375,0,0,37,463
44,1,Adaptive Gradient Boosting,Regime 1: DDoS,ddos,0.8095238095238095,0.40476190476190477,0.68,1.0,0.68,0.68,0.5,1.0,0.27604166666666663,0.21876906619096795,0.046875,40.0405996479094,0.22916666666666666,True,420.5,575.3,211.55078125,211.68359375,0,0,160,340
44,2,Frozen Model,Regime 1: DDoS,ddos,0.0,0.0,0.0,0.0,0.0,0.0,0.5,1.0,0.03125,0.03761540027335286,0.03125,37.61540027335286,0.0,False,1319.75,2340.1,211.625,211.75390625,0,0,500,0
44,2,Continuously Retrained Ensemble,Regime 1: DDoS,ddos,0.9743589743589743,0.48717948717948717,0.95,1.0,0.95,0.95,0.5,1.0,0.8125,0.6489164996892214,0.03125,40.90559994801879,0.78125,True,285.05,286.0,211.5953125,211.75390625,0,0,25,475
44,2,Event-Driven Ensemble,Regime 1: DDoS,ddos,0.8372093023255814,0.4186046511627907,0.72,1.0,0.72,0.72,0.5,1.0,0.765625,0.601339100394398,0.03125,67.10430001839995,0.734375,True,220.9,243.0,211.63113839285714,211.74609375,0,0,140,360
44,2,Adaptive Random Forest,Regime 1: DDoS,ddos,0.7639060568603214,0.3819530284301607,0.618,1.0,0.618,0.618,0.5,1.0,0.2916666666666667,0.243575899861753,0.03125,40.90559994801879,0.2604166666666667,True,285.05,286.0,211.5953125,211.75390625,0,0,191,309
44,2,Adaptive Extra Trees,Regime 1: DDoS,ddos,1.0,1.0,1.0,1.0,1.0,1.0,0.5,1.0,0.2916666666666667,0.243575899861753,0.03125,40.90559994801879,0.2604166666666667,True,285.05,286.0,211.5953125,211.75390625,0,0,0,500
44,2,Adaptive Gradient Boosting,Regime 1: DDoS,ddos,0.7577639751552795,0.37888198757763975,0.61,1.0,0.61,0.61,0.5,1.0,0.2916666666666667,0.243575899861753,0.03125,40.90559994801879,0.2604166666666667,True,285.05,286.0,211.5953125,211.75390625,0,0,195,305
44,3,Frozen Model,Regime 1: DDoS,ddos,0.011928429423459244,0.005964214711729622,0.006,1.0,0.006,0.006,0.5,1.0,0.046875,0.042136500123888254,0.046875,42.136500123888254,0.0,False,270.53333333333336,282.2,211.6578125,211.796875,0,0,497,3
44,3,Continuously Retrained Ensemble,Regime 1: DDoS,ddos,0.9969909729187563,0.49849548645937813,0.994,1.0,0.994,0.994,0.5,1.0,0.796875,0.6723128999583423,0.0625,54.96589979156852,0.734375,True,283.95,292.7,211.6767578125,211.8046875,0,0,3,497
44,3,Event-Driven Ensemble,Regime 1: DDoS,ddos,0.9969909729187563,0.49849548645937813,0.994,1.0,0.994,0.994,0.5,1.0,0.078125,0.05179499974474311,0.078125,51.79499974474311,0.0,False,336.925,520.0,211.68501420454547,211.80078125,0,0,3,497
44,3,Adaptive Random Forest,Regime 1: DDoS,ddos,0.6282578875171467,0.31412894375857336,0.458,1.0,0.458,0.458,0.5,1.0,0.30729166666666663,0.2607482331804931,0.0625,54.96589979156852,0.24479166666666666,True,283.95,292.7,211.6767578125,211.8046875,0,0,271,229
44,3,Adaptive Extra Trees,Regime 1: DDoS,ddos,1.0,1.0,1.0,1.0,1.0,1.0,0.5,1.0,0.30729166666666663,0.2607482331804931,0.0625,54.96589979156852,0.24479166666666666,True,283.95,292.7,211.6767578125,211.8046875,0,0,0,500
44,3,Adaptive Gradient Boosting,Regime 1: DDoS,ddos,0.9764585465711362,0.4882292732855681,0.954,1.0,0.954,0.954,0.5,1.0,0.30729166666666663,0.2607482331804931,0.0625,54.96589979156852,0.24479166666666666,True,283.95,292.7,211.6767578125,211.8046875,0,0,23,477
44,4,Frozen Model,Regime 1: DDoS,ddos,0.4939759036144578,0.2469879518072289,0.328,1.0,0.328,0.328,0.5,1.0,0.140625,0.052199000027030706,0.140625,52.199000027030706,0.0,False,632.05,1112.1,211.84623579545453,211.95703125,0,0,336,164
44,4,Continuously Retrained Ensemble,Regime 1: DDoS,ddos,1.0,1.0,1.0,1.0,1.0,1.0,0.5,1.0,0.765625,0.6353047997690737,0.03125,40.153800044208765,0.734375,True,292.4,299.4,211.82118055555554,211.95703125,0,0,0,500
44,4,Event-Driven Ensemble,Regime 1: DDoS,ddos,0.9919354838709677,0.4959677419354839,0.984,1.0,0.984,0.984,0.5,1.0,0.984375,0.6657565999776125,0.015625,39.80139968916774,0.96875,True,275.5,275.5,211.8125,211.95703125,0,0,8,492
44,4,Adaptive Random Forest,Regime 1: DDoS,ddos,0.9517819706498952,0.4758909853249476,0.908,1.0,0.908,0.908,0.5,1.0,0.27604166666666663,0.23853746661916375,0.03125,40.153800044208765,0.24479166666666666,True,292.4,299.4,211.82118055555554,211.95703125,0,0,46,454
44,4,Adaptive Extra Trees,Regime 1: DDoS,ddos,1.0,1.0,1.0,1.0,1.0,1.0,0.5,1.0,0.27604166666666663,0.23853746661916375,0.03125,40.153800044208765,0.24479166666666666,True,292.4,299.4,211.82118055555554,211.95703125,0,0,0,500
44,4,Adaptive Gradient Boosting,Regime 1: DDoS,ddos,0.9212513484358145,0.46062567421790723,0.854,1.0,0.854,0.854,0.5,1.0,0.27604166666666663,0.23853746661916375,0.03125,40.153800044208765,0.24479166666666666,True,292.4,299.4,211.82118055555554,211.95703125,0,0,73,427
44,5,Frozen Model,Regime 1: DDoS,ddos,0.5007496251874063,0.25037481259370314,0.334,1.0,0.334,0.334,0.5,1.0,0.015625,0.037837599869817495,0.015625,37.837599869817495,0.0,False,276.6,276.6,212.16666666666666,212.2890625,0,0,333,167
44,5,Continuously Retrained Ensemble,Regime 1: DDoS,ddos,1.0,1.0,1.0,1.0,1.0,1.0,0.5,1.0,0.96875,0.6463346998207271,0.0625,39.94680009782314,0.90625,True,367.8333333333333,571.9,212.15190972222223,212.28515625,0,0,0,500
44,5,Event-Driven Ensemble,Regime 1: DDoS,ddos,1.0,1.0,1.0,1.0,1.0,1.0,0.5,1.0,0.78125,0.6330253006890416,0.03125,40.058300364762545,0.75,True,294.0,302.0,212.14583333333334,212.2890625,0,0,0,500
44,5,Adaptive Random Forest,Regime 1: DDoS,ddos,1.0,1.0,1.0,1.0,1.0,1.0,0.5,1.0,0.3645833333333333,0.2420761000054578,0.0625,39.94680009782314,0.3020833333333333,True,367.8333333333333,571.9,212.15190972222223,212.28515625,0,0,0,500
44,5,Adaptive Extra Trees,Regime 1: DDoS,ddos,1.0,1.0,1.0,1.0,1.0,1.0,0.5,1.0,0.3645833333333333,0.2420761000054578,0.0625,39.94680009782314,0.3020833333333333,True,367.8333333333333,571.9,212.15190972222223,212.28515625,0,0,0,500
44,5,Adaptive Gradient Boosting,Regime 1: DDoS,ddos,0.9561586638830898,0.4780793319415449,0.916,1.0,0.916,0.916,0.5,1.0,0.3645833333333333,0.2420761000054578,0.0625,39.94680009782314,0.3020833333333333,True,367.8333333333333,571.9,212.15190972222223,212.28515625,0,0,42,458
44,6,Frozen Model,Regime 1: DDoS,ddos,0.5029940119760479,0.25149700598802394,0.336,1.0,0.336,0.336,0.5,1.0,0.046875,0.03737730020657182,0.046875,37.37730020657182,0.0,False,393.45000000000005,587.7,205.8046875,206.0546875,0,0,332,168
44,6,Continuously Retrained Ensemble,Regime 1: DDoS,ddos,1.0,1.0,1.0,1.0,1.0,1.0,0.5,1.0,0.953125,0.6721189999952912,0.046875,38.451800122857094,0.90625,True,394.0,569.7,205.96657986111111,206.1171875,0,0,0,500
44,6,Event-Driven Ensemble,Regime 1: DDoS,ddos,1.0,1.0,1.0,1.0,1.0,1.0,0.5,1.0,0.796875,0.6346348007209599,0.03125,39.69420026987791,0.765625,True,281.9,290.0,205.9578125,206.11328125,0,0,0,500
44,6,Adaptive Random Forest,Regime 1: DDoS,ddos,1.0,1.0,1.0,1.0,1.0,1.0,0.5,1.0,0.3489583333333333,0.24967420008033514,0.046875,38.451800122857094,0.3020833333333333,True,394.0,569.7,205.96657986111111,206.1171875,0,0,0,500
44,6,Adaptive Extra Trees,Regime 1: DDoS,ddos,1.0,1.0,1.0,1.0,1.0,1.0,0.5,1.0,0.3489583333333333,0.24967420008033514,0.046875,38.451800122857094,0.3020833333333333,True,394.0,569.7,205.96657986111111,206.1171875,0,0,0,500
44,6,Adaptive Gradient Boosting,Regime 1: DDoS,ddos,1.0,1.0,1.0,1.0,1.0,1.0,0.5,1.0,0.3489583333333333,0.24967420008033514,0.046875,38.451800122857094,0.3020833333333333,True,394.0,569.7,205.96657986111111,206.1171875,0,0,0,500
44,7,Frozen Model,Regime 1: DDoS,ddos,0.5185185185185185,0.25925925925925924,0.35,1.0,0.35,0.35,0.5,1.0,0.015625,0.04315800033509731,0.015625,43.15800033509731,0.0,False,285.1,285.1,206.119140625,206.3671875,0,0,325,175
44,7,Continuously Retrained Ensemble,Regime 1: DDoS,ddos,1.0,1.0,1.0,1.0,1.0,1.0,0.5,1.0,1.015625,0.6802799003198743,0.046875,41.03589989244938,0.96875,True,423.1,562.2,206.205859375,206.3671875,0,0,0,500
44,7,Event-Driven Ensemble,Regime 1: DDoS,ddos,1.0,1.0,1.0,1.0,1.0,1.0,0.5,1.0,1.046875,0.6964238001964986,0.03125,40.686000138521194,1.015625,True,235.85,261.7,206.21788194444446,206.3671875,0,0,0,500
44,7,Adaptive Random Forest,Regime 1: DDoS,ddos,1.0,1.0,1.0,1.0,1.0,1.0,0.5,1.0,0.3697916666666667,0.25411723336825764,0.046875,41.03589989244938,0.3229166666666667,True,423.1,562.2,206.205859375,206.3671875,0,0,0,500
44,7,Adaptive Extra Trees,Regime 1: DDoS,ddos,1.0,1.0,1.0,1.0,1.0,1.0,0.5,1.0,0.3697916666666667,0.25411723336825764,0.046875,41.03589989244938,0.3229166666666667,True,423.1,562.2,206.205859375,206.3671875,0,0,0,500
44,7,Adaptive Gradient Boosting,Regime 1: DDoS,ddos,0.993963782696177,0.4969818913480885,0.988,1.0,0.988,0.988,0.5,1.0,0.3697916666666667,0.25411723336825764,0.046875,41.03589989244938,0.3229166666666667,True,423.1,562.2,206.205859375,206.3671875,0,0,6,494
44,8,Frozen Model,Regime 1: DDoS,ddos,0.6772486772486772,0.3386243386243386,0.512,1.0,0.512,0.512,0.5,1.0,0.03125,0.039054099936038256,0.03125,39.054099936038256,0.0,False,1411.15,2526.3,213.03993055555554,213.1796875,0,0,244,256
44,8,Continuously Retrained Ensemble,Regime 1: DDoS,ddos,1.0,1.0,1.0,1.0,1.0,1.0,0.5,1.0,1.046875,0.7431741999462247,0.03125,41.54849983751774,1.015625,True,824.6,1360.7,213.03046875,213.1796875,0,0,0,500
44,8,Event-Driven Ensemble,Regime 1: DDoS,ddos,1.0,1.0,1.0,1.0,1.0,1.0,0.5,1.0,0.9375,0.7354950001463294,0.03125,53.24680032208562,0.90625,True,232.2,248.4,213.0439453125,213.17578125,0,0,0,500
44,8,Adaptive Random Forest,Regime 1: DDoS,ddos,1.0,1.0,1.0,1.0,1.0,1.0,0.5,1.0,0.3697916666666667,0.2754237332070867,0.03125,41.54849983751774,0.3385416666666667,True,824.6,1360.7,213.03046875,213.1796875,0,0,0,500
44,8,Adaptive Extra Trees,Regime 1: DDoS,ddos,1.0,1.0,1.0,1.0,1.0,1.0,0.5,1.0,0.3697916666666667,0.2754237332070867,0.03125,41.54849983751774,0.3385416666666667,True,824.6,1360.7,213.03046875,213.1796875,0,0,0,500
44,8,Adaptive Gradient Boosting,Regime 1: DDoS,ddos,1.0,1.0,1.0,1.0,1.0,1.0,0.5,1.0,0.3697916666666667,0.2754237332070867,0.03125,41.54849983751774,0.3385416666666667,True,824.6,1360.7,213.03046875,213.1796875,0,0,0,500
44,9,Frozen Model,Regime 1: DDoS,ddos,0.9235737351991389,0.46178686759956944,0.858,1.0,0.858,0.858,0.5,1.0,0.046875,0.037802199833095074,0.046875,37.802199833095074,0.0,False,272.5,287.2,212.25911458333334,212.3828125,0,0,71,429
44,9,Continuously Retrained Ensemble,Regime 1: DDoS,ddos,1.0,1.0,1.0,1.0,1.0,1.0,0.5,1.0,0.90625,0.7965356004424393,0.046875,39.888300001621246,0.859375,True,283.8666666666667,289.2,212.235546875,212.390625,0,0,0,500
44,9,Event-Driven Ensemble,Regime 1: DDoS,ddos,1.0,1.0,1.0,1.0,1.0,1.0,0.5,1.0,0.796875,0.7461178004741669,0.046875,40.91820027679205,0.75,True,283.26666666666665,286.6,212.24479166666666,212.390625,0,0,0,500
44,9,Adaptive Random Forest,Regime 1: DDoS,ddos,1.0,1.0,1.0,1.0,1.0,1.0,0.5,1.0,0.3333333333333333,0.29210406681522727,0.046875,39.888300001621246,0.2864583333333333,True,283.8666666666667,289.2,212.235546875,212.390625,0,0,0,500
44,9,Adaptive Extra Trees,Regime 1: DDoS,ddos,1.0,1.0,1.0,1.0,1.0,1.0,0.5,1.0,0.3333333333333333,0.29210406681522727,0.046875,39.888300001621246,0.2864583333333333,True,283.8666666666667,289.2,212.235546875,212.390625,0,0,0,500
44,9,Adaptive Gradient Boosting,Regime 1: DDoS,ddos,1.0,1.0,1.0,1.0,1.0,1.0,0.5,1.0,0.3333333333333333,0.29210406681522727,0.046875,39.888300001621246,0.2864583333333333,True,283.8666666666667,289.2,212.235546875,212.390625,0,0,0,500
44,10,Frozen Model,Regime 1: DDoS,ddos,0.955067920585162,0.477533960292581,0.914,1.0,0.914,0.914,0.5,1.0,0.046875,0.04142479971051216,0.046875,41.42479971051216,0.0,False,291.90000000000003,300.4,213.29079861111111,213.43359375,0,0,43,457
44,10,Continuously Retrained Ensemble,Regime 1: DDoS,ddos,1.0,1.0,1.0,1.0,1.0,1.0,0.5,1.0,1.25,0.7996805002912879,0.046875,42.682799976319075,1.203125,True,270.93333333333334,276.1,213.275,213.43359375,0,0,0,500
44,10,Event-Driven Ensemble,Regime 1: DDoS,ddos,1.0,1.0,1.0,1.0,1.0,1.0,0.5,1.0,1.140625,0.7728761998005211,0.03125,43.046100065112114,1.109375,True,286.9,290.8,213.291796875,213.42578125,0,0,0,500
44,10,Adaptive Random Forest,Regime 1: DDoS,ddos,0.9878542510121457,0.4939271255060729,0.976,1.0,0.976,0.976,0.5,1.0,0.4479166666666667,0.29501536674797535,0.046875,42.682799976319075,0.4010416666666667,True,270.93333333333334,276.1,213.275,213.43359375,0,0,12,488
44,10,Adaptive Extra Trees,Regime 1: DDoS,ddos,1.0,1.0,1.0,1.0,1.0,1.0,0.5,1.0,0.4479166666666667,0.29501536674797535,0.046875,42.682799976319075,0.4010416666666667,True,270.93333333333334,276.1,213.275,213.43359375,0,0,0,500
44,10,Adaptive Gradient Boosting,Regime 1: DDoS,ddos,0.998998998998999,0.4994994994994995,0.998,1.0,0.998,0.998,0.5,1.0,0.4479166666666667,0.29501536674797535,0.046875,42.682799976319075,0.4010416666666667,True,270.93333333333334,276.1,213.275,213.43359375,0,0,1,499
44,11,Frozen Model,Regime 2: Password,password,0.07321772639691715,0.036608863198458574,0.038,1.0,0.038,0.038,0.5,1.0,0.0625,0.03948439983651042,0.0625,39.48439983651042,0.0,False,484.8,675.2,212.67838541666666,212.81640625,0,0,481,19
44,11,Continuously Retrained Ensemble,Regime 2: Password,password,0.7357774968394437,0.36788874841972186,0.582,1.0,0.582,0.582,0.5,1.0,1.171875,0.8109761998057365,0.03125,39.37970008701086,1.140625,True,263.5,280.4,212.67881944444446,212.81640625,0,0,209,291
44,11,Event-Driven Ensemble,Regime 2: Password,password,0.7357774968394437,0.36788874841972186,0.582,1.0,0.582,0.582,0.5,1.0,1.046875,0.7717833002097905,0.046875,40.29530007392168,1.0,True,262.53333333333336,279.7,212.67751736111111,212.8125,0,0,209,291
44,11,Adaptive Random Forest,Regime 2: Password,password,0.7244897959183674,0.3622448979591837,0.568,1.0,0.568,0.568,0.5,1.0,0.4114583333333333,0.29657853332658607,0.03125,39.37970008701086,0.3802083333333333,True,263.5,280.4,212.67881944444446,212.81640625,0,0,216,284
44,11,Adaptive Extra Trees,Regime 2: Password,password,1.0,1.0,1.0,1.0,1.0,1.0,0.5,1.0,0.4114583333333333,0.29657853332658607,0.03125,39.37970008701086,0.3802083333333333,True,263.5,280.4,212.67881944444446,212.81640625,0,0,0,500
44,11,Adaptive Gradient Boosting,Regime 2: Password,password,0.7325728770595691,0.36628643852978454,0.578,1.0,0.578,0.578,0.5,1.0,0.4114583333333333,0.29657853332658607,0.03125,39.37970008701086,0.3802083333333333,True,263.5,280.4,212.67881944444446,212.81640625,0,0,211,289
44,12,Frozen Model,Regime 2: Password,password,0.05825242718446602,0.02912621359223301,0.03,1.0,0.03,0.03,0.5,1.0,0.015625,0.03735290002077818,0.015625,37.35290002077818,0.0,False,280.7,280.7,206.11414930555554,206.375,0,0,485,15
44,12,Continuously Retrained Ensemble,Regime 2: Password,password,1.0,1.0,1.0,1.0,1.0,1.0,0.5,1.0,1.203125,0.8496215003542602,0.046875,41.19310015812516,1.15625,True,722.3333333333334,1679.6,206.23394097222223,206.3671875,0,0,0,500
44,12,Event-Driven Ensemble,Regime 2: Password,password,1.0,1.0,1.0,1.0,1.0,1.0,0.5,1.0,0.96875,0.8553509996272624,0.046875,87.40479964762926,0.921875,True,188.66666666666666,271.5,206.24381510416666,206.3671875,0,0,0,500
44,12,Adaptive Random Forest,Regime 2: Password,password,1.0,1.0,1.0,1.0,1.0,1.0,0.5,1.0,0.4322916666666667,0.31066923355683684,0.046875,41.19310015812516,0.3854166666666667,True,722.3333333333334,1679.6,206.23394097222223,206.3671875,0,0,0,500
44,12,Adaptive Extra Trees,Regime 2: Password,password,1.0,1.0,1.0,1.0,1.0,1.0,0.5,1.0,0.4322916666666667,0.31066923355683684,0.046875,41.19310015812516,0.3854166666666667,True,722.3333333333334,1679.6,206.23394097222223,206.3671875,0,0,0,500
44,12,Adaptive Gradient Boosting,Regime 2: Password,password,0.9785495403472931,0.48927477017364657,0.958,1.0,0.958,0.958,0.5,1.0,0.4322916666666667,0.31066923355683684,0.046875,41.19310015812516,0.3854166666666667,True,722.3333333333334,1679.6,206.23394097222223,206.3671875,0,0,21,479
44,13,Frozen Model,Regime 2: Password,password,0.00796812749003984,0.00398406374501992,0.004,1.0,0.004,0.004,0.5,1.0,0.03125,0.0377548998221755,0.03125,37.7548998221755,0.0,False,245.79999999999998,266.9,206.43446180555554,206.68359375,0,0,498,2
44,13,Continuously Retrained Ensemble,Regime 2: Password,password,1.0,1.0,1.0,1.0,1.0,1.0,0.5,1.0,1.125,0.8278120998293161,0.03125,39.655699860304594,1.09375,True,223.05,247.9,206.54730902777777,206.6875,0,0,0,500
44,13,Event-Driven Ensemble,Regime 2: Password,password,1.0,1.0,1.0,1.0,1.0,1.0,0.5,1.0,1.015625,0.8538534003309906,0.0625,40.449799969792366,0.953125,True,372.8,548.9,206.52734375,206.68359375,0,0,0,500
44,13,Adaptive Random Forest,Regime 2: Password,password,0.9878542510121457,0.4939271255060729,0.976,1.0,0.976,0.976,0.5,1.0,0.3958333333333333,0.3023744998499751,0.03125,39.655699860304594,0.3645833333333333,True,223.05,247.9,206.54730902777777,206.6875,0,0,12,488
44,13,Adaptive Extra Trees,Regime 2: Password,password,1.0,1.0,1.0,1.0,1.0,1.0,0.5,1.0,0.3958333333333333,0.3023744998499751,0.03125,39.655699860304594,0.3645833333333333,True,223.05,247.9,206.54730902777777,206.6875,0,0,0,500
44,13,Adaptive Gradient Boosting,Regime 2: Password,password,1.0,1.0,1.0,1.0,1.0,1.0,0.5,1.0,0.3958333333333333,0.3023744998499751,0.03125,39.655699860304594,0.3645833333333333,True,223.05,247.9,206.54730902777777,206.6875,0,0,0,500
44,14,Frozen Model,Regime 2: Password,password,0.3388704318936877,0.16943521594684385,0.204,1.0,0.204,0.204,0.5,1.0,0.03125,0.039029099978506565,0.03125,39.029099978506565,0.0,False,273.70000000000005,274.3,205.71571180555554,205.96484375,0,0,398,102
44,14,Continuously Retrained Ensemble,Regime 2: Password,password,1.0,1.0,1.0,1.0,1.0,1.0,0.5,1.0,1.265625,0.871112999971956,0.046875,44.04229996725917,1.21875,True,365.5,450.9,205.823828125,205.96484375,0,0,0,500
44,14,Event-Driven Ensemble,Regime 2: Password,password,1.0,1.0,1.0,1.0,1.0,1.0,0.5,1.0,1.109375,0.8784476001746953,0.046875,42.074600234627724,1.0625,True,283.5,301.3,205.80234375,205.96484375,0,0,0,500
44,14,Adaptive Random Forest,Regime 2: Password,password,1.0,1.0,1.0,1.0,1.0,1.0,0.5,1.0,0.453125,0.3197325333021581,0.046875,44.04229996725917,0.40625,True,365.5,450.9,205.823828125,205.96484375,0,0,0,500
44,14,Adaptive Extra Trees,Regime 2: Password,password,1.0,1.0,1.0,1.0,1.0,1.0,0.5,1.0,0.453125,0.3197325333021581,0.046875,44.04229996725917,0.40625,True,365.5,450.9,205.823828125,205.96484375,0,0,0,500
44,14,Adaptive Gradient Boosting,Regime 2: Password,password,1.0,1.0,1.0,1.0,1.0,1.0,0.5,1.0,0.453125,0.3197325333021581,0.046875,44.04229996725917,0.40625,True,365.5,450.9,205.823828125,205.96484375,0,0,0,500
44,15,Frozen Model,Regime 2: Password,password,0.6666666666666666,0.3333333333333333,0.5,1.0,0.5,0.5,0.5,1.0,0.046875,0.03978600027039647,0.046875,39.78600027039647,0.0,False,260.40000000000003,277.1,213.34418402777777,213.48828125,0,0,250,250
44,15,Continuously Retrained Ensemble,Regime 2: Password,password,1.0,1.0,1.0,1.0,1.0,1.0,0.5,1.0,1.296875,0.9019200005568564,0.046875,41.34840006008744,1.25,True,453.5,607.0,213.346875,213.4921875,0,0,0,500
44,15,Event-Driven Ensemble,Regime 2: Password,password,1.0,1.0,1.0,1.0,1.0,1.0,0.5,1.0,1.328125,0.9421207997947931,0.046875,39.76790001615882,1.28125,True,382.2,468.5,213.34939236111111,213.48828125,0,0,0,500
44,15,Adaptive Random Forest,Regime 2: Password,password,1.0,1.0,1.0,1.0,1.0,1.0,0.5,1.0,0.4635416666666667,0.3282056002256771,0.046875,41.34840006008744,0.4166666666666667,True,453.5,607.0,213.346875,213.4921875,0,0,0,500
44,15,Adaptive Extra Trees,Regime 2: Password,password,1.0,1.0,1.0,1.0,1.0,1.0,0.5,1.0,0.4635416666666667,0.3282056002256771,0.046875,41.34840006008744,0.4166666666666667,True,453.5,607.0,213.346875,213.4921875,0,0,0,500
44,15,Adaptive Gradient Boosting,Regime 2: Password,password,1.0,1.0,1.0,1.0,1.0,1.0,0.5,1.0,0.4635416666666667,0.3282056002256771,0.046875,41.34840006008744,0.4166666666666667,True,453.5,607.0,213.346875,213.4921875,0,0,0,500
44,16,Frozen Model,Regime 2: Password,password,0.6945169712793734,0.3472584856396867,0.532,1.0,0.532,0.532,0.5,1.0,0.03125,0.03888400038704276,0.03125,38.88400038704276,0.0,False,276.75,283.7,206.83680555555554,207.07421875,0,0,234,266
44,16,Continuously Retrained Ensemble,Regime 2: Password,password,1.0,1.0,1.0,1.0,1.0,1.0,0.5,1.0,1.390625,1.0088653997518122,0.03125,39.50880002230406,1.359375,True,269.5,283.9,206.93793402777777,207.078125,0,0,0,500
44,16,Event-Driven Ensemble,Regime 2: Password,password,1.0,1.0,1.0,1.0,1.0,1.0,0.5,1.0,1.390625,0.8855217997916043,0.046875,38.32740010693669,1.34375,True,267.76666666666665,273.2,206.93619791666666,207.06640625,0,0,0,500
44,16,Adaptive Random Forest,Regime 2: Password,password,1.0,1.0,1.0,1.0,1.0,1.0,0.5,1.0,0.484375,0.3626276665988068,0.03125,39.50880002230406,0.453125,True,269.5,283.9,206.93793402777777,207.078125,0,0,0,500
44,16,Adaptive Extra Trees,Regime 2: Password,password,1.0,1.0,1.0,1.0,1.0,1.0,0.5,1.0,0.484375,0.3626276665988068,0.03125,39.50880002230406,0.453125,True,269.5,283.9,206.93793402777777,207.078125,0,0,0,500
44,16,Adaptive Gradient Boosting,Regime 2: Password,password,0.9919354838709677,0.4959677419354839,0.984,1.0,0.984,0.984,0.5,1.0,0.484375,0.3626276665988068,0.03125,39.50880002230406,0.453125,True,269.5,283.9,206.93793402777777,207.078125,0,0,8,492
44,17,Frozen Model,Regime 2: Password,password,0.36333878887070375,0.18166939443535188,0.222,1.0,0.222,0.222,0.5,1.0,0.03125,0.060025600250810385,0.03125,60.025600250810385,0.0,False,202.0,228.4,206.62748579545453,206.875,0,0,389,111
44,17,Continuously Retrained Ensemble,Regime 2: Password,password,1.0,1.0,1.0,1.0,1.0,1.0,0.5,1.0,1.25,0.9671027003787458,0.046875,41.293200105428696,1.203125,True,428.55,580.0,206.7296875,206.8828125,0,0,0,500
44,17,Event-Driven Ensemble,Regime 2: Password,password,1.0,1.0,1.0,1.0,1.0,1.0,0.5,1.0,0.03125,0.040761400014162064,0.03125,40.761400014162064,0.0,False,286.15,299.5,206.73828125,206.87890625,0,0,0,500
44,17,Adaptive Random Forest,Regime 2: Password,password,0.9440337909186906,0.4720168954593453,0.894,1.0,0.894,0.894,0.5,1.0,0.4479166666666667,0.3498963668632011,0.046875,41.293200105428696,0.4010416666666667,True,428.55,580.0,206.7296875,206.8828125,0,0,53,447
44,17,Adaptive Extra Trees,Regime 2: Password,password,1.0,1.0,1.0,1.0,1.0,1.0,0.5,1.0,0.4479166666666667,0.3498963668632011,0.046875,41.293200105428696,0.4010416666666667,True,428.55,580.0,206.7296875,206.8828125,0,0,0,500
44,17,Adaptive Gradient Boosting,Regime 2: Password,password,0.9395546129374337,0.46977730646871685,0.886,1.0,0.886,0.886,0.5,1.0,0.4479166666666667,0.3498963668632011,0.046875,41.293200105428696,0.4010416666666667,True,428.55,580.0,206.7296875,206.8828125,0,0,57,443
44,18,Frozen Model,Regime 2: Password,password,0.3277591973244147,0.16387959866220736,0.196,1.0,0.196,0.196,0.5,1.0,0.0625,0.05427809990942478,0.0625,54.27809990942478,0.0,False,369.5,543.5,210.03841145833334,210.15625,0,0,402,98
44,18,Continuously Retrained Ensemble,Regime 2: Password,password,1.0,1.0,1.0,1.0,1.0,1.0,0.5,1.0,1.40625,1.0152313997969031,0.0625,83.39529996737838,1.34375,True,358.76666666666665,495.8,210.04947916666666,210.15625,0,0,0,500
44,18,Event-Driven Ensemble,Regime 2: Password,password,1.0,1.0,1.0,1.0,1.0,1.0,0.5,1.0,1.390625,0.9312064996920526,0.03125,52.15210001915693,1.359375,True,275.15,283.9,210.0294744318182,210.16015625,0,0,0,500
44,18,Adaptive Random Forest,Regime 2: Password,password,1.0,1.0,1.0,1.0,1.0,1.0,0.5,1.0,0.5104166666666667,0.39400733324388665,0.0625,83.39529996737838,0.4479166666666667,True,358.76666666666665,495.8,210.04947916666666,210.15625,0,0,0,500
44,18,Adaptive Extra Trees,Regime 2: Password,password,1.0,1.0,1.0,1.0,1.0,1.0,0.5,1.0,0.5104166666666667,0.39400733324388665,0.0625,83.39529996737838,0.4479166666666667,True,358.76666666666665,495.8,210.04947916666666,210.15625,0,0,0,500
44,18,Adaptive Gradient Boosting,Regime 2: Password,password,0.9888776541961577,0.49443882709807885,0.978,1.0,0.978,0.978,0.5,1.0,0.5104166666666667,0.39400733324388665,0.0625,83.39529996737838,0.4479166666666667,True,358.76666666666665,495.8,210.04947916666666,210.15625,0,0,11,489
44,19,Frozen Model,Regime 2: Password,password,0.34710743801652894,0.17355371900826447,0.21,1.0,0.21,0.21,0.5,1.0,0.0625,0.03931010002270341,0.0625,39.31010002270341,0.0,False,576.7,867.3,210.15060763888889,210.2890625,0,0,395,105
44,19,Continuously Retrained Ensemble,Regime 2: Password,password,1.0,1.0,1.0,1.0,1.0,1.0,0.5,1.0,1.578125,1.0692441002465785,0.03125,95.09380022063851,1.546875,True,276.05,278.3,210.171875,210.29296875,0,0,0,500
44,19,Event-Driven Ensemble,Regime 2: Password,password,1.0,1.0,1.0,1.0,1.0,1.0,0.5,1.0,1.421875,0.9725084998644888,0.046875,42.157599702477455,1.375,True,279.9,295.5,210.14626736111111,210.2890625,0,0,0,500
44,19,Adaptive Random Forest,Regime 2: Password,password,0.9909182643794148,0.4954591321897074,0.982,1.0,0.982,0.982,0.5,1.0,0.546875,0.4198105668959518,0.03125,95.09380022063851,0.515625,True,276.05,278.3,210.171875,210.29296875,0,0,9,491
44,19,Adaptive Extra Trees,Regime 2: Password,password,1.0,1.0,1.0,1.0,1.0,1.0,0.5,1.0,0.546875,0.4198105668959518,0.03125,95.09380022063851,0.515625,True,276.05,278.3,210.171875,210.29296875,0,0,0,500
44,19,Adaptive Gradient Boosting,Regime 2: Password,password,0.983739837398374,0.491869918699187,0.968,1.0,0.968,0.968,0.5,1.0,0.546875,0.4198105668959518,0.03125,95.09380022063851,0.515625,True,276.05,278.3,210.171875,210.29296875,0,0,16,484
44,20,Frozen Model,Regime 2: Password,password,0.6522911051212938,0.3261455525606469,0.484,1.0,0.484,0.484,0.5,1.0,0.03125,0.03939200006425381,0.03125,39.39200006425381,0.0,False,1384.8999999999999,2484.1,210.40451388888889,210.53515625,0,0,258,242
44,20,Continuously Retrained Ensemble,Regime 2: Password,password,1.0,1.0,1.0,1.0,1.0,1.0,0.5,1.0,1.640625,1.0963014992885292,0.0625,43.75459998846054,1.578125,True,941.6666666666666,1956.3,210.409765625,210.5390625,0,0,0,500
44,20,Event-Driven Ensemble,Regime 2: Password,password,1.0,1.0,1.0,1.0,1.0,1.0,0.5,1.0,1.59375,1.0439579002559185,0.0625,41.52380023151636,1.53125,True,357.1666666666667,473.6,210.39609375,210.54296875,0,0,0,500
44,20,Adaptive Random Forest,Regime 2: Password,password,1.0,1.0,1.0,1.0,1.0,1.0,0.5,1.0,0.5885416666666666,0.39460356642181676,0.0625,43.75459998846054,0.5260416666666666,True,941.6666666666666,1956.3,210.409765625,210.5390625,0,0,0,500
44,20,Adaptive Extra Trees,Regime 2: Password,password,1.0,1.0,1.0,1.0,1.0,1.0,0.5,1.0,0.5885416666666666,0.39460356642181676,0.0625,43.75459998846054,0.5260416666666666,True,941.6666666666666,1956.3,210.409765625,210.5390625,0,0,0,500
44,20,Adaptive Gradient Boosting,Regime 2: Password,password,1.0,1.0,1.0,1.0,1.0,1.0,0.5,1.0,0.5885416666666666,0.39460356642181676,0.0625,43.75459998846054,0.5260416666666666,True,941.6666666666666,1956.3,210.409765625,210.5390625,0,0,0,500
44,21,Frozen Model,Regime 3: XSS/Ransomware,xss,0.07321772639691715,0.036608863198458574,0.038,1.0,0.038,0.038,0.5,1.0,0.046875,0.037999500054866076,0.046875,37.999500054866076,0.0,False,284.70000000000005,297.6,210.81553819444446,210.9453125,0,0,481,19
44,21,Continuously Retrained Ensemble,Regime 3: XSS/Ransomware,xss,1.0,1.0,1.0,1.0,1.0,1.0,0.5,1.0,1.65625,1.1237464002333581,0.03125,39.9493002332747,1.625,True,285.04999999999995,290.7,210.80381944444446,210.9453125,0,0,0,500
44,21,Event-Driven Ensemble,Regime 3: XSS/Ransomware,xss,1.0,1.0,1.0,1.0,1.0,1.0,0.5,1.0,1.546875,1.0761163998395205,0.0625,40.555099956691265,1.484375,True,381.2,591.8,210.80078125,210.94921875,0,0,0,500
44,21,Adaptive Random Forest,Regime 3: XSS/Ransomware,xss,0.817966903073286,0.408983451536643,0.692,1.0,0.692,0.692,0.5,1.0,0.5729166666666666,0.40121500023330253,0.03125,39.9493002332747,0.5416666666666666,True,285.04999999999995,290.7,210.80381944444446,210.9453125,0,0,154,346
44,21,Adaptive Extra Trees,Regime 3: XSS/Ransomware,xss,1.0,1.0,1.0,1.0,1.0,1.0,0.5,1.0,0.5729166666666666,0.40121500023330253,0.03125,39.9493002332747,0.5416666666666666,True,285.04999999999995,290.7,210.80381944444446,210.9453125,0,0,0,500
44,21,Adaptive Gradient Boosting,Regime 3: XSS/Ransomware,xss,0.8558352402745996,0.4279176201372998,0.748,1.0,0.748,0.748,0.5,1.0,0.5729166666666666,0.40121500023330253,0.03125,39.9493002332747,0.5416666666666666,True,285.04999999999995,290.7,210.80381944444446,210.9453125,0,0,126,374
44,22,Frozen Model,Regime 3: XSS/Ransomware,xss,0.39228295819935693,0.19614147909967847,0.244,1.0,0.244,0.244,0.5,1.0,0.046875,0.039400000125169754,0.046875,39.400000125169754,0.0,False,1502.95,2412.8,206.553515625,206.81640625,0,0,378,122
44,22,Continuously Retrained Ensemble,Regime 3: XSS/Ransomware,xss,1.0,1.0,1.0,1.0,1.0,1.0,0.5,1.0,1.796875,1.1408283007331192,0.03125,40.63050029799342,1.765625,True,262.95,279.3,206.65234375,206.8203125,0,0,0,500
44,22,Event-Driven Ensemble,Regime 3: XSS/Ransomware,xss,1.0,1.0,1.0,1.0,1.0,1.0,0.5,1.0,0.09375,0.03920260025188327,0.09375,39.20260025188327,0.0,False,530.1,765.2,206.67664930555554,206.8125,0,0,0,500
44,22,Adaptive Random Forest,Regime 3: XSS/Ransomware,xss,1.0,1.0,1.0,1.0,1.0,1.0,0.5,1.0,0.6197916666666666,0.40736310044303536,0.03125,40.63050029799342,0.5885416666666666,True,262.95,279.3,206.65234375,206.8203125,0,0,0,500
44,22,Adaptive Extra Trees,Regime 3: XSS/Ransomware,xss,1.0,1.0,1.0,1.0,1.0,1.0,0.5,1.0,0.6197916666666666,0.40736310044303536,0.03125,40.63050029799342,0.5885416666666666,True,262.95,279.3,206.65234375,206.8203125,0,0,0,500
44,22,Adaptive Gradient Boosting,Regime 3: XSS/Ransomware,xss,0.9888776541961577,0.49443882709807885,0.978,1.0,0.978,0.978,0.5,1.0,0.6197916666666666,0.40736310044303536,0.03125,40.63050029799342,0.5885416666666666,True,262.95,279.3,206.65234375,206.8203125,0,0,11,489
44,23,Frozen Model,Regime 3: XSS/Ransomware,ransomware,0.043052837573385516,0.021526418786692758,0.022,1.0,0.022,0.022,0.5,1.0,0.0625,0.03854250023141503,0.0625,38.54250023141503,0.0,False,365.6666666666667,495.1,210.93359375,211.07421875,0,0,489,11
44,23,Continuously Retrained Ensemble,Regime 3: XSS/Ransomware,ransomware,1.0,1.0,1.0,1.0,1.0,1.0,0.5,1.0,1.765625,1.2578168008476496,0.09375,40.27410037815571,1.671875,True,561.6999999999999,577.0,210.93706597222223,211.078125,0,0,0,500
44,23,Event-Driven Ensemble,Regime 3: XSS/Ransomware,ransomware,1.0,1.0,1.0,1.0,1.0,1.0,0.5,1.0,2.0,1.4747068001888692,0.046875,52.45720036327839,1.953125,True,285.6333333333334,294.6,210.939453125,211.07421875,0,0,0,500
44,23,Adaptive Random Forest,Regime 3: XSS/Ransomware,ransomware,0.998998998998999,0.4994994994994995,0.998,1.0,0.998,0.998,0.5,1.0,0.6510416666666666,0.44612166720132035,0.09375,40.27410037815571,0.5572916666666666,True,561.6999999999999,577.0,210.93706597222223,211.078125,0,0,1,499
44,23,Adaptive Extra Trees,Regime 3: XSS/Ransomware,ransomware,1.0,1.0,1.0,1.0,1.0,1.0,0.5,1.0,0.6510416666666666,0.44612166720132035,0.09375,40.27410037815571,0.5572916666666666,True,561.6999999999999,577.0,210.93706597222223,211.078125,0,0,0,500
44,23,Adaptive Gradient Boosting,Regime 3: XSS/Ransomware,ransomware,0.9929506545820745,0.49647532729103727,0.986,1.0,0.986,0.986,0.5,1.0,0.6510416666666666,0.44612166720132035,0.09375,40.27410037815571,0.5572916666666666,True,561.6999999999999,577.0,210.93706597222223,211.078125,0,0,7,493
44,24,Frozen Model,Regime 3: XSS/Ransomware,ransomware,0.0,0.0,0.0,0.0,0.0,0.0,0.5,1.0,0.046875,0.054326700046658516,0.046875,54.326700046658516,0.0,False,250.43333333333337,304.2,211.5372869318182,211.65625,0,0,500,0
44,24,Continuously Retrained Ensemble,Regime 3: XSS/Ransomware,ransomware,1.0,1.0,1.0,1.0,1.0,1.0,0.5,1.0,1.9375,1.5171499992720783,0.03125,95.32199986279011,1.90625,True,267.15,274.1,211.54505208333333,211.65625,0,0,0,500
44,24,Event-Driven Ensemble,Regime 3: XSS/Ransomware,ransomware,1.0,1.0,1.0,1.0,1.0,1.0,0.5,1.0,1.796875,1.219270599540323,0.0625,46.48459982126951,1.734375,True,325.56666666666666,489.7,211.50234375,211.6640625,0,0,0,500
44,24,Adaptive Random Forest,Regime 3: XSS/Ransomware,ransomware,1.0,1.0,1.0,1.0,1.0,1.0,0.5,1.0,0.6666666666666666,0.5692646663325529,0.03125,95.32199986279011,0.6354166666666666,True,267.15,274.1,211.54505208333333,211.65625,0,0,0,500
44,24,Adaptive Extra Trees,Regime 3: XSS/Ransomware,ransomware,1.0,1.0,1.0,1.0,1.0,1.0,0.5,1.0,0.6666666666666666,0.5692646663325529,0.03125,95.32199986279011,0.6354166666666666,True,267.15,274.1,211.54505208333333,211.65625,0,0,0,500
44,24,Adaptive Gradient Boosting,Regime 3: XSS/Ransomware,ransomware,0.9473684210526315,0.47368421052631576,0.9,1.0,0.9,0.9,0.5,1.0,0.6666666666666666,0.5692646663325529,0.03125,95.32199986279011,0.6354166666666666,True,267.15,274.1,211.54505208333333,211.65625,0,0,50,450
44,25,Frozen Model,Regime 3: XSS/Ransomware,ransomware,0.3525535420098847,0.17627677100494235,0.214,1.0,0.214,0.214,0.5,1.0,0.046875,0.03862849995493889,0.046875,38.62849995493889,0.0,False,439.15,595.4,210.97352430555554,211.11328125,0,0,393,107
44,25,Continuously Retrained Ensemble,Regime 3: XSS/Ransomware,ransomware,1.0,1.0,1.0,1.0,1.0,1.0,0.5,1.0,1.828125,1.4260382000356913,0.046875,103.87540003284812,1.78125,True,214.4,282.6,210.98802083333334,211.1171875,0,0,0,500
44,25,Event-Driven Ensemble,Regime 3: XSS/Ransomware,ransomware,1.0,1.0,1.0,1.0,1.0,1.0,0.5,1.0,1.796875,1.1745263994671404,0.078125,42.801099829375744,1.71875,True,456.73333333333335,864.9,210.95390625,211.109375,0,0,0,500
44,25,Adaptive Random Forest,Regime 3: XSS/Ransomware,ransomware,1.0,1.0,1.0,1.0,1.0,1.0,0.5,1.0,0.640625,0.5445963333671291,0.046875,103.87540003284812,0.59375,True,214.4,282.6,210.98802083333334,211.1171875,0,0,0,500
44,25,Adaptive Extra Trees,Regime 3: XSS/Ransomware,ransomware,1.0,1.0,1.0,1.0,1.0,1.0,0.5,1.0,0.640625,0.5445963333671291,0.046875,103.87540003284812,0.59375,True,214.4,282.6,210.98802083333334,211.1171875,0,0,0,500
44,25,Adaptive Gradient Boosting,Regime 3: XSS/Ransomware,ransomware,1.0,1.0,1.0,1.0,1.0,1.0,0.5,1.0,0.640625,0.5445963333671291,0.046875,103.87540003284812,0.59375,True,214.4,282.6,210.98802083333334,211.1171875,0,0,0,500
44,26,Frozen Model,Regime 3: XSS/Ransomware,ransomware,0.5693848354792561,0.28469241773962806,0.398,1.0,0.398,0.398,0.5,1.0,0.03125,0.03785420022904873,0.03125,37.85420022904873,0.0,False,285.35,293.8,206.83854166666666,207.078125,0,0,301,199
44,26,Continuously Retrained Ensemble,Regime 3: XSS/Ransomware,ransomware,1.0,1.0,1.0,1.0,1.0,1.0,0.5,1.0,1.84375,1.1924627996049821,0.03125,38.32500008866191,1.8125,True,288.5,304.0,206.93576388888889,207.06640625,0,0,0,500
44,26,Event-Driven Ensemble,Regime 3: XSS/Ransomware,ransomware,1.0,1.0,1.0,1.0,1.0,1.0,0.5,1.0,1.734375,1.1636960003525019,0.03125,38.62580005079508,1.703125,True,283.3,287.0,206.9453125,207.078125,0,0,0,500
44,26,Adaptive Random Forest,Regime 3: XSS/Ransomware,ransomware,1.0,1.0,1.0,1.0,1.0,1.0,0.5,1.0,0.6354166666666666,0.42303759992743534,0.03125,38.32500008866191,0.6041666666666666,True,288.5,304.0,206.93576388888889,207.06640625,0,0,0,500
44,26,Adaptive Extra Trees,Regime 3: XSS/Ransomware,ransomware,1.0,1.0,1.0,1.0,1.0,1.0,0.5,1.0,0.6354166666666666,0.42303759992743534,0.03125,38.32500008866191,0.6041666666666666,True,288.5,304.0,206.93576388888889,207.06640625,0,0,0,500
44,26,Adaptive Gradient Boosting,Regime 3: XSS/Ransomware,ransomware,1.0,1.0,1.0,1.0,1.0,1.0,0.5,1.0,0.6354166666666666,0.42303759992743534,0.03125,38.32500008866191,0.6041666666666666,True,288.5,304.0,206.93576388888889,207.06640625,0,0,0,500
44,27,Frozen Model,Regime 3: XSS/Ransomware,ransomware,0.6666666666666666,0.3333333333333333,0.5,1.0,0.5,0.5,0.5,1.0,0.03125,0.04046629974618554,0.03125,40.46629974618554,0.0,False,287.7,298.9,206.8171875,207.06640625,0,0,250,250
44,27,Continuously Retrained Ensemble,Regime 3: XSS/Ransomware,ransomware,1.0,1.0,1.0,1.0,1.0,1.0,0.5,1.0,2.015625,1.256855099927634,0.03125,40.62579991295934,1.984375,True,278.35,282.8,206.94053819444446,207.1328125,0,0,0,500
44,27,Event-Driven Ensemble,Regime 3: XSS/Ransomware,ransomware,1.0,1.0,1.0,1.0,1.0,1.0,0.5,1.0,1.8125,1.2195949000306427,0.046875,40.31559964641929,1.765625,True,441.95,596.9,206.98697916666666,207.12890625,0,0,0,500
44,27,Adaptive Random Forest,Regime 3: XSS/Ransomware,ransomware,1.0,1.0,1.0,1.0,1.0,1.0,0.5,1.0,0.6927083333333334,0.44603556658451754,0.03125,40.62579991295934,0.6614583333333334,True,278.35,282.8,206.94053819444446,207.1328125,0,0,0,500
44,27,Adaptive Extra Trees,Regime 3: XSS/Ransomware,ransomware,1.0,1.0,1.0,1.0,1.0,1.0,0.5,1.0,0.6927083333333334,0.44603556658451754,0.03125,40.62579991295934,0.6614583333333334,True,278.35,282.8,206.94053819444446,207.1328125,0,0,0,500
44,27,Adaptive Gradient Boosting,Regime 3: XSS/Ransomware,ransomware,0.983739837398374,0.491869918699187,0.968,1.0,0.968,0.968,0.5,1.0,0.6927083333333334,0.44603556658451754,0.03125,40.62579991295934,0.6614583333333334,True,278.35,282.8,206.94053819444446,207.1328125,0,0,16,484
44,28,Frozen Model,Regime 3: XSS/Ransomware,ransomware,0.36867862969004894,0.18433931484502447,0.226,1.0,0.226,0.226,0.5,1.0,0.0625,0.04155940003693104,0.0625,41.55940003693104,0.0,False,500.75,568.6,206.85460069444446,207.1328125,0,0,387,113
44,28,Continuously Retrained Ensemble,Regime 3: XSS/Ransomware,ransomware,1.0,1.0,1.0,1.0,1.0,1.0,0.5,1.0,1.984375,1.3009766000322998,0.09375,40.35050002858043,1.890625,True,774.9499999999999,1072.6,207.02690972222223,207.1875,0,0,0,500
44,28,Event-Driven Ensemble,Regime 3: XSS/Ransomware,ransomware,1.0,1.0,1.0,1.0,1.0,1.0,0.5,1.0,0.046875,0.049558000173419714,0.046875,49.558000173419714,0.0,False,403.05,577.0,207.0674715909091,207.19140625,0,0,0,500
44,28,Adaptive Random Forest,Regime 3: XSS/Ransomware,ransomware,1.0,1.0,1.0,1.0,1.0,1.0,0.5,1.0,0.7239583333333334,0.4605592000298202,0.09375,40.35050002858043,0.6302083333333334,True,774.9499999999999,1072.6,207.02690972222223,207.1875,0,0,0,500
44,28,Adaptive Extra Trees,Regime 3: XSS/Ransomware,ransomware,1.0,1.0,1.0,1.0,1.0,1.0,0.5,1.0,0.7239583333333334,0.4605592000298202,0.09375,40.35050002858043,0.6302083333333334,True,774.9499999999999,1072.6,207.02690972222223,207.1875,0,0,0,500
44,28,Adaptive Gradient Boosting,Regime 3: XSS/Ransomware,ransomware,1.0,1.0,1.0,1.0,1.0,1.0,0.5,1.0,0.7239583333333334,0.4605592000298202,0.09375,40.35050002858043,0.6302083333333334,True,774.9499999999999,1072.6,207.02690972222223,207.1875,0,0,0,500
44,29,Frozen Model,Regime 4: Backdoor,backdoor,0.0,0.0,0.0,0.0,0.0,0.0,0.5,1.0,0.0625,0.03789739962667227,0.0625,37.89739962667227,0.0,False,371.5,540.6,212.10980902777777,212.23828125,0,0,500,0
44,29,Continuously Retrained Ensemble,Regime 4: Backdoor,backdoor,1.0,1.0,1.0,1.0,1.0,1.0,0.5,1.0,2.03125,1.370073199737817,0.03125,38.269799668341875,2.0,True,283.1,285.2,212.10894097222223,212.23828125,0,0,0,500
44,29,Event-Driven Ensemble,Regime 4: Backdoor,backdoor,1.0,1.0,1.0,1.0,1.0,1.0,0.5,1.0,1.90625,1.2844917997717857,0.046875,37.67549991607666,1.859375,True,418.15,557.6,212.09418402777777,212.234375,0,0,0,500
44,29,Adaptive Random Forest,Regime 4: Backdoor,backdoor,1.0,1.0,1.0,1.0,1.0,1.0,0.5,1.0,0.6979166666666666,0.48220426635816693,0.03125,38.269799668341875,0.6666666666666666,True,283.1,285.2,212.10894097222223,212.23828125,0,0,0,500
44,29,Adaptive Extra Trees,Regime 4: Backdoor,backdoor,1.0,1.0,1.0,1.0,1.0,1.0,0.5,1.0,0.6979166666666666,0.48220426635816693,0.03125,38.269799668341875,0.6666666666666666,True,283.1,285.2,212.10894097222223,212.23828125,0,0,0,500
44,29,Adaptive Gradient Boosting,Regime 4: Backdoor,backdoor,0.9929506545820745,0.49647532729103727,0.986,1.0,0.986,0.986,0.5,1.0,0.6979166666666666,0.48220426635816693,0.03125,38.269799668341875,0.6666666666666666,True,283.1,285.2,212.10894097222223,212.23828125,0,0,7,493
44,30,Frozen Model,Regime 4: Backdoor,backdoor,0.3277591973244147,0.16387959866220736,0.196,1.0,0.196,0.196,0.5,1.0,0.046875,0.03768330020830035,0.046875,37.68330020830035,0.0,False,397.65,509.8,215.04991319444446,215.1875,0,0,402,98
44,30,Continuously Retrained Ensemble,Regime 4: Backdoor,backdoor,1.0,1.0,1.0,1.0,1.0,1.0,0.5,1.0,1.953125,1.358131700195372,0.03125,38.21199992671609,1.921875,True,272.4,276.7,215.04123263888889,215.17578125,0,0,0,500
44,30,Event-Driven Ensemble,Regime 4: Backdoor,backdoor,1.0,1.0,1.0,1.0,1.0,1.0,0.5,1.0,1.953125,1.2872340003959835,0.03125,40.15849996358156,1.921875,True,238.85000000000002,241.4,215.04904513888889,215.18359375,0,0,0,500
44,30,Adaptive Random Forest,Regime 4: Backdoor,backdoor,1.0,1.0,1.0,1.0,1.0,1.0,0.5,1.0,0.671875,0.47818523334960145,0.03125,38.21199992671609,0.640625,True,272.4,276.7,215.04123263888889,215.17578125,0,0,0,500
44,30,Adaptive Extra Trees,Regime 4: Backdoor,backdoor,1.0,1.0,1.0,1.0,1.0,1.0,0.5,1.0,0.671875,0.47818523334960145,0.03125,38.21199992671609,0.640625,True,272.4,276.7,215.04123263888889,215.17578125,0,0,0,500
44,30,Adaptive Gradient Boosting,Regime 4: Backdoor,backdoor,1.0,1.0,1.0,1.0,1.0,1.0,0.5,1.0,0.671875,0.47818523334960145,0.03125,38.21199992671609,0.640625,True,272.4,276.7,215.04123263888889,215.17578125,0,0,0,500
44,31,Frozen Model,Regime 4: Backdoor,backdoor,0.0,0.0,0.0,0.0,0.0,0.0,0.5,1.0,0.03125,0.03679580008611083,0.03125,36.79580008611083,0.0,False,300.6,304.9,212.47743055555554,212.61328125,0,0,500,0
44,31,Continuously Retrained Ensemble,Regime 4: Backdoor,backdoor,1.0,1.0,1.0,1.0,1.0,1.0,0.5,1.0,2.0625,1.323654199950397,0.09375,39.51899986714125,1.96875,True,543.4,1085.4,212.46527777777777,212.609375,0,0,0,500
44,31,Event-Driven Ensemble,Regime 4: Backdoor,backdoor,1.0,1.0,1.0,1.0,1.0,1.0,0.5,1.0,0.03125,0.03933890024200082,0.03125,39.33890024200082,0.0,False,278.75,283.6,212.47439236111111,212.61328125,0,0,0,500
44,31,Adaptive Random Forest,Regime 4: Backdoor,backdoor,1.0,1.0,1.0,1.0,1.0,1.0,0.5,1.0,0.75,0.46756406656155985,0.09375,39.51899986714125,0.65625,True,543.4,1085.4,212.46527777777777,212.609375,0,0,0,500
44,31,Adaptive Extra Trees,Regime 4: Backdoor,backdoor,1.0,1.0,1.0,1.0,1.0,1.0,0.5,1.0,0.75,0.46756406656155985,0.09375,39.51899986714125,0.65625,True,543.4,1085.4,212.46527777777777,212.609375,0,0,0,500
44,31,Adaptive Gradient Boosting,Regime 4: Backdoor,backdoor,1.0,1.0,1.0,1.0,1.0,1.0,0.5,1.0,0.75,0.46756406656155985,0.09375,39.51899986714125,0.65625,True,543.4,1085.4,212.46527777777777,212.609375,0,0,0,500
44,32,Frozen Model,Regime 4: Backdoor,backdoor,0.023715415019762844,0.011857707509881422,0.012,1.0,0.012,0.012,0.5,1.0,0.0625,0.053549700416624546,0.0625,53.549700416624546,0.0,False,383.43333333333334,583.0,213.939453125,214.05078125,0,0,494,6
44,32,Continuously Retrained Ensemble,Regime 4: Backdoor,backdoor,1.0,1.0,1.0,1.0,1.0,1.0,0.5,1.0,2.078125,1.324018499813974,0.03125,39.840399753302336,2.046875,True,278.25,280.0,213.91536458333334,214.0546875,0,0,0,500
44,32,Event-Driven Ensemble,Regime 4: Backdoor,backdoor,1.0,1.0,1.0,1.0,1.0,1.0,0.5,1.0,0.046875,0.038765800185501575,0.046875,38.765800185501575,0.0,False,416.15,541.5,213.90494791666666,214.046875,0,0,0,500
44,32,Adaptive Random Forest,Regime 4: Backdoor,backdoor,1.0,1.0,1.0,1.0,1.0,1.0,0.5,1.0,0.7135416666666666,0.4678997664401929,0.03125,39.840399753302336,0.6822916666666666,True,278.25,280.0,213.91536458333334,214.0546875,0,0,0,500
44,32,Adaptive Extra Trees,Regime 4: Backdoor,backdoor,1.0,1.0,1.0,1.0,1.0,1.0,0.5,1.0,0.7135416666666666,0.4678997664401929,0.03125,39.840399753302336,0.6822916666666666,True,278.25,280.0,213.91536458333334,214.0546875,0,0,0,500
44,32,Adaptive Gradient Boosting,Regime 4: Backdoor,backdoor,1.0,1.0,1.0,1.0,1.0,1.0,0.5,1.0,0.7135416666666666,0.4678997664401929,0.03125,39.840399753302336,0.6822916666666666,True,278.25,280.0,213.91536458333334,214.0546875,0,0,0,500
44,33,Frozen Model,Regime 4: Backdoor,backdoor,0.22380106571936056,0.11190053285968028,0.126,1.0,0.126,0.126,0.5,1.0,0.046875,0.04943469958379865,0.046875,49.43469958379865,0.0,False,784.6666666666666,1824.5,208.13245738636363,208.328125,0,0,437,63
44,33,Continuously Retrained Ensemble,Regime 4: Backdoor,backdoor,1.0,1.0,1.0,1.0,1.0,1.0,0.5,1.0,2.375,1.481367599684745,0.0625,41.71889973804355,2.3125,True,375.3,564.0,208.17578125,208.33203125,0,0,0,500
44,33,Event-Driven Ensemble,Regime 4: Backdoor,backdoor,1.0,1.0,1.0,1.0,1.0,1.0,0.5,1.0,2.0625,1.461675800383091,0.03125,38.59829995781183,2.03125,True,276.85,283.3,208.19791666666666,208.328125,0,0,0,500
44,33,Adaptive Random Forest,Regime 4: Backdoor,backdoor,1.0,1.0,1.0,1.0,1.0,1.0,0.5,1.0,0.8333333333333334,0.5216017997202773,0.0625,41.71889973804355,0.7708333333333334,True,375.3,564.0,208.17578125,208.33203125,0,0,0,500
44,33,Adaptive Extra Trees,Regime 4: Backdoor,backdoor,1.0,1.0,1.0,1.0,1.0,1.0,0.5,1.0,0.8333333333333334,0.5216017997202773,0.0625,41.71889973804355,0.7708333333333334,True,375.3,564.0,208.17578125,208.33203125,0,0,0,500
44,33,Adaptive Gradient Boosting,Regime 4: Backdoor,backdoor,0.9795918367346939,0.4897959183673469,0.96,1.0,0.96,0.96,0.5,1.0,0.8333333333333334,0.5216017997202773,0.0625,41.71889973804355,0.7708333333333334,True,375.3,564.0,208.17578125,208.33203125,0,0,20,480
44,34,Frozen Model,Regime 4: Backdoor,backdoor,0.3388704318936877,0.16943521594684385,0.204,1.0,0.204,0.204,0.5,1.0,0.03125,0.037745899986475706,0.03125,37.745899986475706,0.0,False,285.55,291.3,213.39973958333334,213.52734375,0,0,398,102
44,34,Continuously Retrained Ensemble,Regime 4: Backdoor,backdoor,1.0,1.0,1.0,1.0,1.0,1.0,0.5,1.0,2.078125,1.3897406002506614,0.03125,42.62570012360811,2.046875,True,280.85,303.8,213.389453125,213.53125,0,0,0,500
44,34,Event-Driven Ensemble,Regime 4: Backdoor,backdoor,1.0,1.0,1.0,1.0,1.0,1.0,0.5,1.0,2.125,1.3695992003194988,0.03125,43.9325999468565,2.09375,True,278.65,280.1,213.378125,213.52734375,0,0,0,500
44,34,Adaptive Random Forest,Regime 4: Backdoor,backdoor,1.0,1.0,1.0,1.0,1.0,1.0,0.5,1.0,0.7135416666666666,0.4916640001659592,0.03125,42.62570012360811,0.6822916666666666,True,280.85,303.8,213.389453125,213.53125,0,0,0,500
44,34,Adaptive Extra Trees,Regime 4: Backdoor,backdoor,1.0,1.0,1.0,1.0,1.0,1.0,0.5,1.0,0.7135416666666666,0.4916640001659592,0.03125,42.62570012360811,0.6822916666666666,True,280.85,303.8,213.389453125,213.53125,0,0,0,500
44,34,Adaptive Gradient Boosting,Regime 4: Backdoor,backdoor,0.9979959919839679,0.49899799599198397,0.996,1.0,0.996,0.996,0.5,1.0,0.7135416666666666,0.4916640001659592,0.03125,42.62570012360811,0.6822916666666666,True,280.85,303.8,213.389453125,213.53125,0,0,2,498
44,35,Frozen Model,Regime 4: Backdoor,backdoor,0.8193624557260921,0.40968122786304606,0.694,1.0,0.694,0.694,0.5,1.0,0.03125,0.03981389990076423,0.03125,39.81389990076423,0.0,False,274.6,277.0,213.76258680555554,213.8984375,0,0,153,347
44,35,Continuously Retrained Ensemble,Regime 4: Backdoor,backdoor,1.0,1.0,1.0,1.0,1.0,1.0,0.5,1.0,2.25,1.446447300259024,0.03125,43.88709971681237,2.21875,True,262.75,264.3,213.753515625,213.89453125,0,0,0,500
44,35,Event-Driven Ensemble,Regime 4: Backdoor,backdoor,1.0,1.0,1.0,1.0,1.0,1.0,0.5,1.0,2.21875,1.4701534006744623,0.078125,41.12820001319051,2.140625,True,430.5333333333333,759.1,213.74565972222223,213.89453125,0,0,0,500
44,35,Adaptive Random Forest,Regime 4: Backdoor,backdoor,1.0,1.0,1.0,1.0,1.0,1.0,0.5,1.0,0.7708333333333334,0.5114071665642161,0.03125,43.88709971681237,0.7395833333333334,True,262.75,264.3,213.753515625,213.89453125,0,0,0,500
44,35,Adaptive Extra Trees,Regime 4: Backdoor,backdoor,1.0,1.0,1.0,1.0,1.0,1.0,0.5,1.0,0.7708333333333334,0.5114071665642161,0.03125,43.88709971681237,0.7395833333333334,True,262.75,264.3,213.753515625,213.89453125,0,0,0,500
44,35,Adaptive Gradient Boosting,Regime 4: Backdoor,backdoor,0.9929506545820745,0.49647532729103727,0.986,1.0,0.986,0.986,0.5,1.0,0.7708333333333334,0.5114071665642161,0.03125,43.88709971681237,0.7395833333333334,True,262.75,264.3,213.753515625,213.89453125,0,0,7,493
44,36,Frozen Model,Regime 4: Backdoor,backdoor,0.7864077669902912,0.3932038834951456,0.648,1.0,0.648,0.648,0.5,1.0,0.03125,0.03675580024719238,0.03125,36.75580024719238,0.0,False,1383.85,2490.0,214.34505208333334,214.484375,0,0,176,324
44,36,Continuously Retrained Ensemble,Regime 4: Backdoor,backdoor,1.0,1.0,1.0,1.0,1.0,1.0,0.5,1.0,2.359375,1.510915799997747,0.046875,37.91660023853183,2.3125,True,1169.6,1753.3,214.34939236111111,214.48046875,0,0,0,500
44,36,Event-Driven Ensemble,Regime 4: Backdoor,backdoor,1.0,1.0,1.0,1.0,1.0,1.0,0.5,1.0,2.28125,1.471648100297898,0.03125,42.66480030491948,2.25,True,279.95,287.5,214.3515625,214.484375,0,0,0,500
44,36,Adaptive Random Forest,Regime 4: Backdoor,backdoor,1.0,1.0,1.0,1.0,1.0,1.0,0.5,1.0,0.8177083333333334,0.5289163334916036,0.046875,37.91660023853183,0.7708333333333334,True,1169.6,1753.3,214.34939236111111,214.48046875,0,0,0,500
44,36,Adaptive Extra Trees,Regime 4: Backdoor,backdoor,1.0,1.0,1.0,1.0,1.0,1.0,0.5,1.0,0.8177083333333334,0.5289163334916036,0.046875,37.91660023853183,0.7708333333333334,True,1169.6,1753.3,214.34939236111111,214.48046875,0,0,0,500
44,36,Adaptive Gradient Boosting,Regime 4: Backdoor,backdoor,1.0,1.0,1.0,1.0,1.0,1.0,0.5,1.0,0.8177083333333334,0.5289163334916036,0.046875,37.91660023853183,0.7708333333333334,True,1169.6,1753.3,214.34939236111111,214.48046875,0,0,0,500
44,37,Frozen Model,Regime 4: Backdoor,backdoor,0.711340206185567,0.3556701030927835,0.552,1.0,0.552,0.552,0.5,1.0,0.046875,0.03778850007802248,0.046875,37.78850007802248,0.0,False,274.6333333333334,305.5,214.45703125,214.59765625,0,0,224,276
44,37,Continuously Retrained Ensemble,Regime 4: Backdoor,backdoor,1.0,1.0,1.0,1.0,1.0,1.0,0.5,1.0,2.4375,1.512865100055933,0.0625,51.07229994609952,2.375,True,276.42499999999995,286.1,214.4815340909091,214.6015625,0,0,0,500
44,37,Event-Driven Ensemble,Regime 4: Backdoor,backdoor,1.0,1.0,1.0,1.0,1.0,1.0,0.5,1.0,2.03125,1.4451809995807707,0.046875,41.490199975669384,1.984375,True,436.45000000000005,594.6,214.438671875,214.59375,0,0,0,500
44,37,Adaptive Random Forest,Regime 4: Backdoor,backdoor,1.0,1.0,1.0,1.0,1.0,1.0,0.5,1.0,0.8541666666666666,0.5383365666493773,0.0625,51.07229994609952,0.7916666666666666,True,276.42499999999995,286.1,214.4815340909091,214.6015625,0,0,0,500
44,37,Adaptive Extra Trees,Regime 4: Backdoor,backdoor,1.0,1.0,1.0,1.0,1.0,1.0,0.5,1.0,0.8541666666666666,0.5383365666493773,0.0625,51.07229994609952,0.7916666666666666,True,276.42499999999995,286.1,214.4815340909091,214.6015625,0,0,0,500
44,37,Adaptive Gradient Boosting,Regime 4: Backdoor,backdoor,0.9722507708119219,0.48612538540596095,0.946,1.0,0.946,0.946,0.5,1.0,0.8541666666666666,0.5383365666493773,0.0625,51.07229994609952,0.7916666666666666,True,276.42499999999995,286.1,214.4815340909091,214.6015625,0,0,27,473
45,0,Frozen Model,Regime 1: DDoS,injection,0.7437185929648241,0.37185929648241206,0.592,1.0,0.592,0.592,0.5,1.0,0.03125,0.05180660029873252,0.03125,51.80660029873252,0.0,False,300.70000000000005,302.1,216.3497869318182,216.47265625,0,0,204,296
45,0,Continuously Retrained Ensemble,Regime 1: DDoS,injection,0.7437185929648241,0.37185929648241206,0.592,1.0,0.592,0.592,0.5,1.0,0.578125,0.5521345995366573,0.046875,38.87029970064759,0.53125,True,442.5,583.4,216.33246527777777,216.47265625,0,0,204,296
45,0,Event-Driven Ensemble,Regime 1: DDoS,injection,0.7437185929648241,0.37185929648241206,0.592,1.0,0.592,0.592,0.5,1.0,0.046875,0.0404746001586318,0.046875,40.4746001586318,0.0,False,377.55,563.1,216.32291666666666,216.47265625,0,0,204,296
45,0,Adaptive Random Forest,Regime 1: DDoS,injection,0.7437185929648241,0.37185929648241206,0.592,1.0,0.592,0.592,0.5,1.0,0.22395833333333334,0.20995839964598417,0.046875,38.87029970064759,0.17708333333333334,True,442.5,583.4,216.33246527777777,216.47265625,0,0,204,296
45,0,Adaptive Extra Trees,Regime 1: DDoS,injection,0.7146529562982005,0.35732647814910024,0.556,1.0,0.556,0.556,0.5,1.0,0.22395833333333334,0.20995839964598417,0.046875,38.87029970064759,0.17708333333333334,True,442.5,583.4,216.33246527777777,216.47265625,0,0,222,278
45,0,Adaptive Gradient Boosting,Regime 1: DDoS,injection,0.7515605493133583,0.3757802746566791,0.602,1.0,0.602,0.602,0.5,1.0,0.22395833333333334,0.20995839964598417,0.046875,38.87029970064759,0.17708333333333334,True,442.5,583.4,216.33246527777777,216.47265625,0,0,199,301
45,1,Frozen Model,Regime 1: DDoS,ddos,0.06576402321083172,0.03288201160541586,0.034,1.0,0.034,0.034,0.5,1.0,0.046875,0.0399403995834291,0.046875,39.9403995834291,0.0,False,262.8666666666666,277.7,216.68619791666666,216.828125,0,0,483,17
45,1,Continuously Retrained Ensemble,Regime 1: DDoS,ddos,0.8571428571428571,0.42857142857142855,0.75,1.0,0.75,0.75,0.5,1.0,0.78125,0.5960536007769406,0.046875,40.913000237196684,0.734375,True,246.29999999999998,253.4,216.68793402777777,216.82421875,0,0,125,375
45,1,Event-Driven Ensemble,Regime 1: DDoS,ddos,0.07321772639691715,0.036608863198458574,0.038,1.0,0.038,0.038,0.5,1.0,0.921875,0.869571200106293,0.046875,57.828500401228666,0.875,True,262.1666666666667,280.5,216.705078125,216.828125,0,0,481,19
45,1,Adaptive Random Forest,Regime 1: DDoS,ddos,0.8221436984687868,0.4110718492343934,0.698,1.0,0.698,0.698,0.5,1.0,0.29166666666666663,0.225959867083778,0.046875,40.913000237196684,0.24479166666666666,True,246.29999999999998,253.4,216.68793402777777,216.82421875,0,0,151,349
45,1,Adaptive Extra Trees,Regime 1: DDoS,ddos,0.9888776541961577,0.49443882709807885,0.978,1.0,0.978,0.978,0.5,1.0,0.29166666666666663,0.225959867083778,0.046875,40.913000237196684,0.24479166666666666,True,246.29999999999998,253.4,216.68793402777777,216.82421875,0,0,11,489
45,1,Adaptive Gradient Boosting,Regime 1: DDoS,ddos,0.817966903073286,0.408983451536643,0.692,1.0,0.692,0.692,0.5,1.0,0.29166666666666663,0.225959867083778,0.046875,40.913000237196684,0.24479166666666666,True,246.29999999999998,253.4,216.68793402777777,216.82421875,0,0,154,346
45,2,Frozen Model,Regime 1: DDoS,ddos,0.0,0.0,0.0,0.0,0.0,0.0,0.5,1.0,0.046875,0.10083250002935529,0.046875,100.83250002935529,0.0,False,228.36666666666665,275.7,216.84157986111111,216.96484375,0,0,500,0
45,2,Continuously Retrained Ensemble,Regime 1: DDoS,ddos,1.0,1.0,1.0,1.0,1.0,1.0,0.5,1.0,1.0,0.8577066995203495,0.109375,110.97960034385324,0.890625,True,358.94,559.5,216.851171875,216.9609375,0,0,0,500
45,2,Event-Driven Ensemble,Regime 1: DDoS,ddos,0.8584474885844748,0.4292237442922374,0.752,1.0,0.752,0.752,0.5,1.0,1.125,0.7393397996202111,0.078125,98.59109995886683,1.046875,True,264.15999999999997,288.3,216.85834703947367,216.96484375,0,0,124,376
45,2,Adaptive Random Forest,Regime 1: DDoS,ddos,0.8662131519274376,0.4331065759637188,0.764,1.0,0.764,0.764,0.5,1.0,0.40625,0.3598886334026853,0.109375,110.97960034385324,0.296875,True,358.94,559.5,216.851171875,216.9609375,0,0,118,382
45,2,Adaptive Extra Trees,Regime 1: DDoS,ddos,1.0,1.0,1.0,1.0,1.0,1.0,0.5,1.0,0.40625,0.3598886334026853,0.109375,110.97960034385324,0.296875,True,358.94,559.5,216.851171875,216.9609375,0,0,0,500
45,2,Adaptive Gradient Boosting,Regime 1: DDoS,ddos,0.7468671679197995,0.37343358395989973,0.596,1.0,0.596,0.596,0.5,1.0,0.40625,0.3598886334026853,0.109375,110.97960034385324,0.296875,True,358.94,559.5,216.851171875,216.9609375,0,0,202,298
45,3,Frozen Model,Regime 1: DDoS,ddos,0.011928429423459244,0.005964214711729622,0.006,1.0,0.006,0.006,0.5,1.0,0.0625,0.0815463000908494,0.0625,81.5463000908494,0.0,False,267.1,284.5,216.93359375,217.046875,0,0,497,3
45,3,Continuously Retrained Ensemble,Regime 1: DDoS,ddos,1.0,1.0,1.0,1.0,1.0,1.0,0.5,1.0,1.109375,0.8092004996724427,0.109375,125.71629974991083,1.0,True,473.04999999999995,1633.2,216.92035590277777,217.0390625,0,0,0,500
45,3,Event-Driven Ensemble,Regime 1: DDoS,ddos,1.0,1.0,1.0,1.0,1.0,1.0,0.5,1.0,0.109375,0.07194900000467896,0.109375,71.94900000467896,0.0,False,610.8666666666667,990.1,216.91692708333332,217.04296875,0,0,0,500
45,3,Adaptive Random Forest,Regime 1: DDoS,ddos,0.727735368956743,0.3638676844783715,0.572,1.0,0.572,0.572,0.5,1.0,0.4427083333333333,0.3535443663907548,0.109375,125.71629974991083,0.3333333333333333,True,473.04999999999995,1633.2,216.92035590277777,217.0390625,0,0,214,286
45,3,Adaptive Extra Trees,Regime 1: DDoS,ddos,1.0,1.0,1.0,1.0,1.0,1.0,0.5,1.0,0.4427083333333333,0.3535443663907548,0.109375,125.71629974991083,0.3333333333333333,True,473.04999999999995,1633.2,216.92035590277777,217.0390625,0,0,0,500
45,3,Adaptive Gradient Boosting,Regime 1: DDoS,ddos,0.9878542510121457,0.4939271255060729,0.976,1.0,0.976,0.976,0.5,1.0,0.4427083333333333,0.3535443663907548,0.109375,125.71629974991083,0.3333333333333333,True,473.04999999999995,1633.2,216.92035590277777,217.0390625,0,0,12,488
45,4,Frozen Model,Regime 1: DDoS,ddos,0.4939759036144578,0.2469879518072289,0.328,1.0,0.328,0.328,0.5,1.0,0.046875,0.05695489980280399,0.046875,56.95489980280399,0.0,False,647.6333333333333,1423.8,216.90625,217.046875,0,0,336,164
45,4,Continuously Retrained Ensemble,Regime 1: DDoS,ddos,1.0,1.0,1.0,1.0,1.0,1.0,0.5,1.0,1.25,1.0589727996848524,0.0625,67.62389978393912,1.1875,True,375.8999999999999,567.1,216.93582589285714,217.04296875,0,0,0,500
45,4,Event-Driven Ensemble,Regime 1: DDoS,ddos,1.0,1.0,1.0,1.0,1.0,1.0,0.5,1.0,1.78125,1.4292810996994376,0.078125,57.651299983263016,1.703125,True,333.625,480.6,216.919921875,217.046875,0,0,0,500
45,4,Adaptive Random Forest,Regime 1: DDoS,ddos,1.0,1.0,1.0,1.0,1.0,1.0,0.5,1.0,0.4583333333333333,0.39807353308424354,0.0625,67.62389978393912,0.3958333333333333,True,375.8999999999999,567.1,216.93582589285714,217.04296875,0,0,0,500
45,4,Adaptive Extra Trees,Regime 1: DDoS,ddos,1.0,1.0,1.0,1.0,1.0,1.0,0.5,1.0,0.4583333333333333,0.39807353308424354,0.0625,67.62389978393912,0.3958333333333333,True,375.8999999999999,567.1,216.93582589285714,217.04296875,0,0,0,500
45,4,Adaptive Gradient Boosting,Regime 1: DDoS,ddos,0.8571428571428571,0.42857142857142855,0.75,1.0,0.75,0.75,0.5,1.0,0.4583333333333333,0.39807353308424354,0.0625,67.62389978393912,0.3958333333333333,True,375.8999999999999,567.1,216.93582589285714,217.04296875,0,0,125,375
45,5,Frozen Model,Regime 1: DDoS,ddos,0.5007496251874063,0.25037481259370314,0.334,1.0,0.334,0.334,0.5,1.0,0.109375,0.08249800000339746,0.109375,82.49800000339746,0.0,False,364.41999999999996,547.3,207.61279296875,207.82421875,0,0,333,167
45,5,Continuously Retrained Ensemble,Regime 1: DDoS,ddos,1.0,1.0,1.0,1.0,1.0,1.0,0.5,1.0,1.609375,1.4448179001919925,0.0625,95.95820028334856,1.546875,True,244.475,289.3,207.7058823529412,207.8203125,0,0,0,500
45,5,Event-Driven Ensemble,Regime 1: DDoS,ddos,1.0,1.0,1.0,1.0,1.0,1.0,0.5,1.0,1.609375,1.280878399964422,0.078125,80.62459994107485,1.53125,True,246.18,271.2,207.70755208333333,207.8203125,0,0,0,500
45,5,Adaptive Random Forest,Regime 1: DDoS,ddos,1.0,1.0,1.0,1.0,1.0,1.0,0.5,1.0,0.578125,0.5455781002528965,0.0625,95.95820028334856,0.515625,True,244.475,289.3,207.7058823529412,207.8203125,0,0,0,500
45,5,Adaptive Extra Trees,Regime 1: DDoS,ddos,1.0,1.0,1.0,1.0,1.0,1.0,0.5,1.0,0.578125,0.5455781002528965,0.0625,95.95820028334856,0.515625,True,244.475,289.3,207.7058823529412,207.8203125,0,0,0,500
45,5,Adaptive Gradient Boosting,Regime 1: DDoS,ddos,0.9909182643794148,0.4954591321897074,0.982,1.0,0.982,0.982,0.5,1.0,0.578125,0.5455781002528965,0.0625,95.95820028334856,0.515625,True,244.475,289.3,207.7058823529412,207.8203125,0,0,9,491
45,6,Frozen Model,Regime 1: DDoS,ddos,0.5029940119760479,0.25149700598802394,0.336,1.0,0.336,0.336,0.5,1.0,0.046875,0.08566590026021004,0.046875,85.66590026021004,0.0,False,235.5666666666667,294.9,207.378125,207.61328125,0,0,332,168
45,6,Continuously Retrained Ensemble,Regime 1: DDoS,ddos,1.0,1.0,1.0,1.0,1.0,1.0,0.5,1.0,1.40625,1.2007496994920075,0.046875,77.03409995883703,1.359375,True,286.8666666666667,299.6,207.51848958333332,207.65234375,0,0,0,500
45,6,Event-Driven Ensemble,Regime 1: DDoS,ddos,1.0,1.0,1.0,1.0,1.0,1.0,0.5,1.0,1.53125,1.2106520999222994,0.109375,88.40549970045686,1.421875,True,261.2714285714286,283.9,207.52642463235293,207.65625,0,0,0,500
45,6,Adaptive Random Forest,Regime 1: DDoS,ddos,1.0,1.0,1.0,1.0,1.0,1.0,0.5,1.0,0.5,0.45160596646989387,0.046875,77.03409995883703,0.453125,True,286.8666666666667,299.6,207.51848958333332,207.65234375,0,0,0,500
45,6,Adaptive Extra Trees,Regime 1: DDoS,ddos,1.0,1.0,1.0,1.0,1.0,1.0,0.5,1.0,0.5,0.45160596646989387,0.046875,77.03409995883703,0.453125,True,286.8666666666667,299.6,207.51848958333332,207.65234375,0,0,0,500
45,6,Adaptive Gradient Boosting,Regime 1: DDoS,ddos,1.0,1.0,1.0,1.0,1.0,1.0,0.5,1.0,0.5,0.45160596646989387,0.046875,77.03409995883703,0.453125,True,286.8666666666667,299.6,207.51848958333332,207.65234375,0,0,0,500
45,7,Frozen Model,Regime 1: DDoS,ddos,0.5141158989598811,0.25705794947994054,0.346,1.0,0.346,0.346,0.5,1.0,0.078125,0.07004920020699501,0.078125,70.04920020699501,0.0,False,273.06,289.8,213.97349330357142,214.078125,0,0,327,173
45,7,Continuously Retrained Ensemble,Regime 1: DDoS,ddos,1.0,1.0,1.0,1.0,1.0,1.0,0.5,1.0,1.640625,1.3323509995825589,0.078125,142.62669999152422,1.5625,True,237.63999999999996,296.2,213.9503676470588,214.08203125,0,0,0,500
45,7,Event-Driven Ensemble,Regime 1: DDoS,ddos,1.0,1.0,1.0,1.0,1.0,1.0,0.5,1.0,1.71875,1.782979500014335,0.09375,162.76120021939278,1.625,True,205.75,276.2,213.94943576388889,214.078125,0,0,0,500
45,7,Adaptive Random Forest,Regime 1: DDoS,ddos,1.0,1.0,1.0,1.0,1.0,1.0,0.5,1.0,0.5989583333333334,0.5392014665218692,0.078125,142.62669999152422,0.5208333333333334,True,237.63999999999996,296.2,213.9503676470588,214.08203125,0,0,0,500
45,7,Adaptive Extra Trees,Regime 1: DDoS,ddos,1.0,1.0,1.0,1.0,1.0,1.0,0.5,1.0,0.5989583333333334,0.5392014665218692,0.078125,142.62669999152422,0.5208333333333334,True,237.63999999999996,296.2,213.9503676470588,214.08203125,0,0,0,500
45,7,Adaptive Gradient Boosting,Regime 1: DDoS,ddos,0.9130434782608695,0.45652173913043476,0.84,1.0,0.84,0.84,0.5,1.0,0.5989583333333334,0.5392014665218692,0.078125,142.62669999152422,0.5208333333333334,True,237.63999999999996,296.2,213.9503676470588,214.08203125,0,0,80,420
45,8,Frozen Model,Regime 1: DDoS,ddos,0.6859395532194481,0.34296977660972405,0.522,1.0,0.522,0.522,0.5,1.0,0.078125,0.14091229997575283,0.078125,140.91229997575283,0.0,False,278.95,480.0,207.7509765625,207.93359375,0,0,239,261
45,8,Continuously Retrained Ensemble,Regime 1: DDoS,ddos,1.0,1.0,1.0,1.0,1.0,1.0,0.5,1.0,1.984375,1.7907215994782746,0.1875,237.71549994125962,1.796875,True,266.29,549.7,207.80819310897436,207.9375,0,0,0,500
45,8,Event-Driven Ensemble,Regime 1: DDoS,ddos,1.0,1.0,1.0,1.0,1.0,1.0,0.5,1.0,1.84375,1.4962215996347368,0.078125,175.10499991476536,1.765625,True,235.8,274.9,207.82044719827587,207.93359375,0,0,0,500
45,8,Adaptive Random Forest,Regime 1: DDoS,ddos,1.0,1.0,1.0,1.0,1.0,1.0,0.5,1.0,0.7864583333333334,0.7553841997869313,0.1875,237.71549994125962,0.5989583333333334,True,266.29,549.7,207.80819310897436,207.9375,0,0,0,500
45,8,Adaptive Extra Trees,Regime 1: DDoS,ddos,1.0,1.0,1.0,1.0,1.0,1.0,0.5,1.0,0.7864583333333334,0.7553841997869313,0.1875,237.71549994125962,0.5989583333333334,True,266.29,549.7,207.80819310897436,207.9375,0,0,0,500
45,8,Adaptive Gradient Boosting,Regime 1: DDoS,ddos,1.0,1.0,1.0,1.0,1.0,1.0,0.5,1.0,0.7864583333333334,0.7553841997869313,0.1875,237.71549994125962,0.5989583333333334,True,266.29,549.7,207.80819310897436,207.9375,0,0,0,500
45,9,Frozen Model,Regime 1: DDoS,ddos,0.8738738738738738,0.4369369369369369,0.776,1.0,0.776,0.776,0.5,1.0,0.078125,0.08524849964305758,0.078125,85.24849964305758,0.0,False,392.0666666666666,568.4,214.893798828125,215.01171875,0,0,112,388
45,9,Continuously Retrained Ensemble,Regime 1: DDoS,ddos,1.0,1.0,1.0,1.0,1.0,1.0,0.5,1.0,1.875,1.5346987000666559,0.0625,78.88519996777177,1.8125,True,243.29999999999998,287.1,214.87604166666668,215.01171875,0,0,0,500
45,9,Event-Driven Ensemble,Regime 1: DDoS,ddos,1.0,1.0,1.0,1.0,1.0,1.0,0.5,1.0,1.90625,1.4897668999619782,0.078125,81.87719993293285,1.828125,True,316.35,475.6,214.89404296875,215.01171875,0,0,0,500
45,9,Adaptive Random Forest,Regime 1: DDoS,ddos,1.0,1.0,1.0,1.0,1.0,1.0,0.5,1.0,0.6666666666666666,0.5641563666673999,0.0625,78.88519996777177,0.6041666666666666,True,243.29999999999998,287.1,214.87604166666668,215.01171875,0,0,0,500
45,9,Adaptive Extra Trees,Regime 1: DDoS,ddos,1.0,1.0,1.0,1.0,1.0,1.0,0.5,1.0,0.6666666666666666,0.5641563666673999,0.0625,78.88519996777177,0.6041666666666666,True,243.29999999999998,287.1,214.87604166666668,215.01171875,0,0,0,500
45,9,Adaptive Gradient Boosting,Regime 1: DDoS,ddos,1.0,1.0,1.0,1.0,1.0,1.0,0.5,1.0,0.6666666666666666,0.5641563666673999,0.0625,78.88519996777177,0.6041666666666666,True,243.29999999999998,287.1,214.87604166666668,215.01171875,0,0,0,500
45,10,Frozen Model,Regime 1: DDoS,ddos,0.9561586638830898,0.4780793319415449,0.916,1.0,0.916,0.916,0.5,1.0,0.078125,0.07948049996048212,0.078125,79.48049996048212,0.0,False,337.225,502.1,207.75598958333333,207.95703125,0,0,42,458
45,10,Continuously Retrained Ensemble,Regime 1: DDoS,ddos,1.0,1.0,1.0,1.0,1.0,1.0,0.5,1.0,1.78125,1.2013805992901325,0.046875,79.29580006748438,1.734375,True,235.63333333333333,254.6,207.82890625,207.9609375,0,0,0,500
45,10,Event-Driven Ensemble,Regime 1: DDoS,ddos,1.0,1.0,1.0,1.0,1.0,1.0,0.5,1.0,1.640625,1.2271476997993886,0.0625,75.6076998077333,1.578125,True,350.2,582.3,207.8453125,207.9609375,0,0,0,500
45,10,Adaptive Random Forest,Regime 1: DDoS,ddos,0.911860718171926,0.455930359085963,0.838,1.0,0.838,0.838,0.5,1.0,0.625,0.45332406647503376,0.046875,79.29580006748438,0.578125,True,235.63333333333333,254.6,207.82890625,207.9609375,0,0,81,419
45,10,Adaptive Extra Trees,Regime 1: DDoS,ddos,1.0,1.0,1.0,1.0,1.0,1.0,0.5,1.0,0.625,0.45332406647503376,0.046875,79.29580006748438,0.578125,True,235.63333333333333,254.6,207.82890625,207.9609375,0,0,0,500
45,10,Adaptive Gradient Boosting,Regime 1: DDoS,ddos,1.0,1.0,1.0,1.0,1.0,1.0,0.5,1.0,0.625,0.45332406647503376,0.046875,79.29580006748438,0.578125,True,235.63333333333333,254.6,207.82890625,207.9609375,0,0,0,500
45,11,Frozen Model,Regime 2: Password,password,0.07321772639691715,0.036608863198458574,0.038,1.0,0.038,0.038,0.5,1.0,0.078125,0.06085969973355532,0.078125,60.85969973355532,0.0,False,475.8999999999999,882.4,215.8064903846154,215.9453125,0,0,481,19
45,11,Continuously Retrained Ensemble,Regime 2: Password,password,0.7389659520807061,0.3694829760403531,0.586,1.0,0.586,0.586,0.5,1.0,1.75,1.2550328001379967,0.109375,123.88049997389317,1.640625,True,333.12,570.5,215.85091145833334,215.94921875,0,0,207,293
45,11,Event-Driven Ensemble,Regime 2: Password,password,0.7389659520807061,0.3694829760403531,0.586,1.0,0.586,0.586,0.5,1.0,1.328125,1.1150957001373172,0.046875,70.31360035762191,1.28125,True,267.46666666666664,287.6,215.82552083333334,215.94921875,0,0,207,293
45,11,Adaptive Random Forest,Regime 2: Password,password,0.6996098829648895,0.34980494148244473,0.538,1.0,0.538,0.538,0.5,1.0,0.65625,0.500931266695261,0.109375,123.88049997389317,0.546875,True,333.12,570.5,215.85091145833334,215.94921875,0,0,231,269
45,11,Adaptive Extra Trees,Regime 2: Password,password,1.0,1.0,1.0,1.0,1.0,1.0,0.5,1.0,0.65625,0.500931266695261,0.109375,123.88049997389317,0.546875,True,333.12,570.5,215.85091145833334,215.94921875,0,0,0,500
45,11,Adaptive Gradient Boosting,Regime 2: Password,password,0.7341772151898734,0.3670886075949367,0.58,1.0,0.58,0.58,0.5,1.0,0.65625,0.500931266695261,0.109375,123.88049997389317,0.546875,True,333.12,570.5,215.85091145833334,215.94921875,0,0,210,290
45,12,Frozen Model,Regime 2: Password,password,0.046875,0.0234375,0.024,1.0,0.024,0.024,0.5,1.0,0.046875,0.0539707001298666,0.046875,53.9707001298666,0.0,False,588.0666666666667,1264.9,216.00748697916666,216.1484375,0,0,488,12
45,12,Continuously Retrained Ensemble,Regime 2: Password,password,1.0,1.0,1.0,1.0,1.0,1.0,0.5,1.0,1.75,1.2971856999211013,0.046875,82.92930014431477,1.703125,True,252.03333333333333,287.5,216.041748046875,216.1484375,0,0,0,500
45,12,Event-Driven Ensemble,Regime 2: Password,password,1.0,1.0,1.0,1.0,1.0,1.0,0.5,1.0,1.625,1.2793872999027371,0.046875,75.09500021114945,1.578125,True,263.3333333333333,277.3,216.02760416666666,216.15625,0,0,0,500
45,12,Adaptive Random Forest,Regime 2: Password,password,1.0,1.0,1.0,1.0,1.0,1.0,0.5,1.0,0.6145833333333334,0.4876814334032436,0.046875,82.92930014431477,0.5677083333333334,True,252.03333333333333,287.5,216.041748046875,216.1484375,0,0,0,500
45,12,Adaptive Extra Trees,Regime 2: Password,password,1.0,1.0,1.0,1.0,1.0,1.0,0.5,1.0,0.6145833333333334,0.4876814334032436,0.046875,82.92930014431477,0.5677083333333334,True,252.03333333333333,287.5,216.041748046875,216.1484375,0,0,0,500
45,12,Adaptive Gradient Boosting,Regime 2: Password,password,0.93048128342246,0.46524064171123,0.87,1.0,0.87,0.87,0.5,1.0,0.6145833333333334,0.4876814334032436,0.046875,82.92930014431477,0.5677083333333334,True,252.03333333333333,287.5,216.041748046875,216.1484375,0,0,65,435
45,13,Frozen Model,Regime 2: Password,password,0.015873015873015872,0.007936507936507936,0.008,1.0,0.008,0.008,0.5,1.0,0.0625,0.08083210000768304,0.0625,80.83210000768304,0.0,False,320.3,521.9,216.015869140625,216.13671875,0,0,496,4
45,13,Continuously Retrained Ensemble,Regime 2: Password,password,1.0,1.0,1.0,1.0,1.0,1.0,0.5,1.0,1.65625,1.2477148999460042,0.09375,70.74230024591088,1.5625,True,322.58,507.3,216.02873883928572,216.1328125,0,0,0,500
45,13,Event-Driven Ensemble,Regime 2: Password,password,1.0,1.0,1.0,1.0,1.0,1.0,0.5,1.0,1.640625,1.2542751003056765,0.046875,70.92999992892146,1.59375,True,678.5333333333334,1500.7,216.00520833333334,216.1328125,0,0,0,500
45,13,Adaptive Random Forest,Regime 2: Password,password,0.9847715736040609,0.49238578680203043,0.97,1.0,0.97,0.97,0.5,1.0,0.6145833333333334,0.463066500145942,0.09375,70.74230024591088,0.5208333333333334,True,322.58,507.3,216.02873883928572,216.1328125,0,0,15,485
45,13,Adaptive Extra Trees,Regime 2: Password,password,1.0,1.0,1.0,1.0,1.0,1.0,0.5,1.0,0.6145833333333334,0.463066500145942,0.09375,70.74230024591088,0.5208333333333334,True,322.58,507.3,216.02873883928572,216.1328125,0,0,0,500
45,13,Adaptive Gradient Boosting,Regime 2: Password,password,0.9806320081549439,0.49031600407747195,0.962,1.0,0.962,0.962,0.5,1.0,0.6145833333333334,0.463066500145942,0.09375,70.74230024591088,0.5208333333333334,True,322.58,507.3,216.02873883928572,216.1328125,0,0,19,481
45,14,Frozen Model,Regime 2: Password,password,0.15837937384898712,0.07918968692449356,0.086,1.0,0.086,0.086,0.5,1.0,0.078125,0.09307780023664236,0.078125,93.07780023664236,0.0,False,420.32,1029.1,217.02842881944446,217.1328125,0,0,457,43
45,14,Continuously Retrained Ensemble,Regime 2: Password,password,1.0,1.0,1.0,1.0,1.0,1.0,0.5,1.0,1.734375,1.2922629993408918,0.0625,62.41159979254007,1.671875,True,277.275,281.0,217.01442307692307,217.14453125,0,0,0,500
45,14,Event-Driven Ensemble,Regime 2: Password,password,1.0,1.0,1.0,1.0,1.0,1.0,0.5,1.0,1.609375,1.2338495003059506,0.03125,68.66030022501945,1.578125,True,254.3,285.0,217.03180803571428,217.13671875,0,0,0,500
45,14,Adaptive Random Forest,Regime 2: Password,password,1.0,1.0,1.0,1.0,1.0,1.0,0.5,1.0,0.6197916666666666,0.47236206630865735,0.0625,62.41159979254007,0.5572916666666666,True,277.275,281.0,217.01442307692307,217.14453125,0,0,0,500
45,14,Adaptive Extra Trees,Regime 2: Password,password,1.0,1.0,1.0,1.0,1.0,1.0,0.5,1.0,0.6197916666666666,0.47236206630865735,0.0625,62.41159979254007,0.5572916666666666,True,277.275,281.0,217.01442307692307,217.14453125,0,0,0,500
45,14,Adaptive Gradient Boosting,Regime 2: Password,password,1.0,1.0,1.0,1.0,1.0,1.0,0.5,1.0,0.6197916666666666,0.47236206630865735,0.0625,62.41159979254007,0.5572916666666666,True,277.275,281.0,217.01442307692307,217.14453125,0,0,0,500
45,15,Frozen Model,Regime 2: Password,password,0.39486356340288925,0.19743178170144463,0.246,1.0,0.246,0.246,0.5,1.0,0.078125,0.05883869994431734,0.078125,58.83869994431734,0.0,False,316.8,510.9,208.638671875,208.859375,0,0,377,123
45,15,Continuously Retrained Ensemble,Regime 2: Password,password,1.0,1.0,1.0,1.0,1.0,1.0,0.5,1.0,1.84375,1.3537826999090612,0.0625,69.05850023031235,1.78125,True,267.4,272.1,208.74135044642858,208.859375,0,0,0,500
45,15,Event-Driven Ensemble,Regime 2: Password,password,1.0,1.0,1.0,1.0,1.0,1.0,0.5,1.0,1.796875,1.572520900517702,0.09375,67.82610015943646,1.703125,True,419.975,844.5,208.76088169642858,208.86328125,0,0,0,500
45,15,Adaptive Random Forest,Regime 2: Password,password,1.0,1.0,1.0,1.0,1.0,1.0,0.5,1.0,0.65625,0.4972999001232286,0.0625,69.05850023031235,0.59375,True,267.4,272.1,208.74135044642858,208.859375,0,0,0,500
45,15,Adaptive Extra Trees,Regime 2: Password,password,1.0,1.0,1.0,1.0,1.0,1.0,0.5,1.0,0.65625,0.4972999001232286,0.0625,69.05850023031235,0.59375,True,267.4,272.1,208.74135044642858,208.859375,0,0,0,500
45,15,Adaptive Gradient Boosting,Regime 2: Password,password,1.0,1.0,1.0,1.0,1.0,1.0,0.5,1.0,0.65625,0.4972999001232286,0.0625,69.05850023031235,0.59375,True,267.4,272.1,208.74135044642858,208.859375,0,0,0,500
45,16,Frozen Model,Regime 2: Password,password,0.6979166666666666,0.3489583333333333,0.536,1.0,0.536,0.536,0.5,1.0,0.0625,0.0767421000637114,0.0625,76.7421000637114,0.0,False,268.275,278.3,208.39166666666668,208.6015625,0,0,232,268
45,16,Continuously Retrained Ensemble,Regime 2: Password,password,1.0,1.0,1.0,1.0,1.0,1.0,0.5,1.0,2.015625,1.468475899193436,0.0625,74.69929987564683,1.953125,True,250.725,297.3,208.49791666666667,208.6171875,0,0,0,500
45,16,Event-Driven Ensemble,Regime 2: Password,password,1.0,1.0,1.0,1.0,1.0,1.0,0.5,1.0,1.828125,1.3279689000919461,0.078125,77.52180006355047,1.75,True,293.225,495.3,208.49270833333333,208.609375,0,0,0,500
45,16,Adaptive Random Forest,Regime 2: Password,password,1.0,1.0,1.0,1.0,1.0,1.0,0.5,1.0,0.7135416666666666,0.5392914996482432,0.0625,74.69929987564683,0.6510416666666666,True,250.725,297.3,208.49791666666667,208.6171875,0,0,0,500
45,16,Adaptive Extra Trees,Regime 2: Password,password,1.0,1.0,1.0,1.0,1.0,1.0,0.5,1.0,0.7135416666666666,0.5392914996482432,0.0625,74.69929987564683,0.6510416666666666,True,250.725,297.3,208.49791666666667,208.6171875,0,0,0,500
45,16,Adaptive Gradient Boosting,Regime 2: Password,password,0.9919354838709677,0.4959677419354839,0.984,1.0,0.984,0.984,0.5,1.0,0.7135416666666666,0.5392914996482432,0.0625,74.69929987564683,0.6510416666666666,True,250.725,297.3,208.49791666666667,208.6171875,0,0,8,492
45,17,Frozen Model,Regime 2: Password,password,0.36333878887070375,0.18166939443535188,0.222,1.0,0.222,0.222,0.5,1.0,0.03125,0.06316079990938306,0.03125,63.16079990938306,0.0,False,265.4,275.9,217.28850446428572,217.40234375,0,0,389,111
45,17,Continuously Retrained Ensemble,Regime 2: Password,password,1.0,1.0,1.0,1.0,1.0,1.0,0.5,1.0,2.046875,1.4413733994588256,0.0625,58.50419960916042,1.984375,True,262.575,278.9,217.2626953125,217.3984375,0,0,0,500
45,17,Event-Driven Ensemble,Regime 2: Password,password,1.0,1.0,1.0,1.0,1.0,1.0,0.5,1.0,0.046875,0.07120449980720878,0.046875,71.20449980720878,0.0,False,242.9333333333333,296.2,217.28459821428572,217.39453125,0,0,0,500
45,17,Adaptive Random Forest,Regime 2: Password,password,0.9473684210526315,0.47368421052631576,0.9,1.0,0.9,0.9,0.5,1.0,0.7239583333333334,0.5194605995590489,0.0625,58.50419960916042,0.6614583333333334,True,262.575,278.9,217.2626953125,217.3984375,0,0,50,450
45,17,Adaptive Extra Trees,Regime 2: Password,password,1.0,1.0,1.0,1.0,1.0,1.0,0.5,1.0,0.7239583333333334,0.5194605995590489,0.0625,58.50419960916042,0.6614583333333334,True,262.575,278.9,217.2626953125,217.3984375,0,0,0,500
45,17,Adaptive Gradient Boosting,Regime 2: Password,password,0.9384288747346072,0.4692144373673036,0.884,1.0,0.884,0.884,0.5,1.0,0.7239583333333334,0.5194605995590489,0.0625,58.50419960916042,0.6614583333333334,True,262.575,278.9,217.2626953125,217.3984375,0,0,58,442
45,18,Frozen Model,Regime 2: Password,password,0.3277591973244147,0.16387959866220736,0.196,1.0,0.196,0.196,0.5,1.0,0.03125,0.06500389985740185,0.03125,65.00389985740185,0.0,False,277.3,286.8,208.67131696428572,208.86328125,0,0,402,98
45,18,Continuously Retrained Ensemble,Regime 2: Password,password,1.0,1.0,1.0,1.0,1.0,1.0,0.5,1.0,2.265625,1.528675700072199,0.046875,63.77269979566336,2.21875,True,289.8666666666666,295.5,208.74581473214286,208.86328125,0,0,0,500
45,18,Event-Driven Ensemble,Regime 2: Password,password,1.0,1.0,1.0,1.0,1.0,1.0,0.5,1.0,2.25,1.681907299440354,0.109375,77.12289970368147,2.140625,True,387.4599999999999,571.5,208.75078125,208.86328125,0,0,0,500
45,18,Adaptive Random Forest,Regime 2: Password,password,1.0,1.0,1.0,1.0,1.0,1.0,0.5,1.0,0.7864583333333334,0.5520736998878419,0.046875,63.77269979566336,0.7395833333333334,True,289.8666666666666,295.5,208.74581473214286,208.86328125,0,0,0,500
45,18,Adaptive Extra Trees,Regime 2: Password,password,1.0,1.0,1.0,1.0,1.0,1.0,0.5,1.0,0.7864583333333334,0.5520736998878419,0.046875,63.77269979566336,0.7395833333333334,True,289.8666666666666,295.5,208.74581473214286,208.86328125,0,0,0,500
45,18,Adaptive Gradient Boosting,Regime 2: Password,password,0.9888776541961577,0.49443882709807885,0.978,1.0,0.978,0.978,0.5,1.0,0.7864583333333334,0.5520736998878419,0.046875,63.77269979566336,0.7395833333333334,True,289.8666666666666,295.5,208.74581473214286,208.86328125,0,0,11,489
45,19,Frozen Model,Regime 2: Password,password,0.3416252072968491,0.17081260364842454,0.206,1.0,0.206,0.206,0.5,1.0,0.125,0.09269869979470968,0.125,92.69869979470968,0.0,False,405.94,552.0,217.01470588235293,217.1328125,0,0,397,103
45,19,Continuously Retrained Ensemble,Regime 2: Password,password,1.0,1.0,1.0,1.0,1.0,1.0,0.5,1.0,2.25,1.5274569001048803,0.078125,75.51550026983023,2.171875,True,539.6750000000001,1143.9,217.01510416666667,217.12890625,0,0,0,500
45,19,Event-Driven Ensemble,Regime 2: Password,password,1.0,1.0,1.0,1.0,1.0,1.0,0.5,1.0,2.03125,1.509296199772507,0.0625,85.56359959766269,1.96875,True,232.925,272.5,217.00732421875,217.12890625,0,0,0,500
45,19,Adaptive Random Forest,Regime 2: Password,password,0.9919354838709677,0.4959677419354839,0.984,1.0,0.984,0.984,0.5,1.0,0.8020833333333334,0.5594959668815136,0.078125,75.51550026983023,0.7239583333333334,True,539.6750000000001,1143.9,217.01510416666667,217.12890625,0,0,8,492
45,19,Adaptive Extra Trees,Regime 2: Password,password,1.0,1.0,1.0,1.0,1.0,1.0,0.5,1.0,0.8020833333333334,0.5594959668815136,0.078125,75.51550026983023,0.7239583333333334,True,539.6750000000001,1143.9,217.01510416666667,217.12890625,0,0,0,500
45,19,Adaptive Gradient Boosting,Regime 2: Password,password,0.9868287740628167,0.49341438703140833,0.974,1.0,0.974,0.974,0.5,1.0,0.8020833333333334,0.5594959668815136,0.078125,75.51550026983023,0.7239583333333334,True,539.6750000000001,1143.9,217.01510416666667,217.12890625,0,0,13,487
45,20,Frozen Model,Regime 2: Password,password,0.6072423398328691,0.30362116991643456,0.436,1.0,0.436,0.436,0.5,1.0,0.03125,0.05336009990423918,0.03125,53.36009990423918,0.0,False,286.85,290.7,212.70279947916666,212.8359375,0,0,282,218
45,20,Continuously Retrained Ensemble,Regime 2: Password,password,1.0,1.0,1.0,1.0,1.0,1.0,0.5,1.0,2.359375,1.6149467006325722,0.046875,70.2856001444161,2.3125,True,597.5,1261.5,212.72572544642858,212.83203125,0,0,0,500
45,20,Event-Driven Ensemble,Regime 2: Password,password,1.0,1.0,1.0,1.0,1.0,1.0,0.5,1.0,2.25,1.595856700092554,0.046875,66.64599990472198,2.203125,True,384.5,554.2,212.73074776785714,212.8359375,0,0,0,500
45,20,Adaptive Random Forest,Regime 2: Password,password,1.0,1.0,1.0,1.0,1.0,1.0,0.5,1.0,0.8177083333333334,0.5851726336404681,0.046875,70.2856001444161,0.7708333333333334,True,597.5,1261.5,212.72572544642858,212.83203125,0,0,0,500
45,20,Adaptive Extra Trees,Regime 2: Password,password,1.0,1.0,1.0,1.0,1.0,1.0,0.5,1.0,0.8177083333333334,0.5851726336404681,0.046875,70.2856001444161,0.7708333333333334,True,597.5,1261.5,212.72572544642858,212.83203125,0,0,0,500
45,20,Adaptive Gradient Boosting,Regime 2: Password,password,1.0,1.0,1.0,1.0,1.0,1.0,0.5,1.0,0.8177083333333334,0.5851726336404681,0.046875,70.2856001444161,0.7708333333333334,True,597.5,1261.5,212.72572544642858,212.83203125,0,0,0,500
45,21,Frozen Model,Regime 3: XSS/Ransomware,xss,0.07321772639691715,0.036608863198458574,0.038,1.0,0.038,0.038,0.5,1.0,0.109375,0.07362299971282482,0.109375,73.62299971282482,0.0,False,358.5,541.0,212.42940848214286,212.54296875,0,0,481,19
45,21,Continuously Retrained Ensemble,Regime 3: XSS/Ransomware,xss,1.0,1.0,1.0,1.0,1.0,1.0,0.5,1.0,2.265625,1.7561625000089407,0.03125,212.88610016927123,2.234375,True,281.05,298.3,212.42592592592592,212.54296875,0,0,0,500
45,21,Event-Driven Ensemble,Regime 3: XSS/Ransomware,xss,1.0,1.0,1.0,1.0,1.0,1.0,0.5,1.0,2.140625,1.5092432009987533,0.078125,71.45680021494627,2.0625,True,329.80000000000007,547.2,212.40911458333332,212.5390625,0,0,0,500
45,21,Adaptive Random Forest,Regime 3: XSS/Ransomware,xss,0.9082969432314411,0.45414847161572053,0.832,1.0,0.832,0.832,0.5,1.0,0.7760416666666666,0.7273115667824944,0.03125,212.88610016927123,0.7447916666666666,True,281.05,298.3,212.42592592592592,212.54296875,0,0,84,416
45,21,Adaptive Extra Trees,Regime 3: XSS/Ransomware,xss,1.0,1.0,1.0,1.0,1.0,1.0,0.5,1.0,0.7760416666666666,0.7273115667824944,0.03125,212.88610016927123,0.7447916666666666,True,281.05,298.3,212.42592592592592,212.54296875,0,0,0,500
45,21,Adaptive Gradient Boosting,Regime 3: XSS/Ransomware,xss,0.8123515439429929,0.40617577197149646,0.684,1.0,0.684,0.684,0.5,1.0,0.7760416666666666,0.7273115667824944,0.03125,212.88610016927123,0.7447916666666666,True,281.05,298.3,212.42592592592592,212.54296875,0,0,158,342
45,22,Frozen Model,Regime 3: XSS/Ransomware,xss,0.3870967741935484,0.1935483870967742,0.24,1.0,0.24,0.24,0.5,1.0,0.0625,0.07180640008300543,0.0625,71.80640008300543,0.0,False,263.425,294.3,212.72349330357142,212.83203125,0,0,380,120
45,22,Continuously Retrained Ensemble,Regime 3: XSS/Ransomware,xss,1.0,1.0,1.0,1.0,1.0,1.0,0.5,1.0,2.40625,1.5979563002474606,0.09375,58.49070008844137,2.3125,True,400.72499999999997,571.3,212.72135416666666,212.84375,0,0,0,500
45,22,Event-Driven Ensemble,Regime 3: XSS/Ransomware,xss,1.0,1.0,1.0,1.0,1.0,1.0,0.5,1.0,0.03125,0.06544330017641187,0.03125,65.44330017641187,0.0,False,275.65,278.0,212.73381696428572,212.84765625,0,0,0,500
45,22,Adaptive Random Forest,Regime 3: XSS/Ransomware,xss,1.0,1.0,1.0,1.0,1.0,1.0,0.5,1.0,0.8645833333333334,0.5716459001414478,0.09375,58.49070008844137,0.7708333333333334,True,400.72499999999997,571.3,212.72135416666666,212.84375,0,0,0,500
45,22,Adaptive Extra Trees,Regime 3: XSS/Ransomware,xss,1.0,1.0,1.0,1.0,1.0,1.0,0.5,1.0,0.8645833333333334,0.5716459001414478,0.09375,58.49070008844137,0.7708333333333334,True,400.72499999999997,571.3,212.72135416666666,212.84375,0,0,0,500
45,22,Adaptive Gradient Boosting,Regime 3: XSS/Ransomware,xss,0.9888776541961577,0.49443882709807885,0.978,1.0,0.978,0.978,0.5,1.0,0.8645833333333334,0.5716459001414478,0.09375,58.49070008844137,0.7708333333333334,True,400.72499999999997,571.3,212.72135416666666,212.84375,0,0,11,489
45,23,Frozen Model,Regime 3: XSS/Ransomware,ransomware,0.09885931558935361,0.049429657794676805,0.052,1.0,0.052,0.052,0.5,1.0,0.03125,0.06749029969796538,0.03125,67.49029969796538,0.0,False,259.5,281.3,212.90876116071428,213.0234375,0,0,474,26
45,23,Continuously Retrained Ensemble,Regime 3: XSS/Ransomware,ransomware,1.0,1.0,1.0,1.0,1.0,1.0,0.5,1.0,2.375,1.5930655002593994,0.0625,69.55809984356165,2.3125,True,272.1333333333333,328.9,212.92354910714286,213.0234375,0,0,0,500
45,23,Event-Driven Ensemble,Regime 3: XSS/Ransomware,ransomware,1.0,1.0,1.0,1.0,1.0,1.0,0.5,1.0,2.15625,1.5261690998449922,0.046875,59.881099965423346,2.109375,True,270.56666666666666,298.2,212.89122596153845,213.015625,0,0,0,500
45,23,Adaptive Random Forest,Regime 3: XSS/Ransomware,ransomware,1.0,1.0,1.0,1.0,1.0,1.0,0.5,1.0,0.8333333333333334,0.5773938999821743,0.0625,69.55809984356165,0.7708333333333334,True,272.1333333333333,328.9,212.92354910714286,213.0234375,0,0,0,500
45,23,Adaptive Extra Trees,Regime 3: XSS/Ransomware,ransomware,1.0,1.0,1.0,1.0,1.0,1.0,0.5,1.0,0.8333333333333334,0.5773938999821743,0.0625,69.55809984356165,0.7708333333333334,True,272.1333333333333,328.9,212.92354910714286,213.0234375,0,0,0,500
45,23,Adaptive Gradient Boosting,Regime 3: XSS/Ransomware,ransomware,0.9969909729187563,0.49849548645937813,0.994,1.0,0.994,0.994,0.5,1.0,0.8333333333333334,0.5773938999821743,0.0625,69.55809984356165,0.7708333333333334,True,272.1333333333333,328.9,212.92354910714286,213.0234375,0,0,3,497
45,24,Frozen Model,Regime 3: XSS/Ransomware,ransomware,0.0,0.0,0.0,0.0,0.0,0.0,0.5,1.0,0.03125,0.043710900004953146,0.03125,43.710900004953146,0.0,False,268.9,282.4,213.546875,213.69921875,0,0,500,0
45,24,Continuously Retrained Ensemble,Regime 3: XSS/Ransomware,ransomware,1.0,1.0,1.0,1.0,1.0,1.0,0.5,1.0,2.109375,1.59549540001899,0.046875,71.07910001650453,2.0625,True,274.6333333333333,280.8,213.58872767857142,213.6953125,0,0,0,500
45,24,Event-Driven Ensemble,Regime 3: XSS/Ransomware,ransomware,1.0,1.0,1.0,1.0,1.0,1.0,0.5,1.0,2.09375,1.53781219990924,0.03125,68.70120018720627,2.0625,True,902.9000000000001,1534.4,213.595703125,213.69921875,0,0,0,500
45,24,Adaptive Random Forest,Regime 3: XSS/Ransomware,ransomware,0.9979959919839679,0.49899799599198397,0.996,1.0,0.996,0.996,0.5,1.0,0.734375,0.5792178666839997,0.046875,71.07910001650453,0.6875,True,274.6333333333333,280.8,213.58872767857142,213.6953125,0,0,2,498
45,24,Adaptive Extra Trees,Regime 3: XSS/Ransomware,ransomware,1.0,1.0,1.0,1.0,1.0,1.0,0.5,1.0,0.734375,0.5792178666839997,0.046875,71.07910001650453,0.6875,True,274.6333333333333,280.8,213.58872767857142,213.6953125,0,0,0,500
45,24,Adaptive Gradient Boosting,Regime 3: XSS/Ransomware,ransomware,0.9701338825952626,0.4850669412976313,0.942,1.0,0.942,0.942,0.5,1.0,0.734375,0.5792178666839997,0.046875,71.07910001650453,0.6875,True,274.6333333333333,280.8,213.58872767857142,213.6953125,0,0,29,471
45,25,Frozen Model,Regime 3: XSS/Ransomware,ransomware,0.2905982905982906,0.1452991452991453,0.17,1.0,0.17,0.17,0.5,1.0,0.015625,0.05267020035535097,0.015625,52.67020035535097,0.0,False,247.2,247.2,213.5216619318182,213.63671875,0,0,415,85
45,25,Continuously Retrained Ensemble,Regime 3: XSS/Ransomware,ransomware,1.0,1.0,1.0,1.0,1.0,1.0,0.5,1.0,2.328125,1.6906020995229483,0.109375,74.0473996847868,2.21875,True,393.1,841.4,213.51666666666668,213.625,0,0,0,500
45,25,Event-Driven Ensemble,Regime 3: XSS/Ransomware,ransomware,1.0,1.0,1.0,1.0,1.0,1.0,0.5,1.0,2.234375,1.780695399735123,0.046875,67.05049984157085,2.1875,True,391.3,512.7,213.52901785714286,213.63671875,0,0,0,500
45,25,Adaptive Random Forest,Regime 3: XSS/Ransomware,ransomware,1.0,1.0,1.0,1.0,1.0,1.0,0.5,1.0,0.8489583333333334,0.6128989662975073,0.109375,74.0473996847868,0.7395833333333334,True,393.1,841.4,213.51666666666668,213.625,0,0,0,500
45,25,Adaptive Extra Trees,Regime 3: XSS/Ransomware,ransomware,1.0,1.0,1.0,1.0,1.0,1.0,0.5,1.0,0.8489583333333334,0.6128989662975073,0.109375,74.0473996847868,0.7395833333333334,True,393.1,841.4,213.51666666666668,213.625,0,0,0,500
45,25,Adaptive Gradient Boosting,Regime 3: XSS/Ransomware,ransomware,1.0,1.0,1.0,1.0,1.0,1.0,0.5,1.0,0.8489583333333334,0.6128989662975073,0.109375,74.0473996847868,0.7395833333333334,True,393.1,841.4,213.51666666666668,213.625,0,0,0,500
45,26,Frozen Model,Regime 3: XSS/Ransomware,ransomware,0.5693848354792561,0.28469241773962806,0.398,1.0,0.398,0.398,0.5,1.0,0.109375,0.06963729998096824,0.109375,69.63729998096824,0.0,False,315.38333333333327,525.5,213.69224330357142,213.796875,0,0,301,199
45,26,Continuously Retrained Ensemble,Regime 3: XSS/Ransomware,ransomware,1.0,1.0,1.0,1.0,1.0,1.0,0.5,1.0,2.640625,1.7613316010683775,0.0625,75.18750010058284,2.578125,True,480.5,1184.9,213.6796875,213.796875,0,0,0,500
45,26,Event-Driven Ensemble,Regime 3: XSS/Ransomware,ransomware,1.0,1.0,1.0,1.0,1.0,1.0,0.5,1.0,2.40625,1.650657800026238,0.046875,69.36410022899508,2.359375,True,249.96666666666667,286.8,213.67550223214286,213.79296875,0,0,0,500
45,26,Adaptive Random Forest,Regime 3: XSS/Ransomware,ransomware,1.0,1.0,1.0,1.0,1.0,1.0,0.5,1.0,0.921875,0.6372355337565144,0.0625,75.18750010058284,0.859375,True,480.5,1184.9,213.6796875,213.796875,0,0,0,500
45,26,Adaptive Extra Trees,Regime 3: XSS/Ransomware,ransomware,1.0,1.0,1.0,1.0,1.0,1.0,0.5,1.0,0.921875,0.6372355337565144,0.0625,75.18750010058284,0.859375,True,480.5,1184.9,213.6796875,213.796875,0,0,0,500
45,26,Adaptive Gradient Boosting,Regime 3: XSS/Ransomware,ransomware,1.0,1.0,1.0,1.0,1.0,1.0,0.5,1.0,0.921875,0.6372355337565144,0.0625,75.18750010058284,0.859375,True,480.5,1184.9,213.6796875,213.796875,0,0,0,500
45,27,Frozen Model,Regime 3: XSS/Ransomware,ransomware,0.6754966887417219,0.33774834437086093,0.51,1.0,0.51,0.51,0.5,1.0,0.0625,0.05521850008517504,0.0625,55.21850008517504,0.0,False,368.5666666666666,553.3,219.37044270833334,219.4921875,0,0,245,255
45,27,Continuously Retrained Ensemble,Regime 3: XSS/Ransomware,ransomware,1.0,1.0,1.0,1.0,1.0,1.0,0.5,1.0,2.53125,1.8197869006544352,0.03125,68.00780026242137,2.5,True,230.25,281.2,219.37248883928572,219.49609375,0,0,0,500
45,27,Event-Driven Ensemble,Regime 3: XSS/Ransomware,ransomware,1.0,1.0,1.0,1.0,1.0,1.0,0.5,1.0,2.65625,1.8822443997487426,0.046875,56.95490026846528,2.609375,True,277.43333333333334,290.8,219.3740234375,219.5,0,0,0,500
45,27,Adaptive Random Forest,Regime 3: XSS/Ransomware,ransomware,1.0,1.0,1.0,1.0,1.0,1.0,0.5,1.0,0.8645833333333334,0.6519341670597593,0.03125,68.00780026242137,0.8333333333333334,True,230.25,281.2,219.37248883928572,219.49609375,0,0,0,500
45,27,Adaptive Extra Trees,Regime 3: XSS/Ransomware,ransomware,1.0,1.0,1.0,1.0,1.0,1.0,0.5,1.0,0.8645833333333334,0.6519341670597593,0.03125,68.00780026242137,0.8333333333333334,True,230.25,281.2,219.37248883928572,219.49609375,0,0,0,500
45,27,Adaptive Gradient Boosting,Regime 3: XSS/Ransomware,ransomware,0.983739837398374,0.491869918699187,0.968,1.0,0.968,0.968,0.5,1.0,0.8645833333333334,0.6519341670597593,0.03125,68.00780026242137,0.8333333333333334,True,230.25,281.2,219.37248883928572,219.49609375,0,0,16,484
45,28,Frozen Model,Regime 3: XSS/Ransomware,ransomware,0.36867862969004894,0.18433931484502447,0.226,1.0,0.226,0.226,0.5,1.0,0.0625,0.07942879991605878,0.0625,79.42879991605878,0.0,False,254.32500000000002,276.8,214.15625,214.265625,0,0,387,113
45,28,Continuously Retrained Ensemble,Regime 3: XSS/Ransomware,ransomware,1.0,1.0,1.0,1.0,1.0,1.0,0.5,1.0,2.703125,1.9911119998432696,0.078125,81.66419994086027,2.625,True,303.075,394.5,214.149169921875,214.26953125,0,0,0,500
45,28,Event-Driven Ensemble,Regime 3: XSS/Ransomware,ransomware,1.0,1.0,1.0,1.0,1.0,1.0,0.5,1.0,0.125,0.09642399987205863,0.125,96.42399987205863,0.0,False,366.6333333333334,600.6,214.1618009868421,214.26953125,0,0,0,500
45,28,Adaptive Random Forest,Regime 3: XSS/Ransomware,ransomware,1.0,1.0,1.0,1.0,1.0,1.0,0.5,1.0,0.953125,0.7181467999083301,0.078125,81.66419994086027,0.875,True,303.075,394.5,214.149169921875,214.26953125,0,0,0,500
45,28,Adaptive Extra Trees,Regime 3: XSS/Ransomware,ransomware,1.0,1.0,1.0,1.0,1.0,1.0,0.5,1.0,0.953125,0.7181467999083301,0.078125,81.66419994086027,0.875,True,303.075,394.5,214.149169921875,214.26953125,0,0,0,500
45,28,Adaptive Gradient Boosting,Regime 3: XSS/Ransomware,ransomware,1.0,1.0,1.0,1.0,1.0,1.0,0.5,1.0,0.953125,0.7181467999083301,0.078125,81.66419994086027,0.875,True,303.075,394.5,214.149169921875,214.26953125,0,0,0,500
45,29,Frozen Model,Regime 4: Backdoor,backdoor,0.0,0.0,0.0,0.0,0.0,0.0,0.5,1.0,0.09375,0.07698760041967034,0.09375,76.98760041967034,0.0,False,387.4,551.1,214.69739583333333,214.81640625,0,0,500,0
45,29,Continuously Retrained Ensemble,Regime 4: Backdoor,backdoor,1.0,1.0,1.0,1.0,1.0,1.0,0.5,1.0,2.59375,1.8425063001923263,0.03125,67.73490039631724,2.5625,True,260.1,269.7,214.71065848214286,214.81640625,0,0,0,500
45,29,Event-Driven Ensemble,Regime 4: Backdoor,backdoor,1.0,1.0,1.0,1.0,1.0,1.0,0.5,1.0,2.75,1.9728727997280657,0.046875,67.14669987559319,2.703125,True,251.5,298.9,214.70033482142858,214.8203125,0,0,0,500
45,29,Adaptive Random Forest,Regime 4: Backdoor,backdoor,1.0,1.0,1.0,1.0,1.0,1.0,0.5,1.0,0.8854166666666666,0.6593253669949869,0.03125,67.73490039631724,0.8541666666666666,True,260.1,269.7,214.71065848214286,214.81640625,0,0,0,500
45,29,Adaptive Extra Trees,Regime 4: Backdoor,backdoor,1.0,1.0,1.0,1.0,1.0,1.0,0.5,1.0,0.8854166666666666,0.6593253669949869,0.03125,67.73490039631724,0.8541666666666666,True,260.1,269.7,214.71065848214286,214.81640625,0,0,0,500
45,29,Adaptive Gradient Boosting,Regime 4: Backdoor,backdoor,0.9909182643794148,0.4954591321897074,0.982,1.0,0.982,0.982,0.5,1.0,0.8854166666666666,0.6593253669949869,0.03125,67.73490039631724,0.8541666666666666,True,260.1,269.7,214.71065848214286,214.81640625,0,0,9,491
45,30,Frozen Model,Regime 4: Backdoor,backdoor,0.3277591973244147,0.16387959866220736,0.196,1.0,0.196,0.196,0.5,1.0,0.03125,0.06974059995263815,0.03125,69.74059995263815,0.0,False,277.65,288.9,209.78738839285714,209.97265625,0,0,402,98
45,30,Continuously Retrained Ensemble,Regime 4: Backdoor,backdoor,1.0,1.0,1.0,1.0,1.0,1.0,0.5,1.0,2.71875,1.8631494999863207,0.109375,73.0103999376297,2.609375,True,359.1,561.9,209.85729166666667,209.98046875,0,0,0,500
45,30,Event-Driven Ensemble,Regime 4: Backdoor,backdoor,1.0,1.0,1.0,1.0,1.0,1.0,0.5,1.0,2.859375,2.0837507001124322,0.0625,77.42709992453456,2.796875,True,348.4666666666667,527.4,209.8640625,209.98046875,0,0,0,500
45,30,Adaptive Random Forest,Regime 4: Backdoor,backdoor,1.0,1.0,1.0,1.0,1.0,1.0,0.5,1.0,0.9791666666666666,0.6697234332871934,0.109375,73.0103999376297,0.8697916666666666,True,359.1,561.9,209.85729166666667,209.98046875,0,0,0,500
45,30,Adaptive Extra Trees,Regime 4: Backdoor,backdoor,1.0,1.0,1.0,1.0,1.0,1.0,0.5,1.0,0.9791666666666666,0.6697234332871934,0.109375,73.0103999376297,0.8697916666666666,True,359.1,561.9,209.85729166666667,209.98046875,0,0,0,500
45,30,Adaptive Gradient Boosting,Regime 4: Backdoor,backdoor,1.0,1.0,1.0,1.0,1.0,1.0,0.5,1.0,0.9791666666666666,0.6697234332871934,0.109375,73.0103999376297,0.8697916666666666,True,359.1,561.9,209.85729166666667,209.98046875,0,0,0,500
45,31,Frozen Model,Regime 4: Backdoor,backdoor,0.0,0.0,0.0,0.0,0.0,0.0,0.5,1.0,0.03125,0.07209429983049631,0.03125,72.09429983049631,0.0,False,277.2,282.4,214.2171875,214.3203125,0,0,500,0
45,31,Continuously Retrained Ensemble,Regime 4: Backdoor,backdoor,1.0,1.0,1.0,1.0,1.0,1.0,0.5,1.0,2.71875,2.0305885998532176,0.125,135.31159982085228,2.59375,True,407.02,827.8,214.1962890625,214.31640625,0,0,0,500
45,31,Event-Driven Ensemble,Regime 4: Backdoor,backdoor,1.0,1.0,1.0,1.0,1.0,1.0,0.5,1.0,0.09375,0.08646689960733056,0.09375,86.46689960733056,0.0,False,274.8,293.6,214.22058823529412,214.328125,0,0,0,500
45,31,Adaptive Random Forest,Regime 4: Backdoor,backdoor,1.0,1.0,1.0,1.0,1.0,1.0,0.5,1.0,0.9895833333333334,0.7670705998316407,0.125,135.31159982085228,0.8645833333333334,True,407.02,827.8,214.1962890625,214.31640625,0,0,0,500
45,31,Adaptive Extra Trees,Regime 4: Backdoor,backdoor,1.0,1.0,1.0,1.0,1.0,1.0,0.5,1.0,0.9895833333333334,0.7670705998316407,0.125,135.31159982085228,0.8645833333333334,True,407.02,827.8,214.1962890625,214.31640625,0,0,0,500
45,31,Adaptive Gradient Boosting,Regime 4: Backdoor,backdoor,0.9959839357429718,0.4979919678714859,0.992,1.0,0.992,0.992,0.5,1.0,0.9895833333333334,0.7670705998316407,0.125,135.31159982085228,0.8645833333333334,True,407.02,827.8,214.1962890625,214.31640625,0,0,4,496
45,32,Frozen Model,Regime 4: Backdoor,backdoor,0.023715415019762844,0.011857707509881422,0.012,1.0,0.012,0.012,0.5,1.0,0.03125,0.06160000013187528,0.03125,61.60000013187528,0.0,False,260.55,303.1,215.94591346153845,216.0390625,0,0,494,6
45,32,Continuously Retrained Ensemble,Regime 4: Backdoor,backdoor,1.0,1.0,1.0,1.0,1.0,1.0,0.5,1.0,2.703125,1.8414550996385515,0.046875,54.67509990558028,2.65625,True,434.25,595.4,215.92057291666666,216.0390625,0,0,0,500
45,32,Event-Driven Ensemble,Regime 4: Backdoor,backdoor,1.0,1.0,1.0,1.0,1.0,1.0,0.5,1.0,0.03125,0.05236539989709854,0.03125,52.36539989709854,0.0,False,279.0,284.8,215.90553977272728,216.0390625,0,0,0,500
45,32,Adaptive Random Forest,Regime 4: Backdoor,backdoor,1.0,1.0,1.0,1.0,1.0,1.0,0.5,1.0,0.9322916666666666,0.650268433149904,0.046875,54.67509990558028,0.8854166666666666,True,434.25,595.4,215.92057291666666,216.0390625,0,0,0,500
45,32,Adaptive Extra Trees,Regime 4: Backdoor,backdoor,1.0,1.0,1.0,1.0,1.0,1.0,0.5,1.0,0.9322916666666666,0.650268433149904,0.046875,54.67509990558028,0.8854166666666666,True,434.25,595.4,215.92057291666666,216.0390625,0,0,0,500
45,32,Adaptive Gradient Boosting,Regime 4: Backdoor,backdoor,0.9775051124744376,0.4887525562372188,0.956,1.0,0.956,0.956,0.5,1.0,0.9322916666666666,0.650268433149904,0.046875,54.67509990558028,0.8854166666666666,True,434.25,595.4,215.92057291666666,216.0390625,0,0,22,478
45,33,Frozen Model,Regime 4: Backdoor,backdoor,0.23633156966490299,0.11816578483245149,0.134,1.0,0.134,0.134,0.5,1.0,0.046875,0.06666589993983507,0.046875,66.66589993983507,0.0,False,619.1666666666666,1328.3,220.90513392857142,221.015625,0,0,433,67
45,33,Continuously Retrained Ensemble,Regime 4: Backdoor,backdoor,1.0,1.0,1.0,1.0,1.0,1.0,0.5,1.0,2.828125,1.998555799946189,0.078125,72.14310020208359,2.75,True,336.425,554.4,220.89791666666667,221.00390625,0,0,0,500
45,33,Event-Driven Ensemble,Regime 4: Backdoor,backdoor,1.0,1.0,1.0,1.0,1.0,1.0,0.5,1.0,3.25,2.3044165996834636,0.046875,60.5999999679625,3.203125,True,281.0333333333333,291.7,220.89513221153845,221.015625,0,0,0,500
45,33,Adaptive Random Forest,Regime 4: Backdoor,backdoor,1.0,1.0,1.0,1.0,1.0,1.0,0.5,1.0,0.9947916666666666,0.714280666783452,0.078125,72.14310020208359,0.9166666666666666,True,336.425,554.4,220.89791666666667,221.00390625,0,0,0,500
45,33,Adaptive Extra Trees,Regime 4: Backdoor,backdoor,1.0,1.0,1.0,1.0,1.0,1.0,0.5,1.0,0.9947916666666666,0.714280666783452,0.078125,72.14310020208359,0.9166666666666666,True,336.425,554.4,220.89791666666667,221.00390625,0,0,0,500
45,33,Adaptive Gradient Boosting,Regime 4: Backdoor,backdoor,0.9878542510121457,0.4939271255060729,0.976,1.0,0.976,0.976,0.5,1.0,0.9947916666666666,0.714280666783452,0.078125,72.14310020208359,0.9166666666666666,True,336.425,554.4,220.89791666666667,221.00390625,0,0,12,488
45,34,Frozen Model,Regime 4: Backdoor,backdoor,0.33610648918469216,0.16805324459234608,0.202,1.0,0.202,0.202,0.5,1.0,0.046875,0.07185739977285266,0.046875,71.85739977285266,0.0,False,250.63333333333333,280.2,209.17438616071428,209.36328125,0,0,399,101
45,34,Continuously Retrained Ensemble,Regime 4: Backdoor,backdoor,1.0,1.0,1.0,1.0,1.0,1.0,0.5,1.0,3.390625,2.402603999711573,0.078125,70.91329991817474,3.3125,True,270.86,281.3,209.25558035714286,209.36328125,0,0,0,500
45,34,Event-Driven Ensemble,Regime 4: Backdoor,backdoor,1.0,1.0,1.0,1.0,1.0,1.0,0.5,1.0,3.15625,2.3480018004775047,0.0625,76.28470007330179,3.09375,True,273.52500000000003,294.7,209.25494791666668,209.36328125,0,0,0,500
45,34,Adaptive Random Forest,Regime 4: Backdoor,backdoor,1.0,1.0,1.0,1.0,1.0,1.0,0.5,1.0,1.1822916666666667,0.8481435331826409,0.078125,70.91329991817474,1.1041666666666667,True,270.86,281.3,209.25558035714286,209.36328125,0,0,0,500
45,34,Adaptive Extra Trees,Regime 4: Backdoor,backdoor,1.0,1.0,1.0,1.0,1.0,1.0,0.5,1.0,1.1822916666666667,0.8481435331826409,0.078125,70.91329991817474,1.1041666666666667,True,270.86,281.3,209.25558035714286,209.36328125,0,0,0,500
45,34,Adaptive Gradient Boosting,Regime 4: Backdoor,backdoor,0.9711934156378601,0.48559670781893005,0.944,1.0,0.944,0.944,0.5,1.0,1.1822916666666667,0.8481435331826409,0.078125,70.91329991817474,1.1041666666666667,True,270.86,281.3,209.25558035714286,209.36328125,0,0,28,472
45,35,Frozen Model,Regime 4: Backdoor,backdoor,0.8193624557260921,0.40968122786304606,0.694,1.0,0.694,0.694,0.5,1.0,0.046875,0.06649390002712607,0.046875,66.49390002712607,0.0,False,355.25,454.3,216.11607142857142,216.23046875,0,0,153,347
45,35,Continuously Retrained Ensemble,Regime 4: Backdoor,backdoor,1.0,1.0,1.0,1.0,1.0,1.0,0.5,1.0,2.9375,1.98875999962911,0.09375,60.016699600964785,2.84375,True,385.15000000000003,508.7,216.10384114583334,216.2265625,0,0,0,500
45,35,Event-Driven Ensemble,Regime 4: Backdoor,backdoor,1.0,1.0,1.0,1.0,1.0,1.0,0.5,1.0,2.703125,1.8700790996663272,0.078125,53.033099975436926,2.625,True,340.75,514.9,216.10404829545453,216.234375,0,0,0,500
45,35,Adaptive Random Forest,Regime 4: Backdoor,backdoor,1.0,1.0,1.0,1.0,1.0,1.0,0.5,1.0,1.0416666666666665,0.7029311329436799,0.09375,60.016699600964785,0.9479166666666666,True,385.15000000000003,508.7,216.10384114583334,216.2265625,0,0,0,500
45,35,Adaptive Extra Trees,Regime 4: Backdoor,backdoor,1.0,1.0,1.0,1.0,1.0,1.0,0.5,1.0,1.0416666666666665,0.7029311329436799,0.09375,60.016699600964785,0.9479166666666666,True,385.15000000000003,508.7,216.10384114583334,216.2265625,0,0,0,500
45,35,Adaptive Gradient Boosting,Regime 4: Backdoor,backdoor,0.98989898989899,0.494949494949495,0.98,1.0,0.98,0.98,0.5,1.0,1.0416666666666665,0.7029311329436799,0.09375,60.016699600964785,0.9479166666666666,True,385.15000000000003,508.7,216.10384114583334,216.2265625,0,0,10,490
45,36,Frozen Model,Regime 4: Backdoor,backdoor,0.7878787878787878,0.3939393939393939,0.65,1.0,0.65,0.65,0.5,1.0,0.03125,0.0684480001218617,0.03125,68.4480001218617,0.0,False,278.95,301.5,217.92075892857142,218.0390625,0,0,175,325
45,36,Continuously Retrained Ensemble,Regime 4: Backdoor,backdoor,1.0,1.0,1.0,1.0,1.0,1.0,0.5,1.0,3.0625,1.999829100444913,0.046875,82.1652002632618,3.015625,True,260.03333333333336,288.1,217.89680989583334,218.02734375,0,0,0,500
45,36,Event-Driven Ensemble,Regime 4: Backdoor,backdoor,1.0,1.0,1.0,1.0,1.0,1.0,0.5,1.0,3.296875,2.0909167998470366,0.09375,66.05829996988177,3.203125,True,338.72,584.0,217.92466517857142,218.02734375,0,0,0,500
45,36,Adaptive Random Forest,Regime 4: Backdoor,backdoor,1.0,1.0,1.0,1.0,1.0,1.0,0.5,1.0,1.0520833333333333,0.7213865003238121,0.046875,82.1652002632618,1.0052083333333333,True,260.03333333333336,288.1,217.89680989583334,218.02734375,0,0,0,500
45,36,Adaptive Extra Trees,Regime 4: Backdoor,backdoor,1.0,1.0,1.0,1.0,1.0,1.0,0.5,1.0,1.0520833333333333,0.7213865003238121,0.046875,82.1652002632618,1.0052083333333333,True,260.03333333333336,288.1,217.89680989583334,218.02734375,0,0,0,500
45,36,Adaptive Gradient Boosting,Regime 4: Backdoor,backdoor,0.9868287740628167,0.49341438703140833,0.974,1.0,0.974,0.974,0.5,1.0,1.0520833333333333,0.7213865003238121,0.046875,82.1652002632618,1.0052083333333333,True,260.03333333333336,288.1,217.89680989583334,218.02734375,0,0,13,487
45,37,Frozen Model,Regime 4: Backdoor,backdoor,0.7046632124352331,0.35233160621761656,0.544,1.0,0.544,0.544,0.5,1.0,0.03125,0.06348169967532158,0.03125,63.48169967532158,0.0,False,247.39999999999998,255.2,215.45870535714286,215.57421875,0,0,228,272
45,37,Continuously Retrained Ensemble,Regime 4: Backdoor,backdoor,1.0,1.0,1.0,1.0,1.0,1.0,0.5,1.0,3.0,2.014924199786037,0.03125,63.060599844902754,2.96875,True,252.05,271.5,215.47145432692307,215.56640625,0,0,0,500
45,37,Event-Driven Ensemble,Regime 4: Backdoor,backdoor,1.0,1.0,1.0,1.0,1.0,1.0,0.5,1.0,2.890625,1.936147500295192,0.046875,51.18599999696016,2.84375,True,426.85,595.2,215.45170454545453,215.5625,0,0,0,500
45,37,Adaptive Random Forest,Regime 4: Backdoor,backdoor,1.0,1.0,1.0,1.0,1.0,1.0,0.5,1.0,1.0208333333333335,0.7136817998252809,0.03125,63.060599844902754,0.9895833333333334,True,252.05,271.5,215.47145432692307,215.56640625,0,0,0,500
45,37,Adaptive Extra Trees,Regime 4: Backdoor,backdoor,1.0,1.0,1.0,1.0,1.0,1.0,0.5,1.0,1.0208333333333335,0.7136817998252809,0.03125,63.060599844902754,0.9895833333333334,True,252.05,271.5,215.47145432692307,215.56640625,0,0,0,500
45,37,Adaptive Gradient Boosting,Regime 4: Backdoor,backdoor,0.9816700610997964,0.4908350305498982,0.964,1.0,0.964,0.964,0.5,1.0,1.0208333333333335,0.7136817998252809,0.03125,63.060599844902754,0.9895833333333334,True,252.05,271.5,215.47145432692307,215.56640625,0,0,18,482
46,0,Frozen Model,Regime 1: DDoS,injection,0.7437185929648241,0.37185929648241206,0.592,1.0,0.592,0.592,0.5,1.0,0.0625,0.04115880001336336,0.0625,41.15880001336336,0.0,False,606.275,1615.7,214.052734375,214.20703125,0,0,204,296
46,0,Continuously Retrained Ensemble,Regime 1: DDoS,injection,0.7437185929648241,0.37185929648241206,0.592,1.0,0.592,0.592,0.5,1.0,0.984375,0.68207550002262,0.0625,51.38750001788139,0.921875,True,351.59999999999997,520.9,214.05397727272728,214.20703125,0,0,204,296
46,0,Event-Driven Ensemble,Regime 1: DDoS,injection,0.7437185929648241,0.37185929648241206,0.592,1.0,0.592,0.592,0.5,1.0,0.046875,0.05295940022915602,0.046875,52.95940022915602,0.0,False,263.6333333333334,293.2,214.08522727272728,214.19921875,0,0,204,296
46,0,Adaptive Random Forest,Regime 1: DDoS,injection,0.7437185929648241,0.37185929648241206,0.592,1.0,0.592,0.592,0.5,1.0,0.3697916666666667,0.2616168333527943,0.0625,51.38750001788139,0.3072916666666667,True,351.59999999999997,520.9,214.05397727272728,214.20703125,0,0,204,296
46,0,Adaptive Extra Trees,Regime 1: DDoS,injection,0.727735368956743,0.3638676844783715,0.572,1.0,0.572,0.572,0.5,1.0,0.3697916666666667,0.2616168333527943,0.0625,51.38750001788139,0.3072916666666667,True,351.59999999999997,520.9,214.05397727272728,214.20703125,0,0,214,286
46,0,Adaptive Gradient Boosting,Regime 1: DDoS,injection,0.7515605493133583,0.3757802746566791,0.602,1.0,0.602,0.602,0.5,1.0,0.3697916666666667,0.2616168333527943,0.0625,51.38750001788139,0.3072916666666667,True,351.59999999999997,520.9,214.05397727272728,214.20703125,0,0,199,301
46,1,Frozen Model,Regime 1: DDoS,ddos,0.06201550387596899,0.031007751937984496,0.032,1.0,0.032,0.032,0.5,1.0,0.046875,0.039324500132352114,0.046875,39.324500132352114,0.0,False,269.6333333333333,279.4,214.99696180555554,215.1328125,0,0,484,16
46,1,Continuously Retrained Ensemble,Regime 1: DDoS,ddos,0.8571428571428571,0.42857142857142855,0.75,1.0,0.75,0.75,0.5,1.0,0.875,0.6391353993676603,0.0625,40.664900094270706,0.8125,True,364.56666666666666,547.6,214.98654513888889,215.13671875,0,0,125,375
46,1,Event-Driven Ensemble,Regime 1: DDoS,ddos,0.07321772639691715,0.036608863198458574,0.038,1.0,0.038,0.038,0.5,1.0,0.890625,0.6702069002203643,0.078125,52.55640018731356,0.8125,True,330.75,536.4,215.00852272727272,215.12890625,0,0,481,19
46,1,Adaptive Random Forest,Regime 1: DDoS,ddos,0.7937273823884198,0.3968636911942099,0.658,1.0,0.658,0.658,0.5,1.0,0.3333333333333333,0.2401550665187339,0.0625,40.664900094270706,0.2708333333333333,True,364.56666666666666,547.6,214.98654513888889,215.13671875,0,0,171,329
46,1,Adaptive Extra Trees,Regime 1: DDoS,ddos,1.0,1.0,1.0,1.0,1.0,1.0,0.5,1.0,0.3333333333333333,0.2401550665187339,0.0625,40.664900094270706,0.2708333333333333,True,364.56666666666666,547.6,214.98654513888889,215.13671875,0,0,0,500
46,1,Adaptive Gradient Boosting,Regime 1: DDoS,ddos,0.8492520138089759,0.42462600690448793,0.738,1.0,0.738,0.738,0.5,1.0,0.3333333333333333,0.2401550665187339,0.0625,40.664900094270706,0.2708333333333333,True,364.56666666666666,547.6,214.98654513888889,215.13671875,0,0,131,369
46,2,Frozen Model,Regime 1: DDoS,ddos,0.0,0.0,0.0,0.0,0.0,0.0,0.5,1.0,0.03125,0.055413899943232536,0.03125,55.413899943232536,0.0,False,283.6,292.5,215.04459635416666,215.171875,0,0,500,0
46,2,Continuously Retrained Ensemble,Regime 1: DDoS,ddos,0.998998998998999,0.4994994994994995,0.998,1.0,0.998,0.998,0.5,1.0,0.921875,0.6911200997419655,0.078125,42.796199675649405,0.84375,True,458.09999999999997,568.3,215.02578125,215.171875,0,0,1,499
46,2,Event-Driven Ensemble,Regime 1: DDoS,ddos,0.8584474885844748,0.4292237442922374,0.752,1.0,0.752,0.752,0.5,1.0,0.8125,0.6290520005859435,0.0625,52.454700227826834,0.75,True,263.1,284.6,215.05930397727272,215.16796875,0,0,124,376
46,2,Adaptive Random Forest,Regime 1: DDoS,ddos,0.8344988344988346,0.4172494172494173,0.716,1.0,0.716,0.716,0.5,1.0,0.359375,0.2589041663644215,0.078125,42.796199675649405,0.28125,True,458.09999999999997,568.3,215.02578125,215.171875,0,0,142,358
46,2,Adaptive Extra Trees,Regime 1: DDoS,ddos,1.0,1.0,1.0,1.0,1.0,1.0,0.5,1.0,0.359375,0.2589041663644215,0.078125,42.796199675649405,0.28125,True,458.09999999999997,568.3,215.02578125,215.171875,0,0,0,500
46,2,Adaptive Gradient Boosting,Regime 1: DDoS,ddos,0.7195902688860435,0.35979513444302175,0.562,1.0,0.562,0.562,0.5,1.0,0.359375,0.2589041663644215,0.078125,42.796199675649405,0.28125,True,458.09999999999997,568.3,215.02578125,215.171875,0,0,219,281
46,3,Frozen Model,Regime 1: DDoS,ddos,0.011928429423459244,0.005964214711729622,0.006,1.0,0.006,0.006,0.5,1.0,0.0625,0.05255699995905161,0.0625,52.55699995905161,0.0,False,366.5,555.5,215.30326704545453,215.421875,0,0,497,3
46,3,Continuously Retrained Ensemble,Regime 1: DDoS,ddos,0.9795918367346939,0.4897959183673469,0.96,1.0,0.96,0.96,0.5,1.0,0.8125,0.6845926991663873,0.0625,42.353599797934294,0.75,True,352.26666666666665,507.8,215.27256944444446,215.4140625,0,0,20,480
46,3,Event-Driven Ensemble,Regime 1: DDoS,ddos,0.9795918367346939,0.4897959183673469,0.96,1.0,0.96,0.96,0.5,1.0,0.0625,0.05092609999701381,0.0625,50.92609999701381,0.0,False,531.6,788.0,215.29936079545453,215.4140625,0,0,20,480
46,3,Adaptive Random Forest,Regime 1: DDoS,ddos,0.5974754558204769,0.29873772791023845,0.426,1.0,0.426,0.426,0.5,1.0,0.3125,0.2564332995874187,0.0625,42.353599797934294,0.25,True,352.26666666666665,507.8,215.27256944444446,215.4140625,0,0,287,213
46,3,Adaptive Extra Trees,Regime 1: DDoS,ddos,1.0,1.0,1.0,1.0,1.0,1.0,0.5,1.0,0.3125,0.2564332995874187,0.0625,42.353599797934294,0.25,True,352.26666666666665,507.8,215.27256944444446,215.4140625,0,0,0,500
46,3,Adaptive Gradient Boosting,Regime 1: DDoS,ddos,0.940677966101695,0.4703389830508475,0.888,1.0,0.888,0.888,0.5,1.0,0.3125,0.2564332995874187,0.0625,42.353599797934294,0.25,True,352.26666666666665,507.8,215.27256944444446,215.4140625,0,0,56,444
46,4,Frozen Model,Regime 1: DDoS,ddos,0.4939759036144578,0.2469879518072289,0.328,1.0,0.328,0.328,0.5,1.0,0.03125,0.038850899785757065,0.03125,38.850899785757065,0.0,False,280.2,283.4,215.29600694444446,215.42578125,0,0,336,164
46,4,Continuously Retrained Ensemble,Regime 1: DDoS,ddos,1.0,1.0,1.0,1.0,1.0,1.0,0.5,1.0,0.875,0.7086232001893222,0.03125,40.87470006197691,0.84375,True,248.65,288.3,215.27734375,215.42578125,0,0,0,500
46,4,Event-Driven Ensemble,Regime 1: DDoS,ddos,0.993963782696177,0.4969818913480885,0.988,1.0,0.988,0.988,0.5,1.0,0.75,0.6842385996133089,0.046875,41.2389999255538,0.703125,True,382.2,519.5,215.26328125,215.4296875,0,0,6,494
46,4,Adaptive Random Forest,Regime 1: DDoS,ddos,0.998998998998999,0.4994994994994995,0.998,1.0,0.998,0.998,0.5,1.0,0.3125,0.2634575334377587,0.03125,40.87470006197691,0.28125,True,248.65,288.3,215.27734375,215.42578125,0,0,1,499
46,4,Adaptive Extra Trees,Regime 1: DDoS,ddos,1.0,1.0,1.0,1.0,1.0,1.0,0.5,1.0,0.3125,0.2634575334377587,0.03125,40.87470006197691,0.28125,True,248.65,288.3,215.27734375,215.42578125,0,0,0,500
46,4,Adaptive Gradient Boosting,Regime 1: DDoS,ddos,0.8864142538975501,0.44320712694877507,0.796,1.0,0.796,0.796,0.5,1.0,0.3125,0.2634575334377587,0.03125,40.87470006197691,0.28125,True,248.65,288.3,215.27734375,215.42578125,0,0,102,398
46,5,Frozen Model,Regime 1: DDoS,ddos,0.5007496251874063,0.25037481259370314,0.334,1.0,0.334,0.334,0.5,1.0,0.03125,0.03830759972333908,0.03125,38.30759972333908,0.0,False,261.3,267.6,209.01605902777777,209.25,0,0,333,167
46,5,Continuously Retrained Ensemble,Regime 1: DDoS,ddos,1.0,1.0,1.0,1.0,1.0,1.0,0.5,1.0,0.875,0.7363648996688426,0.0625,42.74679999798536,0.8125,True,367.90000000000003,544.7,209.110546875,209.25390625,0,0,0,500
46,5,Event-Driven Ensemble,Regime 1: DDoS,ddos,1.0,1.0,1.0,1.0,1.0,1.0,0.5,1.0,0.859375,0.7483689994551241,0.046875,43.1058001704514,0.8125,True,293.4666666666667,298.3,209.17734375,209.33984375,0,0,0,500
46,5,Adaptive Random Forest,Regime 1: DDoS,ddos,1.0,1.0,1.0,1.0,1.0,1.0,0.5,1.0,0.3333333333333333,0.27395283322160446,0.0625,42.74679999798536,0.2708333333333333,True,367.90000000000003,544.7,209.110546875,209.25390625,0,0,0,500
46,5,Adaptive Extra Trees,Regime 1: DDoS,ddos,1.0,1.0,1.0,1.0,1.0,1.0,0.5,1.0,0.3333333333333333,0.27395283322160446,0.0625,42.74679999798536,0.2708333333333333,True,367.90000000000003,544.7,209.110546875,209.25390625,0,0,0,500
46,5,Adaptive Gradient Boosting,Regime 1: DDoS,ddos,0.993963782696177,0.4969818913480885,0.988,1.0,0.988,0.988,0.5,1.0,0.3333333333333333,0.27395283322160446,0.0625,42.74679999798536,0.2708333333333333,True,367.90000000000003,544.7,209.110546875,209.25390625,0,0,6,494
46,6,Frozen Model,Regime 1: DDoS,ddos,0.5029940119760479,0.25149700598802394,0.336,1.0,0.336,0.336,0.5,1.0,0.046875,0.04018429992720485,0.046875,40.18429992720485,0.0,False,274.40000000000003,287.6,215.18706597222223,215.31640625,0,0,332,168
46,6,Continuously Retrained Ensemble,Regime 1: DDoS,ddos,1.0,1.0,1.0,1.0,1.0,1.0,0.5,1.0,1.296875,0.8924647006206214,0.078125,49.7745000757277,1.21875,True,340.325,537.1,215.1765625,215.31640625,0,0,0,500
46,6,Event-Driven Ensemble,Regime 1: DDoS,ddos,1.0,1.0,1.0,1.0,1.0,1.0,0.5,1.0,1.109375,0.8667222000658512,0.078125,65.65090036019683,1.03125,True,360.77500000000003,603.0,215.20982142857142,215.3125,0,0,0,500
46,6,Adaptive Random Forest,Regime 1: DDoS,ddos,1.0,1.0,1.0,1.0,1.0,1.0,0.5,1.0,0.484375,0.3306712335906923,0.078125,49.7745000757277,0.40625,True,340.325,537.1,215.1765625,215.31640625,0,0,0,500
46,6,Adaptive Extra Trees,Regime 1: DDoS,ddos,1.0,1.0,1.0,1.0,1.0,1.0,0.5,1.0,0.484375,0.3306712335906923,0.078125,49.7745000757277,0.40625,True,340.325,537.1,215.1765625,215.31640625,0,0,0,500
46,6,Adaptive Gradient Boosting,Regime 1: DDoS,ddos,1.0,1.0,1.0,1.0,1.0,1.0,0.5,1.0,0.484375,0.3306712335906923,0.078125,49.7745000757277,0.40625,True,340.325,537.1,215.1765625,215.31640625,0,0,0,500
46,7,Frozen Model,Regime 1: DDoS,ddos,0.5074626865671642,0.2537313432835821,0.34,1.0,0.34,0.34,0.5,1.0,0.0625,0.04149590013548732,0.0625,41.49590013548732,0.0,False,383.2,568.0,216.311328125,216.46484375,0,0,330,170
46,7,Continuously Retrained Ensemble,Regime 1: DDoS,ddos,1.0,1.0,1.0,1.0,1.0,1.0,0.5,1.0,1.1875,0.8365861005149782,0.03125,52.99900006502867,1.15625,True,251.4,273.0,216.3458806818182,216.4609375,0,0,0,500
46,7,Event-Driven Ensemble,Regime 1: DDoS,ddos,1.0,1.0,1.0,1.0,1.0,1.0,0.5,1.0,0.90625,0.8181526996195316,0.03125,52.903799805790186,0.875,True,272.15,274.3,216.34801136363637,216.46875,0,0,0,500
46,7,Adaptive Random Forest,Regime 1: DDoS,ddos,1.0,1.0,1.0,1.0,1.0,1.0,0.5,1.0,0.4166666666666667,0.31419470021501184,0.03125,52.99900006502867,0.3854166666666667,True,251.4,273.0,216.3458806818182,216.4609375,0,0,0,500
46,7,Adaptive Extra Trees,Regime 1: DDoS,ddos,1.0,1.0,1.0,1.0,1.0,1.0,0.5,1.0,0.4166666666666667,0.31419470021501184,0.03125,52.99900006502867,0.3854166666666667,True,251.4,273.0,216.3458806818182,216.4609375,0,0,0,500
46,7,Adaptive Gradient Boosting,Regime 1: DDoS,ddos,1.0,1.0,1.0,1.0,1.0,1.0,0.5,1.0,0.4166666666666667,0.31419470021501184,0.03125,52.99900006502867,0.3854166666666667,True,251.4,273.0,216.3458806818182,216.4609375,0,0,0,500
46,8,Frozen Model,Regime 1: DDoS,ddos,0.6468200270635994,0.3234100135317997,0.478,1.0,0.478,0.478,0.5,1.0,0.03125,0.04963169991970062,0.03125,49.63169991970062,0.0,False,274.2,287.9,216.6573153409091,216.76171875,0,0,261,239
46,8,Continuously Retrained Ensemble,Regime 1: DDoS,ddos,1.0,1.0,1.0,1.0,1.0,1.0,0.5,1.0,1.1875,0.8100535008125007,0.046875,52.796800155192614,1.140625,True,285.3,302.0,216.6455965909091,216.765625,0,0,0,500
46,8,Event-Driven Ensemble,Regime 1: DDoS,ddos,1.0,1.0,1.0,1.0,1.0,1.0,0.5,1.0,0.984375,0.7806817996315658,0.078125,56.935399770736694,0.90625,True,326.55,492.3,216.64290364583334,216.765625,0,0,0,500
46,8,Adaptive Random Forest,Regime 1: DDoS,ddos,1.0,1.0,1.0,1.0,1.0,1.0,0.5,1.0,0.4270833333333333,0.3052157003742953,0.046875,52.796800155192614,0.3802083333333333,True,285.3,302.0,216.6455965909091,216.765625,0,0,0,500
46,8,Adaptive Extra Trees,Regime 1: DDoS,ddos,1.0,1.0,1.0,1.0,1.0,1.0,0.5,1.0,0.4270833333333333,0.3052157003742953,0.046875,52.796800155192614,0.3802083333333333,True,285.3,302.0,216.6455965909091,216.765625,0,0,0,500
46,8,Adaptive Gradient Boosting,Regime 1: DDoS,ddos,1.0,1.0,1.0,1.0,1.0,1.0,0.5,1.0,0.4270833333333333,0.3052157003742953,0.046875,52.796800155192614,0.3802083333333333,True,285.3,302.0,216.6455965909091,216.765625,0,0,0,500
46,9,Frozen Model,Regime 1: DDoS,ddos,0.8095238095238095,0.40476190476190477,0.68,1.0,0.68,0.68,0.5,1.0,0.046875,0.039305999875068665,0.046875,39.305999875068665,0.0,False,422.5,565.3,216.81640625,216.9453125,0,0,160,340
46,9,Continuously Retrained Ensemble,Regime 1: DDoS,ddos,1.0,1.0,1.0,1.0,1.0,1.0,0.5,1.0,1.3125,0.925158700440079,0.046875,42.46220039203763,1.265625,True,396.0,516.2,216.78515625,216.94140625,0,0,0,500
46,9,Event-Driven Ensemble,Regime 1: DDoS,ddos,1.0,1.0,1.0,1.0,1.0,1.0,0.5,1.0,1.3125,0.8788524004630744,0.09375,57.23620019853115,1.21875,True,398.5,540.4,216.81380208333334,216.9453125,0,0,0,500
46,9,Adaptive Random Forest,Regime 1: DDoS,ddos,1.0,1.0,1.0,1.0,1.0,1.0,0.5,1.0,0.46875,0.33669436707471806,0.046875,42.46220039203763,0.421875,True,396.0,516.2,216.78515625,216.94140625,0,0,0,500
46,9,Adaptive Extra Trees,Regime 1: DDoS,ddos,1.0,1.0,1.0,1.0,1.0,1.0,0.5,1.0,0.46875,0.33669436707471806,0.046875,42.46220039203763,0.421875,True,396.0,516.2,216.78515625,216.94140625,0,0,0,500
46,9,Adaptive Gradient Boosting,Regime 1: DDoS,ddos,1.0,1.0,1.0,1.0,1.0,1.0,0.5,1.0,0.46875,0.33669436707471806,0.046875,42.46220039203763,0.421875,True,396.0,516.2,216.78515625,216.94140625,0,0,0,500
46,10,Frozen Model,Regime 1: DDoS,ddos,0.8081048867699643,0.40405244338498214,0.678,1.0,0.678,0.678,0.5,1.0,0.03125,0.037758300080895424,0.03125,37.758300080895424,0.0,False,287.65,301.8,209.19140625,209.43359375,0,0,161,339
46,10,Continuously Retrained Ensemble,Regime 1: DDoS,ddos,1.0,1.0,1.0,1.0,1.0,1.0,0.5,1.0,1.546875,1.1923146997578442,0.03125,86.99430013075471,1.515625,True,180.35,272.2,209.32059151785714,209.4296875,0,0,0,500
46,10,Event-Driven Ensemble,Regime 1: DDoS,ddos,1.0,1.0,1.0,1.0,1.0,1.0,0.5,1.0,1.421875,1.071705399081111,0.0625,68.17059963941574,1.359375,True,257.775,292.6,209.33816964285714,209.484375,0,0,0,500
46,10,Adaptive Random Forest,Regime 1: DDoS,ddos,0.983739837398374,0.491869918699187,0.968,1.0,0.968,0.968,0.5,1.0,0.5364583333333334,0.45543443333978456,0.03125,86.99430013075471,0.5052083333333334,True,180.35,272.2,209.32059151785714,209.4296875,0,0,16,484
46,10,Adaptive Extra Trees,Regime 1: DDoS,ddos,1.0,1.0,1.0,1.0,1.0,1.0,0.5,1.0,0.5364583333333334,0.45543443333978456,0.03125,86.99430013075471,0.5052083333333334,True,180.35,272.2,209.32059151785714,209.4296875,0,0,0,500
46,10,Adaptive Gradient Boosting,Regime 1: DDoS,ddos,0.9929506545820745,0.49647532729103727,0.986,1.0,0.986,0.986,0.5,1.0,0.5364583333333334,0.45543443333978456,0.03125,86.99430013075471,0.5052083333333334,True,180.35,272.2,209.32059151785714,209.4296875,0,0,7,493
46,11,Frozen Model,Regime 2: Password,password,0.07321772639691715,0.036608863198458574,0.038,1.0,0.038,0.038,0.5,1.0,0.078125,0.051832299679517746,0.078125,51.832299679517746,0.0,False,339.04999999999995,503.0,215.5838068181818,215.69921875,0,0,481,19
46,11,Continuously Retrained Ensemble,Regime 2: Password,password,0.75,0.375,0.6,1.0,0.6,0.6,0.5,1.0,1.375,0.9815257000736892,0.0625,53.6275003105402,1.3125,True,282.725,289.7,215.57259114583334,215.7109375,0,0,200,300
46,11,Event-Driven Ensemble,Regime 2: Password,password,0.75,0.375,0.6,1.0,0.6,0.6,0.5,1.0,1.3125,1.0170072000473738,0.046875,52.48630000278354,1.265625,True,682.9000000000001,1566.9,215.58451704545453,215.703125,0,0,200,300
46,11,Adaptive Random Forest,Regime 2: Password,password,0.7080103359173127,0.35400516795865633,0.548,1.0,0.548,0.548,0.5,1.0,0.5,0.36292690023158986,0.0625,53.6275003105402,0.4375,True,282.725,289.7,215.57259114583334,215.7109375,0,0,226,274
46,11,Adaptive Extra Trees,Regime 2: Password,password,1.0,1.0,1.0,1.0,1.0,1.0,0.5,1.0,0.5,0.36292690023158986,0.0625,53.6275003105402,0.4375,True,282.725,289.7,215.57259114583334,215.7109375,0,0,0,500
46,11,Adaptive Gradient Boosting,Regime 2: Password,password,0.7341772151898734,0.3670886075949367,0.58,1.0,0.58,0.58,0.5,1.0,0.5,0.36292690023158986,0.0625,53.6275003105402,0.4375,True,282.725,289.7,215.57259114583334,215.7109375,0,0,210,290
46,12,Frozen Model,Regime 2: Password,password,0.05825242718446602,0.02912621359223301,0.03,1.0,0.03,0.03,0.5,1.0,0.046875,0.05043060006573796,0.046875,50.43060006573796,0.0,False,1173.95,1823.0,209.0529119318182,209.25390625,0,0,485,15
46,12,Continuously Retrained Ensemble,Regime 2: Password,password,1.0,1.0,1.0,1.0,1.0,1.0,0.5,1.0,1.5,0.9776991000398993,0.03125,51.575500052422285,1.46875,True,232.29999999999998,275.4,209.13991477272728,209.2578125,0,0,0,500
46,12,Event-Driven Ensemble,Regime 2: Password,password,1.0,1.0,1.0,1.0,1.0,1.0,0.5,1.0,1.21875,0.8974417010322213,0.03125,42.99060022458434,1.1875,True,254.10000000000002,276.6,209.10390625,209.2578125,0,0,0,500
46,12,Adaptive Random Forest,Regime 2: Password,password,1.0,1.0,1.0,1.0,1.0,1.0,0.5,1.0,0.5208333333333333,0.3602833667149146,0.03125,51.575500052422285,0.4895833333333333,True,232.29999999999998,275.4,209.13991477272728,209.2578125,0,0,0,500
46,12,Adaptive Extra Trees,Regime 2: Password,password,1.0,1.0,1.0,1.0,1.0,1.0,0.5,1.0,0.5208333333333333,0.3602833667149146,0.03125,51.575500052422285,0.4895833333333333,True,232.29999999999998,275.4,209.13991477272728,209.2578125,0,0,0,500
46,12,Adaptive Gradient Boosting,Regime 2: Password,password,0.9847715736040609,0.49238578680203043,0.97,1.0,0.97,0.97,0.5,1.0,0.5208333333333333,0.3602833667149146,0.03125,51.575500052422285,0.4895833333333333,True,232.29999999999998,275.4,209.13991477272728,209.2578125,0,0,15,485
46,13,Frozen Model,Regime 2: Password,password,0.015873015873015872,0.007936507936507936,0.008,1.0,0.008,0.008,0.5,1.0,0.03125,0.04950680024921894,0.03125,49.50680024921894,0.0,False,270.54999999999995,274.2,208.9073153409091,209.1171875,0,0,496,4
46,13,Continuously Retrained Ensemble,Regime 2: Password,password,1.0,1.0,1.0,1.0,1.0,1.0,0.5,1.0,1.59375,1.189387499820441,0.046875,42.82529978081584,1.546875,True,283.8,289.9,208.97421875,209.1171875,0,0,0,500
46,13,Event-Driven Ensemble,Regime 2: Password,password,1.0,1.0,1.0,1.0,1.0,1.0,0.5,1.0,1.375,0.9947846001014113,0.09375,51.629400346428156,1.28125,True,739.25,1582.0,209.0056818181818,209.1171875,0,0,0,500
46,13,Adaptive Random Forest,Regime 2: Password,password,0.9847715736040609,0.49238578680203043,0.97,1.0,0.97,0.97,0.5,1.0,0.5625,0.42501269979402423,0.046875,42.82529978081584,0.515625,True,283.8,289.9,208.97421875,209.1171875,0,0,15,485
46,13,Adaptive Extra Trees,Regime 2: Password,password,1.0,1.0,1.0,1.0,1.0,1.0,0.5,1.0,0.5625,0.42501269979402423,0.046875,42.82529978081584,0.515625,True,283.8,289.9,208.97421875,209.1171875,0,0,0,500
46,13,Adaptive Gradient Boosting,Regime 2: Password,password,0.9878542510121457,0.4939271255060729,0.976,1.0,0.976,0.976,0.5,1.0,0.5625,0.42501269979402423,0.046875,42.82529978081584,0.515625,True,283.8,289.9,208.97421875,209.1171875,0,0,12,488
46,14,Frozen Model,Regime 2: Password,password,0.3079526226734349,0.15397631133671744,0.182,1.0,0.182,0.182,0.5,1.0,0.0625,0.03896629996597767,0.0625,38.96629996597767,0.0,False,370.2,527.3,209.07942708333334,209.33203125,0,0,409,91
46,14,Continuously Retrained Ensemble,Regime 2: Password,password,1.0,1.0,1.0,1.0,1.0,1.0,0.5,1.0,1.5,1.021976700052619,0.03125,50.720700062811375,1.46875,True,285.95000000000005,290.8,209.2127130681818,209.3203125,0,0,0,500
46,14,Event-Driven Ensemble,Regime 2: Password,password,1.0,1.0,1.0,1.0,1.0,1.0,0.5,1.0,1.3125,0.9440399999730289,0.03125,43.10719994828105,1.28125,True,262.45,268.2,209.173828125,209.32421875,0,0,0,500
46,14,Adaptive Random Forest,Regime 2: Password,password,1.0,1.0,1.0,1.0,1.0,1.0,0.5,1.0,0.5208333333333333,0.3744727000594139,0.03125,50.720700062811375,0.4895833333333333,True,285.95000000000005,290.8,209.2127130681818,209.3203125,0,0,0,500
46,14,Adaptive Extra Trees,Regime 2: Password,password,1.0,1.0,1.0,1.0,1.0,1.0,0.5,1.0,0.5208333333333333,0.3744727000594139,0.03125,50.720700062811375,0.4895833333333333,True,285.95000000000005,290.8,209.2127130681818,209.3203125,0,0,0,500
46,14,Adaptive Gradient Boosting,Regime 2: Password,password,1.0,1.0,1.0,1.0,1.0,1.0,0.5,1.0,0.5208333333333333,0.3744727000594139,0.03125,50.720700062811375,0.4895833333333333,True,285.95000000000005,290.8,209.2127130681818,209.3203125,0,0,0,500
46,15,Frozen Model,Regime 2: Password,password,0.37662337662337664,0.18831168831168832,0.232,1.0,0.232,0.232,0.5,1.0,0.046875,0.04287440003827214,0.046875,42.87440003827214,0.0,False,968.4000000000001,2352.8,209.198046875,209.46875,0,0,384,116
46,15,Continuously Retrained Ensemble,Regime 2: Password,password,1.0,1.0,1.0,1.0,1.0,1.0,0.5,1.0,1.578125,1.1220049001276493,0.0625,41.161800269037485,1.515625,True,351.2,513.9,209.32378472222223,209.46484375,0,0,0,500
46,15,Event-Driven Ensemble,Regime 2: Password,password,1.0,1.0,1.0,1.0,1.0,1.0,0.5,1.0,1.5,1.0811117999255657,0.078125,42.169499676674604,1.421875,True,456.9333333333334,835.2,209.32942708333334,209.46875,0,0,0,500
46,15,Adaptive Random Forest,Regime 2: Password,password,1.0,1.0,1.0,1.0,1.0,1.0,0.5,1.0,0.5677083333333334,0.4014428335552414,0.0625,41.161800269037485,0.5052083333333334,True,351.2,513.9,209.32378472222223,209.46484375,0,0,0,500
46,15,Adaptive Extra Trees,Regime 2: Password,password,1.0,1.0,1.0,1.0,1.0,1.0,0.5,1.0,0.5677083333333334,0.4014428335552414,0.0625,41.161800269037485,0.5052083333333334,True,351.2,513.9,209.32378472222223,209.46484375,0,0,0,500
46,15,Adaptive Gradient Boosting,Regime 2: Password,password,0.9929506545820745,0.49647532729103727,0.986,1.0,0.986,0.986,0.5,1.0,0.5677083333333334,0.4014428335552414,0.0625,41.161800269037485,0.5052083333333334,True,351.2,513.9,209.32378472222223,209.46484375,0,0,7,493
46,16,Frozen Model,Regime 2: Password,password,0.6859395532194481,0.34296977660972405,0.522,1.0,0.522,0.522,0.5,1.0,0.0625,0.042352099902927876,0.0625,42.352099902927876,0.0,False,343.5,543.3,209.2921875,209.5859375,0,0,239,261
46,16,Continuously Retrained Ensemble,Regime 2: Password,password,1.0,1.0,1.0,1.0,1.0,1.0,0.5,1.0,1.671875,1.1116960998624563,0.03125,55.279099848121405,1.640625,True,281.9,282.4,209.4619140625,209.58203125,0,0,0,500
46,16,Event-Driven Ensemble,Regime 2: Password,password,1.0,1.0,1.0,1.0,1.0,1.0,0.5,1.0,1.375,1.0188367003574967,0.03125,44.995199888944626,1.34375,True,229.6,258.2,209.43515625,209.58984375,0,0,0,500
46,16,Adaptive Random Forest,Regime 2: Password,password,1.0,1.0,1.0,1.0,1.0,1.0,0.5,1.0,0.578125,0.40741809985289973,0.03125,55.279099848121405,0.546875,True,281.9,282.4,209.4619140625,209.58203125,0,0,0,500
46,16,Adaptive Extra Trees,Regime 2: Password,password,1.0,1.0,1.0,1.0,1.0,1.0,0.5,1.0,0.578125,0.40741809985289973,0.03125,55.279099848121405,0.546875,True,281.9,282.4,209.4619140625,209.58203125,0,0,0,500
46,16,Adaptive Gradient Boosting,Regime 2: Password,password,1.0,1.0,1.0,1.0,1.0,1.0,0.5,1.0,0.578125,0.40741809985289973,0.03125,55.279099848121405,0.546875,True,281.9,282.4,209.4619140625,209.58203125,0,0,0,500
46,17,Frozen Model,Regime 2: Password,password,0.36333878887070375,0.18166939443535188,0.222,1.0,0.222,0.222,0.5,1.0,0.03125,0.040711000096052885,0.03125,40.711000096052885,0.0,False,245.5,252.7,209.70182291666666,209.96875,0,0,389,111
46,17,Continuously Retrained Ensemble,Regime 2: Password,password,1.0,1.0,1.0,1.0,1.0,1.0,0.5,1.0,1.640625,1.1365590994246304,0.03125,43.13959972932935,1.609375,True,280.29999999999995,286.4,209.82578125,209.96875,0,0,0,500
46,17,Event-Driven Ensemble,Regime 2: Password,password,1.0,1.0,1.0,1.0,1.0,1.0,0.5,1.0,0.046875,0.04006699984893203,0.046875,40.06699984893203,0.0,False,656.7333333333335,1434.9,209.83680555555554,209.96875,0,0,0,500
46,17,Adaptive Random Forest,Regime 2: Password,password,0.9473684210526315,0.47368421052631576,0.9,1.0,0.9,0.9,0.5,1.0,0.5677083333333334,0.4076127662944297,0.03125,43.13959972932935,0.5364583333333334,True,280.29999999999995,286.4,209.82578125,209.96875,0,0,50,450
46,17,Adaptive Extra Trees,Regime 2: Password,password,1.0,1.0,1.0,1.0,1.0,1.0,0.5,1.0,0.5677083333333334,0.4076127662944297,0.03125,43.13959972932935,0.5364583333333334,True,280.29999999999995,286.4,209.82578125,209.96875,0,0,0,500
46,17,Adaptive Gradient Boosting,Regime 2: Password,password,0.9473684210526315,0.47368421052631576,0.9,1.0,0.9,0.9,0.5,1.0,0.5677083333333334,0.4076127662944297,0.03125,43.13959972932935,0.5364583333333334,True,280.29999999999995,286.4,209.82578125,209.96875,0,0,50,450
46,18,Frozen Model,Regime 2: Password,password,0.3277591973244147,0.16387959866220736,0.196,1.0,0.196,0.196,0.5,1.0,0.046875,0.038757499773055315,0.046875,38.757499773055315,0.0,False,419.65,542.5,209.28211805555554,209.53125,0,0,402,98
46,18,Continuously Retrained Ensemble,Regime 2: Password,password,1.0,1.0,1.0,1.0,1.0,1.0,0.5,1.0,1.5,1.0995786003768444,0.03125,40.97279999405146,1.46875,True,274.79999999999995,293.9,209.378125,209.53125,0,0,0,500
46,18,Event-Driven Ensemble,Regime 2: Password,password,1.0,1.0,1.0,1.0,1.0,1.0,0.5,1.0,1.59375,1.0249461000785232,0.046875,39.13399996235967,1.546875,True,407.25,523.6,209.39930555555554,209.53515625,0,0,0,500
46,18,Adaptive Random Forest,Regime 2: Password,password,1.0,1.0,1.0,1.0,1.0,1.0,0.5,1.0,0.5208333333333333,0.3938414001216491,0.03125,40.97279999405146,0.4895833333333333,True,274.79999999999995,293.9,209.378125,209.53125,0,0,0,500
46,18,Adaptive Extra Trees,Regime 2: Password,password,1.0,1.0,1.0,1.0,1.0,1.0,0.5,1.0,0.5208333333333333,0.3938414001216491,0.03125,40.97279999405146,0.4895833333333333,True,274.79999999999995,293.9,209.378125,209.53125,0,0,0,500
46,18,Adaptive Gradient Boosting,Regime 2: Password,password,0.9701338825952626,0.4850669412976313,0.942,1.0,0.942,0.942,0.5,1.0,0.5208333333333333,0.3938414001216491,0.03125,40.97279999405146,0.4895833333333333,True,274.79999999999995,293.9,209.378125,209.53125,0,0,29,471
46,19,Frozen Model,Regime 2: Password,password,0.3416252072968491,0.17081260364842454,0.206,1.0,0.206,0.206,0.5,1.0,0.03125,0.04013719968497753,0.03125,40.13719968497753,0.0,False,290.35,290.4,209.79453125,210.046875,0,0,397,103
46,19,Continuously Retrained Ensemble,Regime 2: Password,password,1.0,1.0,1.0,1.0,1.0,1.0,0.5,1.0,1.625,1.1452840003184974,0.0625,41.40800004824996,1.5625,True,335.7,512.7,209.9140625,210.0546875,0,0,0,500
46,19,Event-Driven Ensemble,Regime 2: Password,password,1.0,1.0,1.0,1.0,1.0,1.0,0.5,1.0,1.46875,1.1350695001892745,0.0625,54.32710004970431,1.40625,True,280.97499999999997,303.8,209.92252604166666,210.046875,0,0,0,500
46,19,Adaptive Random Forest,Regime 2: Password,password,0.9722507708119219,0.48612538540596095,0.946,1.0,0.946,0.946,0.5,1.0,0.5833333333333334,0.4093666668049991,0.0625,41.40800004824996,0.5208333333333334,True,335.7,512.7,209.9140625,210.0546875,0,0,27,473
46,19,Adaptive Extra Trees,Regime 2: Password,password,1.0,1.0,1.0,1.0,1.0,1.0,0.5,1.0,0.5833333333333334,0.4093666668049991,0.0625,41.40800004824996,0.5208333333333334,True,335.7,512.7,209.9140625,210.0546875,0,0,0,500
46,19,Adaptive Gradient Boosting,Regime 2: Password,password,0.9473684210526315,0.47368421052631576,0.9,1.0,0.9,0.9,0.5,1.0,0.5833333333333334,0.4093666668049991,0.0625,41.40800004824996,0.5208333333333334,True,335.7,512.7,209.9140625,210.0546875,0,0,50,450
46,20,Frozen Model,Regime 2: Password,password,0.5590778097982709,0.27953890489913547,0.388,1.0,0.388,0.388,0.5,1.0,0.03125,0.05187760014086962,0.03125,51.87760014086962,0.0,False,271.5,286.1,214.3526278409091,214.46484375,0,0,306,194
46,20,Continuously Retrained Ensemble,Regime 2: Password,password,1.0,1.0,1.0,1.0,1.0,1.0,0.5,1.0,1.96875,1.261856199707836,0.046875,43.03980013355613,1.921875,True,432.29999999999995,570.9,214.330078125,214.46484375,0,0,0,500
46,20,Event-Driven Ensemble,Regime 2: Password,password,1.0,1.0,1.0,1.0,1.0,1.0,0.5,1.0,1.71875,1.2079192004166543,0.046875,53.177600260823965,1.671875,True,275.8333333333333,283.9,214.34375,214.47265625,0,0,0,500
46,20,Adaptive Random Forest,Regime 2: Password,password,1.0,1.0,1.0,1.0,1.0,1.0,0.5,1.0,0.6875,0.4493119333249827,0.046875,43.03980013355613,0.640625,True,432.29999999999995,570.9,214.330078125,214.46484375,0,0,0,500
46,20,Adaptive Extra Trees,Regime 2: Password,password,1.0,1.0,1.0,1.0,1.0,1.0,0.5,1.0,0.6875,0.4493119333249827,0.046875,43.03980013355613,0.640625,True,432.29999999999995,570.9,214.330078125,214.46484375,0,0,0,500
46,20,Adaptive Gradient Boosting,Regime 2: Password,password,1.0,1.0,1.0,1.0,1.0,1.0,0.5,1.0,0.6875,0.4493119333249827,0.046875,43.03980013355613,0.640625,True,432.29999999999995,570.9,214.330078125,214.46484375,0,0,0,500
46,21,Frozen Model,Regime 3: XSS/Ransomware,xss,0.054474708171206226,0.027237354085603113,0.028,1.0,0.028,0.028,0.5,1.0,0.046875,0.0504230996593833,0.046875,50.4230996593833,0.0,False,413.40000000000003,595.7,214.20738636363637,214.31640625,0,0,486,14
46,21,Continuously Retrained Ensemble,Regime 3: XSS/Ransomware,xss,1.0,1.0,1.0,1.0,1.0,1.0,0.5,1.0,1.640625,1.2137652998790145,0.03125,42.45219985023141,1.609375,True,287.25,300.1,214.1765625,214.32421875,0,0,0,500
46,21,Event-Driven Ensemble,Regime 3: XSS/Ransomware,xss,1.0,1.0,1.0,1.0,1.0,1.0,0.5,1.0,1.5625,1.1736878999508917,0.03125,40.42400000616908,1.53125,True,243.3,253.4,214.17144097222223,214.3203125,0,0,0,500
46,21,Adaptive Random Forest,Regime 3: XSS/Ransomware,xss,0.9528795811518325,0.47643979057591623,0.91,1.0,0.91,0.91,0.5,1.0,0.5677083333333334,0.4328898998598258,0.03125,42.45219985023141,0.5364583333333334,True,287.25,300.1,214.1765625,214.32421875,0,0,45,455
46,21,Adaptive Extra Trees,Regime 3: XSS/Ransomware,xss,1.0,1.0,1.0,1.0,1.0,1.0,0.5,1.0,0.5677083333333334,0.4328898998598258,0.03125,42.45219985023141,0.5364583333333334,True,287.25,300.1,214.1765625,214.32421875,0,0,0,500
46,21,Adaptive Gradient Boosting,Regime 3: XSS/Ransomware,xss,0.8066825775656324,0.4033412887828162,0.676,1.0,0.676,0.676,0.5,1.0,0.5677083333333334,0.4328898998598258,0.03125,42.45219985023141,0.5364583333333334,True,287.25,300.1,214.1765625,214.32421875,0,0,162,338
46,22,Frozen Model,Regime 3: XSS/Ransomware,xss,0.3660130718954248,0.1830065359477124,0.224,1.0,0.224,0.224,0.5,1.0,0.03125,0.041291499976068735,0.03125,41.291499976068735,0.0,False,253.5,270.9,210.0,210.27734375,0,0,388,112
46,22,Continuously Retrained Ensemble,Regime 3: XSS/Ransomware,xss,1.0,1.0,1.0,1.0,1.0,1.0,0.5,1.0,1.875,1.2896672999486327,0.03125,42.44160000234842,1.84375,True,279.0,280.6,210.137109375,210.28125,0,0,0,500
46,22,Event-Driven Ensemble,Regime 3: XSS/Ransomware,xss,1.0,1.0,1.0,1.0,1.0,1.0,0.5,1.0,0.046875,0.0848135999403894,0.046875,84.8135999403894,0.0,False,272.1333333333333,294.7,210.15625,210.28515625,0,0,0,500
46,22,Adaptive Random Forest,Regime 3: XSS/Ransomware,xss,1.0,1.0,1.0,1.0,1.0,1.0,0.5,1.0,0.6458333333333334,0.4581834999844432,0.03125,42.44160000234842,0.6145833333333334,True,279.0,280.6,210.137109375,210.28125,0,0,0,500
46,22,Adaptive Extra Trees,Regime 3: XSS/Ransomware,xss,1.0,1.0,1.0,1.0,1.0,1.0,0.5,1.0,0.6458333333333334,0.4581834999844432,0.03125,42.44160000234842,0.6145833333333334,True,279.0,280.6,210.137109375,210.28125,0,0,0,500
46,22,Adaptive Gradient Boosting,Regime 3: XSS/Ransomware,xss,0.9888776541961577,0.49443882709807885,0.978,1.0,0.978,0.978,0.5,1.0,0.6458333333333334,0.4581834999844432,0.03125,42.44160000234842,0.6145833333333334,True,279.0,280.6,210.137109375,210.28125,0,0,11,489
46,23,Frozen Model,Regime 3: XSS/Ransomware,ransomware,0.043052837573385516,0.021526418786692758,0.022,1.0,0.022,0.022,0.5,1.0,0.078125,0.03888869984075427,0.078125,38.88869984075427,0.0,False,455.5,577.3,214.7890625,214.9140625,0,0,489,11
46,23,Continuously Retrained Ensemble,Regime 3: XSS/Ransomware,ransomware,1.0,1.0,1.0,1.0,1.0,1.0,0.5,1.0,1.859375,1.3659550999291241,0.03125,40.612300392240286,1.828125,True,278.55,292.3,214.75546875,214.91796875,0,0,0,500
46,23,Event-Driven Ensemble,Regime 3: XSS/Ransomware,ransomware,1.0,1.0,1.0,1.0,1.0,1.0,0.5,1.0,1.84375,1.2892093998380005,0.03125,40.23770010098815,1.8125,True,275.3,280.8,214.754296875,214.91796875,0,0,0,500
46,23,Adaptive Random Forest,Regime 3: XSS/Ransomware,ransomware,0.998998998998999,0.4994994994994995,0.998,1.0,0.998,0.998,0.5,1.0,0.640625,0.48239323357120156,0.03125,40.612300392240286,0.609375,True,278.55,292.3,214.75546875,214.91796875,0,0,1,499
46,23,Adaptive Extra Trees,Regime 3: XSS/Ransomware,ransomware,1.0,1.0,1.0,1.0,1.0,1.0,0.5,1.0,0.640625,0.48239323357120156,0.03125,40.612300392240286,0.609375,True,278.55,292.3,214.75546875,214.91796875,0,0,0,500
46,23,Adaptive Gradient Boosting,Regime 3: XSS/Ransomware,ransomware,0.9929506545820745,0.49647532729103727,0.986,1.0,0.986,0.986,0.5,1.0,0.640625,0.48239323357120156,0.03125,40.612300392240286,0.609375,True,278.55,292.3,214.75546875,214.91796875,0,0,7,493
46,24,Frozen Model,Regime 3: XSS/Ransomware,ransomware,0.0,0.0,0.0,0.0,0.0,0.0,0.5,1.0,0.0625,0.053218299988657236,0.0625,53.218299988657236,0.0,False,356.0333333333333,507.6,210.09700520833334,210.296875,0,0,500,0
46,24,Continuously Retrained Ensemble,Regime 3: XSS/Ransomware,ransomware,1.0,1.0,1.0,1.0,1.0,1.0,0.5,1.0,2.109375,1.3714026999659836,0.078125,53.65609982982278,2.03125,True,347.15,590.6,210.1864346590909,210.3046875,0,0,0,500
46,24,Event-Driven Ensemble,Regime 3: XSS/Ransomware,ransomware,1.0,1.0,1.0,1.0,1.0,1.0,0.5,1.0,1.984375,1.3512106002308428,0.046875,51.69510003179312,1.9375,True,277.93333333333334,298.5,210.1650390625,210.296875,0,0,0,500
46,24,Adaptive Random Forest,Regime 3: XSS/Ransomware,ransomware,1.0,1.0,1.0,1.0,1.0,1.0,0.5,1.0,0.7552083333333334,0.4929049665418764,0.078125,53.65609982982278,0.6770833333333334,True,347.15,590.6,210.1864346590909,210.3046875,0,0,0,500
46,24,Adaptive Extra Trees,Regime 3: XSS/Ransomware,ransomware,1.0,1.0,1.0,1.0,1.0,1.0,0.5,1.0,0.7552083333333334,0.4929049665418764,0.078125,53.65609982982278,0.6770833333333334,True,347.15,590.6,210.1864346590909,210.3046875,0,0,0,500
46,24,Adaptive Gradient Boosting,Regime 3: XSS/Ransomware,ransomware,0.9669421487603306,0.4834710743801653,0.936,1.0,0.936,0.936,0.5,1.0,0.7552083333333334,0.4929049665418764,0.078125,53.65609982982278,0.6770833333333334,True,347.15,590.6,210.1864346590909,210.3046875,0,0,32,468
46,25,Frozen Model,Regime 3: XSS/Ransomware,ransomware,0.3525535420098847,0.17627677100494235,0.214,1.0,0.214,0.214,0.5,1.0,0.03125,0.040266199968755245,0.03125,40.266199968755245,0.0,False,262.29999999999995,284.9,210.44965277777777,210.69140625,0,0,393,107
46,25,Continuously Retrained Ensemble,Regime 3: XSS/Ransomware,ransomware,1.0,1.0,1.0,1.0,1.0,1.0,0.5,1.0,1.875,1.3335961997509003,0.03125,38.96029992029071,1.84375,True,255.65,269.0,210.56119791666666,210.6953125,0,0,0,500
46,25,Event-Driven Ensemble,Regime 3: XSS/Ransomware,ransomware,1.0,1.0,1.0,1.0,1.0,1.0,0.5,1.0,1.984375,1.334209500811994,0.0625,40.795200038701296,1.921875,True,362.8,526.5,210.55729166666666,210.69140625,0,0,0,500
46,25,Adaptive Random Forest,Regime 3: XSS/Ransomware,ransomware,1.0,1.0,1.0,1.0,1.0,1.0,0.5,1.0,0.6458333333333334,0.47050559986382723,0.03125,38.96029992029071,0.6145833333333334,True,255.65,269.0,210.56119791666666,210.6953125,0,0,0,500
46,25,Adaptive Extra Trees,Regime 3: XSS/Ransomware,ransomware,1.0,1.0,1.0,1.0,1.0,1.0,0.5,1.0,0.6458333333333334,0.47050559986382723,0.03125,38.96029992029071,0.6145833333333334,True,255.65,269.0,210.56119791666666,210.6953125,0,0,0,500
46,25,Adaptive Gradient Boosting,Regime 3: XSS/Ransomware,ransomware,1.0,1.0,1.0,1.0,1.0,1.0,0.5,1.0,0.6458333333333334,0.47050559986382723,0.03125,38.96029992029071,0.6145833333333334,True,255.65,269.0,210.56119791666666,210.6953125,0,0,0,500
46,26,Frozen Model,Regime 3: XSS/Ransomware,ransomware,0.5835694050991501,0.29178470254957506,0.412,1.0,0.412,0.412,0.5,1.0,0.0625,0.04110699985176325,0.0625,41.10699985176325,0.0,False,364.0,527.7,216.07899305555554,216.21484375,0,0,294,206
46,26,Continuously Retrained Ensemble,Regime 3: XSS/Ransomware,ransomware,1.0,1.0,1.0,1.0,1.0,1.0,0.5,1.0,2.53125,1.863795300014317,0.046875,69.95039992034435,2.484375,True,603.0333333333334,1243.2,216.09791666666666,216.21875,0,0,0,500
46,26,Event-Driven Ensemble,Regime 3: XSS/Ransomware,ransomware,1.0,1.0,1.0,1.0,1.0,1.0,0.5,1.0,2.296875,1.5551447998732328,0.0625,61.786599922925234,2.234375,True,239.0,280.4,216.08658854166666,216.21484375,0,0,0,500
46,26,Adaptive Random Forest,Regime 3: XSS/Ransomware,ransomware,1.0,1.0,1.0,1.0,1.0,1.0,0.5,1.0,0.875,0.6678986999516686,0.046875,69.95039992034435,0.828125,True,603.0333333333334,1243.2,216.09791666666666,216.21875,0,0,0,500
46,26,Adaptive Extra Trees,Regime 3: XSS/Ransomware,ransomware,1.0,1.0,1.0,1.0,1.0,1.0,0.5,1.0,0.875,0.6678986999516686,0.046875,69.95039992034435,0.828125,True,603.0333333333334,1243.2,216.09791666666666,216.21875,0,0,0,500
46,26,Adaptive Gradient Boosting,Regime 3: XSS/Ransomware,ransomware,1.0,1.0,1.0,1.0,1.0,1.0,0.5,1.0,0.875,0.6678986999516686,0.046875,69.95039992034435,0.828125,True,603.0333333333334,1243.2,216.09791666666666,216.21875,0,0,0,500
46,27,Frozen Model,Regime 3: XSS/Ransomware,ransomware,0.6631016042780749,0.3315508021390374,0.496,1.0,0.496,0.496,0.5,1.0,0.03125,0.04025130020454526,0.03125,40.25130020454526,0.0,False,283.20000000000005,292.8,209.99522569444446,210.26171875,0,0,252,248
46,27,Continuously Retrained Ensemble,Regime 3: XSS/Ransomware,ransomware,1.0,1.0,1.0,1.0,1.0,1.0,0.5,1.0,2.28125,1.4983822996728122,0.0625,43.10079989954829,2.21875,True,641.4,1752.3,210.118359375,210.25390625,0,0,0,500
46,27,Event-Driven Ensemble,Regime 3: XSS/Ransomware,ransomware,1.0,1.0,1.0,1.0,1.0,1.0,0.5,1.0,2.046875,1.4904444995336235,0.046875,41.38160031288862,2.0,True,276.06666666666666,293.4,210.098046875,210.25390625,0,0,0,500
46,27,Adaptive Random Forest,Regime 3: XSS/Ransomware,ransomware,1.0,1.0,1.0,1.0,1.0,1.0,0.5,1.0,0.8020833333333334,0.5281946331573029,0.0625,43.10079989954829,0.7395833333333334,True,641.4,1752.3,210.118359375,210.25390625,0,0,0,500
46,27,Adaptive Extra Trees,Regime 3: XSS/Ransomware,ransomware,1.0,1.0,1.0,1.0,1.0,1.0,0.5,1.0,0.8020833333333334,0.5281946331573029,0.0625,43.10079989954829,0.7395833333333334,True,641.4,1752.3,210.118359375,210.25390625,0,0,0,500
46,27,Adaptive Gradient Boosting,Regime 3: XSS/Ransomware,ransomware,0.983739837398374,0.491869918699187,0.968,1.0,0.968,0.968,0.5,1.0,0.8020833333333334,0.5281946331573029,0.0625,43.10079989954829,0.7395833333333334,True,641.4,1752.3,210.118359375,210.25390625,0,0,16,484
46,28,Frozen Model,Regime 3: XSS/Ransomware,ransomware,0.36867862969004894,0.18433931484502447,0.226,1.0,0.226,0.226,0.5,1.0,0.03125,0.054684500209987164,0.03125,54.68450020998716,0.0,False,236.2,283.0,216.26822916666666,216.40234375,0,0,387,113
46,28,Continuously Retrained Ensemble,Regime 3: XSS/Ransomware,ransomware,1.0,1.0,1.0,1.0,1.0,1.0,0.5,1.0,2.171875,1.4816416008397937,0.0625,79.33730026707053,2.109375,True,209.95,273.9,216.30829326923077,216.41015625,0,0,0,500
46,28,Event-Driven Ensemble,Regime 3: XSS/Ransomware,ransomware,1.0,1.0,1.0,1.0,1.0,1.0,0.5,1.0,0.0625,0.06638089986518025,0.0625,66.38089986518025,0.0,False,274.3,288.4,216.28627232142858,216.40234375,0,0,0,500
46,28,Adaptive Random Forest,Regime 3: XSS/Ransomware,ransomware,1.0,1.0,1.0,1.0,1.0,1.0,0.5,1.0,0.765625,0.546772067124645,0.0625,79.33730026707053,0.703125,True,209.95,273.9,216.30829326923077,216.41015625,0,0,0,500
46,28,Adaptive Extra Trees,Regime 3: XSS/Ransomware,ransomware,1.0,1.0,1.0,1.0,1.0,1.0,0.5,1.0,0.765625,0.546772067124645,0.0625,79.33730026707053,0.703125,True,209.95,273.9,216.30829326923077,216.41015625,0,0,0,500
46,28,Adaptive Gradient Boosting,Regime 3: XSS/Ransomware,ransomware,1.0,1.0,1.0,1.0,1.0,1.0,0.5,1.0,0.765625,0.546772067124645,0.0625,79.33730026707053,0.703125,True,209.95,273.9,216.30829326923077,216.41015625,0,0,0,500
46,29,Frozen Model,Regime 4: Backdoor,backdoor,0.0,0.0,0.0,0.0,0.0,0.0,0.5,1.0,0.03125,0.0516631999053061,0.03125,51.6631999053061,0.0,False,280.95,285.0,215.8018465909091,215.921875,0,0,500,0
46,29,Continuously Retrained Ensemble,Regime 4: Backdoor,backdoor,1.0,1.0,1.0,1.0,1.0,1.0,0.5,1.0,2.125,1.532167199999094,0.046875,41.12499998882413,2.078125,True,428.05,583.6,215.77109375,215.91796875,0,0,0,500
46,29,Event-Driven Ensemble,Regime 4: Backdoor,backdoor,1.0,1.0,1.0,1.0,1.0,1.0,0.5,1.0,2.1875,1.4402785003185272,0.03125,42.048499919474125,2.15625,True,244.9,248.5,215.762890625,215.91796875,0,0,0,500
46,29,Adaptive Random Forest,Regime 4: Backdoor,backdoor,1.0,1.0,1.0,1.0,1.0,1.0,0.5,1.0,0.7395833333333334,0.5381390666589141,0.046875,41.12499998882413,0.6927083333333334,True,428.05,583.6,215.77109375,215.91796875,0,0,0,500
46,29,Adaptive Extra Trees,Regime 4: Backdoor,backdoor,1.0,1.0,1.0,1.0,1.0,1.0,0.5,1.0,0.7395833333333334,0.5381390666589141,0.046875,41.12499998882413,0.6927083333333334,True,428.05,583.6,215.77109375,215.91796875,0,0,0,500
46,29,Adaptive Gradient Boosting,Regime 4: Backdoor,backdoor,0.9888776541961577,0.49443882709807885,0.978,1.0,0.978,0.978,0.5,1.0,0.7395833333333334,0.5381390666589141,0.046875,41.12499998882413,0.6927083333333334,True,428.05,583.6,215.77109375,215.91796875,0,0,11,489
46,30,Frozen Model,Regime 4: Backdoor,backdoor,0.33610648918469216,0.16805324459234608,0.202,1.0,0.202,0.202,0.5,1.0,0.03125,0.04008219996467233,0.03125,40.08219996467233,0.0,False,280.55,281.3,216.50546875,216.65234375,0,0,399,101
46,30,Continuously Retrained Ensemble,Regime 4: Backdoor,backdoor,1.0,1.0,1.0,1.0,1.0,1.0,0.5,1.0,2.65625,1.7982735000550747,0.03125,51.931699737906456,2.625,True,248.05,260.3,216.53515625,216.65625,0,0,0,500
46,30,Event-Driven Ensemble,Regime 4: Backdoor,backdoor,1.0,1.0,1.0,1.0,1.0,1.0,0.5,1.0,2.453125,1.6490921997465193,0.046875,65.4611000791192,2.40625,True,270.8666666666667,290.5,216.55245535714286,216.65625,0,0,0,500
46,30,Adaptive Random Forest,Regime 4: Backdoor,backdoor,1.0,1.0,1.0,1.0,1.0,1.0,0.5,1.0,0.90625,0.6340456331769625,0.03125,51.931699737906456,0.875,True,248.05,260.3,216.53515625,216.65625,0,0,0,500
46,30,Adaptive Extra Trees,Regime 4: Backdoor,backdoor,1.0,1.0,1.0,1.0,1.0,1.0,0.5,1.0,0.90625,0.6340456331769625,0.03125,51.931699737906456,0.875,True,248.05,260.3,216.53515625,216.65625,0,0,0,500
46,30,Adaptive Gradient Boosting,Regime 4: Backdoor,backdoor,1.0,1.0,1.0,1.0,1.0,1.0,0.5,1.0,0.90625,0.6340456331769625,0.03125,51.931699737906456,0.875,True,248.05,260.3,216.53515625,216.65625,0,0,0,500
46,31,Frozen Model,Regime 4: Backdoor,backdoor,0.0,0.0,0.0,0.0,0.0,0.0,0.5,1.0,0.0625,0.04236710024997592,0.0625,42.36710024997592,0.0,False,354.0333333333333,546.2,217.8921875,218.0390625,0,0,500,0
46,31,Continuously Retrained Ensemble,Regime 4: Backdoor,backdoor,1.0,1.0,1.0,1.0,1.0,1.0,0.5,1.0,2.53125,1.6609362000599504,0.109375,73.99180019274354,2.421875,True,450.35,524.4,217.92473958333332,218.03515625,0,0,0,500
46,31,Event-Driven Ensemble,Regime 4: Backdoor,backdoor,1.0,1.0,1.0,1.0,1.0,1.0,0.5,1.0,0.0625,0.04238699981942773,0.0625,42.38699981942773,0.0,False,385.2,584.3,217.87578125,218.02734375,0,0,0,500
46,31,Adaptive Random Forest,Regime 4: Backdoor,backdoor,1.0,1.0,1.0,1.0,1.0,1.0,0.5,1.0,0.9166666666666666,0.6029732668151458,0.109375,73.99180019274354,0.8072916666666666,True,450.35,524.4,217.92473958333332,218.03515625,0,0,0,500
46,31,Adaptive Extra Trees,Regime 4: Backdoor,backdoor,1.0,1.0,1.0,1.0,1.0,1.0,0.5,1.0,0.9166666666666666,0.6029732668151458,0.109375,73.99180019274354,0.8072916666666666,True,450.35,524.4,217.92473958333332,218.03515625,0,0,0,500
46,31,Adaptive Gradient Boosting,Regime 4: Backdoor,backdoor,0.998998998998999,0.4994994994994995,0.998,1.0,0.998,0.998,0.5,1.0,0.9166666666666666,0.6029732668151458,0.109375,73.99180019274354,0.8072916666666666,True,450.35,524.4,217.92473958333332,218.03515625,0,0,1,499
46,32,Frozen Model,Regime 4: Backdoor,backdoor,0.023715415019762844,0.011857707509881422,0.012,1.0,0.012,0.012,0.5,1.0,0.078125,0.040789700113236904,0.078125,40.789700113236904,0.0,False,989.4333333333334,1859.5,216.87326388888889,217.0078125,0,0,494,6
46,32,Continuously Retrained Ensemble,Regime 4: Backdoor,backdoor,1.0,1.0,1.0,1.0,1.0,1.0,0.5,1.0,2.40625,1.6125718001276255,0.03125,41.220299899578094,2.375,True,261.85,293.4,216.86588541666666,217.0078125,0,0,0,500
46,32,Event-Driven Ensemble,Regime 4: Backdoor,backdoor,1.0,1.0,1.0,1.0,1.0,1.0,0.5,1.0,0.03125,0.04879750031977892,0.03125,48.79750031977892,0.0,False,273.25,278.5,216.9073153409091,217.01171875,0,0,0,500
46,32,Adaptive Random Forest,Regime 4: Backdoor,backdoor,1.0,1.0,1.0,1.0,1.0,1.0,0.5,1.0,0.8229166666666666,0.5650041333089272,0.03125,41.220299899578094,0.7916666666666666,True,261.85,293.4,216.86588541666666,217.0078125,0,0,0,500
46,32,Adaptive Extra Trees,Regime 4: Backdoor,backdoor,1.0,1.0,1.0,1.0,1.0,1.0,0.5,1.0,0.8229166666666666,0.5650041333089272,0.03125,41.220299899578094,0.7916666666666666,True,261.85,293.4,216.86588541666666,217.0078125,0,0,0,500
46,32,Adaptive Gradient Boosting,Regime 4: Backdoor,backdoor,0.9959839357429718,0.4979919678714859,0.992,1.0,0.992,0.992,0.5,1.0,0.8229166666666666,0.5650041333089272,0.03125,41.220299899578094,0.7916666666666666,True,261.85,293.4,216.86588541666666,217.0078125,0,0,4,496
46,33,Frozen Model,Regime 4: Backdoor,backdoor,0.21746880570409982,0.10873440285204991,0.122,1.0,0.122,0.122,0.5,1.0,0.03125,0.03746560029685497,0.03125,37.46560029685497,0.0,False,1035.95,1778.0,216.93793402777777,217.0703125,0,0,439,61
46,33,Continuously Retrained Ensemble,Regime 4: Backdoor,backdoor,1.0,1.0,1.0,1.0,1.0,1.0,0.5,1.0,2.359375,1.599636399652809,0.046875,40.751300286501646,2.3125,True,773.1333333333333,1743.5,216.919921875,217.0703125,0,0,0,500
46,33,Event-Driven Ensemble,Regime 4: Backdoor,backdoor,1.0,1.0,1.0,1.0,1.0,1.0,0.5,1.0,2.328125,1.5715568992309272,0.03125,41.09640000388026,2.296875,True,283.8,287.1,216.905078125,217.0625,0,0,0,500
46,33,Adaptive Random Forest,Regime 4: Backdoor,backdoor,1.0,1.0,1.0,1.0,1.0,1.0,0.5,1.0,0.8177083333333334,0.5603796667419374,0.046875,40.751300286501646,0.7708333333333334,True,773.1333333333333,1743.5,216.919921875,217.0703125,0,0,0,500
46,33,Adaptive Extra Trees,Regime 4: Backdoor,backdoor,1.0,1.0,1.0,1.0,1.0,1.0,0.5,1.0,0.8177083333333334,0.5603796667419374,0.046875,40.751300286501646,0.7708333333333334,True,773.1333333333333,1743.5,216.919921875,217.0703125,0,0,0,500
46,33,Adaptive Gradient Boosting,Regime 4: Backdoor,backdoor,0.9858012170385395,0.49290060851926976,0.972,1.0,0.972,0.972,0.5,1.0,0.8177083333333334,0.5603796667419374,0.046875,40.751300286501646,0.7708333333333334,True,773.1333333333333,1743.5,216.919921875,217.0703125,0,0,14,486
46,34,Frozen Model,Regime 4: Backdoor,backdoor,0.37662337662337664,0.18831168831168832,0.232,1.0,0.232,0.232,0.5,1.0,0.03125,0.040249299723654985,0.03125,40.249299723654985,0.0,False,273.95000000000005,283.8,210.78993055555554,211.02734375,0,0,384,116
46,34,Continuously Retrained Ensemble,Regime 4: Backdoor,backdoor,1.0,1.0,1.0,1.0,1.0,1.0,0.5,1.0,2.4375,1.688709399662912,0.078125,44.74729998037219,2.359375,True,822.1666666666666,1473.4,210.887890625,211.02734375,0,0,0,500
46,34,Event-Driven Ensemble,Regime 4: Backdoor,backdoor,1.0,1.0,1.0,1.0,1.0,1.0,0.5,1.0,2.984375,2.071021900046617,0.078125,54.63030003011227,2.90625,True,319.125,502.6,210.896484375,211.0234375,0,0,0,500
46,34,Adaptive Random Forest,Regime 4: Backdoor,backdoor,1.0,1.0,1.0,1.0,1.0,1.0,0.5,1.0,0.8645833333333334,0.5927346665412188,0.078125,44.74729998037219,0.7864583333333334,True,822.1666666666666,1473.4,210.887890625,211.02734375,0,0,0,500
46,34,Adaptive Extra Trees,Regime 4: Backdoor,backdoor,1.0,1.0,1.0,1.0,1.0,1.0,0.5,1.0,0.8645833333333334,0.5927346665412188,0.078125,44.74729998037219,0.7864583333333334,True,822.1666666666666,1473.4,210.887890625,211.02734375,0,0,0,500
46,34,Adaptive Gradient Boosting,Regime 4: Backdoor,backdoor,0.9979959919839679,0.49899799599198397,0.996,1.0,0.996,0.996,0.5,1.0,0.8645833333333334,0.5927346665412188,0.078125,44.74729998037219,0.7864583333333334,True,822.1666666666666,1473.4,210.887890625,211.02734375,0,0,2,498
46,35,Frozen Model,Regime 4: Backdoor,backdoor,0.8207547169811321,0.41037735849056606,0.696,1.0,0.696,0.696,0.5,1.0,0.0625,0.04202109994366765,0.0625,42.02109994366765,0.0,False,372.59999999999997,555.4,218.0515625,218.2109375,0,0,152,348
46,35,Continuously Retrained Ensemble,Regime 4: Backdoor,backdoor,1.0,1.0,1.0,1.0,1.0,1.0,0.5,1.0,2.609375,1.7325709997676313,0.046875,42.009999975562096,2.5625,True,265.03333333333336,285.7,218.06510416666666,218.2109375,0,0,0,500
46,35,Event-Driven Ensemble,Regime 4: Backdoor,backdoor,1.0,1.0,1.0,1.0,1.0,1.0,0.5,1.0,2.3125,1.6022696001455188,0.046875,40.749999694526196,2.265625,True,283.40000000000003,298.4,218.06553819444446,218.203125,0,0,0,500
46,35,Adaptive Random Forest,Regime 4: Backdoor,backdoor,1.0,1.0,1.0,1.0,1.0,1.0,0.5,1.0,0.9010416666666666,0.6055303332395852,0.046875,42.009999975562096,0.8541666666666666,True,265.03333333333336,285.7,218.06510416666666,218.2109375,0,0,0,500
46,35,Adaptive Extra Trees,Regime 4: Backdoor,backdoor,1.0,1.0,1.0,1.0,1.0,1.0,0.5,1.0,0.9010416666666666,0.6055303332395852,0.046875,42.009999975562096,0.8541666666666666,True,265.03333333333336,285.7,218.06510416666666,218.2109375,0,0,0,500
46,35,Adaptive Gradient Boosting,Regime 4: Backdoor,backdoor,1.0,1.0,1.0,1.0,1.0,1.0,0.5,1.0,0.9010416666666666,0.6055303332395852,0.046875,42.009999975562096,0.8541666666666666,True,265.03333333333336,285.7,218.06510416666666,218.2109375,0,0,0,500
46,36,Frozen Model,Regime 4: Backdoor,backdoor,0.7437185929648241,0.37185929648241206,0.592,1.0,0.592,0.592,0.5,1.0,0.03125,0.05362250003963709,0.03125,53.62250003963709,0.0,False,253.64999999999998,260.7,217.6171875,217.734375,0,0,204,296
46,36,Continuously Retrained Ensemble,Regime 4: Backdoor,backdoor,1.0,1.0,1.0,1.0,1.0,1.0,0.5,1.0,2.765625,2.0168041000142694,0.046875,105.41129997000098,2.71875,True,223.23333333333335,273.1,217.61302083333334,217.73828125,0,0,0,500
46,36,Event-Driven Ensemble,Regime 4: Backdoor,backdoor,1.0,1.0,1.0,1.0,1.0,1.0,0.5,1.0,3.953125,4.143844499718398,0.0625,78.49260000512004,3.890625,True,238.8,292.9,217.61692708333334,217.73046875,0,0,0,500
46,36,Adaptive Random Forest,Regime 4: Backdoor,backdoor,1.0,1.0,1.0,1.0,1.0,1.0,0.5,1.0,0.953125,0.7425422333180904,0.046875,105.41129997000098,0.90625,True,223.23333333333335,273.1,217.61302083333334,217.73828125,0,0,0,500
46,36,Adaptive Extra Trees,Regime 4: Backdoor,backdoor,1.0,1.0,1.0,1.0,1.0,1.0,0.5,1.0,0.953125,0.7425422333180904,0.046875,105.41129997000098,0.90625,True,223.23333333333335,273.1,217.61302083333334,217.73828125,0,0,0,500
46,36,Adaptive Gradient Boosting,Regime 4: Backdoor,backdoor,1.0,1.0,1.0,1.0,1.0,1.0,0.5,1.0,0.953125,0.7425422333180904,0.046875,105.41129997000098,0.90625,True,223.23333333333335,273.1,217.61302083333334,217.73828125,0,0,0,500
46,37,Frozen Model,Regime 4: Backdoor,backdoor,0.678996036988111,0.3394980184940555,0.514,1.0,0.514,0.514,0.5,1.0,0.0625,0.05644199997186661,0.0625,56.44199997186661,0.0,False,1042.3666666666666,2341.9,216.904296875,217.03125,0,0,243,257
46,37,Continuously Retrained Ensemble,Regime 4: Backdoor,backdoor,1.0,1.0,1.0,1.0,1.0,1.0,0.5,1.0,2.8125,1.9151155995205045,0.0625,68.25249968096614,2.75,True,279.65,287.3,216.90485491071428,217.03125,0,0,0,500
46,37,Event-Driven Ensemble,Regime 4: Backdoor,backdoor,1.0,1.0,1.0,1.0,1.0,1.0,0.5,1.0,2.25,1.5363149996846914,0.0625,59.42979967221618,2.1875,True,290.475,294.6,216.91145833333334,217.03515625,0,0,0,500
46,37,Adaptive Random Forest,Regime 4: Backdoor,backdoor,0.9949748743718593,0.49748743718592964,0.99,1.0,0.99,0.99,0.5,1.0,0.9791666666666666,0.6838735329608122,0.0625,68.25249968096614,0.9166666666666666,True,279.65,287.3,216.90485491071428,217.03125,0,0,5,495
46,37,Adaptive Extra Trees,Regime 4: Backdoor,backdoor,1.0,1.0,1.0,1.0,1.0,1.0,0.5,1.0,0.9791666666666666,0.6838735329608122,0.0625,68.25249968096614,0.9166666666666666,True,279.65,287.3,216.90485491071428,217.03125,0,0,0,500
46,37,Adaptive Gradient Boosting,Regime 4: Backdoor,backdoor,0.9561586638830898,0.4780793319415449,0.916,1.0,0.916,0.916,0.5,1.0,0.9791666666666666,0.6838735329608122,0.0625,68.25249968096614,0.9166666666666666,True,279.65,287.3,216.90485491071428,217.03125,0,0,42,458
