seed,window_id,approach,inference_wall_s,retraining_wall_s,total_wall_s,inference_cpu_s,retraining_cpu_s,total_cpu_s
42,0,Frozen Model,0.03705830033868551,0.0,0.03705830033868551,0.0625,0.0,0.0625
42,0,Continuously Retrained Ensemble,0.0384120000526309,0.49106039945036173,0.5294723995029926,0.0625,0.609375,0.671875
42,0,Event-Driven Ensemble,0.037363000214099884,0.0,0.037363000214099884,0.03125,0.0,0.03125
42,0,Adaptive Random Forest,0.0384120000526309,0.16368679981678724,0.20209879986941814,0.0625,0.203125,0.265625
42,0,Adaptive Extra Trees,0.0384120000526309,0.16368679981678724,0.20209879986941814,0.0625,0.203125,0.265625
42,0,Adaptive Gradient Boosting,0.0384120000526309,0.16368679981678724,0.20209879986941814,0.0625,0.203125,0.265625
42,1,Frozen Model,0.03963010013103485,0.0,0.03963010013103485,0.046875,0.0,0.046875
42,1,Continuously Retrained Ensemble,0.03903319966048002,0.4363194997422397,0.47535269940271974,0.03125,0.53125,0.5625
42,1,Event-Driven Ensemble,0.0733484998345375,0.4906166000291705,0.563965099863708,0.078125,0.609375,0.6875
42,1,Adaptive Random Forest,0.03903319966048002,0.14543983324741325,0.18447303290789327,0.03125,0.17708333333333334,0.20833333333333334
42,1,Adaptive Extra Trees,0.03903319966048002,0.14543983324741325,0.18447303290789327,0.03125,0.17708333333333334,0.20833333333333334
42,1,Adaptive Gradient Boosting,0.03903319966048002,0.14543983324741325,0.18447303290789327,0.03125,0.17708333333333334,0.20833333333333334
42,2,Frozen Model,0.03842050023376942,0.0,0.03842050023376942,0.03125,0.0,0.03125
42,2,Continuously Retrained Ensemble,0.03688050014898181,0.6564587997272611,0.6933392998762429,0.046875,0.8125,0.859375
42,2,Event-Driven Ensemble,0.04136970033869147,0.5939830001443624,0.6353527004830539,0.03125,0.78125,0.8125
42,2,Adaptive Random Forest,0.03688050014898181,0.21881959990908703,0.25570010005806887,0.046875,0.2708333333333333,0.3177083333333333
42,2,Adaptive Extra Trees,0.03688050014898181,0.21881959990908703,0.25570010005806887,0.046875,0.2708333333333333,0.3177083333333333
42,2,Adaptive Gradient Boosting,0.03688050014898181,0.21881959990908703,0.25570010005806887,0.046875,0.2708333333333333,0.3177083333333333
42,3,Frozen Model,0.06488229986280203,0.0,0.06488229986280203,0.09375,0.0,0.09375
42,3,Continuously Retrained Ensemble,0.05371600016951561,0.6642006998881698,0.7179167000576854,0.0625,0.828125,0.890625
42,3,Event-Driven Ensemble,0.04228589963167906,0.0,0.04228589963167906,0.046875,0.0,0.046875
42,3,Adaptive Random Forest,0.05371600016951561,0.2214002332960566,0.27511623346557224,0.0625,0.2760416666666667,0.3385416666666667
42,3,Adaptive Extra Trees,0.05371600016951561,0.2214002332960566,0.27511623346557224,0.0625,0.2760416666666667,0.3385416666666667
42,3,Adaptive Gradient Boosting,0.05371600016951561,0.2214002332960566,0.27511623346557224,0.0625,0.2760416666666667,0.3385416666666667
42,4,Frozen Model,0.05842830007895827,0.0,0.05842830007895827,0.078125,0.0,0.078125
42,4,Continuously Retrained Ensemble,0.05672220000997186,0.6223355000838637,0.6790577000938356,0.03125,0.953125,0.984375
42,4,Event-Driven Ensemble,0.0422779000364244,0.6286314004100859,0.6709093004465103,0.0625,0.953125,1.015625
42,4,Adaptive Random Forest,0.05672220000997186,0.20744516669462124,0.26416736670459307,0.03125,0.3177083333333333,0.3489583333333333
42,4,Adaptive Extra Trees,0.05672220000997186,0.20744516669462124,0.26416736670459307,0.03125,0.3177083333333333,0.3489583333333333
42,4,Adaptive Gradient Boosting,0.05672220000997186,0.20744516669462124,0.26416736670459307,0.03125,0.3177083333333333,0.3489583333333333
42,5,Frozen Model,0.038928700145334005,0.0,0.038928700145334005,0.015625,0.0,0.015625
42,5,Continuously Retrained Ensemble,0.04003829974681139,0.7409442998468876,0.780982599593699,0.0625,0.953125,1.015625
42,5,Event-Driven Ensemble,0.03998010000213981,0.6529856002889574,0.6929657002910972,0.078125,0.9375,1.015625
42,5,Adaptive Random Forest,0.04003829974681139,0.24698143328229585,0.2870197330291072,0.0625,0.3177083333333333,0.3802083333333333
42,5,Adaptive Extra Trees,0.04003829974681139,0.24698143328229585,0.2870197330291072,0.0625,0.3177083333333333,0.3802083333333333
42,5,Adaptive Gradient Boosting,0.04003829974681139,0.24698143328229585,0.2870197330291072,0.0625,0.3177083333333333,0.3802083333333333
42,6,Frozen Model,0.041778599843382835,0.0,0.041778599843382835,0.046875,0.0,0.046875
42,6,Continuously Retrained Ensemble,0.040386199951171875,0.6376750003546476,0.6780612003058195,0.03125,0.90625,0.9375
42,6,Event-Driven Ensemble,0.04226489970460534,0.6201735003851354,0.6624384000897408,0.046875,0.828125,0.875
42,6,Adaptive Random Forest,0.040386199951171875,0.2125583334515492,0.25294453340272105,0.03125,0.3020833333333333,0.3333333333333333
42,6,Adaptive Extra Trees,0.040386199951171875,0.2125583334515492,0.25294453340272105,0.03125,0.3020833333333333,0.3333333333333333
42,6,Adaptive Gradient Boosting,0.040386199951171875,0.2125583334515492,0.25294453340272105,0.03125,0.3020833333333333,0.3333333333333333
42,7,Frozen Model,0.03972460003569722,0.0,0.03972460003569722,0.078125,0.0,0.078125
42,7,Continuously Retrained Ensemble,0.057827699929475784,0.7873592004179955,0.8451869003474712,0.046875,1.0,1.046875
42,7,Event-Driven Ensemble,0.04060899978503585,0.7815334997139871,0.822142499499023,0.03125,1.078125,1.109375
42,7,Adaptive Random Forest,0.057827699929475784,0.2624530668059985,0.3202807667354743,0.046875,0.3333333333333333,0.3802083333333333
42,7,Adaptive Extra Trees,0.057827699929475784,0.2624530668059985,0.3202807667354743,0.046875,0.3333333333333333,0.3802083333333333
42,7,Adaptive Gradient Boosting,0.057827699929475784,0.2624530668059985,0.3202807667354743,0.046875,0.3333333333333333,0.3802083333333333
42,8,Frozen Model,0.07300040032714605,0.0,0.07300040032714605,0.046875,0.0,0.046875
42,8,Continuously Retrained Ensemble,0.04293869994580746,0.7740551000460982,0.8169937999919057,0.046875,1.203125,1.25
42,8,Event-Driven Ensemble,0.04046049993485212,0.697855900041759,0.7383163999766111,0.03125,0.9375,0.96875
42,8,Adaptive Random Forest,0.04293869994580746,0.25801836668203276,0.3009570666278402,0.046875,0.4010416666666667,0.4479166666666667
42,8,Adaptive Extra Trees,0.04293869994580746,0.25801836668203276,0.3009570666278402,0.046875,0.4010416666666667,0.4479166666666667
42,8,Adaptive Gradient Boosting,0.04293869994580746,0.25801836668203276,0.3009570666278402,0.046875,0.4010416666666667,0.4479166666666667
42,9,Frozen Model,0.04020499996840954,0.0,0.04020499996840954,0.03125,0.0,0.03125
42,9,Continuously Retrained Ensemble,0.05487699992954731,0.8133097998797894,0.8681867998093367,0.0625,1.03125,1.09375
42,9,Event-Driven Ensemble,0.04402839997783303,0.7820220002904534,0.8260504002682865,0.046875,1.046875,1.09375
42,9,Adaptive Random Forest,0.05487699992954731,0.27110326662659645,0.32598026655614376,0.0625,0.34375,0.40625
42,9,Adaptive Extra Trees,0.05487699992954731,0.27110326662659645,0.32598026655614376,0.0625,0.34375,0.40625
42,9,Adaptive Gradient Boosting,0.05487699992954731,0.27110326662659645,0.32598026655614376,0.0625,0.34375,0.40625
42,10,Frozen Model,0.0390090998262167,0.0,0.0390090998262167,0.03125,0.0,0.03125
42,10,Continuously Retrained Ensemble,0.04046740010380745,0.8883086000569165,0.9287760001607239,0.046875,1.125,1.171875
42,10,Event-Driven Ensemble,0.03972080023959279,0.8236027997918427,0.8633236000314355,0.046875,1.15625,1.203125
42,10,Adaptive Random Forest,0.04046740010380745,0.29610286668563884,0.3365702667894463,0.046875,0.375,0.421875
42,10,Adaptive Extra Trees,0.04046740010380745,0.29610286668563884,0.3365702667894463,0.046875,0.375,0.421875
42,10,Adaptive Gradient Boosting,0.04046740010380745,0.29610286668563884,0.3365702667894463,0.046875,0.375,0.421875
42,11,Frozen Model,0.03881230019032955,0.0,0.03881230019032955,0.03125,0.0,0.03125
42,11,Continuously Retrained Ensemble,0.04033369990065694,0.815892799757421,0.856226499658078,0.03125,0.953125,0.984375
42,11,Event-Driven Ensemble,0.041517999954521656,0.7758014001883566,0.8173194001428783,0.09375,1.09375,1.1875
42,11,Adaptive Random Forest,0.04033369990065694,0.271964266585807,0.31229796648646396,0.03125,0.3177083333333333,0.3489583333333333
42,11,Adaptive Extra Trees,0.04033369990065694,0.271964266585807,0.31229796648646396,0.03125,0.3177083333333333,0.3489583333333333
42,11,Adaptive Gradient Boosting,0.04033369990065694,0.271964266585807,0.31229796648646396,0.03125,0.3177083333333333,0.3489583333333333
42,12,Frozen Model,0.049976699985563755,0.0,0.049976699985563755,0.03125,0.0,0.03125
42,12,Continuously Retrained Ensemble,0.0419038999825716,0.818486800417304,0.8603907003998756,0.0625,1.109375,1.171875
42,12,Event-Driven Ensemble,0.041130200028419495,0.898525099735707,0.9396552997641265,0.0625,1.359375,1.421875
42,12,Adaptive Random Forest,0.0419038999825716,0.2728289334724347,0.3147328334550063,0.0625,0.3697916666666667,0.4322916666666667
42,12,Adaptive Extra Trees,0.0419038999825716,0.2728289334724347,0.3147328334550063,0.0625,0.3697916666666667,0.4322916666666667
42,12,Adaptive Gradient Boosting,0.0419038999825716,0.2728289334724347,0.3147328334550063,0.0625,0.3697916666666667,0.4322916666666667
42,13,Frozen Model,0.06325640017166734,0.0,0.06325640017166734,0.078125,0.0,0.078125
42,13,Continuously Retrained Ensemble,0.05233399989083409,0.8540051002055407,0.9063391000963748,0.078125,1.21875,1.296875
42,13,Event-Driven Ensemble,0.03936449997127056,0.8465387998148799,0.8859032997861505,0.046875,1.21875,1.265625
42,13,Adaptive Random Forest,0.05233399989083409,0.2846683667351802,0.3370023666260143,0.078125,0.40625,0.484375
42,13,Adaptive Extra Trees,0.05233399989083409,0.2846683667351802,0.3370023666260143,0.078125,0.40625,0.484375
42,13,Adaptive Gradient Boosting,0.05233399989083409,0.2846683667351802,0.3370023666260143,0.078125,0.40625,0.484375
42,14,Frozen Model,0.03861000016331673,0.0,0.03861000016331673,0.03125,0.0,0.03125
42,14,Continuously Retrained Ensemble,0.04074069997295737,0.8771093999966979,0.9178500999696553,0.03125,1.359375,1.390625
42,14,Event-Driven Ensemble,0.03994680009782314,0.8956447998061776,0.9355915999040008,0.046875,1.359375,1.40625
42,14,Adaptive Random Forest,0.04074069997295737,0.2923697999988993,0.33311049997185666,0.03125,0.453125,0.484375
42,14,Adaptive Extra Trees,0.04074069997295737,0.2923697999988993,0.33311049997185666,0.03125,0.453125,0.484375
42,14,Adaptive Gradient Boosting,0.04074069997295737,0.2923697999988993,0.33311049997185666,0.03125,0.453125,0.484375
42,15,Frozen Model,0.039032799657434225,0.0,0.039032799657434225,0.046875,0.0,0.046875
42,15,Continuously Retrained Ensemble,0.03925029980018735,0.941439900547266,0.9806902003474534,0.03125,1.4375,1.46875
42,15,Event-Driven Ensemble,0.06697560008615255,0.9024506998248398,0.9694262999109924,0.09375,1.390625,1.484375
42,15,Adaptive Random Forest,0.03925029980018735,0.313813300182422,0.35306359998260933,0.03125,0.4791666666666667,0.5104166666666667
42,15,Adaptive Extra Trees,0.03925029980018735,0.313813300182422,0.35306359998260933,0.03125,0.4791666666666667,0.5104166666666667
42,15,Adaptive Gradient Boosting,0.03925029980018735,0.313813300182422,0.35306359998260933,0.03125,0.4791666666666667,0.5104166666666667
42,16,Frozen Model,0.03745390009135008,0.0,0.03745390009135008,0.046875,0.0,0.046875
42,16,Continuously Retrained Ensemble,0.03852269984781742,0.9193569999188185,0.9578796997666359,0.03125,1.453125,1.484375
42,16,Event-Driven Ensemble,0.09528750041499734,0.8486804999411106,0.943968000356108,0.046875,1.171875,1.21875
42,16,Adaptive Random Forest,0.03852269984781742,0.3064523333062728,0.3449750331540902,0.03125,0.484375,0.515625
42,16,Adaptive Extra Trees,0.03852269984781742,0.3064523333062728,0.3449750331540902,0.03125,0.484375,0.515625
42,16,Adaptive Gradient Boosting,0.03852269984781742,0.3064523333062728,0.3449750331540902,0.03125,0.484375,0.515625
42,17,Frozen Model,0.03745169984176755,0.0,0.03745169984176755,0.046875,0.0,0.046875
42,17,Continuously Retrained Ensemble,0.06647769967094064,0.9827793999575078,1.0492570996284485,0.03125,1.4375,1.46875
42,17,Event-Driven Ensemble,0.0409449995495379,0.0,0.0409449995495379,0.046875,0.0,0.046875
42,17,Adaptive Random Forest,0.06647769967094064,0.3275931333191693,0.3940708329901099,0.03125,0.4791666666666667,0.5104166666666667
42,17,Adaptive Extra Trees,0.06647769967094064,0.3275931333191693,0.3940708329901099,0.03125,0.4791666666666667,0.5104166666666667
42,17,Adaptive Gradient Boosting,0.06647769967094064,0.3275931333191693,0.3940708329901099,0.03125,0.4791666666666667,0.5104166666666667
42,18,Frozen Model,0.05905500007793307,0.0,0.05905500007793307,0.078125,0.0,0.078125
42,18,Continuously Retrained Ensemble,0.04310189979150891,1.0220878003165126,1.0651897001080215,0.046875,1.5625,1.609375
42,18,Event-Driven Ensemble,0.041076299734413624,1.040009600110352,1.0810858998447657,0.046875,1.5,1.546875
42,18,Adaptive Random Forest,0.04310189979150891,0.34069593343883753,0.38379783323034644,0.046875,0.5208333333333334,0.5677083333333334
42,18,Adaptive Extra Trees,0.04310189979150891,0.34069593343883753,0.38379783323034644,0.046875,0.5208333333333334,0.5677083333333334
42,18,Adaptive Gradient Boosting,0.04310189979150891,0.34069593343883753,0.38379783323034644,0.046875,0.5208333333333334,0.5677083333333334
42,19,Frozen Model,0.06806189985945821,0.0,0.06806189985945821,0.046875,0.0,0.046875
42,19,Continuously Retrained Ensemble,0.04271769989281893,1.826497200410813,1.869214900303632,0.03125,2.28125,2.3125
42,19,Event-Driven Ensemble,0.043403000105172396,1.9761395007371902,2.0195425008423626,0.046875,2.25,2.296875
42,19,Adaptive Random Forest,0.04271769989281893,0.6088324001369377,0.6515501000297567,0.03125,0.7604166666666666,0.7916666666666666
42,19,Adaptive Extra Trees,0.04271769989281893,0.6088324001369377,0.6515501000297567,0.03125,0.7604166666666666,0.7916666666666666
42,19,Adaptive Gradient Boosting,0.04271769989281893,0.6088324001369377,0.6515501000297567,0.03125,0.7604166666666666,0.7916666666666666
42,20,Frozen Model,0.20816690009087324,0.0,0.20816690009087324,0.0625,0.0,0.0625
42,20,Continuously Retrained Ensemble,0.09365469962358475,1.0618046005256474,1.1554593001492321,0.03125,1.765625,1.796875
42,20,Event-Driven Ensemble,0.06536270026117563,1.020278800278902,1.0856415005400777,0.046875,1.578125,1.625
42,20,Adaptive Random Forest,0.09365469962358475,0.35393486684188247,0.4475895664654672,0.03125,0.5885416666666666,0.6197916666666666
42,20,Adaptive Extra Trees,0.09365469962358475,0.35393486684188247,0.4475895664654672,0.03125,0.5885416666666666,0.6197916666666666
42,20,Adaptive Gradient Boosting,0.09365469962358475,0.35393486684188247,0.4475895664654672,0.03125,0.5885416666666666,0.6197916666666666
42,21,Frozen Model,0.038303700275719166,0.0,0.038303700275719166,0.03125,0.0,0.03125
42,21,Continuously Retrained Ensemble,0.039774800185114145,1.2328592003323138,1.272634000517428,0.046875,1.765625,1.8125
42,21,Event-Driven Ensemble,0.040170100051909685,1.0856832996942103,1.12585339974612,0.0625,1.625,1.6875
42,21,Adaptive Random Forest,0.039774800185114145,0.4109530667774379,0.45072786696255207,0.046875,0.5885416666666666,0.6354166666666666
42,21,Adaptive Extra Trees,0.039774800185114145,0.4109530667774379,0.45072786696255207,0.046875,0.5885416666666666,0.6354166666666666
42,21,Adaptive Gradient Boosting,0.039774800185114145,0.4109530667774379,0.45072786696255207,0.046875,0.5885416666666666,0.6354166666666666
42,22,Frozen Model,0.042994100134819746,0.0,0.042994100134819746,0.0625,0.0,0.0625
42,22,Continuously Retrained Ensemble,0.04157090000808239,1.2014238997362554,1.2429947997443378,0.03125,1.859375,1.890625
42,22,Event-Driven Ensemble,0.04257760010659695,0.0,0.04257760010659695,0.078125,0.0,0.078125
42,22,Adaptive Random Forest,0.04157090000808239,0.4004746332454185,0.4420455332535009,0.03125,0.6197916666666666,0.6510416666666666
42,22,Adaptive Extra Trees,0.04157090000808239,0.4004746332454185,0.4420455332535009,0.03125,0.6197916666666666,0.6510416666666666
42,22,Adaptive Gradient Boosting,0.04157090000808239,0.4004746332454185,0.4420455332535009,0.03125,0.6197916666666666,0.6510416666666666
42,23,Frozen Model,0.05500250030308962,0.0,0.05500250030308962,0.03125,0.0,0.03125
42,23,Continuously Retrained Ensemble,0.0547198997810483,1.4257008004933596,1.4804207002744079,0.0625,2.03125,2.09375
42,23,Event-Driven Ensemble,0.08591989986598492,1.1449386994354427,1.2308585993014276,0.03125,1.609375,1.640625
42,23,Adaptive Random Forest,0.0547198997810483,0.4752336001644532,0.5299534999455016,0.0625,0.6770833333333334,0.7395833333333334
42,23,Adaptive Extra Trees,0.0547198997810483,0.4752336001644532,0.5299534999455016,0.0625,0.6770833333333334,0.7395833333333334
42,23,Adaptive Gradient Boosting,0.0547198997810483,0.4752336001644532,0.5299534999455016,0.0625,0.6770833333333334,0.7395833333333334
42,24,Frozen Model,0.04359720041975379,0.0,0.04359720041975379,0.03125,0.0,0.03125
42,24,Continuously Retrained Ensemble,0.04304469982162118,1.0947170993313193,1.1377617991529405,0.03125,1.71875,1.75
42,24,Event-Driven Ensemble,0.03945629997178912,1.0968306004069746,1.1362869003787637,0.03125,1.78125,1.8125
42,24,Adaptive Random Forest,0.04304469982162118,0.36490569977710646,0.40795039959872764,0.03125,0.5729166666666666,0.6041666666666666
42,24,Adaptive Extra Trees,0.04304469982162118,0.36490569977710646,0.40795039959872764,0.03125,0.5729166666666666,0.6041666666666666
42,24,Adaptive Gradient Boosting,0.04304469982162118,0.36490569977710646,0.40795039959872764,0.03125,0.5729166666666666,0.6041666666666666
42,25,Frozen Model,0.037234300281852484,0.0,0.037234300281852484,0.0625,0.0,0.0625
42,25,Continuously Retrained Ensemble,0.03788179997354746,1.1597815998829901,1.1976633998565376,0.03125,1.796875,1.828125
42,25,Event-Driven Ensemble,0.03945659985765815,1.1366765000857413,1.1761330999433994,0.03125,1.828125,1.859375
42,25,Adaptive Random Forest,0.03788179997354746,0.3865938666276634,0.42447566660121083,0.03125,0.5989583333333334,0.6302083333333334
42,25,Adaptive Extra Trees,0.03788179997354746,0.3865938666276634,0.42447566660121083,0.03125,0.5989583333333334,0.6302083333333334
42,25,Adaptive Gradient Boosting,0.03788179997354746,0.3865938666276634,0.42447566660121083,0.03125,0.5989583333333334,0.6302083333333334
42,26,Frozen Model,0.049064900260418653,0.0,0.049064900260418653,0.03125,0.0,0.03125
42,26,Continuously Retrained Ensemble,0.044207800179719925,1.1669801003299654,1.2111879005096853,0.03125,1.859375,1.890625
42,26,Event-Driven Ensemble,0.06558799976482987,1.1582163996063173,1.2238043993711472,0.0625,1.796875,1.859375
42,26,Adaptive Random Forest,0.044207800179719925,0.38899336677665514,0.43320116695637506,0.03125,0.6197916666666666,0.6510416666666666
42,26,Adaptive Extra Trees,0.044207800179719925,0.38899336677665514,0.43320116695637506,0.03125,0.6197916666666666,0.6510416666666666
42,26,Adaptive Gradient Boosting,0.044207800179719925,0.38899336677665514,0.43320116695637506,0.03125,0.6197916666666666,0.6510416666666666
42,27,Frozen Model,0.04318869998678565,0.0,0.04318869998678565,0.03125,0.0,0.03125
42,27,Continuously Retrained Ensemble,0.0541508998721838,1.235939200501889,1.2900901003740728,0.046875,1.90625,1.953125
42,27,Event-Driven Ensemble,0.059600300155580044,1.2683544997125864,1.3279547998681664,0.078125,1.984375,2.0625
42,27,Adaptive Random Forest,0.0541508998721838,0.41197973350062966,0.46613063337281346,0.046875,0.6354166666666666,0.6822916666666666
42,27,Adaptive Extra Trees,0.0541508998721838,0.41197973350062966,0.46613063337281346,0.046875,0.6354166666666666,0.6822916666666666
42,27,Adaptive Gradient Boosting,0.0541508998721838,0.41197973350062966,0.46613063337281346,0.046875,0.6354166666666666,0.6822916666666666
42,28,Frozen Model,0.03738120011985302,0.0,0.03738120011985302,0.046875,0.0,0.046875
42,28,Continuously Retrained Ensemble,0.05610099993646145,1.2052973001264036,1.261398300062865,0.0625,1.84375,1.90625
42,28,Event-Driven Ensemble,0.04036709992215037,0.0,0.04036709992215037,0.03125,0.0,0.03125
42,28,Adaptive Random Forest,0.05610099993646145,0.4017657667088012,0.45786676664526266,0.0625,0.6145833333333334,0.6770833333333334
42,28,Adaptive Extra Trees,0.05610099993646145,0.4017657667088012,0.45786676664526266,0.0625,0.6145833333333334,0.6770833333333334
42,28,Adaptive Gradient Boosting,0.05610099993646145,0.4017657667088012,0.45786676664526266,0.0625,0.6145833333333334,0.6770833333333334
42,29,Frozen Model,0.038036900106817484,0.0,0.038036900106817484,0.046875,0.0,0.046875
42,29,Continuously Retrained Ensemble,0.03964189998805523,1.2274558003991842,1.2670977003872395,0.0625,1.984375,2.046875
42,29,Event-Driven Ensemble,0.04273970006033778,1.2561729000881314,1.2989126001484692,0.046875,2.03125,2.078125
42,29,Adaptive Random Forest,0.03964189998805523,0.4091519334663947,0.44879383345444995,0.0625,0.6614583333333334,0.7239583333333334
42,29,Adaptive Extra Trees,0.03964189998805523,0.4091519334663947,0.44879383345444995,0.0625,0.6614583333333334,0.7239583333333334
42,29,Adaptive Gradient Boosting,0.03964189998805523,0.4091519334663947,0.44879383345444995,0.0625,0.6614583333333334,0.7239583333333334
42,30,Frozen Model,0.04279209999367595,0.0,0.04279209999367595,0.078125,0.0,0.078125
42,30,Continuously Retrained Ensemble,0.10295190010219812,1.2913772999309003,1.3943292000330985,0.0625,1.90625,1.96875
42,30,Event-Driven Ensemble,0.05888149980455637,1.3000099998898804,1.3588914996944368,0.09375,1.9375,2.03125
42,30,Adaptive Random Forest,0.10295190010219812,0.4304590999769668,0.533411000079165,0.0625,0.6354166666666666,0.6979166666666666
42,30,Adaptive Extra Trees,0.10295190010219812,0.4304590999769668,0.533411000079165,0.0625,0.6354166666666666,0.6979166666666666
42,30,Adaptive Gradient Boosting,0.10295190010219812,0.4304590999769668,0.533411000079165,0.0625,0.6354166666666666,0.6979166666666666
42,31,Frozen Model,0.057669900357723236,0.0,0.057669900357723236,0.0625,0.0,0.0625
42,31,Continuously Retrained Ensemble,0.052665899973362684,1.3185688997618854,1.371234799735248,0.09375,1.96875,2.0625
42,31,Event-Driven Ensemble,0.04059490002691746,0.0,0.04059490002691746,0.046875,0.0,0.046875
42,31,Adaptive Random Forest,0.052665899973362684,0.4395229665872951,0.4921888665606578,0.09375,0.65625,0.75
42,31,Adaptive Extra Trees,0.052665899973362684,0.4395229665872951,0.4921888665606578,0.09375,0.65625,0.75
42,31,Adaptive Gradient Boosting,0.052665899973362684,0.4395229665872951,0.4921888665606578,0.09375,0.65625,0.75
42,32,Frozen Model,0.03963760007172823,0.0,0.03963760007172823,0.03125,0.0,0.03125
42,32,Continuously Retrained Ensemble,0.05584299983456731,1.348784199450165,1.4046271992847323,0.015625,2.265625,2.28125
42,32,Event-Driven Ensemble,0.09439500002190471,0.0,0.09439500002190471,0.109375,0.0,0.109375
42,32,Adaptive Random Forest,0.05584299983456731,0.449594733150055,0.5054377329846222,0.015625,0.7552083333333334,0.7708333333333334
42,32,Adaptive Extra Trees,0.05584299983456731,0.449594733150055,0.5054377329846222,0.015625,0.7552083333333334,0.7708333333333334
42,32,Adaptive Gradient Boosting,0.05584299983456731,0.449594733150055,0.5054377329846222,0.015625,0.7552083333333334,0.7708333333333334
42,33,Frozen Model,0.0388023997657001,0.0,0.0388023997657001,0.03125,0.0,0.03125
42,33,Continuously Retrained Ensemble,0.039896899834275246,1.3547547003254294,1.3946516001597047,0.015625,2.171875,2.1875
42,33,Event-Driven Ensemble,0.04013630002737045,1.3420400000177324,1.3821763000451028,0.046875,2.125,2.171875
42,33,Adaptive Random Forest,0.039896899834275246,0.45158490010847646,0.4914817999427517,0.015625,0.7239583333333334,0.7395833333333334
42,33,Adaptive Extra Trees,0.039896899834275246,0.45158490010847646,0.4914817999427517,0.015625,0.7239583333333334,0.7395833333333334
42,33,Adaptive Gradient Boosting,0.039896899834275246,0.45158490010847646,0.4914817999427517,0.015625,0.7239583333333334,0.7395833333333334
42,34,Frozen Model,0.03841169970110059,0.0,0.03841169970110059,0.03125,0.0,0.03125
42,34,Continuously Retrained Ensemble,0.0577695001848042,1.456801500171423,1.5145710003562272,0.046875,2.3125,2.359375
42,34,Event-Driven Ensemble,0.03962890012189746,1.4273780998773873,1.4670069999992847,0.0625,2.265625,2.328125
42,34,Adaptive Random Forest,0.0577695001848042,0.485600500057141,0.5433700002419453,0.046875,0.7708333333333334,0.8177083333333334
42,34,Adaptive Extra Trees,0.0577695001848042,0.485600500057141,0.5433700002419453,0.046875,0.7708333333333334,0.8177083333333334
42,34,Adaptive Gradient Boosting,0.0577695001848042,0.485600500057141,0.5433700002419453,0.046875,0.7708333333333334,0.8177083333333334
42,35,Frozen Model,0.03728900011628866,0.0,0.03728900011628866,0.046875,0.0,0.046875
42,35,Continuously Retrained Ensemble,0.0531119997613132,1.4948880998417735,1.5480000996030867,0.046875,2.34375,2.390625
42,35,Event-Driven Ensemble,0.04109289962798357,1.4905126001685858,1.5316054997965693,0.046875,2.234375,2.28125
42,35,Adaptive Random Forest,0.0531119997613132,0.4982960332805912,0.5514080330419044,0.046875,0.78125,0.828125
42,35,Adaptive Extra Trees,0.0531119997613132,0.4982960332805912,0.5514080330419044,0.046875,0.78125,0.828125
42,35,Adaptive Gradient Boosting,0.0531119997613132,0.4982960332805912,0.5514080330419044,0.046875,0.78125,0.828125
42,36,Frozen Model,0.04041570005938411,0.0,0.04041570005938411,0.046875,0.0,0.046875
42,36,Continuously Retrained Ensemble,0.039467299822717905,1.5325863002799451,1.572053600102663,0.0625,2.3125,2.375
42,36,Event-Driven Ensemble,0.04046569997444749,1.3706096005626023,1.4110753005370498,0.0625,2.203125,2.265625
42,36,Adaptive Random Forest,0.039467299822717905,0.510862100093315,0.5503293999160329,0.0625,0.7708333333333334,0.8333333333333334
42,36,Adaptive Extra Trees,0.039467299822717905,0.510862100093315,0.5503293999160329,0.0625,0.7708333333333334,0.8333333333333334
42,36,Adaptive Gradient Boosting,0.039467299822717905,0.510862100093315,0.5503293999160329,0.0625,0.7708333333333334,0.8333333333333334
42,37,Frozen Model,0.037564899772405624,0.0,0.037564899772405624,0.03125,0.0,0.03125
42,37,Continuously Retrained Ensemble,0.039431499782949686,1.4685533992014825,1.5079848989844322,0.03125,2.546875,2.578125
42,37,Event-Driven Ensemble,0.051735700108110905,1.5009826999157667,1.5527184000238776,0.046875,2.40625,2.453125
42,37,Adaptive Random Forest,0.039431499782949686,0.48951779973382753,0.5289492995167773,0.03125,0.8489583333333334,0.8802083333333334
42,37,Adaptive Extra Trees,0.039431499782949686,0.48951779973382753,0.5289492995167773,0.03125,0.8489583333333334,0.8802083333333334
42,37,Adaptive Gradient Boosting,0.039431499782949686,0.48951779973382753,0.5289492995167773,0.03125,0.8489583333333334,0.8802083333333334
43,0,Frozen Model,0.037247899919748306,0.0,0.037247899919748306,0.046875,0.0,0.046875
43,0,Continuously Retrained Ensemble,0.039415800012648106,0.48526620073243976,0.5246820007450879,0.03125,0.59375,0.625
43,0,Event-Driven Ensemble,0.05163270002231002,0.0,0.05163270002231002,0.046875,0.0,0.046875
43,0,Adaptive Random Forest,0.039415800012648106,0.16175540024414659,0.2011712002567947,0.03125,0.19791666666666666,0.22916666666666666
43,0,Adaptive Extra Trees,0.039415800012648106,0.16175540024414659,0.2011712002567947,0.03125,0.19791666666666666,0.22916666666666666
43,0,Adaptive Gradient Boosting,0.039415800012648106,0.16175540024414659,0.2011712002567947,0.03125,0.19791666666666666,0.22916666666666666
43,1,Frozen Model,0.04526010015979409,0.0,0.04526010015979409,0.046875,0.0,0.046875
43,1,Continuously Retrained Ensemble,0.03959369985386729,0.5222985995933414,0.5618922994472086,0.046875,0.6875,0.734375
43,1,Event-Driven Ensemble,0.042015000246465206,0.4962277999147773,0.5382428001612425,0.03125,0.59375,0.625
43,1,Adaptive Random Forest,0.03959369985386729,0.17409953319778046,0.21369323305164775,0.046875,0.22916666666666666,0.27604166666666663
43,1,Adaptive Extra Trees,0.03959369985386729,0.17409953319778046,0.21369323305164775,0.046875,0.22916666666666666,0.27604166666666663
43,1,Adaptive Gradient Boosting,0.03959369985386729,0.17409953319778046,0.21369323305164775,0.046875,0.22916666666666666,0.27604166666666663
43,2,Frozen Model,0.038660900201648474,0.0,0.038660900201648474,0.03125,0.0,0.03125
43,2,Continuously Retrained Ensemble,0.04012259980663657,0.5130042000673711,0.5531267998740077,0.03125,0.671875,0.703125
43,2,Event-Driven Ensemble,0.04211599985137582,0.5422620004974306,0.5843780003488064,0.046875,0.75,0.796875
43,2,Adaptive Random Forest,0.04012259980663657,0.17100140002245703,0.2111239998290936,0.03125,0.22395833333333334,0.25520833333333337
43,2,Adaptive Extra Trees,0.04012259980663657,0.17100140002245703,0.2111239998290936,0.03125,0.22395833333333334,0.25520833333333337
43,2,Adaptive Gradient Boosting,0.04012259980663657,0.17100140002245703,0.2111239998290936,0.03125,0.22395833333333334,0.25520833333333337
43,3,Frozen Model,0.039334400091320276,0.0,0.039334400091320276,0.046875,0.0,0.046875
43,3,Continuously Retrained Ensemble,0.040144100319594145,0.5821735998615623,0.6223177001811564,0.03125,0.609375,0.640625
43,3,Event-Driven Ensemble,0.03975720005109906,0.0,0.03975720005109906,0.0625,0.0,0.0625
43,3,Adaptive Random Forest,0.040144100319594145,0.19405786662052074,0.2342019669401149,0.03125,0.203125,0.234375
43,3,Adaptive Extra Trees,0.040144100319594145,0.19405786662052074,0.2342019669401149,0.03125,0.203125,0.234375
43,3,Adaptive Gradient Boosting,0.040144100319594145,0.19405786662052074,0.2342019669401149,0.03125,0.203125,0.234375
43,4,Frozen Model,0.037537699565291405,0.0,0.037537699565291405,0.046875,0.0,0.046875
43,4,Continuously Retrained Ensemble,0.06482650013640523,0.6406153994612396,0.7054418995976448,0.03125,0.8125,0.84375
43,4,Event-Driven Ensemble,0.05422039981931448,0.7952756993472576,0.8494960991665721,0.078125,1.109375,1.1875
43,4,Adaptive Random Forest,0.06482650013640523,0.21353846648707986,0.2783649666234851,0.03125,0.2708333333333333,0.3020833333333333
43,4,Adaptive Extra Trees,0.06482650013640523,0.21353846648707986,0.2783649666234851,0.03125,0.2708333333333333,0.3020833333333333
43,4,Adaptive Gradient Boosting,0.06482650013640523,0.21353846648707986,0.2783649666234851,0.03125,0.2708333333333333,0.3020833333333333
43,5,Frozen Model,0.08798049995675683,0.0,0.08798049995675683,0.046875,0.0,0.046875
43,5,Continuously Retrained Ensemble,0.08248959993943572,0.8561843005008996,0.9386739004403353,0.046875,1.0625,1.109375
43,5,Event-Driven Ensemble,0.11086959997192025,0.6275853007100523,0.7384549006819725,0.09375,0.765625,0.859375
43,5,Adaptive Random Forest,0.08248959993943572,0.2853947668336332,0.3678843667730689,0.046875,0.3541666666666667,0.4010416666666667
43,5,Adaptive Extra Trees,0.08248959993943572,0.2853947668336332,0.3678843667730689,0.046875,0.3541666666666667,0.4010416666666667
43,5,Adaptive Gradient Boosting,0.08248959993943572,0.2853947668336332,0.3678843667730689,0.046875,0.3541666666666667,0.4010416666666667
43,6,Frozen Model,0.03926769969984889,0.0,0.03926769969984889,0.03125,0.0,0.03125
43,6,Continuously Retrained Ensemble,0.0397469000890851,0.6712003997527063,0.7109472998417914,0.03125,1.0625,1.09375
43,6,Event-Driven Ensemble,0.04151570005342364,0.6565562998875976,0.6980719999410212,0.09375,0.84375,0.9375
43,6,Adaptive Random Forest,0.0397469000890851,0.22373346658423543,0.26348036667332053,0.03125,0.3541666666666667,0.3854166666666667
43,6,Adaptive Extra Trees,0.0397469000890851,0.22373346658423543,0.26348036667332053,0.03125,0.3541666666666667,0.3854166666666667
43,6,Adaptive Gradient Boosting,0.0397469000890851,0.22373346658423543,0.26348036667332053,0.03125,0.3541666666666667,0.3854166666666667
43,7,Frozen Model,0.03809599997475743,0.0,0.03809599997475743,0.03125,0.0,0.03125
43,7,Continuously Retrained Ensemble,0.040767000056803226,0.6632384997792542,0.7040054998360574,0.03125,0.953125,0.984375
43,7,Event-Driven Ensemble,0.052394799888134,0.661102700047195,0.713497499935329,0.046875,1.09375,1.140625
43,7,Adaptive Random Forest,0.040767000056803226,0.22107949992641807,0.2618464999832213,0.03125,0.3177083333333333,0.3489583333333333
43,7,Adaptive Extra Trees,0.040767000056803226,0.22107949992641807,0.2618464999832213,0.03125,0.3177083333333333,0.3489583333333333
43,7,Adaptive Gradient Boosting,0.040767000056803226,0.22107949992641807,0.2618464999832213,0.03125,0.3177083333333333,0.3489583333333333
43,8,Frozen Model,0.040182600263506174,0.0,0.040182600263506174,0.03125,0.0,0.03125
43,8,Continuously Retrained Ensemble,0.039014500100165606,0.6821254994720221,0.7211399995721877,0.046875,1.09375,1.140625
43,8,Event-Driven Ensemble,0.04314789967611432,0.7245050999335945,0.7676529996097088,0.03125,0.9375,0.96875
43,8,Adaptive Random Forest,0.039014500100165606,0.22737516649067402,0.2663896665908396,0.046875,0.3645833333333333,0.4114583333333333
43,8,Adaptive Extra Trees,0.039014500100165606,0.22737516649067402,0.2663896665908396,0.046875,0.3645833333333333,0.4114583333333333
43,8,Adaptive Gradient Boosting,0.039014500100165606,0.22737516649067402,0.2663896665908396,0.046875,0.3645833333333333,0.4114583333333333
43,9,Frozen Model,0.03940929984673858,0.0,0.03940929984673858,0.03125,0.0,0.03125
43,9,Continuously Retrained Ensemble,0.0409277998842299,0.7585610998794436,0.7994888997636735,0.0625,1.09375,1.15625
43,9,Event-Driven Ensemble,0.03881080029532313,0.7154026003554463,0.7542134006507695,0.0625,1.125,1.1875
43,9,Adaptive Random Forest,0.0409277998842299,0.25285369995981455,0.29378149984404445,0.0625,0.3645833333333333,0.4270833333333333
43,9,Adaptive Extra Trees,0.0409277998842299,0.25285369995981455,0.29378149984404445,0.0625,0.3645833333333333,0.4270833333333333
43,9,Adaptive Gradient Boosting,0.0409277998842299,0.25285369995981455,0.29378149984404445,0.0625,0.3645833333333333,0.4270833333333333
43,10,Frozen Model,0.03804650017991662,0.0,0.03804650017991662,0.03125,0.0,0.03125
43,10,Continuously Retrained Ensemble,0.03862540004774928,0.7651148997247219,0.8037402997724712,0.03125,1.15625,1.1875
43,10,Event-Driven Ensemble,0.04318500030785799,0.7183538996614516,0.7615388999693096,0.03125,1.15625,1.1875
43,10,Adaptive Random Forest,0.03862540004774928,0.2550382999082406,0.2936636999559899,0.03125,0.3854166666666667,0.4166666666666667
43,10,Adaptive Extra Trees,0.03862540004774928,0.2550382999082406,0.2936636999559899,0.03125,0.3854166666666667,0.4166666666666667
43,10,Adaptive Gradient Boosting,0.03862540004774928,0.2550382999082406,0.2936636999559899,0.03125,0.3854166666666667,0.4166666666666667
43,11,Frozen Model,0.03928339993581176,0.0,0.03928339993581176,0.0625,0.0,0.0625
43,11,Continuously Retrained Ensemble,0.04107500007376075,0.8667139001190662,0.907788900192827,0.0625,1.265625,1.328125
43,11,Event-Driven Ensemble,0.039290899876505136,0.7590109999291599,0.798301899805665,0.03125,1.140625,1.171875
43,11,Adaptive Random Forest,0.04107500007376075,0.2889046333730221,0.3299796334467828,0.0625,0.421875,0.484375
43,11,Adaptive Extra Trees,0.04107500007376075,0.2889046333730221,0.3299796334467828,0.0625,0.421875,0.484375
43,11,Adaptive Gradient Boosting,0.04107500007376075,0.2889046333730221,0.3299796334467828,0.0625,0.421875,0.484375
43,12,Frozen Model,0.04050910007208586,0.0,0.04050910007208586,0.046875,0.0,0.046875
43,12,Continuously Retrained Ensemble,0.06910069985315204,0.8060277001932263,0.8751284000463784,0.046875,1.03125,1.078125
43,12,Event-Driven Ensemble,0.05397710017859936,0.7722443998791277,0.8262215000577271,0.0625,1.078125,1.140625
43,12,Adaptive Random Forest,0.06910069985315204,0.2686759000644088,0.3377765999175608,0.046875,0.34375,0.390625
43,12,Adaptive Extra Trees,0.06910069985315204,0.2686759000644088,0.3377765999175608,0.046875,0.34375,0.390625
43,12,Adaptive Gradient Boosting,0.06910069985315204,0.2686759000644088,0.3377765999175608,0.046875,0.34375,0.390625
43,13,Frozen Model,0.03907010005787015,0.0,0.03907010005787015,0.03125,0.0,0.03125
43,13,Continuously Retrained Ensemble,0.03996749967336655,0.8323535001836717,0.8723209998570383,0.046875,1.234375,1.28125
43,13,Event-Driven Ensemble,0.0398974996060133,0.7971458993852139,0.8370433989912271,0.046875,1.140625,1.1875
43,13,Adaptive Random Forest,0.03996749967336655,0.27745116672789055,0.3174186664012571,0.046875,0.4114583333333333,0.4583333333333333
43,13,Adaptive Extra Trees,0.03996749967336655,0.27745116672789055,0.3174186664012571,0.046875,0.4114583333333333,0.4583333333333333
43,13,Adaptive Gradient Boosting,0.03996749967336655,0.27745116672789055,0.3174186664012571,0.046875,0.4114583333333333,0.4583333333333333
43,14,Frozen Model,0.03713929979130626,0.0,0.03713929979130626,0.03125,0.0,0.03125
43,14,Continuously Retrained Ensemble,0.03850629972293973,0.8113545998930931,0.8498608996160328,0.03125,1.15625,1.1875
43,14,Event-Driven Ensemble,0.038971500005573034,0.7923484998755157,0.8313199998810887,0.046875,1.21875,1.265625
43,14,Adaptive Random Forest,0.03850629972293973,0.2704515332976977,0.30895783302063745,0.03125,0.3854166666666667,0.4166666666666667
43,14,Adaptive Extra Trees,0.03850629972293973,0.2704515332976977,0.30895783302063745,0.03125,0.3854166666666667,0.4166666666666667
43,14,Adaptive Gradient Boosting,0.03850629972293973,0.2704515332976977,0.30895783302063745,0.03125,0.3854166666666667,0.4166666666666667
43,15,Frozen Model,0.0386612000875175,0.0,0.0386612000875175,0.046875,0.0,0.046875
43,15,Continuously Retrained Ensemble,0.040720599703490734,0.860283499583602,0.9010040992870927,0.03125,1.34375,1.375
43,15,Event-Driven Ensemble,0.10599000006914139,0.8791644000448287,0.98515440011397,0.046875,1.28125,1.328125
43,15,Adaptive Random Forest,0.040720599703490734,0.2867611665278673,0.32748176623135805,0.03125,0.4479166666666667,0.4791666666666667
43,15,Adaptive Extra Trees,0.040720599703490734,0.2867611665278673,0.32748176623135805,0.03125,0.4479166666666667,0.4791666666666667
43,15,Adaptive Gradient Boosting,0.040720599703490734,0.2867611665278673,0.32748176623135805,0.03125,0.4479166666666667,0.4791666666666667
43,16,Frozen Model,0.040535499807447195,0.0,0.040535499807447195,0.046875,0.0,0.046875
43,16,Continuously Retrained Ensemble,0.041193800047039986,0.8924119002185762,0.9336057002656162,0.0625,1.3125,1.375
43,16,Event-Driven Ensemble,0.040419300086796284,0.891438300255686,0.9318576003424823,0.0625,1.34375,1.40625
43,16,Adaptive Random Forest,0.041193800047039986,0.29747063340619206,0.33866443345323205,0.0625,0.4375,0.5
43,16,Adaptive Extra Trees,0.041193800047039986,0.29747063340619206,0.33866443345323205,0.0625,0.4375,0.5
43,16,Adaptive Gradient Boosting,0.041193800047039986,0.29747063340619206,0.33866443345323205,0.0625,0.4375,0.5
43,17,Frozen Model,0.04911729972809553,0.0,0.04911729972809553,0.03125,0.0,0.03125
43,17,Continuously Retrained Ensemble,0.04078519996255636,0.9962488999590278,1.0370340999215841,0.046875,1.40625,1.453125
43,17,Event-Driven Ensemble,0.05301599996164441,0.0,0.05301599996164441,0.03125,0.0,0.03125
43,17,Adaptive Random Forest,0.04078519996255636,0.33208296665300924,0.3728681666155656,0.046875,0.46875,0.515625
43,17,Adaptive Extra Trees,0.04078519996255636,0.33208296665300924,0.3728681666155656,0.046875,0.46875,0.515625
43,17,Adaptive Gradient Boosting,0.04078519996255636,0.33208296665300924,0.3728681666155656,0.046875,0.46875,0.515625
43,18,Frozen Model,0.052293899934738874,0.0,0.052293899934738874,0.046875,0.0,0.046875
43,18,Continuously Retrained Ensemble,0.0521054002456367,0.9041868997737765,0.9562923000194132,0.046875,1.296875,1.34375
43,18,Event-Driven Ensemble,0.04126679990440607,0.911298899911344,0.9525656998157501,0.046875,1.3125,1.359375
43,18,Adaptive Random Forest,0.0521054002456367,0.3013956332579255,0.3535010335035622,0.046875,0.4322916666666667,0.4791666666666667
43,18,Adaptive Extra Trees,0.0521054002456367,0.3013956332579255,0.3535010335035622,0.046875,0.4322916666666667,0.4791666666666667
43,18,Adaptive Gradient Boosting,0.0521054002456367,0.3013956332579255,0.3535010335035622,0.046875,0.4322916666666667,0.4791666666666667
43,19,Frozen Model,0.03856649994850159,0.0,0.03856649994850159,0.078125,0.0,0.078125
43,19,Continuously Retrained Ensemble,0.03794579999521375,0.9760410003364086,1.0139868003316224,0.0625,1.390625,1.453125
43,19,Event-Driven Ensemble,0.03895579976961017,0.9901578994467854,1.0291136992163956,0.03125,1.390625,1.421875
43,19,Adaptive Random Forest,0.03794579999521375,0.3253470001121362,0.36329280010734993,0.0625,0.4635416666666667,0.5260416666666667
43,19,Adaptive Extra Trees,0.03794579999521375,0.3253470001121362,0.36329280010734993,0.0625,0.4635416666666667,0.5260416666666667
43,19,Adaptive Gradient Boosting,0.03794579999521375,0.3253470001121362,0.36329280010734993,0.0625,0.4635416666666667,0.5260416666666667
43,20,Frozen Model,0.0393370003439486,0.0,0.0393370003439486,0.03125,0.0,0.03125
43,20,Continuously Retrained Ensemble,0.050428499933332205,1.017260399647057,1.0676888995803893,0.09375,1.609375,1.703125
43,20,Event-Driven Ensemble,0.039440200198441744,1.0162368002347648,1.0556770004332066,0.046875,1.546875,1.59375
43,20,Adaptive Random Forest,0.050428499933332205,0.33908679988235235,0.38951529981568456,0.09375,0.5364583333333334,0.6302083333333334
43,20,Adaptive Extra Trees,0.050428499933332205,0.33908679988235235,0.38951529981568456,0.09375,0.5364583333333334,0.6302083333333334
43,20,Adaptive Gradient Boosting,0.050428499933332205,0.33908679988235235,0.38951529981568456,0.09375,0.5364583333333334,0.6302083333333334
43,21,Frozen Model,0.038495299872010946,0.0,0.038495299872010946,0.03125,0.0,0.03125
43,21,Continuously Retrained Ensemble,0.04219610011205077,1.095489399973303,1.1376855000853539,0.03125,1.71875,1.75
43,21,Event-Driven Ensemble,0.04124139994382858,1.0454389997757971,1.0866803997196257,0.03125,1.53125,1.5625
43,21,Adaptive Random Forest,0.04219610011205077,0.36516313332443434,0.4073592334364851,0.03125,0.5729166666666666,0.6041666666666666
43,21,Adaptive Extra Trees,0.04219610011205077,0.36516313332443434,0.4073592334364851,0.03125,0.5729166666666666,0.6041666666666666
43,21,Adaptive Gradient Boosting,0.04219610011205077,0.36516313332443434,0.4073592334364851,0.03125,0.5729166666666666,0.6041666666666666
43,22,Frozen Model,0.03977129980921745,0.0,0.03977129980921745,0.109375,0.0,0.109375
43,22,Continuously Retrained Ensemble,0.04133970011025667,1.0616502999328077,1.1029900000430644,0.03125,1.5625,1.59375
43,22,Event-Driven Ensemble,0.03920909995213151,0.0,0.03920909995213151,0.046875,0.0,0.046875
43,22,Adaptive Random Forest,0.04133970011025667,0.3538834333109359,0.3952231334211926,0.03125,0.5208333333333334,0.5520833333333334
43,22,Adaptive Extra Trees,0.04133970011025667,0.3538834333109359,0.3952231334211926,0.03125,0.5208333333333334,0.5520833333333334
43,22,Adaptive Gradient Boosting,0.04133970011025667,0.3538834333109359,0.3952231334211926,0.03125,0.5208333333333334,0.5520833333333334
43,23,Frozen Model,0.04158979980275035,0.0,0.04158979980275035,0.03125,0.0,0.03125
43,23,Continuously Retrained Ensemble,0.04018000001087785,1.1102111996151507,1.1503911996260285,0.03125,1.625,1.65625
43,23,Event-Driven Ensemble,0.04049700032919645,1.0864837998524308,1.1269808001816273,0.03125,1.71875,1.75
43,23,Adaptive Random Forest,0.04018000001087785,0.3700703998717169,0.41025039988259476,0.03125,0.5416666666666666,0.5729166666666666
43,23,Adaptive Extra Trees,0.04018000001087785,0.3700703998717169,0.41025039988259476,0.03125,0.5416666666666666,0.5729166666666666
43,23,Adaptive Gradient Boosting,0.04018000001087785,0.3700703998717169,0.41025039988259476,0.03125,0.5416666666666666,0.5729166666666666
43,24,Frozen Model,0.038710299879312515,0.0,0.038710299879312515,0.03125,0.0,0.03125
43,24,Continuously Retrained Ensemble,0.03920699981972575,1.1737415003590286,1.2129485001787543,0.03125,1.8125,1.84375
43,24,Event-Driven Ensemble,0.040091400034725666,1.0784767996519804,1.118568199686706,0.03125,1.640625,1.671875
43,24,Adaptive Random Forest,0.03920699981972575,0.39124716678634286,0.4304541666060686,0.03125,0.6041666666666666,0.6354166666666666
43,24,Adaptive Extra Trees,0.03920699981972575,0.39124716678634286,0.4304541666060686,0.03125,0.6041666666666666,0.6354166666666666
43,24,Adaptive Gradient Boosting,0.03920699981972575,0.39124716678634286,0.4304541666060686,0.03125,0.6041666666666666,0.6354166666666666
43,25,Frozen Model,0.05107609974220395,0.0,0.05107609974220395,0.078125,0.0,0.078125
43,25,Continuously Retrained Ensemble,0.05697849998250604,1.2406646003946662,1.2976431003771722,0.078125,1.890625,1.96875
43,25,Event-Driven Ensemble,0.04162449995055795,1.175417599733919,1.2170420996844769,0.03125,1.859375,1.890625
43,25,Adaptive Random Forest,0.05697849998250604,0.41355486679822206,0.4705333667807281,0.078125,0.6302083333333334,0.7083333333333334
43,25,Adaptive Extra Trees,0.05697849998250604,0.41355486679822206,0.4705333667807281,0.078125,0.6302083333333334,0.7083333333333334
43,25,Adaptive Gradient Boosting,0.05697849998250604,0.41355486679822206,0.4705333667807281,0.078125,0.6302083333333334,0.7083333333333334
43,26,Frozen Model,0.04153669998049736,0.0,0.04153669998049736,0.046875,0.0,0.046875
43,26,Continuously Retrained Ensemble,0.05414809985086322,1.2382337995804846,1.2923818994313478,0.046875,1.9375,1.984375
43,26,Event-Driven Ensemble,0.0411613998003304,1.156265000347048,1.1974264001473784,0.046875,1.859375,1.90625
43,26,Adaptive Random Forest,0.05414809985086322,0.41274459986016154,0.46689269971102476,0.046875,0.6458333333333334,0.6927083333333334
43,26,Adaptive Extra Trees,0.05414809985086322,0.41274459986016154,0.46689269971102476,0.046875,0.6458333333333334,0.6927083333333334
43,26,Adaptive Gradient Boosting,0.05414809985086322,0.41274459986016154,0.46689269971102476,0.046875,0.6458333333333334,0.6927083333333334
43,27,Frozen Model,0.04048909991979599,0.0,0.04048909991979599,0.03125,0.0,0.03125
43,27,Continuously Retrained Ensemble,0.040065400302410126,1.1931909997947514,1.2332564000971615,0.03125,1.890625,1.921875
43,27,Event-Driven Ensemble,0.0520130000077188,1.1661164998076856,1.2181294998154044,0.046875,1.78125,1.828125
43,27,Adaptive Random Forest,0.040065400302410126,0.39773033326491714,0.43779573356732726,0.03125,0.6302083333333334,0.6614583333333334
43,27,Adaptive Extra Trees,0.040065400302410126,0.39773033326491714,0.43779573356732726,0.03125,0.6302083333333334,0.6614583333333334
43,27,Adaptive Gradient Boosting,0.040065400302410126,0.39773033326491714,0.43779573356732726,0.03125,0.6302083333333334,0.6614583333333334
43,28,Frozen Model,0.03804029989987612,0.0,0.03804029989987612,0.03125,0.0,0.03125
43,28,Continuously Retrained Ensemble,0.040024199988693,1.228461700025946,1.268485900014639,0.046875,1.921875,1.96875
43,28,Event-Driven Ensemble,0.040959700010716915,0.0,0.040959700010716915,0.0625,0.0,0.0625
43,28,Adaptive Random Forest,0.040024199988693,0.40948723334198195,0.44951143333067495,0.046875,0.640625,0.6875
43,28,Adaptive Extra Trees,0.040024199988693,0.40948723334198195,0.44951143333067495,0.046875,0.640625,0.6875
43,28,Adaptive Gradient Boosting,0.040024199988693,0.40948723334198195,0.44951143333067495,0.046875,0.640625,0.6875
43,29,Frozen Model,0.03878940036520362,0.0,0.03878940036520362,0.046875,0.0,0.046875
43,29,Continuously Retrained Ensemble,0.053121999837458134,1.3890633000992239,1.442185299936682,0.03125,2.125,2.15625
43,29,Event-Driven Ensemble,0.04003599984571338,1.2675180998630822,1.3075540997087955,0.03125,1.90625,1.9375
43,29,Adaptive Random Forest,0.053121999837458134,0.4630211000330746,0.5161430998705328,0.03125,0.7083333333333334,0.7395833333333334
43,29,Adaptive Extra Trees,0.053121999837458134,0.4630211000330746,0.5161430998705328,0.03125,0.7083333333333334,0.7395833333333334
43,29,Adaptive Gradient Boosting,0.053121999837458134,0.4630211000330746,0.5161430998705328,0.03125,0.7083333333333334,0.7395833333333334
43,30,Frozen Model,0.05326289962977171,0.0,0.05326289962977171,0.046875,0.0,0.046875
43,30,Continuously Retrained Ensemble,0.05972759984433651,1.320119600277394,1.3798472001217306,0.046875,2.171875,2.21875
43,30,Event-Driven Ensemble,0.04155089985579252,1.305753800086677,1.3473046999424696,0.046875,1.921875,1.96875
43,30,Adaptive Random Forest,0.05972759984433651,0.44003986675913137,0.4997674666034679,0.046875,0.7239583333333334,0.7708333333333334
43,30,Adaptive Extra Trees,0.05972759984433651,0.44003986675913137,0.4997674666034679,0.046875,0.7239583333333334,0.7708333333333334
43,30,Adaptive Gradient Boosting,0.05972759984433651,0.44003986675913137,0.4997674666034679,0.046875,0.7239583333333334,0.7708333333333334
43,31,Frozen Model,0.037529699970036745,0.0,0.037529699970036745,0.0625,0.0,0.0625
43,31,Continuously Retrained Ensemble,0.0644483002834022,1.3298491998575628,1.394297500140965,0.046875,2.0,2.046875
43,31,Event-Driven Ensemble,0.040110399946570396,0.0,0.040110399946570396,0.0625,0.0,0.0625
43,31,Adaptive Random Forest,0.0644483002834022,0.4432830666191876,0.5077313669025898,0.046875,0.6666666666666666,0.7135416666666666
43,31,Adaptive Extra Trees,0.0644483002834022,0.4432830666191876,0.5077313669025898,0.046875,0.6666666666666666,0.7135416666666666
43,31,Adaptive Gradient Boosting,0.0644483002834022,0.4432830666191876,0.5077313669025898,0.046875,0.6666666666666666,0.7135416666666666
43,32,Frozen Model,0.03800689987838268,0.0,0.03800689987838268,0.046875,0.0,0.046875
43,32,Continuously Retrained Ensemble,0.04038809984922409,1.3201473001390696,1.3605353999882936,0.0625,2.0625,2.125
43,32,Event-Driven Ensemble,0.03997169993817806,0.0,0.03997169993817806,0.0625,0.0,0.0625
43,32,Adaptive Random Forest,0.04038809984922409,0.4400491000463565,0.4804371998955806,0.0625,0.6875,0.75
43,32,Adaptive Extra Trees,0.04038809984922409,0.4400491000463565,0.4804371998955806,0.0625,0.6875,0.75
43,32,Adaptive Gradient Boosting,0.04038809984922409,0.4400491000463565,0.4804371998955806,0.0625,0.6875,0.75
43,33,Frozen Model,0.03947019996121526,0.0,0.03947019996121526,0.046875,0.0,0.046875
43,33,Continuously Retrained Ensemble,0.05429799994453788,1.4038867997005582,1.458184799645096,0.078125,2.28125,2.359375
43,33,Event-Driven Ensemble,0.053246499970555305,1.3669590996578336,1.4202055996283889,0.046875,2.015625,2.0625
43,33,Adaptive Random Forest,0.05429799994453788,0.46796226656685275,0.5222602665113907,0.078125,0.7604166666666666,0.8385416666666666
43,33,Adaptive Extra Trees,0.05429799994453788,0.46796226656685275,0.5222602665113907,0.078125,0.7604166666666666,0.8385416666666666
43,33,Adaptive Gradient Boosting,0.05429799994453788,0.46796226656685275,0.5222602665113907,0.078125,0.7604166666666666,0.8385416666666666
43,34,Frozen Model,0.036554199643433094,0.0,0.036554199643433094,0.03125,0.0,0.03125
43,34,Continuously Retrained Ensemble,0.03830269956961274,1.5677506001666188,1.6060532997362316,0.03125,2.546875,2.578125
43,34,Event-Driven Ensemble,0.0799392000772059,1.410488500725478,1.4904277008026838,0.046875,2.234375,2.28125
43,34,Adaptive Random Forest,0.03830269956961274,0.522583533388873,0.5608862329584857,0.03125,0.8489583333333334,0.8802083333333334
43,34,Adaptive Extra Trees,0.03830269956961274,0.522583533388873,0.5608862329584857,0.03125,0.8489583333333334,0.8802083333333334
43,34,Adaptive Gradient Boosting,0.03830269956961274,0.522583533388873,0.5608862329584857,0.03125,0.8489583333333334,0.8802083333333334
43,35,Frozen Model,0.05232969997450709,0.0,0.05232969997450709,0.03125,0.0,0.03125
43,35,Continuously Retrained Ensemble,0.0399621999822557,1.387125300243497,1.4270875002257526,0.03125,2.3125,2.34375
43,35,Event-Driven Ensemble,0.04079489968717098,1.3922239001840353,1.4330187998712063,0.046875,2.140625,2.1875
43,35,Adaptive Random Forest,0.0399621999822557,0.4623751000811656,0.5023373000634213,0.03125,0.7708333333333334,0.8020833333333334
43,35,Adaptive Extra Trees,0.0399621999822557,0.4623751000811656,0.5023373000634213,0.03125,0.7708333333333334,0.8020833333333334
43,35,Adaptive Gradient Boosting,0.0399621999822557,0.4623751000811656,0.5023373000634213,0.03125,0.7708333333333334,0.8020833333333334
43,36,Frozen Model,0.03764169989153743,0.0,0.03764169989153743,0.03125,0.0,0.03125
43,36,Continuously Retrained Ensemble,0.08992150006815791,1.4386297999881208,1.5285513000562787,0.078125,2.15625,2.234375
43,36,Event-Driven Ensemble,0.05159999988973141,1.4235127000138164,1.4751126999035478,0.078125,2.234375,2.3125
43,36,Adaptive Random Forest,0.08992150006815791,0.4795432666627069,0.5694647667308648,0.078125,0.71875,0.796875
43,36,Adaptive Extra Trees,0.08992150006815791,0.4795432666627069,0.5694647667308648,0.078125,0.71875,0.796875
43,36,Adaptive Gradient Boosting,0.08992150006815791,0.4795432666627069,0.5694647667308648,0.078125,0.71875,0.796875
43,37,Frozen Model,0.036609699949622154,0.0,0.036609699949622154,0.03125,0.0,0.03125
43,37,Continuously Retrained Ensemble,0.0745808002538979,1.5066173998638988,1.5811982001177967,0.078125,2.3125,2.390625
43,37,Event-Driven Ensemble,0.04183340026065707,1.5019409004598856,1.5437743007205427,0.0625,2.375,2.4375
43,37,Adaptive Random Forest,0.0745808002538979,0.5022057999546329,0.5767866002085308,0.078125,0.7708333333333334,0.8489583333333334
43,37,Adaptive Extra Trees,0.0745808002538979,0.5022057999546329,0.5767866002085308,0.078125,0.7708333333333334,0.8489583333333334
43,37,Adaptive Gradient Boosting,0.0745808002538979,0.5022057999546329,0.5767866002085308,0.078125,0.7708333333333334,0.8489583333333334
44,0,Frozen Model,0.039281200151890516,0.0,0.039281200151890516,0.046875,0.0,0.046875
44,0,Continuously Retrained Ensemble,0.03901349985972047,0.5076033999212086,0.5466168997809291,0.03125,0.546875,0.578125
44,0,Event-Driven Ensemble,0.03997260006144643,0.0,0.03997260006144643,0.046875,0.0,0.046875
44,0,Adaptive Random Forest,0.03901349985972047,0.16920113330706954,0.20821463316679,0.03125,0.18229166666666666,0.21354166666666666
44,0,Adaptive Extra Trees,0.03901349985972047,0.16920113330706954,0.20821463316679,0.03125,0.18229166666666666,0.21354166666666666
44,0,Adaptive Gradient Boosting,0.03901349985972047,0.16920113330706954,0.20821463316679,0.03125,0.18229166666666666,0.21354166666666666
44,1,Frozen Model,0.0390000999905169,0.0,0.0390000999905169,0.03125,0.0,0.03125
44,1,Continuously Retrained Ensemble,0.0400405996479094,0.5361853996291757,0.5762259992770851,0.046875,0.6875,0.734375
44,1,Event-Driven Ensemble,0.03973650000989437,0.5112705999054015,0.5510070999152958,0.03125,0.6875,0.71875
44,1,Adaptive Random Forest,0.0400405996479094,0.17872846654305855,0.21876906619096795,0.046875,0.22916666666666666,0.27604166666666663
44,1,Adaptive Extra Trees,0.0400405996479094,0.17872846654305855,0.21876906619096795,0.046875,0.22916666666666666,0.27604166666666663
44,1,Adaptive Gradient Boosting,0.0400405996479094,0.17872846654305855,0.21876906619096795,0.046875,0.22916666666666666,0.27604166666666663
44,2,Frozen Model,0.03761540027335286,0.0,0.03761540027335286,0.03125,0.0,0.03125
44,2,Continuously Retrained Ensemble,0.04090559994801879,0.6080108997412026,0.6489164996892214,0.03125,0.78125,0.8125
44,2,Event-Driven Ensemble,0.06710430001839995,0.534234800375998,0.601339100394398,0.03125,0.734375,0.765625
44,2,Adaptive Random Forest,0.04090559994801879,0.2026702999137342,0.243575899861753,0.03125,0.2604166666666667,0.2916666666666667
44,2,Adaptive Extra Trees,0.04090559994801879,0.2026702999137342,0.243575899861753,0.03125,0.2604166666666667,0.2916666666666667
44,2,Adaptive Gradient Boosting,0.04090559994801879,0.2026702999137342,0.243575899861753,0.03125,0.2604166666666667,0.2916666666666667
44,3,Frozen Model,0.042136500123888254,0.0,0.042136500123888254,0.046875,0.0,0.046875
44,3,Continuously Retrained Ensemble,0.05496589979156852,0.6173470001667738,0.6723128999583423,0.0625,0.734375,0.796875
44,3,Event-Driven Ensemble,0.05179499974474311,0.0,0.05179499974474311,0.078125,0.0,0.078125
44,3,Adaptive Random Forest,0.05496589979156852,0.2057823333889246,0.2607482331804931,0.0625,0.24479166666666666,0.30729166666666663
44,3,Adaptive Extra Trees,0.05496589979156852,0.2057823333889246,0.2607482331804931,0.0625,0.24479166666666666,0.30729166666666663
44,3,Adaptive Gradient Boosting,0.05496589979156852,0.2057823333889246,0.2607482331804931,0.0625,0.24479166666666666,0.30729166666666663
44,4,Frozen Model,0.052199000027030706,0.0,0.052199000027030706,0.140625,0.0,0.140625
44,4,Continuously Retrained Ensemble,0.040153800044208765,0.595150999724865,0.6353047997690737,0.03125,0.734375,0.765625
44,4,Event-Driven Ensemble,0.03980139968916774,0.6259552002884448,0.6657565999776125,0.015625,0.96875,0.984375
44,4,Adaptive Random Forest,0.040153800044208765,0.198383666574955,0.23853746661916375,0.03125,0.24479166666666666,0.27604166666666663
44,4,Adaptive Extra Trees,0.040153800044208765,0.198383666574955,0.23853746661916375,0.03125,0.24479166666666666,0.27604166666666663
44,4,Adaptive Gradient Boosting,0.040153800044208765,0.198383666574955,0.23853746661916375,0.03125,0.24479166666666666,0.27604166666666663
44,5,Frozen Model,0.037837599869817495,0.0,0.037837599869817495,0.015625,0.0,0.015625
44,5,Continuously Retrained Ensemble,0.03994680009782314,0.606387899722904,0.6463346998207271,0.0625,0.90625,0.96875
44,5,Event-Driven Ensemble,0.040058300364762545,0.5929670003242791,0.6330253006890416,0.03125,0.75,0.78125
44,5,Adaptive Random Forest,0.03994680009782314,0.20212929990763465,0.2420761000054578,0.0625,0.3020833333333333,0.3645833333333333
44,5,Adaptive Extra Trees,0.03994680009782314,0.20212929990763465,0.2420761000054578,0.0625,0.3020833333333333,0.3645833333333333
44,5,Adaptive Gradient Boosting,0.03994680009782314,0.20212929990763465,0.2420761000054578,0.0625,0.3020833333333333,0.3645833333333333
44,6,Frozen Model,0.03737730020657182,0.0,0.03737730020657182,0.046875,0.0,0.046875
44,6,Continuously Retrained Ensemble,0.038451800122857094,0.6336671998724341,0.6721189999952912,0.046875,0.90625,0.953125
44,6,Event-Driven Ensemble,0.03969420026987791,0.594940600451082,0.6346348007209599,0.03125,0.765625,0.796875
44,6,Adaptive Random Forest,0.038451800122857094,0.21122239995747805,0.24967420008033514,0.046875,0.3020833333333333,0.3489583333333333
44,6,Adaptive Extra Trees,0.038451800122857094,0.21122239995747805,0.24967420008033514,0.046875,0.3020833333333333,0.3489583333333333
44,6,Adaptive Gradient Boosting,0.038451800122857094,0.21122239995747805,0.24967420008033514,0.046875,0.3020833333333333,0.3489583333333333
44,7,Frozen Model,0.04315800033509731,0.0,0.04315800033509731,0.015625,0.0,0.015625
44,7,Continuously Retrained Ensemble,0.04103589989244938,0.6392440004274249,0.6802799003198743,0.046875,0.96875,1.015625
44,7,Event-Driven Ensemble,0.040686000138521194,0.6557378000579774,0.6964238001964986,0.03125,1.015625,1.046875
44,7,Adaptive Random Forest,0.04103589989244938,0.2130813334758083,0.25411723336825764,0.046875,0.3229166666666667,0.3697916666666667
44,7,Adaptive Extra Trees,0.04103589989244938,0.2130813334758083,0.25411723336825764,0.046875,0.3229166666666667,0.3697916666666667
44,7,Adaptive Gradient Boosting,0.04103589989244938,0.2130813334758083,0.25411723336825764,0.046875,0.3229166666666667,0.3697916666666667
44,8,Frozen Model,0.039054099936038256,0.0,0.039054099936038256,0.03125,0.0,0.03125
44,8,Continuously Retrained Ensemble,0.04154849983751774,0.701625700108707,0.7431741999462247,0.03125,1.015625,1.046875
44,8,Event-Driven Ensemble,0.05324680032208562,0.6822481998242438,0.7354950001463294,0.03125,0.90625,0.9375
44,8,Adaptive Random Forest,0.04154849983751774,0.23387523336956897,0.2754237332070867,0.03125,0.3385416666666667,0.3697916666666667
44,8,Adaptive Extra Trees,0.04154849983751774,0.23387523336956897,0.2754237332070867,0.03125,0.3385416666666667,0.3697916666666667
44,8,Adaptive Gradient Boosting,0.04154849983751774,0.23387523336956897,0.2754237332070867,0.03125,0.3385416666666667,0.3697916666666667
44,9,Frozen Model,0.037802199833095074,0.0,0.037802199833095074,0.046875,0.0,0.046875
44,9,Continuously Retrained Ensemble,0.039888300001621246,0.7566473004408181,0.7965356004424393,0.046875,0.859375,0.90625
44,9,Event-Driven Ensemble,0.04091820027679205,0.7051996001973748,0.7461178004741669,0.046875,0.75,0.796875
44,9,Adaptive Random Forest,0.039888300001621246,0.252215766813606,0.29210406681522727,0.046875,0.2864583333333333,0.3333333333333333
44,9,Adaptive Extra Trees,0.039888300001621246,0.252215766813606,0.29210406681522727,0.046875,0.2864583333333333,0.3333333333333333
44,9,Adaptive Gradient Boosting,0.039888300001621246,0.252215766813606,0.29210406681522727,0.046875,0.2864583333333333,0.3333333333333333
44,10,Frozen Model,0.04142479971051216,0.0,0.04142479971051216,0.046875,0.0,0.046875
44,10,Continuously Retrained Ensemble,0.042682799976319075,0.7569977003149688,0.7996805002912879,0.046875,1.203125,1.25
44,10,Event-Driven Ensemble,0.043046100065112114,0.729830099735409,0.7728761998005211,0.03125,1.109375,1.140625
44,10,Adaptive Random Forest,0.042682799976319075,0.2523325667716563,0.29501536674797535,0.046875,0.4010416666666667,0.4479166666666667
44,10,Adaptive Extra Trees,0.042682799976319075,0.2523325667716563,0.29501536674797535,0.046875,0.4010416666666667,0.4479166666666667
44,10,Adaptive Gradient Boosting,0.042682799976319075,0.2523325667716563,0.29501536674797535,0.046875,0.4010416666666667,0.4479166666666667
44,11,Frozen Model,0.03948439983651042,0.0,0.03948439983651042,0.0625,0.0,0.0625
44,11,Continuously Retrained Ensemble,0.03937970008701086,0.7715964997187257,0.8109761998057365,0.03125,1.140625,1.171875
44,11,Event-Driven Ensemble,0.04029530007392168,0.7314880001358688,0.7717833002097905,0.046875,1.0,1.046875
44,11,Adaptive Random Forest,0.03937970008701086,0.2571988332395752,0.29657853332658607,0.03125,0.3802083333333333,0.4114583333333333
44,11,Adaptive Extra Trees,0.03937970008701086,0.2571988332395752,0.29657853332658607,0.03125,0.3802083333333333,0.4114583333333333
44,11,Adaptive Gradient Boosting,0.03937970008701086,0.2571988332395752,0.29657853332658607,0.03125,0.3802083333333333,0.4114583333333333
44,12,Frozen Model,0.03735290002077818,0.0,0.03735290002077818,0.015625,0.0,0.015625
44,12,Continuously Retrained Ensemble,0.04119310015812516,0.808428400196135,0.8496215003542602,0.046875,1.15625,1.203125
44,12,Event-Driven Ensemble,0.08740479964762926,0.7679461999796331,0.8553509996272624,0.046875,0.921875,0.96875
44,12,Adaptive Random Forest,0.04119310015812516,0.2694761333987117,0.31066923355683684,0.046875,0.3854166666666667,0.4322916666666667
44,12,Adaptive Extra Trees,0.04119310015812516,0.2694761333987117,0.31066923355683684,0.046875,0.3854166666666667,0.4322916666666667
44,12,Adaptive Gradient Boosting,0.04119310015812516,0.2694761333987117,0.31066923355683684,0.046875,0.3854166666666667,0.4322916666666667
44,13,Frozen Model,0.0377548998221755,0.0,0.0377548998221755,0.03125,0.0,0.03125
44,13,Continuously Retrained Ensemble,0.039655699860304594,0.7881563999690115,0.8278120998293161,0.03125,1.09375,1.125
44,13,Event-Driven Ensemble,0.040449799969792366,0.8134036003611982,0.8538534003309906,0.0625,0.953125,1.015625
44,13,Adaptive Random Forest,0.039655699860304594,0.2627187999896705,0.3023744998499751,0.03125,0.3645833333333333,0.3958333333333333
44,13,Adaptive Extra Trees,0.039655699860304594,0.2627187999896705,0.3023744998499751,0.03125,0.3645833333333333,0.3958333333333333
44,13,Adaptive Gradient Boosting,0.039655699860304594,0.2627187999896705,0.3023744998499751,0.03125,0.3645833333333333,0.3958333333333333
44,14,Frozen Model,0.039029099978506565,0.0,0.039029099978506565,0.03125,0.0,0.03125
44,14,Continuously Retrained Ensemble,0.04404229996725917,0.8270707000046968,0.871112999971956,0.046875,1.21875,1.265625
44,14,Event-Driven Ensemble,0.042074600234627724,0.8363729999400675,0.8784476001746953,0.046875,1.0625,1.109375
44,14,Adaptive Random Forest,0.04404229996725917,0.27569023333489895,0.3197325333021581,0.046875,0.40625,0.453125
44,14,Adaptive Extra Trees,0.04404229996725917,0.27569023333489895,0.3197325333021581,0.046875,0.40625,0.453125
44,14,Adaptive Gradient Boosting,0.04404229996725917,0.27569023333489895,0.3197325333021581,0.046875,0.40625,0.453125
44,15,Frozen Model,0.03978600027039647,0.0,0.03978600027039647,0.046875,0.0,0.046875
44,15,Continuously Retrained Ensemble,0.04134840006008744,0.860571600496769,0.9019200005568564,0.046875,1.25,1.296875
44,15,Event-Driven Ensemble,0.03976790001615882,0.9023528997786343,0.9421207997947931,0.046875,1.28125,1.328125
44,15,Adaptive Random Forest,0.04134840006008744,0.28685720016558963,0.3282056002256771,0.046875,0.4166666666666667,0.4635416666666667
44,15,Adaptive Extra Trees,0.04134840006008744,0.28685720016558963,0.3282056002256771,0.046875,0.4166666666666667,0.4635416666666667
44,15,Adaptive Gradient Boosting,0.04134840006008744,0.28685720016558963,0.3282056002256771,0.046875,0.4166666666666667,0.4635416666666667
44,16,Frozen Model,0.03888400038704276,0.0,0.03888400038704276,0.03125,0.0,0.03125
44,16,Continuously Retrained Ensemble,0.03950880002230406,0.9693565997295082,1.0088653997518122,0.03125,1.359375,1.390625
44,16,Event-Driven Ensemble,0.03832740010693669,0.8471943996846676,0.8855217997916043,0.046875,1.34375,1.390625
44,16,Adaptive Random Forest,0.03950880002230406,0.32311886657650274,0.3626276665988068,0.03125,0.453125,0.484375
44,16,Adaptive Extra Trees,0.03950880002230406,0.32311886657650274,0.3626276665988068,0.03125,0.453125,0.484375
44,16,Adaptive Gradient Boosting,0.03950880002230406,0.32311886657650274,0.3626276665988068,0.03125,0.453125,0.484375
44,17,Frozen Model,0.060025600250810385,0.0,0.060025600250810385,0.03125,0.0,0.03125
44,17,Continuously Retrained Ensemble,0.041293200105428696,0.9258095002733171,0.9671027003787458,0.046875,1.203125,1.25
44,17,Event-Driven Ensemble,0.040761400014162064,0.0,0.040761400014162064,0.03125,0.0,0.03125
44,17,Adaptive Random Forest,0.041293200105428696,0.3086031667577724,0.3498963668632011,0.046875,0.4010416666666667,0.4479166666666667
44,17,Adaptive Extra Trees,0.041293200105428696,0.3086031667577724,0.3498963668632011,0.046875,0.4010416666666667,0.4479166666666667
44,17,Adaptive Gradient Boosting,0.041293200105428696,0.3086031667577724,0.3498963668632011,0.046875,0.4010416666666667,0.4479166666666667
44,18,Frozen Model,0.05427809990942478,0.0,0.05427809990942478,0.0625,0.0,0.0625
44,18,Continuously Retrained Ensemble,0.08339529996737838,0.9318360998295248,1.0152313997969031,0.0625,1.34375,1.40625
44,18,Event-Driven Ensemble,0.05215210001915693,0.8790543996728957,0.9312064996920526,0.03125,1.359375,1.390625
44,18,Adaptive Random Forest,0.08339529996737838,0.31061203327650827,0.39400733324388665,0.0625,0.4479166666666667,0.5104166666666667
44,18,Adaptive Extra Trees,0.08339529996737838,0.31061203327650827,0.39400733324388665,0.0625,0.4479166666666667,0.5104166666666667
44,18,Adaptive Gradient Boosting,0.08339529996737838,0.31061203327650827,0.39400733324388665,0.0625,0.4479166666666667,0.5104166666666667
44,19,Frozen Model,0.03931010002270341,0.0,0.03931010002270341,0.0625,0.0,0.0625
44,19,Continuously Retrained Ensemble,0.09509380022063851,0.9741503000259399,1.0692441002465785,0.03125,1.546875,1.578125
44,19,Event-Driven Ensemble,0.042157599702477455,0.9303509001620114,0.9725084998644888,0.046875,1.375,1.421875
44,19,Adaptive Random Forest,0.09509380022063851,0.3247167666753133,0.4198105668959518,0.03125,0.515625,0.546875
44,19,Adaptive Extra Trees,0.09509380022063851,0.3247167666753133,0.4198105668959518,0.03125,0.515625,0.546875
44,19,Adaptive Gradient Boosting,0.09509380022063851,0.3247167666753133,0.4198105668959518,0.03125,0.515625,0.546875
44,20,Frozen Model,0.03939200006425381,0.0,0.03939200006425381,0.03125,0.0,0.03125
44,20,Continuously Retrained Ensemble,0.04375459998846054,1.0525468993000686,1.0963014992885292,0.0625,1.578125,1.640625
44,20,Event-Driven Ensemble,0.04152380023151636,1.0024341000244021,1.0439579002559185,0.0625,1.53125,1.59375
44,20,Adaptive Random Forest,0.04375459998846054,0.3508489664333562,0.39460356642181676,0.0625,0.5260416666666666,0.5885416666666666
44,20,Adaptive Extra Trees,0.04375459998846054,0.3508489664333562,0.39460356642181676,0.0625,0.5260416666666666,0.5885416666666666
44,20,Adaptive Gradient Boosting,0.04375459998846054,0.3508489664333562,0.39460356642181676,0.0625,0.5260416666666666,0.5885416666666666
44,21,Frozen Model,0.037999500054866076,0.0,0.037999500054866076,0.046875,0.0,0.046875
44,21,Continuously Retrained Ensemble,0.0399493002332747,1.0837971000000834,1.1237464002333581,0.03125,1.625,1.65625
44,21,Event-Driven Ensemble,0.040555099956691265,1.0355612998828292,1.0761163998395205,0.0625,1.484375,1.546875
44,21,Adaptive Random Forest,0.0399493002332747,0.36126570000002783,0.40121500023330253,0.03125,0.5416666666666666,0.5729166666666666
44,21,Adaptive Extra Trees,0.0399493002332747,0.36126570000002783,0.40121500023330253,0.03125,0.5416666666666666,0.5729166666666666
44,21,Adaptive Gradient Boosting,0.0399493002332747,0.36126570000002783,0.40121500023330253,0.03125,0.5416666666666666,0.5729166666666666
44,22,Frozen Model,0.039400000125169754,0.0,0.039400000125169754,0.046875,0.0,0.046875
44,22,Continuously Retrained Ensemble,0.04063050029799342,1.1001978004351258,1.1408283007331192,0.03125,1.765625,1.796875
44,22,Event-Driven Ensemble,0.03920260025188327,0.0,0.03920260025188327,0.09375,0.0,0.09375
44,22,Adaptive Random Forest,0.04063050029799342,0.36673260014504194,0.40736310044303536,0.03125,0.5885416666666666,0.6197916666666666
44,22,Adaptive Extra Trees,0.04063050029799342,0.36673260014504194,0.40736310044303536,0.03125,0.5885416666666666,0.6197916666666666
44,22,Adaptive Gradient Boosting,0.04063050029799342,0.36673260014504194,0.40736310044303536,0.03125,0.5885416666666666,0.6197916666666666
44,23,Frozen Model,0.03854250023141503,0.0,0.03854250023141503,0.0625,0.0,0.0625
44,23,Continuously Retrained Ensemble,0.04027410037815571,1.2175427004694939,1.2578168008476496,0.09375,1.671875,1.765625
44,23,Event-Driven Ensemble,0.05245720036327839,1.4222495998255908,1.4747068001888692,0.046875,1.953125,2.0
44,23,Adaptive Random Forest,0.04027410037815571,0.40584756682316464,0.44612166720132035,0.09375,0.5572916666666666,0.6510416666666666
44,23,Adaptive Extra Trees,0.04027410037815571,0.40584756682316464,0.44612166720132035,0.09375,0.5572916666666666,0.6510416666666666
44,23,Adaptive Gradient Boosting,0.04027410037815571,0.40584756682316464,0.44612166720132035,0.09375,0.5572916666666666,0.6510416666666666
44,24,Frozen Model,0.054326700046658516,0.0,0.054326700046658516,0.046875,0.0,0.046875
44,24,Continuously Retrained Ensemble,0.09532199986279011,1.4218279994092882,1.5171499992720783,0.03125,1.90625,1.9375
44,24,Event-Driven Ensemble,0.04648459982126951,1.1727859997190535,1.219270599540323,0.0625,1.734375,1.796875
44,24,Adaptive Random Forest,0.09532199986279011,0.47394266646976274,0.5692646663325529,0.03125,0.6354166666666666,0.6666666666666666
44,24,Adaptive Extra Trees,0.09532199986279011,0.47394266646976274,0.5692646663325529,0.03125,0.6354166666666666,0.6666666666666666
44,24,Adaptive Gradient Boosting,0.09532199986279011,0.47394266646976274,0.5692646663325529,0.03125,0.6354166666666666,0.6666666666666666
44,25,Frozen Model,0.03862849995493889,0.0,0.03862849995493889,0.046875,0.0,0.046875
44,25,Continuously Retrained Ensemble,0.10387540003284812,1.3221628000028431,1.4260382000356913,0.046875,1.78125,1.828125
44,25,Event-Driven Ensemble,0.042801099829375744,1.1317252996377647,1.1745263994671404,0.078125,1.71875,1.796875
44,25,Adaptive Random Forest,0.10387540003284812,0.44072093333428103,0.5445963333671291,0.046875,0.59375,0.640625
44,25,Adaptive Extra Trees,0.10387540003284812,0.44072093333428103,0.5445963333671291,0.046875,0.59375,0.640625
44,25,Adaptive Gradient Boosting,0.10387540003284812,0.44072093333428103,0.5445963333671291,0.046875,0.59375,0.640625
44,26,Frozen Model,0.03785420022904873,0.0,0.03785420022904873,0.03125,0.0,0.03125
44,26,Continuously Retrained Ensemble,0.03832500008866191,1.1541377995163202,1.1924627996049821,0.03125,1.8125,1.84375
44,26,Event-Driven Ensemble,0.03862580005079508,1.1250702003017068,1.1636960003525019,0.03125,1.703125,1.734375
44,26,Adaptive Random Forest,0.03832500008866191,0.38471259983877343,0.42303759992743534,0.03125,0.6041666666666666,0.6354166666666666
44,26,Adaptive Extra Trees,0.03832500008866191,0.38471259983877343,0.42303759992743534,0.03125,0.6041666666666666,0.6354166666666666
44,26,Adaptive Gradient Boosting,0.03832500008866191,0.38471259983877343,0.42303759992743534,0.03125,0.6041666666666666,0.6354166666666666
44,27,Frozen Model,0.04046629974618554,0.0,0.04046629974618554,0.03125,0.0,0.03125
44,27,Continuously Retrained Ensemble,0.04062579991295934,1.2162293000146747,1.256855099927634,0.03125,1.984375,2.015625
44,27,Event-Driven Ensemble,0.04031559964641929,1.1792793003842235,1.2195949000306427,0.046875,1.765625,1.8125
44,27,Adaptive Random Forest,0.04062579991295934,0.4054097666715582,0.44603556658451754,0.03125,0.6614583333333334,0.6927083333333334
44,27,Adaptive Extra Trees,0.04062579991295934,0.4054097666715582,0.44603556658451754,0.03125,0.6614583333333334,0.6927083333333334
44,27,Adaptive Gradient Boosting,0.04062579991295934,0.4054097666715582,0.44603556658451754,0.03125,0.6614583333333334,0.6927083333333334
44,28,Frozen Model,0.04155940003693104,0.0,0.04155940003693104,0.0625,0.0,0.0625
44,28,Continuously Retrained Ensemble,0.04035050002858043,1.2606261000037193,1.3009766000322998,0.09375,1.890625,1.984375
44,28,Event-Driven Ensemble,0.049558000173419714,0.0,0.049558000173419714,0.046875,0.0,0.046875
44,28,Adaptive Random Forest,0.04035050002858043,0.4202087000012398,0.4605592000298202,0.09375,0.6302083333333334,0.7239583333333334
44,28,Adaptive Extra Trees,0.04035050002858043,0.4202087000012398,0.4605592000298202,0.09375,0.6302083333333334,0.7239583333333334
44,28,Adaptive Gradient Boosting,0.04035050002858043,0.4202087000012398,0.4605592000298202,0.09375,0.6302083333333334,0.7239583333333334
44,29,Frozen Model,0.03789739962667227,0.0,0.03789739962667227,0.0625,0.0,0.0625
44,29,Continuously Retrained Ensemble,0.038269799668341875,1.3318034000694752,1.370073199737817,0.03125,2.0,2.03125
44,29,Event-Driven Ensemble,0.03767549991607666,1.246816299855709,1.2844917997717857,0.046875,1.859375,1.90625
44,29,Adaptive Random Forest,0.038269799668341875,0.44393446668982506,0.48220426635816693,0.03125,0.6666666666666666,0.6979166666666666
44,29,Adaptive Extra Trees,0.038269799668341875,0.44393446668982506,0.48220426635816693,0.03125,0.6666666666666666,0.6979166666666666
44,29,Adaptive Gradient Boosting,0.038269799668341875,0.44393446668982506,0.48220426635816693,0.03125,0.6666666666666666,0.6979166666666666
44,30,Frozen Model,0.03768330020830035,0.0,0.03768330020830035,0.046875,0.0,0.046875
44,30,Continuously Retrained Ensemble,0.03821199992671609,1.319919700268656,1.358131700195372,0.03125,1.921875,1.953125
44,30,Event-Driven Ensemble,0.04015849996358156,1.247075500432402,1.2872340003959835,0.03125,1.921875,1.953125
44,30,Adaptive Random Forest,0.03821199992671609,0.43997323342288536,0.47818523334960145,0.03125,0.640625,0.671875
44,30,Adaptive Extra Trees,0.03821199992671609,0.43997323342288536,0.47818523334960145,0.03125,0.640625,0.671875
44,30,Adaptive Gradient Boosting,0.03821199992671609,0.43997323342288536,0.47818523334960145,0.03125,0.640625,0.671875
44,31,Frozen Model,0.03679580008611083,0.0,0.03679580008611083,0.03125,0.0,0.03125
44,31,Continuously Retrained Ensemble,0.03951899986714125,1.2841352000832558,1.323654199950397,0.09375,1.96875,2.0625
44,31,Event-Driven Ensemble,0.03933890024200082,0.0,0.03933890024200082,0.03125,0.0,0.03125
44,31,Adaptive Random Forest,0.03951899986714125,0.4280450666944186,0.46756406656155985,0.09375,0.65625,0.75
44,31,Adaptive Extra Trees,0.03951899986714125,0.4280450666944186,0.46756406656155985,0.09375,0.65625,0.75
44,31,Adaptive Gradient Boosting,0.03951899986714125,0.4280450666944186,0.46756406656155985,0.09375,0.65625,0.75
44,32,Frozen Model,0.053549700416624546,0.0,0.053549700416624546,0.0625,0.0,0.0625
44,32,Continuously Retrained Ensemble,0.039840399753302336,1.2841781000606716,1.324018499813974,0.03125,2.046875,2.078125
44,32,Event-Driven Ensemble,0.038765800185501575,0.0,0.038765800185501575,0.046875,0.0,0.046875
44,32,Adaptive Random Forest,0.039840399753302336,0.42805936668689054,0.4678997664401929,0.03125,0.6822916666666666,0.7135416666666666
44,32,Adaptive Extra Trees,0.039840399753302336,0.42805936668689054,0.4678997664401929,0.03125,0.6822916666666666,0.7135416666666666
44,32,Adaptive Gradient Boosting,0.039840399753302336,0.42805936668689054,0.4678997664401929,0.03125,0.6822916666666666,0.7135416666666666
44,33,Frozen Model,0.04943469958379865,0.0,0.04943469958379865,0.046875,0.0,0.046875
44,33,Continuously Retrained Ensemble,0.04171889973804355,1.4396486999467015,1.481367599684745,0.0625,2.3125,2.375
44,33,Event-Driven Ensemble,0.03859829995781183,1.4230775004252791,1.461675800383091,0.03125,2.03125,2.0625
44,33,Adaptive Random Forest,0.04171889973804355,0.4798828999822338,0.5216017997202773,0.0625,0.7708333333333334,0.8333333333333334
44,33,Adaptive Extra Trees,0.04171889973804355,0.4798828999822338,0.5216017997202773,0.0625,0.7708333333333334,0.8333333333333334
44,33,Adaptive Gradient Boosting,0.04171889973804355,0.4798828999822338,0.5216017997202773,0.0625,0.7708333333333334,0.8333333333333334
44,34,Frozen Model,0.037745899986475706,0.0,0.037745899986475706,0.03125,0.0,0.03125
44,34,Continuously Retrained Ensemble,0.04262570012360811,1.3471149001270533,1.3897406002506614,0.03125,2.046875,2.078125
44,34,Event-Driven Ensemble,0.0439325999468565,1.3256666003726423,1.3695992003194988,0.03125,2.09375,2.125
44,34,Adaptive Random Forest,0.04262570012360811,0.44903830004235107,0.4916640001659592,0.03125,0.6822916666666666,0.7135416666666666
44,34,Adaptive Extra Trees,0.04262570012360811,0.44903830004235107,0.4916640001659592,0.03125,0.6822916666666666,0.7135416666666666
44,34,Adaptive Gradient Boosting,0.04262570012360811,0.44903830004235107,0.4916640001659592,0.03125,0.6822916666666666,0.7135416666666666
44,35,Frozen Model,0.03981389990076423,0.0,0.03981389990076423,0.03125,0.0,0.03125
44,35,Continuously Retrained Ensemble,0.04388709971681237,1.4025602005422115,1.446447300259024,0.03125,2.21875,2.25
44,35,Event-Driven Ensemble,0.04112820001319051,1.4290252006612718,1.4701534006744623,0.078125,2.140625,2.21875
44,35,Adaptive Random Forest,0.04388709971681237,0.4675200668474038,0.5114071665642161,0.03125,0.7395833333333334,0.7708333333333334
44,35,Adaptive Extra Trees,0.04388709971681237,0.4675200668474038,0.5114071665642161,0.03125,0.7395833333333334,0.7708333333333334
44,35,Adaptive Gradient Boosting,0.04388709971681237,0.4675200668474038,0.5114071665642161,0.03125,0.7395833333333334,0.7708333333333334
44,36,Frozen Model,0.03675580024719238,0.0,0.03675580024719238,0.03125,0.0,0.03125
44,36,Continuously Retrained Ensemble,0.03791660023853183,1.4729991997592151,1.510915799997747,0.046875,2.3125,2.359375
44,36,Event-Driven Ensemble,0.04266480030491948,1.4289832999929786,1.471648100297898,0.03125,2.25,2.28125
44,36,Adaptive Random Forest,0.03791660023853183,0.4909997332530717,0.5289163334916036,0.046875,0.7708333333333334,0.8177083333333334
44,36,Adaptive Extra Trees,0.03791660023853183,0.4909997332530717,0.5289163334916036,0.046875,0.7708333333333334,0.8177083333333334
44,36,Adaptive Gradient Boosting,0.03791660023853183,0.4909997332530717,0.5289163334916036,0.046875,0.7708333333333334,0.8177083333333334
44,37,Frozen Model,0.03778850007802248,0.0,0.03778850007802248,0.046875,0.0,0.046875
44,37,Continuously Retrained Ensemble,0.05107229994609952,1.4617928001098335,1.512865100055933,0.0625,2.375,2.4375
44,37,Event-Driven Ensemble,0.041490199975669384,1.4036907996051013,1.4451809995807707,0.046875,1.984375,2.03125
44,37,Adaptive Random Forest,0.05107229994609952,0.4872642667032778,0.5383365666493773,0.0625,0.7916666666666666,0.8541666666666666
44,37,Adaptive Extra Trees,0.05107229994609952,0.4872642667032778,0.5383365666493773,0.0625,0.7916666666666666,0.8541666666666666
44,37,Adaptive Gradient Boosting,0.05107229994609952,0.4872642667032778,0.5383365666493773,0.0625,0.7916666666666666,0.8541666666666666
45,0,Frozen Model,0.05180660029873252,0.0,0.05180660029873252,0.03125,0.0,0.03125
45,0,Continuously Retrained Ensemble,0.03887029970064759,0.5132642998360097,0.5521345995366573,0.046875,0.53125,0.578125
45,0,Event-Driven Ensemble,0.0404746001586318,0.0,0.0404746001586318,0.046875,0.0,0.046875
45,0,Adaptive Random Forest,0.03887029970064759,0.17108809994533658,0.20995839964598417,0.046875,0.17708333333333334,0.22395833333333334
45,0,Adaptive Extra Trees,0.03887029970064759,0.17108809994533658,0.20995839964598417,0.046875,0.17708333333333334,0.22395833333333334
45,0,Adaptive Gradient Boosting,0.03887029970064759,0.17108809994533658,0.20995839964598417,0.046875,0.17708333333333334,0.22395833333333334
45,1,Frozen Model,0.0399403995834291,0.0,0.0399403995834291,0.046875,0.0,0.046875
45,1,Continuously Retrained Ensemble,0.040913000237196684,0.5551406005397439,0.5960536007769406,0.046875,0.734375,0.78125
45,1,Event-Driven Ensemble,0.057828500401228666,0.8117426997050643,0.869571200106293,0.046875,0.875,0.921875
45,1,Adaptive Random Forest,0.040913000237196684,0.1850468668465813,0.225959867083778,0.046875,0.24479166666666666,0.29166666666666663
45,1,Adaptive Extra Trees,0.040913000237196684,0.1850468668465813,0.225959867083778,0.046875,0.24479166666666666,0.29166666666666663
45,1,Adaptive Gradient Boosting,0.040913000237196684,0.1850468668465813,0.225959867083778,0.046875,0.24479166666666666,0.29166666666666663
45,2,Frozen Model,0.10083250002935529,0.0,0.10083250002935529,0.046875,0.0,0.046875
45,2,Continuously Retrained Ensemble,0.11097960034385324,0.7467270991764963,0.8577066995203495,0.109375,0.890625,1.0
45,2,Event-Driven Ensemble,0.09859109995886683,0.6407486996613443,0.7393397996202111,0.078125,1.046875,1.125
45,2,Adaptive Random Forest,0.11097960034385324,0.24890903305883208,0.3598886334026853,0.109375,0.296875,0.40625
45,2,Adaptive Extra Trees,0.11097960034385324,0.24890903305883208,0.3598886334026853,0.109375,0.296875,0.40625
45,2,Adaptive Gradient Boosting,0.11097960034385324,0.24890903305883208,0.3598886334026853,0.109375,0.296875,0.40625
45,3,Frozen Model,0.0815463000908494,0.0,0.0815463000908494,0.0625,0.0,0.0625
45,3,Continuously Retrained Ensemble,0.12571629974991083,0.6834841999225318,0.8092004996724427,0.109375,1.0,1.109375
45,3,Event-Driven Ensemble,0.07194900000467896,0.0,0.07194900000467896,0.109375,0.0,0.109375
45,3,Adaptive Random Forest,0.12571629974991083,0.22782806664084396,0.3535443663907548,0.109375,0.3333333333333333,0.4427083333333333
45,3,Adaptive Extra Trees,0.12571629974991083,0.22782806664084396,0.3535443663907548,0.109375,0.3333333333333333,0.4427083333333333
45,3,Adaptive Gradient Boosting,0.12571629974991083,0.22782806664084396,0.3535443663907548,0.109375,0.3333333333333333,0.4427083333333333
45,4,Frozen Model,0.05695489980280399,0.0,0.05695489980280399,0.046875,0.0,0.046875
45,4,Continuously Retrained Ensemble,0.06762389978393912,0.9913488999009132,1.0589727996848524,0.0625,1.1875,1.25
45,4,Event-Driven Ensemble,0.057651299983263016,1.3716297997161746,1.4292810996994376,0.078125,1.703125,1.78125
45,4,Adaptive Random Forest,0.06762389978393912,0.3304496333003044,0.39807353308424354,0.0625,0.3958333333333333,0.4583333333333333
45,4,Adaptive Extra Trees,0.06762389978393912,0.3304496333003044,0.39807353308424354,0.0625,0.3958333333333333,0.4583333333333333
45,4,Adaptive Gradient Boosting,0.06762389978393912,0.3304496333003044,0.39807353308424354,0.0625,0.3958333333333333,0.4583333333333333
45,5,Frozen Model,0.08249800000339746,0.0,0.08249800000339746,0.109375,0.0,0.109375
45,5,Continuously Retrained Ensemble,0.09595820028334856,1.348859699908644,1.4448179001919925,0.0625,1.546875,1.609375
45,5,Event-Driven Ensemble,0.08062459994107485,1.2002538000233471,1.280878399964422,0.078125,1.53125,1.609375
45,5,Adaptive Random Forest,0.09595820028334856,0.449619899969548,0.5455781002528965,0.0625,0.515625,0.578125
45,5,Adaptive Extra Trees,0.09595820028334856,0.449619899969548,0.5455781002528965,0.0625,0.515625,0.578125
45,5,Adaptive Gradient Boosting,0.09595820028334856,0.449619899969548,0.5455781002528965,0.0625,0.515625,0.578125
45,6,Frozen Model,0.08566590026021004,0.0,0.08566590026021004,0.046875,0.0,0.046875
45,6,Continuously Retrained Ensemble,0.07703409995883703,1.1237155995331705,1.2007496994920075,0.046875,1.359375,1.40625
45,6,Event-Driven Ensemble,0.08840549970045686,1.1222466002218425,1.2106520999222994,0.109375,1.421875,1.53125
45,6,Adaptive Random Forest,0.07703409995883703,0.37457186651105684,0.45160596646989387,0.046875,0.453125,0.5
45,6,Adaptive Extra Trees,0.07703409995883703,0.37457186651105684,0.45160596646989387,0.046875,0.453125,0.5
45,6,Adaptive Gradient Boosting,0.07703409995883703,0.37457186651105684,0.45160596646989387,0.046875,0.453125,0.5
45,7,Frozen Model,0.07004920020699501,0.0,0.07004920020699501,0.078125,0.0,0.078125
45,7,Continuously Retrained Ensemble,0.14262669999152422,1.1897242995910347,1.3323509995825589,0.078125,1.5625,1.640625
45,7,Event-Driven Ensemble,0.16276120021939278,1.6202182997949421,1.782979500014335,0.09375,1.625,1.71875
45,7,Adaptive Random Forest,0.14262669999152422,0.3965747665303449,0.5392014665218692,0.078125,0.5208333333333334,0.5989583333333334
45,7,Adaptive Extra Trees,0.14262669999152422,0.3965747665303449,0.5392014665218692,0.078125,0.5208333333333334,0.5989583333333334
45,7,Adaptive Gradient Boosting,0.14262669999152422,0.3965747665303449,0.5392014665218692,0.078125,0.5208333333333334,0.5989583333333334
45,8,Frozen Model,0.14091229997575283,0.0,0.14091229997575283,0.078125,0.0,0.078125
45,8,Continuously Retrained Ensemble,0.23771549994125962,1.553006099537015,1.7907215994782746,0.1875,1.796875,1.984375
45,8,Event-Driven Ensemble,0.17510499991476536,1.3211165997199714,1.4962215996347368,0.078125,1.765625,1.84375
45,8,Adaptive Random Forest,0.23771549994125962,0.5176686998456717,0.7553841997869313,0.1875,0.5989583333333334,0.7864583333333334
45,8,Adaptive Extra Trees,0.23771549994125962,0.5176686998456717,0.7553841997869313,0.1875,0.5989583333333334,0.7864583333333334
45,8,Adaptive Gradient Boosting,0.23771549994125962,0.5176686998456717,0.7553841997869313,0.1875,0.5989583333333334,0.7864583333333334
45,9,Frozen Model,0.08524849964305758,0.0,0.08524849964305758,0.078125,0.0,0.078125
45,9,Continuously Retrained Ensemble,0.07888519996777177,1.455813500098884,1.5346987000666559,0.0625,1.8125,1.875
45,9,Event-Driven Ensemble,0.08187719993293285,1.4078897000290453,1.4897668999619782,0.078125,1.828125,1.90625
45,9,Adaptive Random Forest,0.07888519996777177,0.48527116669962805,0.5641563666673999,0.0625,0.6041666666666666,0.6666666666666666
45,9,Adaptive Extra Trees,0.07888519996777177,0.48527116669962805,0.5641563666673999,0.0625,0.6041666666666666,0.6666666666666666
45,9,Adaptive Gradient Boosting,0.07888519996777177,0.48527116669962805,0.5641563666673999,0.0625,0.6041666666666666,0.6666666666666666
45,10,Frozen Model,0.07948049996048212,0.0,0.07948049996048212,0.078125,0.0,0.078125
45,10,Continuously Retrained Ensemble,0.07929580006748438,1.1220847992226481,1.2013805992901325,0.046875,1.734375,1.78125
45,10,Event-Driven Ensemble,0.0756076998077333,1.1515399999916553,1.2271476997993886,0.0625,1.578125,1.640625
45,10,Adaptive Random Forest,0.07929580006748438,0.3740282664075494,0.45332406647503376,0.046875,0.578125,0.625
45,10,Adaptive Extra Trees,0.07929580006748438,0.3740282664075494,0.45332406647503376,0.046875,0.578125,0.625
45,10,Adaptive Gradient Boosting,0.07929580006748438,0.3740282664075494,0.45332406647503376,0.046875,0.578125,0.625
45,11,Frozen Model,0.06085969973355532,0.0,0.06085969973355532,0.078125,0.0,0.078125
45,11,Continuously Retrained Ensemble,0.12388049997389317,1.1311523001641035,1.2550328001379967,0.109375,1.640625,1.75
45,11,Event-Driven Ensemble,0.07031360035762191,1.0447820997796953,1.1150957001373172,0.046875,1.28125,1.328125
45,11,Adaptive Random Forest,0.12388049997389317,0.37705076672136784,0.500931266695261,0.109375,0.546875,0.65625
45,11,Adaptive Extra Trees,0.12388049997389317,0.37705076672136784,0.500931266695261,0.109375,0.546875,0.65625
45,11,Adaptive Gradient Boosting,0.12388049997389317,0.37705076672136784,0.500931266695261,0.109375,0.546875,0.65625
45,12,Frozen Model,0.0539707001298666,0.0,0.0539707001298666,0.046875,0.0,0.046875
45,12,Continuously Retrained Ensemble,0.08292930014431477,1.2142563997767866,1.2971856999211013,0.046875,1.703125,1.75
45,12,Event-Driven Ensemble,0.07509500021114945,1.2042922996915877,1.2793872999027371,0.046875,1.578125,1.625
45,12,Adaptive Random Forest,0.08292930014431477,0.40475213325892884,0.4876814334032436,0.046875,0.5677083333333334,0.6145833333333334
45,12,Adaptive Extra Trees,0.08292930014431477,0.40475213325892884,0.4876814334032436,0.046875,0.5677083333333334,0.6145833333333334
45,12,Adaptive Gradient Boosting,0.08292930014431477,0.40475213325892884,0.4876814334032436,0.046875,0.5677083333333334,0.6145833333333334
45,13,Frozen Model,0.08083210000768304,0.0,0.08083210000768304,0.0625,0.0,0.0625
45,13,Continuously Retrained Ensemble,0.07074230024591088,1.1769725997000933,1.2477148999460042,0.09375,1.5625,1.65625
45,13,Event-Driven Ensemble,0.07092999992892146,1.183345100376755,1.2542751003056765,0.046875,1.59375,1.640625
45,13,Adaptive Random Forest,0.07074230024591088,0.3923241999000311,0.463066500145942,0.09375,0.5208333333333334,0.6145833333333334
45,13,Adaptive Extra Trees,0.07074230024591088,0.3923241999000311,0.463066500145942,0.09375,0.5208333333333334,0.6145833333333334
45,13,Adaptive Gradient Boosting,0.07074230024591088,0.3923241999000311,0.463066500145942,0.09375,0.5208333333333334,0.6145833333333334
45,14,Frozen Model,0.09307780023664236,0.0,0.09307780023664236,0.078125,0.0,0.078125
45,14,Continuously Retrained Ensemble,0.06241159979254007,1.2298513995483518,1.2922629993408918,0.0625,1.671875,1.734375
45,14,Event-Driven Ensemble,0.06866030022501945,1.1651892000809312,1.2338495003059506,0.03125,1.578125,1.609375
45,14,Adaptive Random Forest,0.06241159979254007,0.4099504665161173,0.47236206630865735,0.0625,0.5572916666666666,0.6197916666666666
45,14,Adaptive Extra Trees,0.06241159979254007,0.4099504665161173,0.47236206630865735,0.0625,0.5572916666666666,0.6197916666666666
45,14,Adaptive Gradient Boosting,0.06241159979254007,0.4099504665161173,0.47236206630865735,0.0625,0.5572916666666666,0.6197916666666666
45,15,Frozen Model,0.05883869994431734,0.0,0.05883869994431734,0.078125,0.0,0.078125
45,15,Continuously Retrained Ensemble,0.06905850023031235,1.2847241996787488,1.3537826999090612,0.0625,1.78125,1.84375
45,15,Event-Driven Ensemble,0.06782610015943646,1.5046948003582656,1.572520900517702,0.09375,1.703125,1.796875
45,15,Adaptive Random Forest,0.06905850023031235,0.42824139989291626,0.4972999001232286,0.0625,0.59375,0.65625
45,15,Adaptive Extra Trees,0.06905850023031235,0.42824139989291626,0.4972999001232286,0.0625,0.59375,0.65625
45,15,Adaptive Gradient Boosting,0.06905850023031235,0.42824139989291626,0.4972999001232286,0.0625,0.59375,0.65625
45,16,Frozen Model,0.0767421000637114,0.0,0.0767421000637114,0.0625,0.0,0.0625
45,16,Continuously Retrained Ensemble,0.07469929987564683,1.393776599317789,1.468475899193436,0.0625,1.953125,2.015625
45,16,Event-Driven Ensemble,0.07752180006355047,1.2504471000283957,1.3279689000919461,0.078125,1.75,1.828125
45,16,Adaptive Random Forest,0.07469929987564683,0.46459219977259636,0.5392914996482432,0.0625,0.6510416666666666,0.7135416666666666
45,16,Adaptive Extra Trees,0.07469929987564683,0.46459219977259636,0.5392914996482432,0.0625,0.6510416666666666,0.7135416666666666
45,16,Adaptive Gradient Boosting,0.07469929987564683,0.46459219977259636,0.5392914996482432,0.0625,0.6510416666666666,0.7135416666666666
45,17,Frozen Model,0.06316079990938306,0.0,0.06316079990938306,0.03125,0.0,0.03125
45,17,Continuously Retrained Ensemble,0.05850419960916042,1.3828691998496652,1.4413733994588256,0.0625,1.984375,2.046875
45,17,Event-Driven Ensemble,0.07120449980720878,0.0,0.07120449980720878,0.046875,0.0,0.046875
45,17,Adaptive Random Forest,0.05850419960916042,0.4609563999498884,0.5194605995590489,0.0625,0.6614583333333334,0.7239583333333334
45,17,Adaptive Extra Trees,0.05850419960916042,0.4609563999498884,0.5194605995590489,0.0625,0.6614583333333334,0.7239583333333334
45,17,Adaptive Gradient Boosting,0.05850419960916042,0.4609563999498884,0.5194605995590489,0.0625,0.6614583333333334,0.7239583333333334
45,18,Frozen Model,0.06500389985740185,0.0,0.06500389985740185,0.03125,0.0,0.03125
45,18,Continuously Retrained Ensemble,0.06377269979566336,1.4649030002765357,1.528675700072199,0.046875,2.21875,2.265625
45,18,Event-Driven Ensemble,0.07712289970368147,1.6047843997366726,1.681907299440354,0.109375,2.140625,2.25
45,18,Adaptive Random Forest,0.06377269979566336,0.4883010000921786,0.5520736998878419,0.046875,0.7395833333333334,0.7864583333333334
45,18,Adaptive Extra Trees,0.06377269979566336,0.4883010000921786,0.5520736998878419,0.046875,0.7395833333333334,0.7864583333333334
45,18,Adaptive Gradient Boosting,0.06377269979566336,0.4883010000921786,0.5520736998878419,0.046875,0.7395833333333334,0.7864583333333334
45,19,Frozen Model,0.09269869979470968,0.0,0.09269869979470968,0.125,0.0,0.125
45,19,Continuously Retrained Ensemble,0.07551550026983023,1.45194139983505,1.5274569001048803,0.078125,2.171875,2.25
45,19,Event-Driven Ensemble,0.08556359959766269,1.4237326001748443,1.509296199772507,0.0625,1.96875,2.03125
45,19,Adaptive Random Forest,0.07551550026983023,0.48398046661168337,0.5594959668815136,0.078125,0.7239583333333334,0.8020833333333334
45,19,Adaptive Extra Trees,0.07551550026983023,0.48398046661168337,0.5594959668815136,0.078125,0.7239583333333334,0.8020833333333334
45,19,Adaptive Gradient Boosting,0.07551550026983023,0.48398046661168337,0.5594959668815136,0.078125,0.7239583333333334,0.8020833333333334
45,20,Frozen Model,0.05336009990423918,0.0,0.05336009990423918,0.03125,0.0,0.03125
45,20,Continuously Retrained Ensemble,0.0702856001444161,1.544661100488156,1.6149467006325722,0.046875,2.3125,2.359375
45,20,Event-Driven Ensemble,0.06664599990472198,1.5292107001878321,1.595856700092554,0.046875,2.203125,2.25
45,20,Adaptive Random Forest,0.0702856001444161,0.514887033496052,0.5851726336404681,0.046875,0.7708333333333334,0.8177083333333334
45,20,Adaptive Extra Trees,0.0702856001444161,0.514887033496052,0.5851726336404681,0.046875,0.7708333333333334,0.8177083333333334
45,20,Adaptive Gradient Boosting,0.0702856001444161,0.514887033496052,0.5851726336404681,0.046875,0.7708333333333334,0.8177083333333334
45,21,Frozen Model,0.07362299971282482,0.0,0.07362299971282482,0.109375,0.0,0.109375
45,21,Continuously Retrained Ensemble,0.21288610016927123,1.5432763998396695,1.7561625000089407,0.03125,2.234375,2.265625
45,21,Event-Driven Ensemble,0.07145680021494627,1.437786400783807,1.5092432009987533,0.078125,2.0625,2.140625
45,21,Adaptive Random Forest,0.21288610016927123,0.5144254666132232,0.7273115667824944,0.03125,0.7447916666666666,0.7760416666666666
45,21,Adaptive Extra Trees,0.21288610016927123,0.5144254666132232,0.7273115667824944,0.03125,0.7447916666666666,0.7760416666666666
45,21,Adaptive Gradient Boosting,0.21288610016927123,0.5144254666132232,0.7273115667824944,0.03125,0.7447916666666666,0.7760416666666666
45,22,Frozen Model,0.07180640008300543,0.0,0.07180640008300543,0.0625,0.0,0.0625
45,22,Continuously Retrained Ensemble,0.05849070008844137,1.5394656001590192,1.5979563002474606,0.09375,2.3125,2.40625
45,22,Event-Driven Ensemble,0.06544330017641187,0.0,0.06544330017641187,0.03125,0.0,0.03125
45,22,Adaptive Random Forest,0.05849070008844137,0.5131552000530064,0.5716459001414478,0.09375,0.7708333333333334,0.8645833333333334
45,22,Adaptive Extra Trees,0.05849070008844137,0.5131552000530064,0.5716459001414478,0.09375,0.7708333333333334,0.8645833333333334
45,22,Adaptive Gradient Boosting,0.05849070008844137,0.5131552000530064,0.5716459001414478,0.09375,0.7708333333333334,0.8645833333333334
45,23,Frozen Model,0.06749029969796538,0.0,0.06749029969796538,0.03125,0.0,0.03125
45,23,Continuously Retrained Ensemble,0.06955809984356165,1.5235074004158378,1.5930655002593994,0.0625,2.3125,2.375
45,23,Event-Driven Ensemble,0.059881099965423346,1.4662879998795688,1.5261690998449922,0.046875,2.109375,2.15625
45,23,Adaptive Random Forest,0.06955809984356165,0.5078358001386126,0.5773938999821743,0.0625,0.7708333333333334,0.8333333333333334
45,23,Adaptive Extra Trees,0.06955809984356165,0.5078358001386126,0.5773938999821743,0.0625,0.7708333333333334,0.8333333333333334
45,23,Adaptive Gradient Boosting,0.06955809984356165,0.5078358001386126,0.5773938999821743,0.0625,0.7708333333333334,0.8333333333333334
45,24,Frozen Model,0.043710900004953146,0.0,0.043710900004953146,0.03125,0.0,0.03125
45,24,Continuously Retrained Ensemble,0.07107910001650453,1.5244163000024855,1.59549540001899,0.046875,2.0625,2.109375
45,24,Event-Driven Ensemble,0.06870120018720627,1.4691109997220337,1.53781219990924,0.03125,2.0625,2.09375
45,24,Adaptive Random Forest,0.07107910001650453,0.5081387666674951,0.5792178666839997,0.046875,0.6875,0.734375
45,24,Adaptive Extra Trees,0.07107910001650453,0.5081387666674951,0.5792178666839997,0.046875,0.6875,0.734375
45,24,Adaptive Gradient Boosting,0.07107910001650453,0.5081387666674951,0.5792178666839997,0.046875,0.6875,0.734375
45,25,Frozen Model,0.05267020035535097,0.0,0.05267020035535097,0.015625,0.0,0.015625
45,25,Continuously Retrained Ensemble,0.0740473996847868,1.6165546998381615,1.6906020995229483,0.109375,2.21875,2.328125
45,25,Event-Driven Ensemble,0.06705049984157085,1.713644899893552,1.780695399735123,0.046875,2.1875,2.234375
45,25,Adaptive Random Forest,0.0740473996847868,0.5388515666127205,0.6128989662975073,0.109375,0.7395833333333334,0.8489583333333334
45,25,Adaptive Extra Trees,0.0740473996847868,0.5388515666127205,0.6128989662975073,0.109375,0.7395833333333334,0.8489583333333334
45,25,Adaptive Gradient Boosting,0.0740473996847868,0.5388515666127205,0.6128989662975073,0.109375,0.7395833333333334,0.8489583333333334
45,26,Frozen Model,0.06963729998096824,0.0,0.06963729998096824,0.109375,0.0,0.109375
45,26,Continuously Retrained Ensemble,0.07518750010058284,1.6861441009677947,1.7613316010683775,0.0625,2.578125,2.640625
45,26,Event-Driven Ensemble,0.06936410022899508,1.5812936997972429,1.650657800026238,0.046875,2.359375,2.40625
45,26,Adaptive Random Forest,0.07518750010058284,0.5620480336559316,0.6372355337565144,0.0625,0.859375,0.921875
45,26,Adaptive Extra Trees,0.07518750010058284,0.5620480336559316,0.6372355337565144,0.0625,0.859375,0.921875
45,26,Adaptive Gradient Boosting,0.07518750010058284,0.5620480336559316,0.6372355337565144,0.0625,0.859375,0.921875
45,27,Frozen Model,0.05521850008517504,0.0,0.05521850008517504,0.0625,0.0,0.0625
45,27,Continuously Retrained Ensemble,0.06800780026242137,1.7517791003920138,1.8197869006544352,0.03125,2.5,2.53125
45,27,Event-Driven Ensemble,0.05695490026846528,1.8252894994802773,1.8822443997487426,0.046875,2.609375,2.65625
45,27,Adaptive Random Forest,0.06800780026242137,0.5839263667973379,0.6519341670597593,0.03125,0.8333333333333334,0.8645833333333334
45,27,Adaptive Extra Trees,0.06800780026242137,0.5839263667973379,0.6519341670597593,0.03125,0.8333333333333334,0.8645833333333334
45,27,Adaptive Gradient Boosting,0.06800780026242137,0.5839263667973379,0.6519341670597593,0.03125,0.8333333333333334,0.8645833333333334
45,28,Frozen Model,0.07942879991605878,0.0,0.07942879991605878,0.0625,0.0,0.0625
45,28,Continuously Retrained Ensemble,0.08166419994086027,1.9094477999024093,1.9911119998432696,0.078125,2.625,2.703125
45,28,Event-Driven Ensemble,0.09642399987205863,0.0,0.09642399987205863,0.125,0.0,0.125
45,28,Adaptive Random Forest,0.08166419994086027,0.6364825999674698,0.7181467999083301,0.078125,0.875,0.953125
45,28,Adaptive Extra Trees,0.08166419994086027,0.6364825999674698,0.7181467999083301,0.078125,0.875,0.953125
45,28,Adaptive Gradient Boosting,0.08166419994086027,0.6364825999674698,0.7181467999083301,0.078125,0.875,0.953125
45,29,Frozen Model,0.07698760041967034,0.0,0.07698760041967034,0.09375,0.0,0.09375
45,29,Continuously Retrained Ensemble,0.06773490039631724,1.774771399796009,1.8425063001923263,0.03125,2.5625,2.59375
45,29,Event-Driven Ensemble,0.06714669987559319,1.9057260998524725,1.9728727997280657,0.046875,2.703125,2.75
45,29,Adaptive Random Forest,0.06773490039631724,0.5915904665986697,0.6593253669949869,0.03125,0.8541666666666666,0.8854166666666666
45,29,Adaptive Extra Trees,0.06773490039631724,0.5915904665986697,0.6593253669949869,0.03125,0.8541666666666666,0.8854166666666666
45,29,Adaptive Gradient Boosting,0.06773490039631724,0.5915904665986697,0.6593253669949869,0.03125,0.8541666666666666,0.8854166666666666
45,30,Frozen Model,0.06974059995263815,0.0,0.06974059995263815,0.03125,0.0,0.03125
45,30,Continuously Retrained Ensemble,0.0730103999376297,1.790139100048691,1.8631494999863207,0.109375,2.609375,2.71875
45,30,Event-Driven Ensemble,0.07742709992453456,2.0063236001878977,2.0837507001124322,0.0625,2.796875,2.859375
45,30,Adaptive Random Forest,0.0730103999376297,0.5967130333495637,0.6697234332871934,0.109375,0.8697916666666666,0.9791666666666666
45,30,Adaptive Extra Trees,0.0730103999376297,0.5967130333495637,0.6697234332871934,0.109375,0.8697916666666666,0.9791666666666666
45,30,Adaptive Gradient Boosting,0.0730103999376297,0.5967130333495637,0.6697234332871934,0.109375,0.8697916666666666,0.9791666666666666
45,31,Frozen Model,0.07209429983049631,0.0,0.07209429983049631,0.03125,0.0,0.03125
45,31,Continuously Retrained Ensemble,0.13531159982085228,1.8952770000323653,2.0305885998532176,0.125,2.59375,2.71875
45,31,Event-Driven Ensemble,0.08646689960733056,0.0,0.08646689960733056,0.09375,0.0,0.09375
45,31,Adaptive Random Forest,0.13531159982085228,0.6317590000107884,0.7670705998316407,0.125,0.8645833333333334,0.9895833333333334
45,31,Adaptive Extra Trees,0.13531159982085228,0.6317590000107884,0.7670705998316407,0.125,0.8645833333333334,0.9895833333333334
45,31,Adaptive Gradient Boosting,0.13531159982085228,0.6317590000107884,0.7670705998316407,0.125,0.8645833333333334,0.9895833333333334
45,32,Frozen Model,0.06160000013187528,0.0,0.06160000013187528,0.03125,0.0,0.03125
45,32,Continuously Retrained Ensemble,0.05467509990558028,1.7867799997329712,1.8414550996385515,0.046875,2.65625,2.703125
45,32,Event-Driven Ensemble,0.05236539989709854,0.0,0.05236539989709854,0.03125,0.0,0.03125
45,32,Adaptive Random Forest,0.05467509990558028,0.5955933332443237,0.650268433149904,0.046875,0.8854166666666666,0.9322916666666666
45,32,Adaptive Extra Trees,0.05467509990558028,0.5955933332443237,0.650268433149904,0.046875,0.8854166666666666,0.9322916666666666
45,32,Adaptive Gradient Boosting,0.05467509990558028,0.5955933332443237,0.650268433149904,0.046875,0.8854166666666666,0.9322916666666666
45,33,Frozen Model,0.06666589993983507,0.0,0.06666589993983507,0.046875,0.0,0.046875
45,33,Continuously Retrained Ensemble,0.07214310020208359,1.9264126997441053,1.998555799946189,0.078125,2.75,2.828125
45,33,Event-Driven Ensemble,0.0605999999679625,2.243816599715501,2.3044165996834636,0.046875,3.203125,3.25
45,33,Adaptive Random Forest,0.07214310020208359,0.6421375665813684,0.714280666783452,0.078125,0.9166666666666666,0.9947916666666666
45,33,Adaptive Extra Trees,0.07214310020208359,0.6421375665813684,0.714280666783452,0.078125,0.9166666666666666,0.9947916666666666
45,33,Adaptive Gradient Boosting,0.07214310020208359,0.6421375665813684,0.714280666783452,0.078125,0.9166666666666666,0.9947916666666666
45,34,Frozen Model,0.07185739977285266,0.0,0.07185739977285266,0.046875,0.0,0.046875
45,34,Continuously Retrained Ensemble,0.07091329991817474,2.3316906997933984,2.402603999711573,0.078125,3.3125,3.390625
45,34,Event-Driven Ensemble,0.07628470007330179,2.271717100404203,2.3480018004775047,0.0625,3.09375,3.15625
45,34,Adaptive Random Forest,0.07091329991817474,0.7772302332644662,0.8481435331826409,0.078125,1.1041666666666667,1.1822916666666667
45,34,Adaptive Extra Trees,0.07091329991817474,0.7772302332644662,0.8481435331826409,0.078125,1.1041666666666667,1.1822916666666667
45,34,Adaptive Gradient Boosting,0.07091329991817474,0.7772302332644662,0.8481435331826409,0.078125,1.1041666666666667,1.1822916666666667
45,35,Frozen Model,0.06649390002712607,0.0,0.06649390002712607,0.046875,0.0,0.046875
45,35,Continuously Retrained Ensemble,0.060016699600964785,1.9287433000281453,1.98875999962911,0.09375,2.84375,2.9375
45,35,Event-Driven Ensemble,0.053033099975436926,1.8170459996908903,1.8700790996663272,0.078125,2.625,2.703125
45,35,Adaptive Random Forest,0.060016699600964785,0.6429144333427151,0.7029311329436799,0.09375,0.9479166666666666,1.0416666666666665
45,35,Adaptive Extra Trees,0.060016699600964785,0.6429144333427151,0.7029311329436799,0.09375,0.9479166666666666,1.0416666666666665
45,35,Adaptive Gradient Boosting,0.060016699600964785,0.6429144333427151,0.7029311329436799,0.09375,0.9479166666666666,1.0416666666666665
45,36,Frozen Model,0.0684480001218617,0.0,0.0684480001218617,0.03125,0.0,0.03125
45,36,Continuously Retrained Ensemble,0.0821652002632618,1.9176639001816511,1.999829100444913,0.046875,3.015625,3.0625
45,36,Event-Driven Ensemble,0.06605829996988177,2.024858499877155,2.0909167998470366,0.09375,3.203125,3.296875
45,36,Adaptive Random Forest,0.0821652002632618,0.6392213000605503,0.7213865003238121,0.046875,1.0052083333333333,1.0520833333333333
45,36,Adaptive Extra Trees,0.0821652002632618,0.6392213000605503,0.7213865003238121,0.046875,1.0052083333333333,1.0520833333333333
45,36,Adaptive Gradient Boosting,0.0821652002632618,0.6392213000605503,0.7213865003238121,0.046875,1.0052083333333333,1.0520833333333333
45,37,Frozen Model,0.06348169967532158,0.0,0.06348169967532158,0.03125,0.0,0.03125
45,37,Continuously Retrained Ensemble,0.06306059984490275,1.9518635999411345,2.014924199786037,0.03125,2.96875,3.0
45,37,Event-Driven Ensemble,0.05118599999696016,1.8849615002982318,1.936147500295192,0.046875,2.84375,2.890625
45,37,Adaptive Random Forest,0.06306059984490275,0.6506211999803782,0.7136817998252809,0.03125,0.9895833333333334,1.0208333333333335
45,37,Adaptive Extra Trees,0.06306059984490275,0.6506211999803782,0.7136817998252809,0.03125,0.9895833333333334,1.0208333333333335
45,37,Adaptive Gradient Boosting,0.06306059984490275,0.6506211999803782,0.7136817998252809,0.03125,0.9895833333333334,1.0208333333333335
46,0,Frozen Model,0.04115880001336336,0.0,0.04115880001336336,0.0625,0.0,0.0625
46,0,Continuously Retrained Ensemble,0.05138750001788139,0.6306880000047386,0.68207550002262,0.0625,0.921875,0.984375
46,0,Event-Driven Ensemble,0.05295940022915602,0.0,0.05295940022915602,0.046875,0.0,0.046875
46,0,Adaptive Random Forest,0.05138750001788139,0.21022933333491287,0.2616168333527943,0.0625,0.3072916666666667,0.3697916666666667
46,0,Adaptive Extra Trees,0.05138750001788139,0.21022933333491287,0.2616168333527943,0.0625,0.3072916666666667,0.3697916666666667
46,0,Adaptive Gradient Boosting,0.05138750001788139,0.21022933333491287,0.2616168333527943,0.0625,0.3072916666666667,0.3697916666666667
46,1,Frozen Model,0.039324500132352114,0.0,0.039324500132352114,0.046875,0.0,0.046875
46,1,Continuously Retrained Ensemble,0.040664900094270706,0.5984704992733896,0.6391353993676603,0.0625,0.8125,0.875
46,1,Event-Driven Ensemble,0.05255640018731356,0.6176505000330508,0.6702069002203643,0.078125,0.8125,0.890625
46,1,Adaptive Random Forest,0.040664900094270706,0.19949016642446318,0.2401550665187339,0.0625,0.2708333333333333,0.3333333333333333
46,1,Adaptive Extra Trees,0.040664900094270706,0.19949016642446318,0.2401550665187339,0.0625,0.2708333333333333,0.3333333333333333
46,1,Adaptive Gradient Boosting,0.040664900094270706,0.19949016642446318,0.2401550665187339,0.0625,0.2708333333333333,0.3333333333333333
46,2,Frozen Model,0.055413899943232536,0.0,0.055413899943232536,0.03125,0.0,0.03125
46,2,Continuously Retrained Ensemble,0.042796199675649405,0.6483239000663161,0.6911200997419655,0.078125,0.84375,0.921875
46,2,Event-Driven Ensemble,0.052454700227826834,0.5765973003581166,0.6290520005859435,0.0625,0.75,0.8125
46,2,Adaptive Random Forest,0.042796199675649405,0.21610796668877205,0.2589041663644215,0.078125,0.28125,0.359375
46,2,Adaptive Extra Trees,0.042796199675649405,0.21610796668877205,0.2589041663644215,0.078125,0.28125,0.359375
46,2,Adaptive Gradient Boosting,0.042796199675649405,0.21610796668877205,0.2589041663644215,0.078125,0.28125,0.359375
46,3,Frozen Model,0.05255699995905161,0.0,0.05255699995905161,0.0625,0.0,0.0625
46,3,Continuously Retrained Ensemble,0.042353599797934294,0.642239099368453,0.6845926991663873,0.0625,0.75,0.8125
46,3,Event-Driven Ensemble,0.05092609999701381,0.0,0.05092609999701381,0.0625,0.0,0.0625
46,3,Adaptive Random Forest,0.042353599797934294,0.21407969978948435,0.2564332995874187,0.0625,0.25,0.3125
46,3,Adaptive Extra Trees,0.042353599797934294,0.21407969978948435,0.2564332995874187,0.0625,0.25,0.3125
46,3,Adaptive Gradient Boosting,0.042353599797934294,0.21407969978948435,0.2564332995874187,0.0625,0.25,0.3125
46,4,Frozen Model,0.038850899785757065,0.0,0.038850899785757065,0.03125,0.0,0.03125
46,4,Continuously Retrained Ensemble,0.04087470006197691,0.6677485001273453,0.7086232001893222,0.03125,0.84375,0.875
46,4,Event-Driven Ensemble,0.0412389999255538,0.6429995996877551,0.6842385996133089,0.046875,0.703125,0.75
46,4,Adaptive Random Forest,0.04087470006197691,0.22258283337578177,0.2634575334377587,0.03125,0.28125,0.3125
46,4,Adaptive Extra Trees,0.04087470006197691,0.22258283337578177,0.2634575334377587,0.03125,0.28125,0.3125
46,4,Adaptive Gradient Boosting,0.04087470006197691,0.22258283337578177,0.2634575334377587,0.03125,0.28125,0.3125
46,5,Frozen Model,0.03830759972333908,0.0,0.03830759972333908,0.03125,0.0,0.03125
46,5,Continuously Retrained Ensemble,0.04274679999798536,0.6936180996708572,0.7363648996688426,0.0625,0.8125,0.875
46,5,Event-Driven Ensemble,0.0431058001704514,0.7052631992846727,0.7483689994551241,0.046875,0.8125,0.859375
46,5,Adaptive Random Forest,0.04274679999798536,0.23120603322361907,0.27395283322160446,0.0625,0.2708333333333333,0.3333333333333333
46,5,Adaptive Extra Trees,0.04274679999798536,0.23120603322361907,0.27395283322160446,0.0625,0.2708333333333333,0.3333333333333333
46,5,Adaptive Gradient Boosting,0.04274679999798536,0.23120603322361907,0.27395283322160446,0.0625,0.2708333333333333,0.3333333333333333
46,6,Frozen Model,0.04018429992720485,0.0,0.04018429992720485,0.046875,0.0,0.046875
46,6,Continuously Retrained Ensemble,0.0497745000757277,0.8426902005448937,0.8924647006206214,0.078125,1.21875,1.296875
46,6,Event-Driven Ensemble,0.06565090036019683,0.8010712997056544,0.8667222000658512,0.078125,1.03125,1.109375
46,6,Adaptive Random Forest,0.0497745000757277,0.2808967335149646,0.3306712335906923,0.078125,0.40625,0.484375
46,6,Adaptive Extra Trees,0.0497745000757277,0.2808967335149646,0.3306712335906923,0.078125,0.40625,0.484375
46,6,Adaptive Gradient Boosting,0.0497745000757277,0.2808967335149646,0.3306712335906923,0.078125,0.40625,0.484375
46,7,Frozen Model,0.04149590013548732,0.0,0.04149590013548732,0.0625,0.0,0.0625
46,7,Continuously Retrained Ensemble,0.05299900006502867,0.7835871004499495,0.8365861005149782,0.03125,1.15625,1.1875
46,7,Event-Driven Ensemble,0.052903799805790186,0.7652488998137414,0.8181526996195316,0.03125,0.875,0.90625
46,7,Adaptive Random Forest,0.05299900006502867,0.26119570014998317,0.31419470021501184,0.03125,0.3854166666666667,0.4166666666666667
46,7,Adaptive Extra Trees,0.05299900006502867,0.26119570014998317,0.31419470021501184,0.03125,0.3854166666666667,0.4166666666666667
46,7,Adaptive Gradient Boosting,0.05299900006502867,0.26119570014998317,0.31419470021501184,0.03125,0.3854166666666667,0.4166666666666667
46,8,Frozen Model,0.04963169991970062,0.0,0.04963169991970062,0.03125,0.0,0.03125
46,8,Continuously Retrained Ensemble,0.052796800155192614,0.7572567006573081,0.8100535008125007,0.046875,1.140625,1.1875
46,8,Event-Driven Ensemble,0.056935399770736694,0.7237463998608291,0.7806817996315658,0.078125,0.90625,0.984375
46,8,Adaptive Random Forest,0.052796800155192614,0.2524189002191027,0.3052157003742953,0.046875,0.3802083333333333,0.4270833333333333
46,8,Adaptive Extra Trees,0.052796800155192614,0.2524189002191027,0.3052157003742953,0.046875,0.3802083333333333,0.4270833333333333
46,8,Adaptive Gradient Boosting,0.052796800155192614,0.2524189002191027,0.3052157003742953,0.046875,0.3802083333333333,0.4270833333333333
46,9,Frozen Model,0.039305999875068665,0.0,0.039305999875068665,0.046875,0.0,0.046875
46,9,Continuously Retrained Ensemble,0.04246220039203763,0.8826965000480413,0.925158700440079,0.046875,1.265625,1.3125
46,9,Event-Driven Ensemble,0.05723620019853115,0.8216162002645433,0.8788524004630744,0.09375,1.21875,1.3125
46,9,Adaptive Random Forest,0.04246220039203763,0.29423216668268043,0.33669436707471806,0.046875,0.421875,0.46875
46,9,Adaptive Extra Trees,0.04246220039203763,0.29423216668268043,0.33669436707471806,0.046875,0.421875,0.46875
46,9,Adaptive Gradient Boosting,0.04246220039203763,0.29423216668268043,0.33669436707471806,0.046875,0.421875,0.46875
46,10,Frozen Model,0.037758300080895424,0.0,0.037758300080895424,0.03125,0.0,0.03125
46,10,Continuously Retrained Ensemble,0.08699430013075471,1.1053203996270895,1.1923146997578442,0.03125,1.515625,1.546875
46,10,Event-Driven Ensemble,0.06817059963941574,1.0035347994416952,1.071705399081111,0.0625,1.359375,1.421875
46,10,Adaptive Random Forest,0.08699430013075471,0.36844013320902985,0.45543443333978456,0.03125,0.5052083333333334,0.5364583333333334
46,10,Adaptive Extra Trees,0.08699430013075471,0.36844013320902985,0.45543443333978456,0.03125,0.5052083333333334,0.5364583333333334
46,10,Adaptive Gradient Boosting,0.08699430013075471,0.36844013320902985,0.45543443333978456,0.03125,0.5052083333333334,0.5364583333333334
46,11,Frozen Model,0.051832299679517746,0.0,0.051832299679517746,0.078125,0.0,0.078125
46,11,Continuously Retrained Ensemble,0.0536275003105402,0.927898199763149,0.9815257000736892,0.0625,1.3125,1.375
46,11,Event-Driven Ensemble,0.05248630000278354,0.9645209000445902,1.0170072000473738,0.046875,1.265625,1.3125
46,11,Adaptive Random Forest,0.0536275003105402,0.30929939992104966,0.36292690023158986,0.0625,0.4375,0.5
46,11,Adaptive Extra Trees,0.0536275003105402,0.30929939992104966,0.36292690023158986,0.0625,0.4375,0.5
46,11,Adaptive Gradient Boosting,0.0536275003105402,0.30929939992104966,0.36292690023158986,0.0625,0.4375,0.5
46,12,Frozen Model,0.05043060006573796,0.0,0.05043060006573796,0.046875,0.0,0.046875
46,12,Continuously Retrained Ensemble,0.051575500052422285,0.9261235999874771,0.9776991000398993,0.03125,1.46875,1.5
46,12,Event-Driven Ensemble,0.04299060022458434,0.854451100807637,0.8974417010322213,0.03125,1.1875,1.21875
46,12,Adaptive Random Forest,0.051575500052422285,0.30870786666249234,0.3602833667149146,0.03125,0.4895833333333333,0.5208333333333333
46,12,Adaptive Extra Trees,0.051575500052422285,0.30870786666249234,0.3602833667149146,0.03125,0.4895833333333333,0.5208333333333333
46,12,Adaptive Gradient Boosting,0.051575500052422285,0.30870786666249234,0.3602833667149146,0.03125,0.4895833333333333,0.5208333333333333
46,13,Frozen Model,0.04950680024921894,0.0,0.04950680024921894,0.03125,0.0,0.03125
46,13,Continuously Retrained Ensemble,0.04282529978081584,1.1465622000396252,1.189387499820441,0.046875,1.546875,1.59375
46,13,Event-Driven Ensemble,0.051629400346428156,0.9431551997549832,0.9947846001014113,0.09375,1.28125,1.375
46,13,Adaptive Random Forest,0.04282529978081584,0.3821874000132084,0.42501269979402423,0.046875,0.515625,0.5625
46,13,Adaptive Extra Trees,0.04282529978081584,0.3821874000132084,0.42501269979402423,0.046875,0.515625,0.5625
46,13,Adaptive Gradient Boosting,0.04282529978081584,0.3821874000132084,0.42501269979402423,0.046875,0.515625,0.5625
46,14,Frozen Model,0.03896629996597767,0.0,0.03896629996597767,0.0625,0.0,0.0625
46,14,Continuously Retrained Ensemble,0.050720700062811375,0.9712559999898076,1.021976700052619,0.03125,1.46875,1.5
46,14,Event-Driven Ensemble,0.04310719994828105,0.9009328000247478,0.9440399999730289,0.03125,1.28125,1.3125
46,14,Adaptive Random Forest,0.050720700062811375,0.32375199999660254,0.3744727000594139,0.03125,0.4895833333333333,0.5208333333333333
46,14,Adaptive Extra Trees,0.050720700062811375,0.32375199999660254,0.3744727000594139,0.03125,0.4895833333333333,0.5208333333333333
46,14,Adaptive Gradient Boosting,0.050720700062811375,0.32375199999660254,0.3744727000594139,0.03125,0.4895833333333333,0.5208333333333333
46,15,Frozen Model,0.04287440003827214,0.0,0.04287440003827214,0.046875,0.0,0.046875
46,15,Continuously Retrained Ensemble,0.041161800269037485,1.0808430998586118,1.1220049001276493,0.0625,1.515625,1.578125
46,15,Event-Driven Ensemble,0.042169499676674604,1.0389423002488911,1.0811117999255657,0.078125,1.421875,1.5
46,15,Adaptive Random Forest,0.041161800269037485,0.3602810332862039,0.4014428335552414,0.0625,0.5052083333333334,0.5677083333333334
46,15,Adaptive Extra Trees,0.041161800269037485,0.3602810332862039,0.4014428335552414,0.0625,0.5052083333333334,0.5677083333333334
46,15,Adaptive Gradient Boosting,0.041161800269037485,0.3602810332862039,0.4014428335552414,0.0625,0.5052083333333334,0.5677083333333334
46,16,Frozen Model,0.042352099902927876,0.0,0.042352099902927876,0.0625,0.0,0.0625
46,16,Continuously Retrained Ensemble,0.055279099848121405,1.056417000014335,1.1116960998624563,0.03125,1.640625,1.671875
46,16,Event-Driven Ensemble,0.044995199888944626,0.9738415004685521,1.0188367003574967,0.03125,1.34375,1.375
46,16,Adaptive Random Forest,0.055279099848121405,0.3521390000047783,0.40741809985289973,0.03125,0.546875,0.578125
46,16,Adaptive Extra Trees,0.055279099848121405,0.3521390000047783,0.40741809985289973,0.03125,0.546875,0.578125
46,16,Adaptive Gradient Boosting,0.055279099848121405,0.3521390000047783,0.40741809985289973,0.03125,0.546875,0.578125
46,17,Frozen Model,0.040711000096052885,0.0,0.040711000096052885,0.03125,0.0,0.03125
46,17,Continuously Retrained Ensemble,0.04313959972932935,1.093419499695301,1.1365590994246304,0.03125,1.609375,1.640625
46,17,Event-Driven Ensemble,0.04006699984893203,0.0,0.04006699984893203,0.046875,0.0,0.046875
46,17,Adaptive Random Forest,0.04313959972932935,0.36447316656510037,0.4076127662944297,0.03125,0.5364583333333334,0.5677083333333334
46,17,Adaptive Extra Trees,0.04313959972932935,0.36447316656510037,0.4076127662944297,0.03125,0.5364583333333334,0.5677083333333334
46,17,Adaptive Gradient Boosting,0.04313959972932935,0.36447316656510037,0.4076127662944297,0.03125,0.5364583333333334,0.5677083333333334
46,18,Frozen Model,0.038757499773055315,0.0,0.038757499773055315,0.046875,0.0,0.046875
46,18,Continuously Retrained Ensemble,0.040972799994051456,1.058605800382793,1.0995786003768444,0.03125,1.46875,1.5
46,18,Event-Driven Ensemble,0.03913399996235967,0.9858121001161635,1.0249461000785232,0.046875,1.546875,1.59375
46,18,Adaptive Random Forest,0.040972799994051456,0.35286860012759763,0.3938414001216491,0.03125,0.4895833333333333,0.5208333333333333
46,18,Adaptive Extra Trees,0.040972799994051456,0.35286860012759763,0.3938414001216491,0.03125,0.4895833333333333,0.5208333333333333
46,18,Adaptive Gradient Boosting,0.040972799994051456,0.35286860012759763,0.3938414001216491,0.03125,0.4895833333333333,0.5208333333333333
46,19,Frozen Model,0.04013719968497753,0.0,0.04013719968497753,0.03125,0.0,0.03125
46,19,Continuously Retrained Ensemble,0.04140800004824996,1.1038760002702475,1.1452840003184974,0.0625,1.5625,1.625
46,19,Event-Driven Ensemble,0.05432710004970431,1.0807424001395702,1.1350695001892745,0.0625,1.40625,1.46875
46,19,Adaptive Random Forest,0.04140800004824996,0.36795866675674915,0.4093666668049991,0.0625,0.5208333333333334,0.5833333333333334
46,19,Adaptive Extra Trees,0.04140800004824996,0.36795866675674915,0.4093666668049991,0.0625,0.5208333333333334,0.5833333333333334
46,19,Adaptive Gradient Boosting,0.04140800004824996,0.36795866675674915,0.4093666668049991,0.0625,0.5208333333333334,0.5833333333333334
46,20,Frozen Model,0.05187760014086962,0.0,0.05187760014086962,0.03125,0.0,0.03125
46,20,Continuously Retrained Ensemble,0.04303980013355613,1.2188163995742798,1.261856199707836,0.046875,1.921875,1.96875
46,20,Event-Driven Ensemble,0.053177600260823965,1.1547416001558304,1.2079192004166543,0.046875,1.671875,1.71875
46,20,Adaptive Random Forest,0.04303980013355613,0.4062721331914266,0.4493119333249827,0.046875,0.640625,0.6875
46,20,Adaptive Extra Trees,0.04303980013355613,0.4062721331914266,0.4493119333249827,0.046875,0.640625,0.6875
46,20,Adaptive Gradient Boosting,0.04303980013355613,0.4062721331914266,0.4493119333249827,0.046875,0.640625,0.6875
46,21,Frozen Model,0.0504230996593833,0.0,0.0504230996593833,0.046875,0.0,0.046875
46,21,Continuously Retrained Ensemble,0.04245219985023141,1.171313100028783,1.2137652998790145,0.03125,1.609375,1.640625
46,21,Event-Driven Ensemble,0.04042400000616908,1.1332638999447227,1.1736878999508917,0.03125,1.53125,1.5625
46,21,Adaptive Random Forest,0.04245219985023141,0.3904377000095944,0.4328898998598258,0.03125,0.5364583333333334,0.5677083333333334
46,21,Adaptive Extra Trees,0.04245219985023141,0.3904377000095944,0.4328898998598258,0.03125,0.5364583333333334,0.5677083333333334
46,21,Adaptive Gradient Boosting,0.04245219985023141,0.3904377000095944,0.4328898998598258,0.03125,0.5364583333333334,0.5677083333333334
46,22,Frozen Model,0.041291499976068735,0.0,0.041291499976068735,0.03125,0.0,0.03125
46,22,Continuously Retrained Ensemble,0.04244160000234842,1.2472256999462843,1.2896672999486327,0.03125,1.84375,1.875
46,22,Event-Driven Ensemble,0.0848135999403894,0.0,0.0848135999403894,0.046875,0.0,0.046875
46,22,Adaptive Random Forest,0.04244160000234842,0.41574189998209476,0.4581834999844432,0.03125,0.6145833333333334,0.6458333333333334
46,22,Adaptive Extra Trees,0.04244160000234842,0.41574189998209476,0.4581834999844432,0.03125,0.6145833333333334,0.6458333333333334
46,22,Adaptive Gradient Boosting,0.04244160000234842,0.41574189998209476,0.4581834999844432,0.03125,0.6145833333333334,0.6458333333333334
46,23,Frozen Model,0.03888869984075427,0.0,0.03888869984075427,0.078125,0.0,0.078125
46,23,Continuously Retrained Ensemble,0.040612300392240286,1.3253427995368838,1.3659550999291241,0.03125,1.828125,1.859375
46,23,Event-Driven Ensemble,0.04023770010098815,1.2489716997370124,1.2892093998380005,0.03125,1.8125,1.84375
46,23,Adaptive Random Forest,0.040612300392240286,0.4417809331789613,0.48239323357120156,0.03125,0.609375,0.640625
46,23,Adaptive Extra Trees,0.040612300392240286,0.4417809331789613,0.48239323357120156,0.03125,0.609375,0.640625
46,23,Adaptive Gradient Boosting,0.040612300392240286,0.4417809331789613,0.48239323357120156,0.03125,0.609375,0.640625
46,24,Frozen Model,0.053218299988657236,0.0,0.053218299988657236,0.0625,0.0,0.0625
46,24,Continuously Retrained Ensemble,0.05365609982982278,1.3177466001361609,1.3714026999659836,0.078125,2.03125,2.109375
46,24,Event-Driven Ensemble,0.05169510003179312,1.2995155001990497,1.3512106002308428,0.046875,1.9375,1.984375
46,24,Adaptive Random Forest,0.05365609982982278,0.4392488667120536,0.4929049665418764,0.078125,0.6770833333333334,0.7552083333333334
46,24,Adaptive Extra Trees,0.05365609982982278,0.4392488667120536,0.4929049665418764,0.078125,0.6770833333333334,0.7552083333333334
46,24,Adaptive Gradient Boosting,0.05365609982982278,0.4392488667120536,0.4929049665418764,0.078125,0.6770833333333334,0.7552083333333334
46,25,Frozen Model,0.040266199968755245,0.0,0.040266199968755245,0.03125,0.0,0.03125
46,25,Continuously Retrained Ensemble,0.03896029992029071,1.2946358998306096,1.3335961997509003,0.03125,1.84375,1.875
46,25,Event-Driven Ensemble,0.040795200038701296,1.2934143007732928,1.334209500811994,0.0625,1.921875,1.984375
46,25,Adaptive Random Forest,0.03896029992029071,0.4315452999435365,0.47050559986382723,0.03125,0.6145833333333334,0.6458333333333334
46,25,Adaptive Extra Trees,0.03896029992029071,0.4315452999435365,0.47050559986382723,0.03125,0.6145833333333334,0.6458333333333334
46,25,Adaptive Gradient Boosting,0.03896029992029071,0.4315452999435365,0.47050559986382723,0.03125,0.6145833333333334,0.6458333333333334
46,26,Frozen Model,0.04110699985176325,0.0,0.04110699985176325,0.0625,0.0,0.0625
46,26,Continuously Retrained Ensemble,0.06995039992034435,1.7938449000939727,1.863795300014317,0.046875,2.484375,2.53125
46,26,Event-Driven Ensemble,0.061786599922925234,1.4933581999503076,1.5551447998732328,0.0625,2.234375,2.296875
46,26,Adaptive Random Forest,0.06995039992034435,0.5979483000313243,0.6678986999516686,0.046875,0.828125,0.875
46,26,Adaptive Extra Trees,0.06995039992034435,0.5979483000313243,0.6678986999516686,0.046875,0.828125,0.875
46,26,Adaptive Gradient Boosting,0.06995039992034435,0.5979483000313243,0.6678986999516686,0.046875,0.828125,0.875
46,27,Frozen Model,0.04025130020454526,0.0,0.04025130020454526,0.03125,0.0,0.03125
46,27,Continuously Retrained Ensemble,0.04310079989954829,1.455281499773264,1.4983822996728122,0.0625,2.21875,2.28125
46,27,Event-Driven Ensemble,0.04138160031288862,1.4490628992207348,1.4904444995336235,0.046875,2.0,2.046875
46,27,Adaptive Random Forest,0.04310079989954829,0.4850938332577546,0.5281946331573029,0.0625,0.7395833333333334,0.8020833333333334
46,27,Adaptive Extra Trees,0.04310079989954829,0.4850938332577546,0.5281946331573029,0.0625,0.7395833333333334,0.8020833333333334
46,27,Adaptive Gradient Boosting,0.04310079989954829,0.4850938332577546,0.5281946331573029,0.0625,0.7395833333333334,0.8020833333333334
46,28,Frozen Model,0.054684500209987164,0.0,0.054684500209987164,0.03125,0.0,0.03125
46,28,Continuously Retrained Ensemble,0.07933730026707053,1.4023043005727232,1.4816416008397937,0.0625,2.109375,2.171875
46,28,Event-Driven Ensemble,0.06638089986518025,0.0,0.06638089986518025,0.0625,0.0,0.0625
46,28,Adaptive Random Forest,0.07933730026707053,0.4674347668575744,0.546772067124645,0.0625,0.703125,0.765625
46,28,Adaptive Extra Trees,0.07933730026707053,0.4674347668575744,0.546772067124645,0.0625,0.703125,0.765625
46,28,Adaptive Gradient Boosting,0.07933730026707053,0.4674347668575744,0.546772067124645,0.0625,0.703125,0.765625
46,29,Frozen Model,0.0516631999053061,0.0,0.0516631999053061,0.03125,0.0,0.03125
46,29,Continuously Retrained Ensemble,0.04112499998882413,1.4910422000102699,1.532167199999094,0.046875,2.078125,2.125
46,29,Event-Driven Ensemble,0.042048499919474125,1.398230000399053,1.4402785003185272,0.03125,2.15625,2.1875
46,29,Adaptive Random Forest,0.04112499998882413,0.49701406667008996,0.5381390666589141,0.046875,0.6927083333333334,0.7395833333333334
46,29,Adaptive Extra Trees,0.04112499998882413,0.49701406667008996,0.5381390666589141,0.046875,0.6927083333333334,0.7395833333333334
46,29,Adaptive Gradient Boosting,0.04112499998882413,0.49701406667008996,0.5381390666589141,0.046875,0.6927083333333334,0.7395833333333334
46,30,Frozen Model,0.04008219996467233,0.0,0.04008219996467233,0.03125,0.0,0.03125
46,30,Continuously Retrained Ensemble,0.051931699737906456,1.7463418003171682,1.7982735000550747,0.03125,2.625,2.65625
46,30,Event-Driven Ensemble,0.0654611000791192,1.5836310996674001,1.6490921997465193,0.046875,2.40625,2.453125
46,30,Adaptive Random Forest,0.051931699737906456,0.582113933439056,0.6340456331769625,0.03125,0.875,0.90625
46,30,Adaptive Extra Trees,0.051931699737906456,0.582113933439056,0.6340456331769625,0.03125,0.875,0.90625
46,30,Adaptive Gradient Boosting,0.051931699737906456,0.582113933439056,0.6340456331769625,0.03125,0.875,0.90625
46,31,Frozen Model,0.04236710024997592,0.0,0.04236710024997592,0.0625,0.0,0.0625
46,31,Continuously Retrained Ensemble,0.07399180019274354,1.5869443998672068,1.6609362000599504,0.109375,2.421875,2.53125
46,31,Event-Driven Ensemble,0.04238699981942773,0.0,0.04238699981942773,0.0625,0.0,0.0625
46,31,Adaptive Random Forest,0.07399180019274354,0.5289814666224023,0.6029732668151458,0.109375,0.8072916666666666,0.9166666666666666
46,31,Adaptive Extra Trees,0.07399180019274354,0.5289814666224023,0.6029732668151458,0.109375,0.8072916666666666,0.9166666666666666
46,31,Adaptive Gradient Boosting,0.07399180019274354,0.5289814666224023,0.6029732668151458,0.109375,0.8072916666666666,0.9166666666666666
46,32,Frozen Model,0.040789700113236904,0.0,0.040789700113236904,0.078125,0.0,0.078125
46,32,Continuously Retrained Ensemble,0.041220299899578094,1.5713515002280474,1.6125718001276255,0.03125,2.375,2.40625
46,32,Event-Driven Ensemble,0.04879750031977892,0.0,0.04879750031977892,0.03125,0.0,0.03125
46,32,Adaptive Random Forest,0.041220299899578094,0.5237838334093491,0.5650041333089272,0.03125,0.7916666666666666,0.8229166666666666
46,32,Adaptive Extra Trees,0.041220299899578094,0.5237838334093491,0.5650041333089272,0.03125,0.7916666666666666,0.8229166666666666
46,32,Adaptive Gradient Boosting,0.041220299899578094,0.5237838334093491,0.5650041333089272,0.03125,0.7916666666666666,0.8229166666666666
46,33,Frozen Model,0.03746560029685497,0.0,0.03746560029685497,0.03125,0.0,0.03125
46,33,Continuously Retrained Ensemble,0.040751300286501646,1.5588850993663073,1.599636399652809,0.046875,2.3125,2.359375
46,33,Event-Driven Ensemble,0.04109640000388026,1.530460499227047,1.5715568992309272,0.03125,2.296875,2.328125
46,33,Adaptive Random Forest,0.040751300286501646,0.5196283664554358,0.5603796667419374,0.046875,0.7708333333333334,0.8177083333333334
46,33,Adaptive Extra Trees,0.040751300286501646,0.5196283664554358,0.5603796667419374,0.046875,0.7708333333333334,0.8177083333333334
46,33,Adaptive Gradient Boosting,0.040751300286501646,0.5196283664554358,0.5603796667419374,0.046875,0.7708333333333334,0.8177083333333334
46,34,Frozen Model,0.040249299723654985,0.0,0.040249299723654985,0.03125,0.0,0.03125
46,34,Continuously Retrained Ensemble,0.04474729998037219,1.6439620996825397,1.688709399662912,0.078125,2.359375,2.4375
46,34,Event-Driven Ensemble,0.05463030003011227,2.0163916000165045,2.071021900046617,0.078125,2.90625,2.984375
46,34,Adaptive Random Forest,0.04474729998037219,0.5479873665608466,0.5927346665412188,0.078125,0.7864583333333334,0.8645833333333334
46,34,Adaptive Extra Trees,0.04474729998037219,0.5479873665608466,0.5927346665412188,0.078125,0.7864583333333334,0.8645833333333334
46,34,Adaptive Gradient Boosting,0.04474729998037219,0.5479873665608466,0.5927346665412188,0.078125,0.7864583333333334,0.8645833333333334
46,35,Frozen Model,0.04202109994366765,0.0,0.04202109994366765,0.0625,0.0,0.0625
46,35,Continuously Retrained Ensemble,0.042009999975562096,1.6905609997920692,1.7325709997676313,0.046875,2.5625,2.609375
46,35,Event-Driven Ensemble,0.040749999694526196,1.5615196004509926,1.6022696001455188,0.046875,2.265625,2.3125
46,35,Adaptive Random Forest,0.042009999975562096,0.5635203332640231,0.6055303332395852,0.046875,0.8541666666666666,0.9010416666666666
46,35,Adaptive Extra Trees,0.042009999975562096,0.5635203332640231,0.6055303332395852,0.046875,0.8541666666666666,0.9010416666666666
46,35,Adaptive Gradient Boosting,0.042009999975562096,0.5635203332640231,0.6055303332395852,0.046875,0.8541666666666666,0.9010416666666666
46,36,Frozen Model,0.05362250003963709,0.0,0.05362250003963709,0.03125,0.0,0.03125
46,36,Continuously Retrained Ensemble,0.10541129997000098,1.9113928000442684,2.0168041000142694,0.046875,2.71875,2.765625
46,36,Event-Driven Ensemble,0.07849260000512004,4.065351899713278,4.143844499718398,0.0625,3.890625,3.953125
46,36,Adaptive Random Forest,0.10541129997000098,0.6371309333480895,0.7425422333180904,0.046875,0.90625,0.953125
46,36,Adaptive Extra Trees,0.10541129997000098,0.6371309333480895,0.7425422333180904,0.046875,0.90625,0.953125
46,36,Adaptive Gradient Boosting,0.10541129997000098,0.6371309333480895,0.7425422333180904,0.046875,0.90625,0.953125
46,37,Frozen Model,0.05644199997186661,0.0,0.05644199997186661,0.0625,0.0,0.0625
46,37,Continuously Retrained Ensemble,0.06825249968096614,1.8468630998395383,1.9151155995205045,0.0625,2.75,2.8125
46,37,Event-Driven Ensemble,0.05942979967221618,1.4768852000124753,1.5363149996846914,0.0625,2.1875,2.25
46,37,Adaptive Random Forest,0.06825249968096614,0.6156210332798461,0.6838735329608122,0.0625,0.9166666666666666,0.9791666666666666
46,37,Adaptive Extra Trees,0.06825249968096614,0.6156210332798461,0.6838735329608122,0.0625,0.9166666666666666,0.9791666666666666
46,37,Adaptive Gradient Boosting,0.06825249968096614,0.6156210332798461,0.6838735329608122,0.0625,0.9166666666666666,0.9791666666666666
