seed,window_id,approach,drift_type,severity,f1,accuracy,precision,recall,tp,fp,tn,fn,disagreement,window_cpu_s,cumulative_cpu_s,peak_ram_mb,retrain_occurred,buffer_size,buffer_memory_kb
42,0,Frozen Model,none,none,0.7128,0.834,0.6776,0.7518,103,49,314,34,0.07,0.0156,0.0156,236.2,False,0,0.0
42,0,Continuously Retrained Ensemble,none,none,0.7128,0.834,0.6776,0.7518,103,49,314,34,0.07,0.0469,0.0469,236.36,True,3000,58.59
42,0,Event-Driven Ensemble,none,none,0.7128,0.834,0.6776,0.7518,103,49,314,34,0.07,0.0156,0.0156,236.36,False,1000,19.53
42,1,Frozen Model,none,none,0.6694,0.678,0.6174,0.7309,163,101,176,60,0.252,0.0156,0.0312,236.37,False,0,0.0
42,1,Continuously Retrained Ensemble,none,none,0.6734,0.678,0.6148,0.7444,166,104,173,57,0.256,0.0312,0.0781,236.37,True,3000,58.59
42,1,Event-Driven Ensemble,none,none,0.6694,0.678,0.6174,0.7309,163,101,176,60,0.252,0.0156,0.0312,236.37,False,1000,19.53
42,2,Frozen Model,none,none,0.2824,0.878,0.3529,0.2353,12,22,427,39,0.074,0.0156,0.0468,236.37,False,0,0.0
42,2,Continuously Retrained Ensemble,none,none,0.2791,0.876,0.3429,0.2353,12,23,426,39,0.068,0.0625,0.1406,236.38,True,3000,58.59
42,2,Event-Driven Ensemble,none,none,0.2824,0.878,0.3529,0.2353,12,22,427,39,0.074,0.0156,0.0468,236.38,False,1000,19.53
42,3,Frozen Model,covariate,mild,0.8067,0.816,0.7711,0.8458,192,57,216,35,0.062,0.0,0.0468,236.38,False,0,0.0
42,3,Continuously Retrained Ensemble,covariate,mild,0.809,0.814,0.7577,0.8678,197,63,210,30,0.076,0.0312,0.1718,236.38,True,3000,58.59
42,3,Event-Driven Ensemble,covariate,mild,0.8067,0.816,0.7711,0.8458,192,57,216,35,0.062,0.0156,0.0624,236.38,False,1000,19.53
42,4,Frozen Model,covariate,mild,0.7833,0.782,0.7406,0.8312,197,69,194,40,0.054,0.0156,0.0624,236.38,False,0,0.0
42,4,Continuously Retrained Ensemble,covariate,mild,0.7812,0.776,0.7273,0.8439,200,75,188,37,0.06,0.0625,0.2343,236.39,True,3000,58.59
42,4,Event-Driven Ensemble,covariate,mild,0.7833,0.782,0.7406,0.8312,197,69,194,40,0.054,0.0156,0.078,236.39,False,1000,19.53
42,5,Frozen Model,covariate,mild,0.5325,0.856,0.5857,0.4881,41,29,387,43,0.03,0.0312,0.0936,236.39,False,0,0.0
42,5,Continuously Retrained Ensemble,covariate,mild,0.5399,0.85,0.557,0.5238,44,35,381,40,0.07,0.0625,0.2968,236.39,True,3000,58.59
42,5,Event-Driven Ensemble,covariate,mild,0.5325,0.856,0.5857,0.4881,41,29,387,43,0.03,0.0312,0.1092,236.39,False,1000,19.53
42,6,Frozen Model,covariate,severe,0.9027,0.846,0.8837,0.9225,357,47,66,30,0.182,0.0156,0.1092,236.4,False,0,0.0
42,6,Continuously Retrained Ensemble,covariate,severe,0.9113,0.856,0.8706,0.9561,370,55,58,17,0.134,0.0469,0.3437,236.41,True,3000,58.59
42,6,Event-Driven Ensemble,covariate,severe,0.9027,0.846,0.8837,0.9225,357,47,66,30,0.182,0.0312,0.1404,236.43,True,500,19.53
42,7,Frozen Model,covariate,severe,0.8252,0.85,0.8676,0.7867,177,27,248,48,0.208,0.0156,0.1248,236.43,False,0,0.0
42,7,Continuously Retrained Ensemble,covariate,severe,0.8243,0.832,0.7787,0.8756,197,56,219,28,0.194,0.0469,0.3906,236.45,True,3000,58.59
42,7,Event-Driven Ensemble,covariate,severe,0.8058,0.84,0.8877,0.7378,166,21,254,59,0.134,0.0156,0.156,236.45,False,1000,19.53
42,8,Frozen Model,covariate,severe,0.8796,0.902,0.895,0.8647,179,21,272,28,0.056,0.0156,0.1404,236.45,False,0,0.0
42,8,Continuously Retrained Ensemble,covariate,severe,0.8786,0.9,0.8829,0.8744,181,24,269,26,0.034,0.0312,0.4218,236.45,True,3000,58.59
42,8,Event-Driven Ensemble,covariate,severe,0.8407,0.878,0.9148,0.7778,161,15,278,46,0.078,0.0156,0.1716,236.45,False,1000,19.53
42,9,Frozen Model,mixed,severe,0.6,0.432,0.517,0.7148,213,199,3,85,0.2,0.0,0.1404,236.45,False,0,0.0
42,9,Continuously Retrained Ensemble,mixed,severe,0.6283,0.458,0.5313,0.7685,229,202,0,69,0.054,0.0469,0.4687,236.46,True,3000,58.59
42,9,Event-Driven Ensemble,mixed,severe,0.582,0.414,0.5062,0.6846,204,199,3,94,0.144,0.0469,0.2185,236.48,True,500,19.53
42,10,Frozen Model,mixed,severe,0.2716,0.174,0.626,0.1734,77,46,10,367,0.302,0.0156,0.156,236.49,False,0,0.0
42,10,Continuously Retrained Ensemble,mixed,severe,0.3955,0.254,0.7052,0.2748,122,51,5,322,0.202,0.0469,0.5156,236.49,True,3000,58.59
42,10,Event-Driven Ensemble,mixed,severe,0.9436,0.896,0.91,0.9797,435,43,13,9,0.04,0.0156,0.2341,236.49,False,1000,19.53
42,11,Frozen Model,mixed,severe,0.5975,0.62,0.5054,0.7306,141,138,169,52,0.016,0.0156,0.1716,236.5,False,0,0.0
42,11,Continuously Retrained Ensemble,mixed,severe,0.5857,0.618,0.5037,0.6995,135,133,174,58,0.09,0.0469,0.5625,236.5,True,3000,58.59
42,11,Event-Driven Ensemble,mixed,severe,0.4041,0.416,0.3333,0.513,99,198,109,94,0.222,0.0312,0.2653,236.5,True,500,19.53
42,12,Frozen Model,none,none,0.7506,0.79,0.6781,0.8404,158,75,237,30,0.152,0.0156,0.1872,236.5,False,0,0.0
42,12,Continuously Retrained Ensemble,none,none,0.0,0.624,0.0,0.0,0,0,312,188,0.0,0.0469,0.6094,236.51,True,3000,58.59
42,12,Event-Driven Ensemble,none,none,0.2037,0.656,0.7857,0.117,22,6,306,166,0.538,0.0312,0.2965,236.51,True,500,19.53
42,13,Frozen Model,none,none,0.3462,0.864,0.45,0.2812,18,22,414,46,0.084,0.0156,0.2028,236.51,False,0,0.0
42,13,Continuously Retrained Ensemble,none,none,0.1159,0.878,0.8,0.0625,4,1,435,60,0.066,0.0469,0.6563,236.51,True,3000,58.59
42,13,Event-Driven Ensemble,none,none,0.2745,0.852,0.3684,0.2188,14,24,412,50,0.066,0.0156,0.3121,236.51,False,1000,19.53
42,14,Frozen Model,none,none,0.7215,0.736,0.6628,0.7917,171,87,197,45,0.188,0.0156,0.2184,236.51,False,0,0.0
42,14,Continuously Retrained Ensemble,none,none,0.5899,0.708,0.75,0.4861,105,35,249,111,0.43,0.0469,0.7032,236.52,True,3000,58.59
42,14,Event-Driven Ensemble,none,none,0.7093,0.718,0.6394,0.7963,172,97,187,44,0.26,0.0312,0.3433,236.52,True,500,19.53
42,15,Frozen Model,none,none,0.6239,0.824,0.5984,0.6518,73,49,339,39,0.132,0.0156,0.234,236.52,False,0,0.0
42,15,Continuously Retrained Ensemble,none,none,0.5889,0.852,0.7794,0.4732,53,15,373,59,0.224,0.0312,0.7344,236.52,True,3000,58.59
42,15,Event-Driven Ensemble,none,none,0.6262,0.84,0.6569,0.5982,67,35,353,45,0.094,0.0,0.3433,236.52,False,1000,19.53
42,16,Frozen Model,none,none,0.7099,0.848,0.6691,0.7561,93,46,331,30,0.076,0.0156,0.2496,236.52,False,0,0.0
42,16,Continuously Retrained Ensemble,none,none,0.6781,0.85,0.7182,0.6423,79,31,346,44,0.154,0.0469,0.7813,236.52,True,3000,58.59
42,16,Event-Driven Ensemble,none,none,0.7,0.844,0.6642,0.7398,91,46,331,32,0.08,0.0156,0.3589,236.52,False,1000,19.53
42,17,Frozen Model,none,none,0.7076,0.724,0.6473,0.7804,167,91,195,47,0.224,0.0156,0.2652,236.52,False,0,0.0
42,17,Continuously Retrained Ensemble,none,none,0.697,0.72,0.6492,0.7523,161,87,199,53,0.212,0.0469,0.8282,236.53,True,3000,58.59
42,17,Event-Driven Ensemble,none,none,0.6858,0.716,0.6513,0.7243,155,83,203,59,0.196,0.0312,0.3901,236.53,True,500,19.53
42,18,Frozen Model,concept,severe,0.0095,0.582,0.0278,0.0057,1,35,290,174,0.096,0.0,0.2652,236.53,False,0,0.0
42,18,Continuously Retrained Ensemble,concept,severe,0.0095,0.584,0.0286,0.0057,1,34,291,174,0.096,0.0312,0.8594,236.53,True,3000,58.59
42,18,Event-Driven Ensemble,concept,severe,0.0104,0.618,0.0556,0.0057,1,17,308,174,0.066,0.0312,0.4213,236.53,True,500,19.53
42,19,Frozen Model,concept,severe,0.0806,0.316,0.0647,0.1071,15,217,143,125,0.1,0.0156,0.2808,236.53,False,0,0.0
42,19,Continuously Retrained Ensemble,concept,severe,0.0773,0.332,0.0631,0.1,14,208,152,126,0.118,0.0469,0.9063,236.53,True,3000,58.59
42,19,Event-Driven Ensemble,concept,severe,0.5,0.808,0.9231,0.3429,48,4,356,92,0.14,0.0156,0.4369,236.53,False,1000,19.53
42,20,Frozen Model,concept,severe,0.2812,0.356,0.2838,0.2788,63,159,115,163,0.164,0.0156,0.2964,236.53,False,0,0.0
42,20,Continuously Retrained Ensemble,concept,severe,0.2289,0.434,0.2979,0.1858,42,99,175,184,0.356,0.0312,0.9375,236.53,True,3000,58.59
42,20,Event-Driven Ensemble,concept,severe,0.5697,0.716,0.9038,0.4159,94,10,264,132,0.2,0.0312,0.4681,236.54,True,500,19.53
42,21,Frozen Model,mixed,moderate,0.2882,0.348,0.6471,0.1854,66,36,108,290,0.108,0.0156,0.312,236.54,False,0,0.0
42,21,Continuously Retrained Ensemble,mixed,moderate,0.0,0.288,0.0,0.0,0,0,144,356,0.002,0.0312,0.9687,236.54,True,3000,58.59
42,21,Event-Driven Ensemble,mixed,moderate,0.8327,0.714,0.7134,1.0,356,143,1,0,0.312,0.0312,0.4993,236.55,True,500,19.53
42,22,Frozen Model,mixed,moderate,0.5808,0.466,0.5,0.6929,185,185,48,82,0.048,0.0156,0.3276,236.55,False,0,0.0
42,22,Continuously Retrained Ensemble,mixed,moderate,0.695,0.584,0.5711,0.8876,237,178,55,30,0.624,0.0312,0.9999,236.55,True,3000,58.59
42,22,Event-Driven Ensemble,mixed,moderate,0.5509,0.612,0.7212,0.4457,119,46,187,148,0.32,0.0312,0.5305,236.55,True,500,19.53
42,23,Frozen Model,mixed,moderate,0.3172,0.406,0.4423,0.2473,69,87,134,210,0.09,0.0156,0.3432,236.55,False,0,0.0
42,23,Continuously Retrained Ensemble,mixed,moderate,0.7076,0.686,0.7364,0.681,190,68,153,89,0.066,0.0312,1.0311,236.55,True,3000,58.59
42,23,Event-Driven Ensemble,mixed,moderate,0.6934,0.648,0.6746,0.7133,199,96,125,80,0.164,0.0312,0.5617,236.56,True,500,19.53
42,24,Frozen Model,mixed,mild,0.5443,0.712,0.5478,0.5409,86,71,270,73,0.048,0.0156,0.3588,236.56,False,0,0.0
42,24,Continuously Retrained Ensemble,mixed,mild,0.2095,0.366,0.1736,0.2642,42,200,141,117,0.21,0.0312,1.0623,236.56,True,3000,58.59
42,24,Event-Driven Ensemble,mixed,mild,0.3061,0.456,0.2575,0.3774,60,173,168,99,0.816,0.0312,0.5929,236.56,True,500,19.53
42,25,Frozen Model,mixed,mild,0.5525,0.514,0.4451,0.7282,150,187,107,56,0.132,0.0156,0.3744,236.56,False,0,0.0
42,25,Continuously Retrained Ensemble,mixed,mild,0.2958,0.562,0.4381,0.2233,46,59,235,160,0.194,0.0312,1.0935,236.56,True,3000,58.59
42,25,Event-Driven Ensemble,mixed,mild,0.575,0.53,0.4582,0.7718,159,188,106,47,0.468,0.0156,0.6085,236.57,True,500,19.53
42,26,Frozen Model,mixed,mild,0.2619,0.752,0.5116,0.176,22,21,354,103,0.088,0.0,0.3744,236.57,False,0,0.0
42,26,Continuously Retrained Ensemble,mixed,mild,0.2986,0.502,0.2304,0.424,53,177,198,72,0.276,0.0312,1.1247,236.57,True,3000,58.59
42,26,Event-Driven Ensemble,mixed,mild,0.0159,0.752,1.0,0.008,1,0,375,124,0.032,0.0,0.6085,236.57,False,1000,19.53
42,27,Frozen Model,mixed,severe,0.5805,0.442,0.6349,0.5346,193,111,28,168,0.072,0.0156,0.39,236.57,False,0,0.0
42,27,Continuously Retrained Ensemble,mixed,severe,0.828,0.71,0.7241,0.9668,349,133,6,12,0.226,0.0312,1.1559,236.58,True,3000,58.59
42,27,Event-Driven Ensemble,mixed,severe,0.5754,0.448,0.6471,0.518,187,102,37,174,0.218,0.0156,0.6241,236.58,True,500,19.53
42,28,Frozen Model,mixed,severe,0.3902,0.25,0.3797,0.4013,120,196,5,179,0.222,0.0156,0.4056,236.58,False,0,0.0
42,28,Continuously Retrained Ensemble,mixed,severe,0.7494,0.6,0.5992,1.0,299,200,1,0,0.206,0.0312,1.1871,236.58,True,3000,58.59
42,28,Event-Driven Ensemble,mixed,severe,0.8584,0.81,0.7742,0.9632,288,84,117,11,0.238,0.0156,0.6397,236.58,True,500,19.53
42,29,Frozen Model,mixed,severe,0.445,0.546,0.7982,0.3085,91,23,182,204,0.124,0.0,0.4056,236.58,False,0,0.0
42,29,Continuously Retrained Ensemble,mixed,severe,0.8223,0.79,0.8209,0.8237,243,53,152,52,0.098,0.0312,1.2183,236.59,True,3000,58.59
42,29,Event-Driven Ensemble,mixed,severe,0.7371,0.592,0.5946,0.9695,286,195,10,9,0.242,0.0156,0.6553,236.59,True,500,19.53
42,30,Frozen Model,concept,severe,0.1356,0.388,0.0941,0.2424,24,231,170,75,0.22,0.0156,0.4212,236.59,False,0,0.0
42,30,Continuously Retrained Ensemble,concept,severe,0.0916,0.762,0.1875,0.0606,6,26,375,93,0.426,0.0156,1.2339,236.59,True,3000,58.59
42,30,Event-Driven Ensemble,concept,severe,0.0,0.802,0.0,0.0,0,0,401,99,0.0,0.0156,0.6709,236.59,False,1000,19.53
42,31,Frozen Model,concept,severe,0.0163,0.274,0.0248,0.0121,3,118,134,245,0.138,0.0156,0.4368,236.59,False,0,0.0
42,31,Continuously Retrained Ensemble,concept,severe,0.0,0.504,0.0,0.0,0,0,252,248,0.068,0.0312,1.2651,236.6,True,3000,58.59
42,31,Event-Driven Ensemble,concept,severe,0.0,0.504,0.0,0.0,0,0,252,248,0.128,0.0156,0.6865,236.6,False,1000,19.53
42,32,Frozen Model,concept,severe,0.25,0.652,0.2086,0.3118,29,110,297,64,0.084,0.0,0.4368,236.6,False,0,0.0
42,32,Continuously Retrained Ensemble,concept,severe,0.0592,0.682,0.0658,0.0538,5,71,336,88,0.35,0.0156,1.2807,236.61,True,3000,58.59
42,32,Event-Driven Ensemble,concept,severe,0.0,0.814,0.0,0.0,0,0,407,93,0.002,0.0156,0.7021,236.61,False,1000,19.53
42,33,Frozen Model,concept,mild,0.449,0.568,0.3411,0.6567,88,170,196,46,0.224,0.0156,0.4524,236.61,False,0,0.0
42,33,Continuously Retrained Ensemble,concept,mild,0.0368,0.686,0.1034,0.0224,3,26,340,131,0.118,0.0312,1.3119,236.61,True,3000,58.59
42,33,Event-Driven Ensemble,concept,mild,0.0,0.732,0.0,0.0,0,0,366,134,0.012,0.0156,0.7177,236.61,False,1000,19.53
42,34,Frozen Model,concept,mild,0.1212,0.768,0.25,0.08,8,24,376,92,0.09,0.0156,0.468,236.62,False,0,0.0
42,34,Continuously Retrained Ensemble,concept,mild,0.2239,0.584,0.1786,0.3,30,138,262,70,0.14,0.0312,1.3431,236.62,True,3000,58.59
42,34,Event-Driven Ensemble,concept,mild,0.0,0.798,0.0,0.0,0,1,399,100,0.08,0.0,0.7177,236.62,False,1000,19.53
42,35,Frozen Model,concept,mild,0.6117,0.708,0.4936,0.8042,115,118,239,28,0.104,0.0156,0.4836,236.62,False,0,0.0
42,35,Continuously Retrained Ensemble,concept,mild,0.0139,0.716,1.0,0.007,1,0,357,142,0.008,0.0469,1.39,236.62,True,3000,58.59
42,35,Event-Driven Ensemble,concept,mild,0.0,0.714,0.0,0.0,0,0,357,143,0.0,0.0156,0.7333,236.62,False,1000,19.53
42,36,Frozen Model,covariate,mild,0.7396,0.762,0.6602,0.8408,169,87,212,32,0.108,0.0156,0.4992,236.62,False,0,0.0
42,36,Continuously Retrained Ensemble,covariate,mild,0.0537,0.366,0.0672,0.0448,9,125,174,192,0.226,0.0469,1.4369,236.63,True,3000,58.59
42,36,Event-Driven Ensemble,covariate,mild,0.0348,0.556,0.1379,0.0199,4,25,274,197,0.218,0.0469,0.7802,236.63,True,500,19.53
42,37,Frozen Model,covariate,mild,0.5263,0.838,0.5696,0.4891,45,34,374,47,0.048,0.0156,0.5148,236.63,False,0,0.0
42,37,Continuously Retrained Ensemble,covariate,mild,0.3025,0.834,0.6667,0.1957,18,9,399,74,0.138,0.0625,1.4994,236.64,True,3000,58.59
42,37,Event-Driven Ensemble,covariate,mild,0.4306,0.836,0.5962,0.337,31,21,387,61,0.132,0.0156,0.7958,236.64,False,1000,19.53
42,38,Frozen Model,covariate,mild,0.777,0.752,0.7176,0.8471,216,85,160,39,0.14,0.0,0.5148,236.64,False,0,0.0
42,38,Continuously Retrained Ensemble,covariate,mild,0.7701,0.766,0.7717,0.7686,196,58,187,59,0.3,0.0625,1.5619,236.64,True,3000,58.59
42,38,Event-Driven Ensemble,covariate,mild,0.7658,0.748,0.7279,0.8078,206,77,168,49,0.238,0.0469,0.8427,236.64,True,500,19.53
42,39,Frozen Model,none,none,0.6311,0.834,0.5726,0.703,71,53,346,30,0.122,0.0,0.5148,236.64,False,0,0.0
42,39,Continuously Retrained Ensemble,none,none,0.6111,0.86,0.6962,0.5446,55,24,375,46,0.176,0.0625,1.6244,236.64,True,3000,58.59
42,39,Event-Driven Ensemble,none,none,0.6091,0.846,0.625,0.5941,60,36,363,41,0.062,0.0,0.8427,236.64,False,1000,19.53
42,40,Frozen Model,none,none,0.7422,0.868,0.6985,0.7917,95,41,339,25,0.074,0.0156,0.5304,236.64,False,0,0.0
42,40,Continuously Retrained Ensemble,none,none,0.7184,0.862,0.704,0.7333,88,37,343,32,0.114,0.0938,1.7182,236.65,True,3000,58.59
42,40,Event-Driven Ensemble,none,none,0.7119,0.864,0.7241,0.7,84,32,348,36,0.066,0.0156,0.8583,236.65,False,1000,19.53
42,41,Frozen Model,none,none,0.6908,0.71,0.6255,0.7714,162,97,193,48,0.242,0.0156,0.546,236.65,False,0,0.0
42,41,Continuously Retrained Ensemble,none,none,0.6872,0.716,0.6393,0.7429,156,88,202,54,0.276,0.0781,1.7963,236.66,True,3000,58.59
42,41,Event-Driven Ensemble,none,none,0.6946,0.738,0.6804,0.7095,149,70,220,61,0.13,0.0156,0.8739,236.66,False,1000,19.53
42,42,Frozen Model,mixed,mild,0.1467,0.744,0.2821,0.0991,11,28,361,100,0.1,0.0156,0.5616,236.66,False,0,0.0
42,42,Continuously Retrained Ensemble,mixed,mild,0.137,0.748,0.2857,0.0901,10,25,364,101,0.106,0.0625,1.8588,236.67,True,3000,58.59
42,42,Event-Driven Ensemble,mixed,mild,0.0952,0.772,0.4,0.0541,6,9,380,105,0.05,0.0,0.8739,236.67,False,1000,19.53
42,43,Frozen Model,mixed,mild,0.6342,0.654,0.5682,0.7177,150,114,177,59,0.056,0.0312,0.5928,236.67,False,0,0.0
42,43,Continuously Retrained Ensemble,mixed,mild,0.6342,0.654,0.5682,0.7177,150,114,177,59,0.07,0.0625,1.9213,236.68,True,3000,58.59
42,43,Event-Driven Ensemble,mixed,mild,0.6269,0.662,0.582,0.6794,142,102,189,67,0.056,0.0312,0.9051,236.68,True,500,19.53
42,44,Frozen Model,mixed,mild,0.5439,0.584,0.502,0.5933,124,123,168,85,0.116,0.0156,0.6084,236.68,False,0,0.0
42,44,Continuously Retrained Ensemble,mixed,mild,0.5336,0.584,0.5021,0.5694,119,118,173,90,0.218,0.0469,1.9682,236.69,True,3000,58.59
42,44,Event-Driven Ensemble,mixed,mild,0.0877,0.584,0.5263,0.0478,10,9,282,199,0.28,0.0469,0.952,236.69,True,500,19.53
42,45,Frozen Model,concept,moderate,0.129,0.73,0.2381,0.0885,10,32,355,103,0.08,0.0156,0.624,236.69,False,0,0.0
42,45,Continuously Retrained Ensemble,concept,moderate,0.0746,0.752,0.2381,0.0442,5,16,371,108,0.096,0.0625,2.0307,236.69,True,3000,58.59
42,45,Event-Driven Ensemble,concept,moderate,0.1374,0.774,0.5,0.0796,9,9,378,104,0.116,0.0156,0.9676,236.69,False,1000,19.53
42,46,Frozen Model,concept,moderate,0.2713,0.452,0.1925,0.4595,51,214,175,60,0.192,0.0156,0.6396,236.69,False,0,0.0
42,46,Continuously Retrained Ensemble,concept,moderate,0.2754,0.516,0.2063,0.4144,46,177,212,65,0.234,0.0469,2.0776,236.69,True,3000,58.59
42,46,Event-Driven Ensemble,concept,moderate,0.2949,0.56,0.2289,0.4144,46,155,234,65,0.368,0.0469,1.0145,236.7,True,500,19.53
42,47,Frozen Model,concept,moderate,0.3247,0.584,0.4098,0.2688,50,72,242,136,0.14,0.0156,0.6552,236.7,False,0,0.0
42,47,Continuously Retrained Ensemble,concept,moderate,0.2773,0.656,0.6346,0.1774,33,19,295,153,0.198,0.0469,2.1245,236.7,True,3000,58.59
42,47,Event-Driven Ensemble,concept,moderate,0.4299,0.618,0.4832,0.3871,72,77,237,114,0.448,0.0312,1.0457,236.71,True,500,19.53
42,48,Frozen Model,covariate,moderate,0.8308,0.864,0.8564,0.8068,167,28,265,40,0.07,0.0156,0.6708,236.71,False,0,0.0
42,48,Continuously Retrained Ensemble,covariate,moderate,0.8035,0.82,0.7331,0.8889,184,67,226,23,0.122,0.0312,2.1557,236.71,True,3000,58.59
42,48,Event-Driven Ensemble,covariate,moderate,0.5881,0.42,0.4165,1.0,207,290,3,0,0.032,0.0312,1.0769,236.71,True,500,19.53
42,49,Frozen Model,covariate,moderate,0.8552,0.792,0.8122,0.9029,307,71,89,33,0.102,0.0156,0.6864,236.71,False,0,0.0
42,49,Continuously Retrained Ensemble,covariate,moderate,0.8245,0.736,0.7524,0.9118,310,102,58,30,0.414,0.0312,2.1869,236.71,True,3000,58.59
42,49,Event-Driven Ensemble,covariate,moderate,0.8484,0.772,0.7743,0.9382,319,93,67,21,0.128,0.0156,1.0925,236.71,False,1000,19.53
42,50,Frozen Model,covariate,moderate,0.391,0.838,0.4906,0.325,26,27,393,54,0.126,0.0156,0.702,236.71,False,0,0.0
42,50,Continuously Retrained Ensemble,covariate,moderate,0.1474,0.838,0.4667,0.0875,7,8,412,73,0.15,0.0312,2.2181,236.72,True,3000,58.59
42,50,Event-Driven Ensemble,covariate,moderate,0.2476,0.842,0.52,0.1625,13,12,408,67,0.244,0.0312,1.1237,236.72,True,500,19.53
42,51,Frozen Model,covariate,moderate,0.833,0.818,0.805,0.8631,227,55,182,36,0.056,0.0156,0.7176,236.72,False,0,0.0
42,51,Continuously Retrained Ensemble,covariate,moderate,0.8039,0.8,0.83,0.7795,205,42,195,58,0.152,0.0312,2.2493,236.73,True,3000,58.59
42,51,Event-Driven Ensemble,covariate,moderate,0.8348,0.818,0.7986,0.8745,230,58,179,33,0.212,0.0312,1.1549,236.73,True,500,19.53
42,52,Frozen Model,covariate,moderate,0.8556,0.836,0.8294,0.8836,243,50,175,32,0.084,0.0156,0.7332,236.73,False,0,0.0
42,52,Continuously Retrained Ensemble,covariate,moderate,0.8621,0.842,0.8289,0.8982,247,51,174,28,0.104,0.0469,2.2962,236.73,True,3000,58.59
42,52,Event-Driven Ensemble,covariate,moderate,0.8576,0.836,0.8206,0.8982,247,54,171,28,0.074,0.0156,1.1705,236.73,False,1000,19.53
42,53,Frozen Model,covariate,moderate,0.6169,0.846,0.6813,0.5636,62,29,361,48,0.056,0.0156,0.7488,236.73,False,0,0.0
42,53,Continuously Retrained Ensemble,covariate,moderate,0.6381,0.848,0.67,0.6091,67,33,357,43,0.088,0.0469,2.3431,236.75,True,3000,58.59
42,53,Event-Driven Ensemble,covariate,moderate,0.6169,0.846,0.6813,0.5636,62,29,361,48,0.102,0.0156,1.1861,236.75,False,1000,19.53
42,54,Frozen Model,concept,moderate,0.2452,0.446,0.1718,0.4286,45,217,178,60,0.196,0.0,0.7488,236.75,False,0,0.0
42,54,Continuously Retrained Ensemble,concept,moderate,0.2594,0.486,0.186,0.4286,45,197,198,60,0.1,0.0312,2.3743,236.75,True,3000,58.59
42,54,Event-Driven Ensemble,concept,moderate,0.2476,0.38,0.1661,0.4857,51,256,139,54,0.192,0.0312,1.2173,236.75,True,500,19.53
42,55,Frozen Model,concept,moderate,0.0717,0.43,0.094,0.0579,11,106,204,179,0.136,0.0156,0.7644,236.75,False,0,0.0
42,55,Continuously Retrained Ensemble,concept,moderate,0.0093,0.574,0.04,0.0053,1,24,286,189,0.138,0.0469,2.4212,236.75,True,3000,58.59
42,55,Event-Driven Ensemble,concept,moderate,0.6929,0.766,0.6911,0.6947,132,59,251,58,0.374,0.0312,1.2485,236.76,True,500,19.53
42,56,Frozen Model,concept,moderate,0.371,0.688,0.3151,0.451,46,100,298,56,0.072,0.0156,0.78,236.76,False,0,0.0
42,56,Continuously Retrained Ensemble,concept,moderate,0.2209,0.746,0.2951,0.1765,18,43,355,84,0.4,0.0469,2.4681,236.76,True,3000,58.59
42,56,Event-Driven Ensemble,concept,moderate,0.08,0.54,0.0676,0.098,10,138,260,92,0.484,0.0312,1.2797,236.77,True,500,19.53
42,57,Frozen Model,none,none,0.661,0.682,0.5871,0.7561,155,109,186,50,0.206,0.0156,0.7956,236.77,False,0,0.0
42,57,Continuously Retrained Ensemble,none,none,0.0645,0.594,0.5833,0.0341,7,5,290,198,0.232,0.0312,2.4993,236.77,True,3000,58.59
42,57,Event-Driven Ensemble,none,none,0.2174,0.568,0.4225,0.1463,30,41,254,175,0.52,0.0312,1.3109,236.77,True,500,19.53
42,58,Frozen Model,none,none,0.25,0.868,0.3793,0.1864,11,18,423,48,0.088,0.0156,0.8112,236.77,False,0,0.0
42,58,Continuously Retrained Ensemble,none,none,0.0,0.882,0.0,0.0,0,0,441,59,0.208,0.0312,2.5305,236.77,True,3000,58.59
42,58,Event-Driven Ensemble,none,none,0.1316,0.868,0.2941,0.0847,5,12,429,54,0.038,0.0156,1.3265,236.77,False,1000,19.53
42,59,Frozen Model,none,none,0.7765,0.81,0.7112,0.8549,165,67,240,28,0.108,0.0156,0.8268,236.77,False,0,0.0
42,59,Continuously Retrained Ensemble,none,none,0.2679,0.672,0.9677,0.1554,30,1,306,163,0.276,0.0312,2.5617,236.77,True,3000,58.59
42,59,Event-Driven Ensemble,none,none,0.7756,0.816,0.7327,0.8238,159,58,249,34,0.078,0.0156,1.3421,236.77,False,1000,19.53
43,0,Frozen Model,none,none,0.6735,0.808,0.5625,0.839,99,77,305,19,0.028,0.0156,0.0156,237.52,False,0,0.0
43,0,Continuously Retrained Ensemble,none,none,0.6735,0.808,0.5625,0.839,99,77,305,19,0.028,0.0469,0.0469,237.57,True,3000,58.59
43,0,Event-Driven Ensemble,none,none,0.6735,0.808,0.5625,0.839,99,77,305,19,0.028,0.0156,0.0156,237.57,False,1000,19.53
43,1,Frozen Model,none,none,0.702,0.674,0.5854,0.8767,192,136,145,27,0.082,0.0156,0.0312,237.58,False,0,0.0
43,1,Continuously Retrained Ensemble,none,none,0.7065,0.676,0.5856,0.8904,195,138,143,24,0.104,0.0312,0.0781,237.58,True,3000,58.59
43,1,Event-Driven Ensemble,none,none,0.702,0.674,0.5854,0.8767,192,136,145,27,0.082,0.0156,0.0312,237.58,False,1000,19.53
43,2,Frozen Model,none,none,0.36,0.872,0.3214,0.4091,18,38,418,26,0.044,0.0156,0.0468,237.58,False,0,0.0
43,2,Continuously Retrained Ensemble,none,none,0.3883,0.874,0.339,0.4545,20,39,417,24,0.046,0.0469,0.125,237.58,True,3000,58.59
43,2,Event-Driven Ensemble,none,none,0.36,0.872,0.3214,0.4091,18,38,418,26,0.044,0.0,0.0312,237.58,False,1000,19.53
43,3,Frozen Model,covariate,moderate,0.8599,0.828,0.8024,0.9263,264,65,150,21,0.138,0.0156,0.0624,237.59,False,0,0.0
43,3,Continuously Retrained Ensemble,covariate,moderate,0.8626,0.842,0.8552,0.8702,248,42,173,37,0.186,0.0469,0.1719,237.59,True,3000,58.59
43,3,Event-Driven Ensemble,covariate,moderate,0.8599,0.828,0.8024,0.9263,264,65,150,21,0.138,0.0312,0.0624,237.63,True,500,19.53
43,4,Frozen Model,covariate,moderate,0.8374,0.798,0.7558,0.9386,260,84,139,17,0.154,0.0156,0.078,237.62,False,0,0.0
43,4,Continuously Retrained Ensemble,covariate,moderate,0.8373,0.794,0.7444,0.9567,265,91,132,12,0.038,0.0312,0.2031,237.62,True,3000,58.59
43,4,Event-Driven Ensemble,covariate,moderate,0.8317,0.792,0.7537,0.9278,257,84,139,20,0.07,0.0156,0.078,237.64,True,500,19.53
43,5,Frozen Model,covariate,moderate,0.6198,0.816,0.5639,0.6881,75,58,333,34,0.128,0.0156,0.0936,237.64,False,0,0.0
43,5,Continuously Retrained Ensemble,covariate,moderate,0.6116,0.812,0.5564,0.6789,74,59,332,35,0.07,0.0469,0.25,237.71,True,3000,58.59
43,5,Event-Driven Ensemble,covariate,moderate,0.6008,0.798,0.5278,0.6972,76,68,323,33,0.256,0.0312,0.1092,237.71,True,500,19.53
43,6,Frozen Model,covariate,mild,0.7563,0.692,0.6732,0.8628,239,116,107,38,0.052,0.0,0.0936,237.71,False,0,0.0
43,6,Continuously Retrained Ensemble,covariate,mild,0.7628,0.704,0.6859,0.8592,238,109,114,39,0.072,0.0312,0.2812,237.72,True,3000,58.59
43,6,Event-Driven Ensemble,covariate,mild,0.7676,0.702,0.6758,0.8881,246,118,105,31,0.252,0.0312,0.1404,237.72,True,500,19.53
43,7,Frozen Model,covariate,mild,0.7117,0.812,0.6203,0.8345,116,71,290,23,0.054,0.0156,0.1092,237.72,False,0,0.0
43,7,Continuously Retrained Ensemble,covariate,mild,0.7173,0.814,0.6211,0.8489,118,72,289,21,0.084,0.0469,0.3281,237.72,True,3000,58.59
43,7,Event-Driven Ensemble,covariate,mild,0.7339,0.826,0.6383,0.8633,120,68,293,19,0.188,0.0312,0.1716,237.73,True,500,19.53
43,8,Frozen Model,covariate,mild,0.75,0.828,0.6684,0.8543,129,64,285,22,0.042,0.0156,0.1248,237.73,False,0,0.0
43,8,Continuously Retrained Ensemble,covariate,mild,0.7522,0.83,0.6719,0.8543,129,63,286,22,0.068,0.0625,0.3906,237.73,True,3000,58.59
43,8,Event-Driven Ensemble,covariate,mild,0.7396,0.824,0.6684,0.8278,125,62,287,26,0.126,0.0469,0.2185,237.73,True,500,19.53
43,9,Frozen Model,none,none,0.7145,0.682,0.5976,0.8884,199,134,142,25,0.1,0.0156,0.1404,237.73,False,0,0.0
43,9,Continuously Retrained Ensemble,none,none,0.7187,0.69,0.6055,0.8839,198,129,147,26,0.156,0.0312,0.4218,237.73,True,3000,58.59
43,9,Event-Driven Ensemble,none,none,0.7266,0.708,0.6258,0.8661,194,116,160,30,0.292,0.0312,0.2497,237.73,True,500,19.53
43,10,Frozen Model,none,none,0.4464,0.876,0.4237,0.4717,25,34,413,28,0.032,0.0156,0.156,237.73,False,0,0.0
43,10,Continuously Retrained Ensemble,none,none,0.4561,0.876,0.4262,0.4906,26,35,412,27,0.044,0.0469,0.4687,237.73,True,3000,58.59
43,10,Event-Driven Ensemble,none,none,0.4444,0.88,0.4364,0.4528,24,31,416,29,0.058,0.0312,0.2809,237.74,True,500,19.53
43,11,Frozen Model,none,none,0.7621,0.784,0.6553,0.9105,173,91,219,17,0.026,0.0156,0.1716,237.74,False,0,0.0
43,11,Continuously Retrained Ensemble,none,none,0.7571,0.778,0.6479,0.9105,173,94,216,17,0.034,0.0469,0.5156,237.74,True,3000,58.59
43,11,Event-Driven Ensemble,none,none,0.7479,0.76,0.6224,0.9368,178,108,202,12,0.194,0.0312,0.3121,237.74,True,500,19.53
43,12,Frozen Model,concept,mild,0.3928,0.53,0.2804,0.6552,76,195,189,40,0.048,0.0156,0.1872,237.74,False,0,0.0
43,12,Continuously Retrained Ensemble,concept,mild,0.3928,0.53,0.2804,0.6552,76,195,189,40,0.064,0.0312,0.5468,237.74,True,3000,58.59
43,12,Event-Driven Ensemble,concept,mild,0.3871,0.544,0.2812,0.6207,72,184,200,44,0.118,0.0312,0.3433,237.74,True,500,19.53
43,13,Frozen Model,concept,mild,0.2905,0.746,0.3562,0.2453,26,47,347,80,0.03,0.0156,0.2028,237.74,False,0,0.0
43,13,Continuously Retrained Ensemble,concept,mild,0.2921,0.748,0.3611,0.2453,26,46,348,80,0.058,0.0469,0.5937,237.74,True,3000,58.59
43,13,Event-Driven Ensemble,concept,mild,0.3086,0.758,0.3913,0.2547,27,42,352,79,0.178,0.0156,0.3589,237.75,True,500,19.53
43,14,Frozen Model,concept,mild,0.5924,0.59,0.4599,0.8324,149,175,146,30,0.098,0.0156,0.2184,237.75,False,0,0.0
43,14,Continuously Retrained Ensemble,concept,mild,0.5873,0.584,0.4554,0.8268,148,177,144,31,0.132,0.0312,0.6249,237.75,True,3000,58.59
43,14,Event-Driven Ensemble,concept,mild,0.5814,0.542,0.4321,0.8883,159,209,112,20,0.404,0.0312,0.3901,237.75,True,500,19.53
43,15,Frozen Model,none,none,0.6032,0.8,0.4967,0.7677,76,77,324,23,0.06,0.0156,0.234,237.75,False,0,0.0
43,15,Continuously Retrained Ensemble,none,none,0.6148,0.812,0.5172,0.7576,75,70,331,24,0.114,0.0312,0.6561,237.75,True,3000,58.59
43,15,Event-Driven Ensemble,none,none,0.5837,0.826,0.5545,0.6162,61,49,352,38,0.148,0.0312,0.4213,237.75,True,500,19.53
43,16,Frozen Model,none,none,0.7405,0.85,0.6185,0.9224,107,66,318,9,0.03,0.0156,0.2496,237.75,False,0,0.0
43,16,Continuously Retrained Ensemble,none,none,0.719,0.828,0.5789,0.9483,110,80,304,6,0.066,0.0312,0.6873,237.75,True,3000,58.59
43,16,Event-Driven Ensemble,none,none,0.7338,0.852,0.6296,0.8793,102,60,324,14,0.162,0.0312,0.4525,237.75,True,500,19.53
43,17,Frozen Model,none,none,0.6998,0.662,0.5828,0.8756,197,141,134,28,0.104,0.0,0.2496,237.75,False,0,0.0
43,17,Continuously Retrained Ensemble,none,none,0.689,0.648,0.5718,0.8667,195,146,129,30,0.268,0.0312,0.7185,237.75,True,3000,58.59
43,17,Event-Driven Ensemble,none,none,0.6974,0.672,0.5962,0.84,189,128,147,36,0.216,0.0156,0.4681,237.75,True,500,19.53
43,18,Frozen Model,mixed,moderate,0.3192,0.292,0.522,0.2299,83,76,63,278,0.274,0.0156,0.2652,237.75,False,0,0.0
43,18,Continuously Retrained Ensemble,mixed,moderate,0.3713,0.316,0.5519,0.2798,101,82,57,260,0.378,0.0312,0.7497,237.75,True,3000,58.59
43,18,Event-Driven Ensemble,mixed,moderate,0.3789,0.318,0.5532,0.2881,104,84,55,257,0.652,0.0312,0.4993,237.75,True,500,19.53
43,19,Frozen Model,mixed,moderate,0.541,0.44,0.5046,0.583,165,162,55,118,0.144,0.0,0.2652,237.75,False,0,0.0
43,19,Continuously Retrained Ensemble,mixed,moderate,0.7229,0.566,0.566,1.0,283,217,0,0,0.05,0.0312,0.7809,237.75,True,3000,58.59
43,19,Event-Driven Ensemble,mixed,moderate,0.7041,0.61,0.617,0.8198,232,144,73,51,0.592,0.0156,0.5149,237.75,True,500,19.53
43,20,Frozen Model,mixed,moderate,0.4992,0.382,0.4783,0.522,154,168,37,141,0.126,0.0156,0.2808,237.75,False,0,0.0
43,20,Continuously Retrained Ensemble,mixed,moderate,0.7421,0.59,0.59,1.0,295,205,0,0,0.014,0.0625,0.8434,237.75,True,3000,58.59
43,20,Event-Driven Ensemble,mixed,moderate,0.6757,0.618,0.6769,0.6746,199,95,110,96,0.232,0.0469,0.5618,237.75,True,500,19.53
43,21,Frozen Model,concept,severe,0.1146,0.32,0.2821,0.0719,22,56,138,284,0.042,0.0156,0.2964,237.75,False,0,0.0
43,21,Continuously Retrained Ensemble,concept,severe,0.2071,0.326,0.3697,0.1438,44,75,119,262,0.21,0.0781,0.9215,237.75,True,3000,58.59
43,21,Event-Driven Ensemble,concept,severe,0.7602,0.614,0.6132,1.0,306,193,1,0,0.09,0.0469,0.6087,237.75,True,500,19.53
43,22,Frozen Model,concept,severe,0.1349,0.282,0.0859,0.3146,28,298,113,61,0.066,0.0156,0.312,237.75,False,0,0.0
43,22,Continuously Retrained Ensemble,concept,severe,0.3152,0.244,0.1879,0.9775,87,376,35,2,0.272,0.0625,0.984,237.75,True,3000,58.59
43,22,Event-Driven Ensemble,concept,severe,0.5231,0.814,0.4811,0.573,51,55,356,38,0.338,0.0469,0.6556,237.75,True,500,19.53
43,23,Frozen Model,concept,severe,0.2293,0.368,0.3072,0.1829,47,106,137,210,0.072,0.0156,0.3276,237.75,False,0,0.0
43,23,Continuously Retrained Ensemble,concept,severe,0.7136,0.666,0.638,0.8093,208,118,125,49,0.362,0.0781,1.0621,237.75,True,3000,58.59
43,23,Event-Driven Ensemble,concept,severe,0.7243,0.694,0.6745,0.7821,201,97,146,56,0.074,0.0469,0.7025,237.75,True,500,19.53
43,24,Frozen Model,none,none,0.7256,0.82,0.6575,0.8095,119,62,291,28,0.014,0.0312,0.3588,237.75,False,0,0.0
43,24,Continuously Retrained Ensemble,none,none,0.1818,0.154,0.127,0.3197,47,323,30,100,0.248,0.0312,1.0933,237.75,True,3000,58.59
43,24,Event-Driven Ensemble,none,none,0.3727,0.246,0.2467,0.7619,112,342,11,35,0.41,0.0625,0.765,237.75,True,500,19.53
43,25,Frozen Model,none,none,0.6813,0.652,0.5536,0.8857,186,150,140,24,0.092,0.0156,0.3744,237.75,False,0,0.0
43,25,Continuously Retrained Ensemble,none,none,0.3207,0.39,0.3013,0.3429,72,167,123,138,0.366,0.0625,1.1558,237.75,True,3000,58.59
43,25,Event-Driven Ensemble,none,none,0.6678,0.602,0.5141,0.9524,200,189,101,10,0.136,0.0312,0.7962,237.75,True,500,19.53
43,26,Frozen Model,none,none,0.3883,0.874,0.3509,0.4348,20,37,417,26,0.064,0.0156,0.39,237.75,False,0,0.0
43,26,Continuously Retrained Ensemble,none,none,0.1111,0.264,0.0625,0.5,23,345,109,23,0.292,0.0625,1.2183,237.76,True,3000,58.59
43,26,Event-Driven Ensemble,none,none,0.3579,0.878,0.3469,0.3696,17,32,422,29,0.064,0.0469,0.8431,237.76,True,500,19.53
43,27,Frozen Model,concept,severe,0.3795,0.444,0.3208,0.4645,85,180,137,98,0.024,0.0156,0.4056,237.76,False,0,0.0
43,27,Continuously Retrained Ensemble,concept,severe,0.5631,0.55,0.4367,0.7923,145,187,130,38,0.26,0.0625,1.2808,237.76,True,3000,58.59
43,27,Event-Driven Ensemble,concept,severe,0.383,0.42,0.3136,0.4918,90,197,120,93,0.126,0.0469,0.89,237.76,True,500,19.53
43,28,Frozen Model,concept,severe,0.0605,0.13,0.0505,0.0753,14,263,51,172,0.04,0.0156,0.4212,237.76,False,0,0.0
43,28,Continuously Retrained Ensemble,concept,severe,0.5531,0.512,0.4194,0.8118,151,209,105,35,0.57,0.0625,1.3433,237.76,True,3000,58.59
43,28,Event-Driven Ensemble,concept,severe,0.823,0.852,0.7414,0.9247,172,60,254,14,0.132,0.0312,0.9212,237.82,True,500,19.53
43,29,Frozen Model,concept,severe,0.1238,0.632,0.194,0.0909,13,54,303,130,0.044,0.0156,0.4368,237.82,False,0,0.0
43,29,Continuously Retrained Ensemble,concept,severe,0.5339,0.588,0.3946,0.8252,118,181,176,25,0.236,0.0625,1.4058,237.82,True,3000,58.59
43,29,Event-Driven Ensemble,concept,severe,0.4618,0.394,0.3095,0.9091,130,290,67,13,0.078,0.0312,0.9524,237.82,True,500,19.53
43,30,Frozen Model,mixed,severe,0.7205,0.564,0.5953,0.9123,281,191,1,27,0.202,0.0156,0.4524,237.82,False,0,0.0
43,30,Continuously Retrained Ensemble,mixed,severe,0.7624,0.616,0.616,1.0,308,192,0,0,0.01,0.0312,1.437,237.82,True,3000,58.59
43,30,Event-Driven Ensemble,mixed,severe,0.7624,0.616,0.616,1.0,308,192,0,0,0.636,0.0312,0.9836,237.82,True,500,19.53
43,31,Frozen Model,mixed,severe,0.5185,0.35,0.5833,0.4667,175,125,0,200,0.392,0.0156,0.468,237.82,False,0,0.0
43,31,Continuously Retrained Ensemble,mixed,severe,0.8571,0.75,0.75,1.0,375,125,0,0,0.094,0.0469,1.4839,237.82,True,3000,58.59
43,31,Event-Driven Ensemble,mixed,severe,0.8997,0.84,0.8487,0.9573,359,64,61,16,0.12,0.0469,1.0305,237.82,True,500,19.53
43,32,Frozen Model,mixed,severe,0.6096,0.644,0.5865,0.6347,139,98,183,80,0.112,0.0156,0.4836,237.82,False,0,0.0
43,32,Continuously Retrained Ensemble,mixed,severe,0.6134,0.448,0.4424,1.0,219,276,5,0,0.076,0.0469,1.5308,237.82,True,3000,58.59
43,32,Event-Driven Ensemble,mixed,severe,0.6393,0.526,0.4795,0.9589,210,228,53,9,0.23,0.0312,1.0617,237.82,True,500,19.53
43,33,Frozen Model,mixed,mild,0.6162,0.544,0.5041,0.7922,183,180,89,48,0.11,0.0312,0.5148,237.82,False,0,0.0
43,33,Continuously Retrained Ensemble,mixed,mild,0.4571,0.506,0.4643,0.4502,104,120,149,127,0.228,0.0469,1.5777,237.82,True,3000,58.59
43,33,Event-Driven Ensemble,mixed,mild,0.3657,0.556,0.5378,0.2771,64,55,214,167,0.474,0.0312,1.0929,237.82,True,500,19.53
43,34,Frozen Model,mixed,mild,0.2251,0.642,0.2766,0.1898,26,68,295,111,0.074,0.0156,0.5304,237.82,False,0,0.0
43,34,Continuously Retrained Ensemble,mixed,mild,0.4342,0.338,0.2835,0.927,127,321,42,10,0.21,0.0469,1.6246,237.82,True,3000,58.59
43,34,Event-Driven Ensemble,mixed,mild,0.3481,0.558,0.2921,0.4307,59,143,220,78,0.382,0.0312,1.1241,237.82,True,500,19.53
43,35,Frozen Model,mixed,mild,0.6755,0.706,0.5543,0.8644,153,123,200,24,0.038,0.0156,0.546,237.82,False,0,0.0
43,35,Continuously Retrained Ensemble,mixed,mild,0.6609,0.684,0.5329,0.8701,154,135,188,23,0.294,0.0625,1.6871,237.82,True,3000,58.59
43,35,Event-Driven Ensemble,mixed,mild,0.66,0.726,0.5885,0.7514,133,93,230,44,0.452,0.0312,1.1553,237.82,True,500,19.53
43,36,Frozen Model,none,none,0.6713,0.718,0.5434,0.878,144,121,215,20,0.05,0.0312,0.5772,237.82,False,0,0.0
43,36,Continuously Retrained Ensemble,none,none,0.5888,0.648,0.4773,0.7683,126,138,198,38,0.878,0.0469,1.734,237.82,True,3000,58.59
43,36,Event-Driven Ensemble,none,none,0.6604,0.71,0.5361,0.8598,141,122,214,23,0.3,0.0312,1.1865,237.82,True,500,19.53
43,37,Frozen Model,none,none,0.4848,0.864,0.4507,0.5246,32,39,400,29,0.038,0.0156,0.5928,237.82,False,0,0.0
43,37,Continuously Retrained Ensemble,none,none,0.4444,0.82,0.3564,0.5902,36,65,374,25,0.266,0.0469,1.7809,237.82,True,3000,58.59
43,37,Event-Driven Ensemble,none,none,0.4407,0.868,0.4561,0.4262,26,31,408,35,0.102,0.0312,1.2177,237.82,True,500,19.53
43,38,Frozen Model,none,none,0.7004,0.68,0.5772,0.8905,187,137,153,23,0.078,0.0156,0.6084,237.82,False,0,0.0
43,38,Continuously Retrained Ensemble,none,none,0.7009,0.674,0.5701,0.9095,191,144,146,19,0.148,0.0469,1.8278,237.82,True,3000,58.59
43,38,Event-Driven Ensemble,none,none,0.693,0.642,0.5416,0.9619,202,171,119,8,0.222,0.0156,1.2333,237.82,True,500,19.53
43,39,Frozen Model,covariate,severe,0.8023,0.794,0.7085,0.9248,209,86,188,17,0.402,0.0156,0.624,237.82,False,0,0.0
43,39,Continuously Retrained Ensemble,covariate,severe,0.6287,0.466,0.4584,1.0,226,267,7,0,0.232,0.0312,1.859,237.82,True,3000,58.59
43,39,Event-Driven Ensemble,covariate,severe,0.7984,0.792,0.7103,0.9115,206,84,190,20,0.57,0.0312,1.2645,237.82,True,500,19.53
43,40,Frozen Model,covariate,severe,0.8055,0.802,0.7244,0.9071,205,78,196,21,0.35,0.0156,0.6396,237.82,False,0,0.0
43,40,Continuously Retrained Ensemble,covariate,severe,0.824,0.824,0.7518,0.9115,206,68,206,20,0.108,0.0469,1.9059,237.82,True,3000,58.59
43,40,Event-Driven Ensemble,covariate,severe,0.8238,0.834,0.7918,0.8584,194,51,223,32,0.218,0.0312,1.2957,237.82,True,500,19.53
43,41,Frozen Model,covariate,severe,0.8116,0.7,0.6976,0.97,323,140,27,10,0.22,0.0156,0.6552,237.82,False,0,0.0
43,41,Continuously Retrained Ensemble,covariate,severe,0.8166,0.718,0.7202,0.9429,314,122,45,19,0.084,0.0312,1.9371,237.82,True,3000,58.59
43,41,Event-Driven Ensemble,covariate,severe,0.8253,0.746,0.7614,0.9009,300,94,73,33,0.35,0.0312,1.3269,237.82,True,500,19.53
43,42,Frozen Model,concept,moderate,0.0837,0.518,0.2037,0.0526,11,43,248,198,0.044,0.0156,0.6708,237.82,False,0,0.0
43,42,Continuously Retrained Ensemble,concept,moderate,0.0643,0.534,0.2,0.0383,8,32,259,201,0.03,0.0312,1.9683,237.82,True,3000,58.59
43,42,Event-Driven Ensemble,concept,moderate,0.0586,0.55,0.2333,0.0335,7,23,268,202,0.072,0.0312,1.3581,237.82,True,500,19.53
43,43,Frozen Model,concept,moderate,0.2746,0.44,0.1992,0.4417,53,213,167,67,0.048,0.0156,0.6864,237.82,False,0,0.0
43,43,Continuously Retrained Ensemble,concept,moderate,0.2835,0.444,0.2052,0.4583,55,213,167,65,0.136,0.0312,1.9995,237.82,True,3000,58.59
43,43,Event-Driven Ensemble,concept,moderate,0.42,0.652,0.35,0.525,63,117,263,57,0.478,0.0312,1.3893,237.82,True,500,19.53
43,44,Frozen Model,concept,moderate,0.3737,0.41,0.3235,0.4422,88,184,117,111,0.054,0.0,0.6864,237.82,False,0,0.0
43,44,Continuously Retrained Ensemble,concept,moderate,0.5536,0.484,0.4222,0.804,160,219,82,39,0.622,0.0312,2.0307,237.82,True,3000,58.59
43,44,Event-Driven Ensemble,concept,moderate,0.51,0.608,0.5075,0.5126,102,99,202,97,0.134,0.0312,1.4205,237.82,True,500,19.53
43,45,Frozen Model,covariate,moderate,0.5469,0.778,0.4752,0.6442,67,74,322,37,0.198,0.0156,0.702,237.82,False,0,0.0
43,45,Continuously Retrained Ensemble,covariate,moderate,0.4308,0.482,0.2792,0.9423,98,253,143,6,0.486,0.0469,2.0776,237.82,True,3000,58.59
43,45,Event-Driven Ensemble,covariate,moderate,0.3444,0.208,0.208,1.0,104,396,0,0,0.054,0.0312,1.4517,237.82,True,500,19.53
43,46,Frozen Model,covariate,moderate,0.8706,0.802,0.8005,0.9542,333,83,68,16,0.152,0.0156,0.7176,237.82,False,0,0.0
43,46,Continuously Retrained Ensemble,covariate,moderate,0.8582,0.774,0.7634,0.9799,342,106,45,7,0.206,0.0312,2.1088,237.82,True,3000,58.59
43,46,Event-Driven Ensemble,covariate,moderate,0.8622,0.782,0.7715,0.9771,341,101,50,8,0.114,0.0156,1.4673,237.83,True,500,19.53
43,47,Frozen Model,covariate,moderate,0.6882,0.788,0.6,0.8069,117,78,277,28,0.076,0.0,0.7176,237.83,False,0,0.0
43,47,Continuously Retrained Ensemble,covariate,moderate,0.5333,0.552,0.3821,0.8828,128,207,148,17,0.63,0.0469,2.1557,237.83,True,3000,58.59
43,47,Event-Driven Ensemble,covariate,moderate,0.6795,0.8,0.6347,0.731,106,61,294,39,0.196,0.0312,1.4985,237.83,True,500,19.53
43,48,Frozen Model,concept,moderate,0.3857,0.656,0.3034,0.5294,54,124,274,48,0.026,0.0,0.7176,237.83,False,0,0.0
43,48,Continuously Retrained Ensemble,concept,moderate,0.3757,0.528,0.2572,0.6961,71,205,193,31,0.54,0.0312,2.1869,237.83,True,3000,58.59
43,48,Event-Driven Ensemble,concept,moderate,0.3433,0.648,0.2771,0.451,46,120,278,56,0.13,0.0312,1.5297,237.83,True,500,19.53
43,49,Frozen Model,concept,moderate,0.2157,0.302,0.1446,0.4248,48,284,103,65,0.094,0.0156,0.7332,237.83,False,0,0.0
43,49,Continuously Retrained Ensemble,concept,moderate,0.2459,0.362,0.1677,0.4602,52,258,129,61,0.41,0.0312,2.2181,237.83,True,3000,58.59
43,49,Event-Driven Ensemble,concept,moderate,0.382,0.56,0.2798,0.6018,68,175,212,45,0.598,0.0312,1.5609,237.83,True,500,19.53
43,50,Frozen Model,concept,moderate,0.219,0.672,0.377,0.1544,23,38,313,126,0.048,0.0156,0.7488,237.83,False,0,0.0
43,50,Continuously Retrained Ensemble,concept,moderate,0.1838,0.698,0.4722,0.1141,17,19,332,132,0.528,0.0312,2.2493,237.83,True,3000,58.59
43,50,Event-Driven Ensemble,concept,moderate,0.4305,0.418,0.3039,0.7383,110,252,99,39,0.28,0.0312,1.5921,237.83,True,500,19.53
43,51,Frozen Model,mixed,mild,0.649,0.656,0.5638,0.7644,159,123,169,49,0.036,0.0156,0.7644,237.83,False,0,0.0
43,51,Continuously Retrained Ensemble,mixed,mild,0.6559,0.658,0.564,0.7837,163,126,166,45,0.076,0.0312,2.2805,237.83,True,3000,58.59
43,51,Event-Driven Ensemble,mixed,mild,0.6371,0.574,0.4934,0.899,187,192,100,21,0.182,0.0469,1.639,237.83,True,500,19.53
43,52,Frozen Model,mixed,mild,0.4337,0.436,0.3529,0.5625,108,198,110,84,0.076,0.0156,0.78,237.83,False,0,0.0
43,52,Continuously Retrained Ensemble,mixed,mild,0.4945,0.444,0.3799,0.7083,136,222,86,56,0.166,0.0469,2.3274,237.83,True,3000,58.59
43,52,Event-Driven Ensemble,mixed,mild,0.5244,0.434,0.3871,0.8125,156,247,61,36,0.334,0.0312,1.6702,237.83,True,500,19.53
43,53,Frozen Model,mixed,mild,0.5268,0.806,0.5347,0.5192,54,47,349,50,0.072,0.0156,0.7956,237.83,False,0,0.0
43,53,Continuously Retrained Ensemble,mixed,mild,0.5166,0.708,0.3939,0.75,78,120,276,26,0.356,0.0312,2.3586,237.84,True,3000,58.59
43,53,Event-Driven Ensemble,mixed,mild,0.4232,0.482,0.2754,0.9135,95,250,146,9,0.604,0.0312,1.7014,237.84,True,500,19.53
43,54,Frozen Model,mixed,severe,0.6809,0.52,0.5517,0.8889,256,208,4,32,0.206,0.0156,0.8112,237.84,False,0,0.0
43,54,Continuously Retrained Ensemble,mixed,severe,0.7319,0.578,0.5772,1.0,288,211,1,0,0.006,0.0469,2.4055,237.84,True,3000,58.59
43,54,Event-Driven Ensemble,mixed,severe,0.7328,0.58,0.5783,1.0,288,210,2,0,0.026,0.0156,1.717,237.84,False,1000,19.53
43,55,Frozen Model,mixed,severe,0.5237,0.356,0.5747,0.481,177,131,1,191,0.394,0.0,0.8112,237.84,False,0,0.0
43,55,Continuously Retrained Ensemble,mixed,severe,0.8479,0.736,0.736,1.0,368,132,0,0,0.074,0.0312,2.4367,237.85,True,3000,58.59
43,55,Event-Driven Ensemble,mixed,severe,0.7547,0.606,0.6966,0.8234,303,132,0,65,0.34,0.0312,1.7482,237.85,True,500,19.53
43,56,Frozen Model,mixed,severe,0.6469,0.666,0.6511,0.6429,153,82,180,85,0.134,0.0156,0.8268,237.85,False,0,0.0
43,56,Continuously Retrained Ensemble,mixed,severe,0.7088,0.65,0.5868,0.895,213,150,112,25,0.294,0.0625,2.4992,237.85,True,3000,58.59
43,56,Event-Driven Ensemble,mixed,severe,0.6227,0.508,0.4903,0.8529,203,211,51,35,0.19,0.0312,1.7794,237.85,True,500,19.53
43,57,Frozen Model,covariate,mild,0.7411,0.666,0.6289,0.9019,239,141,94,26,0.124,0.0156,0.8424,237.85,False,0,0.0
43,57,Continuously Retrained Ensemble,covariate,mild,0.5368,0.496,0.5233,0.5509,146,133,102,119,0.394,0.0312,2.5304,237.85,True,3000,58.59
43,57,Event-Driven Ensemble,covariate,mild,0.2775,0.396,0.3791,0.2189,58,95,140,207,0.828,0.0312,1.8106,237.85,True,500,19.53
43,58,Frozen Model,covariate,mild,0.4884,0.824,0.4516,0.5316,42,51,370,37,0.062,0.0156,0.858,237.85,False,0,0.0
43,58,Continuously Retrained Ensemble,covariate,mild,0.3884,0.578,0.2519,0.8481,67,199,222,12,0.584,0.0312,2.5616,237.85,True,3000,58.59
43,58,Event-Driven Ensemble,covariate,mild,0.4472,0.822,0.439,0.4557,36,46,375,43,0.168,0.0312,1.8418,237.85,True,500,19.53
43,59,Frozen Model,covariate,mild,0.8008,0.804,0.7061,0.9249,197,82,205,16,0.034,0.0,0.858,237.85,False,0,0.0
43,59,Continuously Retrained Ensemble,covariate,mild,0.7944,0.796,0.6961,0.9249,197,86,201,16,0.074,0.0469,2.6085,237.88,True,3000,58.59
43,59,Event-Driven Ensemble,covariate,mild,0.7899,0.784,0.6744,0.9531,203,98,189,10,0.128,0.0312,1.873,237.88,True,500,19.53
44,0,Frozen Model,none,none,0.6667,0.82,0.6294,0.7087,90,53,320,37,0.07,0.0156,0.0156,237.71,False,0,0.0
44,0,Continuously Retrained Ensemble,none,none,0.6667,0.82,0.6294,0.7087,90,53,320,37,0.07,0.0312,0.0312,237.9,True,3000,58.59
44,0,Event-Driven Ensemble,none,none,0.6667,0.82,0.6294,0.7087,90,53,320,37,0.07,0.0,0.0,237.9,False,1000,19.53
44,1,Frozen Model,none,none,0.6234,0.652,0.5475,0.7236,144,119,182,55,0.236,0.0156,0.0312,237.9,False,0,0.0
44,1,Continuously Retrained Ensemble,none,none,0.6307,0.658,0.553,0.7337,146,118,183,53,0.274,0.0469,0.0781,237.91,True,3000,58.59
44,1,Event-Driven Ensemble,none,none,0.6234,0.652,0.5475,0.7236,144,119,182,55,0.236,0.0156,0.0156,237.91,False,1000,19.53
44,2,Frozen Model,none,none,0.3529,0.89,0.4688,0.283,15,17,430,38,0.076,0.0156,0.0468,237.91,False,0,0.0
44,2,Continuously Retrained Ensemble,none,none,0.3333,0.888,0.4516,0.2642,14,17,430,39,0.088,0.0469,0.125,237.91,True,3000,58.59
44,2,Event-Driven Ensemble,none,none,0.3529,0.89,0.4688,0.283,15,17,430,38,0.076,0.0156,0.0312,237.91,False,1000,19.53
44,3,Frozen Model,concept,moderate,0.2674,0.474,0.2025,0.3934,48,189,189,74,0.096,0.0156,0.0624,237.91,False,0,0.0
44,3,Continuously Retrained Ensemble,concept,moderate,0.2659,0.47,0.2008,0.3934,48,191,187,74,0.114,0.0312,0.1562,237.91,True,3000,58.59
44,3,Event-Driven Ensemble,concept,moderate,0.2674,0.474,0.2025,0.3934,48,189,189,74,0.096,0.0156,0.0468,237.91,True,500,19.53
44,4,Frozen Model,concept,moderate,0.0853,0.314,0.0705,0.1081,16,211,141,132,0.178,0.0156,0.078,237.91,False,0,0.0
44,4,Continuously Retrained Ensemble,concept,moderate,0.0793,0.35,0.0683,0.0946,14,191,161,134,0.25,0.0312,0.1874,237.91,True,3000,58.59
44,4,Event-Driven Ensemble,concept,moderate,0.5546,0.788,0.7333,0.4459,66,24,328,82,0.194,0.0312,0.078,237.91,True,500,19.53
44,5,Frozen Model,concept,moderate,0.1176,0.76,0.2105,0.0816,8,30,372,90,0.076,0.0,0.078,237.91,False,0,0.0
44,5,Continuously Retrained Ensemble,concept,moderate,0.0,0.804,0.0,0.0,0,0,402,98,0.028,0.0469,0.2343,237.91,True,3000,58.59
44,5,Event-Driven Ensemble,concept,moderate,0.3771,0.564,0.2619,0.6735,66,186,216,32,0.472,0.0156,0.0936,237.91,True,500,19.53
44,6,Frozen Model,mixed,mild,0.6627,0.664,0.5651,0.801,165,127,167,41,0.132,0.0156,0.0936,237.91,False,0,0.0
44,6,Continuously Retrained Ensemble,mixed,mild,0.6112,0.682,0.6158,0.6068,125,78,216,81,0.496,0.0781,0.3124,237.93,True,3000,58.59
44,6,Event-Driven Ensemble,mixed,mild,0.5487,0.648,0.5815,0.5194,107,77,217,99,0.258,0.0312,0.1248,237.93,True,500,19.53
44,7,Frozen Model,mixed,mild,0.4073,0.61,0.4437,0.3764,67,84,238,111,0.092,0.0156,0.1092,237.93,False,0,0.0
44,7,Continuously Retrained Ensemble,mixed,mild,0.2522,0.656,0.5577,0.1629,29,23,299,149,0.204,0.0469,0.3593,237.93,True,3000,58.59
44,7,Event-Driven Ensemble,mixed,mild,0.3538,0.642,0.4949,0.2753,49,50,272,129,0.174,0.0312,0.156,237.93,True,500,19.53
44,8,Frozen Model,mixed,mild,0.6349,0.77,0.5952,0.6803,100,68,285,47,0.048,0.0,0.1092,237.93,False,0,0.0
44,8,Continuously Retrained Ensemble,mixed,mild,0.597,0.784,0.6612,0.5442,80,41,312,67,0.188,0.0469,0.4062,237.93,True,3000,58.59
44,8,Event-Driven Ensemble,mixed,mild,0.6447,0.784,0.6242,0.6667,98,59,294,49,0.232,0.0312,0.1872,237.93,True,500,19.53
44,9,Frozen Model,concept,severe,0.1823,0.39,0.1241,0.3434,34,240,161,65,0.216,0.0,0.1092,237.93,False,0,0.0
44,9,Continuously Retrained Ensemble,concept,severe,0.0198,0.802,0.5,0.0101,1,1,400,98,0.034,0.0469,0.4531,237.93,True,3000,58.59
44,9,Event-Driven Ensemble,concept,severe,0.2006,0.474,0.1435,0.3333,33,197,204,66,0.356,0.0156,0.2028,237.93,True,500,19.53
44,10,Frozen Model,concept,severe,0.0,0.35,0.0,0.0,0,32,175,293,0.07,0.0156,0.1248,237.93,False,0,0.0
44,10,Continuously Retrained Ensemble,concept,severe,0.0136,0.418,1.0,0.0068,2,0,207,291,0.128,0.0469,0.5,237.93,True,3000,58.59
44,10,Event-Driven Ensemble,concept,severe,0.467,0.58,0.9109,0.314,92,9,198,201,0.484,0.0312,0.234,237.93,True,500,19.53
44,11,Frozen Model,concept,severe,0.2564,0.536,0.1702,0.5195,40,195,228,37,0.074,0.0,0.1248,237.93,False,0,0.0
44,11,Continuously Retrained Ensemble,concept,severe,0.1905,0.762,0.2,0.1818,14,56,367,63,0.152,0.0312,0.5312,237.93,True,3000,58.59
44,11,Event-Driven Ensemble,concept,severe,0.0619,0.636,0.0513,0.0779,6,111,312,71,0.106,0.0156,0.2496,237.93,False,1000,19.53
44,12,Frozen Model,concept,severe,0.052,0.198,0.0485,0.0561,11,216,88,185,0.186,0.0156,0.1404,237.93,False,0,0.0
44,12,Continuously Retrained Ensemble,concept,severe,0.4488,0.72,0.9828,0.2908,57,1,303,139,0.198,0.0312,0.5624,237.93,True,3000,58.59
44,12,Event-Driven Ensemble,concept,severe,0.8223,0.866,0.8564,0.7908,155,26,278,41,0.104,0.0156,0.2652,237.93,False,1000,19.53
44,13,Frozen Model,concept,severe,0.0334,0.306,0.1364,0.019,6,38,147,309,0.086,0.0156,0.156,237.93,False,0,0.0
44,13,Continuously Retrained Ensemble,concept,severe,0.5591,0.59,0.8667,0.4127,130,20,165,185,0.292,0.0469,0.6093,237.93,True,3000,58.59
44,13,Event-Driven Ensemble,concept,severe,0.8112,0.758,0.7975,0.8254,260,66,119,55,0.218,0.0312,0.2964,237.93,True,500,19.53
44,14,Frozen Model,concept,severe,0.3181,0.494,0.2201,0.5728,59,209,188,44,0.196,0.0156,0.1716,237.93,False,0,0.0
44,14,Continuously Retrained Ensemble,concept,severe,0.0635,0.764,0.1739,0.0388,4,19,378,99,0.142,0.0312,0.6405,237.93,True,3000,58.59
44,14,Event-Driven Ensemble,concept,severe,0.1595,0.726,0.2167,0.1262,13,47,350,90,0.134,0.0156,0.312,237.93,False,1000,19.53
44,15,Frozen Model,mixed,mild,0.4788,0.73,0.4306,0.5391,62,82,303,53,0.108,0.0156,0.1872,237.93,False,0,0.0
44,15,Continuously Retrained Ensemble,mixed,mild,0.1934,0.366,0.1367,0.3304,38,240,145,77,0.044,0.0469,0.6874,237.93,True,3000,58.59
44,15,Event-Driven Ensemble,mixed,mild,0.1755,0.38,0.1264,0.287,33,228,157,82,0.066,0.0469,0.3589,237.93,True,500,19.53
44,16,Frozen Model,mixed,mild,0.5248,0.674,0.5325,0.5172,90,79,247,84,0.03,0.0312,0.2184,237.93,False,0,0.0
44,16,Continuously Retrained Ensemble,mixed,mild,0.172,0.48,0.1929,0.1552,27,113,213,147,0.674,0.0625,0.7499,237.93,True,3000,58.59
44,16,Event-Driven Ensemble,mixed,mild,0.3669,0.648,0.4904,0.2931,51,53,273,123,0.208,0.0156,0.3745,237.93,True,500,19.53
44,17,Frozen Model,mixed,mild,0.633,0.608,0.5709,0.7101,169,127,135,69,0.158,0.0156,0.234,237.93,False,0,0.0
44,17,Continuously Retrained Ensemble,mixed,mild,0.1404,0.51,0.4255,0.084,20,27,235,218,0.26,0.0312,0.7811,237.93,True,3000,58.59
44,17,Event-Driven Ensemble,mixed,mild,0.5434,0.6,0.595,0.5,119,81,181,119,0.478,0.0312,0.4057,237.93,True,500,19.53
44,18,Frozen Model,covariate,moderate,0.5226,0.81,0.65,0.437,52,28,353,67,0.146,0.0312,0.2652,237.93,False,0,0.0
44,18,Continuously Retrained Ensemble,covariate,moderate,0.0,0.758,0.0,0.0,0,2,379,119,0.542,0.0625,0.8436,237.93,True,3000,58.59
44,18,Event-Driven Ensemble,covariate,moderate,0.5498,0.81,0.6304,0.4874,58,34,347,61,0.654,0.0469,0.4526,237.93,True,500,19.53
44,19,Frozen Model,covariate,moderate,0.8623,0.848,0.8561,0.8686,238,40,186,36,0.07,0.0156,0.2808,237.93,False,0,0.0
44,19,Continuously Retrained Ensemble,covariate,moderate,0.662,0.71,0.9161,0.5182,142,13,213,132,0.552,0.0625,0.9061,237.93,True,3000,58.59
44,19,Event-Driven Ensemble,covariate,moderate,0.87,0.85,0.8284,0.9161,251,52,174,23,0.124,0.0,0.4526,237.93,False,1000,19.53
44,20,Frozen Model,covariate,moderate,0.7747,0.772,0.7206,0.8376,196,76,190,38,0.096,0.0156,0.2964,237.93,False,0,0.0
44,20,Continuously Retrained Ensemble,covariate,moderate,0.7615,0.772,0.7459,0.7778,182,62,204,52,0.462,0.0312,0.9373,237.94,True,3000,58.59
44,20,Event-Driven Ensemble,covariate,moderate,0.7821,0.766,0.6931,0.8974,210,93,173,24,0.174,0.0312,0.4838,237.94,True,500,19.53
44,21,Frozen Model,none,none,0.3333,0.856,0.439,0.2687,18,23,410,49,0.074,0.0,0.2964,237.94,False,0,0.0
44,21,Continuously Retrained Ensemble,none,none,0.2828,0.858,0.4375,0.209,14,18,415,53,0.074,0.0156,0.9529,237.94,True,3000,58.59
44,21,Event-Driven Ensemble,none,none,0.3333,0.864,0.4857,0.2537,17,18,415,50,0.114,0.0156,0.4994,237.94,False,1000,19.53
44,22,Frozen Model,none,none,0.7526,0.758,0.6917,0.8251,184,82,195,39,0.188,0.0,0.2964,237.94,False,0,0.0
44,22,Continuously Retrained Ensemble,none,none,0.7479,0.76,0.7036,0.7982,178,75,202,45,0.184,0.0469,0.9998,237.94,True,3000,58.59
44,22,Event-Driven Ensemble,none,none,0.7449,0.748,0.679,0.8251,184,87,190,39,0.328,0.0312,0.5306,237.94,True,500,19.53
44,23,Frozen Model,none,none,0.6545,0.848,0.6154,0.699,72,45,352,31,0.126,0.0156,0.312,237.94,False,0,0.0
44,23,Continuously Retrained Ensemble,none,none,0.6452,0.846,0.614,0.6796,70,44,353,33,0.104,0.0312,1.031,237.94,True,3000,58.59
44,23,Event-Driven Ensemble,none,none,0.6442,0.852,0.6381,0.6505,67,38,359,36,0.07,0.0156,0.5462,237.94,False,1000,19.53
44,24,Frozen Model,mixed,severe,0.426,0.31,0.6919,0.3077,128,57,27,288,0.21,0.0,0.312,237.94,False,0,0.0
44,24,Continuously Retrained Ensemble,mixed,severe,0.4613,0.332,0.701,0.3438,143,61,23,273,0.048,0.0469,1.0779,237.94,True,3000,58.59
44,24,Event-Driven Ensemble,mixed,severe,0.5727,0.418,0.7358,0.4688,195,70,14,221,0.574,0.0312,0.5774,237.94,True,500,19.53
44,25,Frozen Model,mixed,severe,0.6347,0.466,0.5485,0.7532,232,191,1,76,0.44,0.0156,0.3276,237.94,False,0,0.0
44,25,Continuously Retrained Ensemble,mixed,severe,0.7624,0.616,0.616,1.0,308,192,0,0,0.0,0.0469,1.1248,237.94,True,3000,58.59
44,25,Event-Driven Ensemble,mixed,severe,0.7995,0.698,0.6764,0.9773,301,144,48,7,0.404,0.0312,0.6086,237.94,True,500,19.53
44,26,Frozen Model,mixed,severe,0.2387,0.324,0.6386,0.1468,53,30,109,308,0.246,0.0156,0.3432,237.94,False,0,0.0
44,26,Continuously Retrained Ensemble,mixed,severe,0.6909,0.626,0.8566,0.5789,209,35,104,152,0.246,0.0312,1.156,237.94,True,3000,58.59
44,26,Event-Driven Ensemble,mixed,severe,0.8304,0.714,0.7261,0.9695,350,132,7,11,0.19,0.0312,0.6398,237.94,True,500,19.53
44,27,Frozen Model,mixed,moderate,0.4718,0.4,0.4786,0.4653,134,146,66,154,0.086,0.0156,0.3588,237.94,False,0,0.0
44,27,Continuously Retrained Ensemble,mixed,moderate,0.6952,0.544,0.5652,0.9028,260,200,12,28,0.332,0.0312,1.1872,237.94,True,3000,58.59
44,27,Event-Driven Ensemble,mixed,moderate,0.7202,0.596,0.5991,0.9028,260,174,38,28,0.228,0.0312,0.671,237.94,True,500,19.53
44,28,Frozen Model,mixed,moderate,0.3576,0.26,0.3564,0.3589,103,186,27,184,0.154,0.0156,0.3744,237.94,False,0,0.0
44,28,Continuously Retrained Ensemble,mixed,moderate,0.7924,0.716,0.6826,0.9443,271,126,87,16,0.202,0.0312,1.2184,237.94,True,3000,58.59
44,28,Event-Driven Ensemble,mixed,moderate,0.7979,0.772,0.8123,0.784,225,52,161,62,0.116,0.0156,0.6866,237.94,False,1000,19.53
44,29,Frozen Model,mixed,moderate,0.374,0.672,0.6049,0.2707,49,32,287,132,0.108,0.0156,0.39,237.94,False,0,0.0
44,29,Continuously Retrained Ensemble,mixed,moderate,0.6178,0.666,0.5273,0.7459,135,121,198,46,0.23,0.0625,1.2809,237.94,True,3000,58.59
44,29,Event-Driven Ensemble,mixed,moderate,0.5177,0.374,0.359,0.9282,168,300,19,13,0.268,0.0312,0.7178,237.94,True,500,19.53
44,30,Frozen Model,covariate,moderate,0.8243,0.774,0.8006,0.8494,265,66,122,47,0.152,0.0156,0.4056,237.94,False,0,0.0
44,30,Continuously Retrained Ensemble,covariate,moderate,0.2292,0.314,0.3835,0.1635,51,82,106,261,0.346,0.0312,1.3121,237.94,True,3000,58.59
44,30,Event-Driven Ensemble,covariate,moderate,0.7621,0.694,0.7402,0.7853,245,86,102,67,0.728,0.0469,0.7647,237.94,True,500,19.53
44,31,Frozen Model,covariate,moderate,0.7799,0.842,0.791,0.7692,140,37,281,42,0.106,0.0156,0.4212,237.94,False,0,0.0
44,31,Continuously Retrained Ensemble,covariate,moderate,0.2248,0.186,0.172,0.3242,59,284,34,123,0.196,0.0469,1.359,237.94,True,3000,58.59
44,31,Event-Driven Ensemble,covariate,moderate,0.7733,0.844,0.821,0.7308,133,29,289,49,0.042,0.0156,0.7803,237.94,False,1000,19.53
44,32,Frozen Model,covariate,moderate,0.8311,0.874,0.8659,0.799,155,24,282,39,0.07,0.0,0.4212,237.94,False,0,0.0
44,32,Continuously Retrained Ensemble,covariate,moderate,0.8431,0.872,0.8037,0.8866,172,42,264,22,0.086,0.0312,1.3902,237.94,True,3000,58.59
44,32,Event-Driven Ensemble,covariate,moderate,0.8338,0.878,0.8844,0.7887,153,20,286,41,0.058,0.0,0.7803,237.94,False,1000,19.53
44,33,Frozen Model,mixed,severe,0.629,0.462,0.534,0.7651,228,199,3,70,0.402,0.0156,0.4368,237.94,False,0,0.0
44,33,Continuously Retrained Ensemble,mixed,severe,0.7437,0.592,0.5944,0.9933,296,202,0,2,0.682,0.0312,1.4214,237.94,True,3000,58.59
44,33,Event-Driven Ensemble,mixed,severe,0.5685,0.402,0.4987,0.6611,197,198,4,101,0.168,0.0312,0.8115,237.94,True,500,19.53
44,34,Frozen Model,mixed,severe,0.3356,0.208,0.7519,0.216,100,33,4,363,0.516,0.0156,0.4524,237.94,False,0,0.0
44,34,Continuously Retrained Ensemble,mixed,severe,0.7898,0.654,0.9028,0.7019,325,35,2,138,0.522,0.0312,1.4526,237.94,True,3000,58.59
44,34,Event-Driven Ensemble,mixed,severe,0.9682,0.94,0.9501,0.987,457,24,13,6,0.052,0.0156,0.8271,237.94,False,1000,19.53
44,35,Frozen Model,mixed,severe,0.6092,0.628,0.5106,0.7552,145,139,169,47,0.058,0.0156,0.468,237.94,False,0,0.0
44,35,Continuously Retrained Ensemble,mixed,severe,0.6214,0.632,0.5136,0.7865,151,143,165,41,0.228,0.0312,1.4838,237.94,True,3000,58.59
44,35,Event-Driven Ensemble,mixed,severe,0.4186,0.4,0.3333,0.5625,108,216,92,84,0.206,0.0312,0.8583,237.94,True,500,19.53
44,36,Frozen Model,concept,mild,0.3695,0.57,0.2775,0.5526,63,164,222,51,0.202,0.0156,0.4836,237.94,False,0,0.0
44,36,Continuously Retrained Ensemble,concept,mild,0.3546,0.636,0.2976,0.4386,50,118,268,64,0.486,0.0469,1.5307,237.94,True,3000,58.59
44,36,Event-Driven Ensemble,concept,mild,0.0,0.772,0.0,0.0,0,0,386,114,0.142,0.0312,0.8895,237.94,True,500,19.53
44,37,Frozen Model,concept,mild,0.1727,0.77,0.2727,0.1263,12,32,373,83,0.084,0.0156,0.4992,237.94,False,0,0.0
44,37,Continuously Retrained Ensemble,concept,mild,0.0,0.81,0.0,0.0,0,0,405,95,0.006,0.0469,1.5776,237.94,True,3000,58.59
44,37,Event-Driven Ensemble,concept,mild,0.0,0.81,0.0,0.0,0,0,405,95,0.044,0.0156,0.9051,237.94,False,1000,19.53
44,38,Frozen Model,concept,mild,0.5187,0.588,0.4111,0.7025,111,159,183,47,0.202,0.0,0.4992,237.94,False,0,0.0
44,38,Continuously Retrained Ensemble,concept,mild,0.0368,0.686,0.6,0.019,3,2,340,155,0.114,0.0469,1.6245,237.94,True,3000,58.59
44,38,Event-Driven Ensemble,concept,mild,0.1846,0.682,0.4865,0.1139,18,19,323,140,0.462,0.0469,0.952,237.94,True,500,19.53
44,39,Frozen Model,covariate,mild,0.6513,0.818,0.6391,0.6641,85,48,324,43,0.136,0.0156,0.5148,237.94,False,0,0.0
44,39,Continuously Retrained Ensemble,covariate,mild,0.0,0.738,0.0,0.0,0,3,369,128,0.17,0.0469,1.6714,237.94,True,3000,58.59
44,39,Event-Driven Ensemble,covariate,mild,0.5026,0.81,0.7619,0.375,48,15,357,80,0.15,0.0156,0.9676,237.94,True,500,19.53
44,40,Frozen Model,covariate,mild,0.7797,0.844,0.7977,0.7624,138,35,284,43,0.056,0.0,0.5148,237.94,False,0,0.0
44,40,Continuously Retrained Ensemble,covariate,mild,0.7129,0.818,0.8309,0.6243,113,23,296,68,0.182,0.0469,1.7183,237.94,True,3000,58.59
44,40,Event-Driven Ensemble,covariate,mild,0.6505,0.798,0.8704,0.5193,94,14,305,87,0.178,0.0156,0.9832,237.94,True,500,19.53
44,41,Frozen Model,covariate,mild,0.7169,0.692,0.6478,0.8025,195,106,151,48,0.16,0.0156,0.5304,237.94,False,0,0.0
44,41,Continuously Retrained Ensemble,covariate,mild,0.6889,0.702,0.6992,0.679,165,71,186,78,0.412,0.0469,1.7652,237.94,True,3000,58.59
44,41,Event-Driven Ensemble,covariate,mild,0.7279,0.68,0.6203,0.8807,214,131,126,29,0.15,0.0156,0.9988,237.94,True,500,19.53
44,42,Frozen Model,none,none,0.2651,0.878,0.3929,0.2,11,17,428,44,0.078,0.0156,0.546,237.94,False,0,0.0
44,42,Continuously Retrained Ensemble,none,none,0.1791,0.89,0.5,0.1091,6,6,439,49,0.08,0.0625,1.8277,237.94,True,3000,58.59
44,42,Event-Driven Ensemble,none,none,0.2368,0.884,0.4286,0.1636,9,12,433,46,0.056,0.0156,1.0144,237.94,False,1000,19.53
44,43,Frozen Model,none,none,0.77,0.804,0.6979,0.8586,164,71,238,27,0.1,0.0312,0.5772,237.94,False,0,0.0
44,43,Continuously Retrained Ensemble,none,none,0.7659,0.808,0.7169,0.822,157,62,247,34,0.296,0.0469,1.8746,237.94,True,3000,58.59
44,43,Event-Driven Ensemble,none,none,0.7519,0.802,0.7212,0.7853,150,58,251,41,0.108,0.0156,1.03,237.94,False,1000,19.53
44,44,Frozen Model,none,none,0.6513,0.728,0.5498,0.7987,127,104,237,32,0.18,0.0156,0.5928,237.94,False,0,0.0
44,44,Continuously Retrained Ensemble,none,none,0.6368,0.724,0.5475,0.761,121,100,241,38,0.286,0.0469,1.9215,237.94,True,3000,58.59
44,44,Event-Driven Ensemble,none,none,0.6301,0.73,0.5583,0.7233,115,91,250,44,0.172,0.0312,1.0612,237.94,True,500,19.53
44,45,Frozen Model,covariate,severe,0.7108,0.808,0.7284,0.6941,118,44,286,52,0.504,0.0156,0.6084,237.94,False,0,0.0
44,45,Continuously Retrained Ensemble,covariate,severe,0.7046,0.782,0.6533,0.7647,130,69,261,40,0.31,0.0625,1.984,237.94,True,3000,58.59
44,45,Event-Driven Ensemble,covariate,severe,0.2437,0.702,0.8889,0.1412,24,3,327,146,0.406,0.0469,1.1081,237.94,True,500,19.53
44,46,Frozen Model,covariate,severe,0.9141,0.862,0.8801,0.9508,367,50,64,19,0.404,0.0,0.6084,237.94,False,0,0.0
44,46,Continuously Retrained Ensemble,covariate,severe,0.9058,0.846,0.8585,0.9585,370,61,53,16,0.092,0.0469,2.0309,237.94,True,3000,58.59
44,46,Event-Driven Ensemble,covariate,severe,0.9066,0.848,0.8621,0.956,369,59,55,17,0.03,0.0156,1.1237,237.94,False,1000,19.53
44,47,Frozen Model,covariate,severe,0.7656,0.842,0.7633,0.7679,129,40,292,39,0.146,0.0156,0.624,237.94,False,0,0.0
44,47,Continuously Retrained Ensemble,covariate,severe,0.7824,0.852,0.7733,0.7917,133,39,293,35,0.114,0.0469,2.0778,237.94,True,3000,58.59
44,47,Event-Driven Ensemble,covariate,severe,0.771,0.842,0.7514,0.7917,133,44,288,35,0.162,0.0156,1.1393,237.94,True,500,19.53
44,48,Frozen Model,covariate,mild,0.7771,0.86,0.7394,0.8188,122,43,308,27,0.046,0.0,0.624,237.94,False,0,0.0
44,48,Continuously Retrained Ensemble,covariate,mild,0.7586,0.86,0.7801,0.7383,110,31,320,39,0.05,0.0312,2.109,237.94,True,3000,58.59
44,48,Event-Driven Ensemble,covariate,mild,0.7657,0.858,0.7532,0.7785,116,38,313,33,0.108,0.0,1.1393,237.94,False,1000,19.53
44,49,Frozen Model,covariate,mild,0.7358,0.684,0.6667,0.8209,220,110,122,48,0.154,0.0156,0.6396,237.94,False,0,0.0
44,49,Continuously Retrained Ensemble,covariate,mild,0.7327,0.698,0.697,0.7724,207,90,142,61,0.116,0.0312,2.1402,237.94,True,3000,58.59
44,49,Event-Driven Ensemble,covariate,mild,0.7358,0.694,0.6849,0.7948,213,98,134,55,0.248,0.0312,1.1705,237.94,True,500,19.53
44,50,Frozen Model,covariate,mild,0.2526,0.858,0.375,0.1905,12,20,417,51,0.096,0.0,0.6396,237.94,False,0,0.0
44,50,Continuously Retrained Ensemble,covariate,mild,0.2222,0.86,0.3704,0.1587,10,17,420,53,0.05,0.0469,2.1871,237.94,True,3000,58.59
44,50,Event-Driven Ensemble,covariate,mild,0.3303,0.854,0.3913,0.2857,18,28,409,45,0.138,0.0,1.1705,237.94,False,1000,19.53
44,51,Frozen Model,none,none,0.7685,0.806,0.6736,0.8944,161,78,242,19,0.084,0.0156,0.6552,237.94,False,0,0.0
44,51,Continuously Retrained Ensemble,none,none,0.7861,0.828,0.7117,0.8778,158,64,256,22,0.056,0.0312,2.2183,237.94,True,3000,58.59
44,51,Event-Driven Ensemble,none,none,0.7733,0.81,0.6778,0.9,162,77,243,18,0.134,0.0156,1.1861,237.94,False,1000,19.53
44,52,Frozen Model,none,none,0.6985,0.76,0.6261,0.7898,139,83,241,37,0.178,0.0156,0.6708,237.94,False,0,0.0
44,52,Continuously Retrained Ensemble,none,none,0.6909,0.762,0.6364,0.7557,133,76,248,43,0.096,0.0625,2.2808,237.94,True,3000,58.59
44,52,Event-Driven Ensemble,none,none,0.7036,0.754,0.6109,0.8295,146,93,231,30,0.094,0.0156,1.2017,237.94,False,1000,19.53
44,53,Frozen Model,none,none,0.4211,0.89,0.5263,0.3509,20,18,425,37,0.09,0.0156,0.6864,237.94,False,0,0.0
44,53,Continuously Retrained Ensemble,none,none,0.4375,0.892,0.5385,0.3684,21,18,425,36,0.094,0.0469,2.3277,237.94,True,3000,58.59
44,53,Event-Driven Ensemble,none,none,0.433,0.89,0.525,0.3684,21,19,424,36,0.104,0.0156,1.2173,237.94,False,1000,19.53
44,54,Frozen Model,concept,moderate,0.4093,0.544,0.2981,0.6529,79,186,193,42,0.202,0.0156,0.702,237.94,False,0,0.0
44,54,Continuously Retrained Ensemble,concept,moderate,0.3979,0.534,0.2895,0.6364,77,189,190,44,0.22,0.0781,2.4058,237.94,True,3000,58.59
44,54,Event-Driven Ensemble,concept,moderate,0.3902,0.5,0.2768,0.6612,80,209,170,41,0.254,0.0469,1.2642,237.94,True,500,19.53
44,55,Frozen Model,concept,moderate,0.0481,0.446,0.0619,0.0393,7,106,216,171,0.15,0.0312,0.7332,237.94,False,0,0.0
44,55,Continuously Retrained Ensemble,concept,moderate,0.043,0.466,0.0594,0.0337,6,95,227,172,0.164,0.0469,2.4527,237.94,True,3000,58.59
44,55,Event-Driven Ensemble,concept,moderate,0.0,0.644,0.0,0.0,0,0,322,178,0.06,0.0156,1.2798,237.94,False,1000,19.53
44,56,Frozen Model,concept,moderate,0.296,0.648,0.2483,0.3663,37,112,287,64,0.078,0.0156,0.7488,237.94,False,0,0.0
44,56,Continuously Retrained Ensemble,concept,moderate,0.2347,0.674,0.2232,0.2475,25,87,312,76,0.168,0.0469,2.4996,237.94,True,3000,58.59
44,56,Event-Driven Ensemble,concept,moderate,0.1504,0.774,0.3125,0.099,10,22,377,91,0.172,0.0469,1.3267,237.94,True,500,19.53
44,57,Frozen Model,none,none,0.6934,0.71,0.6074,0.8079,164,106,191,39,0.224,0.0156,0.7644,237.94,False,0,0.0
44,57,Continuously Retrained Ensemble,none,none,0.4787,0.682,0.7157,0.3596,73,29,268,130,0.402,0.0781,2.5777,237.94,True,3000,58.59
44,57,Event-Driven Ensemble,none,none,0.069,0.568,0.2759,0.0394,8,21,276,195,0.332,0.0469,1.3736,237.94,True,500,19.53
44,58,Frozen Model,none,none,0.3467,0.902,0.5909,0.2453,13,9,438,40,0.07,0.0156,0.78,237.94,False,0,0.0
44,58,Continuously Retrained Ensemble,none,none,0.037,0.896,1.0,0.0189,1,0,447,52,0.104,0.0625,2.6402,237.94,True,3000,58.59
44,58,Event-Driven Ensemble,none,none,0.2899,0.902,0.625,0.1887,10,6,441,43,0.038,0.0312,1.4048,237.94,False,1000,19.53
44,59,Frozen Model,none,none,0.77,0.804,0.6777,0.8913,164,78,238,20,0.104,0.0156,0.7956,237.94,False,0,0.0
44,59,Continuously Retrained Ensemble,none,none,0.5946,0.76,0.7857,0.4783,88,24,292,96,0.376,0.0625,2.7027,237.94,True,3000,58.59
44,59,Event-Driven Ensemble,none,none,0.7488,0.796,0.6847,0.8261,152,70,246,32,0.072,0.0156,1.4204,237.94,False,1000,19.53
45,0,Frozen Model,none,none,0.7133,0.836,0.6415,0.8031,102,57,316,25,0.036,0.0156,0.0156,237.74,False,0,0.0
45,0,Continuously Retrained Ensemble,none,none,0.7133,0.836,0.6415,0.8031,102,57,316,25,0.036,0.0469,0.0469,238.01,True,3000,58.59
45,0,Event-Driven Ensemble,none,none,0.7133,0.836,0.6415,0.8031,102,57,316,25,0.036,0.0156,0.0156,238.01,False,1000,19.53
45,1,Frozen Model,none,none,0.7094,0.692,0.6104,0.8468,188,120,158,34,0.134,0.0312,0.0468,238.01,False,0,0.0
45,1,Continuously Retrained Ensemble,none,none,0.7105,0.692,0.6097,0.8514,189,121,157,33,0.146,0.0781,0.125,238.04,True,3000,58.59
45,1,Event-Driven Ensemble,none,none,0.7094,0.692,0.6104,0.8468,188,120,158,34,0.134,0.0312,0.0468,238.04,False,1000,19.53
45,2,Frozen Model,none,none,0.3469,0.872,0.3542,0.34,17,31,419,33,0.066,0.0156,0.0624,238.04,False,0,0.0
45,2,Continuously Retrained Ensemble,none,none,0.4,0.88,0.4,0.4,20,30,420,30,0.078,0.0469,0.1719,238.04,True,3000,58.59
45,2,Event-Driven Ensemble,none,none,0.3469,0.872,0.3542,0.34,17,31,419,33,0.066,0.0156,0.0624,238.04,False,1000,19.53
45,3,Frozen Model,mixed,severe,0.5743,0.41,0.5853,0.5637,199,141,6,154,0.196,0.0156,0.078,238.04,False,0,0.0
45,3,Continuously Retrained Ensemble,mixed,severe,0.55,0.388,0.5719,0.5297,187,140,7,166,0.208,0.0469,0.2188,238.04,True,3000,58.59
45,3,Event-Driven Ensemble,mixed,severe,0.5743,0.41,0.5853,0.5637,199,141,6,154,0.196,0.0312,0.0936,238.04,True,500,19.53
45,4,Frozen Model,mixed,severe,0.5075,0.34,0.4683,0.5537,170,193,0,137,0.228,0.0156,0.0936,238.04,False,0,0.0
45,4,Continuously Retrained Ensemble,mixed,severe,0.7608,0.614,0.614,1.0,307,193,0,0,0.16,0.0469,0.2657,238.04,True,3000,58.59
45,4,Event-Driven Ensemble,mixed,severe,0.8581,0.822,0.8406,0.8762,269,51,142,38,0.16,0.0312,0.1248,238.04,True,500,19.53
45,5,Frozen Model,mixed,severe,0.4851,0.55,0.797,0.3487,106,27,169,198,0.134,0.0156,0.1092,238.04,False,0,0.0
45,5,Continuously Retrained Ensemble,mixed,severe,0.7299,0.698,0.8,0.6711,204,51,145,100,0.208,0.0312,0.2969,238.04,True,3000,58.59
45,5,Event-Driven Ensemble,mixed,severe,0.756,0.614,0.614,0.9836,299,188,8,5,0.124,0.0469,0.1717,238.04,True,500,19.53
45,6,Frozen Model,covariate,mild,0.7474,0.704,0.6441,0.8902,219,121,133,27,0.074,0.0156,0.1248,238.04,False,0,0.0
45,6,Continuously Retrained Ensemble,covariate,mild,0.7536,0.724,0.672,0.8577,211,103,151,35,0.292,0.0312,0.3281,238.04,True,3000,58.59
45,6,Event-Driven Ensemble,covariate,mild,0.568,0.644,0.7048,0.4756,117,49,205,129,0.688,0.0156,0.1873,238.04,True,500,19.53
45,7,Frozen Model,covariate,mild,0.7359,0.822,0.7251,0.747,124,47,287,42,0.064,0.0,0.1248,238.04,False,0,0.0
45,7,Continuously Retrained Ensemble,covariate,mild,0.6632,0.74,0.5818,0.7711,128,92,242,38,0.708,0.0312,0.3593,238.04,True,3000,58.59
45,7,Event-Driven Ensemble,covariate,mild,0.7273,0.826,0.7582,0.6988,116,37,297,50,0.166,0.0312,0.2185,238.04,True,500,19.53
45,8,Frozen Model,covariate,mild,0.8012,0.864,0.7486,0.8616,137,46,295,22,0.034,0.0156,0.1404,238.04,False,0,0.0
45,8,Continuously Retrained Ensemble,covariate,mild,0.7966,0.858,0.7316,0.8742,139,51,290,20,0.086,0.0469,0.4062,238.04,True,3000,58.59
45,8,Event-Driven Ensemble,covariate,mild,0.7932,0.854,0.7216,0.8805,140,54,287,19,0.112,0.0312,0.2497,238.04,True,500,19.53
45,9,Frozen Model,mixed,severe,0.6437,0.524,0.527,0.8269,215,193,47,45,0.078,0.0156,0.156,238.04,False,0,0.0
45,9,Continuously Retrained Ensemble,mixed,severe,0.6792,0.522,0.5216,0.9731,253,232,8,7,0.178,0.0312,0.4374,238.04,True,3000,58.59
45,9,Event-Driven Ensemble,mixed,severe,0.6261,0.508,0.5176,0.7923,206,192,48,54,0.174,0.0312,0.2809,238.04,True,500,19.53
45,10,Frozen Model,mixed,severe,0.4541,0.298,0.7487,0.3259,146,49,3,302,0.472,0.0156,0.1716,238.04,False,0,0.0
45,10,Continuously Retrained Ensemble,mixed,severe,0.9451,0.896,0.896,1.0,448,52,0,0,0.076,0.0312,0.4686,238.04,True,3000,58.59
45,10,Event-Driven Ensemble,mixed,severe,0.949,0.904,0.9049,0.9978,447,47,5,1,0.03,0.0,0.2809,238.04,False,1000,19.53
45,11,Frozen Model,mixed,severe,0.6212,0.622,0.5254,0.7598,155,140,156,49,0.042,0.0156,0.1872,238.04,False,0,0.0
45,11,Continuously Retrained Ensemble,mixed,severe,0.6479,0.624,0.5242,0.848,173,157,139,31,0.132,0.0469,0.5155,238.04,True,3000,58.59
45,11,Event-Driven Ensemble,mixed,severe,0.6532,0.656,0.5548,0.7941,162,130,166,42,0.392,0.0156,0.2965,238.07,True,500,19.53
45,12,Frozen Model,covariate,severe,0.8812,0.842,0.8162,0.9575,293,66,128,13,0.242,0.0156,0.2028,238.07,False,0,0.0
45,12,Continuously Retrained Ensemble,covariate,severe,0.7593,0.612,0.612,1.0,306,194,0,0,0.192,0.0312,0.5467,238.07,True,3000,58.59
45,12,Event-Driven Ensemble,covariate,severe,0.8613,0.808,0.772,0.9739,298,88,106,8,0.534,0.0312,0.3277,238.08,True,500,19.53
45,13,Frozen Model,covariate,severe,0.6982,0.77,0.6488,0.7557,133,72,252,43,0.39,0.0,0.2028,238.08,False,0,0.0
45,13,Continuously Retrained Ensemble,covariate,severe,0.5262,0.366,0.357,1.0,176,317,7,0,0.178,0.0469,0.5936,238.08,True,3000,58.59
45,13,Event-Driven Ensemble,covariate,severe,0.6769,0.79,0.7383,0.625,110,39,285,66,0.204,0.0469,0.3746,238.09,True,500,19.53
45,14,Frozen Model,covariate,severe,0.8623,0.802,0.8115,0.9199,310,72,91,27,0.038,0.0156,0.2184,238.09,False,0,0.0
45,14,Continuously Retrained Ensemble,covariate,severe,0.8793,0.832,0.8524,0.908,306,53,110,31,0.128,0.0312,0.6248,238.09,True,3000,58.59
45,14,Event-Driven Ensemble,covariate,severe,0.8766,0.826,0.8397,0.9169,309,59,104,28,0.186,0.0312,0.4058,238.09,True,500,19.53
45,15,Frozen Model,covariate,moderate,0.7922,0.85,0.7259,0.872,143,54,282,21,0.044,0.0156,0.234,238.09,False,0,0.0
45,15,Continuously Retrained Ensemble,covariate,moderate,0.7353,0.82,0.7102,0.7622,125,51,285,39,0.222,0.0469,0.6717,238.09,True,3000,58.59
45,15,Event-Driven Ensemble,covariate,moderate,0.7508,0.838,0.7578,0.7439,122,39,297,42,0.132,0.0312,0.437,238.09,True,500,19.53
45,16,Frozen Model,covariate,moderate,0.8337,0.858,0.7982,0.8725,178,45,251,26,0.076,0.0156,0.2496,238.09,False,0,0.0
45,16,Continuously Retrained Ensemble,covariate,moderate,0.8256,0.842,0.751,0.9167,187,62,234,17,0.042,0.0312,0.7029,238.09,True,3000,58.59
45,16,Event-Driven Ensemble,covariate,moderate,0.839,0.868,0.835,0.8431,172,34,262,32,0.116,0.0625,0.4995,238.09,True,500,19.53
45,17,Frozen Model,covariate,moderate,0.7774,0.708,0.6693,0.9273,255,126,99,20,0.118,0.0156,0.2652,238.09,False,0,0.0
45,17,Continuously Retrained Ensemble,covariate,moderate,0.7583,0.694,0.6704,0.8727,240,118,107,35,0.17,0.0469,0.7498,238.09,True,3000,58.59
45,17,Event-Driven Ensemble,covariate,moderate,0.752,0.682,0.6585,0.8764,241,125,100,34,0.226,0.0312,0.5307,238.09,True,500,19.53
45,18,Frozen Model,none,none,0.3269,0.86,0.3542,0.3036,17,31,413,39,0.076,0.0156,0.2808,238.09,False,0,0.0
45,18,Continuously Retrained Ensemble,none,none,0.2609,0.864,0.3333,0.2143,12,24,420,44,0.032,0.0469,0.7967,238.1,True,3000,58.59
45,18,Event-Driven Ensemble,none,none,0.2472,0.866,0.3333,0.1964,11,22,422,45,0.062,0.0156,0.5463,238.1,False,1000,19.53
45,19,Frozen Model,none,none,0.7911,0.812,0.7063,0.899,178,74,228,20,0.056,0.0156,0.2964,238.1,False,0,0.0
45,19,Continuously Retrained Ensemble,none,none,0.7918,0.818,0.7238,0.8737,173,66,236,25,0.054,0.0469,0.8436,238.1,True,3000,58.59
45,19,Event-Driven Ensemble,none,none,0.8018,0.826,0.7303,0.8889,176,65,237,22,0.062,0.0,0.5463,238.1,False,1000,19.53
45,20,Frozen Model,none,none,0.6876,0.722,0.5885,0.827,153,107,208,32,0.078,0.0156,0.312,238.1,False,0,0.0
45,20,Continuously Retrained Ensemble,none,none,0.684,0.732,0.6067,0.7838,145,94,221,40,0.048,0.0469,0.8905,238.1,True,3000,58.59
45,20,Event-Driven Ensemble,none,none,0.6869,0.732,0.6049,0.7946,147,96,219,38,0.116,0.0312,0.5775,238.1,True,500,19.53
45,21,Frozen Model,concept,mild,0.3537,0.81,0.4333,0.2989,26,34,379,61,0.058,0.0156,0.3276,238.1,False,0,0.0
45,21,Continuously Retrained Ensemble,concept,mild,0.2985,0.812,0.4255,0.2299,20,27,386,67,0.048,0.0469,0.9374,238.1,True,3000,58.59
45,21,Event-Driven Ensemble,concept,mild,0.2946,0.818,0.4524,0.2184,19,23,390,68,0.148,0.0312,0.6087,238.1,True,500,19.53
45,22,Frozen Model,concept,mild,0.5033,0.546,0.377,0.7566,115,190,158,37,0.124,0.0156,0.3432,238.1,False,0,0.0
45,22,Continuously Retrained Ensemble,concept,mild,0.5108,0.548,0.3806,0.7763,118,192,156,34,0.144,0.0312,0.9686,238.1,True,3000,58.59
45,22,Event-Driven Ensemble,concept,mild,0.4909,0.494,0.3536,0.8026,122,223,125,30,0.458,0.0156,0.6243,238.1,True,500,19.53
45,23,Frozen Model,concept,mild,0.4863,0.738,0.4276,0.5636,62,83,307,48,0.092,0.0312,0.3744,238.1,False,0,0.0
45,23,Continuously Retrained Ensemble,concept,mild,0.498,0.75,0.446,0.5636,62,77,313,48,0.112,0.0469,1.0155,238.1,True,3000,58.59
45,23,Event-Driven Ensemble,concept,mild,0.3704,0.796,0.5769,0.2727,30,22,368,80,0.502,0.0312,0.6555,238.1,True,500,19.53
45,24,Frozen Model,concept,moderate,0.2449,0.482,0.2577,0.2333,42,121,199,138,0.03,0.0156,0.39,238.1,False,0,0.0
45,24,Continuously Retrained Ensemble,concept,moderate,0.2435,0.478,0.2545,0.2333,42,123,197,138,0.064,0.0469,1.0624,238.1,True,3000,58.59
45,24,Event-Driven Ensemble,concept,moderate,0.2321,0.484,0.25,0.2167,39,117,203,141,0.26,0.0312,0.6867,238.1,True,500,19.53
45,25,Frozen Model,concept,moderate,0.1944,0.304,0.1329,0.3621,42,274,110,74,0.14,0.0156,0.4056,238.1,False,0,0.0
45,25,Continuously Retrained Ensemble,concept,moderate,0.1905,0.32,0.1316,0.3448,40,264,120,76,0.23,0.0781,1.1405,238.1,True,3000,58.59
45,25,Event-Driven Ensemble,concept,moderate,0.4716,0.758,0.4779,0.4655,54,59,325,62,0.224,0.0312,0.7179,238.1,True,500,19.53
45,26,Frozen Model,concept,moderate,0.1523,0.666,0.3191,0.1,15,32,318,135,0.072,0.0156,0.4212,238.1,False,0,0.0
45,26,Continuously Retrained Ensemble,concept,moderate,0.0,0.698,0.0,0.0,0,1,349,150,0.074,0.0469,1.1874,238.1,True,3000,58.59
45,26,Event-Driven Ensemble,concept,moderate,0.4642,0.432,0.3237,0.82,123,257,93,27,0.276,0.0312,0.7491,238.1,True,500,19.53
45,27,Frozen Model,concept,moderate,0.3866,0.562,0.2717,0.6699,69,185,212,34,0.052,0.0156,0.4368,238.1,False,0,0.0
45,27,Continuously Retrained Ensemble,concept,moderate,0.3383,0.734,0.3469,0.3301,34,64,333,69,0.176,0.0469,1.2343,238.1,True,3000,58.59
45,27,Event-Driven Ensemble,concept,moderate,0.4051,0.624,0.3005,0.6214,64,149,248,39,0.396,0.0156,0.7647,238.1,True,500,19.53
45,28,Frozen Model,concept,moderate,0.1176,0.25,0.098,0.1471,25,230,100,145,0.09,0.0156,0.4524,238.1,False,0,0.0
45,28,Continuously Retrained Ensemble,concept,moderate,0.3915,0.714,0.7077,0.2706,46,19,311,124,0.152,0.0312,1.2655,238.1,True,3000,58.59
45,28,Event-Driven Ensemble,concept,moderate,0.022,0.644,0.1667,0.0118,2,10,320,168,0.482,0.0469,0.8116,238.1,True,500,19.53
45,29,Frozen Model,concept,moderate,0.2924,0.758,0.3906,0.2336,25,39,354,82,0.07,0.0156,0.468,238.1,False,0,0.0
45,29,Continuously Retrained Ensemble,concept,moderate,0.4552,0.708,0.3789,0.5701,61,100,293,46,0.362,0.0312,1.2967,238.1,True,3000,58.59
45,29,Event-Driven Ensemble,concept,moderate,0.3471,0.368,0.2228,0.785,84,293,100,23,0.316,0.0312,0.8428,238.1,True,500,19.53
45,30,Frozen Model,covariate,mild,0.783,0.734,0.6897,0.9057,240,108,127,25,0.086,0.0,0.468,238.1,False,0,0.0
45,30,Continuously Retrained Ensemble,covariate,mild,0.2095,0.366,0.3088,0.1585,42,94,141,223,0.34,0.0312,1.3279,238.1,True,3000,58.59
45,30,Event-Driven Ensemble,covariate,mild,0.7284,0.654,0.6237,0.8755,232,140,95,33,0.484,0.0312,0.874,238.1,True,500,19.53
45,31,Frozen Model,covariate,mild,0.7393,0.842,0.6707,0.8235,112,55,309,24,0.062,0.0156,0.4836,238.1,False,0,0.0
45,31,Continuously Retrained Ensemble,covariate,mild,0.3777,0.308,0.25,0.7721,105,315,49,31,0.294,0.0469,1.3748,238.1,True,3000,58.59
45,31,Event-Driven Ensemble,covariate,mild,0.723,0.836,0.6687,0.7868,107,53,311,29,0.098,0.0469,0.9209,238.1,True,500,19.53
45,32,Frozen Model,covariate,mild,0.7651,0.844,0.6828,0.8699,127,59,295,19,0.032,0.0156,0.4992,238.1,False,0,0.0
45,32,Continuously Retrained Ensemble,covariate,mild,0.7278,0.804,0.6121,0.8973,131,83,271,15,0.092,0.0469,1.4217,238.1,True,3000,58.59
45,32,Event-Driven Ensemble,covariate,mild,0.7821,0.864,0.7349,0.8356,122,44,310,24,0.112,0.0312,0.9521,238.1,True,500,19.53
45,33,Frozen Model,mixed,moderate,0.5638,0.412,0.4535,0.7451,190,229,16,65,0.114,0.0156,0.5148,238.1,False,0,0.0
45,33,Continuously Retrained Ensemble,mixed,moderate,0.5617,0.41,0.4522,0.7412,189,229,16,66,0.252,0.0469,1.4686,238.1,True,3000,58.59
45,33,Event-Driven Ensemble,mixed,moderate,0.5617,0.41,0.4522,0.7412,189,229,16,66,0.286,0.0312,0.9833,238.1,True,500,19.53
45,34,Frozen Model,mixed,moderate,0.2515,0.274,0.4841,0.1699,61,65,76,298,0.142,0.0,0.5148,238.1,False,0,0.0
45,34,Continuously Retrained Ensemble,mixed,moderate,0.5331,0.436,0.6571,0.4485,161,84,57,198,0.35,0.0469,1.5155,238.1,True,3000,58.59
45,34,Event-Driven Ensemble,mixed,moderate,0.8363,0.726,0.7322,0.9749,350,128,13,9,0.088,0.0156,0.9989,238.1,False,1000,19.53
45,35,Frozen Model,mixed,moderate,0.6444,0.66,0.55,0.7778,154,126,176,44,0.022,0.0156,0.5304,238.1,False,0,0.0
45,35,Continuously Retrained Ensemble,mixed,moderate,0.6585,0.666,0.5533,0.8131,161,130,172,37,0.098,0.0469,1.5624,238.1,True,3000,58.59
45,35,Event-Driven Ensemble,mixed,moderate,0.478,0.406,0.3666,0.6869,136,235,67,62,0.384,0.0312,1.0301,238.1,True,500,19.53
45,36,Frozen Model,concept,severe,0.1538,0.384,0.1102,0.2545,28,226,164,82,0.088,0.0156,0.546,238.1,False,0,0.0
45,36,Continuously Retrained Ensemble,concept,severe,0.1401,0.386,0.1012,0.2273,25,222,168,85,0.488,0.0469,1.6093,238.1,True,3000,58.59
45,36,Event-Driven Ensemble,concept,severe,0.0761,0.466,0.0615,0.1,11,168,222,99,0.428,0.0469,1.077,238.1,True,500,19.53
45,37,Frozen Model,concept,severe,0.0629,0.344,0.1897,0.0377,11,47,161,281,0.06,0.0156,0.5616,238.1,False,0,0.0
45,37,Continuously Retrained Ensemble,concept,severe,0.0066,0.398,0.0909,0.0034,1,10,198,291,0.11,0.0469,1.6562,238.1,True,3000,58.59
45,37,Event-Driven Ensemble,concept,severe,0.5677,0.598,0.763,0.4521,132,41,167,160,0.536,0.0312,1.1082,238.1,True,500,19.53
45,38,Frozen Model,concept,severe,0.2074,0.404,0.1304,0.5065,39,260,163,38,0.116,0.0156,0.5772,238.1,False,0,0.0
45,38,Continuously Retrained Ensemble,concept,severe,0.2762,0.738,0.2404,0.3247,25,79,344,52,0.28,0.0469,1.7031,238.1,True,3000,58.59
45,38,Event-Driven Ensemble,concept,severe,0.137,0.748,0.1449,0.1299,10,59,364,67,0.152,0.0156,1.1238,238.1,True,500,19.53
45,39,Frozen Model,none,none,0.6352,0.83,0.5248,0.8043,74,67,341,18,0.086,0.0156,0.5928,238.1,False,0,0.0
45,39,Continuously Retrained Ensemble,none,none,0.0297,0.346,0.0204,0.0543,5,240,168,87,0.116,0.0469,1.75,238.1,True,3000,58.59
45,39,Event-Driven Ensemble,none,none,0.0,0.816,0.0,0.0,0,0,408,92,0.082,0.0,1.1238,238.1,False,1000,19.53
45,40,Frozen Model,none,none,0.7387,0.85,0.6543,0.848,106,56,319,19,0.048,0.0156,0.6084,238.1,False,0,0.0
45,40,Continuously Retrained Ensemble,none,none,0.1115,0.522,0.1042,0.12,15,129,246,110,0.424,0.0469,1.7969,238.1,True,3000,58.59
45,40,Event-Driven Ensemble,none,none,0.0758,0.756,0.7143,0.04,5,2,373,120,0.11,0.0312,1.155,238.1,True,500,19.53
45,41,Frozen Model,none,none,0.6744,0.662,0.5538,0.8621,175,141,156,28,0.142,0.0,0.6084,238.1,False,0,0.0
45,41,Continuously Retrained Ensemble,none,none,0.2069,0.586,0.4655,0.133,27,31,266,176,0.234,0.0469,1.8438,238.1,True,3000,58.59
45,41,Event-Driven Ensemble,none,none,0.6887,0.68,0.5691,0.8719,177,134,163,26,0.194,0.0312,1.1862,238.1,True,500,19.53
45,42,Frozen Model,concept,severe,0.0299,0.35,0.1111,0.0172,5,40,170,285,0.068,0.0,0.6084,238.1,False,0,0.0
45,42,Continuously Retrained Ensemble,concept,severe,0.0532,0.43,0.7273,0.0276,8,3,207,282,0.076,0.0312,1.875,238.1,True,3000,58.59
45,42,Event-Driven Ensemble,concept,severe,0.0248,0.372,0.125,0.0138,4,28,182,286,0.044,0.0312,1.2174,238.1,True,500,19.53
45,43,Frozen Model,concept,severe,0.0846,0.264,0.0675,0.1133,17,235,115,133,0.046,0.0156,0.624,238.1,False,0,0.0
45,43,Continuously Retrained Ensemble,concept,severe,0.2906,0.424,0.2305,0.3933,59,197,153,91,0.286,0.0312,1.9062,238.1,True,3000,58.59
45,43,Event-Driven Ensemble,concept,severe,0.7031,0.826,0.7203,0.6867,103,40,310,47,0.162,0.0312,1.2486,238.1,True,500,19.53
45,44,Frozen Model,concept,severe,0.2323,0.286,0.2093,0.2609,54,204,89,153,0.068,0.0312,0.6552,238.1,False,0,0.0
45,44,Continuously Retrained Ensemble,concept,severe,0.5124,0.646,0.5962,0.4493,93,63,230,114,0.54,0.0469,1.9531,238.1,True,3000,58.59
45,44,Event-Driven Ensemble,concept,severe,0.6733,0.738,0.6959,0.6522,135,59,234,72,0.116,0.0312,1.2798,238.1,True,500,19.53
45,45,Frozen Model,covariate,moderate,0.635,0.8,0.6541,0.617,87,46,313,54,0.188,0.0156,0.6708,238.1,False,0,0.0
45,45,Continuously Retrained Ensemble,covariate,moderate,0.4399,0.282,0.282,1.0,141,359,0,0,0.234,0.0312,1.9843,238.1,True,3000,58.59
45,45,Event-Driven Ensemble,covariate,moderate,0.4399,0.282,0.282,1.0,141,359,0,0,0.04,0.0312,1.311,238.1,True,500,19.53
45,46,Frozen Model,covariate,moderate,0.8567,0.792,0.7934,0.9311,311,81,85,23,0.072,0.0156,0.6864,238.1,False,0,0.0
45,46,Continuously Retrained Ensemble,covariate,moderate,0.8363,0.776,0.8171,0.8563,286,64,102,48,0.874,0.0625,2.0468,238.1,True,3000,58.59
45,46,Event-Driven Ensemble,covariate,moderate,0.8351,0.748,0.7419,0.9551,319,111,55,15,0.06,0.0312,1.3422,238.1,False,1000,19.53
45,47,Frozen Model,covariate,moderate,0.6512,0.79,0.5976,0.7153,98,66,297,39,0.082,0.0156,0.702,238.1,False,0,0.0
45,47,Continuously Retrained Ensemble,covariate,moderate,0.2844,0.376,0.2074,0.4526,62,237,126,75,0.802,0.0469,2.0937,238.1,True,3000,58.59
45,47,Event-Driven Ensemble,covariate,moderate,0.6746,0.78,0.5672,0.8321,114,87,276,23,0.068,0.0156,1.3578,238.1,False,1000,19.53
45,48,Frozen Model,none,none,0.705,0.836,0.6282,0.8033,98,58,320,24,0.038,0.0156,0.7176,238.1,False,0,0.0
45,48,Continuously Retrained Ensemble,none,none,0.1348,0.23,0.0929,0.2459,30,293,85,92,0.68,0.0469,2.1406,238.1,True,3000,58.59
45,48,Event-Driven Ensemble,none,none,0.6846,0.812,0.5795,0.8361,102,74,304,20,0.084,0.0,1.3578,238.1,False,1000,19.53
45,49,Frozen Model,none,none,0.7079,0.688,0.5981,0.867,189,127,155,29,0.142,0.0,0.7176,238.1,False,0,0.0
45,49,Continuously Retrained Ensemble,none,none,0.6497,0.724,0.7273,0.5872,128,48,234,90,0.544,0.0469,2.1875,238.1,True,3000,58.59
45,49,Event-Driven Ensemble,none,none,0.7007,0.66,0.5686,0.9128,199,151,131,19,0.15,0.0312,1.389,238.1,True,500,19.53
45,50,Frozen Model,none,none,0.4086,0.89,0.4222,0.3958,19,26,426,29,0.084,0.0,0.7176,238.1,False,0,0.0
45,50,Continuously Retrained Ensemble,none,none,0.3571,0.892,0.4167,0.3125,15,21,431,33,0.468,0.0469,2.2344,238.11,True,3000,58.59
45,50,Event-Driven Ensemble,none,none,0.321,0.89,0.3939,0.2708,13,20,432,35,0.038,0.0156,1.4046,238.11,False,1000,19.53
45,51,Frozen Model,none,none,0.7658,0.792,0.6693,0.8947,170,84,226,20,0.05,0.0156,0.7332,238.11,False,0,0.0
45,51,Continuously Retrained Ensemble,none,none,0.7626,0.792,0.6734,0.8789,167,81,229,23,0.036,0.0312,2.2656,238.11,True,3000,58.59
45,51,Event-Driven Ensemble,none,none,0.7552,0.79,0.6778,0.8526,162,77,233,28,0.05,0.0,1.4046,238.11,False,1000,19.53
45,52,Frozen Model,none,none,0.6489,0.71,0.5296,0.8375,134,119,221,26,0.09,0.0,0.7332,238.11,False,0,0.0
45,52,Continuously Retrained Ensemble,none,none,0.6519,0.718,0.5388,0.825,132,113,227,28,0.052,0.0469,2.3125,238.11,True,3000,58.59
45,52,Event-Driven Ensemble,none,none,0.6667,0.738,0.5622,0.8187,131,102,238,29,0.064,0.0156,1.4202,238.11,False,1000,19.53
45,53,Frozen Model,none,none,0.4545,0.856,0.411,0.5085,30,43,398,29,0.05,0.0156,0.7488,238.11,False,0,0.0
45,53,Continuously Retrained Ensemble,none,none,0.48,0.87,0.4545,0.5085,30,36,405,29,0.066,0.0469,2.3594,238.11,True,3000,58.59
45,53,Event-Driven Ensemble,none,none,0.451,0.888,0.5349,0.3898,23,20,421,36,0.064,0.0,1.4202,238.11,False,1000,19.53
45,54,Frozen Model,mixed,mild,0.6833,0.644,0.5549,0.8889,192,154,130,24,0.09,0.0156,0.7644,238.11,False,0,0.0
45,54,Continuously Retrained Ensemble,mixed,mild,0.6844,0.644,0.5546,0.8935,193,155,129,23,0.09,0.0469,2.4063,238.11,True,3000,58.59
45,54,Event-Driven Ensemble,mixed,mild,0.6949,0.668,0.5762,0.875,189,139,145,27,0.192,0.0156,1.4358,238.11,True,500,19.53
45,55,Frozen Model,mixed,mild,0.3467,0.578,0.3314,0.3636,56,113,233,98,0.08,0.0,0.7644,238.11,False,0,0.0
45,55,Continuously Retrained Ensemble,mixed,mild,0.3459,0.584,0.3354,0.3571,55,109,237,99,0.096,0.0469,2.4532,238.11,True,3000,58.59
45,55,Event-Driven Ensemble,mixed,mild,0.3546,0.636,0.3906,0.3247,50,78,268,104,0.18,0.0312,1.467,238.11,True,500,19.53
45,56,Frozen Model,mixed,mild,0.634,0.776,0.5272,0.7951,97,87,291,25,0.04,0.0156,0.78,238.11,False,0,0.0
45,56,Continuously Retrained Ensemble,mixed,mild,0.6367,0.774,0.5238,0.8115,99,90,288,23,0.036,0.0469,2.5001,238.11,True,3000,58.59
45,56,Event-Driven Ensemble,mixed,mild,0.6124,0.8,0.5809,0.6475,79,57,321,43,0.236,0.0312,1.4982,238.11,True,500,19.53
45,57,Frozen Model,mixed,mild,0.5989,0.55,0.468,0.8317,168,191,107,34,0.096,0.0156,0.7956,238.11,False,0,0.0
45,57,Continuously Retrained Ensemble,mixed,mild,0.6004,0.55,0.4681,0.8366,169,192,106,33,0.22,0.0469,2.547,238.11,True,3000,58.59
45,57,Event-Driven Ensemble,mixed,mild,0.6139,0.59,0.4954,0.8069,163,166,132,39,0.568,0.0312,1.5294,238.11,True,500,19.53
45,58,Frozen Model,mixed,mild,0.2281,0.648,0.3467,0.1699,26,49,298,127,0.036,0.0156,0.8112,238.11,False,0,0.0
45,58,Continuously Retrained Ensemble,mixed,mild,0.214,0.662,0.371,0.1503,23,39,308,130,0.216,0.0469,2.5939,238.12,True,3000,58.59
45,58,Event-Driven Ensemble,mixed,mild,0.199,0.678,0.4167,0.1307,20,28,319,133,0.158,0.0312,1.5606,238.12,True,500,19.53
45,59,Frozen Model,mixed,mild,0.6829,0.714,0.5725,0.8462,154,115,203,28,0.05,0.0156,0.8268,238.12,False,0,0.0
45,59,Continuously Retrained Ensemble,mixed,mild,0.6912,0.732,0.5952,0.8242,150,102,216,32,0.088,0.0312,2.6251,238.13,True,3000,58.59
45,59,Event-Driven Ensemble,mixed,mild,0.6595,0.748,0.6489,0.6703,122,66,252,60,0.414,0.0156,1.5762,238.13,True,500,19.53
46,0,Frozen Model,none,none,0.7475,0.85,0.6687,0.8473,111,55,314,20,0.034,0.0156,0.0156,237.99,False,0,0.0
46,0,Continuously Retrained Ensemble,none,none,0.7475,0.85,0.6687,0.8473,111,55,314,20,0.034,0.0469,0.0469,238.12,True,3000,58.59
46,0,Event-Driven Ensemble,none,none,0.7475,0.85,0.6687,0.8473,111,55,314,20,0.034,0.0156,0.0156,238.12,False,1000,19.53
46,1,Frozen Model,none,none,0.7063,0.694,0.5955,0.8679,184,125,163,28,0.148,0.0156,0.0312,238.12,False,0,0.0
46,1,Continuously Retrained Ensemble,none,none,0.6985,0.684,0.5865,0.8632,183,129,159,29,0.148,0.0469,0.0938,238.12,True,3000,58.59
46,1,Event-Driven Ensemble,none,none,0.7063,0.694,0.5955,0.8679,184,125,163,28,0.148,0.0156,0.0312,238.12,False,1000,19.53
46,2,Frozen Model,none,none,0.3853,0.866,0.4118,0.3621,21,30,412,37,0.06,0.0156,0.0468,238.12,False,0,0.0
46,2,Continuously Retrained Ensemble,none,none,0.3818,0.864,0.4038,0.3621,21,31,411,37,0.072,0.0312,0.125,238.12,True,3000,58.59
46,2,Event-Driven Ensemble,none,none,0.3853,0.866,0.4118,0.3621,21,30,412,37,0.06,0.0156,0.0468,238.12,False,1000,19.53
46,3,Frozen Model,covariate,severe,0.8889,0.856,0.8496,0.932,288,51,140,21,0.174,0.0,0.0468,238.12,False,0,0.0
46,3,Continuously Retrained Ensemble,covariate,severe,0.8899,0.858,0.8542,0.9288,287,49,142,22,0.258,0.0312,0.1562,238.14,True,3000,58.59
46,3,Event-Driven Ensemble,covariate,severe,0.8889,0.856,0.8496,0.932,288,51,140,21,0.174,0.0156,0.0624,238.16,True,500,19.53
46,4,Frozen Model,covariate,severe,0.903,0.872,0.8563,0.9551,298,50,138,14,0.26,0.0156,0.0624,238.16,False,0,0.0
46,4,Continuously Retrained Ensemble,covariate,severe,0.8669,0.812,0.7766,0.9808,306,88,100,6,0.12,0.0469,0.2031,238.17,True,3000,58.59
46,4,Event-Driven Ensemble,covariate,severe,0.8958,0.866,0.8701,0.9231,288,43,145,24,0.076,0.0156,0.078,238.17,False,1000,19.53
46,5,Frozen Model,covariate,severe,0.7063,0.852,0.6953,0.7177,89,39,337,35,0.178,0.0156,0.078,238.17,False,0,0.0
46,5,Continuously Retrained Ensemble,covariate,severe,0.7176,0.852,0.6812,0.7581,94,44,332,30,0.032,0.0469,0.25,238.18,True,3000,58.59
46,5,Event-Driven Ensemble,covariate,severe,0.6724,0.848,0.7222,0.629,78,30,346,46,0.2,0.0156,0.0936,238.18,True,500,19.53
46,6,Frozen Model,concept,moderate,0.3349,0.428,0.24,0.5538,72,228,142,58,0.128,0.0156,0.0936,238.18,False,0,0.0
46,6,Continuously Retrained Ensemble,concept,moderate,0.3155,0.462,0.2357,0.4769,62,201,169,68,0.096,0.0312,0.2812,238.18,True,3000,58.59
46,6,Event-Driven Ensemble,concept,moderate,0.3236,0.398,0.2286,0.5538,72,243,127,58,0.398,0.0156,0.1092,238.18,True,500,19.53
46,7,Frozen Model,concept,moderate,0.136,0.39,0.1633,0.1165,24,123,171,182,0.082,0.0156,0.1092,238.18,False,0,0.0
46,7,Continuously Retrained Ensemble,concept,moderate,0.098,0.448,0.15,0.0728,15,85,209,191,0.056,0.0312,0.3124,238.18,True,3000,58.59
46,7,Event-Driven Ensemble,concept,moderate,0.7094,0.728,0.6336,0.8058,166,96,198,40,0.098,0.0312,0.1404,238.18,True,500,19.53
46,8,Frozen Model,concept,moderate,0.3361,0.676,0.2531,0.5,41,121,297,41,0.048,0.0156,0.1248,238.18,False,0,0.0
46,8,Continuously Retrained Ensemble,concept,moderate,0.2375,0.756,0.2436,0.2317,19,59,359,63,0.278,0.0312,0.3436,238.18,True,3000,58.59
46,8,Event-Driven Ensemble,concept,moderate,0.2393,0.504,0.1598,0.4756,39,205,213,43,0.594,0.0469,0.1873,238.18,True,500,19.53
46,9,Frozen Model,none,none,0.6828,0.66,0.5701,0.8512,183,138,147,32,0.148,0.0156,0.1404,238.18,False,0,0.0
46,9,Continuously Retrained Ensemble,none,none,0.2049,0.612,0.8621,0.1163,25,4,281,190,0.44,0.0469,0.3905,238.18,True,3000,58.59
46,9,Event-Driven Ensemble,none,none,0.2007,0.522,0.3571,0.1395,30,54,231,185,0.408,0.0312,0.2185,238.18,True,500,19.53
46,10,Frozen Model,none,none,0.4272,0.882,0.4681,0.3929,22,25,419,34,0.056,0.0156,0.156,238.18,False,0,0.0
46,10,Continuously Retrained Ensemble,none,none,0.1231,0.886,0.4444,0.0714,4,5,439,52,0.236,0.0625,0.453,238.18,True,3000,58.59
46,10,Event-Driven Ensemble,none,none,0.3878,0.88,0.4524,0.3393,19,23,421,37,0.078,0.0156,0.2341,238.18,False,1000,19.53
46,11,Frozen Model,none,none,0.78,0.798,0.6885,0.8995,179,81,220,20,0.062,0.0156,0.1716,238.18,False,0,0.0
46,11,Continuously Retrained Ensemble,none,none,0.7377,0.798,0.7634,0.7136,142,44,257,57,0.368,0.0312,0.4842,238.18,True,3000,58.59
46,11,Event-Driven Ensemble,none,none,0.7775,0.802,0.7033,0.8693,173,73,228,26,0.084,0.0312,0.2653,238.18,True,500,19.53
46,12,Frozen Model,concept,mild,0.3696,0.536,0.2625,0.6239,68,191,200,41,0.082,0.0156,0.1872,238.18,False,0,0.0
46,12,Continuously Retrained Ensemble,concept,mild,0.3762,0.602,0.2857,0.5505,60,150,241,49,0.524,0.0312,0.5154,238.18,True,3000,58.59
46,12,Event-Driven Ensemble,concept,mild,0.3636,0.538,0.2598,0.6055,66,188,203,43,0.102,0.0312,0.2965,238.18,True,500,19.53
46,13,Frozen Model,concept,mild,0.1307,0.734,0.1724,0.1053,10,48,357,85,0.036,0.0156,0.2028,238.18,False,0,0.0
46,13,Continuously Retrained Ensemble,concept,mild,0.1899,0.71,0.2024,0.1789,17,67,338,78,0.148,0.0469,0.5623,238.18,True,3000,58.59
46,13,Event-Driven Ensemble,concept,mild,0.1304,0.76,0.2093,0.0947,9,34,371,86,0.188,0.0469,0.3434,238.18,True,500,19.53
46,14,Frozen Model,concept,mild,0.5098,0.55,0.3836,0.7597,117,188,158,37,0.138,0.0312,0.234,238.18,False,0,0.0
46,14,Continuously Retrained Ensemble,concept,mild,0.5237,0.578,0.4014,0.7532,116,173,173,38,0.21,0.0469,0.6092,238.18,True,3000,58.59
46,14,Event-Driven Ensemble,concept,mild,0.3515,0.69,0.4941,0.2727,42,43,303,112,0.518,0.0312,0.3746,238.18,True,500,19.53
46,15,Frozen Model,none,none,0.7036,0.85,0.6054,0.8396,89,58,336,17,0.102,0.0156,0.2496,238.18,False,0,0.0
46,15,Continuously Retrained Ensemble,none,none,0.6696,0.852,0.6356,0.7075,75,43,351,31,0.146,0.0469,0.6561,238.18,True,3000,58.59
46,15,Event-Driven Ensemble,none,none,0.5549,0.846,0.7164,0.4528,48,19,375,58,0.126,0.0312,0.4058,238.18,True,500,19.53
46,16,Frozen Model,none,none,0.7039,0.82,0.6407,0.781,107,60,303,30,0.044,0.0156,0.2652,238.18,False,0,0.0
46,16,Continuously Retrained Ensemble,none,none,0.7063,0.822,0.6446,0.781,107,59,304,30,0.11,0.0625,0.7186,238.18,True,3000,58.59
46,16,Event-Driven Ensemble,none,none,0.6618,0.814,0.6594,0.6642,91,47,316,46,0.064,0.0312,0.437,238.18,False,1000,19.53
46,17,Frozen Model,none,none,0.7225,0.702,0.6101,0.8858,194,124,157,25,0.13,0.0156,0.2808,238.18,False,0,0.0
46,17,Continuously Retrained Ensemble,none,none,0.6897,0.676,0.5941,0.8219,180,123,158,39,0.304,0.0625,0.7811,238.18,True,3000,58.59
46,17,Event-Driven Ensemble,none,none,0.7079,0.698,0.6141,0.8356,183,115,166,36,0.224,0.0469,0.4839,238.18,True,500,19.53
46,18,Frozen Model,concept,severe,0.0511,0.332,0.1636,0.0303,9,46,157,288,0.072,0.0156,0.2964,238.18,False,0,0.0
46,18,Continuously Retrained Ensemble,concept,severe,0.0516,0.338,0.1731,0.0303,9,43,160,288,0.108,0.0625,0.8436,238.18,True,3000,58.59
46,18,Event-Driven Ensemble,concept,severe,0.0513,0.334,0.1667,0.0303,9,45,158,288,0.076,0.0625,0.5464,238.18,True,500,19.53
46,19,Frozen Model,concept,severe,0.176,0.326,0.1406,0.2353,36,220,127,117,0.054,0.0312,0.3276,238.18,False,0,0.0
46,19,Continuously Retrained Ensemble,concept,severe,0.1796,0.342,0.1452,0.2353,36,212,135,117,0.094,0.0625,0.9061,238.18,True,3000,58.59
46,19,Event-Driven Ensemble,concept,severe,0.6242,0.776,0.6414,0.6078,93,52,295,60,0.26,0.0312,0.5776,238.18,True,500,19.53
46,20,Frozen Model,concept,severe,0.2869,0.304,0.2767,0.2979,70,183,82,165,0.052,0.0156,0.3432,238.18,False,0,0.0
46,20,Continuously Retrained Ensemble,concept,severe,0.3817,0.404,0.3725,0.3915,92,155,110,143,0.58,0.0625,0.9686,238.18,True,3000,58.59
46,20,Event-Driven Ensemble,concept,severe,0.692,0.724,0.7277,0.6596,155,58,207,80,0.088,0.0312,0.6088,238.18,True,500,19.53
46,21,Frozen Model,none,none,0.378,0.842,0.3636,0.3934,24,42,397,37,0.062,0.0312,0.3744,238.18,False,0,0.0
46,21,Continuously Retrained Ensemble,none,none,0.2051,0.504,0.1275,0.5246,32,219,220,29,0.524,0.0781,1.0467,238.18,True,3000,58.59
46,21,Event-Driven Ensemble,none,none,0.1388,0.156,0.0793,0.5574,34,395,44,27,0.27,0.0625,0.6713,238.18,True,500,19.53
46,22,Frozen Model,none,none,0.7148,0.7,0.6225,0.8393,188,114,162,36,0.126,0.0156,0.39,238.18,False,0,0.0
46,22,Continuously Retrained Ensemble,none,none,0.65,0.692,0.662,0.6384,143,73,203,81,0.318,0.0781,1.1248,238.18,True,3000,58.59
46,22,Event-Driven Ensemble,none,none,0.7065,0.656,0.5718,0.9241,207,155,121,17,0.296,0.0312,0.7025,238.18,True,500,19.53
46,23,Frozen Model,none,none,0.654,0.818,0.5621,0.7818,86,67,323,24,0.102,0.0156,0.4056,238.18,False,0,0.0
46,23,Continuously Retrained Ensemble,none,none,0.2165,0.392,0.1511,0.3818,42,236,154,68,0.29,0.0625,1.1873,238.18,True,3000,58.59
46,23,Event-Driven Ensemble,none,none,0.6446,0.828,0.5909,0.7091,78,54,336,32,0.108,0.0312,0.7337,238.18,True,500,19.53
46,24,Frozen Model,covariate,moderate,0.7562,0.822,0.7113,0.807,138,56,273,33,0.054,0.0156,0.4212,238.18,False,0,0.0
46,24,Continuously Retrained Ensemble,covariate,moderate,0.5097,0.342,0.342,1.0,171,329,0,0,0.374,0.0469,1.2342,238.18,True,3000,58.59
46,24,Event-Driven Ensemble,covariate,moderate,0.6853,0.82,0.8522,0.5731,98,17,312,73,0.198,0.0469,0.7806,238.18,True,500,19.53
46,25,Frozen Model,covariate,moderate,0.8349,0.758,0.75,0.9415,306,102,73,19,0.144,0.0156,0.4368,238.18,False,0,0.0
46,25,Continuously Retrained Ensemble,covariate,moderate,0.8307,0.744,0.7285,0.9662,314,117,58,11,0.244,0.0469,1.2811,238.18,True,3000,58.59
46,25,Event-Driven Ensemble,covariate,moderate,0.8342,0.752,0.7376,0.96,312,111,64,13,0.096,0.0625,0.8431,238.18,True,500,19.53
46,26,Frozen Model,covariate,moderate,0.4229,0.798,0.4458,0.4022,37,46,362,55,0.116,0.0156,0.4524,238.18,False,0,0.0
46,26,Continuously Retrained Ensemble,covariate,moderate,0.4503,0.79,0.4343,0.4674,43,56,352,49,0.164,0.0781,1.3592,238.18,True,3000,58.59
46,26,Event-Driven Ensemble,covariate,moderate,0.4311,0.81,0.48,0.3913,36,39,369,56,0.126,0.0469,0.89,238.18,True,500,19.53
46,27,Frozen Model,mixed,moderate,0.5035,0.432,0.48,0.5294,144,156,72,128,0.072,0.0312,0.4836,238.18,False,0,0.0
46,27,Continuously Retrained Ensemble,mixed,moderate,0.5078,0.43,0.4788,0.5404,147,160,68,125,0.042,0.0625,1.4217,238.18,True,3000,58.59
46,27,Event-Driven Ensemble,mixed,moderate,0.5153,0.428,0.478,0.5588,152,166,62,120,0.094,0.0312,0.9212,238.18,True,500,19.53
46,28,Frozen Model,mixed,moderate,0.3953,0.278,0.3746,0.4184,118,197,21,164,0.122,0.0156,0.4992,238.18,False,0,0.0
46,28,Continuously Retrained Ensemble,mixed,moderate,0.423,0.296,0.3933,0.4574,129,199,19,153,0.134,0.0625,1.4842,238.18,True,3000,58.59
46,28,Event-Driven Ensemble,mixed,moderate,0.7803,0.732,0.7256,0.844,238,90,128,44,0.308,0.0312,0.9524,238.18,True,500,19.53
46,29,Frozen Model,mixed,moderate,0.4276,0.668,0.5741,0.3407,62,46,272,120,0.088,0.0156,0.5148,238.18,False,0,0.0
46,29,Continuously Retrained Ensemble,mixed,moderate,0.5586,0.706,0.6159,0.511,93,58,260,89,0.064,0.0781,1.5623,238.18,True,3000,58.59
46,29,Event-Driven Ensemble,mixed,moderate,0.524,0.364,0.3601,0.9615,175,311,7,7,0.134,0.0469,0.9993,238.18,True,500,19.53
46,30,Frozen Model,concept,moderate,0.4104,0.5,0.2834,0.7436,87,220,163,30,0.13,0.0312,0.546,238.18,False,0,0.0
46,30,Continuously Retrained Ensemble,concept,moderate,0.3647,0.554,0.2735,0.547,64,170,213,53,0.358,0.0469,1.6092,238.18,True,3000,58.59
46,30,Event-Driven Ensemble,concept,moderate,0.3761,0.582,0.289,0.5385,63,155,228,54,0.578,0.0469,1.0462,238.18,True,500,19.53
46,31,Frozen Model,concept,moderate,0.0657,0.374,0.0791,0.0561,11,128,176,185,0.092,0.0312,0.5772,238.18,False,0,0.0
46,31,Continuously Retrained Ensemble,concept,moderate,0.0,0.608,0.0,0.0,0,0,304,196,0.026,0.0625,1.6717,238.18,True,3000,58.59
46,31,Event-Driven Ensemble,concept,moderate,0.0,0.598,0.0,0.0,0,5,299,196,0.108,0.0469,1.0931,238.18,True,500,19.53
46,32,Frozen Model,concept,moderate,0.3841,0.66,0.3118,0.5,53,117,277,53,0.026,0.0156,0.5928,238.18,False,0,0.0
46,32,Continuously Retrained Ensemble,concept,moderate,0.1405,0.682,0.1646,0.1226,13,66,328,93,0.454,0.0625,1.7342,238.18,True,3000,58.59
46,32,Event-Driven Ensemble,concept,moderate,0.1267,0.366,0.0895,0.217,23,234,160,83,0.116,0.0625,1.1556,238.18,True,500,19.53
46,33,Frozen Model,none,none,0.6479,0.65,0.5261,0.8429,161,145,164,30,0.168,0.0156,0.6084,238.18,False,0,0.0
46,33,Continuously Retrained Ensemble,none,none,0.1481,0.54,0.2532,0.1047,20,59,250,171,0.142,0.0469,1.7811,238.18,True,3000,58.59
46,33,Event-Driven Ensemble,none,none,0.4121,0.572,0.4335,0.3927,75,98,211,116,0.71,0.0312,1.1868,238.18,True,500,19.53
46,34,Frozen Model,none,none,0.3656,0.882,0.4048,0.3333,17,25,424,34,0.07,0.0312,0.6396,238.18,False,0,0.0
46,34,Continuously Retrained Ensemble,none,none,0.0306,0.62,0.0207,0.0588,3,142,307,48,0.27,0.0312,1.8123,238.18,True,3000,58.59
46,34,Event-Driven Ensemble,none,none,0.3704,0.898,0.5,0.2941,15,15,434,36,0.038,0.0156,1.2024,238.18,False,1000,19.53
46,35,Frozen Model,none,none,0.7957,0.812,0.7121,0.9015,183,74,223,20,0.066,0.0156,0.6552,238.18,False,0,0.0
46,35,Continuously Retrained Ensemble,none,none,0.7104,0.788,0.7975,0.6404,130,33,264,73,0.208,0.0469,1.8592,238.19,True,3000,58.59
46,35,Event-Driven Ensemble,none,none,0.7982,0.822,0.7395,0.867,176,62,235,27,0.054,0.0,1.2024,238.19,False,1000,19.53
46,36,Frozen Model,mixed,severe,0.4938,0.426,0.4459,0.5534,140,174,73,113,0.102,0.0156,0.6708,238.19,False,0,0.0
46,36,Continuously Retrained Ensemble,mixed,severe,0.6702,0.508,0.5071,0.9881,250,243,4,3,0.202,0.0312,1.8904,238.19,True,3000,58.59
46,36,Event-Driven Ensemble,mixed,severe,0.4354,0.388,0.4083,0.4664,118,171,76,135,0.322,0.0312,1.2336,238.19,True,500,19.53
46,37,Frozen Model,mixed,severe,0.5061,0.348,0.8564,0.3591,167,28,7,298,0.4,0.0156,0.6864,238.19,False,0,0.0
46,37,Continuously Retrained Ensemble,mixed,severe,0.9637,0.93,0.93,1.0,465,35,0,0,0.33,0.0469,1.9373,238.19,True,3000,58.59
46,37,Event-Driven Ensemble,mixed,severe,0.9647,0.932,0.9319,1.0,465,34,1,0,0.018,0.0156,1.2492,238.19,False,1000,19.53
46,38,Frozen Model,mixed,severe,0.7005,0.622,0.5785,0.8876,221,161,90,28,0.054,0.0,0.6864,238.19,False,0,0.0
46,38,Continuously Retrained Ensemble,mixed,severe,0.7039,0.608,0.5642,0.9357,233,180,71,16,0.228,0.0312,1.9685,238.19,True,3000,58.59
46,38,Event-Driven Ensemble,mixed,severe,0.5961,0.55,0.539,0.6667,166,142,109,83,0.56,0.0312,1.2804,238.19,True,500,19.53
46,39,Frozen Model,covariate,moderate,0.7939,0.838,0.7879,0.8,156,42,263,39,0.106,0.0,0.6864,238.19,False,0,0.0
46,39,Continuously Retrained Ensemble,covariate,moderate,0.5652,0.4,0.3939,1.0,195,300,5,0,0.142,0.0312,1.9997,238.19,True,3000,58.59
46,39,Event-Driven Ensemble,covariate,moderate,0.6042,0.552,0.4609,0.8769,171,200,105,24,0.75,0.0312,1.3116,238.19,True,500,19.53
46,40,Frozen Model,covariate,moderate,0.8098,0.844,0.8058,0.8137,166,40,256,38,0.106,0.0156,0.702,238.19,False,0,0.0
46,40,Continuously Retrained Ensemble,covariate,moderate,0.7735,0.774,0.6542,0.9461,193,102,194,11,0.16,0.0469,2.0466,238.19,True,3000,58.59
46,40,Event-Driven Ensemble,covariate,moderate,0.8067,0.838,0.786,0.8284,169,46,250,35,0.08,0.0156,1.3272,238.19,True,500,19.53
46,41,Frozen Model,covariate,moderate,0.7756,0.698,0.6979,0.8729,261,113,88,38,0.156,0.0156,0.7176,238.19,False,0,0.0
46,41,Continuously Retrained Ensemble,covariate,moderate,0.7734,0.666,0.6507,0.9532,285,153,48,14,0.264,0.0312,2.0778,238.19,True,3000,58.59
46,41,Event-Driven Ensemble,covariate,moderate,0.7749,0.706,0.7147,0.8462,253,101,100,46,0.236,0.0312,1.3584,238.19,True,500,19.53
46,42,Frozen Model,covariate,mild,0.4892,0.858,0.5484,0.4416,34,28,395,43,0.064,0.0,0.7176,238.19,False,0,0.0
46,42,Continuously Retrained Ensemble,covariate,mild,0.4672,0.854,0.5333,0.4156,32,28,395,45,0.234,0.0312,2.109,238.19,True,3000,58.59
46,42,Event-Driven Ensemble,covariate,mild,0.4262,0.86,0.5778,0.3377,26,19,404,51,0.046,0.0156,1.374,238.19,False,1000,19.53
46,43,Frozen Model,covariate,mild,0.835,0.83,0.7706,0.911,215,64,200,21,0.044,0.0156,0.7332,238.19,False,0,0.0
46,43,Continuously Retrained Ensemble,covariate,mild,0.852,0.852,0.8068,0.9025,213,51,213,23,0.09,0.0312,2.1402,238.19,True,3000,58.59
46,43,Event-Driven Ensemble,covariate,mild,0.8537,0.854,0.8099,0.9025,213,50,214,23,0.074,0.0156,1.3896,238.19,False,1000,19.53
46,44,Frozen Model,covariate,mild,0.6938,0.714,0.5848,0.8526,162,115,195,28,0.058,0.0156,0.7488,238.19,False,0,0.0
46,44,Continuously Retrained Ensemble,covariate,mild,0.6957,0.72,0.5926,0.8421,160,110,200,30,0.066,0.0469,2.1871,238.19,True,3000,58.59
46,44,Event-Driven Ensemble,covariate,mild,0.6861,0.72,0.5977,0.8053,153,103,207,37,0.08,0.0469,1.4365,238.19,True,500,19.53
46,45,Frozen Model,mixed,mild,0.3333,0.736,0.44,0.2683,33,42,335,90,0.062,0.0,0.7488,238.19,False,0,0.0
46,45,Continuously Retrained Ensemble,mixed,mild,0.3438,0.748,0.4783,0.2683,33,36,341,90,0.042,0.0469,2.234,238.19,True,3000,58.59
46,45,Event-Driven Ensemble,mixed,mild,0.3371,0.764,0.5455,0.2439,30,25,352,93,0.146,0.0312,1.4677,238.19,True,500,19.53
46,46,Frozen Model,mixed,mild,0.5961,0.542,0.4734,0.8048,169,188,102,41,0.056,0.0,0.7488,238.19,False,0,0.0
46,46,Continuously Retrained Ensemble,mixed,mild,0.5951,0.54,0.4721,0.8048,169,189,101,41,0.054,0.0312,2.2652,238.19,True,3000,58.59
46,46,Event-Driven Ensemble,mixed,mild,0.6105,0.538,0.4726,0.8619,181,202,88,29,0.166,0.0312,1.4989,238.19,True,500,19.53
46,47,Frozen Model,mixed,mild,0.5016,0.686,0.5032,0.5,79,78,264,79,0.088,0.0156,0.7644,238.19,False,0,0.0
46,47,Continuously Retrained Ensemble,mixed,mild,0.5078,0.686,0.5031,0.5127,81,80,262,77,0.08,0.0312,2.2964,238.19,True,3000,58.59
46,47,Event-Driven Ensemble,mixed,mild,0.3333,0.704,0.5781,0.2342,37,27,315,121,0.61,0.0312,1.5301,238.19,True,500,19.53
46,48,Frozen Model,mixed,mild,0.6708,0.79,0.5944,0.7698,107,73,288,32,0.04,0.0156,0.78,238.19,False,0,0.0
46,48,Continuously Retrained Ensemble,mixed,mild,0.6729,0.79,0.5934,0.777,108,74,287,31,0.03,0.0781,2.3745,238.19,True,3000,58.59
46,48,Event-Driven Ensemble,mixed,mild,0.6866,0.79,0.5867,0.8273,115,81,280,24,0.18,0.0156,1.5457,238.19,True,500,19.53
46,49,Frozen Model,mixed,mild,0.588,0.518,0.4778,0.7644,172,188,87,53,0.074,0.0156,0.7956,238.19,False,0,0.0
46,49,Continuously Retrained Ensemble,mixed,mild,0.5997,0.522,0.4812,0.7956,179,193,82,46,0.108,0.0312,2.4057,238.19,True,3000,58.59
46,49,Event-Driven Ensemble,mixed,mild,0.6013,0.504,0.471,0.8311,187,210,65,38,0.324,0.0312,1.5769,238.19,True,500,19.53
46,50,Frozen Model,mixed,mild,0.323,0.782,0.4333,0.2574,26,34,365,75,0.06,0.0,0.7956,238.19,False,0,0.0
46,50,Continuously Retrained Ensemble,mixed,mild,0.3462,0.796,0.4909,0.2673,27,28,371,74,0.106,0.0312,2.4369,238.19,True,3000,58.59
46,50,Event-Driven Ensemble,mixed,mild,0.3277,0.762,0.3816,0.2871,29,47,352,72,0.284,0.0312,1.6081,238.19,True,500,19.53
46,51,Frozen Model,mixed,severe,0.584,0.416,0.6231,0.5496,205,124,3,168,0.18,0.0156,0.8112,238.19,False,0,0.0
46,51,Continuously Retrained Ensemble,mixed,severe,0.7261,0.57,0.6917,0.7641,285,127,0,88,0.208,0.0312,2.4681,238.19,True,3000,58.59
46,51,Event-Driven Ensemble,mixed,severe,0.6979,0.536,0.6785,0.7185,268,127,0,105,0.106,0.0312,1.6393,238.19,True,500,19.53
46,52,Frozen Model,mixed,severe,0.5337,0.364,0.5156,0.5532,182,171,0,147,0.262,0.0156,0.8268,238.19,False,0,0.0
46,52,Continuously Retrained Ensemble,mixed,severe,0.7937,0.658,0.658,1.0,329,171,0,0,0.086,0.0469,2.515,238.19,True,3000,58.59
46,52,Event-Driven Ensemble,mixed,severe,0.8755,0.83,0.8446,0.9088,299,55,116,30,0.25,0.0312,1.6705,238.19,True,500,19.53
46,53,Frozen Model,mixed,severe,0.5118,0.588,0.864,0.3636,108,17,186,189,0.162,0.0,0.8268,238.19,False,0,0.0
46,53,Continuously Retrained Ensemble,mixed,severe,0.7895,0.76,0.8242,0.7576,225,48,155,72,0.178,0.0312,2.5462,238.19,True,3000,58.59
46,53,Event-Driven Ensemble,mixed,severe,0.7431,0.592,0.5936,0.9933,295,202,1,2,0.052,0.0156,1.6861,238.19,False,1000,19.53
46,54,Frozen Model,concept,severe,0.3554,0.434,0.2591,0.5652,78,223,139,60,0.128,0.0156,0.8424,238.19,False,0,0.0
46,54,Continuously Retrained Ensemble,concept,severe,0.211,0.626,0.2525,0.1812,25,74,288,113,0.394,0.0469,2.5931,238.19,True,3000,58.59
46,54,Event-Driven Ensemble,concept,severe,0.4482,0.35,0.2927,0.9565,132,319,43,6,0.858,0.0312,1.7173,238.19,True,500,19.53
46,55,Frozen Model,concept,severe,0.035,0.228,0.0476,0.0277,7,140,107,246,0.088,0.0156,0.858,238.19,False,0,0.0
46,55,Continuously Retrained Ensemble,concept,severe,0.0,0.494,0.0,0.0,0,0,247,253,0.384,0.0469,2.64,238.19,True,3000,58.59
46,55,Event-Driven Ensemble,concept,severe,0.8741,0.864,0.8223,0.9328,236,51,196,17,0.106,0.0312,1.7485,238.19,True,500,19.53
46,56,Frozen Model,concept,severe,0.2171,0.596,0.1707,0.2979,28,136,270,66,0.028,0.0,0.858,238.19,False,0,0.0
46,56,Continuously Retrained Ensemble,concept,severe,0.2222,0.51,0.1584,0.3723,35,186,220,59,0.528,0.0469,2.6869,238.19,True,3000,58.59
46,56,Event-Driven Ensemble,concept,severe,0.3018,0.454,0.1987,0.6277,59,238,168,35,0.2,0.0312,1.7797,238.19,True,500,19.53
46,57,Frozen Model,covariate,mild,0.7565,0.7,0.6545,0.8962,233,123,117,27,0.058,0.0,0.858,238.19,False,0,0.0
46,57,Continuously Retrained Ensemble,covariate,mild,0.2113,0.328,0.2711,0.1731,45,121,119,215,0.188,0.0312,2.7181,238.19,True,3000,58.59
46,57,Event-Driven Ensemble,covariate,mild,0.2686,0.39,0.3567,0.2154,56,101,139,204,0.25,0.0312,1.8109,238.19,True,500,19.53
46,58,Frozen Model,covariate,mild,0.5098,0.85,0.5,0.52,39,39,386,36,0.046,0.0,0.858,238.19,False,0,0.0
46,58,Continuously Retrained Ensemble,covariate,mild,0.1686,0.29,0.1023,0.48,36,316,109,39,0.33,0.0312,2.7493,238.19,True,3000,58.59
46,58,Event-Driven Ensemble,covariate,mild,0.4511,0.854,0.5172,0.4,30,28,397,45,0.084,0.0,1.8109,238.19,True,500,19.53
46,59,Frozen Model,covariate,mild,0.8387,0.84,0.782,0.9043,208,58,212,22,0.04,0.0156,0.8736,238.19,False,0,0.0
46,59,Continuously Retrained Ensemble,covariate,mild,0.7992,0.8,0.7425,0.8652,199,69,201,31,0.288,0.0312,2.7805,238.19,True,3000,58.59
46,59,Event-Driven Ensemble,covariate,mild,0.8371,0.828,0.7416,0.9609,221,77,193,9,0.138,0.0156,1.8265,238.19,True,500,19.53
