experiment_id,seed,window_id,model_id,drift_type,drift_severity,drift_score,accuracy,precision,recall,f1,roc_auc,retraining_triggered,performance_loss,performance_recovery
3A-0,42,0,frozen_model_1,none,none,0.05410964119177449,0.77,0.8305084745762712,0.7903225806451613,0.8099173553719008,0.7958404074702887,False,-0.055628327325510485,0.0
3A-0,42,0,retrained_baseline,none,none,0.05410964119177449,0.95,0.9523809523809523,0.967741935483871,0.96,0.9847198641765704,True,-0.05097384795324311,0.15008264462809917
3A-0,42,1,frozen_model_1,none,none,0.11212591510866306,0.76,0.5652173913043478,0.48148148148148145,0.52,0.7686453576864536,False,0.2342890280463903,0.0
3A-0,42,1,retrained_baseline,none,none,0.11212591510866306,0.95,0.9230769230769231,0.8888888888888888,0.9056603773584906,0.9939117199391172,True,0.0033657746882662654,0.38566037735849057
3A-0,42,2,frozen_model_1,none,none,0.11943299482622649,0.75,0.7763157894736842,0.8805970149253731,0.8251748251748252,0.7756671189507011,False,-0.0708857971284349,0.0
3A-0,42,2,retrained_baseline,none,none,0.11943299482622649,0.93,0.9166666666666666,0.9850746268656716,0.9496402877697842,0.9895974672094074,True,-0.0406141357230273,0.12446546259495894
3A-0,42,3,frozen_model_1,none,none,0.06797505960878535,0.81,0.8387096774193549,0.65,0.7323943661971831,0.88875,False,0.021894661849207186,0.0
3A-0,42,3,retrained_baseline,none,none,0.06797505960878535,0.95,0.972972972972973,0.9,0.935064935064935,0.9933333333333333,True,-0.02603878301817819,0.20267056886775192
3A-0,42,4,frozen_model_1,none,none,0.04931488541637114,0.95,0.875,1.0,0.9333333333333333,0.9885714285714285,False,-0.17904430528694304,0.0
3A-0,42,4,retrained_baseline,none,none,0.04931488541637114,0.99,0.9722222222222222,1.0,0.9859154929577465,1.0,True,-0.07688934091098965,0.05258215962441315
3A-0,42,5,frozen_model_1,none,none,0.11720452538782748,0.77,0.8529411764705882,0.8169014084507042,0.8345323741007195,0.8423992229237494,False,-0.08024334605432915,0.0
3A-0,42,5,retrained_baseline,none,none,0.11720452538782748,0.9,0.9066666666666666,0.9577464788732394,0.9315068493150684,0.9762020398251579,True,-0.02248069726831159,0.09697447521434899
3A-0,42,6,frozen_model_1,none,none,0.11486405617606316,0.79,0.6,0.48,0.5333333333333333,0.8170666666666666,False,0.22095569471305698,0.0
3A-0,42,6,retrained_baseline,none,none,0.11486405617606316,0.91,0.9,0.72,0.8,0.9706666666666667,True,0.10902615204675681,0.2666666666666667
3A-0,42,7,frozen_model_1,none,none,0.07124664517896373,0.8,0.7796610169491526,0.8679245283018868,0.8214285714285714,0.88358089120835,False,-0.06713954338218109,0.0
3A-0,42,7,retrained_baseline,none,none,0.07124664517896373,0.91,0.8928571428571429,0.9433962264150944,0.9174311926605505,0.9739060618225612,True,-0.008405040613793657,0.09600262123197911
3A-0,42,8,frozen_model_1,none,none,0.04920398209212858,0.74,0.8333333333333334,0.7258064516129032,0.7758620689655172,0.8520797962648557,False,-0.02157304091912693,0.0
3A-0,42,8,retrained_baseline,none,none,0.04920398209212858,0.91,0.9076923076923077,0.9516129032258065,0.9291338582677166,0.9613752122241087,True,-0.020107706220959698,0.1532717893021993
3A-0,42,9,frozen_model_1,none,none,0.11670128146630492,0.76,0.5454545454545454,0.46153846153846156,0.5,0.7401247401247402,False,0.2542890280463903,0.0
3A-0,42,9,retrained_baseline,none,none,0.11670128146630492,0.91,0.8148148148148148,0.8461538461538461,0.8301886792452831,0.9542619542619541,True,0.0788374728014738,0.33018867924528306
3A-0,42,10,frozen_model_1,none,none,0.12238080637827033,0.74,0.7945205479452054,0.8405797101449275,0.8169014084507042,0.7994389901823282,False,-0.06261238040431394,0.0
3A-0,42,10,retrained_baseline,none,none,0.12238080637827033,0.88,0.8701298701298701,0.9710144927536232,0.9178082191780822,0.9495091164095372,True,-0.008782067131325344,0.10090681072737795
3A-0,42,11,frozen_model_1,none,none,0.060748735697895816,0.81,0.8235294117647058,0.6829268292682927,0.7466666666666667,0.8759818106655644,False,0.007622361379723608,0.0
3A-0,42,11,retrained_baseline,none,none,0.060748735697895816,0.9,0.918918918918919,0.8292682926829268,0.8717948717948718,0.9727159983464242,True,0.037231280251885046,0.1251282051282051
3A-0,42,12,frozen_model_1,none,none,0.05248613321829499,0.84,0.8,0.8,0.8,0.93,False,-0.045710971953609736,0.0
3A-0,42,12,retrained_baseline,none,none,0.05248613321829499,0.91,0.9428571428571428,0.825,0.88,0.9833333333333333,True,0.029026152046756848,0.07999999999999996
3A-0,42,13,frozen_model_1,none,none,0.11195146686589386,0.78,0.8133333333333334,0.8840579710144928,0.8472222222222222,0.8078541374474053,False,-0.0929331941758319,0.0
3A-0,42,13,retrained_baseline,none,none,0.11195146686589386,0.91,0.8947368421052632,0.9855072463768116,0.9379310344827586,0.956989247311828,True,-0.028904882436001755,0.0907088122605364
3A-0,42,14,frozen_model_1,none,none,0.11698926039037076,0.81,0.875,0.5675675675675675,0.6885245901639344,0.8635778635778636,False,0.0657644378824559,0.0
3A-0,42,14,retrained_baseline,none,none,0.11698926039037076,0.89,0.9333333333333333,0.7567567567567568,0.835820895522388,0.9781209781209781,True,0.07320525652436882,0.14729630535845362
3A-0,42,15,frozen_model_1,none,none,0.060831709018903,0.86,0.8412698412698413,0.9298245614035088,0.8833333333333333,0.9649122807017544,False,-0.129044305286943,0.0
3A-0,42,15,retrained_baseline,none,none,0.060831709018903,0.95,0.9482758620689655,0.9649122807017544,0.9565217391304348,0.996328029375765,True,-0.04749558708367796,0.07318840579710151
3A-0,43,0,frozen_model_1,none,none,0.053172919121758984,0.86,0.8305084745762712,0.9245283018867925,0.875,0.9221196306704135,False,-0.09289334698969398,0.0
3A-0,43,0,retrained_baseline,none,none,0.053172919121758984,0.94,0.9272727272727272,0.9622641509433962,0.9444444444444444,0.9927739863508631,True,-0.05043251389637393,0.06944444444444442
3A-0,43,1,frozen_model_1,none,none,0.11484942167241317,0.83,0.75,0.6206896551724138,0.6792452830188679,0.7914035939776591,False,0.10286136999143813,0.0
3A-0,43,1,retrained_baseline,none,none,0.11484942167241317,0.92,0.92,0.7931034482758621,0.8518518518518519,0.9888295288975231,True,0.04216007869621863,0.17260656883298398
3A-0,43,2,frozen_model_1,none,none,0.12013177243544561,0.76,0.7804878048780488,0.9142857142857143,0.8421052631578947,0.8361904761904763,False,-0.05999861014758867,0.0
3A-0,43,2,retrained_baseline,none,none,0.12013177243544561,0.91,0.9178082191780822,0.9571428571428572,0.9370629370629371,0.9780952380952381,True,-0.0430510065148666,0.0949576739050424
3A-0,43,3,frozen_model_1,none,none,0.06058098690927338,0.78,0.7435897435897436,0.7073170731707317,0.725,0.8755684167011162,False,0.05710665301030604,0.0
3A-0,43,3,retrained_baseline,none,none,0.06058098690927338,0.92,0.9714285714285714,0.8292682926829268,0.8947368421052632,0.9859446052087639,True,-0.0007249115571926756,0.16973684210526319
3A-0,43,4,frozen_model_1,none,none,0.0514326031836029,0.85,0.7619047619047619,0.8648648648648649,0.810126582278481,0.9146289146289146,False,-0.02801992926817498,0.0
3A-0,43,4,retrained_baseline,none,none,0.0514326031836029,0.94,0.918918918918919,0.918918918918919,0.918918918918919,0.9858429858429859,True,-0.024906988370848482,0.10879233664043797
3A-0,43,5,frozen_model_1,none,none,0.11449089739108746,0.77,0.8076923076923077,0.8873239436619719,0.8456375838926175,0.7921321029626033,False,-0.06353093088231143,0.0
3A-0,43,5,retrained_baseline,none,none,0.11449089739108746,0.89,0.9166666666666666,0.9295774647887324,0.9230769230769231,0.9611461874696454,True,-0.02906499252885264,0.07743933918430568
3A-0,43,6,frozen_model_1,none,none,0.11723789314975892,0.79,0.631578947368421,0.46153846153846156,0.5333333333333333,0.7952182952182952,False,0.2487733196769727,0.0
3A-0,43,6,retrained_baseline,none,none,0.11723789314975892,0.93,0.9523809523809523,0.7692307692307693,0.851063829787234,0.9672557172557172,True,0.04294810076083644,0.3177304964539007
3A-0,43,7,frozen_model_1,none,none,0.06202942571784298,0.89,0.8666666666666667,0.9454545454545454,0.9043478260869565,0.9228282828282829,False,-0.1222411730766505,0.0
3A-0,43,7,retrained_baseline,none,none,0.06202942571784298,0.91,0.896551724137931,0.9454545454545454,0.9203539823008849,0.9903030303030302,True,-0.026342051752814455,0.016006156213928424
3A-0,43,8,frozen_model_1,none,none,0.05569604146583468,0.86,0.9166666666666666,0.859375,0.8870967741935484,0.91015625,False,-0.10499012118324236,0.0
3A-0,43,8,retrained_baseline,none,none,0.05569604146583468,0.9,0.921875,0.921875,0.921875,0.98046875,True,-0.027863069451929512,0.034778225806451624
3A-0,43,9,frozen_model_1,none,none,0.11738904186673126,0.78,0.6666666666666666,0.5333333333333333,0.5925925925925926,0.82,False,0.18951406041771346,0.0
3A-0,43,9,retrained_baseline,none,none,0.11738904186673126,0.87,0.8148148148148148,0.7333333333333333,0.7719298245614035,0.9519047619047618,True,0.12208210598666702,0.1793372319688109
3A-0,43,10,frozen_model_1,none,none,0.12382926062752324,0.78,0.8048780487804879,0.9166666666666666,0.8571428571428571,0.841765873015873,False,-0.07503620413255108,0.0
3A-0,43,10,retrained_baseline,none,none,0.12382926062752324,0.9,0.9078947368421053,0.9583333333333334,0.9324324324324325,0.9732142857142857,True,-0.03842050188436197,0.07528957528957536
3A-0,43,11,frozen_model_1,none,none,0.06138309970880838,0.88,0.8947368421052632,0.8095238095238095,0.85,0.9334975369458128,False,-0.06789334698969396,0.0
3A-0,43,11,retrained_baseline,none,none,0.06138309970880838,0.92,0.9473684210526315,0.8571428571428571,0.9,0.9885057471264368,True,-0.005988069451929534,0.050000000000000044
3A-0,43,12,frozen_model_1,none,none,0.05085322348162311,0.84,0.7727272727272727,0.85,0.8095238095238095,0.9091666666666667,False,-0.027417156513503516,0.0
3A-0,43,12,retrained_baseline,none,none,0.05085322348162311,0.91,0.8780487804878049,0.9,0.8888888888888888,0.97375,True,0.0051230416591816486,0.0793650793650793
3A-0,43,13,frozen_model_1,none,none,0.11204961792478256,0.76,0.7866666666666666,0.8805970149253731,0.8309859154929577,0.7399366802351878,False,-0.04887926248265173,0.0
3A-0,43,13,retrained_baseline,none,none,0.11204961792478256,0.88,0.8666666666666667,0.9701492537313433,0.9154929577464789,0.9312528267752148,True,-0.021481027198408387,0.08450704225352113
3A-0,43,14,frozen_model_1,none,none,0.11763901895664487,0.79,0.7142857142857143,0.5,0.5882352941176471,0.8480952380952381,False,0.19387135889265894,0.0
3A-0,43,14,retrained_baseline,none,none,0.11763901895664487,0.9,0.9545454545454546,0.7,0.8076923076923077,0.9704761904761905,True,0.08631962285576278,0.21945701357466063
3A-0,43,15,frozen_model_1,none,none,0.06461576299300477,0.86,0.8688524590163934,0.8983050847457628,0.8833333333333333,0.9309632079371641,False,-0.10122668032302728,0.0
3A-0,43,15,retrained_baseline,none,none,0.06461576299300477,0.91,0.9166666666666666,0.9322033898305084,0.9243697478991597,0.9805704836709384,True,-0.030357817351089222,0.04103641456582641
3A-0,44,0,frozen_model_1,none,none,0.05330472123813145,0.79,0.7714285714285715,0.9152542372881356,0.8372093023255814,0.8019842910293509,False,-0.05806940413678652,0.0
3A-0,44,0,retrained_baseline,none,none,0.05330472123813145,0.92,0.9047619047619048,0.9661016949152542,0.9344262295081968,0.9892517569243489,True,-0.05023464480693696,0.09721692718261532
3A-0,44,1,frozen_model_1,none,none,0.11536128468457252,0.71,0.525,0.6774193548387096,0.5915492957746479,0.7531556802244038,False,0.18759060241414705,0.0
3A-0,44,1,retrained_baseline,none,none,0.11536128468457252,0.92,0.896551724137931,0.8387096774193549,0.8666666666666667,0.9869097709209911,True,0.017524918034593107,0.2751173708920188
3A-0,44,2,frozen_model_1,none,none,0.11855048084045888,0.73,0.7126436781609196,0.96875,0.8211920529801324,0.7374131944444444,False,-0.042052154791337504,0.0
3A-0,44,2,retrained_baseline,none,none,0.11855048084045888,0.92,0.9,0.984375,0.9402985074626866,0.9908854166666667,True,-0.056106922761426814,0.11910645448255419
3A-0,44,3,frozen_model_1,none,none,0.0649165006304543,0.83,0.8095238095238095,0.7906976744186046,0.8,0.8582211342309263,False,-0.020860101811205123,0.0
3A-0,44,3,retrained_baseline,none,none,0.0649165006304543,0.92,0.9487179487179487,0.8604651162790697,0.9024390243902439,0.9873521011831906,True,-0.018247439688984124,0.10243902439024388
3A-0,44,4,frozen_model_1,none,none,0.04894583545561868,0.81,0.7346938775510204,0.8571428571428571,0.7912087912087912,0.8633004926108375,False,-0.012068893019996252,0.0
3A-0,44,4,retrained_baseline,none,none,0.04894583545561868,0.91,0.9024390243902439,0.8809523809523809,0.891566265060241,0.979064039408867,True,-0.007374680358981145,0.10035747385144977
3A-0,44,5,frozen_model_1,none,none,0.11632113998918364,0.76,0.7640449438202247,0.9577464788732394,0.85,0.7333657115104419,False,-0.07086010181120506,0.0
3A-0,44,5,retrained_baseline,none,none,0.11632113998918364,0.88,0.8734177215189873,0.971830985915493,0.92,0.9611461874696454,True,-0.03580841529874024,0.07000000000000006
3A-0,44,6,frozen_model_1,none,none,0.11997888547796998,0.74,0.5142857142857142,0.6666666666666666,0.5806451612903226,0.8001014713343481,False,0.1984947368984723,0.0
3A-0,44,6,retrained_baseline,none,none,0.11997888547796998,0.89,0.8333333333333334,0.7407407407407407,0.7843137254901961,0.9726027397260274,True,0.09987785921106374,0.20366856419987345
3A-0,44,7,frozen_model_1,none,none,0.061059516617523624,0.85,0.8235294117647058,0.9491525423728814,0.8818897637795275,0.8989251756924348,False,-0.10274986559073263,0.0
3A-0,44,7,retrained_baseline,none,none,0.061059516617523624,0.92,0.9180327868852459,0.9491525423728814,0.9333333333333333,0.9768499379909054,True,-0.049141748632073545,0.0514435695538058
3A-0,44,8,frozen_model_1,none,none,0.04889813003293595,0.76,0.746268656716418,0.8771929824561403,0.8064516129032258,0.8745410036719705,False,-0.027311714714430835,0.0
3A-0,44,8,retrained_baseline,none,none,0.04889813003293595,0.92,0.9298245614035088,0.9298245614035088,0.9298245614035088,0.9734802121583027,True,-0.04563297670224897,0.12337294850028302
3A-0,44,9,frozen_model_1,none,none,0.11424041700327393,0.73,0.4878048780487805,0.7692307692307693,0.5970149253731343,0.803014553014553,False,0.18212497281566065,0.0
3A-0,44,9,retrained_baseline,none,none,0.11424041700327393,0.9,0.8636363636363636,0.7307692307692307,0.7916666666666666,0.9662162162162161,True,0.09252491803459317,0.19465174129353235
3A-0,44,10,frozen_model_1,none,none,0.1189401529294782,0.86,0.8488372093023255,0.9864864864864865,0.9125,0.8778586278586279,False,-0.13336010181120506,0.0
3A-0,44,10,retrained_baseline,none,none,0.1189401529294782,0.93,0.9240506329113924,0.9864864864864865,0.954248366013072,0.9875259875259875,True,-0.07005678131181214,0.04174836601307197
3A-0,44,11,frozen_model_1,none,none,0.06481012011481609,0.86,0.7954545454545454,0.875,0.8333333333333334,0.861875,False,-0.05419343514453845,0.0
3A-0,44,11,retrained_baseline,none,none,0.06481012011481609,0.89,0.8536585365853658,0.875,0.8641975308641975,0.9745833333333334,True,0.01999405383706232,0.030864197530864113
3A-0,44,12,frozen_model_1,none,none,0.05293539771033018,0.84,0.7291666666666666,0.9210526315789473,0.813953488372093,0.9229626485568762,False,-0.034813590183298104,0.0
3A-0,44,12,retrained_baseline,none,none,0.05293539771033018,0.9,0.8181818181818182,0.9473684210526315,0.8780487804878049,0.9639219015280135,True,0.006142804213454922,0.06409529211571185
3A-0,44,13,frozen_model_1,none,none,0.11148573069030336,0.82,0.8275862068965517,0.96,0.8888888888888888,0.7759999999999999,False,-0.10974899070009392,0.0
3A-0,44,13,retrained_baseline,none,none,0.11148573069030336,0.88,0.8987341772151899,0.9466666666666667,0.922077922077922,0.9488,True,-0.03788633737666225,0.03318903318903321
3A-0,44,14,frozen_model_1,none,none,0.11733938495763678,0.71,0.525,0.6774193548387096,0.5915492957746479,0.7047685834502102,False,0.18759060241414705,0.0
3A-0,44,14,retrained_baseline,none,none,0.11733938495763678,0.83,0.7692307692307693,0.6451612903225806,0.7017543859649122,0.9443665264142123,True,0.18243719873634756,0.11020509019026437
3A-0,44,15,frozen_model_1,none,none,0.06426130032811724,0.84,0.8153846153846154,0.9298245614035088,0.8688524590163934,0.9184006527947776,False,-0.08971256082759849,0.0
3A-0,44,15,retrained_baseline,none,none,0.06426130032811724,0.92,0.9016393442622951,0.9649122807017544,0.9322033898305084,0.9771521827825377,True,-0.04801180512924863,0.06335093081411503
3A-0,45,0,frozen_model_1,none,none,0.04856715715305241,0.83,0.8983050847457628,0.828125,0.8617886178861789,0.8993055555555556,False,-0.11443327893869537,0.0
3A-0,45,0,retrained_baseline,none,none,0.04856715715305241,0.99,0.9846153846153847,1.0,0.9922480620155039,1.0,True,-0.08971109461106108,0.13045944412932498
3A-0,45,1,frozen_model_1,none,none,0.11312725633369843,0.75,0.6,0.5806451612903226,0.5901639344262295,0.7847124824684432,False,0.15719140452125402,0.0
3A-0,45,1,retrained_baseline,none,none,0.11312725633369843,0.93,0.9615384615384616,0.8064516129032258,0.8771929824561403,0.9929873772791024,True,0.025343984948302478,0.2870290480299108
3A-0,45,2,frozen_model_1,none,none,0.12307907394884483,0.74,0.782608695652174,0.8307692307692308,0.8059701492537313,0.8008791208791209,False,-0.05861481030624782,0.0
3A-0,45,2,retrained_baseline,none,none,0.12307907394884483,0.92,0.9014084507042254,0.9846153846153847,0.9411764705882353,0.9837362637362638,True,-0.0386395031837925,0.13520632133450394
3A-0,45,3,frozen_model_1,none,none,0.06784727712351575,0.76,0.8928571428571429,0.5434782608695652,0.6756756756756757,0.7991143317230275,False,0.07167966327180786,0.0
3A-0,45,3,retrained_baseline,none,none,0.06784727712351575,0.9,0.95,0.8260869565217391,0.8837209302325582,0.9834943639291465,True,0.018816037171884625,0.2080452545568825
3A-0,45,4,frozen_model_1,none,none,0.05433965137848648,0.85,0.7948717948717948,0.8157894736842105,0.8051948051948052,0.9157470288624787,False,-0.057839466247321725,0.0
3A-0,45,4,retrained_baseline,none,none,0.05433965137848648,0.94,0.9210526315789473,0.9210526315789473,0.9210526315789473,0.9923599320882851,True,-0.018515664174504565,0.1158578263841421
3A-0,45,5,frozen_model_1,none,none,0.11145597082008611,0.74,0.7948717948717948,0.8611111111111112,0.8266666666666667,0.7762896825396826,False,-0.07931132771918314,0.0
3A-0,45,5,retrained_baseline,none,none,0.11145597082008611,0.92,0.9571428571428572,0.9305555555555556,0.9436619718309859,0.9776785714285715,True,-0.0411250044265431,0.11699530516431922
3A-0,45,6,frozen_model_1,none,none,0.12118771161898273,0.82,0.7222222222222222,0.5,0.5909090909090909,0.7933991683991685,False,0.15644624803839258,0.0
3A-0,45,6,retrained_baseline,none,none,0.12118771161898273,0.9,0.9,0.6923076923076923,0.782608695652174,0.9875259875259875,True,0.11992827175226883,0.191699604743083
3A-0,45,7,frozen_model_1,none,none,0.06984125076553056,0.81,0.847457627118644,0.8333333333333334,0.8403361344537815,0.9039583333333333,False,-0.09298079550629801,0.0
3A-0,45,7,retrained_baseline,none,none,0.06984125076553056,0.92,0.9333333333333333,0.9333333333333333,0.9333333333333333,0.9862500000000001,True,-0.030796365928890568,0.09299719887955182
3A-0,45,8,frozen_model_1,none,none,0.053216232842317135,0.75,0.7857142857142857,0.7719298245614035,0.7787610619469026,0.809873521011832,False,-0.03140572299941913,0.0
3A-0,45,8,retrained_baseline,none,none,0.053216232842317135,0.88,0.8813559322033898,0.9122807017543859,0.896551724137931,0.960016319869441,True,0.0059852432665117306,0.1177906621910284
3A-0,45,9,frozen_model_1,none,none,0.11642358634506911,0.84,0.6818181818181818,0.625,0.6521739130434783,0.8525219298245613,False,0.09518142590400525,0.0
3A-0,45,9,retrained_baseline,none,none,0.11642358634506911,0.94,0.9090909090909091,0.8333333333333334,0.8695652173913043,0.9616228070175439,True,0.03297175001313846,0.21739130434782605
3A-0,45,10,frozen_model_1,none,none,0.11897483995315672,0.78,0.9180327868852459,0.7671232876712328,0.835820895522388,0.878234398782344,False,-0.08846555657490451,0.0
3A-0,45,10,retrained_baseline,none,none,0.11897483995315672,0.94,0.9240506329113924,1.0,0.9605263157894737,0.9863013698630138,True,-0.05798934838503089,0.12470542026708564
3A-0,45,11,frozen_model_1,none,none,0.06295247486371759,0.84,0.8484848484848485,0.717948717948718,0.7777777777777778,0.876839007986549,False,-0.030422438830294274,0.0
3A-0,45,11,retrained_baseline,none,none,0.06295247486371759,0.89,0.8888888888888888,0.8205128205128205,0.8533333333333334,0.9676334594367381,True,0.04920363407110939,0.0755555555555556
3A-0,45,12,frozen_model_1,none,none,0.05363138669836157,0.85,0.8529411764705882,0.7435897435897436,0.7945205479452054,0.9495586380832283,False,-0.04716520899772192,0.0
3A-0,45,12,retrained_baseline,none,none,0.05363138669836157,0.96,0.972972972972973,0.9230769230769231,0.9473684210526315,0.9915931063472048,True,-0.044831453648188746,0.1528478731074261
3A-0,45,13,frozen_model_1,none,none,0.11703303328328359,0.69,0.7297297297297297,0.8307692307692308,0.7769784172661871,0.6712087912087912,False,-0.02962307831870359,0.0
3A-0,45,13,retrained_baseline,none,none,0.11703303328328359,0.9,0.8985507246376812,0.9538461538461539,0.9253731343283582,0.9419780219780219,True,-0.022836166923915435,0.1483947170621711
3A-0,45,14,frozen_model_1,none,none,0.11802914726010028,0.79,0.7142857142857143,0.37037037037037035,0.4878048780487805,0.8366311516996449,False,0.25955046089870304,0.0
3A-0,45,14,retrained_baseline,none,none,0.11802914726010028,0.91,0.9090909090909091,0.7407407407407407,0.8163265306122449,0.969558599695586,True,0.08621043679219786,0.32852165256346444
3A-0,45,15,frozen_model_1,none,none,0.06325640237145254,0.84,0.8727272727272727,0.8421052631578947,0.8571428571428571,0.9322725418196655,False,-0.10978751819537358,0.0
3A-0,45,15,retrained_baseline,none,none,0.06325640237145254,0.88,0.8813559322033898,0.9122807017543859,0.896551724137931,0.971032231742146,True,0.0059852432665117306,0.039408866995073955
3A-0,46,0,frozen_model_1,none,none,0.05203891439711252,0.79,0.8269230769230769,0.7818181818181819,0.8037383177570093,0.8694949494949494,False,-0.07119453399084852,0.0
3A-0,46,0,retrained_baseline,none,none,0.05203891439711252,0.96,0.9473684210526315,0.9818181818181818,0.9642857142857143,0.9947474747474748,True,-0.07341268756567298,0.16054739652870498
3A-0,46,1,frozen_model_1,none,none,0.11458803039602837,0.71,0.5789473684210527,0.34375,0.43137254901960786,0.7653952205882353,False,0.30117123474655294,0.0
3A-0,46,1,retrained_baseline,none,none,0.11458803039602837,0.93,0.9310344827586207,0.84375,0.8852459016393442,0.984375,True,0.005627125080697071,0.4538733526197364
3A-0,46,2,frozen_model_1,none,none,0.11823412428981761,0.79,0.8309859154929577,0.8676470588235294,0.8489208633093526,0.849264705882353,False,-0.11637707954319176,0.0
3A-0,46,2,retrained_baseline,none,none,0.11823412428981761,0.92,0.9285714285714286,0.9558823529411765,0.9420289855072463,0.9802389705882353,True,-0.051155958787205025,0.09310812219789377
3A-0,46,3,frozen_model_1,none,none,0.06414361394205059,0.77,0.7948717948717948,0.6739130434782609,0.7294117647058823,0.8510466988727857,False,0.0031320190602784903,0.0
3A-0,46,3,retrained_baseline,none,none,0.06414361394205059,0.93,0.975609756097561,0.8695652173913043,0.9195402298850575,0.9698067632850241,True,-0.028667203165016142,0.19012846517917514
3A-0,46,4,frozen_model_1,none,none,0.05148216016623521,0.89,0.9142857142857143,0.8,0.8533333333333334,0.9400000000000001,False,-0.12078954956717258,0.0
3A-0,46,4,retrained_baseline,none,none,0.05148216016623521,0.98,0.975,0.975,0.975,0.9991666666666666,True,-0.08412697327995866,0.12166666666666659
3A-0,46,5,frozen_model_1,none,none,0.11927964236503401,0.74,0.8169014084507042,0.8169014084507042,0.8169014084507042,0.7724623603691112,False,-0.08435762468454344,0.0
3A-0,46,5,retrained_baseline,none,none,0.11927964236503401,0.88,0.8641975308641975,0.9859154929577465,0.9210526315789473,0.9771733851384167,True,-0.03017960485890603,0.1041512231282431
3A-0,46,6,frozen_model_1,none,none,0.11753890796621912,0.71,0.6428571428571429,0.2727272727272727,0.3829787234042553,0.7819990954319312,False,0.3495650603619055,0.0
3A-0,46,6,retrained_baseline,none,none,0.11753890796621912,0.88,0.92,0.696969696969697,0.7931034482758621,0.95838986883763,True,0.09776957844417922,0.4101247248716068
3A-0,46,7,frozen_model_1,none,none,0.06680546065385641,0.85,0.8135593220338984,0.9230769230769231,0.8648648648648649,0.9034455128205129,False,-0.1323210810987041,0.0
3A-0,46,7,retrained_baseline,none,none,0.06680546065385641,0.9,0.85,0.9807692307692307,0.9107142857142857,0.9931891025641025,True,-0.019841258994244382,0.045849420849420786
3A-0,46,8,frozen_model_1,none,none,0.0543570023819502,0.74,0.8,0.7457627118644068,0.7719298245614035,0.8410500206696981,False,-0.03938604079524266,0.0
3A-0,46,8,retrained_baseline,none,none,0.0543570023819502,0.86,0.8688524590163934,0.8983050847457628,0.8833333333333333,0.9528730880529144,True,0.007539693386708013,0.11140350877192984
3A-0,46,9,frozen_model_1,none,none,0.11169766293877119,0.81,0.6111111111111112,0.4782608695652174,0.5365853658536586,0.8594014680971203,False,0.19595841791250224,0.0
3A-0,46,9,retrained_baseline,none,none,0.11169766293877119,0.9,0.782608695652174,0.782608695652174,0.782608695652174,0.9695087521174478,True,0.10826433106786737,0.24602332979851538
3A-0,46,10,frozen_model_1,none,none,0.11902534498383592,0.79,0.8378378378378378,0.8732394366197183,0.8551724137931035,0.8372996600291404,False,-0.12262863002694269,0.0
3A-0,46,10,retrained_baseline,none,none,0.11902534498383592,0.93,0.9444444444444444,0.9577464788732394,0.951048951048951,0.9694026226323458,True,-0.060175924328909725,0.09587653725584755
3A-0,46,11,frozen_model_1,none,none,0.06423518888755228,0.8,0.8181818181818182,0.6585365853658537,0.7297297297297297,0.8681273253410501,False,0.0028140540364310906,0.0
3A-0,46,11,retrained_baseline,none,none,0.06423518888755228,0.89,0.875,0.8536585365853658,0.8641975308641975,0.954940057875155,True,0.026675495855843834,0.13446780113446777
3A-0,46,12,frozen_model_1,none,none,0.051728292581716774,0.82,0.8333333333333334,0.7142857142857143,0.7692307692307693,0.9285714285714286,False,-0.03668698546460847,0.0
3A-0,46,12,retrained_baseline,none,none,0.051728292581716774,0.88,0.875,0.8333333333333334,0.8536585365853658,0.9749589490968801,True,0.03721449013467548,0.08442776735459656
3A-0,46,13,frozen_model_1,none,none,0.11282226103669953,0.73,0.821917808219178,0.8108108108108109,0.8163265306122449,0.7746881496881497,False,-0.08378274684608411,0.0
3A-0,46,13,retrained_baseline,none,none,0.11282226103669953,0.84,0.8536585365853658,0.9459459459459459,0.8974358974358975,0.9293139293139294,True,-0.0065628707158561506,0.08110936682365255
3A-0,46,14,frozen_model_1,none,none,0.12242298363858546,0.83,0.9411764705882353,0.5,0.6530612244897959,0.8556985294117647,False,0.07948255927636494,0.0
3A-0,46,14,retrained_baseline,none,none,0.12242298363858546,0.89,0.9565217391304348,0.6875,0.8,0.9636948529411764,True,0.09087302672004127,0.14693877551020418
3A-0,46,15,frozen_model_1,none,none,0.061348385145109874,0.84,0.8135593220338984,0.9056603773584906,0.8571428571428571,0.9265355279004416,False,-0.12459907337669629,0.0
3A-0,46,15,retrained_baseline,none,none,0.061348385145109874,0.9,0.864406779661017,0.9622641509433962,0.9107142857142857,0.9803291850662385,True,-0.019841258994244382,0.0535714285714286
3A-1,42,0,frozen_model_1,covariate,mild,0.11779893137579404,0.87,0.8939393939393939,0.9076923076923077,0.9007633587786259,0.8468131868131868,False,-0.1464743307322356,0.0
3A-1,42,0,retrained_baseline,covariate,mild,0.11779893137579404,0.91,0.9117647058823529,0.9538461538461539,0.9323308270676691,0.9854945054945055,True,-0.02330467502091227,0.03156746828904322
3A-1,42,1,frozen_model_1,covariate,mild,0.10743615559835747,0.79,0.7419354838709677,0.6388888888888888,0.6865671641791045,0.7986111111111112,False,0.06772186386728585,0.0
3A-1,42,1,retrained_baseline,covariate,mild,0.10743615559835747,0.93,0.967741935483871,0.8333333333333334,0.8955223880597015,0.993923611111111,True,0.013503763987055328,0.20895522388059706
3A-1,42,2,frozen_model_1,covariate,mild,0.1818963449970031,0.81,0.8409090909090909,0.9367088607594937,0.8862275449101796,0.8276069921639542,False,-0.13193851686378932,0.0
3A-1,42,2,retrained_baseline,covariate,mild,0.1818963449970031,0.94,0.9506172839506173,0.9746835443037974,0.9625,0.9891500904159132,True,-0.05347384795324317,0.07627245508982039
3A-1,42,3,frozen_model_1,covariate,mild,0.06732356761514767,0.82,0.8444444444444444,0.7755102040816326,0.8085106382978723,0.8613445378151261,False,-0.05422161025148198,0.0
3A-1,42,3,retrained_baseline,covariate,mild,0.06732356761514767,0.9,0.8979591836734694,0.8979591836734694,0.8979591836734694,0.9811924769907964,True,0.011066968373287467,0.0894485453755971
3A-1,42,4,frozen_model_1,covariate,mild,0.05750393740693821,0.8,0.782608695652174,0.782608695652174,0.782608695652174,0.8518518518518519,False,-0.02831966760578364,0.0
3A-1,42,4,retrained_baseline,covariate,mild,0.05750393740693821,0.89,0.8723404255319149,0.8913043478260869,0.8817204301075269,0.9698067632850242,True,0.027305721939229977,0.09911173445535293
3A-1,42,5,frozen_model_1,covariate,mild,0.1805968953756619,0.79,0.8588235294117647,0.8902439024390244,0.874251497005988,0.7682926829268293,False,-0.11996246895959772,0.0
3A-1,42,5,retrained_baseline,covariate,mild,0.1805968953756619,0.91,0.9101123595505618,0.9878048780487805,0.9473684210526315,0.9715447154471545,True,-0.038342269005874674,0.0731169240466435
3A-1,42,6,frozen_model_1,covariate,mild,0.10839711673488388,0.76,0.6428571428571429,0.5625,0.6,0.7941176470588235,False,0.15428902804639033,0.0
3A-1,42,6,retrained_baseline,covariate,mild,0.10839711673488388,0.9,0.8666666666666667,0.8125,0.8387096774193549,0.9756433823529412,True,0.07031647462740198,0.2387096774193549
3A-1,42,7,frozen_model_1,covariate,mild,0.13284501555243516,0.8,0.8115942028985508,0.8888888888888888,0.8484848484848485,0.9126984126984127,False,-0.0941958204384582,0.0
3A-1,42,7,retrained_baseline,covariate,mild,0.13284501555243516,0.9,0.9076923076923077,0.9365079365079365,0.921875,0.9751179751179752,True,-0.012848847953243148,0.07339015151515149
3A-1,42,8,frozen_model_1,covariate,mild,0.11352968233268527,0.83,0.8461538461538461,0.8870967741935484,0.8661417322834646,0.9337860780984719,False,-0.11185270423707427,0.0
3A-1,42,8,retrained_baseline,covariate,mild,0.11352968233268527,0.88,0.9032258064516129,0.9032258064516129,0.9032258064516129,0.9736842105263157,True,0.005800345595143974,0.037084074168148295
3A-1,42,9,frozen_model_1,covariate,mild,0.10887132019860442,0.72,0.7037037037037037,0.48717948717948717,0.5757575757575758,0.7814207650273224,False,0.1785314522888145,0.0
3A-1,42,9,retrained_baseline,covariate,mild,0.10887132019860442,0.88,0.8461538461538461,0.8461538461538461,0.8461538461538461,0.9373686422866752,True,0.06287230589291071,0.27039627039627034
3A-1,42,10,frozen_model_1,covariate,mild,0.18616703005878876,0.86,0.8850574712643678,0.9506172839506173,0.9166666666666666,0.8752436647173488,False,-0.16237763862027632,0.0
3A-1,42,10,retrained_baseline,covariate,mild,0.18616703005878876,0.91,0.9285714285714286,0.9629629629629629,0.9454545454545454,0.9727095516569202,True,-0.036428393407788584,0.028787878787878807
3A-1,42,11,frozen_model_1,covariate,mild,0.06521369878342363,0.8,0.775,0.7380952380952381,0.7560975609756098,0.8608374384236452,False,-0.001808532929219453,0.0
3A-1,42,11,retrained_baseline,covariate,mild,0.06521369878342363,0.88,0.875,0.8333333333333334,0.8536585365853658,0.9651067323481117,True,0.05536761546139102,0.09756097560975607
3A-1,42,12,frozen_model_1,covariate,mild,0.06721101220237947,0.81,0.8888888888888888,0.7407407407407407,0.8080808080808081,0.8776167471819646,False,-0.05379178003441776,0.0
3A-1,42,12,retrained_baseline,covariate,mild,0.06721101220237947,0.85,0.8979591836734694,0.8148148148148148,0.8543689320388349,0.9677938808373591,True,0.05465722000792195,0.04628812395802684
3A-1,42,13,frozen_model_1,covariate,mild,0.17662505060421752,0.87,0.9156626506024096,0.926829268292683,0.9212121212121213,0.8644986449864499,False,-0.16692309316573095,0.0
3A-1,42,13,retrained_baseline,covariate,mild,0.17662505060421752,0.88,0.9166666666666666,0.9390243902439024,0.927710843373494,0.9634146341463414,True,-0.018684691326737113,0.006498722161372705
3A-1,42,14,frozen_model_1,covariate,mild,0.10896531580772661,0.74,0.6333333333333333,0.5588235294117647,0.59375,0.7624777183600713,False,0.1605390280463903,0.0
3A-1,42,14,retrained_baseline,covariate,mild,0.10896531580772661,0.85,0.8064516129032258,0.7352941176470589,0.7692307692307693,0.9389483065953654,True,0.13979538281598758,0.17548076923076927
3A-1,42,15,frozen_model_1,covariate,mild,0.12681425206448274,0.86,0.875,0.9032258064516129,0.8888888888888888,0.887521222410866,False,-0.13459986084249853,0.0
3A-1,42,15,retrained_baseline,covariate,mild,0.12681425206448274,0.92,0.9090909090909091,0.967741935483871,0.9375,0.9719864176570459,True,-0.028473847953243148,0.04861111111111116
3A-1,43,0,frozen_model_1,covariate,mild,0.1169269190971904,0.81,0.90625,0.8169014084507042,0.8592592592592593,0.8805245264691599,False,-0.07715260624895326,0.0
3A-1,43,0,retrained_baseline,covariate,mild,0.1169269190971904,0.98,1.0,0.971830985915493,0.9857142857142858,0.9985429820301117,True,-0.09170235516621528,0.1264550264550265
3A-1,43,1,frozen_model_1,covariate,mild,0.10658552525082503,0.71,0.7142857142857143,0.4878048780487805,0.5797101449275363,0.7912360479537,False,0.20239650808276977,0.0
3A-1,43,1,retrained_baseline,covariate,mild,0.10658552525082503,0.91,0.9705882352941176,0.8048780487804879,0.88,0.9863579991732121,True,0.014011930548070484,0.30028985507246375
3A-1,43,2,frozen_model_1,covariate,mild,0.18058803927071754,0.84,0.8470588235294118,0.96,0.9,0.7834666666666668,False,-0.117893346989694,0.0
3A-1,43,2,retrained_baseline,covariate,mild,0.18058803927071754,0.95,0.9487179487179487,0.9866666666666667,0.9673202614379085,0.9946666666666667,True,-0.07330833088983801,0.06732026143790848
3A-1,43,3,frozen_model_1,covariate,mild,0.06401444481751269,0.83,0.9302325581395349,0.7407407407407407,0.8247422680412371,0.8806360708534622,False,-0.04263561503093105,0.0
3A-1,43,3,retrained_baseline,covariate,mild,0.06401444481751269,0.92,0.96,0.8888888888888888,0.9230769230769231,0.9923510466988729,True,-0.02906499252885264,0.09833465503568606
3A-1,43,4,frozen_model_1,covariate,mild,0.06739223389283096,0.86,0.851063829787234,0.851063829787234,0.851063829787234,0.8823765556001606,False,-0.06895717677692803,0.0
3A-1,43,4,retrained_baseline,covariate,mild,0.06739223389283096,0.9,0.9111111111111111,0.8723404255319149,0.8913043478260869,0.9855479727017262,True,0.00270758272198357,0.04024051803885287
3A-1,43,5,frozen_model_1,covariate,mild,0.17738685730005663,0.83,0.8536585365853658,0.9333333333333333,0.89171974522293,0.7978666666666667,False,-0.10961309221262394,0.0
3A-1,43,5,retrained_baseline,covariate,mild,0.17738685730005663,0.89,0.8809523809523809,0.9866666666666667,0.9308176100628931,0.984,True,-0.03680567951482261,0.03909786483996314
3A-1,43,6,frozen_model_1,covariate,mild,0.11282974308178127,0.75,0.7,0.5675675675675675,0.6268656716417911,0.7237237237237237,False,0.15524098136851494,0.0
3A-1,43,6,retrained_baseline,covariate,mild,0.11282974308178127,0.87,0.8529411764705882,0.7837837837837838,0.8169014084507042,0.9566709566709568,True,0.07711052209736624,0.19003573680891317
3A-1,43,7,frozen_model_1,covariate,mild,0.12810532859865784,0.88,0.8939393939393939,0.921875,0.9076923076923077,0.8480902777777778,False,-0.12558565468200167,0.0
3A-1,43,7,retrained_baseline,covariate,mild,0.12810532859865784,0.89,0.9206349206349206,0.90625,0.9133858267716536,0.9748263888888887,True,-0.019373896223583098,0.005693519079345899
3A-1,43,8,frozen_model_1,covariate,mild,0.11872378118617381,0.76,0.8461538461538461,0.7971014492753623,0.8208955223880597,0.8010752688172043,False,-0.03878886937775372,0.0
3A-1,43,8,retrained_baseline,covariate,mild,0.11872378118617381,0.86,0.8666666666666667,0.9420289855072463,0.9027777777777778,0.9560542309490416,True,-0.008765847229707302,0.08188225538971805
3A-1,43,9,frozen_model_1,covariate,mild,0.10882993960754765,0.75,0.7,0.5675675675675675,0.6268656716417911,0.761904761904762,False,0.15524098136851494,0.0
3A-1,43,9,retrained_baseline,covariate,mild,0.10882993960754765,0.84,0.8,0.7567567567567568,0.7777777777777778,0.9257829257829258,True,0.1162341527702927,0.1509121061359867
3A-1,43,10,frozen_model_1,covariate,mild,0.18893003693680444,0.85,0.8764044943820225,0.9512195121951219,0.9122807017543859,0.8306233062330624,False,-0.1301740487440799,0.0
3A-1,43,10,retrained_baseline,covariate,mild,0.18893003693680444,0.88,0.8977272727272727,0.9634146341463414,0.9294117647058824,0.9579945799457994,True,-0.035399834157811894,0.017131062951496467
3A-1,43,11,frozen_model_1,covariate,mild,0.06341177552148043,0.78,0.813953488372093,0.7142857142857143,0.7608695652173914,0.7959183673469388,False,0.021237087792914666,0.0
3A-1,43,11,retrained_baseline,covariate,mild,0.06341177552148043,0.83,0.8333333333333334,0.8163265306122449,0.8247422680412371,0.9459783913565425,True,0.06926966250683342,0.06387270282384572
3A-1,43,12,frozen_model_1,covariate,mild,0.06511496201648516,0.79,0.875,0.7368421052631579,0.8,0.8412892696858425,False,-0.017893346989694026,0.0
3A-1,43,12,retrained_baseline,covariate,mild,0.06511496201648516,0.83,0.9,0.7894736842105263,0.8411214953271028,0.9445124439004488,True,0.0528904352209677,0.04112149532710274
3A-1,43,13,frozen_model_1,covariate,mild,0.17647799150558216,0.77,0.8518518518518519,0.8625,0.8571428571428571,0.7137500000000001,False,-0.07503620413255108,0.0
3A-1,43,13,retrained_baseline,covariate,mild,0.17647799150558216,0.85,0.8735632183908046,0.95,0.9101796407185628,0.9325,True,-0.016167710170492344,0.05303678357570574
3A-1,43,14,frozen_model_1,covariate,mild,0.11400478039212485,0.73,0.7741935483870968,0.5454545454545454,0.64,0.747564935064935,False,0.142106653010306,0.0
3A-1,43,14,retrained_baseline,covariate,mild,0.11400478039212485,0.86,0.8947368421052632,0.7727272727272727,0.8292682926829268,0.9411525974025974,True,0.0647436378651437,0.18926829268292678
3A-1,43,15,frozen_model_1,covariate,mild,0.12961913760818414,0.85,0.8769230769230769,0.890625,0.8837209302325582,0.8780381944444444,False,-0.10161427722225214,0.0
3A-1,43,15,retrained_baseline,covariate,mild,0.12961913760818414,0.87,0.8805970149253731,0.921875,0.9007633587786259,0.9704861111111112,True,-0.006751428230555412,0.017042428546067745
3A-1,44,0,frozen_model_1,covariate,mild,0.11798679541063699,0.86,0.9117647058823529,0.8857142857142857,0.8985507246376812,0.8716666666666666,False,-0.11941082644888623,0.0
3A-1,44,0,retrained_baseline,covariate,mild,0.11798679541063699,0.97,0.958904109589041,1.0,0.9790209790209791,0.9966666666666667,True,-0.09482939431971926,0.08047025438329791
3A-1,44,1,frozen_model_1,covariate,mild,0.10960478105338083,0.68,0.5526315789473685,0.5833333333333334,0.5675675675675675,0.7510850694444444,False,0.21157233062122738,0.0
3A-1,44,1,retrained_baseline,covariate,mild,0.10960478105338083,0.92,0.9117647058823529,0.8611111111111112,0.8857142857142857,0.9817708333333334,True,-0.0015227010130258734,0.31814671814671813
3A-1,44,2,frozen_model_1,covariate,mild,0.18100637738171874,0.77,0.8,0.918918918918919,0.8553459119496856,0.7453222453222453,False,-0.07620601376089065,0.0
3A-1,44,2,retrained_baseline,covariate,mild,0.18100637738171874,0.97,0.961038961038961,1.0,0.9801324503311258,0.9984407484407484,True,-0.09594086562986603,0.12478653838144027
3A-1,44,3,frozen_model_1,covariate,mild,0.06449664327132935,0.67,0.6875,0.6470588235294118,0.6666666666666666,0.7805122048819527,False,0.11247323152212829,0.0
3A-1,44,3,retrained_baseline,covariate,mild,0.06449664327132935,0.93,0.9583333333333334,0.9019607843137255,0.9292929292929293,0.9775910364145658,True,-0.04510134459166948,0.26262626262626265
3A-1,44,4,frozen_model_1,covariate,mild,0.06554922583873622,0.9,0.9166666666666666,0.88,0.8979591836734694,0.9636,False,-0.11881928548467446,0.0
3A-1,44,4,retrained_baseline,covariate,mild,0.06554922583873622,0.93,0.9215686274509803,0.94,0.9306930693069307,0.9916,True,-0.04650148460567094,0.03273388563346136
3A-1,44,5,frozen_model_1,covariate,mild,0.18344460551283884,0.86,0.8620689655172413,0.974025974025974,0.9146341463414634,0.7936194240542066,False,-0.13549424815266853,0.0
3A-1,44,5,retrained_baseline,covariate,mild,0.18344460551283884,0.87,0.8636363636363636,0.987012987012987,0.9212121212121213,0.9926595143986449,True,-0.03702053651086146,0.00657797487065781
3A-1,44,6,frozen_model_1,covariate,mild,0.1130456469067463,0.77,0.75,0.6585365853658537,0.7012987012987013,0.7335675899131873,False,0.07784119689009361,0.0
3A-1,44,6,retrained_baseline,covariate,mild,0.1130456469067463,0.87,0.9117647058823529,0.7560975609756098,0.8266666666666667,0.9640347250930137,True,0.05752491803459314,0.12536796536796535
3A-1,44,7,frozen_model_1,covariate,mild,0.12874541644564227,0.83,0.8507462686567164,0.890625,0.8702290076335878,0.90234375,False,-0.09108910944479287,0.0
3A-1,44,7,retrained_baseline,covariate,mild,0.12874541644564227,0.91,0.9104477611940298,0.953125,0.9312977099236641,0.9774305555555556,True,-0.047106125222404316,0.06106870229007633
3A-1,44,8,frozen_model_1,covariate,mild,0.11498404250521606,0.81,0.8656716417910447,0.8529411764705882,0.8592592592592593,0.8419117647058822,False,-0.08011936107046436,0.0
3A-1,44,8,retrained_baseline,covariate,mild,0.11498404250521606,0.89,0.9130434782608695,0.9264705882352942,0.9197080291970803,0.9650735294117647,True,-0.035516444495820476,0.060448769937821
3A-1,44,9,frozen_model_1,covariate,mild,0.10797368960093238,0.75,0.6923076923076923,0.675,0.6835443037974683,0.8070833333333333,False,0.09559559439132659,0.0
3A-1,44,9,retrained_baseline,covariate,mild,0.10797368960093238,0.82,0.8235294117647058,0.7,0.7567567567567568,0.9400000000000001,True,0.127434827944503,0.07321245295928847
3A-1,44,10,frozen_model_1,covariate,mild,0.18361547401574196,0.81,0.8488372093023255,0.9240506329113924,0.8848484848484849,0.7127787823990356,False,-0.10570858665968996,0.0
3A-1,44,10,retrained_baseline,covariate,mild,0.18361547401574196,0.89,0.8953488372093024,0.9746835443037974,0.9333333333333333,0.9409282700421941,True,-0.049141748632073545,0.048484848484848464
3A-1,44,11,frozen_model_1,covariate,mild,0.06648132047417575,0.79,0.8297872340425532,0.75,0.7878787878787878,0.826923076923077,False,-0.008738889689992924,0.0
3A-1,44,11,retrained_baseline,covariate,mild,0.06648132047417575,0.84,0.86,0.8269230769230769,0.8431372549019608,0.9579326923076923,True,0.041054329799299016,0.05525846702317294
3A-1,44,12,frozen_model_1,covariate,mild,0.06543478147449878,0.8,0.78,0.8125,0.7959183673469388,0.8527644230769231,False,-0.01677846915814385,0.0
3A-1,44,12,retrained_baseline,covariate,mild,0.06543478147449878,0.87,0.8571428571428571,0.875,0.865979381443299,0.9575320512820513,True,0.018212203257960802,0.07006101409636023
3A-1,44,13,frozen_model_1,covariate,mild,0.17899701262370213,0.81,0.8705882352941177,0.9024390243902439,0.8862275449101796,0.7611788617886179,False,-0.10708764672138471,0.0
3A-1,44,13,retrained_baseline,covariate,mild,0.17899701262370213,0.84,0.8837209302325582,0.926829268292683,0.9047619047619048,0.9369918699186991,True,-0.020570320060644964,0.018534359851725135
3A-1,44,14,frozen_model_1,covariate,mild,0.1103876129950771,0.7,0.6052631578947368,0.6052631578947368,0.6052631578947368,0.7141341256366723,False,0.17387674029405809,0.0
3A-1,44,14,retrained_baseline,covariate,mild,0.1103876129950771,0.85,0.8108108108108109,0.7894736842105263,0.8,0.9376061120543293,True,0.08419158470125976,0.1947368421052632
3A-1,44,15,frozen_model_1,covariate,mild,0.1324486840391067,0.87,0.8732394366197183,0.9393939393939394,0.9051094890510949,0.8836898395721926,False,-0.12596959086229997,0.0
3A-1,44,15,retrained_baseline,covariate,mild,0.1324486840391067,0.93,0.9402985074626866,0.9545454545454546,0.9473684210526315,0.9786096256684492,True,-0.06317683635137172,0.04225893200153663
3A-1,45,0,frozen_model_1,covariate,mild,0.11319424025344658,0.78,0.8157894736842105,0.8857142857142857,0.8493150684931506,0.8830952380952382,False,-0.10195972954566712,0.0
3A-1,45,0,retrained_baseline,covariate,mild,0.11319424025344658,0.97,1.0,0.9571428571428572,0.9781021897810219,0.9985714285714286,True,-0.07556522237657914,0.1287871212878713
3A-1,45,1,frozen_model_1,covariate,mild,0.10473030515543907,0.71,0.6410256410256411,0.625,0.6329113924050633,0.82375,False,0.11444394654242018,0.0
3A-1,45,1,retrained_baseline,covariate,mild,0.10473030515543907,0.96,0.9736842105263158,0.925,0.9487179487179487,0.9970833333333332,True,-0.0461809813135059,0.31580655631288534
3A-1,45,2,frozen_model_1,covariate,mild,0.18772495933875133,0.8,0.8255813953488372,0.9342105263157895,0.8765432098765432,0.7968749999999999,False,-0.1291878709290597,0.0
3A-1,45,2,retrained_baseline,covariate,mild,0.18772495933875133,0.93,0.9367088607594937,0.9736842105263158,0.9548387096774194,0.9879385964912281,True,-0.05230174227297657,0.07829549980087613
3A-1,45,3,frozen_model_1,covariate,mild,0.06775798184282776,0.82,0.8297872340425532,0.7959183673469388,0.8125,0.8683473389355743,False,-0.06514466105251648,0.0
3A-1,45,3,retrained_baseline,covariate,mild,0.06775798184282776,0.96,1.0,0.9183673469387755,0.9574468085106383,0.9979991996798719,True,-0.05490984110619557,0.14494680851063835
3A-1,45,4,frozen_model_1,covariate,mild,0.06468324772908714,0.85,0.8043478260869565,0.8604651162790697,0.8314606741573034,0.8714810281517749,False,-0.08410533520981989,0.0
3A-1,45,4,retrained_baseline,covariate,mild,0.06468324772908714,0.89,0.8478260869565217,0.9069767441860465,0.8764044943820225,0.9779681762545901,True,0.026132473022420277,0.0449438202247191
3A-1,45,5,frozen_model_1,covariate,mild,0.17639305160689664,0.85,0.8817204301075269,0.9534883720930233,0.9162011173184358,0.7163621262458472,False,-0.16884577837095227,0.0
3A-1,45,5,retrained_baseline,covariate,mild,0.17639305160689664,0.93,0.9340659340659341,0.9883720930232558,0.96045197740113,0.9759136212624585,True,-0.057915009996687195,0.04425086008269419
3A-1,45,6,frozen_model_1,covariate,mild,0.11174443254482798,0.67,0.5526315789473685,0.5675675675675675,0.56,0.7492492492492493,False,0.18735533894748346,0.0
3A-1,45,6,retrained_baseline,covariate,mild,0.11174443254482798,0.89,0.8421052631578947,0.8648648648648649,0.8533333333333334,0.954096954096954,True,0.04920363407110939,0.29333333333333333
3A-1,45,7,frozen_model_1,covariate,mild,0.13426917783293138,0.78,0.8636363636363636,0.8142857142857143,0.8382352941176471,0.8283333333333334,False,-0.09087995517016356,0.0
3A-1,45,7,retrained_baseline,covariate,mild,0.13426917783293138,0.87,0.9253731343283582,0.8857142857142857,0.9051094890510949,0.9623809523809523,True,-0.002572521646652115,0.06687419493344782
3A-1,45,8,frozen_model_1,covariate,mild,0.11912604654979919,0.83,0.8243243243243243,0.9384615384615385,0.8776978417266187,0.847032967032967,False,-0.13034250277913517,0.0
3A-1,45,8,retrained_baseline,covariate,mild,0.11912604654979919,0.94,0.927536231884058,0.9846153846153847,0.9552238805970149,0.9854945054945055,True,-0.05268691319257213,0.07752603887039622
3A-1,45,9,frozen_model_1,covariate,mild,0.10763134794000757,0.78,0.7631578947368421,0.6904761904761905,0.725,0.883415435139573,False,0.02235533894748354,0.0
3A-1,45,9,retrained_baseline,covariate,mild,0.10763134794000757,0.94,0.9736842105263158,0.8809523809523809,0.925,0.9802955665024631,True,-0.022463032595557264,0.20000000000000007
3A-1,45,10,frozen_model_1,covariate,mild,0.18053600307470427,0.84,0.872093023255814,0.9375,0.9036144578313253,0.7615624999999999,False,-0.1562591188838418,0.0
3A-1,45,10,retrained_baseline,covariate,mild,0.18053600307470427,0.88,0.8953488372093024,0.9625,0.927710843373494,0.948125,True,-0.025173875969051185,0.02409638554216864
3A-1,45,11,frozen_model_1,covariate,mild,0.06090276797870017,0.86,0.9069767441860465,0.7959183673469388,0.8478260869565217,0.9095638255302121,False,-0.10047074800903821,0.0
3A-1,45,11,retrained_baseline,covariate,mild,0.06090276797870017,0.89,0.9130434782608695,0.8571428571428571,0.8842105263157894,0.9775910364145658,True,0.018326441088653334,0.03638443935926772
3A-1,45,12,frozen_model_1,covariate,mild,0.06302759434893003,0.87,0.82,0.9111111111111111,0.8631578947368421,0.8858585858585858,False,-0.11580255578935861,0.0
3A-1,45,12,retrained_baseline,covariate,mild,0.06302759434893003,0.88,0.851063829787234,0.8888888888888888,0.8695652173913043,0.9684848484848485,True,0.03297175001313846,0.0064073226544622
3A-1,45,13,frozen_model_1,covariate,mild,0.1811673152659523,0.75,0.7849462365591398,0.9358974358974359,0.8538011695906432,0.7109557109557109,False,-0.10644583064315971,0.0
3A-1,45,13,retrained_baseline,covariate,mild,0.1811673152659523,0.84,0.8604651162790697,0.9487179487179487,0.9024390243902439,0.9551282051282051,True,9.794301419885354e-05,0.0486378547996007
3A-1,45,14,frozen_model_1,covariate,mild,0.10879643704325909,0.75,0.7567567567567568,0.6363636363636364,0.691358024691358,0.8453733766233766,False,0.05599731425612553,0.0
3A-1,45,14,retrained_baseline,covariate,mild,0.10879643704325909,0.9,0.925,0.8409090909090909,0.8809523809523809,0.963474025974026,True,0.02158458645206185,0.18959435626102294
3A-1,45,15,frozen_model_1,covariate,mild,0.12942828617036048,0.8,0.8571428571428571,0.8307692307692308,0.84375,0.8331868131868132,False,-0.09639466105251648,0.0
3A-1,45,15,retrained_baseline,covariate,mild,0.12942828617036048,0.87,0.8823529411764706,0.9230769230769231,0.9022556390977443,0.9516483516483517,True,0.00028132830669846953,0.05850563909774431
3A-1,46,0,frozen_model_1,covariate,mild,0.11605890880934504,0.86,0.9253731343283582,0.8732394366197183,0.8985507246376812,0.9242350655658086,False,-0.16600694087152035,0.0
3A-1,46,0,retrained_baseline,covariate,mild,0.11605890880934504,0.98,0.9726027397260274,1.0,0.9861111111111112,0.9970859640602234,True,-0.09523808439106984,0.08756038647343001
3A-1,46,1,frozen_model_1,covariate,mild,0.10510529077187225,0.79,0.7931034482758621,0.6052631578947368,0.6865671641791045,0.8374363327674024,False,0.045976619587056344,0.0
3A-1,46,1,retrained_baseline,covariate,mild,0.10510529077187225,0.96,0.9722222222222222,0.9210526315789473,0.9459459459459459,0.9966044142614601,True,-0.055072919225904626,0.2593787817668415
3A-1,46,2,frozen_model_1,covariate,mild,0.1840750567464998,0.83,0.896551724137931,0.9069767441860465,0.9017341040462428,0.7063953488372092,False,-0.16919032028008196,0.0
3A-1,46,2,retrained_baseline,covariate,mild,0.1840750567464998,0.9,0.9042553191489362,0.9883720930232558,0.9444444444444444,0.9817275747508305,True,-0.0535714177244031,0.04271034039820165
3A-1,46,3,frozen_model_1,covariate,mild,0.06837957365916189,0.77,0.7755102040816326,0.76,0.7676767676767676,0.8278,False,-0.03513298391060682,0.0
3A-1,46,3,retrained_baseline,covariate,mild,0.06837957365916189,0.89,0.9148936170212766,0.86,0.8865979381443299,0.9652,True,0.004275088575711461,0.11892117046756223
3A-1,46,4,frozen_model_1,covariate,mild,0.06247985296351701,0.88,0.8571428571428571,0.8936170212765957,0.875,0.9036531513448415,False,-0.1424562162338392,0.0
3A-1,46,4,retrained_baseline,covariate,mild,0.06247985296351701,0.89,0.875,0.8936170212765957,0.8842105263157894,0.9863508631071859,True,0.00666250040425187,0.009210526315789447
3A-1,46,5,frozen_model_1,covariate,mild,0.1818900461784815,0.84,0.8928571428571429,0.9146341463414634,0.9036144578313253,0.8075880758807589,False,-0.17107067406516452,0.0
3A-1,46,5,retrained_baseline,covariate,mild,0.1818900461784815,0.93,0.9310344827586207,0.9878048780487805,0.9585798816568047,0.978319783197832,True,-0.06770685493676343,0.05496542382547942
3A-1,46,6,frozen_model_1,covariate,mild,0.11095811247385984,0.69,0.65625,0.5121951219512195,0.5753424657534246,0.7011161637040099,False,0.15720131801273618,0.0
3A-1,46,6,retrained_baseline,covariate,mild,0.11095811247385984,0.85,0.8095238095238095,0.8292682926829268,0.8192771084337349,0.9367507234394377,True,0.0715959182863064,0.2439346426803103
3A-1,46,7,frozen_model_1,covariate,mild,0.12997849136031625,0.87,0.90625,0.8923076923076924,0.8992248062015504,0.9221978021978021,False,-0.16668102243538963,0.0
3A-1,46,7,retrained_baseline,covariate,mild,0.12997849136031625,0.93,0.9393939393939394,0.9538461538461539,0.9465648854961832,0.9872527472527473,True,-0.05569185877614191,0.0473400792946328
3A-1,46,8,frozen_model_1,covariate,mild,0.11852096992186527,0.76,0.8412698412698413,0.7910447761194029,0.8153846153846154,0.7835820895522388,False,-0.08284083161845457,0.0
3A-1,46,8,retrained_baseline,covariate,mild,0.11852096992186527,0.88,0.9104477611940298,0.9104477611940298,0.9104477611940298,0.942107643600181,True,-0.019574734473988498,0.09506314580941444
3A-1,46,9,frozen_model_1,covariate,mild,0.10628349110511548,0.69,0.6785714285714286,0.4634146341463415,0.5507246376811594,0.7486564696155436,False,0.18181914608500138,0.0
3A-1,46,9,retrained_baseline,covariate,mild,0.10628349110511548,0.85,0.8611111111111112,0.7560975609756098,0.8051948051948052,0.9280694501860274,True,0.08567822152523608,0.2544701675136458
3A-1,46,10,frozen_model_1,covariate,mild,0.18035600758853546,0.77,0.7976190476190477,0.9178082191780822,0.8535031847133758,0.7904616945712836,False,-0.12095940094721502,0.0
3A-1,46,10,retrained_baseline,covariate,mild,0.18035600758853546,0.84,0.8352941176470589,0.9726027397260274,0.8987341772151899,0.9654997463216641,True,-0.007861150495148572,0.04523099250181406
3A-1,46,11,frozen_model_1,covariate,mild,0.06596514436693562,0.78,0.7346938775510204,0.8,0.7659574468085106,0.8654545454545455,False,-0.03341366304234983,0.0
3A-1,46,11,retrained_baseline,covariate,mild,0.06596514436693562,0.9,0.8301886792452831,0.9777777777777777,0.8979591836734694,0.9696969696969697,True,-0.007086156953428069,0.13200173686495875
3A-1,46,12,frozen_model_1,covariate,mild,0.06631544735878821,0.83,0.8695652173913043,0.7843137254901961,0.8247422680412371,0.895358143257303,False,-0.09219848427507626,0.0
3A-1,46,12,retrained_baseline,covariate,mild,0.06631544735878821,0.87,0.88,0.8627450980392157,0.8712871287128713,0.971188475390156,True,0.019585898007170033,0.046544860671634214
3A-1,46,13,frozen_model_1,covariate,mild,0.1762112809818246,0.79,0.8641975308641975,0.875,0.8695652173913043,0.65625,False,-0.13702143362514352,0.0
3A-1,46,13,retrained_baseline,covariate,mild,0.1762112809818246,0.84,0.8555555555555555,0.9625,0.9058823529411765,0.9150000000000001,True,-0.015009326221135155,0.03631713554987215
3A-1,46,14,frozen_model_1,covariate,mild,0.11472636847922653,0.72,0.6285714285714286,0.5945945945945946,0.6111111111111112,0.767910767910768,False,0.12143267265504964,0.0
3A-1,46,14,retrained_baseline,covariate,mild,0.11472636847922653,0.85,0.7894736842105263,0.8108108108108109,0.8,0.9270699270699272,True,0.09087302672004127,0.18888888888888888
3A-1,46,15,frozen_model_1,covariate,mild,0.12745341710057645,0.88,0.9104477611940298,0.9104477611940298,0.9104477611940298,0.8950701040253279,False,-0.177903977427869,0.0
3A-1,46,15,retrained_baseline,covariate,mild,0.12745341710057645,0.9,0.9253731343283582,0.9253731343283582,0.9253731343283582,0.9742198100407056,True,-0.0345001076083169,0.014925373134328401
3A-2,42,0,frozen_model_1,covariate,moderate,0.19371149162469628,0.88,0.9315068493150684,0.9066666666666666,0.918918918918919,0.8682666666666666,False,-0.16462989087252866,0.0
3A-2,42,0,retrained_baseline,covariate,moderate,0.19371149162469628,0.97,0.9615384615384616,1.0,0.9803921568627451,0.992,True,-0.0713660048159882,0.06147323794382609
3A-2,42,1,frozen_model_1,covariate,moderate,0.1224812541154033,0.69,0.6923076923076923,0.7058823529411765,0.6990291262135923,0.7939175670268107,False,0.05525990183279805,0.0
3A-2,42,1,retrained_baseline,covariate,moderate,0.1224812541154033,0.95,0.9791666666666666,0.9215686274509803,0.9494949494949495,0.9975990396158463,True,-0.04046879744819265,0.25046582328135725
3A-2,42,2,frozen_model_1,covariate,moderate,0.2566067834941244,0.87,0.9021739130434783,0.9540229885057471,0.9273743016759777,0.8045977011494253,False,-0.17308527362958737,0.0
3A-2,42,2,retrained_baseline,covariate,moderate,0.2566067834941244,0.92,0.9247311827956989,0.9885057471264368,0.9555555555555556,0.9876215738284704,True,-0.04652940350879875,0.028181253879577928
3A-2,42,3,frozen_model_1,covariate,moderate,0.12200547621729559,0.8,0.8679245283018868,0.7796610169491526,0.8214285714285714,0.87474162877222,False,-0.06713954338218109,0.0
3A-2,42,3,retrained_baseline,covariate,moderate,0.12200547621729559,0.95,0.95,0.9661016949152542,0.957983193277311,0.9838776353865233,True,-0.04895704123055411,0.13655462184873957
3A-2,42,4,frozen_model_1,covariate,moderate,0.12585682239748597,0.78,0.8518518518518519,0.7666666666666667,0.8070175438596491,0.8604166666666667,False,-0.05272851581325877,0.0
3A-2,42,4,retrained_baseline,covariate,moderate,0.12585682239748597,0.91,0.9322033898305084,0.9166666666666666,0.9243697478991597,0.9725,True,-0.015343595852402858,0.11735220403951063
3A-2,42,5,frozen_model_1,covariate,moderate,0.2530577034655015,0.92,0.946236559139785,0.967032967032967,0.9565217391304348,0.7484737484737485,False,-0.2022327110840445,0.0
3A-2,42,5,retrained_baseline,covariate,moderate,0.2530577034655015,0.97,0.9680851063829787,1.0,0.9837837837837838,0.9804639804639805,True,-0.07475763173702699,0.027262044653349027
3A-2,42,6,frozen_model_1,covariate,moderate,0.12549669313411074,0.75,0.7727272727272727,0.6938775510204082,0.7311827956989247,0.7735094037615046,False,0.02310623234746556,0.0
3A-2,42,6,retrained_baseline,covariate,moderate,0.12549669313411074,0.85,0.84,0.8571428571428571,0.8484848484848485,0.9563825530212084,True,0.060541303561908344,0.11730205278592376
3A-2,42,7,frozen_model_1,covariate,moderate,0.21045188312442212,0.84,0.8888888888888888,0.8888888888888888,0.8888888888888888,0.8908730158730158,False,-0.13459986084249853,0.0
3A-2,42,7,retrained_baseline,covariate,moderate,0.21045188312442212,0.91,0.9436619718309859,0.9305555555555556,0.9370629370629371,0.9682539682539683,True,-0.028036785016180232,0.048174048174048245
3A-2,42,8,frozen_model_1,covariate,moderate,0.19115814722988167,0.81,0.9014084507042254,0.8421052631578947,0.8707482993197279,0.8914473684210527,False,-0.11645927127333755,0.0
3A-2,42,8,retrained_baseline,covariate,moderate,0.19115814722988167,0.94,0.972972972972973,0.9473684210526315,0.96,0.9824561403508772,True,-0.05097384795324311,0.0892517006802721
3A-2,42,9,frozen_model_1,covariate,moderate,0.12586652803288842,0.78,0.8043478260869565,0.74,0.7708333333333334,0.834,False,-0.016544305286943062,0.0
3A-2,42,9,retrained_baseline,covariate,moderate,0.12586652803288842,0.9,0.8846153846153846,0.92,0.9019607843137255,0.9724,True,0.007065367733031347,0.13112745098039214
3A-2,42,10,frozen_model_1,covariate,moderate,0.25821093299766457,0.85,0.9090909090909091,0.9195402298850575,0.9142857142857143,0.8664898320070733,False,-0.15999668623932395,0.0
3A-2,42,10,retrained_baseline,covariate,moderate,0.25821093299766457,0.94,0.9354838709677419,1.0,0.9666666666666667,0.9876215738284704,True,-0.05764051461990982,0.05238095238095242
3A-2,42,11,frozen_model_1,covariate,moderate,0.12399994689580861,0.81,0.8518518518518519,0.8070175438596491,0.8288288288288288,0.8698490412076703,False,-0.07453980078243849,0.0
3A-2,42,11,retrained_baseline,covariate,moderate,0.12399994689580861,0.87,0.8928571428571429,0.8771929824561403,0.8849557522123894,0.9665442676458589,True,0.02407039983436743,0.05612692338356062
3A-2,42,12,frozen_model_1,covariate,moderate,0.13192260049173113,0.76,0.8653846153846154,0.7258064516129032,0.7894736842105263,0.8051782682512733,False,-0.03518465616413602,0.0
3A-2,42,12,retrained_baseline,covariate,moderate,0.13192260049173113,0.82,0.9074074074074074,0.7903225806451613,0.8448275862068966,0.9533106960950763,True,0.06419856583986028,0.05535390199637025
3A-2,42,13,frozen_model_1,covariate,moderate,0.24943070610536855,0.87,0.9222222222222223,0.9325842696629213,0.9273743016759777,0.8947906026557712,False,-0.17308527362958737,0.0
3A-2,42,13,retrained_baseline,covariate,moderate,0.24943070610536855,0.97,0.967391304347826,1.0,0.9834254143646409,0.982635342185904,True,-0.07439926231788407,0.05605111268866325
3A-2,42,14,frozen_model_1,covariate,moderate,0.12390218550733856,0.72,0.813953488372093,0.6363636363636364,0.7142857142857143,0.7894949494949495,False,0.04000331376067601,0.0
3A-2,42,14,retrained_baseline,covariate,moderate,0.12390218550733856,0.83,0.8275862068965517,0.8727272727272727,0.8495575221238938,0.9276767676767677,True,0.05946862992286306,0.1352718078381795
3A-2,42,15,frozen_model_1,covariate,moderate,0.2040582977208428,0.88,0.927536231884058,0.9014084507042254,0.9142857142857143,0.943661971830986,False,-0.15999668623932395,0.0
3A-2,42,15,retrained_baseline,covariate,moderate,0.2040582977208428,0.93,0.9444444444444444,0.9577464788732394,0.951048951048951,0.9883438562408936,True,-0.04202279900219419,0.036763236763236784
3A-2,43,0,frozen_model_1,covariate,moderate,0.191261665940845,0.8,0.927536231884058,0.810126582278481,0.8648648648648649,0.8670886075949367,False,-0.0827582118545589,0.0
3A-2,43,0,retrained_baseline,covariate,moderate,0.191261665940845,0.99,0.9875,1.0,0.9937106918238994,0.9993972272453284,True,-0.09969876127582888,0.12884582695903446
3A-2,43,1,frozen_model_1,covariate,moderate,0.12152450818028293,0.68,0.7441860465116279,0.6037735849056604,0.6666666666666666,0.7749899638699318,False,0.11543998634363939,0.0
3A-2,43,1,retrained_baseline,covariate,moderate,0.12152450818028293,0.93,0.9259259259259259,0.9433962264150944,0.9345794392523364,0.9779205138498595,True,-0.04056750870426595,0.2679127725856698
3A-2,43,2,frozen_model_1,covariate,moderate,0.25261014983124547,0.84,0.8421052631578947,0.9876543209876543,0.9090909090909091,0.7387914230019493,False,-0.12698425608060304,0.0
3A-2,43,2,retrained_baseline,covariate,moderate,0.25261014983124547,0.93,0.9204545454545454,1.0,0.9585798816568047,0.9993502274204029,True,-0.06456795110873426,0.049488972565895684
3A-2,43,3,frozen_model_1,covariate,moderate,0.11687459775453951,0.82,0.9411764705882353,0.7619047619047619,0.8421052631578947,0.8790218790218791,False,-0.05999861014758867,0.0
3A-2,43,3,retrained_baseline,covariate,moderate,0.11687459775453951,0.97,0.96875,0.9841269841269841,0.9763779527559056,0.9957099957099956,True,-0.08236602220783507,0.13427268959801086
3A-2,43,4,frozen_model_1,covariate,moderate,0.13040980695440876,0.88,0.9056603773584906,0.8727272727272727,0.8888888888888888,0.921010101010101,False,-0.10678223587858282,0.0
3A-2,43,4,retrained_baseline,covariate,moderate,0.13040980695440876,0.92,0.9433962264150944,0.9090909090909091,0.9259259259259259,0.9854545454545454,True,-0.03191399537785544,0.03703703703703709
3A-2,43,5,frozen_model_1,covariate,moderate,0.2474861596848725,0.85,0.9090909090909091,0.9195402298850575,0.9142857142857143,0.7091069849690539,False,-0.13217906127540824,0.0
3A-2,43,5,retrained_baseline,covariate,moderate,0.2474861596848725,0.91,0.9148936170212766,0.9885057471264368,0.9502762430939227,0.9849690539345712,True,-0.05626431254585218,0.03599052880820841
3A-2,43,6,frozen_model_1,covariate,moderate,0.12530519194614545,0.8,0.8604651162790697,0.7254901960784313,0.7872340425531915,0.8319327731092436,False,-0.0051273895428854965,0.0
3A-2,43,6,retrained_baseline,covariate,moderate,0.12530519194614545,0.91,0.9038461538461539,0.9215686274509803,0.912621359223301,0.9719887955182073,True,-0.01860942867523052,0.1253873166701095
3A-2,43,7,frozen_model_1,covariate,moderate,0.20337766687524317,0.86,0.8888888888888888,0.9142857142857143,0.9014084507042254,0.9071428571428571,False,-0.11930179769391935,0.0
3A-2,43,7,retrained_baseline,covariate,moderate,0.20337766687524317,0.9,0.9166666666666666,0.9428571428571428,0.9295774647887324,0.9780952380952381,True,-0.03556553424066189,0.028169014084507005
3A-2,43,8,frozen_model_1,covariate,moderate,0.19582933611611875,0.77,0.9130434782608695,0.7875,0.8456375838926175,0.8537500000000001,False,-0.06353093088231143,0.0
3A-2,43,8,retrained_baseline,covariate,moderate,0.19582933611611875,0.94,0.9302325581395349,1.0,0.963855421686747,0.9781249999999999,True,-0.0698434911386765,0.11821783779412953
3A-2,43,9,frozen_model_1,covariate,moderate,0.12328660742381026,0.73,0.75,0.6,0.6666666666666666,0.7967676767676768,False,0.11543998634363939,0.0
3A-2,43,9,retrained_baseline,covariate,moderate,0.12328660742381026,0.88,0.851063829787234,0.8888888888888888,0.8695652173913043,0.9462626262626262,True,0.024446713156766164,0.2028985507246377
3A-2,43,10,frozen_model_1,covariate,moderate,0.258775052837639,0.93,0.925531914893617,1.0,0.9613259668508287,0.887709991158267,False,-0.1792193138405227,0.0
3A-2,43,10,retrained_baseline,covariate,moderate,0.258775052837639,0.94,0.9354838709677419,1.0,0.9666666666666667,0.9849690539345712,True,-0.07265473611859619,0.005340699815837957
3A-2,43,11,frozen_model_1,covariate,moderate,0.12085090205790426,0.7,0.86,0.6515151515151515,0.7413793103448276,0.8016934046345812,False,0.040727342665478394,0.0
3A-2,43,11,retrained_baseline,covariate,moderate,0.12085090205790426,0.86,0.8939393939393939,0.8939393939393939,0.8939393939393939,0.9496434937611409,True,7.253660867656553e-05,0.1525600835945663
3A-2,43,12,frozen_model_1,covariate,moderate,0.1293243841867531,0.8,0.9230769230769231,0.75,0.8275862068965517,0.861111111111111,False,-0.045479553886245694,0.0
3A-2,43,12,retrained_baseline,covariate,moderate,0.1293243841867531,0.91,0.9365079365079365,0.921875,0.9291338582677166,0.9700520833333334,True,-0.03512192771964606,0.10154765137116484
3A-2,43,13,frozen_model_1,covariate,moderate,0.24669774705364023,0.85,0.9090909090909091,0.9195402298850575,0.9142857142857143,0.7524314765694076,False,-0.13217906127540824,0.0
3A-2,43,13,retrained_baseline,covariate,moderate,0.24669774705364023,0.93,0.925531914893617,1.0,0.9613259668508287,0.9602122015915119,True,-0.06731403630275823,0.04704025256511446
3A-2,43,14,frozen_model_1,covariate,moderate,0.12920560329920228,0.74,0.8809523809523809,0.6379310344827587,0.74,0.810344827586207,False,0.04210665301030603,0.0
3A-2,43,14,retrained_baseline,covariate,moderate,0.12920560329920228,0.87,0.8947368421052632,0.8793103448275862,0.8869565217391304,0.9630541871921183,True,0.007055408808940067,0.14695652173913043
3A-2,43,15,frozen_model_1,covariate,moderate,0.20309587669515197,0.83,0.875,0.8873239436619719,0.8811188811188811,0.8761534725594948,False,-0.09901222810857513,0.0
3A-2,43,15,retrained_baseline,covariate,moderate,0.20309587669515197,0.89,0.9054054054054054,0.9436619718309859,0.9241379310344827,0.9601748421563866,True,-0.03012600048641223,0.04301904991560157
3A-2,44,0,frozen_model_1,covariate,moderate,0.1920634836796978,0.89,0.9620253164556962,0.9047619047619048,0.9325153374233128,0.9196428571428571,False,-0.1533754392345179,0.0
3A-2,44,0,retrained_baseline,covariate,moderate,0.1920634836796978,0.99,0.9882352941176471,1.0,0.9940828402366864,0.9992559523809523,True,-0.10989125553542656,0.06156750281337353
3A-2,44,1,frozen_model_1,covariate,moderate,0.12316586536930123,0.74,0.7692307692307693,0.7407407407407407,0.7547169811320755,0.8015297906602253,False,0.024422917056719395,0.0
3A-2,44,1,retrained_baseline,covariate,moderate,0.12316586536930123,0.96,0.9629629629629629,0.9629629629629629,0.9629629629629629,0.9935587761674718,True,-0.0787713782617031,0.20824598183088738
3A-2,44,2,frozen_model_1,covariate,moderate,0.25271441321231247,0.94,0.9361702127659575,1.0,0.967032967032967,0.8276515151515151,False,-0.18789306884417212,0.0
3A-2,44,2,retrained_baseline,covariate,moderate,0.25271441321231247,0.96,0.9565217391304348,1.0,0.9777777777777777,1.0,True,-0.09358619307651794,0.010744810744810707
3A-2,44,3,frozen_model_1,covariate,moderate,0.11608103169811641,0.7,0.7796610169491526,0.7301587301587301,0.7540983606557377,0.7516087516087516,False,0.025041537533057268,0.0
3A-2,44,3,retrained_baseline,covariate,moderate,0.11608103169811641,0.9,0.9206349206349206,0.9206349206349206,0.9206349206349206,0.9742599742599743,True,-0.03644333593366078,0.16653655997918293
3A-2,44,4,frozen_model_1,covariate,moderate,0.13298178779925143,0.82,0.8596491228070176,0.8305084745762712,0.8448275862068966,0.8904505994212485,False,-0.06568768801810165,0.0
3A-2,44,4,retrained_baseline,covariate,moderate,0.13298178779925143,0.89,0.8870967741935484,0.9322033898305084,0.9090909090909091,0.971889210417528,True,-0.024899324389649258,0.06426332288401249
3A-2,44,5,frozen_model_1,covariate,moderate,0.2533442123532266,0.92,0.9456521739130435,0.9666666666666667,0.9560439560439561,0.9044444444444445,False,-0.17690405785516117,0.0
3A-2,44,5,retrained_baseline,covariate,moderate,0.2533442123532266,0.96,0.9574468085106383,1.0,0.9782608695652174,0.991111111111111,True,-0.0940692848639576,0.022216913521261317
3A-2,44,6,frozen_model_1,covariate,moderate,0.125977759165227,0.68,0.75,0.6724137931034483,0.7090909090909091,0.7023809523809524,False,0.07004898909788582,0.0
3A-2,44,6,retrained_baseline,covariate,moderate,0.125977759165227,0.87,0.8688524590163934,0.9137931034482759,0.8907563025210085,0.9548440065681445,True,-0.0065647178197486555,0.18166539343009935
3A-2,44,7,frozen_model_1,covariate,moderate,0.20329076192405915,0.91,0.9113924050632911,0.972972972972973,0.9411764705882353,0.9298336798336799,False,-0.16203657239944036,0.0
3A-2,44,7,retrained_baseline,covariate,moderate,0.20329076192405915,0.98,0.9864864864864865,0.9864864864864865,0.9864864864864865,0.9958419958419958,True,-0.10229490178522671,0.04531001589825123
3A-2,44,8,frozen_model_1,covariate,moderate,0.19168417452672104,0.84,0.9452054794520548,0.8518518518518519,0.8961038961038961,0.9054580896686161,False,-0.11696399791510115,0.0
3A-2,44,8,retrained_baseline,covariate,moderate,0.19168417452672104,0.92,0.9397590361445783,0.9629629629629629,0.9512195121951219,0.9759584145549058,True,-0.0670279274938621,0.05511561609122584
3A-2,44,9,frozen_model_1,covariate,moderate,0.12454682825300138,0.74,0.7547169811320755,0.7547169811320755,0.7547169811320755,0.7980730630268968,False,0.024422917056719395,0.0
3A-2,44,9,retrained_baseline,covariate,moderate,0.12454682825300138,0.84,0.8490566037735849,0.8490566037735849,0.8490566037735849,0.9241268566840626,True,0.035134980927674864,0.09433962264150941
3A-2,44,10,frozen_model_1,covariate,moderate,0.25188379523537563,0.91,0.9072164948453608,1.0,0.9513513513513514,0.7054924242424243,False,-0.17221145316255648,0.0
3A-2,44,10,retrained_baseline,covariate,moderate,0.25188379523537563,0.93,0.9263157894736842,1.0,0.9617486338797814,0.9933712121212122,True,-0.07755704917852158,0.010397282528429974
3A-2,44,11,frozen_model_1,covariate,moderate,0.12205213973334801,0.76,0.7894736842105263,0.7894736842105263,0.7894736842105263,0.8204814361485108,False,-0.010333786021731406,0.0
3A-2,44,11,retrained_baseline,covariate,moderate,0.12205213973334801,0.85,0.85,0.8947368421052632,0.8717948717948718,0.9473684210526315,True,0.012396712906387997,0.08232118758434548
3A-2,44,12,frozen_model_1,covariate,moderate,0.12668210724089815,0.86,0.9298245614035088,0.8412698412698413,0.8833333333333333,0.9043329043329044,False,-0.10419343514453838,0.0
3A-2,44,12,retrained_baseline,covariate,moderate,0.12668210724089815,0.89,0.9333333333333333,0.8888888888888888,0.9105691056910569,0.9815529815529815,True,-0.026377520989797065,0.027235772357723564
3A-2,44,13,frozen_model_1,covariate,moderate,0.2490974611223973,0.86,0.9032258064516129,0.9438202247191011,0.9230769230769231,0.7308478038815117,False,-0.1439370248881282,0.0
3A-2,44,13,retrained_baseline,covariate,moderate,0.2490974611223973,0.9,0.9072164948453608,0.9887640449438202,0.946236559139785,0.9397344228804904,True,-0.06204497443852519,0.023159636062861866
3A-2,44,14,frozen_model_1,covariate,moderate,0.12327308286731871,0.74,0.7457627118644068,0.8,0.7719298245614035,0.7549494949494949,False,0.007210073627391456,0.0
3A-2,44,14,retrained_baseline,covariate,moderate,0.12327308286731871,0.84,0.8305084745762712,0.8909090909090909,0.8596491228070176,0.9090909090909092,True,0.02454246189424225,0.08771929824561409
3A-2,44,15,frozen_model_1,covariate,moderate,0.20875738304421163,0.9,0.9,0.972972972972973,0.935064935064935,0.9267151767151767,False,-0.15592503687614012,0.0
3A-2,44,15,retrained_baseline,covariate,moderate,0.20875738304421163,0.92,0.9230769230769231,0.972972972972973,0.9473684210526315,0.9807692307692307,True,-0.06317683635137172,0.012303485987696483
3A-2,45,0,frozen_model_1,covariate,moderate,0.1886546118708633,0.81,0.8658536585365854,0.8987341772151899,0.8819875776397516,0.8354430379746836,False,-0.13463223869226804,0.0
3A-2,45,0,retrained_baseline,covariate,moderate,0.1886546118708633,1.0,1.0,1.0,1.0,1.0,True,-0.09746303259555722,0.11801242236024845
3A-2,45,1,frozen_model_1,covariate,moderate,0.11879510123133226,0.77,0.7777777777777778,0.7924528301886793,0.7850467289719626,0.8175431553592933,False,-0.03769139002447908,0.0
3A-2,45,1,retrained_baseline,covariate,moderate,0.11879510123133226,0.98,1.0,0.9622641509433962,0.9807692307692307,0.9963869931754314,True,-0.07823226336478795,0.19572250179726813
3A-2,45,2,frozen_model_1,covariate,moderate,0.2597075302700286,0.84,0.8723404255319149,0.9534883720930233,0.9111111111111111,0.7599667774086378,False,-0.16375577216362758,0.0
3A-2,45,2,retrained_baseline,covariate,moderate,0.2597075302700286,0.98,0.9772727272727273,1.0,0.9885057471264368,1.0,True,-0.08596877972199402,0.0773946360153257
3A-2,45,3,frozen_model_1,covariate,moderate,0.11336872218977063,0.8,0.8,0.9032258064516129,0.8484848484848485,0.7958404074702885,False,-0.10112950953736499,0.0
3A-2,45,3,retrained_baseline,covariate,moderate,0.11336872218977063,0.95,0.9672131147540983,0.9516129032258065,0.959349593495935,0.9927843803056027,True,-0.05681262609149218,0.11086474501108645
3A-2,45,4,frozen_model_1,covariate,moderate,0.12357433324964699,0.79,0.8360655737704918,0.8225806451612904,0.8292682926829268,0.8467741935483871,False,-0.08191295373544327,0.0
3A-2,45,4,retrained_baseline,covariate,moderate,0.12357433324964699,0.94,0.9375,0.967741935483871,0.9523809523809523,0.9825976230899831,True,-0.04984398497650955,0.12311265969802554
3A-2,45,5,frozen_model_1,covariate,moderate,0.24522651258236736,0.93,0.93,1.0,0.9637305699481865,0.6059907834101383,False,-0.216375231000703,0.0
3A-2,45,5,retrained_baseline,covariate,moderate,0.24522651258236736,0.94,0.9393939393939394,1.0,0.96875,0.9723502304147466,True,-0.06621303259555722,0.005019430051813489
3A-2,45,6,frozen_model_1,covariate,moderate,0.12445354610038818,0.7,0.7241379310344828,0.75,0.7368421052631579,0.6998782467532467,False,0.010513233684325662,0.0
3A-2,45,6,retrained_baseline,covariate,moderate,0.12445354610038818,0.87,0.8412698412698413,0.9464285714285714,0.8907563025210085,0.9379058441558441,True,0.011780664883434322,0.1539141972578506
3A-2,45,7,frozen_model_1,covariate,moderate,0.20993708085745635,0.8,0.9295774647887324,0.8148148148148148,0.868421052631579,0.8586744639376218,False,-0.12106571368409547,0.0
3A-2,45,7,retrained_baseline,covariate,moderate,0.20993708085745635,0.94,0.9518072289156626,0.9753086419753086,0.9634146341463414,0.9889538661468485,True,-0.06087766674189865,0.09499358151476245
3A-2,45,8,frozen_model_1,covariate,moderate,0.19564861652024837,0.84,0.8554216867469879,0.9466666666666667,0.8987341772151899,0.8434666666666667,False,-0.15137883826770637,0.0
3A-2,45,8,retrained_baseline,covariate,moderate,0.19564861652024837,0.91,0.9230769230769231,0.96,0.9411764705882353,0.9717333333333333,True,-0.0386395031837925,0.04244229337304539
3A-2,45,9,frozen_model_1,covariate,moderate,0.11817128674354531,0.78,0.8148148148148148,0.7857142857142857,0.8,0.859172077922078,False,-0.05264466105251653,0.0
3A-2,45,9,retrained_baseline,covariate,moderate,0.11817128674354531,0.92,0.9444444444444444,0.9107142857142857,0.9272727272727272,0.9849837662337662,True,-0.024735759868284468,0.1272727272727272
3A-2,45,10,frozen_model_1,covariate,moderate,0.251080968352731,0.92,0.9574468085106383,0.9574468085106383,0.9574468085106383,0.8209219858156029,False,-0.21009146956315483,0.0
3A-2,45,10,retrained_baseline,covariate,moderate,0.251080968352731,0.95,0.9494949494949495,1.0,0.9740932642487047,1.0,True,-0.0715562968442619,0.016646455738066335
3A-2,45,11,frozen_model_1,covariate,moderate,0.11370986353262229,0.79,0.7878787878787878,0.8813559322033898,0.832,0.8766019016122364,False,-0.08464466105251645,0.0
3A-2,45,11,retrained_baseline,covariate,moderate,0.11370986353262229,0.9,0.9298245614035088,0.8983050847457628,0.9137931034482759,0.9689954526663911,True,-0.011256136043833131,0.08179310344827595
3A-2,45,12,frozen_model_1,covariate,moderate,0.12180549850448212,0.78,0.8166666666666667,0.8166666666666667,0.8166666666666667,0.7897916666666667,False,-0.06931132771918314,0.0
3A-2,45,12,retrained_baseline,covariate,moderate,0.12180549850448212,0.85,0.8813559322033898,0.8666666666666667,0.8739495798319328,0.94,True,0.028587387572510004,0.057282913165266125
3A-2,45,13,frozen_model_1,covariate,moderate,0.25336471528891935,0.86,0.8775510204081632,0.9772727272727273,0.9247311827956989,0.681344696969697,False,-0.17737584384821536,0.0
3A-2,45,13,retrained_baseline,covariate,moderate,0.25336471528891935,0.94,0.9361702127659575,1.0,0.967032967032967,0.9744318181818182,True,-0.06449599962852426,0.04230178423726816
3A-2,45,14,frozen_model_1,covariate,moderate,0.12178980879250419,0.8,0.8431372549019608,0.7818181818181819,0.8113207547169812,0.8395959595959596,False,-0.06396541576949766,0.0
3A-2,45,14,retrained_baseline,covariate,moderate,0.12178980879250419,0.93,0.9137931034482759,0.9636363636363636,0.9380530973451328,0.9757575757575758,True,-0.03551612994068998,0.12673234262815158
3A-2,45,15,frozen_model_1,covariate,moderate,0.20300318217847768,0.87,0.9428571428571428,0.88,0.9103448275862069,0.9248,False,-0.16298948863872342,0.0
3A-2,45,15,retrained_baseline,covariate,moderate,0.20300318217847768,0.92,0.935064935064935,0.96,0.9473684210526315,0.9728,True,-0.044831453648188746,0.03702359346642459
3A-2,46,0,frozen_model_1,covariate,moderate,0.19015997849724117,0.87,0.9577464788732394,0.8717948717948718,0.912751677852349,0.9201631701631702,False,-0.1802078940861882,0.0
3A-2,46,0,retrained_baseline,covariate,moderate,0.19015997849724117,0.98,0.975,1.0,0.9873417721518988,0.9988344988344988,True,-0.09646874543185746,0.07459009429954977
3A-2,46,1,frozen_model_1,covariate,moderate,0.11798703509551885,0.74,0.7446808510638298,0.7142857142857143,0.7291666666666666,0.8279311724689876,False,0.0033771170994941757,0.0
3A-2,46,1,retrained_baseline,covariate,moderate,0.11798703509551885,0.95,0.9230769230769231,0.9795918367346939,0.9504950495049505,0.9891956782713085,True,-0.059622022784909134,0.22132838283828382
3A-2,46,2,frozen_model_1,covariate,moderate,0.2536461276872666,0.86,0.9052631578947369,0.945054945054945,0.9247311827956989,0.4798534798534798,False,-0.19218739902953808,0.0
3A-2,46,2,retrained_baseline,covariate,moderate,0.2536461276872666,0.94,0.9381443298969072,1.0,0.9680851063829787,1.0,True,-0.07721207966293742,0.04335392358727985
3A-2,46,3,frozen_model_1,covariate,moderate,0.11976462202252332,0.74,0.8653846153846154,0.703125,0.7758620689655172,0.8094618055555555,False,-0.04331828519935643,0.0
3A-2,46,3,retrained_baseline,covariate,moderate,0.11976462202252332,0.88,0.90625,0.90625,0.90625,0.9765625,True,-0.015376973279958683,0.13038793103448276
3A-2,46,4,frozen_model_1,covariate,moderate,0.1258753177181258,0.77,0.8035714285714286,0.7894736842105263,0.7964601769911505,0.8410852713178295,False,-0.06391639322498965,0.0
3A-2,46,4,retrained_baseline,covariate,moderate,0.1258753177181258,0.87,0.8666666666666667,0.9122807017543859,0.8888888888888888,0.9734802121583026,True,0.001984137831152477,0.09242871189773838
3A-2,46,5,frozen_model_1,covariate,moderate,0.25164195458252864,0.89,0.9555555555555556,0.9247311827956989,0.9398907103825137,0.7634408602150538,False,-0.2073469266163529,0.0
3A-2,46,5,retrained_baseline,covariate,moderate,0.25164195458252864,0.95,0.9489795918367347,1.0,0.9738219895287958,0.9907834101382489,True,-0.08294896280875452,0.033931279146282134
3A-2,46,6,frozen_model_1,covariate,moderate,0.12456578406898476,0.61,0.6956521739130435,0.5614035087719298,0.6213592233009708,0.7139942880456955,False,0.11118456046518999,0.0
3A-2,46,6,retrained_baseline,covariate,moderate,0.12456578406898476,0.79,0.8,0.8421052631578947,0.8205128205128205,0.9188086495308038,True,0.07036020620722083,0.19915359721184966
3A-2,46,7,frozen_model_1,covariate,moderate,0.20449448626382608,0.8,0.8518518518518519,0.8961038961038961,0.8734177215189873,0.7981366459627329,False,-0.14087393775282653,0.0
3A-2,46,7,retrained_baseline,covariate,moderate,0.20449448626382608,0.91,0.9047619047619048,0.987012987012987,0.9440993788819876,0.9728966685488425,True,-0.053226352161946267,0.07068165736300025
3A-2,46,8,frozen_model_1,covariate,moderate,0.1943158312213297,0.8,0.9142857142857143,0.8205128205128205,0.8648648648648649,0.8441142191142191,False,-0.1323210810987041,0.0
3A-2,46,8,retrained_baseline,covariate,moderate,0.1943158312213297,0.92,0.9375,0.9615384615384616,0.9493670886075949,0.976107226107226,True,-0.05849406188755357,0.08450222374272998
3A-2,46,9,frozen_model_1,covariate,moderate,0.1215043954865934,0.7,0.7446808510638298,0.660377358490566,0.7,0.7498996386993175,False,0.03254378376616085,0.0
3A-2,46,9,retrained_baseline,covariate,moderate,0.1215043954865934,0.83,0.8333333333333334,0.8490566037735849,0.8411214953271028,0.9313528703331995,True,0.04975153139293853,0.14112149532710283
3A-2,46,10,frozen_model_1,covariate,moderate,0.24930709336675924,0.89,0.8969072164948454,0.9886363636363636,0.9405405405405406,0.8371212121212122,False,-0.2079967567743798,0.0
3A-2,46,10,retrained_baseline,covariate,moderate,0.24930709336675924,0.94,0.9361702127659575,1.0,0.967032967032967,0.9962121212121212,True,-0.07615994031292572,0.026492426492426446
3A-2,46,11,frozen_model_1,covariate,moderate,0.1189502340748511,0.73,0.82,0.6949152542372882,0.7522935779816514,0.7734601074824308,False,-0.019749794215490613,0.0
3A-2,46,11,retrained_baseline,covariate,moderate,0.1189502340748511,0.88,0.873015873015873,0.9322033898305084,0.9016393442622951,0.9636213311285655,True,-0.010766317542253767,0.14934576628064367
3A-2,46,12,frozen_model_1,covariate,moderate,0.12878565673734468,0.79,0.8703703703703703,0.7704918032786885,0.8173913043478261,0.8541403951240018,False,-0.08484752058166534,0.0
3A-2,46,12,retrained_baseline,covariate,moderate,0.12878565673734468,0.85,0.896551724137931,0.8524590163934426,0.8739495798319328,0.9491382934005885,True,0.01692344688810854,0.056558275484106635
3A-2,46,13,frozen_model_1,covariate,moderate,0.24554510195857596,0.89,0.9545454545454546,0.9230769230769231,0.9385474860335196,0.7680097680097681,False,-0.20600370226735876,0.0
3A-2,46,13,retrained_baseline,covariate,moderate,0.24554510195857596,0.94,0.9381443298969072,1.0,0.9680851063829787,0.9633699633699634,True,-0.07721207966293742,0.02953762034945917
3A-2,46,14,frozen_model_1,covariate,moderate,0.12302923239480183,0.72,0.7222222222222222,0.75,0.7358490566037735,0.7844551282051283,False,-0.003305272837612727,0.0
3A-2,46,14,retrained_baseline,covariate,moderate,0.12302923239480183,0.86,0.8518518518518519,0.8846153846153846,0.8679245283018868,0.950721153846154,True,0.022948498418154495,0.1320754716981133
3A-2,46,15,frozen_model_1,covariate,moderate,0.20361874182265235,0.88,0.9305555555555556,0.9054054054054054,0.9178082191780822,0.893970893970894,False,-0.1852644354119214,0.0
3A-2,46,15,retrained_baseline,covariate,moderate,0.20361874182265235,0.91,0.9333333333333333,0.9459459459459459,0.9395973154362416,0.9724532224532224,True,-0.04872428871620027,0.02178909625815939
3A-3,42,0,frozen_model_1,covariate,severe,0.2670505280837195,0.81,0.9358974358974359,0.8390804597701149,0.8848484848484849,0.7254641909814323,False,-0.13055945680209458,0.0
3A-3,42,0,retrained_baseline,covariate,severe,0.2670505280837195,0.96,0.9560439560439561,1.0,0.9775280898876404,0.9964633068081343,True,-0.06850193784088354,0.09267960503915551
3A-3,42,1,frozen_model_1,covariate,severe,0.1792574664142065,0.74,0.8813559322033898,0.7323943661971831,0.8,0.815444390480816,False,-0.045710971953609736,0.0
3A-3,42,1,retrained_baseline,covariate,severe,0.1792574664142065,0.95,0.9714285714285714,0.9577464788732394,0.9645390070921985,0.9941719281204467,True,-0.05551285504544168,0.16453900709219849
3A-3,42,2,frozen_model_1,covariate,severe,0.3278485959861943,0.98,0.9797979797979798,1.0,0.9897959183673469,0.993127147766323,False,-0.23550689032095662,0.0
3A-3,42,2,retrained_baseline,covariate,severe,0.3278485959861943,0.99,0.9897959183673469,1.0,0.9948717948717949,1.0,True,-0.08584564282503804,0.005075876504447963
3A-3,42,3,frozen_model_1,covariate,severe,0.20086551727638358,0.74,0.9032258064516129,0.7368421052631579,0.8115942028985508,0.8048245614035088,False,-0.05730517485216047,0.0
3A-3,42,3,retrained_baseline,covariate,severe,0.20086551727638358,0.92,0.9146341463414634,0.9868421052631579,0.9493670886075949,0.9830043859649122,True,-0.04034093656083804,0.1377728857090441
3A-3,42,4,frozen_model_1,covariate,severe,0.20774684466445062,0.79,0.90625,0.7945205479452054,0.8467153284671532,0.8442415017757483,False,-0.09242630042076294,0.0
3A-3,42,4,retrained_baseline,covariate,severe,0.20774684466445062,0.9,0.8987341772151899,0.9726027397260274,0.9342105263157895,0.9822425164890918,True,-0.02518437426903264,0.08749519784863624
3A-3,42,5,frozen_model_1,covariate,severe,0.3220415972636929,0.97,0.9895833333333334,0.979381443298969,0.9844559585492227,0.9347079037800686,False,-0.23016693050283243,0.0
3A-3,42,5,retrained_baseline,covariate,severe,0.3220415972636929,1.0,1.0,1.0,1.0,1.0,True,-0.09097384795324315,0.015544041450777257
3A-3,42,6,frozen_model_1,covariate,severe,0.18162374412044513,0.67,0.864406779661017,0.6710526315789473,0.7555555555555555,0.7203947368421053,False,-0.0012665275091652273,0.0
3A-3,42,6,retrained_baseline,covariate,severe,0.18162374412044513,0.88,0.8902439024390244,0.9605263157894737,0.9240506329113924,0.9501096491228069,True,-0.015024480864635592,0.1684950773558369
3A-3,42,7,frozen_model_1,covariate,severe,0.28568380954657363,0.82,0.891566265060241,0.891566265060241,0.891566265060241,0.8695960311835578,False,-0.13727723701385064,0.0
3A-3,42,7,retrained_baseline,covariate,severe,0.28568380954657363,0.93,0.9318181818181818,0.9879518072289156,0.9590643274853801,0.9836995038979447,True,-0.05003817543862321,0.06749806242513912
3A-3,42,8,frozen_model_1,covariate,severe,0.267758368093062,0.86,0.9736842105263158,0.8604651162790697,0.9135802469135802,0.9227574750830565,False,-0.1592912188671899,0.0
3A-3,42,8,retrained_baseline,covariate,severe,0.267758368093062,0.97,0.9882352941176471,0.9767441860465116,0.9824561403508771,0.9941860465116279,True,-0.07342998830412029,0.06887589343729694
3A-3,42,9,frozen_model_1,covariate,severe,0.18144864689402418,0.79,0.896551724137931,0.7761194029850746,0.832,0.8100407055630936,False,-0.07771097195360965,0.0
3A-3,42,9,retrained_baseline,covariate,severe,0.18144864689402418,0.88,0.9104477611940298,0.9104477611940298,0.9104477611940298,0.9642695612844867,True,-0.001421609147272962,0.07844776119402985
3A-3,42,10,frozen_model_1,covariate,severe,0.32850683655747975,0.94,0.9489795918367347,0.9893617021276596,0.96875,0.9060283687943264,False,-0.2144609719536097,0.0
3A-3,42,10,retrained_baseline,covariate,severe,0.32850683655747975,0.94,0.94,1.0,0.9690721649484536,0.99822695035461,True,-0.060046012901696755,0.0003221649484536071
3A-3,42,11,frozen_model_1,covariate,severe,0.20663164257906472,0.73,0.9272727272727272,0.6891891891891891,0.7906976744186046,0.8201663201663201,False,-0.036408646372214304,0.0
3A-3,42,11,retrained_baseline,covariate,severe,0.20663164257906472,0.92,0.9342105263157895,0.9594594594594594,0.9466666666666667,0.972972972972973,True,-0.037640514619909804,0.15596899224806204
3A-3,42,12,frozen_model_1,covariate,severe,0.21327044065018205,0.71,0.8548387096774194,0.726027397260274,0.7851851851851852,0.7742262810755962,False,-0.0308961571387949,0.0
3A-3,42,12,retrained_baseline,covariate,severe,0.21327044065018205,0.86,0.9041095890410958,0.9041095890410958,0.9041095890410958,0.945712836123795,True,0.004916563005661012,0.11892440385591063
3A-3,42,13,frozen_model_1,covariate,severe,0.31972546921603145,0.94,0.9489795918367347,0.9893617021276596,0.96875,0.8404255319148937,False,-0.2144609719536097,0.0
3A-3,42,13,retrained_baseline,covariate,severe,0.31972546921603145,0.94,0.94,1.0,0.9690721649484536,0.9929078014184398,True,-0.060046012901696755,0.0003221649484536071
3A-3,42,14,frozen_model_1,covariate,severe,0.17743499559435083,0.66,0.847457627118644,0.6666666666666666,0.746268656716418,0.6960000000000002,False,0.008020371329972353,0.0
3A-3,42,14,retrained_baseline,covariate,severe,0.17743499559435083,0.85,0.8658536585365854,0.9466666666666667,0.9044585987261147,0.9184,True,0.0045675533206421814,0.15818994200969672
3A-3,42,15,frozen_model_1,covariate,severe,0.28021383259760807,0.86,0.9487179487179487,0.8809523809523809,0.9135802469135802,0.909970238095238,False,-0.1592912188671899,0.0
3A-3,42,15,retrained_baseline,covariate,severe,0.28021383259760807,0.93,0.9425287356321839,0.9761904761904762,0.9590643274853801,0.9761904761904763,True,-0.05003817543862321,0.04548408057179987
3A-3,43,0,frozen_model_1,covariate,severe,0.2619507035818067,0.86,0.9746835443037974,0.8651685393258427,0.9166666666666666,0.8764044943820224,False,-0.1345600136563606,0.0
3A-3,43,0,retrained_baseline,covariate,severe,0.2619507035818067,0.99,0.9888888888888889,1.0,0.994413407821229,1.0,True,-0.10040147727315851,0.07774674115456237
3A-3,43,1,frozen_model_1,covariate,severe,0.1784931933988613,0.75,0.8983050847457628,0.7361111111111112,0.8091603053435115,0.7924107142857143,False,-0.027053652333205447,0.0
3A-3,43,1,retrained_baseline,covariate,severe,0.1784931933988613,0.94,0.9230769230769231,1.0,0.96,0.9880952380952381,True,-0.06598806945192948,0.1508396946564885
3A-3,43,2,frozen_model_1,covariate,severe,0.32365410145346935,0.94,0.9494949494949495,0.9894736842105263,0.9690721649484536,0.6694736842105263,False,-0.1869655119381476,0.0
3A-3,43,2,retrained_baseline,covariate,severe,0.32365410145346935,0.96,0.9595959595959596,1.0,0.979381443298969,1.0,True,-0.08536951275089855,0.010309278350515427
3A-3,43,3,frozen_model_1,covariate,severe,0.19779424814928123,0.74,0.9824561403508771,0.691358024691358,0.8115942028985508,0.822936972059779,False,-0.029487549888244757,0.0
3A-3,43,3,retrained_baseline,covariate,severe,0.19779424814928123,0.98,0.9759036144578314,1.0,0.9878048780487805,0.9961013645224173,True,-0.09379294750070999,0.1762106751502297
3A-3,43,4,frozen_model_1,covariate,severe,0.20935710092426096,0.82,0.9333333333333333,0.8,0.8615384615384616,0.8723809523809525,False,-0.07943180852815557,0.0
3A-3,43,4,retrained_baseline,covariate,severe,0.20935710092426096,0.94,0.9705882352941176,0.9428571428571428,0.9565217391304348,0.991904761904762,True,-0.06250980858236432,0.09498327759197323
3A-3,43,5,frozen_model_1,covariate,severe,0.3162273037548115,0.89,0.9361702127659575,0.946236559139785,0.9411764705882353,0.6981566820276498,False,-0.15906981757792926,0.0
3A-3,43,5,retrained_baseline,covariate,severe,0.3162273037548115,0.93,0.93,1.0,0.9637305699481865,1.0,True,-0.06971863940011602,0.02255409935995123
3A-3,43,6,frozen_model_1,covariate,severe,0.17946717125980927,0.7,0.8909090909090909,0.6712328767123288,0.765625,0.7597666159309996,False,0.01648165301030602,0.0
3A-3,43,6,retrained_baseline,covariate,severe,0.17946717125980927,0.92,0.9012345679012346,1.0,0.948051948051948,0.9791983764586505,True,-0.05404001750387755,0.18242694805194803
3A-3,43,7,frozen_model_1,covariate,severe,0.2773871509625048,0.87,0.925,0.9135802469135802,0.9192546583850931,0.8791423001949318,False,-0.1371480053747871,0.0
3A-3,43,7,retrained_baseline,covariate,severe,0.2773871509625048,0.96,0.9753086419753086,0.9753086419753086,0.9753086419753086,0.9876543209876544,True,-0.08129671142723816,0.05605398359021552
3A-3,43,8,frozen_model_1,covariate,severe,0.2717468380746272,0.84,1.0,0.8222222222222222,0.9024390243902439,0.9183333333333333,False,-0.12033237137993791,0.0
3A-3,43,8,retrained_baseline,covariate,severe,0.2717468380746272,0.98,0.9782608695652174,1.0,0.989010989010989,1.0,True,-0.09499905846291856,0.08657196462074512
3A-3,43,9,frozen_model_1,covariate,severe,0.17600152031156624,0.78,0.864406779661017,0.7846153846153846,0.8225806451612904,0.8010989010989011,False,-0.04047399215098435,0.0
3A-3,43,9,retrained_baseline,covariate,severe,0.17600152031156624,0.93,0.9264705882352942,0.9692307692307692,0.9473684210526315,0.9723076923076923,True,-0.05335649050456104,0.12478777589134116
3A-3,43,10,frozen_model_1,covariate,severe,0.32621901012295046,0.95,0.9494949494949495,1.0,0.9740932642487047,0.8209219858156028,False,-0.19198661123839866,0.0
3A-3,43,10,retrained_baseline,covariate,severe,0.32621901012295046,0.94,0.94,1.0,0.9690721649484536,0.9964539007092199,True,-0.07506023440038312,-0.005021099300251075
3A-3,43,11,frozen_model_1,covariate,severe,0.20093535981877655,0.69,0.9245283018867925,0.6447368421052632,0.7596899224806202,0.7960526315789473,False,0.022416730529685847,0.0
3A-3,43,11,retrained_baseline,covariate,severe,0.20093535981877655,0.93,0.9259259259259259,0.9868421052631579,0.9554140127388535,0.9577850877192983,True,-0.061402082190783025,0.19572409025823334
3A-3,43,12,frozen_model_1,covariate,severe,0.2091284423013732,0.75,0.9482758620689655,0.7142857142857143,0.8148148148148148,0.8379446640316205,False,-0.03270816180450875,0.0
3A-3,43,12,retrained_baseline,covariate,severe,0.2091284423013732,0.91,0.9473684210526315,0.935064935064935,0.9411764705882353,0.9525691699604742,True,-0.04716454004016479,0.1263616557734205
3A-3,43,13,frozen_model_1,covariate,severe,0.31665362555509663,0.88,0.9354838709677419,0.9354838709677419,0.9354838709677419,0.6267281105990783,False,-0.15337721795743586,0.0
3A-3,43,13,retrained_baseline,covariate,severe,0.31665362555509663,0.94,0.9393939393939394,1.0,0.96875,0.9646697388632872,True,-0.07473806945192951,0.03326612903225812
3A-3,43,14,frozen_model_1,covariate,severe,0.18408646315889463,0.68,0.9122807017543859,0.6582278481012658,0.7647058823529411,0.7510548523206751,False,0.017400770657364895,0.0
3A-3,43,14,retrained_baseline,covariate,severe,0.18408646315889463,0.92,0.927710843373494,0.9746835443037974,0.9506172839506173,0.9505726341169379,True,-0.0566053534025468,0.18591140159767616
3A-3,43,15,frozen_model_1,covariate,severe,0.27625126746031603,0.83,0.9,0.8888888888888888,0.8944099378881988,0.8671215074723847,False,-0.11230328487789276,0.0
3A-3,43,15,retrained_baseline,covariate,severe,0.27625126746031603,0.92,0.9195402298850575,0.9876543209876543,0.9523809523809523,0.962962962962963,True,-0.05836902183288184,0.05797101449275355
3A-3,44,0,frozen_model_1,covariate,severe,0.2620258745813063,0.88,0.9759036144578314,0.8901098901098901,0.9310344827586207,0.9346764346764347,False,-0.15189458456982574,0.0
3A-3,44,0,retrained_baseline,covariate,severe,0.2620258745813063,0.99,0.9891304347826086,1.0,0.994535519125683,1.0,True,-0.11034393442442325,0.06350103636706239
3A-3,44,1,frozen_model_1,covariate,severe,0.17797476409628343,0.75,0.8059701492537313,0.8181818181818182,0.8120300751879699,0.7874331550802139,False,-0.03289017699917496,0.0
3A-3,44,1,retrained_baseline,covariate,severe,0.17797476409628343,0.93,0.9041095890410958,1.0,0.9496402877697842,0.9986631016042781,True,-0.06544870306852435,0.13761021258181427
3A-3,44,2,frozen_model_1,covariate,severe,0.3233401456191273,0.95,0.95,1.0,0.9743589743589743,0.7242105263157895,False,-0.19521907617017942,0.0
3A-3,44,2,retrained_baseline,covariate,severe,0.3233401456191273,0.98,0.979381443298969,1.0,0.9895833333333334,0.9978947368421053,True,-0.10539174863207357,0.015224358974359031
3A-3,44,3,frozen_model_1,covariate,severe,0.1933785187110529,0.63,0.7971014492753623,0.7051282051282052,0.7482993197278912,0.6984265734265734,False,0.03084057846090371,0.0
3A-3,44,3,retrained_baseline,covariate,severe,0.1933785187110529,0.95,0.9397590361445783,1.0,0.968944099378882,0.9895104895104895,True,-0.08475251467762224,0.22064477965099083
3A-3,44,4,frozen_model_1,covariate,severe,0.21410353194292342,0.77,0.84,0.8513513513513513,0.8456375838926175,0.8542099792099792,False,-0.06649768570382253,0.0
3A-3,44,4,retrained_baseline,covariate,severe,0.21410353194292342,0.92,0.9125,0.9864864864864865,0.948051948051948,0.9797297297297297,True,-0.06386036335068823,0.10241436415933058
3A-3,44,5,frozen_model_1,covariate,severe,0.3196427518803366,0.95,0.9595959595959596,0.9895833333333334,0.9743589743589743,0.9322916666666667,False,-0.19521907617017942,0.0
3A-3,44,5,retrained_baseline,covariate,severe,0.3196427518803366,0.99,0.9896907216494846,1.0,0.9948186528497409,1.0,True,-0.11062706814848111,0.020459678490766575
3A-3,44,6,frozen_model_1,covariate,severe,0.1758493845787332,0.71,0.7945205479452054,0.8055555555555556,0.8,0.7688492063492064,False,-0.020860101811205123,0.0
3A-3,44,6,retrained_baseline,covariate,severe,0.1758493845787332,0.94,0.9230769230769231,1.0,0.96,0.9935515873015873,True,-0.07580841529874016,0.15999999999999992
3A-3,44,7,frozen_model_1,covariate,severe,0.2763254731958766,0.92,0.9425287356321839,0.9647058823529412,0.9534883720930233,0.9505882352941176,False,-0.17434847390422836,0.0
3A-3,44,7,retrained_baseline,covariate,severe,0.2763254731958766,0.95,0.9444444444444444,1.0,0.9714285714285714,0.9952941176470589,True,-0.08723698672731162,0.017940199335548135
3A-3,44,8,frozen_model_1,covariate,severe,0.26715960531489985,0.86,0.9390243902439024,0.8953488372093024,0.9166666666666666,0.8754152823920266,False,-0.1375267684778717,0.0
3A-3,44,8,retrained_baseline,covariate,severe,0.26715960531489985,0.94,0.9347826086956522,1.0,0.9662921348314607,0.9883720930232558,True,-0.0821005501302009,0.04962546816479407
3A-3,44,9,frozen_model_1,covariate,severe,0.18055806726100274,0.73,0.8260869565217391,0.7916666666666666,0.8085106382978723,0.75,False,-0.029370740109077365,0.0
3A-3,44,9,retrained_baseline,covariate,severe,0.18055806726100274,0.93,0.9333333333333333,0.9722222222222222,0.9523809523809523,0.9603174603174602,True,-0.06818936767969253,0.14387031408308004
3A-3,44,10,frozen_model_1,covariate,severe,0.3191290301634058,0.94,0.94,1.0,0.9690721649484536,0.6799645390070922,False,-0.18993226675965869,0.0
3A-3,44,10,retrained_baseline,covariate,severe,0.3191290301634058,0.96,0.9591836734693877,1.0,0.9791666666666666,1.0,True,-0.09497508196540683,0.010094501718213023
3A-3,44,11,frozen_model_1,covariate,severe,0.2031123740247729,0.7,0.828125,0.7361111111111112,0.7794117647058824,0.7919146825396824,False,-0.0002718665170874379,0.0
3A-3,44,11,retrained_baseline,covariate,severe,0.2031123740247729,0.89,0.8765432098765432,0.9861111111111112,0.9281045751633987,0.9409722222222221,True,-0.04391299046213892,0.14869281045751637
3A-3,44,12,frozen_model_1,covariate,severe,0.20817856098705176,0.78,0.8805970149253731,0.8082191780821918,0.8428571428571429,0.8406900050735667,False,-0.06371724466834794,0.0
3A-3,44,12,retrained_baseline,covariate,severe,0.20817856098705176,0.93,0.9459459459459459,0.958904109589041,0.9523809523809523,0.9842719431760528,True,-0.06818936767969253,0.10952380952380947
3A-3,44,13,frozen_model_1,covariate,severe,0.318762206476723,0.95,0.9690721649484536,0.9791666666666666,0.9740932642487047,0.75390625,False,-0.19495336605990976,0.0
3A-3,44,13,retrained_baseline,covariate,severe,0.318762206476723,0.96,0.96,1.0,0.9795918367346939,0.9973958333333334,True,-0.09540025203343405,0.005498572485989173
3A-3,44,14,frozen_model_1,covariate,severe,0.17775276892282274,0.74,0.873015873015873,0.7534246575342466,0.8088235294117647,0.7775240994419077,False,-0.029683631222969797,0.0
3A-3,44,14,retrained_baseline,covariate,severe,0.17775276892282274,0.9,0.8987341772151899,0.9726027397260274,0.9342105263157895,0.947742262810756,True,-0.05001894161452969,0.12538699690402477
3A-3,44,15,frozen_model_1,covariate,severe,0.2837132028432758,0.85,0.8850574712643678,0.9390243902439024,0.9112426035502958,0.845528455284553,False,-0.13210270536150093,0.0
3A-3,44,15,retrained_baseline,covariate,severe,0.2837132028432758,0.9,0.9090909090909091,0.975609756097561,0.9411764705882353,0.9444444444444445,True,-0.05698488588697548,0.029933867037939432
3A-3,45,0,frozen_model_1,covariate,severe,0.26081749630439777,0.88,0.9318181818181818,0.9318181818181818,0.9318181818181818,0.8948863636363638,False,-0.18446284287069825,0.0
3A-3,45,0,retrained_baseline,covariate,severe,0.26081749630439777,0.99,0.9887640449438202,1.0,0.9943502824858758,1.0,True,-0.09181331508143298,0.06253210066769399
3A-3,45,1,frozen_model_1,covariate,severe,0.17405401420723396,0.76,0.7777777777777778,0.9130434782608695,0.84,0.7260402057035998,False,-0.09264466105251645,0.0
3A-3,45,1,retrained_baseline,covariate,severe,0.17405401420723396,0.95,0.9571428571428572,0.9710144927536232,0.9640287769784173,0.9915848527349228,True,-0.06149180957397449,0.1240287769784173
3A-3,45,2,frozen_model_1,covariate,severe,0.3299474733730923,0.92,0.92,1.0,0.9583333333333334,0.65625,False,-0.21097799438584985,0.0
3A-3,45,2,retrained_baseline,covariate,severe,0.3299474733730923,0.98,0.9787234042553191,1.0,0.989247311827957,1.0,True,-0.08671034442351422,0.03091397849462363
3A-3,45,3,frozen_model_1,covariate,severe,0.19036630154195633,0.76,0.8292682926829268,0.8717948717948718,0.85,0.7092074592074592,False,-0.10264466105251646,0.0
3A-3,45,3,retrained_baseline,covariate,severe,0.19036630154195633,0.94,0.9285714285714286,1.0,0.9629629629629629,0.9930069930069929,True,-0.06042599555852013,0.11296296296296293
3A-3,45,4,frozen_model_1,covariate,severe,0.204299791289849,0.83,0.8395061728395061,0.9444444444444444,0.8888888888888888,0.8080357142857143,False,-0.14153354994140532,0.0
3A-3,45,4,retrained_baseline,covariate,severe,0.204299791289849,0.95,0.9466666666666667,0.9861111111111112,0.9659863945578231,0.990079365079365,True,-0.06344942715338031,0.07709750566893425
3A-3,45,5,frozen_model_1,covariate,severe,0.3142346324716344,0.97,0.97,1.0,0.9847715736040609,0.39003436426116833,False,-0.23741623465657735,0.0
3A-3,45,5,retrained_baseline,covariate,severe,0.3142346324716344,0.97,0.97,1.0,0.9847715736040609,0.9621993127147767,True,-0.08223460619961809,0.0
3A-3,45,6,frozen_model_1,covariate,severe,0.177284666298447,0.8,0.8375,0.9054054054054054,0.8701298701298701,0.7297297297297296,False,-0.12277453118238657,0.0
3A-3,45,6,retrained_baseline,covariate,severe,0.177284666298447,0.92,0.9125,0.9864864864864865,0.948051948051948,0.9771309771309772,True,-0.045514980647505254,0.07792207792207795
3A-3,45,7,frozen_model_1,covariate,severe,0.28475034235901014,0.87,0.9042553191489362,0.9550561797752809,0.9289617486338798,0.7165474974463739,False,-0.1816064096863963,0.0
3A-3,45,7,retrained_baseline,covariate,severe,0.28475034235901014,0.94,0.946236559139785,0.9887640449438202,0.967032967032967,0.9519918283963227,True,-0.06449599962852426,0.038071218399087225
3A-3,45,8,frozen_model_1,covariate,severe,0.271917108104282,0.84,0.8876404494382022,0.9294117647058824,0.9080459770114943,0.7819607843137255,False,-0.16069063806401074,0.0
3A-3,45,8,retrained_baseline,covariate,severe,0.271917108104282,0.92,0.9230769230769231,0.9882352941176471,0.9545454545454546,0.971764705882353,True,-0.052008487141011805,0.04649947753396033
3A-3,45,9,frozen_model_1,covariate,severe,0.1713413762289504,0.77,0.7804878048780488,0.927536231884058,0.847682119205298,0.7980364656381487,False,-0.1003267802578145,0.0
3A-3,45,9,retrained_baseline,covariate,severe,0.1713413762289504,0.88,0.9014084507042254,0.927536231884058,0.9142857142857143,0.9635343618513325,True,-0.011748746881271477,0.06660359508041624
3A-3,45,10,frozen_model_1,covariate,severe,0.3199529154922689,0.95,0.979381443298969,0.9693877551020408,0.9743589743589743,0.673469387755102,False,-0.22700363541149082,0.0
3A-3,45,10,retrained_baseline,covariate,severe,0.3199529154922689,0.98,0.98,1.0,0.98989898989899,1.0,True,-0.08736202249454716,0.015540015540015606
3A-3,45,11,frozen_model_1,covariate,severe,0.19474690103099557,0.83,0.8255813953488372,0.9726027397260274,0.8930817610062893,0.8792491121258245,False,-0.14572642205880582,0.0
3A-3,45,11,retrained_baseline,covariate,severe,0.19474690103099557,0.91,0.9,0.9863013698630136,0.9411764705882353,0.9812278031456113,True,-0.0386395031837925,0.04809470958194595
3A-3,45,12,frozen_model_1,covariate,severe,0.20337482651521452,0.81,0.8292682926829268,0.9315068493150684,0.8774193548387097,0.808726534753932,False,-0.13006401589122618,0.0
3A-3,45,12,retrained_baseline,covariate,severe,0.20337482651521452,0.96,0.96,0.9863013698630136,0.972972972972973,0.9857940131912735,True,-0.07043600556853025,0.09555361813426333
3A-3,45,13,frozen_model_1,covariate,severe,0.32256319816682494,0.97,0.9797979797979798,0.9897959183673469,0.9847715736040609,0.4846938775510204,False,-0.23741623465657735,0.0
3A-3,45,13,retrained_baseline,covariate,severe,0.32256319816682494,0.98,0.98,1.0,0.98989898989899,0.9540816326530612,True,-0.08736202249454716,0.005127416294929077
3A-3,45,14,frozen_model_1,covariate,severe,0.17441693457252136,0.78,0.7857142857142857,0.9428571428571428,0.8571428571428571,0.7790476190476191,False,-0.10978751819537358,0.0
3A-3,45,14,retrained_baseline,covariate,severe,0.17441693457252136,0.94,0.9444444444444444,0.9714285714285714,0.9577464788732394,0.9842857142857143,True,-0.0552095114687966,0.10060362173038229
3A-3,45,15,frozen_model_1,covariate,severe,0.2749659995238051,0.81,0.8681318681318682,0.9186046511627907,0.8926553672316384,0.6461794019933554,False,-0.1453000282841549,0.0
3A-3,45,15,retrained_baseline,covariate,severe,0.2749659995238051,0.96,0.9880952380952381,0.9651162790697675,0.9764705882352941,0.98421926910299,True,-0.07393362083085131,0.08381522100365568
3A-3,46,0,frozen_model_1,covariate,severe,0.2613415704197992,0.82,0.96,0.8275862068965517,0.8888888888888888,0.8364279398762158,False,-0.15634510512272803,0.0
3A-3,46,0,retrained_baseline,covariate,severe,0.2613415704197992,0.96,0.9560439560439561,1.0,0.9775280898876404,0.9938107869142352,True,-0.08665506316759908,0.08863920099875156
3A-3,46,1,frozen_model_1,covariate,severe,0.17489245767062075,0.74,0.8545454545454545,0.7230769230769231,0.7833333333333333,0.7947252747252748,False,-0.05078954956717252,0.0
3A-3,46,1,retrained_baseline,covariate,severe,0.17489245767062075,0.92,0.9384615384615385,0.9384615384615385,0.9384615384615385,0.9828571428571429,True,-0.04758851174149714,0.15512820512820513
3A-3,46,2,frozen_model_1,covariate,severe,0.32278650723912894,0.92,0.9787234042553191,0.9387755102040817,0.9583333333333334,0.4030612244897959,False,-0.22578954956717256,0.0
3A-3,46,2,retrained_baseline,covariate,severe,0.32278650723912894,0.98,0.98,1.0,0.98989898989899,1.0,True,-0.09902596317894863,0.031565656565656575
3A-3,46,3,frozen_model_1,covariate,severe,0.19781579437564756,0.77,0.9322033898305084,0.7432432432432432,0.8270676691729323,0.8362785862785862,False,-0.09452388540677148,0.0
3A-3,46,3,retrained_baseline,covariate,severe,0.19781579437564756,0.96,0.972972972972973,0.972972972972973,0.972972972972973,0.9948024948024948,True,-0.08209994625293171,0.14590530380004074
3A-3,46,4,frozen_model_1,covariate,severe,0.20652066202442051,0.75,0.8548387096774194,0.7681159420289855,0.8091603053435115,0.7851799906498363,False,-0.07661652157735066,0.0
3A-3,46,4,retrained_baseline,covariate,severe,0.20652066202442051,0.9,0.9041095890410958,0.9565217391304348,0.9295774647887324,0.9654043945769051,True,-0.03870443806869106,0.12041715944522091
3A-3,46,5,frozen_model_1,covariate,severe,0.3196410022932828,0.95,1.0,0.9494949494949495,0.9740932642487047,0.9696969696969697,False,-0.24154948048254388,0.0
3A-3,46,5,retrained_baseline,covariate,severe,0.3196410022932828,1.0,1.0,1.0,1.0,1.0,True,-0.10912697327995868,0.025906735751295318
3A-3,46,6,frozen_model_1,covariate,severe,0.17751429555511047,0.69,0.8627450980392157,0.6470588235294118,0.7394957983193278,0.7155330882352942,False,-0.006952014553166963,0.0
3A-3,46,6,retrained_baseline,covariate,severe,0.17751429555511047,0.87,0.8767123287671232,0.9411764705882353,0.9078014184397163,0.9361213235294118,True,-0.016928391719674973,0.16830562012038852
3A-3,46,7,frozen_model_1,covariate,severe,0.2787010282954854,0.9,0.9871794871794872,0.8953488372093024,0.9390243902439024,0.9609634551495018,False,-0.20648060647774158,0.0
3A-3,46,7,retrained_baseline,covariate,severe,0.2787010282954854,0.98,0.9883720930232558,0.9883720930232558,0.9883720930232558,0.9941860465116279,True,-0.09749906630321448,0.04934770277935341
3A-3,46,8,frozen_model_1,covariate,severe,0.26963905859501797,0.79,0.9594594594594594,0.797752808988764,0.8711656441717791,0.7620020429009193,False,-0.1386218604056183,0.0
3A-3,46,8,retrained_baseline,covariate,severe,0.26963905859501797,0.95,0.9666666666666667,0.9775280898876404,0.9720670391061452,0.9897854954034728,True,-0.08119401238610391,0.10090139493436612
3A-3,46,9,frozen_model_1,covariate,severe,0.17872920161023628,0.71,0.8245614035087719,0.7121212121212122,0.7642276422764228,0.749777183600713,False,-0.03168385851026201,0.0
3A-3,46,9,retrained_baseline,covariate,severe,0.17872920161023628,0.85,0.8591549295774648,0.9242424242424242,0.8905109489051095,0.9362745098039216,True,0.0003620778149318049,0.1262833066286867
3A-3,46,10,frozen_model_1,covariate,severe,0.3187105784793512,0.95,0.9791666666666666,0.9690721649484536,0.9740932642487047,0.6907216494845361,False,-0.24154948048254388,0.0
3A-3,46,10,retrained_baseline,covariate,severe,0.3187105784793512,0.97,0.97,1.0,0.9847715736040609,1.0,True,-0.09389854688401955,0.010678309355356186
3A-3,46,11,frozen_model_1,covariate,severe,0.20066941896219834,0.68,0.9272727272727272,0.6455696202531646,0.7611940298507462,0.764315852923448,False,-0.02865024608458544,0.0
3A-3,46,11,retrained_baseline,covariate,severe,0.20066941896219834,0.92,0.927710843373494,0.9746835443037974,0.9506172839506173,0.9674502712477395,True,-0.05974425723057597,0.18942325409987104
3A-3,46,12,frozen_model_1,covariate,severe,0.20989200475560774,0.74,0.9473684210526315,0.7012987012987013,0.8059701492537313,0.7631281761716544,False,-0.07342636548757053,0.0
3A-3,46,12,retrained_baseline,covariate,severe,0.20989200475560774,0.9,0.9240506329113924,0.948051948051948,0.9358974358974359,0.9333709768492376,True,-0.045024409177394586,0.12992728664370456
3A-3,46,13,frozen_model_1,covariate,severe,0.3160036220382256,0.92,0.968421052631579,0.9484536082474226,0.9583333333333334,0.725085910652921,False,-0.22578954956717256,0.0
3A-3,46,13,retrained_baseline,covariate,severe,0.3160036220382256,0.97,0.97,1.0,0.9847715736040609,1.0,True,-0.09389854688401955,0.026438240270727498
3A-3,46,14,frozen_model_1,covariate,severe,0.1738775020882313,0.75,0.9411764705882353,0.6857142857142857,0.7933884297520661,0.7852380952380953,False,-0.06084464598590533,0.0
3A-3,46,14,retrained_baseline,covariate,severe,0.1738775020882313,0.89,0.8831168831168831,0.9714285714285714,0.9251700680272109,0.9566666666666666,True,-0.034297041307169596,0.13178163827514477
3A-3,46,15,frozen_model_1,covariate,severe,0.27784626221354586,0.86,0.9113924050632911,0.9113924050632911,0.9113924050632911,0.8794454490657021,False,-0.1788486212971303,0.0
3A-3,46,15,retrained_baseline,covariate,severe,0.27784626221354586,0.91,0.9375,0.9493670886075949,0.9433962264150944,0.9722724532851115,True,-0.052523199695053036,0.03200382135180324
3A-4,42,0,frozen_model_1,concept,mild,0.05410964119177449,0.82,0.9122807017543859,0.8,0.8524590163934426,0.8650549450549451,False,-0.09816998834705226,0.0
3A-4,42,0,retrained_baseline,concept,mild,0.05410964119177449,0.96,0.9552238805970149,0.9846153846153847,0.9696969696969697,0.9964835164835164,True,-0.06067081765021287,0.11723795330352715
3A-4,42,1,frozen_model_1,concept,mild,0.11212591510866306,0.81,0.7727272727272727,0.5483870967741935,0.6415094339622641,0.8630201028517999,False,0.11277959408412619,0.0
3A-4,42,1,retrained_baseline,concept,mild,0.11212591510866306,0.94,0.9629629629629629,0.8387096774193549,0.896551724137931,0.9948574100046751,True,0.012474427908825803,0.25504229017566693
3A-4,42,2,frozen_model_1,concept,mild,0.11943299482622649,0.78,0.8666666666666667,0.8441558441558441,0.8552631578947368,0.8068887634105025,False,-0.10097412984834653,0.0
3A-4,42,2,retrained_baseline,concept,mild,0.11943299482622649,0.93,0.926829268292683,0.987012987012987,0.9559748427672956,0.9881422924901186,True,-0.046948690720538755,0.10071168487255877
3A-4,42,3,frozen_model_1,concept,mild,0.06797505960878535,0.83,0.9117647058823529,0.6888888888888889,0.7848101265822784,0.8828282828282829,False,-0.030521098535888136,0.0
3A-4,42,3,retrained_baseline,concept,mild,0.06797505960878535,0.95,0.9761904761904762,0.9111111111111111,0.9425287356321839,0.9927272727272727,True,-0.033502583585427015,0.15771860904990542
3A-4,42,4,frozen_model_1,concept,mild,0.04931488541637114,0.81,0.8048780487804879,0.75,0.7764705882352941,0.8678977272727274,False,-0.022181560188903826,0.0
3A-4,42,4,retrained_baseline,concept,mild,0.04931488541637114,0.91,0.8888888888888888,0.9090909090909091,0.898876404494382,0.9772727272727273,True,0.010149747552374855,0.12240581625908786
3A-4,42,5,frozen_model_1,concept,mild,0.11720452538782748,0.78,0.8717948717948718,0.85,0.8607594936708861,0.7425,False,-0.1064704656244958,0.0
3A-4,42,5,retrained_baseline,concept,mild,0.11720452538782748,0.9,0.8977272727272727,0.9875,0.9404761904761905,0.976875,True,-0.03145003842943361,0.07971669680530435
3A-4,42,6,frozen_model_1,concept,mild,0.11486405617606316,0.8,0.7647058823529411,0.4482758620689655,0.5652173913043478,0.8601262748907237,False,0.18907163674204253,0.0
3A-4,42,6,retrained_baseline,concept,mild,0.11486405617606316,0.94,0.9259259259259259,0.8620689655172413,0.8928571428571429,0.9849441476444876,True,0.016169009189613948,0.3276397515527951
3A-4,42,7,frozen_model_1,concept,mild,0.07124664517896373,0.84,0.859375,0.8870967741935484,0.873015873015873,0.9193548387096775,False,-0.11872684496948271,0.0
3A-4,42,7,retrained_baseline,concept,mild,0.07124664517896373,0.94,0.9827586206896551,0.9193548387096774,0.95,0.9817487266553481,True,-0.0409738479532431,0.07698412698412693
3A-4,42,8,frozen_model_1,concept,mild,0.04920398209212858,0.9,0.9137931034482759,0.9137931034482759,0.9137931034482759,0.9445812807881774,False,-0.1595040754018856,0.0
3A-4,42,8,retrained_baseline,concept,mild,0.04920398209212858,0.93,0.9322033898305084,0.9482758620689655,0.9401709401709402,0.9917898193760263,True,-0.03114478812418331,0.02637783672266425
3A-4,42,9,frozen_model_1,concept,mild,0.11670128146630492,0.77,0.7727272727272727,0.4857142857142857,0.5964912280701754,0.847032967032967,False,0.1577977999762149,0.0
3A-4,42,9,retrained_baseline,concept,mild,0.11670128146630492,0.88,0.8484848484848485,0.8,0.8235294117647058,0.9643956043956043,True,0.08549674028205101,0.22703818369453044
3A-4,42,10,frozen_model_1,concept,mild,0.12238080637827033,0.81,0.9054054054054054,0.8481012658227848,0.8758169934640523,0.8704038577456299,False,-0.12152796541766198,0.0
3A-4,42,10,retrained_baseline,concept,mild,0.12238080637827033,0.91,0.9487179487179487,0.9367088607594937,0.9426751592356688,0.9801084990958409,True,-0.03364900718891195,0.06685816577161652
3A-4,42,11,frozen_model_1,concept,mild,0.060748735697895816,0.82,0.8055555555555556,0.725,0.7631578947368421,0.920625,False,-0.008868866690451838,0.0
3A-4,42,11,retrained_baseline,concept,mild,0.060748735697895816,0.97,1.0,0.925,0.961038961038961,0.98875,True,-0.052012808992204174,0.19788106630211888
3A-4,42,12,frozen_model_1,concept,mild,0.05248613321829499,0.81,0.9,0.7058823529411765,0.7912087912087912,0.9159663865546219,False,-0.036919763162400865,0.0
3A-4,42,12,retrained_baseline,concept,mild,0.05248613321829499,0.89,0.9166666666666666,0.8627450980392157,0.8888888888888888,0.981592637054822,True,0.020137263157868013,0.09768009768009767
3A-4,42,13,frozen_model_1,concept,mild,0.11195146686589386,0.85,0.9230769230769231,0.8888888888888888,0.9056603773584906,0.8979857050032489,False,-0.15137134931210028,0.0
3A-4,42,13,retrained_baseline,concept,mild,0.11195146686589386,0.92,0.9506172839506173,0.9506172839506173,0.9506172839506173,0.98180636777128,True,-0.041591131903860434,0.0449569065921267
3A-4,42,14,frozen_model_1,concept,mild,0.11698926039037076,0.85,0.9375,0.5172413793103449,0.6666666666666666,0.852112676056338,False,0.08762236137972368,0.0
3A-4,42,14,retrained_baseline,concept,mild,0.11698926039037076,0.93,0.9230769230769231,0.8275862068965517,0.8727272727272727,0.9679456046624575,True,0.03629887931948417,0.20606060606060606
3A-4,42,15,frozen_model_1,concept,mild,0.060831709018903,0.88,0.8983050847457628,0.8983050847457628,0.8983050847457628,0.9346837536171972,False,-0.14401605669937245,0.0
3A-4,42,15,retrained_baseline,concept,mild,0.060831709018903,0.93,0.9333333333333333,0.9491525423728814,0.9411764705882353,0.989665150888797,True,-0.03215031854147843,0.04287138584247252
3A-4,43,0,frozen_model_1,concept,mild,0.053172919121758984,0.83,0.9310344827586207,0.8059701492537313,0.864,0.9140660334690185,False,-0.08189334698969397,0.0
3A-4,43,0,retrained_baseline,concept,mild,0.053172919121758984,0.96,1.0,0.9402985074626866,0.9692307692307692,1.0,True,-0.07521883868269874,0.10523076923076924
3A-4,43,1,frozen_model_1,concept,mild,0.11484942167241317,0.77,0.7272727272727273,0.48484848484848486,0.5818181818181818,0.8168249660786975,False,0.20028847119212423,0.0
3A-4,43,1,retrained_baseline,concept,mild,0.11484942167241317,0.93,1.0,0.7878787878787878,0.8813559322033898,0.9914066033469018,True,0.012655998344680675,0.299537750385208
3A-4,43,2,frozen_model_1,concept,mild,0.12013177243544561,0.9,0.8875,0.9861111111111112,0.9342105263157895,0.9479166666666667,False,-0.15210387330548347,0.0
3A-4,43,2,retrained_baseline,concept,mild,0.12013177243544561,0.96,0.9594594594594594,0.9861111111111112,0.9726027397260274,0.9985119047619048,True,-0.07859080917795691,0.03839221341023791
3A-4,43,3,frozen_model_1,concept,mild,0.06058098690927338,0.84,0.9487179487179487,0.7254901960784313,0.8222222222222222,0.9095638255302121,False,-0.04011556921191617,0.0
3A-4,43,3,retrained_baseline,concept,mild,0.06058098690927338,0.89,0.9761904761904762,0.803921568627451,0.8817204301075269,0.9919967987194878,True,0.012291500440543612,0.05949820788530469
3A-4,43,4,frozen_model_1,concept,mild,0.0514326031836029,0.88,0.8571428571428571,0.8571428571428571,0.8571428571428571,0.9295977011494253,False,-0.07503620413255108,0.0
3A-4,43,4,retrained_baseline,concept,mild,0.0514326031836029,0.94,0.9285714285714286,0.9285714285714286,0.9285714285714286,0.9917898193760263,True,-0.034559498023358115,0.07142857142857151
3A-4,43,5,frozen_model_1,concept,mild,0.11449089739108746,0.87,0.9102564102564102,0.922077922077922,0.9161290322580645,0.8915866741953699,False,-0.1340223792477585,0.0
3A-4,43,5,retrained_baseline,concept,mild,0.11449089739108746,0.93,0.9375,0.974025974025974,0.9554140127388535,0.9898362507058159,True,-0.061402082190783025,0.03928498048078899
3A-4,43,6,frozen_model_1,concept,mild,0.11723789314975892,0.78,0.7894736842105263,0.45454545454545453,0.5769230769230769,0.7896879240162823,False,0.20518357608722915,0.0
3A-4,43,6,retrained_baseline,concept,mild,0.11723789314975892,0.95,0.9375,0.9090909090909091,0.9230769230769231,0.9859791949344188,True,-0.02906499252885264,0.34615384615384626
3A-4,43,7,frozen_model_1,concept,mild,0.06202942571784298,0.89,0.9,0.9152542372881356,0.907563025210084,0.9187680859859445,False,-0.125456372199778,0.0
3A-4,43,7,retrained_baseline,concept,mild,0.06202942571784298,0.92,0.9322033898305084,0.9322033898305084,0.9322033898305084,0.989251756924349,True,-0.038191459282437945,0.024640364620424404
3A-4,43,8,frozen_model_1,concept,mild,0.05569604146583468,0.82,0.8983050847457628,0.8153846153846154,0.8548387096774194,0.8817582417582418,False,-0.07273205666711335,0.0
3A-4,43,8,retrained_baseline,concept,mild,0.05569604146583468,0.91,0.9117647058823529,0.9538461538461539,0.9323308270676691,0.9784615384615385,True,-0.03831889651959863,0.07749211739024975
3A-4,43,9,frozen_model_1,concept,mild,0.11738904186673126,0.73,0.7142857142857143,0.4166666666666667,0.5263157894736842,0.751736111111111,False,0.25579086353662184,0.0
3A-4,43,9,retrained_baseline,concept,mild,0.11738904186673126,0.82,0.8461538461538461,0.6111111111111112,0.7096774193548387,0.9483506944444444,True,0.18433451119323174,0.18336162988115456
3A-4,43,10,frozen_model_1,concept,mild,0.12382926062752324,0.87,0.9012345679012346,0.9358974358974359,0.9182389937106918,0.8857808857808857,False,-0.13613234070038582,0.0
3A-4,43,10,retrained_baseline,concept,mild,0.12382926062752324,0.9,0.9358974358974359,0.9358974358974359,0.9358974358974359,0.9685314685314685,True,-0.041885505349365415,0.01765844218674406
3A-4,43,11,frozen_model_1,concept,mild,0.06138309970880838,0.89,0.9230769230769231,0.8181818181818182,0.8674698795180723,0.890422077922078,False,-0.08536322650776629,0.0
3A-4,43,11,retrained_baseline,concept,mild,0.06138309970880838,0.9,0.925,0.8409090909090909,0.8809523809523809,0.981737012987013,True,0.013059549595689557,0.013482501434308625
3A-4,43,12,frozen_model_1,concept,mild,0.05085322348162311,0.77,0.8780487804878049,0.6666666666666666,0.7578947368421053,0.8590982286634461,False,0.02421191616820073,0.0
3A-4,43,12,retrained_baseline,concept,mild,0.05085322348162311,0.85,0.8979591836734694,0.8148148148148148,0.8543689320388349,0.9629629629629629,True,0.03964299850923558,0.09647419519672962
3A-4,43,13,frozen_model_1,concept,mild,0.11204961792478256,0.81,0.8860759493670886,0.875,0.8805031446540881,0.8075,False,-0.09839649164378206,0.0
3A-4,43,13,retrained_baseline,concept,mild,0.11204961792478256,0.89,0.9367088607594937,0.925,0.9308176100628931,0.9475,True,-0.03680567951482261,0.05031446540880502
3A-4,43,14,frozen_model_1,concept,mild,0.11763901895664487,0.75,0.8181818181818182,0.46153846153846156,0.5901639344262295,0.7387557797393864,False,0.19194271858407652,0.0
3A-4,43,14,retrained_baseline,concept,mild,0.11763901895664487,0.86,0.9032258064516129,0.717948717948718,0.8,0.9667927700714586,True,0.09401193054807044,0.20983606557377055
3A-4,43,15,frozen_model_1,concept,mild,0.06461576299300477,0.86,0.8833333333333333,0.8833333333333333,0.8833333333333333,0.9379166666666666,False,-0.10122668032302728,0.0
3A-4,43,15,retrained_baseline,concept,mild,0.06461576299300477,0.93,0.9344262295081968,0.95,0.9421487603305785,0.9862500000000001,True,-0.048136829782507995,0.05881542699724518
3A-4,44,0,frozen_model_1,concept,mild,0.05330472123813145,0.91,1.0,0.8695652173913043,0.9302325581395349,0.9621318373071529,False,-0.15109265995073995,0.0
3A-4,44,0,retrained_baseline,concept,mild,0.05330472123813145,1.0,1.0,1.0,1.0,1.0,True,-0.1158084152987402,0.06976744186046513
3A-4,44,1,frozen_model_1,concept,mild,0.11536128468457252,0.78,0.5925925925925926,0.5925925925925926,0.5925925925925926,0.8655504819888381,False,0.18654730559620236,0.0
3A-4,44,1,retrained_baseline,concept,mild,0.11536128468457252,0.96,0.9259259259259259,0.9259259259259259,0.9259259259259259,0.9878234398782344,True,-0.04173434122466613,0.33333333333333337
3A-4,44,2,frozen_model_1,concept,mild,0.11855048084045888,0.79,0.8441558441558441,0.8783783783783784,0.8609271523178808,0.8115904365904366,False,-0.08178725412908583,0.0
3A-4,44,2,retrained_baseline,concept,mild,0.11855048084045888,0.97,0.961038961038961,1.0,0.9801324503311258,0.9974012474012475,True,-0.09594086562986603,0.11920529801324509
3A-4,44,3,frozen_model_1,concept,mild,0.0649165006304543,0.79,0.8787878787878788,0.6304347826086957,0.7341772151898734,0.8735909822866346,False,0.04496268299892148,0.0
3A-4,44,3,retrained_baseline,concept,mild,0.0649165006304543,0.93,0.9534883720930233,0.8913043478260869,0.9213483146067416,0.9931561996779389,True,-0.0371567299054818,0.18717109941686816
3A-4,44,4,frozen_model_1,concept,mild,0.04894583545561868,0.88,0.9111111111111111,0.8367346938775511,0.8723404255319149,0.9467787114845938,False,-0.09320052734312001,0.0
3A-4,44,4,retrained_baseline,concept,mild,0.04894583545561868,0.93,0.92,0.9387755102040817,0.9292929292929293,0.992797118847539,True,-0.04510134459166948,0.05695250376101435
3A-4,44,5,frozen_model_1,concept,mild,0.11632113998918364,0.81,0.8717948717948718,0.8831168831168831,0.8774193548387097,0.841897233201581,False,-0.09827945664991478,0.0
3A-4,44,5,retrained_baseline,concept,mild,0.11632113998918364,0.91,0.8953488372093024,1.0,0.9447852760736196,0.9943534726143421,True,-0.060593691372359815,0.06736592123490992
3A-4,44,6,frozen_model_1,concept,mild,0.11997888547796998,0.81,0.8076923076923077,0.6,0.6885245901639344,0.8428571428571429,False,0.09061530802486051,0.0
3A-4,44,6,retrained_baseline,concept,mild,0.11997888547796998,0.93,0.8888888888888888,0.9142857142857143,0.9014084507042254,0.9810989010989011,True,-0.01721686600296557,0.21288386054029096
3A-4,44,7,frozen_model_1,concept,mild,0.061059516617523624,0.87,0.890625,0.9047619047619048,0.8976377952755905,0.9373659373659373,False,-0.11849789708679559,0.0
3A-4,44,7,retrained_baseline,concept,mild,0.061059516617523624,0.94,0.9384615384615385,0.9682539682539683,0.953125,0.9918489918489919,True,-0.0689334152987402,0.05548720472440949
3A-4,44,8,frozen_model_1,concept,mild,0.04889813003293595,0.81,0.8983050847457628,0.803030303030303,0.848,0.8435828877005347,False,-0.06886010181120505,0.0
3A-4,44,8,retrained_baseline,concept,mild,0.04889813003293595,0.9,0.9117647058823529,0.9393939393939394,0.9253731343283582,0.9723707664884136,True,-0.04118154962709841,0.07737313432835824
3A-4,44,9,frozen_model_1,concept,mild,0.11424041700327393,0.76,0.782608695652174,0.4864864864864865,0.6,0.8303303303303304,False,0.17913989818879494,0.0
3A-4,44,9,retrained_baseline,concept,mild,0.11424041700327393,0.88,0.8571428571428571,0.8108108108108109,0.8333333333333334,0.9631059631059631,True,0.05085825136792643,0.2333333333333334
3A-4,44,10,frozen_model_1,concept,mild,0.1189401529294782,0.85,0.8780487804878049,0.935064935064935,0.9056603773584906,0.860530773574252,False,-0.12652047916969567,0.0
3A-4,44,10,retrained_baseline,concept,mild,0.1189401529294782,0.95,0.95,0.987012987012987,0.9681528662420382,0.9836250705815924,True,-0.08396128154077842,0.06249248888354764
3A-4,44,11,frozen_model_1,concept,mild,0.06481012011481609,0.8,0.8823529411764706,0.6521739130434783,0.75,0.9047906602254429,False,0.02913989818879492,0.0
3A-4,44,11,retrained_baseline,concept,mild,0.06481012011481609,0.92,0.9523809523809523,0.8695652173913043,0.9090909090909091,0.9855072463768116,True,-0.024899324389649258,0.15909090909090906
3A-4,44,12,frozen_model_1,concept,mild,0.05293539771033018,0.84,0.8409090909090909,0.8043478260869565,0.8222222222222222,0.9078099838969405,False,-0.043082324033427266,0.0
3A-4,44,12,retrained_baseline,concept,mild,0.05293539771033018,0.88,0.8863636363636364,0.8478260869565217,0.8666666666666667,0.9778582930756843,True,0.017524918034593107,0.04444444444444451
3A-4,44,13,frozen_model_1,concept,mild,0.11148573069030336,0.8,0.8846153846153846,0.8625,0.8734177215189873,0.8181250000000001,False,-0.09427782333019241,0.0
3A-4,44,13,retrained_baseline,concept,mild,0.11148573069030336,0.87,0.9135802469135802,0.925,0.9192546583850931,0.95875,True,-0.03506307368383332,0.04583693686610579
3A-4,44,14,frozen_model_1,concept,mild,0.11733938495763678,0.82,0.7727272727272727,0.5666666666666667,0.6538461538461539,0.8547619047619047,False,0.12529374434264107,0.0
3A-4,44,14,retrained_baseline,concept,mild,0.11733938495763678,0.89,0.8064516129032258,0.8333333333333334,0.819672131147541,0.9623809523809524,True,0.0645194535537188,0.16582597730138715
3A-4,44,15,frozen_model_1,concept,mild,0.06426130032811724,0.9,0.9230769230769231,0.9230769230769231,0.9230769230769231,0.9287912087912088,False,-0.1439370248881282,0.0
3A-4,44,15,retrained_baseline,concept,mild,0.06426130032811724,0.91,0.9375,0.9230769230769231,0.9302325581395349,0.9841758241758242,True,-0.04604097343827507,0.007155635062611743
3A-4,45,0,frozen_model_1,concept,mild,0.04856715715305241,0.83,0.890625,0.8507462686567164,0.8702290076335878,0.9122568973315242,False,-0.12287366868610428,0.0
3A-4,45,0,retrained_baseline,concept,mild,0.04856715715305241,0.97,0.9848484848484849,0.9701492537313433,0.9774436090225563,0.9972862957937585,True,-0.07490664161811356,0.10721460138896854
3A-4,45,1,frozen_model_1,concept,mild,0.11312725633369843,0.75,0.7096774193548387,0.5789473684210527,0.6376811594202898,0.8747877758913412,False,0.10967417952719372,0.0
3A-4,45,1,retrained_baseline,concept,mild,0.11312725633369843,0.97,1.0,0.9210526315789473,0.958904109589041,0.9966044142614601,True,-0.05636714218459826,0.32122295016875124
3A-4,45,2,frozen_model_1,concept,mild,0.12307907394884483,0.83,0.9027777777777778,0.8666666666666667,0.8843537414965986,0.8904000000000001,False,-0.1369984025491151,0.0
3A-4,45,2,retrained_baseline,concept,mild,0.12307907394884483,0.97,0.9736842105263158,0.9866666666666667,0.9801324503311258,0.9967999999999999,True,-0.07759548292668306,0.09577870883452722
3A-4,45,3,frozen_model_1,concept,mild,0.06784727712351575,0.81,0.9032258064516129,0.6363636363636364,0.7466666666666667,0.8681006493506493,False,0.0006886722808168155,0.0
3A-4,45,3,retrained_baseline,concept,mild,0.06784727712351575,0.95,1.0,0.8863636363636364,0.9397590361445783,0.9979707792207791,True,-0.03722206874013556,0.19309236947791164
3A-4,45,4,frozen_model_1,concept,mild,0.05433965137848648,0.85,0.8421052631578947,0.7804878048780488,0.810126582278481,0.9303431169904919,False,-0.06277124333099748,0.0
3A-4,45,4,retrained_baseline,concept,mild,0.05433965137848648,0.93,0.925,0.9024390243902439,0.9135802469135802,0.9888383629599008,True,-0.011043279509137416,0.1034536646350992
3A-4,45,5,frozen_model_1,concept,mild,0.11145597082008611,0.86,0.8977272727272727,0.9404761904761905,0.9186046511627907,0.7585565476190477,False,-0.17124931221530715,0.0
3A-4,45,5,retrained_baseline,concept,mild,0.11145597082008611,0.95,0.9540229885057471,0.9880952380952381,0.9707602339181286,0.9784226190476191,True,-0.06822326651368582,0.05215558275533794
3A-4,45,6,frozen_model_1,concept,mild,0.12118771161898273,0.73,0.6428571428571429,0.2903225806451613,0.4,0.7038335670874241,False,0.3473553389474835,0.0
3A-4,45,6,retrained_baseline,concept,mild,0.12118771161898273,0.92,0.896551724137931,0.8387096774193549,0.8666666666666667,0.9700794763908368,True,0.035870300737776084,0.4666666666666667
3A-4,45,7,frozen_model_1,concept,mild,0.06984125076553056,0.83,0.9298245614035088,0.803030303030303,0.8617886178861789,0.9269162210338681,False,-0.11443327893869537,0.0
3A-4,45,7,retrained_baseline,concept,mild,0.06984125076553056,0.94,0.9545454545454546,0.9545454545454546,0.9545454545454546,0.9866310160427807,True,-0.052008487141011805,0.0927568366592757
3A-4,45,8,frozen_model_1,concept,mild,0.053216232842317135,0.8,0.8813559322033898,0.8,0.8387096774193549,0.8846153846153846,False,-0.09135433847187135,0.0
3A-4,45,8,retrained_baseline,concept,mild,0.053216232842317135,0.97,0.9696969696969697,0.9846153846153847,0.9770992366412213,0.9956043956043956,True,-0.07456226923677856,0.13838955922186646
3A-4,45,9,frozen_model_1,concept,mild,0.11642358634506911,0.82,0.8387096774193549,0.6666666666666666,0.7428571428571429,0.9129886506935687,False,0.004498196090340634,0.0
3A-4,45,9,retrained_baseline,concept,mild,0.11642358634506911,0.97,1.0,0.9230769230769231,0.96,0.9949558638083228,True,-0.057463032595557184,0.21714285714285708
3A-4,45,10,frozen_model_1,concept,mild,0.11897483995315672,0.86,0.9324324324324325,0.8846153846153846,0.9078947368421053,0.8875291375291375,False,-0.1605393978946218,0.0
3A-4,45,10,retrained_baseline,concept,mild,0.11897483995315672,0.93,0.927710843373494,0.9871794871794872,0.9565217391304348,0.9848484848484849,True,-0.05398477172599203,0.0486270022883295
3A-4,45,11,frozen_model_1,concept,mild,0.06295247486371759,0.84,0.918918918918919,0.723404255319149,0.8095238095238095,0.9409875551987154,False,-0.06216847057632602,0.0
3A-4,45,11,retrained_baseline,concept,mild,0.06295247486371759,0.92,0.9534883720930233,0.8723404255319149,0.9111111111111111,0.9863508631071859,True,-0.008574143706668313,0.10158730158730156
3A-4,45,12,frozen_model_1,concept,mild,0.05363138669836157,0.81,0.8,0.7441860465116279,0.7710843373493976,0.8935128518971848,False,-0.023728998401914114,0.0
3A-4,45,12,retrained_baseline,concept,mild,0.05363138669836157,0.89,0.8333333333333334,0.9302325581395349,0.8791208791208791,0.9783761729906161,True,0.023416088283563674,0.10803654177148148
3A-4,45,13,frozen_model_1,concept,mild,0.11703303328328359,0.83,0.8860759493670886,0.8974358974358975,0.89171974522293,0.8717948717948718,False,-0.14436440627544644,0.0
3A-4,45,13,retrained_baseline,concept,mild,0.11703303328328359,0.91,0.9156626506024096,0.9743589743589743,0.9440993788819876,0.979020979020979,True,-0.0415624114775448,0.05237963365905762
3A-4,45,14,frozen_model_1,concept,mild,0.11802914726010028,0.75,0.875,0.3783783783783784,0.5283018867924528,0.8991848991848992,False,0.2190534521550307,0.0
3A-4,45,14,retrained_baseline,concept,mild,0.11802914726010028,0.93,0.8947368421052632,0.918918918918919,0.9066666666666666,0.9867009867009866,True,-0.00412969926222384,0.3783647798742138
3A-4,45,15,frozen_model_1,concept,mild,0.06325640237145254,0.84,0.9107142857142857,0.8225806451612904,0.864406779661017,0.9371816638370118,False,-0.11705144071353346,0.0
3A-4,45,15,retrained_baseline,concept,mild,0.06325640237145254,0.91,0.9076923076923077,0.9516129032258065,0.9291338582677166,0.9842954159592529,True,-0.02659689086327377,0.06472707860669957
3A-4,46,0,frozen_model_1,concept,mild,0.05203891439711252,0.85,0.9655172413793104,0.8115942028985508,0.8818897637795275,0.9289387564282374,False,-0.14934598001336674,0.0
3A-4,46,0,retrained_baseline,concept,mild,0.05203891439711252,0.97,0.9583333333333334,1.0,0.9787234042553191,0.9939223936418887,True,-0.0878503775352778,0.09683364047579157
3A-4,46,1,frozen_model_1,concept,mild,0.11458803039602837,0.83,0.8571428571428571,0.5625,0.6792452830188679,0.9149816176470588,False,0.05329850074729292,0.0
3A-4,46,1,retrained_baseline,concept,mild,0.11458803039602837,0.97,0.967741935483871,0.9375,0.9523809523809523,0.9990808823529412,True,-0.06150792566091101,0.27313566936208444
3A-4,46,2,frozen_model_1,concept,mild,0.11823412428981761,0.79,0.8875,0.8554216867469879,0.8711656441717791,0.7873848334514528,False,-0.1386218604056183,0.0
3A-4,46,2,retrained_baseline,concept,mild,0.11823412428981761,0.95,0.9431818181818182,1.0,0.9707602339181286,0.9893692416725726,True,-0.07988720719808728,0.0995945897463495
3A-4,46,3,frozen_model_1,concept,mild,0.06414361394205059,0.74,0.775,0.6458333333333334,0.7045454545454546,0.8327323717948718,False,0.02799832922070622,0.0
3A-4,46,3,retrained_baseline,concept,mild,0.06414361394205059,0.97,0.9787234042553191,0.9583333333333334,0.968421052631579,0.9967948717948718,True,-0.07754802591153764,0.2638755980861244
3A-4,46,4,frozen_model_1,concept,mild,0.05148216016623521,0.88,0.8571428571428571,0.8571428571428571,0.8571428571428571,0.9199507389162561,False,-0.12459907337669629,0.0
3A-4,46,4,retrained_baseline,concept,mild,0.05148216016623521,0.94,0.9090909090909091,0.9523809523809523,0.9302325581395349,0.9942528735632183,True,-0.039359531419493554,0.07308970099667778
3A-4,46,5,frozen_model_1,concept,mild,0.11927964236503401,0.8,0.8974358974358975,0.8536585365853658,0.875,0.7974254742547425,False,-0.1424562162338392,0.0
3A-4,46,5,retrained_baseline,concept,mild,0.11927964236503401,0.92,0.9204545454545454,0.9878048780487805,0.9529411764705882,0.9668021680216803,True,-0.062068149750546864,0.07794117647058818
3A-4,46,6,frozen_model_1,concept,mild,0.11753890796621912,0.8,0.7647058823529411,0.4482758620689655,0.5652173913043478,0.7841185041282177,False,0.16732639246181302,0.0
3A-4,46,6,retrained_baseline,concept,mild,0.11753890796621912,0.91,0.8846153846153846,0.7931034482758621,0.8363636363636363,0.9762020398251579,True,0.05450939035640501,0.2711462450592885
3A-4,46,7,frozen_model_1,concept,mild,0.06680546065385641,0.89,0.9344262295081968,0.890625,0.912,0.9370659722222222,False,-0.17945621623383923,0.0
3A-4,46,7,retrained_baseline,concept,mild,0.06680546065385641,0.94,0.967741935483871,0.9375,0.9523809523809523,0.9891493055555555,True,-0.06150792566091101,0.040380952380952295
3A-4,46,8,frozen_model_1,concept,mild,0.0543570023819502,0.83,0.9016393442622951,0.8333333333333334,0.8661417322834646,0.8516042780748663,False,-0.13359794851730378,0.0
3A-4,46,8,retrained_baseline,concept,mild,0.0543570023819502,0.89,0.9230769230769231,0.9090909090909091,0.916030534351145,0.9630124777183601,True,-0.025157507631103693,0.04988880206768043
3A-4,46,9,frozen_model_1,concept,mild,0.11169766293877119,0.75,0.6666666666666666,0.5294117647058824,0.5901639344262295,0.7780748663101604,False,0.1423798493399313,0.0
3A-4,46,9,retrained_baseline,concept,mild,0.11169766293877119,0.9,0.8529411764705882,0.8529411764705882,0.8529411764705882,0.9402852049910874,True,0.037931850249453114,0.2627772420443587
3A-4,46,10,frozen_model_1,concept,mild,0.11902534498383592,0.84,0.8481012658227848,0.9436619718309859,0.8933333333333333,0.8581835842642059,False,-0.1607895495671725,0.0
3A-4,46,10,retrained_baseline,concept,mild,0.11902534498383592,0.9,0.8860759493670886,0.9859154929577465,0.9333333333333333,0.9757163671685285,True,-0.04246030661329203,0.040000000000000036
3A-4,46,11,frozen_model_1,concept,mild,0.06423518888755228,0.83,0.8157894736842105,0.7560975609756098,0.7848101265822784,0.8962381149235221,False,-0.05226634281611764,0.0
3A-4,46,11,retrained_baseline,concept,mild,0.06423518888755228,0.92,0.9230769230769231,0.8780487804878049,0.9,0.9768499379909054,True,-0.009126973279958706,0.11518987341772158
3A-4,46,12,frozen_model_1,concept,mild,0.051728292581716774,0.85,0.8780487804878049,0.782608695652174,0.8275862068965517,0.9164653784219002,False,-0.09504242313039091,0.0
3A-4,46,12,retrained_baseline,concept,mild,0.051728292581716774,0.89,0.8723404255319149,0.8913043478260869,0.8817204301075269,0.9786634460547504,True,0.009152596612514441,0.05413422321097516
3A-4,46,13,frozen_model_1,concept,mild,0.11282226103669953,0.83,0.8571428571428571,0.935064935064935,0.8944099378881988,0.8035008469791078,False,-0.16186615412203798,0.0
3A-4,46,13,retrained_baseline,concept,mild,0.11282226103669953,0.88,0.9113924050632911,0.935064935064935,0.9230769230769231,0.9491812535290797,True,-0.03220389635688181,0.028666985188724348
3A-4,46,14,frozen_model_1,concept,mild,0.12242298363858546,0.8,0.6875,0.4230769230769231,0.5238095238095238,0.8082120582120582,False,0.20873425995663697,0.0
3A-4,46,14,retrained_baseline,concept,mild,0.12242298363858546,0.94,0.8333333333333334,0.9615384615384616,0.8928571428571429,0.9714137214137215,True,-0.001984116137101588,0.36904761904761907
3A-4,46,15,frozen_model_1,concept,mild,0.061348385145109874,0.9,0.9824561403508771,0.8615384615384616,0.9180327868852459,0.9435164835164835,False,-0.18548900311908512,0.0
3A-4,46,15,retrained_baseline,concept,mild,0.061348385145109874,0.95,0.96875,0.9538461538461539,0.9612403100775194,0.9912087912087911,True,-0.0703672833574781,0.0432075231922735
3A-5,42,0,frozen_model_1,concept,moderate,0.05410964119177449,0.82,0.9298245614035088,0.7910447761194029,0.8548387096774194,0.8787878787878787,False,-0.10054968163102906,0.0
3A-5,42,0,retrained_baseline,concept,moderate,0.05410964119177449,0.95,0.9428571428571428,0.9850746268656716,0.9635036496350365,0.9927634554500226,True,-0.05447749758827969,0.10866493995761717
3A-5,42,1,frozen_model_1,concept,moderate,0.11212591510866306,0.82,0.9545454545454546,0.5526315789473685,0.7,0.8726655348047538,False,0.05428902804639035,0.0
3A-5,42,1,retrained_baseline,concept,moderate,0.11212591510866306,0.93,1.0,0.8157894736842105,0.8985507246376812,0.9970288624787776,True,0.0104754274090757,0.1985507246376812
3A-5,42,2,frozen_model_1,concept,moderate,0.11943299482622649,0.82,0.9333333333333333,0.8433734939759037,0.8860759493670886,0.8695960311835579,False,-0.13178692132069825,0.0
3A-5,42,2,retrained_baseline,concept,moderate,0.11943299482622649,0.96,0.9647058823529412,0.9879518072289156,0.9761904761904762,0.9936215450035435,True,-0.06716432414371931,0.09011452682338761
3A-5,42,3,frozen_model_1,concept,moderate,0.06797505960878535,0.82,0.9705882352941176,0.66,0.7857142857142857,0.9124,False,-0.03142525766789539,0.0
3A-5,42,3,retrained_baseline,concept,moderate,0.06797505960878535,0.94,0.94,0.94,0.94,0.9892,True,-0.030973847953243094,0.15428571428571425
3A-5,42,4,frozen_model_1,concept,moderate,0.04931488541637114,0.84,0.9024390243902439,0.7551020408163265,0.8222222222222222,0.9151660664265707,False,-0.06793319417583188,0.0
3A-5,42,4,retrained_baseline,concept,moderate,0.04931488541637114,0.92,0.9183673469387755,0.9183673469387755,0.9183673469387755,0.9871948779511804,True,-0.009341194892018678,0.09614512471655334
3A-5,42,5,frozen_model_1,concept,moderate,0.11720452538782748,0.82,0.9487179487179487,0.8409090909090909,0.891566265060241,0.8077651515151515,False,-0.13727723701385064,0.0
3A-5,42,5,retrained_baseline,concept,moderate,0.11720452538782748,0.96,0.9666666666666667,0.9886363636363636,0.9775280898876404,0.9857954545454546,True,-0.06850193784088354,0.08596182482739945
3A-5,42,6,frozen_model_1,concept,moderate,0.11486405617606316,0.79,0.8235294117647058,0.4375,0.5714285714285714,0.885110294117647,False,0.1828604566178189,0.0
3A-5,42,6,retrained_baseline,concept,moderate,0.11486405617606316,0.92,0.9285714285714286,0.8125,0.8666666666666667,0.9885110294117647,True,0.042359485380090156,0.2952380952380953
3A-5,42,7,frozen_model_1,concept,moderate,0.07124664517896373,0.84,0.890625,0.8636363636363636,0.8769230769230769,0.9264705882352942,False,-0.12263404887668661,0.0
3A-5,42,7,retrained_baseline,concept,moderate,0.07124664517896373,0.95,0.9841269841269841,0.9393939393939394,0.9612403100775194,0.9901960784313724,True,-0.05221415803076257,0.0843172331544425
3A-5,42,8,frozen_model_1,concept,moderate,0.04920398209212858,0.89,0.9827586206896551,0.8507462686567164,0.912,0.9599728629579375,False,-0.15771097195360972,0.0
3A-5,42,8,retrained_baseline,concept,moderate,0.04920398209212858,0.94,0.9841269841269841,0.9253731343283582,0.9538461538461539,0.9941203075531433,True,-0.04482000179939705,0.041846153846153866
3A-5,42,9,frozen_model_1,concept,moderate,0.11670128146630492,0.76,0.9545454545454546,0.4772727272727273,0.6363636363636364,0.913961038961039,False,0.11792539168275396,0.0
3A-5,42,9,retrained_baseline,concept,moderate,0.11670128146630492,0.93,0.9743589743589743,0.8636363636363636,0.9156626506024096,0.9874188311688311,True,-0.006636498555652737,0.27929901423877324
3A-5,42,10,frozen_model_1,concept,moderate,0.12238080637827033,0.83,0.9459459459459459,0.8433734939759037,0.89171974522293,0.8731396172927002,False,-0.13743071717653965,0.0
3A-5,42,10,retrained_baseline,concept,moderate,0.12238080637827033,0.94,0.963855421686747,0.963855421686747,0.963855421686747,0.9858256555634302,True,-0.05482926963999013,0.07213567646381702
3A-5,42,11,frozen_model_1,concept,moderate,0.060748735697895816,0.85,0.8888888888888888,0.7441860465116279,0.810126582278481,0.945328437372501,False,-0.05583755423209069,0.0
3A-5,42,11,retrained_baseline,concept,moderate,0.060748735697895816,0.95,0.9523809523809523,0.9302325581395349,0.9411764705882353,0.9946960424316605,True,-0.03215031854147843,0.13104988830975428
3A-5,42,12,frozen_model_1,concept,moderate,0.05248613321829499,0.82,0.9,0.72,0.8,0.9291999999999999,False,-0.045710971953609736,0.0
3A-5,42,12,retrained_baseline,concept,moderate,0.05248613321829499,0.89,0.8979591836734694,0.88,0.8888888888888888,0.9836,True,0.020137263157868013,0.0888888888888888
3A-5,42,13,frozen_model_1,concept,moderate,0.11195146686589386,0.83,0.9358974358974359,0.8588235294117647,0.8957055214723927,0.8792156862745099,False,-0.14141649342600238,0.0
3A-5,42,13,retrained_baseline,concept,moderate,0.11195146686589386,0.91,0.9523809523809523,0.9411764705882353,0.9467455621301775,0.9756862745098039,True,-0.03771941008342061,0.05104004065778478
3A-5,42,14,frozen_model_1,concept,moderate,0.11698926039037076,0.82,1.0,0.47058823529411764,0.64,0.8714349376114082,False,0.1142890280463903,0.0
3A-5,42,14,retrained_baseline,concept,moderate,0.11698926039037076,0.93,0.9354838709677419,0.8529411764705882,0.8923076923076924,0.9710338680926915,True,0.016718459739064495,0.25230769230769234
3A-5,42,15,frozen_model_1,concept,moderate,0.060831709018903,0.89,0.9322033898305084,0.8870967741935484,0.9090909090909091,0.9554329371816639,False,-0.15480188104451875,0.0
3A-5,42,15,retrained_baseline,concept,moderate,0.060831709018903,0.95,0.9523809523809523,0.967741935483871,0.96,0.9915110356536503,True,-0.05097384795324311,0.050909090909090904
3A-5,43,0,frozen_model_1,concept,moderate,0.053172919121758984,0.83,0.9655172413793104,0.7887323943661971,0.8682170542635659,0.9426906265177271,False,-0.08611040125325986,0.0
3A-5,43,0,retrained_baseline,concept,moderate,0.053172919121758984,0.98,1.0,0.971830985915493,0.9857142857142858,0.9990286546867412,True,-0.09170235516621528,0.11749723145071989
3A-5,43,1,frozen_model_1,concept,moderate,0.11484942167241317,0.77,0.8181818181818182,0.4864864864864865,0.6101694915254238,0.8078078078078078,False,0.17193716148488225,0.0
3A-5,43,1,retrained_baseline,concept,moderate,0.11484942167241317,0.93,0.96875,0.8378378378378378,0.8985507246376812,0.987987987987988,True,-0.004538794089610665,0.2883812331122574
3A-5,43,2,frozen_model_1,concept,moderate,0.12013177243544561,0.91,0.9375,0.9493670886075949,0.9433962264150944,0.9535864978902953,False,-0.16128957340478833,0.0
3A-5,43,2,retrained_baseline,concept,moderate,0.12013177243544561,0.97,0.975,0.9873417721518988,0.9811320754716981,0.9969861362266426,True,-0.08712014492362763,0.037735849056603765
3A-5,43,3,frozen_model_1,concept,moderate,0.06058098690927338,0.84,0.9487179487179487,0.7254901960784313,0.8222222222222222,0.9095638255302121,False,-0.04011556921191617,0.0
3A-5,43,3,retrained_baseline,concept,moderate,0.06058098690927338,0.92,1.0,0.8431372549019608,0.9148936170212766,0.9935974389755903,True,-0.020881686473206096,0.0926713947990544
3A-5,43,4,frozen_model_1,concept,moderate,0.0514326031836029,0.89,0.9047619047619048,0.8444444444444444,0.8735632183908046,0.9579797979797979,False,-0.09145656538049862,0.0
3A-5,43,4,retrained_baseline,concept,moderate,0.0514326031836029,0.95,0.9545454545454546,0.9333333333333333,0.9438202247191011,0.9955555555555555,True,-0.04980829417103061,0.07025700632829646
3A-5,43,5,frozen_model_1,concept,moderate,0.11449089739108746,0.86,0.9487179487179487,0.8809523809523809,0.9135802469135802,0.9226190476190477,False,-0.13147359390327418,0.0
3A-5,43,5,retrained_baseline,concept,moderate,0.11449089739108746,0.96,0.9651162790697675,0.9880952380952381,0.9764705882352941,0.9933035714285714,True,-0.0824586576872236,0.0628903413217139
3A-5,43,6,frozen_model_1,concept,moderate,0.11723789314975892,0.77,0.8421052631578947,0.4444444444444444,0.5818181818181818,0.8077256944444445,False,0.20028847119212423,0.0
3A-5,43,6,retrained_baseline,concept,moderate,0.11723789314975892,0.93,0.9393939393939394,0.8611111111111112,0.8985507246376812,0.9835069444444444,True,-0.004538794089610665,0.31673254281949936
3A-5,43,7,frozen_model_1,concept,moderate,0.06202942571784298,0.91,0.9666666666666667,0.8923076923076924,0.928,0.9716483516483517,False,-0.14589334698969403,0.0
3A-5,43,7,retrained_baseline,concept,moderate,0.06202942571784298,0.96,0.9841269841269841,0.9538461538461539,0.96875,0.9934065934065934,True,-0.07473806945192951,0.04074999999999995
3A-5,43,8,frozen_model_1,concept,moderate,0.05569604146583468,0.85,0.9661016949152542,0.8142857142857143,0.8837209302325582,0.929047619047619,False,-0.10161427722225214,0.0
3A-5,43,8,retrained_baseline,concept,moderate,0.05569604146583468,0.95,0.9710144927536232,0.9571428571428572,0.9640287769784173,0.9904761904761904,True,-0.07001684643034678,0.08030784674585911
3A-5,43,9,frozen_model_1,concept,moderate,0.11738904186673126,0.74,0.8095238095238095,0.4358974358974359,0.5666666666666667,0.7910886927280371,False,0.21543998634363937,0.0
3A-5,43,9,retrained_baseline,concept,moderate,0.11738904186673126,0.87,0.8823529411764706,0.7692307692307693,0.821917808219178,0.9672131147540983,True,0.07209412232889245,0.2552511415525114
3A-5,43,10,frozen_model_1,concept,moderate,0.12382926062752324,0.88,0.9506172839506173,0.9058823529411765,0.927710843373494,0.9215686274509804,False,-0.14560419036318795,0.0
3A-5,43,10,retrained_baseline,concept,moderate,0.12382926062752324,0.96,0.9655172413793104,0.9882352941176471,0.9767441860465116,0.9898039215686275,True,-0.0827322554984411,0.04903334267301762
3A-5,43,11,frozen_model_1,concept,moderate,0.06138309970880838,0.86,0.9743589743589743,0.7450980392156863,0.8444444444444444,0.8771508603441377,False,-0.06233779143413842,0.0
3A-5,43,11,retrained_baseline,concept,moderate,0.06138309970880838,0.88,0.9534883720930233,0.803921568627451,0.8723404255319149,0.9803921568627452,True,0.021671505016155557,0.02789598108747049
3A-5,43,12,frozen_model_1,concept,moderate,0.05085322348162311,0.81,0.9512195121951219,0.6964285714285714,0.8041237113402062,0.9172077922077922,False,-0.022017058329900197,0.0
3A-5,43,12,retrained_baseline,concept,moderate,0.05085322348162311,0.9,0.96,0.8571428571428571,0.9056603773584906,0.9906655844155844,True,-0.011648446810420099,0.10153666601828437
3A-5,43,13,frozen_model_1,concept,moderate,0.11204961792478256,0.83,0.9240506329113924,0.8690476190476191,0.8957055214723927,0.8229166666666667,False,-0.11359886846208667,0.0
3A-5,43,13,retrained_baseline,concept,moderate,0.11204961792478256,0.89,0.9294117647058824,0.9404761904761905,0.9349112426035503,0.9598214285714286,True,-0.04089931205547981,0.03920572113115761
3A-5,43,14,frozen_model_1,concept,moderate,0.11763901895664487,0.78,0.9545454545454546,0.5,0.65625,0.7850985221674878,False,0.12585665301030602,0.0
3A-5,43,14,retrained_baseline,concept,moderate,0.11763901895664487,0.92,0.9722222222222222,0.8333333333333334,0.8974358974358975,0.9839901477832512,True,-0.003423966887826979,0.24118589743589747
3A-5,43,15,frozen_model_1,concept,moderate,0.06461576299300477,0.87,0.9333333333333333,0.8615384615384616,0.896,0.9472527472527473,False,-0.113893346989694,0.0
3A-5,43,15,retrained_baseline,concept,moderate,0.06461576299300477,0.93,0.9393939393939394,0.9538461538461539,0.9465648854961832,0.98989010989011,True,-0.05255295494811274,0.05056488549618321
3A-5,44,0,frozen_model_1,concept,moderate,0.05330472123813145,0.87,1.0,0.821917808219178,0.9022556390977443,0.958904109589041,False,-0.12311574090894939,0.0
3A-5,44,0,retrained_baseline,concept,moderate,0.05330472123813145,1.0,1.0,1.0,1.0,1.0,True,-0.1158084152987402,0.09774436090225569
3A-5,44,1,frozen_model_1,concept,moderate,0.11536128468457252,0.84,0.8148148148148148,0.6666666666666666,0.7333333333333333,0.9136137494346449,False,0.04580656485546164,0.0
3A-5,44,1,retrained_baseline,concept,moderate,0.11536128468457252,0.96,0.9393939393939394,0.9393939393939394,0.9393939393939394,0.9923111714156491,True,-0.055202354692679645,0.20606060606060617
3A-5,44,2,frozen_model_1,concept,moderate,0.11855048084045888,0.83,0.8961038961038961,0.8846153846153846,0.8903225806451613,0.8782051282051282,False,-0.11118268245636642,0.0
3A-5,44,2,retrained_baseline,concept,moderate,0.11855048084045888,0.98,0.9871794871794872,0.9871794871794872,0.9871794871794872,0.995920745920746,True,-0.10298790247822742,0.09685690653432588
3A-5,44,3,frozen_model_1,concept,moderate,0.0649165006304543,0.79,0.9090909090909091,0.625,0.7407407407407407,0.8928285256410255,False,0.03839915744805422,0.0
3A-5,44,3,retrained_baseline,concept,moderate,0.0649165006304543,0.93,0.9555555555555556,0.8958333333333334,0.9247311827956989,0.9927884615384616,True,-0.04053959809443908,0.18399044205495818
3A-5,44,4,frozen_model_1,concept,moderate,0.04894583545561868,0.89,0.9333333333333333,0.84,0.8842105263157894,0.9512,False,-0.10507062812699453,0.0
3A-5,44,4,retrained_baseline,concept,moderate,0.04894583545561868,0.93,0.9387755102040817,0.92,0.9292929292929293,0.9935999999999999,True,-0.04510134459166948,0.045082402977139835
3A-5,44,5,frozen_model_1,concept,moderate,0.11632113998918364,0.87,0.9615384615384616,0.8823529411764706,0.9202453987730062,0.8886274509803921,False,-0.14110550058421123,0.0
3A-5,44,5,retrained_baseline,concept,moderate,0.11632113998918364,0.97,0.9659090909090909,1.0,0.9826589595375722,0.9984313725490196,True,-0.0984673748363124,0.062413560764566056
3A-5,44,6,frozen_model_1,concept,moderate,0.11997888547796998,0.82,0.8846153846153846,0.6052631578947368,0.71875,0.8580220713073005,False,0.06038989818879492,0.0
3A-5,44,6,retrained_baseline,concept,moderate,0.11997888547796998,0.92,0.9411764705882353,0.8421052631578947,0.8888888888888888,0.9910865874363327,True,-0.004697304187629037,0.17013888888888884
3A-5,44,7,frozen_model_1,concept,moderate,0.061059516617523624,0.88,0.921875,0.8939393939393939,0.9076923076923077,0.9523172905525846,False,-0.12855240950351277,0.0
3A-5,44,7,retrained_baseline,concept,moderate,0.061059516617523624,0.98,0.9848484848484849,0.9848484848484849,0.9848484848484849,0.9955436720142602,True,-0.10065690014722506,0.07715617715617717
3A-5,44,8,frozen_model_1,concept,moderate,0.04889813003293595,0.86,0.9830508474576272,0.8169014084507042,0.8923076923076924,0.9460903351141331,False,-0.11316779411889744,0.0
3A-5,44,8,retrained_baseline,concept,moderate,0.04889813003293595,0.97,0.9857142857142858,0.971830985915493,0.9787234042553191,0.9970859640602234,True,-0.09453181955405932,0.08641571194762676
3A-5,44,9,frozen_model_1,concept,moderate,0.11424041700327393,0.77,0.8695652173913043,0.5,0.6349206349206349,0.8681249999999998,False,0.14421926326816004,0.0
3A-5,44,9,retrained_baseline,concept,moderate,0.11424041700327393,0.9,0.8947368421052632,0.85,0.8717948717948718,0.9779166666666668,True,0.012396712906387997,0.23687423687423692
3A-5,44,10,frozen_model_1,concept,moderate,0.1189401529294782,0.88,0.9390243902439024,0.9166666666666666,0.927710843373494,0.8846726190476191,False,-0.14857094518469904,0.0
3A-5,44,10,retrained_baseline,concept,moderate,0.1189401529294782,0.96,0.9761904761904762,0.9761904761904762,0.9761904761904762,0.9910714285714286,True,-0.09199889148921636,0.0484796328169822
3A-5,44,11,frozen_model_1,concept,moderate,0.06481012011481609,0.79,0.8823529411764706,0.6382978723404256,0.7407407407407407,0.9090726615816942,False,0.03839915744805422,0.0
3A-5,44,11,retrained_baseline,concept,moderate,0.06481012011481609,0.93,0.9545454545454546,0.8936170212765957,0.9230769230769231,0.9899638699317543,True,-0.038885338375663325,0.18233618233618243
3A-5,44,12,frozen_model_1,concept,moderate,0.05293539771033018,0.88,0.9545454545454546,0.8076923076923077,0.875,0.9661458333333334,False,-0.09586010181120508,0.0
3A-5,44,12,retrained_baseline,concept,moderate,0.05293539771033018,0.96,0.98,0.9423076923076923,0.9607843137254902,0.9951923076923077,True,-0.07659272902423042,0.08578431372549022
3A-5,44,13,frozen_model_1,concept,moderate,0.11148573069030336,0.81,0.9230769230769231,0.8470588235294118,0.8834355828220859,0.803921568627451,False,-0.10429568463329097,0.0
3A-5,44,13,retrained_baseline,concept,moderate,0.11148573069030336,0.89,0.9302325581395349,0.9411764705882353,0.935672514619883,0.9647058823529412,True,-0.051480929918623186,0.05223693179779709
3A-5,44,14,frozen_model_1,concept,moderate,0.11733938495763678,0.83,0.8636363636363636,0.5757575757575758,0.6909090909090909,0.885119855269109,False,0.088230807279704,0.0
3A-5,44,14,retrained_baseline,concept,moderate,0.11733938495763678,0.92,0.8787878787878788,0.8787878787878788,0.8787878787878788,0.9701492537313433,True,0.005403705913381018,0.18787878787878787
3A-5,44,15,frozen_model_1,concept,moderate,0.06426130032811724,0.92,0.9538461538461539,0.9253731343283582,0.9393939393939394,0.9570330167345092,False,-0.16025404120514453,0.0
3A-5,44,15,retrained_baseline,concept,moderate,0.06426130032811724,0.95,0.9696969696969697,0.9552238805970149,0.9624060150375939,0.9936680235187698,True,-0.07821443033633413,0.023012075643654484
3A-5,45,0,frozen_model_1,concept,moderate,0.04856715715305241,0.86,0.9375,0.8571428571428571,0.8955223880597015,0.9476190476190477,False,-0.148167049112218,0.0
3A-5,45,0,retrained_baseline,concept,moderate,0.04856715715305241,0.98,1.0,0.9714285714285714,0.9855072463768116,0.9995238095238095,True,-0.08297027897236886,0.08998485831711012
3A-5,45,1,frozen_model_1,concept,moderate,0.11312725633369843,0.76,0.7419354838709677,0.5897435897435898,0.6571428571428571,0.871374527112232,False,0.09021248180462638,0.0
3A-5,45,1,retrained_baseline,concept,moderate,0.11312725633369843,1.0,1.0,1.0,1.0,1.0,True,-0.09746303259555722,0.34285714285714286
3A-5,45,2,frozen_model_1,concept,moderate,0.12307907394884483,0.81,0.9305555555555556,0.8271604938271605,0.8758169934640523,0.859324236517219,False,-0.12846165451656877,0.0
3A-5,45,2,retrained_baseline,concept,moderate,0.12307907394884483,0.98,0.9876543209876543,0.9876543209876543,0.9876543209876543,0.9974009096816114,True,-0.08511735358321149,0.11183732752360198
3A-5,45,3,frozen_model_1,concept,moderate,0.06784727712351575,0.8,0.9354838709677419,0.6170212765957447,0.7435897435897436,0.8739462063428342,False,0.0037655953577399037,0.0
3A-5,45,3,retrained_baseline,concept,moderate,0.06784727712351575,0.97,1.0,0.9361702127659575,0.967032967032967,0.9967884383781614,True,-0.06449599962852426,0.22344322344322343
3A-5,45,4,frozen_model_1,concept,moderate,0.05433965137848648,0.89,0.9473684210526315,0.8,0.8674698795180723,0.9676767676767677,False,-0.12011454057058879,0.0
3A-5,45,4,retrained_baseline,concept,moderate,0.05433965137848648,0.97,0.9565217391304348,0.9777777777777777,0.967032967032967,0.9987878787878788,True,-0.06449599962852426,0.09956308751489473
3A-5,45,5,frozen_model_1,concept,moderate,0.11145597082008611,0.89,0.9431818181818182,0.9325842696629213,0.9378531073446328,0.8171603677221654,False,-0.19049776839714927,0.0
3A-5,45,5,retrained_baseline,concept,moderate,0.11145597082008611,0.95,0.9565217391304348,0.9887640449438202,0.9723756906077348,0.9887640449438202,True,-0.06983872320329199,0.03452258326310198
3A-5,45,6,frozen_model_1,concept,moderate,0.12118771161898273,0.74,0.9285714285714286,0.34210526315789475,0.5,0.7862903225806451,False,0.24735533894748352,0.0
3A-5,45,6,retrained_baseline,concept,moderate,0.12118771161898273,0.92,0.9166666666666666,0.868421052631579,0.8918918918918919,0.982597623089983,True,0.010645075512550894,0.3918918918918919
3A-5,45,7,frozen_model_1,concept,moderate,0.06984125076553056,0.85,0.9824561403508771,0.8,0.8818897637795275,0.9528571428571428,False,-0.13453442483204403,0.0
3A-5,45,7,retrained_baseline,concept,moderate,0.06984125076553056,0.94,0.9848484848484849,0.9285714285714286,0.9558823529411765,0.9947619047619047,True,-0.053345385536733736,0.07399258916164897
3A-5,45,8,frozen_model_1,concept,moderate,0.053216232842317135,0.84,0.9661016949152542,0.8028169014084507,0.8769230769230769,0.9611461874696455,False,-0.1295677379755934,0.0
3A-5,45,8,retrained_baseline,concept,moderate,0.053216232842317135,0.98,0.9859154929577465,0.9859154929577465,0.9859154929577465,0.9985429820301117,True,-0.08337852555330372,0.10899241603466958
3A-5,45,9,frozen_model_1,concept,moderate,0.11642358634506911,0.82,0.8709677419354839,0.6585365853658537,0.75,0.9198015708970649,False,-0.0026446610525164838,0.0
3A-5,45,9,retrained_baseline,concept,moderate,0.11642358634506911,0.95,0.95,0.926829268292683,0.9382716049382716,0.9958660603555188,True,-0.03573463753382877,0.18827160493827155
3A-5,45,10,frozen_model_1,concept,moderate,0.11897483995315672,0.86,1.0,0.8409090909090909,0.9135802469135802,0.959280303030303,False,-0.16622490796609668,0.0
3A-5,45,10,retrained_baseline,concept,moderate,0.11897483995315672,0.98,1.0,0.9772727272727273,0.9885057471264368,0.9981060606060607,True,-0.08596877972199402,0.0749255002128566
3A-5,45,11,frozen_model_1,concept,moderate,0.06295247486371759,0.84,0.9459459459459459,0.7142857142857143,0.813953488372093,0.9475790316126451,False,-0.06659814942460951,0.0
3A-5,45,11,retrained_baseline,concept,moderate,0.06295247486371759,0.93,0.9375,0.9183673469387755,0.9278350515463918,0.990796318527411,True,-0.025298084141949007,0.11388156317429876
3A-5,45,12,frozen_model_1,concept,moderate,0.05363138669836157,0.83,0.9,0.7346938775510204,0.8089887640449438,0.9415766306522608,False,-0.06163342509746028,0.0
3A-5,45,12,retrained_baseline,concept,moderate,0.05363138669836157,0.94,0.9215686274509803,0.9591836734693877,0.94,0.9903961584633855,True,-0.037463032595557166,0.13101123595505615
3A-5,45,13,frozen_model_1,concept,moderate,0.11703303328328359,0.85,0.9367088607594937,0.8809523809523809,0.9079754601226994,0.8802083333333333,False,-0.16062012117521585,0.0
3A-5,45,13,retrained_baseline,concept,moderate,0.11703303328328359,0.93,0.9529411764705882,0.9642857142857143,0.9585798816568047,0.9806547619047619,True,-0.056042914252361964,0.05060442153410538
3A-5,45,14,frozen_model_1,concept,moderate,0.11802914726010028,0.72,0.875,0.35,0.5,0.9033333333333333,False,0.24735533894748352,0.0
3A-5,45,14,retrained_baseline,concept,moderate,0.11802914726010028,0.93,0.9230769230769231,0.9,0.9113924050632911,0.9891666666666666,True,-0.00885543765884833,0.4113924050632911
3A-5,45,15,frozen_model_1,concept,moderate,0.06325640237145254,0.86,0.9642857142857143,0.8181818181818182,0.8852459016393442,0.9491978609625669,False,-0.13789056269186073,0.0
3A-5,45,15,retrained_baseline,concept,moderate,0.06325640237145254,0.95,0.9420289855072463,0.9848484848484849,0.9629629629629629,0.9879679144385027,True,-0.06042599555852013,0.07771706132361866
3A-5,46,0,frozen_model_1,concept,moderate,0.05203891439711252,0.82,0.9655172413793104,0.7777777777777778,0.8615384615384616,0.9275793650793651,False,-0.12899467777230078,0.0
3A-5,46,0,retrained_baseline,concept,moderate,0.05203891439711252,0.98,0.972972972972973,1.0,0.9863013698630136,0.9975198412698413,True,-0.09542834314297233,0.12476290832455206
3A-5,46,1,frozen_model_1,concept,moderate,0.11458803039602837,0.83,0.9523809523809523,0.5555555555555556,0.7017543859649122,0.915798611111111,False,0.030789397801248564,0.0
3A-5,46,1,retrained_baseline,concept,moderate,0.11458803039602837,0.98,0.9722222222222222,0.9722222222222222,0.9722222222222222,0.9986979166666666,True,-0.0813491955021809,0.27046783625730997
3A-5,46,2,frozen_model_1,concept,moderate,0.11823412428981761,0.8,0.925,0.8409090909090909,0.8809523809523809,0.8219696969696969,False,-0.14840859718622013,0.0
3A-5,46,2,retrained_baseline,concept,moderate,0.11823412428981761,0.97,0.967032967032967,1.0,0.9832402234636871,0.9962121212121212,True,-0.0923671967436458,0.10228784251130618
3A-5,46,3,frozen_model_1,concept,moderate,0.06414361394205059,0.8,0.975,0.6724137931034483,0.7959183673469388,0.8975779967159278,False,-0.06337458358077797,0.0
3A-5,46,3,retrained_baseline,concept,moderate,0.06414361394205059,0.98,0.9827586206896551,0.9827586206896551,0.9827586206896551,0.9942528735632183,True,-0.09188559396961382,0.18684025334271637
3A-5,46,4,frozen_model_1,concept,moderate,0.05148216016623521,0.9,0.9047619047619048,0.8636363636363636,0.8837209302325582,0.942775974025974,False,-0.15117714646639735,0.0
3A-5,46,4,retrained_baseline,concept,moderate,0.05148216016623521,0.95,0.9148936170212766,0.9772727272727273,0.945054945054945,0.9975649350649349,True,-0.05418191833490371,0.06133401482238687
3A-5,46,5,frozen_model_1,concept,moderate,0.11927964236503401,0.85,0.9743589743589743,0.8539325842696629,0.9101796407185628,0.902962206332993,False,-0.17763585695240203,0.0
3A-5,46,5,retrained_baseline,concept,moderate,0.11927964236503401,0.97,0.967391304347826,1.0,0.9834254143646409,0.9908069458631256,True,-0.09255238764459961,0.0732457736460781
3A-5,46,6,frozen_model_1,concept,moderate,0.11753890796621912,0.83,0.9411764705882353,0.5,0.6530612244897959,0.849264705882353,False,0.07948255927636494,0.0
3A-5,46,6,retrained_baseline,concept,moderate,0.11753890796621912,0.94,0.8823529411764706,0.9375,0.9090909090909091,0.9880514705882353,True,-0.018217882370867744,0.2560296846011132
3A-5,46,7,frozen_model_1,concept,moderate,0.06680546065385641,0.9,0.9508196721311475,0.8923076923076924,0.9206349206349206,0.9454945054945055,False,-0.18809113686875978,0.0
3A-5,46,7,retrained_baseline,concept,moderate,0.06680546065385641,0.95,0.96875,0.9538461538461539,0.9612403100775194,0.9934065934065934,True,-0.0703672833574781,0.04060538944259884
3A-5,46,8,frozen_model_1,concept,moderate,0.0543570023819502,0.83,0.9508196721311475,0.8055555555555556,0.8721804511278195,0.8735119047619048,False,-0.1396366673616587,0.0
3A-5,46,8,retrained_baseline,concept,moderate,0.0543570023819502,0.93,0.9710144927536232,0.9305555555555556,0.950354609929078,0.9846230158730159,True,-0.05948158320903674,0.07817415880125855
3A-5,46,9,frozen_model_1,concept,moderate,0.11169766293877119,0.74,0.7407407407407407,0.5128205128205128,0.6060606060606061,0.8293400588482556,False,0.12648317770555473,0.0
3A-5,46,9,retrained_baseline,concept,moderate,0.11169766293877119,0.92,0.918918918918919,0.8717948717948718,0.8947368421052632,0.9739386296763345,True,-0.003863815385221847,0.2886762360446571
3A-5,46,10,frozen_model_1,concept,moderate,0.11902534498383592,0.92,0.9746835443037974,0.927710843373494,0.9506172839506173,0.9532246633593195,False,-0.21807350018445648,0.0
3A-5,46,10,retrained_baseline,concept,moderate,0.11902534498383592,0.97,0.9878048780487805,0.9759036144578314,0.9818181818181818,0.997165131112686,True,-0.0909451550981405,0.031200897867564525
3A-5,46,11,frozen_model_1,concept,moderate,0.06423518888755228,0.87,0.9473684210526315,0.7659574468085106,0.8470588235294118,0.9369731031714171,False,-0.11451503976325095,0.0
3A-5,46,11,retrained_baseline,concept,moderate,0.06423518888755228,0.96,0.9574468085106383,0.9574468085106383,0.9574468085106383,0.988358089120835,True,-0.06657378179059703,0.1103879849812266
3A-5,46,12,frozen_model_1,concept,moderate,0.051728292581716774,0.86,0.9512195121951219,0.7647058823529411,0.8478260869565217,0.9437775110044018,False,-0.11528230319036092,0.0
3A-5,46,12,retrained_baseline,concept,moderate,0.051728292581716774,0.95,0.9423076923076923,0.9607843137254902,0.9514563106796117,0.9923969587835134,True,-0.060583283959570355,0.10363022372308994
3A-5,46,13,frozen_model_1,concept,moderate,0.11282226103669953,0.85,0.9404761904761905,0.8876404494382022,0.9132947976878613,0.8314606741573034,False,-0.18075101392170045,0.0
3A-5,46,13,retrained_baseline,concept,moderate,0.11282226103669953,0.95,0.9666666666666667,0.9775280898876404,0.9720670391061452,0.9724208375893769,True,-0.08119401238610391,0.058772241418283966
3A-5,46,14,frozen_model_1,concept,moderate,0.12242298363858546,0.75,0.8125,0.37142857142857144,0.5098039215686274,0.8518681318681318,False,0.2227398621975334,0.0
3A-5,46,14,retrained_baseline,concept,moderate,0.12242298363858546,0.96,0.9428571428571428,0.9428571428571428,0.9428571428571428,0.9903296703296703,True,-0.05198411613710152,0.4330532212885154
3A-5,46,15,frozen_model_1,concept,moderate,0.061348385145109874,0.89,0.9824561403508771,0.8484848484848485,0.9105691056910569,0.9360516934046346,False,-0.17802532192489606,0.0
3A-5,46,15,retrained_baseline,concept,moderate,0.061348385145109874,0.93,0.9402985074626866,0.9545454545454546,0.9473684210526315,0.9861853832442067,True,-0.05649539433259021,0.03679931536157466
3A-6,42,0,frozen_model_1,concept,severe,0.05410964119177449,0.83,1.0,0.7702702702702703,0.8702290076335878,0.9651767151767151,False,-0.11593997958719748,0.0
3A-6,42,0,retrained_baseline,concept,severe,0.05410964119177449,0.99,1.0,0.9864864864864865,0.9931972789115646,0.9994802494802495,True,-0.08417112686480777,0.12296827127797683
3A-6,42,1,frozen_model_1,concept,severe,0.11212591510866306,0.78,1.0,0.5,0.6666666666666666,0.8754058441558441,False,0.08762236137972368,0.0
3A-6,42,1,retrained_baseline,concept,severe,0.11212591510866306,0.98,1.0,0.9545454545454546,0.9767441860465116,1.0,True,-0.06771803399975473,0.31007751937984496
3A-6,42,2,frozen_model_1,concept,severe,0.11943299482622649,0.84,1.0,0.8241758241758241,0.9036144578313253,0.9377289377289376,False,-0.14932542978493502,0.0
3A-6,42,2,retrained_baseline,concept,severe,0.11943299482622649,0.99,1.0,0.989010989010989,0.994475138121547,0.9987789987789988,True,-0.08544898607479012,0.09086068029022165
3A-6,42,3,frozen_model_1,concept,severe,0.06797505960878535,0.81,1.0,0.6415094339622641,0.7816091954022989,0.9309514251304696,False,-0.027320167355908587,0.0
3A-6,42,3,retrained_baseline,concept,severe,0.06797505960878535,0.96,1.0,0.9245283018867925,0.9607843137254902,1.0,True,-0.05175816167873337,0.17917511832319133
3A-6,42,4,frozen_model_1,concept,severe,0.04931488541637114,0.87,1.0,0.7592592592592593,0.8631578947368421,0.9384057971014493,False,-0.10886886669045182,0.0
3A-6,42,4,retrained_baseline,concept,severe,0.04931488541637114,0.96,0.9807692307692307,0.9444444444444444,0.9622641509433962,0.9971819645732689,True,-0.05323799889663938,0.09910625620655411
3A-6,42,5,frozen_model_1,concept,severe,0.11720452538782748,0.81,0.9743589743589743,0.8172043010752689,0.8888888888888888,0.8187403993855606,False,-0.13459986084249853,0.0
3A-6,42,5,retrained_baseline,concept,severe,0.11720452538782748,0.98,0.989247311827957,0.989247311827957,0.989247311827957,0.9969278033794162,True,-0.08022115978120015,0.10035842293906816
3A-6,42,6,frozen_model_1,concept,severe,0.11486405617606316,0.77,1.0,0.425,0.5964912280701754,0.9254166666666667,False,0.1577977999762149,0.0
3A-6,42,6,retrained_baseline,concept,severe,0.11486405617606316,0.97,0.9743589743589743,0.95,0.9620253164556962,0.99625,True,-0.05299916440893937,0.3655340883855208
3A-6,42,7,frozen_model_1,concept,severe,0.07124664517896373,0.86,0.921875,0.8676470588235294,0.8939393939393939,0.9379595588235294,False,-0.13965036589300361,0.0
3A-6,42,7,retrained_baseline,concept,severe,0.07124664517896373,0.94,0.9696969696969697,0.9411764705882353,0.9552238805970149,0.9908088235294118,True,-0.046197728550258055,0.061284486657620985
3A-6,42,8,frozen_model_1,concept,severe,0.04920398209212858,0.83,1.0,0.7733333333333333,0.8721804511278195,0.9528000000000001,False,-0.11789142308142919,0.0
3A-6,42,8,retrained_baseline,concept,severe,0.04920398209212858,0.96,0.9863013698630136,0.96,0.972972972972973,0.9946666666666667,True,-0.06394682092621617,0.10079252184515353
3A-6,42,9,frozen_model_1,concept,severe,0.11670128146630492,0.77,1.0,0.4888888888888889,0.6567164179104478,0.9410101010101011,False,0.09757261013594254,0.0
3A-6,42,9,retrained_baseline,concept,severe,0.11670128146630492,0.98,1.0,0.9555555555555556,0.9772727272727273,0.9975757575757576,True,-0.06824657522597044,0.3205563093622795
3A-6,42,10,frozen_model_1,concept,severe,0.12238080637827033,0.83,0.972972972972973,0.8275862068965517,0.8944099378881988,0.8859416445623342,False,-0.14012090984180847,0.0
3A-6,42,10,retrained_baseline,concept,severe,0.12238080637827033,0.96,0.9882352941176471,0.9655172413793104,0.9767441860465116,0.9893899204244032,True,-0.06771803399975473,0.0823342481583128
3A-6,42,11,frozen_model_1,concept,severe,0.060748735697895816,0.85,0.9444444444444444,0.723404255319149,0.8192771084337349,0.9530309112806101,False,-0.0649880803873446,0.0
3A-6,42,11,retrained_baseline,concept,severe,0.060748735697895816,0.96,0.9574468085106383,0.9574468085106383,0.9574468085106383,0.9951826575672421,True,-0.048420656463881495,0.13816970007690343
3A-6,42,12,frozen_model_1,concept,severe,0.05248613321829499,0.84,0.975,0.7222222222222222,0.8297872340425532,0.9561191626409019,False,-0.07549820599616286,0.0
3A-6,42,12,retrained_baseline,concept,severe,0.05248613321829499,0.94,0.9615384615384616,0.9259259259259259,0.9433962264150944,0.995169082125604,True,-0.0343700743683375,0.11360899237254118
3A-6,42,13,frozen_model_1,concept,severe,0.11195146686589386,0.84,0.9871794871794872,0.8369565217391305,0.9058823529411765,0.9035326086956521,False,-0.15159332489478616,0.0
3A-6,42,13,retrained_baseline,concept,severe,0.11195146686589386,0.98,1.0,0.9782608695652174,0.989010989010989,0.9932065217391304,True,-0.0799848369642322,0.08312863606981258
3A-6,42,14,frozen_model_1,concept,severe,0.11698926039037076,0.72,1.0,0.36363636363636365,0.5333333333333333,0.8565340909090908,False,0.22095569471305698,0.0
3A-6,42,14,retrained_baseline,concept,severe,0.11698926039037076,0.93,0.9111111111111111,0.9318181818181818,0.9213483146067416,0.9890422077922078,True,-0.01232216255998475,0.3880149812734083
3A-6,42,15,frozen_model_1,concept,severe,0.060831709018903,0.89,0.9830508474576272,0.8529411764705882,0.9133858267716536,0.9623161764705883,False,-0.15909679872526328,0.0
3A-6,42,15,retrained_baseline,concept,severe,0.060831709018903,0.95,0.9701492537313433,0.9558823529411765,0.9629629629629629,0.9958639705882353,True,-0.05393681091620606,0.04957713619130932
3A-6,43,0,frozen_model_1,concept,severe,0.053172919121758984,0.8,0.9827586206896551,0.75,0.8507462686567164,0.9539473684210527,False,-0.06863961564641041,0.0
3A-6,43,0,retrained_baseline,concept,severe,0.053172919121758984,0.99,1.0,0.9868421052631579,0.9933774834437086,1.0,True,-0.09936555289563809,0.14263121478699214
3A-6,43,1,frozen_model_1,concept,severe,0.11484942167241317,0.74,1.0,0.4583333333333333,0.6285714285714286,0.8497596153846154,False,0.15353522443887746,0.0
3A-6,43,1,retrained_baseline,concept,severe,0.11484942167241317,0.93,1.0,0.8541666666666666,0.9213483146067416,0.9971955128205128,True,-0.027336384058671115,0.29277688603531304
3A-6,43,2,frozen_model_1,concept,severe,0.12013177243544561,0.9,0.95,0.926829268292683,0.9382716049382716,0.9302168021680217,False,-0.15616495192796553,0.0
3A-6,43,2,retrained_baseline,concept,severe,0.12013177243544561,0.98,0.9761904761904762,1.0,0.9879518072289156,0.9959349593495934,True,-0.09393987668084514,0.04968020229064407
3A-6,43,3,frozen_model_1,concept,severe,0.06058098690927338,0.81,1.0,0.6724137931034483,0.8041237113402062,0.9236453201970443,False,-0.022017058329900197,0.0
3A-6,43,3,retrained_baseline,concept,severe,0.06058098690927338,0.95,1.0,0.9137931034482759,0.954954954954955,0.9991789819376026,True,-0.06094302440688448,0.15083124361474876
3A-6,43,4,frozen_model_1,concept,severe,0.0514326031836029,0.9,1.0,0.8076923076923077,0.8936170212765957,0.967948717948718,False,-0.11151036826628968,0.0
3A-6,43,4,retrained_baseline,concept,severe,0.0514326031836029,0.97,1.0,0.9423076923076923,0.9702970297029703,0.998798076923077,True,-0.07628509915489978,0.07668000842637457
3A-6,43,5,frozen_model_1,concept,severe,0.11449089739108746,0.85,0.9615384615384616,0.8620689655172413,0.9090909090909091,0.9142351900972591,False,-0.12698425608060304,0.0
3A-6,43,5,retrained_baseline,concept,severe,0.11449089739108746,0.95,0.9555555555555556,0.9885057471264368,0.9717514124293786,0.9858532272325375,True,-0.07773948188130808,0.06266050333846951
3A-6,43,6,frozen_model_1,concept,severe,0.11723789314975892,0.72,1.0,0.40425531914893614,0.5757575757575758,0.8498594941790446,False,0.20634907725273022,0.0
3A-6,43,6,retrained_baseline,concept,severe,0.11723789314975892,0.95,0.9772727272727273,0.9148936170212766,0.945054945054945,0.9947812123645122,True,-0.05104301450687454,0.3692973692973692
3A-6,43,7,frozen_model_1,concept,severe,0.06202942571784298,0.91,0.9833333333333333,0.8805970149253731,0.9291338582677166,0.9681139755766621,False,-0.14702720525741053,0.0
3A-6,43,7,retrained_baseline,concept,severe,0.06202942571784298,0.96,0.9846153846153847,0.9552238805970149,0.9696969696969697,0.9954771596562642,True,-0.07568503914889924,0.040563111429253174
3A-6,43,8,frozen_model_1,concept,severe,0.05569604146583468,0.8,1.0,0.7468354430379747,0.855072463768116,0.9662447257383966,False,-0.07296581075780995,0.0
3A-6,43,8,retrained_baseline,concept,severe,0.05569604146583468,0.98,1.0,0.9746835443037974,0.9871794871794872,0.9993972272453284,True,-0.09316755663141674,0.13210702341137126
3A-6,43,9,frozen_model_1,concept,severe,0.11738904186673126,0.76,1.0,0.4666666666666667,0.6363636363636364,0.8303030303030303,False,0.14574301664666967,0.0
3A-6,43,9,retrained_baseline,concept,severe,0.11738904186673126,0.91,1.0,0.8,0.8888888888888888,0.9951515151515151,True,0.0051230416591816486,0.2525252525252525
3A-6,43,10,frozen_model_1,concept,severe,0.12382926062752324,0.9,0.9876543209876543,0.898876404494382,0.9411764705882353,0.9509703779366702,False,-0.15906981757792926,0.0
3A-6,43,10,retrained_baseline,concept,severe,0.12382926062752324,0.99,0.9888888888888889,1.0,0.994413407821229,0.9979570990806945,True,-0.10040147727315851,0.05323693723299372
3A-6,43,11,frozen_model_1,concept,severe,0.06138309970880838,0.84,1.0,0.7090909090909091,0.8297872340425532,0.8852525252525252,False,-0.04768058103224715,0.0
3A-6,43,11,retrained_baseline,concept,severe,0.06138309970880838,0.92,0.9795918367346939,0.8727272727272727,0.9230769230769231,0.991111111111111,True,-0.02906499252885264,0.09328968903436996
3A-6,43,12,frozen_model_1,concept,severe,0.05085322348162311,0.81,0.975609756097561,0.6896551724137931,0.8080808080808081,0.9392446633825944,False,-0.025974155070502047,0.0
3A-6,43,12,retrained_baseline,concept,severe,0.05085322348162311,0.97,0.9824561403508771,0.9655172413793104,0.9739130434782609,0.9963054187192117,True,-0.07990111293019042,0.16583223539745284
3A-6,43,13,frozen_model_1,concept,severe,0.11204961792478256,0.84,0.9873417721518988,0.8387096774193549,0.9069767441860465,0.9278033794162828,False,-0.12487009117574044,0.0
3A-6,43,13,retrained_baseline,concept,severe,0.11204961792478256,0.98,0.989247311827957,0.989247311827957,0.989247311827957,0.9877112135176652,True,-0.09523538127988651,0.08227056764191054
3A-6,43,14,frozen_model_1,concept,severe,0.11763901895664487,0.74,0.9545454545454546,0.45652173913043476,0.6176470588235294,0.7791867954911433,False,0.16445959418677658,0.0
3A-6,43,14,retrained_baseline,concept,severe,0.11763901895664487,0.91,0.9743589743589743,0.8260869565217391,0.8941176470588236,0.9818840579710144,True,-0.00010571651075308441,0.27647058823529413
3A-6,43,15,frozen_model_1,concept,severe,0.06461576299300477,0.89,0.9833333333333333,0.855072463768116,0.9147286821705426,0.9747545582047685,False,-0.13262202916023658,0.0
3A-6,43,15,retrained_baseline,concept,severe,0.06461576299300477,0.96,0.9850746268656716,0.9565217391304348,0.9705882352941176,0.9981299672744274,True,-0.07657630474604715,0.055859553123575045
3A-6,44,0,frozen_model_1,concept,severe,0.05330472123813145,0.82,1.0,0.7692307692307693,0.8695652173913043,0.9825174825174825,False,-0.0904253192025094,0.0
3A-6,44,0,retrained_baseline,concept,severe,0.05330472123813145,1.0,1.0,1.0,1.0,1.0,True,-0.1158084152987402,0.13043478260869568
3A-6,44,1,frozen_model_1,concept,severe,0.11536128468457252,0.83,0.9629629629629629,0.6190476190476191,0.7536231884057971,0.9470443349753696,False,0.025516709782997804,0.0
3A-6,44,1,retrained_baseline,concept,severe,0.11536128468457252,0.98,0.9545454545454546,1.0,0.9767441860465116,0.9946633825944171,True,-0.09255260134525178,0.22312099764071447
3A-6,44,2,frozen_model_1,concept,severe,0.11855048084045888,0.87,0.987012987012987,0.8636363636363636,0.9212121212121213,0.9346590909090908,False,-0.14207222302332634,0.0
3A-6,44,2,retrained_baseline,concept,severe,0.11855048084045888,1.0,1.0,1.0,1.0,1.0,True,-0.1158084152987402,0.07878787878787874
3A-6,44,3,frozen_model_1,concept,severe,0.0649165006304543,0.8,1.0,0.6226415094339622,0.7674418604651163,0.9215174628663187,False,0.011698037723678611,0.0
3A-6,44,3,retrained_baseline,concept,severe,0.0649165006304543,0.98,0.9636363636363636,1.0,0.9814814814814815,0.9983942191890807,True,-0.09728989678022171,0.2140396210163652
3A-6,44,4,frozen_model_1,concept,severe,0.04894583545561868,0.88,0.9333333333333333,0.8235294117647058,0.875,0.9471788715486195,False,-0.09586010181120508,0.0
3A-6,44,4,retrained_baseline,concept,severe,0.04894583545561868,0.95,0.9423076923076923,0.9607843137254902,0.9514563106796117,0.992797118847539,True,-0.06726472597835187,0.07645631067961167
3A-6,44,5,frozen_model_1,concept,severe,0.11632113998918364,0.87,0.9871794871794872,0.8651685393258427,0.9221556886227545,0.9070480081716037,False,-0.14301579043395962,0.0
3A-6,44,5,retrained_baseline,concept,severe,0.11632113998918364,0.99,0.9888888888888889,1.0,0.994413407821229,0.9979570990806945,True,-0.1102218231199692,0.07225771919847446
3A-6,44,6,frozen_model_1,concept,severe,0.11997888547796998,0.82,1.0,0.5909090909090909,0.7428571428571429,0.9210633116883117,False,0.03628275533165204,0.0
3A-6,44,6,retrained_baseline,concept,severe,0.11997888547796998,0.96,0.9761904761904762,0.9318181818181818,0.9534883720930233,0.9979707792207791,True,-0.06929678739176348,0.2106312292358804
3A-6,44,7,frozen_model_1,concept,severe,0.061059516617523624,0.93,1.0,0.9014084507042254,0.9481481481481482,0.9912578921806703,False,-0.16900824995935326,0.0
3A-6,44,7,retrained_baseline,concept,severe,0.061059516617523624,0.99,1.0,0.9859154929577465,0.9929078014184397,0.9995143273433706,True,-0.1087162167171799,0.04475965327029152
3A-6,44,8,frozen_model_1,concept,severe,0.04889813003293595,0.83,1.0,0.7763157894736842,0.8740740740740741,0.9671052631578948,False,-0.09493417588527919,0.0
3A-6,44,8,retrained_baseline,concept,severe,0.04889813003293595,0.98,1.0,0.9736842105263158,0.9866666666666667,1.0,True,-0.10247508196540689,0.11259259259259258
3A-6,44,9,frozen_model_1,concept,severe,0.11424041700327393,0.73,0.9130434782608695,0.45652173913043476,0.6086956521739131,0.9043880837359098,False,0.17044424601488184,0.0
3A-6,44,9,retrained_baseline,concept,severe,0.11424041700327393,0.93,0.9534883720930233,0.8913043478260869,0.9213483146067416,0.9903381642512077,True,-0.0371567299054818,0.3126526624328285
3A-6,44,10,frozen_model_1,concept,severe,0.1189401529294782,0.89,0.975609756097561,0.898876404494382,0.935672514619883,0.9264555669050051,False,-0.15653261643108807,0.0
3A-6,44,10,retrained_baseline,concept,severe,0.1189401529294782,0.95,0.9666666666666667,0.9775280898876404,0.9720670391061452,0.9918283963227783,True,-0.08787545440488542,0.036394524486262236
3A-6,44,11,frozen_model_1,concept,severe,0.06481012011481609,0.79,0.9705882352941176,0.6226415094339622,0.7586206896551724,0.9411882778000803,False,0.020519208533622546,0.0
3A-6,44,11,retrained_baseline,concept,severe,0.06481012011481609,0.95,0.9615384615384616,0.9433962264150944,0.9523809523809523,0.9955841027699719,True,-0.06818936767969253,0.19376026272577995
3A-6,44,12,frozen_model_1,concept,severe,0.05293539771033018,0.86,0.9772727272727273,0.7678571428571429,0.86,0.9734172077922079,False,-0.08086010181120507,0.0
3A-6,44,12,retrained_baseline,concept,severe,0.05293539771033018,0.97,0.9818181818181818,0.9642857142857143,0.972972972972973,0.9943181818181818,True,-0.08878138827171322,0.11297297297297304
3A-6,44,13,frozen_model_1,concept,severe,0.11148573069030336,0.81,0.9871794871794872,0.8105263157894737,0.8901734104046243,0.8357894736842104,False,-0.11103351221582936,0.0
3A-6,44,13,retrained_baseline,concept,severe,0.11148573069030336,0.98,0.9894736842105263,0.9894736842105263,0.9894736842105263,0.9789473684210526,True,-0.10528209950926648,0.099300273805902
3A-6,44,14,frozen_model_1,concept,severe,0.11733938495763678,0.78,1.0,0.5,0.6666666666666666,0.9277597402597403,False,0.11247323152212829,0.0
3A-6,44,14,retrained_baseline,concept,severe,0.11733938495763678,0.94,0.9318181818181818,0.9318181818181818,0.9318181818181818,0.9890422077922079,True,-0.047626597116921965,0.26515151515151514
3A-6,44,15,frozen_model_1,concept,severe,0.06426130032811724,0.93,0.9846153846153847,0.9142857142857143,0.9481481481481482,0.9752380952380952,False,-0.16900824995935326,0.0
3A-6,44,15,retrained_baseline,concept,severe,0.06426130032811724,0.97,0.9855072463768116,0.9714285714285714,0.9784172661870504,0.9957142857142858,True,-0.09422568148579058,0.0302691180389022
3A-6,45,0,frozen_model_1,concept,severe,0.04856715715305241,0.83,0.953125,0.8133333333333334,0.8776978417266187,0.9514666666666668,False,-0.13034250277913517,0.0
3A-6,45,0,retrained_baseline,concept,severe,0.04856715715305241,0.99,1.0,0.9866666666666667,0.9932885906040269,0.9994666666666666,True,-0.09075162319958407,0.11559074887740817
3A-6,45,1,frozen_model_1,concept,severe,0.11312725633369843,0.81,0.9354838709677419,0.6304347826086957,0.7532467532467533,0.931561996779388,False,-0.005891414299269759,0.0
3A-6,45,1,retrained_baseline,concept,severe,0.11312725633369843,0.99,0.9787234042553191,1.0,0.989247311827957,1.0,True,-0.08671034442351422,0.23600055858120372
3A-6,45,2,frozen_model_1,concept,severe,0.12307907394884483,0.82,0.9861111111111112,0.8068181818181818,0.8875,0.8707386363636364,False,-0.14014466105251644,0.0
3A-6,45,2,retrained_baseline,concept,severe,0.12307907394884483,0.99,0.9887640449438202,1.0,0.9943502824858758,0.9943181818181818,True,-0.09181331508143298,0.1068502824858758
3A-6,45,3,frozen_model_1,concept,severe,0.06784727712351575,0.77,1.0,0.5740740740740741,0.7294117647058823,0.9029790660225443,False,0.0179435742416012,0.0
3A-6,45,3,retrained_baseline,concept,severe,0.06784727712351575,0.95,1.0,0.9074074074074074,0.9514563106796117,0.998792270531401,True,-0.04891934327516889,0.22204454597372936
3A-6,45,4,frozen_model_1,concept,severe,0.05433965137848648,0.89,1.0,0.7755102040816326,0.8735632183908046,0.9863945578231291,False,-0.12620787944332112,0.0
3A-6,45,4,retrained_baseline,concept,severe,0.05433965137848648,0.99,1.0,0.9795918367346939,0.9896907216494846,0.9995998399359745,True,-0.08715375424504179,0.11612750325867993
3A-6,45,5,frozen_model_1,concept,severe,0.11145597082008611,0.91,0.9772727272727273,0.9247311827956989,0.9502762430939227,0.8986175115207373,False,-0.20292090414643915,0.0
3A-6,45,5,retrained_baseline,concept,severe,0.11145597082008611,0.98,0.989247311827957,0.989247311827957,0.989247311827957,0.9984639016897082,True,-0.08671034442351422,0.03897106873403433
3A-6,45,6,frozen_model_1,concept,severe,0.12118771161898273,0.68,1.0,0.30434782608695654,0.4666666666666667,0.8152173913043478,False,0.28068867228081684,0.0
3A-6,45,6,retrained_baseline,concept,severe,0.12118771161898273,0.94,0.9545454545454546,0.9130434782608695,0.9333333333333333,0.9859098228663447,True,-0.030796365928890568,0.4666666666666667
3A-6,45,7,frozen_model_1,concept,severe,0.06984125076553056,0.81,1.0,0.75,0.8571428571428571,0.9819078947368421,False,-0.10978751819537358,0.0
3A-6,45,7,retrained_baseline,concept,severe,0.06984125076553056,0.98,1.0,0.9736842105263158,0.9866666666666667,0.9978070175438596,True,-0.08412969926222391,0.1295238095238096
3A-6,45,8,frozen_model_1,concept,severe,0.053216232842317135,0.81,0.9661016949152542,0.7702702702702703,0.8571428571428571,0.963097713097713,False,-0.10978751819537358,0.0
3A-6,45,8,retrained_baseline,concept,severe,0.053216232842317135,0.98,0.9864864864864865,0.9864864864864865,0.9864864864864865,0.9994802494802495,True,-0.08394951908204373,0.12934362934362942
3A-6,45,9,frozen_model_1,concept,severe,0.11642358634506911,0.8,0.9354838709677419,0.6170212765957447,0.7435897435897436,0.946607788036933,False,0.0037655953577399037,0.0
3A-6,45,9,retrained_baseline,concept,severe,0.11642358634506911,0.96,0.9574468085106383,0.9574468085106383,0.9574468085106383,0.9971898835808912,True,-0.05490984110619557,0.21385706492089473
3A-6,45,10,frozen_model_1,concept,severe,0.11897483995315672,0.83,1.0,0.8131868131868132,0.896969696969697,0.9316239316239315,False,-0.14961435802221346,0.0
3A-6,45,10,retrained_baseline,concept,severe,0.11897483995315672,1.0,1.0,1.0,1.0,1.0,True,-0.09746303259555722,0.10303030303030303
3A-6,45,11,frozen_model_1,concept,severe,0.06295247486371759,0.85,1.0,0.7115384615384616,0.8314606741573034,0.9495192307692308,False,-0.08410533520981989,0.0
3A-6,45,11,retrained_baseline,concept,severe,0.06295247486371759,0.95,0.9795918367346939,0.9230769230769231,0.9504950495049505,0.9923878205128205,True,-0.04795808210050767,0.11903437534764705
3A-6,45,12,frozen_model_1,concept,severe,0.05363138669836157,0.87,1.0,0.7547169811320755,0.8602150537634409,0.9694901645925331,False,-0.11285971481595736,0.0
3A-6,45,12,retrained_baseline,concept,severe,0.05363138669836157,0.98,1.0,0.9622641509433962,0.9807692307692307,0.9991971095945403,True,-0.07823226336478795,0.12055417700578985
3A-6,45,13,frozen_model_1,concept,severe,0.11703303328328359,0.83,0.9620253164556962,0.8444444444444444,0.8994082840236687,0.8766666666666667,False,-0.15205294507618516,0.0
3A-6,45,13,retrained_baseline,concept,severe,0.11703303328328359,0.95,0.9775280898876404,0.9666666666666667,0.9720670391061452,0.9844444444444445,True,-0.06953007170170244,0.07265875508247654
3A-6,45,14,frozen_model_1,concept,severe,0.11802914726010028,0.69,0.9375,0.3333333333333333,0.4918032786885246,0.9139393939393939,False,0.25555206025895894,0.0
3A-6,45,14,retrained_baseline,concept,severe,0.11802914726010028,0.95,0.9545454545454546,0.9333333333333333,0.9438202247191011,0.9903030303030302,True,-0.04128325731465832,0.4520169460305765
3A-6,45,15,frozen_model_1,concept,severe,0.06325640237145254,0.86,0.9821428571428571,0.8088235294117647,0.8870967741935484,0.9586397058823529,False,-0.13974143524606486,0.0
3A-6,45,15,retrained_baseline,concept,severe,0.06325640237145254,0.97,0.9710144927536232,0.9852941176470589,0.9781021897810219,0.9954044117647058,True,-0.07556522237657914,0.09100541558747355
3A-6,46,0,frozen_model_1,concept,severe,0.05203891439711252,0.84,1.0,0.7837837837837838,0.8787878787878788,0.9573804573804574,False,-0.14624409502171798,0.0
3A-6,46,0,retrained_baseline,concept,severe,0.05203891439711252,1.0,1.0,1.0,1.0,1.0,True,-0.10912697327995868,0.12121212121212122
3A-6,46,1,frozen_model_1,concept,severe,0.11458803039602837,0.78,1.0,0.4883720930232558,0.65625,0.9428804569563444,False,0.0762937837661608,0.0
3A-6,46,1,retrained_baseline,concept,severe,0.11458803039602837,1.0,1.0,1.0,1.0,1.0,True,-0.10912697327995868,0.34375
3A-6,46,2,frozen_model_1,concept,severe,0.11823412428981761,0.8,0.9375,0.8333333333333334,0.8823529411764706,0.8200000000000001,False,-0.14980915741030976,0.0
3A-6,46,2,retrained_baseline,concept,severe,0.11823412428981761,0.98,0.9782608695652174,1.0,0.989010989010989,0.9933333333333334,True,-0.09813796229094773,0.10665804783451849
3A-6,46,3,frozen_model_1,concept,severe,0.06414361394205059,0.79,0.975,0.6610169491525424,0.7878787878787878,0.90223232740802,False,-0.05533500411262704,0.0
3A-6,46,3,retrained_baseline,concept,severe,0.06414361394205059,0.98,0.9830508474576272,0.9830508474576272,0.9830508474576272,0.9979330301777595,True,-0.09217782073758585,0.19517205957883932
3A-6,46,4,frozen_model_1,concept,severe,0.05148216016623521,0.92,0.9761904761904762,0.8541666666666666,0.9111111111111111,0.9759615384615384,False,-0.1785673273449503,0.0
3A-6,46,4,retrained_baseline,concept,severe,0.05148216016623521,0.98,0.96,1.0,0.9795918367346939,0.9979967948717948,True,-0.08871881001465254,0.06848072562358276
3A-6,46,5,frozen_model_1,concept,severe,0.11927964236503401,0.82,1.0,0.8125,0.896551724137931,0.9348958333333334,False,-0.16400794037177024,0.0
3A-6,46,5,retrained_baseline,concept,severe,0.11927964236503401,1.0,1.0,1.0,1.0,1.0,True,-0.10912697327995868,0.10344827586206895
3A-6,46,6,frozen_model_1,concept,severe,0.11753890796621912,0.76,1.0,0.4146341463414634,0.5862068965517241,0.8396031417941299,False,0.14633688721443672,0.0
3A-6,46,6,retrained_baseline,concept,severe,0.11753890796621912,0.95,0.95,0.926829268292683,0.9382716049382716,0.9909053327821414,True,-0.047398578218230236,0.35206470838654746
3A-6,46,7,frozen_model_1,concept,severe,0.06680546065385641,0.89,0.9836065573770492,0.8571428571428571,0.916030534351145,0.9423809523809523,False,-0.1834867505849842,0.0
3A-6,46,7,retrained_baseline,concept,severe,0.06680546065385641,0.99,1.0,0.9857142857142858,0.9928057553956835,0.9995238095238095,True,-0.10193272867564218,0.07677522104453849
3A-6,46,8,frozen_model_1,concept,severe,0.0543570023819502,0.78,0.9508196721311475,0.7532467532467533,0.8405797101449275,0.8769057029926595,False,-0.10803592637876669,0.0
3A-6,46,8,retrained_baseline,concept,severe,0.0543570023819502,0.93,0.9605263157894737,0.948051948051948,0.954248366013072,0.9858836815358555,True,-0.06337533929303063,0.11366865586814445
3A-6,46,9,frozen_model_1,concept,severe,0.11169766293877119,0.75,0.8888888888888888,0.5217391304347826,0.6575342465753424,0.857487922705314,False,0.07500953719081838,0.0
3A-6,46,9,retrained_baseline,concept,severe,0.11169766293877119,0.92,0.9130434782608695,0.9130434782608695,0.9130434782608695,0.9790660225442834,True,-0.022170451540828195,0.2555092316855271
3A-6,46,10,frozen_model_1,concept,severe,0.11902534498383592,0.9,0.9873417721518988,0.896551724137931,0.9397590361445783,0.9328028293545535,False,-0.20721525237841754,0.0
3A-6,46,10,retrained_baseline,concept,severe,0.11902534498383592,0.99,0.9886363636363636,1.0,0.9942857142857143,0.9991158267020337,True,-0.10341268756567301,0.05452667814113599
3A-6,46,11,frozen_model_1,concept,severe,0.06423518888755228,0.82,1.0,0.6785714285714286,0.8085106382978723,0.9362824675324675,False,-0.07596685453171148,0.0
3A-6,46,11,retrained_baseline,concept,severe,0.06423518888755228,0.98,0.9821428571428571,0.9821428571428571,0.9821428571428571,0.9975649350649352,True,-0.09126983042281578,0.1736322188449848
3A-6,46,12,frozen_model_1,concept,severe,0.051728292581716774,0.88,1.0,0.7735849056603774,0.8723404255319149,0.9596547571256524,False,-0.13979664176575413,0.0
3A-6,46,12,retrained_baseline,concept,severe,0.051728292581716774,0.95,0.9444444444444444,0.9622641509433962,0.9532710280373832,0.993175431553593,True,-0.062398001317341856,0.08093060250546824
3A-6,46,13,frozen_model_1,concept,severe,0.11282226103669953,0.89,0.9880952380952381,0.8924731182795699,0.9378531073446328,0.8617511520737328,False,-0.20530932357847198,0.0
3A-6,46,13,retrained_baseline,concept,severe,0.11282226103669953,0.96,0.978494623655914,0.978494623655914,0.978494623655914,0.9815668202764977,True,-0.08762159693587268,0.04064151631128121
3A-6,46,14,frozen_model_1,concept,severe,0.12242298363858546,0.71,0.875,0.34146341463414637,0.49122807017543857,0.8515915667631253,False,0.24131571359072224,0.0
3A-6,46,14,retrained_baseline,concept,severe,0.12242298363858546,0.97,0.9318181818181818,1.0,0.9647058823529412,0.989251756924349,True,-0.07383285563289987,0.4734778121775026
3A-6,46,15,frozen_model_1,concept,severe,0.061348385145109874,0.89,1.0,0.8382352941176471,0.912,0.9641544117647058,False,-0.17945621623383923,0.0
3A-6,46,15,retrained_baseline,concept,severe,0.061348385145109874,0.95,0.9565217391304348,0.9705882352941176,0.9635036496350365,0.9958639705882353,True,-0.07263062291499522,0.05150364963503651
