seed,window_id,approach,f1,accuracy,precision,recall,auc,pr_auc,balanced_accuracy,cpu_time,wall_time,ram_mb,peak_ram_mb,drift_type,severity,transition,wasserstein_mean
42,0,Frozen Model,0.7159,0.846,0.7239,0.708,0.8991,0.7268,0.8031,0.0781,0.1007,211.9,211.9,none,none,stable,0.0404
42,0,Continuously Retrained Ensemble,0.7174,0.844,0.7122,0.7226,0.9001,0.731,0.8062,1.2188,0.8642,213.13,213.13,none,none,stable,0.0404
42,0,Event-Driven Ensemble,0.7174,0.844,0.7122,0.7226,0.9001,0.731,0.8062,1.7344,1.3242,213.72,213.72,none,none,stable,0.0404
42,1,Frozen Model,0.6343,0.684,0.6555,0.6143,0.7442,0.6918,0.6772,0.1562,0.2563,213.58,213.58,none,none,stable,0.0919
42,1,Continuously Retrained Ensemble,0.6433,0.674,0.6282,0.6592,0.7498,0.7133,0.6726,2.2031,1.9504,214.17,214.17,none,none,stable,0.0919
42,1,Event-Driven Ensemble,0.6433,0.674,0.6282,0.6592,0.7498,0.7133,0.6726,2.0938,1.5431,214.5,214.5,none,none,stable,0.0919
42,2,Frozen Model,0.4219,0.852,0.5745,0.3333,0.7943,0.4823,0.6428,0.1719,0.1317,214.43,214.43,covariate,mild,gradual,0.0836
42,2,Continuously Retrained Ensemble,0.4755,0.85,0.5484,0.4198,0.7913,0.4583,0.6765,1.9219,1.3606,214.55,214.55,covariate,mild,gradual,0.0836
42,2,Event-Driven Ensemble,0.4755,0.85,0.5484,0.4198,0.7913,0.4583,0.6765,2.0156,1.3712,214.98,214.98,covariate,mild,gradual,0.0836
42,3,Frozen Model,0.9107,0.856,0.9557,0.8697,0.8454,0.9383,0.8259,0.125,0.1293,214.92,214.92,covariate,severe,sudden,0.3119
42,3,Continuously Retrained Ensemble,0.8966,0.826,0.8998,0.8934,0.8237,0.9559,0.6775,1.8125,1.3598,215.06,215.06,covariate,severe,sudden,0.3119
42,3,Event-Driven Ensemble,0.8966,0.826,0.8998,0.8934,0.8237,0.9559,0.6775,2.2344,1.6605,215.13,215.13,covariate,severe,sudden,0.3119
42,4,Frozen Model,0.7283,0.7,0.723,0.7336,0.76,0.7639,0.6964,0.1875,0.1667,215.07,215.07,covariate,moderate,recovery,0.151
42,4,Continuously Retrained Ensemble,0.772,0.726,0.7095,0.8467,0.7566,0.7322,0.7132,2.0312,1.9211,215.25,215.25,covariate,moderate,recovery,0.151
42,4,Event-Driven Ensemble,0.772,0.726,0.7095,0.8467,0.7566,0.7322,0.7132,2.0469,1.9771,215.33,215.33,covariate,moderate,recovery,0.151
42,5,Frozen Model,0.2975,0.83,0.5455,0.2045,0.8144,0.4603,0.5841,0.125,0.1308,215.27,215.27,covariate,mild,gradual,0.0864
42,5,Continuously Retrained Ensemble,0.44,0.832,0.5323,0.375,0.8175,0.4635,0.6523,1.8281,1.4156,216.07,216.07,covariate,mild,gradual,0.0864
42,5,Event-Driven Ensemble,0.44,0.832,0.5323,0.375,0.8175,0.4635,0.6523,1.7344,1.3299,216.13,216.13,covariate,mild,gradual,0.0864
42,6,Frozen Model,0.927,0.87,0.9952,0.8676,0.9186,0.992,0.8922,0.1719,0.1193,216.07,216.07,mixed,moderate,sudden,0.2738
42,6,Continuously Retrained Ensemble,0.9692,0.942,0.9806,0.958,0.9464,0.997,0.7915,1.9844,1.3994,216.23,216.23,mixed,moderate,sudden,0.2738
42,6,Event-Driven Ensemble,0.9692,0.942,0.9806,0.958,0.9464,0.997,0.7915,1.9531,1.4284,216.32,216.32,mixed,moderate,sudden,0.2738
42,7,Frozen Model,0.7143,0.864,0.9239,0.5822,0.9418,0.8969,0.7812,0.2031,0.2735,216.26,216.26,concept,severe,gradual,0.0424
42,7,Continuously Retrained Ensemble,0.7549,0.874,0.8739,0.6644,0.9388,0.8939,0.8124,2.0,2.1159,216.44,216.44,concept,severe,gradual,0.0424
42,7,Event-Driven Ensemble,0.7549,0.874,0.8739,0.6644,0.9388,0.8939,0.8124,0.1719,0.2594,216.26,216.26,concept,severe,gradual,0.0424
42,8,Frozen Model,0.7557,0.872,0.7674,0.7444,0.9271,0.7923,0.8313,0.1094,0.1685,216.38,216.38,none,none,stable,0.0409
42,8,Continuously Retrained Ensemble,0.7629,0.862,0.7025,0.8346,0.9275,0.8098,0.8533,2.0938,1.9399,216.57,216.57,none,none,stable,0.0409
42,8,Event-Driven Ensemble,0.7666,0.866,0.7143,0.8271,0.9243,0.8074,0.8536,0.1875,0.1738,216.39,216.39,none,none,stable,0.0409
42,9,Frozen Model,0.6586,0.718,0.6766,0.6415,0.7838,0.7286,0.7079,0.1406,0.2275,216.55,216.55,none,none,stable,0.0924
42,9,Continuously Retrained Ensemble,0.685,0.68,0.5878,0.8208,0.7797,0.6864,0.6986,2.0938,1.5538,216.8,216.8,none,none,stable,0.0924
42,9,Event-Driven Ensemble,0.681,0.704,0.627,0.7453,0.7696,0.673,0.7094,0.1875,0.1787,216.55,216.55,none,none,stable,0.0924
42,10,Frozen Model,0.1846,0.894,0.75,0.1053,0.8214,0.3941,0.5504,0.1875,0.154,216.74,216.74,concept,moderate,recovery,0.0944
42,10,Continuously Retrained Ensemble,0.3256,0.884,0.4828,0.2456,0.8075,0.3754,0.6059,2.1406,1.5143,217.03,217.03,concept,moderate,recovery,0.0944
42,10,Event-Driven Ensemble,0.3704,0.898,0.625,0.2632,0.8124,0.3967,0.6214,2.0469,1.5946,217.02,217.02,concept,moderate,recovery,0.0944
42,11,Frozen Model,0.9258,0.916,0.9597,0.8942,0.9743,0.9829,0.9205,0.0938,0.1583,216.96,216.96,mixed,moderate,recovery,0.1425
42,11,Continuously Retrained Ensemble,0.9377,0.928,0.9509,0.9249,0.977,0.9854,0.9286,2.125,1.5315,217.09,217.09,mixed,moderate,recovery,0.1425
42,11,Event-Driven Ensemble,0.9301,0.92,0.9534,0.9078,0.9772,0.9854,0.9225,1.8594,1.4332,217.16,217.16,mixed,moderate,recovery,0.1425
42,12,Frozen Model,0.8493,0.824,0.9185,0.7898,0.9276,0.9548,0.8358,0.1719,0.1513,217.09,217.09,mixed,mild,sudden,0.1357
42,12,Continuously Retrained Ensemble,0.8907,0.866,0.913,0.8694,0.9252,0.948,0.8648,1.9688,1.3864,217.21,217.21,mixed,mild,sudden,0.1357
42,12,Event-Driven Ensemble,0.8882,0.862,0.9043,0.8726,0.9242,0.9456,0.8583,1.8438,1.3646,217.28,217.28,mixed,mild,sudden,0.1357
42,13,Frozen Model,0.404,0.882,0.8696,0.2632,0.8805,0.6102,0.628,0.1562,0.1498,217.21,217.21,concept,mild,sudden,0.0931
42,13,Continuously Retrained Ensemble,0.541,0.888,0.7174,0.4342,0.8783,0.6325,0.7018,1.9219,1.4019,217.41,217.41,concept,mild,sudden,0.0931
42,13,Event-Driven Ensemble,0.541,0.888,0.7174,0.4342,0.8783,0.6325,0.7018,2.0938,1.4343,217.5,217.5,concept,mild,sudden,0.0931
42,14,Frozen Model,0.7576,0.776,0.8178,0.7056,0.8797,0.8534,0.7754,0.1719,0.1448,217.47,217.47,concept,moderate,gradual,0.0936
42,14,Continuously Retrained Ensemble,0.8016,0.798,0.7816,0.8226,0.8785,0.8404,0.7982,2.125,1.4351,217.6,217.6,concept,moderate,gradual,0.0936
42,14,Event-Driven Ensemble,0.8016,0.798,0.7816,0.8226,0.8785,0.8404,0.7982,0.1562,0.139,217.48,217.48,concept,moderate,gradual,0.0936
42,15,Frozen Model,0.6049,0.838,0.6667,0.5536,0.8875,0.6944,0.7368,0.1562,0.1655,217.54,217.54,none,none,stable,0.0421
42,15,Continuously Retrained Ensemble,0.6134,0.816,0.5794,0.6518,0.8826,0.6812,0.7576,2.0156,1.5054,217.73,217.73,none,none,stable,0.0421
42,15,Event-Driven Ensemble,0.652,0.842,0.6435,0.6607,0.8887,0.6847,0.7775,0.1875,0.1598,217.54,217.54,none,none,stable,0.0421
42,16,Frozen Model,0.7017,0.784,0.7605,0.6513,0.8425,0.7654,0.7601,0.1406,0.1396,217.67,217.67,covariate,moderate,gradual,0.0847
42,16,Continuously Retrained Ensemble,0.7064,0.754,0.6607,0.759,0.8418,0.7659,0.7549,2.1406,1.3328,217.91,217.91,covariate,moderate,gradual,0.0847
42,16,Event-Driven Ensemble,0.7171,0.768,0.6837,0.7538,0.8399,0.7583,0.7654,0.1406,0.1432,217.66,217.66,covariate,moderate,gradual,0.0847
42,17,Frozen Model,0.7095,0.738,0.7656,0.6612,0.8257,0.792,0.7356,0.1875,0.1336,217.86,217.86,concept,mild,recovery,0.0945
42,17,Continuously Retrained Ensemble,0.7416,0.738,0.7094,0.7769,0.8281,0.7951,0.7392,1.9531,1.4698,218.05,218.05,concept,mild,recovery,0.0945
42,17,Event-Driven Ensemble,0.745,0.744,0.7192,0.7727,0.8206,0.7877,0.7449,0.1562,0.1507,217.86,217.86,concept,mild,recovery,0.0945
42,18,Frozen Model,0.2258,0.904,0.7778,0.1321,0.9062,0.5493,0.5638,0.1562,0.1475,217.98,217.98,concept,mild,sudden,0.0953
42,18,Continuously Retrained Ensemble,0.4524,0.908,0.6129,0.3585,0.9126,0.5862,0.6658,1.9062,1.4286,218.18,218.18,concept,mild,sudden,0.0953
42,18,Event-Driven Ensemble,0.4878,0.916,0.6897,0.3774,0.9118,0.5903,0.6786,1.9219,1.3713,218.3,218.3,concept,mild,sudden,0.0953
42,19,Frozen Model,0.8688,0.878,0.9758,0.7829,0.9859,0.9868,0.8811,0.1719,0.1512,218.23,218.23,concept,severe,sudden,0.041
42,19,Continuously Retrained Ensemble,0.9168,0.918,0.9617,0.876,0.9828,0.9838,0.9194,1.875,1.4298,218.36,218.36,concept,severe,sudden,0.041
42,19,Event-Driven Ensemble,0.9231,0.924,0.9661,0.8837,0.9834,0.9845,0.9253,0.1406,0.1453,218.23,218.23,concept,severe,sudden,0.041
42,20,Frozen Model,0.8579,0.788,0.9969,0.7529,0.9603,0.9927,0.8698,0.1406,0.149,218.29,218.29,mixed,moderate,sudden,0.2266
42,20,Continuously Retrained Ensemble,0.8958,0.838,0.9886,0.8188,0.9593,0.9925,0.8827,2.1562,1.4028,218.5,218.5,mixed,moderate,sudden,0.2266
42,20,Event-Driven Ensemble,0.9017,0.846,0.986,0.8306,0.9567,0.9917,0.882,2.125,1.3856,218.57,218.57,mixed,moderate,sudden,0.2266
42,21,Frozen Model,0.7368,0.85,0.9906,0.5866,0.9689,0.957,0.7917,0.1562,0.1204,218.5,218.5,mixed,moderate,recovery,0.0752
42,21,Continuously Retrained Ensemble,0.9153,0.94,0.9257,0.905,0.9757,0.9657,0.9323,2.0469,1.4511,218.62,218.62,mixed,moderate,recovery,0.0752
42,21,Event-Driven Ensemble,0.9117,0.938,0.9302,0.8939,0.9755,0.9654,0.9282,0.1562,0.1517,218.5,218.5,mixed,moderate,recovery,0.0752
42,22,Frozen Model,0.9062,0.844,0.8934,0.9195,0.785,0.9318,0.7098,0.2031,0.1499,218.56,218.56,covariate,moderate,sudden,0.2768
42,22,Continuously Retrained Ensemble,0.9037,0.826,0.8276,0.9951,0.8058,0.9437,0.5253,2.2344,1.4473,218.81,218.81,covariate,moderate,sudden,0.2768
42,22,Event-Driven Ensemble,0.9037,0.826,0.8276,0.9951,0.8099,0.9414,0.5253,2.0,1.3266,218.93,218.93,covariate,moderate,sudden,0.2768
42,23,Frozen Model,0.6292,0.868,0.6022,0.6588,0.9,0.6905,0.7848,0.1719,0.1345,219.06,219.06,none,none,stable,0.0418
42,23,Continuously Retrained Ensemble,0.6076,0.814,0.4737,0.8471,0.8934,0.7014,0.8271,2.0,1.3906,219.24,219.24,none,none,stable,0.0418
42,23,Event-Driven Ensemble,0.6009,0.822,0.4855,0.7882,0.895,0.7046,0.8086,1.9062,1.4452,219.3,219.3,none,none,stable,0.0418
42,24,Frozen Model,0.8374,0.84,0.9279,0.763,0.9022,0.907,0.8467,0.1094,0.1326,219.25,219.25,covariate,moderate,sudden,0.1562
42,24,Continuously Retrained Ensemble,0.8481,0.828,0.8108,0.8889,0.904,0.9088,0.8227,2.0625,1.3768,220.37,220.37,covariate,moderate,sudden,0.1562
42,24,Event-Driven Ensemble,0.8481,0.828,0.8108,0.8889,0.904,0.9088,0.8227,2.0625,1.3923,220.43,220.43,covariate,moderate,sudden,0.1562
42,25,Frozen Model,0.7232,0.706,0.7111,0.7356,0.7942,0.7822,0.7046,0.1562,0.1506,220.36,220.36,covariate,mild,recovery,0.1435
42,25,Continuously Retrained Ensemble,0.7611,0.73,0.7072,0.8238,0.7859,0.7632,0.7257,2.2188,1.9802,221.5,221.5,covariate,mild,recovery,0.1435
42,25,Event-Driven Ensemble,0.7611,0.73,0.7072,0.8238,0.7859,0.7632,0.7257,2.2812,2.8111,221.56,221.56,covariate,mild,recovery,0.1435
42,26,Frozen Model,0.2432,0.888,0.6923,0.1475,0.8392,0.4699,0.5692,0.1719,0.2643,220.49,220.49,none,none,stable,0.0941
42,26,Continuously Retrained Ensemble,0.2889,0.872,0.4483,0.2131,0.8184,0.4479,0.5883,2.2812,2.107,220.68,220.68,none,none,stable,0.0941
42,26,Event-Driven Ensemble,0.2889,0.872,0.4483,0.2131,0.8184,0.4479,0.5883,1.9375,1.839,221.77,221.77,none,none,stable,0.0941
42,27,Frozen Model,0.8998,0.898,0.9385,0.8642,0.9689,0.972,0.9002,0.125,0.1509,220.68,220.68,mixed,mild,recovery,0.0906
42,27,Continuously Retrained Ensemble,0.9189,0.916,0.9407,0.8981,0.9705,0.9736,0.9171,1.8125,1.4096,221.85,221.85,mixed,mild,recovery,0.0906
42,27,Event-Driven Ensemble,0.9189,0.916,0.9407,0.8981,0.9705,0.9736,0.9171,0.1562,0.1441,220.68,220.68,mixed,mild,recovery,0.0906
42,28,Frozen Model,0.722,0.752,0.722,0.722,0.8271,0.7583,0.7491,0.1719,0.14,220.76,220.76,mixed,mild,recovery,0.0905
42,28,Continuously Retrained Ensemble,0.7269,0.74,0.6838,0.7758,0.824,0.7614,0.7435,2.2031,1.474,222.0,222.0,mixed,mild,recovery,0.0905
42,28,Event-Driven Ensemble,0.7273,0.748,0.7029,0.7534,0.8265,0.7689,0.7485,0.1406,0.1544,220.77,220.77,mixed,mild,recovery,0.0905
42,29,Frozen Model,0.2963,0.886,0.6316,0.1935,0.8937,0.5054,0.5888,0.1875,0.1696,220.89,220.89,none,none,stable,0.093
42,29,Continuously Retrained Ensemble,0.5138,0.894,0.5957,0.4516,0.889,0.5148,0.7041,1.8594,1.5282,222.14,222.14,none,none,stable,0.093
42,29,Event-Driven Ensemble,0.3596,0.886,0.5926,0.2581,0.884,0.4984,0.6165,2.0469,1.4786,222.2,222.2,none,none,stable,0.093
42,30,Frozen Model,0.9256,0.892,0.9307,0.9205,0.9015,0.9287,0.8677,0.1719,0.1502,221.07,221.07,covariate,severe,recovery,0.2459
42,30,Continuously Retrained Ensemble,0.9204,0.882,0.9069,0.9342,0.923,0.9593,0.8375,2.1406,1.6499,222.34,222.34,covariate,severe,recovery,0.2459
42,30,Event-Driven Ensemble,0.9181,0.878,0.9,0.937,0.9199,0.955,0.8278,1.9844,1.464,222.41,222.41,covariate,severe,recovery,0.2459
42,31,Frozen Model,0.8772,0.902,0.9722,0.7991,0.9678,0.9645,0.8906,0.1406,0.14,221.25,221.25,mixed,moderate,gradual,0.0862
42,31,Continuously Retrained Ensemble,0.8915,0.908,0.922,0.863,0.9676,0.9667,0.903,2.0469,1.4193,222.48,222.48,mixed,moderate,gradual,0.0862
42,31,Event-Driven Ensemble,0.8915,0.908,0.922,0.863,0.9681,0.967,0.903,0.1719,0.1503,221.26,221.26,mixed,moderate,gradual,0.0862
42,32,Frozen Model,0.8925,0.894,1.0,0.8059,0.9908,0.9937,0.9029,0.1406,0.1414,221.32,221.32,mixed,severe,recovery,0.1263
42,32,Continuously Retrained Ensemble,0.9459,0.944,1.0,0.8974,0.9914,0.9943,0.9487,2.0312,1.3629,222.62,222.62,mixed,severe,recovery,0.1263
42,32,Event-Driven Ensemble,0.9564,0.954,0.9921,0.9231,0.9919,0.9945,0.9571,2.1094,1.3933,222.67,222.67,mixed,severe,recovery,0.1263
42,33,Frozen Model,0.7799,0.764,0.9766,0.6491,0.9252,0.959,0.8105,0.1719,0.1389,221.49,221.49,concept,severe,sudden,0.0948
42,33,Continuously Retrained Ensemble,0.8258,0.8,0.9405,0.736,0.9123,0.9515,0.8259,1.9375,1.3678,222.74,222.74,concept,severe,sudden,0.0948
42,33,Event-Driven Ensemble,0.8134,0.788,0.939,0.7174,0.9065,0.9453,0.8166,0.0938,0.139,221.49,221.49,concept,severe,sudden,0.0948
42,34,Frozen Model,0.5231,0.814,0.8644,0.375,0.8586,0.7113,0.6765,0.1406,0.1386,221.59,221.59,mixed,mild,sudden,0.0817
42,34,Continuously Retrained Ensemble,0.6515,0.816,0.6719,0.6324,0.88,0.736,0.7585,1.9531,1.3909,222.92,222.92,mixed,mild,sudden,0.0817
42,34,Event-Driven Ensemble,0.6316,0.818,0.7027,0.5735,0.8757,0.7372,0.7414,1.9688,1.3464,223.17,223.17,mixed,mild,sudden,0.0817
42,35,Frozen Model,0.7964,0.774,0.7837,0.8095,0.8498,0.8677,0.7704,0.1875,0.1389,221.96,221.96,covariate,moderate,gradual,0.1606
42,35,Continuously Retrained Ensemble,0.804,0.762,0.7305,0.8938,0.8423,0.853,0.7486,1.9688,1.3998,223.23,223.23,covariate,moderate,gradual,0.1606
42,35,Event-Driven Ensemble,0.804,0.762,0.7305,0.8938,0.8457,0.8586,0.7486,1.7812,1.37,223.46,223.46,covariate,moderate,gradual,0.1606
42,36,Frozen Model,0.7476,0.792,0.8063,0.6968,0.8986,0.8501,0.7821,0.2812,0.1805,222.24,222.24,concept,mild,sudden,0.043
42,36,Continuously Retrained Ensemble,0.8214,0.826,0.7519,0.905,0.8996,0.8523,0.8342,2.125,1.4958,223.55,223.55,concept,mild,sudden,0.043
42,36,Event-Driven Ensemble,0.8189,0.824,0.7509,0.9005,0.9009,0.854,0.8319,0.2031,0.1577,222.23,222.23,concept,mild,sudden,0.043
42,37,Frozen Model,0.4144,0.87,0.8519,0.2738,0.8888,0.6608,0.6321,0.125,0.1475,222.47,222.47,concept,moderate,recovery,0.095
42,37,Continuously Retrained Ensemble,0.589,0.866,0.6076,0.5714,0.8927,0.6672,0.7485,1.9688,1.3713,223.9,223.9,concept,moderate,recovery,0.095
42,37,Event-Driven Ensemble,0.6164,0.878,0.6533,0.5833,0.8911,0.6559,0.7604,1.875,1.4309,224.12,224.12,concept,moderate,recovery,0.095
42,38,Frozen Model,0.7355,0.718,0.7313,0.7396,0.7834,0.7706,0.7166,0.1562,0.1269,222.87,222.87,covariate,mild,gradual,0.1478
42,38,Continuously Retrained Ensemble,0.7638,0.708,0.6686,0.8906,0.778,0.7654,0.6963,2.0938,1.3731,224.2,224.2,covariate,mild,gradual,0.1478
42,38,Event-Driven Ensemble,0.7607,0.708,0.6725,0.8755,0.7748,0.7623,0.6973,2.0625,1.3689,224.43,224.43,covariate,mild,gradual,0.1478
42,39,Frozen Model,0.5938,0.844,0.6264,0.5644,0.8782,0.6542,0.7396,0.1719,0.1436,223.16,223.16,none,none,stable,0.0421
42,39,Continuously Retrained Ensemble,0.6364,0.824,0.5461,0.7624,0.8785,0.6499,0.801,1.9531,1.3922,224.58,224.58,none,none,stable,0.0421
42,39,Event-Driven Ensemble,0.6364,0.824,0.5461,0.7624,0.8785,0.6499,0.801,0.2188,0.1712,223.17,223.17,none,none,stable,0.0421
42,40,Frozen Model,0.7131,0.86,0.7016,0.725,0.9105,0.7254,0.8138,0.2031,0.1263,223.77,223.77,none,none,stable,0.0408
42,40,Continuously Retrained Ensemble,0.7333,0.856,0.66,0.825,0.908,0.6767,0.8454,2.0,1.3413,225.13,225.13,none,none,stable,0.0408
42,40,Event-Driven Ensemble,0.7418,0.858,0.6581,0.85,0.9106,0.6703,0.8553,0.2031,0.1534,223.77,223.77,none,none,stable,0.0408
42,41,Frozen Model,0.831,0.756,0.9231,0.7557,0.8169,0.9308,0.7565,0.1719,0.1399,223.99,223.99,mixed,moderate,recovery,0.1916
42,41,Continuously Retrained Ensemble,0.8889,0.824,0.8911,0.8866,0.8127,0.9282,0.7346,1.9219,1.4236,225.31,225.31,mixed,moderate,recovery,0.1916
42,41,Event-Driven Ensemble,0.8867,0.816,0.8675,0.9068,0.813,0.9277,0.6864,2.1719,1.5777,225.3,225.3,mixed,moderate,recovery,0.1916
42,42,Frozen Model,0.1905,0.864,1.0,0.1053,0.913,0.7507,0.5526,0.1875,0.1594,223.99,223.99,concept,severe,gradual,0.0951
42,42,Continuously Retrained Ensemble,0.4381,0.882,0.7931,0.3026,0.9176,0.7324,0.6442,1.9531,1.4059,225.7,225.7,concept,severe,gradual,0.0951
42,42,Event-Driven Ensemble,0.4381,0.882,0.7931,0.3026,0.9176,0.7324,0.6442,2.125,1.4756,225.75,225.75,concept,severe,gradual,0.0951
42,43,Frozen Model,0.794,0.834,0.7729,0.8163,0.8935,0.806,0.8309,0.1406,0.1489,224.42,224.42,none,none,stable,0.0424
42,43,Continuously Retrained Ensemble,0.7972,0.824,0.7269,0.8827,0.8945,0.8144,0.8344,2.1719,1.4713,225.84,225.84,none,none,stable,0.0424
42,43,Event-Driven Ensemble,0.7972,0.824,0.7269,0.8827,0.8945,0.8144,0.8344,0.1406,0.146,224.43,224.43,none,none,stable,0.0424
42,44,Frozen Model,0.7667,0.63,0.9325,0.651,0.5955,0.9514,0.4921,0.1875,0.1537,224.5,224.5,mixed,severe,recovery,0.2158
42,44,Continuously Retrained Ensemble,0.9657,0.934,0.9375,0.9957,0.7952,0.9807,0.5282,2.0938,1.5111,225.92,225.92,mixed,severe,recovery,0.2158
42,44,Event-Driven Ensemble,0.9657,0.934,0.9393,0.9936,0.8142,0.9834,0.5422,1.8906,1.4012,225.98,225.98,mixed,severe,recovery,0.2158
42,45,Frozen Model,0.24,0.848,0.5455,0.1538,0.8444,0.4908,0.5651,0.2188,0.1346,224.61,224.61,concept,mild,gradual,0.095
42,45,Continuously Retrained Ensemble,0.5,0.868,0.6111,0.4231,0.855,0.5179,0.6867,1.9844,1.4634,226.12,226.12,concept,mild,gradual,0.095
42,45,Event-Driven Ensemble,0.5,0.868,0.6111,0.4231,0.855,0.5179,0.6867,1.9375,1.4438,226.18,226.18,concept,mild,gradual,0.095
42,46,Frozen Model,0.8088,0.808,0.9312,0.7148,0.9245,0.9448,0.8227,0.1719,0.1823,224.8,224.8,concept,severe,recovery,0.0932
42,46,Continuously Retrained Ensemble,0.8601,0.84,0.8542,0.8662,0.9248,0.9452,0.8359,2.1094,1.3573,226.25,226.25,concept,severe,recovery,0.0932
42,46,Event-Driven Ensemble,0.8601,0.84,0.8542,0.8662,0.9248,0.9452,0.8359,0.1562,0.1459,224.8,224.8,concept,severe,recovery,0.0932
42,47,Frozen Model,0.6094,0.8,0.7358,0.52,0.8786,0.7675,0.72,0.1875,0.1457,224.86,224.86,mixed,mild,recovery,0.0368
42,47,Continuously Retrained Ensemble,0.6689,0.798,0.6581,0.68,0.8679,0.7655,0.7643,2.0625,1.5379,225.4,225.4,mixed,mild,recovery,0.0368
42,47,Event-Driven Ensemble,0.6901,0.806,0.6626,0.72,0.875,0.7624,0.7814,0.2031,0.1417,224.86,224.86,mixed,mild,recovery,0.0368
42,48,Frozen Model,0.7354,0.6,1.0,0.5816,0.948,0.9975,0.7908,0.2188,0.1555,224.0,224.0,mixed,severe,sudden,0.2542
42,48,Continuously Retrained Ensemble,0.9794,0.96,0.9654,0.9937,0.9613,0.9982,0.6105,2.0938,1.3761,226.41,226.41,mixed,severe,sudden,0.2542
42,48,Event-Driven Ensemble,0.9805,0.962,0.9636,0.9979,0.9534,0.9978,0.5899,1.9844,1.4246,226.41,226.41,mixed,severe,sudden,0.2542
42,49,Frozen Model,0.7656,0.76,0.9074,0.6622,0.8897,0.9063,0.7821,0.125,0.1337,224.99,224.99,concept,severe,gradual,0.0943
42,49,Continuously Retrained Ensemble,0.852,0.82,0.8301,0.875,0.8862,0.9136,0.8076,2.2188,1.4852,226.43,226.43,concept,severe,gradual,0.0943
42,49,Event-Driven Ensemble,0.8449,0.812,0.8258,0.8649,0.8819,0.9097,0.8001,0.1875,0.16,224.99,224.99,concept,severe,gradual,0.0943
42,50,Frozen Model,0.6971,0.548,1.0,0.535,0.9265,0.9977,0.7675,0.125,0.1494,225.05,225.05,mixed,severe,sudden,0.2234
42,50,Continuously Retrained Ensemble,0.9837,0.968,0.9719,0.9959,0.9287,0.9977,0.4979,1.7969,1.5092,227.04,227.04,mixed,severe,sudden,0.2234
42,50,Event-Driven Ensemble,0.9858,0.972,0.972,1.0,0.932,0.9978,0.5,1.7812,1.5865,227.11,227.11,mixed,severe,sudden,0.2234
42,51,Frozen Model,0.7476,0.792,0.7368,0.7586,0.879,0.7801,0.7867,0.1875,0.1601,225.66,225.66,none,none,stable,0.0437
42,51,Continuously Retrained Ensemble,0.7889,0.802,0.6955,0.9113,0.8806,0.7883,0.8193,2.2031,1.5143,227.26,227.26,none,none,stable,0.0437
42,51,Event-Driven Ensemble,0.7889,0.802,0.6955,0.9113,0.8806,0.7883,0.8193,2.0625,1.4277,227.25,227.25,none,none,stable,0.0437
42,52,Frozen Model,0.902,0.84,0.971,0.8421,0.9086,0.9801,0.8338,0.1562,0.156,225.78,225.78,covariate,severe,sudden,0.3135
42,52,Continuously Retrained Ensemble,0.9338,0.876,0.8758,1.0,0.8854,0.9786,0.5079,2.2031,1.3913,227.39,227.39,covariate,severe,sudden,0.3135
42,52,Event-Driven Ensemble,0.9338,0.876,0.8758,1.0,0.8854,0.9786,0.5079,1.9688,1.521,227.4,227.4,covariate,severe,sudden,0.3135
42,53,Frozen Model,0.2078,0.878,0.4,0.1404,0.8364,0.3556,0.5566,0.1562,0.1396,225.91,225.91,none,none,stable,0.0965
42,53,Continuously Retrained Ensemble,0.4511,0.854,0.3947,0.5263,0.825,0.3173,0.7112,1.8906,1.3656,227.54,227.54,none,none,stable,0.0965
42,53,Event-Driven Ensemble,0.4511,0.854,0.3947,0.5263,0.825,0.3173,0.7112,1.8125,1.4664,227.6,227.6,none,none,stable,0.0965
42,54,Frozen Model,0.8202,0.758,0.807,0.8338,0.7867,0.8599,0.7217,0.1875,0.1985,225.03,225.03,covariate,moderate,gradual,0.2114
42,54,Continuously Retrained Ensemble,0.8099,0.694,0.6878,0.9849,0.7853,0.8733,0.5546,2.125,1.5207,226.61,226.61,covariate,moderate,gradual,0.2114
42,54,Event-Driven Ensemble,0.8099,0.694,0.6878,0.9849,0.7853,0.8733,0.5546,1.9219,1.4114,227.39,227.39,covariate,moderate,gradual,0.2114
42,55,Frozen Model,0.6176,0.844,0.7079,0.5478,0.8717,0.6342,0.7401,0.2188,0.1427,225.88,225.88,none,none,stable,0.0407
42,55,Continuously Retrained Ensemble,0.6316,0.818,0.5909,0.6783,0.867,0.6464,0.769,1.9688,1.4441,227.41,227.41,none,none,stable,0.0407
42,55,Event-Driven Ensemble,0.6316,0.818,0.5909,0.6783,0.867,0.6464,0.769,0.1562,0.1875,225.88,225.88,none,none,stable,0.0407
42,56,Frozen Model,0.6973,0.71,0.8308,0.6007,0.8038,0.8263,0.7238,0.1406,0.1439,225.88,225.88,covariate,severe,gradual,0.148
42,56,Continuously Retrained Ensemble,0.7706,0.744,0.7679,0.7734,0.8113,0.8123,0.7403,2.0781,1.4921,227.42,227.42,covariate,severe,gradual,0.148
42,56,Event-Driven Ensemble,0.7846,0.742,0.7321,0.8453,0.8024,0.8082,0.729,1.9531,1.4323,227.73,227.73,covariate,severe,gradual,0.148
42,57,Frozen Model,0.7514,0.726,0.7041,0.8054,0.7882,0.7659,0.7237,0.125,0.1459,226.18,226.18,covariate,mild,gradual,0.1452
42,57,Continuously Retrained Ensemble,0.7443,0.706,0.673,0.8327,0.7764,0.7461,0.7024,2.1094,1.6055,227.74,227.74,covariate,mild,gradual,0.1452
42,57,Event-Driven Ensemble,0.7478,0.71,0.6761,0.8366,0.7813,0.7547,0.7064,2.0781,1.571,227.76,227.76,covariate,mild,gradual,0.1452
42,58,Frozen Model,0.0896,0.878,0.375,0.0508,0.746,0.2903,0.5198,0.1719,0.1469,226.2,226.2,none,none,stable,0.0926
42,58,Continuously Retrained Ensemble,0.3043,0.872,0.4242,0.2373,0.7428,0.2949,0.5971,2.0469,1.4301,228.41,228.41,none,none,stable,0.0926
42,58,Event-Driven Ensemble,0.3043,0.872,0.4242,0.2373,0.7399,0.2834,0.5971,2.0938,1.4538,228.97,228.97,none,none,stable,0.0926
42,59,Frozen Model,0.8341,0.856,0.8578,0.8117,0.9454,0.9278,0.8517,0.1875,0.1527,227.4,227.4,concept,severe,gradual,0.0408
42,59,Continuously Retrained Ensemble,0.8496,0.864,0.8384,0.861,0.9464,0.9297,0.8637,2.1562,1.5313,229.05,229.05,concept,severe,gradual,0.0408
42,59,Event-Driven Ensemble,0.8438,0.86,0.84,0.8475,0.945,0.9279,0.8588,0.2031,0.2054,227.4,227.4,concept,severe,gradual,0.0408
43,0,Frozen Model,0.6417,0.828,0.6311,0.6525,0.8773,0.6394,0.7674,0.1875,0.1387,226.7,226.7,none,none,stable,0.0408
43,0,Continuously Retrained Ensemble,0.6397,0.822,0.6124,0.6695,0.8786,0.6469,0.7693,2.0781,1.4073,227.17,227.17,none,none,stable,0.0408
43,0,Event-Driven Ensemble,0.6397,0.822,0.6124,0.6695,0.8786,0.6469,0.7693,2.0781,1.4749,227.97,227.97,none,none,stable,0.0408
43,1,Frozen Model,0.8342,0.756,0.9219,0.7618,0.8527,0.9593,0.7469,0.1562,0.1469,227.91,227.91,mixed,moderate,recovery,0.1991
43,1,Continuously Retrained Ensemble,0.8545,0.778,0.9056,0.8089,0.8228,0.9479,0.7292,2.125,1.4919,228.73,228.73,mixed,moderate,recovery,0.1991
43,1,Event-Driven Ensemble,0.8545,0.778,0.9056,0.8089,0.8228,0.9479,0.7292,1.9375,1.3722,228.77,228.77,mixed,moderate,recovery,0.1991
43,2,Frozen Model,0.2222,0.874,0.4737,0.1452,0.7756,0.3492,0.5612,0.125,0.1402,228.71,228.71,covariate,mild,recovery,0.0851
43,2,Continuously Retrained Ensemble,0.2449,0.852,0.3333,0.1935,0.7656,0.3167,0.5694,2.0312,1.4879,228.71,228.71,covariate,mild,recovery,0.0851
43,2,Event-Driven Ensemble,0.2449,0.852,0.3333,0.1935,0.7656,0.3167,0.5694,1.8594,1.364,228.71,228.71,covariate,mild,recovery,0.0851
43,3,Frozen Model,0.8211,0.83,0.8369,0.8058,0.9179,0.9052,0.8292,0.1875,0.1387,225.29,225.29,mixed,mild,gradual,0.096
43,3,Continuously Retrained Ensemble,0.8507,0.854,0.8421,0.8595,0.9128,0.8933,0.8542,1.9531,1.3564,225.39,225.39,mixed,mild,gradual,0.096
43,3,Event-Driven Ensemble,0.8507,0.854,0.8421,0.8595,0.9128,0.8933,0.8542,0.1562,0.1519,225.29,225.29,mixed,mild,gradual,0.096
43,4,Frozen Model,0.6761,0.772,0.6503,0.7041,0.8403,0.674,0.7554,0.1875,0.1507,225.34,225.34,none,none,stable,0.0419
43,4,Continuously Retrained Ensemble,0.6685,0.756,0.6181,0.7278,0.8387,0.6858,0.7491,2.125,1.4671,225.41,225.41,none,none,stable,0.0419
43,4,Event-Driven Ensemble,0.6667,0.754,0.615,0.7278,0.8375,0.6842,0.7476,0.1562,0.152,225.34,225.34,none,none,stable,0.0419
43,5,Frozen Model,0.2716,0.882,0.6111,0.1746,0.8573,0.4878,0.5793,0.1406,0.1313,225.36,225.36,concept,mild,gradual,0.0943
43,5,Continuously Retrained Ensemble,0.3333,0.88,0.5556,0.2381,0.8623,0.4992,0.6053,2.0,1.3172,225.46,225.46,concept,mild,gradual,0.0943
43,5,Event-Driven Ensemble,0.3146,0.878,0.5385,0.2222,0.8564,0.49,0.5974,2.0312,1.3432,225.53,225.53,concept,mild,gradual,0.0943
43,6,Frozen Model,0.8348,0.806,0.875,0.798,0.8902,0.9245,0.8083,0.1406,0.1475,225.6,225.6,mixed,mild,recovery,0.1417
43,6,Continuously Retrained Ensemble,0.8464,0.812,0.8492,0.8436,0.8935,0.9228,0.8027,2.0625,1.3899,225.75,225.75,mixed,mild,recovery,0.1417
43,6,Event-Driven Ensemble,0.8464,0.812,0.8492,0.8436,0.8935,0.9228,0.8027,1.875,1.4388,226.09,226.09,mixed,mild,recovery,0.1417
43,7,Frozen Model,0.7989,0.848,0.8118,0.7865,0.9311,0.8673,0.8364,0.1719,0.1217,226.04,226.04,covariate,moderate,gradual,0.0886
43,7,Continuously Retrained Ensemble,0.8296,0.862,0.7887,0.875,0.9371,0.8898,0.8644,2.0156,1.3747,226.1,226.1,covariate,moderate,gradual,0.0886
43,7,Event-Driven Ensemble,0.8296,0.862,0.7887,0.875,0.9371,0.8898,0.8644,0.125,0.1377,226.03,226.03,covariate,moderate,gradual,0.0886
43,8,Frozen Model,0.8343,0.83,0.8992,0.7782,0.909,0.9081,0.8358,0.1719,0.1488,226.05,226.05,covariate,moderate,sudden,0.1569
43,8,Continuously Retrained Ensemble,0.8526,0.834,0.8333,0.8727,0.91,0.915,0.8297,2.2969,1.533,226.12,226.12,covariate,moderate,sudden,0.1569
43,8,Event-Driven Ensemble,0.8541,0.836,0.8362,0.8727,0.9076,0.8978,0.8319,1.9375,1.3719,226.12,226.12,covariate,moderate,sudden,0.1569
43,9,Frozen Model,0.9169,0.876,0.9744,0.8658,0.9487,0.9833,0.8901,0.1406,0.1367,226.06,226.06,mixed,moderate,gradual,0.2051
43,9,Continuously Retrained Ensemble,0.9468,0.916,0.9468,0.9468,0.9491,0.9847,0.8734,1.9531,1.4123,226.13,226.13,mixed,moderate,gradual,0.2051
43,9,Event-Driven Ensemble,0.948,0.918,0.9492,0.9468,0.949,0.9845,0.8782,2.0625,1.4432,226.31,226.31,mixed,moderate,gradual,0.2051
43,10,Frozen Model,0.1765,0.888,0.4,0.1132,0.8216,0.3286,0.5465,0.1875,0.1358,226.25,226.25,none,none,stable,0.0945
43,10,Continuously Retrained Ensemble,0.3256,0.884,0.4242,0.2642,0.816,0.3367,0.6108,1.8438,1.3419,227.11,227.11,none,none,stable,0.0945
43,10,Event-Driven Ensemble,0.3614,0.894,0.5,0.283,0.8163,0.3474,0.6247,1.9531,1.404,227.27,227.27,none,none,stable,0.0945
43,11,Frozen Model,0.8919,0.808,0.9975,0.8065,0.9581,0.9992,0.8477,0.125,0.136,227.21,227.21,mixed,severe,sudden,0.3034
43,11,Continuously Retrained Ensemble,0.9465,0.9,0.9977,0.9002,0.9547,0.9991,0.8945,2.0,1.4146,227.29,227.29,mixed,severe,sudden,0.3034
43,11,Event-Driven Ensemble,0.9465,0.9,0.9977,0.9002,0.9547,0.9991,0.8945,1.9375,1.4276,227.3,227.3,mixed,severe,sudden,0.3034
43,12,Frozen Model,0.6499,0.75,0.6629,0.6374,0.7961,0.6831,0.7259,0.1719,0.1441,227.25,227.25,none,none,stable,0.0409
43,12,Continuously Retrained Ensemble,0.6603,0.716,0.5847,0.7582,0.7978,0.669,0.725,1.9219,1.3976,227.94,227.94,none,none,stable,0.0409
43,12,Event-Driven Ensemble,0.6603,0.716,0.5847,0.7582,0.7978,0.669,0.725,2.0938,1.5211,227.95,227.95,none,none,stable,0.0409
43,13,Frozen Model,0.3077,0.874,0.7368,0.1944,0.9003,0.558,0.5914,0.1562,0.1492,227.88,227.88,concept,mild,sudden,0.0964
43,13,Continuously Retrained Ensemble,0.5128,0.886,0.6667,0.4167,0.8716,0.5279,0.6908,2.125,1.5138,227.95,227.95,concept,mild,sudden,0.0964
43,13,Event-Driven Ensemble,0.5128,0.886,0.6667,0.4167,0.8716,0.5279,0.6908,2.0312,1.4968,227.95,227.95,concept,mild,sudden,0.0964
43,14,Frozen Model,0.928,0.9,0.967,0.892,0.9461,0.9796,0.9064,0.1875,0.1585,227.89,227.89,mixed,moderate,recovery,0.1942
43,14,Continuously Retrained Ensemble,0.9278,0.896,0.9304,0.9252,0.9544,0.984,0.8727,1.9844,1.4237,227.95,227.95,mixed,moderate,recovery,0.1942
43,14,Event-Driven Ensemble,0.9278,0.896,0.9304,0.9252,0.9544,0.984,0.8727,1.9844,1.3549,227.96,227.96,mixed,moderate,recovery,0.1942
43,15,Frozen Model,0.5745,0.84,0.6067,0.5455,0.8594,0.5813,0.7291,0.1719,0.1484,227.89,227.89,none,none,stable,0.0422
43,15,Continuously Retrained Ensemble,0.5859,0.836,0.5859,0.5859,0.8593,0.5864,0.7418,1.9062,1.3622,227.95,227.95,none,none,stable,0.0422
43,15,Event-Driven Ensemble,0.5859,0.836,0.5859,0.5859,0.8593,0.5864,0.7418,2.0938,1.4999,228.11,228.11,none,none,stable,0.0422
43,16,Frozen Model,0.7881,0.858,0.7811,0.7952,0.9291,0.8419,0.8422,0.1562,0.1513,228.05,228.05,covariate,mild,sudden,0.0652
43,16,Continuously Retrained Ensemble,0.7749,0.828,0.6852,0.8916,0.9248,0.8381,0.844,2.2656,1.4985,228.11,228.11,covariate,mild,sudden,0.0652
43,16,Event-Driven Ensemble,0.7749,0.828,0.6852,0.8916,0.9248,0.8381,0.844,0.1562,0.1522,228.05,228.05,covariate,mild,sudden,0.0652
43,17,Frozen Model,0.9233,0.882,0.9416,0.9056,0.9182,0.9671,0.851,0.2188,0.1559,228.05,228.05,covariate,severe,gradual,0.2598
43,17,Continuously Retrained Ensemble,0.9276,0.886,0.9241,0.9311,0.8988,0.9607,0.8267,1.8906,1.3965,228.12,228.12,covariate,severe,gradual,0.2598
43,17,Event-Driven Ensemble,0.925,0.878,0.8931,0.9592,0.886,0.9445,0.7713,2.0781,1.4438,228.12,228.12,covariate,severe,gradual,0.2598
43,18,Frozen Model,0.3655,0.75,0.766,0.24,0.873,0.725,0.6043,0.1406,0.1352,228.05,228.05,mixed,moderate,recovery,0.091
43,18,Continuously Retrained Ensemble,0.6202,0.804,0.7407,0.5333,0.8785,0.7556,0.7267,1.875,1.4221,228.13,228.13,mixed,moderate,recovery,0.091
43,18,Event-Driven Ensemble,0.6118,0.802,0.7429,0.52,0.8751,0.7475,0.7214,1.8594,1.3768,228.2,228.2,mixed,moderate,recovery,0.091
43,19,Frozen Model,0.7549,0.8,0.744,0.7662,0.8898,0.8302,0.7945,0.1875,0.1636,228.14,228.14,none,none,stable,0.0419
43,19,Continuously Retrained Ensemble,0.7783,0.812,0.7399,0.8209,0.8917,0.8271,0.8135,2.0469,1.4154,229.17,229.17,none,none,stable,0.0419
43,19,Event-Driven Ensemble,0.7783,0.812,0.7399,0.8209,0.8917,0.8271,0.8135,0.25,0.2045,228.14,228.14,none,none,stable,0.0419
43,20,Frozen Model,0.8767,0.856,0.9343,0.8258,0.9451,0.9627,0.8655,0.1406,0.1398,229.14,229.14,mixed,mild,sudden,0.1375
43,20,Continuously Retrained Ensemble,0.9071,0.884,0.9013,0.9129,0.9498,0.9659,0.8749,1.9688,1.4508,229.83,229.83,mixed,mild,sudden,0.1375
43,20,Event-Driven Ensemble,0.9105,0.888,0.9019,0.9194,0.9503,0.966,0.8781,2.0156,1.4222,229.93,229.93,mixed,mild,sudden,0.1375
43,21,Frozen Model,0.5985,0.67,0.8978,0.4489,0.8754,0.8847,0.6935,0.2344,0.157,229.87,229.87,mixed,severe,gradual,0.1273
43,21,Continuously Retrained Ensemble,0.8272,0.812,0.8333,0.8212,0.886,0.9006,0.811,2.1406,1.3896,229.94,229.94,mixed,severe,gradual,0.1273
43,21,Event-Driven Ensemble,0.8272,0.812,0.8333,0.8212,0.886,0.9006,0.811,1.9062,1.3544,229.94,229.94,mixed,severe,gradual,0.1273
43,22,Frozen Model,0.7268,0.77,0.6986,0.7574,0.8281,0.7246,0.768,0.1562,0.1521,229.87,229.87,none,none,stable,0.0932
43,22,Continuously Retrained Ensemble,0.7146,0.738,0.6381,0.8119,0.815,0.7249,0.7499,2.0469,1.4472,229.95,229.95,none,none,stable,0.0932
43,22,Event-Driven Ensemble,0.7228,0.75,0.6546,0.8069,0.8136,0.7216,0.7592,0.1875,0.1522,229.88,229.88,none,none,stable,0.0932
43,23,Frozen Model,0.7273,0.874,0.9767,0.5793,0.9715,0.9395,0.7868,0.2031,0.1622,229.9,229.9,concept,severe,sudden,0.0438
43,23,Continuously Retrained Ensemble,0.7373,0.876,0.956,0.6,0.9691,0.9313,0.7944,1.9688,1.3568,229.97,229.97,concept,severe,sudden,0.0438
43,23,Event-Driven Ensemble,0.7521,0.88,0.9381,0.6276,0.9682,0.9284,0.8053,0.1875,0.122,229.91,229.91,concept,severe,sudden,0.0438
43,24,Frozen Model,0.7848,0.864,0.9688,0.6596,0.9753,0.9609,0.8234,0.1875,0.147,229.91,229.91,concept,severe,recovery,0.0414
43,24,Continuously Retrained Ensemble,0.8563,0.902,0.9542,0.7766,0.9747,0.961,0.8771,1.8438,1.4104,231.07,231.07,concept,severe,recovery,0.0414
43,24,Event-Driven Ensemble,0.8778,0.912,0.9186,0.8404,0.974,0.9594,0.8978,0.1719,0.1511,229.91,229.91,concept,severe,recovery,0.0414
43,25,Frozen Model,0.8081,0.754,0.7969,0.8196,0.7932,0.835,0.7305,0.1406,0.1466,230.02,230.02,covariate,mild,sudden,0.1899
43,25,Continuously Retrained Ensemble,0.8172,0.728,0.7103,0.962,0.783,0.8206,0.6441,2.0625,1.4248,231.1,231.1,covariate,mild,sudden,0.1899
43,25,Event-Driven Ensemble,0.819,0.734,0.7184,0.9525,0.7846,0.8377,0.6556,1.8906,1.3678,231.1,231.1,covariate,mild,sudden,0.1899
43,26,Frozen Model,0.1429,0.904,0.4,0.087,0.8111,0.3393,0.5369,0.1719,0.1372,230.04,230.04,none,none,stable,0.095
43,26,Continuously Retrained Ensemble,0.3596,0.886,0.3721,0.3478,0.8137,0.3428,0.6442,1.9531,1.4782,231.13,231.13,none,none,stable,0.095
43,26,Event-Driven Ensemble,0.3596,0.886,0.3721,0.3478,0.8137,0.3428,0.6442,1.9375,1.7119,231.25,231.25,none,none,stable,0.095
43,27,Frozen Model,0.8148,0.85,0.8088,0.8209,0.9144,0.8635,0.8452,0.125,0.1414,230.16,230.16,none,none,stable,0.0414
43,27,Continuously Retrained Ensemble,0.8053,0.824,0.7251,0.9055,0.9186,0.8692,0.8374,1.9531,1.4155,231.27,231.27,none,none,stable,0.0414
43,27,Event-Driven Ensemble,0.8053,0.824,0.7251,0.9055,0.9186,0.8692,0.8374,0.1719,0.1475,230.16,230.16,none,none,stable,0.0414
43,28,Frozen Model,0.6609,0.764,0.6845,0.6389,0.8513,0.7164,0.7366,0.125,0.1368,230.18,230.18,concept,mild,recovery,0.0408
43,28,Continuously Retrained Ensemble,0.6946,0.752,0.6239,0.7833,0.8479,0.7033,0.7589,1.8438,1.3386,231.29,231.29,concept,mild,recovery,0.0408
43,28,Event-Driven Ensemble,0.7163,0.756,0.616,0.8556,0.85,0.7005,0.7778,0.1562,0.1353,230.17,230.17,concept,mild,recovery,0.0408
43,29,Frozen Model,0.2667,0.846,1.0,0.1538,0.928,0.8001,0.5769,0.1719,0.1447,230.18,230.18,concept,severe,recovery,0.0959
43,29,Continuously Retrained Ensemble,0.5238,0.88,0.9429,0.3626,0.92,0.7761,0.6789,2.0156,1.6337,231.3,231.3,concept,severe,recovery,0.0959
43,29,Event-Driven Ensemble,0.5942,0.888,0.8723,0.4505,0.9249,0.7897,0.7179,0.1719,0.1602,230.17,230.17,concept,severe,recovery,0.0959
43,30,Frozen Model,0.8977,0.83,0.8715,0.9256,0.7869,0.9282,0.6793,0.125,0.149,230.18,230.18,covariate,moderate,sudden,0.2734
43,30,Continuously Retrained Ensemble,0.8981,0.824,0.8416,0.9628,0.8006,0.9354,0.6051,2.0469,1.4395,231.33,231.33,covariate,moderate,sudden,0.2734
43,30,Event-Driven Ensemble,0.901,0.83,0.8487,0.9603,0.719,0.8818,0.6245,2.0781,1.4374,231.33,231.33,covariate,moderate,sudden,0.2734
43,31,Frozen Model,0.833,0.842,0.8756,0.7944,0.9215,0.9003,0.8416,0.1719,0.1519,230.18,230.18,covariate,severe,gradual,0.1346
43,31,Continuously Retrained Ensemble,0.8538,0.85,0.8264,0.8831,0.927,0.9329,0.8503,2.0,1.4366,231.34,231.34,covariate,severe,gradual,0.1346
43,31,Event-Driven Ensemble,0.8521,0.848,0.8233,0.8831,0.9259,0.9316,0.8483,1.9688,1.4421,231.34,231.34,covariate,severe,gradual,0.1346
43,32,Frozen Model,0.8255,0.808,0.9956,0.705,0.9476,0.9749,0.8497,0.2031,0.1517,230.18,230.18,mixed,moderate,sudden,0.1593
43,32,Continuously Retrained Ensemble,0.8836,0.862,0.9668,0.8137,0.9499,0.9756,0.8816,2.0781,1.4504,231.36,231.36,mixed,moderate,sudden,0.1593
43,32,Event-Driven Ensemble,0.8874,0.866,0.967,0.8199,0.9494,0.9753,0.8847,2.1875,1.4092,231.37,231.37,mixed,moderate,sudden,0.1593
43,33,Frozen Model,0.7959,0.724,0.8054,0.7865,0.7782,0.869,0.6876,0.1562,0.1308,230.19,230.19,covariate,moderate,recovery,0.2046
43,33,Continuously Retrained Ensemble,0.8316,0.736,0.7376,0.9532,0.7522,0.8449,0.6095,1.9688,1.5102,231.38,231.38,covariate,moderate,recovery,0.2046
43,33,Event-Driven Ensemble,0.8333,0.74,0.742,0.9503,0.7334,0.8361,0.6176,1.9688,1.5989,231.39,231.39,covariate,moderate,recovery,0.2046
43,34,Frozen Model,0.2535,0.894,1.0,0.1452,0.9192,0.7015,0.5726,0.1562,0.154,230.2,230.2,concept,severe,gradual,0.0935
43,34,Continuously Retrained Ensemble,0.5,0.912,0.8462,0.3548,0.9009,0.682,0.6729,1.9688,1.4084,231.4,231.4,concept,severe,gradual,0.0935
43,34,Event-Driven Ensemble,0.5,0.912,0.8462,0.3548,0.9009,0.682,0.6729,2.0625,1.5291,231.43,231.43,concept,severe,gradual,0.0935
43,35,Frozen Model,0.8221,0.852,0.8182,0.8261,0.9114,0.8414,0.8482,0.1562,0.1569,230.22,230.22,concept,mild,gradual,0.0409
43,35,Continuously Retrained Ensemble,0.8222,0.84,0.7613,0.8937,0.9063,0.8376,0.8479,2.0625,1.4634,231.44,231.44,concept,mild,gradual,0.0409
43,35,Event-Driven Ensemble,0.8222,0.84,0.7613,0.8937,0.9063,0.8376,0.8479,0.1406,0.1525,230.21,230.21,concept,mild,gradual,0.0409
43,36,Frozen Model,0.7864,0.824,0.871,0.7168,0.9206,0.8829,0.8146,0.2031,0.1565,230.21,230.21,concept,moderate,gradual,0.0417
43,36,Continuously Retrained Ensemble,0.8462,0.856,0.8182,0.8761,0.916,0.8786,0.8578,1.9062,1.4171,231.45,231.45,concept,moderate,gradual,0.0417
43,36,Event-Driven Ensemble,0.845,0.854,0.8122,0.8805,0.9167,0.8746,0.8563,0.1406,0.1463,230.21,230.21,concept,moderate,gradual,0.0417
43,37,Frozen Model,0.6491,0.734,0.7785,0.5566,0.8367,0.798,0.7156,0.1406,0.134,230.21,230.21,covariate,moderate,sudden,0.1324
43,37,Continuously Retrained Ensemble,0.7425,0.742,0.6643,0.8416,0.8376,0.8026,0.7524,1.9219,1.3874,231.46,231.46,covariate,moderate,sudden,0.1324
43,37,Event-Driven Ensemble,0.7377,0.744,0.6742,0.8145,0.8322,0.799,0.7513,2.0312,1.5101,231.47,231.47,covariate,moderate,sudden,0.1324
43,38,Frozen Model,0.8598,0.818,0.8254,0.8971,0.869,0.8867,0.7925,0.1875,0.1268,230.21,230.21,covariate,moderate,recovery,0.1974
43,38,Continuously Retrained Ensemble,0.863,0.812,0.7893,0.9518,0.8888,0.9165,0.7669,1.9844,1.3805,231.49,231.49,covariate,moderate,recovery,0.1974
43,38,Event-Driven Ensemble,0.8659,0.816,0.792,0.955,0.8877,0.9167,0.7711,2.0781,1.4162,231.48,231.48,covariate,moderate,recovery,0.1974
43,39,Frozen Model,0.5923,0.62,0.715,0.5055,0.7044,0.7449,0.6316,0.1875,0.1539,230.21,230.21,covariate,severe,recovery,0.1388
43,39,Continuously Retrained Ensemble,0.7057,0.628,0.6212,0.8168,0.6933,0.7414,0.6089,2.1094,1.453,231.5,231.5,covariate,severe,recovery,0.1388
43,39,Event-Driven Ensemble,0.7117,0.65,0.6467,0.7912,0.7044,0.7477,0.6357,1.7969,1.4019,231.51,231.51,covariate,severe,recovery,0.1388
43,40,Frozen Model,0.764,0.874,0.816,0.7183,0.9306,0.8175,0.827,0.1719,0.1519,230.21,230.21,concept,moderate,gradual,0.0408
43,40,Continuously Retrained Ensemble,0.7759,0.866,0.7389,0.8169,0.9299,0.7959,0.8512,2.1094,1.4075,231.52,231.52,concept,moderate,gradual,0.0408
43,40,Event-Driven Ensemble,0.7759,0.866,0.7389,0.8169,0.9299,0.7959,0.8512,0.1719,0.1934,230.21,230.21,concept,moderate,gradual,0.0408
43,41,Frozen Model,0.7158,0.738,0.825,0.6322,0.8413,0.8504,0.7429,0.1094,0.1435,230.22,230.22,concept,mild,sudden,0.0933
43,41,Continuously Retrained Ensemble,0.7797,0.766,0.7667,0.7931,0.832,0.8307,0.7648,2.0312,1.4144,231.54,231.54,concept,mild,sudden,0.0933
43,41,Event-Driven Ensemble,0.7904,0.774,0.7662,0.8161,0.8308,0.8339,0.7721,0.1094,0.1476,230.22,230.22,concept,mild,sudden,0.0933
43,42,Frozen Model,0.2222,0.902,0.5,0.1429,0.8359,0.3943,0.5637,0.2031,0.1614,230.22,230.22,concept,mild,recovery,0.0949
43,42,Continuously Retrained Ensemble,0.4138,0.898,0.4737,0.3673,0.8356,0.4098,0.6615,2.0938,1.4357,231.55,231.55,concept,mild,recovery,0.0949
43,42,Event-Driven Ensemble,0.4368,0.902,0.5,0.3878,0.8275,0.3904,0.6728,1.9375,1.3199,231.56,231.56,concept,mild,recovery,0.0949
43,43,Frozen Model,0.7531,0.802,0.7402,0.7665,0.8906,0.8233,0.7958,0.2031,0.1321,230.23,230.23,none,none,stable,0.0418
43,43,Continuously Retrained Ensemble,0.7773,0.804,0.7037,0.868,0.8895,0.8128,0.8152,1.9688,1.4202,231.58,231.58,none,none,stable,0.0418
43,43,Event-Driven Ensemble,0.7738,0.8,0.698,0.868,0.8887,0.8113,0.8119,0.1875,0.1506,230.23,230.23,none,none,stable,0.0418
43,44,Frozen Model,0.6154,0.73,0.6,0.6316,0.8103,0.656,0.7064,0.125,0.1228,230.23,230.23,none,none,stable,0.0401
43,44,Continuously Retrained Ensemble,0.6447,0.72,0.5695,0.7427,0.8097,0.6656,0.7254,1.9531,1.4065,231.59,231.59,none,none,stable,0.0401
43,44,Event-Driven Ensemble,0.6402,0.71,0.556,0.7544,0.8132,0.6861,0.7207,0.1406,0.15,230.23,230.23,none,none,stable,0.0401
43,45,Frozen Model,0.3119,0.85,0.9444,0.1868,0.9475,0.7839,0.5922,0.125,0.1435,230.23,230.23,concept,severe,sudden,0.0938
43,45,Continuously Retrained Ensemble,0.5481,0.878,0.8409,0.4066,0.9431,0.7364,0.6947,2.1562,1.4476,231.61,231.61,concept,severe,sudden,0.0938
43,45,Event-Driven Ensemble,0.6351,0.892,0.8246,0.5165,0.946,0.7727,0.746,0.1875,0.1672,230.22,230.22,concept,severe,sudden,0.0938
43,46,Frozen Model,0.6697,0.71,0.6934,0.6476,0.7786,0.7166,0.7047,0.1719,0.1366,230.23,230.23,none,none,stable,0.096
43,46,Continuously Retrained Ensemble,0.7052,0.704,0.6436,0.7797,0.7791,0.703,0.7104,1.9219,1.4102,230.87,230.87,none,none,stable,0.096
43,46,Event-Driven Ensemble,0.7109,0.704,0.6386,0.8018,0.7731,0.6972,0.7122,0.2031,0.153,230.23,230.23,none,none,stable,0.096
43,47,Frozen Model,0.6837,0.876,0.7614,0.6204,0.902,0.7715,0.7834,0.1406,0.1655,229.48,229.48,none,none,stable,0.042
43,47,Continuously Retrained Ensemble,0.6927,0.874,0.732,0.6574,0.8988,0.7674,0.7955,2.1562,1.4258,230.89,230.89,none,none,stable,0.042
43,47,Event-Driven Ensemble,0.6789,0.86,0.6727,0.6852,0.899,0.7757,0.7967,0.1406,0.1418,229.48,229.48,none,none,stable,0.042
43,48,Frozen Model,0.7093,0.718,0.8075,0.6324,0.7947,0.7974,0.7263,0.1406,0.1255,229.48,229.48,covariate,severe,gradual,0.1519
43,48,Continuously Retrained Ensemble,0.7721,0.732,0.7184,0.8346,0.784,0.7789,0.7221,2.1562,1.4378,231.34,231.34,covariate,severe,gradual,0.1519
43,48,Event-Driven Ensemble,0.7647,0.728,0.7222,0.8125,0.7905,0.7914,0.7198,2.0469,1.4171,231.4,231.4,covariate,severe,gradual,0.1519
43,49,Frozen Model,0.912,0.866,0.906,0.918,0.889,0.9417,0.8115,0.1406,0.1421,229.97,229.97,covariate,severe,gradual,0.2571
43,49,Continuously Retrained Ensemble,0.9192,0.872,0.8792,0.963,0.8744,0.9379,0.7766,2.0312,1.4674,231.48,231.48,covariate,severe,gradual,0.2571
43,49,Event-Driven Ensemble,0.9192,0.872,0.8792,0.963,0.8763,0.9372,0.7766,1.9062,1.346,231.53,231.53,covariate,severe,gradual,0.2571
43,50,Frozen Model,0.7663,0.878,0.9615,0.6369,0.9278,0.8967,0.8126,0.1875,0.1609,230.1,230.1,mixed,moderate,gradual,0.0853
43,50,Continuously Retrained Ensemble,0.7823,0.882,0.9298,0.6752,0.929,0.8997,0.8259,2.0156,1.4081,231.61,231.61,mixed,moderate,gradual,0.0853
43,50,Event-Driven Ensemble,0.7927,0.886,0.9237,0.6943,0.9285,0.8995,0.834,0.1719,0.1578,230.11,230.11,mixed,moderate,gradual,0.0853
43,51,Frozen Model,0.9106,0.85,0.9574,0.8682,0.8708,0.9773,0.7924,0.1719,0.1456,230.16,230.16,covariate,severe,sudden,0.3108
43,51,Continuously Retrained Ensemble,0.933,0.88,0.9167,0.95,0.8617,0.9753,0.6583,2.1875,1.4359,231.82,231.82,covariate,severe,sudden,0.3108
43,51,Event-Driven Ensemble,0.9333,0.88,0.913,0.9545,0.8617,0.9754,0.6439,2.0625,1.3687,231.88,231.88,covariate,severe,sudden,0.3108
43,52,Frozen Model,0.844,0.844,0.8866,0.8053,0.9147,0.8986,0.8459,0.125,0.1259,230.41,230.41,mixed,mild,gradual,0.0939
43,52,Continuously Retrained Ensemble,0.8652,0.856,0.8493,0.8817,0.9144,0.9037,0.8547,1.8438,1.3755,231.96,231.96,mixed,mild,gradual,0.0939
43,52,Event-Driven Ensemble,0.8598,0.85,0.8425,0.8779,0.9125,0.9031,0.8486,0.1562,0.1247,230.42,230.42,mixed,mild,gradual,0.0939
43,53,Frozen Model,0.2118,0.866,0.45,0.1385,0.8414,0.4257,0.5566,0.1562,0.1496,230.48,230.48,none,none,stable,0.0952
43,53,Continuously Retrained Ensemble,0.4655,0.876,0.5294,0.4154,0.7991,0.4209,0.6801,1.9531,1.3728,231.98,231.98,none,none,stable,0.0952
43,53,Event-Driven Ensemble,0.4074,0.872,0.5116,0.3385,0.7763,0.4731,0.6451,1.9531,1.4278,231.98,231.98,none,none,stable,0.0952
43,54,Frozen Model,0.8412,0.812,0.8799,0.8058,0.8979,0.9297,0.8139,0.0938,0.1519,230.47,230.47,mixed,mild,recovery,0.1413
43,54,Continuously Retrained Ensemble,0.8672,0.834,0.8576,0.877,0.9037,0.935,0.8207,2.0469,1.3736,231.98,231.98,mixed,mild,recovery,0.1413
43,54,Event-Driven Ensemble,0.8672,0.834,0.8576,0.877,0.9037,0.935,0.8207,2.0781,1.4771,230.98,230.98,mixed,mild,recovery,0.1413
43,55,Frozen Model,0.5517,0.844,0.5517,0.5517,0.8521,0.5847,0.7286,0.1406,0.15,229.46,229.46,none,none,stable,0.0425
43,55,Continuously Retrained Ensemble,0.5741,0.816,0.4806,0.7126,0.8423,0.5945,0.7752,2.0625,1.5029,231.0,231.0,none,none,stable,0.0425
43,55,Event-Driven Ensemble,0.5849,0.824,0.496,0.7126,0.8389,0.5904,0.7801,2.125,1.527,231.0,231.0,none,none,stable,0.0425
43,56,Frozen Model,0.7483,0.848,0.9912,0.6011,0.9887,0.982,0.7989,0.125,0.1531,229.47,229.47,concept,severe,sudden,0.042
43,56,Continuously Retrained Ensemble,0.8716,0.914,0.9932,0.7766,0.9898,0.9839,0.8867,2.3125,1.5143,231.57,231.57,concept,severe,sudden,0.042
43,56,Event-Driven Ensemble,0.875,0.916,0.9932,0.7819,0.9894,0.9834,0.8894,0.1719,0.1634,229.46,229.46,concept,severe,sudden,0.042
43,57,Frozen Model,0.6982,0.732,0.7908,0.625,0.8195,0.8099,0.7312,0.2188,0.156,230.04,230.04,concept,mild,recovery,0.094
43,57,Continuously Retrained Ensemble,0.7533,0.738,0.7067,0.8065,0.7985,0.7785,0.7385,2.1719,1.5581,231.72,231.72,concept,mild,recovery,0.094
43,57,Event-Driven Ensemble,0.744,0.744,0.7381,0.75,0.8186,0.8127,0.744,0.2188,0.1651,230.04,230.04,concept,mild,recovery,0.094
43,58,Frozen Model,0.4279,0.77,0.7963,0.2925,0.8739,0.7307,0.6307,0.1094,0.1555,230.16,230.16,mixed,moderate,recovery,0.0937
43,58,Continuously Retrained Ensemble,0.6947,0.826,0.7174,0.6735,0.8883,0.7924,0.7815,2.2656,1.6728,231.93,231.93,mixed,moderate,recovery,0.0937
43,58,Event-Driven Ensemble,0.6953,0.83,0.7348,0.6599,0.8934,0.8015,0.7804,0.2188,0.1716,230.17,230.17,mixed,moderate,recovery,0.0937
43,59,Frozen Model,0.8922,0.81,1.0,0.8053,0.9699,0.9992,0.9027,0.1719,0.1501,230.35,230.35,mixed,severe,sudden,0.3119
43,59,Continuously Retrained Ensemble,0.9794,0.96,0.9835,0.9754,0.9536,0.9988,0.6544,2.0469,1.6677,232.07,232.07,mixed,severe,sudden,0.3119
43,59,Event-Driven Ensemble,0.9857,0.972,0.9798,0.9918,0.964,0.9991,0.5792,2.25,1.5531,232.07,232.07,mixed,severe,sudden,0.3119
44,0,Frozen Model,0.6559,0.83,0.675,0.6378,0.8992,0.7562,0.7666,0.2031,0.1571,229.29,229.29,none,none,stable,0.0398
44,0,Continuously Retrained Ensemble,0.6719,0.832,0.6667,0.6772,0.9006,0.7581,0.7809,2.1562,1.5107,229.87,229.87,none,none,stable,0.0398
44,0,Event-Driven Ensemble,0.6719,0.832,0.6667,0.6772,0.9006,0.7581,0.7809,2.2031,1.556,230.07,230.07,none,none,stable,0.0398
44,1,Frozen Model,0.7006,0.706,0.9198,0.5658,0.8735,0.8966,0.7446,0.1719,0.1708,230.0,230.0,concept,moderate,sudden,0.0955
44,1,Continuously Retrained Ensemble,0.7327,0.73,0.9204,0.6086,0.8699,0.8743,0.7635,2.0625,1.559,230.09,230.09,concept,moderate,sudden,0.0955
44,1,Event-Driven Ensemble,0.7327,0.73,0.9204,0.6086,0.8699,0.8743,0.7635,0.1562,0.1593,230.01,230.01,concept,moderate,sudden,0.0955
44,2,Frozen Model,0.1867,0.878,0.5,0.1148,0.8959,0.489,0.5494,0.2031,0.1697,230.04,230.04,concept,mild,sudden,0.097
44,2,Continuously Retrained Ensemble,0.3297,0.878,0.5,0.2459,0.8905,0.5012,0.6059,2.2188,1.587,230.2,230.2,concept,mild,sudden,0.097
44,2,Event-Driven Ensemble,0.1818,0.874,0.4375,0.1148,0.89,0.4749,0.5471,2.2188,1.5505,230.2,230.2,concept,mild,sudden,0.097
44,3,Frozen Model,0.8253,0.834,0.8305,0.8201,0.9115,0.8879,0.8334,0.1719,0.1684,230.14,230.14,mixed,mild,gradual,0.097
44,3,Continuously Retrained Ensemble,0.8337,0.826,0.7676,0.9121,0.908,0.8768,0.8296,2.3125,1.6134,230.2,230.2,mixed,mild,gradual,0.097
44,3,Event-Driven Ensemble,0.8337,0.826,0.7676,0.9121,0.908,0.8768,0.8296,0.1562,0.1717,230.13,230.13,mixed,mild,gradual,0.097
44,4,Frozen Model,0.6548,0.768,0.6548,0.6548,0.8417,0.7206,0.74,0.1719,0.1547,230.14,230.14,none,none,stable,0.0425
44,4,Continuously Retrained Ensemble,0.7002,0.75,0.5863,0.869,0.8347,0.6945,0.7794,2.25,1.598,230.21,230.21,none,none,stable,0.0425
44,4,Event-Driven Ensemble,0.6847,0.744,0.584,0.8274,0.835,0.685,0.7646,0.2031,0.1631,230.15,230.15,none,none,stable,0.0425
44,5,Frozen Model,0.2769,0.906,0.6429,0.1765,0.7806,0.3937,0.5827,0.1875,0.156,230.15,230.15,none,none,stable,0.096
44,5,Continuously Retrained Ensemble,0.3696,0.884,0.4146,0.3333,0.7825,0.4225,0.6399,2.2031,1.6175,230.2,230.2,none,none,stable,0.096
44,5,Event-Driven Ensemble,0.4038,0.876,0.3962,0.4118,0.7889,0.4155,0.6702,1.9219,1.5528,230.22,230.22,none,none,stable,0.096
44,6,Frozen Model,0.8102,0.806,0.9673,0.697,0.9375,0.9567,0.8312,0.1094,0.1589,230.15,230.15,concept,moderate,sudden,0.0971
44,6,Continuously Retrained Ensemble,0.8514,0.836,0.9216,0.7912,0.9325,0.9536,0.8464,2.2188,1.6132,230.23,230.23,concept,moderate,sudden,0.0971
44,6,Event-Driven Ensemble,0.8525,0.838,0.9286,0.7879,0.932,0.9534,0.8496,0.1719,0.1687,230.16,230.16,concept,moderate,sudden,0.0971
44,7,Frozen Model,0.603,0.842,0.7792,0.4918,0.9014,0.7511,0.7234,0.1562,0.1612,230.18,230.18,concept,moderate,recovery,0.0442
44,7,Continuously Retrained Ensemble,0.6908,0.846,0.6772,0.7049,0.8924,0.7259,0.7982,1.9531,1.4637,230.24,230.24,concept,moderate,recovery,0.0442
44,7,Event-Driven Ensemble,0.68,0.84,0.6641,0.6967,0.8973,0.7405,0.7915,0.1406,0.1621,230.18,230.18,concept,moderate,recovery,0.0442
44,8,Frozen Model,0.7508,0.85,0.7793,0.7244,0.911,0.8202,0.8157,0.2656,0.2731,230.18,230.18,covariate,mild,gradual,0.0404
44,8,Continuously Retrained Ensemble,0.766,0.846,0.7283,0.8077,0.9093,0.8076,0.8355,2.0312,1.5563,230.24,230.24,covariate,mild,gradual,0.0404
44,8,Event-Driven Ensemble,0.7593,0.844,0.7321,0.7885,0.9088,0.8096,0.8288,0.1875,0.1708,230.18,230.18,covariate,mild,gradual,0.0404
44,9,Frozen Model,0.9524,0.916,0.9611,0.9438,0.9364,0.9916,0.8174,0.1875,0.1518,230.18,230.18,mixed,severe,recovery,0.2508
44,9,Continuously Retrained Ensemble,0.9392,0.892,0.9413,0.9371,0.8545,0.9774,0.7322,2.1719,1.4736,231.01,231.01,mixed,severe,recovery,0.2508
44,9,Event-Driven Ensemble,0.9541,0.918,0.9509,0.9573,0.872,0.9801,0.7787,1.8594,1.4326,231.0,231.0,mixed,severe,recovery,0.2508
44,10,Frozen Model,0.5229,0.792,0.8507,0.3775,0.8777,0.7657,0.6744,0.1562,0.1385,230.94,230.94,mixed,moderate,recovery,0.09
44,10,Continuously Retrained Ensemble,0.6466,0.812,0.7478,0.5695,0.8733,0.7556,0.7432,1.8906,1.4255,231.84,231.84,mixed,moderate,recovery,0.09
44,10,Event-Driven Ensemble,0.626,0.804,0.7387,0.543,0.8728,0.7543,0.73,2.0625,1.4528,232.0,232.0,mixed,moderate,recovery,0.09
44,11,Frozen Model,0.8,0.83,0.7834,0.8173,0.9007,0.8211,0.8282,0.1719,0.1515,231.94,231.94,none,none,stable,0.0449
44,11,Continuously Retrained Ensemble,0.8222,0.84,0.7645,0.8894,0.8991,0.8194,0.8471,2.0469,1.4059,232.88,232.88,none,none,stable,0.0449
44,11,Event-Driven Ensemble,0.8186,0.836,0.7582,0.8894,0.8993,0.818,0.8437,0.1406,0.1497,231.94,231.94,none,none,stable,0.0449
44,12,Frozen Model,0.8784,0.846,0.8825,0.8742,0.8993,0.8946,0.8355,0.1875,0.1689,232.8,232.8,covariate,severe,gradual,0.2036
44,12,Continuously Retrained Ensemble,0.8886,0.848,0.8324,0.9528,0.9287,0.9562,0.8088,2.0156,1.3994,233.46,233.46,covariate,severe,gradual,0.2036
44,12,Event-Driven Ensemble,0.8912,0.852,0.837,0.9528,0.9282,0.9551,0.8143,1.9844,1.4676,233.83,233.83,covariate,severe,gradual,0.2036
44,13,Frozen Model,0.8771,0.792,0.9973,0.7827,0.9362,0.9963,0.8721,0.1406,0.1513,233.77,233.77,mixed,severe,sudden,0.2258
44,13,Continuously Retrained Ensemble,0.9741,0.95,0.9572,0.9916,0.9335,0.9961,0.5919,2.0469,1.3869,234.66,234.66,mixed,severe,sudden,0.2258
44,13,Event-Driven Ensemble,0.9741,0.95,0.9572,0.9916,0.926,0.9956,0.5919,2.0156,1.3666,234.66,234.66,mixed,severe,sudden,0.2258
44,14,Frozen Model,0.8191,0.75,0.7796,0.8628,0.8011,0.8701,0.6988,0.1406,0.1181,234.6,234.6,covariate,moderate,gradual,0.2004
44,14,Continuously Retrained Ensemble,0.8212,0.724,0.714,0.9665,0.8029,0.8772,0.614,2.1719,1.3919,234.65,234.65,covariate,moderate,gradual,0.2004
44,14,Event-Driven Ensemble,0.8212,0.724,0.714,0.9665,0.8029,0.8772,0.614,2.0469,1.4697,234.68,234.68,covariate,moderate,gradual,0.2004
44,15,Frozen Model,0.9115,0.906,0.9918,0.8432,0.9885,0.992,0.9169,0.1562,0.1867,234.62,234.62,mixed,severe,gradual,0.1356
44,15,Continuously Retrained Ensemble,0.9527,0.946,0.9577,0.9477,0.9866,0.9899,0.9457,2.125,1.5416,234.69,234.69,mixed,severe,gradual,0.1356
44,15,Event-Driven Ensemble,0.9527,0.946,0.9577,0.9477,0.9866,0.9899,0.9457,1.8281,1.3951,234.68,234.68,mixed,severe,gradual,0.1356
44,16,Frozen Model,0.7961,0.876,0.968,0.676,0.9789,0.9679,0.8318,0.1719,0.1571,234.62,234.62,concept,severe,recovery,0.0421
44,16,Continuously Retrained Ensemble,0.8769,0.918,0.9481,0.8156,0.9733,0.9605,0.8954,2.0469,1.3748,234.71,234.71,concept,severe,recovery,0.0421
44,16,Event-Driven Ensemble,0.8769,0.918,0.9481,0.8156,0.9733,0.9605,0.8954,0.1406,0.1247,234.62,234.62,concept,severe,recovery,0.0421
44,17,Frozen Model,0.6758,0.716,0.7831,0.5944,0.8178,0.7994,0.7155,0.125,0.13,233.77,233.77,concept,mild,recovery,0.0952
44,17,Continuously Retrained Ensemble,0.7794,0.752,0.6997,0.8795,0.818,0.7862,0.7525,1.9062,1.3869,234.73,234.73,concept,mild,recovery,0.0952
44,17,Event-Driven Ensemble,0.7784,0.762,0.7257,0.8394,0.8203,0.801,0.7623,0.1406,0.1398,233.78,233.78,concept,mild,recovery,0.0952
44,18,Frozen Model,0.5828,0.874,0.8462,0.4444,0.8999,0.7654,0.7122,0.1719,0.1624,234.65,234.65,mixed,mild,gradual,0.0851
44,18,Continuously Retrained Ensemble,0.6552,0.88,0.76,0.5758,0.8902,0.7552,0.7654,1.8594,1.3515,234.74,234.74,mixed,mild,gradual,0.0851
44,18,Event-Driven Ensemble,0.631,0.876,0.7681,0.5354,0.888,0.7479,0.7477,1.9375,1.3892,234.73,234.73,mixed,mild,gradual,0.0851
44,19,Frozen Model,0.8295,0.838,0.8174,0.8419,0.9018,0.8539,0.8382,0.1406,0.1293,234.68,234.68,covariate,mild,recovery,0.0886
44,19,Continuously Retrained Ensemble,0.8396,0.838,0.7823,0.906,0.904,0.8698,0.8421,1.8438,1.3296,235.66,235.66,covariate,mild,recovery,0.0886
44,19,Event-Driven Ensemble,0.8396,0.838,0.7823,0.906,0.904,0.8698,0.8421,0.1719,0.1349,234.67,234.67,covariate,mild,recovery,0.0886
44,20,Frozen Model,0.9362,0.888,0.9427,0.9299,0.8943,0.9835,0.7494,0.1562,0.1314,235.59,235.59,covariate,severe,sudden,0.3099
44,20,Continuously Retrained Ensemble,0.9376,0.884,0.8934,0.9864,0.9063,0.9866,0.5449,1.9688,1.3756,235.71,235.71,covariate,severe,sudden,0.3099
44,20,Event-Driven Ensemble,0.9358,0.88,0.8882,0.9887,0.9067,0.9863,0.5202,2.0781,1.4829,235.71,235.71,covariate,severe,sudden,0.3099
44,21,Frozen Model,0.6486,0.688,0.9057,0.5053,0.8538,0.8801,0.7177,0.1719,0.1465,235.64,235.64,mixed,severe,gradual,0.1295
44,21,Continuously Retrained Ensemble,0.75,0.748,0.863,0.6632,0.856,0.8829,0.7618,2.0938,1.4593,235.73,235.73,mixed,severe,gradual,0.1295
44,21,Event-Driven Ensemble,0.7818,0.77,0.8512,0.7228,0.8552,0.8819,0.7777,2.0625,1.4047,235.74,235.74,mixed,severe,gradual,0.1295
44,22,Frozen Model,0.7867,0.794,0.8716,0.717,0.8819,0.8736,0.7989,0.1562,0.1531,235.68,235.68,concept,moderate,gradual,0.0977
44,22,Continuously Retrained Ensemble,0.8387,0.82,0.7986,0.883,0.8832,0.876,0.816,2.0625,1.4241,235.75,235.75,concept,moderate,gradual,0.0977
44,22,Event-Driven Ensemble,0.8387,0.82,0.7986,0.883,0.8832,0.876,0.816,0.2031,0.1536,235.68,235.68,concept,moderate,gradual,0.0977
44,23,Frozen Model,0.8579,0.786,0.9124,0.8095,0.824,0.9444,0.7513,0.125,0.1551,235.03,235.03,covariate,severe,sudden,0.2464
44,23,Continuously Retrained Ensemble,0.8871,0.804,0.8209,0.9649,0.8289,0.9429,0.5666,2.0625,1.3575,236.07,236.07,covariate,severe,sudden,0.2464
44,23,Event-Driven Ensemble,0.8831,0.794,0.8071,0.9749,0.8242,0.9429,0.5271,1.8906,1.4448,236.07,236.07,covariate,severe,sudden,0.2464
44,24,Frozen Model,0.7245,0.854,0.768,0.6857,0.926,0.8206,0.8026,0.1719,0.1394,236.0,236.0,none,none,stable,0.0413
44,24,Continuously Retrained Ensemble,0.7622,0.854,0.7006,0.8357,0.9227,0.8154,0.8484,2.0156,1.501,236.09,236.09,none,none,stable,0.0413
44,24,Event-Driven Ensemble,0.7677,0.856,0.7,0.85,0.9242,0.8199,0.8542,0.1875,0.132,236.01,236.01,none,none,stable,0.0413
44,25,Frozen Model,0.8656,0.81,0.8338,0.9,0.8303,0.8906,0.7594,0.125,0.15,235.03,235.03,covariate,moderate,gradual,0.203
44,25,Continuously Retrained Ensemble,0.8769,0.818,0.812,0.9529,0.8523,0.9139,0.7421,2.1406,1.6458,236.1,236.1,covariate,moderate,gradual,0.203
44,25,Event-Driven Ensemble,0.8743,0.812,0.8015,0.9618,0.8547,0.9131,0.7278,2.0469,1.5283,236.1,236.1,covariate,moderate,gradual,0.203
44,26,Frozen Model,0.5926,0.868,0.8276,0.4615,0.8849,0.733,0.7181,0.1406,0.1796,235.04,235.04,mixed,mild,gradual,0.085
44,26,Continuously Retrained Ensemble,0.6943,0.882,0.7528,0.6442,0.8685,0.7252,0.7943,1.875,1.5672,236.12,236.12,mixed,mild,gradual,0.085
44,26,Event-Driven Ensemble,0.6834,0.874,0.7158,0.6538,0.8739,0.7309,0.7928,2.0,1.5578,236.12,236.12,mixed,mild,gradual,0.085
44,27,Frozen Model,0.9217,0.91,0.9743,0.8746,0.9759,0.9863,0.9195,0.1562,0.1666,235.02,235.02,mixed,moderate,recovery,0.1385
44,27,Continuously Retrained Ensemble,0.9349,0.922,0.9459,0.9241,0.9729,0.9846,0.9214,2.1719,1.4878,236.12,236.12,mixed,moderate,recovery,0.1385
44,27,Event-Driven Ensemble,0.9349,0.922,0.9459,0.9241,0.9729,0.9846,0.9214,2.2969,1.6012,236.29,236.29,mixed,moderate,recovery,0.1385
44,28,Frozen Model,0.6667,0.748,0.8129,0.565,0.8772,0.8161,0.7302,0.1406,0.1627,235.19,235.19,concept,severe,recovery,0.0418
44,28,Continuously Retrained Ensemble,0.7764,0.788,0.7331,0.8251,0.866,0.8017,0.7916,2.1094,1.5209,236.31,236.31,concept,severe,recovery,0.0418
44,28,Event-Driven Ensemble,0.7764,0.788,0.7331,0.8251,0.866,0.8017,0.7916,0.1406,0.1742,235.19,235.19,concept,severe,recovery,0.0418
44,29,Frozen Model,0.7112,0.758,0.7525,0.6742,0.8301,0.8216,0.7493,0.1719,0.1468,235.19,235.19,covariate,moderate,sudden,0.1304
44,29,Continuously Retrained Ensemble,0.7277,0.744,0.6867,0.7738,0.8305,0.8205,0.7471,2.1719,1.5429,236.39,236.39,covariate,moderate,sudden,0.1304
44,29,Event-Driven Ensemble,0.72,0.72,0.6452,0.8145,0.8292,0.8185,0.7298,2.125,2.1929,236.38,236.38,covariate,moderate,sudden,0.1304
44,30,Frozen Model,0.7191,0.75,0.7656,0.678,0.8257,0.7949,0.7462,0.1719,0.2744,235.25,235.25,none,none,stable,0.0984
44,30,Continuously Retrained Ensemble,0.7514,0.734,0.6722,0.8517,0.8198,0.7916,0.7402,2.3438,2.2708,236.4,236.4,none,none,stable,0.0984
44,30,Event-Driven Ensemble,0.7491,0.732,0.6711,0.8475,0.821,0.7917,0.7381,0.2031,0.1904,235.26,235.26,none,none,stable,0.0984
44,31,Frozen Model,0.6515,0.664,0.6767,0.628,0.7063,0.664,0.664,0.25,0.2107,235.25,235.25,covariate,severe,recovery,0.1415
44,31,Continuously Retrained Ensemble,0.6514,0.634,0.6218,0.684,0.6894,0.6492,0.634,2.3125,2.295,236.41,236.41,covariate,severe,recovery,0.1415
44,31,Event-Driven Ensemble,0.6716,0.648,0.6294,0.72,0.6963,0.6816,0.648,2.0625,2.0354,236.41,236.41,covariate,severe,recovery,0.1415
44,32,Frozen Model,0.7852,0.872,0.9512,0.6686,0.953,0.9253,0.8251,0.1406,0.1684,235.25,235.25,concept,mild,recovery,0.043
44,32,Continuously Retrained Ensemble,0.8443,0.896,0.8868,0.8057,0.9549,0.9281,0.8752,2.1875,1.6754,236.42,236.42,concept,mild,recovery,0.043
44,32,Event-Driven Ensemble,0.8443,0.896,0.8868,0.8057,0.9549,0.9281,0.8752,0.2031,0.1516,235.25,235.25,concept,mild,recovery,0.043
44,33,Frozen Model,0.6732,0.664,0.6603,0.6865,0.7355,0.7169,0.6638,0.1406,0.2351,235.25,235.25,covariate,mild,recovery,0.1444
44,33,Continuously Retrained Ensemble,0.7181,0.664,0.6221,0.8492,0.7367,0.7312,0.6625,2.1094,2.0324,236.45,236.45,covariate,mild,recovery,0.1444
44,33,Event-Driven Ensemble,0.714,0.662,0.6224,0.8373,0.7372,0.7342,0.6606,2.2031,1.9,236.45,236.45,covariate,mild,recovery,0.1444
44,34,Frozen Model,0.7902,0.846,0.8683,0.725,0.8977,0.8792,0.8258,0.2031,0.2485,235.25,235.25,covariate,severe,gradual,0.1049
44,34,Continuously Retrained Ensemble,0.8021,0.852,0.8621,0.75,0.8945,0.8791,0.835,2.1406,1.6215,236.46,236.46,covariate,severe,gradual,0.1049
44,34,Event-Driven Ensemble,0.8021,0.852,0.8621,0.75,0.8924,0.8773,0.835,0.1719,0.1739,235.25,235.25,covariate,severe,gradual,0.1049
44,35,Frozen Model,0.8539,0.872,0.9078,0.806,0.9577,0.9459,0.8676,0.2031,0.1719,235.24,235.24,concept,mild,sudden,0.0431
44,35,Continuously Retrained Ensemble,0.8875,0.894,0.8745,0.9009,0.9577,0.9476,0.8945,2.1875,1.6909,236.47,236.47,concept,mild,sudden,0.0431
44,35,Event-Driven Ensemble,0.8837,0.89,0.8672,0.9009,0.9577,0.9468,0.8907,0.1406,0.1724,235.24,235.24,concept,mild,sudden,0.0431
44,36,Frozen Model,0.657,0.764,0.7152,0.6075,0.8446,0.7193,0.7321,0.1406,0.1605,235.25,235.25,none,none,stable,0.0406
44,36,Continuously Retrained Ensemble,0.7273,0.772,0.6552,0.8172,0.8479,0.7278,0.7812,2.1406,1.5697,236.49,236.49,none,none,stable,0.0406
44,36,Event-Driven Ensemble,0.7184,0.768,0.6549,0.7957,0.8481,0.734,0.7736,0.1719,0.1675,235.25,235.25,none,none,stable,0.0406
44,37,Frozen Model,0.7594,0.758,0.9948,0.6141,0.9315,0.9601,0.8044,0.1719,0.1494,235.25,235.25,mixed,moderate,sudden,0.1292
44,37,Continuously Retrained Ensemble,0.8485,0.83,0.952,0.7653,0.9287,0.9569,0.8509,2.3281,1.5862,236.51,236.51,mixed,moderate,sudden,0.1292
44,37,Event-Driven Ensemble,0.822,0.806,0.9573,0.7203,0.9284,0.9579,0.8337,2.1875,1.5798,236.82,236.82,mixed,moderate,sudden,0.1292
44,38,Frozen Model,0.7676,0.782,0.8571,0.695,0.8762,0.8732,0.7852,0.1406,0.1544,235.55,235.55,concept,moderate,gradual,0.0936
44,38,Continuously Retrained Ensemble,0.7769,0.768,0.7739,0.7799,0.868,0.8791,0.7676,2.2031,1.5926,236.83,236.83,concept,moderate,gradual,0.0936
44,38,Event-Driven Ensemble,0.7746,0.766,0.7731,0.7761,0.8678,0.8785,0.7656,0.1406,0.1682,235.56,235.56,concept,moderate,gradual,0.0936
44,39,Frozen Model,0.8616,0.786,0.9148,0.8142,0.8089,0.9409,0.7368,0.1719,0.1618,235.56,235.56,covariate,severe,sudden,0.2473
44,39,Continuously Retrained Ensemble,0.9109,0.842,0.8452,0.9878,0.735,0.9103,0.5873,2.125,1.5594,236.84,236.84,covariate,severe,sudden,0.2473
44,39,Event-Driven Ensemble,0.9105,0.842,0.8481,0.9829,0.7293,0.9132,0.5958,2.2188,1.6032,236.84,236.84,covariate,severe,sudden,0.2473
44,40,Frozen Model,0.9041,0.916,0.9706,0.8462,0.9755,0.9787,0.9118,0.0938,0.1885,235.56,235.56,mixed,moderate,recovery,0.0763
44,40,Continuously Retrained Ensemble,0.9188,0.924,0.9188,0.9188,0.9779,0.9798,0.9237,2.0938,1.5516,236.86,236.86,mixed,moderate,recovery,0.0763
44,40,Event-Driven Ensemble,0.9188,0.924,0.9188,0.9188,0.9772,0.9795,0.9237,0.1719,0.17,235.56,235.56,mixed,moderate,recovery,0.0763
44,41,Frozen Model,0.6925,0.682,0.6704,0.716,0.7487,0.7273,0.682,0.2031,0.147,235.55,235.55,covariate,mild,recovery,0.1474
44,41,Continuously Retrained Ensemble,0.7208,0.656,0.6066,0.888,0.7536,0.7444,0.656,2.1406,1.6098,236.88,236.88,covariate,mild,recovery,0.1474
44,41,Event-Driven Ensemble,0.712,0.644,0.5978,0.88,0.756,0.7425,0.644,2.0938,1.5853,236.87,236.87,covariate,mild,recovery,0.1474
44,42,Frozen Model,0.2632,0.888,0.9091,0.1538,0.8572,0.5561,0.5758,0.1719,0.1433,235.56,235.56,concept,mild,gradual,0.0946
44,42,Continuously Retrained Ensemble,0.4421,0.894,0.7,0.3231,0.8399,0.5358,0.6512,2.125,1.5481,236.89,236.89,concept,mild,gradual,0.0946
44,42,Event-Driven Ensemble,0.4421,0.894,0.7,0.3231,0.8399,0.5358,0.6512,2.2969,1.5384,236.89,236.89,concept,mild,gradual,0.0946
44,43,Frozen Model,0.7612,0.808,0.7251,0.801,0.8752,0.7656,0.8067,0.1875,0.159,235.56,235.56,none,none,stable,0.0412
44,43,Continuously Retrained Ensemble,0.7594,0.796,0.691,0.8429,0.8767,0.7731,0.805,2.2656,1.5551,236.91,236.91,none,none,stable,0.0412
44,43,Event-Driven Ensemble,0.7594,0.796,0.691,0.8429,0.8767,0.7731,0.805,0.1562,0.1557,235.56,235.56,none,none,stable,0.0412
44,44,Frozen Model,0.8893,0.87,0.9388,0.8447,0.9393,0.9502,0.8778,0.1562,0.1545,235.56,235.56,mixed,mild,sudden,0.1348
44,44,Continuously Retrained Ensemble,0.9016,0.88,0.9136,0.89,0.9393,0.9522,0.8769,2.1875,1.6172,236.93,236.93,mixed,mild,sudden,0.1348
44,44,Event-Driven Ensemble,0.8982,0.874,0.8968,0.8997,0.9389,0.9524,0.8661,2.1562,1.5343,236.93,236.93,mixed,mild,sudden,0.1348
44,45,Frozen Model,0.8189,0.854,1.0,0.6933,0.9602,0.9663,0.8466,0.2031,0.1682,235.57,235.57,mixed,severe,recovery,0.0949
44,45,Continuously Retrained Ensemble,0.897,0.91,0.9849,0.8235,0.96,0.9669,0.906,2.1562,1.5527,236.95,236.95,mixed,severe,recovery,0.0949
44,45,Event-Driven Ensemble,0.897,0.91,0.9849,0.8235,0.96,0.9669,0.906,0.2344,0.156,235.57,235.57,mixed,severe,recovery,0.0949
44,46,Frozen Model,0.6874,0.738,0.6857,0.689,0.8128,0.7374,0.7311,0.1406,0.1664,235.57,235.57,none,none,stable,0.0966
44,46,Continuously Retrained Ensemble,0.6985,0.71,0.6176,0.8038,0.8159,0.7517,0.7232,2.2344,1.5323,237.15,237.15,none,none,stable,0.0966
44,46,Event-Driven Ensemble,0.6891,0.704,0.6142,0.7847,0.812,0.7453,0.7154,2.2031,1.5947,237.31,237.31,none,none,stable,0.0966
44,47,Frozen Model,0.6974,0.882,0.8718,0.5812,0.9347,0.8349,0.7775,0.1562,0.1587,235.92,235.92,none,none,stable,0.0433
44,47,Continuously Retrained Ensemble,0.7467,0.886,0.7778,0.7179,0.9343,0.8378,0.8276,2.25,1.6388,237.33,237.33,none,none,stable,0.0433
44,47,Event-Driven Ensemble,0.7467,0.886,0.7778,0.7179,0.9343,0.8378,0.8276,0.2031,0.159,235.91,235.91,none,none,stable,0.0433
44,48,Frozen Model,0.7732,0.878,0.8739,0.6933,0.958,0.8717,0.8252,0.1875,0.1536,236.0,236.0,concept,severe,gradual,0.0418
44,48,Continuously Retrained Ensemble,0.8311,0.9,0.8425,0.82,0.9616,0.8947,0.8771,2.25,1.6262,237.43,237.43,concept,severe,gradual,0.0418
44,48,Event-Driven Ensemble,0.835,0.902,0.8435,0.8267,0.9619,0.8947,0.8805,0.2188,0.1682,236.0,236.0,concept,severe,gradual,0.0418
44,49,Frozen Model,0.856,0.786,0.9191,0.801,0.8526,0.9443,0.7646,0.2344,0.1586,236.0,236.0,mixed,mild,sudden,0.1892
44,49,Continuously Retrained Ensemble,0.9163,0.864,0.8964,0.937,0.8647,0.9523,0.7598,2.3281,1.6487,237.45,237.45,mixed,mild,sudden,0.1892
44,49,Event-Driven Ensemble,0.9129,0.86,0.9017,0.9244,0.8644,0.9524,0.768,2.0938,1.4836,237.45,237.45,mixed,mild,sudden,0.1892
44,50,Frozen Model,0.0678,0.89,0.3333,0.0377,0.7974,0.2859,0.5144,0.25,0.1485,236.02,236.02,none,none,stable,0.0975
44,50,Continuously Retrained Ensemble,0.1975,0.87,0.2857,0.1509,0.8005,0.2675,0.5531,2.1875,1.5259,237.47,237.47,none,none,stable,0.0975
44,50,Event-Driven Ensemble,0.1975,0.87,0.2857,0.1509,0.8005,0.2675,0.5531,2.0,1.5069,237.48,237.48,none,none,stable,0.0975
44,51,Frozen Model,0.7826,0.83,0.7251,0.85,0.9042,0.822,0.8344,0.1875,0.1559,236.03,236.03,none,none,stable,0.0434
44,51,Continuously Retrained Ensemble,0.7797,0.818,0.691,0.8944,0.8925,0.7663,0.8347,1.9375,1.3967,237.5,237.5,none,none,stable,0.0434
44,51,Event-Driven Ensemble,0.7797,0.818,0.691,0.8944,0.8925,0.7663,0.8347,0.1875,0.1445,236.03,236.03,none,none,stable,0.0434
44,52,Frozen Model,0.6686,0.77,0.6784,0.6591,0.8362,0.7147,0.7447,0.1406,0.1616,236.04,236.04,none,none,stable,0.0425
44,52,Continuously Retrained Ensemble,0.6937,0.758,0.6256,0.7784,0.8267,0.6885,0.7627,1.9219,1.4151,237.52,237.52,none,none,stable,0.0425
44,52,Event-Driven Ensemble,0.7056,0.768,0.6376,0.7898,0.8296,0.6992,0.773,0.1719,0.1592,236.04,236.04,none,none,stable,0.0425
44,53,Frozen Model,0.2022,0.858,0.9,0.1139,0.9375,0.7159,0.5558,0.125,0.1353,236.04,236.04,concept,moderate,sudden,0.0953
44,53,Continuously Retrained Ensemble,0.4522,0.874,0.7222,0.3291,0.9413,0.704,0.6527,2.0,1.3415,237.91,237.91,concept,moderate,sudden,0.0953
44,53,Event-Driven Ensemble,0.4,0.868,0.7097,0.2785,0.9375,0.6979,0.6286,1.9375,1.4351,237.91,237.91,concept,moderate,sudden,0.0953
44,54,Frozen Model,0.9501,0.926,0.9751,0.9263,0.964,0.9898,0.9257,0.2188,0.1544,236.41,236.41,mixed,severe,recovery,0.2427
44,54,Continuously Retrained Ensemble,0.9335,0.898,0.9251,0.9421,0.9637,0.9897,0.8502,2.0938,1.5128,237.93,237.93,mixed,severe,recovery,0.2427
44,54,Event-Driven Ensemble,0.9358,0.902,0.9321,0.9395,0.9629,0.9894,0.8614,2.0469,1.4128,237.94,237.94,mixed,severe,recovery,0.2427
44,55,Frozen Model,0.8092,0.802,0.8367,0.7836,0.8946,0.9131,0.8034,0.125,0.1434,236.43,236.43,covariate,moderate,sudden,0.1576
44,55,Continuously Retrained Ensemble,0.8255,0.808,0.805,0.847,0.8947,0.9081,0.805,2.0,1.5101,237.96,237.96,covariate,moderate,sudden,0.1576
44,55,Event-Driven Ensemble,0.8285,0.812,0.8107,0.847,0.8945,0.9075,0.8093,1.9844,1.5189,237.97,237.97,covariate,moderate,sudden,0.1576
44,56,Frozen Model,0.7158,0.838,0.8293,0.6296,0.9337,0.8778,0.7837,0.2031,0.1714,236.44,236.44,concept,mild,sudden,0.0434
44,56,Continuously Retrained Ensemble,0.7964,0.866,0.7844,0.8086,0.9316,0.8696,0.8511,2.0938,1.5298,237.99,237.99,concept,mild,sudden,0.0434
44,56,Event-Driven Ensemble,0.7964,0.866,0.7844,0.8086,0.9316,0.8696,0.8511,0.1875,0.1671,236.44,236.44,concept,mild,sudden,0.0434
44,57,Frozen Model,0.8842,0.836,0.8646,0.9046,0.8444,0.8951,0.7932,0.1719,0.1466,236.45,236.45,covariate,moderate,gradual,0.207
44,57,Continuously Retrained Ensemble,0.891,0.838,0.8338,0.9566,0.8455,0.9001,0.764,2.0312,1.4809,238.01,238.01,covariate,moderate,gradual,0.207
44,57,Event-Driven Ensemble,0.8895,0.836,0.8333,0.9538,0.8445,0.8974,0.7626,2.0156,1.43,238.01,238.01,covariate,moderate,gradual,0.207
44,58,Frozen Model,0.0984,0.89,0.375,0.0566,0.838,0.4343,0.5227,0.1094,0.1432,236.46,236.46,none,none,stable,0.0984
44,58,Continuously Retrained Ensemble,0.425,0.908,0.6296,0.3208,0.8385,0.4176,0.6492,2.0469,1.4094,238.03,238.03,none,none,stable,0.0984
44,58,Event-Driven Ensemble,0.425,0.908,0.6296,0.3208,0.8385,0.4176,0.6492,2.0469,1.3544,238.18,238.18,none,none,stable,0.0984
44,59,Frozen Model,0.7525,0.804,0.7028,0.8098,0.8832,0.759,0.8052,0.1406,0.1557,236.62,236.62,none,none,stable,0.0416
44,59,Continuously Retrained Ensemble,0.7703,0.802,0.6721,0.9022,0.8827,0.7702,0.8229,1.9844,1.4315,238.2,238.2,none,none,stable,0.0416
44,59,Event-Driven Ensemble,0.7703,0.802,0.6721,0.9022,0.8827,0.7702,0.8229,0.1875,0.1841,236.61,236.61,none,none,stable,0.0416
45,0,Frozen Model,0.6614,0.83,0.6694,0.6535,0.8847,0.7087,0.7718,0.1094,0.1526,228.91,228.91,none,none,stable,0.0434
45,0,Continuously Retrained Ensemble,0.6693,0.832,0.6693,0.6693,0.8864,0.7127,0.7783,2.2031,1.5001,229.61,229.61,none,none,stable,0.0434
45,0,Event-Driven Ensemble,0.6693,0.832,0.6693,0.6693,0.8864,0.7127,0.7783,2.0625,1.4584,230.25,230.25,none,none,stable,0.0434
45,1,Frozen Model,0.9848,0.97,0.9719,0.9979,0.7183,0.9892,0.499,0.1406,0.1482,230.18,230.18,covariate,severe,sudden,0.358
45,1,Continuously Retrained Ensemble,0.9826,0.966,0.9757,0.9897,0.4586,0.9654,0.5663,2.1094,1.526,230.27,230.27,covariate,severe,sudden,0.358
45,1,Event-Driven Ensemble,0.9826,0.966,0.9757,0.9897,0.4586,0.9654,0.5663,2.0,1.4435,230.27,230.27,covariate,severe,sudden,0.358
45,2,Frozen Model,0.1695,0.902,0.5556,0.1,0.8054,0.3446,0.5456,0.1719,0.1454,230.21,230.21,none,none,stable,0.0923
45,2,Continuously Retrained Ensemble,0.1935,0.9,0.5,0.12,0.7951,0.3184,0.5533,2.0469,1.4788,230.27,230.27,none,none,stable,0.0923
45,2,Event-Driven Ensemble,0.1935,0.9,0.5,0.12,0.7951,0.3184,0.5533,1.9375,1.4201,230.28,230.28,none,none,stable,0.0923
45,3,Frozen Model,0.7711,0.816,0.775,0.7673,0.9106,0.8632,0.8082,0.1875,0.1552,230.22,230.22,concept,mild,gradual,0.0404
45,3,Continuously Retrained Ensemble,0.7835,0.822,0.7703,0.797,0.9071,0.8484,0.818,2.125,1.4239,230.38,230.38,concept,mild,gradual,0.0404
45,3,Event-Driven Ensemble,0.7835,0.822,0.7703,0.797,0.9071,0.8484,0.818,0.1875,0.1458,230.21,230.21,concept,mild,gradual,0.0404
45,4,Frozen Model,0.7438,0.792,0.9437,0.6138,0.9383,0.9381,0.7892,0.1875,0.1478,230.31,230.31,concept,moderate,sudden,0.0424
45,4,Continuously Retrained Ensemble,0.8217,0.842,0.9239,0.7398,0.9372,0.937,0.8404,2.1719,1.3612,230.39,230.39,concept,moderate,sudden,0.0424
45,4,Event-Driven Ensemble,0.7906,0.822,0.9385,0.6829,0.9374,0.9358,0.8198,0.0938,0.1396,230.31,230.31,concept,moderate,sudden,0.0424
45,5,Frozen Model,0.2,0.888,0.7,0.1167,0.8622,0.4938,0.5549,0.1406,0.137,230.33,230.33,none,none,stable,0.0971
45,5,Continuously Retrained Ensemble,0.4466,0.886,0.5349,0.3833,0.864,0.5263,0.6689,2.0625,1.4383,230.39,230.39,none,none,stable,0.0971
45,5,Event-Driven Ensemble,0.4,0.898,0.68,0.2833,0.8691,0.5304,0.6326,2.0469,1.3861,230.4,230.4,none,none,stable,0.0971
45,6,Frozen Model,0.8821,0.838,0.9323,0.837,0.9067,0.9581,0.8388,0.1406,0.1535,230.33,230.33,mixed,mild,sudden,0.189
45,6,Continuously Retrained Ensemble,0.8986,0.852,0.8913,0.9061,0.8986,0.9553,0.8081,2.0469,1.3941,230.41,230.41,mixed,mild,sudden,0.189
45,6,Event-Driven Ensemble,0.8977,0.85,0.8868,0.9088,0.891,0.9495,0.8022,2.0781,1.4532,230.41,230.41,mixed,mild,sudden,0.189
45,7,Frozen Model,0.8558,0.876,0.9787,0.7603,0.9645,0.9674,0.8724,0.1719,0.1491,230.34,230.34,mixed,moderate,gradual,0.0859
45,7,Continuously Retrained Ensemble,0.8865,0.896,0.9398,0.8388,0.9628,0.9653,0.8942,1.9062,1.4129,230.41,230.41,mixed,moderate,gradual,0.0859
45,7,Event-Driven Ensemble,0.8747,0.886,0.9343,0.8223,0.9619,0.9648,0.884,0.125,0.1217,230.35,230.35,mixed,moderate,gradual,0.0859
45,8,Frozen Model,0.8949,0.836,0.8747,0.916,0.8769,0.96,0.7479,0.1719,0.1466,230.35,230.35,covariate,severe,sudden,0.2446
45,8,Continuously Retrained Ensemble,0.8807,0.8,0.8074,0.9685,0.8871,0.9641,0.6145,2.1875,1.3707,230.41,230.41,covariate,severe,sudden,0.2446
45,8,Event-Driven Ensemble,0.8755,0.794,0.8117,0.9501,0.8806,0.9622,0.6221,2.1719,1.3567,230.41,230.41,covariate,severe,sudden,0.2446
45,9,Frozen Model,0.8117,0.742,0.792,0.8323,0.7798,0.8693,0.6963,0.1562,0.1449,230.34,230.34,covariate,moderate,recovery,0.201
45,9,Continuously Retrained Ensemble,0.8152,0.718,0.7249,0.9311,0.7816,0.8665,0.6101,1.8906,1.3766,230.41,230.41,covariate,moderate,recovery,0.201
45,9,Event-Driven Ensemble,0.8141,0.716,0.7233,0.9311,0.7803,0.8674,0.6071,1.9531,1.4082,230.57,230.57,covariate,moderate,recovery,0.201
45,10,Frozen Model,0.0426,0.91,0.1667,0.0244,0.8451,0.3288,0.5067,0.1406,0.1524,230.51,230.51,none,none,stable,0.0952
45,10,Continuously Retrained Ensemble,0.3855,0.898,0.381,0.3902,0.8163,0.283,0.6668,2.1094,1.4513,231.04,231.04,none,none,stable,0.0952
45,10,Event-Driven Ensemble,0.4096,0.902,0.4048,0.4146,0.837,0.312,0.6801,1.9531,1.3647,231.04,231.04,none,none,stable,0.0952
45,11,Frozen Model,0.8871,0.806,0.9621,0.8229,0.8149,0.9805,0.7087,0.1562,0.1366,230.98,230.98,mixed,severe,gradual,0.2175
45,11,Continuously Retrained Ensemble,0.9085,0.838,0.9526,0.8683,0.798,0.9787,0.6639,1.9062,1.3369,231.84,231.84,mixed,severe,gradual,0.2175
45,11,Event-Driven Ensemble,0.9085,0.838,0.9526,0.8683,0.798,0.9787,0.6639,2.0938,1.44,231.84,231.84,mixed,severe,gradual,0.2175
45,12,Frozen Model,0.9497,0.908,0.9414,0.9581,0.8857,0.9856,0.6918,0.1562,0.1464,231.78,231.78,covariate,severe,sudden,0.3132
45,12,Continuously Retrained Ensemble,0.9537,0.912,0.9115,1.0,0.8893,0.9857,0.5319,2.0781,1.5084,232.63,232.63,covariate,severe,sudden,0.3132
45,12,Event-Driven Ensemble,0.9537,0.912,0.9115,1.0,0.8893,0.9857,0.5319,2.25,1.5377,232.63,232.63,covariate,severe,sudden,0.3132
45,13,Frozen Model,0.1818,0.838,0.8182,0.1023,0.9345,0.7555,0.5487,0.1562,0.137,232.56,232.56,concept,moderate,sudden,0.0944
45,13,Continuously Retrained Ensemble,0.675,0.896,0.75,0.6136,0.9299,0.7621,0.785,2.1094,1.4487,232.64,232.64,concept,moderate,sudden,0.0944
45,13,Event-Driven Ensemble,0.675,0.896,0.75,0.6136,0.9299,0.7621,0.785,2.1562,1.3731,232.64,232.64,concept,moderate,sudden,0.0944
45,14,Frozen Model,0.7582,0.764,0.9069,0.6514,0.8855,0.9098,0.7817,0.1719,0.1297,232.57,232.57,concept,moderate,recovery,0.0939
45,14,Continuously Retrained Ensemble,0.8458,0.822,0.8328,0.8592,0.8889,0.9143,0.8162,1.8594,1.3147,232.65,232.65,concept,moderate,recovery,0.0939
45,14,Event-Driven Ensemble,0.8458,0.822,0.8328,0.8592,0.8889,0.9143,0.8162,0.1875,0.1344,232.58,232.58,concept,moderate,recovery,0.0939
45,15,Frozen Model,0.5953,0.826,0.7273,0.5039,0.8957,0.7118,0.7198,0.25,0.1523,232.62,232.62,mixed,mild,recovery,0.0371
45,15,Continuously Retrained Ensemble,0.6901,0.824,0.6242,0.7717,0.8827,0.7064,0.8067,1.7344,1.3236,232.7,232.7,mixed,mild,recovery,0.0371
45,15,Event-Driven Ensemble,0.681,0.822,0.625,0.748,0.8864,0.6972,0.7976,2.0156,1.4088,232.7,232.7,mixed,mild,recovery,0.0371
45,16,Frozen Model,0.7811,0.87,0.9831,0.648,0.9821,0.9694,0.8209,0.1562,0.1396,232.62,232.62,concept,severe,recovery,0.0395
45,16,Continuously Retrained Ensemble,0.9066,0.932,0.8919,0.9218,0.9832,0.9713,0.9297,2.1562,1.3881,232.79,232.79,concept,severe,recovery,0.0395
45,16,Event-Driven Ensemble,0.9006,0.928,0.8907,0.9106,0.9834,0.9718,0.9242,0.125,0.1238,232.63,232.63,concept,severe,recovery,0.0395
45,17,Frozen Model,0.7122,0.73,0.893,0.5922,0.8708,0.8963,0.7502,0.1875,0.1537,232.73,232.73,concept,severe,recovery,0.0935
45,17,Continuously Retrained Ensemble,0.8188,0.784,0.7771,0.8652,0.8712,0.8947,0.7721,1.9844,1.3815,232.8,232.8,concept,severe,recovery,0.0935
45,17,Event-Driven Ensemble,0.8249,0.792,0.7853,0.8688,0.8697,0.8936,0.7807,0.1719,0.149,232.73,232.73,concept,severe,recovery,0.0935
45,18,Frozen Model,0.7416,0.77,0.7674,0.7174,0.8467,0.797,0.7661,0.125,0.121,232.75,232.75,covariate,moderate,sudden,0.1317
45,18,Continuously Retrained Ensemble,0.7713,0.758,0.6823,0.887,0.8467,0.8049,0.7676,2.0312,1.4444,232.81,232.81,covariate,moderate,sudden,0.1317
45,18,Event-Driven Ensemble,0.7672,0.75,0.671,0.8957,0.8443,0.8,0.7608,2.125,1.4238,232.82,232.82,covariate,moderate,sudden,0.1317
45,19,Frozen Model,0.8875,0.89,0.9042,0.8715,0.9533,0.9469,0.8899,0.1719,0.127,232.75,232.75,mixed,mild,recovery,0.0901
45,19,Continuously Retrained Ensemble,0.8805,0.874,0.8345,0.9317,0.9508,0.9418,0.8742,1.9219,1.4388,232.81,232.81,mixed,mild,recovery,0.0901
45,19,Event-Driven Ensemble,0.8767,0.87,0.8309,0.9277,0.948,0.9336,0.8702,0.1094,0.1408,232.75,232.75,mixed,mild,recovery,0.0901
45,20,Frozen Model,0.6812,0.766,0.8013,0.5924,0.8682,0.8214,0.7426,0.1875,0.1539,232.91,232.91,concept,mild,gradual,0.0413
45,20,Continuously Retrained Ensemble,0.7548,0.77,0.686,0.8389,0.8728,0.8294,0.7793,2.2656,1.9436,232.96,232.96,concept,mild,gradual,0.0413
45,20,Event-Driven Ensemble,0.7521,0.768,0.6848,0.8341,0.8691,0.8239,0.7769,0.1719,0.1787,232.91,232.91,concept,mild,gradual,0.0413
45,21,Frozen Model,0.0952,0.886,0.4286,0.0536,0.8533,0.3851,0.5223,0.1875,0.1791,232.91,232.91,none,none,stable,0.096
45,21,Continuously Retrained Ensemble,0.4545,0.88,0.463,0.4464,0.8491,0.3589,0.6906,2.0781,1.4351,232.98,232.98,none,none,stable,0.096
45,21,Event-Driven Ensemble,0.4462,0.856,0.3919,0.5179,0.8452,0.3237,0.7083,2.0781,1.4009,232.98,232.98,none,none,stable,0.096
45,22,Frozen Model,0.7856,0.762,0.7543,0.8195,0.8423,0.842,0.7581,0.0938,0.1258,232.91,232.91,covariate,mild,recovery,0.1444
45,22,Continuously Retrained Ensemble,0.7843,0.736,0.6936,0.9023,0.8393,0.842,0.7246,1.8281,1.4297,232.97,232.97,covariate,mild,recovery,0.1444
45,22,Event-Driven Ensemble,0.7843,0.736,0.6936,0.9023,0.8393,0.842,0.7246,1.9844,1.3744,232.98,232.98,covariate,mild,recovery,0.1444
45,23,Frozen Model,0.6597,0.87,0.8514,0.5385,0.9111,0.8209,0.7549,0.1094,0.1341,232.92,232.92,concept,mild,gradual,0.0419
45,23,Continuously Retrained Ensemble,0.7186,0.87,0.7281,0.7094,0.9132,0.8154,0.8142,1.9531,1.3543,233.96,233.96,concept,mild,gradual,0.0419
45,23,Event-Driven Ensemble,0.7186,0.87,0.7281,0.7094,0.9132,0.8154,0.8142,0.2031,0.1595,232.93,232.93,concept,mild,gradual,0.0419
45,24,Frozen Model,0.7634,0.824,0.7717,0.7553,0.882,0.8381,0.8104,0.2188,0.1592,233.9,233.9,covariate,mild,sudden,0.0643
45,24,Continuously Retrained Ensemble,0.7668,0.82,0.7475,0.7872,0.8753,0.8051,0.8135,1.9531,1.4012,234.84,234.84,covariate,mild,sudden,0.0643
45,24,Event-Driven Ensemble,0.7708,0.818,0.7321,0.8138,0.8763,0.8075,0.8172,0.1406,0.1458,233.89,233.89,covariate,mild,sudden,0.0643
45,25,Frozen Model,0.907,0.856,0.8797,0.936,0.908,0.9622,0.776,0.1406,0.1356,233.75,233.75,covariate,severe,gradual,0.2497
45,25,Continuously Retrained Ensemble,0.9089,0.858,0.8762,0.944,0.9042,0.9577,0.772,2.0469,1.3931,234.83,234.83,covariate,severe,gradual,0.2497
45,25,Event-Driven Ensemble,0.9082,0.856,0.8704,0.9493,0.8912,0.944,0.7627,2.1562,1.6363,234.82,234.82,covariate,severe,gradual,0.2497
45,26,Frozen Model,0.087,0.874,0.6,0.0469,0.8125,0.3757,0.5211,0.2188,0.1655,233.75,233.75,none,none,stable,0.0952
45,26,Continuously Retrained Ensemble,0.2105,0.88,0.6667,0.125,0.8164,0.4019,0.5579,2.0,1.468,234.85,234.85,none,none,stable,0.0952
45,26,Event-Driven Ensemble,0.1644,0.878,0.6667,0.0938,0.8076,0.4292,0.5434,2.0469,1.4204,234.84,234.84,none,none,stable,0.0952
45,27,Frozen Model,0.84,0.76,0.7975,0.8873,0.798,0.9042,0.6678,0.2031,0.122,233.75,233.75,covariate,severe,gradual,0.2245
45,27,Continuously Retrained Ensemble,0.8341,0.724,0.7275,0.9775,0.8066,0.911,0.5405,2.0938,1.5724,234.86,234.86,covariate,severe,gradual,0.2245
45,27,Event-Driven Ensemble,0.8341,0.724,0.7275,0.9775,0.8066,0.911,0.5405,2.0469,1.5369,234.88,234.88,covariate,severe,gradual,0.2245
45,28,Frozen Model,0.6787,0.786,0.7152,0.6457,0.8645,0.7393,0.7536,0.2344,0.1458,233.77,233.77,none,none,stable,0.0413
45,28,Continuously Retrained Ensemble,0.7053,0.776,0.6537,0.7657,0.8618,0.7334,0.7736,2.0156,1.3404,234.95,234.95,none,none,stable,0.0413
45,28,Event-Driven Ensemble,0.7053,0.776,0.6537,0.7657,0.8618,0.7334,0.7736,0.1875,0.1465,233.78,233.78,none,none,stable,0.0413
45,29,Frozen Model,0.7064,0.734,0.884,0.5882,0.8606,0.856,0.7481,0.1562,0.1253,233.84,233.84,mixed,severe,gradual,0.1308
45,29,Continuously Retrained Ensemble,0.7011,0.722,0.8446,0.5993,0.8457,0.8629,0.7338,1.8594,1.3367,234.98,234.98,mixed,severe,gradual,0.1308
45,29,Event-Driven Ensemble,0.7336,0.74,0.8287,0.6581,0.8433,0.8591,0.7479,2.0469,1.3247,234.98,234.98,mixed,severe,gradual,0.1308
45,30,Frozen Model,0.9064,0.836,0.8668,0.9498,0.7811,0.9385,0.6029,0.125,0.125,233.84,233.84,covariate,severe,gradual,0.2641
45,30,Continuously Retrained Ensemble,0.9111,0.842,0.8599,0.9689,0.779,0.9466,0.582,1.8281,1.3565,235.0,235.0,covariate,severe,gradual,0.2641
45,30,Event-Driven Ensemble,0.9111,0.842,0.8599,0.9689,0.7831,0.9473,0.582,1.8906,1.3723,235.0,235.0,covariate,severe,gradual,0.2641
45,31,Frozen Model,0.5732,0.86,0.6528,0.5109,0.8996,0.6091,0.7248,0.1094,0.1473,233.84,233.84,none,none,stable,0.0429
45,31,Continuously Retrained Ensemble,0.6634,0.862,0.6018,0.7391,0.8983,0.6334,0.8144,1.8594,1.3461,235.02,235.02,none,none,stable,0.0429
45,31,Event-Driven Ensemble,0.6634,0.862,0.6018,0.7391,0.8983,0.6334,0.8144,1.8438,1.3532,235.18,235.18,none,none,stable,0.0429
45,32,Frozen Model,0.9416,0.94,0.9918,0.8963,0.9782,0.9867,0.9438,0.1562,0.1411,234.02,234.02,mixed,severe,recovery,0.1204
45,32,Continuously Retrained Ensemble,0.9515,0.948,0.9586,0.9444,0.9775,0.9868,0.9483,1.9375,1.4232,235.2,235.2,mixed,severe,recovery,0.1204
45,32,Event-Driven Ensemble,0.9515,0.948,0.9586,0.9444,0.9775,0.9868,0.9483,1.375,1.2003,235.2,235.2,mixed,severe,recovery,0.1204
45,33,Frozen Model,0.6683,0.734,0.7204,0.6233,0.8063,0.7393,0.7204,0.1094,0.0872,234.02,234.02,none,none,stable,0.0959
45,33,Continuously Retrained Ensemble,0.7131,0.728,0.6525,0.786,0.8004,0.7103,0.7351,1.1719,0.8844,235.22,235.22,none,none,stable,0.0959
45,33,Event-Driven Ensemble,0.7185,0.732,0.6552,0.7953,0.8033,0.7121,0.7398,1.125,0.8799,235.21,235.21,none,none,stable,0.0959
45,34,Frozen Model,0.7636,0.87,0.9633,0.6325,0.9291,0.907,0.8103,0.125,0.1155,234.02,234.02,mixed,moderate,gradual,0.0827
45,34,Continuously Retrained Ensemble,0.8311,0.9,0.9462,0.741,0.9338,0.9102,0.86,1.1719,0.8218,235.23,235.23,mixed,moderate,gradual,0.0827
45,34,Event-Driven Ensemble,0.8311,0.9,0.9462,0.741,0.9338,0.9102,0.86,0.0938,0.0873,234.02,234.02,mixed,moderate,gradual,0.0827
45,35,Frozen Model,0.757,0.81,0.7668,0.7475,0.8728,0.7554,0.7992,0.1094,0.1236,234.02,234.02,none,none,stable,0.0397
45,35,Continuously Retrained Ensemble,0.7828,0.818,0.7421,0.8283,0.8775,0.7735,0.8198,1.7656,1.7279,235.25,235.25,none,none,stable,0.0397
45,35,Event-Driven Ensemble,0.7751,0.812,0.7364,0.8182,0.8817,0.7778,0.8131,0.1406,0.2486,234.02,234.02,none,none,stable,0.0397
45,36,Frozen Model,0.7869,0.778,0.7482,0.83,0.8489,0.8129,0.7786,0.1406,0.2161,234.02,234.02,covariate,mild,sudden,0.1336
45,36,Continuously Retrained Ensemble,0.7812,0.758,0.7059,0.8745,0.8387,0.7988,0.7594,1.5625,2.2966,235.39,235.39,covariate,mild,sudden,0.1336
45,36,Event-Driven Ensemble,0.7828,0.758,0.7032,0.8826,0.8438,0.8073,0.7595,1.7812,2.31,235.82,235.82,covariate,mild,sudden,0.1336
45,37,Frozen Model,0.6452,0.736,0.6977,0.6,0.7978,0.7076,0.7133,0.0781,0.1634,234.59,234.59,covariate,severe,gradual,0.1223
45,37,Continuously Retrained Ensemble,0.6957,0.748,0.6729,0.72,0.8119,0.763,0.7433,1.6719,3.2587,235.84,235.84,covariate,severe,gradual,0.1223
45,37,Event-Driven Ensemble,0.6952,0.744,0.6636,0.73,0.8115,0.7585,0.7417,2.1406,1.6459,235.85,235.85,covariate,severe,gradual,0.1223
45,38,Frozen Model,0.8867,0.838,0.8904,0.883,0.8896,0.9308,0.8032,0.1406,0.1387,234.59,234.59,covariate,severe,recovery,0.2405
45,38,Continuously Retrained Ensemble,0.8973,0.848,0.8714,0.9248,0.8809,0.9294,0.7886,2.1094,1.355,235.87,235.87,covariate,severe,recovery,0.2405
45,38,Event-Driven Ensemble,0.8973,0.848,0.8714,0.9248,0.8809,0.9294,0.7886,2.1875,1.612,235.86,235.86,covariate,severe,recovery,0.2405
45,39,Frozen Model,0.6038,0.748,0.7869,0.4898,0.7916,0.7313,0.7021,0.0938,0.1239,234.61,234.61,mixed,moderate,recovery,0.0761
45,39,Continuously Retrained Ensemble,0.6361,0.73,0.6743,0.602,0.7831,0.6919,0.7073,2.1406,1.5409,235.89,235.89,mixed,moderate,recovery,0.0761
45,39,Event-Driven Ensemble,0.6361,0.73,0.6743,0.602,0.7865,0.6943,0.7073,2.1719,1.4436,235.89,235.89,mixed,moderate,recovery,0.0761
45,40,Frozen Model,0.7743,0.81,0.8956,0.682,0.9122,0.8991,0.8046,0.1875,0.1635,234.61,234.61,mixed,moderate,gradual,0.086
45,40,Continuously Retrained Ensemble,0.7812,0.814,0.8925,0.6946,0.9097,0.9023,0.809,2.0312,1.3909,236.21,236.21,mixed,moderate,gradual,0.086
45,40,Event-Driven Ensemble,0.7812,0.814,0.8925,0.6946,0.9097,0.9023,0.809,0.1875,0.1357,234.61,234.61,mixed,moderate,gradual,0.086
45,41,Frozen Model,0.6982,0.706,0.9189,0.5629,0.8885,0.916,0.7436,0.125,0.1388,234.92,234.92,concept,moderate,sudden,0.0959
45,41,Continuously Retrained Ensemble,0.8292,0.808,0.8962,0.7715,0.8995,0.9253,0.8176,2.0781,1.4455,236.24,236.24,concept,moderate,sudden,0.0959
45,41,Event-Driven Ensemble,0.7715,0.756,0.8879,0.6821,0.8888,0.9195,0.7754,0.2188,0.1266,234.92,234.92,concept,moderate,sudden,0.0959
45,42,Frozen Model,0.129,0.892,0.8,0.0702,0.7605,0.3823,0.534,0.1875,0.1272,234.92,234.92,none,none,stable,0.0944
45,42,Continuously Retrained Ensemble,0.3462,0.864,0.383,0.3158,0.7566,0.3614,0.6252,2.0312,1.3695,236.26,236.26,none,none,stable,0.0944
45,42,Event-Driven Ensemble,0.2927,0.884,0.48,0.2105,0.7671,0.3551,0.5906,2.0,1.5113,236.26,236.26,none,none,stable,0.0944
45,43,Frozen Model,0.8661,0.838,0.9424,0.8012,0.9178,0.9586,0.8544,0.1719,0.1549,234.93,234.93,mixed,moderate,gradual,0.151
45,43,Continuously Retrained Ensemble,0.8834,0.848,0.8862,0.8807,0.9238,0.9604,0.8334,1.9375,1.5192,236.28,236.28,mixed,moderate,gradual,0.151
45,43,Event-Driven Ensemble,0.8824,0.846,0.8811,0.8838,0.9241,0.9607,0.8292,2.0,1.5644,236.28,236.28,mixed,moderate,gradual,0.151
45,44,Frozen Model,0.6177,0.75,0.6196,0.6159,0.8063,0.6029,0.7157,0.1406,0.1266,234.92,234.92,none,none,stable,0.0417
45,44,Continuously Retrained Ensemble,0.6747,0.73,0.5578,0.8537,0.8177,0.609,0.7617,2.0625,1.4483,236.3,236.3,none,none,stable,0.0417
45,44,Event-Driven Ensemble,0.6747,0.73,0.5578,0.8537,0.816,0.6067,0.7617,0.1406,0.1354,234.93,234.93,none,none,stable,0.0417
45,45,Frozen Model,0.3077,0.874,0.875,0.1867,0.9081,0.6262,0.591,0.1562,0.1556,234.93,234.93,concept,mild,recovery,0.0955
45,45,Continuously Retrained Ensemble,0.5692,0.888,0.6727,0.4933,0.9014,0.5922,0.7255,2.1094,1.4543,236.31,236.31,concept,mild,recovery,0.0955
45,45,Event-Driven Ensemble,0.6207,0.89,0.6429,0.6,0.8957,0.5949,0.7706,0.0938,0.1361,234.93,234.93,concept,mild,recovery,0.0955
45,46,Frozen Model,0.7992,0.802,0.9704,0.6793,0.9308,0.9473,0.8254,0.1406,0.1441,234.94,234.94,concept,moderate,sudden,0.0949
45,46,Continuously Retrained Ensemble,0.8835,0.866,0.8912,0.8759,0.9286,0.9487,0.8641,2.0,1.2909,236.5,236.5,concept,moderate,sudden,0.0949
45,46,Event-Driven Ensemble,0.8844,0.864,0.8725,0.8966,0.927,0.9461,0.8578,0.2188,0.1545,234.94,234.94,concept,moderate,sudden,0.0949
45,47,Frozen Model,0.5314,0.806,0.6548,0.4472,0.8665,0.6736,0.6851,0.1875,0.142,235.1,235.1,mixed,mild,recovery,0.0413
45,47,Continuously Retrained Ensemble,0.6468,0.81,0.5959,0.7073,0.8614,0.6625,0.7754,1.9531,1.3984,236.52,236.52,mixed,mild,recovery,0.0413
45,47,Event-Driven Ensemble,0.6513,0.818,0.6159,0.6911,0.8704,0.6779,0.7752,0.125,0.124,235.11,235.11,mixed,mild,recovery,0.0413
45,48,Frozen Model,0.8,0.89,0.8943,0.7237,0.9565,0.8883,0.8432,0.1719,0.1283,235.11,235.11,concept,severe,gradual,0.0424
45,48,Continuously Retrained Ensemble,0.8127,0.882,0.7853,0.8421,0.9552,0.8871,0.8708,1.8906,1.4643,236.53,236.53,concept,severe,gradual,0.0424
45,48,Event-Driven Ensemble,0.825,0.888,0.7857,0.8684,0.9539,0.89,0.8825,0.1406,0.1412,235.11,235.11,concept,severe,gradual,0.0424
45,49,Frozen Model,0.7782,0.756,0.8492,0.7181,0.8399,0.8722,0.765,0.1406,0.1525,235.11,235.11,mixed,mild,recovery,0.1415
45,49,Continuously Retrained Ensemble,0.8043,0.748,0.7486,0.8691,0.8302,0.8796,0.7192,1.9375,1.3861,236.54,236.54,mixed,mild,recovery,0.1415
45,49,Event-Driven Ensemble,0.8036,0.738,0.7263,0.8993,0.8396,0.8739,0.6997,1.7656,1.3582,236.55,236.55,mixed,mild,recovery,0.1415
45,50,Frozen Model,0.1667,0.9,1.0,0.0909,0.8988,0.5753,0.5455,0.2188,0.1272,235.11,235.11,concept,mild,sudden,0.0973
45,50,Continuously Retrained Ensemble,0.5,0.908,0.6216,0.4182,0.9002,0.6022,0.6934,1.9375,2.1764,236.55,236.55,concept,mild,sudden,0.0973
45,50,Event-Driven Ensemble,0.5055,0.91,0.6389,0.4182,0.9009,0.6066,0.6945,2.0312,1.9094,236.56,236.56,concept,mild,sudden,0.0973
45,51,Frozen Model,0.8348,0.852,0.9444,0.748,0.9555,0.9493,0.852,0.1719,0.1363,235.11,235.11,concept,moderate,recovery,0.0394
45,51,Continuously Retrained Ensemble,0.8871,0.888,0.8943,0.88,0.954,0.9459,0.888,2.0156,1.597,236.57,236.57,concept,moderate,recovery,0.0394
45,51,Event-Driven Ensemble,0.8871,0.888,0.8943,0.88,0.954,0.9459,0.888,0.1406,0.1429,235.1,235.1,concept,moderate,recovery,0.0394
45,52,Frozen Model,0.6497,0.78,0.6623,0.6375,0.8437,0.6816,0.7423,0.1719,0.1786,235.11,235.11,none,none,stable,0.0423
45,52,Continuously Retrained Ensemble,0.675,0.74,0.5625,0.8438,0.8392,0.6578,0.7675,1.9219,1.6663,236.59,236.59,none,none,stable,0.0423
45,52,Event-Driven Ensemble,0.6667,0.734,0.5565,0.8313,0.8428,0.6797,0.7597,0.1406,0.1517,235.11,235.11,none,none,stable,0.0423
45,53,Frozen Model,0.65,0.86,0.7831,0.5556,0.9142,0.778,0.7543,0.1875,0.1652,235.1,235.1,mixed,mild,recovery,0.0839
45,53,Continuously Retrained Ensemble,0.6919,0.87,0.7766,0.6239,0.9118,0.7675,0.7846,2.0469,1.9248,236.6,236.6,mixed,mild,recovery,0.0839
45,53,Event-Driven Ensemble,0.7022,0.866,0.7315,0.6752,0.9144,0.7838,0.7997,0.2031,0.2962,235.1,235.1,mixed,mild,recovery,0.0839
45,54,Frozen Model,0.9785,0.958,0.958,1.0,0.8093,0.99,0.5,0.2188,0.157,235.11,235.11,covariate,severe,sudden,0.3536
45,54,Continuously Retrained Ensemble,0.9785,0.958,0.958,1.0,0.8066,0.9879,0.5,2.0156,1.6282,236.62,236.62,covariate,severe,sudden,0.3536
45,54,Event-Driven Ensemble,0.9785,0.958,0.958,1.0,0.8207,0.9904,0.5,2.1875,1.6122,236.62,236.62,covariate,severe,sudden,0.3536
45,55,Frozen Model,0.8494,0.878,0.9451,0.7713,0.9718,0.9662,0.8676,0.1562,0.1702,235.11,235.11,mixed,moderate,gradual,0.0869
45,55,Continuously Retrained Ensemble,0.8929,0.904,0.8889,0.8969,0.9749,0.97,0.9033,1.9531,1.4623,236.64,236.64,mixed,moderate,gradual,0.0869
45,55,Event-Driven Ensemble,0.8929,0.904,0.8889,0.8969,0.9747,0.9699,0.9033,0.1094,0.1498,235.11,235.11,mixed,moderate,gradual,0.0869
45,56,Frozen Model,0.721,0.87,0.7304,0.7119,0.9226,0.7402,0.8154,0.1562,0.1354,235.12,235.12,none,none,stable,0.0447
45,56,Continuously Retrained Ensemble,0.7194,0.844,0.625,0.8475,0.9221,0.7659,0.8452,2.0938,1.3552,235.67,235.67,none,none,stable,0.0447
45,56,Event-Driven Ensemble,0.7185,0.848,0.6382,0.822,0.924,0.7786,0.839,1.8281,1.3894,236.66,236.66,none,none,stable,0.0447
45,57,Frozen Model,0.7226,0.742,0.8796,0.6131,0.8649,0.8805,0.7557,0.1875,0.1575,235.11,235.11,concept,mild,sudden,0.0961
45,57,Continuously Retrained Ensemble,0.791,0.778,0.8171,0.7664,0.8585,0.8679,0.7792,2.125,1.7106,236.67,236.67,concept,mild,sudden,0.0961
45,57,Event-Driven Ensemble,0.7887,0.776,0.8164,0.7628,0.8545,0.8632,0.7774,0.1562,0.1453,235.11,235.11,concept,mild,sudden,0.0961
45,58,Frozen Model,0.0714,0.896,0.25,0.0417,0.8149,0.3297,0.5142,0.1406,0.1901,235.48,235.48,none,none,stable,0.0944
45,58,Continuously Retrained Ensemble,0.4368,0.902,0.4872,0.3958,0.8231,0.348,0.6758,2.2031,1.5939,237.07,237.07,none,none,stable,0.0944
45,58,Event-Driven Ensemble,0.3056,0.9,0.4583,0.2292,0.8266,0.3578,0.6002,2.0938,1.5277,237.22,237.22,none,none,stable,0.0944
45,59,Frozen Model,0.8948,0.858,0.8988,0.8909,0.9045,0.9362,0.8398,0.1406,0.1464,235.65,235.65,covariate,moderate,sudden,0.2286
45,59,Continuously Retrained Ensemble,0.893,0.85,0.8646,0.9233,0.9137,0.9516,0.8095,2.1562,1.568,237.24,237.24,covariate,moderate,sudden,0.2286
45,59,Event-Driven Ensemble,0.8914,0.846,0.8541,0.9322,0.9132,0.9501,0.7984,2.5,1.6808,237.25,237.25,covariate,moderate,sudden,0.2286
46,0,Frozen Model,0.716,0.854,0.7302,0.7023,0.9006,0.7473,0.8051,0.125,0.2078,230.45,230.45,none,none,stable,0.0415
46,0,Continuously Retrained Ensemble,0.7164,0.848,0.7007,0.7328,0.9019,0.7572,0.8109,2.125,2.0134,231.03,231.03,none,none,stable,0.0415
46,0,Event-Driven Ensemble,0.7164,0.848,0.7007,0.7328,0.9019,0.7572,0.8109,2.1875,1.8432,231.04,231.04,none,none,stable,0.0415
46,1,Frozen Model,0.7177,0.742,0.8283,0.6332,0.8427,0.8339,0.7461,0.1875,0.1496,230.98,230.98,concept,mild,gradual,0.0919
46,1,Continuously Retrained Ensemble,0.7344,0.744,0.7937,0.6834,0.8334,0.8205,0.7463,2.2656,1.6097,231.73,231.73,concept,mild,gradual,0.0919
46,1,Event-Driven Ensemble,0.7344,0.744,0.7937,0.6834,0.8334,0.8205,0.7463,0.1875,0.1475,230.97,230.97,concept,mild,gradual,0.0919
46,2,Frozen Model,0.3448,0.886,0.7895,0.2206,0.9269,0.6501,0.6057,0.1406,0.1321,232.12,232.12,concept,moderate,sudden,0.0936
46,2,Continuously Retrained Ensemble,0.5208,0.908,0.8929,0.3676,0.9176,0.6244,0.6804,2.125,1.5831,232.2,232.2,concept,moderate,sudden,0.0936
46,2,Event-Driven Ensemble,0.4681,0.9,0.8462,0.3235,0.9222,0.6396,0.6571,2.1094,1.543,232.21,232.21,concept,moderate,sudden,0.0936
46,3,Frozen Model,0.7986,0.776,0.7845,0.8132,0.8426,0.8479,0.7722,0.1406,0.1333,223.09,223.09,covariate,moderate,gradual,0.163
46,3,Continuously Retrained Ensemble,0.796,0.758,0.7375,0.8645,0.8463,0.8488,0.7472,2.1719,1.5325,225.42,225.42,covariate,moderate,gradual,0.163
46,3,Event-Driven Ensemble,0.7993,0.762,0.7406,0.8681,0.8443,0.8448,0.7512,1.9844,1.5717,227.3,227.3,covariate,moderate,gradual,0.163
46,4,Frozen Model,0.8074,0.792,0.7814,0.8352,0.8484,0.8144,0.79,0.1719,0.1589,227.23,227.23,covariate,mild,sudden,0.1318
46,4,Continuously Retrained Ensemble,0.8157,0.794,0.7651,0.8736,0.8375,0.7861,0.7903,2.1406,1.6305,227.35,227.35,covariate,mild,sudden,0.1318
46,4,Event-Driven Ensemble,0.8163,0.792,0.7574,0.8851,0.8335,0.7797,0.7877,2.125,1.6886,227.42,227.42,covariate,mild,sudden,0.1318
46,5,Frozen Model,0.4301,0.788,0.5405,0.3571,0.8144,0.5522,0.6348,0.25,0.1489,227.38,227.38,covariate,moderate,gradual,0.0979
46,5,Continuously Retrained Ensemble,0.5086,0.772,0.4917,0.5268,0.8172,0.535,0.6848,1.9844,1.7631,227.6,227.6,covariate,moderate,gradual,0.0979
46,5,Event-Driven Ensemble,0.5086,0.772,0.4917,0.5268,0.8172,0.535,0.6848,2.1094,1.6415,227.92,227.92,covariate,moderate,gradual,0.0979
46,6,Frozen Model,0.7821,0.786,0.8807,0.7033,0.885,0.8984,0.7944,0.1406,0.1537,227.85,227.85,concept,mild,sudden,0.092
46,6,Continuously Retrained Ensemble,0.8209,0.808,0.8365,0.8059,0.8766,0.8822,0.8082,2.0156,1.6406,228.69,228.69,concept,mild,sudden,0.092
46,6,Event-Driven Ensemble,0.8209,0.808,0.8365,0.8059,0.8766,0.8822,0.8082,0.2188,0.1317,227.85,227.85,concept,mild,sudden,0.092
46,7,Frozen Model,0.5427,0.7,0.7177,0.4363,0.7859,0.7257,0.659,0.1719,0.1479,228.66,228.66,mixed,moderate,recovery,0.0776
46,7,Continuously Retrained Ensemble,0.641,0.72,0.672,0.6127,0.7978,0.7305,0.7033,2.1719,1.7849,228.81,228.81,mixed,moderate,recovery,0.0776
46,7,Event-Driven Ensemble,0.639,0.722,0.6796,0.6029,0.7957,0.723,0.7035,0.1875,0.14,228.66,228.66,mixed,moderate,recovery,0.0776
46,8,Frozen Model,0.7003,0.822,0.7273,0.6753,0.8976,0.7323,0.7813,0.2188,0.1477,228.75,228.75,mixed,mild,gradual,0.0397
46,8,Continuously Retrained Ensemble,0.7429,0.838,0.7267,0.7597,0.8996,0.735,0.8163,2.1875,1.5272,229.57,229.57,mixed,mild,gradual,0.0397
46,8,Event-Driven Ensemble,0.7492,0.846,0.7516,0.7468,0.8979,0.7201,0.8185,0.1562,0.125,228.75,228.75,mixed,mild,gradual,0.0397
46,9,Frozen Model,0.7351,0.742,0.8732,0.6348,0.8522,0.8673,0.7577,0.2031,0.1431,229.51,229.51,concept,moderate,gradual,0.0946
46,9,Continuously Retrained Ensemble,0.784,0.762,0.803,0.766,0.8442,0.8604,0.7614,1.9375,1.4504,229.61,229.61,concept,moderate,gradual,0.0946
46,9,Event-Driven Ensemble,0.7942,0.774,0.8165,0.773,0.8557,0.8706,0.7741,0.1562,0.1325,229.51,229.51,concept,moderate,gradual,0.0946
46,10,Frozen Model,0.4974,0.81,0.8393,0.3534,0.8528,0.7139,0.6644,0.1406,0.1369,229.54,229.54,mixed,mild,sudden,0.0842
46,10,Continuously Retrained Ensemble,0.5887,0.81,0.6939,0.5113,0.8556,0.692,0.7148,1.9844,1.5037,230.51,230.51,mixed,mild,sudden,0.0842
46,10,Event-Driven Ensemble,0.5395,0.802,0.7073,0.4361,0.8513,0.6775,0.6853,2.1406,1.4832,230.86,230.86,mixed,mild,sudden,0.0842
46,11,Frozen Model,0.9113,0.9,0.9483,0.8771,0.9617,0.9722,0.9048,0.1875,0.145,230.8,230.8,mixed,mild,sudden,0.1377
46,11,Continuously Retrained Ensemble,0.927,0.914,0.9223,0.9317,0.9542,0.9594,0.9103,2.0938,1.5221,230.99,230.99,mixed,mild,sudden,0.1377
46,11,Event-Driven Ensemble,0.927,0.914,0.9223,0.9317,0.9555,0.9596,0.9103,2.0625,1.5436,231.14,231.14,mixed,mild,sudden,0.1377
46,12,Frozen Model,0.8738,0.822,0.875,0.8725,0.8816,0.9166,0.7866,0.1406,0.203,231.09,231.09,covariate,moderate,sudden,0.2286
46,12,Continuously Retrained Ensemble,0.893,0.838,0.8366,0.9575,0.8838,0.9384,0.7543,2.0312,1.6796,231.17,231.17,covariate,moderate,sudden,0.2286
46,12,Event-Driven Ensemble,0.8895,0.832,0.8305,0.9575,0.8814,0.9363,0.7441,2.2031,1.5623,231.18,231.18,covariate,moderate,sudden,0.2286
46,13,Frozen Model,0.7059,0.76,0.7273,0.6857,0.8249,0.7874,0.7498,0.125,0.1471,231.13,231.13,covariate,moderate,sudden,0.1276
46,13,Continuously Retrained Ensemble,0.6985,0.71,0.6199,0.8,0.8288,0.7981,0.7224,2.1406,1.5613,231.18,231.18,covariate,moderate,sudden,0.1276
46,13,Event-Driven Ensemble,0.6985,0.71,0.6199,0.8,0.8288,0.7981,0.7224,2.2812,1.5598,231.27,231.27,covariate,moderate,sudden,0.1276
46,14,Frozen Model,0.7925,0.802,0.8591,0.7354,0.8892,0.8962,0.8039,0.1719,0.1526,231.2,231.2,concept,moderate,gradual,0.0963
46,14,Continuously Retrained Ensemble,0.8014,0.778,0.7417,0.8716,0.8908,0.9011,0.7753,2.0156,1.4977,232.11,232.11,concept,moderate,gradual,0.0963
46,14,Event-Driven Ensemble,0.8014,0.778,0.7417,0.8716,0.8908,0.9011,0.7753,0.125,0.1465,231.2,231.2,concept,moderate,gradual,0.0963
46,15,Frozen Model,0.6468,0.858,0.6842,0.6132,0.9074,0.7306,0.7685,0.1562,0.1431,232.04,232.04,none,none,stable,0.0424
46,15,Continuously Retrained Ensemble,0.6725,0.85,0.626,0.7264,0.9048,0.7305,0.8048,2.2188,1.5384,232.96,232.96,none,none,stable,0.0424
46,15,Event-Driven Ensemble,0.6988,0.85,0.6084,0.8208,0.904,0.7171,0.8393,0.2031,0.1619,232.04,232.04,none,none,stable,0.0424
46,16,Frozen Model,0.6336,0.808,0.664,0.6058,0.8803,0.7066,0.7451,0.1406,0.1406,232.91,232.91,none,none,stable,0.0397
46,16,Continuously Retrained Ensemble,0.6806,0.816,0.649,0.7153,0.8857,0.7179,0.7847,2.2188,1.5101,233.09,233.09,none,none,stable,0.0397
46,16,Event-Driven Ensemble,0.6803,0.812,0.6369,0.7299,0.8798,0.7008,0.7865,0.1406,0.1389,232.91,232.91,none,none,stable,0.0397
46,17,Frozen Model,0.6479,0.7,0.6667,0.6301,0.7783,0.691,0.6923,0.1406,0.1699,233.02,233.02,none,none,stable,0.0952
46,17,Continuously Retrained Ensemble,0.697,0.694,0.6154,0.8037,0.7672,0.6687,0.7061,2.25,1.6677,233.1,233.1,none,none,stable,0.0952
46,17,Event-Driven Ensemble,0.728,0.71,0.6178,0.8858,0.7784,0.6796,0.7294,0.1719,0.151,233.03,233.03,none,none,stable,0.0952
46,18,Frozen Model,0.4685,0.764,0.8966,0.3171,0.8504,0.7454,0.6496,0.2188,0.1551,233.04,233.04,mixed,moderate,recovery,0.0914
46,18,Continuously Retrained Ensemble,0.5338,0.752,0.6961,0.4329,0.8349,0.7096,0.6703,1.9688,1.5995,233.1,233.1,mixed,moderate,recovery,0.0914
46,18,Event-Driven Ensemble,0.6102,0.77,0.687,0.5488,0.8375,0.6749,0.7134,0.2188,0.1445,233.04,233.04,mixed,moderate,recovery,0.0914
46,19,Frozen Model,0.7703,0.808,0.7778,0.763,0.8968,0.8432,0.8019,0.1562,0.1518,233.08,233.08,none,none,stable,0.0426
46,19,Continuously Retrained Ensemble,0.7964,0.82,0.7619,0.8341,0.8949,0.8354,0.8219,2.1406,1.5139,233.22,233.22,none,none,stable,0.0426
46,19,Event-Driven Ensemble,0.8052,0.82,0.741,0.8815,0.8867,0.826,0.8283,0.2188,0.1467,233.08,233.08,none,none,stable,0.0426
46,20,Frozen Model,0.807,0.824,0.9583,0.697,0.9569,0.958,0.8315,0.2188,0.1397,233.25,233.25,concept,severe,sudden,0.0415
46,20,Continuously Retrained Ensemble,0.8822,0.882,0.9325,0.8371,0.9593,0.9601,0.8847,2.1562,1.4639,233.31,233.31,concept,severe,sudden,0.0415
46,20,Event-Driven Ensemble,0.8958,0.892,0.9134,0.8788,0.9575,0.9573,0.8928,0.1094,0.1346,233.26,233.26,concept,severe,sudden,0.0415
46,21,Frozen Model,0.2456,0.828,0.875,0.1429,0.9178,0.7398,0.5689,0.1875,0.1423,233.26,233.26,concept,severe,recovery,0.0938
46,21,Continuously Retrained Ensemble,0.6265,0.876,0.7647,0.5306,0.9174,0.7177,0.7454,1.6562,1.3427,233.33,233.33,concept,severe,recovery,0.0938
46,21,Event-Driven Ensemble,0.5912,0.87,0.7705,0.4796,0.9125,0.7085,0.7224,2.125,1.5218,233.32,233.32,concept,severe,recovery,0.0938
46,22,Frozen Model,0.9154,0.854,0.8876,0.945,0.7949,0.9483,0.6676,0.1406,0.1577,233.27,233.27,covariate,severe,gradual,0.2661
46,22,Continuously Retrained Ensemble,0.918,0.852,0.8554,0.9904,0.7116,0.9117,0.5684,2.1094,1.5595,233.33,233.33,covariate,severe,gradual,0.2661
46,22,Event-Driven Ensemble,0.9178,0.852,0.8568,0.988,0.6547,0.8886,0.5733,2.0,1.5926,233.34,233.34,covariate,severe,gradual,0.2661
46,23,Frozen Model,0.5625,0.832,0.6585,0.4909,0.868,0.6155,0.7096,0.1094,0.1466,233.28,233.28,none,none,stable,0.0424
46,23,Continuously Retrained Ensemble,0.6394,0.806,0.5409,0.7818,0.8678,0.6456,0.7973,1.9531,1.5442,234.12,234.12,none,none,stable,0.0424
46,23,Event-Driven Ensemble,0.6394,0.806,0.5409,0.7818,0.8678,0.6456,0.7973,2.3906,1.8558,234.12,234.12,none,none,stable,0.0424
46,24,Frozen Model,0.7994,0.748,0.9544,0.6877,0.8914,0.9523,0.7994,0.0781,0.1451,234.06,234.06,mixed,severe,gradual,0.1547
46,24,Continuously Retrained Ensemble,0.8842,0.834,0.9006,0.8685,0.8914,0.9527,0.8046,1.9531,1.4998,235.12,235.12,mixed,severe,gradual,0.1547
46,24,Event-Driven Ensemble,0.8842,0.834,0.9006,0.8685,0.8914,0.9527,0.8046,2.0,1.51,235.12,235.12,mixed,severe,gradual,0.1547
46,25,Frozen Model,0.7586,0.776,0.8934,0.6592,0.8748,0.8944,0.7845,0.1406,0.1323,235.06,235.06,concept,severe,recovery,0.0945
46,25,Continuously Retrained Ensemble,0.8033,0.762,0.7189,0.9101,0.8799,0.8902,0.7512,2.1875,1.7606,236.14,236.14,concept,severe,recovery,0.0945
46,25,Event-Driven Ensemble,0.8033,0.762,0.7189,0.9101,0.8799,0.8902,0.7512,0.1406,0.1472,235.06,235.06,concept,severe,recovery,0.0945
46,26,Frozen Model,0.1096,0.87,0.3333,0.0656,0.7902,0.3385,0.5237,0.1875,0.1361,235.06,235.06,none,none,stable,0.0931
46,26,Continuously Retrained Ensemble,0.3,0.86,0.3846,0.2459,0.7995,0.3575,0.5956,2.2344,1.5964,236.16,236.16,none,none,stable,0.0931
46,26,Event-Driven Ensemble,0.2524,0.846,0.3095,0.2131,0.7979,0.323,0.5735,1.9531,1.6566,236.17,236.17,none,none,stable,0.0931
46,27,Frozen Model,0.8852,0.874,0.8967,0.8741,0.9373,0.9316,0.874,0.1094,0.1457,235.08,235.08,covariate,moderate,recovery,0.1429
46,27,Continuously Retrained Ensemble,0.8901,0.874,0.8644,0.9173,0.9372,0.9318,0.8685,1.9375,1.5491,236.28,236.28,covariate,moderate,recovery,0.1429
46,27,Event-Driven Ensemble,0.8962,0.88,0.8633,0.9317,0.9375,0.9334,0.8735,2.2031,1.5451,236.38,236.38,covariate,moderate,recovery,0.1429
46,28,Frozen Model,0.8419,0.734,0.9195,0.7763,0.6311,0.9512,0.5359,0.1406,0.1491,235.28,235.28,mixed,severe,recovery,0.2129
46,28,Continuously Retrained Ensemble,0.9557,0.916,0.9207,0.9934,0.7318,0.9656,0.5535,2.0625,1.6016,236.39,236.39,mixed,severe,recovery,0.2129
46,28,Event-Driven Ensemble,0.9557,0.916,0.9207,0.9934,0.7274,0.9632,0.5535,2.0781,1.5091,236.39,236.39,mixed,severe,recovery,0.2129
46,29,Frozen Model,0.2469,0.878,0.4545,0.1695,0.8387,0.4135,0.5711,0.1406,0.146,235.28,235.28,none,none,stable,0.0926
46,29,Continuously Retrained Ensemble,0.3774,0.868,0.4255,0.339,0.848,0.4157,0.6389,2.2344,1.5611,236.4,236.4,none,none,stable,0.0926
46,29,Event-Driven Ensemble,0.3774,0.868,0.4255,0.339,0.848,0.4157,0.6389,2.0469,1.5535,236.41,236.41,none,none,stable,0.0926
46,30,Frozen Model,0.8723,0.832,0.8491,0.8969,0.8777,0.913,0.8068,0.1406,0.1594,235.28,235.28,covariate,moderate,recovery,0.1945
46,30,Continuously Retrained Ensemble,0.8702,0.824,0.824,0.9219,0.8782,0.9049,0.7859,2.0469,1.3961,236.43,236.43,covariate,moderate,recovery,0.1945
46,30,Event-Driven Ensemble,0.8702,0.824,0.824,0.9219,0.8782,0.9049,0.7859,1.8125,1.3313,236.43,236.43,covariate,moderate,recovery,0.1945
46,31,Frozen Model,0.8253,0.79,0.996,0.7045,0.9202,0.9699,0.8489,0.125,0.1238,235.27,235.27,mixed,moderate,sudden,0.1587
46,31,Continuously Retrained Ensemble,0.8652,0.8,0.8231,0.9119,0.8884,0.9553,0.7229,2.1875,1.3809,236.44,236.44,mixed,moderate,sudden,0.1587
46,31,Event-Driven Ensemble,0.8652,0.8,0.8231,0.9119,0.8884,0.9553,0.7229,2.0938,1.2872,236.55,236.55,mixed,moderate,sudden,0.1587
46,32,Frozen Model,0.7776,0.762,0.8221,0.7376,0.8235,0.8475,0.7656,0.1562,0.1318,235.39,235.39,covariate,severe,gradual,0.1505
46,32,Continuously Retrained Ensemble,0.7734,0.7,0.6737,0.9078,0.7895,0.7972,0.6695,1.9062,1.3074,236.57,236.57,covariate,severe,gradual,0.1505
46,32,Event-Driven Ensemble,0.7734,0.7,0.6737,0.9078,0.7895,0.7972,0.6695,2.4219,1.6061,236.57,236.57,covariate,severe,gradual,0.1505
46,33,Frozen Model,0.7443,0.71,0.7903,0.7033,0.7699,0.8243,0.7117,0.2031,0.1309,235.39,235.39,mixed,mild,recovery,0.1432
46,33,Continuously Retrained Ensemble,0.7702,0.71,0.7341,0.81,0.7701,0.8301,0.685,2.125,1.5067,236.59,236.59,mixed,mild,recovery,0.1432
46,33,Event-Driven Ensemble,0.7702,0.71,0.7341,0.81,0.7701,0.8301,0.685,2.0469,1.5074,236.66,236.66,mixed,mild,recovery,0.1432
46,34,Frozen Model,0.2154,0.898,0.5,0.1373,0.8358,0.3685,0.5608,0.1875,0.1463,235.69,235.69,none,none,stable,0.0958
46,34,Continuously Retrained Ensemble,0.2769,0.906,0.6429,0.1765,0.8399,0.3838,0.5827,2.1094,1.58,236.99,236.99,none,none,stable,0.0958
46,34,Event-Driven Ensemble,0.2769,0.906,0.6429,0.1765,0.8399,0.3838,0.5827,2.0781,1.5208,237.16,237.16,none,none,stable,0.0958
46,35,Frozen Model,0.92,0.862,0.9233,0.9169,0.8939,0.9832,0.7122,0.1406,0.1417,235.95,235.95,covariate,severe,sudden,0.302
46,35,Continuously Retrained Ensemble,0.9277,0.87,0.8948,0.963,0.8798,0.9746,0.6159,2.0469,1.5003,237.17,237.17,covariate,severe,sudden,0.302
46,35,Event-Driven Ensemble,0.9277,0.87,0.8948,0.963,0.8798,0.9746,0.6159,2.0625,1.5566,237.18,237.18,covariate,severe,sudden,0.302
46,36,Frozen Model,0.6704,0.766,0.6575,0.6839,0.8515,0.7176,0.7469,0.1094,0.1216,235.95,235.95,none,none,stable,0.0411
46,36,Continuously Retrained Ensemble,0.6897,0.748,0.6034,0.8046,0.844,0.6896,0.7612,2.0,1.5142,237.19,237.19,none,none,stable,0.0411
46,36,Event-Driven Ensemble,0.6897,0.748,0.6034,0.8046,0.844,0.6896,0.7612,0.2188,0.1319,235.95,235.95,none,none,stable,0.0411
46,37,Frozen Model,0.2989,0.878,0.65,0.194,0.8613,0.5044,0.5889,0.1562,0.1436,236.1,236.1,none,none,stable,0.0922
46,37,Continuously Retrained Ensemble,0.4561,0.876,0.5532,0.3881,0.8632,0.5269,0.6698,2.1562,1.5202,237.49,237.49,none,none,stable,0.0922
46,37,Event-Driven Ensemble,0.48,0.87,0.5172,0.4478,0.8643,0.5116,0.6915,2.0469,1.5303,237.65,237.65,none,none,stable,0.0922
46,38,Frozen Model,0.8065,0.808,0.9009,0.7299,0.9237,0.9369,0.8163,0.1094,0.1416,236.41,236.41,concept,severe,gradual,0.0962
46,38,Continuously Retrained Ensemble,0.8523,0.842,0.8736,0.8321,0.9209,0.9338,0.843,2.125,1.4952,237.68,237.68,concept,severe,gradual,0.0962
46,38,Event-Driven Ensemble,0.848,0.838,0.8726,0.8248,0.9202,0.9322,0.8394,0.2188,0.1351,236.39,236.39,concept,severe,gradual,0.0962
46,39,Frozen Model,0.8504,0.772,0.905,0.802,0.8232,0.9518,0.7239,0.1719,0.1521,236.41,236.41,covariate,severe,sudden,0.2494
46,39,Continuously Retrained Ensemble,0.8905,0.814,0.8494,0.9356,0.8092,0.9509,0.6189,2.0625,1.6157,237.7,237.7,covariate,severe,sudden,0.2494
46,39,Event-Driven Ensemble,0.8924,0.812,0.8298,0.9653,0.8179,0.9531,0.566,2.0781,1.6059,237.69,237.69,covariate,severe,sudden,0.2494
46,40,Frozen Model,0.7735,0.87,0.9024,0.6768,0.9481,0.8958,0.8206,0.1094,0.1541,236.41,236.41,concept,mild,sudden,0.042
46,40,Continuously Retrained Ensemble,0.8165,0.884,0.8487,0.7866,0.9486,0.8932,0.8591,2.0469,1.6648,237.74,237.74,concept,mild,sudden,0.042
46,40,Event-Driven Ensemble,0.8165,0.884,0.8487,0.7866,0.9486,0.8932,0.8591,0.1562,0.1427,236.41,236.41,concept,mild,sudden,0.042
46,41,Frozen Model,0.7179,0.736,0.7925,0.6562,0.7898,0.7575,0.738,0.1719,0.1423,236.45,236.45,concept,mild,gradual,0.0947
46,41,Continuously Retrained Ensemble,0.7555,0.732,0.7089,0.8086,0.7913,0.7706,0.7301,2.0938,1.6033,237.77,237.77,concept,mild,gradual,0.0947
46,41,Event-Driven Ensemble,0.7537,0.736,0.7214,0.7891,0.7894,0.7676,0.7347,0.125,0.1413,236.45,236.45,concept,mild,gradual,0.0947
46,42,Frozen Model,0.2824,0.878,0.9231,0.1667,0.9179,0.7414,0.5822,0.1562,0.1394,236.46,236.46,concept,severe,gradual,0.0937
46,42,Continuously Retrained Ensemble,0.6441,0.916,0.8261,0.5278,0.9225,0.7348,0.7545,1.9375,1.4365,237.79,237.79,concept,severe,gradual,0.0937
46,42,Event-Driven Ensemble,0.6435,0.918,0.8605,0.5139,0.9173,0.7477,0.7499,2.25,1.4733,237.79,237.79,concept,severe,gradual,0.0937
46,43,Frozen Model,0.828,0.818,0.8423,0.8141,0.9025,0.8939,0.8183,0.1406,0.141,236.46,236.46,covariate,mild,sudden,0.1347
46,43,Continuously Retrained Ensemble,0.8562,0.832,0.7937,0.9294,0.9085,0.913,0.824,2.1562,1.495,237.81,237.81,covariate,mild,sudden,0.1347
46,43,Event-Driven Ensemble,0.8562,0.832,0.7937,0.9294,0.9085,0.913,0.824,2.2344,1.5233,237.81,237.81,covariate,mild,sudden,0.1347
46,44,Frozen Model,0.6571,0.762,0.6129,0.7081,0.8345,0.6631,0.7478,0.125,0.152,236.47,236.47,none,none,stable,0.0428
46,44,Continuously Retrained Ensemble,0.6618,0.722,0.544,0.8447,0.8251,0.6594,0.7542,2.0,1.4787,237.82,237.82,none,none,stable,0.0428
46,44,Event-Driven Ensemble,0.6618,0.722,0.544,0.8447,0.8285,0.6696,0.7542,2.0938,1.3991,237.84,237.84,none,none,stable,0.0428
46,45,Frozen Model,0.3214,0.848,1.0,0.1915,0.9536,0.8512,0.5957,0.1719,0.1374,236.48,236.48,concept,severe,sudden,0.0928
46,45,Continuously Retrained Ensemble,0.6259,0.89,0.8679,0.4894,0.9466,0.8316,0.7361,2.1094,1.331,237.85,237.85,concept,severe,sudden,0.0928
46,45,Event-Driven Ensemble,0.625,0.892,0.9,0.4787,0.9468,0.8352,0.7332,0.1562,0.131,236.46,236.46,concept,severe,sudden,0.0928
46,46,Frozen Model,0.8024,0.802,0.9349,0.7028,0.9201,0.9396,0.8187,0.1719,0.1262,236.47,236.47,concept,moderate,recovery,0.094
46,46,Continuously Retrained Ensemble,0.8581,0.834,0.8395,0.8776,0.9178,0.9369,0.8267,1.9219,1.3384,237.86,237.86,concept,moderate,recovery,0.094
46,46,Event-Driven Ensemble,0.8468,0.822,0.8339,0.8601,0.9187,0.9392,0.8156,0.125,0.126,236.47,236.47,concept,moderate,recovery,0.094
46,47,Frozen Model,0.6082,0.732,0.7536,0.5098,0.8016,0.7426,0.6975,0.1562,0.1209,236.47,236.47,mixed,moderate,recovery,0.0756
46,47,Continuously Retrained Ensemble,0.7123,0.756,0.6864,0.7402,0.8148,0.7411,0.7535,2.0781,1.3742,237.88,237.88,mixed,moderate,recovery,0.0756
46,47,Event-Driven Ensemble,0.6869,0.752,0.7083,0.6667,0.8097,0.7458,0.7387,0.1406,0.1374,236.47,236.47,mixed,moderate,recovery,0.0756
46,48,Frozen Model,0.7519,0.872,0.7951,0.7132,0.938,0.7941,0.8223,0.1406,0.1551,236.47,236.47,none,none,stable,0.041
46,48,Continuously Retrained Ensemble,0.7667,0.86,0.7012,0.8456,0.9343,0.7822,0.8555,2.0,1.369,237.89,237.89,none,none,stable,0.041
46,48,Event-Driven Ensemble,0.7655,0.864,0.7208,0.8162,0.935,0.7873,0.849,0.125,0.131,236.47,236.47,none,none,stable,0.041
46,49,Frozen Model,0.9525,0.916,0.9723,0.9335,0.9442,0.9933,0.8443,0.125,0.1266,236.47,236.47,mixed,severe,recovery,0.2527
46,49,Continuously Retrained Ensemble,0.9651,0.936,0.9505,0.98,0.9324,0.9917,0.7553,2.0781,1.3492,237.91,237.91,mixed,severe,recovery,0.2527
46,49,Event-Driven Ensemble,0.9671,0.94,0.9566,0.9778,0.9423,0.9931,0.7848,1.8438,1.32,237.91,237.91,mixed,severe,recovery,0.2527
46,50,Frozen Model,0.7422,0.868,0.9223,0.6209,0.9323,0.8931,0.7989,0.1562,0.1247,236.47,236.47,mixed,moderate,gradual,0.0815
46,50,Continuously Retrained Ensemble,0.8161,0.89,0.8356,0.7974,0.9307,0.8925,0.8641,2.1719,1.4499,237.93,237.93,mixed,moderate,gradual,0.0815
46,50,Event-Driven Ensemble,0.8121,0.888,0.8345,0.7908,0.9297,0.8917,0.8608,0.1562,0.128,236.48,236.48,mixed,moderate,gradual,0.0815
46,51,Frozen Model,0.9098,0.908,0.9317,0.8889,0.9632,0.9613,0.9089,0.1719,0.1319,236.48,236.48,mixed,mild,recovery,0.0897
46,51,Continuously Retrained Ensemble,0.9159,0.91,0.8942,0.9387,0.9651,0.9643,0.9087,2.1406,1.3159,237.95,237.95,mixed,mild,recovery,0.0897
46,51,Event-Driven Ensemble,0.9142,0.908,0.8909,0.9387,0.9655,0.965,0.9066,0.1562,0.1407,236.48,236.48,mixed,mild,recovery,0.0897
46,52,Frozen Model,0.81,0.802,0.7786,0.844,0.8582,0.8356,0.802,0.1719,0.1449,236.48,236.48,covariate,mild,sudden,0.1356
46,52,Continuously Retrained Ensemble,0.7922,0.766,0.7125,0.892,0.8492,0.8189,0.766,1.8438,1.2509,237.98,237.98,covariate,mild,sudden,0.1356
46,52,Event-Driven Ensemble,0.7876,0.754,0.693,0.912,0.8494,0.8107,0.754,2.0156,1.3408,237.98,237.98,covariate,mild,sudden,0.1356
46,53,Frozen Model,0.3273,0.852,0.9474,0.1978,0.9449,0.8007,0.5977,0.1562,0.138,236.5,236.5,concept,severe,recovery,0.0963
46,53,Continuously Retrained Ensemble,0.528,0.882,0.9706,0.3626,0.9498,0.8451,0.6801,1.8281,1.375,238.36,238.36,concept,severe,recovery,0.0963
46,53,Event-Driven Ensemble,0.528,0.882,0.9706,0.3626,0.9498,0.8451,0.6801,2.0156,1.387,238.36,238.36,concept,severe,recovery,0.0963
46,54,Frozen Model,0.738,0.716,0.7605,0.7168,0.777,0.8129,0.7159,0.1406,0.1337,236.86,236.86,covariate,mild,gradual,0.1489
46,54,Continuously Retrained Ensemble,0.7663,0.706,0.6886,0.8638,0.7732,0.8058,0.6853,1.9531,1.5035,238.38,238.38,covariate,mild,gradual,0.1489
46,54,Event-Driven Ensemble,0.7663,0.706,0.6886,0.8638,0.7732,0.8058,0.6853,1.9531,1.5173,238.38,238.38,covariate,mild,gradual,0.1489
46,55,Frozen Model,0.5992,0.81,0.6698,0.542,0.8608,0.6682,0.7236,0.125,0.1592,236.86,236.86,covariate,mild,recovery,0.0384
46,55,Continuously Retrained Ensemble,0.669,0.814,0.6267,0.7176,0.8478,0.6687,0.7829,1.875,1.3177,238.4,238.4,covariate,mild,recovery,0.0384
46,55,Event-Driven Ensemble,0.669,0.814,0.6267,0.7176,0.8478,0.6687,0.7829,0.2188,0.1509,236.87,236.87,covariate,mild,recovery,0.0384
46,56,Frozen Model,0.6444,0.83,0.6471,0.6417,0.9009,0.6875,0.7656,0.1875,0.1405,236.87,236.87,none,none,stable,0.0409
46,56,Continuously Retrained Ensemble,0.6831,0.82,0.5915,0.8083,0.9027,0.7148,0.816,2.0312,1.3495,238.41,238.41,none,none,stable,0.0409
46,56,Event-Driven Ensemble,0.6926,0.826,0.6012,0.8167,0.9005,0.7168,0.8228,0.125,0.1278,236.87,236.87,none,none,stable,0.0409
46,57,Frozen Model,0.9446,0.904,0.9646,0.9253,0.9296,0.9887,0.8334,0.1094,0.1473,236.87,236.87,mixed,severe,recovery,0.2563
46,57,Continuously Retrained Ensemble,0.9273,0.872,0.9315,0.9231,0.8859,0.9815,0.7029,2.0156,1.3752,238.43,238.43,mixed,severe,recovery,0.2563
46,57,Event-Driven Ensemble,0.9626,0.932,0.9378,0.9887,0.9546,0.9933,0.7443,1.8906,1.3633,238.91,238.91,mixed,severe,recovery,0.2563
46,58,Frozen Model,0.1905,0.898,0.5,0.1176,0.8298,0.3186,0.5521,0.2031,0.1438,237.37,237.37,none,none,stable,0.0935
46,58,Continuously Retrained Ensemble,0.3488,0.888,0.4286,0.2941,0.83,0.3448,0.6248,1.8906,1.3412,238.94,238.94,none,none,stable,0.0935
46,58,Event-Driven Ensemble,0.3488,0.888,0.4286,0.2941,0.83,0.3448,0.6248,2.125,1.5081,239.51,239.51,none,none,stable,0.0935
46,59,Frozen Model,0.8337,0.834,0.8595,0.8093,0.9122,0.8974,0.8347,0.1562,0.1319,237.94,237.94,mixed,mild,gradual,0.0958
46,59,Continuously Retrained Ensemble,0.8388,0.834,0.8372,0.8405,0.9106,0.9002,0.8338,2.0781,1.5026,239.65,239.65,mixed,mild,gradual,0.0958
46,59,Event-Driven Ensemble,0.8388,0.834,0.8372,0.8405,0.9106,0.9002,0.8338,0.1562,0.1383,237.94,237.94,mixed,mild,gradual,0.0958
